date,open,high,low,close,volume
2006-10-09,0.7424,0.7449,0.7416,0.744,0.0
2006-10-10,0.7438,0.746,0.7425,0.744,0.0
2006-10-11,0.7436,0.7459,0.7417,0.742,0.0
2006-10-12,0.742,0.7512,0.7415,0.7508,0.0
2006-10-13,0.7508,0.7531,0.7487,0.7509,0.0
2006-10-16,0.7504,0.7546,0.7491,0.7535,0.0
2006-10-17,0.7534,0.7552,0.7524,0.7536,0.0
2006-10-18,0.7533,0.7552,0.7522,0.7547,0.0
2006-10-19,0.7548,0.7597,0.754,0.7589,0.0
2006-10-20,0.7589,0.7602,0.7573,0.7588,0.0
2006-10-23,0.7586,0.7612,0.7565,0.757,0.0
2006-10-24,0.7569,0.7587,0.7558,0.7582,0.0
2006-10-25,0.7582,0.7623,0.7573,0.761,0.0
2006-10-26,0.761,0.7644,0.7603,0.7643,0.0
2006-10-27,0.7643,0.7694,0.7622,0.7681,0.0
2006-10-30,0.7682,0.7701,0.7673,0.7691,0.0
2006-10-31,0.7691,0.7752,0.767,0.7736,0.0
2006-11-01,0.7737,0.7765,0.7729,0.7747,0.0
2006-11-02,0.7747,0.7751,0.7705,0.774,0.0
2006-11-03,0.7741,0.7745,0.7684,0.7698,0.0
2006-11-06,0.7698,0.7716,0.767,0.7712,0.0
2006-11-07,0.7712,0.7759,0.7701,0.7736,0.0
2006-11-08,0.7734,0.775,0.7676,0.7703,0.0
2006-11-09,0.7702,0.7707,0.7645,0.7675,0.0
2006-11-10,0.7674,0.7696,0.7661,0.7676,0.0
2006-11-13,0.7673,0.7677,0.7614,0.7619,0.0
2006-11-14,0.7619,0.7674,0.7618,0.7654,0.0
2006-11-15,0.7652,0.7661,0.763,0.765,0.0
2006-11-16,0.765,0.7695,0.7642,0.7662,0.0
2006-11-17,0.7661,0.7693,0.7643,0.7685,0.0
2006-11-20,0.7689,0.7703,0.7675,0.7702,0.0
2006-11-21,0.7701,0.7712,0.7682,0.7712,0.0
2006-11-22,0.7711,0.7762,0.7703,0.7754,0.0
2006-11-23,0.7754,0.7754,0.7732,0.7733,0.0
2006-11-24,0.7732,0.7789,0.7732,0.7786,0.0
2006-11-27,0.7816,0.7816,0.7762,0.7781,0.0
2006-11-28,0.7781,0.7841,0.7775,0.7834,0.0
2006-11-29,0.7835,0.7853,0.7818,0.7829,0.0
2006-11-30,0.7829,0.7898,0.7822,0.7888,0.0
2006-12-01,0.7889,0.7925,0.7873,0.7886,0.0
2006-12-04,0.7863,0.7898,0.7848,0.7892,0.0
2006-12-05,0.7893,0.7896,0.7842,0.7863,0.0
2006-12-06,0.7863,0.7888,0.7842,0.7844,0.0
2006-12-07,0.7845,0.791,0.7836,0.7887,0.0
2006-12-08,0.7886,0.793,0.7849,0.7857,0.0
2006-12-11,0.7849,0.7857,0.7811,0.7845,0.0
2006-12-12,0.7843,0.7874,0.7833,0.7867,0.0
2006-12-13,0.7866,0.7893,0.7845,0.7854,0.0
2006-12-14,0.7851,0.7875,0.7812,0.7827,0.0
2006-12-15,0.7826,0.7844,0.7791,0.7816,0.0
2006-12-18,0.7814,0.7837,0.7781,0.7797,0.0
2006-12-19,0.7797,0.7853,0.7797,0.7839,0.0
2006-12-20,0.7841,0.7878,0.7822,0.7853,0.0
2006-12-21,0.7855,0.7866,0.7823,0.784,0.0
2006-12-22,0.7838,0.787,0.7822,0.7837,0.0
2006-12-26,0.7849,0.786,0.7808,0.7812,0.0
2006-12-27,0.7812,0.7862,0.7807,0.7842,0.0
2006-12-28,0.7842,0.7916,0.7842,0.7907,0.0
2006-12-29,0.7906,0.7923,0.7852,0.7891,0.0
2007-01-02,0.7916,0.7969,0.7914,0.7959,0.0
2007-01-03,0.7958,0.7979,0.7905,0.7909,0.0
2007-01-04,0.7908,0.792,0.7826,0.7843,0.0
2007-01-05,0.7842,0.785,0.7784,0.7791,0.0
2007-01-08,0.7792,0.7822,0.7781,0.7799,0.0
2007-01-09,0.7799,0.7833,0.7786,0.7805,0.0
2007-01-10,0.7801,0.7812,0.7759,0.7773,0.0
2007-01-11,0.7774,0.7839,0.7768,0.7807,0.0
2007-01-12,0.7808,0.7836,0.778,0.7835,0.0
2007-01-15,0.7841,0.7859,0.7825,0.7836,0.0
2007-01-16,0.7836,0.7852,0.7821,0.7828,0.0
2007-01-17,0.7827,0.7869,0.7813,0.7859,0.0
2007-01-18,0.786,0.7895,0.7853,0.7892,0.0
2007-01-19,0.7893,0.7906,0.7862,0.7899,0.0
2007-01-22,0.7894,0.7904,0.7871,0.7872,0.0
2007-01-23,0.7871,0.7937,0.7871,0.7926,0.0
2007-01-24,0.7927,0.7927,0.779,0.7812,0.0
2007-01-25,0.7811,0.7817,0.7728,0.773,0.0
2007-01-26,0.7731,0.7748,0.772,0.7735,0.0
2007-01-29,0.7735,0.7741,0.7706,0.7721,0.0
2007-01-30,0.772,0.7735,0.7701,0.7723,0.0
2007-01-31,0.7722,0.7767,0.7697,0.7766,0.0
2007-02-01,0.7765,0.7767,0.7735,0.774,0.0
2007-02-02,0.7739,0.7756,0.7713,0.7749,0.0
2007-02-05,0.7743,0.7767,0.7724,0.7753,0.0
2007-02-06,0.7753,0.778,0.7742,0.7772,0.0
2007-02-07,0.7773,0.7789,0.7759,0.7787,0.0
2007-02-08,0.7786,0.7817,0.776,0.7812,0.0
2007-02-09,0.7811,0.782,0.7752,0.777,0.0
2007-02-12,0.7757,0.7776,0.7709,0.7715,0.0
2007-02-13,0.7717,0.7795,0.7708,0.7795,0.0
2007-02-14,0.7794,0.7847,0.7784,0.7835,0.0
2007-02-15,0.7834,0.7863,0.7824,0.7843,0.0
2007-02-16,0.7842,0.787,0.7833,0.7869,0.0
2007-02-19,0.7875,0.7885,0.7845,0.7863,0.0
2007-02-20,0.7863,0.787,0.7848,0.7861,0.0
2007-02-21,0.7861,0.7919,0.7851,0.7914,0.0
2007-02-22,0.7913,0.7916,0.7874,0.789,0.0
2007-02-23,0.7889,0.7921,0.788,0.7918,0.0
2007-02-26,0.7909,0.7943,0.7908,0.7933,0.0
2007-02-27,0.7932,0.7945,0.7873,0.7875,0.0
2007-02-28,0.7876,0.7892,0.7853,0.7875,0.0
2007-03-01,0.7877,0.7882,0.7841,0.7846,0.0
2007-03-02,0.7844,0.7863,0.7811,0.7817,0.0
2007-03-05,0.7816,0.7823,0.7701,0.7702,0.0
2007-03-06,0.7701,0.7755,0.7678,0.775,0.0
2007-03-07,0.7748,0.7793,0.7739,0.7769,0.0
2007-03-08,0.7768,0.7788,0.775,0.777,0.0
2007-03-09,0.7771,0.7813,0.7767,0.7798,0.0
2007-03-12,0.7814,0.7865,0.7797,0.7861,0.0
2007-03-13,0.786,0.7883,0.7808,0.7815,0.0
2007-03-14,0.7816,0.7874,0.7798,0.7864,0.0
2007-03-15,0.7864,0.7894,0.7847,0.7893,0.0
2007-03-16,0.7892,0.7974,0.7877,0.7957,0.0
2007-03-19,0.7944,0.8002,0.7934,0.7999,0.0
2007-03-20,0.7998,0.8038,0.7962,0.8032,0.0
2007-03-21,0.8032,0.8081,0.8001,0.8077,0.0
2007-03-22,0.8078,0.8091,0.8049,0.8062,0.0
2007-03-23,0.8062,0.8077,0.8041,0.8047,0.0
2007-03-26,0.8055,0.8107,0.8028,0.8096,0.0
2007-03-27,0.8097,0.8107,0.8064,0.8083,0.0
2007-03-28,0.8082,0.8088,0.8038,0.8052,0.0
2007-03-29,0.8052,0.8099,0.8046,0.8064,0.0
2007-03-30,0.8063,0.8124,0.8055,0.8089,0.0
2007-04-02,0.81,0.8181,0.8082,0.8168,0.0
2007-04-03,0.8169,0.8172,0.8115,0.8132,0.0
2007-04-04,0.8132,0.8193,0.8065,0.8189,0.0
2007-04-05,0.8188,0.821,0.8163,0.8199,0.0
2007-04-06,0.82,0.8201,0.8151,0.8161,0.0
2007-04-09,0.8161,0.8176,0.815,0.8164,0.0
2007-04-10,0.8164,0.8266,0.8157,0.8265,0.0
2007-04-11,0.8266,0.8266,0.8233,0.8241,0.0
2007-04-12,0.8243,0.8295,0.8232,0.8287,0.0
2007-04-13,0.8288,0.8337,0.8286,0.8334,0.0
2007-04-16,0.8336,0.8358,0.8311,0.8325,0.0
2007-04-17,0.8324,0.8385,0.8314,0.8366,0.0
2007-04-18,0.8362,0.8386,0.8315,0.8379,0.0
2007-04-19,0.8378,0.839,0.828,0.8353,0.0
2007-04-20,0.8355,0.8376,0.8337,0.8372,0.0
2007-04-23,0.8376,0.8376,0.8316,0.832,0.0
2007-04-24,0.8319,0.8339,0.8233,0.8275,0.0
2007-04-25,0.8273,0.8348,0.827,0.8332,0.0
2007-04-26,0.8334,0.8357,0.8249,0.8263,0.0
2007-04-27,0.8262,0.8336,0.8238,0.8296,0.0
2007-04-30,0.8285,0.8328,0.8255,0.8298,0.0
2007-05-01,0.8297,0.8326,0.8271,0.8273,0.0
2007-05-02,0.8272,0.8281,0.8218,0.8247,0.0
2007-05-03,0.8247,0.8257,0.8222,0.8238,0.0
2007-05-04,0.8236,0.8238,0.8168,0.8213,0.0
2007-05-07,0.8213,0.8263,0.8203,0.8245,0.0
2007-05-08,0.8245,0.8308,0.8242,0.8288,0.0
2007-05-09,0.8287,0.8304,0.8263,0.8276,0.0
2007-05-10,0.8275,0.8334,0.826,0.8266,0.0
2007-05-11,0.8267,0.8325,0.8228,0.8312,0.0
2007-05-14,0.8315,0.8349,0.8311,0.8319,0.0
2007-05-15,0.8318,0.8346,0.8302,0.8338,0.0
2007-05-16,0.834,0.8343,0.8235,0.8242,0.0
2007-05-17,0.8243,0.8268,0.8201,0.8234,0.0
2007-05-18,0.8234,0.8256,0.8204,0.8233,0.0
2007-05-21,0.8245,0.8249,0.818,0.8217,0.0
2007-05-22,0.8216,0.8227,0.8186,0.8191,0.0
2007-05-23,0.819,0.8265,0.8187,0.8236,0.0
2007-05-24,0.8237,0.8239,0.8181,0.8184,0.0
2007-05-25,0.8183,0.8216,0.8173,0.8178,0.0
2007-05-28,0.8186,0.8198,0.818,0.8194,0.0
2007-05-29,0.8194,0.8211,0.8162,0.8185,0.0
2007-05-30,0.8184,0.8235,0.8172,0.8233,0.0
2007-05-31,0.8234,0.829,0.8215,0.8277,0.0
2007-06-01,0.8278,0.833,0.8268,0.833,0.0
2007-06-04,0.8328,0.8345,0.8308,0.834,0.0
2007-06-05,0.8339,0.8406,0.8336,0.8371,0.0
2007-06-06,0.8369,0.8438,0.8366,0.8406,0.0
2007-06-07,0.8408,0.8476,0.8399,0.8405,0.0
2007-06-08,0.8403,0.8447,0.8365,0.8447,0.0
2007-06-11,0.8442,0.8444,0.839,0.8435,0.0
2007-06-12,0.8435,0.8446,0.8399,0.8399,0.0
2007-06-13,0.8397,0.8424,0.8359,0.8403,0.0
2007-06-14,0.8404,0.8407,0.8332,0.8357,0.0
2007-06-15,0.8356,0.8419,0.8351,0.8418,0.0
2007-06-18,0.8398,0.8451,0.8396,0.8423,0.0
2007-06-19,0.8423,0.8469,0.842,0.8465,0.0
2007-06-20,0.8466,0.8474,0.8431,0.8442,0.0
2007-06-21,0.8441,0.8472,0.8428,0.8471,0.0
2007-06-22,0.8471,0.8492,0.8452,0.847,0.0
2007-06-25,0.8475,0.8499,0.8462,0.8471,0.0
2007-06-26,0.8471,0.851,0.8449,0.8454,0.0
2007-06-27,0.8454,0.8459,0.8355,0.8385,0.0
2007-06-28,0.8384,0.8468,0.8375,0.8462,0.0
2007-06-29,0.846,0.8521,0.8458,0.8492,0.0
2007-07-02,0.84884,0.85962,0.8471,0.85832,0.0
2007-07-03,0.85847,0.85937,0.85388,0.85428,0.0
2007-07-04,0.85428,0.85852,0.85418,0.85735,0.0
2007-07-05,0.85732,0.86082,0.85543,0.85593,0.0
2007-07-06,0.85588,0.85883,0.85482,0.85796,0.0
2007-07-09,0.85782,0.86132,0.85671,0.85952,0.0
2007-07-10,0.85955,0.86361,0.85627,0.86181,0.0
2007-07-11,0.86181,0.86391,0.85721,0.86251,0.0
2007-07-12,0.86251,0.86623,0.86031,0.8661,0.0
2007-07-13,0.86605,0.87152,0.86535,0.87093,0.0
2007-07-16,0.87063,0.8762,0.86917,0.87165,0.0
2007-07-17,0.87165,0.87499,0.87068,0.8724,0.0
2007-07-18,0.8724,0.87867,0.87168,0.87727,0.0
2007-07-19,0.87742,0.88095,0.87608,0.87985,0.0
2007-07-20,0.87995,0.88324,0.87534,0.88006,0.0
2007-07-23,0.87991,0.88414,0.87868,0.88305,0.0
2007-07-24,0.88305,0.8862,0.88055,0.88185,0.0
2007-07-25,0.8819,0.88698,0.87856,0.88334,0.0
2007-07-26,0.88328,0.88677,0.87057,0.87104,0.0
2007-07-27,0.87104,0.87656,0.85095,0.85158,0.0
2007-07-30,0.85055,0.85749,0.84581,0.85609,0.0
2007-07-31,0.85614,0.86142,0.85099,0.85141,0.0
2007-08-01,0.85131,0.85567,0.84443,0.85552,0.0
2007-08-02,0.85557,0.86032,0.84916,0.85845,0.0
2007-08-03,0.85855,0.86022,0.85356,0.85459,0.0
2007-08-06,0.85304,0.85834,0.85194,0.85834,0.0
2007-08-07,0.85831,0.85909,0.85121,0.85455,0.0
2007-08-08,0.85462,0.86343,0.85379,0.86216,0.0
2007-08-09,0.86211,0.86609,0.84843,0.84943,0.0
2007-08-10,0.84948,0.85069,0.83983,0.8438,0.0
2007-08-13,0.84515,0.85041,0.84053,0.84205,0.0
2007-08-14,0.84205,0.84265,0.83394,0.83434,0.0
2007-08-15,0.83424,0.83454,0.81974,0.81984,0.0
2007-08-16,0.81969,0.82014,0.78182,0.791,0.0
2007-08-17,0.79082,0.8009,0.76732,0.79721,0.0
2007-08-20,0.79661,0.8092,0.78902,0.80599,0.0
2007-08-21,0.80599,0.80776,0.79548,0.80141,0.0
2007-08-22,0.80141,0.8069,0.79691,0.80635,0.0
2007-08-23,0.80635,0.82142,0.80635,0.8207,0.0
2007-08-24,0.8207,0.82721,0.81522,0.82712,0.0
2007-08-27,0.82882,0.83327,0.82717,0.82787,0.0
2007-08-28,0.82787,0.82834,0.81536,0.81553,0.0
2007-08-29,0.81555,0.82327,0.80512,0.82155,0.0
2007-08-30,0.82155,0.8234,0.81262,0.81552,0.0
2007-08-31,0.81552,0.82508,0.81068,0.81751,0.0
2007-09-03,0.81573,0.82368,0.81563,0.82299,0.0
2007-09-04,0.82301,0.82698,0.81978,0.82442,0.0
2007-09-05,0.82439,0.82862,0.81829,0.82159,0.0
2007-09-06,0.82159,0.82958,0.81879,0.82909,0.0
2007-09-07,0.82909,0.83082,0.82271,0.82639,0.0
2007-09-10,0.82602,0.82707,0.81714,0.82577,0.0
2007-09-11,0.82577,0.83461,0.82353,0.83454,0.0
2007-09-12,0.83452,0.8434,0.8324,0.84153,0.0
2007-09-13,0.84153,0.84371,0.83653,0.8383,0.0
2007-09-14,0.8383,0.84291,0.83415,0.84186,0.0
2007-09-17,0.8417,0.84588,0.83107,0.83344,0.0
2007-09-18,0.83344,0.85285,0.82743,0.8525,0.0
2007-09-19,0.8525,0.85695,0.8486,0.85647,0.0
2007-09-20,0.85647,0.86598,0.85508,0.86193,0.0
2007-09-21,0.86193,0.87016,0.86046,0.86653,0.0
2007-09-24,0.86639,0.86962,0.86551,0.86783,0.0
2007-09-25,0.86783,0.87389,0.86102,0.87296,0.0
2007-09-26,0.87296,0.87681,0.87121,0.87639,0.0
2007-09-27,0.87639,0.88332,0.87469,0.88001,0.0
2007-09-28,0.87999,0.88854,0.87842,0.88768,0.0
2007-10-01,0.88811,0.89474,0.88529,0.89412,0.0
2007-10-02,0.89412,0.89473,0.88068,0.88337,0.0
2007-10-03,0.88337,0.89137,0.88062,0.88274,0.0
2007-10-04,0.88274,0.88941,0.87936,0.88766,0.0
2007-10-05,0.88766,0.90036,0.88636,0.89718,0.0
2007-10-08,0.89909,0.90316,0.89166,0.89341,0.0
2007-10-09,0.89331,0.90066,0.89115,0.90044,0.0
2007-10-10,0.90044,0.90111,0.89396,0.89797,0.0
2007-10-11,0.89797,0.90582,0.89644,0.90055,0.0
2007-10-12,0.90055,0.90511,0.89511,0.90442,0.0
2007-10-15,0.90472,0.90769,0.89575,0.89862,0.0
2007-10-16,0.89862,0.90119,0.88216,0.88806,0.0
2007-10-17,0.88806,0.89717,0.88157,0.89114,0.0
2007-10-18,0.89112,0.89718,0.88797,0.89612,0.0
2007-10-19,0.89612,0.8993,0.88912,0.89015,0.0
2007-10-22,0.8887,0.89157,0.87502,0.8861,0.0
2007-10-23,0.8861,0.89848,0.88536,0.89838,0.0
2007-10-24,0.89838,0.90473,0.89353,0.90294,0.0
2007-10-25,0.90294,0.90909,0.90082,0.90872,0.0
2007-10-26,0.90872,0.91866,0.90752,0.91824,0.0
2007-10-29,0.91919,0.92712,0.91835,0.92115,0.0
2007-10-30,0.92115,0.92355,0.91456,0.91873,0.0
2007-10-31,0.91873,0.93416,0.9179,0.93399,0.0
2007-11-01,0.93399,0.93399,0.91059,0.91209,0.0
2007-11-02,0.91209,0.92482,0.91119,0.92321,0.0
2007-11-05,0.92121,0.92248,0.91558,0.92038,0.0
2007-11-06,0.9204,0.9292,0.92009,0.92855,0.0
2007-11-07,0.9286,0.93997,0.9269,0.92792,0.0
2007-11-08,0.92742,0.93292,0.91871,0.92672,0.0
2007-11-09,0.92672,0.93192,0.9099,0.91127,0.0
2007-11-12,0.90552,0.90869,0.87567,0.87587,0.0
2007-11-13,0.87627,0.89747,0.87527,0.89567,0.0
2007-11-14,0.89517,0.90682,0.8945,0.89493,0.0
2007-11-15,0.89493,0.90153,0.88516,0.88566,0.0
2007-11-16,0.88579,0.89393,0.88147,0.8926,0.0
2007-11-19,0.89614,0.89951,0.88276,0.88392,0.0
2007-11-20,0.88359,0.89303,0.87579,0.89222,0.0
2007-11-21,0.89257,0.89512,0.86526,0.8705,0.0
2007-11-22,0.87063,0.87871,0.86797,0.87123,0.0
2007-11-23,0.87132,0.8777,0.8684,0.87755,0.0
2007-11-26,0.88045,0.8869,0.86698,0.86973,0.0
2007-11-27,0.87,0.88132,0.86847,0.87707,0.0
2007-11-28,0.87717,0.89192,0.87189,0.88953,0.0
2007-11-29,0.8897,0.89026,0.87745,0.88123,0.0
2007-11-30,0.88125,0.88941,0.88056,0.88424,0.0
2007-12-03,0.88296,0.88536,0.87856,0.88058,0.0
2007-12-04,0.8805,0.88116,0.87089,0.87368,0.0
2007-12-05,0.87378,0.87396,0.86592,0.86986,0.0
2007-12-06,0.86998,0.87887,0.86895,0.87869,0.0
2007-12-07,0.87889,0.88265,0.87402,0.87593,0.0
2007-12-10,0.87407,0.88592,0.87262,0.88462,0.0
2007-12-11,0.88482,0.88947,0.87097,0.8732,0.0
2007-12-12,0.873,0.89062,0.8724,0.88289,0.0
2007-12-13,0.88319,0.88539,0.87329,0.87579,0.0
2007-12-14,0.87619,0.87924,0.86019,0.86049,0.0
2007-12-17,0.86243,0.86494,0.8556,0.8571,0.0
2007-12-18,0.85685,0.86424,0.85494,0.86016,0.0
2007-12-19,0.86009,0.86357,0.8558,0.85872,0.0
2007-12-20,0.85835,0.86017,0.85684,0.85894,0.0
2007-12-21,0.85853,0.86968,0.85772,0.86724,0.0
2007-12-24,0.86809,0.87169,0.86717,0.8714,0.0
2007-12-26,0.87194,0.87432,0.87174,0.87385,0.0
2007-12-27,0.87415,0.87906,0.87089,0.87768,0.0
2007-12-28,0.87793,0.87862,0.87198,0.87605,0.0
2007-12-31,0.87675,0.88245,0.87419,0.87477,0.0
2008-01-02,0.87653,0.88367,0.87601,0.88337,0.0
2008-01-03,0.88307,0.88468,0.87863,0.88015,0.0
2008-01-04,0.88025,0.88351,0.86999,0.87206,0.0
2008-01-07,0.87152,0.87475,0.86822,0.87256,0.0
2008-01-08,0.87223,0.88389,0.87021,0.87856,0.0
2008-01-09,0.87877,0.88585,0.87848,0.88298,0.0
2008-01-10,0.88318,0.89742,0.88107,0.8952,0.0
2008-01-11,0.89533,0.89703,0.88969,0.89069,0.0
2008-01-14,0.88922,0.90034,0.88899,0.89951,0.0
2008-01-15,0.89946,0.90176,0.88027,0.88072,0.0
2008-01-16,0.87877,0.88667,0.87424,0.87947,0.0
2008-01-17,0.87952,0.888,0.87592,0.87647,0.0
2008-01-18,0.87597,0.88511,0.86997,0.87899,0.0
2008-01-21,0.87885,0.88192,0.85943,0.86125,0.0
2008-01-22,0.86148,0.87188,0.85118,0.8682,0.0
2008-01-23,0.86807,0.87465,0.86091,0.87288,0.0
2008-01-24,0.87295,0.8819,0.86895,0.88188,0.0
2008-01-25,0.88201,0.88528,0.87725,0.87941,0.0
2008-01-28,0.87808,0.88908,0.87663,0.88891,0.0
2008-01-29,0.88893,0.89028,0.88588,0.88911,0.0
2008-01-30,0.88904,0.90139,0.88594,0.89301,0.0
2008-01-31,0.89286,0.89804,0.88171,0.89552,0.0
2008-02-01,0.89536,0.9045,0.89413,0.90403,0.0
2008-02-04,0.903,0.90995,0.90215,0.90779,0.0
2008-02-05,0.90807,0.90897,0.89401,0.89718,0.0
2008-02-06,0.89701,0.89981,0.89074,0.89577,0.0
2008-02-07,0.89582,0.89739,0.88738,0.89454,0.0
2008-02-08,0.8942,0.8985,0.89142,0.89543,0.0
2008-02-11,0.89578,0.9057,0.89503,0.9036,0.0
2008-02-12,0.90345,0.90835,0.90192,0.90292,0.0
2008-02-13,0.90215,0.90448,0.89225,0.89614,0.0
2008-02-14,0.89604,0.90649,0.89523,0.90205,0.0
2008-02-15,0.90177,0.90977,0.90038,0.90897,0.0
2008-02-18,0.90812,0.91407,0.90682,0.91351,0.0
2008-02-19,0.91383,0.92357,0.91369,0.91877,0.0
2008-02-20,0.91902,0.92106,0.91114,0.91809,0.0
2008-02-21,0.91809,0.92067,0.91657,0.91861,0.0
2008-02-22,0.91841,0.92494,0.91699,0.92317,0.0
2008-02-25,0.92374,0.92721,0.92144,0.92686,0.0
2008-02-26,0.92661,0.93389,0.92532,0.93372,0.0
2008-02-27,0.93366,0.94315,0.93186,0.94167,0.0
2008-02-28,0.9408,0.9496,0.93672,0.9488,0.0
2008-02-29,0.94825,0.94856,0.93022,0.93065,0.0
2008-03-03,0.93285,0.94207,0.92742,0.9394,0.0
2008-03-04,0.93915,0.94064,0.92177,0.92738,0.0
2008-03-05,0.92593,0.93424,0.92277,0.93424,0.0
2008-03-06,0.93525,0.93834,0.92456,0.92642,0.0
2008-03-07,0.92522,0.93699,0.92452,0.92654,0.0
2008-03-10,0.92651,0.93106,0.91596,0.91631,0.0
2008-03-11,0.91709,0.92929,0.91472,0.92859,0.0
2008-03-12,0.92837,0.93659,0.92747,0.93309,0.0
2008-03-13,0.93314,0.94699,0.93116,0.94686,0.0
2008-03-14,0.94623,0.94684,0.93512,0.93633,0.0
2008-03-17,0.9377,0.94453,0.91267,0.92145,0.0
2008-03-18,0.92065,0.93068,0.91652,0.92666,0.0
2008-03-19,0.92598,0.93532,0.91145,0.91385,0.0
2008-03-20,0.91362,0.91666,0.89524,0.89962,0.0
2008-03-21,0.89952,0.9029,0.89852,0.9019,0.0
2008-03-24,0.90098,0.90827,0.89777,0.90593,0.0
2008-03-25,0.90536,0.91762,0.90525,0.91757,0.0
2008-03-26,0.91756,0.92404,0.91207,0.91987,0.0
2008-03-27,0.92039,0.92522,0.91662,0.91859,0.0
2008-03-28,0.91854,0.92419,0.915,0.91732,0.0
2008-03-31,0.91615,0.91792,0.91028,0.91304,0.0
2008-04-01,0.91329,0.91477,0.90307,0.90724,0.0
2008-04-02,0.90727,0.91578,0.90532,0.91418,0.0
2008-04-03,0.91358,0.91752,0.90912,0.91617,0.0
2008-04-04,0.91632,0.92279,0.90993,0.92267,0.0
2008-04-07,0.92188,0.92842,0.91761,0.92569,0.0
2008-04-08,0.92566,0.93207,0.92402,0.93177,0.0
2008-04-09,0.93157,0.93199,0.92607,0.92822,0.0
2008-04-10,0.92846,0.93442,0.92812,0.93192,0.0
2008-04-11,0.93152,0.93382,0.92714,0.92757,0.0
2008-04-14,0.92642,0.92689,0.92057,0.92675,0.0
2008-04-15,0.927,0.93071,0.92328,0.92659,0.0
2008-04-16,0.92664,0.9399,0.92487,0.93942,0.0
2008-04-17,0.93912,0.93937,0.93353,0.93716,0.0
2008-04-18,0.93707,0.93932,0.92716,0.93435,0.0
2008-04-21,0.93215,0.94422,0.93197,0.94272,0.0
2008-04-22,0.94272,0.94732,0.93913,0.94464,0.0
2008-04-23,0.94452,0.95412,0.94379,0.94907,0.0
2008-04-24,0.94825,0.9495,0.93728,0.93959,0.0
2008-04-25,0.93967,0.94193,0.92896,0.93325,0.0
2008-04-28,0.93338,0.94032,0.933,0.9386,0.0
2008-04-29,0.93875,0.93922,0.92921,0.93354,0.0
2008-04-30,0.93354,0.94704,0.93093,0.94342,0.0
2008-05-01,0.94323,0.94413,0.93062,0.93333,0.0
2008-05-02,0.93333,0.93839,0.92732,0.93453,0.0
2008-05-05,0.9357,0.94657,0.93409,0.94657,0.0
2008-05-06,0.94652,0.95063,0.94321,0.94964,0.0
2008-05-07,0.94922,0.95057,0.94072,0.94187,0.0
2008-05-08,0.94212,0.94552,0.9347,0.94353,0.0
2008-05-09,0.94363,0.9455,0.93831,0.94353,0.0
2008-05-12,0.9404,0.94789,0.93554,0.94759,0.0
2008-05-13,0.94754,0.94777,0.93853,0.94024,0.0
2008-05-14,0.94026,0.94259,0.93026,0.93414,0.0
2008-05-15,0.93414,0.94186,0.92895,0.94031,0.0
2008-05-16,0.94006,0.95592,0.93905,0.95552,0.0
2008-05-19,0.95645,0.95691,0.95092,0.95324,0.0
2008-05-20,0.95324,0.96169,0.95169,0.95849,0.0
2008-05-21,0.95867,0.96531,0.95564,0.96242,0.0
2008-05-22,0.96227,0.96494,0.95422,0.95555,0.0
2008-05-23,0.9562,0.96362,0.95533,0.95903,0.0
2008-05-26,0.95924,0.96164,0.95807,0.96068,0.0
2008-05-27,0.96073,0.96346,0.95802,0.95838,0.0
2008-05-28,0.95828,0.96279,0.9561,0.96255,0.0
2008-05-29,0.9625,0.96352,0.95356,0.95528,0.0
2008-05-30,0.95543,0.95777,0.95119,0.95572,0.0
2008-06-02,0.95567,0.95664,0.95002,0.95523,0.0
2008-06-03,0.95535,0.96129,0.95071,0.95231,0.0
2008-06-04,0.95231,0.9628,0.94862,0.95742,0.0
2008-06-05,0.9566,0.95912,0.95101,0.95887,0.0
2008-06-06,0.95872,0.96419,0.95642,0.96243,0.0
2008-06-09,0.96128,0.96462,0.94817,0.95025,0.0
2008-06-10,0.95017,0.95248,0.944,0.9459,0.0
2008-06-11,0.94605,0.94908,0.94339,0.94676,0.0
2008-06-12,0.94651,0.94877,0.93269,0.9341,0.0
2008-06-13,0.93433,0.941,0.93332,0.93881,0.0
2008-06-16,0.93905,0.94238,0.93691,0.94027,0.0
2008-06-17,0.94019,0.94528,0.93881,0.94365,0.0
2008-06-18,0.94368,0.94725,0.94022,0.94702,0.0
2008-06-19,0.9471,0.9518,0.94467,0.9507,0.0
2008-06-20,0.951,0.95661,0.94893,0.95313,0.0
2008-06-23,0.95358,0.95592,0.94921,0.9524,0.0
2008-06-24,0.95258,0.95853,0.94988,0.9552,0.0
2008-06-25,0.95495,0.96012,0.95312,0.95978,0.0
2008-06-26,0.95863,0.96092,0.95499,0.95563,0.0
2008-06-27,0.95576,0.96321,0.95403,0.96078,0.0
2008-06-30,0.96053,0.96673,0.95521,0.95836,0.0
2008-07-01,0.95826,0.95933,0.95112,0.95493,0.0
2008-07-02,0.95475,0.96498,0.95321,0.96175,0.0
2008-07-03,0.9617,0.96312,0.95811,0.96003,0.0
2008-07-04,0.96008,0.96381,0.95903,0.96321,0.0
2008-07-07,0.96258,0.96325,0.95154,0.95639,0.0
2008-07-08,0.95619,0.95648,0.95013,0.9534,0.0
2008-07-09,0.95353,0.95901,0.94752,0.95675,0.0
2008-07-10,0.9568,0.96379,0.9542,0.9619,0.0
2008-07-11,0.96173,0.97155,0.95952,0.96605,0.0
2008-07-14,0.97053,0.97362,0.96628,0.9716,0.0
2008-07-15,0.9716,0.9849,0.9707,0.97915,0.0
2008-07-16,0.97889,0.98146,0.97276,0.97479,0.0
2008-07-17,0.97448,0.97901,0.96772,0.97227,0.0
2008-07-18,0.97218,0.97367,0.9699,0.9699,0.0
2008-07-21,0.97269,0.9771,0.97042,0.97693,0.0
2008-07-22,0.97691,0.97917,0.96854,0.97117,0.0
2008-07-23,0.97082,0.97322,0.95997,0.96179,0.0
2008-07-24,0.96021,0.96357,0.95379,0.95836,0.0
2008-07-25,0.95853,0.9606,0.9544,0.9559,0.0
2008-07-28,0.95512,0.95933,0.95261,0.95666,0.0
2008-07-29,0.95694,0.95845,0.94981,0.95271,0.0
2008-07-30,0.95263,0.95275,0.94109,0.94421,0.0
2008-07-31,0.94379,0.94748,0.93965,0.94208,0.0
2008-08-01,0.94173,0.94193,0.9284,0.92898,0.0
2008-08-04,0.92863,0.93435,0.92828,0.92924,0.0
2008-08-05,0.92921,0.92978,0.9131,0.91609,0.0
2008-08-06,0.91614,0.92042,0.90635,0.90813,0.0
2008-08-07,0.90818,0.91281,0.90507,0.90656,0.0
2008-08-08,0.9064,0.90729,0.88646,0.88857,0.0
2008-08-11,0.88475,0.8952,0.87918,0.88389,0.0
2008-08-12,0.88404,0.88454,0.8703,0.87329,0.0
2008-08-13,0.87319,0.87703,0.85908,0.87417,0.0
2008-08-14,0.87414,0.8795,0.86678,0.87208,0.0
2008-08-15,0.87167,0.87175,0.8609,0.866,0.0
2008-08-18,0.86648,0.87567,0.86513,0.86806,0.0
2008-08-19,0.86807,0.87331,0.86242,0.87159,0.0
2008-08-20,0.87191,0.87424,0.86727,0.87344,0.0
2008-08-21,0.87352,0.88071,0.86488,0.88068,0.0
2008-08-22,0.88064,0.88128,0.86496,0.86603,0.0
2008-08-25,0.86761,0.86884,0.86133,0.86278,0.0
2008-08-26,0.86269,0.86458,0.84927,0.85569,0.0
2008-08-27,0.85561,0.86361,0.85302,0.85856,0.0
2008-08-28,0.85846,0.86918,0.85746,0.86236,0.0
2008-08-29,0.86231,0.86576,0.85554,0.85857,0.0
2008-09-01,0.85671,0.85796,0.84777,0.85022,0.0
2008-09-02,0.84997,0.85317,0.82677,0.83789,0.0
2008-09-03,0.83771,0.84022,0.82336,0.83587,0.0
2008-09-04,0.83582,0.83943,0.82142,0.82257,0.0
2008-09-05,0.82292,0.82294,0.80272,0.81567,0.0
2008-09-08,0.82684,0.8352,0.80748,0.81628,0.0
2008-09-09,0.81601,0.81761,0.80037,0.80219,0.0
2008-09-10,0.80215,0.81275,0.79798,0.8011,0.0
2008-09-11,0.79909,0.80737,0.78976,0.80711,0.0
2008-09-12,0.8075,0.82397,0.80045,0.82329,0.0
2008-09-15,0.81995,0.82614,0.80095,0.80637,0.0
2008-09-16,0.80646,0.80717,0.78506,0.79996,0.0
2008-09-17,0.80001,0.8075,0.77993,0.79042,0.0
2008-09-18,0.79024,0.80955,0.78318,0.80448,0.0
2008-09-19,0.80443,0.83595,0.80123,0.83367,0.0
2008-09-22,0.83656,0.85176,0.82815,0.84393,0.0
2008-09-23,0.84343,0.84676,0.82774,0.83278,0.0
2008-09-24,0.8327,0.8426,0.82872,0.83392,0.0
2008-09-25,0.83429,0.84247,0.83159,0.83392,0.0
2008-09-26,0.8349,0.83781,0.82383,0.83086,0.0
2008-09-29,0.82786,0.83303,0.80004,0.80429,0.0
2008-09-30,0.8041,0.80958,0.78624,0.79226,0.0
2008-10-01,0.79217,0.80185,0.7868,0.78709,0.0
2008-10-02,0.78706,0.79413,0.76971,0.77224,0.0
2008-10-03,0.77251,0.78141,0.77099,0.77371,0.0
2008-10-06,0.77153,0.77358,0.69886,0.72184,0.0
2008-10-07,0.72204,0.73552,0.70134,0.70565,0.0
2008-10-08,0.70571,0.71555,0.64492,0.66405,0.0
2008-10-09,0.66339,0.71323,0.66288,0.68371,0.0
2008-10-10,0.68379,0.68831,0.63282,0.64283,0.0
2008-10-13,0.67169,0.69988,0.65404,0.69817,0.0
2008-10-14,0.69891,0.7237,0.69336,0.6964,0.0
2008-10-15,0.69678,0.70742,0.6581,0.66141,0.0
2008-10-16,0.66127,0.69115,0.64927,0.69045,0.0
2008-10-17,0.69149,0.7008,0.67294,0.68873,0.0
2008-10-20,0.69494,0.70452,0.68766,0.70408,0.0
2008-10-21,0.70408,0.70618,0.67042,0.67072,0.0
2008-10-22,0.67096,0.68246,0.6629,0.67263,0.0
2008-10-23,0.67303,0.67594,0.65255,0.66931,0.0
2008-10-24,0.66871,0.675,0.60478,0.62113,0.0
2008-10-27,0.61728,0.62443,0.60079,0.60113,0.0
2008-10-28,0.60083,0.64433,0.60083,0.64107,0.0
2008-10-29,0.64106,0.67953,0.63383,0.66763,0.0
2008-10-30,0.66714,0.68909,0.66164,0.68204,0.0
2008-10-31,0.68179,0.68206,0.65474,0.667,0.0
2008-11-03,0.66728,0.68627,0.66421,0.6761,0.0
2008-11-04,0.6756,0.70129,0.6601,0.6985,0.0
2008-11-05,0.6984,0.70103,0.68042,0.68114,0.0
2008-11-06,0.68141,0.68995,0.6635,0.66538,0.0
2008-11-07,0.6653,0.67857,0.6541,0.67363,0.0
2008-11-10,0.68555,0.6982,0.66504,0.66956,0.0
2008-11-11,0.66948,0.67556,0.64752,0.65667,0.0
2008-11-12,0.65665,0.66617,0.63478,0.64022,0.0
2008-11-13,0.64014,0.66825,0.63389,0.66592,0.0
2008-11-14,0.66583,0.6693,0.64613,0.64761,0.0
2008-11-17,0.63681,0.65949,0.63581,0.64862,0.0
2008-11-18,0.64888,0.65765,0.64103,0.65221,0.0
2008-11-19,0.65193,0.65949,0.63592,0.63638,0.0
2008-11-20,0.63625,0.64149,0.60737,0.61081,0.0
2008-11-21,0.61042,0.63273,0.60759,0.63201,0.0
2008-11-24,0.6333,0.65407,0.62305,0.6538,0.0
2008-11-25,0.654,0.66157,0.63306,0.64895,0.0
2008-11-26,0.64893,0.65516,0.64277,0.65174,0.0
2008-11-27,0.6509,0.66043,0.64778,0.65668,0.0
2008-11-28,0.65668,0.65959,0.64904,0.65436,0.0
2008-12-01,0.65313,0.6538,0.63693,0.63999,0.0
2008-12-02,0.63992,0.64956,0.63325,0.64255,0.0
2008-12-03,0.64278,0.6487,0.6394,0.6487,0.0
2008-12-04,0.64852,0.6535,0.63928,0.64415,0.0
2008-12-05,0.64435,0.64859,0.62912,0.64471,0.0
2008-12-08,0.64843,0.66904,0.64528,0.66423,0.0
2008-12-09,0.6642,0.66613,0.64935,0.65857,0.0
2008-12-10,0.6578,0.6641,0.6519,0.65577,0.0
2008-12-11,0.65667,0.6799,0.65424,0.67153,0.0
2008-12-12,0.67153,0.6733,0.64881,0.66398,0.0
2008-12-15,0.66323,0.67448,0.66095,0.66851,0.0
2008-12-16,0.66851,0.69844,0.66625,0.69403,0.0
2008-12-17,0.69413,0.70514,0.68606,0.7036,0.0
2008-12-18,0.7035,0.71373,0.67612,0.68651,0.0
2008-12-19,0.68631,0.69204,0.67658,0.67997,0.0
2008-12-22,0.68324,0.68923,0.67994,0.68368,0.0
2008-12-23,0.68333,0.68507,0.67775,0.68005,0.0
2008-12-24,0.68014,0.68388,0.67548,0.68191,0.0
2008-12-25,0.68191,0.68191,0.68191,0.68191,0.0
2008-12-26,0.68558,0.68709,0.67986,0.68323,0.0
2008-12-29,0.68588,0.69661,0.68309,0.68507,0.0
2008-12-30,0.68497,0.694,0.68486,0.69131,0.0
2008-12-31,0.69127,0.71162,0.68496,0.71099,0.0
2009-01-02,0.69672,0.71159,0.69164,0.71099,0.0
2009-01-05,0.71147,0.7205,0.70612,0.71726,0.0
2009-01-06,0.71702,0.72659,0.70309,0.72332,0.0
2009-01-07,0.72296,0.72668,0.70919,0.71233,0.0
2009-01-08,0.71242,0.71392,0.69555,0.71201,0.0
2009-01-09,0.71173,0.71206,0.70104,0.70302,0.0
2009-01-12,0.69857,0.70003,0.67857,0.68157,0.0
2009-01-13,0.68061,0.68196,0.65745,0.66437,0.0
2009-01-14,0.66425,0.68092,0.65791,0.66087,0.0
2009-01-15,0.66117,0.66981,0.65366,0.66268,0.0
2009-01-16,0.66268,0.67954,0.66263,0.67292,0.0
2009-01-19,0.67629,0.68401,0.66625,0.66642,0.0
2009-01-20,0.66645,0.66825,0.64699,0.65061,0.0
2009-01-21,0.65076,0.6657,0.64545,0.66141,0.0
2009-01-22,0.66166,0.66468,0.64891,0.65513,0.0
2009-01-23,0.65517,0.65849,0.64176,0.65346,0.0
2009-01-26,0.65556,0.66432,0.64933,0.65951,0.0
2009-01-27,0.65952,0.67172,0.65713,0.66096,0.0
2009-01-28,0.66101,0.6731,0.65929,0.66587,0.0
2009-01-29,0.66545,0.66799,0.65152,0.65195,0.0
2009-01-30,0.6521,0.6522,0.63447,0.63652,0.0
2009-02-02,0.63619,0.63729,0.62471,0.63136,0.0
2009-02-03,0.63146,0.65453,0.62942,0.65131,0.0
2009-02-04,0.65101,0.65356,0.63522,0.64334,0.0
2009-02-05,0.64338,0.65807,0.64008,0.65233,0.0
2009-02-06,0.65223,0.68015,0.64754,0.67544,0.0
2009-02-09,0.67351,0.6849,0.66281,0.67831,0.0
2009-02-10,0.67853,0.67966,0.6483,0.65458,0.0
2009-02-11,0.65478,0.66011,0.64807,0.65617,0.0
2009-02-12,0.65582,0.66151,0.64306,0.65226,0.0
2009-02-13,0.65253,0.6642,0.65204,0.6565,0.0
2009-02-16,0.65131,0.65385,0.6474,0.65003,0.0
2009-02-17,0.65045,0.65313,0.63423,0.63477,0.0
2009-02-18,0.63431,0.64305,0.63315,0.63688,0.0
2009-02-19,0.63652,0.65218,0.63593,0.64349,0.0
2009-02-20,0.64352,0.64977,0.63532,0.645,0.0
2009-02-23,0.64475,0.65468,0.6402,0.64151,0.0
2009-02-24,0.6412,0.65249,0.63887,0.65102,0.0
2009-02-25,0.65122,0.65528,0.64534,0.64687,0.0
2009-02-26,0.64696,0.6551,0.64609,0.64727,0.0
2009-02-27,0.64633,0.648,0.63386,0.63868,0.0
2009-03-02,0.63902,0.63997,0.62882,0.62979,0.0
2009-03-03,0.62946,0.64632,0.62856,0.63756,0.0
2009-03-04,0.63789,0.65259,0.62849,0.64939,0.0
2009-03-05,0.64916,0.64953,0.63553,0.63797,0.0
2009-03-06,0.63796,0.64718,0.6368,0.6403,0.0
2009-03-09,0.63998,0.64492,0.6305,0.63155,0.0
2009-03-10,0.6315,0.64875,0.63057,0.64562,0.0
2009-03-11,0.64562,0.65252,0.63992,0.65202,0.0
2009-03-12,0.65197,0.65766,0.64117,0.65447,0.0
2009-03-13,0.65464,0.66038,0.65098,0.65795,0.0
2009-03-16,0.65505,0.66371,0.65271,0.65914,0.0
2009-03-17,0.65954,0.6623,0.65665,0.66174,0.0
2009-03-18,0.66172,0.68003,0.65648,0.67623,0.0
2009-03-19,0.67615,0.69425,0.67223,0.68495,0.0
2009-03-20,0.68512,0.69305,0.68429,0.6866,0.0
2009-03-23,0.68946,0.70581,0.689,0.70505,0.0
2009-03-24,0.70515,0.70931,0.69316,0.69521,0.0
2009-03-25,0.69523,0.705,0.69031,0.69752,0.0
2009-03-26,0.69745,0.70397,0.69615,0.70136,0.0
2009-03-27,0.70138,0.70305,0.68644,0.69393,0.0
2009-03-30,0.68877,0.69254,0.67679,0.68118,0.0
2009-03-31,0.6812,0.69695,0.67858,0.69108,0.0
2009-04-01,0.69096,0.6996,0.68543,0.69904,0.0
2009-04-02,0.69874,0.71986,0.6974,0.7151,0.0
2009-04-03,0.71505,0.72292,0.70563,0.7151,0.0
2009-04-06,0.71533,0.72082,0.70778,0.71351,0.0
2009-04-07,0.71386,0.71683,0.70606,0.71076,0.0
2009-04-08,0.71066,0.71273,0.70323,0.70994,0.0
2009-04-09,0.70986,0.72013,0.70497,0.71903,0.0
2009-04-10,0.71893,0.72075,0.71722,0.7193,0.0
2009-04-13,0.72688,0.73256,0.71846,0.73172,0.0
2009-04-14,0.73222,0.73251,0.72291,0.72358,0.0
2009-04-15,0.72313,0.72929,0.71472,0.72862,0.0
2009-04-16,0.72842,0.73136,0.71366,0.72042,0.0
2009-04-17,0.72045,0.72275,0.7166,0.72236,0.0
2009-04-20,0.72443,0.72451,0.69529,0.69657,0.0
2009-04-21,0.69656,0.71294,0.69655,0.71127,0.0
2009-04-22,0.7113,0.71194,0.70018,0.70522,0.0
2009-04-23,0.70537,0.71547,0.70285,0.71449,0.0
2009-04-24,0.71436,0.72386,0.71057,0.723,0.0
2009-04-27,0.72179,0.7218,0.70878,0.70989,0.0
2009-04-28,0.70989,0.71015,0.69887,0.70592,0.0
2009-04-29,0.706,0.7299,0.70479,0.72673,0.0
2009-04-30,0.72567,0.73825,0.72315,0.72531,0.0
2009-05-01,0.72543,0.73452,0.72404,0.73001,0.0
2009-05-04,0.73192,0.74094,0.73121,0.73995,0.0
2009-05-05,0.73955,0.74782,0.73765,0.74234,0.0
2009-05-06,0.74224,0.7502,0.73348,0.74813,0.0
2009-05-07,0.74814,0.7615,0.74571,0.75375,0.0
2009-05-08,0.754,0.77077,0.7507,0.76826,0.0
2009-05-11,0.76863,0.77113,0.75794,0.75846,0.0
2009-05-12,0.7584,0.76799,0.75614,0.76484,0.0
2009-05-13,0.76489,0.7703,0.75076,0.75298,0.0
2009-05-14,0.75304,0.76172,0.74654,0.75999,0.0
2009-05-15,0.75977,0.76071,0.74764,0.74901,0.0
2009-05-18,0.74845,0.76673,0.74497,0.76563,0.0
2009-05-19,0.76558,0.77835,0.76287,0.77457,0.0
2009-05-20,0.7746,0.78093,0.7686,0.77526,0.0
2009-05-21,0.77545,0.7792,0.76677,0.77802,0.0
2009-05-22,0.77857,0.78668,0.77672,0.7825,0.0
2009-05-25,0.78053,0.78353,0.77724,0.78196,0.0
2009-05-26,0.78201,0.78818,0.77023,0.78593,0.0
2009-05-27,0.78621,0.78904,0.77481,0.77556,0.0
2009-05-28,0.77521,0.78679,0.77429,0.78381,0.0
2009-05-29,0.78379,0.8016,0.78289,0.80099,0.0
2009-06-01,0.804,0.81528,0.799,0.81006,0.0
2009-06-02,0.80991,0.82304,0.80496,0.82077,0.0
2009-06-03,0.8209,0.82635,0.7932,0.80067,0.0
2009-06-04,0.80063,0.80897,0.78942,0.80173,0.0
2009-06-05,0.80167,0.81214,0.79167,0.79304,0.0
2009-06-08,0.79553,0.79852,0.78279,0.78905,0.0
2009-06-09,0.78875,0.8043,0.78525,0.8013,0.0
2009-06-10,0.80125,0.8134,0.79673,0.80254,0.0
2009-06-11,0.80295,0.82376,0.80061,0.81903,0.0
2009-06-12,0.81919,0.82119,0.80573,0.81215,0.0
2009-06-15,0.80873,0.80984,0.79034,0.79499,0.0
2009-06-16,0.79505,0.8068,0.78604,0.79324,0.0
2009-06-17,0.79308,0.7997,0.78494,0.79428,0.0
2009-06-18,0.79415,0.80526,0.79118,0.79811,0.0
2009-06-19,0.79826,0.8117,0.79798,0.80565,0.0
2009-06-22,0.8047,0.80612,0.78508,0.78563,0.0
2009-06-23,0.78577,0.79782,0.77886,0.79373,0.0
2009-06-24,0.79333,0.80544,0.79167,0.7966,0.0
2009-06-25,0.79657,0.80395,0.79317,0.8024,0.0
2009-06-26,0.80235,0.80858,0.8023,0.80737,0.0
2009-06-29,0.80736,0.80963,0.79827,0.80819,0.0
2009-06-30,0.80829,0.81548,0.80383,0.80633,0.0
2009-07-01,0.80633,0.8108,0.80228,0.80843,0.0
2009-07-02,0.80829,0.80983,0.79348,0.79364,0.0
2009-07-03,0.7936,0.80055,0.79009,0.79665,0.0
2009-07-06,0.7946,0.79795,0.78771,0.79755,0.0
2009-07-07,0.7973,0.80375,0.78833,0.78898,0.0
2009-07-08,0.78879,0.7897,0.77224,0.77828,0.0
2009-07-09,0.77828,0.78607,0.77531,0.78272,0.0
2009-07-10,0.78236,0.78488,0.77382,0.77852,0.0
2009-07-13,0.7786,0.78347,0.77022,0.78303,0.0
2009-07-14,0.78308,0.79383,0.78127,0.7929,0.0
2009-07-15,0.79293,0.80549,0.79258,0.80291,0.0
2009-07-16,0.80261,0.8072,0.79593,0.80601,0.0
2009-07-17,0.80577,0.80596,0.79713,0.8015,0.0
2009-07-20,0.80045,0.81748,0.80015,0.81647,0.0
2009-07-21,0.81647,0.81925,0.8089,0.81804,0.0
2009-07-22,0.81806,0.82128,0.80994,0.81555,0.0
2009-07-23,0.8156,0.82212,0.81078,0.81186,0.0
2009-07-24,0.81191,0.81886,0.81191,0.81711,0.0
2009-07-27,0.81865,0.82602,0.81444,0.82255,0.0
2009-07-28,0.82228,0.83372,0.81991,0.82668,0.0
2009-07-29,0.8268,0.82785,0.8126,0.8177,0.0
2009-07-30,0.81659,0.82858,0.81423,0.82556,0.0
2009-07-31,0.82553,0.83647,0.82362,0.83573,0.0
2009-08-03,0.83518,0.84394,0.83391,0.84193,0.0
2009-08-04,0.84195,0.84696,0.83848,0.84425,0.0
2009-08-05,0.84442,0.8455,0.83608,0.84041,0.0
2009-08-06,0.84034,0.84601,0.83683,0.8394,0.0
2009-08-07,0.83919,0.84397,0.83445,0.83731,0.0
2009-08-10,0.83366,0.84296,0.833,0.83723,0.0
2009-08-11,0.8373,0.83893,0.82753,0.82898,0.0
2009-08-12,0.82909,0.83703,0.81793,0.83341,0.0
2009-08-13,0.83303,0.84526,0.83188,0.84314,0.0
2009-08-14,0.84248,0.84774,0.8275,0.8325,0.0
2009-08-17,0.82934,0.83152,0.81557,0.82024,0.0
2009-08-18,0.8205,0.82744,0.81949,0.82662,0.0
2009-08-19,0.8265,0.83133,0.81749,0.82864,0.0
2009-08-20,0.82859,0.83323,0.82684,0.83133,0.0
2009-08-21,0.83145,0.83952,0.82164,0.83455,0.0
2009-08-24,0.8363,0.84283,0.83573,0.83869,0.0
2009-08-25,0.83869,0.84271,0.83363,0.8355,0.0
2009-08-26,0.8353,0.83868,0.82519,0.8283,0.0
2009-08-27,0.82795,0.84173,0.82384,0.83929,0.0
2009-08-28,0.83925,0.84695,0.83754,0.84085,0.0
2009-08-31,0.84114,0.84575,0.83382,0.84359,0.0
2009-09-01,0.8437,0.8449,0.8243,0.826,0.0
2009-09-02,0.82563,0.83725,0.82391,0.8336,0.0
2009-09-03,0.83303,0.84268,0.83152,0.84014,0.0
2009-09-04,0.84006,0.85338,0.83779,0.85033,0.0
2009-09-07,0.85132,0.85763,0.85097,0.85548,0.0
2009-09-08,0.85542,0.8657,0.85274,0.86138,0.0
2009-09-09,0.86138,0.86686,0.85649,0.86221,0.0
2009-09-10,0.86066,0.87333,0.85449,0.86385,0.0
2009-09-11,0.86385,0.86743,0.86062,0.86316,0.0
2009-09-14,0.86211,0.86309,0.85434,0.86209,0.0
2009-09-15,0.86211,0.86458,0.85627,0.86325,0.0
2009-09-16,0.86325,0.87493,0.8624,0.87333,0.0
2009-09-17,0.87355,0.87746,0.86901,0.87256,0.0
2009-09-18,0.87238,0.87319,0.86528,0.86726,0.0
2009-09-21,0.86675,0.86822,0.85897,0.86283,0.0
2009-09-22,0.86278,0.87586,0.86236,0.87332,0.0
2009-09-23,0.87305,0.87885,0.86867,0.86959,0.0
2009-09-24,0.86969,0.87688,0.86197,0.86479,0.0
2009-09-25,0.86459,0.87127,0.86077,0.86759,0.0
2009-09-28,0.86825,0.87548,0.85862,0.87235,0.0
2009-09-29,0.8725,0.87612,0.8675,0.87028,0.0
2009-09-30,0.87036,0.88461,0.8703,0.88273,0.0
2009-10-01,0.88305,0.88586,0.86764,0.8696,0.0
2009-10-02,0.86934,0.87131,0.85675,0.86509,0.0
2009-10-05,0.86668,0.87966,0.86463,0.87777,0.0
2009-10-06,0.87755,0.8919,0.87543,0.88995,0.0
2009-10-07,0.89007,0.89501,0.88652,0.89102,0.0
2009-10-08,0.89082,0.90904,0.89012,0.90602,0.0
2009-10-09,0.9061,0.90837,0.90124,0.9037,0.0
2009-10-12,0.90414,0.90823,0.89829,0.90715,0.0
2009-10-13,0.90735,0.91255,0.9032,0.90873,0.0
2009-10-14,0.90875,0.91571,0.9053,0.91487,0.0
2009-10-15,0.91487,0.92265,0.91457,0.9204,0.0
2009-10-16,0.92046,0.92702,0.9122,0.9162,0.0
2009-10-19,0.91357,0.92924,0.91122,0.92899,0.0
2009-10-20,0.92907,0.9311,0.91805,0.92363,0.0
2009-10-21,0.9238,0.93295,0.92185,0.92905,0.0
2009-10-22,0.92897,0.92979,0.91844,0.92668,0.0
2009-10-23,0.92675,0.92947,0.91989,0.92231,0.0
2009-10-26,0.92015,0.9276,0.9125,0.91608,0.0
2009-10-27,0.91613,0.92176,0.91208,0.91644,0.0
2009-10-28,0.91643,0.92047,0.89615,0.89703,0.0
2009-10-29,0.897,0.91801,0.89436,0.91497,0.0
2009-10-30,0.91458,0.91748,0.89779,0.89872,0.0
2009-11-02,0.89645,0.91209,0.89046,0.90385,0.0
2009-11-03,0.90375,0.90904,0.89155,0.90225,0.0
2009-11-04,0.90248,0.91426,0.89683,0.90999,0.0
2009-11-05,0.91004,0.91235,0.90239,0.91,0.0
2009-11-06,0.90992,0.91968,0.90906,0.91863,0.0
2009-11-09,0.92223,0.93073,0.91951,0.92966,0.0
2009-11-10,0.92946,0.93225,0.92546,0.93044,0.0
2009-11-11,0.93035,0.93428,0.92712,0.92962,0.0
2009-11-12,0.92981,0.93693,0.92095,0.92328,0.0
2009-11-13,0.92333,0.93423,0.92221,0.93276,0.0
2009-11-16,0.93358,0.94052,0.93155,0.93675,0.0
2009-11-17,0.93658,0.93755,0.92358,0.93044,0.0
2009-11-18,0.93044,0.93374,0.92648,0.92963,0.0
2009-11-19,0.92938,0.93017,0.91316,0.91843,0.0
2009-11-20,0.91853,0.92143,0.90604,0.9144,0.0
2009-11-23,0.91382,0.92757,0.91367,0.92369,0.0
2009-11-24,0.92371,0.92551,0.91305,0.91924,0.0
2009-11-25,0.91897,0.93215,0.91897,0.93196,0.0
2009-11-26,0.93199,0.93216,0.90928,0.91357,0.0
2009-11-27,0.91351,0.91351,0.89457,0.90607,0.0
2009-11-30,0.91273,0.91928,0.90943,0.91582,0.0
2009-12-01,0.91599,0.92701,0.91047,0.92499,0.0
2009-12-02,0.9248,0.92942,0.92308,0.92466,0.0
2009-12-03,0.92474,0.93214,0.92317,0.92379,0.0
2009-12-04,0.92334,0.92925,0.91083,0.91451,0.0
2009-12-07,0.91309,0.91876,0.90517,0.91254,0.0
2009-12-08,0.91269,0.91636,0.90194,0.90358,0.0
2009-12-09,0.90361,0.91137,0.90145,0.90855,0.0
2009-12-10,0.90822,0.91894,0.90057,0.91688,0.0
2009-12-11,0.91635,0.91941,0.909,0.91253,0.0
2009-12-14,0.9109,0.91737,0.90532,0.91655,0.0
2009-12-15,0.91682,0.91731,0.9033,0.90607,0.0
2009-12-16,0.90552,0.9069,0.89547,0.90057,0.0
2009-12-17,0.90057,0.90112,0.88457,0.88662,0.0
2009-12-18,0.88651,0.89153,0.88097,0.88976,0.0
2009-12-21,0.89082,0.89106,0.88048,0.88119,0.0
2009-12-22,0.88129,0.88336,0.87495,0.87585,0.0
2009-12-23,0.87535,0.88176,0.87339,0.87981,0.0
2009-12-24,0.87968,0.88592,0.87814,0.88255,0.0
2009-12-28,0.88494,0.88902,0.88254,0.88674,0.0
2009-12-29,0.88637,0.89922,0.88557,0.89469,0.0
2009-12-30,0.89469,0.89582,0.89011,0.89425,0.0
2009-12-31,0.89404,0.90097,0.89285,0.89729,0.0
2010-01-04,0.89829,0.91367,0.89373,0.91256,0.0
2010-01-05,0.91256,0.91736,0.90912,0.91179,0.0
2010-01-06,0.91164,0.92163,0.90982,0.91963,0.0
2010-01-07,0.91914,0.92654,0.91581,0.91735,0.0
2010-01-08,0.91754,0.9253,0.91212,0.92446,0.0
2010-01-11,0.92881,0.93245,0.92737,0.92954,0.0
2010-01-12,0.92929,0.93051,0.91697,0.91988,0.0
2010-01-13,0.91994,0.92667,0.9188,0.92403,0.0
2010-01-14,0.92411,0.93293,0.92257,0.93162,0.0
2010-01-15,0.93163,0.93183,0.92138,0.92227,0.0
2010-01-18,0.92075,0.92786,0.91737,0.92613,0.0
2010-01-19,0.92622,0.92733,0.91746,0.92308,0.0
2010-01-20,0.9228,0.92421,0.90722,0.90992,0.0
2010-01-21,0.91003,0.91452,0.89956,0.89998,0.0
2010-01-22,0.8994,0.90915,0.89815,0.90038,0.0
2010-01-25,0.90324,0.90924,0.90131,0.90402,0.0
2010-01-26,0.90408,0.90837,0.89371,0.89838,0.0
2010-01-27,0.89826,0.90445,0.89097,0.89522,0.0
2010-01-28,0.89476,0.90466,0.89273,0.89446,0.0
2010-01-29,0.89418,0.89614,0.88321,0.88357,0.0
2010-02-01,0.88011,0.89185,0.87878,0.89125,0.0
2010-02-02,0.89115,0.89265,0.87797,0.88628,0.0
2010-02-03,0.88656,0.89147,0.88117,0.88285,0.0
2010-02-04,0.88268,0.88271,0.86061,0.8644,0.0
2010-02-05,0.8645,0.87179,0.85771,0.86828,0.0
2010-02-08,0.8666,0.87081,0.86401,0.86467,0.0
2010-02-09,0.86462,0.87961,0.86203,0.87866,0.0
2010-02-10,0.87885,0.87959,0.87081,0.87535,0.0
2010-02-11,0.87525,0.89195,0.8749,0.89016,0.0
2010-02-12,0.89026,0.8915,0.87845,0.8875,0.0
2010-02-15,0.88822,0.89092,0.88476,0.88826,0.0
2010-02-16,0.88816,0.90264,0.88757,0.90204,0.0
2010-02-17,0.90185,0.90355,0.89733,0.89931,0.0
2010-02-18,0.89878,0.9025,0.89218,0.8939,0.0
2010-02-19,0.89448,0.89887,0.88772,0.89858,0.0
2010-02-22,0.90113,0.90229,0.89723,0.90031,0.0
2010-02-23,0.9003,0.90701,0.88776,0.89118,0.0
2010-02-24,0.89153,0.89551,0.88561,0.89352,0.0
2010-02-25,0.89354,0.89514,0.88001,0.88828,0.0
2010-02-26,0.88813,0.89784,0.88622,0.89546,0.0
2010-03-01,0.89598,0.90144,0.89341,0.90081,0.0
2010-03-02,0.90056,0.90586,0.89562,0.90338,0.0
2010-03-03,0.90327,0.90843,0.90067,0.90571,0.0
2010-03-04,0.90574,0.90628,0.89776,0.89995,0.0
2010-03-05,0.89942,0.90922,0.8984,0.90762,0.0
2010-03-08,0.90835,0.91316,0.90749,0.90915,0.0
2010-03-09,0.90915,0.91467,0.90546,0.91393,0.0
2010-03-10,0.91403,0.9192,0.91254,0.91544,0.0
2010-03-11,0.91528,0.91692,0.91102,0.91522,0.0
2010-03-12,0.91518,0.91943,0.91392,0.915,0.0
2010-03-15,0.91807,0.91817,0.90947,0.91459,0.0
2010-03-16,0.91434,0.9192,0.91184,0.91844,0.0
2010-03-17,0.91854,0.92513,0.91728,0.92351,0.0
2010-03-18,0.92331,0.92417,0.91791,0.92058,0.0
2010-03-19,0.92053,0.92234,0.91274,0.91532,0.0
2010-03-22,0.91537,0.91832,0.90838,0.91819,0.0
2010-03-23,0.91775,0.91978,0.91354,0.91866,0.0
2010-03-24,0.91861,0.91963,0.90706,0.90731,0.0
2010-03-25,0.90725,0.91395,0.90652,0.90732,0.0
2010-03-26,0.90742,0.91166,0.90006,0.90385,0.0
2010-03-29,0.90512,0.91779,0.90321,0.91756,0.0
2010-03-30,0.91781,0.9215,0.91584,0.91961,0.0
2010-03-31,0.91836,0.92053,0.91299,0.91704,0.0
2010-04-01,0.91696,0.92162,0.91495,0.92099,0.0
2010-04-02,0.92075,0.92135,0.91816,0.919,0.0
2010-04-05,0.92001,0.92203,0.9185,0.9212,0.0
2010-04-06,0.92125,0.92874,0.91648,0.9282,0.0
2010-04-07,0.9277,0.92967,0.92477,0.9266,0.0
2010-04-08,0.92667,0.92895,0.92224,0.92868,0.0
2010-04-09,0.92833,0.93457,0.92653,0.93345,0.0
2010-04-12,0.93857,0.93871,0.92519,0.92739,0.0
2010-04-13,0.92724,0.92934,0.92229,0.929,0.0
2010-04-14,0.92904,0.93593,0.92724,0.93495,0.0
2010-04-15,0.93505,0.93642,0.93085,0.9344,0.0
2010-04-16,0.93463,0.93534,0.92304,0.92426,0.0
2010-04-19,0.92108,0.92433,0.91567,0.9237,0.0
2010-04-20,0.92385,0.93232,0.9237,0.93166,0.0
2010-04-21,0.93178,0.93373,0.92583,0.92674,0.0
2010-04-22,0.92604,0.93033,0.92262,0.92729,0.0
2010-04-23,0.92737,0.92783,0.91699,0.92773,0.0
2010-04-26,0.92559,0.9311,0.92505,0.92679,0.0
2010-04-27,0.92665,0.92857,0.9135,0.91527,0.0
2010-04-28,0.91526,0.92663,0.91356,0.92496,0.0
2010-04-29,0.9255,0.92932,0.92214,0.92753,0.0
2010-04-30,0.9275,0.93234,0.92351,0.92414,0.0
2010-05-03,0.92257,0.92744,0.92251,0.92598,0.0
2010-05-04,0.9261,0.9272,0.90824,0.9087,0.0
2010-05-05,0.90884,0.91173,0.90196,0.90604,0.0
2010-05-06,0.90489,0.90922,0.87085,0.88499,0.0
2010-05-07,0.88429,0.89371,0.87991,0.88811,0.0
2010-05-10,0.9008,0.90776,0.89221,0.90264,0.0
2010-05-11,0.90279,0.90347,0.89315,0.89503,0.0
2010-05-12,0.89469,0.89792,0.88882,0.89347,0.0
2010-05-13,0.89304,0.9025,0.89304,0.89607,0.0
2010-05-14,0.89544,0.8973,0.88499,0.88564,0.0
2010-05-17,0.8849,0.88598,0.86848,0.87728,0.0
2010-05-18,0.8772,0.87884,0.86245,0.8642,0.0
2010-05-19,0.86345,0.86373,0.83556,0.84697,0.0
2010-05-20,0.84683,0.84973,0.81497,0.81699,0.0
2010-05-21,0.8162,0.83653,0.80699,0.83244,0.0
2010-05-24,0.83184,0.83568,0.81849,0.82635,0.0
2010-05-25,0.82651,0.82768,0.80667,0.82754,0.0
2010-05-26,0.82779,0.83889,0.8188,0.8214,0.0
2010-05-27,0.82152,0.85282,0.82009,0.85117,0.0
2010-05-28,0.85212,0.85502,0.8428,0.84717,0.0
2010-05-31,0.84547,0.85138,0.83816,0.84566,0.0
2010-06-01,0.84544,0.84754,0.82803,0.83107,0.0
2010-06-02,0.83094,0.8423,0.82751,0.84186,0.0
2010-06-03,0.84197,0.85221,0.83634,0.84464,0.0
2010-06-04,0.84477,0.84758,0.82128,0.82313,0.0
2010-06-07,0.81994,0.82267,0.80948,0.81018,0.0
2010-06-08,0.81026,0.82849,0.80813,0.82755,0.0
2010-06-09,0.82755,0.8357,0.81938,0.82755,0.0
2010-06-10,0.82847,0.8507,0.82612,0.85002,0.0
2010-06-11,0.84945,0.85055,0.84251,0.85012,0.0
2010-06-14,0.85295,0.86662,0.85074,0.8586,0.0
2010-06-15,0.85835,0.86604,0.85046,0.86544,0.0
2010-06-16,0.86534,0.86731,0.85804,0.86382,0.0
2010-06-17,0.86375,0.86859,0.85818,0.86853,0.0
2010-06-18,0.86792,0.87287,0.86511,0.87187,0.0
2010-06-21,0.88159,0.88575,0.87511,0.8763,0.0
2010-06-22,0.87622,0.88289,0.87129,0.87142,0.0
2010-06-23,0.87172,0.87805,0.86595,0.87381,0.0
2010-06-24,0.87382,0.87699,0.86407,0.86658,0.0
2010-06-25,0.86703,0.8757,0.85944,0.87352,0.0
2010-06-28,0.87325,0.87753,0.87064,0.87205,0.0
2010-06-29,0.87192,0.87204,0.84713,0.84857,0.0
2010-06-30,0.84846,0.85656,0.84021,0.84062,0.0
2010-07-01,0.84019,0.84478,0.8315,0.84307,0.0
2010-07-02,0.84295,0.85096,0.84016,0.84135,0.0
2010-07-05,0.84165,0.84665,0.83696,0.83912,0.0
2010-07-06,0.83918,0.85589,0.83159,0.85255,0.0
2010-07-07,0.85319,0.86627,0.84484,0.86419,0.0
2010-07-08,0.86417,0.87904,0.8621,0.87724,0.0
2010-07-09,0.87736,0.87859,0.87262,0.8773,0.0
2010-07-12,0.87724,0.87784,0.87006,0.87583,0.0
2010-07-13,0.87549,0.88405,0.86816,0.88307,0.0
2010-07-14,0.88328,0.88696,0.87842,0.88503,0.0
2010-07-15,0.88456,0.88534,0.87259,0.88431,0.0
2010-07-16,0.88367,0.88442,0.8681,0.8687,0.0
2010-07-19,0.86616,0.87179,0.8632,0.86831,0.0
2010-07-20,0.8685,0.88454,0.86672,0.88375,0.0
2010-07-21,0.88359,0.88587,0.87618,0.878,0.0
2010-07-22,0.87814,0.89515,0.87363,0.89321,0.0
2010-07-23,0.8934,0.897,0.88943,0.8954,0.0
2010-07-26,0.89558,0.90347,0.89267,0.90245,0.0
2010-07-27,0.90271,0.9068,0.8999,0.90218,0.0
2010-07-28,0.90226,0.90243,0.89066,0.89295,0.0
2010-07-29,0.89291,0.90421,0.89045,0.90031,0.0
2010-07-30,0.90017,0.90654,0.89646,0.90433,0.0
2010-08-02,0.90529,0.91447,0.90441,0.9134,0.0
2010-08-03,0.9135,0.91486,0.90698,0.91266,0.0
2010-08-04,0.91265,0.91824,0.90935,0.9163,0.0
2010-08-05,0.91632,0.91745,0.91155,0.91606,0.0
2010-08-06,0.9154,0.92208,0.91348,0.91801,0.0
2010-08-09,0.91899,0.92045,0.91524,0.91637,0.0
2010-08-10,0.91642,0.9165,0.90575,0.91327,0.0
2010-08-11,0.91312,0.91386,0.89666,0.89679,0.0
2010-08-12,0.89689,0.90071,0.89133,0.89605,0.0
2010-08-13,0.89615,0.90341,0.89211,0.89267,0.0
2010-08-16,0.89298,0.89935,0.88573,0.89805,0.0
2010-08-17,0.89806,0.90784,0.89452,0.90507,0.0
2010-08-18,0.90497,0.90582,0.89721,0.89814,0.0
2010-08-19,0.89836,0.90173,0.89045,0.8926,0.0
2010-08-20,0.89255,0.89399,0.88401,0.89371,0.0
2010-08-23,0.88611,0.89814,0.88568,0.89122,0.0
2010-08-24,0.89123,0.89136,0.87949,0.88161,0.0
2010-08-25,0.88154,0.88938,0.87696,0.88396,0.0
2010-08-26,0.88374,0.8917,0.8831,0.88621,0.0
2010-08-27,0.8861,0.89981,0.88443,0.8988,0.0
2010-08-30,0.90185,0.90296,0.89166,0.89166,0.0
2010-08-31,0.89182,0.89556,0.88596,0.89052,0.0
2010-09-01,0.89036,0.9115,0.89007,0.9115,0.0
2010-09-02,0.9114,0.91205,0.90537,0.91091,0.0
2010-09-03,0.91092,0.9174,0.90657,0.91643,0.0
2010-09-06,0.91532,0.91801,0.91448,0.91728,0.0
2010-09-07,0.91732,0.91777,0.90921,0.91061,0.0
2010-09-08,0.91072,0.91927,0.90969,0.91797,0.0
2010-09-09,0.91813,0.92761,0.917,0.92276,0.0
2010-09-10,0.92298,0.92683,0.92045,0.92633,0.0
2010-09-13,0.92949,0.93618,0.92869,0.93584,0.0
2010-09-14,0.9358,0.94562,0.93123,0.93952,0.0
2010-09-15,0.93953,0.94287,0.93414,0.93793,0.0
2010-09-16,0.9377,0.9394,0.93296,0.93669,0.0
2010-09-17,0.93668,0.94671,0.93495,0.93601,0.0
2010-09-20,0.93764,0.94928,0.93603,0.94711,0.0
2010-09-21,0.94717,0.95639,0.9441,0.95505,0.0
2010-09-22,0.95526,0.95991,0.95082,0.95668,0.0
2010-09-23,0.95666,0.95741,0.94666,0.94886,0.0
2010-09-24,0.94874,0.96136,0.9462,0.95899,0.0
2010-09-27,0.96102,0.96438,0.95721,0.96078,0.0
2010-09-28,0.96073,0.96853,0.95588,0.96721,0.0
2010-09-29,0.96738,0.97285,0.96578,0.96942,0.0
2010-09-30,0.96912,0.9733,0.96237,0.96699,0.0
2010-10-01,0.9671,0.9749,0.96348,0.97219,0.0
2010-10-04,0.97265,0.97293,0.96522,0.9682,0.0
2010-10-05,0.96803,0.97251,0.95411,0.97168,0.0
2010-10-06,0.97165,0.97905,0.96925,0.9773,0.0
2010-10-07,0.97711,0.99171,0.97562,0.98243,0.0
2010-10-08,0.98222,0.98709,0.97081,0.98464,0.0
2010-10-11,0.98944,0.99059,0.98211,0.98368,0.0
2010-10-12,0.98365,0.98761,0.9766,0.98611,0.0
2010-10-13,0.98601,0.99355,0.98331,0.99033,0.0
2010-10-14,0.99007,0.99931,0.98904,0.99406,0.0
2010-10-15,0.99406,1.00022,0.9862,0.99053,0.0
2010-10-18,0.99263,0.99438,0.98002,0.9888,0.0
2010-10-19,0.98877,0.99536,0.96611,0.96853,0.0
2010-10-20,0.96854,0.98894,0.9662,0.98699,0.0
2010-10-21,0.98694,0.9891,0.97416,0.9771,0.0
2010-10-22,0.97715,0.98531,0.97573,0.9825,0.0
2010-10-25,0.98699,0.99734,0.98239,0.99044,0.0
2010-10-26,0.99024,0.99264,0.98137,0.98521,0.0
2010-10-27,0.98524,0.98678,0.96511,0.97185,0.0
2010-10-28,0.97175,0.98192,0.97151,0.97874,0.0
2010-10-29,0.97873,0.98378,0.96781,0.98344,0.0
2010-11-01,0.98523,0.99142,0.98133,0.98691,0.0
2010-11-02,0.98721,1.0023,0.98648,0.99942,0.0
2010-11-03,0.99942,1.00629,0.98922,1.00605,0.0
2010-11-04,1.00568,1.01756,1.00203,1.01477,0.0
2010-11-05,1.01458,1.0182,1.00849,1.01575,0.0
2010-11-08,1.01505,1.01654,1.00782,1.01345,0.0
2010-11-09,1.0133,1.01729,0.99978,1.00338,0.0
2010-11-10,1.00338,1.00714,0.99745,1.00519,0.0
2010-11-11,1.00485,1.00968,0.99552,0.99772,0.0
2010-11-12,0.99753,1.00029,0.98245,0.98444,0.0
2010-11-15,0.98867,0.9919,0.98119,0.98521,0.0
2010-11-16,0.98517,0.98922,0.97238,0.97647,0.0
2010-11-17,0.97652,0.98338,0.97254,0.9796,0.0
2010-11-18,0.9794,0.99051,0.97861,0.9898,0.0
2010-11-19,0.98952,0.99111,0.98125,0.98644,0.0
2010-11-22,0.98741,0.99531,0.98225,0.98857,0.0
2010-11-23,0.98841,0.98882,0.97076,0.97208,0.0
2010-11-24,0.97194,0.98524,0.97169,0.98166,0.0
2010-11-25,0.98148,0.98499,0.97604,0.98067,0.0
2010-11-26,0.98058,0.98164,0.96117,0.96426,0.0
2010-11-29,0.96802,0.96986,0.9566,0.96296,0.0
2010-11-30,0.96251,0.96594,0.95434,0.95863,0.0
2010-12-01,0.95871,0.96974,0.95367,0.9682,0.0
2010-12-02,0.96791,0.97777,0.96218,0.97694,0.0
2010-12-03,0.97659,0.99377,0.97388,0.99302,0.0
2010-12-06,0.98988,0.99263,0.98481,0.98974,0.0
2010-12-07,0.98911,0.99644,0.98217,0.98278,0.0
2010-12-08,0.98235,0.98549,0.97518,0.97948,0.0
2010-12-09,0.97921,0.98834,0.9775,0.98365,0.0
2010-12-10,0.98358,0.98961,0.98273,0.98518,0.0
2010-12-13,0.98381,0.9984,0.98314,0.9961,0.0
2010-12-14,0.99589,1.00273,0.99416,0.99895,0.0
2010-12-15,0.99887,0.9994,0.98401,0.9869,0.0
2010-12-16,0.98677,0.99065,0.98301,0.98999,0.0
2010-12-17,0.9899,0.99257,0.98397,0.98797,0.0
2010-12-20,0.98864,0.99483,0.98609,0.9933,0.0
2010-12-21,0.99335,0.99924,0.99165,0.99785,0.0
2010-12-22,0.99774,1.00108,0.99501,0.9988,0.0
2010-12-23,0.9986,1.00657,0.99833,1.00409,0.0
2010-12-24,1.00395,1.005,1.00199,1.00439,0.0
2010-12-27,1.00085,1.00566,0.9987,1.00437,0.0
2010-12-28,1.00432,1.01512,1.00385,1.00989,0.0
2010-12-29,1.00989,1.01829,1.00876,1.01779,0.0
2010-12-30,1.0178,1.0197,1.01179,1.01709,0.0
2010-12-31,1.01719,1.02558,1.01504,1.02367,0.0
2011-01-03,1.02013,1.02237,1.01544,1.01668,0.0
2011-01-04,1.01651,1.01705,1.00274,1.00508,0.0
2011-01-05,1.00467,1.00749,0.99595,0.99943,0.0
2011-01-06,0.99933,1.00143,0.99323,0.99423,0.0
2011-01-07,0.99416,0.99917,0.99068,0.9955,0.0
2011-01-10,0.99266,0.99815,0.98825,0.99547,0.0
2011-01-11,0.99526,0.99542,0.98196,0.98699,0.0
2011-01-12,0.98713,0.99657,0.98031,0.99647,0.0
2011-01-13,0.99623,1.00194,0.99149,0.9975,0.0
2011-01-14,0.99786,0.99925,0.98555,0.98852,0.0
2011-01-17,0.99069,0.99678,0.98621,0.99368,0.0
2011-01-18,0.99365,1.00048,0.98968,0.99935,0.0
2011-01-19,0.99909,1.00763,0.99614,1.00078,0.0
2011-01-20,1.0005,1.00063,0.98316,0.98692,0.0
2011-01-21,0.98683,0.99177,0.98395,0.98957,0.0
2011-01-24,0.98799,1.00213,0.98633,0.99726,0.0
2011-01-25,0.99727,0.99926,0.98893,0.99656,0.0
2011-01-26,0.99626,0.99976,0.99298,0.99916,0.0
2011-01-27,0.99858,1.00005,0.98754,0.99181,0.0
2011-01-28,0.99178,0.99846,0.98831,0.99395,0.0
2011-01-31,0.9891,0.99887,0.98654,0.99727,0.0
2011-02-01,0.99731,1.01474,0.99626,1.01096,0.0
2011-02-02,1.01077,1.01331,1.00547,1.01003,0.0
2011-02-03,1.00994,1.01627,1.00823,1.01521,0.0
2011-02-04,1.01487,1.01998,1.01106,1.01358,0.0
2011-02-07,1.01316,1.01602,1.01035,1.0134,0.0
2011-02-08,1.01328,1.01884,1.01136,1.01452,0.0
2011-02-09,1.01439,1.01511,1.00874,1.01236,0.0
2011-02-10,1.01188,1.01389,1.00094,1.00426,0.0
2011-02-11,1.00421,1.00425,0.99598,1.00191,0.0
2011-02-14,0.99824,1.00734,0.99802,1.00272,0.0
2011-02-15,1.00244,1.00572,0.99433,0.99634,0.0
2011-02-16,0.99629,1.00553,0.99584,1.00302,0.0
2011-02-17,1.0031,1.01298,1.00168,1.01175,0.0
2011-02-18,1.01197,1.0157,1.0088,1.01427,0.0
2011-02-21,1.01369,1.01505,1.00728,1.00924,0.0
2011-02-22,1.00936,1.00946,0.99667,0.99871,0.0
2011-02-23,0.99868,1.00588,0.99814,1.00209,0.0
2011-02-24,1.00186,1.0123,1.0001,1.00875,0.0
2011-02-25,1.00871,1.01781,1.00865,1.01754,0.0
2011-02-28,1.01517,1.0192,1.01195,1.01845,0.0
2011-03-01,1.01832,1.02012,1.01237,1.01329,0.0
2011-03-02,1.01332,1.01818,1.00847,1.01672,0.0
2011-03-03,1.01657,1.01883,1.01246,1.01444,0.0
2011-03-04,1.01411,1.01498,1.00747,1.01364,0.0
2011-03-07,1.01457,1.01848,1.00905,1.01172,0.0
2011-03-08,1.01177,1.01334,1.00528,1.00975,0.0
2011-03-09,1.00991,1.01317,1.00593,1.01061,0.0
2011-03-10,1.01031,1.01167,0.999,1.00061,0.0
2011-03-11,1.00071,1.01577,0.99679,1.01369,0.0
2011-03-14,1.01444,1.01509,1.00462,1.00961,0.0
2011-03-15,1.00966,1.01054,0.98145,0.9908,0.0
2011-03-16,0.9901,0.99627,0.97608,0.98367,0.0
2011-03-17,0.98366,0.98727,0.97039,0.98017,0.0
2011-03-18,0.98017,0.9978,0.97801,0.99586,0.0
2011-03-21,0.99567,1.00687,0.99377,1.00622,0.0
2011-03-22,1.00612,1.01273,1.00363,1.01015,0.0
2011-03-23,1.0101,1.01554,1.00636,1.01302,0.0
2011-03-24,1.013,1.02277,1.0112,1.02112,0.0
2011-03-25,1.02098,1.02932,1.01857,1.02574,0.0
2011-03-28,1.02356,1.03135,1.0232,1.02425,0.0
2011-03-29,1.02433,1.02952,1.02037,1.02895,0.0
2011-03-30,1.02905,1.03364,1.02685,1.03275,0.0
2011-03-31,1.0324,1.03723,1.03094,1.0327,0.0
2011-04-01,1.0327,1.03962,1.03128,1.03839,0.0
2011-04-04,1.03974,1.04165,1.03358,1.03613,0.0
2011-04-05,1.03603,1.03728,1.02877,1.0328,0.0
2011-04-06,1.03283,1.04505,1.03145,1.04394,0.0
2011-04-07,1.04393,1.05075,1.04117,1.04681,0.0
2011-04-08,1.04681,1.05818,1.04518,1.05627,0.0
2011-04-11,1.05634,1.058,1.04835,1.04945,0.0
2011-04-12,1.04943,1.05223,1.03891,1.0435,0.0
2011-04-13,1.04345,1.05384,1.04278,1.0505,0.0
2011-04-14,1.05025,1.05482,1.04569,1.05423,0.0
2011-04-15,1.054,1.05779,1.05103,1.05645,0.0
2011-04-18,1.05617,1.05721,1.04534,1.05076,0.0
2011-04-19,1.051,1.05324,1.04426,1.05243,0.0
2011-04-20,1.05235,1.07218,1.05178,1.0711,0.0
2011-04-21,1.07105,1.07738,1.0676,1.0745,0.0
2011-04-22,1.0746,1.0755,1.07197,1.07308,0.0
2011-04-25,1.07345,1.07748,1.06838,1.07195,0.0
2011-04-26,1.0719,1.07915,1.06766,1.0777,0.0
2011-04-27,1.07735,1.0878,1.07734,1.08709,0.0
2011-04-28,1.0862,1.09471,1.08509,1.09215,0.0
2011-04-29,1.092,1.09768,1.08807,1.09657,0.0
2011-05-02,1.09565,1.10113,1.09208,1.09371,0.0
2011-05-03,1.09415,1.09517,1.08377,1.08385,0.0
2011-05-04,1.08395,1.08763,1.07289,1.0738,0.0
2011-05-05,1.07365,1.07705,1.05361,1.0573,0.0
2011-05-06,1.05735,1.08021,1.05735,1.06956,0.0
2011-05-09,1.07104,1.08113,1.06952,1.08041,0.0
2011-05-10,1.08,1.08495,1.07356,1.08374,0.0
2011-05-11,1.08353,1.08882,1.06635,1.06977,0.0
2011-05-12,1.06943,1.07131,1.05663,1.0676,0.0
2011-05-13,1.06715,1.07159,1.05199,1.05697,0.0
2011-05-16,1.05765,1.06422,1.05129,1.05552,0.0
2011-05-17,1.05475,1.06277,1.0505,1.06272,0.0
2011-05-18,1.062,1.06646,1.05686,1.06298,0.0
2011-05-19,1.062,1.06805,1.05939,1.06672,0.0
2011-05-20,1.06615,1.07102,1.06096,1.06629,0.0
2011-05-23,1.06397,1.06557,1.04785,1.05031,0.0
2011-05-24,1.0497,1.05823,1.0479,1.05574,0.0
2011-05-25,1.05536,1.05606,1.04398,1.05306,0.0
2011-05-26,1.05292,1.06478,1.05094,1.06446,0.0
2011-05-27,1.06428,1.07183,1.06077,1.07051,0.0
2011-05-30,1.07206,1.0723,1.06742,1.06916,0.0
2011-05-31,1.0689,1.07566,1.06423,1.06707,0.0
2011-06-01,1.06683,1.07527,1.06018,1.06099,0.0
2011-06-02,1.06107,1.06881,1.0587,1.06726,0.0
2011-06-03,1.06672,1.07743,1.05941,1.07134,0.0
2011-06-06,1.07152,1.07668,1.06913,1.07126,0.0
2011-06-07,1.07111,1.07487,1.06709,1.07176,0.0
2011-06-08,1.072,1.07246,1.05882,1.06232,0.0
2011-06-09,1.06256,1.06625,1.05626,1.06248,0.0
2011-06-10,1.06261,1.06525,1.05252,1.05343,0.0
2011-06-13,1.05308,1.06369,1.05232,1.06014,0.0
2011-06-14,1.05952,1.07147,1.05679,1.0684,0.0
2011-06-15,1.06816,1.07134,1.05352,1.05763,0.0
2011-06-16,1.05731,1.05901,1.04773,1.05549,0.0
2011-06-17,1.05515,1.06345,1.0505,1.06159,0.0
2011-06-20,1.05993,1.06171,1.0496,1.05799,0.0
2011-06-21,1.05798,1.0619,1.05319,1.0603,0.0
2011-06-22,1.05978,1.06498,1.05648,1.05761,0.0
2011-06-23,1.05605,1.05759,1.04546,1.05221,0.0
2011-06-24,1.05163,1.06001,1.04842,1.04871,0.0
2011-06-27,1.0478,1.04877,1.03901,1.04422,0.0
2011-06-28,1.04364,1.05439,1.04356,1.05401,0.0
2011-06-29,1.05338,1.06856,1.05188,1.06812,0.0
2011-06-30,1.06682,1.07501,1.06671,1.07211,0.0
2011-07-01,1.0715,1.07892,1.0673,1.07627,0.0
2011-07-04,1.07735,1.07851,1.07117,1.0726,0.0
2011-07-05,1.07258,1.07466,1.06637,1.06864,0.0
2011-07-06,1.06866,1.07328,1.0654,1.06983,0.0
2011-07-07,1.06928,1.07796,1.06856,1.07691,0.0
2011-07-08,1.07688,1.07875,1.07037,1.07478,0.0
2011-07-11,1.0708,1.07321,1.06306,1.06493,0.0
2011-07-12,1.065,1.06645,1.05248,1.05902,0.0
2011-07-13,1.05903,1.07778,1.05784,1.07512,0.0
2011-07-14,1.0751,1.07902,1.06934,1.07171,0.0
2011-07-15,1.07165,1.07454,1.06187,1.06386,0.0
2011-07-18,1.06225,1.06535,1.056,1.05999,0.0
2011-07-19,1.05997,1.07412,1.05983,1.07253,0.0
2011-07-20,1.07264,1.07596,1.07099,1.07467,0.0
2011-07-21,1.07472,1.08567,1.06934,1.08393,0.0
2011-07-22,1.08383,1.08739,1.08195,1.08424,0.0
2011-07-25,1.0823,1.08763,1.07949,1.08435,0.0
2011-07-26,1.0844,1.09686,1.08206,1.09549,0.0
2011-07-27,1.0954,1.10796,1.09304,1.10177,0.0
2011-07-28,1.10157,1.10746,1.09756,1.10023,0.0
2011-07-29,1.10014,1.10175,1.09102,1.09919,0.0
2011-08-01,1.10232,1.10644,1.09221,1.0969,0.0
2011-08-02,1.09687,1.10065,1.07774,1.07794,0.0
2011-08-03,1.07787,1.0785,1.06784,1.07535,0.0
2011-08-04,1.07525,1.07787,1.04562,1.04623,0.0
2011-08-05,1.04618,1.05263,1.03746,1.04405,0.0
2011-08-08,1.04244,1.04499,1.01798,1.01854,0.0
2011-08-09,1.01859,1.03778,0.99264,1.0349,0.0
2011-08-10,1.03494,1.0414,1.01674,1.01762,0.0
2011-08-11,1.01766,1.03587,1.01104,1.035,0.0
2011-08-12,1.03501,1.03617,1.02449,1.03461,0.0
2011-08-15,1.03655,1.05122,1.03512,1.05058,0.0
2011-08-16,1.05051,1.05123,1.04055,1.04835,0.0
2011-08-17,1.04836,1.06009,1.04324,1.05477,0.0
2011-08-18,1.05479,1.05575,1.03519,1.03886,0.0
2011-08-19,1.03877,1.04805,1.03147,1.04019,0.0
2011-08-22,1.03779,1.04722,1.03619,1.04082,0.0
2011-08-23,1.04079,1.05336,1.03857,1.05245,0.0
2011-08-24,1.05243,1.05316,1.04466,1.04727,0.0
2011-08-25,1.0473,1.05125,1.04222,1.04295,0.0
2011-08-26,1.04297,1.0592,1.0417,1.05657,0.0
2011-08-29,1.05857,1.06603,1.05597,1.06542,0.0
2011-08-30,1.06547,1.07198,1.06205,1.06818,0.0
2011-08-31,1.06824,1.07201,1.06467,1.07056,0.0
2011-09-01,1.07052,1.07642,1.06602,1.07205,0.0
2011-09-02,1.07212,1.07331,1.06257,1.06417,0.0
2011-09-05,1.06034,1.06171,1.0512,1.05478,0.0
2011-09-06,1.0548,1.06266,1.04813,1.04826,0.0
2011-09-07,1.04825,1.06607,1.04825,1.066,0.0
2011-09-08,1.06608,1.06608,1.05655,1.05745,0.0
2011-09-09,1.05744,1.06346,1.04209,1.04647,0.0
2011-09-12,1.04269,1.04407,1.02554,1.03443,0.0
2011-09-13,1.03444,1.03745,1.02619,1.03108,0.0
2011-09-14,1.03104,1.03706,1.01771,1.02783,0.0
2011-09-15,1.02766,1.03458,1.01821,1.03271,0.0
2011-09-16,1.0327,1.03977,1.02941,1.03565,0.0
2011-09-19,1.02969,1.03142,1.01665,1.02202,0.0
2011-09-20,1.022,1.03119,1.01476,1.02732,0.0
2011-09-21,1.02738,1.02915,1.00331,1.00424,0.0
2011-09-22,1.00395,1.00791,0.96904,0.97406,0.0
2011-09-23,0.97403,0.98664,0.96676,0.97835,0.0
2011-09-26,0.98072,0.98365,0.96215,0.98312,0.0
2011-09-27,0.9831,0.99852,0.97759,0.99113,0.0
2011-09-28,0.99125,0.99546,0.9774,0.97794,0.0
2011-09-29,0.97784,0.9878,0.9701,0.97794,0.0
2011-09-30,0.97795,0.98085,0.96594,0.96594,0.0
2011-10-03,0.9653,0.96997,0.95256,0.95265,0.0
2011-10-04,0.95269,0.95957,0.93869,0.95652,0.0
2011-10-05,0.95702,0.96643,0.94869,0.96578,0.0
2011-10-06,0.96576,0.97667,0.96213,0.97474,0.0
2011-10-07,0.97437,0.98787,0.97274,0.9764,0.0
2011-10-10,0.97485,1.0014,0.97485,0.99906,0.0
2011-10-11,0.99859,1.00048,0.99052,0.99508,0.0
2011-10-12,0.99507,1.02056,0.9865,1.0156,0.0
2011-10-13,1.01525,1.02312,1.01013,1.01899,0.0
2011-10-14,1.01878,1.03446,1.0144,1.03359,0.0
2011-10-17,1.03227,1.03709,1.01474,1.01539,0.0
2011-10-18,1.01555,1.03262,1.01176,1.02607,0.0
2011-10-19,1.02614,1.03527,1.02041,1.0223,0.0
2011-10-20,1.02207,1.02983,1.01465,1.02348,0.0
2011-10-21,1.02311,1.0377,1.02025,1.03716,0.0
2011-10-24,1.03307,1.04999,1.03146,1.0472,0.0
2011-10-25,1.04727,1.04964,1.03967,1.04277,0.0
2011-10-26,1.04264,1.04353,1.03207,1.03992,0.0
2011-10-27,1.03977,1.07522,1.03811,1.07294,0.0
2011-10-28,1.07282,1.07314,1.06549,1.07009,0.0
2011-10-31,1.06975,1.07153,1.05058,1.05293,0.0
2011-11-01,1.0528,1.0566,1.02706,1.03289,0.0
2011-11-02,1.03282,1.04269,1.02801,1.03458,0.0
2011-11-03,1.03454,1.04457,1.02022,1.04168,0.0
2011-11-04,1.04155,1.0439,1.03148,1.03673,0.0
2011-11-07,1.04001,1.04256,1.02754,1.03758,0.0
2011-11-08,1.03789,1.04034,1.02812,1.03911,0.0
2011-11-09,1.03907,1.03975,1.01368,1.01413,0.0
2011-11-10,1.01396,1.02082,1.00517,1.01547,0.0
2011-11-11,1.01479,1.03032,1.01048,1.02664,0.0
2011-11-14,1.03399,1.03417,1.01604,1.02036,0.0
2011-11-15,1.0202,1.02261,1.01124,1.01767,0.0
2011-11-16,1.01768,1.01834,1.00596,1.00829,0.0
2011-11-17,1.00789,1.01169,0.9973,0.99977,0.0
2011-11-18,0.99999,1.01067,0.99638,1.00037,0.0
2011-11-21,0.99963,1.0013,0.98083,0.98408,0.0
2011-11-22,0.98387,0.98985,0.98125,0.9837,0.0
2011-11-23,0.98309,0.98559,0.96627,0.96866,0.0
2011-11-24,0.96858,0.97849,0.96822,0.97325,0.0
2011-11-25,0.97321,0.97729,0.96668,0.97081,0.0
2011-11-28,0.98196,0.99756,0.9789,0.99012,0.0
2011-11-29,0.99033,1.00768,0.98625,1.00033,0.0
2011-11-30,0.99982,1.03314,0.99425,1.02817,0.0
2011-12-01,1.02809,1.02829,1.01502,1.02422,0.0
2011-12-02,1.02389,1.03248,1.01952,1.02098,0.0
2011-12-05,1.02441,1.03039,1.02016,1.02698,0.0
2011-12-06,1.02682,1.027,1.01554,1.02437,0.0
2011-12-07,1.02436,1.03036,1.0231,1.02927,0.0
2011-12-08,1.02884,1.03793,1.01451,1.01652,0.0
2011-12-09,1.01639,1.02239,1.00476,1.02148,0.0
2011-12-12,1.02052,1.02146,1.00507,1.00722,0.0
2011-12-13,1.00703,1.01621,0.99796,1.00142,0.0
2011-12-14,1.00148,1.00447,0.98835,0.99079,0.0
2011-12-15,0.99077,0.99885,0.98607,0.99201,0.0
2011-12-16,0.99193,1.00269,0.99178,0.99681,0.0
2011-12-19,0.99856,0.99869,0.98824,0.98937,0.0
2011-12-20,0.98933,1.00941,0.98918,1.00797,0.0
2011-12-21,1.00772,1.02185,1.00507,1.01008,0.0
2011-12-22,1.00997,1.01479,1.00604,1.01281,0.0
2011-12-23,1.01272,1.01805,1.01256,1.01432,0.0
2011-12-27,1.01627,1.01744,1.01399,1.0155,0.0
2011-12-28,1.0154,1.0202,1.00704,1.00927,0.0
2011-12-29,1.00907,1.01448,1.00436,1.01354,0.0
2011-12-30,1.01326,1.02677,1.01257,1.02093,0.0
2012-01-02,1.02117,1.02362,1.01994,1.02316,0.0
2012-01-03,1.02259,1.03855,1.02259,1.03764,0.0
2012-01-04,1.03756,1.03792,1.03037,1.03714,0.0
2012-01-05,1.03622,1.03709,1.02314,1.02616,0.0
2012-01-06,1.02615,1.02725,1.02017,1.02257,0.0
2012-01-09,1.02008,1.02568,1.01448,1.02379,0.0
2012-01-10,1.02392,1.03506,1.02286,1.03157,0.0
2012-01-11,1.03117,1.03276,1.0262,1.03099,0.0
2012-01-12,1.03073,1.0377,1.02858,1.03328,0.0
2012-01-13,1.03302,1.03668,1.02317,1.03204,0.0
2012-01-16,1.02845,1.03366,1.02536,1.0313,0.0
2012-01-17,1.03121,1.04489,1.03019,1.03747,0.0
2012-01-18,1.03728,1.04368,1.03581,1.04341,0.0
2012-01-19,1.04327,1.04328,1.03705,1.04174,0.0
2012-01-20,1.04163,1.04878,1.03826,1.0484,0.0
2012-01-23,1.04796,1.05728,1.04582,1.05231,0.0
2012-01-24,1.05222,1.0535,1.04275,1.04925,0.0
2012-01-25,1.04906,1.06189,1.04413,1.05961,0.0
2012-01-26,1.0596,1.06869,1.05876,1.0627,0.0
2012-01-27,1.06297,1.06689,1.05916,1.06484,0.0
2012-01-30,1.06309,1.06525,1.05259,1.05973,0.0
2012-01-31,1.05978,1.06839,1.05768,1.06191,0.0
2012-02-01,1.06179,1.07396,1.05686,1.07035,0.0
2012-02-02,1.07023,1.0756,1.06789,1.07106,0.0
2012-02-03,1.07091,1.07933,1.06712,1.07684,0.0
2012-02-06,1.07534,1.07665,1.06823,1.07258,0.0
2012-02-07,1.07188,1.0822,1.07,1.08063,0.0
2012-02-08,1.08055,1.08438,1.07673,1.07994,0.0
2012-02-09,1.07964,1.08237,1.07383,1.0786,0.0
2012-02-10,1.07822,1.07894,1.06395,1.0673,0.0
2012-02-13,1.06871,1.07777,1.06769,1.07306,0.0
2012-02-14,1.07302,1.07376,1.06281,1.06919,0.0
2012-02-15,1.06874,1.07757,1.06675,1.06997,0.0
2012-02-16,1.06941,1.07727,1.0645,1.07535,0.0
2012-02-17,1.07525,1.07986,1.0688,1.07018,0.0
2012-02-20,1.07617,1.08153,1.0739,1.07524,0.0
2012-02-21,1.07527,1.0755,1.06539,1.06602,0.0
2012-02-22,1.06603,1.06853,1.06044,1.06364,0.0
2012-02-23,1.06342,1.07184,1.05969,1.07161,0.0
2012-02-24,1.07154,1.07543,1.06868,1.06937,0.0
2012-02-27,1.07028,1.07841,1.06499,1.0757,0.0
2012-02-28,1.07547,1.07867,1.07282,1.07665,0.0
2012-02-29,1.07653,1.08558,1.07152,1.07315,0.0
2012-03-01,1.07307,1.08112,1.07243,1.08073,0.0
2012-03-02,1.08037,1.08162,1.07263,1.073,0.0
2012-03-05,1.07378,1.07426,1.06555,1.06697,0.0
2012-03-06,1.06696,1.06905,1.05246,1.05521,0.0
2012-03-07,1.05499,1.05928,1.05086,1.05844,0.0
2012-03-08,1.05794,1.06694,1.05305,1.06409,0.0
2012-03-09,1.06411,1.06628,1.05645,1.05744,0.0
2012-03-12,1.05547,1.05743,1.04729,1.05158,0.0
2012-03-13,1.05132,1.05609,1.04847,1.05514,0.0
2012-03-14,1.05516,1.05551,1.04275,1.04539,0.0
2012-03-15,1.04521,1.05537,1.04226,1.05248,0.0
2012-03-16,1.05242,1.05968,1.0509,1.05889,0.0
2012-03-19,1.05917,1.06364,1.05574,1.061,0.0
2012-03-20,1.06048,1.06248,1.04566,1.04777,0.0
2012-03-21,1.04774,1.05266,1.04208,1.0458,0.0
2012-03-22,1.04579,1.04829,1.03355,1.03883,0.0
2012-03-23,1.03854,1.04814,1.03713,1.04666,0.0
2012-03-26,1.04612,1.05452,1.04258,1.05321,0.0
2012-03-27,1.05324,1.0557,1.04519,1.0456,0.0
2012-03-28,1.04586,1.04631,1.03554,1.0386,0.0
2012-03-29,1.03881,1.04038,1.0304,1.03875,0.0
2012-03-30,1.03812,1.04146,1.03473,1.03543,0.0
2012-04-02,1.04442,1.04522,1.03658,1.04173,0.0
2012-04-03,1.04173,1.04618,1.03006,1.03306,0.0
2012-04-04,1.03292,1.03375,1.02429,1.02687,0.0
2012-04-05,1.02667,1.03225,1.02516,1.02973,0.0
2012-04-06,1.02999,1.03359,1.02705,1.03039,0.0
2012-04-09,1.0294,1.03316,1.02562,1.03114,0.0
2012-04-10,1.03107,1.03557,1.02466,1.02477,0.0
2012-04-11,1.02491,1.03321,1.02254,1.02979,0.0
2012-04-12,1.0297,1.04493,1.02964,1.04389,0.0
2012-04-13,1.04365,1.04517,1.03553,1.03696,0.0
2012-04-16,1.03711,1.03794,1.03106,1.03543,0.0
2012-04-17,1.03537,1.04178,1.03043,1.03876,0.0
2012-04-18,1.03887,1.04154,1.03401,1.03553,0.0
2012-04-19,1.03567,1.03902,1.03128,1.03304,0.0
2012-04-20,1.03296,1.03828,1.03084,1.03788,0.0
2012-04-23,1.03646,1.03836,1.02713,1.03206,0.0
2012-04-24,1.03163,1.03247,1.02467,1.03137,0.0
2012-04-25,1.03103,1.0364,1.03056,1.035,0.0
2012-04-26,1.03508,1.03985,1.03445,1.03874,0.0
2012-04-27,1.03857,1.04736,1.03526,1.04703,0.0
2012-04-30,1.04512,1.04689,1.04056,1.04288,0.0
2012-05-01,1.04257,1.04294,1.03045,1.03322,0.0
2012-05-02,1.0331,1.03544,1.02837,1.03332,0.0
2012-05-03,1.03311,1.03347,1.0239,1.02626,0.0
2012-05-04,1.02616,1.02778,1.01694,1.01753,0.0
2012-05-07,1.01472,1.02194,1.01093,1.01962,0.0
2012-05-08,1.0193,1.02175,1.00879,1.01191,0.0
2012-05-09,1.01194,1.01227,1.00206,1.00503,0.0
2012-05-10,1.00487,1.01427,1.00332,1.00811,0.0
2012-05-11,1.00785,1.00833,1.00174,1.00182,0.0
2012-05-14,1.00075,1.00343,0.99558,0.99574,0.0
2012-05-15,0.99542,1.00144,0.99209,0.99355,0.0
2012-05-16,0.99333,0.99673,0.98697,0.99124,0.0
2012-05-17,0.99105,0.99633,0.9883,0.98875,0.0
2012-05-18,0.98846,0.98976,0.97945,0.98389,0.0
2012-05-21,0.98352,0.99176,0.98025,0.9915,0.0
2012-05-22,0.99123,0.99344,0.97873,0.98084,0.0
2012-05-23,0.98071,0.98089,0.96894,0.97445,0.0
2012-05-24,0.97438,0.98131,0.97112,0.97624,0.0
2012-05-25,0.97603,0.97986,0.97256,0.9754,0.0
2012-05-28,0.98118,0.9888,0.97961,0.98505,0.0
2012-05-29,0.9849,0.98968,0.97999,0.98468,0.0
2012-05-30,0.98451,0.98528,0.97048,0.97067,0.0
2012-05-31,0.97011,0.97699,0.96727,0.97322,0.0
2012-06-01,0.97308,0.97311,0.95799,0.96946,0.0
2012-06-04,0.9696,0.97462,0.96271,0.97278,0.0
2012-06-05,0.97247,0.98029,0.97101,0.97407,0.0
2012-06-06,0.97394,0.99311,0.97367,0.9929,0.0
2012-06-07,0.99235,1.00018,0.98749,0.98965,0.0
2012-06-08,0.98918,0.99395,0.98203,0.99092,0.0
2012-06-11,0.99838,1.0007,0.98621,0.98626,0.0
2012-06-12,0.98616,0.99669,0.98498,0.99572,0.0
2012-06-13,0.9956,1.00032,0.99282,0.99335,0.0
2012-06-14,0.9929,1.00323,0.99214,1.00244,0.0
2012-06-15,1.00225,1.00888,0.99936,1.00704,0.0
2012-06-18,1.01134,1.01414,1.00563,1.01217,0.0
2012-06-19,1.01216,1.02006,1.01035,1.0188,0.0
2012-06-20,1.01855,1.02235,1.0132,1.01932,0.0
2012-06-21,1.01923,1.02043,1.00277,1.00343,0.0
2012-06-22,1.00292,1.00767,1.00077,1.00596,0.0
2012-06-25,1.00421,1.00533,0.99683,1.00084,0.0
2012-06-26,1.00077,1.00835,0.99971,1.00649,0.0
2012-06-27,1.00615,1.00889,1.00396,1.00789,0.0
2012-06-28,1.0077,1.01256,0.99956,1.00433,0.0
2012-06-29,1.00419,1.02577,1.00181,1.02403,0.0
2012-07-02,1.02609,1.02773,1.02118,1.02468,0.0
2012-07-03,1.02458,1.02959,1.02289,1.02814,0.0
2012-07-04,1.02795,1.03196,1.02605,1.02752,0.0
2012-07-05,1.027,1.03286,1.0242,1.02861,0.0
2012-07-06,1.02838,1.02917,1.01789,1.02092,0.0
2012-07-09,1.01935,1.02115,1.01542,1.02056,0.0
2012-07-10,1.02054,1.02442,1.01598,1.01882,0.0
2012-07-11,1.01883,1.02806,1.01785,1.02503,0.0
2012-07-12,1.02462,1.02591,1.01,1.01378,0.0
2012-07-13,1.01371,1.02288,1.01219,1.0226,0.0
2012-07-16,1.02452,1.02589,1.02016,1.02465,0.0
2012-07-17,1.02457,1.03186,1.02348,1.03147,0.0
2012-07-18,1.03137,1.03729,1.02879,1.03632,0.0
2012-07-19,1.03604,1.04436,1.0356,1.04263,0.0
2012-07-20,1.04259,1.0428,1.03622,1.03785,0.0
2012-07-23,1.03564,1.03645,1.02428,1.02579,0.0
2012-07-24,1.02564,1.03157,1.02146,1.02181,0.0
2012-07-25,1.02176,1.03366,1.01759,1.03099,0.0
2012-07-26,1.03082,1.04219,1.02909,1.03957,0.0
2012-07-27,1.03941,1.04861,1.03835,1.04784,0.0
2012-07-30,1.04719,1.05077,1.04489,1.05004,0.0
2012-07-31,1.05006,1.05376,1.04879,1.05013,0.0
2012-08-01,1.05002,1.05418,1.04473,1.04604,0.0
2012-08-02,1.04584,1.05797,1.04356,1.04647,0.0
2012-08-03,1.04624,1.05702,1.04455,1.05586,0.0
2012-08-06,1.05702,1.05926,1.05359,1.05682,0.0
2012-08-07,1.05664,1.06027,1.05474,1.05528,0.0
2012-08-08,1.05519,1.05818,1.053,1.05729,0.0
2012-08-09,1.05662,1.06126,1.05526,1.05813,0.0
2012-08-10,1.05798,1.05805,1.04965,1.05752,0.0
2012-08-13,1.05526,1.05729,1.04962,1.05182,0.0
2012-08-14,1.05145,1.05406,1.04796,1.04879,0.0
2012-08-15,1.04869,1.05139,1.04545,1.05033,0.0
2012-08-16,1.05029,1.05246,1.04739,1.05097,0.0
2012-08-17,1.0509,1.05285,1.04103,1.04159,0.0
2012-08-20,1.04262,1.04682,1.04139,1.04431,0.0
2012-08-21,1.04429,1.05201,1.04407,1.04859,0.0
2012-08-22,1.04769,1.05167,1.04125,1.05027,0.0
2012-08-23,1.05026,1.05445,1.04353,1.04406,0.0
2012-08-24,1.04383,1.04439,1.0375,1.04024,0.0
2012-08-27,1.04164,1.04248,1.0366,1.03684,0.0
2012-08-28,1.03663,1.03888,1.03445,1.03755,0.0
2012-08-29,1.03725,1.03974,1.03477,1.03484,0.0
2012-08-30,1.03478,1.03509,1.02759,1.02871,0.0
2012-08-31,1.02851,1.03543,1.02776,1.03272,0.0
2012-09-03,1.02843,1.02989,1.02316,1.02459,0.0
2012-09-04,1.02403,1.02867,1.02148,1.02239,0.0
2012-09-05,1.02241,1.02305,1.01663,1.01921,0.0
2012-09-06,1.01898,1.02996,1.01653,1.02811,0.0
2012-09-07,1.02803,1.03999,1.02751,1.03909,0.0
2012-09-10,1.03706,1.03851,1.03328,1.03342,0.0
2012-09-11,1.03347,1.04488,1.03226,1.0433,0.0
2012-09-12,1.04303,1.05052,1.04264,1.04669,0.0
2012-09-13,1.04639,1.05672,1.04267,1.05439,0.0
2012-09-14,1.05436,1.06241,1.05299,1.055,0.0
2012-09-17,1.05533,1.05563,1.04547,1.04751,0.0
2012-09-18,1.04732,1.04858,1.04096,1.04536,0.0
2012-09-19,1.04543,1.04965,1.04176,1.04784,0.0
2012-09-20,1.04798,1.04815,1.03669,1.04334,0.0
2012-09-21,1.04352,1.05186,1.04242,1.04507,0.0
2012-09-24,1.04435,1.04565,1.03858,1.04229,0.0
2012-09-25,1.04261,1.04619,1.03801,1.0389,0.0
2012-09-26,1.03881,1.03927,1.0328,1.03691,0.0
2012-09-27,1.03673,1.04581,1.03638,1.04407,0.0
2012-09-28,1.04371,1.04736,1.03655,1.03778,0.0
2012-10-01,1.03631,1.04024,1.03256,1.03633,0.0
2012-10-02,1.03589,1.03752,1.02514,1.02639,0.0
2012-10-03,1.02631,1.02671,1.01956,1.02194,0.0
2012-10-04,1.02091,1.02721,1.01815,1.02421,0.0
2012-10-05,1.02381,1.02739,1.01515,1.01838,0.0
2012-10-08,1.01519,1.02189,1.01483,1.01921,0.0
2012-10-09,1.01876,1.02465,1.01746,1.02039,0.0
2012-10-10,1.02047,1.02625,1.01829,1.02328,0.0
2012-10-11,1.02319,1.02929,1.02093,1.0263,0.0
2012-10-12,1.02594,1.02891,1.0216,1.02308,0.0
2012-10-15,1.02469,1.02582,1.02017,1.02527,0.0
2012-10-16,1.02503,1.02886,1.02425,1.0274,0.0
2012-10-17,1.0273,1.0388,1.02712,1.0381,0.0
2012-10-18,1.03839,1.04108,1.03552,1.03644,0.0
2012-10-19,1.03632,1.03817,1.03176,1.03318,0.0
2012-10-22,1.03091,1.03388,1.02957,1.03207,0.0
2012-10-23,1.03196,1.0338,1.02354,1.02644,0.0
2012-10-24,1.02597,1.03659,1.02586,1.03562,0.0
2012-10-25,1.03514,1.03963,1.0332,1.03476,0.0
2012-10-26,1.03469,1.0385,1.03048,1.03711,0.0
2012-10-29,1.03622,1.03686,1.03259,1.03312,0.0
2012-10-30,1.03293,1.03829,1.0325,1.03633,0.0
2012-10-31,1.03618,1.03987,1.03521,1.03749,0.0
2012-11-01,1.03754,1.04094,1.03547,1.03989,0.0
2012-11-02,1.03978,1.04186,1.03304,1.03373,0.0
2012-11-05,1.03309,1.03698,1.03294,1.03647,0.0
2012-11-06,1.03634,1.04468,1.03634,1.04329,0.0
2012-11-07,1.04326,1.04796,1.03996,1.04116,0.0
2012-11-08,1.04039,1.04426,1.03885,1.04049,0.0
2012-11-09,1.04029,1.04345,1.03586,1.03832,0.0
2012-11-12,1.0389,1.04395,1.03854,1.04272,0.0
2012-11-13,1.04263,1.04452,1.03963,1.04359,0.0
2012-11-14,1.0434,1.04579,1.03661,1.03759,0.0
2012-11-15,1.03735,1.03861,1.03066,1.0332,0.0
2012-11-16,1.03272,1.03514,1.0287,1.03399,0.0
2012-11-19,1.0346,1.04169,1.0346,1.04127,0.0
2012-11-20,1.04105,1.04236,1.03568,1.03885,0.0
2012-11-21,1.0386,1.03934,1.03377,1.03683,0.0
2012-11-22,1.03664,1.04006,1.03515,1.03878,0.0
2012-11-23,1.03877,1.04701,1.03752,1.0453,0.0
2012-11-26,1.0452,1.04669,1.04382,1.04624,0.0
2012-11-27,1.04621,1.04892,1.04353,1.04485,0.0
2012-11-28,1.04454,1.04809,1.0427,1.04767,0.0
2012-11-29,1.04745,1.04796,1.04174,1.0434,0.0
2012-11-30,1.04327,1.04466,1.04017,1.04265,0.0
2012-12-03,1.04179,1.04457,1.03926,1.04199,0.0
2012-12-04,1.04174,1.04838,1.04072,1.04706,0.0
2012-12-05,1.04703,1.0484,1.04417,1.04557,0.0
2012-12-06,1.04528,1.05149,1.04406,1.04851,0.0
2012-12-07,1.04807,1.04961,1.04593,1.04872,0.0
2012-12-10,1.04875,1.05051,1.04649,1.04885,0.0
2012-12-11,1.04883,1.05317,1.04609,1.05287,0.0
2012-12-12,1.05267,1.05847,1.05227,1.05531,0.0
2012-12-13,1.05489,1.05633,1.05081,1.05261,0.0
2012-12-14,1.05253,1.05769,1.05097,1.05639,0.0
2012-12-17,1.0539,1.05731,1.05257,1.05525,0.0
2012-12-18,1.05496,1.05567,1.05154,1.05341,0.0
2012-12-19,1.05325,1.05328,1.04757,1.04808,0.0
2012-12-20,1.0478,1.04989,1.04604,1.04817,0.0
2012-12-21,1.048,1.04861,1.03939,1.04049,0.0
2012-12-24,1.03918,1.04154,1.0357,1.03581,0.0
2012-12-26,1.03672,1.03855,1.03442,1.03748,0.0
2012-12-27,1.03738,1.03883,1.03455,1.03764,0.0
2012-12-28,1.03786,1.03954,1.03606,1.03699,0.0
2012-12-31,1.03562,1.04084,1.03562,1.03922,0.0
2013-01-02,1.03927,1.05233,1.0374,1.05025,0.0
2013-01-03,1.05026,1.05269,1.04606,1.04655,0.0
2013-01-04,1.04645,1.04869,1.0394,1.04779,0.0
2013-01-07,1.04727,1.05119,1.0467,1.05017,0.0
2013-01-08,1.05007,1.05163,1.04689,1.05028,0.0
2013-01-09,1.05019,1.05345,1.04861,1.05145,0.0
2013-01-10,1.05135,1.05976,1.04932,1.0597,0.0
2013-01-11,1.05945,1.05971,1.05298,1.05368,0.0
2013-01-14,1.05361,1.0577,1.05209,1.05655,0.0
2013-01-15,1.05598,1.05688,1.05255,1.05637,0.0
2013-01-16,1.05628,1.05797,1.05312,1.05714,0.0
2013-01-17,1.05699,1.05756,1.04931,1.05457,0.0
2013-01-18,1.05424,1.05575,1.04851,1.05061,0.0
2013-01-21,1.05056,1.05249,1.04923,1.05154,0.0
2013-01-22,1.05138,1.05777,1.05043,1.0565,0.0
2013-01-23,1.05666,1.05738,1.05269,1.0555,0.0
2013-01-24,1.05518,1.05538,1.04432,1.04495,0.0
2013-01-25,1.04492,1.04677,1.04028,1.04244,0.0
2013-01-28,1.04092,1.04289,1.03841,1.04174,0.0
2013-01-29,1.04133,1.04764,1.0405,1.04721,0.0
2013-01-30,1.04727,1.04747,1.03985,1.04147,0.0
2013-01-31,1.04119,1.04506,1.03797,1.04247,0.0
2013-02-01,1.04238,1.04455,1.03604,1.04067,0.0
2013-02-04,1.04173,1.04417,1.04085,1.04368,0.0
2013-02-05,1.0437,1.04573,1.03697,1.03885,0.0
2013-02-06,1.03853,1.03998,1.02961,1.03189,0.0
2013-02-07,1.03103,1.03382,1.02727,1.02817,0.0
2013-02-08,1.02803,1.03476,1.0255,1.03197,0.0
2013-02-11,1.03084,1.03243,1.02509,1.0253,0.0
2013-02-12,1.02539,1.03209,1.02265,1.03072,0.0
2013-02-13,1.03038,1.03606,1.03038,1.03589,0.0
2013-02-14,1.03633,1.0368,1.0326,1.03596,0.0
2013-02-15,1.03564,1.03742,1.02871,1.03059,0.0
2013-02-18,1.02894,1.03143,1.02745,1.03046,0.0
2013-02-19,1.03036,1.03672,1.03006,1.03556,0.0
2013-02-20,1.03544,1.03668,1.02369,1.02559,0.0
2013-02-21,1.02549,1.02637,1.02205,1.02467,0.0
2013-02-22,1.02397,1.03397,1.02347,1.03177,0.0
2013-02-25,1.02985,1.03276,1.02499,1.02587,0.0
2013-02-26,1.02512,1.02916,1.01998,1.02276,0.0
2013-02-27,1.02292,1.02452,1.01824,1.02339,0.0
2013-02-28,1.02292,1.02892,1.01949,1.02135,0.0
2013-03-01,1.02132,1.02408,1.01814,1.02007,0.0
2013-03-04,1.02,1.02046,1.01146,1.0194,0.0
2013-03-05,1.01931,1.0262,1.01864,1.02561,0.0
2013-03-06,1.02513,1.03004,1.02318,1.02344,0.0
2013-03-07,1.02276,1.02892,1.02183,1.02677,0.0
2013-03-08,1.02623,1.02831,1.02106,1.02342,0.0
2013-03-11,1.01992,1.02831,1.01992,1.02794,0.0
2013-03-12,1.02749,1.03346,1.02659,1.03223,0.0
2013-03-13,1.03208,1.03333,1.02815,1.02968,0.0
2013-03-14,1.02915,1.04006,1.02868,1.03827,0.0
2013-03-15,1.0378,1.04132,1.03603,1.041,0.0
2013-03-18,1.03487,1.04085,1.03422,1.03989,0.0
2013-03-19,1.04019,1.04045,1.03502,1.03691,0.0
2013-03-20,1.03674,1.04042,1.03543,1.0376,0.0
2013-03-21,1.0377,1.04573,1.03623,1.04387,0.0
2013-03-22,1.04364,1.0459,1.04202,1.0443,0.0
2013-03-25,1.04421,1.04783,1.04315,1.04642,0.0
2013-03-26,1.0463,1.0496,1.04463,1.04849,0.0
2013-03-27,1.04791,1.04839,1.04167,1.04417,0.0
2013-03-28,1.044,1.04562,1.03956,1.04091,0.0
2013-03-29,1.04114,1.04261,1.04001,1.04153,0.0
2013-04-01,1.04189,1.04304,1.03847,1.04196,0.0
2013-04-02,1.04197,1.04783,1.04193,1.0448,0.0
2013-04-03,1.04483,1.04962,1.04451,1.04595,0.0
2013-04-04,1.04604,1.04909,1.03849,1.0433,0.0
2013-04-05,1.04327,1.04372,1.0354,1.03891,0.0
2013-04-08,1.03655,1.04226,1.03469,1.0413,0.0
2013-04-09,1.04126,1.05082,1.04045,1.04874,0.0
2013-04-10,1.04882,1.05512,1.04737,1.05418,0.0
2013-04-11,1.05402,1.05812,1.04993,1.05447,0.0
2013-04-12,1.05323,1.056,1.04788,1.05017,0.0
2013-04-15,1.04993,1.05229,1.02899,1.03113,0.0
2013-04-16,1.0312,1.03963,1.02929,1.03901,0.0
2013-04-17,1.03883,1.03934,1.02756,1.02962,0.0
2013-04-18,1.02948,1.03364,1.02679,1.02985,0.0
2013-04-19,1.02998,1.03575,1.02744,1.02777,0.0
2013-04-22,1.02769,1.03066,1.02347,1.02726,0.0
2013-04-23,1.02742,1.02753,1.02202,1.02605,0.0
2013-04-24,1.02655,1.0295,1.02305,1.02821,0.0
2013-04-25,1.02779,1.03383,1.02708,1.02895,0.0
2013-04-26,1.02897,1.03354,1.02617,1.028,0.0
2013-04-29,1.02821,1.03571,1.02715,1.03493,0.0
2013-04-30,1.03495,1.0384,1.03283,1.03697,0.0
2013-05-01,1.03677,1.03809,1.02644,1.02765,0.0
2013-05-02,1.02762,1.02836,1.02212,1.0247,0.0
2013-05-03,1.02455,1.03219,1.02413,1.03151,0.0
2013-05-06,1.03004,1.03103,1.02212,1.02514,0.0
2013-05-07,1.02527,1.02534,1.01541,1.01825,0.0
2013-05-08,1.01832,1.02073,1.01545,1.01696,0.0
2013-05-09,1.01683,1.02532,1.00454,1.00901,0.0
2013-05-10,1.00815,1.00952,0.99602,1.00188,0.0
2013-05-13,1.00007,1.00144,0.99393,0.99505,0.0
2013-05-14,0.99523,1.00028,0.9876,0.98863,0.0
2013-05-15,0.98895,0.99183,0.98517,0.98965,0.0
2013-05-16,0.99003,0.99122,0.97966,0.98083,0.0
2013-05-17,0.981,0.98295,0.97103,0.97351,0.0
2013-05-20,0.97542,0.98262,0.97366,0.98049,0.0
2013-05-21,0.98076,0.98414,0.97505,0.98044,0.0
2013-05-22,0.98029,0.98272,0.96607,0.96984,0.0
2013-05-23,0.96965,0.97776,0.95928,0.97477,0.0
2013-05-24,0.97475,0.97495,0.96331,0.96482,0.0
2013-05-27,0.96406,0.96648,0.96142,0.96308,0.0
2013-05-28,0.96318,0.96949,0.95954,0.96145,0.0
2013-05-29,0.96118,0.96694,0.95275,0.96333,0.0
2013-05-30,0.96325,0.96964,0.95822,0.96605,0.0
2013-05-31,0.96596,0.9684,0.95478,0.95744,0.0
2013-06-03,0.96107,0.97909,0.95899,0.97659,0.0
2013-06-04,0.97668,0.97707,0.96097,0.96464,0.0
2013-06-05,0.96486,0.96562,0.95103,0.95416,0.0
2013-06-06,0.95399,0.96725,0.94336,0.96003,0.0
2013-06-07,0.95933,0.95942,0.94277,0.94882,0.0
2013-06-10,0.94003,0.948,0.93931,0.94623,0.0
2013-06-11,0.94597,0.947,0.9325,0.94322,0.0
2013-06-12,0.94255,0.95626,0.94146,0.94829,0.0
2013-06-13,0.94694,0.96567,0.94279,0.96395,0.0
2013-06-14,0.96373,0.96647,0.95664,0.95707,0.0
2013-06-17,0.95611,0.96402,0.9508,0.95521,0.0
2013-06-18,0.95479,0.95731,0.94393,0.94826,0.0
2013-06-19,0.94806,0.95553,0.9283,0.93015,0.0
2013-06-20,0.92893,0.93119,0.91623,0.91952,0.0
2013-06-21,0.91955,0.92578,0.91815,0.92125,0.0
2013-06-24,0.92042,0.92979,0.91468,0.92515,0.0
2013-06-25,0.92507,0.9296,0.9196,0.92517,0.0
2013-06-26,0.92552,0.93436,0.92348,0.92768,0.0
2013-06-27,0.92785,0.93378,0.92615,0.92739,0.0
2013-06-28,0.92725,0.92858,0.91124,0.91398,0.0
2013-07-01,0.91166,0.92521,0.91162,0.92355,0.0
2013-07-02,0.92419,0.92491,0.91295,0.91457,0.0
2013-07-03,0.9144,0.91888,0.9036,0.90849,0.0
2013-07-04,0.90802,0.91798,0.90721,0.91422,0.0
2013-07-05,0.915,0.91792,0.90473,0.90555,0.0
2013-07-08,0.90521,0.91442,0.90411,0.91315,0.0
2013-07-09,0.91316,0.92,0.90819,0.9176,0.0
2013-07-10,0.91737,0.92335,0.90912,0.91681,0.0
2013-07-11,0.91603,0.93044,0.91184,0.91866,0.0
2013-07-12,0.91872,0.91886,0.89974,0.90479,0.0
2013-07-15,0.90706,0.91209,0.90348,0.90966,0.0
2013-07-16,0.9097,0.92595,0.90851,0.92509,0.0
2013-07-17,0.92503,0.92911,0.91904,0.92376,0.0
2013-07-18,0.92344,0.92487,0.9137,0.91683,0.0
2013-07-19,0.91671,0.92341,0.91544,0.91773,0.0
2013-07-22,0.91754,0.92692,0.91725,0.92472,0.0
2013-07-23,0.92465,0.92977,0.92217,0.92946,0.0
2013-07-24,0.92943,0.93173,0.91313,0.91664,0.0
2013-07-25,0.91652,0.92805,0.91277,0.92419,0.0
2013-07-26,0.92445,0.92945,0.92267,0.9261,0.0
2013-07-29,0.92496,0.92861,0.91871,0.92045,0.0
2013-07-30,0.92059,0.92096,0.90429,0.9065,0.0
2013-07-31,0.90613,0.90753,0.89351,0.8983,0.0
2013-08-01,0.89766,0.89917,0.89064,0.89248,0.0
2013-08-02,0.89241,0.89687,0.88696,0.89014,0.0
2013-08-05,0.89146,0.89333,0.88471,0.89277,0.0
2013-08-06,0.89273,0.90043,0.89059,0.89853,0.0
2013-08-07,0.8985,0.90244,0.89186,0.89986,0.0
2013-08-08,0.89923,0.91337,0.89842,0.90989,0.0
2013-08-09,0.9102,0.92136,0.9084,0.91966,0.0
2013-08-12,0.91868,0.92202,0.91336,0.9147,0.0
2013-08-13,0.91467,0.9148,0.90725,0.91102,0.0
2013-08-14,0.91083,0.91593,0.90806,0.91233,0.0
2013-08-15,0.91212,0.91888,0.90576,0.91404,0.0
2013-08-16,0.91352,0.9214,0.91237,0.91808,0.0
2013-08-19,0.91848,0.92321,0.91018,0.91125,0.0
2013-08-20,0.9109,0.91318,0.90261,0.90701,0.0
2013-08-21,0.90676,0.90719,0.89644,0.89733,0.0
2013-08-22,0.89683,0.90422,0.89311,0.90056,0.0
2013-08-23,0.90055,0.90493,0.89703,0.90235,0.0
2013-08-26,0.90262,0.90691,0.90024,0.90266,0.0
2013-08-27,0.90272,0.90366,0.89327,0.89819,0.0
2013-08-28,0.8982,0.89861,0.88916,0.89397,0.0
2013-08-29,0.89403,0.89776,0.89152,0.89286,0.0
2013-08-30,0.89287,0.8957,0.88914,0.89021,0.0
2013-09-02,0.89416,0.90131,0.89233,0.89762,0.0
2013-09-03,0.89736,0.90714,0.89714,0.90599,0.0
2013-09-04,0.90628,0.91866,0.90364,0.9172,0.0
2013-09-05,0.91706,0.91871,0.91148,0.91229,0.0
2013-09-06,0.91233,0.92161,0.91153,0.91886,0.0
2013-09-09,0.91982,0.92408,0.91665,0.92262,0.0
2013-09-10,0.92261,0.93179,0.9216,0.93132,0.0
2013-09-11,0.93096,0.93372,0.92756,0.93283,0.0
2013-09-12,0.93264,0.93532,0.92257,0.92697,0.0
2013-09-13,0.92714,0.92726,0.92227,0.92441,0.0
2013-09-16,0.93323,0.93915,0.93041,0.93168,0.0
2013-09-17,0.93164,0.93654,0.92842,0.93533,0.0
2013-09-18,0.93526,0.95275,0.9335,0.95239,0.0
2013-09-19,0.9516,0.95233,0.94263,0.94411,0.0
2013-09-20,0.9436,0.94574,0.93768,0.93953,0.0
2013-09-23,0.93684,0.94561,0.93645,0.94293,0.0
2013-09-24,0.94247,0.94291,0.93629,0.93891,0.0
2013-09-25,0.93909,0.93926,0.93374,0.93658,0.0
2013-09-26,0.9364,0.94006,0.93393,0.93595,0.0
2013-09-27,0.93611,0.93741,0.92969,0.9314,0.0
2013-09-30,0.93089,0.93533,0.92796,0.93233,0.0
2013-10-01,0.93166,0.94344,0.9287,0.93961,0.0
2013-10-02,0.94004,0.94104,0.93327,0.93838,0.0
2013-10-03,0.93836,0.94141,0.93659,0.93918,0.0
2013-10-04,0.93944,0.94577,0.93876,0.94302,0.0
2013-10-07,0.94325,0.94484,0.93872,0.94275,0.0
2013-10-08,0.94271,0.94835,0.94106,0.94233,0.0
2013-10-09,0.94219,0.94634,0.94125,0.94434,0.0
2013-10-10,0.94457,0.94712,0.93885,0.94495,0.0
2013-10-11,0.9451,0.94836,0.94343,0.94634,0.0
2013-10-14,0.94314,0.95063,0.9428,0.94873,0.0
2013-10-15,0.94876,0.95466,0.94768,0.95254,0.0
2013-10-16,0.95256,0.9556,0.94978,0.95517,0.0
2013-10-17,0.95498,0.9646,0.95264,0.96336,0.0
2013-10-18,0.96345,0.96763,0.96036,0.96738,0.0
2013-10-21,0.96651,0.96781,0.96418,0.96538,0.0
2013-10-22,0.96556,0.97298,0.96425,0.97102,0.0
2013-10-23,0.97049,0.97562,0.96064,0.96214,0.0
2013-10-24,0.96184,0.96699,0.95711,0.96203,0.0
2013-10-25,0.96208,0.96233,0.95711,0.95813,0.0
2013-10-28,0.95817,0.96216,0.95548,0.95719,0.0
2013-10-29,0.95689,0.95739,0.94711,0.94795,0.0
2013-10-30,0.94817,0.95149,0.94405,0.9483,0.0
2013-10-31,0.94826,0.95246,0.94505,0.94536,0.0
2013-11-01,0.94526,0.94886,0.94207,0.94349,0.0
2013-11-04,0.94558,0.95135,0.94368,0.95091,0.0
2013-11-05,0.95075,0.95362,0.94625,0.95058,0.0
2013-11-06,0.95079,0.95422,0.94854,0.95259,0.0
2013-11-07,0.95249,0.95276,0.94382,0.94541,0.0
2013-11-08,0.94524,0.94798,0.93516,0.93799,0.0
2013-11-11,0.93856,0.93894,0.93433,0.93605,0.0
2013-11-12,0.93608,0.93672,0.92681,0.93019,0.0
2013-11-13,0.92974,0.93701,0.92777,0.93578,0.0
2013-11-14,0.93504,0.93854,0.92801,0.93141,0.0
2013-11-15,0.9315,0.93736,0.93048,0.93701,0.0
2013-11-18,0.9375,0.94176,0.93576,0.93762,0.0
2013-11-19,0.93757,0.9446,0.93515,0.94284,0.0
2013-11-20,0.94295,0.94469,0.93151,0.93355,0.0
2013-11-21,0.93269,0.93342,0.91976,0.92325,0.0
2013-11-22,0.92341,0.92485,0.91424,0.91675,0.0
2013-11-25,0.91613,0.91873,0.91193,0.91603,0.0
2013-11-26,0.91585,0.92034,0.90871,0.91248,0.0
2013-11-27,0.9126,0.91367,0.90642,0.90782,0.0
2013-11-28,0.90789,0.91486,0.90744,0.91016,0.0
2013-11-29,0.91023,0.91403,0.90547,0.9109,0.0
2013-12-02,0.91275,0.91672,0.90885,0.91057,0.0
2013-12-03,0.91053,0.91451,0.90564,0.91343,0.0
2013-12-04,0.91344,0.91396,0.89978,0.90285,0.0
2013-12-05,0.90272,0.90763,0.90022,0.9062,0.0
2013-12-06,0.90629,0.91166,0.89892,0.9103,0.0
2013-12-09,0.91206,0.91284,0.9069,0.91069,0.0
2013-12-10,0.9107,0.9166,0.90741,0.91483,0.0
2013-12-11,0.91484,0.91516,0.90455,0.90474,0.0
2013-12-12,0.90478,0.90804,0.89156,0.89368,0.0
2013-12-13,0.89346,0.89677,0.89085,0.89666,0.0
2013-12-16,0.89601,0.89689,0.89205,0.89456,0.0
2013-12-17,0.89447,0.89574,0.88813,0.88999,0.0
2013-12-18,0.88993,0.89429,0.88195,0.88592,0.0
2013-12-19,0.88574,0.88742,0.88219,0.88653,0.0
2013-12-20,0.8862,0.89327,0.88541,0.89222,0.0
2013-12-23,0.89229,0.89574,0.89158,0.8936,0.0
2013-12-24,0.89321,0.89399,0.89051,0.89237,0.0
2013-12-26,0.89186,0.89261,0.88749,0.88949,0.0
2013-12-27,0.88932,0.89279,0.88609,0.88668,0.0
2013-12-30,0.88613,0.89286,0.88325,0.89027,0.0
2013-12-31,0.89008,0.89514,0.88971,0.89275,0.0
2014-01-02,0.88844,0.89427,0.88418,0.89097,0.0
2014-01-03,0.89081,0.90037,0.88841,0.89464,0.0
2014-01-06,0.89575,0.89815,0.89342,0.89668,0.0
2014-01-07,0.89635,0.89701,0.88926,0.89284,0.0
2014-01-08,0.89255,0.89516,0.88957,0.89005,0.0
2014-01-09,0.88991,0.89119,0.8864,0.8898,0.0
2014-01-10,0.88993,0.90039,0.88747,0.89951,0.0
2014-01-13,0.8997,0.90851,0.89841,0.9054,0.0
2014-01-14,0.90514,0.9057,0.89544,0.89635,0.0
2014-01-15,0.8964,0.89695,0.88867,0.89136,0.0
2014-01-16,0.89132,0.89156,0.87757,0.88205,0.0
2014-01-17,0.88241,0.88266,0.87623,0.87786,0.0
2014-01-20,0.87707,0.88198,0.87558,0.88108,0.0
2014-01-21,0.88095,0.88365,0.87745,0.88076,0.0
2014-01-22,0.88065,0.88869,0.87851,0.88527,0.0
2014-01-23,0.88486,0.88517,0.87307,0.87665,0.0
2014-01-24,0.87667,0.87753,0.86592,0.86817,0.0
2014-01-27,0.8691,0.87585,0.86765,0.8737,0.0
2014-01-28,0.87377,0.88199,0.87253,0.87773,0.0
2014-01-29,0.88049,0.88246,0.8724,0.87384,0.0
2014-01-30,0.87395,0.87994,0.87094,0.87933,0.0
2014-01-31,0.87926,0.88223,0.86934,0.87497,0.0
2014-02-03,0.87632,0.88325,0.87377,0.87543,0.0
2014-02-04,0.87525,0.89407,0.87295,0.89242,0.0
2014-02-05,0.89265,0.89375,0.88725,0.89088,0.0
2014-02-06,0.8908,0.89796,0.8908,0.89576,0.0
2014-02-07,0.89585,0.89974,0.89213,0.8955,0.0
2014-02-10,0.89549,0.89578,0.89058,0.89478,0.0
2014-02-11,0.89493,0.90466,0.894,0.90373,0.0
2014-02-12,0.90343,0.90661,0.90063,0.90261,0.0
2014-02-13,0.90218,0.90305,0.89268,0.89778,0.0
2014-02-14,0.89764,0.90428,0.89655,0.90289,0.0
2014-02-17,0.90598,0.90682,0.90215,0.9031,0.0
2014-02-18,0.90318,0.90796,0.90009,0.90266,0.0
2014-02-19,0.90252,0.90431,0.89894,0.90022,0.0
2014-02-20,0.89995,0.90211,0.8936,0.90058,0.0
2014-02-21,0.90039,0.90139,0.8951,0.89706,0.0
2014-02-24,0.89802,0.90481,0.89372,0.90331,0.0
2014-02-25,0.90345,0.90432,0.9003,0.9016,0.0
2014-02-26,0.90185,0.90247,0.89429,0.89667,0.0
2014-02-27,0.89676,0.89703,0.89029,0.89644,0.0
2014-02-28,0.89635,0.89884,0.89149,0.89327,0.0
2014-03-03,0.88942,0.89455,0.88898,0.89344,0.0
2014-03-04,0.89341,0.8968,0.89083,0.89489,0.0
2014-03-05,0.89495,0.89963,0.8935,0.89838,0.0
2014-03-06,0.89862,0.91121,0.89723,0.90885,0.0
2014-03-07,0.90892,0.91323,0.90605,0.90664,0.0
2014-03-10,0.90342,0.90624,0.90115,0.90201,0.0
2014-03-11,0.90174,0.90493,0.89607,0.89754,0.0
2014-03-12,0.89758,0.89922,0.89231,0.8987,0.0
2014-03-13,0.8985,0.91023,0.89849,0.90275,0.0
2014-03-14,0.90296,0.90485,0.89958,0.903,0.0
2014-03-17,0.90071,0.90973,0.90007,0.90851,0.0
2014-03-18,0.90847,0.91349,0.90629,0.91253,0.0
2014-03-19,0.91245,0.91374,0.90193,0.90403,0.0
2014-03-20,0.9037,0.9051,0.89942,0.90399,0.0
2014-03-21,0.90389,0.90994,0.90319,0.908,0.0
2014-03-24,0.91008,0.91486,0.90516,0.91327,0.0
2014-03-25,0.91317,0.91734,0.91186,0.91641,0.0
2014-03-26,0.91613,0.92442,0.91533,0.92248,0.0
2014-03-27,0.92227,0.92705,0.92131,0.92631,0.0
2014-03-28,0.92569,0.92942,0.92365,0.92472,0.0
2014-03-31,0.92388,0.92769,0.92173,0.92632,0.0
2014-04-01,0.92642,0.93023,0.92291,0.92463,0.0
2014-04-02,0.92448,0.92624,0.92215,0.92468,0.0
2014-04-03,0.92482,0.92527,0.92046,0.92308,0.0
2014-04-04,0.92316,0.93065,0.92223,0.929,0.0
2014-04-07,0.92838,0.92944,0.92531,0.92693,0.0
2014-04-08,0.92683,0.93655,0.9261,0.93596,0.0
2014-04-09,0.93542,0.93982,0.9334,0.93877,0.0
2014-04-10,0.93882,0.94603,0.93697,0.94118,0.0
2014-04-11,0.94126,0.94254,0.93622,0.93964,0.0
2014-04-14,0.93891,0.94245,0.93755,0.94206,0.0
2014-04-15,0.9421,0.94233,0.93357,0.9361,0.0
2014-04-16,0.93575,0.93871,0.93313,0.93697,0.0
2014-04-17,0.93674,0.93895,0.93201,0.93319,0.0
2014-04-18,0.93225,0.9341,0.93225,0.93251,0.0
2014-04-21,0.9332,0.93456,0.93144,0.93264,0.0
2014-04-22,0.9323,0.93774,0.93208,0.93645,0.0
2014-04-23,0.93641,0.93762,0.92667,0.92898,0.0
2014-04-24,0.9286,0.93,0.92514,0.92623,0.0
2014-04-25,0.92627,0.92971,0.9253,0.92689,0.0
2014-04-28,0.92747,0.93155,0.92433,0.9257,0.0
2014-04-29,0.92549,0.92812,0.92267,0.92672,0.0
2014-04-30,0.92676,0.93001,0.92515,0.92877,0.0
2014-05-01,0.92876,0.93117,0.92597,0.92726,0.0
2014-05-02,0.92724,0.92793,0.92011,0.92745,0.0
2014-05-05,0.92856,0.92885,0.92515,0.92727,0.0
2014-05-06,0.92717,0.93666,0.927,0.93507,0.0
2014-05-07,0.93481,0.93536,0.93176,0.93282,0.0
2014-05-08,0.93253,0.93933,0.93182,0.93747,0.0
2014-05-09,0.93722,0.93779,0.9346,0.93594,0.0
2014-05-12,0.93596,0.93847,0.93475,0.93601,0.0
2014-05-13,0.93608,0.93816,0.93323,0.93567,0.0
2014-05-14,0.93558,0.94083,0.93533,0.93776,0.0
2014-05-15,0.93779,0.93921,0.93261,0.9355,0.0
2014-05-16,0.93555,0.93702,0.9334,0.93597,0.0
2014-05-19,0.93723,0.93725,0.93249,0.93289,0.0
2014-05-20,0.93265,0.93344,0.92405,0.92421,0.0
2014-05-21,0.92404,0.92513,0.92079,0.92509,0.0
2014-05-22,0.92494,0.92726,0.92135,0.92246,0.0
2014-05-23,0.92262,0.92485,0.92128,0.92297,0.0
2014-05-26,0.92335,0.92483,0.923,0.92381,0.0
2014-05-27,0.92365,0.92765,0.92325,0.92588,0.0
2014-05-28,0.92585,0.927,0.92133,0.92353,0.0
2014-05-29,0.92334,0.93118,0.92098,0.93056,0.0
2014-05-30,0.93044,0.93281,0.92879,0.93078,0.0
2014-06-02,0.93091,0.93134,0.9234,0.92447,0.0
2014-06-03,0.92435,0.92862,0.92291,0.92639,0.0
2014-06-04,0.92631,0.92917,0.92517,0.92769,0.0
2014-06-05,0.92749,0.93454,0.92571,0.93387,0.0
2014-06-06,0.93368,0.93576,0.9318,0.93337,0.0
2014-06-09,0.93365,0.93626,0.93336,0.93559,0.0
2014-06-10,0.93519,0.93829,0.93401,0.93717,0.0
2014-06-11,0.93708,0.94052,0.93636,0.93847,0.0
2014-06-12,0.93915,0.94366,0.93637,0.94255,0.0
2014-06-13,0.94238,0.94262,0.93744,0.94001,0.0
2014-06-16,0.93936,0.94156,0.93729,0.93996,0.0
2014-06-17,0.93994,0.94021,0.93291,0.93365,0.0
2014-06-18,0.9332,0.9411,0.9321,0.9409,0.0
2014-06-19,0.94024,0.94306,0.93895,0.94,0.0
2014-06-20,0.94002,0.94138,0.9377,0.9386,0.0
2014-06-23,0.93759,0.94442,0.93741,0.94181,0.0
2014-06-24,0.94199,0.94302,0.93652,0.93657,0.0
2014-06-25,0.93669,0.94071,0.93534,0.94059,0.0
2014-06-26,0.94046,0.94177,0.93951,0.94136,0.0
2014-06-27,0.9413,0.94404,0.94047,0.94217,0.0
2014-06-30,0.942,0.94381,0.93866,0.94316,0.0
2014-07-01,0.94299,0.9504,0.94125,0.94955,0.0
2014-07-02,0.94953,0.94978,0.94279,0.94415,0.0
2014-07-03,0.94411,0.9442,0.9328,0.93457,0.0
2014-07-04,0.93453,0.93683,0.93423,0.93636,0.0
2014-07-07,0.9362,0.93756,0.93405,0.93714,0.0
2014-07-08,0.93704,0.94136,0.93644,0.9398,0.0
2014-07-09,0.93976,0.94235,0.93811,0.94121,0.0
2014-07-10,0.94104,0.94557,0.93602,0.93939,0.0
2014-07-11,0.93934,0.94077,0.93748,0.93892,0.0
2014-07-14,0.93781,0.94023,0.93777,0.93918,0.0
2014-07-15,0.93909,0.94008,0.93479,0.93705,0.0
2014-07-16,0.93692,0.93734,0.93285,0.93666,0.0
2014-07-17,0.93659,0.93905,0.93453,0.93503,0.0
2014-07-18,0.93491,0.94097,0.9335,0.93897,0.0
2014-07-21,0.93948,0.93993,0.93702,0.93751,0.0
2014-07-22,0.9373,0.94212,0.93599,0.93929,0.0
2014-07-23,0.93937,0.94606,0.93799,0.94558,0.0
2014-07-24,0.94504,0.94694,0.94102,0.9418,0.0
2014-07-25,0.94151,0.94235,0.93917,0.93953,0.0
2014-07-28,0.93941,0.94126,0.93835,0.94057,0.0
2014-07-29,0.94014,0.94152,0.93734,0.93821,0.0
2014-07-30,0.9382,0.93872,0.93016,0.9329,0.0
2014-07-31,0.9328,0.93314,0.92783,0.9294,0.0
2014-08-01,0.92936,0.93346,0.92745,0.93147,0.0
2014-08-04,0.93088,0.93352,0.93051,0.93325,0.0
2014-08-05,0.93323,0.93419,0.92926,0.93029,0.0
2014-08-06,0.93035,0.93734,0.92908,0.93531,0.0
2014-08-07,0.93534,0.93568,0.92581,0.92712,0.0
2014-08-08,0.92701,0.9286,0.92383,0.92749,0.0
2014-08-11,0.9274,0.92852,0.92582,0.92619,0.0
2014-08-12,0.92601,0.92761,0.92469,0.9268,0.0
2014-08-13,0.92676,0.93186,0.92625,0.93033,0.0
2014-08-14,0.93036,0.93265,0.9287,0.93179,0.0
2014-08-15,0.9317,0.93333,0.92969,0.93218,0.0
2014-08-18,0.93151,0.93332,0.93078,0.93233,0.0
2014-08-19,0.93236,0.9344,0.93008,0.93029,0.0
2014-08-20,0.9301,0.93172,0.92743,0.92884,0.0
2014-08-21,0.92848,0.931,0.92385,0.9301,0.0
2014-08-22,0.93015,0.93282,0.92921,0.93162,0.0
2014-08-25,0.93076,0.93224,0.92885,0.92961,0.0
2014-08-26,0.92957,0.93298,0.9271,0.9306,0.0
2014-08-27,0.93032,0.93503,0.93015,0.93351,0.0
2014-08-28,0.93342,0.93731,0.93312,0.93551,0.0
2014-08-29,0.93553,0.93619,0.93309,0.93363,0.0
2014-09-01,0.93236,0.9351,0.93232,0.93312,0.0
2014-09-02,0.933,0.93359,0.92673,0.92751,0.0
2014-09-03,0.92735,0.93504,0.9262,0.93452,0.0
2014-09-04,0.93453,0.93915,0.93289,0.93493,0.0
2014-09-05,0.93468,0.94008,0.93317,0.93762,0.0
2014-09-08,0.93623,0.93735,0.92766,0.92811,0.0
2014-09-09,0.92806,0.92877,0.91871,0.9202,0.0
2014-09-10,0.92014,0.92167,0.91117,0.91557,0.0
2014-09-11,0.9149,0.92168,0.90877,0.90979,0.0
2014-09-12,0.90975,0.91078,0.90296,0.90411,0.0
2014-09-15,0.90095,0.90483,0.89829,0.90285,0.0
2014-09-16,0.90321,0.91113,0.89882,0.90902,0.0
2014-09-17,0.90941,0.90941,0.89498,0.89614,0.0
2014-09-18,0.8952,0.8996,0.89263,0.89916,0.0
2014-09-19,0.8989,0.89996,0.89199,0.89272,0.0
2014-09-22,0.89292,0.89486,0.8852,0.88709,0.0
2014-09-23,0.8871,0.89259,0.88303,0.8841,0.0
2014-09-24,0.88383,0.88962,0.8838,0.88843,0.0
2014-09-25,0.88831,0.88838,0.87729,0.87869,0.0
2014-09-26,0.87874,0.88121,0.87468,0.87611,0.0
2014-09-29,0.87535,0.87595,0.86826,0.87177,0.0
2014-09-30,0.87166,0.87663,0.86929,0.87472,0.0
2014-10-01,0.87468,0.87484,0.86623,0.87398,0.0
2014-10-02,0.87298,0.88257,0.87248,0.88026,0.0
2014-10-03,0.87993,0.88053,0.86417,0.86743,0.0
2014-10-06,0.86745,0.8783,0.86515,0.87616,0.0
2014-10-07,0.87605,0.88331,0.87253,0.88159,0.0
2014-10-08,0.88144,0.88498,0.87329,0.88398,0.0
2014-10-09,0.88401,0.88975,0.87638,0.87812,0.0
2014-10-10,0.87804,0.87843,0.86792,0.86839,0.0
2014-10-13,0.86929,0.87862,0.8651,0.87707,0.0
2014-10-14,0.87695,0.88111,0.86927,0.87122,0.0
2014-10-15,0.8713,0.88595,0.86745,0.88281,0.0
2014-10-16,0.88242,0.88257,0.86846,0.87549,0.0
2014-10-17,0.87557,0.88112,0.87325,0.87495,0.0
2014-10-20,0.87568,0.88005,0.87463,0.87821,0.0
2014-10-21,0.87851,0.88317,0.87567,0.87804,0.0
2014-10-22,0.87766,0.88142,0.87522,0.87758,0.0
2014-10-23,0.87771,0.88054,0.87479,0.87605,0.0
2014-10-24,0.876,0.88231,0.87177,0.87949,0.0
2014-10-27,0.88025,0.88233,0.87879,0.8801,0.0
2014-10-28,0.88012,0.88808,0.87944,0.88554,0.0
2014-10-29,0.88527,0.89102,0.87752,0.87954,0.0
2014-10-30,0.8794,0.88391,0.87544,0.88331,0.0
2014-10-31,0.8832,0.88525,0.87635,0.87979,0.0
2014-11-03,0.87536,0.87601,0.8677,0.86815,0.0
2014-11-04,0.86777,0.87485,0.86445,0.87372,0.0
2014-11-05,0.87349,0.87609,0.85638,0.8592,0.0
2014-11-06,0.859,0.86261,0.85521,0.85578,0.0
2014-11-07,0.85556,0.86563,0.85398,0.86262,0.0
2014-11-10,0.86454,0.86815,0.8608,0.86196,0.0
2014-11-11,0.86189,0.8718,0.85897,0.86828,0.0
2014-11-12,0.86866,0.87439,0.86645,0.87174,0.0
2014-11-13,0.87134,0.87633,0.86709,0.8718,0.0
2014-11-14,0.8714,0.87723,0.86473,0.87471,0.0
2014-11-17,0.87743,0.87951,0.86941,0.87082,0.0
2014-11-18,0.87056,0.87456,0.86812,0.87191,0.0
2014-11-19,0.87165,0.872,0.86007,0.86181,0.0
2014-11-20,0.86167,0.86401,0.85651,0.86212,0.0
2014-11-21,0.8617,0.8722,0.86043,0.86659,0.0
2014-11-24,0.86741,0.86995,0.86012,0.86172,0.0
2014-11-25,0.86173,0.86178,0.85128,0.85278,0.0
2014-11-26,0.85308,0.85644,0.84791,0.85482,0.0
2014-11-27,0.85461,0.86144,0.85286,0.85457,0.0
2014-11-28,0.85396,0.85466,0.84845,0.85021,0.0
2014-12-01,0.84711,0.85311,0.84156,0.84863,0.0
2014-12-02,0.84897,0.85414,0.84321,0.84428,0.0
2014-12-03,0.84468,0.84658,0.83875,0.84039,0.0
2014-12-04,0.84009,0.84283,0.8355,0.83816,0.0
2014-12-05,0.8381,0.83922,0.8314,0.83263,0.0
2014-12-08,0.8308,0.8323,0.8259,0.82923,0.0
2014-12-09,0.82913,0.83704,0.8223,0.82907,0.0
2014-12-10,0.82897,0.83472,0.82635,0.83182,0.0
2014-12-11,0.83151,0.83748,0.82136,0.82747,0.0
2014-12-12,0.82666,0.82979,0.82261,0.82436,0.0
2014-12-15,0.82456,0.82668,0.82001,0.82111,0.0
2014-12-16,0.82106,0.82734,0.8199,0.8217,0.0
2014-12-17,0.82164,0.82345,0.81061,0.81206,0.0
2014-12-18,0.81247,0.82023,0.81158,0.81643,0.0
2014-12-19,0.81588,0.81911,0.81213,0.81436,0.0
2014-12-22,0.81416,0.8172,0.81254,0.81325,0.0
2014-12-23,0.81284,0.8143,0.80869,0.8103,0.0
2014-12-24,0.81025,0.81227,0.80947,0.81065,0.0
2014-12-26,0.81159,0.81312,0.81079,0.81136,0.0
2014-12-29,0.81217,0.81616,0.81096,0.8133,0.0
2014-12-30,0.81298,0.82022,0.8121,0.8183,0.0
2014-12-31,0.81807,0.82144,0.81578,0.81638,0.0
2015-01-02,0.81293,0.81449,0.80769,0.80907,0.0
2015-01-05,0.8067,0.81063,0.80344,0.80819,0.0
2015-01-06,0.80823,0.81564,0.80804,0.8084,0.0
2015-01-07,0.80798,0.80891,0.80318,0.80757,0.0
2015-01-08,0.80754,0.81298,0.80697,0.81218,0.0
2015-01-09,0.81216,0.82074,0.81046,0.82022,0.0
2015-01-12,0.82106,0.82538,0.81296,0.81549,0.0
2015-01-13,0.81552,0.81972,0.81265,0.81641,0.0
2015-01-14,0.81657,0.81883,0.80671,0.81467,0.0
2015-01-15,0.81496,0.8294,0.81322,0.82158,0.0
2015-01-16,0.82104,0.82553,0.81671,0.82259,0.0
2015-01-19,0.82204,0.82426,0.8195,0.82106,0.0
2015-01-20,0.82097,0.82171,0.8159,0.817,0.0
2015-01-21,0.81658,0.82331,0.80771,0.80854,0.0
2015-01-22,0.80865,0.81352,0.7994,0.80251,0.0
2015-01-23,0.80145,0.8051,0.788,0.79051,0.0
2015-01-26,0.7874,0.79328,0.78571,0.79208,0.0
2015-01-27,0.7916,0.7974,0.79045,0.79356,0.0
2015-01-28,0.79338,0.80243,0.78827,0.78874,0.0
2015-01-29,0.78853,0.7906,0.77189,0.77619,0.0
2015-01-30,0.77587,0.77965,0.77299,0.77657,0.0
2015-02-02,0.77491,0.78293,0.7747,0.77998,0.0
2015-02-03,0.7801,0.78516,0.76251,0.77912,0.0
2015-02-04,0.77879,0.78482,0.77421,0.7752,0.0
2015-02-05,0.77523,0.78234,0.77328,0.77967,0.0
2015-02-06,0.77955,0.78753,0.77775,0.77916,0.0
2015-02-09,0.77604,0.78334,0.77471,0.78004,0.0
2015-02-10,0.77976,0.78406,0.77464,0.77697,0.0
2015-02-11,0.77679,0.77934,0.76928,0.77161,0.0
2015-02-12,0.77168,0.77779,0.76428,0.7734,0.0
2015-02-13,0.77336,0.77914,0.77233,0.7759,0.0
2015-02-16,0.77737,0.77937,0.77503,0.77738,0.0
2015-02-17,0.77735,0.78276,0.77409,0.78167,0.0
2015-02-18,0.78171,0.78373,0.77725,0.78113,0.0
2015-02-19,0.78104,0.78423,0.7756,0.77906,0.0
2015-02-20,0.77907,0.78479,0.77871,0.7841,0.0
2015-02-23,0.78464,0.78464,0.77795,0.78026,0.0
2015-02-24,0.78013,0.78364,0.77387,0.78293,0.0
2015-02-25,0.7826,0.79002,0.78222,0.7884,0.0
2015-02-26,0.78847,0.7912,0.77849,0.77974,0.0
2015-02-27,0.77987,0.78334,0.77766,0.78118,0.0
2015-03-02,0.78045,0.78064,0.7755,0.77633,0.0
2015-03-03,0.77623,0.78436,0.77499,0.78137,0.0
2015-03-04,0.78122,0.78593,0.77932,0.78166,0.0
2015-03-05,0.78182,0.78398,0.77533,0.77807,0.0
2015-03-06,0.77801,0.78446,0.77052,0.77149,0.0
2015-03-09,0.77042,0.7739,0.76832,0.77017,0.0
2015-03-10,0.77011,0.77064,0.76027,0.76243,0.0
2015-03-11,0.76233,0.76436,0.75593,0.75956,0.0
2015-03-12,0.75955,0.77299,0.75724,0.77066,0.0
2015-03-13,0.77071,0.77093,0.76088,0.76334,0.0
2015-03-16,0.76201,0.76788,0.76125,0.76361,0.0
2015-03-17,0.76391,0.76642,0.76046,0.76163,0.0
2015-03-18,0.7615,0.78453,0.75898,0.77743,0.0
2015-03-19,0.77696,0.78075,0.76108,0.7648,0.0
2015-03-20,0.76466,0.78016,0.7642,0.77721,0.0
2015-03-23,0.77843,0.78978,0.77623,0.78787,0.0
2015-03-24,0.78759,0.7937,0.78386,0.78759,0.0
2015-03-25,0.78764,0.79034,0.78281,0.78435,0.0
2015-03-26,0.78422,0.78832,0.78002,0.78277,0.0
2015-03-27,0.78273,0.78337,0.7744,0.77496,0.0
2015-03-30,0.77317,0.77461,0.76325,0.76534,0.0
2015-03-31,0.76491,0.76633,0.759,0.76047,0.0
2015-04-01,0.76052,0.76626,0.75816,0.75984,0.0
2015-04-02,0.75975,0.761,0.75322,0.75911,0.0
2015-04-03,0.75874,0.76927,0.75698,0.76328,0.0
2015-04-06,0.76409,0.76662,0.75782,0.75856,0.0
2015-04-07,0.75867,0.77105,0.75759,0.7634,0.0
2015-04-08,0.76325,0.77267,0.76314,0.76837,0.0
2015-04-09,0.76783,0.77375,0.76587,0.76905,0.0
2015-04-10,0.76908,0.77208,0.76367,0.76793,0.0
2015-04-13,0.76678,0.76774,0.75515,0.75876,0.0
2015-04-14,0.75875,0.76476,0.7554,0.76268,0.0
2015-04-15,0.76241,0.76995,0.75705,0.76794,0.0
2015-04-16,0.76773,0.78211,0.76722,0.78024,0.0
2015-04-17,0.78021,0.78415,0.7758,0.77853,0.0
2015-04-20,0.7823,0.78253,0.77056,0.77235,0.0
2015-04-21,0.77221,0.77529,0.76819,0.77092,0.0
2015-04-22,0.77097,0.78063,0.77051,0.77513,0.0
2015-04-23,0.77542,0.77894,0.77099,0.7777,0.0
2015-04-24,0.77746,0.78397,0.77634,0.7819,0.0
2015-04-27,0.78203,0.78712,0.77903,0.78544,0.0
2015-04-28,0.78563,0.80265,0.78322,0.80212,0.0
2015-04-29,0.80203,0.80746,0.79755,0.80094,0.0
2015-04-30,0.80081,0.80212,0.78621,0.79044,0.0
2015-05-01,0.79038,0.79167,0.78024,0.78448,0.0
2015-05-04,0.78317,0.78508,0.7801,0.78365,0.0
2015-05-05,0.78339,0.79548,0.77982,0.79415,0.0
2015-05-06,0.79389,0.80294,0.79176,0.79671,0.0
2015-05-07,0.7971,0.80038,0.78894,0.79042,0.0
2015-05-08,0.79114,0.79674,0.78623,0.79325,0.0
2015-05-11,0.79216,0.79322,0.78756,0.78891,0.0
2015-05-12,0.78878,0.7999,0.78852,0.79754,0.0
2015-05-13,0.798,0.81233,0.79632,0.81121,0.0
2015-05-14,0.81098,0.81623,0.80623,0.80778,0.0
2015-05-15,0.80776,0.80882,0.79953,0.80377,0.0
2015-05-18,0.80382,0.80511,0.79762,0.79886,0.0
2015-05-19,0.79888,0.80097,0.79054,0.79131,0.0
2015-05-20,0.79143,0.79337,0.786,0.78734,0.0
2015-05-21,0.78701,0.79123,0.78646,0.78927,0.0
2015-05-22,0.78917,0.79306,0.78096,0.783,0.0
2015-05-25,0.78228,0.78387,0.78026,0.78208,0.0
2015-05-26,0.78217,0.78386,0.77263,0.77342,0.0
2015-05-27,0.77274,0.77677,0.76901,0.77262,0.0
2015-05-28,0.77231,0.776,0.76167,0.76484,0.0
2015-05-29,0.76437,0.76735,0.76284,0.7642,0.0
2015-06-01,0.76357,0.76673,0.75973,0.76056,0.0
2015-06-02,0.76058,0.77893,0.76026,0.77728,0.0
2015-06-03,0.77729,0.78181,0.77504,0.77852,0.0
2015-06-04,0.77812,0.77855,0.76634,0.76859,0.0
2015-06-05,0.76858,0.77256,0.75982,0.76145,0.0
2015-06-08,0.7623,0.77109,0.76023,0.76995,0.0
2015-06-09,0.76973,0.77218,0.76454,0.76883,0.0
2015-06-10,0.76878,0.77842,0.76349,0.77601,0.0
2015-06-11,0.7728,0.7792,0.76925,0.77523,0.0
2015-06-12,0.77538,0.77569,0.76769,0.77283,0.0
2015-06-15,0.77469,0.7776,0.77031,0.77641,0.0
2015-06-16,0.77643,0.77795,0.77208,0.77513,0.0
2015-06-17,0.7754,0.77688,0.76427,0.77492,0.0
2015-06-18,0.77477,0.78478,0.77093,0.77987,0.0
2015-06-19,0.77977,0.78139,0.77356,0.777,0.0
2015-06-22,0.77637,0.77953,0.77202,0.77275,0.0
2015-06-23,0.77232,0.77475,0.76786,0.77349,0.0
2015-06-24,0.77336,0.77701,0.76821,0.77022,0.0
2015-06-25,0.77,0.77512,0.76958,0.77375,0.0
2015-06-26,0.77346,0.77391,0.76295,0.7651,0.0
2015-06-29,0.762,0.77111,0.75852,0.76782,0.0
2015-06-30,0.76776,0.77236,0.76584,0.77044,0.0
2015-07-01,0.77031,0.77374,0.76378,0.76443,0.0
2015-07-02,0.76421,0.76564,0.75886,0.76306,0.0
2015-07-03,0.76341,0.76479,0.75082,0.75107,0.0
2015-07-06,0.74783,0.75318,0.74616,0.74977,0.0
2015-07-07,0.74968,0.75004,0.73969,0.74497,0.0
2015-07-08,0.74486,0.74582,0.73712,0.74279,0.0
2015-07-09,0.74241,0.74907,0.73913,0.74448,0.0
2015-07-10,0.74449,0.74954,0.74084,0.74379,0.0
2015-07-13,0.74154,0.74677,0.73822,0.74053,0.0
2015-07-14,0.74097,0.74779,0.73866,0.74497,0.0
2015-07-15,0.74505,0.74878,0.73529,0.73773,0.0
2015-07-16,0.73748,0.74361,0.73488,0.74034,0.0
2015-07-17,0.74031,0.74177,0.73665,0.73782,0.0
2015-07-20,0.73762,0.73964,0.73267,0.73705,0.0
2015-07-21,0.73721,0.74483,0.73403,0.74188,0.0
2015-07-22,0.74179,0.74379,0.73597,0.73739,0.0
2015-07-23,0.7382,0.74166,0.73508,0.73537,0.0
2015-07-24,0.73534,0.73609,0.72589,0.72813,0.0
2015-07-27,0.72702,0.73236,0.72645,0.72688,0.0
2015-07-28,0.72677,0.73436,0.72561,0.73327,0.0
2015-07-29,0.73324,0.73499,0.72814,0.72942,0.0
2015-07-30,0.72924,0.73216,0.72537,0.72907,0.0
2015-07-31,0.72906,0.73653,0.72333,0.73,0.0
2015-08-03,0.73071,0.7314,0.72591,0.72847,0.0
2015-08-04,0.72848,0.74276,0.72622,0.73759,0.0
2015-08-05,0.7376,0.73944,0.73331,0.73543,0.0
2015-08-06,0.73544,0.73804,0.73141,0.73459,0.0
2015-08-07,0.73427,0.74177,0.73328,0.74176,0.0
2015-08-10,0.74123,0.74212,0.73525,0.74094,0.0
2015-08-11,0.74108,0.74386,0.72824,0.73033,0.0
2015-08-12,0.73019,0.73864,0.7215,0.73778,0.0
2015-08-13,0.73791,0.74081,0.73221,0.73577,0.0
2015-08-14,0.7356,0.73967,0.73541,0.73771,0.0
2015-08-17,0.73769,0.73882,0.73428,0.73701,0.0
2015-08-18,0.73695,0.73849,0.73192,0.73392,0.0
2015-08-19,0.73398,0.73742,0.73112,0.73468,0.0
2015-08-20,0.73473,0.73719,0.72839,0.73374,0.0
2015-08-21,0.73363,0.73591,0.72866,0.73089,0.0
2015-08-24,0.73041,0.73106,0.70899,0.71539,0.0
2015-08-25,0.71567,0.7249,0.7122,0.71275,0.0
2015-08-26,0.71283,0.71554,0.70687,0.71214,0.0
2015-08-27,0.71178,0.71801,0.70978,0.71645,0.0
2015-08-28,0.71642,0.72048,0.71198,0.71632,0.0
2015-08-31,0.71522,0.71617,0.70814,0.71124,0.0
2015-09-01,0.71115,0.71528,0.70138,0.70151,0.0
2015-09-02,0.70152,0.70479,0.69812,0.70373,0.0
2015-09-03,0.70368,0.70616,0.69912,0.70163,0.0
2015-09-04,0.70154,0.70204,0.69076,0.6908,0.0
2015-09-07,0.69174,0.6949,0.69102,0.69223,0.0
2015-09-08,0.69229,0.70385,0.69214,0.70158,0.0
2015-09-09,0.70149,0.70691,0.70044,0.70164,0.0
2015-09-10,0.70083,0.70986,0.69446,0.70704,0.0
2015-09-11,0.70692,0.70911,0.70345,0.70877,0.0
2015-09-14,0.70794,0.71503,0.70622,0.71354,0.0
2015-09-15,0.71347,0.71648,0.70844,0.71394,0.0
2015-09-16,0.71413,0.7199,0.7122,0.71948,0.0
2015-09-17,0.71945,0.72745,0.71368,0.7174,0.0
2015-09-18,0.71651,0.72786,0.71615,0.71904,0.0
2015-09-21,0.71828,0.71961,0.71206,0.71324,0.0
2015-09-22,0.71278,0.71578,0.70556,0.7088,0.0
2015-09-23,0.70876,0.70893,0.69881,0.70036,0.0
2015-09-24,0.70038,0.70416,0.69375,0.70216,0.0
2015-09-25,0.69873,0.70414,0.69771,0.70243,0.0
2015-09-28,0.70276,0.70352,0.69781,0.69881,0.0
2015-09-29,0.69858,0.70227,0.69356,0.6983,0.0
2015-09-30,0.69832,0.70373,0.69814,0.70154,0.0
2015-10-01,0.70163,0.70837,0.69971,0.70303,0.0
2015-10-02,0.70257,0.70611,0.70014,0.70506,0.0
2015-10-05,0.70551,0.71098,0.70416,0.70832,0.0
2015-10-06,0.70799,0.71741,0.70644,0.71626,0.0
2015-10-07,0.71616,0.72335,0.71486,0.72057,0.0
2015-10-08,0.7207,0.72706,0.71639,0.72544,0.0
2015-10-09,0.72546,0.73432,0.72466,0.73371,0.0
2015-10-12,0.73197,0.73812,0.7304,0.73613,0.0
2015-10-13,0.73589,0.73627,0.72452,0.72456,0.0
2015-10-14,0.72442,0.73161,0.71975,0.72986,0.0
2015-10-15,0.72973,0.73624,0.72646,0.73284,0.0
2015-10-16,0.73287,0.73364,0.72484,0.72657,0.0
2015-10-19,0.72553,0.73063,0.72377,0.72467,0.0
2015-10-20,0.72444,0.72969,0.72409,0.72587,0.0
2015-10-21,0.72584,0.7275,0.72014,0.72068,0.0
2015-10-22,0.72065,0.72383,0.71811,0.72075,0.0
2015-10-23,0.72049,0.72955,0.71965,0.72143,0.0
2015-10-26,0.7214,0.72686,0.72063,0.72467,0.0
2015-10-27,0.72433,0.72574,0.71779,0.71924,0.0
2015-10-28,0.71898,0.72057,0.70797,0.71094,0.0
2015-10-29,0.71105,0.71182,0.70666,0.70724,0.0
2015-10-30,0.70722,0.71473,0.70709,0.71343,0.0
2015-11-02,0.712,0.71525,0.71171,0.71446,0.0
2015-11-03,0.71451,0.72178,0.71388,0.71828,0.0
2015-11-04,0.71843,0.7223,0.71349,0.71444,0.0
2015-11-05,0.71449,0.71687,0.71246,0.71419,0.0
2015-11-06,0.71412,0.71687,0.70216,0.70426,0.0
2015-11-09,0.70277,0.70691,0.70259,0.70462,0.0
2015-11-10,0.70437,0.70635,0.70151,0.70295,0.0
2015-11-11,0.70291,0.70771,0.70239,0.7061,0.0
2015-11-12,0.70592,0.71532,0.70577,0.71238,0.0
2015-11-13,0.71251,0.71582,0.71052,0.7123,0.0
2015-11-16,0.71199,0.71315,0.70793,0.70952,0.0
2015-11-17,0.70935,0.7139,0.70715,0.71105,0.0
2015-11-18,0.71078,0.71167,0.70679,0.71101,0.0
2015-11-19,0.71062,0.72135,0.71012,0.71927,0.0
2015-11-20,0.71924,0.72491,0.71826,0.72348,0.0
2015-11-23,0.723,0.72322,0.71581,0.7191,0.0
2015-11-24,0.71918,0.72526,0.7184,0.72524,0.0
2015-11-25,0.72545,0.72819,0.72262,0.72511,0.0
2015-11-26,0.72527,0.72612,0.72093,0.72251,0.0
2015-11-27,0.72226,0.72384,0.71842,0.71894,0.0
2015-11-30,0.71907,0.72491,0.71693,0.72255,0.0
2015-12-01,0.72262,0.73351,0.72208,0.73222,0.0
2015-12-02,0.73187,0.73415,0.7292,0.73092,0.0
2015-12-03,0.7308,0.73618,0.72828,0.73399,0.0
2015-12-04,0.73401,0.73843,0.72786,0.73415,0.0
2015-12-07,0.7338,0.73415,0.72556,0.72667,0.0
2015-12-08,0.72656,0.72694,0.71857,0.7213,0.0
2015-12-09,0.72157,0.72443,0.7171,0.72276,0.0
2015-12-10,0.72287,0.73336,0.72207,0.72796,0.0
2015-12-11,0.72801,0.72807,0.71838,0.7187,0.0
2015-12-14,0.72004,0.72686,0.71587,0.72407,0.0
2015-12-15,0.72422,0.7282,0.71594,0.71901,0.0
2015-12-16,0.71921,0.72792,0.71753,0.72275,0.0
2015-12-17,0.72266,0.7246,0.70959,0.71268,0.0
2015-12-18,0.71237,0.71992,0.71109,0.71664,0.0
2015-12-21,0.71676,0.71942,0.71541,0.71875,0.0
2015-12-22,0.71876,0.7248,0.71806,0.72339,0.0
2015-12-23,0.72345,0.72469,0.72082,0.72345,0.0
2015-12-24,0.72295,0.72794,0.72253,0.72521,0.0
2015-12-28,0.72736,0.72814,0.7247,0.72477,0.0
2015-12-29,0.72475,0.73019,0.72435,0.7294,0.0
2015-12-30,0.72951,0.73023,0.727,0.72852,0.0
2015-12-31,0.7282,0.73267,0.72654,0.72826,0.0
2016-01-04,0.72815,0.73003,0.71547,0.71893,0.0
2016-01-05,0.71897,0.72136,0.71312,0.71611,0.0
2016-01-06,0.71604,0.71706,0.70473,0.70706,0.0
2016-01-07,0.70693,0.70851,0.69796,0.70082,0.0
2016-01-08,0.70093,0.70752,0.69491,0.69534,0.0
2016-01-11,0.69682,0.70347,0.6926,0.69926,0.0
2016-01-12,0.69938,0.70199,0.6939,0.69862,0.0
2016-01-13,0.69847,0.70476,0.69487,0.69549,0.0
2016-01-14,0.69562,0.69959,0.69091,0.69809,0.0
2016-01-15,0.69807,0.70009,0.6826,0.68633,0.0
2016-01-18,0.68385,0.69271,0.68385,0.68612,0.0
2016-01-19,0.68642,0.69564,0.68376,0.69074,0.0
2016-01-20,0.69012,0.69241,0.6827,0.69064,0.0
2016-01-21,0.69054,0.70165,0.68744,0.69964,0.0
2016-01-22,0.6999,0.70448,0.69852,0.7003,0.0
2016-01-25,0.70031,0.70304,0.69484,0.69536,0.0
2016-01-26,0.69494,0.70202,0.69175,0.70032,0.0
2016-01-27,0.70036,0.70806,0.69912,0.70248,0.0
2016-01-28,0.70252,0.71273,0.7007,0.70832,0.0
2016-01-29,0.70822,0.71401,0.70576,0.70845,0.0
2016-02-01,0.70787,0.71199,0.70416,0.71139,0.0
2016-02-02,0.71129,0.7128,0.70331,0.7036,0.0
2016-02-03,0.70372,0.71882,0.70018,0.71665,0.0
2016-02-04,0.71622,0.72416,0.71524,0.71976,0.0
2016-02-05,0.71979,0.72164,0.70633,0.70643,0.0
2016-02-08,0.70687,0.71274,0.70495,0.70845,0.0
2016-02-09,0.70812,0.70946,0.69725,0.7069,0.0
2016-02-10,0.70641,0.71241,0.70367,0.70927,0.0
2016-02-11,0.70931,0.71516,0.69826,0.71067,0.0
2016-02-12,0.71071,0.71272,0.70625,0.71019,0.0
2016-02-15,0.71036,0.71707,0.71002,0.71343,0.0
2016-02-16,0.71348,0.71808,0.70804,0.71101,0.0
2016-02-17,0.71083,0.71855,0.7083,0.71829,0.0
2016-02-18,0.71802,0.71822,0.71316,0.71557,0.0
2016-02-19,0.71559,0.71604,0.7068,0.71458,0.0
2016-02-22,0.71562,0.72456,0.71349,0.72261,0.0
2016-02-23,0.72255,0.7258,0.71993,0.72007,0.0
2016-02-24,0.71985,0.72123,0.71447,0.71939,0.0
2016-02-25,0.71946,0.72424,0.71551,0.72323,0.0
2016-02-26,0.72387,0.72553,0.7117,0.7127,0.0
2016-02-29,0.71197,0.7167,0.71075,0.71389,0.0
2016-03-01,0.71398,0.71912,0.71081,0.71726,0.0
2016-03-02,0.7173,0.72999,0.71638,0.72949,0.0
2016-03-03,0.72916,0.73727,0.72803,0.73501,0.0
2016-03-04,0.735,0.7442,0.73387,0.74345,0.0
2016-03-07,0.74044,0.7484,0.73921,0.74679,0.0
2016-03-08,0.74673,0.74712,0.74095,0.74379,0.0
2016-03-09,0.74359,0.75274,0.74117,0.74848,0.0
2016-03-10,0.74851,0.75113,0.74265,0.7453,0.0
2016-03-11,0.74542,0.75827,0.74458,0.75592,0.0
2016-03-14,0.75419,0.75929,0.74916,0.7513,0.0
2016-03-15,0.75112,0.75272,0.74445,0.74568,0.0
2016-03-16,0.74517,0.75596,0.74141,0.7551,0.0
2016-03-17,0.75527,0.76563,0.75323,0.7648,0.0
2016-03-18,0.7639,0.76796,0.75944,0.75976,0.0
2016-03-21,0.75923,0.76259,0.75684,0.75761,0.0
2016-03-22,0.75763,0.76421,0.75506,0.76195,0.0
2016-03-23,0.76193,0.76482,0.75188,0.75298,0.0
2016-03-24,0.75275,0.75363,0.74768,0.75246,0.0
2016-03-25,0.75229,0.75342,0.74939,0.7503,0.0
2016-03-28,0.75086,0.75572,0.74927,0.75428,0.0
2016-03-29,0.75408,0.76445,0.75096,0.76295,0.0
2016-03-30,0.76239,0.77081,0.76145,0.76691,0.0
2016-03-31,0.76688,0.77225,0.76337,0.76569,0.0
2016-04-01,0.76556,0.76994,0.75981,0.76735,0.0
2016-04-04,0.7668,0.76765,0.75976,0.76029,0.0
2016-04-05,0.76028,0.76296,0.75095,0.75443,0.0
2016-04-06,0.75402,0.76186,0.75322,0.75992,0.0
2016-04-07,0.75968,0.76366,0.74911,0.75053,0.0
2016-04-08,0.75025,0.75788,0.74995,0.75487,0.0
2016-04-11,0.75424,0.76297,0.75273,0.75945,0.0
2016-04-12,0.75928,0.76888,0.75827,0.76824,0.0
2016-04-13,0.76803,0.77151,0.76332,0.7652,0.0
2016-04-14,0.76524,0.77363,0.76184,0.76947,0.0
2016-04-15,0.76875,0.77336,0.76801,0.7719,0.0
2016-04-18,0.76409,0.77588,0.76306,0.77486,0.0
2016-04-19,0.77452,0.78253,0.77452,0.78121,0.0
2016-04-20,0.78123,0.78285,0.77668,0.77934,0.0
2016-04-21,0.7793,0.7834,0.77323,0.77366,0.0
2016-04-22,0.77351,0.77739,0.76932,0.77075,0.0
2016-04-25,0.76931,0.77285,0.76907,0.7714,0.0
2016-04-26,0.77126,0.77647,0.76961,0.77466,0.0
2016-04-27,0.77462,0.77647,0.75476,0.75905,0.0
2016-04-28,0.75869,0.7657,0.7571,0.76241,0.0
2016-04-29,0.76219,0.76678,0.75868,0.7606,0.0
2016-05-02,0.75954,0.76705,0.75912,0.76687,0.0
2016-05-03,0.76631,0.77177,0.74819,0.74829,0.0
2016-05-04,0.74832,0.75168,0.74464,0.74546,0.0
2016-05-05,0.74517,0.75134,0.74515,0.74639,0.0
2016-05-06,0.74601,0.74776,0.73373,0.7365,0.0
2016-05-09,0.73525,0.73848,0.73069,0.7315,0.0
2016-05-10,0.73128,0.7373,0.72995,0.73619,0.0
2016-05-11,0.73607,0.74014,0.73356,0.73736,0.0
2016-05-12,0.73708,0.73789,0.73094,0.73228,0.0
2016-05-13,0.7319,0.73232,0.72535,0.72647,0.0
2016-05-16,0.72455,0.7308,0.72444,0.7289,0.0
2016-05-17,0.72861,0.73658,0.72816,0.73249,0.0
2016-05-18,0.73227,0.733,0.72209,0.72288,0.0
2016-05-19,0.72281,0.72412,0.71754,0.72269,0.0
2016-05-20,0.72265,0.72491,0.72112,0.72203,0.0
2016-05-23,0.72188,0.7259,0.71946,0.72225,0.0
2016-05-24,0.72218,0.72275,0.71446,0.71825,0.0
2016-05-25,0.71829,0.72183,0.7173,0.71958,0.0
2016-05-26,0.71954,0.72429,0.71583,0.72247,0.0
2016-05-27,0.7223,0.72342,0.71717,0.71831,0.0
2016-05-30,0.71758,0.71866,0.71482,0.71818,0.0
2016-05-31,0.71818,0.72664,0.71798,0.72311,0.0
2016-06-01,0.72304,0.72984,0.72269,0.72552,0.0
2016-06-02,0.72558,0.72687,0.72008,0.72282,0.0
2016-06-03,0.7228,0.73676,0.72176,0.7365,0.0
2016-06-06,0.73668,0.73798,0.73148,0.73661,0.0
2016-06-07,0.73615,0.74627,0.73592,0.74574,0.0
2016-06-08,0.74536,0.74809,0.74299,0.74704,0.0
2016-06-09,0.74683,0.75037,0.74201,0.74297,0.0
2016-06-10,0.743,0.74368,0.73698,0.73739,0.0
2016-06-13,0.73725,0.741,0.73587,0.7386,0.0
2016-06-14,0.73856,0.7404,0.73298,0.73568,0.0
2016-06-15,0.73528,0.74453,0.73336,0.74053,0.0
2016-06-16,0.74065,0.7436,0.72846,0.73607,0.0
2016-06-17,0.73599,0.74103,0.73583,0.73937,0.0
2016-06-20,0.74317,0.74802,0.74058,0.74543,0.0
2016-06-21,0.74528,0.75117,0.74494,0.74506,0.0
2016-06-22,0.74484,0.75258,0.74409,0.74995,0.0
2016-06-23,0.74924,0.76128,0.74924,0.76102,0.0
2016-06-24,0.76053,0.76453,0.7301,0.74654,0.0
2016-06-27,0.74116,0.7451,0.73237,0.73249,0.0
2016-06-28,0.73282,0.74143,0.73262,0.73826,0.0
2016-06-29,0.73806,0.74557,0.73801,0.74464,0.0
2016-06-30,0.74493,0.74719,0.73707,0.74509,0.0
2016-07-01,0.74471,0.75021,0.74357,0.74971,0.0
2016-07-04,0.74459,0.75442,0.74385,0.75381,0.0
2016-07-05,0.75334,0.75435,0.74531,0.74618,0.0
2016-07-06,0.74587,0.75277,0.74074,0.75184,0.0
2016-07-07,0.75177,0.7538,0.7466,0.74786,0.0
2016-07-08,0.74768,0.75712,0.74697,0.75639,0.0
2016-07-11,0.75614,0.75752,0.75215,0.75305,0.0
2016-07-12,0.75313,0.76574,0.75294,0.7622,0.0
2016-07-13,0.76114,0.76375,0.75771,0.76062,0.0
2016-07-14,0.76051,0.76526,0.75906,0.76302,0.0
2016-07-15,0.76308,0.76752,0.75556,0.75755,0.0
2016-07-18,0.75928,0.76061,0.75747,0.75907,0.0
2016-07-19,0.75903,0.75903,0.74755,0.75025,0.0
2016-07-20,0.75012,0.75162,0.74617,0.74752,0.0
2016-07-21,0.74686,0.75135,0.74524,0.74924,0.0
2016-07-22,0.74933,0.75073,0.74422,0.7461,0.0
2016-07-25,0.74588,0.74917,0.74495,0.74697,0.0
2016-07-26,0.74676,0.75394,0.74598,0.7501,0.0
2016-07-27,0.75018,0.75636,0.74201,0.74909,0.0
2016-07-28,0.74891,0.75485,0.74859,0.75027,0.0
2016-07-29,0.74991,0.76096,0.74926,0.75991,0.0
2016-08-01,0.75925,0.76148,0.75277,0.75348,0.0
2016-08-02,0.75305,0.76371,0.74847,0.76076,0.0
2016-08-03,0.76084,0.7614,0.75676,0.75867,0.0
2016-08-04,0.75873,0.76398,0.75832,0.76265,0.0
2016-08-05,0.76253,0.76635,0.75971,0.76153,0.0
2016-08-08,0.76127,0.76718,0.75968,0.76495,0.0
2016-08-09,0.76496,0.76859,0.76213,0.76718,0.0
2016-08-10,0.76707,0.77552,0.76611,0.7699,0.0
2016-08-11,0.76986,0.77454,0.76908,0.76982,0.0
2016-08-12,0.76957,0.7724,0.76458,0.76482,0.0
2016-08-15,0.76537,0.7691,0.76356,0.7674,0.0
2016-08-16,0.76719,0.77486,0.76534,0.76935,0.0
2016-08-17,0.76937,0.77065,0.76081,0.76541,0.0
2016-08-18,0.76512,0.77222,0.76479,0.76853,0.0
2016-08-19,0.76845,0.76902,0.75986,0.76246,0.0
2016-08-22,0.76001,0.76391,0.75831,0.76269,0.0
2016-08-23,0.76195,0.76545,0.76128,0.76141,0.0
2016-08-24,0.76121,0.76334,0.7588,0.7612,0.0
2016-08-25,0.76116,0.76382,0.76014,0.76165,0.0
2016-08-26,0.76176,0.76914,0.75507,0.75597,0.0
2016-08-29,0.75566,0.7581,0.75245,0.75678,0.0
2016-08-30,0.75664,0.7579,0.74998,0.75079,0.0
2016-08-31,0.75081,0.75326,0.74896,0.75164,0.0
2016-09-01,0.75144,0.75585,0.75038,0.75506,0.0
2016-09-02,0.75516,0.76152,0.75357,0.75684,0.0
2016-09-05,0.75815,0.76055,0.75624,0.75825,0.0
2016-09-06,0.75815,0.7687,0.75796,0.76855,0.0
2016-09-07,0.7686,0.7697,0.76507,0.76725,0.0
2016-09-08,0.76711,0.77315,0.76359,0.76408,0.0
2016-09-09,0.76405,0.76561,0.75325,0.75337,0.0
2016-09-12,0.75365,0.75662,0.74934,0.75652,0.0
2016-09-13,0.75642,0.75672,0.74415,0.7462,0.0
2016-09-14,0.74627,0.74949,0.74506,0.7467,0.0
2016-09-15,0.74659,0.75221,0.74453,0.75141,0.0
2016-09-16,0.75166,0.75261,0.74746,0.74903,0.0
2016-09-19,0.74767,0.75722,0.74742,0.75336,0.0
2016-09-20,0.75356,0.75643,0.75298,0.75545,0.0
2016-09-21,0.75542,0.76297,0.75339,0.76236,0.0
2016-09-22,0.76213,0.7674,0.76029,0.76423,0.0
2016-09-23,0.7642,0.76526,0.76085,0.7621,0.0
2016-09-26,0.76127,0.76489,0.76026,0.76352,0.0
2016-09-27,0.76334,0.76946,0.76107,0.7666,0.0
2016-09-28,0.76648,0.7692,0.76445,0.76907,0.0
2016-09-29,0.76913,0.77093,0.76228,0.76339,0.0
2016-09-30,0.76353,0.76707,0.75894,0.76559,0.0
2016-10-03,0.76573,0.76806,0.76398,0.76719,0.0
2016-10-04,0.76739,0.76904,0.76075,0.76191,0.0
2016-10-05,0.7614,0.76437,0.75922,0.76207,0.0
2016-10-06,0.76205,0.76218,0.75616,0.75838,0.0
2016-10-07,0.75843,0.76237,0.75527,0.75851,0.0
2016-10-10,0.76053,0.76277,0.75795,0.7606,0.0
2016-10-11,0.76053,0.76088,0.75326,0.7539,0.0
2016-10-12,0.75344,0.75917,0.7533,0.75612,0.0
2016-10-13,0.75616,0.75809,0.75059,0.75682,0.0
2016-10-14,0.75673,0.76469,0.7556,0.76157,0.0
2016-10-17,0.76199,0.76279,0.75808,0.76273,0.0
2016-10-18,0.76251,0.7689,0.76193,0.76647,0.0
2016-10-19,0.76654,0.77285,0.76587,0.77226,0.0
2016-10-20,0.77211,0.77336,0.76209,0.7626,0.0
2016-10-21,0.76245,0.76503,0.75868,0.76041,0.0
2016-10-24,0.76051,0.76399,0.75908,0.76109,0.0
2016-10-25,0.76097,0.76544,0.75886,0.76449,0.0
2016-10-26,0.76434,0.77081,0.76252,0.76493,0.0
2016-10-27,0.76447,0.76517,0.7581,0.75893,0.0
2016-10-28,0.75896,0.76074,0.7557,0.7594,0.0
2016-10-31,0.75839,0.76185,0.75825,0.76077,0.0
2016-11-01,0.76096,0.76884,0.75976,0.76516,0.0
2016-11-02,0.76497,0.76777,0.76121,0.76592,0.0
2016-11-03,0.76593,0.76866,0.76364,0.76833,0.0
2016-11-04,0.76802,0.76963,0.76512,0.76726,0.0
2016-11-07,0.76747,0.77284,0.76557,0.77267,0.0
2016-11-08,0.77262,0.77772,0.76887,0.7762,0.0
2016-11-09,0.77597,0.77709,0.75778,0.76352,0.0
2016-11-10,0.76332,0.77413,0.75674,0.76117,0.0
2016-11-11,0.76082,0.7629,0.75246,0.75435,0.0
2016-11-14,0.75411,0.75649,0.7523,0.75552,0.0
2016-11-15,0.75534,0.75808,0.75111,0.75587,0.0
2016-11-16,0.7555,0.75704,0.74598,0.74821,0.0
2016-11-17,0.74755,0.75003,0.7396,0.74075,0.0
2016-11-18,0.74018,0.74172,0.73299,0.73322,0.0
2016-11-21,0.73295,0.73813,0.73107,0.73664,0.0
2016-11-22,0.73613,0.74127,0.73606,0.74007,0.0
2016-11-23,0.73987,0.74441,0.73719,0.73855,0.0
2016-11-24,0.73803,0.74177,0.73635,0.74058,0.0
2016-11-25,0.74052,0.74673,0.73996,0.74321,0.0
2016-11-28,0.74399,0.7493,0.74327,0.74821,0.0
2016-11-29,0.7483,0.74968,0.7432,0.74821,0.0
2016-11-30,0.74826,0.74963,0.73735,0.73815,0.0
2016-12-01,0.73809,0.74209,0.73691,0.74135,0.0
2016-12-02,0.7414,0.74684,0.74006,0.74504,0.0
2016-12-05,0.74477,0.74973,0.74108,0.74714,0.0
2016-12-06,0.74698,0.74825,0.74306,0.74594,0.0
2016-12-07,0.74557,0.74827,0.74161,0.74805,0.0
2016-12-08,0.74783,0.75073,0.74281,0.74625,0.0
2016-12-09,0.74628,0.74953,0.74345,0.74456,0.0
2016-12-12,0.74432,0.75034,0.74299,0.74939,0.0
2016-12-13,0.74953,0.75229,0.7475,0.74981,0.0
2016-12-14,0.74971,0.75241,0.73935,0.74041,0.0
2016-12-15,0.74017,0.743,0.73368,0.73584,0.0
2016-12-16,0.73537,0.73685,0.72658,0.72975,0.0
2016-12-19,0.72814,0.73122,0.72416,0.72433,0.0
2016-12-20,0.72443,0.72618,0.72224,0.72583,0.0
2016-12-21,0.7258,0.72788,0.72342,0.72373,0.0
2016-12-22,0.72275,0.72572,0.71969,0.72176,0.0
2016-12-23,0.72154,0.72269,0.71594,0.71739,0.0
2016-12-27,0.71835,0.71963,0.71718,0.7185,0.0
2016-12-28,0.7182,0.72191,0.71631,0.71758,0.0
2016-12-29,0.71717,0.72229,0.71675,0.7218,0.0
2016-12-30,0.72191,0.72456,0.71954,0.72012,0.0
2017-01-03,0.71965,0.72402,0.71915,0.72197,0.0
2017-01-04,0.72154,0.72858,0.72126,0.72823,0.0
2017-01-05,0.72807,0.73561,0.72719,0.73402,0.0
2017-01-06,0.73372,0.73544,0.72879,0.72932,0.0
2017-01-09,0.72942,0.73732,0.72869,0.73531,0.0
2017-01-10,0.7353,0.7384,0.73307,0.73688,0.0
2017-01-11,0.73654,0.74709,0.73518,0.74403,0.0
2017-01-12,0.74411,0.75178,0.74295,0.74837,0.0
2017-01-13,0.74816,0.75077,0.74483,0.74975,0.0
2017-01-16,0.7477,0.75052,0.74577,0.74756,0.0
2017-01-17,0.74733,0.75679,0.7464,0.75656,0.0
2017-01-18,0.75641,0.75655,0.75017,0.75042,0.0
2017-01-19,0.75029,0.75739,0.74928,0.756,0.0
2017-01-20,0.75579,0.75877,0.7517,0.75521,0.0
2017-01-23,0.75524,0.75884,0.75497,0.75826,0.0
2017-01-24,0.7584,0.76084,0.75527,0.75801,0.0
2017-01-25,0.75818,0.75977,0.75145,0.75735,0.0
2017-01-26,0.75658,0.75844,0.7521,0.75323,0.0
2017-01-27,0.75336,0.75721,0.75109,0.75458,0.0
2017-01-30,0.75565,0.75664,0.75273,0.75533,0.0
2017-01-31,0.75535,0.76049,0.75415,0.75839,0.0
2017-02-01,0.75834,0.75964,0.75509,0.75839,0.0
2017-02-02,0.75828,0.76953,0.75768,0.76569,0.0
2017-02-03,0.76574,0.76947,0.76184,0.76797,0.0
2017-02-06,0.7672,0.76822,0.76288,0.76592,0.0
2017-02-07,0.76559,0.76803,0.76054,0.7626,0.0
2017-02-08,0.76251,0.7665,0.76111,0.76426,0.0
2017-02-09,0.76407,0.76633,0.76098,0.76244,0.0
2017-02-10,0.76229,0.7688,0.76172,0.76738,0.0
2017-02-13,0.76778,0.76796,0.76303,0.76399,0.0
2017-02-14,0.76323,0.76958,0.76176,0.76621,0.0
2017-02-15,0.76611,0.77188,0.76366,0.77102,0.0
2017-02-16,0.77081,0.77315,0.76843,0.76942,0.0
2017-02-17,0.76889,0.7712,0.76556,0.76643,0.0
2017-02-20,0.76698,0.76896,0.76588,0.76873,0.0
2017-02-21,0.7687,0.76897,0.7649,0.7674,0.0
2017-02-22,0.76724,0.77139,0.76664,0.77011,0.0
2017-02-23,0.76947,0.77402,0.76645,0.77137,0.0
2017-02-24,0.7713,0.77194,0.76641,0.76678,0.0
2017-02-27,0.76798,0.77071,0.76619,0.7673,0.0
2017-02-28,0.76709,0.76942,0.76463,0.76555,0.0
2017-03-01,0.76534,0.76991,0.76359,0.76751,0.0
2017-03-02,0.7676,0.76814,0.75571,0.75704,0.0
2017-03-03,0.75706,0.75969,0.75424,0.75951,0.0
2017-03-06,0.75872,0.76088,0.75695,0.75792,0.0
2017-03-07,0.75745,0.76319,0.75745,0.75861,0.0
2017-03-08,0.75863,0.76084,0.75252,0.75266,0.0
2017-03-09,0.75257,0.75335,0.74905,0.75034,0.0
2017-03-10,0.75035,0.75564,0.74976,0.7539,0.0
2017-03-13,0.75402,0.75917,0.75333,0.75708,0.0
2017-03-14,0.75696,0.75787,0.75396,0.75581,0.0
2017-03-15,0.7558,0.77185,0.75547,0.77086,0.0
2017-03-16,0.77066,0.77158,0.76631,0.76776,0.0
2017-03-17,0.76761,0.77169,0.7663,0.77024,0.0
2017-03-20,0.76866,0.77471,0.76866,0.77287,0.0
2017-03-21,0.7729,0.7749,0.7682,0.76908,0.0
2017-03-22,0.76834,0.76892,0.76389,0.76761,0.0
2017-03-23,0.7676,0.76766,0.76218,0.76266,0.0
2017-03-24,0.76248,0.76397,0.76034,0.76222,0.0
2017-03-27,0.76341,0.76476,0.76078,0.76156,0.0
2017-03-28,0.76168,0.76539,0.7587,0.76345,0.0
2017-03-29,0.76312,0.76743,0.76293,0.76682,0.0
2017-03-30,0.76678,0.76792,0.76395,0.7641,0.0
2017-03-31,0.76377,0.76625,0.76207,0.76268,0.0
2017-04-03,0.76256,0.76403,0.7591,0.76041,0.0
2017-04-04,0.76031,0.76152,0.75448,0.75626,0.0
2017-04-05,0.75636,0.75869,0.75574,0.75674,0.0
2017-04-06,0.75666,0.75763,0.75321,0.75443,0.0
2017-04-07,0.75428,0.75452,0.7494,0.74993,0.0
2017-04-10,0.7491,0.75082,0.7476,0.75015,0.0
2017-04-11,0.75013,0.75144,0.74738,0.74978,0.0
2017-04-12,0.74968,0.75281,0.74726,0.75214,0.0
2017-04-13,0.75186,0.75951,0.7516,0.75684,0.0
2017-04-14,0.75601,0.75817,0.75542,0.75761,0.0
2017-04-17,0.75702,0.761,0.75643,0.75886,0.0
2017-04-18,0.75825,0.75956,0.75334,0.75591,0.0
2017-04-19,0.75599,0.75624,0.7491,0.74959,0.0
2017-04-20,0.74962,0.75466,0.7492,0.75259,0.0
2017-04-21,0.75262,0.75451,0.75155,0.75426,0.0
2017-04-24,0.75824,0.75839,0.7538,0.75679,0.0
2017-04-25,0.75678,0.75715,0.75199,0.75342,0.0
2017-04-26,0.75337,0.75517,0.74547,0.74727,0.0
2017-04-27,0.74736,0.74921,0.74397,0.74657,0.0
2017-04-28,0.74635,0.74903,0.74475,0.74859,0.0
2017-05-01,0.74666,0.75401,0.74642,0.75239,0.0
2017-05-02,0.75211,0.75556,0.75101,0.75357,0.0
2017-05-03,0.75349,0.75459,0.7419,0.74219,0.0
2017-05-04,0.74209,0.74298,0.73824,0.74089,0.0
2017-05-05,0.74038,0.74256,0.73672,0.74127,0.0
2017-05-08,0.741,0.7424,0.73774,0.73839,0.0
2017-05-09,0.7386,0.73977,0.73287,0.73434,0.0
2017-05-10,0.73401,0.73937,0.73374,0.73638,0.0
2017-05-11,0.73595,0.73824,0.73325,0.73788,0.0
2017-05-12,0.73754,0.74204,0.73631,0.73856,0.0
2017-05-15,0.73903,0.74456,0.73829,0.74135,0.0
2017-05-16,0.74121,0.74374,0.73946,0.7426,0.0
2017-05-17,0.74229,0.74429,0.7388,0.74315,0.0
2017-05-18,0.74288,0.74663,0.7408,0.74185,0.0
2017-05-19,0.74162,0.74689,0.74058,0.74538,0.0
2017-05-22,0.74499,0.74881,0.74301,0.74742,0.0
2017-05-23,0.74751,0.7517,0.74659,0.74759,0.0
2017-05-24,0.74789,0.75071,0.74421,0.75029,0.0
2017-05-25,0.75037,0.75155,0.745,0.74533,0.0
2017-05-26,0.7452,0.74603,0.74214,0.7443,0.0
2017-05-29,0.7431,0.74498,0.74265,0.74376,0.0
2017-05-30,0.74389,0.74686,0.74158,0.74636,0.0
2017-05-31,0.74646,0.74752,0.7424,0.74297,0.0
2017-06-01,0.74302,0.74539,0.73724,0.73747,0.0
2017-06-02,0.73719,0.7446,0.73718,0.744,0.0
2017-06-05,0.74242,0.74975,0.74218,0.74857,0.0
2017-06-06,0.74848,0.75215,0.74567,0.7506,0.0
2017-06-07,0.75059,0.75661,0.74983,0.75497,0.0
2017-06-08,0.7547,0.75537,0.7524,0.75447,0.0
2017-06-09,0.75422,0.75436,0.75187,0.75244,0.0
2017-06-12,0.75306,0.75466,0.75212,0.75407,0.0
2017-06-13,0.7539,0.75642,0.7524,0.75367,0.0
2017-06-14,0.75351,0.7635,0.75318,0.75886,0.0
2017-06-15,0.75842,0.76309,0.7568,0.75781,0.0
2017-06-16,0.75763,0.76295,0.75757,0.76151,0.0
2017-06-19,0.7615,0.76286,0.75846,0.75967,0.0
2017-06-20,0.75965,0.76228,0.75701,0.7579,0.0
2017-06-21,0.75807,0.75855,0.75426,0.75517,0.0
2017-06-22,0.75496,0.75692,0.75347,0.75401,0.0
2017-06-23,0.75387,0.75822,0.75358,0.75678,0.0
2017-06-26,0.75604,0.75986,0.75604,0.75846,0.0
2017-06-27,0.75795,0.76239,0.75768,0.75821,0.0
2017-06-28,0.758,0.76443,0.75764,0.76374,0.0
2017-06-29,0.76376,0.76858,0.76343,0.76812,0.0
2017-06-30,0.76826,0.77119,0.76667,0.76871,0.0
2017-07-03,0.76811,0.76947,0.76441,0.76605,0.0
2017-07-04,0.76572,0.7682,0.75908,0.76037,0.0
2017-07-05,0.75983,0.76313,0.75708,0.7603,0.0
2017-07-06,0.76017,0.76141,0.75764,0.75836,0.0
2017-07-07,0.7581,0.76225,0.7572,0.76001,0.0
2017-07-10,0.75986,0.76139,0.75861,0.76053,0.0
2017-07-11,0.76027,0.76419,0.76027,0.76365,0.0
2017-07-12,0.76358,0.76844,0.76325,0.76764,0.0
2017-07-13,0.76757,0.77392,0.76731,0.77284,0.0
2017-07-14,0.77282,0.78332,0.77244,0.78254,0.0
2017-07-17,0.78259,0.78377,0.77915,0.7797,0.0
2017-07-18,0.77965,0.79424,0.77859,0.79161,0.0
2017-07-19,0.79158,0.79585,0.79083,0.79527,0.0
2017-07-20,0.79437,0.79878,0.78969,0.7957,0.0
2017-07-21,0.79506,0.79585,0.78742,0.79125,0.0
2017-07-24,0.79012,0.7967,0.79012,0.79234,0.0
2017-07-25,0.79236,0.79696,0.79019,0.79356,0.0
2017-07-26,0.79366,0.80128,0.78773,0.80049,0.0
2017-07-27,0.80007,0.80651,0.7956,0.79666,0.0
2017-07-28,0.79639,0.80069,0.79365,0.79845,0.0
2017-07-31,0.79749,0.80033,0.79555,0.80025,0.0
2017-08-01,0.80002,0.8042,0.79599,0.79684,0.0
2017-08-02,0.7967,0.79924,0.79406,0.79665,0.0
2017-08-03,0.79636,0.79684,0.79139,0.79467,0.0
2017-08-04,0.79475,0.7979,0.78909,0.79286,0.0
2017-08-07,0.79171,0.79481,0.78989,0.79136,0.0
2017-08-08,0.79063,0.79426,0.78866,0.79124,0.0
2017-08-09,0.79111,0.79138,0.78548,0.78875,0.0
2017-08-10,0.78824,0.79102,0.78625,0.78749,0.0
2017-08-11,0.787,0.79088,0.78385,0.78903,0.0
2017-08-14,0.7889,0.79183,0.78441,0.78504,0.0
2017-08-15,0.78499,0.78761,0.78074,0.78191,0.0
2017-08-16,0.78203,0.79333,0.78157,0.79246,0.0
2017-08-17,0.79229,0.79622,0.78798,0.78833,0.0
2017-08-18,0.78806,0.79438,0.78693,0.79263,0.0
2017-08-21,0.7924,0.79499,0.79105,0.79395,0.0
2017-08-22,0.79354,0.79504,0.78973,0.7909,0.0
2017-08-23,0.79088,0.79163,0.78817,0.79025,0.0
2017-08-24,0.79036,0.79155,0.78659,0.79001,0.0
2017-08-25,0.79011,0.79538,0.7885,0.79307,0.0
2017-08-28,0.79219,0.79727,0.79196,0.79624,0.0
2017-08-29,0.79655,0.79825,0.79046,0.7952,0.0
2017-08-30,0.79555,0.79953,0.78897,0.79,0.0
2017-08-31,0.79021,0.79496,0.78707,0.79447,0.0
2017-09-01,0.79454,0.79939,0.79208,0.7966,0.0
2017-09-04,0.79438,0.79724,0.79408,0.79431,0.0
2017-09-05,0.79417,0.80278,0.79417,0.79957,0.0
2017-09-06,0.79953,0.80203,0.79631,0.79998,0.0
2017-09-07,0.79946,0.80481,0.79738,0.80454,0.0
2017-09-08,0.80438,0.81244,0.80423,0.80533,0.0
2017-09-11,0.80547,0.80577,0.80178,0.80291,0.0
2017-09-12,0.80256,0.80483,0.7998,0.80192,0.0
2017-09-13,0.80131,0.80437,0.79699,0.7985,0.0
2017-09-14,0.79823,0.80154,0.7955,0.80045,0.0
2017-09-15,0.79999,0.80345,0.79862,0.79997,0.0
2017-09-18,0.79966,0.80346,0.79393,0.79591,0.0
2017-09-19,0.79549,0.80192,0.79544,0.80079,0.0
2017-09-20,0.80079,0.81018,0.79853,0.80298,0.0
2017-09-21,0.8029,0.80353,0.79162,0.79331,0.0
2017-09-22,0.79272,0.79855,0.79078,0.79591,0.0
2017-09-25,0.7948,0.79727,0.79257,0.79358,0.0
2017-09-26,0.79358,0.79478,0.78587,0.78872,0.0
2017-09-27,0.78819,0.78879,0.78352,0.78481,0.0
2017-09-28,0.78484,0.78595,0.77989,0.78571,0.0
2017-09-29,0.78546,0.78561,0.78158,0.78297,0.0
2017-10-02,0.78296,0.7847,0.7795,0.78256,0.0
2017-10-03,0.7822,0.78378,0.77849,0.78343,0.0
2017-10-04,0.78338,0.78746,0.78292,0.78615,0.0
2017-10-05,0.78578,0.78646,0.77862,0.77938,0.0
2017-10-06,0.77915,0.77979,0.77326,0.77738,0.0
2017-10-09,0.77669,0.77816,0.77468,0.7752,0.0
2017-10-10,0.77463,0.77966,0.77461,0.77765,0.0
2017-10-11,0.77764,0.78085,0.77699,0.77866,0.0
2017-10-12,0.77835,0.78352,0.77835,0.78206,0.0
2017-10-13,0.7813,0.78969,0.7813,0.78869,0.0
2017-10-16,0.78808,0.7889,0.78426,0.78505,0.0
2017-10-17,0.78495,0.78604,0.78177,0.78445,0.0
2017-10-18,0.78438,0.78571,0.78185,0.7846,0.0
2017-10-19,0.78453,0.78832,0.78401,0.78786,0.0
2017-10-20,0.78757,0.78815,0.78077,0.78138,0.0
2017-10-23,0.78167,0.78337,0.77955,0.78051,0.0
2017-10-24,0.78057,0.78243,0.77695,0.77751,0.0
2017-10-25,0.77739,0.7783,0.76896,0.77022,0.0
2017-10-26,0.7702,0.77184,0.76552,0.76619,0.0
2017-10-27,0.76568,0.76774,0.76245,0.76749,0.0
2017-10-30,0.76704,0.76906,0.76548,0.76872,0.0
2017-10-31,0.7683,0.76981,0.7639,0.76551,0.0
2017-11-01,0.7655,0.76955,0.76474,0.76747,0.0
2017-11-02,0.76754,0.77294,0.76701,0.77127,0.0
2017-11-03,0.77127,0.7715,0.76384,0.76486,0.0
2017-11-06,0.76461,0.76913,0.76377,0.76903,0.0
2017-11-07,0.76863,0.77001,0.76268,0.7644,0.0
2017-11-08,0.76347,0.76845,0.76319,0.76759,0.0
2017-11-09,0.76763,0.76931,0.76488,0.76793,0.0
2017-11-10,0.76762,0.76944,0.76535,0.76557,0.0
2017-11-13,0.76466,0.76651,0.76162,0.76228,0.0
2017-11-14,0.76184,0.76493,0.76079,0.76317,0.0
2017-11-15,0.76263,0.76321,0.75727,0.75879,0.0
2017-11-16,0.75859,0.76089,0.75631,0.75868,0.0
2017-11-17,0.75871,0.76074,0.75354,0.75637,0.0
2017-11-20,0.7563,0.75733,0.75433,0.75491,0.0
2017-11-21,0.75496,0.75895,0.75317,0.75772,0.0
2017-11-22,0.75772,0.76229,0.75547,0.76183,0.0
2017-11-23,0.7607,0.7638,0.7603,0.76224,0.0
2017-11-24,0.76222,0.76317,0.76061,0.76119,0.0
2017-11-27,0.76126,0.76441,0.75926,0.76012,0.0
2017-11-28,0.76012,0.76194,0.75875,0.75945,0.0
2017-11-29,0.75915,0.76072,0.75518,0.75703,0.0
2017-11-30,0.75692,0.75937,0.75558,0.75645,0.0
2017-12-01,0.75637,0.76381,0.75506,0.76066,0.0
2017-12-04,0.75916,0.76135,0.75791,0.75979,0.0
2017-12-05,0.75972,0.7653,0.75954,0.76067,0.0
2017-12-06,0.76063,0.763,0.75579,0.75627,0.0
2017-12-07,0.75598,0.75693,0.75048,0.75121,0.0
2017-12-08,0.75073,0.75329,0.75008,0.75073,0.0
2017-12-11,0.75047,0.75447,0.75024,0.75252,0.0
2017-12-12,0.75249,0.75796,0.75187,0.75575,0.0
2017-12-13,0.75575,0.7639,0.75521,0.76361,0.0
2017-12-14,0.76339,0.76789,0.76258,0.76639,0.0
2017-12-15,0.76636,0.76939,0.76371,0.76387,0.0
2017-12-18,0.76412,0.76771,0.76402,0.76652,0.0
2017-12-19,0.76575,0.76832,0.76456,0.76613,0.0
2017-12-20,0.76616,0.76791,0.76506,0.76649,0.0
2017-12-21,0.76637,0.77064,0.7653,0.77014,0.0
2017-12-22,0.76993,0.772,0.76991,0.77137,0.0
2017-12-26,0.7714,0.77289,0.77117,0.77275,0.0
2017-12-27,0.77239,0.77784,0.77232,0.77694,0.0
2017-12-28,0.77672,0.7809,0.77624,0.77968,0.0
2017-12-29,0.77959,0.78242,0.7788,0.78026,0.0
2018-01-02,0.78011,0.78441,0.7791,0.78286,0.0
2018-01-03,0.78286,0.78441,0.78046,0.78336,0.0
2018-01-04,0.7833,0.78657,0.78142,0.78635,0.0
2018-01-05,0.78589,0.78743,0.78346,0.78621,0.0
2018-01-08,0.78598,0.78722,0.78266,0.78398,0.0
2018-01-09,0.78393,0.78638,0.78067,0.78232,0.0
2018-01-10,0.78223,0.78662,0.78078,0.78408,0.0
2018-01-11,0.78409,0.78942,0.78355,0.78907,0.0
2018-01-12,0.78896,0.79243,0.78448,0.79112,0.0
2018-01-15,0.78986,0.79781,0.78986,0.79633,0.0
2018-01-16,0.7963,0.79744,0.79361,0.79603,0.0
2018-01-17,0.79542,0.80222,0.79399,0.79693,0.0
2018-01-18,0.79667,0.80066,0.7941,0.79976,0.0
2018-01-19,0.79954,0.80383,0.79787,0.79824,0.0
2018-01-22,0.79962,0.80265,0.79784,0.80171,0.0
2018-01-23,0.80157,0.80289,0.7956,0.79993,0.0
2018-01-24,0.79983,0.80826,0.79926,0.80644,0.0
2018-01-25,0.80566,0.81185,0.80111,0.8024,0.0
2018-01-26,0.80231,0.8135,0.80033,0.81083,0.0
2018-01-29,0.80986,0.81177,0.8073,0.80947,0.0
2018-01-30,0.80894,0.81131,0.8042,0.80846,0.0
2018-01-31,0.80785,0.81166,0.80343,0.80561,0.0
2018-02-01,0.80545,0.80666,0.79868,0.80378,0.0
2018-02-02,0.80384,0.80437,0.79163,0.7919,0.0
2018-02-05,0.79116,0.79534,0.7874,0.78767,0.0
2018-02-06,0.78767,0.79093,0.7835,0.79042,0.0
2018-02-07,0.79034,0.79078,0.78161,0.78205,0.0
2018-02-08,0.78208,0.78425,0.77754,0.77808,0.0
2018-02-09,0.7776,0.78295,0.77583,0.78088,0.0
2018-02-12,0.78122,0.78625,0.78085,0.78611,0.0
2018-02-13,0.78552,0.78759,0.78271,0.78582,0.0
2018-02-14,0.78548,0.79338,0.7772,0.79246,0.0
2018-02-15,0.79225,0.79661,0.78914,0.79449,0.0
2018-02-16,0.79388,0.79879,0.78919,0.79073,0.0
2018-02-19,0.79038,0.79348,0.78976,0.79112,0.0
2018-02-20,0.79116,0.7933,0.78736,0.78833,0.0
2018-02-21,0.78764,0.78993,0.7802,0.78021,0.0
2018-02-22,0.78022,0.78593,0.77895,0.7846,0.0
2018-02-23,0.78445,0.78464,0.78037,0.78359,0.0
2018-02-26,0.78391,0.78925,0.78251,0.7853,0.0
2018-02-27,0.78519,0.78678,0.77824,0.77885,0.0
2018-02-28,0.77876,0.78183,0.776,0.77609,0.0
2018-03-01,0.77569,0.7769,0.77119,0.77556,0.0
2018-03-02,0.77549,0.7773,0.77368,0.77609,0.0
2018-03-05,0.77614,0.77697,0.77251,0.77655,0.0
2018-03-06,0.776,0.78415,0.77558,0.78274,0.0
2018-03-07,0.78273,0.7829,0.77685,0.7824,0.0
2018-03-08,0.78224,0.78377,0.77725,0.77855,0.0
2018-03-09,0.77836,0.78532,0.7776,0.78455,0.0
2018-03-12,0.78455,0.78792,0.78451,0.7871,0.0
2018-03-13,0.78713,0.78969,0.78453,0.7858,0.0
2018-03-14,0.78587,0.79158,0.78506,0.78767,0.0
2018-03-15,0.78717,0.78844,0.77936,0.7797,0.0
2018-03-16,0.77982,0.78032,0.77081,0.77098,0.0
2018-03-19,0.7715,0.77253,0.76861,0.77167,0.0
2018-03-20,0.77118,0.77204,0.76776,0.76819,0.0
2018-03-21,0.76824,0.77789,0.76719,0.77645,0.0
2018-03-22,0.77645,0.77836,0.76865,0.76912,0.0
2018-03-23,0.7688,0.77431,0.76862,0.76936,0.0
2018-03-26,0.76993,0.77497,0.76924,0.77483,0.0
2018-03-27,0.77412,0.77569,0.76746,0.76769,0.0
2018-03-28,0.76776,0.77016,0.7653,0.76626,0.0
2018-03-29,0.76558,0.76887,0.76423,0.76781,0.0
2018-03-30,0.76727,0.77062,0.76703,0.7676,0.0
2018-04-02,0.76877,0.76946,0.76492,0.76602,0.0
2018-04-03,0.7656,0.77062,0.76513,0.76834,0.0
2018-04-04,0.76834,0.77209,0.7662,0.77153,0.0
2018-04-05,0.77101,0.77259,0.76736,0.76844,0.0
2018-04-06,0.7683,0.76991,0.76567,0.76705,0.0
2018-04-09,0.76759,0.77104,0.76515,0.77001,0.0
2018-04-10,0.76935,0.77675,0.76928,0.77613,0.0
2018-04-11,0.77553,0.77724,0.7739,0.77551,0.0
2018-04-12,0.77536,0.77708,0.77375,0.77543,0.0
2018-04-13,0.77516,0.78093,0.77515,0.77591,0.0
2018-04-16,0.7765,0.77827,0.77519,0.77806,0.0
2018-04-17,0.77763,0.77907,0.77596,0.77683,0.0
2018-04-18,0.77641,0.77973,0.77436,0.77826,0.0
2018-04-19,0.77825,0.78123,0.77183,0.77282,0.0
2018-04-20,0.77271,0.77306,0.76548,0.76688,0.0
2018-04-23,0.76694,0.76823,0.75987,0.76036,0.0
2018-04-24,0.76046,0.76204,0.75701,0.76028,0.0
2018-04-25,0.76021,0.76054,0.75514,0.75639,0.0
2018-04-26,0.75634,0.75884,0.75461,0.75519,0.0
2018-04-27,0.75482,0.75833,0.75311,0.75792,0.0
2018-04-30,0.75743,0.75815,0.75245,0.75287,0.0
2018-05-01,0.7529,0.75461,0.74722,0.74871,0.0
2018-05-02,0.74847,0.75366,0.74747,0.74911,0.0
2018-05-03,0.74905,0.75422,0.7483,0.75312,0.0
2018-05-04,0.75307,0.75599,0.74914,0.75374,0.0
2018-05-07,0.75387,0.75426,0.74926,0.75164,0.0
2018-05-08,0.75123,0.75272,0.74331,0.74519,0.0
2018-05-09,0.74488,0.7472,0.74117,0.74588,0.0
2018-05-10,0.74524,0.7539,0.74458,0.75326,0.0
2018-05-11,0.75266,0.75663,0.75223,0.754,0.0
2018-05-14,0.75438,0.7566,0.75239,0.7525,0.0
2018-05-15,0.75252,0.7539,0.7448,0.74716,0.0
2018-05-16,0.74723,0.75231,0.74475,0.75152,0.0
2018-05-17,0.75161,0.7548,0.7497,0.75109,0.0
2018-05-18,0.75131,0.7529,0.74886,0.75119,0.0
2018-05-21,0.75229,0.7588,0.7503,0.75824,0.0
2018-05-22,0.75806,0.7606,0.7566,0.7576,0.0
2018-05-23,0.75758,0.7583,0.75148,0.75599,0.0
2018-05-24,0.75606,0.7584,0.7542,0.75772,0.0
2018-05-25,0.75756,0.7591,0.7542,0.75469,0.0
2018-05-28,0.756,0.76134,0.7539,0.7546,0.0
2018-05-29,0.75451,0.7553,0.7498,0.75057,0.0
2018-05-30,0.75062,0.7584,0.74764,0.75778,0.0
2018-05-31,0.75744,0.75932,0.7552,0.7568,0.0
2018-06-01,0.7568,0.7575,0.75148,0.75682,0.0
2018-06-04,0.75633,0.7667,0.75605,0.7648,0.0
2018-06-05,0.7646,0.76562,0.7594,0.76163,0.0
2018-06-06,0.76163,0.7677,0.7613,0.7666,0.0
2018-06-07,0.7668,0.76731,0.7612,0.76247,0.0
2018-06-08,0.76242,0.7628,0.756,0.75977,0.0
2018-06-11,0.75923,0.7622,0.7591,0.76108,0.0
2018-06-12,0.76098,0.7625,0.7565,0.75742,0.0
2018-06-13,0.7572,0.7609,0.75296,0.75797,0.0
2018-06-14,0.75795,0.7584,0.7475,0.74767,0.0
2018-06-15,0.74789,0.74873,0.7439,0.74426,0.0
2018-06-18,0.74444,0.7455,0.7413,0.7422,0.0
2018-06-19,0.7422,0.7427,0.7347,0.73825,0.0
2018-06-20,0.73827,0.7409,0.7366,0.7369,0.0
2018-06-21,0.7366,0.7394,0.7345,0.73778,0.0
2018-06-22,0.7378,0.7445,0.73717,0.74404,0.0
2018-06-25,0.74413,0.74427,0.7396,0.74135,0.0
2018-06-26,0.74137,0.74233,0.73803,0.73921,0.0
2018-06-27,0.73942,0.74072,0.73261,0.73409,0.0
2018-06-28,0.73399,0.73621,0.7329,0.73538,0.0
2018-06-29,0.73512,0.741,0.7335,0.74068,0.0
2018-07-02,0.74103,0.74103,0.731,0.73397,0.0
2018-07-03,0.7339,0.7405,0.7314,0.7387,0.0
2018-07-04,0.7386,0.7425,0.7374,0.7381,0.0
2018-07-05,0.7384,0.7409,0.7361,0.7388,0.0
2018-07-06,0.7387,0.74443,0.7376,0.7427,0.0
2018-07-09,0.74325,0.7484,0.74281,0.7465,0.0
2018-07-10,0.74673,0.7484,0.743,0.74605,0.0
2018-07-11,0.74599,0.74618,0.7363,0.73671,0.0
2018-07-12,0.73667,0.742,0.736,0.74079,0.0
2018-07-13,0.7407,0.74248,0.7368,0.74245,0.0
2018-07-16,0.74157,0.7443,0.7409,0.74209,0.0
2018-07-17,0.74201,0.7439,0.7376,0.7388,0.0
2018-07-18,0.73889,0.7408,0.7342,0.73976,0.0
2018-07-19,0.7398,0.7442,0.73229,0.73565,0.0
2018-07-20,0.73591,0.7432,0.73183,0.74181,0.0
2018-07-23,0.7419,0.74379,0.7371,0.7381,0.0
2018-07-24,0.73827,0.74342,0.73598,0.7416,0.0
2018-07-25,0.74185,0.7465,0.7391,0.7454,0.0
2018-07-26,0.7455,0.74631,0.7372,0.7377,0.0
2018-07-27,0.73768,0.7416,0.737,0.74018,0.0
2018-07-30,0.73999,0.7414,0.7386,0.74082,0.0
2018-07-31,0.74055,0.7442,0.7404,0.74281,0.0
2018-08-01,0.74271,0.743,0.739,0.7405,0.0
2018-08-02,0.74037,0.74119,0.7355,0.7364,0.0
2018-08-03,0.7361,0.74115,0.7348,0.73976,0.0
2018-08-06,0.74002,0.7406,0.7374,0.73887,0.0
2018-08-07,0.73868,0.744,0.738,0.74191,0.0
2018-08-08,0.7421,0.744,0.73832,0.74333,0.0
2018-08-09,0.74314,0.74533,0.7373,0.7374,0.0
2018-08-10,0.73726,0.73812,0.7286,0.72954,0.0
2018-08-13,0.72751,0.72998,0.7256,0.72722,0.0
2018-08-14,0.72721,0.72834,0.7223,0.72391,0.0
2018-08-15,0.72394,0.7248,0.7202,0.72399,0.0
2018-08-16,0.7239,0.7287,0.72244,0.72617,0.0
2018-08-17,0.726,0.732,0.72532,0.7317,0.0
2018-08-20,0.73166,0.7344,0.7295,0.734,0.0
2018-08-21,0.7338,0.7382,0.7333,0.7366,0.0
2018-08-22,0.73678,0.73696,0.73339,0.7353,0.0
2018-08-23,0.73504,0.7357,0.724,0.72481,0.0
2018-08-24,0.7245,0.7345,0.7238,0.73268,0.0
2018-08-27,0.73234,0.7357,0.7307,0.7346,0.0
2018-08-28,0.73529,0.7363,0.7321,0.73369,0.0
2018-08-29,0.73366,0.735,0.7275,0.7308,0.0
2018-08-30,0.73105,0.7315,0.7249,0.72637,0.0
2018-08-31,0.72648,0.7269,0.7176,0.7193,0.0
2018-09-03,0.71923,0.7224,0.7166,0.7215,0.0
2018-09-04,0.72133,0.7235,0.7157,0.7177,0.0
2018-09-05,0.71761,0.72173,0.71446,0.7193,0.0
2018-09-06,0.71941,0.72111,0.7166,0.71976,0.0
2018-09-07,0.71987,0.7205,0.7098,0.71062,0.0
2018-09-10,0.71105,0.7132,0.7098,0.7114,0.0
2018-09-11,0.71151,0.7129,0.7085,0.7121,0.0
2018-09-12,0.71205,0.7183,0.7093,0.7171,0.0
2018-09-13,0.71707,0.723,0.7165,0.71913,0.0
2018-09-14,0.71921,0.7217,0.7148,0.71548,0.0
2018-09-17,0.71563,0.7197,0.7142,0.7178,0.0
2018-09-18,0.71802,0.72237,0.7143,0.7219,0.0
2018-09-19,0.72195,0.7276,0.7208,0.7265,0.0
2018-09-20,0.72633,0.7294,0.7253,0.729,0.0
2018-09-21,0.72923,0.7304,0.72629,0.7288,0.0
2018-09-24,0.72626,0.7282,0.725,0.7251,0.0
2018-09-25,0.72524,0.7264,0.7236,0.72498,0.0
2018-09-26,0.725,0.73143,0.724,0.72571,0.0
2018-09-27,0.7257,0.7269,0.7204,0.7205,0.0
2018-09-28,0.7207,0.7242,0.7202,0.72174,0.0
2018-10-01,0.72261,0.72321,0.7206,0.72243,0.0
2018-10-02,0.72222,0.7238,0.7162,0.71878,0.0
2018-10-03,0.71892,0.7197,0.7101,0.7103,0.0
2018-10-04,0.71038,0.7112,0.7065,0.7078,0.0
2018-10-05,0.7079,0.7087,0.7042,0.7049,0.0
2018-10-08,0.70553,0.7082,0.7042,0.7079,0.0
2018-10-09,0.70782,0.7106,0.7054,0.71026,0.0
2018-10-10,0.71027,0.7131,0.70439,0.70498,0.0
2018-10-11,0.70552,0.71294,0.7046,0.71239,0.0
2018-10-12,0.7124,0.71398,0.7101,0.71158,0.0
2018-10-15,0.71155,0.7149,0.7098,0.71315,0.0
2018-10-16,0.71305,0.7152,0.7112,0.7141,0.0
2018-10-17,0.71412,0.716,0.7106,0.71088,0.0
2018-10-18,0.71087,0.7152,0.7097,0.71,0.0
2018-10-19,0.7099,0.715,0.7089,0.71199,0.0
2018-10-22,0.71179,0.7126,0.7076,0.70819,0.0
2018-10-23,0.708,0.7091,0.7055,0.70853,0.0
2018-10-24,0.70853,0.7107,0.7059,0.7061,0.0
2018-10-25,0.70626,0.71,0.7056,0.70789,0.0
2018-10-26,0.7081,0.71041,0.702,0.70872,0.0
2018-10-29,0.70942,0.71087,0.70508,0.70567,0.0
2018-10-30,0.70566,0.71222,0.7054,0.7107,0.0
2018-10-31,0.71047,0.7108,0.7068,0.70723,0.0
2018-11-01,0.70724,0.7213,0.7072,0.72065,0.0
2018-11-02,0.7206,0.7259,0.7182,0.71983,0.0
2018-11-05,0.71935,0.72178,0.7182,0.7209,0.0
2018-11-06,0.72107,0.7247,0.7204,0.72451,0.0
2018-11-07,0.72467,0.7301,0.7213,0.7276,0.0
2018-11-08,0.72762,0.73018,0.7247,0.7257,0.0
2018-11-09,0.72571,0.7271,0.7219,0.7227,0.0
2018-11-12,0.72195,0.7238,0.7172,0.7173,0.0
2018-11-13,0.7173,0.72242,0.7164,0.72185,0.0
2018-11-14,0.7217,0.7254,0.7187,0.7233,0.0
2018-11-15,0.72306,0.7299,0.7228,0.72764,0.0
2018-11-16,0.72765,0.7338,0.725,0.73318,0.0
2018-11-19,0.73094,0.7326,0.7277,0.7294,0.0
2018-11-20,0.7294,0.7301,0.72122,0.72151,0.0
2018-11-21,0.72138,0.7278,0.7202,0.7265,0.0
2018-11-22,0.7263,0.72682,0.7234,0.7252,0.0
2018-11-23,0.72537,0.7259,0.7218,0.7234,0.0
2018-11-26,0.72355,0.7276,0.7213,0.7217,0.0
2018-11-27,0.7221,0.72693,0.7199,0.72258,0.0
2018-11-28,0.72247,0.7329,0.7221,0.73062,0.0
2018-11-29,0.7305,0.7345,0.7294,0.73193,0.0
2018-11-30,0.73183,0.7327,0.7284,0.73132,0.0
2018-12-03,0.73797,0.7394,0.7346,0.7359,0.0
2018-12-04,0.7357,0.7394,0.7326,0.73392,0.0
2018-12-05,0.73387,0.73561,0.726,0.7269,0.0
2018-12-06,0.72693,0.72742,0.7192,0.72339,0.0
2018-12-07,0.72339,0.7242,0.7198,0.71993,0.0
2018-12-10,0.71871,0.7227,0.71783,0.7189,0.0
2018-12-11,0.71908,0.7226,0.7184,0.72027,0.0
2018-12-12,0.72071,0.72379,0.7198,0.72203,0.0
2018-12-13,0.72184,0.7247,0.7212,0.72273,0.0
2018-12-14,0.72276,0.723,0.7151,0.7175,0.0
2018-12-17,0.71743,0.7188,0.7168,0.71778,0.0
2018-12-18,0.7178,0.7204,0.7165,0.71846,0.0
2018-12-19,0.71806,0.7201,0.70877,0.7108,0.0
2018-12-20,0.71081,0.7149,0.7086,0.71104,0.0
2018-12-21,0.71078,0.7124,0.7031,0.70317,0.0
2018-12-24,0.70407,0.707,0.70319,0.7048,0.0
2018-12-26,0.70369,0.7072,0.703,0.70683,0.0
2018-12-27,0.70672,0.7078,0.7016,0.70302,0.0
2018-12-28,0.70327,0.707,0.7027,0.70388,0.0
2018-12-31,0.70423,0.7072,0.7033,0.7052,0.0
2019-01-02,0.7054,0.7054,0.6981,0.69855,0.0
2019-01-03,0.6982,0.702,0.67637,0.7006,0.0
2019-01-04,0.70054,0.7125,0.6993,0.7119,0.0
2019-01-07,0.71145,0.7151,0.71111,0.71487,0.0
2019-01-08,0.7149,0.7151,0.7116,0.71403,0.0
2019-01-09,0.71407,0.7194,0.713,0.71699,0.0
2019-01-10,0.71709,0.7198,0.7146,0.7186,0.0
2019-01-11,0.71853,0.7236,0.7181,0.72159,0.0
2019-01-14,0.72131,0.72182,0.7175,0.7195,0.0
2019-01-15,0.71971,0.7226,0.7179,0.7204,0.0
2019-01-16,0.72024,0.72122,0.7161,0.7168,0.0
2019-01-17,0.7168,0.72215,0.7146,0.7193,0.0
2019-01-18,0.7193,0.7206,0.7162,0.7165,0.0
2019-01-21,0.71669,0.7178,0.7139,0.7158,0.0
2019-01-22,0.71587,0.7161,0.7115,0.71201,0.0
2019-01-23,0.7123,0.7145,0.7117,0.71417,0.0
2019-01-24,0.7142,0.7167,0.708,0.70923,0.0
2019-01-25,0.70943,0.7186,0.7076,0.71783,0.0
2019-01-28,0.71775,0.7205,0.716,0.7164,0.0
2019-01-29,0.71659,0.71764,0.7138,0.71566,0.0
2019-01-30,0.71558,0.72731,0.7143,0.72481,0.0
2019-01-31,0.72475,0.7296,0.7235,0.7274,0.0
2019-02-01,0.72738,0.7285,0.7236,0.7247,0.0
2019-02-04,0.72473,0.72541,0.721,0.7225,0.0
2019-02-05,0.72268,0.7265,0.71939,0.7236,0.0
2019-02-06,0.72341,0.7246,0.71037,0.7107,0.0
2019-02-07,0.71057,0.7118,0.7088,0.71033,0.0
2019-02-08,0.7101,0.7107,0.70607,0.70893,0.0
2019-02-11,0.70925,0.71082,0.7057,0.70621,0.0
2019-02-12,0.7061,0.7103,0.7053,0.7096,0.0
2019-02-13,0.70952,0.71363,0.7085,0.70888,0.0
2019-02-14,0.70891,0.7133,0.70734,0.7106,0.0
2019-02-15,0.71055,0.7149,0.7079,0.71386,0.0
2019-02-18,0.71389,0.7161,0.7124,0.71304,0.0
2019-02-19,0.713,0.7175,0.7103,0.7165,0.0
2019-02-20,0.7165,0.7183,0.7141,0.7163,0.0
2019-02-21,0.71641,0.7207,0.707,0.7089,0.0
2019-02-22,0.70923,0.71505,0.7083,0.71279,0.0
2019-02-25,0.71375,0.7185,0.7134,0.71688,0.0
2019-02-26,0.71673,0.7195,0.7141,0.7187,0.0
2019-02-27,0.71864,0.71994,0.71274,0.71409,0.0
2019-02-28,0.714,0.71663,0.709,0.70943,0.0
2019-03-01,0.70951,0.7123,0.70699,0.70797,0.0
2019-03-04,0.71095,0.71095,0.7074,0.70916,0.0
2019-03-05,0.70901,0.70966,0.70591,0.7085,0.0
2019-03-06,0.7085,0.70923,0.7021,0.7032,0.0
2019-03-07,0.7033,0.7052,0.7004,0.7014,0.0
2019-03-08,0.7016,0.7053,0.7003,0.7046,0.0
2019-03-11,0.70333,0.70769,0.7026,0.707,0.0
2019-03-12,0.70698,0.7092,0.7057,0.7081,0.0
2019-03-13,0.70813,0.7099,0.7049,0.70947,0.0
2019-03-14,0.7093,0.7099,0.7041,0.70643,0.0
2019-03-15,0.70638,0.70971,0.7061,0.7087,0.0
2019-03-18,0.70875,0.712,0.70781,0.71039,0.0
2019-03-19,0.71034,0.7112,0.7084,0.709,0.0
2019-03-20,0.7087,0.715,0.70569,0.71176,0.0
2019-03-21,0.7117,0.71682,0.7089,0.71122,0.0
2019-03-22,0.7111,0.7119,0.7075,0.7081,0.0
2019-03-25,0.70795,0.7117,0.7065,0.71128,0.0
2019-03-26,0.71129,0.7148,0.7107,0.71336,0.0
2019-03-27,0.71346,0.7142,0.7068,0.70844,0.0
2019-03-28,0.70846,0.7107,0.7064,0.70746,0.0
2019-03-29,0.70751,0.7105,0.7072,0.70964,0.0
2019-04-01,0.71065,0.7133,0.71042,0.71143,0.0
2019-04-02,0.7113,0.71185,0.7052,0.707,0.0
2019-04-03,0.7071,0.713,0.7054,0.7112,0.0
2019-04-04,0.71125,0.7128,0.7097,0.7114,0.0
2019-04-05,0.71119,0.71314,0.7092,0.7105,0.0
2019-04-08,0.71045,0.7132,0.7087,0.7127,0.0
2019-04-09,0.71267,0.7153,0.7118,0.71261,0.0
2019-04-10,0.7123,0.7175,0.7109,0.7171,0.0
2019-04-11,0.71698,0.7173,0.7116,0.7122,0.0
2019-04-12,0.71234,0.71924,0.7115,0.7172,0.0
2019-04-15,0.71792,0.7183,0.7163,0.7173,0.0
2019-04-16,0.71735,0.718,0.7139,0.71753,0.0
2019-04-17,0.71746,0.72061,0.7153,0.71789,0.0
2019-04-18,0.71822,0.7196,0.7136,0.7149,0.0
2019-04-19,0.7149,0.71592,0.7144,0.7151,0.0
2019-04-22,0.71526,0.7157,0.7128,0.71363,0.0
2019-04-23,0.71355,0.714,0.708,0.7102,0.0
2019-04-24,0.71023,0.7104,0.7004,0.70135,0.0
2019-04-25,0.70153,0.7024,0.6988,0.70163,0.0
2019-04-26,0.70157,0.7061,0.7007,0.70385,0.0
2019-04-29,0.70383,0.7062,0.7038,0.70564,0.0
2019-04-30,0.70564,0.70691,0.7031,0.70502,0.0
2019-05-01,0.705,0.7062,0.70075,0.7015,0.0
2019-05-02,0.70144,0.703,0.6995,0.69997,0.0
2019-05-03,0.70001,0.7026,0.6985,0.7023,0.0
2019-05-06,0.69726,0.7003,0.6962,0.69966,0.0
2019-05-07,0.69909,0.7048,0.6972,0.70107,0.0
2019-05-08,0.7011,0.7027,0.6985,0.6988,0.0
2019-05-09,0.69889,0.6999,0.6964,0.6986,0.0
2019-05-10,0.69891,0.7019,0.698,0.69988,0.0
2019-05-13,0.69947,0.70028,0.694,0.6944,0.0
2019-05-14,0.69444,0.696,0.6935,0.69446,0.0
2019-05-15,0.6944,0.6948,0.6914,0.69294,0.0
2019-05-16,0.69281,0.6934,0.68867,0.6891,0.0
2019-05-17,0.68916,0.6898,0.6864,0.68677,0.0
2019-05-20,0.69118,0.6935,0.68902,0.6907,0.0
2019-05-21,0.69077,0.69292,0.6866,0.68845,0.0
2019-05-22,0.68833,0.68968,0.6871,0.6881,0.0
2019-05-23,0.68817,0.6901,0.6864,0.68997,0.0
2019-05-24,0.69004,0.6935,0.688,0.69277,0.0
2019-05-27,0.69317,0.69386,0.6912,0.6917,0.0
2019-05-28,0.69178,0.6936,0.6915,0.69233,0.0
2019-05-29,0.6923,0.6932,0.6904,0.69168,0.0
2019-05-30,0.69177,0.6938,0.68988,0.69115,0.0
2019-05-31,0.691,0.6945,0.6901,0.6937,0.0
2019-06-03,0.69291,0.6983,0.6927,0.69765,0.0
2019-06-04,0.69767,0.7005,0.69595,0.6991,0.0
2019-06-05,0.69908,0.7008,0.6962,0.6969,0.0
2019-06-06,0.69692,0.69942,0.6963,0.6977,0.0
2019-06-07,0.69764,0.70221,0.6963,0.70027,0.0
2019-06-10,0.70071,0.70076,0.6956,0.69604,0.0
2019-06-11,0.69614,0.6967,0.6947,0.69603,0.0
2019-06-12,0.6962,0.6964,0.6924,0.69281,0.0
2019-06-13,0.6928,0.69369,0.6901,0.6915,0.0
2019-06-14,0.69151,0.6919,0.6861,0.68705,0.0
2019-06-17,0.68753,0.6885,0.6848,0.6853,0.0
2019-06-18,0.6853,0.6882,0.68319,0.68759,0.0
2019-06-19,0.6875,0.69093,0.6855,0.6885,0.0
2019-06-20,0.68819,0.6936,0.6879,0.6924,0.0
2019-06-21,0.69244,0.6938,0.6903,0.6926,0.0
2019-06-24,0.6932,0.6969,0.69291,0.69635,0.0
2019-06-25,0.6962,0.6979,0.69418,0.6961,0.0
2019-06-26,0.69604,0.6996,0.69517,0.6985,0.0
2019-06-27,0.69845,0.701,0.6983,0.7008,0.0
2019-06-28,0.70087,0.70234,0.6997,0.70223,0.0
2019-07-01,0.70312,0.70314,0.6956,0.69647,0.0
2019-07-02,0.69641,0.70005,0.6962,0.69945,0.0
2019-07-03,0.69942,0.70394,0.69856,0.70306,0.0
2019-07-04,0.70306,0.70479,0.70156,0.70229,0.0
2019-07-05,0.7023,0.7029,0.69574,0.69799,0.0
2019-07-08,0.6977,0.69943,0.69672,0.69738,0.0
2019-07-09,0.6974,0.69828,0.69206,0.69295,0.0
2019-07-10,0.69287,0.69693,0.69105,0.69602,0.0
2019-07-11,0.69604,0.6988,0.69542,0.69758,0.0
2019-07-12,0.6976,0.70247,0.69713,0.70209,0.0
2019-07-15,0.70228,0.70401,0.7012,0.70392,0.0
2019-07-16,0.70396,0.70444,0.70104,0.7011,0.0
2019-07-17,0.70111,0.70251,0.69964,0.70096,0.0
2019-07-18,0.70096,0.70766,0.70064,0.70757,0.0
2019-07-19,0.70752,0.70822,0.70376,0.70423,0.0
2019-07-22,0.70452,0.70572,0.7031,0.70356,0.0
2019-07-23,0.70356,0.7036,0.69962,0.70052,0.0
2019-07-24,0.70048,0.70061,0.69726,0.69786,0.0
2019-07-25,0.69786,0.69843,0.69424,0.69532,0.0
2019-07-26,0.69531,0.69553,0.69028,0.69111,0.0
2019-07-29,0.69084,0.69166,0.68948,0.69012,0.0
2019-07-30,0.69014,0.6908,0.68687,0.68735,0.0
2019-07-31,0.68727,0.68993,0.68322,0.6847,0.0
2019-08-01,0.68474,0.68681,0.67955,0.68023,0.0
2019-08-02,0.68023,0.68191,0.67636,0.68008,0.0
2019-08-05,0.67992,0.68042,0.67482,0.67573,0.0
2019-08-06,0.67572,0.68009,0.67503,0.67586,0.0
2019-08-07,0.67582,0.6783,0.66772,0.67602,0.0
2019-08-08,0.67596,0.68206,0.67464,0.68011,0.0
2019-08-09,0.68014,0.68181,0.67788,0.67874,0.0
2019-08-12,0.67836,0.67959,0.6745,0.67492,0.0
2019-08-13,0.67496,0.68181,0.67423,0.67964,0.0
2019-08-14,0.67963,0.68088,0.67358,0.67478,0.0
2019-08-15,0.6748,0.67904,0.6745,0.6777,0.0
2019-08-16,0.67772,0.67953,0.67709,0.67826,0.0
2019-08-19,0.6777,0.67889,0.6762,0.67643,0.0
2019-08-20,0.67642,0.67952,0.67548,0.67775,0.0
2019-08-21,0.67776,0.67992,0.67731,0.67808,0.0
2019-08-22,0.67806,0.67874,0.6751,0.67564,0.0
2019-08-23,0.67561,0.67778,0.6736,0.67558,0.0
2019-08-26,0.67375,0.67881,0.66898,0.6776,0.0
2019-08-27,0.67761,0.67798,0.67467,0.6752,0.0
2019-08-28,0.67523,0.67623,0.6733,0.67333,0.0
2019-08-29,0.67332,0.67532,0.6717,0.6729,0.0
2019-08-30,0.67286,0.67401,0.67062,0.6737,0.0
2019-09-02,0.67327,0.6736,0.67102,0.67169,0.0
2019-09-03,0.67166,0.67638,0.66877,0.67625,0.0
2019-09-04,0.67624,0.68008,0.67549,0.67974,0.0
2019-09-05,0.67964,0.683,0.67943,0.68143,0.0
2019-09-06,0.68145,0.68615,0.68071,0.68501,0.0
2019-09-09,0.68427,0.68759,0.68376,0.6864,0.0
2019-09-10,0.68638,0.68701,0.6849,0.68608,0.0
2019-09-11,0.6861,0.68848,0.68488,0.68635,0.0
2019-09-12,0.68633,0.68946,0.68604,0.68648,0.0
2019-09-13,0.68676,0.68906,0.6859,0.68791,0.0
2019-09-16,0.68641,0.68838,0.6854,0.68656,0.0
2019-09-17,0.68654,0.68701,0.68306,0.68662,0.0
2019-09-18,0.68658,0.68692,0.68124,0.68292,0.0
2019-09-19,0.68292,0.68322,0.67804,0.67935,0.0
2019-09-20,0.67936,0.68087,0.67602,0.6764,0.0
2019-09-23,0.67722,0.67816,0.6765,0.67724,0.0
2019-09-24,0.67722,0.68056,0.67653,0.67991,0.0
2019-09-25,0.6799,0.6804,0.6739,0.675,0.0
2019-09-26,0.67492,0.67808,0.67461,0.6748,0.0
2019-09-27,0.67492,0.67794,0.67435,0.67654,0.0
2019-09-30,0.6761,0.67699,0.67415,0.67501,0.0
2019-10-01,0.67501,0.67764,0.6672,0.67041,0.0
2019-10-02,0.67042,0.67186,0.66709,0.67072,0.0
2019-10-03,0.67073,0.67531,0.67023,0.67415,0.0
2019-10-04,0.67415,0.67739,0.67389,0.67663,0.0
2019-10-07,0.67567,0.6766,0.673,0.67324,0.0
2019-10-08,0.67326,0.6757,0.67232,0.67278,0.0
2019-10-09,0.67284,0.67498,0.67228,0.67242,0.0
2019-10-10,0.6725,0.67745,0.67104,0.67616,0.0
2019-10-11,0.6761,0.68106,0.67535,0.67934,0.0
2019-10-14,0.6793,0.68016,0.67512,0.67772,0.0
2019-10-15,0.67752,0.67888,0.67426,0.6757,0.0
2019-10-16,0.67542,0.67656,0.67236,0.67596,0.0
2019-10-17,0.67571,0.68331,0.67529,0.68258,0.0
2019-10-18,0.6826,0.68569,0.68214,0.6856,0.0
2019-10-21,0.68473,0.68802,0.68402,0.68676,0.0
2019-10-22,0.68676,0.6883,0.68506,0.68576,0.0
2019-10-23,0.68578,0.68625,0.68341,0.68542,0.0
2019-10-24,0.68538,0.68576,0.6811,0.68177,0.0
2019-10-25,0.68183,0.68364,0.68094,0.6821,0.0
2019-10-28,0.68211,0.68455,0.6811,0.68384,0.0
2019-10-29,0.68386,0.68718,0.68357,0.68656,0.0
2019-10-30,0.68643,0.69014,0.68488,0.69007,0.0
2019-10-31,0.6901,0.69297,0.68834,0.68938,0.0
2019-11-01,0.68942,0.69212,0.6884,0.69131,0.0
2019-11-04,0.69147,0.6925,0.68773,0.68858,0.0
2019-11-05,0.68839,0.69282,0.68769,0.68933,0.0
2019-11-06,0.68948,0.69075,0.68692,0.68848,0.0
2019-11-07,0.68838,0.69133,0.68617,0.6899,0.0
2019-11-08,0.68968,0.69064,0.68478,0.68589,0.0
2019-11-11,0.6858,0.68654,0.6847,0.685,0.0
2019-11-12,0.68505,0.68572,0.68316,0.68409,0.0
2019-11-13,0.68408,0.68569,0.68212,0.68378,0.0
2019-11-14,0.68381,0.68412,0.67697,0.67858,0.0
2019-11-15,0.67865,0.68221,0.67807,0.68206,0.0
2019-11-18,0.68138,0.68224,0.67989,0.68084,0.0
2019-11-19,0.6813,0.68348,0.67852,0.68291,0.0
2019-11-20,0.68292,0.6831,0.67901,0.68013,0.0
2019-11-21,0.68014,0.6814,0.67834,0.67874,0.0
2019-11-22,0.67871,0.68032,0.67806,0.67858,0.0
2019-11-25,0.67912,0.67994,0.67682,0.67772,0.0
2019-11-26,0.67808,0.67954,0.67682,0.67874,0.0
2019-11-27,0.67868,0.67912,0.67721,0.67744,0.0
2019-11-28,0.67764,0.67782,0.67594,0.67694,0.0
2019-11-29,0.67708,0.67796,0.67544,0.67592,0.0
2019-12-02,0.67688,0.68256,0.67618,0.6819,0.0
2019-12-03,0.68185,0.68622,0.68152,0.6848,0.0
2019-12-04,0.68472,0.68552,0.68132,0.68484,0.0
2019-12-05,0.68485,0.68548,0.6821,0.68316,0.0
2019-12-06,0.68326,0.68574,0.68236,0.6841,0.0
2019-12-09,0.68309,0.6841,0.68204,0.68264,0.0
2019-12-10,0.68247,0.68374,0.68002,0.68126,0.0
2019-12-11,0.6809,0.68894,0.68047,0.68771,0.0
2019-12-12,0.68772,0.69132,0.68676,0.69068,0.0
2019-12-13,0.69282,0.69388,0.68638,0.68756,0.0
2019-12-16,0.68851,0.6898,0.68686,0.68842,0.0
2019-12-17,0.6885,0.68856,0.68385,0.68516,0.0
2019-12-18,0.6852,0.68645,0.68389,0.68533,0.0
2019-12-19,0.68534,0.68884,0.68488,0.6885,0.0
2019-12-20,0.68858,0.69068,0.6883,0.69006,0.0
2019-12-23,0.6901,0.69286,0.6892,0.69224,0.0
2019-12-24,0.69233,0.69304,0.69126,0.69235,0.0
2019-12-26,0.6923,0.69498,0.6916,0.69468,0.0
2019-12-27,0.69458,0.69874,0.69414,0.6985,0.0
2019-12-30,0.6975,0.70046,0.6975,0.69945,0.0
2019-12-31,0.69946,0.7032,0.6994,0.70182,0.0
2020-01-02,0.7015,0.70208,0.69786,0.699,0.0
2020-01-03,0.69927,0.69927,0.69304,0.69451,0.0
2020-01-06,0.69415,0.69578,0.69254,0.69416,0.0
2020-01-07,0.69398,0.69426,0.68592,0.68686,0.0
2020-01-08,0.68672,0.68854,0.68492,0.68674,0.0
2020-01-09,0.68666,0.68806,0.68504,0.6858,0.0
2020-01-10,0.68576,0.69109,0.68508,0.69001,0.0
2020-01-13,0.68977,0.69199,0.6894,0.69034,0.0
2020-01-14,0.69035,0.69097,0.68853,0.69035,0.0
2020-01-15,0.69028,0.69167,0.68773,0.69063,0.0
2020-01-16,0.69042,0.69338,0.68878,0.68966,0.0
2020-01-17,0.69004,0.69111,0.68708,0.68724,0.0
2020-01-20,0.68727,0.68886,0.68552,0.68754,0.0
2020-01-21,0.68739,0.68806,0.68426,0.68448,0.0
2020-01-22,0.68452,0.68563,0.6827,0.68441,0.0
2020-01-23,0.68455,0.68789,0.68296,0.68481,0.0
2020-01-24,0.68469,0.68573,0.68178,0.68262,0.0
2020-01-27,0.68138,0.68192,0.67524,0.67599,0.0
2020-01-28,0.67608,0.67651,0.67372,0.67628,0.0
2020-01-29,0.67632,0.67774,0.67354,0.6752,0.0
2020-01-30,0.67528,0.67552,0.67002,0.67224,0.0
2020-01-31,0.67227,0.67298,0.66829,0.66868,0.0
2020-02-03,0.6687,0.6707,0.66838,0.66921,0.0
2020-02-04,0.66922,0.67419,0.66791,0.67392,0.0
2020-02-05,0.67394,0.67742,0.6724,0.67462,0.0
2020-02-06,0.67466,0.67651,0.6727,0.67306,0.0
2020-02-07,0.67296,0.67362,0.66623,0.66767,0.0
2020-02-10,0.66677,0.67074,0.66666,0.66845,0.0
2020-02-11,0.66854,0.67367,0.66816,0.6714,0.0
2020-02-12,0.6714,0.675,0.6712,0.67372,0.0
2020-02-13,0.6737,0.67452,0.67071,0.67194,0.0
2020-02-14,0.67175,0.67314,0.67094,0.67139,0.0
2020-02-17,0.67219,0.67335,0.67118,0.67132,0.0
2020-02-18,0.67136,0.67159,0.66736,0.66881,0.0
2020-02-19,0.6687,0.67075,0.66654,0.66782,0.0
2020-02-20,0.66756,0.66946,0.66104,0.6613,0.0
2020-02-21,0.66166,0.6639,0.6586,0.6627,0.0
2020-02-24,0.65875,0.66198,0.65868,0.66041,0.0
2020-02-25,0.66034,0.66226,0.65865,0.66013,0.0
2020-02-26,0.66028,0.6607,0.65428,0.65449,0.0
2020-02-27,0.65449,0.6592,0.65437,0.6569,0.0
2020-02-28,0.65698,0.65853,0.64341,0.65058,0.0
2020-03-02,0.64675,0.6568,0.64675,0.65421,0.0
2020-03-03,0.65317,0.66448,0.65098,0.65838,0.0
2020-03-04,0.65827,0.66276,0.65774,0.66258,0.0
2020-03-05,0.66256,0.66368,0.65841,0.66177,0.0
2020-03-06,0.66142,0.66575,0.65853,0.66443,0.0
2020-03-09,0.66083,0.6685,0.63236,0.65857,0.0
2020-03-10,0.65821,0.66132,0.64627,0.65004,0.0
2020-03-11,0.65042,0.65396,0.64792,0.64842,0.0
2020-03-12,0.64884,0.64924,0.62128,0.6237,0.0
2020-03-13,0.6236,0.6323,0.61238,0.61786,0.0
2020-03-16,0.61755,0.63071,0.60793,0.61194,0.0
2020-03-17,0.61174,0.61489,0.59594,0.60004,0.0
2020-03-18,0.60061,0.60272,0.57031,0.57759,0.0
2020-03-19,0.5775,0.59648,0.55103,0.57426,0.0
2020-03-20,0.57432,0.59861,0.56647,0.58026,0.0
2020-03-23,0.58072,0.58447,0.57,0.58199,0.0
2020-03-24,0.58326,0.59753,0.58138,0.59553,0.0
2020-03-25,0.5957,0.60734,0.59307,0.5959,0.0
2020-03-26,0.5954,0.60875,0.58706,0.60569,0.0
2020-03-27,0.60554,0.62,0.60229,0.61664,0.0
2020-03-30,0.61563,0.61842,0.61124,0.61682,0.0
2020-03-31,0.61693,0.62133,0.6082,0.61426,0.0
2020-04-01,0.61383,0.61591,0.60396,0.60748,0.0
2020-04-02,0.60668,0.61192,0.6007,0.60652,0.0
2020-04-03,0.60589,0.60755,0.59801,0.59945,0.0
2020-04-06,0.60295,0.61062,0.59912,0.60872,0.0
2020-04-07,0.60888,0.62081,0.60759,0.61719,0.0
2020-04-08,0.61678,0.62424,0.61158,0.62323,0.0
2020-04-09,0.62268,0.63486,0.61954,0.63384,0.0
2020-04-10,0.63404,0.63682,0.63134,0.63525,0.0
2020-04-13,0.63445,0.64092,0.63266,0.63843,0.0
2020-04-14,0.63902,0.64448,0.63754,0.64431,0.0
2020-04-15,0.64381,0.6444,0.62847,0.63212,0.0
2020-04-16,0.63181,0.6334,0.62648,0.63196,0.0
2020-04-17,0.63222,0.63847,0.63153,0.6363,0.0
2020-04-20,0.63644,0.63976,0.63332,0.63376,0.0
2020-04-21,0.63367,0.63469,0.62536,0.62838,0.0
2020-04-22,0.62804,0.63514,0.6277,0.63223,0.0
2020-04-23,0.63224,0.64061,0.62831,0.63695,0.0
2020-04-24,0.63685,0.63969,0.63373,0.63963,0.0
2020-04-27,0.63837,0.64718,0.63826,0.64615,0.0
2020-04-28,0.64661,0.6514,0.64344,0.64934,0.0
2020-04-29,0.64925,0.65546,0.64864,0.65538,0.0
2020-04-30,0.65543,0.65698,0.64905,0.6509,0.0
2020-05-01,0.65108,0.65114,0.64098,0.64206,0.0
2020-05-04,0.64121,0.64348,0.63729,0.6425,0.0
2020-05-05,0.64248,0.64762,0.6417,0.64332,0.0
2020-05-06,0.64366,0.64529,0.63938,0.6404,0.0
2020-05-07,0.64018,0.65061,0.63786,0.6495,0.0
2020-05-08,0.64951,0.65481,0.64934,0.65304,0.0
2020-05-11,0.65332,0.65612,0.64568,0.64914,0.0
2020-05-12,0.64898,0.65364,0.64322,0.64701,0.0
2020-05-13,0.6473,0.65242,0.64386,0.64566,0.0
2020-05-14,0.64565,0.64687,0.64036,0.64602,0.0
2020-05-15,0.64617,0.64737,0.64023,0.64162,0.0
2020-05-18,0.64201,0.65274,0.64122,0.65233,0.0
2020-05-19,0.65268,0.6585,0.65103,0.6537,0.0
2020-05-20,0.65374,0.66162,0.65254,0.66003,0.0
2020-05-21,0.65957,0.65992,0.6549,0.65683,0.0
2020-05-22,0.65648,0.65724,0.6506,0.65355,0.0
2020-05-25,0.65332,0.65504,0.652,0.6546,0.0
2020-05-26,0.65442,0.66752,0.65379,0.66546,0.0
2020-05-27,0.66522,0.66801,0.65676,0.66242,0.0
2020-05-28,0.66228,0.66674,0.65884,0.66383,0.0
2020-05-29,0.66364,0.66828,0.66122,0.66682,0.0
2020-06-01,0.66593,0.6803,0.66484,0.67974,0.0
2020-06-02,0.68036,0.68976,0.6775,0.68975,0.0
2020-06-03,0.68926,0.69834,0.68566,0.6922,0.0
2020-06-04,0.69222,0.69876,0.68826,0.6943,0.0
2020-06-05,0.6943,0.7013,0.69308,0.69659,0.0
2020-06-08,0.6967,0.70292,0.6962,0.70194,0.0
2020-06-09,0.70205,0.70414,0.68988,0.69632,0.0
2020-06-10,0.6961,0.70636,0.69329,0.69976,0.0
2020-06-11,0.69958,0.70041,0.68396,0.68537,0.0
2020-06-12,0.6847,0.69118,0.67998,0.68728,0.0
2020-06-15,0.68456,0.69251,0.67766,0.69204,0.0
2020-06-16,0.69164,0.69768,0.6834,0.68896,0.0
2020-06-17,0.68843,0.69226,0.68524,0.68843,0.0
2020-06-18,0.68807,0.69026,0.68362,0.68528,0.0
2020-06-19,0.68516,0.69118,0.68306,0.68354,0.0
2020-06-22,0.68122,0.69226,0.68108,0.69106,0.0
2020-06-23,0.69088,0.69748,0.68583,0.69286,0.0
2020-06-24,0.6927,0.69622,0.68628,0.68696,0.0
2020-06-25,0.68696,0.68928,0.68475,0.68873,0.0
2020-06-26,0.68882,0.68955,0.68406,0.68612,0.0
2020-06-29,0.68582,0.68908,0.68418,0.68682,0.0
2020-06-30,0.6864,0.69121,0.68328,0.69056,0.0
2020-07-01,0.69019,0.69436,0.6877,0.69152,0.0
2020-07-02,0.69162,0.69524,0.69017,0.69264,0.0
2020-07-03,0.69236,0.6948,0.69138,0.69416,0.0
2020-07-06,0.69311,0.69877,0.6929,0.69728,0.0
2020-07-07,0.6973,0.69977,0.69222,0.69442,0.0
2020-07-08,0.6949,0.69864,0.69275,0.69834,0.0
2020-07-09,0.69823,0.70012,0.69501,0.69638,0.0
2020-07-10,0.69634,0.69693,0.69238,0.69477,0.0
2020-07-13,0.69534,0.69932,0.69392,0.69394,0.0
2020-07-14,0.69414,0.69776,0.69213,0.69753,0.0
2020-07-15,0.69713,0.70378,0.69713,0.70071,0.0
2020-07-16,0.70059,0.70149,0.69633,0.69724,0.0
2020-07-17,0.69705,0.70052,0.69676,0.69962,0.0
2020-07-20,0.69914,0.70174,0.6973,0.7017,0.0
2020-07-21,0.7014,0.7147,0.7014,0.7123,0.0
2020-07-22,0.71272,0.71822,0.71126,0.7142,0.0
2020-07-23,0.7145,0.71617,0.70906,0.70965,0.0
2020-07-24,0.70984,0.71248,0.70639,0.71062,0.0
2020-07-27,0.70895,0.715,0.70876,0.71498,0.0
2020-07-28,0.7148,0.71768,0.7113,0.71574,0.0
2020-07-29,0.71566,0.71969,0.71492,0.71864,0.0
2020-07-30,0.71854,0.71978,0.71208,0.71956,0.0
2020-07-31,0.71936,0.72271,0.71334,0.71424,0.0
2020-08-03,0.71331,0.71498,0.70764,0.71242,0.0
2020-08-04,0.7121,0.71672,0.71062,0.71636,0.0
2020-08-05,0.71597,0.7241,0.71539,0.71916,0.0
2020-08-06,0.71962,0.72395,0.71744,0.72365,0.0
2020-08-07,0.72348,0.72434,0.71447,0.71601,0.0
2020-08-10,0.71618,0.71843,0.71403,0.71492,0.0
2020-08-11,0.71492,0.71898,0.71352,0.71436,0.0
2020-08-12,0.7143,0.71758,0.71093,0.71625,0.0
2020-08-13,0.71622,0.71879,0.71359,0.71496,0.0
2020-08-14,0.71506,0.71752,0.71322,0.71727,0.0
2020-08-17,0.7172,0.72274,0.71665,0.72149,0.0
2020-08-18,0.72158,0.72646,0.7209,0.72446,0.0
2020-08-19,0.72381,0.72758,0.71794,0.71841,0.0
2020-08-20,0.71834,0.72024,0.71359,0.71942,0.0
2020-08-21,0.71923,0.72161,0.71396,0.71594,0.0
2020-08-24,0.71694,0.7204,0.7152,0.71616,0.0
2020-08-25,0.7162,0.71978,0.71511,0.71943,0.0
2020-08-26,0.71952,0.72398,0.71876,0.7236,0.0
2020-08-27,0.7231,0.72902,0.7217,0.72574,0.0
2020-08-28,0.72593,0.73664,0.72551,0.73655,0.0
2020-08-31,0.7362,0.74026,0.73402,0.7378,0.0
2020-09-01,0.73801,0.74137,0.73594,0.73743,0.0
2020-09-02,0.73708,0.73816,0.73014,0.73372,0.0
2020-09-03,0.73367,0.73376,0.72652,0.72734,0.0
2020-09-04,0.7272,0.72988,0.72224,0.72852,0.0
2020-09-07,0.72852,0.72982,0.72702,0.72769,0.0
2020-09-08,0.7277,0.73092,0.72106,0.72136,0.0
2020-09-09,0.72157,0.72875,0.71924,0.72834,0.0
2020-09-10,0.72804,0.73246,0.72482,0.72582,0.0
2020-09-11,0.7257,0.7306,0.72534,0.7282,0.0
2020-09-14,0.72785,0.73036,0.72644,0.72885,0.0
2020-09-15,0.72904,0.73426,0.7267,0.7302,0.0
2020-09-16,0.73056,0.7345,0.72785,0.73045,0.0
2020-09-17,0.73035,0.73154,0.72542,0.731,0.0
2020-09-18,0.73093,0.73342,0.72827,0.72895,0.0
2020-09-21,0.72884,0.73243,0.71992,0.72244,0.0
2020-09-22,0.72238,0.72352,0.71546,0.71689,0.0
2020-09-23,0.71684,0.71775,0.70687,0.70726,0.0
2020-09-24,0.70735,0.70818,0.70162,0.7046,0.0
2020-09-25,0.70514,0.70867,0.70062,0.7031,0.0
2020-09-28,0.703,0.70744,0.70293,0.70723,0.0
2020-09-29,0.70724,0.71382,0.70696,0.7131,0.0
2020-09-30,0.71325,0.71754,0.71002,0.71642,0.0
2020-10-01,0.71588,0.72092,0.71551,0.71838,0.0
2020-10-02,0.71862,0.71884,0.7131,0.71638,0.0
2020-10-05,0.71698,0.71932,0.71586,0.71822,0.0
2020-10-06,0.71784,0.72088,0.71004,0.71009,0.0
2020-10-07,0.71077,0.71516,0.70961,0.71399,0.0
2020-10-08,0.7141,0.71702,0.71233,0.71673,0.0
2020-10-09,0.71678,0.7243,0.71598,0.7241,0.0
2020-10-12,0.72222,0.72356,0.72036,0.72109,0.0
2020-10-13,0.72092,0.72185,0.71506,0.71608,0.0
2020-10-14,0.71611,0.71908,0.71526,0.7162,0.0
2020-10-15,0.71614,0.71704,0.70561,0.70952,0.0
2020-10-16,0.70942,0.70985,0.70706,0.7077,0.0
2020-10-19,0.70822,0.71148,0.70586,0.7069,0.0
2020-10-20,0.70688,0.70726,0.70209,0.70482,0.0
2020-10-21,0.70513,0.7137,0.70472,0.71165,0.0
2020-10-22,0.71166,0.71253,0.70852,0.7117,0.0
2020-10-23,0.71186,0.71582,0.71011,0.71364,0.0
2020-10-26,0.71348,0.71464,0.7103,0.71228,0.0
2020-10-27,0.71196,0.7147,0.71157,0.71272,0.0
2020-10-28,0.71225,0.71573,0.70384,0.7043,0.0
2020-10-29,0.70457,0.7076,0.70024,0.70267,0.0
2020-10-30,0.70298,0.70722,0.70116,0.70281,0.0
2020-11-02,0.7028,0.70572,0.69914,0.70569,0.0
2020-11-03,0.70554,0.71746,0.7028,0.7166,0.0
2020-11-04,0.7161,0.72214,0.70488,0.7182,0.0
2020-11-05,0.71788,0.72894,0.71456,0.72864,0.0
2020-11-06,0.72838,0.72874,0.72389,0.72598,0.0
2020-11-09,0.72788,0.73399,0.7267,0.72795,0.0
2020-11-10,0.72814,0.72941,0.72526,0.72857,0.0
2020-11-11,0.72832,0.7318,0.72601,0.7279,0.0
2020-11-12,0.72772,0.7294,0.72236,0.72312,0.0
2020-11-13,0.72326,0.72734,0.72216,0.72694,0.0
2020-11-16,0.72689,0.73266,0.72648,0.73214,0.0
2020-11-17,0.73192,0.73398,0.72894,0.7302,0.0
2020-11-18,0.72994,0.73308,0.7272,0.73064,0.0
2020-11-19,0.73048,0.7306,0.7255,0.7285,0.0
2020-11-20,0.7284,0.73242,0.72663,0.7305,0.0
2020-11-23,0.7304,0.73376,0.72654,0.72878,0.0
2020-11-24,0.72876,0.73676,0.72841,0.73616,0.0
2020-11-25,0.73608,0.73736,0.73252,0.7365,0.0
2020-11-26,0.73611,0.73746,0.73538,0.73592,0.0
2020-11-27,0.7358,0.7399,0.7353,0.73863,0.0
2020-11-30,0.73852,0.74073,0.73392,0.73422,0.0
2020-12-01,0.73426,0.73733,0.73422,0.73718,0.0
2020-12-02,0.73717,0.74199,0.73516,0.7415,0.0
2020-12-03,0.74152,0.74492,0.7398,0.7441,0.0
2020-12-04,0.74374,0.74438,0.74102,0.7428,0.0
2020-12-07,0.74322,0.74536,0.73724,0.74194,0.0
2020-12-08,0.74191,0.74352,0.73993,0.74107,0.0
2020-12-09,0.7409,0.7485,0.74048,0.74411,0.0
2020-12-10,0.74434,0.754,0.74273,0.75386,0.0
2020-12-11,0.7534,0.7572,0.75202,0.75352,0.0
2020-12-14,0.75497,0.75782,0.75252,0.75325,0.0
2020-12-15,0.75315,0.75716,0.75074,0.75569,0.0
2020-12-16,0.75562,0.75788,0.75392,0.75778,0.0
2020-12-17,0.75766,0.76398,0.75672,0.76278,0.0
2020-12-18,0.76263,0.7629,0.7583,0.76221,0.0
2020-12-21,0.75867,0.76064,0.74622,0.75827,0.0
2020-12-22,0.75842,0.75911,0.75172,0.75264,0.0
2020-12-23,0.75217,0.75913,0.75175,0.75784,0.0
2020-12-24,0.75704,0.76068,0.757,0.7591,0.0
2020-12-28,0.76023,0.76227,0.75572,0.75808,0.0
2020-12-29,0.75798,0.76246,0.75782,0.76096,0.0
2020-12-30,0.76134,0.76862,0.76027,0.76858,0.0
2020-12-31,0.76851,0.77423,0.76794,0.76931,0.0
2021-01-04,0.77051,0.77408,0.76426,0.76664,0.0
2021-01-05,0.76644,0.77775,0.76612,0.77612,0.0
2021-01-06,0.77605,0.78202,0.77332,0.78056,0.0
2021-01-07,0.78074,0.7817,0.77257,0.77673,0.0
2021-01-08,0.77662,0.77986,0.77288,0.77653,0.0
2021-01-11,0.77558,0.7764,0.76664,0.76962,0.0
2021-01-12,0.76974,0.77776,0.76869,0.77744,0.0
2021-01-13,0.77706,0.77814,0.77218,0.77339,0.0
2021-01-14,0.7733,0.78052,0.77288,0.77794,0.0
2021-01-15,0.77798,0.77888,0.76818,0.77036,0.0
2021-01-18,0.77101,0.77106,0.76592,0.76803,0.0
2021-01-19,0.76819,0.77252,0.7673,0.76983,0.0
2021-01-20,0.76958,0.77608,0.7692,0.7746,0.0
2021-01-21,0.77482,0.77821,0.77416,0.77652,0.0
2021-01-22,0.7764,0.77699,0.77021,0.77148,0.0
2021-01-25,0.77171,0.77474,0.76831,0.77126,0.0
2021-01-26,0.77142,0.77543,0.7669,0.7748,0.0
2021-01-27,0.7749,0.7764,0.7644,0.76626,0.0
2021-01-28,0.76641,0.7698,0.75922,0.76779,0.0
2021-01-29,0.76781,0.7704,0.76312,0.7642,0.0
2021-02-01,0.76226,0.76627,0.7606,0.76229,0.0
2021-02-02,0.76214,0.76618,0.75638,0.76094,0.0
2021-02-03,0.76068,0.76264,0.76016,0.76215,0.0
2021-02-04,0.7618,0.76477,0.75884,0.75995,0.0
2021-02-05,0.75987,0.76789,0.75832,0.7678,0.0
2021-02-08,0.7669,0.77147,0.76515,0.77036,0.0
2021-02-09,0.7703,0.77404,0.77012,0.77382,0.0
2021-02-10,0.7736,0.77562,0.77174,0.77206,0.0
2021-02-11,0.7722,0.77716,0.7713,0.77537,0.0
2021-02-12,0.77616,0.77646,0.77184,0.77613,0.0
2021-02-15,0.77665,0.77888,0.77595,0.77808,0.0
2021-02-16,0.77806,0.7805,0.77448,0.77565,0.0
2021-02-17,0.77604,0.77719,0.77244,0.7751,0.0
2021-02-18,0.7752,0.77896,0.77312,0.77703,0.0
2021-02-19,0.77703,0.78771,0.77576,0.78689,0.0
2021-02-22,0.7869,0.79294,0.78557,0.79158,0.0
2021-02-23,0.7913,0.79348,0.78804,0.79119,0.0
2021-02-24,0.7912,0.79732,0.78953,0.797,0.0
2021-02-25,0.7967,0.80072,0.78588,0.78722,0.0
2021-02-26,0.78722,0.78836,0.76924,0.77038,0.0
2021-03-01,0.77144,0.77869,0.7704,0.77733,0.0
2021-03-02,0.7772,0.78376,0.77358,0.78222,0.0
2021-03-03,0.78215,0.78384,0.77708,0.77756,0.0
2021-03-04,0.77766,0.78152,0.7709,0.77206,0.0
2021-03-05,0.77208,0.77303,0.76217,0.76811,0.0
2021-03-08,0.76942,0.77222,0.76362,0.76458,0.0
2021-03-09,0.76458,0.77258,0.76214,0.77209,0.0
2021-03-10,0.77098,0.77456,0.76687,0.77366,0.0
2021-03-11,0.7734,0.77938,0.77233,0.77859,0.0
2021-03-12,0.77888,0.78005,0.77246,0.77568,0.0
2021-03-15,0.77515,0.77756,0.77058,0.77577,0.0
2021-03-16,0.7751,0.77594,0.77107,0.77452,0.0
2021-03-17,0.77449,0.78103,0.76996,0.77986,0.0
2021-03-18,0.78026,0.78493,0.77495,0.77624,0.0
2021-03-19,0.77563,0.77722,0.77177,0.77458,0.0
2021-03-22,0.77112,0.77566,0.77048,0.77435,0.0
2021-03-23,0.77462,0.77475,0.76175,0.76244,0.0
2021-03-24,0.7622,0.76362,0.75795,0.758,0.0
2021-03-25,0.7584,0.76142,0.75633,0.75818,0.0
2021-03-26,0.7578,0.76415,0.75764,0.76411,0.0
2021-03-29,0.76383,0.76556,0.76152,0.76312,0.0
2021-03-30,0.76345,0.76642,0.7585,0.7597,0.0
2021-03-31,0.75944,0.76366,0.75883,0.75949,0.0
2021-04-01,0.7598,0.76199,0.75323,0.76174,0.0
2021-04-02,0.76176,0.76375,0.75988,0.76008,0.0
2021-04-05,0.7606,0.76604,0.75985,0.76518,0.0
2021-04-06,0.7649,0.76684,0.7606,0.76642,0.0
2021-04-07,0.76625,0.76771,0.76007,0.76128,0.0
2021-04-08,0.76126,0.76604,0.76029,0.76547,0.0
2021-04-09,0.76509,0.76612,0.75883,0.76192,0.0
2021-04-12,0.7622,0.76356,0.75948,0.76226,0.0
2021-04-13,0.76234,0.76485,0.75861,0.76444,0.0
2021-04-14,0.76431,0.77378,0.76348,0.77231,0.0
2021-04-15,0.77249,0.77611,0.77059,0.77512,0.0
2021-04-16,0.77517,0.77587,0.77241,0.77343,0.0
2021-04-19,0.77315,0.77846,0.77063,0.77579,0.0
2021-04-20,0.7758,0.7816,0.77093,0.77248,0.0
2021-04-21,0.77264,0.77618,0.76998,0.77514,0.0
2021-04-22,0.7755,0.77647,0.76908,0.77075,0.0
2021-04-23,0.77076,0.77604,0.7698,0.77492,0.0
2021-04-26,0.77407,0.7815,0.77404,0.78025,0.0
2021-04-27,0.7797,0.78048,0.77616,0.77685,0.0
2021-04-28,0.77678,0.78011,0.77254,0.77928,0.0
2021-04-29,0.77896,0.7818,0.77506,0.7765,0.0
2021-04-30,0.77648,0.77841,0.76962,0.77112,0.0
2021-05-03,0.77235,0.77668,0.77062,0.77632,0.0
2021-05-04,0.77616,0.77652,0.76752,0.77122,0.0
2021-05-05,0.77058,0.77549,0.77044,0.77476,0.0
2021-05-06,0.77468,0.77877,0.77014,0.77854,0.0
2021-05-07,0.77828,0.78619,0.7761,0.78438,0.0
2021-05-10,0.78595,0.7891,0.78277,0.78278,0.0
2021-05-11,0.7835,0.78563,0.78203,0.78398,0.0
2021-05-12,0.78457,0.7846,0.77195,0.7727,0.0
2021-05-13,0.77266,0.77463,0.76884,0.7729,0.0
2021-05-14,0.77273,0.77874,0.77142,0.77828,0.0
2021-05-17,0.77705,0.77839,0.77308,0.77694,0.0
2021-05-18,0.7763,0.78134,0.7763,0.77906,0.0
2021-05-19,0.77928,0.78018,0.77108,0.77258,0.0
2021-05-20,0.77277,0.77814,0.77168,0.77734,0.0
2021-05-21,0.77742,0.77828,0.77192,0.77306,0.0
2021-05-24,0.77303,0.77578,0.77061,0.77528,0.0
2021-05-25,0.77524,0.77764,0.77331,0.77532,0.0
2021-05-26,0.77516,0.7796,0.77312,0.77409,0.0
2021-05-27,0.77408,0.77576,0.77234,0.77416,0.0
2021-05-28,0.77416,0.77473,0.76774,0.77084,0.0
2021-05-31,0.77125,0.77414,0.77006,0.77321,0.0
2021-06-01,0.77342,0.77694,0.77308,0.77514,0.0
2021-06-02,0.7752,0.77737,0.77156,0.77518,0.0
2021-06-03,0.77528,0.77539,0.76458,0.76606,0.0
2021-06-04,0.76554,0.77452,0.76512,0.7744,0.0
2021-06-07,0.77362,0.77658,0.7727,0.77562,0.0
2021-06-08,0.77597,0.77636,0.77321,0.7737,0.0
2021-06-09,0.77383,0.77622,0.77244,0.77324,0.0
2021-06-10,0.77302,0.77636,0.7718,0.77522,0.0
2021-06-11,0.77542,0.77756,0.76884,0.7703,0.0
2021-06-14,0.7706,0.7726,0.76938,0.7712,0.0
2021-06-15,0.77121,0.77167,0.76744,0.76872,0.0
2021-06-16,0.76864,0.77158,0.76069,0.761,0.0
2021-06-17,0.76081,0.76439,0.75399,0.75517,0.0
2021-06-18,0.75512,0.75612,0.74789,0.74798,0.0
2021-06-21,0.7485,0.7546,0.74771,0.75436,0.0
2021-06-22,0.75435,0.75642,0.74942,0.75556,0.0
2021-06-23,0.75521,0.75991,0.75381,0.75766,0.0
2021-06-24,0.75767,0.75917,0.75657,0.75815,0.0
2021-06-25,0.75817,0.76168,0.75798,0.75933,0.0
2021-06-28,0.7581,0.76016,0.75548,0.75653,0.0
2021-06-29,0.75667,0.75706,0.75076,0.75106,0.0
2021-06-30,0.75106,0.75272,0.74922,0.74996,0.0
2021-07-01,0.74994,0.75079,0.74605,0.7471,0.0
2021-07-02,0.7471,0.75331,0.7445,0.75261,0.0
2021-07-05,0.7522,0.75374,0.7509,0.75287,0.0
2021-07-06,0.75294,0.7599,0.74808,0.74928,0.0
2021-07-07,0.74948,0.7534,0.74628,0.74822,0.0
2021-07-08,0.7482,0.74914,0.74165,0.74313,0.0
2021-07-09,0.7431,0.74941,0.74098,0.74902,0.0
2021-07-12,0.74825,0.74958,0.74485,0.74807,0.0
2021-07-13,0.74795,0.75028,0.74269,0.74455,0.0
2021-07-14,0.74478,0.7486,0.74314,0.74831,0.0
2021-07-15,0.74825,0.74873,0.74109,0.74216,0.0
2021-07-16,0.74273,0.74428,0.73922,0.73963,0.0
2021-07-19,0.74035,0.74145,0.73221,0.73454,0.0
2021-07-20,0.73413,0.73571,0.72997,0.73301,0.0
2021-07-21,0.73312,0.73627,0.72896,0.73584,0.0
2021-07-22,0.73596,0.73974,0.73424,0.73816,0.0
2021-07-23,0.73832,0.73915,0.73572,0.73631,0.0
2021-07-26,0.73668,0.73908,0.73308,0.73795,0.0
2021-07-27,0.73824,0.73888,0.73375,0.73585,0.0
2021-07-28,0.7363,0.73811,0.73172,0.73743,0.0
2021-07-29,0.7371,0.74135,0.73594,0.73937,0.0
2021-07-30,0.73915,0.74047,0.73312,0.73473,0.0
2021-08-02,0.73356,0.7382,0.73296,0.73626,0.0
2021-08-03,0.73659,0.74079,0.73578,0.73938,0.0
2021-08-04,0.7393,0.74268,0.73703,0.73815,0.0
2021-08-05,0.73792,0.74159,0.73761,0.74019,0.0
2021-08-06,0.7403,0.74066,0.73467,0.7354,0.0
2021-08-09,0.73558,0.73638,0.73283,0.73293,0.0
2021-08-10,0.73325,0.73559,0.73161,0.73476,0.0
2021-08-11,0.73482,0.73892,0.73234,0.73734,0.0
2021-08-12,0.73745,0.73769,0.7332,0.73368,0.0
2021-08-13,0.73348,0.73815,0.73334,0.73697,0.0
2021-08-16,0.7365,0.73731,0.73195,0.73354,0.0
2021-08-17,0.73365,0.7341,0.72428,0.72539,0.0
2021-08-18,0.7253,0.72696,0.72288,0.72364,0.0
2021-08-19,0.72321,0.72433,0.71427,0.71488,0.0
2021-08-20,0.71474,0.71564,0.71066,0.714,0.0
2021-08-23,0.71222,0.72177,0.71219,0.72121,0.0
2021-08-24,0.72094,0.72706,0.7201,0.72582,0.0
2021-08-25,0.72582,0.72803,0.72373,0.72757,0.0
2021-08-26,0.72748,0.72796,0.72344,0.72373,0.0
2021-08-27,0.7237,0.73167,0.72222,0.73104,0.0
2021-08-30,0.73065,0.73184,0.72847,0.72958,0.0
2021-08-31,0.72951,0.73415,0.72882,0.73145,0.0
2021-09-01,0.73159,0.73838,0.73081,0.73674,0.0
2021-09-02,0.73669,0.74096,0.73559,0.74027,0.0
2021-09-03,0.74039,0.74778,0.73955,0.745,0.0
2021-09-06,0.74572,0.74622,0.74265,0.7437,0.0
2021-09-07,0.74374,0.74677,0.73749,0.73882,0.0
2021-09-08,0.73867,0.74041,0.73453,0.7367,0.0
2021-09-09,0.73647,0.73944,0.73471,0.73694,0.0
2021-09-10,0.73681,0.74097,0.73487,0.73536,0.0
2021-09-13,0.73567,0.73757,0.73366,0.73714,0.0
2021-09-14,0.73691,0.73735,0.73136,0.7321,0.0
2021-09-15,0.73204,0.73385,0.73016,0.73336,0.0
2021-09-16,0.73336,0.73472,0.72742,0.72934,0.0
2021-09-17,0.72948,0.73217,0.72624,0.72645,0.0
2021-09-20,0.72635,0.72684,0.72204,0.72522,0.0
2021-09-21,0.72521,0.72831,0.7222,0.7234,0.0
2021-09-22,0.72302,0.72965,0.72241,0.72382,0.0
2021-09-23,0.72405,0.73156,0.7223,0.72966,0.0
2021-09-24,0.72945,0.73161,0.72361,0.72614,0.0
2021-09-27,0.72552,0.7294,0.72501,0.72865,0.0
2021-09-28,0.72862,0.7311,0.72257,0.72416,0.0
2021-09-29,0.72392,0.72643,0.71704,0.71753,0.0
2021-09-30,0.71775,0.72574,0.7174,0.7225,0.0
2021-10-01,0.72298,0.72762,0.71922,0.72622,0.0
2021-10-04,0.72595,0.7304,0.72513,0.72894,0.0
2021-10-05,0.72866,0.73011,0.72494,0.72905,0.0
2021-10-06,0.72893,0.72949,0.72261,0.72739,0.0
2021-10-07,0.72722,0.73243,0.72699,0.73118,0.0
2021-10-08,0.73122,0.73383,0.72883,0.73094,0.0
2021-10-11,0.73084,0.73727,0.72923,0.73472,0.0
2021-10-12,0.73466,0.73846,0.73325,0.7352,0.0
2021-10-13,0.73493,0.73819,0.73237,0.73795,0.0
2021-10-14,0.73778,0.74268,0.73722,0.7416,0.0
2021-10-15,0.74147,0.744,0.74036,0.74203,0.0
2021-10-18,0.74165,0.74374,0.73789,0.74121,0.0
2021-10-19,0.74117,0.74856,0.74078,0.74749,0.0
2021-10-20,0.74734,0.75228,0.74653,0.7516,0.0
2021-10-21,0.75148,0.75465,0.74586,0.74656,0.0
2021-10-22,0.74675,0.75123,0.74538,0.7468,0.0
2021-10-25,0.74675,0.75052,0.74641,0.74912,0.0
2021-10-26,0.74899,0.75255,0.74845,0.7502,0.0
2021-10-27,0.75021,0.75358,0.74876,0.75191,0.0
2021-10-28,0.75169,0.75557,0.74799,0.75448,0.0
2021-10-29,0.75427,0.75552,0.75005,0.75211,0.0
2021-11-01,0.75093,0.75361,0.74863,0.75213,0.0
2021-11-02,0.75202,0.75321,0.74205,0.74277,0.0
2021-11-03,0.7428,0.74585,0.74125,0.74494,0.0
2021-11-04,0.74473,0.74708,0.73832,0.73999,0.0
2021-11-05,0.74004,0.74121,0.73603,0.74026,0.0
2021-11-08,0.73948,0.74313,0.73843,0.74244,0.0
2021-11-09,0.74244,0.74315,0.73611,0.73793,0.0
2021-11-10,0.7381,0.73934,0.73241,0.73261,0.0
2021-11-11,0.73266,0.73412,0.72874,0.72902,0.0
2021-11-12,0.72895,0.73352,0.72767,0.73305,0.0
2021-11-15,0.73261,0.73707,0.73234,0.73472,0.0
2021-11-16,0.73467,0.73679,0.72924,0.73009,0.0
2021-11-17,0.72999,0.73051,0.72589,0.72657,0.0
2021-11-18,0.72667,0.72931,0.72499,0.72763,0.0
2021-11-19,0.72765,0.72913,0.72271,0.72348,0.0
2021-11-22,0.72375,0.72735,0.7221,0.72237,0.0
2021-11-23,0.72258,0.72364,0.72068,0.72267,0.0
2021-11-24,0.72278,0.72278,0.7184,0.71944,0.0
2021-11-25,0.71964,0.72095,0.71802,0.7189,0.0
2021-11-26,0.7192,0.71948,0.71127,0.71218,0.0
2021-11-29,0.71323,0.71597,0.71139,0.71433,0.0
2021-11-30,0.71417,0.71705,0.70633,0.71288,0.0
2021-12-01,0.7126,0.7173,0.70949,0.71059,0.0
2021-12-02,0.71079,0.71196,0.70847,0.70922,0.0
2021-12-03,0.70916,0.70986,0.69931,0.70004,0.0
2021-12-06,0.7002,0.70545,0.7,0.70508,0.0
2021-12-07,0.70521,0.71228,0.70397,0.71184,0.0
2021-12-08,0.71214,0.71836,0.71154,0.71709,0.0
2021-12-09,0.71728,0.71869,0.71358,0.71472,0.0
2021-12-10,0.71485,0.71825,0.71322,0.71722,0.0
2021-12-13,0.71623,0.71763,0.71107,0.71348,0.0
2021-12-14,0.71309,0.71356,0.70902,0.71064,0.0
2021-12-15,0.7103,0.71774,0.70925,0.71738,0.0
2021-12-16,0.71706,0.72237,0.71457,0.71843,0.0
2021-12-17,0.71826,0.71851,0.71229,0.71261,0.0
2021-12-20,0.71298,0.71334,0.70825,0.71097,0.0
2021-12-21,0.71121,0.71562,0.7099,0.71527,0.0
2021-12-22,0.71528,0.72203,0.71209,0.72144,0.0
2021-12-23,0.7214,0.72516,0.71963,0.72426,0.0
2021-12-24,0.72426,0.72454,0.7218,0.72206,0.0
2021-12-27,0.72276,0.7245,0.72058,0.72407,0.0
2021-12-28,0.724,0.72635,0.72192,0.72289,0.0
2021-12-29,0.72278,0.72724,0.72131,0.7249,0.0
2021-12-30,0.72522,0.72757,0.72438,0.72505,0.0
2021-12-31,0.72552,0.72775,0.72442,0.72679,0.0
2022-01-03,0.72635,0.72772,0.71842,0.71907,0.0
2022-01-04,0.71908,0.72487,0.71852,0.72399,0.0
2022-01-05,0.724,0.72723,0.72157,0.72221,0.0
2022-01-06,0.72205,0.72228,0.71459,0.7163,0.0
2022-01-07,0.71645,0.71877,0.713,0.71818,0.0
2022-01-10,0.71755,0.72025,0.71491,0.71747,0.0
2022-01-11,0.71747,0.72135,0.71551,0.72102,0.0
2022-01-12,0.72102,0.72926,0.72006,0.72844,0.0
2022-01-13,0.72843,0.73144,0.72735,0.72802,0.0
2022-01-14,0.72803,0.72937,0.71984,0.72173,0.0
2022-01-17,0.72159,0.72295,0.71957,0.72097,0.0
2022-01-18,0.72125,0.7228,0.71701,0.71858,0.0
2022-01-19,0.71844,0.7238,0.71773,0.72124,0.0
2022-01-20,0.72098,0.72765,0.72085,0.72259,0.0
2022-01-21,0.72254,0.72298,0.71717,0.71756,0.0
2022-01-24,0.71752,0.71877,0.70907,0.71455,0.0
2022-01-25,0.71408,0.71724,0.71217,0.71518,0.0
2022-01-26,0.71517,0.71811,0.7096,0.71157,0.0
2022-01-27,0.71159,0.71214,0.70239,0.70342,0.0
2022-01-28,0.70311,0.70459,0.69675,0.69962,0.0
2022-01-31,0.69936,0.70767,0.69873,0.70676,0.0
2022-02-01,0.70664,0.71306,0.70337,0.71293,0.0
2022-02-02,0.71293,0.71592,0.71183,0.71368,0.0
2022-02-03,0.71367,0.71684,0.71098,0.71397,0.0
2022-02-04,0.71398,0.71518,0.70519,0.70771,0.0
2022-02-07,0.70786,0.71303,0.70654,0.71229,0.0
2022-02-08,0.7123,0.7147,0.71068,0.71468,0.0
2022-02-09,0.71459,0.71947,0.71419,0.71816,0.0
2022-02-10,0.71803,0.72488,0.71477,0.71681,0.0
2022-02-11,0.71678,0.71851,0.71091,0.71365,0.0
2022-02-14,0.71341,0.71506,0.70864,0.71282,0.0
2022-02-15,0.7127,0.71565,0.71018,0.71529,0.0
2022-02-16,0.71496,0.72049,0.71438,0.71963,0.0
2022-02-17,0.71935,0.72174,0.71499,0.71879,0.0
2022-02-18,0.71864,0.72278,0.71649,0.7178,0.0
2022-02-21,0.71753,0.72226,0.71674,0.71898,0.0
2022-02-22,0.719,0.72333,0.71719,0.72179,0.0
2022-02-23,0.72206,0.7284,0.72185,0.72322,0.0
2022-02-24,0.72317,0.72327,0.70949,0.71624,0.0
2022-02-25,0.71649,0.72378,0.71423,0.72328,0.0
2022-02-28,0.7164,0.72658,0.7164,0.7265,0.0
2022-03-01,0.72633,0.72898,0.72388,0.72537,0.0
2022-03-02,0.72516,0.73066,0.72437,0.7297,0.0
2022-03-03,0.72972,0.73475,0.72762,0.73285,0.0
2022-03-04,0.73286,0.73805,0.73007,0.73745,0.0
2022-03-07,0.73759,0.74413,0.73117,0.73144,0.0
2022-03-08,0.73166,0.73482,0.72454,0.72721,0.0
2022-03-09,0.72682,0.73372,0.72643,0.73207,0.0
2022-03-10,0.73193,0.73675,0.72877,0.73595,0.0
2022-03-11,0.73595,0.73672,0.72824,0.72935,0.0
2022-03-14,0.72898,0.72989,0.71867,0.71874,0.0
2022-03-15,0.71903,0.72273,0.71655,0.71952,0.0
2022-03-16,0.71944,0.72971,0.71807,0.72922,0.0
2022-03-17,0.72897,0.73931,0.72824,0.73754,0.0
2022-03-18,0.73768,0.74179,0.73607,0.7415,0.0
2022-03-21,0.7411,0.74247,0.73739,0.74001,0.0
2022-03-22,0.73997,0.74715,0.73757,0.74694,0.0
2022-03-23,0.74703,0.75073,0.74503,0.74995,0.0
2022-03-24,0.75,0.75278,0.74665,0.75129,0.0
2022-03-25,0.75124,0.7537,0.74951,0.75155,0.0
2022-03-28,0.75055,0.754,0.74667,0.74915,0.0
2022-03-29,0.74922,0.75189,0.74565,0.7508,0.0
2022-03-30,0.75089,0.75367,0.75027,0.75106,0.0
2022-03-31,0.75112,0.75205,0.74706,0.74838,0.0
2022-04-01,0.74825,0.75247,0.74728,0.74996,0.0
2022-04-04,0.74938,0.75565,0.74831,0.75439,0.0
2022-04-05,0.75461,0.76612,0.75362,0.75778,0.0
2022-04-06,0.75767,0.75933,0.74862,0.751,0.0
2022-04-07,0.75102,0.75194,0.7467,0.7479,0.0
2022-04-08,0.748,0.74928,0.74266,0.746,0.0
2022-04-11,0.74542,0.74657,0.74143,0.74195,0.0
2022-04-12,0.7419,0.74936,0.73995,0.7454,0.0
2022-04-13,0.74536,0.7475,0.73919,0.7454,0.0
2022-04-14,0.7454,0.74686,0.73974,0.7418,0.0
2022-04-15,0.74173,0.74219,0.7391,0.73952,0.0
2022-04-18,0.73935,0.74036,0.73429,0.735,0.0
2022-04-19,0.73506,0.74,0.7345,0.7376,0.0
2022-04-20,0.7377,0.74576,0.737,0.7451,0.0
2022-04-21,0.7452,0.74582,0.73651,0.73708,0.0
2022-04-22,0.73702,0.73801,0.72348,0.7244,0.0
2022-04-25,0.72511,0.72568,0.71351,0.7181,0.0
2022-04-26,0.71811,0.72288,0.7119,0.7124,0.0
2022-04-27,0.7123,0.71907,0.71013,0.71274,0.0
2022-04-28,0.71275,0.71621,0.7055,0.70991,0.0
2022-04-29,0.70997,0.71799,0.7059,0.70616,0.0
2022-05-02,0.70725,0.70822,0.70303,0.70516,0.0
2022-05-03,0.70529,0.71479,0.7047,0.70953,0.0
2022-05-04,0.70946,0.72656,0.70888,0.72561,0.0
2022-05-05,0.72555,0.7266,0.70775,0.71134,0.0
2022-05-06,0.7114,0.71355,0.70589,0.7074,0.0
2022-05-09,0.70692,0.70715,0.69452,0.69479,0.0
2022-05-10,0.69491,0.69862,0.6911,0.69398,0.0
2022-05-11,0.69387,0.70535,0.69282,0.69449,0.0
2022-05-12,0.69399,0.69532,0.6829,0.6854,0.0
2022-05-13,0.68554,0.69413,0.6854,0.69383,0.0
2022-05-16,0.69246,0.69823,0.68725,0.69696,0.0
2022-05-17,0.697,0.70407,0.69665,0.70309,0.0
2022-05-18,0.70292,0.70466,0.69498,0.69515,0.0
2022-05-19,0.69524,0.70727,0.6952,0.70476,0.0
2022-05-20,0.70489,0.70734,0.70023,0.70414,0.0
2022-05-23,0.70545,0.7127,0.70437,0.71086,0.0
2022-05-24,0.71097,0.71131,0.70571,0.71077,0.0
2022-05-25,0.71081,0.71193,0.70356,0.7088,0.0
2022-05-26,0.70881,0.71098,0.70572,0.71,0.0
2022-05-27,0.70992,0.71667,0.70895,0.71612,0.0
2022-05-30,0.716,0.7201,0.7154,0.7199,0.0
2022-05-31,0.7197,0.72038,0.71497,0.71775,0.0
2022-06-01,0.7174,0.72303,0.71556,0.71751,0.0
2022-06-02,0.7175,0.72696,0.7141,0.72655,0.0
2022-06-03,0.72655,0.7283,0.72018,0.72084,0.0
2022-06-06,0.72144,0.72317,0.7187,0.7194,0.0
2022-06-07,0.71947,0.72459,0.71572,0.72313,0.0
2022-06-08,0.72344,0.72365,0.71758,0.71898,0.0
2022-06-09,0.72036,0.72036,0.70938,0.7097,0.0
2022-06-10,0.7098,0.7138,0.70376,0.7045,0.0
2022-06-13,0.7038,0.7051,0.69115,0.6926,0.0
2022-06-14,0.69228,0.69705,0.68508,0.6873,0.0
2022-06-15,0.6861,0.70241,0.6861,0.70034,0.0
2022-06-16,0.70027,0.70691,0.69437,0.70472,0.0
2022-06-17,0.70475,0.70542,0.68977,0.6935,0.0
2022-06-20,0.69208,0.6996,0.69171,0.69546,0.0
2022-06-21,0.69515,0.69939,0.69347,0.6973,0.0
2022-06-22,0.6973,0.6973,0.68815,0.69263,0.0
2022-06-23,0.69267,0.69281,0.68692,0.68936,0.0
2022-06-24,0.69,0.69575,0.68875,0.69435,0.0
2022-06-27,0.69505,0.69589,0.69076,0.6924,0.0
2022-06-28,0.69354,0.69645,0.6903,0.69055,0.0
2022-06-29,0.6905,0.69201,0.68618,0.68792,0.0
2022-06-30,0.68792,0.69193,0.68538,0.69047,0.0
2022-07-01,0.6903,0.6906,0.67639,0.68166,0.0
2022-07-04,0.68133,0.68888,0.67939,0.6865,0.0
2022-07-05,0.68649,0.68949,0.67619,0.6798,0.0
2022-07-06,0.67995,0.68261,0.6762,0.67812,0.0
2022-07-07,0.6779,0.68485,0.67646,0.68396,0.0
2022-07-08,0.68378,0.68744,0.67921,0.68585,0.0
2022-07-11,0.68441,0.68554,0.67147,0.67356,0.0
2022-07-12,0.67356,0.67789,0.67109,0.67575,0.0
2022-07-13,0.67586,0.68036,0.67257,0.67573,0.0
2022-07-14,0.67637,0.67882,0.66816,0.6748,0.0
2022-07-15,0.67501,0.68063,0.67193,0.6792,0.0
2022-07-18,0.67885,0.68544,0.67885,0.68133,0.0
2022-07-19,0.68135,0.69126,0.68027,0.68988,0.0
2022-07-20,0.68966,0.69301,0.68733,0.689,0.0
2022-07-21,0.6888,0.6937,0.68592,0.6935,0.0
2022-07-22,0.69302,0.69772,0.68934,0.69252,0.0
2022-07-25,0.6926,0.69651,0.68798,0.69567,0.0
2022-07-26,0.69508,0.69831,0.69221,0.6938,0.0
2022-07-27,0.69363,0.70125,0.69127,0.69947,0.0
2022-07-28,0.69943,0.70137,0.6955,0.69894,0.0
2022-07-29,0.69939,0.70317,0.69111,0.69918,0.0
2022-08-01,0.69811,0.70467,0.69685,0.70265,0.0
2022-08-02,0.70263,0.70323,0.69129,0.69186,0.0
2022-08-03,0.69196,0.6956,0.68864,0.69498,0.0
2022-08-04,0.69503,0.699,0.69352,0.697,0.0
2022-08-05,0.69677,0.69749,0.687,0.6912,0.0
2022-08-08,0.69088,0.70095,0.68981,0.69858,0.0
2022-08-09,0.69855,0.69943,0.69531,0.69628,0.0
2022-08-10,0.69647,0.7109,0.6947,0.70818,0.0
2022-08-11,0.70954,0.71368,0.70632,0.71063,0.0
2022-08-12,0.71072,0.71283,0.70849,0.71225,0.0
2022-08-15,0.71126,0.7125,0.70114,0.7023,0.0
2022-08-16,0.70229,0.70402,0.69912,0.70235,0.0
2022-08-17,0.70217,0.70301,0.6911,0.69366,0.0
2022-08-18,0.69361,0.697,0.6899,0.6916,0.0
2022-08-19,0.69147,0.69219,0.68592,0.6876,0.0
2022-08-22,0.68681,0.69288,0.68624,0.6877,0.0
2022-08-23,0.68764,0.69633,0.68562,0.6929,0.0
2022-08-24,0.6929,0.6934,0.68793,0.69095,0.0
2022-08-25,0.69097,0.69913,0.6902,0.6981,0.0
2022-08-26,0.69791,0.70091,0.68885,0.6893,0.0
2022-08-29,0.68859,0.6926,0.6841,0.69016,0.0
2022-08-30,0.69097,0.69561,0.68458,0.6854,0.0
2022-08-31,0.68538,0.69041,0.68355,0.68424,0.0
2022-09-01,0.68408,0.68475,0.67714,0.67895,0.0
2022-09-02,0.6788,0.68551,0.67796,0.68119,0.0
2022-09-05,0.67794,0.68039,0.67729,0.67979,0.0
2022-09-06,0.67984,0.68324,0.67281,0.67359,0.0
2022-09-07,0.67349,0.677,0.66992,0.67686,0.0
2022-09-08,0.67683,0.6774,0.67133,0.6751,0.0
2022-09-09,0.67505,0.68771,0.6742,0.68447,0.0
2022-09-12,0.68309,0.68996,0.68244,0.689,0.0
2022-09-13,0.68906,0.69161,0.67268,0.6732,0.0
2022-09-14,0.67287,0.67603,0.67052,0.67477,0.0
2022-09-15,0.6749,0.67702,0.66962,0.67,0.0
2022-09-16,0.6701,0.67243,0.66702,0.6722,0.0
2022-09-19,0.6718,0.67341,0.66722,0.67266,0.0
2022-09-20,0.67286,0.67474,0.66766,0.66895,0.0
2022-09-21,0.66889,0.67051,0.66216,0.66324,0.0
2022-09-22,0.66295,0.66708,0.65742,0.66437,0.0
2022-09-23,0.66427,0.66557,0.65116,0.65358,0.0
2022-09-26,0.65179,0.65377,0.64379,0.6454,0.0
2022-09-27,0.64496,0.65129,0.64142,0.64353,0.0
2022-09-28,0.64339,0.65309,0.63636,0.65245,0.0
2022-09-29,0.65219,0.6527,0.64356,0.6501,0.0
2022-09-30,0.65,0.65238,0.63916,0.6398,0.0
2022-10-03,0.64071,0.65221,0.64021,0.6515,0.0
2022-10-04,0.65144,0.65475,0.64516,0.6504,0.0
2022-10-05,0.65027,0.65261,0.64167,0.649,0.0
2022-10-06,0.64897,0.65409,0.63895,0.64086,0.0
2022-10-07,0.64064,0.64325,0.63545,0.63675,0.0
2022-10-10,0.63666,0.638,0.6277,0.6299,0.0
2022-10-11,0.6304,0.6346,0.62476,0.62721,0.0
2022-10-12,0.62686,0.62989,0.62361,0.6277,0.0
2022-10-13,0.62772,0.63164,0.61703,0.6297,0.0
2022-10-14,0.6299,0.63471,0.61942,0.62014,0.0
2022-10-17,0.62144,0.63122,0.62036,0.6293,0.0
2022-10-18,0.62911,0.63398,0.6266,0.63086,0.0
2022-10-19,0.63088,0.63254,0.62514,0.6269,0.0
2022-10-20,0.627,0.63561,0.62286,0.6281,0.0
2022-10-21,0.62823,0.63928,0.62107,0.63739,0.0
2022-10-24,0.63951,0.64117,0.62726,0.63129,0.0
2022-10-25,0.63114,0.64123,0.63015,0.6394,0.0
2022-10-26,0.63863,0.65113,0.63724,0.64982,0.0
2022-10-27,0.64978,0.65222,0.6426,0.6453,0.0
2022-10-28,0.64549,0.64798,0.63891,0.64126,0.0
2022-10-31,0.64028,0.64281,0.63683,0.63979,0.0
2022-11-01,0.64014,0.64639,0.63772,0.63928,0.0
2022-11-02,0.63952,0.64923,0.6347,0.63502,0.0
2022-11-03,0.63499,0.63721,0.62724,0.62897,0.0
2022-11-04,0.62881,0.64831,0.6285,0.64684,0.0
2022-11-07,0.64177,0.64906,0.64068,0.64808,0.0
2022-11-08,0.64796,0.65514,0.64444,0.65066,0.0
2022-11-09,0.65048,0.65221,0.64146,0.64313,0.0
2022-11-10,0.64306,0.66318,0.63864,0.66189,0.0
2022-11-11,0.66183,0.67169,0.65784,0.67068,0.0
2022-11-14,0.67018,0.67238,0.66638,0.67005,0.0
2022-11-15,0.67014,0.67976,0.66857,0.6757,0.0
2022-11-16,0.67522,0.67929,0.672,0.6743,0.0
2022-11-17,0.67399,0.6751,0.66345,0.6692,0.0
2022-11-18,0.66915,0.67305,0.66615,0.66782,0.0
2022-11-21,0.66645,0.66832,0.65851,0.6606,0.0
2022-11-22,0.66043,0.66517,0.65984,0.6648,0.0
2022-11-23,0.6648,0.67387,0.66343,0.67329,0.0
2022-11-24,0.67323,0.67781,0.67267,0.6764,0.0
2022-11-25,0.67658,0.67809,0.67209,0.67552,0.0
2022-11-28,0.67193,0.67299,0.66422,0.66527,0.0
2022-11-29,0.66504,0.67489,0.66406,0.66892,0.0
2022-11-30,0.66884,0.68009,0.66704,0.6788,0.0
2022-12-01,0.67865,0.68433,0.67812,0.68116,0.0
2022-12-02,0.68105,0.68363,0.6743,0.6795,0.0
2022-12-05,0.6779,0.68508,0.66873,0.6699,0.0
2022-12-06,0.66978,0.67444,0.6681,0.66884,0.0
2022-12-07,0.66882,0.67422,0.66689,0.67252,0.0
2022-12-08,0.67239,0.67807,0.66987,0.677,0.0
2022-12-09,0.67671,0.68136,0.67466,0.6796,0.0
2022-12-12,0.67951,0.67991,0.67289,0.67472,0.0
2022-12-13,0.67412,0.68933,0.67402,0.6856,0.0
2022-12-14,0.68549,0.68816,0.68104,0.6865,0.0
2022-12-15,0.68642,0.68697,0.66768,0.67,0.0
2022-12-16,0.6704,0.6736,0.66756,0.6687,0.0
2022-12-19,0.67063,0.67323,0.66828,0.67001,0.0
2022-12-20,0.67003,0.67436,0.66294,0.66807,0.0
2022-12-21,0.66736,0.67282,0.66568,0.67074,0.0
2022-12-22,0.67075,0.67673,0.66503,0.66715,0.0
2022-12-23,0.667,0.6725,0.66609,0.67143,0.0
2022-12-26,0.67125,0.6736,0.66876,0.6729,0.0
2022-12-27,0.67274,0.6776,0.6722,0.67344,0.0
2022-12-28,0.67343,0.68012,0.67193,0.67396,0.0
2022-12-29,0.67399,0.67876,0.67106,0.6776,0.0
2022-12-30,0.67782,0.6821,0.6754,0.6818,0.0
2023-01-02,0.6811,0.68247,0.6793,0.6802,0.0
2023-01-03,0.68025,0.68346,0.66881,0.6727,0.0
2023-01-04,0.67317,0.68864,0.67172,0.68381,0.0
2023-01-05,0.68381,0.6853,0.67352,0.67521,0.0
2023-01-06,0.67509,0.68869,0.67224,0.68758,0.0
2023-01-09,0.68799,0.69498,0.68754,0.69128,0.0
2023-01-10,0.69101,0.6928,0.686,0.6893,0.0
2023-01-11,0.68933,0.69256,0.68733,0.69062,0.0
2023-01-12,0.68943,0.69847,0.68839,0.69674,0.0
2023-01-13,0.69741,0.69942,0.69155,0.69767,0.0
2023-01-16,0.69723,0.70192,0.69408,0.69552,0.0
2023-01-17,0.69548,0.69975,0.69299,0.69862,0.0
2023-01-18,0.69883,0.70636,0.69358,0.69407,0.0
2023-01-19,0.69452,0.6948,0.6872,0.691,0.0
2023-01-20,0.6909,0.6974,0.69064,0.6968,0.0
2023-01-23,0.69644,0.70401,0.6962,0.70286,0.0
2023-01-24,0.7029,0.70578,0.69938,0.7045,0.0
2023-01-25,0.7048,0.71226,0.7032,0.71042,0.0
2023-01-26,0.7105,0.71425,0.70794,0.71149,0.0
2023-01-27,0.71083,0.71296,0.70828,0.71094,0.0
2023-01-30,0.71012,0.71202,0.70512,0.70599,0.0
2023-01-31,0.70575,0.7068,0.69838,0.70536,0.0
2023-02-01,0.7056,0.71448,0.70365,0.71361,0.0
2023-02-02,0.71366,0.71578,0.70688,0.7077,0.0
2023-02-03,0.70762,0.70825,0.6919,0.69217,0.0
2023-02-06,0.6895,0.69486,0.6856,0.68835,0.0
2023-02-07,0.68832,0.69881,0.6882,0.6959,0.0
2023-02-08,0.6958,0.6996,0.6919,0.69241,0.0
2023-02-09,0.6922,0.70113,0.6919,0.6936,0.0
2023-02-10,0.69359,0.69602,0.69092,0.69193,0.0
2023-02-13,0.69166,0.69736,0.68905,0.69656,0.0
2023-02-14,0.69663,0.70288,0.69216,0.6986,0.0
2023-02-15,0.69876,0.699,0.68651,0.69038,0.0
2023-02-16,0.6904,0.6936,0.68405,0.68792,0.0
2023-02-17,0.68778,0.68844,0.68118,0.68786,0.0
2023-02-20,0.6868,0.6921,0.68627,0.69104,0.0
2023-02-21,0.68958,0.68995,0.68477,0.68551,0.0
2023-02-22,0.68552,0.6865,0.67949,0.68054,0.0
2023-02-23,0.68028,0.68418,0.67816,0.68068,0.0
2023-02-24,0.68085,0.6824,0.67186,0.6725,0.0
2023-02-27,0.67342,0.67448,0.66982,0.67386,0.0
2023-02-28,0.67345,0.67576,0.6704,0.67288,0.0
2023-03-01,0.67292,0.67838,0.66951,0.6759,0.0
2023-03-02,0.6761,0.6766,0.67066,0.673,0.0
2023-03-03,0.67298,0.6775,0.6724,0.67694,0.0
2023-03-06,0.67464,0.67696,0.67164,0.67308,0.0
2023-03-07,0.67286,0.67481,0.65806,0.6583,0.0
2023-03-08,0.6583,0.66288,0.65681,0.65893,0.0
2023-03-09,0.6591,0.66362,0.65762,0.65902,0.0
2023-03-10,0.65906,0.66402,0.65645,0.65821,0.0
2023-03-13,0.66148,0.67168,0.66006,0.66668,0.0
2023-03-14,0.66614,0.66962,0.6632,0.66827,0.0
2023-03-15,0.66813,0.67116,0.659,0.66193,0.0
2023-03-16,0.66132,0.6668,0.6611,0.66566,0.0
2023-03-17,0.66539,0.67246,0.66483,0.66996,0.0
2023-03-20,0.67118,0.673,0.66661,0.67182,0.0
2023-03-21,0.67189,0.67266,0.66498,0.66703,0.0
2023-03-22,0.66682,0.67589,0.66614,0.66828,0.0
2023-03-23,0.66814,0.67554,0.667,0.6686,0.0
2023-03-24,0.66836,0.66944,0.66252,0.66445,0.0
2023-03-27,0.66535,0.6666,0.6634,0.66507,0.0
2023-03-28,0.66511,0.67102,0.66454,0.67084,0.0
2023-03-29,0.67096,0.67131,0.66616,0.66841,0.0
2023-03-30,0.66794,0.67183,0.66616,0.67118,0.0
2023-03-31,0.67079,0.6738,0.667,0.66853,0.0
2023-04-03,0.6691,0.679,0.66511,0.67859,0.0
2023-04-04,0.67852,0.67934,0.67212,0.67512,0.0
2023-04-05,0.6753,0.67737,0.6677,0.67212,0.0
2023-04-06,0.67202,0.67254,0.66534,0.66722,0.0
2023-04-07,0.66719,0.66914,0.66413,0.6667,0.0
2023-04-10,0.666,0.66804,0.66196,0.66419,0.0
2023-04-11,0.66411,0.668,0.6633,0.66535,0.0
2023-04-12,0.66532,0.67231,0.6648,0.66931,0.0
2023-04-13,0.6689,0.67968,0.66854,0.67834,0.0
2023-04-14,0.67783,0.68053,0.66952,0.67088,0.0
2023-04-17,0.67035,0.67191,0.66811,0.67015,0.0
2023-04-18,0.66932,0.67474,0.669,0.67282,0.0
2023-04-19,0.67201,0.67414,0.66904,0.67142,0.0
2023-04-20,0.67225,0.6772,0.66971,0.67423,0.0
2023-04-21,0.6742,0.67469,0.66779,0.66928,0.0
2023-04-24,0.66994,0.66994,0.66658,0.66964,0.0
2023-04-25,0.66952,0.6706,0.66146,0.66261,0.0
2023-04-26,0.6627,0.66392,0.65915,0.6603,0.0
2023-04-27,0.66036,0.66354,0.65955,0.66308,0.0
2023-04-28,0.66294,0.66423,0.65737,0.66159,0.0
2023-05-01,0.6614,0.66682,0.66078,0.66302,0.0
2023-05-02,0.66304,0.6717,0.66208,0.6663,0.0
2023-05-03,0.66621,0.67034,0.66494,0.6673,0.0
2023-05-04,0.66691,0.67064,0.664,0.66934,0.0
2023-05-05,0.6693,0.6757,0.6691,0.67524,0.0
2023-05-08,0.6747,0.6804,0.67402,0.6781,0.0
2023-05-09,0.67867,0.6789,0.67466,0.67626,0.0
2023-05-10,0.67609,0.68182,0.67443,0.67793,0.0
2023-05-11,0.6774,0.6796,0.66891,0.67022,0.0
2023-05-12,0.67021,0.67062,0.66364,0.66419,0.0
2023-05-15,0.66428,0.67089,0.66418,0.67,0.0
2023-05-16,0.6702,0.67096,0.66514,0.66554,0.0
2023-05-17,0.66549,0.66732,0.66291,0.66594,0.0
2023-05-18,0.6661,0.66676,0.6605,0.66215,0.0
2023-05-19,0.66171,0.66752,0.6616,0.66499,0.0
2023-05-22,0.66447,0.66678,0.66274,0.6652,0.0
2023-05-23,0.665,0.6662,0.6607,0.66096,0.0
2023-05-24,0.66094,0.6617,0.65299,0.65438,0.0
2023-05-25,0.65406,0.65484,0.64987,0.65052,0.0
2023-05-26,0.65084,0.65442,0.64908,0.6518,0.0
2023-05-29,0.6526,0.65542,0.65192,0.65396,0.0
2023-05-30,0.65378,0.65592,0.65031,0.65174,0.0
2023-05-31,0.6516,0.65285,0.6458,0.6504,0.0
2023-06-01,0.65018,0.6582,0.64847,0.65732,0.0
2023-06-02,0.65621,0.66385,0.6562,0.6606,0.0
2023-06-05,0.6612,0.66376,0.65794,0.66172,0.0
2023-06-06,0.66178,0.66854,0.66099,0.66719,0.0
2023-06-07,0.66704,0.67174,0.66418,0.66528,0.0
2023-06-08,0.66518,0.6718,0.66518,0.67155,0.0
2023-06-09,0.67094,0.67508,0.66928,0.67438,0.0
2023-06-12,0.6739,0.67734,0.67317,0.67509,0.0
2023-06-13,0.67528,0.6807,0.67385,0.67666,0.0
2023-06-14,0.67664,0.68355,0.67557,0.67954,0.0
2023-06-15,0.67994,0.68928,0.67668,0.68829,0.0
2023-06-16,0.68836,0.68996,0.68554,0.68764,0.0
2023-06-19,0.68764,0.68868,0.68339,0.68503,0.0
2023-06-20,0.6856,0.68562,0.67532,0.67879,0.0
2023-06-21,0.67824,0.68046,0.67412,0.67965,0.0
2023-06-22,0.67879,0.68061,0.6745,0.67564,0.0
2023-06-23,0.67557,0.6768,0.66629,0.66766,0.0
2023-06-26,0.66815,0.6694,0.66678,0.6675,0.0
2023-06-27,0.66682,0.67206,0.66682,0.66866,0.0
2023-06-28,0.66846,0.66896,0.65972,0.66004,0.0
2023-06-29,0.66003,0.66404,0.65955,0.66168,0.0
2023-06-30,0.6616,0.66716,0.66034,0.666,0.0
2023-07-03,0.66634,0.66918,0.6637,0.66728,0.0
2023-07-04,0.66696,0.67053,0.66416,0.66923,0.0
2023-07-05,0.66877,0.66984,0.6652,0.66545,0.0
2023-07-06,0.66554,0.6688,0.65991,0.66259,0.0
2023-07-07,0.66198,0.67007,0.6618,0.66928,0.0
2023-07-10,0.6688,0.6696,0.66237,0.66754,0.0
2023-07-11,0.6674,0.6695,0.6651,0.66856,0.0
2023-07-12,0.6682,0.67961,0.66808,0.6788,0.0
2023-07-13,0.67861,0.68948,0.6784,0.68888,0.0
2023-07-14,0.6889,0.6895,0.68308,0.6838,0.0
2023-07-17,0.68464,0.68466,0.67877,0.68158,0.0
2023-07-18,0.68148,0.68372,0.67892,0.68118,0.0
2023-07-19,0.68149,0.68201,0.67502,0.6771,0.0
2023-07-20,0.6774,0.68468,0.6764,0.67791,0.0
2023-07-21,0.67797,0.67878,0.67226,0.67312,0.0
2023-07-24,0.67332,0.67562,0.67151,0.67402,0.0
2023-07-25,0.67394,0.67945,0.67254,0.67914,0.0
2023-07-26,0.67921,0.67937,0.6731,0.67586,0.0
2023-07-27,0.67598,0.68212,0.66983,0.67082,0.0
2023-07-28,0.67051,0.6714,0.66228,0.66472,0.0
2023-07-31,0.66562,0.67394,0.6647,0.67172,0.0
2023-08-01,0.67174,0.67248,0.66022,0.6614,0.0
2023-08-02,0.6614,0.66298,0.6527,0.65383,0.0
2023-08-03,0.6538,0.65687,0.65142,0.65507,0.0
2023-08-04,0.65516,0.66095,0.65412,0.65682,0.0
2023-08-07,0.65731,0.65929,0.65554,0.65744,0.0
2023-08-08,0.65681,0.6577,0.64967,0.65447,0.0
2023-08-09,0.6544,0.65712,0.65201,0.65279,0.0
2023-08-10,0.65316,0.66162,0.65144,0.65152,0.0
2023-08-11,0.6519,0.65337,0.64862,0.64954,0.0
2023-08-14,0.64983,0.65031,0.64541,0.64878,0.0
2023-08-15,0.6486,0.65219,0.64516,0.64552,0.0
2023-08-16,0.646,0.64804,0.64158,0.64242,0.0
2023-08-17,0.64329,0.64505,0.63647,0.64036,0.0
2023-08-18,0.64033,0.6429,0.63792,0.64053,0.0
2023-08-21,0.64088,0.64215,0.63874,0.6415,0.0
2023-08-22,0.64141,0.64579,0.64035,0.64228,0.0
2023-08-23,0.6424,0.6483,0.6411,0.64811,0.0
2023-08-24,0.6482,0.64882,0.6412,0.64175,0.0
2023-08-25,0.6419,0.64415,0.63808,0.6403,0.0
2023-08-28,0.64083,0.644,0.64019,0.64294,0.0
2023-08-29,0.64286,0.64869,0.64014,0.64801,0.0
2023-08-30,0.64834,0.65222,0.64497,0.64751,0.0
2023-08-31,0.6476,0.65079,0.64613,0.6485,0.0
2023-09-01,0.64806,0.65217,0.64385,0.64523,0.0
2023-09-04,0.64453,0.64805,0.64445,0.64615,0.0
2023-09-05,0.64539,0.6466,0.63577,0.63782,0.0
2023-09-06,0.63785,0.64048,0.63576,0.6382,0.0
2023-09-07,0.63728,0.63951,0.63624,0.63755,0.0
2023-09-08,0.63755,0.64148,0.63673,0.63767,0.0
2023-09-11,0.63863,0.64495,0.63784,0.64308,0.0
2023-09-12,0.6436,0.6446,0.64085,0.64265,0.0
2023-09-13,0.6426,0.64341,0.63804,0.64211,0.0
2023-09-14,0.642,0.64595,0.64167,0.64406,0.0
2023-09-15,0.6439,0.64735,0.64249,0.64308,0.0
2023-09-18,0.6444,0.64525,0.64172,0.64371,0.0
2023-09-19,0.64382,0.6474,0.64279,0.64534,0.0
2023-09-20,0.64553,0.65113,0.644,0.6448,0.0
2023-09-21,0.6454,0.64561,0.63855,0.64156,0.0
2023-09-22,0.64187,0.64653,0.64039,0.6441,0.0
2023-09-25,0.6444,0.64478,0.64043,0.64236,0.0
2023-09-26,0.64234,0.64306,0.63876,0.63969,0.0
2023-09-27,0.64054,0.64091,0.63315,0.63527,0.0
2023-09-28,0.63615,0.64324,0.63449,0.64278,0.0
2023-09-29,0.6427,0.6501,0.64161,0.64363,0.0
2023-10-02,0.64249,0.64452,0.6362,0.63635,0.0
2023-10-03,0.63634,0.63705,0.62857,0.63017,0.0
2023-10-04,0.6303,0.63426,0.62866,0.63248,0.0
2023-10-05,0.63252,0.63777,0.63212,0.63707,0.0
2023-10-06,0.63697,0.64004,0.63127,0.63855,0.0
2023-10-09,0.63585,0.64149,0.6343,0.64113,0.0
2023-10-10,0.64113,0.6433,0.63905,0.64319,0.0
2023-10-11,0.64317,0.64454,0.63882,0.64139,0.0
2023-10-12,0.64152,0.64309,0.63074,0.63142,0.0
2023-10-13,0.63138,0.63344,0.62864,0.62965,0.0
2023-10-16,0.63037,0.63452,0.63008,0.63425,0.0
2023-10-17,0.63422,0.63798,0.63326,0.63657,0.0
2023-10-18,0.63642,0.63934,0.63281,0.63363,0.0
2023-10-19,0.63351,0.63567,0.6296,0.63285,0.0
2023-10-20,0.63323,0.6333,0.62974,0.63143,0.0
2023-10-23,0.63181,0.63488,0.6289,0.63349,0.0
2023-10-24,0.63424,0.63791,0.6333,0.63556,0.0
2023-10-25,0.6355,0.63997,0.63054,0.63085,0.0
2023-10-26,0.63079,0.63308,0.62704,0.63217,0.0
2023-10-27,0.63239,0.63681,0.6319,0.63346,0.0
2023-10-30,0.63393,0.63839,0.63326,0.63746,0.0
2023-10-31,0.63758,0.63775,0.63147,0.6337,0.0
2023-11-01,0.63323,0.63996,0.63182,0.63935,0.0
2023-11-02,0.63919,0.6456,0.63906,0.64337,0.0
2023-11-03,0.6435,0.65184,0.642,0.65134,0.0
2023-11-06,0.65066,0.65228,0.6485,0.64889,0.0
2023-11-07,0.64975,0.65031,0.6404,0.64365,0.0
2023-11-08,0.64321,0.64494,0.63975,0.64026,0.0
2023-11-09,0.64038,0.64285,0.63636,0.6367,0.0
2023-11-10,0.63666,0.63718,0.63388,0.63606,0.0
2023-11-13,0.63523,0.63915,0.63517,0.63766,0.0
2023-11-14,0.63774,0.6513,0.63605,0.65077,0.0
2023-11-15,0.65054,0.65422,0.64834,0.65095,0.0
2023-11-16,0.65064,0.6521,0.64608,0.64715,0.0
2023-11-17,0.64678,0.65161,0.64527,0.65147,0.0
2023-11-20,0.65123,0.6565,0.65011,0.65569,0.0
2023-11-21,0.6555,0.65895,0.65446,0.65559,0.0
2023-11-22,0.65582,0.65698,0.65215,0.65432,0.0
2023-11-23,0.65427,0.65747,0.65399,0.65583,0.0
2023-11-24,0.6557,0.6592,0.655,0.65851,0.0
2023-11-27,0.65791,0.6614,0.6567,0.66066,0.0
2023-11-28,0.6607,0.66655,0.65967,0.66493,0.0
2023-11-29,0.66494,0.66764,0.66059,0.66176,0.0
2023-11-30,0.66174,0.6651,0.65712,0.66051,0.0
2023-12-01,0.66073,0.6676,0.65996,0.66753,0.0
2023-12-04,0.66664,0.66907,0.66049,0.66198,0.0
2023-12-05,0.66195,0.66221,0.65442,0.65523,0.0
2023-12-06,0.65516,0.6598,0.6547,0.65488,0.0
2023-12-07,0.65491,0.662,0.65257,0.66019,0.0
2023-12-08,0.66004,0.66197,0.65583,0.65782,0.0
2023-12-11,0.65695,0.65833,0.65501,0.65676,0.0
2023-12-12,0.65658,0.66121,0.65398,0.65599,0.0
2023-12-13,0.656,0.66732,0.65417,0.66608,0.0
2023-12-14,0.6662,0.67286,0.66549,0.66983,0.0
2023-12-15,0.6699,0.67285,0.66634,0.67009,0.0
2023-12-18,0.66998,0.67352,0.66905,0.67069,0.0
2023-12-19,0.67087,0.67745,0.67007,0.67627,0.0
2023-12-20,0.67636,0.67791,0.67244,0.67304,0.0
2023-12-21,0.67365,0.68037,0.67252,0.68026,0.0
2023-12-22,0.68022,0.68249,0.67733,0.68001,0.0
2023-12-25,0.68001,0.68653,0.6772,0.6806,0.0
2023-12-26,0.68101,0.6828,0.6792,0.6824,0.0
2023-12-27,0.68244,0.68518,0.6818,0.68468,0.0
2023-12-28,0.68445,0.68711,0.68243,0.6829,0.0
2023-12-29,0.68309,0.68464,0.678,0.68112,0.0
2024-01-02,0.6815,0.684,0.6756,0.67607,0.0
2024-01-03,0.67616,0.6771,0.67023,0.67313,0.0
2024-01-04,0.67284,0.67598,0.66967,0.67069,0.0
2024-01-05,0.67105,0.67482,0.66406,0.6716,0.0
2024-01-08,0.67174,0.67347,0.66776,0.67197,0.0
2024-01-09,0.67155,0.67346,0.66773,0.66869,0.0
2024-01-10,0.66836,0.67129,0.668,0.67002,0.0
2024-01-11,0.66974,0.67258,0.66473,0.66882,0.0
2024-01-12,0.66852,0.67287,0.66781,0.66856,0.0
2024-01-15,0.66855,0.67045,0.66503,0.66598,0.0
2024-01-16,0.66606,0.6665,0.65762,0.65838,0.0
2024-01-17,0.65846,0.65947,0.65252,0.65517,0.0
2024-01-18,0.6554,0.6576,0.6526,0.65732,0.0
2024-01-19,0.65725,0.66016,0.65655,0.6597,0.0
2024-01-22,0.65938,0.66139,0.65665,0.65703,0.0
2024-01-23,0.65705,0.66124,0.65517,0.65794,0.0
2024-01-24,0.65798,0.6621,0.6565,0.6577,0.0
2024-01-25,0.65741,0.66098,0.65663,0.65849,0.0
2024-01-26,0.65827,0.66096,0.65738,0.65746,0.0
2024-01-29,0.6574,0.66159,0.657,0.66105,0.0
2024-01-30,0.6611,0.66244,0.65752,0.66026,0.0
2024-01-31,0.66025,0.66226,0.65515,0.65672,0.0
2024-02-01,0.65658,0.6579,0.65083,0.65718,0.0
2024-02-02,0.65713,0.66103,0.65024,0.65115,0.0
2024-02-05,0.65123,0.65205,0.64688,0.64829,0.0
2024-02-06,0.64826,0.6525,0.6478,0.65232,0.0
2024-02-07,0.65237,0.65403,0.65158,0.65205,0.0
2024-02-08,0.65211,0.6532,0.64809,0.6492,0.0
2024-02-09,0.64918,0.65342,0.64874,0.65263,0.0
2024-02-12,0.6516,0.65432,0.65125,0.65306,0.0
2024-02-13,0.6531,0.65379,0.64427,0.64537,0.0
2024-02-14,0.64514,0.64956,0.64465,0.64916,0.0
2024-02-15,0.64912,0.65295,0.64777,0.65253,0.0
2024-02-16,0.65242,0.65447,0.64965,0.65312,0.0
2024-02-19,0.6529,0.6552,0.65265,0.65405,0.0
2024-02-20,0.65415,0.65791,0.65215,0.65489,0.0
2024-02-21,0.65482,0.65732,0.65334,0.65521,0.0
2024-02-22,0.65507,0.6595,0.65404,0.65569,0.0
2024-02-23,0.65552,0.65805,0.655,0.6564,0.0
2024-02-26,0.65671,0.65671,0.6531,0.65401,0.0
2024-02-27,0.65421,0.65579,0.6525,0.65441,0.0
2024-02-28,0.65435,0.65496,0.64888,0.64957,0.0
2024-02-29,0.6496,0.65311,0.64871,0.64974,0.0
2024-03-01,0.6497,0.65341,0.64896,0.6526,0.0
2024-03-04,0.65263,0.6536,0.6507,0.65092,0.0
2024-03-05,0.65118,0.6521,0.64776,0.65042,0.0
2024-03-06,0.65022,0.65815,0.64927,0.6565,0.0
2024-03-07,0.65647,0.66246,0.65615,0.66202,0.0
2024-03-08,0.66174,0.66676,0.66133,0.66243,0.0
2024-03-11,0.66235,0.66282,0.65968,0.66135,0.0
2024-03-12,0.6614,0.66387,0.65845,0.6606,0.0
2024-03-13,0.66046,0.66352,0.66004,0.66217,0.0
2024-03-14,0.66215,0.66319,0.65695,0.65812,0.0
2024-03-15,0.6578,0.65849,0.65522,0.65601,0.0
2024-03-18,0.65608,0.6574,0.65509,0.65597,0.0
2024-03-19,0.65599,0.65643,0.6504,0.65321,0.0
2024-03-20,0.65302,0.65872,0.65118,0.65865,0.0
2024-03-21,0.65865,0.66347,0.65612,0.65701,0.0
2024-03-22,0.657,0.6578,0.65104,0.65143,0.0
2024-03-25,0.65154,0.65469,0.65103,0.65404,0.0
2024-03-26,0.6539,0.65592,0.653,0.65335,0.0
2024-03-27,0.65337,0.65389,0.65115,0.65348,0.0
2024-03-28,0.65343,0.6541,0.64854,0.65161,0.0
2024-03-29,0.65159,0.65334,0.65049,0.65144,0.0
2024-04-01,0.65194,0.6539,0.64808,0.64902,0.0
2024-04-02,0.64888,0.6524,0.6482,0.65179,0.0
2024-04-03,0.65176,0.65698,0.65034,0.65658,0.0
2024-04-04,0.65646,0.66191,0.65594,0.65877,0.0
2024-04-05,0.65886,0.66041,0.65494,0.65792,0.0
2024-04-08,0.65736,0.66101,0.65595,0.66047,0.0
2024-04-09,0.66033,0.66445,0.6598,0.66283,0.0
2024-04-10,0.66289,0.66314,0.64988,0.65127,0.0
2024-04-11,0.65098,0.6553,0.65021,0.65375,0.0
2024-04-12,0.65382,0.65465,0.64561,0.64623,0.0
2024-04-15,0.64668,0.64932,0.64378,0.64424,0.0
2024-04-16,0.64401,0.64481,0.63894,0.64015,0.0
2024-04-17,0.6402,0.64461,0.6399,0.64351,0.0
2024-04-18,0.64347,0.64566,0.64166,0.64208,0.0
2024-04-19,0.64212,0.64329,0.63623,0.64177,0.0
2024-04-22,0.6414,0.64551,0.64132,0.64491,0.0
2024-04-23,0.64482,0.64902,0.64411,0.64872,0.0
2024-04-24,0.64863,0.65297,0.64784,0.64979,0.0
2024-04-25,0.64975,0.65394,0.64855,0.65186,0.0
2024-04-26,0.65181,0.65545,0.65159,0.65337,0.0
2024-04-29,0.65268,0.65867,0.6525,0.65659,0.0
2024-04-30,0.65612,0.6569,0.64712,0.64721,0.0
2024-05-01,0.64718,0.65402,0.64654,0.65234,0.0
2024-05-02,0.65238,0.65733,0.6515,0.65655,0.0
2024-05-03,0.6565,0.66471,0.65601,0.661,0.0
2024-05-06,0.66204,0.66385,0.66053,0.66259,0.0
2024-05-07,0.66212,0.66443,0.65867,0.65982,0.0
2024-05-08,0.65988,0.66032,0.65582,0.65794,0.0
2024-05-09,0.65775,0.6622,0.65655,0.66201,0.0
2024-05-10,0.66181,0.6625,0.65963,0.66034,0.0
2024-05-13,0.66026,0.66287,0.65858,0.66081,0.0
2024-05-14,0.66078,0.6628,0.65799,0.66269,0.0
2024-05-15,0.6623,0.6696,0.66212,0.66935,0.0
2024-05-16,0.6692,0.67142,0.66542,0.66787,0.0
2024-05-17,0.6678,0.67011,0.66489,0.6694,0.0
2024-05-20,0.66945,0.67094,0.66619,0.66673,0.0
2024-05-21,0.66698,0.66791,0.66466,0.66658,0.0
2024-05-22,0.66654,0.66854,0.6608,0.66189,0.0
2024-05-23,0.6619,0.66531,0.65979,0.66071,0.0
2024-05-24,0.66045,0.6637,0.65922,0.66286,0.0
2024-05-27,0.66263,0.66601,0.66224,0.66539,0.0
2024-05-28,0.66525,0.66798,0.66426,0.66494,0.0
2024-05-29,0.66574,0.66686,0.66092,0.66099,0.0
2024-05-30,0.66119,0.66478,0.65909,0.66321,0.0
2024-05-31,0.6632,0.66727,0.66267,0.66532,0.0
2024-06-03,0.66448,0.66954,0.66326,0.66889,0.0
2024-06-04,0.66835,0.66987,0.66312,0.66504,0.0
2024-06-05,0.66451,0.66646,0.66261,0.66475,0.0
2024-06-06,0.66489,0.66836,0.66336,0.66663,0.0
2024-06-07,0.6667,0.66812,0.6579,0.65798,0.0
2024-06-10,0.65831,0.66112,0.65762,0.66108,0.0
2024-06-11,0.66113,0.6614,0.65886,0.66059,0.0
2024-06-12,0.66087,0.67045,0.65974,0.66634,0.0
2024-06-13,0.66616,0.66754,0.66261,0.66366,0.0
2024-06-14,0.66358,0.66446,0.65916,0.66153,0.0
2024-06-17,0.66078,0.66189,0.65852,0.66128,0.0
2024-06-18,0.66086,0.6658,0.66007,0.66566,0.0
2024-06-19,0.6656,0.66775,0.66494,0.66722,0.0
2024-06-20,0.66738,0.66794,0.66477,0.66561,0.0
2024-06-21,0.66537,0.66697,0.66317,0.66408,0.0
2024-06-24,0.66407,0.66678,0.66262,0.66566,0.0
2024-06-25,0.66559,0.66728,0.66351,0.66474,0.0
2024-06-26,0.66433,0.66888,0.66361,0.66483,0.0
2024-06-27,0.66452,0.66727,0.664,0.66477,0.0
2024-06-28,0.66481,0.66847,0.66199,0.66696,0.0
2024-07-01,0.66817,0.66891,0.6644,0.66594,0.0
2024-07-02,0.666,0.6671,0.66341,0.66666,0.0
2024-07-03,0.66671,0.67339,0.6664,0.67056,0.0
2024-07-04,0.67047,0.67318,0.67022,0.6726,0.0
2024-07-05,0.6728,0.6754,0.67187,0.67494,0.0
2024-07-08,0.67372,0.67611,0.67319,0.67375,0.0
2024-07-09,0.67371,0.67478,0.6724,0.67407,0.0
2024-07-10,0.67406,0.67521,0.67322,0.67471,0.0
2024-07-11,0.67477,0.67987,0.67432,0.67597,0.0
2024-07-12,0.67599,0.67938,0.67541,0.6784,0.0
2024-07-15,0.67736,0.67888,0.67525,0.67596,0.0
2024-07-16,0.67594,0.6765,0.67148,0.67336,0.0
2024-07-17,0.67338,0.67548,0.67209,0.67288,0.0
2024-07-18,0.67305,0.67436,0.66978,0.67062,0.0
2024-07-19,0.6705,0.6715,0.66804,0.66845,0.0
2024-07-22,0.66921,0.67023,0.66314,0.66422,0.0
2024-07-23,0.6641,0.6646,0.66115,0.66155,0.0
2024-07-24,0.66167,0.662,0.65778,0.65808,0.0
2024-07-25,0.65798,0.65831,0.65142,0.6538,0.0
2024-07-26,0.65374,0.65686,0.65285,0.65472,0.0
2024-07-29,0.65503,0.65684,0.65242,0.65491,0.0
2024-07-30,0.65446,0.65623,0.65292,0.65371,0.0
2024-07-31,0.65398,0.65558,0.64796,0.65419,0.0
2024-08-01,0.65411,0.656,0.6489,0.65018,0.0
2024-08-02,0.65009,0.65474,0.64868,0.65113,0.0
2024-08-05,0.65128,0.65214,0.63488,0.64963,0.0
2024-08-06,0.65024,0.65418,0.64726,0.6518,0.0
2024-08-07,0.6519,0.65746,0.65097,0.65192,0.0
2024-08-08,0.6519,0.65938,0.65074,0.65929,0.0
2024-08-09,0.65914,0.66053,0.65667,0.65724,0.0
2024-08-12,0.65681,0.66053,0.65649,0.65857,0.0
2024-08-13,0.65863,0.6638,0.6579,0.66335,0.0
2024-08-14,0.66286,0.66429,0.65957,0.65965,0.0
2024-08-15,0.65965,0.66346,0.65708,0.66105,0.0
2024-08-16,0.66176,0.66713,0.66076,0.66697,0.0
2024-08-19,0.66649,0.6734,0.66496,0.6733,0.0
2024-08-20,0.67215,0.6751,0.6713,0.67471,0.0
2024-08-21,0.67464,0.6761,0.67311,0.67436,0.0
2024-08-22,0.67445,0.6754,0.66972,0.67053,0.0
2024-08-23,0.6703,0.6799,0.66995,0.67959,0.0
2024-08-26,0.6788,0.67973,0.67667,0.67715,0.0
2024-08-27,0.67717,0.67957,0.67617,0.67925,0.0
2024-08-28,0.67921,0.68131,0.67645,0.67847,0.0
2024-08-29,0.67843,0.68239,0.67785,0.67981,0.0
2024-08-30,0.67978,0.68164,0.67516,0.67645,0.0
2024-09-02,0.67663,0.6798,0.67571,0.67908,0.0
2024-09-03,0.67918,0.6796,0.6708,0.67113,0.0
2024-09-04,0.67118,0.67494,0.66857,0.67256,0.0
2024-09-05,0.6724,0.6742,0.67136,0.67407,0.0
2024-09-06,0.6734,0.67672,0.66599,0.66702,0.0
2024-09-09,0.66665,0.66889,0.66479,0.66608,0.0
2024-09-10,0.6661,0.6677,0.66412,0.66528,0.0
2024-09-11,0.6654,0.6676,0.66221,0.6674,0.0
2024-09-12,0.66739,0.6726,0.66567,0.67233,0.0
2024-09-13,0.67203,0.67326,0.66924,0.67049,0.0
2024-09-16,0.66965,0.6754,0.66965,0.67512,0.0
2024-09-17,0.67523,0.67688,0.6741,0.67562,0.0
2024-09-18,0.6757,0.68204,0.67425,0.67639,0.0
2024-09-19,0.67641,0.68391,0.67388,0.68147,0.0
2024-09-20,0.68152,0.6829,0.6783,0.68069,0.0
2024-09-23,0.68018,0.68537,0.67976,0.68375,0.0
2024-09-24,0.68385,0.68932,0.68144,0.68918,0.0
2024-09-25,0.68921,0.69082,0.68182,0.68234,0.0
2024-09-26,0.6823,0.6905,0.68192,0.68952,0.0
2024-09-27,0.6897,0.69373,0.68682,0.69021,0.0
2024-09-30,0.69045,0.69426,0.68981,0.69142,0.0
2024-10-01,0.69124,0.69346,0.68566,0.6883,0.0
2024-10-02,0.68835,0.69158,0.68756,0.68851,0.0
2024-10-03,0.68851,0.68894,0.68301,0.68406,0.0
2024-10-04,0.68402,0.68523,0.67856,0.67939,0.0
2024-10-07,0.679,0.68104,0.67433,0.67568,0.0
2024-10-08,0.67574,0.67695,0.67168,0.67476,0.0
2024-10-09,0.67372,0.67619,0.6708,0.67179,0.0
2024-10-10,0.67268,0.67425,0.67017,0.67402,0.0
2024-10-11,0.67362,0.676,0.67249,0.67507,0.0
2024-10-14,0.67386,0.6746,0.67022,0.67257,0.0
2024-10-15,0.67257,0.67327,0.6697,0.67038,0.0
2024-10-16,0.67031,0.67111,0.66584,0.66662,0.0
2024-10-17,0.66663,0.67105,0.66593,0.66964,0.0
2024-10-18,0.66931,0.67195,0.6691,0.67061,0.0
2024-10-21,0.67055,0.67236,0.6653,0.66589,0.0
2024-10-22,0.66555,0.66952,0.6651,0.66825,0.0
2024-10-23,0.66818,0.66916,0.66141,0.66338,0.0
2024-10-24,0.66336,0.66614,0.66211,0.66402,0.0
2024-10-25,0.66397,0.66468,0.66012,0.6604,0.0
2024-10-28,0.6611,0.66174,0.65796,0.65828,0.0
2024-10-29,0.65831,0.6595,0.65452,0.65607,0.0
2024-10-30,0.65604,0.65963,0.65371,0.65724,0.0
2024-10-31,0.65723,0.65844,0.65397,0.65812,0.0
2024-11-01,0.6582,0.65915,0.65539,0.65593,0.0
2024-11-04,0.66121,0.662,0.65798,0.65855,0.0
2024-11-05,0.65846,0.66416,0.6579,0.66383,0.0
2024-11-06,0.66371,0.6645,0.65125,0.65717,0.0
2024-11-07,0.65745,0.66878,0.65636,0.66803,0.0
2024-11-08,0.6679,0.6682,0.65584,0.65833,0.0
2024-11-11,0.65881,0.65984,0.65629,0.65745,0.0
2024-11-12,0.65735,0.65817,0.65141,0.65337,0.0
2024-11-13,0.65344,0.6546,0.64803,0.64859,0.0
2024-11-14,0.64846,0.64979,0.64405,0.64548,0.0
2024-11-15,0.64516,0.64816,0.64429,0.64625,0.0
2024-11-18,0.64638,0.65112,0.64482,0.65078,0.0
2024-11-19,0.6507,0.6535,0.64824,0.6532,0.0
2024-11-20,0.65321,0.65446,0.64845,0.65058,0.0
2024-11-21,0.65034,0.65325,0.64973,0.65114,0.0
2024-11-22,0.65115,0.65259,0.64713,0.65027,0.0
2024-11-25,0.65396,0.65498,0.64875,0.65042,0.0
2024-11-26,0.65013,0.65076,0.64339,0.64747,0.0
2024-11-27,0.64716,0.65008,0.64602,0.64969,0.0
2024-11-28,0.64967,0.65094,0.64774,0.6499,0.0
2024-11-29,0.65024,0.6528,0.64798,0.65108,0.0
2024-12-02,0.65121,0.65162,0.64431,0.64763,0.0
2024-12-03,0.6477,0.65047,0.64554,0.64861,0.0
2024-12-04,0.64844,0.64884,0.63993,0.64297,0.0
2024-12-05,0.64334,0.6455,0.64215,0.64532,0.0
2024-12-06,0.64519,0.6458,0.63727,0.63895,0.0
2024-12-09,0.63918,0.64714,0.638,0.64402,0.0
2024-12-10,0.64355,0.64441,0.63654,0.63774,0.0
2024-12-11,0.63764,0.63892,0.63368,0.63694,0.0
2024-12-12,0.63697,0.64294,0.63611,0.63683,0.0
2024-12-13,0.63716,0.63855,0.63519,0.63605,0.0
2024-12-16,0.63528,0.6383,0.63455,0.63708,0.0
2024-12-17,0.63712,0.6378,0.63318,0.63364,0.0
2024-12-18,0.63357,0.63416,0.62142,0.62175,0.0
2024-12-19,0.62175,0.62653,0.61992,0.62381,0.0
2024-12-20,0.62391,0.62744,0.62151,0.62513,0.0
2024-12-23,0.62573,0.6265,0.62189,0.62489,0.0
2024-12-24,0.62494,0.62539,0.62246,0.6239,0.0
2024-12-25,0.6237,0.63335,0.6205,0.6241,0.0
2024-12-26,0.624,0.6255,0.62159,0.62213,0.0
2024-12-27,0.62249,0.62381,0.62006,0.62162,0.0
2024-12-30,0.62166,0.62469,0.62018,0.62216,0.0
2024-12-31,0.62215,0.62464,0.61792,0.6242,0.0
2025-01-01,0.62412,0.6247,0.619,0.6191,0.0
2025-01-02,0.6188,0.62228,0.6182,0.62035,0.0
2025-01-03,0.6204,0.62253,0.61888,0.62167,0.0
2025-01-06,0.6215,0.63022,0.6207,0.62454,0.0
2025-01-07,0.62475,0.62883,0.62281,0.62312,0.0
2025-01-08,0.62295,0.62422,0.61876,0.6216,0.0
2025-01-09,0.62153,0.6219,0.61723,0.61958,0.0
2025-01-10,0.62003,0.6206,0.61392,0.61452,0.0
2025-01-13,0.61486,0.6178,0.61313,0.61774,0.0
2025-01-14,0.61775,0.62075,0.6166,0.61945,0.0
2025-01-15,0.6192,0.62468,0.61814,0.62269,0.0
2025-01-16,0.62275,0.62465,0.61923,0.62129,0.0
2025-01-17,0.62119,0.62276,0.61645,0.61934,0.0
2025-01-20,0.61998,0.62866,0.61898,0.62744,0.0
2025-01-21,0.62754,0.6289,0.62082,0.62731,0.0
2025-01-22,0.62748,0.62957,0.62531,0.62739,0.0
2025-01-23,0.62781,0.62997,0.62551,0.62843,0.0
2025-01-24,0.62853,0.63307,0.62785,0.63129,0.0
2025-01-27,0.63033,0.6308,0.62748,0.62925,0.0
2025-01-28,0.62885,0.62949,0.62369,0.62526,0.0
2025-01-29,0.62536,0.6259,0.62102,0.62319,0.0
2025-01-30,0.6229,0.6244,0.61991,0.621,0.0
2025-01-31,0.6208,0.62629,0.6203,0.62115,0.0
2025-02-03,0.61556,0.62373,0.60876,0.62259,0.0
2025-02-04,0.62268,0.62622,0.61708,0.62557,0.0
2025-02-05,0.625,0.62969,0.62403,0.62849,0.0
2025-02-06,0.6284,0.62882,0.62553,0.62835,0.0
2025-02-07,0.62842,0.62981,0.62532,0.62728,0.0
2025-02-10,0.62383,0.62875,0.62344,0.62779,0.0
2025-02-11,0.62768,0.6302,0.62604,0.62952,0.0
2025-02-12,0.6296,0.63095,0.62351,0.62795,0.0
2025-02-13,0.6286,0.63229,0.62549,0.63182,0.0
2025-02-14,0.63175,0.63677,0.63105,0.63518,0.0
2025-02-17,0.63478,0.63739,0.63467,0.63569,0.0
2025-02-18,0.6357,0.63681,0.63348,0.63519,0.0
2025-02-19,0.63529,0.63701,0.63367,0.63449,0.0
2025-02-20,0.63436,0.6405,0.6328,0.64014,0.0
2025-02-21,0.63963,0.64087,0.6352,0.63573,0.0
2025-02-24,0.63669,0.63922,0.63442,0.63489,0.0
2025-02-25,0.63505,0.63566,0.63223,0.6344,0.0
2025-02-26,0.6344,0.63538,0.62958,0.63049,0.0
2025-02-27,0.6304,0.6316,0.6232,0.62359,0.0
2025-02-28,0.6236,0.62385,0.61926,0.62084,0.0
2025-03-03,0.6209,0.62547,0.62039,0.62245,0.0
2025-03-04,0.6226,0.62719,0.61872,0.62716,0.0
2025-03-05,0.6272,0.63427,0.62341,0.63349,0.0
2025-03-06,0.63356,0.6364,0.63225,0.63331,0.0
2025-03-07,0.6329,0.63379,0.62821,0.63054,0.0
2025-03-10,0.63126,0.63312,0.62646,0.62793,0.0
2025-03-11,0.62781,0.63118,0.6259,0.62983,0.0
2025-03-12,0.62985,0.63231,0.62763,0.63206,0.0
2025-03-13,0.63201,0.63337,0.62693,0.62829,0.0
2025-03-14,0.62849,0.63314,0.62781,0.63262,0.0
2025-03-17,0.63232,0.6391,0.63145,0.63848,0.0
2025-03-18,0.63845,0.63909,0.63442,0.63613,0.0
2025-03-19,0.63617,0.63667,0.63214,0.6357,0.0
2025-03-20,0.63576,0.6364,0.62713,0.63032,0.0
2025-03-21,0.63025,0.63063,0.6258,0.62733,0.0
2025-03-24,0.62694,0.63053,0.62677,0.62862,0.0
2025-03-25,0.62863,0.63255,0.62762,0.63037,0.0
2025-03-26,0.63034,0.63306,0.62783,0.62978,0.0
2025-03-27,0.62988,0.63183,0.62791,0.63051,0.0
2025-03-28,0.63051,0.63122,0.62808,0.62872,0.0
2025-03-31,0.62885,0.63006,0.62189,0.6247,0.0
2025-04-01,0.6248,0.62832,0.6232,0.62782,0.0
2025-04-02,0.62741,0.63409,0.62575,0.62986,0.0
2025-04-03,0.6299,0.63893,0.62263,0.63285,0.0
2025-04-04,0.63266,0.6332,0.59868,0.60399,0.0
2025-04-07,0.59985,0.61279,0.5933,0.59857,0.0
2025-04-08,0.5987,0.60857,0.59468,0.59566,0.0
2025-04-09,0.5963,0.6176,0.59143,0.61539,0.0
2025-04-10,0.61525,0.62496,0.61161,0.62243,0.0
2025-04-11,0.62235,0.63002,0.61812,0.6293,0.0
2025-04-14,0.63065,0.6343,0.62752,0.63273,0.0
2025-04-15,0.63272,0.63833,0.6316,0.63449,0.0
2025-04-16,0.63446,0.63918,0.63226,0.63711,0.0
2025-04-17,0.6372,0.63941,0.63335,0.6391,0.0
2025-04-18,0.63859,0.63942,0.63676,0.63756,0.0
2025-04-21,0.63715,0.64377,0.63697,0.64167,0.0
2025-04-22,0.6409,0.64392,0.63613,0.63656,0.0
2025-04-23,0.6365,0.64352,0.63494,0.63596,0.0
2025-04-24,0.6359,0.64132,0.63439,0.64094,0.0
2025-04-25,0.6406,0.64211,0.63748,0.63971,0.0
2025-04-28,0.63908,0.64351,0.63679,0.64325,0.0
2025-04-29,0.6425,0.64497,0.63763,0.63837,0.0
2025-04-30,0.63833,0.64179,0.6356,0.64017,0.0
2025-05-01,0.63976,0.64273,0.63658,0.63837,0.0
2025-05-02,0.6383,0.64699,0.637,0.64405,0.0
2025-05-05,0.64555,0.64938,0.64344,0.64684,0.0
2025-05-06,0.64688,0.6502,0.6438,0.64945,0.0
2025-05-07,0.64943,0.65147,0.64214,0.64251,0.0
2025-05-08,0.64237,0.64646,0.63951,0.63996,0.0
2025-05-09,0.6399,0.64325,0.6371,0.6411,0.0
2025-05-12,0.6432,0.6461,0.63567,0.63721,0.0
2025-05-13,0.63694,0.64789,0.63614,0.64709,0.0
2025-05-14,0.6471,0.65012,0.64225,0.6428,0.0
2025-05-15,0.64305,0.64576,0.63905,0.64063,0.0
2025-05-16,0.64068,0.64362,0.63879,0.64029,0.0
2025-05-19,0.6409,0.64651,0.63982,0.64574,0.0
2025-05-20,0.64577,0.646,0.63918,0.64251,0.0
2025-05-21,0.64189,0.64694,0.64107,0.64371,0.0
2025-05-22,0.64364,0.64586,0.64073,0.64102,0.0
2025-05-23,0.641,0.64994,0.64085,0.64963,0.0
2025-05-26,0.64895,0.65373,0.6482,0.64878,0.0
2025-05-27,0.6495,0.65017,0.64347,0.6442,0.0
2025-05-28,0.64428,0.64536,0.641,0.6427,0.0
2025-05-29,0.64308,0.64602,0.64074,0.64418,0.0
2025-05-30,0.6442,0.64534,0.64076,0.64323,0.0
2025-06-02,0.64366,0.65006,0.64334,0.6497,0.0
2025-06-03,0.6495,0.65,0.6447,0.64624,0.0
2025-06-04,0.6458,0.65048,0.64507,0.64923,0.0
2025-06-05,0.6492,0.65382,0.6486,0.65051,0.0
2025-06-06,0.6511,0.65171,0.64797,0.64934,0.0
2025-06-09,0.6499,0.6534,0.64942,0.65167,0.0
2025-06-10,0.65181,0.65333,0.64899,0.65222,0.0
2025-06-11,0.65247,0.65459,0.64961,0.65011,0.0
2025-06-12,0.6507,0.65338,0.64774,0.65325,0.0
2025-06-13,0.65334,0.65341,0.64562,0.64881,0.0
2025-06-16,0.64835,0.65521,0.64666,0.65236,0.0
2025-06-17,0.65242,0.65439,0.64661,0.64765,0.0
2025-06-18,0.64761,0.65376,0.6468,0.65091,0.0
2025-06-19,0.65128,0.65144,0.6446,0.64808,0.0
2025-06-20,0.64812,0.6496,0.64481,0.64496,0.0
2025-06-23,0.64265,0.64633,0.63727,0.64593,0.0
2025-06-24,0.64619,0.65194,0.645,0.64891,0.0
2025-06-25,0.64929,0.65152,0.64845,0.65136,0.0
2025-06-26,0.65145,0.6564,0.65025,0.65463,0.0
2025-06-27,0.65464,0.65611,0.65084,0.65322,0.0
2025-06-30,0.65356,0.6584,0.65231,0.65819,0.0
2025-07-01,0.65816,0.65903,0.65539,0.65826,0.0
2025-07-02,0.6579,0.659,0.65436,0.65837,0.0
2025-07-03,0.65818,0.6589,0.65371,0.65713,0.0
2025-07-04,0.65745,0.6579,0.6544,0.65542,0.0
2025-07-07,0.65606,0.65642,0.64856,0.64902,0.0
2025-07-08,0.6495,0.65577,0.64891,0.65297,0.0
2025-07-09,0.6524,0.65482,0.65098,0.65347,0.0
2025-07-10,0.6535,0.6592,0.65288,0.65889,0.0
2025-07-11,0.65834,0.65952,0.65567,0.65769,0.0
2025-07-14,0.65638,0.65878,0.65427,0.65456,0.0
2025-07-15,0.6551,0.65756,0.65079,0.6514,0.0
2025-07-16,0.65124,0.65543,0.64953,0.65286,0.0
2025-07-17,0.6534,0.65343,0.64548,0.64879,0.0
2025-07-18,0.6482,0.65406,0.64796,0.65066,0.0
2025-07-21,0.65165,0.65374,0.64983,0.65245,0.0
2025-07-22,0.65272,0.6558,0.65041,0.65559,0.0
2025-07-23,0.6546,0.66033,0.65446,0.66027,0.0
2025-07-24,0.66006,0.66252,0.65862,0.65905,0.0
2025-07-25,0.65906,0.66007,0.65511,0.6566,0.0
2025-07-28,0.65753,0.65856,0.65131,0.6521,0.0
2025-07-29,0.65218,0.653,0.64961,0.65098,0.0
2025-07-30,0.65102,0.65289,0.64262,0.64335,0.0
2025-07-31,0.64333,0.64764,0.64242,0.64247,0.0
2025-08-01,0.6433,0.64933,0.64192,0.64699,0.0
2025-08-04,0.64696,0.64897,0.64593,0.64672,0.0
2025-08-05,0.6463,0.64801,0.64496,0.64724,0.0
2025-08-06,0.6466,0.65089,0.64621,0.65032,0.0
2025-08-07,0.65033,0.65413,0.64896,0.65229,0.0
2025-08-08,0.6523,0.6535,0.65074,0.65234,0.0
2025-08-11,0.6523,0.6529,0.65013,0.65132,0.0
2025-08-12,0.65111,0.65406,0.64819,0.65289,0.0
2025-08-13,0.65279,0.65628,0.65165,0.65456,0.0
2025-08-14,0.65432,0.65688,0.64827,0.64956,0.0
2025-08-15,0.64901,0.65227,0.6486,0.65079,0.0
2025-08-18,0.6511,0.65243,0.64817,0.64917,0.0
2025-08-19,0.64919,0.65007,0.64498,0.64541,0.0
2025-08-20,0.6461,0.64694,0.64238,0.64336,0.0
2025-08-21,0.6434,0.64369,0.64145,0.6421,0.0
2025-08-22,0.6422,0.65012,0.64151,0.64914,0.0
2025-08-25,0.6493,0.65052,0.64718,0.64837,0.0
2025-08-26,0.6481,0.65008,0.64702,0.64941,0.0
2025-08-27,0.6494,0.6513,0.64626,0.65056,0.0
2025-08-28,0.65043,0.65377,0.6502,0.65322,0.0
2025-08-29,0.65321,0.65487,0.6523,0.65403,0.0
2025-09-01,0.65468,0.656,0.65351,0.6554,0.0
2025-09-02,0.65523,0.65586,0.64839,0.652,0.0
2025-09-03,0.65125,0.65544,0.65023,0.65434,0.0
2025-09-04,0.65434,0.65499,0.65015,0.6517,0.0
2025-09-05,0.65178,0.65888,0.6507,0.6556,0.0
2025-09-08,0.65535,0.65987,0.65461,0.6592,0.0
2025-09-09,0.6593,0.66198,0.65801,0.6585,0.0
2025-09-10,0.65905,0.66357,0.65802,0.66132,0.0
2025-09-11,0.6614,0.66652,0.659,0.6661,0.0
2025-09-12,0.666,0.66689,0.66307,0.66493,0.0
2025-09-15,0.6646,0.6675,0.66387,0.667,0.0
2025-09-16,0.66701,0.66882,0.66598,0.66856,0.0
2025-09-17,0.6686,0.67069,0.66414,0.6652,0.0
2025-09-18,0.6653,0.66599,0.66071,0.6612,0.0
2025-09-19,0.66135,0.66196,0.65859,0.65942,0.0
2025-09-22,0.65983,0.66198,0.6575,0.66004,0.0
2025-09-23,0.65982,0.66155,0.65814,0.65989,0.0
2025-09-24,0.65947,0.6628,0.65749,0.65826,0.0
2025-09-25,0.6583,0.66038,0.6526,0.65393,0.0
2025-09-26,0.6535,0.6552,0.65207,0.65472,0.0
2025-09-29,0.655,0.65812,0.65468,0.6576,0.0
2025-09-30,0.65771,0.66286,0.65714,0.66132,0.0
2025-10-01,0.66132,0.66289,0.65895,0.6612,0.0
2025-10-02,0.6615,0.66246,0.65771,0.65961,0.0
2025-10-03,0.6595,0.66142,0.6589,0.66018,0.0
2025-10-06,0.65848,0.66208,0.65845,0.6618,0.0
2025-10-07,0.6614,0.66244,0.65788,0.6581,0.0
2025-10-08,0.6581,0.65891,0.65567,0.6587,0.0
2025-10-09,0.65817,0.66122,0.65401,0.65552,0.0
2025-10-10,0.6555,0.65729,0.64728,0.64774,0.0
2025-10-13,0.65155,0.65329,0.64914,0.65144,0.0
2025-10-14,0.6514,0.65216,0.64404,0.64857,0.0
2025-10-15,0.6486,0.65233,0.64817,0.65124,0.0
2025-10-16,0.65055,0.65158,0.64712,0.64848,0.0
2025-10-17,0.64853,0.65024,0.64436,0.64943,0.0
2025-10-20,0.6494,0.65214,0.64847,0.65131,0.0
2025-10-21,0.6513,0.65251,0.64728,0.64879,0.0
2025-10-22,0.6487,0.65121,0.64784,0.649,0.0
2025-10-23,0.6489,0.6518,0.6479,0.65128,0.0
2025-10-24,0.65099,0.6529,0.64929,0.65116,0.0
2025-10-27,0.65445,0.65596,0.65285,0.6555,0.0
2025-10-28,0.6556,0.65908,0.65445,0.65851,0.0
2025-10-29,0.65852,0.66176,0.65571,0.65739,0.0
2025-10-30,0.65741,0.65976,0.65328,0.6555,0.0
2025-10-31,0.65554,0.65602,0.65332,0.65449,0.0
2025-11-03,0.6545,0.65625,0.65178,0.65378,0.0
2025-11-04,0.65355,0.65408,0.64811,0.6491,0.0
2025-11-05,0.64896,0.65129,0.64588,0.65064,0.0
2025-11-06,0.6506,0.65185,0.64634,0.64797,0.0
2025-11-07,0.64779,0.65,0.64676,0.64952,0.0
2025-11-10,0.64976,0.6541,0.649,0.65361,0.0
2025-11-11,0.65363,0.6538,0.6515,0.65272,0.0
2025-11-12,0.65208,0.65504,0.65159,0.654,0.0
2025-11-13,0.65402,0.65803,0.65238,0.653,0.0
2025-11-14,0.65282,0.65514,0.65037,0.65369,0.0
2025-11-17,0.65345,0.65376,0.64821,0.6494,0.0
2025-11-18,0.6493,0.65185,0.6465,0.6509,0.0
2025-11-19,0.6507,0.6513,0.64512,0.64791,0.0
2025-11-20,0.6478,0.65026,0.64363,0.6442,0.0
2025-11-21,0.644,0.64608,0.64214,0.6456,0.0
2025-11-24,0.64625,0.64686,0.64423,0.64631,0.0
2025-11-25,0.64639,0.64758,0.64362,0.64696,0.0
2025-11-26,0.6471,0.65213,0.64649,0.65178,0.0
2025-11-27,0.65173,0.65399,0.65159,0.6534,0.0
2025-11-28,0.65331,0.65591,0.65207,0.65542,0.0
2025-12-01,0.654,0.65665,0.6537,0.65439,0.0
2025-12-02,0.65447,0.6571,0.65366,0.6565,0.0
2025-12-03,0.65617,0.66031,0.65525,0.66015,0.0
2025-12-04,0.6601,0.66241,0.65966,0.6611,0.0
2025-12-05,0.6609,0.6649,0.66054,0.66412,0.0
2025-12-08,0.6637,0.66491,0.66145,0.66245,0.0
2025-12-09,0.6624,0.66543,0.66089,0.66422,0.0
2025-12-10,0.6641,0.66859,0.6629,0.66756,0.0
2025-12-11,0.6676,0.6679,0.66268,0.66651,0.0
2025-12-12,0.6665,0.66772,0.66327,0.6654,0.0
2025-12-15,0.66416,0.66566,0.66321,0.66406,0.0
2025-12-16,0.66423,0.66612,0.66182,0.6632,0.0
2025-12-17,0.66328,0.66363,0.65993,0.6606,0.0
2025-12-18,0.66036,0.66309,0.65927,0.66129,0.0
2025-12-19,0.66126,0.6625,0.66002,0.66112,0.0
2025-12-22,0.66144,0.66605,0.66058,0.6658,0.0
2025-12-23,0.66571,0.6703,0.66537,0.6702,0.0
2025-12-24,0.6701,0.67176,0.66976,0.67054,0.0
2025-12-25,0.6704,0.6712,0.6697,0.6706,0.0
2025-12-26,0.6704,0.67251,0.6697,0.67149,0.0
2025-12-29,0.6703,0.6728,0.6683,0.6696,0.0
2025-12-30,0.6693,0.6718,0.66881,0.66951,0.0
2025-12-31,0.6697,0.67016,0.66598,0.66728,0.0
2026-01-01,0.66725,0.6678,0.667,0.667,0.0
2026-01-02,0.667,0.67073,0.6667,0.6695,0.0
2026-01-05,0.66815,0.67191,0.66632,0.67148,0.0
2026-01-06,0.6714,0.67419,0.67032,0.6738,0.0
2026-01-07,0.67371,0.67666,0.67172,0.6722,0.0
2026-01-08,0.672,0.6726,0.66817,0.6699,0.0
2026-01-09,0.67,0.67042,0.66636,0.66874,0.0
2026-01-12,0.66815,0.67224,0.66785,0.6711,0.0
2026-01-13,0.67112,0.67273,0.6673,0.668,0.0
2026-01-14,0.6682,0.67024,0.66732,0.6683,0.0
2026-01-15,0.66826,0.67099,0.66674,0.6699,0.0
2026-01-16,0.66996,0.67094,0.66711,0.66817,0.0
2026-01-19,0.66748,0.6718,0.66684,0.6714,0.0
2026-01-20,0.67143,0.67473,0.67069,0.67361,0.0
2026-01-21,0.6737,0.67779,0.67276,0.6762,0.0
2026-01-22,0.676,0.68451,0.67539,0.68414,0.0
2026-01-23,0.6842,0.68993,0.68344,0.6895,0.0
2026-01-26,0.69245,0.69409,0.6906,0.6918,0.0
2026-01-27,0.69124,0.70161,0.69015,0.7011,0.0
2026-01-28,0.7009,0.70434,0.69771,0.7042,0.0
2026-01-29,0.7041,0.70943,0.69692,0.705,0.0
2026-01-30,0.7049,0.70555,0.69401,0.69633,0.0
2026-02-02,0.69495,0.69707,0.69086,0.69472,0.0
2026-02-03,0.69476,0.70504,0.69445,0.70225,0.0
2026-02-04,0.70223,0.70431,0.69716,0.6998,0.0
2026-02-05,0.69944,0.70075,0.6925,0.6926,0.0
2026-02-06,0.6924,0.70249,0.6897,0.70145,0.0
2026-02-09,0.7009,0.70988,0.7009,0.7094,0.0
2026-02-10,0.70919,0.70964,0.70645,0.7076,0.0
2026-02-11,0.7077,0.71433,0.70617,0.71261,0.0
2026-02-12,0.71271,0.71473,0.70759,0.7091,0.0
2026-02-13,0.70905,0.70975,0.70436,0.7074,0.0
2026-02-16,0.706,0.70967,0.70586,0.7072,0.0
2026-02-17,0.70705,0.70901,0.70281,0.7087,0.0
2026-02-18,0.70861,0.70883,0.7035,0.7042,0.0
2026-02-19,0.7043,0.70803,0.70242,0.7059,0.0
2026-02-20,0.70534,0.70947,0.70155,0.70839,0.0
2026-02-23,0.70785,0.7112,0.70486,0.7056,0.0
2026-02-24,0.70516,0.70737,0.70268,0.70579,0.0
2026-02-25,0.7058,0.71261,0.70561,0.7124,0.0
2026-02-26,0.7122,0.71365,0.70671,0.7106,0.0
2026-02-27,0.71058,0.71323,0.70867,0.71165,0.0
2026-03-02,0.7036,0.71168,0.70359,0.7095,0.0
2026-03-03,0.7092,0.7123,0.6944,0.7035,0.0
2026-03-04,0.70356,0.7085,0.69846,0.70759,0.0
2026-03-05,0.7076,0.7091,0.6974,0.70074,0.0
2026-03-06,0.7008,0.7048,0.69769,0.7024,0.0
2026-03-09,0.6984,0.708,0.6956,0.70759,0.0
2026-03-10,0.70693,0.7172,0.7053,0.71198,0.0
2026-03-11,0.71203,0.71875,0.7112,0.7152,0.0
2026-03-12,0.7152,0.7161,0.7072,0.70771,0.0
2026-03-13,0.70778,0.7093,0.698,0.6982,0.0
2026-03-16,0.69948,0.7083,0.69859,0.70714,0.0
2026-03-17,0.70716,0.7119,0.70492,0.71049,0.0
2026-03-18,0.71049,0.7124,0.7017,0.70235,0.0
2026-03-19,0.70239,0.7109,0.69995,0.70874,0.0
2026-03-20,0.7087,0.7098,0.7004,0.7024,0.0
2026-03-23,0.6999,0.70625,0.69109,0.70106,0.0
2026-03-24,0.70114,0.70244,0.69385,0.69966,0.0
2026-03-25,0.69965,0.7005,0.69432,0.69473,0.0
2026-03-26,0.69476,0.69621,0.6874,0.68862,0.0
2026-03-27,0.68864,0.6913,0.6863,0.68747,0.0
2026-03-30,0.6866,0.6875,0.6833,0.6854,0.0
2026-03-31,0.68525,0.6905,0.6833,0.69003,0.0
2026-04-01,0.69,0.6964,0.6895,0.693,0.0
2026-04-02,0.6928,0.69407,0.6859,0.69108,0.0
2026-04-03,0.6911,0.6917,0.68839,0.68947,0.0
2026-04-06,0.68875,0.69379,0.68764,0.6917,0.0
2026-04-07,0.6918,0.6979,0.6898,0.69761,0.0
2026-04-08,0.69759,0.70848,0.69672,0.7044,0.0
2026-04-09,0.7043,0.7096,0.7022,0.7085,0.0
2026-04-10,0.7083,0.7095,0.7053,0.70651,0.0
2026-04-13,0.6993,0.7101,0.6988,0.7097,0.0
2026-04-14,0.70933,0.7148,0.7076,0.7125,0.0
2026-04-15,0.7127,0.7178,0.71148,0.717,0.0
2026-04-16,0.71635,0.71976,0.7152,0.7163,0.0
2026-04-17,0.7162,0.72218,0.7154,0.71675,0.0
2026-04-20,0.7124,0.7181,0.71166,0.7178,0.0
2026-04-21,0.7179,0.71861,0.713,0.7155,0.0
2026-04-22,0.7153,0.71763,0.7146,0.716,0.0
2026-04-23,0.7161,0.71668,0.7111,0.7129,0.0
2026-04-24,0.71261,0.71555,0.71147,0.71504,0.0
2026-04-27,0.71525,0.72,0.7131,0.71859,0.0
2026-04-28,0.7186,0.7196,0.7151,0.7182,0.0
2026-04-29,0.71795,0.7191,0.71016,0.71157,0.0
2026-04-30,0.71155,0.72043,0.711,0.72015,0.0
2026-05-01,0.72,0.7229,0.71835,0.71995,0.0
2026-05-04,0.72158,0.72212,0.7152,0.7166,0.0
2026-05-05,0.717,0.7199,0.7135,0.7183,0.0
2026-05-06,0.71832,0.7278,0.7179,0.7237,0.0
2026-05-07,0.7238,0.7265,0.7205,0.7208,0.0
2026-05-08,0.7211,0.725,0.72,0.7247,0.0
2026-05-11,0.7222,0.726,0.7218,0.7248,0.0
2026-05-12,0.72492,0.7254,0.72089,0.7241,0.0
2026-05-13,0.72428,0.7273,0.72307,0.7258,0.0
2026-05-14,0.7258,0.7265,0.7216,0.722,0.0
2026-05-15,0.72184,0.7225,0.7139,0.71496,0.0
2026-05-18,0.71515,0.7185,0.71185,0.71683,0.0
2026-05-19,0.71678,0.71774,0.70797,0.71071,0.0
2026-05-20,0.71073,0.71742,0.7087,0.71516,0.0
2026-05-21,0.7151,0.7169,0.71,0.715,0.0
2026-05-22,0.71491,0.7162,0.7116,0.71285,0.0
2026-05-25,0.71575,0.71818,0.71524,0.71747,0.0
2026-05-26,0.71726,0.7186,0.71553,0.71703,0.0
2026-05-27,0.71698,0.7181,0.7123,0.71352,0.0
2026-05-28,0.71361,0.717,0.7097,0.71628,0.0
2026-05-29,0.71657,0.7201,0.7148,0.71838,0.0
2026-06-01,0.71715,0.7191,0.7134,0.71581,0.0
2026-06-02,0.71672,0.7189,0.7152,0.71806,0.0
2026-06-03,0.71789,0.7183,0.7126,0.71313,0.0
2026-06-04,0.71308,0.715,0.7122,0.71341,0.0
2026-06-05,0.7133,0.7145,0.7037,0.70481,0.0
2026-06-08,0.70243,0.70782,0.7022,0.7046,0.0
2026-06-09,0.70452,0.7071,0.7005,0.70328,0.0
2026-06-10,0.70274,0.70375,0.6994,0.69972,0.0
2026-06-11,0.69972,0.70553,0.6979,0.705,0.0
2026-06-12,0.70497,0.70598,0.702,0.70466,0.0
2026-06-15,0.7042,0.70885,0.7041,0.70718,0.0
2026-06-16,0.70731,0.708,0.70422,0.70693,0.0
2026-06-17,0.7068,0.7076,0.6994,0.70137,0.0
2026-06-18,0.70137,0.7043,0.7,0.70143,0.0
2026-06-19,0.7014,0.7027,0.6989,0.70129,0.0
2026-06-22,0.70172,0.70193,0.6993,0.70016,0.0
2026-06-23,0.70015,0.70074,0.6906,0.69165,0.0
2026-06-24,0.69159,0.6924,0.68826,0.69001,0.0
2026-06-25,0.69,0.6928,0.68869,0.69092,0.0
2026-06-26,0.69095,0.6922,0.6875,0.68954,0.0
2026-06-29,0.68911,0.6905,0.6877,0.6887,0.0
2026-06-30,0.68867,0.693,0.6864,0.692,0.0
2026-07-01,0.69198,0.6922,0.6882,0.68934,0.0
2026-07-02,0.68936,0.6944,0.68839,0.69218,0.0
2026-07-03,0.69217,0.695,0.69078,0.69403,0.0
2026-07-06,0.69403,0.696,0.6921,0.69564,0.0
2026-07-07,0.69562,0.69611,0.6921,0.693,0.0
2026-07-08,0.69294,0.6948,0.6906,0.69299,0.0
2026-07-09,0.69298,0.6948,0.69247,0.6941,0.0
2026-07-10,0.69412,0.6971,0.6933,0.6952,0.0
2026-07-13,0.69485,0.6953,0.6913,0.69181,0.0
2026-07-14,0.69183,0.6993,0.6912,0.69749,0.0
2026-07-15,0.6974,0.7022,0.6968,0.70043,0.0
2026-07-16,0.7005,0.7013,0.69804,0.69975,0.0
2026-07-17,0.69973,0.7002,0.6965,0.69839,0.0
2026-07-20,0.69665,0.7015,0.6964,0.6999,0.0
2026-07-21,0.6998,0.7027,0.6992,0.6998,0.0
2026-07-22,0.69985,0.7014,0.6981,0.69969,0.0
2026-07-23,0.6998,0.7022,0.6961,0.69685,0.0
2026-07-24,0.6969,0.70012,0.6964,0.69803,0.0
2026-07-27,0.7,0.7012,0.6985,0.699,0.0
2026-07-28,0.69903,0.6999,0.6962,0.6973,0.0
2026-07-29,0.69802,0.69888,0.6922,0.6956,0.0
2026-07-30,0.69613,0.7034,0.6945,0.70298,0.0
2026-07-31,0.7029,0.7045,0.69914,0.70233,0.0
2026-08-03,0.70473,0.70504,0.6983,0.7,0.0
2026-08-04,0.70044,0.705,0.6996,0.7046,0.0
2026-08-05,0.7045,0.7065,0.7039,0.7057,0.0
2026-08-06,0.7058,0.7061,0.70227,0.7031,0.0
2026-08-07,0.7032,0.7078,0.7022,0.70671,0.0
2026-08-10,0.70655,0.7075,0.7052,0.70541,0.0
2026-08-11,0.7054,0.707,0.70403,0.7061,0.0
2026-08-12,0.70593,0.7092,0.7053,0.7063,0.0
2026-08-13,0.7062,0.7068,0.7043,0.7061,0.0
2026-08-14,0.7059,0.7097,0.7053,0.70843,0.0
2026-08-17,0.70875,0.713,0.70798,0.71047,0.0
2026-08-18,0.71053,0.712,0.7081,0.70903,0.0
2026-08-19,0.70864,0.7129,0.7066,0.7125,0.0
2026-08-20,0.71253,0.7133,0.7102,0.71133,0.0
2026-08-21,0.7113,0.7181,0.71077,0.71714,0.0
2026-08-24,0.71625,0.7178,0.714,0.7149,0.0
2026-08-25,0.71498,0.7169,0.71378,0.71626,0.0
2026-08-26,0.71629,0.71891,0.7159,0.71715,0.0
2026-08-27,0.71675,0.7199,0.7166,0.71936,0.0
2026-08-28,0.71935,0.7206,0.7155,0.71651,0.0
2026-08-31,0.71576,0.7172,0.7154,0.71667,0.0
2026-09-01,0.71665,0.7182,0.7138,0.71446,0.0
2026-09-02,0.7144,0.7177,0.7121,0.71688,0.0
2026-09-03,0.71685,0.7209,0.7158,0.72,0.0
2026-09-04,0.7201,0.7215,0.7179,0.7203,0.0
2026-09-07,0.7198,0.7225,0.71947,0.7219,0.0
2026-09-08,0.7218,0.7231,0.7204,0.7216,0.0
2026-09-09,0.7215,0.7239,0.7209,0.7218,0.0
2026-09-10,0.7219,0.7224,0.7155,0.7158,0.0
2026-09-11,0.7162,0.71876,0.715,0.717,0.0
2026-09-14,0.71647,0.71705,0.7108,0.7141,0.0
2026-09-15,0.714,0.7143,0.7116,0.7132,0.0
2026-09-16,0.713,0.71395,0.70751,0.7086,0.0
2026-09-17,0.7088,0.7127,0.7083,0.711,0.0
2026-09-18,0.71101,0.7137,0.71038,0.7124,0.0
2026-09-21,0.71195,0.7141,0.71108,0.71186,0.0
2026-09-22,0.71186,0.7128,0.7092,0.71145,0.0
2026-09-23,0.71146,0.7121,0.70259,0.70394,0.0
2026-09-24,0.70395,0.7049,0.7005,0.70125,0.0
2026-09-25,0.70125,0.7043,0.7004,0.7015,0.0
2026-09-28,0.70115,0.70394,0.7006,0.70182,0.0
2026-09-29,0.7018,0.7021,0.7017,0.7019,0.0
