date,open,high,low,close,volume
2006-10-09,1.2593,1.2612,1.2584,1.2597,0.0
2006-10-10,1.2594,1.2612,1.2518,1.2537,0.0
2006-10-11,1.2534,1.2556,1.2501,1.2514,0.0
2006-10-12,1.2514,1.2565,1.2512,1.2554,0.0
2006-10-13,1.2555,1.2575,1.2482,1.251,0.0
2006-10-16,1.2506,1.2536,1.2488,1.2532,0.0
2006-10-17,1.2532,1.2564,1.2507,1.2545,0.0
2006-10-18,1.2544,1.2557,1.25,1.2529,0.0
2006-10-19,1.2531,1.2643,1.2528,1.2625,0.0
2006-10-20,1.2624,1.2638,1.2596,1.2614,0.0
2006-10-23,1.2617,1.2621,1.2536,1.255,0.0
2006-10-24,1.255,1.2577,1.2525,1.2558,0.0
2006-10-25,1.2555,1.2621,1.255,1.26,0.0
2006-10-26,1.26,1.27,1.2598,1.2692,0.0
2006-10-27,1.2692,1.275,1.2662,1.2739,0.0
2006-10-30,1.273,1.2734,1.2698,1.2724,0.0
2006-10-31,1.2725,1.2781,1.2677,1.2763,0.0
2006-11-01,1.2762,1.2797,1.2742,1.2756,0.0
2006-11-02,1.2756,1.2784,1.2736,1.2777,0.0
2006-11-03,1.2776,1.2791,1.2682,1.2715,0.0
2006-11-06,1.2716,1.2723,1.2689,1.2722,0.0
2006-11-07,1.2721,1.2817,1.272,1.2775,0.0
2006-11-08,1.2775,1.2806,1.2746,1.2757,0.0
2006-11-09,1.2756,1.2846,1.2749,1.2829,0.0
2006-11-10,1.2827,1.2899,1.2826,1.284,0.0
2006-11-13,1.2845,1.2876,1.2795,1.2805,0.0
2006-11-14,1.2805,1.2869,1.2791,1.281,0.0
2006-11-15,1.2808,1.2832,1.2773,1.2826,0.0
2006-11-16,1.2828,1.2839,1.2784,1.2793,0.0
2006-11-17,1.2795,1.2844,1.2762,1.2828,0.0
2006-11-20,1.2828,1.2851,1.2804,1.2813,0.0
2006-11-21,1.2815,1.2852,1.2796,1.2844,0.0
2006-11-22,1.2843,1.2955,1.284,1.2941,0.0
2006-11-23,1.2942,1.2973,1.2928,1.2948,0.0
2006-11-24,1.2945,1.3107,1.2944,1.3095,0.0
2006-11-27,1.3162,1.3165,1.3085,1.313,0.0
2006-11-28,1.3132,1.3209,1.3119,1.3198,0.0
2006-11-29,1.3199,1.3218,1.3131,1.3153,0.0
2006-11-30,1.3153,1.3263,1.3141,1.3241,0.0
2006-12-01,1.3241,1.3347,1.322,1.3337,0.0
2006-12-04,1.3323,1.3343,1.3282,1.3341,0.0
2006-12-05,1.3339,1.3362,1.3286,1.3316,0.0
2006-12-06,1.3317,1.3339,1.3254,1.3284,0.0
2006-12-07,1.3283,1.3323,1.3274,1.3284,0.0
2006-12-08,1.3284,1.3364,1.3191,1.3201,0.0
2006-12-11,1.3175,1.3263,1.3128,1.3235,0.0
2006-12-12,1.3236,1.3291,1.321,1.3282,0.0
2006-12-13,1.3283,1.3287,1.3192,1.3214,0.0
2006-12-14,1.3214,1.3252,1.314,1.3143,0.0
2006-12-15,1.3144,1.3186,1.3058,1.308,0.0
2006-12-18,1.3082,1.3118,1.3051,1.3096,0.0
2006-12-19,1.3094,1.3215,1.3083,1.3195,0.0
2006-12-20,1.3199,1.3245,1.3159,1.3172,0.0
2006-12-21,1.3171,1.3212,1.3141,1.3175,0.0
2006-12-22,1.3174,1.3212,1.3107,1.3138,0.0
2006-12-26,1.3137,1.3139,1.3089,1.3096,0.0
2006-12-27,1.3096,1.3176,1.3094,1.3114,0.0
2006-12-28,1.3115,1.3199,1.3105,1.3148,0.0
2006-12-29,1.3149,1.3203,1.3137,1.32,0.0
2007-01-02,1.3232,1.3295,1.3226,1.3272,0.0
2007-01-03,1.3273,1.329,1.3145,1.317,0.0
2007-01-04,1.3169,1.3179,1.3076,1.3083,0.0
2007-01-05,1.3084,1.3104,1.298,1.3007,0.0
2007-01-08,1.3016,1.3035,1.2971,1.3023,0.0
2007-01-09,1.3022,1.3052,1.2986,1.3,0.0
2007-01-10,1.3001,1.3004,1.293,1.2936,0.0
2007-01-11,1.2937,1.3015,1.2882,1.2891,0.0
2007-01-12,1.289,1.2942,1.2865,1.2918,0.0
2007-01-15,1.2923,1.2957,1.2914,1.2935,0.0
2007-01-16,1.2935,1.2989,1.2908,1.2918,0.0
2007-01-17,1.2919,1.2949,1.2896,1.2936,0.0
2007-01-18,1.2937,1.2977,1.2895,1.2961,0.0
2007-01-19,1.2962,1.3,1.2913,1.2965,0.0
2007-01-22,1.2961,1.2976,1.2923,1.295,0.0
2007-01-23,1.2949,1.3044,1.2927,1.3024,0.0
2007-01-24,1.3025,1.3036,1.2948,1.297,0.0
2007-01-25,1.2969,1.3002,1.2914,1.2929,0.0
2007-01-26,1.2928,1.2944,1.2876,1.2916,0.0
2007-01-29,1.2916,1.2965,1.2898,1.2954,0.0
2007-01-30,1.2955,1.2981,1.2943,1.2969,0.0
2007-01-31,1.297,1.3036,1.2924,1.303,0.0
2007-02-01,1.3029,1.3052,1.3003,1.3021,0.0
2007-02-02,1.3022,1.3064,1.295,1.2962,0.0
2007-02-05,1.2961,1.2965,1.2912,1.2927,0.0
2007-02-06,1.2926,1.299,1.2911,1.2982,0.0
2007-02-07,1.2983,1.3022,1.2971,1.3009,0.0
2007-02-08,1.301,1.3041,1.2974,1.304,0.0
2007-02-09,1.3041,1.3042,1.2983,1.3005,0.0
2007-02-12,1.2989,1.3036,1.294,1.2966,0.0
2007-02-13,1.2965,1.3042,1.2954,1.3036,0.0
2007-02-14,1.3036,1.3149,1.3023,1.313,0.0
2007-02-15,1.3131,1.3171,1.3118,1.314,0.0
2007-02-16,1.3139,1.3144,1.3095,1.3141,0.0
2007-02-19,1.3156,1.3162,1.3122,1.3154,0.0
2007-02-20,1.3155,1.319,1.313,1.3136,0.0
2007-02-21,1.3135,1.3165,1.3112,1.3138,0.0
2007-02-22,1.3139,1.3143,1.3081,1.3126,0.0
2007-02-23,1.3125,1.3186,1.3102,1.3167,0.0
2007-02-26,1.3166,1.3198,1.3151,1.3187,0.0
2007-02-27,1.3186,1.3257,1.316,1.3241,0.0
2007-02-28,1.324,1.3241,1.3179,1.3228,0.0
2007-03-01,1.3229,1.3239,1.3155,1.3186,0.0
2007-03-02,1.3185,1.3199,1.314,1.3191,0.0
2007-03-05,1.3197,1.3211,1.3071,1.3088,0.0
2007-03-06,1.3087,1.313,1.308,1.3126,0.0
2007-03-07,1.3125,1.3186,1.3109,1.3175,0.0
2007-03-08,1.3174,1.3181,1.3116,1.3133,0.0
2007-03-09,1.3132,1.3158,1.3083,1.3117,0.0
2007-03-12,1.3139,1.3199,1.3107,1.3187,0.0
2007-03-13,1.3188,1.3222,1.3156,1.3196,0.0
2007-03-14,1.3195,1.3246,1.3176,1.3221,0.0
2007-03-15,1.3221,1.325,1.3192,1.3237,0.0
2007-03-16,1.3236,1.3338,1.3233,1.3318,0.0
2007-03-19,1.3315,1.3325,1.3279,1.33,0.0
2007-03-20,1.3301,1.3321,1.3272,1.3316,0.0
2007-03-21,1.3315,1.3388,1.3289,1.3384,0.0
2007-03-22,1.3385,1.3411,1.3309,1.333,0.0
2007-03-23,1.3329,1.334,1.3282,1.3283,0.0
2007-03-26,1.3284,1.3345,1.3254,1.3327,0.0
2007-03-27,1.3327,1.3362,1.332,1.3351,0.0
2007-03-28,1.3357,1.3372,1.3308,1.3313,0.0
2007-03-29,1.3314,1.3351,1.3301,1.333,0.0
2007-03-30,1.3329,1.3399,1.3287,1.3355,0.0
2007-04-02,1.3374,1.3382,1.3331,1.3365,0.0
2007-04-03,1.3366,1.338,1.332,1.333,0.0
2007-04-04,1.3332,1.3381,1.3317,1.3365,0.0
2007-04-05,1.3366,1.3439,1.3353,1.3428,0.0
2007-04-06,1.3429,1.3431,1.3364,1.3376,0.0
2007-04-09,1.3376,1.3379,1.3338,1.3353,0.0
2007-04-10,1.3352,1.3453,1.3349,1.3438,0.0
2007-04-11,1.3439,1.344,1.3406,1.3429,0.0
2007-04-12,1.3429,1.3502,1.3427,1.3481,0.0
2007-04-13,1.348,1.3552,1.3479,1.353,0.0
2007-04-16,1.3555,1.3575,1.3531,1.3534,0.0
2007-04-17,1.3534,1.3594,1.3524,1.3565,0.0
2007-04-18,1.3573,1.3615,1.3556,1.3607,0.0
2007-04-19,1.3606,1.3618,1.356,1.3612,0.0
2007-04-20,1.3613,1.3637,1.3586,1.3586,0.0
2007-04-23,1.3603,1.3606,1.3541,1.3576,0.0
2007-04-24,1.3577,1.3642,1.3548,1.3637,0.0
2007-04-25,1.3638,1.3664,1.362,1.3637,0.0
2007-04-26,1.3636,1.3653,1.3582,1.3598,0.0
2007-04-27,1.3599,1.368,1.3584,1.3649,0.0
2007-04-30,1.3629,1.3677,1.3589,1.3646,0.0
2007-05-01,1.3645,1.3671,1.3589,1.3603,0.0
2007-05-02,1.3604,1.361,1.3559,1.3591,0.0
2007-05-03,1.359,1.3622,1.3546,1.3549,0.0
2007-05-04,1.3549,1.3611,1.3533,1.359,0.0
2007-05-07,1.3603,1.3627,1.359,1.3601,0.0
2007-05-08,1.3601,1.3619,1.3514,1.354,0.0
2007-05-09,1.3541,1.3566,1.3519,1.3526,0.0
2007-05-10,1.3525,1.3563,1.3463,1.3483,0.0
2007-05-11,1.3484,1.3531,1.3462,1.3524,0.0
2007-05-14,1.3536,1.3558,1.3523,1.3544,0.0
2007-05-15,1.3543,1.3609,1.3525,1.3591,0.0
2007-05-16,1.359,1.3608,1.3504,1.3515,0.0
2007-05-17,1.3514,1.3543,1.3476,1.3492,0.0
2007-05-18,1.3492,1.3521,1.3464,1.3507,0.0
2007-05-21,1.3519,1.3531,1.3436,1.3466,0.0
2007-05-22,1.3465,1.3474,1.3437,1.3448,0.0
2007-05-23,1.3449,1.35,1.3414,1.3459,0.0
2007-05-24,1.3459,1.3462,1.3415,1.3428,0.0
2007-05-25,1.3428,1.347,1.341,1.3443,0.0
2007-05-28,1.3449,1.3457,1.3444,1.3453,0.0
2007-05-29,1.3453,1.3518,1.342,1.3448,0.0
2007-05-30,1.3449,1.3456,1.3403,1.3427,0.0
2007-05-31,1.3428,1.3475,1.3423,1.345,0.0
2007-06-01,1.345,1.3461,1.3392,1.3448,0.0
2007-06-04,1.3441,1.35,1.343,1.3487,0.0
2007-06-05,1.3488,1.3552,1.3486,1.3523,0.0
2007-06-06,1.3522,1.3538,1.3483,1.3502,0.0
2007-06-07,1.3503,1.3512,1.3422,1.3432,0.0
2007-06-08,1.3431,1.3434,1.3319,1.337,0.0
2007-06-11,1.3371,1.3372,1.3332,1.3356,0.0
2007-06-12,1.3357,1.3367,1.33,1.33,0.0
2007-06-13,1.33,1.3315,1.3261,1.3309,0.0
2007-06-14,1.331,1.3324,1.3279,1.331,0.0
2007-06-15,1.331,1.3387,1.3304,1.3385,0.0
2007-06-18,1.3377,1.3417,1.3375,1.3412,0.0
2007-06-19,1.3412,1.3436,1.3383,1.3425,0.0
2007-06-20,1.3424,1.3437,1.3396,1.3404,0.0
2007-06-21,1.3403,1.3407,1.3371,1.3389,0.0
2007-06-22,1.3388,1.347,1.338,1.3469,0.0
2007-06-25,1.3468,1.3472,1.3439,1.3461,0.0
2007-06-26,1.3461,1.3478,1.3431,1.3455,0.0
2007-06-27,1.3454,1.3457,1.3414,1.3451,0.0
2007-06-28,1.345,1.3479,1.3422,1.345,0.0
2007-06-29,1.3451,1.3541,1.343,1.3541,0.0
2007-07-02,1.35414,1.36373,1.35276,1.36229,0.0
2007-07-03,1.36219,1.36341,1.35836,1.36076,0.0
2007-07-04,1.36076,1.36302,1.36056,1.36115,0.0
2007-07-05,1.36115,1.36591,1.35782,1.35973,0.0
2007-07-06,1.35973,1.36404,1.35677,1.36267,0.0
2007-07-09,1.36345,1.36374,1.36087,1.36255,0.0
2007-07-10,1.36245,1.37473,1.35935,1.37471,0.0
2007-07-11,1.37461,1.37859,1.37305,1.37446,0.0
2007-07-12,1.37446,1.37981,1.37406,1.37885,0.0
2007-07-13,1.37875,1.38132,1.3762,1.37807,0.0
2007-07-16,1.37856,1.38028,1.37596,1.37716,0.0
2007-07-17,1.37726,1.37983,1.37562,1.37803,0.0
2007-07-18,1.37803,1.38317,1.37515,1.38016,0.0
2007-07-19,1.38021,1.38302,1.37856,1.38037,0.0
2007-07-20,1.38027,1.38421,1.3779,1.3826,0.0
2007-07-23,1.38353,1.38433,1.37943,1.38052,0.0
2007-07-24,1.38067,1.38518,1.37974,1.38214,0.0
2007-07-25,1.38214,1.38314,1.36957,1.37204,0.0
2007-07-26,1.37204,1.37703,1.36926,1.37454,0.0
2007-07-27,1.37448,1.37526,1.36264,1.36324,0.0
2007-07-30,1.36176,1.3704,1.36084,1.3695,0.0
2007-07-31,1.3695,1.37269,1.36783,1.36824,0.0
2007-08-01,1.36814,1.37091,1.36365,1.36667,0.0
2007-08-02,1.36667,1.3704,1.36496,1.37029,0.0
2007-08-03,1.37029,1.38182,1.36832,1.37722,0.0
2007-08-06,1.38072,1.38384,1.378,1.37928,0.0
2007-08-07,1.37928,1.38152,1.37348,1.37358,0.0
2007-08-08,1.37358,1.38248,1.37214,1.37978,0.0
2007-08-09,1.37968,1.38159,1.36549,1.36768,0.0
2007-08-10,1.36788,1.37047,1.36415,1.3692,0.0
2007-08-13,1.36867,1.37079,1.36037,1.36128,0.0
2007-08-14,1.36118,1.36251,1.35309,1.35329,0.0
2007-08-15,1.35319,1.3539,1.34381,1.34411,0.0
2007-08-16,1.34411,1.34469,1.33597,1.34247,0.0
2007-08-17,1.34257,1.35457,1.33697,1.34747,0.0
2007-08-20,1.34822,1.35073,1.34595,1.34735,0.0
2007-08-21,1.34735,1.352,1.34562,1.34649,0.0
2007-08-22,1.34659,1.3551,1.34496,1.35417,0.0
2007-08-23,1.35417,1.35875,1.35337,1.35638,0.0
2007-08-24,1.35638,1.36815,1.35537,1.36747,0.0
2007-08-27,1.36757,1.36841,1.36352,1.3646,0.0
2007-08-28,1.3646,1.36799,1.36013,1.36032,0.0
2007-08-29,1.36032,1.36791,1.35629,1.36761,0.0
2007-08-30,1.36761,1.36793,1.35919,1.36247,0.0
2007-08-31,1.36247,1.37186,1.36201,1.36286,0.0
2007-09-03,1.36321,1.36546,1.36057,1.36236,0.0
2007-09-04,1.36236,1.3626,1.35509,1.36038,0.0
2007-09-05,1.36038,1.36707,1.35684,1.36457,0.0
2007-09-06,1.36457,1.37087,1.36347,1.36894,0.0
2007-09-07,1.36894,1.37976,1.3663,1.37668,0.0
2007-09-10,1.37693,1.38157,1.37659,1.38016,0.0
2007-09-11,1.38016,1.38481,1.37778,1.38386,0.0
2007-09-12,1.38386,1.3914,1.38237,1.39026,0.0
2007-09-13,1.39026,1.39275,1.38628,1.38841,0.0
2007-09-14,1.38841,1.38949,1.38439,1.38736,0.0
2007-09-17,1.38661,1.38878,1.38488,1.38668,0.0
2007-09-18,1.38668,1.39875,1.38275,1.39838,0.0
2007-09-19,1.39838,1.3987,1.39362,1.39567,0.0
2007-09-20,1.39567,1.40975,1.39551,1.40637,0.0
2007-09-21,1.40637,1.41189,1.40405,1.4089,0.0
2007-09-24,1.40906,1.41297,1.4067,1.40858,0.0
2007-09-25,1.40858,1.41536,1.40613,1.4136,0.0
2007-09-26,1.4136,1.41612,1.41114,1.41264,0.0
2007-09-27,1.41264,1.41886,1.41233,1.41518,0.0
2007-09-28,1.41518,1.42788,1.41445,1.42671,0.0
2007-10-01,1.42747,1.42807,1.42105,1.42308,0.0
2007-10-02,1.42308,1.42374,1.41389,1.41536,0.0
2007-10-03,1.41536,1.42014,1.40825,1.40904,0.0
2007-10-04,1.40904,1.414,1.40666,1.41374,0.0
2007-10-05,1.41374,1.41566,1.40319,1.41329,0.0
2007-10-08,1.41389,1.41523,1.40352,1.4048,0.0
2007-10-09,1.4048,1.41132,1.40153,1.41052,0.0
2007-10-10,1.41052,1.41715,1.40936,1.41715,0.0
2007-10-11,1.41443,1.42408,1.41343,1.4196,0.0
2007-10-12,1.4196,1.42128,1.41542,1.4177,0.0
2007-10-15,1.41773,1.4243,1.41615,1.42036,0.0
2007-10-16,1.42036,1.42258,1.41438,1.41715,0.0
2007-10-17,1.41716,1.42293,1.41567,1.42066,0.0
2007-10-18,1.42066,1.43096,1.41956,1.42936,0.0
2007-10-19,1.42926,1.43193,1.42445,1.42998,0.0
2007-10-22,1.43298,1.43494,1.41252,1.41801,0.0
2007-10-23,1.41801,1.42791,1.41701,1.42625,0.0
2007-10-24,1.42625,1.42672,1.4188,1.42651,0.0
2007-10-25,1.42651,1.43443,1.42481,1.43226,0.0
2007-10-26,1.43226,1.43937,1.43158,1.43925,0.0
2007-10-29,1.44175,1.44389,1.43775,1.4425,0.0
2007-10-30,1.4425,1.44416,1.43737,1.44324,0.0
2007-10-31,1.44324,1.45032,1.44191,1.44868,0.0
2007-11-01,1.44868,1.44868,1.44044,1.44242,0.0
2007-11-02,1.44242,1.4528,1.44152,1.45045,0.0
2007-11-05,1.45145,1.45235,1.44434,1.44689,0.0
2007-11-06,1.44689,1.45701,1.44659,1.45569,0.0
2007-11-07,1.45569,1.47307,1.45543,1.46359,0.0
2007-11-08,1.46349,1.47039,1.46145,1.46753,0.0
2007-11-09,1.46763,1.47513,1.46311,1.46773,0.0
2007-11-12,1.46702,1.46747,1.45257,1.45313,0.0
2007-11-13,1.45284,1.4632,1.45203,1.46025,0.0
2007-11-14,1.46015,1.47245,1.46005,1.46499,0.0
2007-11-15,1.46459,1.47028,1.46049,1.46118,0.0
2007-11-16,1.46109,1.46729,1.45819,1.46603,0.0
2007-11-19,1.467,1.46858,1.46207,1.46635,0.0
2007-11-20,1.46645,1.48525,1.46363,1.4838,0.0
2007-11-21,1.4837,1.48693,1.47756,1.48573,0.0
2007-11-22,1.48573,1.48722,1.48219,1.48477,0.0
2007-11-23,1.48522,1.49672,1.47846,1.48371,0.0
2007-11-26,1.48221,1.48867,1.48041,1.48706,0.0
2007-11-27,1.48691,1.4908,1.48087,1.48277,0.0
2007-11-28,1.48285,1.4858,1.47126,1.48401,0.0
2007-11-29,1.48369,1.48434,1.47225,1.47435,0.0
2007-11-30,1.47438,1.47853,1.46288,1.46323,0.0
2007-12-03,1.46373,1.47082,1.46197,1.46665,0.0
2007-12-04,1.46657,1.47671,1.46351,1.47582,0.0
2007-12-05,1.4758,1.47703,1.45917,1.46113,0.0
2007-12-06,1.46123,1.46514,1.45257,1.46367,0.0
2007-12-07,1.46365,1.46722,1.45987,1.46573,0.0
2007-12-10,1.46542,1.47361,1.46397,1.47113,0.0
2007-12-11,1.47113,1.47503,1.46385,1.46536,0.0
2007-12-12,1.46554,1.47478,1.46496,1.47054,0.0
2007-12-13,1.4705,1.47359,1.45737,1.46328,0.0
2007-12-14,1.46334,1.46553,1.44099,1.4431,0.0
2007-12-17,1.43915,1.44523,1.43301,1.44001,0.0
2007-12-18,1.44001,1.44355,1.43662,1.44125,0.0
2007-12-19,1.44135,1.44225,1.43246,1.43829,0.0
2007-12-20,1.43829,1.43913,1.43095,1.43289,0.0
2007-12-21,1.43304,1.44097,1.43157,1.43808,0.0
2007-12-24,1.43756,1.44132,1.43673,1.43945,0.0
2007-12-26,1.4414,1.45045,1.44126,1.44875,0.0
2007-12-27,1.44885,1.46389,1.44687,1.46248,0.0
2007-12-28,1.46248,1.47272,1.45927,1.47222,0.0
2007-12-31,1.47142,1.47472,1.4569,1.45861,0.0
2008-01-02,1.46194,1.47499,1.45954,1.47107,0.0
2008-01-03,1.47157,1.47815,1.46868,1.47492,0.0
2008-01-04,1.47475,1.48238,1.46945,1.47431,0.0
2008-01-07,1.47466,1.47567,1.46586,1.46949,0.0
2008-01-08,1.4694,1.47405,1.46804,1.47062,0.0
2008-01-09,1.47061,1.47422,1.46391,1.46583,0.0
2008-01-10,1.46573,1.48129,1.46418,1.48033,0.0
2008-01-11,1.48016,1.48189,1.47619,1.4774,0.0
2008-01-14,1.47813,1.49141,1.47813,1.4868,0.0
2008-01-15,1.48679,1.49209,1.47999,1.48033,0.0
2008-01-16,1.48028,1.4859,1.45945,1.46515,0.0
2008-01-17,1.46506,1.47145,1.45888,1.4641,0.0
2008-01-18,1.4638,1.46946,1.46022,1.46212,0.0
2008-01-21,1.4603,1.4604,1.44208,1.44543,0.0
2008-01-22,1.44567,1.46435,1.43645,1.46285,0.0
2008-01-23,1.46272,1.46832,1.45112,1.463,0.0
2008-01-24,1.46267,1.47788,1.4591,1.47542,0.0
2008-01-25,1.47567,1.47774,1.46612,1.46815,0.0
2008-01-28,1.46797,1.47981,1.46617,1.47798,0.0
2008-01-29,1.47794,1.47965,1.47372,1.47757,0.0
2008-01-30,1.47757,1.49062,1.47558,1.48613,0.0
2008-01-31,1.48593,1.49134,1.48028,1.48607,0.0
2008-02-01,1.48623,1.49527,1.47866,1.48026,0.0
2008-02-04,1.48046,1.48486,1.47926,1.48291,0.0
2008-02-05,1.48286,1.48342,1.46214,1.46461,0.0
2008-02-06,1.46474,1.467,1.45908,1.46299,0.0
2008-02-07,1.46269,1.46507,1.44384,1.44846,0.0
2008-02-08,1.44835,1.45461,1.44502,1.45092,0.0
2008-02-11,1.4516,1.45753,1.44815,1.45184,0.0
2008-02-12,1.45187,1.46148,1.4496,1.45829,0.0
2008-02-13,1.45829,1.45977,1.45312,1.4572,0.0
2008-02-14,1.4575,1.46485,1.45483,1.46414,0.0
2008-02-15,1.46415,1.47085,1.46305,1.46815,0.0
2008-02-18,1.46787,1.46912,1.46101,1.46556,0.0
2008-02-19,1.4656,1.47567,1.46412,1.47242,0.0
2008-02-20,1.4726,1.47312,1.46137,1.47129,0.0
2008-02-21,1.47117,1.48367,1.47015,1.48118,0.0
2008-02-22,1.48119,1.48623,1.47886,1.48262,0.0
2008-02-25,1.48377,1.4844,1.4794,1.48292,0.0
2008-02-26,1.48292,1.49853,1.47781,1.49741,0.0
2008-02-27,1.49721,1.51435,1.49713,1.51196,0.0
2008-02-28,1.51188,1.52293,1.50739,1.51922,0.0
2008-02-29,1.51938,1.52393,1.51433,1.5178,0.0
2008-03-03,1.5197,1.5274,1.51581,1.52025,0.0
2008-03-04,1.52013,1.52486,1.51727,1.52157,0.0
2008-03-05,1.52137,1.53018,1.51457,1.52633,0.0
2008-03-06,1.52613,1.53943,1.52602,1.53802,0.0
2008-03-07,1.53762,1.54603,1.53142,1.53515,0.0
2008-03-10,1.53615,1.54038,1.53127,1.53428,0.0
2008-03-11,1.53439,1.54958,1.52822,1.53365,0.0
2008-03-12,1.53362,1.55716,1.53312,1.555,0.0
2008-03-13,1.55507,1.56448,1.55214,1.56346,0.0
2008-03-14,1.56362,1.5688,1.55325,1.5673,0.0
2008-03-17,1.56748,1.59037,1.56748,1.57291,0.0
2008-03-18,1.57281,1.58318,1.56178,1.56235,0.0
2008-03-19,1.56261,1.57843,1.55824,1.5626,0.0
2008-03-20,1.56226,1.56495,1.53954,1.54283,0.0
2008-03-21,1.54273,1.54724,1.54042,1.54306,0.0
2008-03-24,1.54367,1.54557,1.53417,1.54224,0.0
2008-03-25,1.54224,1.56571,1.54074,1.56481,0.0
2008-03-26,1.56469,1.58573,1.5584,1.58445,0.0
2008-03-27,1.58442,1.58476,1.57253,1.57776,0.0
2008-03-28,1.57776,1.58372,1.57414,1.57945,0.0
2008-03-31,1.58005,1.58953,1.57592,1.57873,0.0
2008-04-01,1.57713,1.57862,1.55637,1.56133,0.0
2008-04-02,1.56119,1.57012,1.55315,1.5684,0.0
2008-04-03,1.56847,1.56956,1.55097,1.56822,0.0
2008-04-04,1.56822,1.57717,1.56378,1.5739,0.0
2008-04-07,1.57302,1.57377,1.56264,1.57113,0.0
2008-04-08,1.57111,1.57983,1.56733,1.57113,0.0
2008-04-09,1.57063,1.58654,1.56832,1.5831,0.0
2008-04-10,1.58285,1.59158,1.57261,1.57428,0.0
2008-04-11,1.5742,1.58532,1.57388,1.58053,0.0
2008-04-14,1.56973,1.58875,1.56697,1.58303,0.0
2008-04-15,1.58273,1.5874,1.57514,1.57871,0.0
2008-04-16,1.57906,1.59791,1.57569,1.59472,0.0
2008-04-17,1.59472,1.5983,1.58477,1.59065,0.0
2008-04-18,1.5906,1.5956,1.5712,1.58136,0.0
2008-04-21,1.58032,1.59475,1.57915,1.59125,0.0
2008-04-22,1.59107,1.60184,1.5833,1.59904,0.0
2008-04-23,1.59954,1.60026,1.58608,1.58892,0.0
2008-04-24,1.58922,1.58956,1.5637,1.56812,0.0
2008-04-25,1.56822,1.5707,1.5554,1.56283,0.0
2008-04-28,1.56094,1.5694,1.55929,1.56557,0.0
2008-04-29,1.56552,1.56629,1.55395,1.55705,0.0
2008-04-30,1.55695,1.56425,1.5517,1.56217,0.0
2008-05-01,1.56207,1.56431,1.54295,1.54739,0.0
2008-05-02,1.54743,1.54969,1.53608,1.54238,0.0
2008-05-05,1.54356,1.55189,1.54223,1.54967,0.0
2008-05-06,1.54963,1.55937,1.5452,1.55311,0.0
2008-05-07,1.55261,1.55385,1.53665,1.53927,0.0
2008-05-08,1.53867,1.54411,1.5283,1.53925,0.0
2008-05-09,1.53925,1.54877,1.53907,1.54806,0.0
2008-05-12,1.54497,1.55701,1.53644,1.55524,0.0
2008-05-13,1.55514,1.55667,1.54308,1.54733,0.0
2008-05-14,1.54743,1.54861,1.53956,1.54731,0.0
2008-05-15,1.54761,1.55471,1.54199,1.54479,0.0
2008-05-16,1.54459,1.56007,1.54365,1.55754,0.0
2008-05-19,1.55942,1.56328,1.54857,1.55097,0.0
2008-05-20,1.55097,1.56794,1.55035,1.56459,0.0
2008-05-21,1.56454,1.57955,1.56302,1.57937,0.0
2008-05-22,1.57897,1.58131,1.56934,1.57318,0.0
2008-05-23,1.57314,1.57936,1.56964,1.57598,0.0
2008-05-26,1.57663,1.57924,1.57402,1.57687,0.0
2008-05-27,1.57686,1.58174,1.56818,1.56914,0.0
2008-05-28,1.56898,1.57598,1.56082,1.56362,0.0
2008-05-29,1.56388,1.56637,1.54846,1.55177,0.0
2008-05-30,1.55161,1.55682,1.54611,1.55531,0.0
2008-06-02,1.55539,1.55894,1.54863,1.55353,0.0
2008-06-03,1.55381,1.56268,1.54095,1.54438,0.0
2008-06-04,1.54428,1.54828,1.54191,1.54383,0.0
2008-06-05,1.54398,1.55998,1.53641,1.55916,0.0
2008-06-06,1.55905,1.57778,1.55723,1.57773,0.0
2008-06-09,1.57837,1.58432,1.56185,1.5645,0.0
2008-06-10,1.56449,1.56534,1.54409,1.5466,0.0
2008-06-11,1.54662,1.55872,1.54457,1.55493,0.0
2008-06-12,1.55493,1.55655,1.5379,1.54375,0.0
2008-06-13,1.54366,1.54827,1.53029,1.53792,0.0
2008-06-16,1.54035,1.55186,1.53448,1.54767,0.0
2008-06-17,1.54756,1.55517,1.54604,1.5509,0.0
2008-06-18,1.55098,1.55369,1.54638,1.55335,0.0
2008-06-19,1.55335,1.55857,1.54662,1.55038,0.0
2008-06-20,1.55033,1.56512,1.54917,1.5605,0.0
2008-06-23,1.5621,1.56352,1.54676,1.55167,0.0
2008-06-24,1.5517,1.56214,1.54913,1.5567,0.0
2008-06-25,1.5567,1.56851,1.55366,1.56653,0.0
2008-06-26,1.56736,1.57663,1.56285,1.57553,0.0
2008-06-27,1.57548,1.57913,1.57197,1.5791,0.0
2008-06-30,1.57766,1.58366,1.57309,1.57531,0.0
2008-07-01,1.57521,1.58264,1.57222,1.57916,0.0
2008-07-02,1.57906,1.58883,1.57766,1.58818,0.0
2008-07-03,1.58813,1.59087,1.56816,1.57026,0.0
2008-07-04,1.57026,1.57263,1.56534,1.57038,0.0
2008-07-07,1.56968,1.57519,1.56113,1.57275,0.0
2008-07-08,1.5726,1.57388,1.56352,1.56694,0.0
2008-07-09,1.56703,1.57485,1.56497,1.57418,0.0
2008-07-10,1.57413,1.58009,1.56897,1.57874,0.0
2008-07-11,1.57877,1.59465,1.57653,1.59367,0.0
2008-07-14,1.59675,1.59691,1.58409,1.5907,0.0
2008-07-15,1.59074,1.60385,1.58656,1.59114,0.0
2008-07-16,1.59103,1.59468,1.58004,1.58256,0.0
2008-07-17,1.58253,1.58926,1.57832,1.5862,0.0
2008-07-18,1.58614,1.58877,1.58067,1.58475,0.0
2008-07-21,1.58413,1.59294,1.58268,1.5921,0.0
2008-07-22,1.592,1.59439,1.57578,1.57868,0.0
2008-07-23,1.57819,1.5797,1.56697,1.56977,0.0
2008-07-24,1.56948,1.57132,1.56278,1.5677,0.0
2008-07-25,1.5672,1.57529,1.56619,1.57097,0.0
2008-07-28,1.57077,1.57677,1.56838,1.57394,0.0
2008-07-29,1.57382,1.5757,1.5553,1.55872,0.0
2008-07-30,1.55867,1.56152,1.55213,1.55754,0.0
2008-07-31,1.55753,1.5699,1.55685,1.56022,0.0
2008-08-01,1.56023,1.56035,1.55142,1.55631,0.0
2008-08-04,1.55667,1.56302,1.55537,1.55757,0.0
2008-08-05,1.55756,1.55778,1.54454,1.54534,0.0
2008-08-06,1.54533,1.55148,1.53976,1.54075,0.0
2008-08-07,1.5408,1.55025,1.53098,1.53246,0.0
2008-08-08,1.53236,1.53339,1.49977,1.50062,0.0
2008-08-11,1.49291,1.50831,1.48784,1.49107,0.0
2008-08-12,1.49098,1.49642,1.48151,1.49256,0.0
2008-08-13,1.4922,1.49806,1.4843,1.49182,0.0
2008-08-14,1.49171,1.49492,1.47768,1.48255,0.0
2008-08-15,1.48245,1.48252,1.46556,1.46868,0.0
2008-08-18,1.46758,1.47668,1.46657,1.46941,0.0
2008-08-19,1.46952,1.4793,1.46305,1.47748,0.0
2008-08-20,1.47744,1.48063,1.46719,1.47466,0.0
2008-08-21,1.47475,1.49026,1.47307,1.48982,0.0
2008-08-22,1.49016,1.49083,1.47568,1.47908,0.0
2008-08-25,1.47839,1.48076,1.4695,1.47533,0.0
2008-08-26,1.47535,1.47598,1.45681,1.46531,0.0
2008-08-27,1.46525,1.47758,1.46328,1.47265,0.0
2008-08-28,1.47251,1.48108,1.46713,1.4706,0.0
2008-08-29,1.47057,1.47662,1.46392,1.46704,0.0
2008-09-01,1.46953,1.47214,1.45798,1.46152,0.0
2008-09-02,1.46145,1.46148,1.44655,1.45196,0.0
2008-09-03,1.45191,1.45307,1.43842,1.4497,0.0
2008-09-04,1.4496,1.4544,1.43155,1.43236,0.0
2008-09-05,1.43235,1.43468,1.41966,1.42644,0.0
2008-09-08,1.43281,1.44277,1.40528,1.41262,0.0
2008-09-09,1.41303,1.42277,1.40456,1.41334,0.0
2008-09-10,1.41287,1.41782,1.39891,1.39988,0.0
2008-09-11,1.39963,1.39985,1.38814,1.39954,0.0
2008-09-12,1.40131,1.42319,1.39726,1.42115,0.0
2008-09-15,1.43137,1.44804,1.40858,1.42435,0.0
2008-09-16,1.42536,1.43066,1.40729,1.41291,0.0
2008-09-17,1.41285,1.43839,1.40749,1.43244,0.0
2008-09-18,1.43264,1.45415,1.4278,1.43466,0.0
2008-09-19,1.43451,1.4497,1.41521,1.44639,0.0
2008-09-22,1.44888,1.48661,1.44354,1.47743,0.0
2008-09-23,1.47703,1.48249,1.46218,1.46502,0.0
2008-09-24,1.46488,1.47463,1.46104,1.46193,0.0
2008-09-25,1.46205,1.47682,1.45605,1.4608,0.0
2008-09-26,1.4607,1.46775,1.45532,1.46133,0.0
2008-09-29,1.45557,1.45693,1.43018,1.44331,0.0
2008-09-30,1.44297,1.44325,1.40086,1.40909,0.0
2008-10-01,1.40909,1.41737,1.39732,1.40076,0.0
2008-10-02,1.40066,1.40307,1.37455,1.38179,0.0
2008-10-03,1.38212,1.39066,1.37019,1.37722,0.0
2008-10-06,1.36667,1.37038,1.34417,1.35027,0.0
2008-10-07,1.34963,1.37399,1.34801,1.35867,0.0
2008-10-08,1.35882,1.37544,1.35428,1.3654,0.0
2008-10-09,1.36562,1.37847,1.35787,1.3602,0.0
2008-10-10,1.36012,1.36521,1.32575,1.34096,0.0
2008-10-13,1.35707,1.36821,1.34563,1.35757,0.0
2008-10-14,1.35821,1.37686,1.3574,1.36183,0.0
2008-10-15,1.36186,1.36881,1.34831,1.3497,0.0
2008-10-16,1.34994,1.35377,1.33449,1.34537,0.0
2008-10-17,1.34564,1.35168,1.33859,1.34083,0.0
2008-10-20,1.34237,1.35297,1.32874,1.33422,0.0
2008-10-21,1.33414,1.33582,1.30503,1.30616,0.0
2008-10-22,1.30594,1.30786,1.27381,1.28533,0.0
2008-10-23,1.28578,1.29339,1.27267,1.29328,0.0
2008-10-24,1.29333,1.3005,1.24952,1.26199,0.0
2008-10-27,1.25566,1.26854,1.23336,1.24912,0.0
2008-10-28,1.2491,1.2741,1.23287,1.26805,0.0
2008-10-29,1.26799,1.29918,1.26252,1.29622,0.0
2008-10-30,1.29603,1.32957,1.28051,1.29142,0.0
2008-10-31,1.29128,1.29215,1.26664,1.2729,0.0
2008-11-03,1.27443,1.28973,1.25951,1.26424,0.0
2008-11-04,1.26409,1.30474,1.2525,1.2981,0.0
2008-11-05,1.29842,1.31156,1.2792,1.29536,0.0
2008-11-06,1.29546,1.29546,1.26787,1.27137,0.0
2008-11-07,1.27154,1.28508,1.26522,1.27157,0.0
2008-11-10,1.28179,1.29269,1.27175,1.27471,0.0
2008-11-11,1.27471,1.28,1.25068,1.25215,0.0
2008-11-12,1.25177,1.26316,1.24668,1.25036,0.0
2008-11-13,1.25047,1.28552,1.23879,1.27718,0.0
2008-11-14,1.27577,1.28271,1.25705,1.26017,0.0
2008-11-17,1.2531,1.27417,1.25107,1.26482,0.0
2008-11-18,1.2649,1.26996,1.25662,1.26166,0.0
2008-11-19,1.26166,1.28126,1.24827,1.24873,0.0
2008-11-20,1.24875,1.25931,1.24337,1.24535,0.0
2008-11-21,1.24506,1.26375,1.24231,1.25889,0.0
2008-11-24,1.25883,1.29537,1.25652,1.29537,0.0
2008-11-25,1.29541,1.30801,1.28038,1.30632,0.0
2008-11-26,1.30647,1.30699,1.28191,1.2879,0.0
2008-11-27,1.28773,1.29685,1.28598,1.29037,0.0
2008-11-28,1.29033,1.29556,1.26447,1.26893,0.0
2008-12-01,1.27092,1.27121,1.25814,1.26075,0.0
2008-12-02,1.26072,1.27656,1.25619,1.27127,0.0
2008-12-03,1.2711,1.27409,1.26021,1.27167,0.0
2008-12-04,1.27148,1.28484,1.25487,1.2779,0.0
2008-12-05,1.27767,1.27982,1.26264,1.27209,0.0
2008-12-08,1.27261,1.2967,1.27175,1.29572,0.0
2008-12-09,1.29575,1.30007,1.27987,1.29261,0.0
2008-12-10,1.29251,1.30697,1.29032,1.30211,0.0
2008-12-11,1.30226,1.34057,1.30001,1.33529,0.0
2008-12-12,1.33457,1.34147,1.32511,1.33677,0.0
2008-12-15,1.33656,1.37216,1.33656,1.36866,0.0
2008-12-16,1.36879,1.41474,1.36288,1.40083,0.0
2008-12-17,1.40002,1.44373,1.40002,1.44201,0.0
2008-12-18,1.44192,1.47189,1.41811,1.42407,0.0
2008-12-19,1.42466,1.43067,1.3824,1.39059,0.0
2008-12-22,1.39309,1.41245,1.39021,1.39424,0.0
2008-12-23,1.39429,1.40203,1.39193,1.39247,0.0
2008-12-24,1.39194,1.40182,1.39136,1.40016,0.0
2008-12-25,1.40016,1.40016,1.40016,1.40016,0.0
2008-12-26,1.4063,1.41174,1.40108,1.40272,0.0
2008-12-29,1.40593,1.4362,1.39205,1.39258,0.0
2008-12-30,1.39205,1.42207,1.39205,1.40556,0.0
2008-12-31,1.40575,1.41476,1.38486,1.39697,0.0
2009-01-02,1.38633,1.39858,1.38393,1.39189,0.0
2009-01-05,1.39025,1.39624,1.3546,1.36355,0.0
2009-01-06,1.36343,1.36594,1.33119,1.35356,0.0
2009-01-07,1.3532,1.37459,1.34312,1.36434,0.0
2009-01-08,1.36452,1.37988,1.3534,1.37017,0.0
2009-01-09,1.36985,1.37499,1.34136,1.34718,0.0
2009-01-12,1.34716,1.34745,1.32896,1.33611,0.0
2009-01-13,1.33617,1.33725,1.31392,1.31801,0.0
2009-01-14,1.31786,1.33355,1.30926,1.31904,0.0
2009-01-15,1.31853,1.3242,1.30248,1.3115,0.0
2009-01-16,1.31219,1.3343,1.31116,1.32648,0.0
2009-01-19,1.3334,1.33852,1.30673,1.30683,0.0
2009-01-20,1.30717,1.31032,1.28557,1.29052,0.0
2009-01-21,1.28976,1.3085,1.28249,1.30214,0.0
2009-01-22,1.30249,1.30832,1.29075,1.30002,0.0
2009-01-23,1.29991,1.30354,1.27651,1.29688,0.0
2009-01-26,1.29594,1.32071,1.28605,1.31874,0.0
2009-01-27,1.31863,1.33283,1.31183,1.316,0.0
2009-01-28,1.31602,1.33271,1.31015,1.31649,0.0
2009-01-29,1.31625,1.31789,1.29319,1.2953,0.0
2009-01-30,1.29525,1.2957,1.27621,1.28108,0.0
2009-02-02,1.27676,1.28987,1.27061,1.28416,0.0
2009-02-03,1.2842,1.30571,1.28013,1.30394,0.0
2009-02-04,1.30415,1.30705,1.28119,1.28477,0.0
2009-02-05,1.28486,1.29048,1.27601,1.27904,0.0
2009-02-06,1.27889,1.29929,1.27465,1.29423,0.0
2009-02-09,1.29621,1.3093,1.28727,1.30018,0.0
2009-02-10,1.30064,1.30737,1.2809,1.29119,0.0
2009-02-11,1.29097,1.29975,1.28332,1.29047,0.0
2009-02-12,1.29051,1.29431,1.27216,1.28596,0.0
2009-02-13,1.28612,1.29422,1.28209,1.28612,0.0
2009-02-16,1.27813,1.2825,1.27264,1.28017,0.0
2009-02-17,1.28041,1.28051,1.2562,1.25819,0.0
2009-02-18,1.25825,1.26403,1.25129,1.25297,0.0
2009-02-19,1.25275,1.27601,1.25265,1.26717,0.0
2009-02-20,1.26712,1.28822,1.25578,1.28273,0.0
2009-02-23,1.28101,1.29912,1.26912,1.2693,0.0
2009-02-24,1.26925,1.28763,1.26616,1.28451,0.0
2009-02-25,1.28437,1.28985,1.26896,1.27236,0.0
2009-02-26,1.27225,1.28099,1.26814,1.27426,0.0
2009-02-27,1.27411,1.27501,1.26035,1.26657,0.0
2009-03-02,1.2631,1.26355,1.25446,1.25775,0.0
2009-03-03,1.25751,1.26775,1.2521,1.25608,0.0
2009-03-04,1.25623,1.26616,1.24559,1.26604,0.0
2009-03-05,1.26586,1.26631,1.24804,1.25383,0.0
2009-03-06,1.25381,1.27524,1.25315,1.26504,0.0
2009-03-09,1.26505,1.27261,1.25555,1.26104,0.0
2009-03-10,1.26114,1.28227,1.25782,1.26815,0.0
2009-03-11,1.2681,1.28642,1.26159,1.28358,0.0
2009-03-12,1.28333,1.29449,1.27314,1.29089,0.0
2009-03-13,1.29104,1.29573,1.28617,1.29274,0.0
2009-03-16,1.28792,1.30711,1.28327,1.29677,0.0
2009-03-17,1.29689,1.30328,1.29313,1.30162,0.0
2009-03-18,1.30171,1.34978,1.29861,1.34794,0.0
2009-03-19,1.34791,1.37373,1.34163,1.36637,0.0
2009-03-20,1.36644,1.37256,1.35166,1.35784,0.0
2009-03-23,1.3623,1.37359,1.34849,1.36323,0.0
2009-03-24,1.36321,1.36779,1.3431,1.34674,0.0
2009-03-25,1.34649,1.36505,1.34183,1.35815,0.0
2009-03-26,1.35835,1.36394,1.34942,1.35247,0.0
2009-03-27,1.35238,1.35905,1.32561,1.32838,0.0
2009-03-30,1.32143,1.32849,1.31132,1.31978,0.0
2009-03-31,1.31995,1.33427,1.31733,1.32498,0.0
2009-04-01,1.32481,1.32865,1.31653,1.32479,0.0
2009-04-02,1.32478,1.35171,1.32217,1.34602,0.0
2009-04-03,1.34628,1.34952,1.33645,1.34823,0.0
2009-04-06,1.34991,1.35819,1.33574,1.34156,0.0
2009-04-07,1.34157,1.34181,1.3225,1.32708,0.0
2009-04-08,1.32718,1.33078,1.31468,1.32791,0.0
2009-04-09,1.32786,1.33357,1.31253,1.31675,0.0
2009-04-10,1.31647,1.31876,1.30884,1.31865,0.0
2009-04-13,1.31836,1.33923,1.31255,1.33701,0.0
2009-04-14,1.33683,1.33808,1.32259,1.32583,0.0
2009-04-15,1.32573,1.32974,1.31455,1.3226,0.0
2009-04-16,1.32265,1.32684,1.31263,1.31848,0.0
2009-04-17,1.31831,1.31958,1.30163,1.30421,0.0
2009-04-20,1.30599,1.30599,1.28878,1.29216,0.0
2009-04-21,1.29204,1.29932,1.28966,1.29442,0.0
2009-04-22,1.29476,1.30382,1.2884,1.30048,0.0
2009-04-23,1.30053,1.31596,1.29794,1.31441,0.0
2009-04-24,1.31447,1.33004,1.31121,1.32405,0.0
2009-04-27,1.32445,1.32484,1.2999,1.30348,0.0
2009-04-28,1.30357,1.31651,1.29638,1.31481,0.0
2009-04-29,1.31475,1.33401,1.31196,1.32712,0.0
2009-04-30,1.32718,1.33861,1.31911,1.32274,0.0
2009-05-01,1.32269,1.33278,1.32194,1.3268,0.0
2009-05-04,1.32741,1.34245,1.32119,1.34053,0.0
2009-05-05,1.34054,1.3438,1.32825,1.33291,0.0
2009-05-06,1.33256,1.33738,1.32457,1.33315,0.0
2009-05-07,1.33315,1.34686,1.32516,1.33882,0.0
2009-05-08,1.33859,1.36494,1.33418,1.36389,0.0
2009-05-11,1.36445,1.36689,1.35563,1.35806,0.0
2009-05-12,1.35801,1.37063,1.35627,1.36489,0.0
2009-05-13,1.36514,1.37221,1.35657,1.35993,0.0
2009-05-14,1.35985,1.3665,1.35249,1.3639,0.0
2009-05-15,1.36385,1.36504,1.34612,1.3494,0.0
2009-05-18,1.34775,1.35634,1.34223,1.35609,0.0
2009-05-19,1.35608,1.36679,1.35301,1.36308,0.0
2009-05-20,1.36293,1.383,1.35829,1.37794,0.0
2009-05-21,1.37793,1.39235,1.37284,1.38911,0.0
2009-05-22,1.38917,1.40502,1.3889,1.39962,0.0
2009-05-25,1.40161,1.40455,1.39578,1.4014,0.0
2009-05-26,1.40124,1.40229,1.3858,1.39843,0.0
2009-05-27,1.39828,1.40004,1.38244,1.38287,0.0
2009-05-28,1.38293,1.39828,1.37911,1.39425,0.0
2009-05-29,1.39435,1.41675,1.39258,1.4159,0.0
2009-06-01,1.4145,1.4247,1.4099,1.41594,0.0
2009-06-02,1.416,1.43317,1.41012,1.43033,0.0
2009-06-03,1.43021,1.43373,1.41083,1.41623,0.0
2009-06-04,1.41583,1.42426,1.407,1.41798,0.0
2009-06-05,1.41834,1.42673,1.39326,1.39704,0.0
2009-06-08,1.3969,1.40022,1.38036,1.38981,0.0
2009-06-09,1.38961,1.41022,1.38521,1.40654,0.0
2009-06-10,1.4067,1.41429,1.39151,1.39837,0.0
2009-06-11,1.39788,1.41773,1.39427,1.41078,0.0
2009-06-12,1.4108,1.41281,1.39353,1.40161,0.0
2009-06-15,1.39961,1.4002,1.37551,1.38005,0.0
2009-06-16,1.3797,1.39326,1.3748,1.38363,0.0
2009-06-17,1.3835,1.39852,1.38064,1.3942,0.0
2009-06-18,1.39421,1.40008,1.38709,1.38999,0.0
2009-06-19,1.39011,1.40128,1.38834,1.39385,0.0
2009-06-22,1.3949,1.39545,1.38261,1.38636,0.0
2009-06-23,1.38614,1.41068,1.38281,1.40766,0.0
2009-06-24,1.40746,1.41374,1.38883,1.39292,0.0
2009-06-25,1.39288,1.40128,1.38888,1.39869,0.0
2009-06-26,1.39856,1.41178,1.39823,1.40581,0.0
2009-06-29,1.4064,1.41028,1.39827,1.40813,0.0
2009-06-30,1.40773,1.41529,1.40016,1.40313,0.0
2009-07-01,1.40333,1.42008,1.40009,1.41424,0.0
2009-07-02,1.41409,1.41544,1.39885,1.40036,0.0
2009-07-03,1.40022,1.40273,1.39272,1.39806,0.0
2009-07-06,1.39572,1.39981,1.38751,1.39845,0.0
2009-07-07,1.39833,1.40499,1.39033,1.39227,0.0
2009-07-08,1.39194,1.39376,1.38321,1.38831,0.0
2009-07-09,1.38831,1.4071,1.3858,1.40187,0.0
2009-07-10,1.40177,1.40297,1.38782,1.39344,0.0
2009-07-13,1.39457,1.40009,1.38968,1.3977,0.0
2009-07-14,1.39775,1.4014,1.39112,1.3967,0.0
2009-07-15,1.39665,1.41344,1.39629,1.41038,0.0
2009-07-16,1.41071,1.41648,1.40563,1.41462,0.0
2009-07-17,1.41483,1.41495,1.40623,1.41011,0.0
2009-07-20,1.40983,1.42487,1.40938,1.42302,0.0
2009-07-21,1.42283,1.42763,1.41633,1.42241,0.0
2009-07-22,1.42234,1.42567,1.41586,1.42182,0.0
2009-07-23,1.42206,1.42903,1.41194,1.41446,0.0
2009-07-24,1.41449,1.42532,1.41353,1.42047,0.0
2009-07-27,1.42218,1.42975,1.41713,1.42309,0.0
2009-07-28,1.42329,1.43037,1.41304,1.41651,0.0
2009-07-29,1.4166,1.4195,1.40068,1.40491,0.0
2009-07-30,1.40475,1.40946,1.40084,1.4074,0.0
2009-07-31,1.4074,1.42787,1.4064,1.42574,0.0
2009-08-03,1.42647,1.44446,1.42061,1.44101,0.0
2009-08-04,1.4413,1.44311,1.43669,1.44071,0.0
2009-08-05,1.44071,1.44466,1.43552,1.4403,0.0
2009-08-06,1.44026,1.443,1.43285,1.43455,0.0
2009-08-07,1.4347,1.44105,1.41541,1.41821,0.0
2009-08-10,1.41789,1.42181,1.4105,1.41385,0.0
2009-08-11,1.4139,1.4185,1.41096,1.41488,0.0
2009-08-12,1.41493,1.42465,1.40859,1.41916,0.0
2009-08-13,1.419,1.43263,1.41802,1.42918,0.0
2009-08-14,1.42878,1.4306,1.41598,1.42021,0.0
2009-08-17,1.4186,1.41933,1.40447,1.4081,0.0
2009-08-18,1.40815,1.41487,1.40667,1.41336,0.0
2009-08-19,1.41305,1.42662,1.4083,1.4223,0.0
2009-08-20,1.4223,1.42747,1.42,1.42534,0.0
2009-08-21,1.42544,1.43754,1.42084,1.43272,0.0
2009-08-24,1.43305,1.43586,1.428,1.4302,0.0
2009-08-25,1.43019,1.43611,1.42524,1.42956,0.0
2009-08-26,1.42949,1.43504,1.42064,1.42522,0.0
2009-08-27,1.42532,1.44067,1.42186,1.4343,0.0
2009-08-28,1.43437,1.43882,1.42812,1.43019,0.0
2009-08-31,1.43084,1.43662,1.42555,1.43319,0.0
2009-09-01,1.43314,1.43781,1.41773,1.42226,0.0
2009-09-02,1.42211,1.4294,1.419,1.42641,0.0
2009-09-03,1.42635,1.43469,1.42354,1.42506,0.0
2009-09-04,1.4251,1.4326,1.4191,1.42978,0.0
2009-09-07,1.43028,1.43622,1.42993,1.43301,0.0
2009-09-08,1.43325,1.45334,1.43282,1.44801,0.0
2009-09-09,1.44798,1.45995,1.44662,1.45594,0.0
2009-09-10,1.45573,1.46123,1.45019,1.45699,0.0
2009-09-11,1.458,1.46339,1.45528,1.45699,0.0
2009-09-14,1.46,1.46526,1.45147,1.4618,0.0
2009-09-15,1.46175,1.46853,1.45613,1.4659,0.0
2009-09-16,1.46585,1.47363,1.46454,1.47106,0.0
2009-09-17,1.47107,1.47667,1.46879,1.47422,0.0
2009-09-18,1.47415,1.4747,1.46479,1.47098,0.0
2009-09-21,1.47045,1.47125,1.46111,1.46806,0.0
2009-09-22,1.46796,1.4822,1.46702,1.47888,0.0
2009-09-23,1.47917,1.48431,1.47276,1.47345,0.0
2009-09-24,1.47345,1.48028,1.46279,1.46647,0.0
2009-09-25,1.4661,1.47238,1.46145,1.46895,0.0
2009-09-28,1.47011,1.47201,1.45628,1.4621,0.0
2009-09-29,1.462,1.46454,1.45262,1.45865,0.0
2009-09-30,1.4583,1.46741,1.45747,1.46376,0.0
2009-10-01,1.46354,1.46679,1.45168,1.45456,0.0
2009-10-02,1.45419,1.46468,1.44797,1.45748,0.0
2009-10-05,1.46095,1.46688,1.45801,1.46489,0.0
2009-10-06,1.46479,1.4762,1.46454,1.47224,0.0
2009-10-07,1.472,1.47366,1.46504,1.46925,0.0
2009-10-08,1.46881,1.4817,1.46829,1.47921,0.0
2009-10-09,1.4792,1.47961,1.4673,1.47259,0.0
2009-10-12,1.47225,1.48121,1.46754,1.47729,0.0
2009-10-13,1.47721,1.4876,1.47617,1.48551,0.0
2009-10-14,1.48532,1.49452,1.48369,1.4921,0.0
2009-10-15,1.49275,1.49665,1.48428,1.49468,0.0
2009-10-16,1.49443,1.49671,1.48485,1.49039,0.0
2009-10-19,1.4886,1.4965,1.48279,1.49628,0.0
2009-10-20,1.49636,1.49941,1.48815,1.49444,0.0
2009-10-21,1.49378,1.50453,1.49148,1.50151,0.0
2009-10-22,1.5014,1.50378,1.49443,1.50331,0.0
2009-10-23,1.50261,1.50596,1.49855,1.50066,0.0
2009-10-26,1.49935,1.50626,1.48451,1.48748,0.0
2009-10-27,1.48721,1.49269,1.47698,1.48032,0.0
2009-10-28,1.48002,1.48399,1.46914,1.47047,0.0
2009-10-29,1.47067,1.48591,1.46837,1.48222,0.0
2009-10-30,1.48252,1.48578,1.47031,1.47224,0.0
2009-11-02,1.47159,1.48446,1.46836,1.47739,0.0
2009-11-03,1.477,1.48096,1.46254,1.47238,0.0
2009-11-04,1.4721,1.49082,1.47018,1.48624,0.0
2009-11-05,1.48645,1.49171,1.48101,1.48729,0.0
2009-11-06,1.48691,1.49134,1.48127,1.48447,0.0
2009-11-09,1.48839,1.50192,1.48529,1.49993,0.0
2009-11-10,1.49965,1.50205,1.48744,1.48744,0.0
2009-11-11,1.4988,1.50487,1.49527,1.49852,0.0
2009-11-12,1.49829,1.50156,1.48219,1.48475,0.0
2009-11-13,1.48447,1.49373,1.48239,1.49034,0.0
2009-11-16,1.49184,1.50146,1.48801,1.49687,0.0
2009-11-17,1.49699,1.49988,1.48082,1.48744,0.0
2009-11-18,1.48733,1.499,1.48581,1.49624,0.0
2009-11-19,1.49588,1.49653,1.48424,1.49258,0.0
2009-11-20,1.4923,1.49349,1.48009,1.48601,0.0
2009-11-23,1.48644,1.49985,1.48518,1.49608,0.0
2009-11-24,1.49595,1.49884,1.48882,1.49682,0.0
2009-11-25,1.49652,1.51437,1.49547,1.51355,0.0
2009-11-26,1.51364,1.51411,1.49587,1.50171,0.0
2009-11-27,1.50105,1.50155,1.48282,1.49862,0.0
2009-11-30,1.50127,1.5083,1.49623,1.50051,0.0
2009-12-01,1.50046,1.51169,1.49708,1.50799,0.0
2009-12-02,1.50815,1.51088,1.50315,1.50436,0.0
2009-12-03,1.50445,1.51404,1.50414,1.50547,0.0
2009-12-04,1.50426,1.509,1.48214,1.48547,0.0
2009-12-07,1.48554,1.49038,1.47555,1.48262,0.0
2009-12-08,1.48257,1.4867,1.46797,1.47007,0.0
2009-12-09,1.4701,1.47815,1.46683,1.47247,0.0
2009-12-10,1.4726,1.47595,1.4683,1.47301,0.0
2009-12-11,1.47314,1.47765,1.45859,1.46162,0.0
2009-12-14,1.46221,1.4685,1.45964,1.46552,0.0
2009-12-15,1.46601,1.46621,1.45028,1.4537,0.0
2009-12-16,1.45333,1.45895,1.45049,1.45304,0.0
2009-12-17,1.45342,1.45354,1.43037,1.43368,0.0
2009-12-18,1.43371,1.44102,1.42606,1.4331,0.0
2009-12-21,1.43071,1.43723,1.42666,1.42746,0.0
2009-12-22,1.42741,1.43312,1.42165,1.42483,0.0
2009-12-23,1.42483,1.43656,1.42332,1.43377,0.0
2009-12-24,1.43324,1.44175,1.43227,1.43776,0.0
2009-12-28,1.43876,1.4413,1.43539,1.43787,0.0
2009-12-29,1.43783,1.44575,1.4331,1.43524,0.0
2009-12-30,1.43521,1.43605,1.42726,1.43381,0.0
2009-12-31,1.43368,1.44394,1.43057,1.43229,0.0
2010-01-04,1.43008,1.44559,1.42569,1.44119,0.0
2010-01-05,1.44096,1.4483,1.43455,1.43639,0.0
2010-01-06,1.43648,1.44344,1.42826,1.44088,0.0
2010-01-07,1.44093,1.44462,1.42983,1.43069,0.0
2010-01-08,1.43097,1.44385,1.42627,1.44094,0.0
2010-01-11,1.44278,1.45564,1.44071,1.45117,0.0
2010-01-12,1.45147,1.45452,1.44527,1.44868,0.0
2010-01-13,1.44876,1.45792,1.44556,1.45099,0.0
2010-01-14,1.45085,1.45551,1.44456,1.44986,0.0
2010-01-15,1.44991,1.45118,1.43362,1.43862,0.0
2010-01-18,1.43521,1.43989,1.43347,1.43839,0.0
2010-01-19,1.43824,1.44137,1.42517,1.42879,0.0
2010-01-20,1.42871,1.42948,1.40798,1.41042,0.0
2010-01-21,1.41044,1.41421,1.40289,1.40843,0.0
2010-01-22,1.40848,1.41814,1.40662,1.41372,0.0
2010-01-25,1.41551,1.41938,1.41274,1.41505,0.0
2010-01-26,1.415,1.41787,1.40416,1.40713,0.0
2010-01-27,1.40716,1.40961,1.39928,1.40228,0.0
2010-01-28,1.4022,1.40513,1.39391,1.39701,0.0
2010-01-29,1.39694,1.39861,1.38616,1.38619,0.0
2010-02-01,1.38657,1.39381,1.38517,1.39301,0.0
2010-02-02,1.39286,1.39738,1.38856,1.39634,0.0
2010-02-03,1.39646,1.40248,1.38856,1.38941,0.0
2010-02-04,1.38903,1.39015,1.37219,1.3723,0.0
2010-02-05,1.3724,1.37458,1.35841,1.36769,0.0
2010-02-08,1.36533,1.37122,1.3621,1.36493,0.0
2010-02-09,1.36478,1.38385,1.36427,1.37957,0.0
2010-02-10,1.37933,1.3812,1.3676,1.3736,0.0
2010-02-11,1.37371,1.38005,1.35951,1.36923,0.0
2010-02-12,1.36913,1.36944,1.3531,1.36306,0.0
2010-02-15,1.36242,1.36334,1.35781,1.35963,0.0
2010-02-16,1.35966,1.37785,1.35878,1.37681,0.0
2010-02-17,1.37694,1.37879,1.35848,1.36031,0.0
2010-02-18,1.35994,1.36535,1.35096,1.35253,0.0
2010-02-19,1.35266,1.36179,1.34426,1.36111,0.0
2010-02-22,1.36389,1.36532,1.35749,1.35947,0.0
2010-02-23,1.35976,1.36922,1.34966,1.35066,0.0
2010-02-24,1.35096,1.36257,1.35019,1.35382,0.0
2010-02-25,1.35398,1.357,1.34508,1.3548,0.0
2010-02-26,1.3548,1.36826,1.35302,1.36275,0.0
2010-03-01,1.36223,1.36531,1.34598,1.35596,0.0
2010-03-02,1.35596,1.36214,1.34401,1.36144,0.0
2010-03-03,1.36126,1.37351,1.35923,1.36958,0.0
2010-03-04,1.36965,1.3712,1.35505,1.35802,0.0
2010-03-05,1.35809,1.36298,1.35297,1.3621,0.0
2010-03-08,1.363,1.3703,1.36049,1.36328,0.0
2010-03-09,1.36318,1.36348,1.35368,1.36004,0.0
2010-03-10,1.36002,1.36785,1.35447,1.3656,0.0
2010-03-11,1.36544,1.36868,1.36193,1.36799,0.0
2010-03-12,1.36769,1.37959,1.36688,1.37676,0.0
2010-03-15,1.37751,1.37774,1.36392,1.36761,0.0
2010-03-16,1.36712,1.37829,1.3656,1.37647,0.0
2010-03-17,1.37681,1.38173,1.37256,1.37368,0.0
2010-03-18,1.3737,1.37403,1.35858,1.3607,0.0
2010-03-19,1.36094,1.36265,1.35025,1.35286,0.0
2010-03-22,1.35359,1.35672,1.34626,1.35567,0.0
2010-03-23,1.35547,1.35687,1.34751,1.34978,0.0
2010-03-24,1.34993,1.35057,1.33117,1.33132,0.0
2010-03-25,1.33106,1.33864,1.32668,1.3271,0.0
2010-03-26,1.32741,1.34247,1.3267,1.34086,0.0
2010-03-29,1.34699,1.35057,1.34184,1.34811,0.0
2010-03-30,1.34801,1.35366,1.33951,1.34131,0.0
2010-03-31,1.34121,1.3548,1.33841,1.35091,0.0
2010-04-01,1.35084,1.35907,1.34597,1.35879,0.0
2010-04-02,1.35831,1.35901,1.34742,1.35033,0.0
2010-04-05,1.34959,1.35376,1.34598,1.34834,0.0
2010-04-06,1.34827,1.34965,1.33549,1.33984,0.0
2010-04-07,1.33982,1.3408,1.33256,1.33432,0.0
2010-04-08,1.33422,1.33654,1.32818,1.33597,0.0
2010-04-09,1.33612,1.34982,1.33412,1.3497,0.0
2010-04-12,1.36587,1.3691,1.35659,1.35902,0.0
2010-04-13,1.35912,1.36267,1.35445,1.36122,0.0
2010-04-14,1.36091,1.36782,1.35937,1.36526,0.0
2010-04-15,1.36501,1.36661,1.35209,1.35725,0.0
2010-04-16,1.35751,1.35841,1.3472,1.35008,0.0
2010-04-19,1.34668,1.34965,1.34156,1.34883,0.0
2010-04-20,1.34867,1.35222,1.3428,1.3434,0.0
2010-04-21,1.3436,1.34468,1.33577,1.33884,0.0
2010-04-22,1.33884,1.34207,1.32571,1.32938,0.0
2010-04-23,1.32882,1.33992,1.32014,1.33814,0.0
2010-04-26,1.33464,1.33971,1.32917,1.33827,0.0
2010-04-27,1.33912,1.34154,1.31658,1.31739,0.0
2010-04-28,1.31698,1.32656,1.31142,1.3219,0.0
2010-04-29,1.32139,1.32787,1.31838,1.32327,0.0
2010-04-30,1.32292,1.33417,1.32231,1.32931,0.0
2010-05-03,1.33387,1.33415,1.31538,1.31941,0.0
2010-05-04,1.31915,1.32134,1.29812,1.29878,0.0
2010-05-05,1.29861,1.2995,1.28033,1.28135,0.0
2010-05-06,1.27953,1.28561,1.25184,1.26196,0.0
2010-05-07,1.26194,1.27973,1.25851,1.27509,0.0
2010-05-10,1.2917,1.3093,1.27584,1.27843,0.0
2010-05-11,1.27835,1.2802,1.26563,1.26629,0.0
2010-05-12,1.26516,1.27383,1.26049,1.26134,0.0
2010-05-13,1.26129,1.26836,1.25174,1.25333,0.0
2010-05-14,1.25351,1.25752,1.23536,1.23578,0.0
2010-05-17,1.23411,1.24136,1.22334,1.2394,0.0
2010-05-18,1.23955,1.24434,1.21607,1.22016,0.0
2010-05-19,1.21947,1.24233,1.21429,1.24144,0.0
2010-05-20,1.24206,1.25967,1.22953,1.24866,0.0
2010-05-21,1.24867,1.26713,1.24539,1.25652,0.0
2010-05-24,1.2536,1.25616,1.23435,1.23687,0.0
2010-05-25,1.23685,1.23693,1.21774,1.23441,0.0
2010-05-26,1.23466,1.23869,1.21677,1.21759,0.0
2010-05-27,1.21766,1.23944,1.21534,1.23606,0.0
2010-05-28,1.23667,1.24526,1.22645,1.22724,0.0
2010-05-31,1.22649,1.23329,1.22597,1.23046,0.0
2010-06-01,1.2306,1.23519,1.21104,1.22297,0.0
2010-06-02,1.22264,1.2273,1.21748,1.2248,0.0
2010-06-03,1.22507,1.2326,1.21522,1.21617,0.0
2010-06-04,1.21617,1.22148,1.19553,1.19671,0.0
2010-06-07,1.19274,1.19909,1.18756,1.19226,0.0
2010-06-08,1.19189,1.20082,1.19014,1.19716,0.0
2010-06-09,1.19681,1.20724,1.19235,1.1978,0.0
2010-06-10,1.19808,1.2141,1.19561,1.21226,0.0
2010-06-11,1.21161,1.21519,1.20446,1.21108,0.0
2010-06-14,1.21275,1.22975,1.21142,1.22198,0.0
2010-06-15,1.22207,1.2349,1.21675,1.23315,0.0
2010-06-16,1.23294,1.23528,1.22542,1.23098,0.0
2010-06-17,1.23084,1.24122,1.22413,1.23877,0.0
2010-06-18,1.2383,1.24169,1.23532,1.23863,0.0
2010-06-21,1.24497,1.24667,1.23041,1.2311,0.0
2010-06-22,1.23156,1.23534,1.22506,1.22702,0.0
2010-06-23,1.22677,1.2343,1.22089,1.23098,0.0
2010-06-24,1.23076,1.23867,1.22612,1.23332,0.0
2010-06-25,1.23378,1.23939,1.2254,1.23685,0.0
2010-06-28,1.23725,1.23969,1.2265,1.22759,0.0
2010-06-29,1.22749,1.22904,1.21509,1.21867,0.0
2010-06-30,1.21856,1.23038,1.21651,1.22369,0.0
2010-07-01,1.22324,1.25383,1.2193,1.25253,0.0
2010-07-02,1.25261,1.2611,1.24814,1.25652,0.0
2010-07-05,1.25606,1.25635,1.25089,1.25374,0.0
2010-07-06,1.25364,1.26612,1.24797,1.26255,0.0
2010-07-07,1.26235,1.26643,1.25533,1.26371,0.0
2010-07-08,1.26337,1.27114,1.26199,1.26964,0.0
2010-07-09,1.26994,1.27218,1.26081,1.26395,0.0
2010-07-12,1.2635,1.26468,1.25505,1.25956,0.0
2010-07-13,1.25926,1.27375,1.25225,1.27238,0.0
2010-07-14,1.27224,1.27769,1.26821,1.27435,0.0
2010-07-15,1.27426,1.29542,1.27079,1.29481,0.0
2010-07-16,1.29456,1.30064,1.28892,1.29288,0.0
2010-07-19,1.29041,1.29913,1.28702,1.29413,0.0
2010-07-20,1.29431,1.30279,1.28388,1.28787,0.0
2010-07-21,1.28822,1.29126,1.27318,1.27522,0.0
2010-07-22,1.27522,1.2932,1.27369,1.28917,0.0
2010-07-23,1.28917,1.29646,1.27928,1.29056,0.0
2010-07-26,1.28889,1.30054,1.28757,1.29929,0.0
2010-07-27,1.29945,1.3045,1.29517,1.2995,0.0
2010-07-28,1.29951,1.30412,1.2966,1.29934,0.0
2010-07-29,1.29937,1.31055,1.29771,1.30782,0.0
2010-07-30,1.30803,1.30926,1.29801,1.30501,0.0
2010-08-02,1.3062,1.31946,1.30525,1.31793,0.0
2010-08-03,1.31783,1.32618,1.31466,1.32298,0.0
2010-08-04,1.32301,1.32395,1.31306,1.316,0.0
2010-08-05,1.31566,1.32346,1.31189,1.31876,0.0
2010-08-06,1.31853,1.33336,1.31575,1.32775,0.0
2010-08-09,1.32924,1.33073,1.32161,1.32208,0.0
2010-08-10,1.32228,1.32332,1.3074,1.31758,0.0
2010-08-11,1.31717,1.31859,1.28608,1.2862,0.0
2010-08-12,1.28625,1.29317,1.27797,1.28272,0.0
2010-08-13,1.28315,1.29056,1.27471,1.2753,0.0
2010-08-16,1.27637,1.28703,1.27322,1.28257,0.0
2010-08-17,1.28253,1.29157,1.28039,1.28844,0.0
2010-08-18,1.28831,1.29213,1.28231,1.28524,0.0
2010-08-19,1.28508,1.29015,1.27712,1.28215,0.0
2010-08-20,1.28235,1.28325,1.26637,1.27105,0.0
2010-08-23,1.27038,1.27286,1.26461,1.26568,0.0
2010-08-24,1.26558,1.27177,1.25871,1.26265,0.0
2010-08-25,1.2629,1.27267,1.26083,1.26578,0.0
2010-08-26,1.26565,1.27633,1.26502,1.27154,0.0
2010-08-27,1.27152,1.27787,1.26756,1.27605,0.0
2010-08-30,1.27603,1.27676,1.26586,1.26621,0.0
2010-08-31,1.26609,1.27421,1.26249,1.26785,0.0
2010-09-01,1.26785,1.28551,1.26629,1.28078,0.0
2010-09-02,1.28085,1.28477,1.27766,1.28247,0.0
2010-09-03,1.28235,1.2896,1.28081,1.28945,0.0
2010-09-06,1.28894,1.29189,1.28654,1.28734,0.0
2010-09-07,1.28736,1.28757,1.26774,1.26817,0.0
2010-09-08,1.268,1.27625,1.26584,1.27194,0.0
2010-09-09,1.27204,1.27651,1.26651,1.26944,0.0
2010-09-10,1.26943,1.27466,1.26443,1.26788,0.0
2010-09-13,1.27135,1.28919,1.27029,1.28815,0.0
2010-09-14,1.28807,1.30323,1.28291,1.29967,0.0
2010-09-15,1.29962,1.3036,1.29546,1.30104,0.0
2010-09-16,1.30095,1.31161,1.29754,1.30763,0.0
2010-09-17,1.30768,1.31587,1.3019,1.30481,0.0
2010-09-20,1.30619,1.31204,1.30286,1.30604,0.0
2010-09-21,1.30599,1.32848,1.30574,1.32633,0.0
2010-09-22,1.32611,1.34384,1.32476,1.34046,0.0
2010-09-23,1.34018,1.34133,1.33041,1.33135,0.0
2010-09-24,1.3313,1.3494,1.32861,1.34884,0.0
2010-09-27,1.34851,1.35068,1.34245,1.34537,0.0
2010-09-28,1.34517,1.35945,1.33808,1.35842,0.0
2010-09-29,1.35845,1.36456,1.35661,1.36255,0.0
2010-09-30,1.36258,1.36825,1.35591,1.3633,0.0
2010-10-01,1.3633,1.37905,1.36184,1.37897,0.0
2010-10-04,1.38001,1.38043,1.3666,1.3684,0.0
2010-10-05,1.36833,1.38583,1.36369,1.38379,0.0
2010-10-06,1.38374,1.39474,1.37984,1.39286,0.0
2010-10-07,1.39256,1.40283,1.38567,1.39244,0.0
2010-10-08,1.39249,1.39832,1.38329,1.39365,0.0
2010-10-11,1.39949,1.40111,1.38654,1.38752,0.0
2010-10-12,1.38733,1.39342,1.37747,1.39237,0.0
2010-10-13,1.39261,1.40011,1.39119,1.39602,0.0
2010-10-14,1.39617,1.41214,1.39539,1.4083,0.0
2010-10-15,1.40811,1.41587,1.39364,1.39747,0.0
2010-10-18,1.39892,1.39975,1.38309,1.39343,0.0
2010-10-19,1.39308,1.40039,1.37128,1.37252,0.0
2010-10-20,1.37247,1.39906,1.36975,1.3963,0.0
2010-10-21,1.39625,1.40497,1.38711,1.39187,0.0
2010-10-22,1.39182,1.39718,1.38573,1.39527,0.0
2010-10-25,1.39723,1.40797,1.39339,1.3964,0.0
2010-10-26,1.39655,1.39815,1.3825,1.38586,0.0
2010-10-27,1.38575,1.38784,1.37331,1.37678,0.0
2010-10-28,1.37686,1.39451,1.37631,1.39292,0.0
2010-10-29,1.39294,1.39506,1.38068,1.39458,0.0
2010-11-01,1.39606,1.40106,1.38631,1.38916,0.0
2010-11-02,1.38932,1.40576,1.3881,1.40326,0.0
2010-11-03,1.4032,1.41518,1.39911,1.4138,0.0
2010-11-04,1.41361,1.42816,1.41019,1.42067,0.0
2010-11-05,1.4204,1.42482,1.40234,1.40313,0.0
2010-11-08,1.40554,1.40853,1.3887,1.39193,0.0
2010-11-09,1.39183,1.39733,1.37508,1.3772,0.0
2010-11-10,1.37716,1.3825,1.367,1.37822,0.0
2010-11-11,1.37824,1.38205,1.36367,1.36664,0.0
2010-11-12,1.36659,1.37761,1.35733,1.36905,0.0
2010-11-15,1.3705,1.37496,1.35629,1.35863,0.0
2010-11-16,1.35854,1.36552,1.34462,1.34897,0.0
2010-11-17,1.3488,1.35651,1.34602,1.35286,0.0
2010-11-18,1.35263,1.36674,1.3525,1.36409,0.0
2010-11-19,1.36403,1.3731,1.36081,1.3671,0.0
2010-11-22,1.37194,1.37855,1.35758,1.36257,0.0
2010-11-23,1.36277,1.36327,1.33608,1.33676,0.0
2010-11-24,1.33689,1.34208,1.32838,1.33337,0.0
2010-11-25,1.3333,1.33866,1.32858,1.33584,0.0
2010-11-26,1.33602,1.3361,1.31998,1.32394,0.0
2010-11-29,1.32815,1.33015,1.30635,1.31252,0.0
2010-11-30,1.31198,1.31503,1.2968,1.29818,0.0
2010-12-01,1.29851,1.3181,1.29708,1.31377,0.0
2010-12-02,1.31381,1.32464,1.30597,1.32084,0.0
2010-12-03,1.32083,1.3438,1.31928,1.3412,0.0
2010-12-06,1.33756,1.34218,1.32459,1.3307,0.0
2010-12-07,1.33037,1.34002,1.3257,1.32605,0.0
2010-12-08,1.32593,1.32797,1.31796,1.32605,0.0
2010-12-09,1.32585,1.33219,1.31636,1.32385,0.0
2010-12-10,1.32373,1.32816,1.31791,1.32254,0.0
2010-12-13,1.3198,1.34327,1.31819,1.33906,0.0
2010-12-14,1.33912,1.34981,1.33621,1.33767,0.0
2010-12-15,1.33747,1.3381,1.32081,1.32134,0.0
2010-12-16,1.32131,1.32651,1.31807,1.32425,0.0
2010-12-17,1.32452,1.33587,1.31325,1.31872,0.0
2010-12-20,1.31861,1.31862,1.30936,1.31303,0.0
2010-12-21,1.31265,1.32009,1.30734,1.30997,0.0
2010-12-22,1.30967,1.31807,1.30765,1.30984,0.0
2010-12-23,1.30987,1.31508,1.30548,1.31132,0.0
2010-12-24,1.31135,1.31476,1.30862,1.31111,0.0
2010-12-27,1.31141,1.31701,1.30724,1.31635,0.0
2010-12-28,1.31633,1.32739,1.30935,1.31139,0.0
2010-12-29,1.31139,1.32384,1.30831,1.32247,0.0
2010-12-30,1.32244,1.33141,1.32157,1.32895,0.0
2010-12-31,1.32893,1.34238,1.32843,1.33729,0.0
2011-01-03,1.33446,1.33949,1.32499,1.33597,0.0
2011-01-04,1.33591,1.34336,1.32917,1.33066,0.0
2011-01-05,1.33064,1.33247,1.31251,1.31496,0.0
2011-01-06,1.31512,1.31698,1.29965,1.30018,0.0
2011-01-07,1.30022,1.30215,1.29047,1.29056,0.0
2011-01-10,1.2876,1.29635,1.28733,1.29504,0.0
2011-01-11,1.29491,1.29925,1.29045,1.29732,0.0
2011-01-12,1.29721,1.31447,1.29615,1.31311,0.0
2011-01-13,1.31276,1.33828,1.30885,1.33633,0.0
2011-01-14,1.33615,1.34563,1.33142,1.33874,0.0
2011-01-17,1.33839,1.33839,1.3244,1.32928,0.0
2011-01-18,1.32941,1.3466,1.32525,1.33874,0.0
2011-01-19,1.33863,1.35378,1.33677,1.34723,0.0
2011-01-20,1.34728,1.35225,1.33953,1.34717,0.0
2011-01-21,1.34706,1.36254,1.34484,1.36196,0.0
2011-01-24,1.36397,1.36852,1.35397,1.36368,0.0
2011-01-25,1.36371,1.37033,1.35725,1.36807,0.0
2011-01-26,1.36824,1.37215,1.36405,1.37118,0.0
2011-01-27,1.37109,1.37576,1.36365,1.37327,0.0
2011-01-28,1.37349,1.37455,1.35828,1.36096,0.0
2011-01-31,1.35865,1.37393,1.35698,1.36928,0.0
2011-02-01,1.36929,1.3842,1.36888,1.38271,0.0
2011-02-02,1.38266,1.38608,1.37666,1.38098,0.0
2011-02-03,1.38075,1.3825,1.36088,1.36328,0.0
2011-02-04,1.36347,1.3678,1.35427,1.35806,0.0
2011-02-07,1.35614,1.36265,1.35075,1.35817,0.0
2011-02-08,1.35816,1.36878,1.35716,1.36246,0.0
2011-02-09,1.36236,1.37438,1.36103,1.37314,0.0
2011-02-10,1.37287,1.37351,1.35766,1.36018,0.0
2011-02-11,1.35992,1.36205,1.34967,1.35563,0.0
2011-02-14,1.35064,1.35577,1.34277,1.34877,0.0
2011-02-15,1.34869,1.35497,1.34605,1.34858,0.0
2011-02-16,1.34876,1.35876,1.34618,1.3568,0.0
2011-02-17,1.35674,1.36185,1.3536,1.36078,0.0
2011-02-18,1.36076,1.37144,1.35446,1.36917,0.0
2011-02-21,1.36998,1.37149,1.36466,1.36774,0.0
2011-02-22,1.36777,1.37034,1.3525,1.36489,0.0
2011-02-23,1.36529,1.37859,1.36475,1.37476,0.0
2011-02-24,1.37481,1.38201,1.37035,1.37986,0.0
2011-02-25,1.37988,1.38375,1.37232,1.37527,0.0
2011-02-28,1.37569,1.38552,1.37108,1.38056,0.0
2011-03-01,1.38058,1.38536,1.37621,1.3776,0.0
2011-03-02,1.37756,1.38896,1.37427,1.38644,0.0
2011-03-03,1.38634,1.39754,1.38323,1.39686,0.0
2011-03-04,1.39651,1.40066,1.39401,1.39854,0.0
2011-03-07,1.3988,1.40356,1.39549,1.39654,0.0
2011-03-08,1.3968,1.39885,1.38615,1.39036,0.0
2011-03-09,1.39035,1.39409,1.3855,1.39076,0.0
2011-03-10,1.39067,1.3924,1.37747,1.37973,0.0
2011-03-11,1.37956,1.39144,1.37516,1.39014,0.0
2011-03-14,1.39618,1.40025,1.39039,1.39905,0.0
2011-03-15,1.39908,1.40123,1.38545,1.39976,0.0
2011-03-16,1.39975,1.40012,1.38662,1.38969,0.0
2011-03-17,1.38994,1.40524,1.38683,1.40201,0.0
2011-03-18,1.40205,1.41832,1.39792,1.41804,0.0
2011-03-21,1.41939,1.42393,1.41383,1.4225,0.0
2011-03-22,1.42245,1.42475,1.41782,1.41954,0.0
2011-03-23,1.4195,1.42137,1.40838,1.40862,0.0
2011-03-24,1.40877,1.42193,1.4053,1.4177,0.0
2011-03-25,1.41746,1.41928,1.40548,1.40848,0.0
2011-03-28,1.40399,1.41147,1.40202,1.40858,0.0
2011-03-29,1.40831,1.4148,1.40463,1.41125,0.0
2011-03-30,1.41109,1.41464,1.40513,1.41257,0.0
2011-03-31,1.41263,1.42322,1.41151,1.41574,0.0
2011-04-01,1.41588,1.42448,1.40611,1.42331,0.0
2011-04-04,1.42301,1.42683,1.41924,1.42198,0.0
2011-04-05,1.42214,1.42455,1.41511,1.42218,0.0
2011-04-06,1.42214,1.4349,1.42077,1.43312,0.0
2011-04-07,1.43305,1.43368,1.4242,1.43073,0.0
2011-04-08,1.43076,1.44873,1.4291,1.44825,0.0
2011-04-11,1.44702,1.44831,1.44204,1.44343,0.0
2011-04-12,1.44332,1.4519,1.4377,1.44758,0.0
2011-04-13,1.44765,1.45197,1.4413,1.4441,0.0
2011-04-14,1.4442,1.45139,1.43646,1.44865,0.0
2011-04-15,1.4488,1.4503,1.43902,1.44283,0.0
2011-04-18,1.44119,1.44203,1.41567,1.42323,0.0
2011-04-19,1.42345,1.43523,1.42045,1.43335,0.0
2011-04-20,1.43345,1.45473,1.43274,1.45214,0.0
2011-04-21,1.45202,1.4648,1.45048,1.45505,0.0
2011-04-22,1.4552,1.4588,1.45332,1.4558,0.0
2011-04-25,1.4557,1.46265,1.45248,1.45788,0.0
2011-04-26,1.45778,1.46567,1.4493,1.46375,0.0
2011-04-27,1.4637,1.47944,1.4632,1.47859,0.0
2011-04-28,1.47805,1.48812,1.47678,1.48058,0.0
2011-04-29,1.48053,1.48774,1.48009,1.48022,0.0
2011-05-02,1.48142,1.49015,1.47619,1.48133,0.0
2011-05-03,1.48284,1.48897,1.4754,1.48076,0.0
2011-05-04,1.48071,1.49398,1.47748,1.48095,0.0
2011-05-05,1.48085,1.48987,1.45094,1.45308,0.0
2011-05-06,1.45313,1.45871,1.43071,1.43115,0.0
2011-05-09,1.43646,1.44417,1.42535,1.43624,0.0
2011-05-10,1.43601,1.44121,1.42698,1.44091,0.0
2011-05-11,1.44029,1.44229,1.41716,1.41914,0.0
2011-05-12,1.41919,1.42764,1.41229,1.4243,0.0
2011-05-13,1.42398,1.4339,1.40657,1.41169,0.0
2011-05-16,1.40902,1.4244,1.40476,1.41557,0.0
2011-05-17,1.41494,1.42378,1.41198,1.42354,0.0
2011-05-18,1.42302,1.42864,1.41945,1.42469,0.0
2011-05-19,1.42419,1.43247,1.42057,1.43116,0.0
2011-05-20,1.43025,1.4345,1.41325,1.41564,0.0
2011-05-23,1.41189,1.41455,1.39687,1.40464,0.0
2011-05-24,1.40407,1.41327,1.40017,1.40989,0.0
2011-05-25,1.4093,1.41177,1.40127,1.40842,0.0
2011-05-26,1.40849,1.42058,1.40674,1.41423,0.0
2011-05-27,1.4143,1.43232,1.4125,1.43149,0.0
2011-05-30,1.4322,1.4322,1.42562,1.4281,0.0
2011-05-31,1.42807,1.44234,1.42777,1.43956,0.0
2011-06-01,1.43957,1.44581,1.43204,1.43312,0.0
2011-06-02,1.4326,1.45133,1.43067,1.44884,0.0
2011-06-03,1.4491,1.46422,1.44502,1.46297,0.0
2011-06-06,1.4607,1.46578,1.45566,1.45756,0.0
2011-06-07,1.4569,1.46956,1.45633,1.46897,0.0
2011-06-08,1.46918,1.4694,1.45639,1.45816,0.0
2011-06-09,1.4582,1.46518,1.44771,1.45083,0.0
2011-06-10,1.4506,1.45502,1.43221,1.43486,0.0
2011-06-13,1.43236,1.44295,1.43204,1.44117,0.0
2011-06-14,1.44129,1.44968,1.43778,1.44403,0.0
2011-06-15,1.44386,1.44509,1.41558,1.418,0.0
2011-06-16,1.4173,1.42209,1.40728,1.42114,0.0
2011-06-17,1.4203,1.43389,1.41267,1.43048,0.0
2011-06-20,1.42733,1.43273,1.41905,1.43028,0.0
2011-06-21,1.43032,1.44219,1.43021,1.44095,0.0
2011-06-22,1.44043,1.44415,1.43408,1.43563,0.0
2011-06-23,1.43475,1.43565,1.41261,1.42541,0.0
2011-06-24,1.425,1.43059,1.41411,1.41873,0.0
2011-06-27,1.41898,1.42933,1.41021,1.42828,0.0
2011-06-28,1.42809,1.43966,1.42366,1.4369,0.0
2011-06-29,1.43656,1.44475,1.43264,1.44338,0.0
2011-06-30,1.44282,1.45376,1.44264,1.45017,0.0
2011-07-01,1.44947,1.45516,1.44356,1.45193,0.0
2011-07-04,1.45339,1.4577,1.44951,1.45321,0.0
2011-07-05,1.4532,1.45527,1.43964,1.44224,0.0
2011-07-06,1.44225,1.44661,1.42856,1.43172,0.0
2011-07-07,1.43125,1.43739,1.42204,1.43572,0.0
2011-07-08,1.4357,1.43691,1.42049,1.4259,0.0
2011-07-11,1.42015,1.42271,1.39859,1.40224,0.0
2011-07-12,1.40223,1.40616,1.38369,1.39695,0.0
2011-07-13,1.39685,1.41921,1.39509,1.41609,0.0
2011-07-14,1.41631,1.42818,1.41148,1.41357,0.0
2011-07-15,1.41352,1.41984,1.40917,1.41497,0.0
2011-07-18,1.41053,1.41329,1.40137,1.41055,0.0
2011-07-19,1.41105,1.4217,1.40682,1.41485,0.0
2011-07-20,1.415,1.4239,1.41326,1.4215,0.0
2011-07-21,1.42145,1.44339,1.41384,1.44229,0.0
2011-07-22,1.44233,1.44376,1.43233,1.43561,0.0
2011-07-25,1.43821,1.44162,1.43245,1.4376,0.0
2011-07-26,1.43761,1.45249,1.43568,1.45103,0.0
2011-07-27,1.45099,1.45354,1.43384,1.43663,0.0
2011-07-28,1.43675,1.44001,1.4254,1.43319,0.0
2011-07-29,1.43323,1.44126,1.42286,1.43979,0.0
2011-08-01,1.43773,1.44528,1.41842,1.42494,0.0
2011-08-02,1.42492,1.42824,1.41504,1.42012,0.0
2011-08-03,1.42002,1.43436,1.41428,1.43224,0.0
2011-08-04,1.43218,1.43711,1.4088,1.40903,0.0
2011-08-05,1.40899,1.42971,1.40542,1.42762,0.0
2011-08-08,1.44128,1.4431,1.41287,1.41761,0.0
2011-08-09,1.41766,1.43754,1.41515,1.43734,0.0
2011-08-10,1.43741,1.44006,1.41614,1.41764,0.0
2011-08-11,1.41762,1.42936,1.4103,1.42396,0.0
2011-08-12,1.42397,1.42907,1.41491,1.42455,0.0
2011-08-15,1.42662,1.44764,1.42505,1.44441,0.0
2011-08-16,1.44433,1.44715,1.43536,1.44066,0.0
2011-08-17,1.4407,1.45167,1.43244,1.44251,0.0
2011-08-18,1.44246,1.44515,1.42706,1.43315,0.0
2011-08-19,1.43309,1.4452,1.42584,1.43942,0.0
2011-08-22,1.43718,1.44338,1.43466,1.43571,0.0
2011-08-23,1.4357,1.44996,1.43531,1.44403,0.0
2011-08-24,1.44401,1.44811,1.43778,1.44131,0.0
2011-08-25,1.44129,1.44741,1.43273,1.43776,0.0
2011-08-26,1.43777,1.45011,1.43283,1.44966,0.0
2011-08-29,1.44963,1.45485,1.44655,1.45101,0.0
2011-08-30,1.45106,1.45326,1.43838,1.4441,0.0
2011-08-31,1.44415,1.44687,1.43583,1.43686,0.0
2011-09-01,1.43707,1.43856,1.42259,1.42584,0.0
2011-09-02,1.42585,1.42874,1.41834,1.42033,0.0
2011-09-05,1.4161,1.41729,1.40599,1.40941,0.0
2011-09-06,1.4094,1.42811,1.39718,1.39969,0.0
2011-09-07,1.39963,1.41485,1.39919,1.40972,0.0
2011-09-08,1.40971,1.40996,1.38719,1.38813,0.0
2011-09-09,1.38817,1.39361,1.3626,1.36498,0.0
2011-09-12,1.3584,1.36939,1.34939,1.36769,0.0
2011-09-13,1.36805,1.37383,1.35574,1.36777,0.0
2011-09-14,1.36767,1.37825,1.35908,1.3754,0.0
2011-09-15,1.37542,1.39363,1.37027,1.38765,0.0
2011-09-16,1.38743,1.38927,1.37533,1.3792,0.0
2011-09-19,1.36915,1.37204,1.35861,1.3684,0.0
2011-09-20,1.36843,1.3744,1.35927,1.36983,0.0
2011-09-21,1.3698,1.37963,1.35628,1.35716,0.0
2011-09-22,1.35717,1.36004,1.33842,1.34611,0.0
2011-09-23,1.34613,1.35664,1.34181,1.34976,0.0
2011-09-26,1.35169,1.35497,1.33618,1.35314,0.0
2011-09-27,1.35316,1.36676,1.34787,1.35864,0.0
2011-09-28,1.35862,1.36895,1.35322,1.35426,0.0
2011-09-29,1.35416,1.36787,1.3519,1.35959,0.0
2011-09-30,1.35953,1.36005,1.33829,1.33873,0.0
2011-10-03,1.33417,1.33807,1.31664,1.31723,0.0
2011-10-04,1.3174,1.33684,1.31452,1.33551,0.0
2011-10-05,1.33464,1.33831,1.32597,1.33446,0.0
2011-10-06,1.33468,1.34502,1.32409,1.34367,0.0
2011-10-07,1.34346,1.3524,1.33604,1.33791,0.0
2011-10-10,1.33872,1.36977,1.33771,1.36415,0.0
2011-10-11,1.36421,1.36831,1.35649,1.3637,0.0
2011-10-12,1.36401,1.3833,1.35823,1.37862,0.0
2011-10-13,1.3788,1.38256,1.36847,1.37773,0.0
2011-10-14,1.37745,1.38935,1.37227,1.38776,0.0
2011-10-17,1.38654,1.39137,1.37248,1.3737,0.0
2011-10-18,1.37363,1.38169,1.36522,1.37511,0.0
2011-10-19,1.37508,1.38687,1.37245,1.37587,0.0
2011-10-20,1.3757,1.38426,1.36558,1.37806,0.0
2011-10-21,1.37795,1.39008,1.37035,1.38922,0.0
2011-10-24,1.38401,1.39561,1.38212,1.39277,0.0
2011-10-25,1.3927,1.39597,1.38484,1.39065,0.0
2011-10-26,1.39063,1.39747,1.37975,1.39066,0.0
2011-10-27,1.39031,1.42466,1.38636,1.41867,0.0
2011-10-28,1.41882,1.42,1.41331,1.4154,0.0
2011-10-31,1.41347,1.41704,1.38281,1.38578,0.0
2011-11-01,1.38566,1.38707,1.36077,1.36984,0.0
2011-11-02,1.37008,1.38277,1.36357,1.37463,0.0
2011-11-03,1.37462,1.38545,1.3656,1.38225,0.0
2011-11-04,1.3821,1.38681,1.37106,1.37824,0.0
2011-11-07,1.38145,1.38301,1.36809,1.37767,0.0
2011-11-08,1.37746,1.38464,1.37239,1.38325,0.0
2011-11-09,1.3831,1.38585,1.35229,1.35414,0.0
2011-11-10,1.35419,1.36524,1.34834,1.3604,0.0
2011-11-11,1.36053,1.37943,1.35776,1.37449,0.0
2011-11-14,1.38014,1.38062,1.3591,1.36325,0.0
2011-11-15,1.36305,1.364,1.34957,1.35364,0.0
2011-11-16,1.35386,1.35566,1.34282,1.34635,0.0
2011-11-17,1.34621,1.35393,1.3421,1.34562,0.0
2011-11-18,1.3457,1.36135,1.34462,1.35229,0.0
2011-11-21,1.3513,1.35403,1.34295,1.34915,0.0
2011-11-22,1.34869,1.35681,1.34687,1.35059,0.0
2011-11-23,1.35026,1.35305,1.33194,1.33414,0.0
2011-11-24,1.334,1.34109,1.33155,1.33458,0.0
2011-11-25,1.33452,1.33502,1.32116,1.3234,0.0
2011-11-28,1.33189,1.33981,1.32721,1.33173,0.0
2011-11-29,1.33166,1.34414,1.32852,1.33155,0.0
2011-11-30,1.33145,1.35326,1.32586,1.34451,0.0
2011-12-01,1.34429,1.35205,1.34166,1.34613,0.0
2011-12-02,1.34593,1.35484,1.33623,1.34019,0.0
2011-12-05,1.34103,1.34857,1.33744,1.33986,0.0
2011-12-06,1.33994,1.34271,1.33327,1.34004,0.0
2011-12-07,1.34007,1.34529,1.33503,1.34112,0.0
2011-12-08,1.34111,1.34589,1.32884,1.33411,0.0
2011-12-09,1.33389,1.34333,1.32808,1.33829,0.0
2011-12-12,1.33783,1.33801,1.31625,1.31873,0.0
2011-12-13,1.3187,1.32363,1.30086,1.30347,0.0
2011-12-14,1.30357,1.30639,1.29453,1.29808,0.0
2011-12-15,1.29813,1.30494,1.29564,1.30144,0.0
2011-12-16,1.30139,1.30836,1.29947,1.3037,0.0
2011-12-19,1.30319,1.30428,1.29822,1.29975,0.0
2011-12-20,1.29968,1.31312,1.29924,1.30807,0.0
2011-12-21,1.30796,1.31973,1.30245,1.30456,0.0
2011-12-22,1.30466,1.31188,1.30166,1.30486,0.0
2011-12-23,1.30486,1.30956,1.30254,1.30469,0.0
2011-12-27,1.30523,1.30826,1.3042,1.30702,0.0
2011-12-28,1.30692,1.30797,1.29115,1.29396,0.0
2011-12-29,1.29385,1.29641,1.28576,1.29592,0.0
2011-12-30,1.29592,1.2998,1.29032,1.29418,0.0
2012-01-02,1.29349,1.29707,1.29167,1.29329,0.0
2012-01-03,1.29322,1.30763,1.29311,1.30511,0.0
2012-01-04,1.30475,1.30723,1.28971,1.29454,0.0
2012-01-05,1.29414,1.29459,1.27704,1.27888,0.0
2012-01-06,1.27854,1.2812,1.26968,1.27177,0.0
2012-01-09,1.269,1.27848,1.26655,1.27655,0.0
2012-01-10,1.27633,1.28179,1.27423,1.27761,0.0
2012-01-11,1.2776,1.27894,1.26607,1.27059,0.0
2012-01-12,1.2706,1.28445,1.26986,1.28136,0.0
2012-01-13,1.28123,1.28777,1.26233,1.26763,0.0
2012-01-16,1.26388,1.2687,1.26254,1.26661,0.0
2012-01-17,1.26648,1.2808,1.26486,1.27355,0.0
2012-01-18,1.27352,1.28674,1.27331,1.28616,0.0
2012-01-19,1.2862,1.29705,1.28385,1.29678,0.0
2012-01-20,1.2967,1.29857,1.28864,1.29329,0.0
2012-01-23,1.28804,1.30521,1.28752,1.30163,0.0
2012-01-24,1.30134,1.30622,1.29529,1.30358,0.0
2012-01-25,1.3034,1.31199,1.29304,1.31051,0.0
2012-01-26,1.3105,1.31834,1.30895,1.31075,0.0
2012-01-27,1.31078,1.32335,1.30771,1.32228,0.0
2012-01-30,1.32202,1.32239,1.3076,1.3142,0.0
2012-01-31,1.31423,1.32134,1.30414,1.30807,0.0
2012-02-01,1.30814,1.32176,1.30255,1.31565,0.0
2012-02-02,1.31594,1.3196,1.30846,1.31435,0.0
2012-02-03,1.31432,1.32051,1.30655,1.31636,0.0
2012-02-06,1.31144,1.31407,1.30269,1.31305,0.0
2012-02-07,1.31291,1.32694,1.30887,1.32604,0.0
2012-02-08,1.32582,1.32879,1.32206,1.32589,0.0
2012-02-09,1.32599,1.3321,1.32144,1.32845,0.0
2012-02-10,1.32839,1.32902,1.31549,1.32017,0.0
2012-02-13,1.32068,1.32836,1.31852,1.31862,0.0
2012-02-14,1.31838,1.32153,1.30795,1.31295,0.0
2012-02-15,1.31313,1.319,1.30434,1.30671,0.0
2012-02-16,1.3065,1.31583,1.29739,1.31332,0.0
2012-02-17,1.31295,1.31967,1.31146,1.31398,0.0
2012-02-20,1.31746,1.32761,1.317,1.32407,0.0
2012-02-21,1.32419,1.32923,1.31863,1.32358,0.0
2012-02-22,1.32315,1.3266,1.32107,1.325,0.0
2012-02-23,1.32473,1.33777,1.32307,1.33691,0.0
2012-02-24,1.33716,1.34855,1.33565,1.34503,0.0
2012-02-27,1.34603,1.34783,1.33658,1.33973,0.0
2012-02-28,1.33952,1.34707,1.33887,1.34635,0.0
2012-02-29,1.34563,1.34851,1.33141,1.33235,0.0
2012-03-01,1.33225,1.33557,1.32814,1.33111,0.0
2012-03-02,1.33084,1.3332,1.31864,1.31949,0.0
2012-03-05,1.31897,1.32409,1.31596,1.3217,0.0
2012-03-06,1.32159,1.32255,1.31027,1.31133,0.0
2012-03-07,1.31094,1.31635,1.30958,1.31488,0.0
2012-03-08,1.31476,1.32904,1.31347,1.32751,0.0
2012-03-09,1.32727,1.3277,1.30961,1.31237,0.0
2012-03-12,1.31024,1.31581,1.30784,1.3155,0.0
2012-03-13,1.31516,1.31907,1.30514,1.30837,0.0
2012-03-14,1.30828,1.30897,1.30105,1.30325,0.0
2012-03-15,1.30315,1.31186,1.30034,1.30801,0.0
2012-03-16,1.30786,1.31865,1.30485,1.31747,0.0
2012-03-19,1.31744,1.32646,1.31412,1.32376,0.0
2012-03-20,1.32366,1.32514,1.31716,1.32226,0.0
2012-03-21,1.3223,1.32847,1.31781,1.32157,0.0
2012-03-22,1.32143,1.32538,1.31333,1.31988,0.0
2012-03-23,1.31983,1.32931,1.31899,1.32652,0.0
2012-03-26,1.32683,1.33671,1.31913,1.33561,0.0
2012-03-27,1.33578,1.3385,1.33123,1.33173,0.0
2012-03-28,1.33129,1.3373,1.32766,1.33159,0.0
2012-03-29,1.33145,1.3345,1.32511,1.33006,0.0
2012-03-30,1.32996,1.33758,1.32934,1.33441,0.0
2012-04-02,1.33582,1.33798,1.32776,1.33183,0.0
2012-04-03,1.3318,1.33668,1.3213,1.32324,0.0
2012-04-04,1.32316,1.32379,1.31065,1.31406,0.0
2012-04-05,1.314,1.31638,1.30345,1.30641,0.0
2012-04-06,1.30622,1.31116,1.30395,1.30928,0.0
2012-04-09,1.31002,1.31331,1.30321,1.31041,0.0
2012-04-10,1.31039,1.31437,1.30534,1.30805,0.0
2012-04-11,1.30794,1.31562,1.30659,1.3107,0.0
2012-04-12,1.3108,1.3212,1.31015,1.31854,0.0
2012-04-13,1.31857,1.32004,1.3069,1.30762,0.0
2012-04-16,1.30618,1.31472,1.29939,1.31406,0.0
2012-04-17,1.31409,1.31719,1.30898,1.31239,0.0
2012-04-18,1.31262,1.31404,1.30571,1.3121,0.0
2012-04-19,1.31219,1.31647,1.30691,1.31358,0.0
2012-04-20,1.31357,1.32264,1.31281,1.32162,0.0
2012-04-23,1.31803,1.32097,1.3104,1.31575,0.0
2012-04-24,1.31549,1.32176,1.31431,1.31951,0.0
2012-04-25,1.31946,1.32358,1.31724,1.32158,0.0
2012-04-26,1.32137,1.32623,1.31979,1.32231,0.0
2012-04-27,1.32124,1.32696,1.31568,1.32443,0.0
2012-04-30,1.3231,1.32661,1.32076,1.32378,0.0
2012-05-01,1.32373,1.32829,1.32037,1.32359,0.0
2012-05-02,1.32341,1.32406,1.31214,1.31588,0.0
2012-05-03,1.3156,1.31797,1.30944,1.31514,0.0
2012-05-04,1.31503,1.31778,1.30798,1.30811,0.0
2012-05-07,1.30151,1.30641,1.29544,1.30499,0.0
2012-05-08,1.30498,1.30648,1.2982,1.3007,0.0
2012-05-09,1.30041,1.30067,1.29109,1.29297,0.0
2012-05-10,1.29274,1.29787,1.29237,1.29355,0.0
2012-05-11,1.29341,1.29568,1.29044,1.2918,0.0
2012-05-14,1.28993,1.29038,1.28207,1.28246,0.0
2012-05-15,1.28224,1.28684,1.27214,1.27284,0.0
2012-05-16,1.27268,1.27583,1.26808,1.27155,0.0
2012-05-17,1.27147,1.27487,1.26663,1.2697,0.0
2012-05-18,1.26965,1.27934,1.26416,1.27744,0.0
2012-05-21,1.27624,1.28236,1.27246,1.28152,0.0
2012-05-22,1.28152,1.28187,1.26574,1.26838,0.0
2012-05-23,1.26823,1.26876,1.25446,1.25799,0.0
2012-05-24,1.25814,1.26193,1.2515,1.25325,0.0
2012-05-25,1.25306,1.2602,1.24955,1.25127,0.0
2012-05-28,1.25676,1.26238,1.25243,1.2541,0.0
2012-05-29,1.25382,1.25741,1.24606,1.25023,0.0
2012-05-30,1.24997,1.25037,1.23609,1.23654,0.0
2012-05-31,1.23648,1.2428,1.2336,1.23621,0.0
2012-06-01,1.2364,1.24585,1.22873,1.24266,0.0
2012-06-04,1.24112,1.25091,1.23854,1.2499,0.0
2012-06-05,1.24966,1.25417,1.24094,1.24508,0.0
2012-06-06,1.2451,1.25844,1.24402,1.2581,0.0
2012-06-07,1.25798,1.26247,1.25395,1.25598,0.0
2012-06-08,1.25598,1.25741,1.24347,1.25134,0.0
2012-06-11,1.26312,1.26672,1.248,1.24813,0.0
2012-06-12,1.24803,1.25288,1.2441,1.25034,0.0
2012-06-13,1.25009,1.26096,1.24731,1.25557,0.0
2012-06-14,1.25553,1.26363,1.25415,1.26317,0.0
2012-06-15,1.26316,1.2664,1.25916,1.26539,0.0
2012-06-18,1.26934,1.27468,1.25564,1.25733,0.0
2012-06-19,1.25742,1.27299,1.25682,1.26853,0.0
2012-06-20,1.26825,1.27424,1.26374,1.2704,0.0
2012-06-21,1.27047,1.27068,1.2531,1.25399,0.0
2012-06-22,1.25378,1.25827,1.25187,1.25645,0.0
2012-06-25,1.25446,1.25586,1.24707,1.25033,0.0
2012-06-26,1.25022,1.25299,1.2441,1.24959,0.0
2012-06-27,1.24895,1.25076,1.24448,1.24669,0.0
2012-06-28,1.24663,1.25236,1.24068,1.24431,0.0
2012-06-29,1.24414,1.2692,1.24321,1.26532,0.0
2012-07-02,1.26716,1.26771,1.25678,1.25759,0.0
2012-07-03,1.25766,1.26267,1.25587,1.26073,0.0
2012-07-04,1.26056,1.26069,1.25075,1.25264,0.0
2012-07-05,1.2522,1.25381,1.23635,1.23907,0.0
2012-07-06,1.23896,1.24008,1.22596,1.22857,0.0
2012-07-09,1.22655,1.23235,1.22552,1.23121,0.0
2012-07-10,1.23108,1.23333,1.22348,1.22488,0.0
2012-07-11,1.22486,1.22962,1.22122,1.22377,0.0
2012-07-12,1.22356,1.22478,1.21664,1.22025,0.0
2012-07-13,1.22,1.22561,1.21616,1.22447,0.0
2012-07-16,1.22676,1.22896,1.21749,1.22714,0.0
2012-07-17,1.22702,1.23165,1.21884,1.22935,0.0
2012-07-18,1.22932,1.2306,1.22164,1.22808,0.0
2012-07-19,1.22818,1.23238,1.22286,1.22797,0.0
2012-07-20,1.22786,1.22824,1.21436,1.21594,0.0
2012-07-23,1.21199,1.21441,1.20667,1.2116,0.0
2012-07-24,1.21147,1.21374,1.20417,1.20606,0.0
2012-07-25,1.20593,1.21697,1.20529,1.21523,0.0
2012-07-26,1.21555,1.23289,1.2117,1.22822,0.0
2012-07-27,1.22808,1.23894,1.22412,1.23153,0.0
2012-07-30,1.22962,1.231,1.22246,1.22596,0.0
2012-07-31,1.22595,1.23296,1.22484,1.23033,0.0
2012-08-01,1.23015,1.23358,1.22176,1.22275,0.0
2012-08-02,1.22233,1.24042,1.21334,1.21787,0.0
2012-08-03,1.21793,1.23918,1.21661,1.23847,0.0
2012-08-06,1.23962,1.24425,1.23412,1.23989,0.0
2012-08-07,1.23986,1.24413,1.23754,1.23988,0.0
2012-08-08,1.2397,1.24018,1.23261,1.23646,0.0
2012-08-09,1.23636,1.23866,1.22662,1.23048,0.0
2012-08-10,1.23024,1.23161,1.22409,1.22888,0.0
2012-08-13,1.22887,1.2373,1.22604,1.23314,0.0
2012-08-14,1.23307,1.23851,1.23165,1.23215,0.0
2012-08-15,1.23202,1.2343,1.22636,1.22863,0.0
2012-08-16,1.22892,1.23721,1.22555,1.23553,0.0
2012-08-17,1.23542,1.23816,1.22883,1.23304,0.0
2012-08-20,1.23476,1.23682,1.22946,1.23442,0.0
2012-08-21,1.2342,1.2487,1.23412,1.2472,0.0
2012-08-22,1.247,1.25375,1.24306,1.25277,0.0
2012-08-23,1.25271,1.25888,1.25227,1.25629,0.0
2012-08-24,1.25621,1.25675,1.24807,1.25105,0.0
2012-08-27,1.25107,1.2535,1.24894,1.24983,0.0
2012-08-28,1.24978,1.25761,1.24647,1.25639,0.0
2012-08-29,1.25629,1.25729,1.2518,1.25287,0.0
2012-08-30,1.2528,1.25633,1.24866,1.25053,0.0
2012-08-31,1.25043,1.26369,1.24929,1.25724,0.0
2012-09-03,1.25692,1.26105,1.25594,1.25916,0.0
2012-09-04,1.25886,1.26272,1.25545,1.25635,0.0
2012-09-05,1.25633,1.26237,1.25011,1.25994,0.0
2012-09-06,1.25987,1.26512,1.25608,1.26304,0.0
2012-09-07,1.26292,1.28164,1.26256,1.28141,0.0
2012-09-10,1.28055,1.28113,1.27553,1.27578,0.0
2012-09-11,1.2758,1.28705,1.27542,1.2854,0.0
2012-09-12,1.2853,1.29359,1.28146,1.28991,0.0
2012-09-13,1.28982,1.3001,1.28542,1.29869,0.0
2012-09-14,1.29871,1.31681,1.29794,1.31283,0.0
2012-09-17,1.31173,1.31716,1.30826,1.31154,0.0
2012-09-18,1.31157,1.31201,1.30286,1.30469,0.0
2012-09-19,1.30461,1.30843,1.29926,1.30472,0.0
2012-09-20,1.30452,1.30583,1.29186,1.29674,0.0
2012-09-21,1.29668,1.30472,1.29549,1.29828,0.0
2012-09-24,1.29745,1.29887,1.28905,1.29298,0.0
2012-09-25,1.29293,1.29701,1.28857,1.29006,0.0
2012-09-26,1.28991,1.29122,1.28346,1.28696,0.0
2012-09-27,1.28705,1.29276,1.28278,1.29119,0.0
2012-09-28,1.29116,1.29591,1.28381,1.28496,0.0
2012-10-01,1.28288,1.29381,1.28028,1.28868,0.0
2012-10-02,1.28866,1.29673,1.28797,1.29195,0.0
2012-10-03,1.29177,1.29363,1.28765,1.29046,0.0
2012-10-04,1.29015,1.30307,1.29007,1.30164,0.0
2012-10-05,1.30164,1.30708,1.29935,1.30305,0.0
2012-10-08,1.30209,1.30246,1.2937,1.29677,0.0
2012-10-09,1.29664,1.29902,1.28583,1.28828,0.0
2012-10-10,1.28802,1.29128,1.28345,1.28746,0.0
2012-10-11,1.2872,1.29509,1.28246,1.2926,0.0
2012-10-12,1.29251,1.29911,1.29218,1.29556,0.0
2012-10-15,1.29494,1.2978,1.28899,1.29481,0.0
2012-10-16,1.29474,1.30601,1.29419,1.30531,0.0
2012-10-17,1.30522,1.31386,1.30519,1.31186,0.0
2012-10-18,1.31168,1.3128,1.30549,1.30656,0.0
2012-10-19,1.30667,1.30762,1.30124,1.30273,0.0
2012-10-22,1.30198,1.30829,1.30149,1.30583,0.0
2012-10-23,1.30594,1.30747,1.29514,1.2985,0.0
2012-10-24,1.29837,1.2996,1.29196,1.29722,0.0
2012-10-25,1.29697,1.30224,1.29263,1.29327,0.0
2012-10-26,1.29328,1.29555,1.28819,1.29387,0.0
2012-10-29,1.29372,1.29449,1.28844,1.2903,0.0
2012-10-30,1.28986,1.29829,1.28854,1.29592,0.0
2012-10-31,1.29536,1.30199,1.29458,1.29582,0.0
2012-11-01,1.29578,1.29818,1.29241,1.29416,0.0
2012-11-02,1.29405,1.29502,1.28205,1.28331,0.0
2012-11-05,1.28161,1.28418,1.27667,1.27949,0.0
2012-11-06,1.27936,1.2826,1.27628,1.28128,0.0
2012-11-07,1.28127,1.28755,1.27356,1.27703,0.0
2012-11-08,1.27674,1.27799,1.27164,1.27458,0.0
2012-11-09,1.27452,1.27893,1.26893,1.27096,0.0
2012-11-12,1.27091,1.27383,1.26969,1.27079,0.0
2012-11-13,1.27074,1.27278,1.26605,1.27034,0.0
2012-11-14,1.27004,1.27793,1.26995,1.27347,0.0
2012-11-15,1.27311,1.28012,1.27168,1.27798,0.0
2012-11-16,1.27797,1.2784,1.26897,1.27402,0.0
2012-11-19,1.27471,1.28192,1.27394,1.28141,0.0
2012-11-20,1.28108,1.28288,1.27641,1.28162,0.0
2012-11-21,1.28154,1.28326,1.27356,1.28285,0.0
2012-11-22,1.28273,1.28981,1.28251,1.2884,0.0
2012-11-23,1.28807,1.29903,1.28677,1.29752,0.0
2012-11-26,1.29662,1.29838,1.29434,1.29717,0.0
2012-11-27,1.297,1.30082,1.29148,1.29434,0.0
2012-11-28,1.29437,1.2953,1.28795,1.2953,0.0
2012-11-29,1.29566,1.30134,1.29384,1.29778,0.0
2012-11-30,1.29769,1.30272,1.29675,1.29816,0.0
2012-12-03,1.2982,1.3075,1.2982,1.30517,0.0
2012-12-04,1.30522,1.31075,1.30451,1.30946,0.0
2012-12-05,1.30922,1.3126,1.30594,1.30644,0.0
2012-12-06,1.3064,1.30858,1.29496,1.29681,0.0
2012-12-07,1.29649,1.29723,1.28759,1.29237,0.0
2012-12-10,1.28895,1.29458,1.28851,1.29402,0.0
2012-12-11,1.29383,1.3014,1.2928,1.30053,0.0
2012-12-12,1.30027,1.30967,1.29949,1.30734,0.0
2012-12-13,1.30719,1.30996,1.30402,1.30762,0.0
2012-12-14,1.30755,1.31725,1.30655,1.3161,0.0
2012-12-17,1.31677,1.31866,1.31434,1.31616,0.0
2012-12-18,1.31614,1.32376,1.31544,1.32274,0.0
2012-12-19,1.32255,1.33076,1.32223,1.32254,0.0
2012-12-20,1.32241,1.32943,1.31878,1.32436,0.0
2012-12-21,1.32422,1.32516,1.31579,1.31812,0.0
2012-12-24,1.31693,1.32328,1.31693,1.31838,0.0
2012-12-26,1.31799,1.32535,1.31695,1.32221,0.0
2012-12-27,1.32186,1.32829,1.32008,1.32341,0.0
2012-12-28,1.32354,1.32558,1.31652,1.32174,0.0
2012-12-31,1.3209,1.32339,1.31713,1.31896,0.0
2013-01-02,1.32026,1.32991,1.31555,1.31839,0.0
2013-01-03,1.31815,1.31895,1.3046,1.30478,0.0
2013-01-04,1.30472,1.30886,1.29968,1.30673,0.0
2013-01-07,1.3069,1.31186,1.3016,1.31156,0.0
2013-01-08,1.31152,1.3139,1.30556,1.30798,0.0
2013-01-09,1.308,1.30951,1.30358,1.30633,0.0
2013-01-10,1.3065,1.3267,1.3038,1.3267,0.0
2013-01-11,1.32664,1.33651,1.32477,1.33432,0.0
2013-01-14,1.33586,1.3403,1.33354,1.33812,0.0
2013-01-15,1.3378,1.33929,1.32631,1.33038,0.0
2013-01-16,1.33045,1.3324,1.32556,1.32874,0.0
2013-01-17,1.32882,1.33865,1.32691,1.3378,0.0
2013-01-18,1.33735,1.33974,1.32796,1.33129,0.0
2013-01-21,1.33033,1.33317,1.32991,1.33115,0.0
2013-01-22,1.33137,1.33708,1.32661,1.33209,0.0
2013-01-23,1.33206,1.33537,1.32635,1.33171,0.0
2013-01-24,1.33164,1.33918,1.32854,1.33752,0.0
2013-01-25,1.33709,1.34783,1.3349,1.3451,0.0
2013-01-28,1.34643,1.34763,1.34239,1.34535,0.0
2013-01-29,1.34523,1.34963,1.34134,1.34896,0.0
2013-01-30,1.34865,1.35865,1.34812,1.35652,0.0
2013-01-31,1.35648,1.35934,1.35405,1.35766,0.0
2013-02-01,1.3573,1.37105,1.35714,1.36426,0.0
2013-02-04,1.36423,1.36592,1.35046,1.35111,0.0
2013-02-05,1.35162,1.35966,1.34576,1.35806,0.0
2013-02-06,1.3576,1.35952,1.34927,1.35218,0.0
2013-02-07,1.35205,1.35768,1.33697,1.33962,0.0
2013-02-08,1.33972,1.34283,1.33526,1.33658,0.0
2013-02-11,1.33625,1.34266,1.33564,1.34029,0.0
2013-02-12,1.34013,1.34747,1.33632,1.34516,0.0
2013-02-13,1.34543,1.35193,1.34254,1.34518,0.0
2013-02-14,1.34489,1.34546,1.33144,1.33614,0.0
2013-02-15,1.33662,1.33924,1.33057,1.33597,0.0
2013-02-18,1.33476,1.33785,1.33207,1.33504,0.0
2013-02-19,1.33502,1.33951,1.33279,1.33864,0.0
2013-02-20,1.33847,1.34331,1.32704,1.3283,0.0
2013-02-21,1.32832,1.32892,1.31602,1.31877,0.0
2013-02-22,1.31861,1.32449,1.31443,1.31859,0.0
2013-02-25,1.3209,1.33181,1.30468,1.30598,0.0
2013-02-26,1.30574,1.31217,1.30176,1.3062,0.0
2013-02-27,1.30569,1.31462,1.30406,1.31346,0.0
2013-02-28,1.31312,1.31609,1.30523,1.30553,0.0
2013-03-01,1.30538,1.31005,1.29657,1.30171,0.0
2013-03-04,1.3008,1.30302,1.29815,1.30247,0.0
2013-03-05,1.30253,1.30746,1.30094,1.30493,0.0
2013-03-06,1.30489,1.30697,1.29644,1.29665,0.0
2013-03-07,1.29665,1.31176,1.29652,1.31072,0.0
2013-03-08,1.31047,1.31336,1.29545,1.29957,0.0
2013-03-11,1.29848,1.30528,1.29786,1.30443,0.0
2013-03-12,1.30411,1.30736,1.29903,1.30323,0.0
2013-03-13,1.30311,1.3064,1.29225,1.29607,0.0
2013-03-14,1.29574,1.30318,1.29105,1.30032,0.0
2013-03-15,1.30023,1.31063,1.29983,1.30747,0.0
2013-03-18,1.29061,1.29948,1.2881,1.29553,0.0
2013-03-19,1.29546,1.29688,1.28429,1.28817,0.0
2013-03-20,1.2881,1.29772,1.28558,1.29339,0.0
2013-03-21,1.29312,1.29543,1.28786,1.28974,0.0
2013-03-22,1.28963,1.30091,1.28874,1.29887,0.0
2013-03-25,1.29419,1.30473,1.28288,1.28521,0.0
2013-03-26,1.28503,1.28889,1.28272,1.2859,0.0
2013-03-27,1.28585,1.2866,1.27502,1.2779,0.0
2013-03-28,1.27777,1.28437,1.27544,1.28165,0.0
2013-03-29,1.28153,1.28362,1.27924,1.28185,0.0
2013-04-01,1.28061,1.28668,1.27705,1.28481,0.0
2013-04-02,1.28443,1.28768,1.28081,1.28155,0.0
2013-04-03,1.28212,1.28634,1.27889,1.28451,0.0
2013-04-04,1.2845,1.29481,1.2744,1.29338,0.0
2013-04-05,1.29347,1.3039,1.28997,1.30026,0.0
2013-04-08,1.29856,1.30369,1.29676,1.30066,0.0
2013-04-09,1.30087,1.31023,1.30041,1.30819,0.0
2013-04-10,1.30818,1.31209,1.30516,1.30688,0.0
2013-04-11,1.30707,1.31375,1.30429,1.31009,0.0
2013-04-12,1.30994,1.31254,1.3036,1.31088,0.0
2013-04-15,1.31107,1.31137,1.30207,1.3036,0.0
2013-04-16,1.30362,1.32007,1.30274,1.31749,0.0
2013-04-17,1.31746,1.31987,1.30007,1.30322,0.0
2013-04-18,1.30301,1.30953,1.30201,1.305,0.0
2013-04-19,1.30499,1.3128,1.30448,1.30487,0.0
2013-04-22,1.30728,1.30831,1.30143,1.30651,0.0
2013-04-23,1.30653,1.30833,1.29721,1.30012,0.0
2013-04-24,1.2999,1.30333,1.29536,1.30154,0.0
2013-04-25,1.30136,1.30927,1.2988,1.30108,0.0
2013-04-26,1.30099,1.30468,1.29898,1.30287,0.0
2013-04-29,1.30469,1.31156,1.30308,1.3099,0.0
2013-04-30,1.30998,1.31851,1.30535,1.31662,0.0
2013-05-01,1.31671,1.32418,1.31597,1.31803,0.0
2013-05-02,1.3178,1.32171,1.30365,1.30638,0.0
2013-05-03,1.3065,1.31587,1.30324,1.31178,0.0
2013-05-06,1.31177,1.314,1.30529,1.30753,0.0
2013-05-07,1.30747,1.31312,1.3067,1.30782,0.0
2013-05-08,1.30776,1.31934,1.3071,1.3152,0.0
2013-05-09,1.31522,1.31761,1.30093,1.30411,0.0
2013-05-10,1.30427,1.305,1.29345,1.29879,0.0
2013-05-13,1.2969,1.29987,1.29407,1.29753,0.0
2013-05-14,1.29725,1.30283,1.29119,1.29224,0.0
2013-05-15,1.29222,1.29416,1.28424,1.28864,0.0
2013-05-16,1.28848,1.29288,1.28456,1.28816,0.0
2013-05-17,1.28787,1.28889,1.27957,1.28334,0.0
2013-05-20,1.28415,1.29,1.28186,1.288,0.0
2013-05-21,1.28816,1.29327,1.28405,1.29045,0.0
2013-05-22,1.29044,1.29972,1.28327,1.28581,0.0
2013-05-23,1.28542,1.29559,1.28206,1.29318,0.0
2013-05-24,1.29301,1.29925,1.29036,1.29335,0.0
2013-05-27,1.29328,1.29477,1.29145,1.29286,0.0
2013-05-28,1.29269,1.29488,1.28487,1.28553,0.0
2013-05-29,1.28543,1.29767,1.28369,1.29396,0.0
2013-05-30,1.294,1.30605,1.29325,1.30465,0.0
2013-05-31,1.30479,1.30585,1.29435,1.29941,0.0
2013-06-03,1.2993,1.31067,1.29547,1.3075,0.0
2013-06-04,1.30741,1.31005,1.30413,1.30796,0.0
2013-06-05,1.30799,1.3115,1.30524,1.30916,0.0
2013-06-06,1.309,1.33051,1.30743,1.32446,0.0
2013-06-07,1.32428,1.32845,1.31908,1.32208,0.0
2013-06-10,1.3192,1.32683,1.31767,1.3255,0.0
2013-06-11,1.3256,1.33165,1.32314,1.33129,0.0
2013-06-12,1.33098,1.33585,1.32647,1.33369,0.0
2013-06-13,1.33351,1.33893,1.32777,1.3373,0.0
2013-06-14,1.33711,1.33734,1.32939,1.33415,0.0
2013-06-17,1.33467,1.33806,1.33177,1.33659,0.0
2013-06-18,1.33644,1.34147,1.33248,1.3394,0.0
2013-06-19,1.33914,1.34153,1.32613,1.3295,0.0
2013-06-20,1.32933,1.33008,1.31604,1.32181,0.0
2013-06-21,1.32198,1.32534,1.30977,1.31222,0.0
2013-06-24,1.30949,1.31431,1.30582,1.31175,0.0
2013-06-25,1.31146,1.315,1.30643,1.30821,0.0
2013-06-26,1.30811,1.30863,1.29839,1.30098,0.0
2013-06-27,1.30113,1.30564,1.29993,1.3039,0.0
2013-06-28,1.30354,1.31022,1.29904,1.30091,0.0
2013-07-01,1.30105,1.3066,1.30045,1.30606,0.0
2013-07-02,1.30616,1.30773,1.29625,1.29781,0.0
2013-07-03,1.29791,1.30317,1.29222,1.3009,0.0
2013-07-04,1.30077,1.30224,1.28823,1.29134,0.0
2013-07-05,1.29125,1.2916,1.28052,1.28316,0.0
2013-07-08,1.28126,1.2881,1.28103,1.28686,0.0
2013-07-09,1.2867,1.28974,1.27546,1.27807,0.0
2013-07-10,1.27792,1.29826,1.2764,1.2971,0.0
2013-07-11,1.2963,1.3205,1.29626,1.30939,0.0
2013-07-12,1.30967,1.30994,1.29984,1.30665,0.0
2013-07-15,1.30735,1.30782,1.29925,1.30621,0.0
2013-07-16,1.30614,1.31732,1.30491,1.31617,0.0
2013-07-17,1.31578,1.31772,1.30823,1.31244,0.0
2013-07-18,1.31219,1.31264,1.30656,1.31079,0.0
2013-07-19,1.3111,1.31537,1.30883,1.31386,0.0
2013-07-22,1.3137,1.32173,1.31345,1.3185,0.0
2013-07-23,1.31845,1.32379,1.31627,1.32243,0.0
2013-07-24,1.32234,1.32552,1.31757,1.31988,0.0
2013-07-25,1.31949,1.32949,1.31649,1.32768,0.0
2013-07-26,1.32766,1.32962,1.32519,1.32779,0.0
2013-07-29,1.32796,1.32942,1.32384,1.32621,0.0
2013-07-30,1.32628,1.3301,1.32336,1.32617,0.0
2013-07-31,1.32631,1.33439,1.32131,1.3301,0.0
2013-08-01,1.33009,1.331,1.31927,1.32074,0.0
2013-08-02,1.32066,1.32932,1.3187,1.32795,0.0
2013-08-05,1.32782,1.32996,1.32318,1.32577,0.0
2013-08-06,1.32575,1.33223,1.32453,1.33058,0.0
2013-08-07,1.33034,1.33445,1.32648,1.33359,0.0
2013-08-08,1.33362,1.33995,1.33273,1.33795,0.0
2013-08-09,1.33809,1.33896,1.33317,1.3341,0.0
2013-08-12,1.33253,1.33433,1.32765,1.3299,0.0
2013-08-13,1.32974,1.33163,1.32328,1.32613,0.0
2013-08-14,1.32633,1.32796,1.32381,1.32543,0.0
2013-08-15,1.3254,1.33621,1.32048,1.33439,0.0
2013-08-16,1.33478,1.33791,1.33101,1.33263,0.0
2013-08-19,1.33306,1.33737,1.33143,1.33335,0.0
2013-08-20,1.33358,1.34511,1.33225,1.3417,0.0
2013-08-21,1.34172,1.34262,1.33345,1.33553,0.0
2013-08-22,1.33523,1.33723,1.32974,1.33547,0.0
2013-08-23,1.3354,1.34089,1.33324,1.33766,0.0
2013-08-26,1.33831,1.33934,1.33558,1.33681,0.0
2013-08-27,1.33668,1.33979,1.33219,1.33914,0.0
2013-08-28,1.33902,1.33968,1.33042,1.33389,0.0
2013-08-29,1.33391,1.33423,1.32186,1.324,0.0
2013-08-30,1.32399,1.32541,1.31727,1.32184,0.0
2013-09-02,1.3213,1.32263,1.31828,1.31924,0.0
2013-09-03,1.31921,1.31961,1.31377,1.31698,0.0
2013-09-04,1.3171,1.3217,1.31561,1.32061,0.0
2013-09-05,1.3207,1.32221,1.31095,1.31185,0.0
2013-09-06,1.31193,1.31886,1.31039,1.31802,0.0
2013-09-09,1.31651,1.32799,1.3164,1.3252,0.0
2013-09-10,1.32532,1.3275,1.32295,1.32654,0.0
2013-09-11,1.3266,1.33238,1.32432,1.33096,0.0
2013-09-12,1.33101,1.3324,1.32556,1.32988,0.0
2013-09-13,1.33001,1.33208,1.32534,1.32959,0.0
2013-09-16,1.33653,1.33848,1.33293,1.33334,0.0
2013-09-17,1.33358,1.33686,1.33245,1.33572,0.0
2013-09-18,1.33567,1.35408,1.33373,1.35213,0.0
2013-09-19,1.35206,1.35678,1.35002,1.35286,0.0
2013-09-20,1.3529,1.35479,1.34974,1.35223,0.0
2013-09-23,1.35461,1.35461,1.34788,1.34923,0.0
2013-09-24,1.34922,1.35181,1.34637,1.34723,0.0
2013-09-25,1.34713,1.35365,1.34613,1.35247,0.0
2013-09-26,1.35233,1.35311,1.34715,1.34877,0.0
2013-09-27,1.34876,1.35637,1.34735,1.35213,0.0
2013-09-30,1.34909,1.35554,1.34768,1.35245,0.0
2013-10-01,1.35272,1.35871,1.3516,1.35247,0.0
2013-10-02,1.35252,1.36064,1.35041,1.35796,0.0
2013-10-03,1.35806,1.36452,1.35769,1.36178,0.0
2013-10-04,1.36177,1.3631,1.35377,1.35525,0.0
2013-10-07,1.35633,1.35904,1.35419,1.35804,0.0
2013-10-08,1.35793,1.36064,1.35567,1.3572,0.0
2013-10-09,1.35723,1.3604,1.34849,1.35207,0.0
2013-10-10,1.35196,1.35458,1.34869,1.3519,0.0
2013-10-11,1.35194,1.35808,1.35175,1.35386,0.0
2013-10-14,1.35591,1.3597,1.35448,1.356,0.0
2013-10-15,1.35588,1.35702,1.34787,1.35237,0.0
2013-10-16,1.35232,1.35667,1.34722,1.35311,0.0
2013-10-17,1.35289,1.36811,1.3515,1.36741,0.0
2013-10-18,1.36763,1.37034,1.36586,1.3684,0.0
2013-10-21,1.36827,1.36878,1.36503,1.36789,0.0
2013-10-22,1.36795,1.37911,1.36615,1.37806,0.0
2013-10-23,1.37797,1.37922,1.37407,1.37754,0.0
2013-10-24,1.37764,1.38245,1.37638,1.37997,0.0
2013-10-25,1.37993,1.38315,1.37738,1.38034,0.0
2013-10-28,1.38054,1.38169,1.37744,1.37847,0.0
2013-10-29,1.37854,1.38126,1.37358,1.37446,0.0
2013-10-30,1.37439,1.37846,1.3695,1.37346,0.0
2013-10-31,1.37339,1.37378,1.35745,1.35831,0.0
2013-11-01,1.35823,1.35886,1.34794,1.34902,0.0
2013-11-04,1.34862,1.35236,1.34412,1.35135,0.0
2013-11-05,1.35134,1.35216,1.34484,1.34741,0.0
2013-11-06,1.34742,1.35468,1.3467,1.35125,0.0
2013-11-07,1.35148,1.35281,1.32947,1.34186,0.0
2013-11-08,1.34197,1.34369,1.33171,1.33631,0.0
2013-11-11,1.33571,1.34155,1.33439,1.34067,0.0
2013-11-12,1.34064,1.34555,1.33585,1.34343,0.0
2013-11-13,1.34348,1.34947,1.33894,1.34855,0.0
2013-11-14,1.34776,1.34967,1.34177,1.3456,0.0
2013-11-15,1.34568,1.35049,1.34316,1.34956,0.0
2013-11-18,1.34952,1.3541,1.34738,1.35052,0.0
2013-11-19,1.35041,1.35465,1.3487,1.35365,0.0
2013-11-20,1.35372,1.35777,1.34145,1.34395,0.0
2013-11-21,1.34382,1.34856,1.33987,1.34792,0.0
2013-11-22,1.34825,1.3556,1.34616,1.35548,0.0
2013-11-25,1.35484,1.35592,1.34895,1.35161,0.0
2013-11-26,1.35155,1.35741,1.35149,1.35717,0.0
2013-11-27,1.35705,1.36119,1.3557,1.35776,0.0
2013-11-28,1.35767,1.36179,1.35629,1.36044,0.0
2013-11-29,1.36038,1.3621,1.35793,1.35888,0.0
2013-12-02,1.35868,1.36149,1.35253,1.35406,0.0
2013-12-03,1.35411,1.3613,1.35236,1.35891,0.0
2013-12-04,1.35875,1.36046,1.35276,1.35923,0.0
2013-12-05,1.35913,1.36764,1.35425,1.36664,0.0
2013-12-06,1.36663,1.37056,1.36188,1.37039,0.0
2013-12-09,1.37117,1.3745,1.36934,1.37389,0.0
2013-12-10,1.37383,1.37941,1.37335,1.37601,0.0
2013-12-11,1.37597,1.381,1.37396,1.37854,0.0
2013-12-12,1.37864,1.38025,1.3737,1.3752,0.0
2013-12-13,1.37518,1.37684,1.37088,1.37399,0.0
2013-12-16,1.37276,1.37979,1.37276,1.37604,0.0
2013-12-17,1.37599,1.37814,1.37225,1.37663,0.0
2013-12-18,1.37653,1.38108,1.36737,1.36849,0.0
2013-12-19,1.36831,1.36931,1.36487,1.36607,0.0
2013-12-20,1.36604,1.37085,1.36245,1.367,0.0
2013-12-23,1.36708,1.37159,1.36666,1.36953,0.0
2013-12-24,1.36967,1.37019,1.36542,1.36781,0.0
2013-12-26,1.36792,1.37013,1.36623,1.36898,0.0
2013-12-27,1.36896,1.38925,1.36864,1.37439,0.0
2013-12-30,1.37562,1.38182,1.37276,1.38009,0.0
2013-12-31,1.37972,1.38118,1.37434,1.37571,0.0
2014-01-02,1.37531,1.37743,1.36288,1.36701,0.0
2014-01-03,1.36684,1.36718,1.35814,1.35866,0.0
2014-01-06,1.3593,1.36522,1.35707,1.36273,0.0
2014-01-07,1.36284,1.36556,1.35959,1.36148,0.0
2014-01-08,1.36168,1.36343,1.35528,1.3574,0.0
2014-01-09,1.35747,1.36324,1.3548,1.36053,0.0
2014-01-10,1.36068,1.36865,1.35712,1.3664,0.0
2014-01-13,1.36737,1.3684,1.36366,1.36711,0.0
2014-01-14,1.36666,1.36986,1.36483,1.36781,0.0
2014-01-15,1.36772,1.36803,1.35806,1.36046,0.0
2014-01-16,1.36043,1.36489,1.35824,1.3619,0.0
2014-01-17,1.36169,1.36204,1.35163,1.3539,0.0
2014-01-20,1.35368,1.35671,1.35069,1.3552,0.0
2014-01-21,1.35555,1.3568,1.35156,1.35605,0.0
2014-01-22,1.35602,1.3583,1.3534,1.35458,0.0
2014-01-23,1.35457,1.36974,1.35295,1.36947,0.0
2014-01-24,1.36937,1.37387,1.36619,1.36821,0.0
2014-01-27,1.36784,1.37158,1.36524,1.36725,0.0
2014-01-28,1.36736,1.36877,1.36284,1.36681,0.0
2014-01-29,1.36611,1.36839,1.36024,1.36628,0.0
2014-01-30,1.36612,1.36647,1.35427,1.35534,0.0
2014-01-31,1.35533,1.35727,1.34785,1.3488,0.0
2014-02-03,1.34832,1.35347,1.34762,1.35274,0.0
2014-02-04,1.35276,1.35378,1.34926,1.35168,0.0
2014-02-05,1.35146,1.35547,1.3498,1.35321,0.0
2014-02-06,1.35326,1.36181,1.34822,1.3589,0.0
2014-02-07,1.35896,1.36428,1.35511,1.36357,0.0
2014-02-10,1.36164,1.36507,1.36164,1.3643,0.0
2014-02-11,1.36429,1.36824,1.36287,1.3637,0.0
2014-02-12,1.36366,1.3652,1.35614,1.35925,0.0
2014-02-13,1.35933,1.36914,1.35841,1.36795,0.0
2014-02-14,1.36791,1.3714,1.36729,1.36919,0.0
2014-02-17,1.37067,1.37234,1.36913,1.3705,0.0
2014-02-18,1.37054,1.37694,1.36939,1.3757,0.0
2014-02-19,1.37574,1.37724,1.37236,1.37326,0.0
2014-02-20,1.37353,1.37618,1.36851,1.37183,0.0
2014-02-21,1.37181,1.37578,1.37012,1.3738,0.0
2014-02-24,1.37332,1.37705,1.37076,1.37334,0.0
2014-02-25,1.37346,1.37663,1.37147,1.37441,0.0
2014-02-26,1.37446,1.37566,1.3661,1.36858,0.0
2014-02-27,1.36853,1.3726,1.36424,1.37089,0.0
2014-02-28,1.37104,1.38241,1.36934,1.37987,0.0
2014-03-03,1.37613,1.37919,1.37255,1.3734,0.0
2014-03-04,1.37344,1.37807,1.37202,1.37416,0.0
2014-03-05,1.37418,1.37484,1.37067,1.37327,0.0
2014-03-06,1.3734,1.38724,1.37206,1.38601,0.0
2014-03-07,1.38599,1.39143,1.38513,1.38732,0.0
2014-03-10,1.38742,1.38969,1.38608,1.38745,0.0
2014-03-11,1.38758,1.3878,1.3833,1.38589,0.0
2014-03-12,1.38581,1.39137,1.38426,1.39027,0.0
2014-03-13,1.3903,1.3966,1.38449,1.38676,0.0
2014-03-14,1.38667,1.39368,1.38468,1.39094,0.0
2014-03-17,1.39036,1.39469,1.38783,1.3921,0.0
2014-03-18,1.39217,1.39419,1.38792,1.3933,0.0
2014-03-19,1.39323,1.39336,1.38089,1.38297,0.0
2014-03-20,1.3829,1.38441,1.37485,1.37776,0.0
2014-03-21,1.37779,1.381,1.37648,1.37957,0.0
2014-03-24,1.38011,1.38751,1.37597,1.38388,0.0
2014-03-25,1.38373,1.38463,1.37484,1.38248,0.0
2014-03-26,1.38251,1.38269,1.37757,1.37836,0.0
2014-03-27,1.37822,1.37963,1.37279,1.37399,0.0
2014-03-28,1.37401,1.37722,1.37042,1.37513,0.0
2014-03-31,1.37614,1.38081,1.37207,1.37703,0.0
2014-04-01,1.37698,1.38148,1.37684,1.37911,0.0
2014-04-02,1.37923,1.38196,1.37525,1.37658,0.0
2014-04-03,1.37648,1.38058,1.36974,1.37193,0.0
2014-04-04,1.37183,1.37305,1.3672,1.37011,0.0
2014-04-07,1.36979,1.37478,1.36955,1.37406,0.0
2014-04-08,1.37408,1.38108,1.37365,1.37966,0.0
2014-04-09,1.37951,1.38614,1.37792,1.38545,0.0
2014-04-10,1.38528,1.38983,1.38352,1.38862,0.0
2014-04-11,1.38864,1.39051,1.38627,1.38835,0.0
2014-04-14,1.38512,1.38623,1.38075,1.38195,0.0
2014-04-15,1.38203,1.38326,1.37894,1.38138,0.0
2014-04-16,1.38127,1.38501,1.38029,1.38144,0.0
2014-04-17,1.38139,1.38636,1.38102,1.38128,0.0
2014-04-18,1.38138,1.38217,1.38077,1.3813,0.0
2014-04-21,1.38137,1.38297,1.37864,1.3793,0.0
2014-04-22,1.37947,1.3824,1.37843,1.38044,0.0
2014-04-23,1.38048,1.38539,1.37995,1.38164,0.0
2014-04-24,1.3815,1.38423,1.37906,1.38312,0.0
2014-04-25,1.383,1.38475,1.38262,1.38317,0.0
2014-04-28,1.3843,1.38788,1.38139,1.38505,0.0
2014-04-29,1.38507,1.38784,1.38048,1.38116,0.0
2014-04-30,1.38104,1.38758,1.37729,1.38664,0.0
2014-05-01,1.38642,1.38884,1.38621,1.38682,0.0
2014-05-02,1.38666,1.38806,1.38114,1.38708,0.0
2014-05-05,1.38815,1.38854,1.38638,1.38744,0.0
2014-05-06,1.38755,1.39505,1.38714,1.39267,0.0
2014-05-07,1.39286,1.39378,1.39093,1.39098,0.0
2014-05-08,1.39106,1.39928,1.38323,1.38395,0.0
2014-05-09,1.38387,1.38437,1.37445,1.37575,0.0
2014-05-12,1.37524,1.3774,1.37487,1.37568,0.0
2014-05-13,1.37561,1.37707,1.36882,1.37024,0.0
2014-05-14,1.37009,1.373,1.36972,1.37132,0.0
2014-05-15,1.37127,1.37314,1.36477,1.37091,0.0
2014-05-16,1.37098,1.37261,1.36847,1.36952,0.0
2014-05-19,1.36923,1.37333,1.36923,1.37082,0.0
2014-05-20,1.37083,1.37131,1.36773,1.37003,0.0
2014-05-21,1.3699,1.37227,1.36337,1.36852,0.0
2014-05-22,1.36844,1.36871,1.36445,1.3655,0.0
2014-05-23,1.36568,1.36576,1.3615,1.36311,0.0
2014-05-26,1.36181,1.36537,1.36143,1.36447,0.0
2014-05-27,1.36449,1.36679,1.36118,1.36343,0.0
2014-05-28,1.36345,1.3637,1.35878,1.35898,0.0
2014-05-29,1.35902,1.36249,1.35854,1.36006,0.0
2014-05-30,1.36019,1.36495,1.35977,1.36334,0.0
2014-06-02,1.3635,1.36354,1.35874,1.35956,0.0
2014-06-03,1.35963,1.36471,1.35863,1.36259,0.0
2014-06-04,1.36268,1.36381,1.35957,1.35977,0.0
2014-06-05,1.35987,1.3669,1.35022,1.36594,0.0
2014-06-06,1.36612,1.36761,1.36203,1.36425,0.0
2014-06-09,1.36426,1.36679,1.35817,1.35929,0.0
2014-06-10,1.35914,1.36011,1.35328,1.35458,0.0
2014-06-11,1.3545,1.35563,1.35208,1.353,0.0
2014-06-12,1.35299,1.35712,1.35115,1.35516,0.0
2014-06-13,1.35517,1.35782,1.35202,1.3538,0.0
2014-06-16,1.35392,1.35786,1.35123,1.35726,0.0
2014-06-17,1.35713,1.35863,1.35356,1.35461,0.0
2014-06-18,1.35454,1.35986,1.35409,1.35945,0.0
2014-06-19,1.35906,1.36426,1.35834,1.36073,0.0
2014-06-20,1.3606,1.36332,1.35636,1.35986,0.0
2014-06-23,1.35921,1.36127,1.35733,1.36021,0.0
2014-06-24,1.36023,1.36269,1.35827,1.36064,0.0
2014-06-25,1.36055,1.36504,1.35997,1.36273,0.0
2014-06-26,1.36281,1.36404,1.35752,1.36106,0.0
2014-06-27,1.36102,1.36497,1.36086,1.3646,0.0
2014-06-30,1.36433,1.36969,1.36397,1.36916,0.0
2014-07-01,1.3691,1.36997,1.36747,1.36782,0.0
2014-07-02,1.36786,1.36817,1.36418,1.36588,0.0
2014-07-03,1.36568,1.36636,1.35954,1.36093,0.0
2014-07-04,1.36092,1.36104,1.35847,1.35935,0.0
2014-07-07,1.35939,1.36084,1.35751,1.36038,0.0
2014-07-08,1.36041,1.36165,1.35873,1.36109,0.0
2014-07-09,1.36108,1.36477,1.36015,1.36408,0.0
2014-07-10,1.36399,1.365,1.35884,1.36079,0.0
2014-07-11,1.36076,1.3624,1.35911,1.3608,0.0
2014-07-14,1.36005,1.36395,1.35967,1.36182,0.0
2014-07-15,1.36184,1.36273,1.35613,1.35688,0.0
2014-07-16,1.35674,1.35716,1.35202,1.3525,0.0
2014-07-17,1.35245,1.35395,1.35158,1.35253,0.0
2014-07-18,1.35249,1.35352,1.34903,1.35262,0.0
2014-07-21,1.35258,1.35484,1.35122,1.35228,0.0
2014-07-22,1.35229,1.35288,1.34583,1.34647,0.0
2014-07-23,1.34649,1.34734,1.34542,1.34626,0.0
2014-07-24,1.34619,1.34842,1.34374,1.34621,0.0
2014-07-25,1.3463,1.34748,1.34206,1.34291,0.0
2014-07-28,1.34301,1.34432,1.34262,1.34384,0.0
2014-07-29,1.34383,1.34438,1.34035,1.34077,0.0
2014-07-30,1.34076,1.34145,1.33661,1.33957,0.0
2014-07-31,1.33959,1.33997,1.33708,1.33885,0.0
2014-08-01,1.33876,1.3444,1.33778,1.34265,0.0
2014-08-04,1.34312,1.34313,1.34087,1.34206,0.0
2014-08-05,1.34209,1.3424,1.33575,1.33752,0.0
2014-08-06,1.3375,1.33861,1.33323,1.33814,0.0
2014-08-07,1.33833,1.33931,1.33364,1.33623,0.0
2014-08-08,1.33625,1.34319,1.33428,1.34115,0.0
2014-08-11,1.34055,1.34106,1.33796,1.33836,0.0
2014-08-12,1.33833,1.33853,1.33353,1.33678,0.0
2014-08-13,1.33663,1.34144,1.33415,1.33629,0.0
2014-08-14,1.33646,1.3407,1.33478,1.33639,0.0
2014-08-15,1.33641,1.34109,1.33579,1.33988,0.0
2014-08-18,1.33923,1.33985,1.33522,1.33626,0.0
2014-08-19,1.33627,1.33627,1.33125,1.33194,0.0
2014-08-20,1.33217,1.33234,1.32546,1.3259,0.0
2014-08-21,1.32584,1.32877,1.32413,1.32805,0.0
2014-08-22,1.32796,1.32959,1.32199,1.32421,0.0
2014-08-25,1.31999,1.32111,1.31832,1.31913,0.0
2014-08-26,1.31915,1.32139,1.31639,1.31664,0.0
2014-08-27,1.31674,1.3209,1.31519,1.3192,0.0
2014-08-28,1.31927,1.32201,1.3159,1.31813,0.0
2014-08-29,1.31806,1.31954,1.3133,1.31358,0.0
2014-09-01,1.31278,1.31446,1.31184,1.31276,0.0
2014-09-02,1.31274,1.3136,1.31095,1.31325,0.0
2014-09-03,1.31324,1.31592,1.31214,1.31494,0.0
2014-09-04,1.31495,1.31533,1.29194,1.2942,0.0
2014-09-05,1.29448,1.2986,1.29213,1.29507,0.0
2014-09-08,1.29561,1.29582,1.28809,1.28943,0.0
2014-09-09,1.28921,1.29567,1.28586,1.29381,0.0
2014-09-10,1.29386,1.2962,1.2883,1.29156,0.0
2014-09-11,1.2915,1.2951,1.28963,1.29223,0.0
2014-09-12,1.29201,1.29785,1.2908,1.29545,0.0
2014-09-15,1.29689,1.29695,1.29079,1.29394,0.0
2014-09-16,1.29389,1.29944,1.29216,1.29587,0.0
2014-09-17,1.29611,1.29806,1.28513,1.28642,0.0
2014-09-18,1.28571,1.29301,1.28336,1.29214,0.0
2014-09-19,1.29228,1.2928,1.28293,1.28299,0.0
2014-09-22,1.28315,1.2867,1.28155,1.28485,0.0
2014-09-23,1.28475,1.29004,1.28419,1.28482,0.0
2014-09-24,1.28461,1.28631,1.27735,1.27793,0.0
2014-09-25,1.27796,1.27825,1.26961,1.27499,0.0
2014-09-26,1.27503,1.27599,1.26761,1.26833,0.0
2014-09-29,1.26792,1.27141,1.26629,1.26863,0.0
2014-09-30,1.26853,1.27016,1.25703,1.26304,0.0
2014-10-01,1.26281,1.26389,1.25828,1.26233,0.0
2014-10-02,1.26177,1.2698,1.2613,1.26673,0.0
2014-10-03,1.26677,1.26738,1.24998,1.25141,0.0
2014-10-06,1.25124,1.26741,1.25083,1.26539,0.0
2014-10-07,1.2652,1.26812,1.25829,1.26683,0.0
2014-10-08,1.26679,1.27481,1.26219,1.27334,0.0
2014-10-09,1.27347,1.27906,1.26631,1.26902,0.0
2014-10-10,1.26896,1.27152,1.26047,1.26216,0.0
2014-10-13,1.26287,1.27603,1.26198,1.27485,0.0
2014-10-14,1.27533,1.27676,1.26392,1.26582,0.0
2014-10-15,1.26597,1.28862,1.26239,1.2837,0.0
2014-10-16,1.28339,1.28442,1.2705,1.28084,0.0
2014-10-17,1.28053,1.2836,1.27431,1.27571,0.0
2014-10-20,1.27525,1.28161,1.27305,1.2799,0.0
2014-10-21,1.27996,1.28394,1.27137,1.27149,0.0
2014-10-22,1.27153,1.27388,1.26364,1.26457,0.0
2014-10-23,1.26473,1.26758,1.2613,1.26461,0.0
2014-10-24,1.26478,1.2695,1.26341,1.26677,0.0
2014-10-27,1.2676,1.27225,1.26649,1.26983,0.0
2014-10-28,1.27003,1.27641,1.26838,1.27339,0.0
2014-10-29,1.27336,1.27698,1.26303,1.26311,0.0
2014-10-30,1.26303,1.26387,1.25465,1.26118,0.0
2014-10-31,1.26116,1.26166,1.24849,1.25246,0.0
2014-11-03,1.25059,1.25132,1.24386,1.24799,0.0
2014-11-04,1.24845,1.25767,1.24801,1.25452,0.0
2014-11-05,1.25434,1.25663,1.24564,1.2485,0.0
2014-11-06,1.24851,1.25326,1.23641,1.23741,0.0
2014-11-07,1.23721,1.24688,1.23572,1.24536,0.0
2014-11-10,1.2467,1.25085,1.2418,1.24193,0.0
2014-11-11,1.24196,1.24985,1.23938,1.24728,0.0
2014-11-12,1.24727,1.2497,1.24185,1.24371,0.0
2014-11-13,1.24358,1.24908,1.24256,1.24746,0.0
2014-11-14,1.24754,1.25455,1.23976,1.2521,0.0
2014-11-17,1.25311,1.25767,1.24443,1.24492,0.0
2014-11-18,1.24496,1.25445,1.24428,1.25355,0.0
2014-11-19,1.25316,1.25989,1.25115,1.25527,0.0
2014-11-20,1.25528,1.25746,1.25035,1.25386,0.0
2014-11-21,1.2539,1.25674,1.23743,1.23915,0.0
2014-11-24,1.23631,1.24438,1.23618,1.24404,0.0
2014-11-25,1.24406,1.24863,1.24012,1.24726,0.0
2014-11-26,1.24731,1.25309,1.24429,1.25051,0.0
2014-11-27,1.25056,1.25228,1.24639,1.24663,0.0
2014-11-28,1.24657,1.24895,1.24253,1.24456,0.0
2014-12-01,1.24524,1.2506,1.24186,1.24682,0.0
2014-12-02,1.24691,1.24753,1.23761,1.23812,0.0
2014-12-03,1.2381,1.23897,1.23004,1.23099,0.0
2014-12-04,1.23093,1.24556,1.22787,1.23787,0.0
2014-12-05,1.23784,1.23922,1.22701,1.22849,0.0
2014-12-08,1.22835,1.23432,1.22463,1.23163,0.0
2014-12-09,1.2313,1.24469,1.22913,1.23729,0.0
2014-12-10,1.23716,1.24471,1.23612,1.24466,0.0
2014-12-11,1.2446,1.24942,1.23693,1.24105,0.0
2014-12-12,1.24106,1.24847,1.23834,1.24551,0.0
2014-12-15,1.24688,1.2478,1.24138,1.24357,0.0
2014-12-16,1.24339,1.25691,1.24334,1.2509,0.0
2014-12-17,1.25091,1.25148,1.23196,1.23415,0.0
2014-12-18,1.23416,1.23517,1.22651,1.22851,0.0
2014-12-19,1.22858,1.23014,1.22193,1.2226,0.0
2014-12-22,1.22234,1.22717,1.22159,1.22303,0.0
2014-12-23,1.22275,1.22448,1.2164,1.21714,0.0
2014-12-24,1.21711,1.22191,1.21686,1.21885,0.0
2014-12-26,1.22115,1.22209,1.21677,1.21779,0.0
2014-12-29,1.218,1.22202,1.21423,1.21546,0.0
2014-12-30,1.21552,1.21866,1.2123,1.2155,0.0
2014-12-31,1.21562,1.21689,1.20965,1.20989,0.0
2015-01-02,1.20553,1.20689,1.19999,1.20012,0.0
2015-01-05,1.18895,1.19755,1.18737,1.1932,0.0
2015-01-06,1.19329,1.1968,1.18835,1.18895,0.0
2015-01-07,1.1889,1.18957,1.18013,1.1838,0.0
2015-01-08,1.18369,1.18466,1.17534,1.17935,0.0
2015-01-09,1.17916,1.18451,1.17618,1.18352,0.0
2015-01-12,1.18503,1.187,1.17855,1.18332,0.0
2015-01-13,1.18322,1.1859,1.17524,1.17712,0.0
2015-01-14,1.17697,1.18455,1.17265,1.17871,0.0
2015-01-15,1.1787,1.17917,1.15671,1.16312,0.0
2015-01-16,1.16328,1.16481,1.14593,1.15663,0.0
2015-01-19,1.1556,1.16382,1.15506,1.16043,0.0
2015-01-20,1.16038,1.16138,1.15397,1.1549,0.0
2015-01-21,1.15527,1.16795,1.15406,1.16087,0.0
2015-01-22,1.16094,1.16503,1.13156,1.13648,0.0
2015-01-23,1.13578,1.13731,1.11138,1.12078,0.0
2015-01-26,1.11526,1.12946,1.10973,1.12354,0.0
2015-01-27,1.1236,1.14217,1.12229,1.13794,0.0
2015-01-28,1.13758,1.13819,1.12754,1.12858,0.0
2015-01-29,1.12852,1.13671,1.12609,1.1318,0.0
2015-01-30,1.1317,1.13627,1.1277,1.128,0.0
2015-02-02,1.13095,1.13613,1.12916,1.13398,0.0
2015-02-03,1.13405,1.1533,1.13116,1.14792,0.0
2015-02-04,1.14766,1.14841,1.13151,1.13395,0.0
2015-02-05,1.13445,1.14978,1.13031,1.14768,0.0
2015-02-06,1.14755,1.14847,1.1311,1.13121,0.0
2015-02-09,1.12961,1.13585,1.12694,1.13225,0.0
2015-02-10,1.13238,1.13446,1.12721,1.13173,0.0
2015-02-11,1.1317,1.13465,1.12791,1.13321,0.0
2015-02-12,1.13442,1.1422,1.13014,1.14023,0.0
2015-02-13,1.14024,1.14421,1.13792,1.13916,0.0
2015-02-16,1.13979,1.14282,1.13187,1.13521,0.0
2015-02-17,1.13524,1.1448,1.13212,1.141,0.0
2015-02-18,1.14101,1.14152,1.1333,1.1396,0.0
2015-02-19,1.13959,1.14492,1.13543,1.13674,0.0
2015-02-20,1.13669,1.14287,1.12782,1.13787,0.0
2015-02-23,1.13932,1.13952,1.12944,1.13336,0.0
2015-02-24,1.13358,1.13573,1.1288,1.13394,0.0
2015-02-25,1.13409,1.13877,1.13348,1.13593,0.0
2015-02-26,1.13625,1.13786,1.11828,1.11968,0.0
2015-02-27,1.11988,1.12443,1.11753,1.11931,0.0
2015-03-02,1.11806,1.12398,1.11593,1.11821,0.0
2015-03-03,1.11834,1.12166,1.11538,1.11745,0.0
2015-03-04,1.11746,1.11848,1.10608,1.10782,0.0
2015-03-05,1.10775,1.11139,1.09868,1.10269,0.0
2015-03-06,1.10299,1.10319,1.084,1.08407,0.0
2015-03-09,1.08296,1.09056,1.0822,1.08511,0.0
2015-03-10,1.08517,1.08554,1.06918,1.06978,0.0
2015-03-11,1.06949,1.07159,1.05104,1.05464,0.0
2015-03-12,1.05471,1.0683,1.04935,1.06347,0.0
2015-03-13,1.06332,1.0634,1.04617,1.04887,0.0
2015-03-16,1.04706,1.06186,1.04706,1.05648,0.0
2015-03-17,1.05674,1.065,1.05506,1.05957,0.0
2015-03-18,1.05901,1.10251,1.05792,1.08658,0.0
2015-03-19,1.08666,1.09185,1.06124,1.06575,0.0
2015-03-20,1.06564,1.08811,1.06467,1.08251,0.0
2015-03-23,1.08375,1.09706,1.07666,1.09451,0.0
2015-03-24,1.09466,1.10285,1.08897,1.09244,0.0
2015-03-25,1.09214,1.10136,1.09001,1.097,0.0
2015-03-26,1.09688,1.10516,1.08556,1.08833,0.0
2015-03-27,1.08809,1.09477,1.08004,1.08856,0.0
2015-03-30,1.08853,1.08944,1.08092,1.08321,0.0
2015-03-31,1.08298,1.08445,1.07122,1.07351,0.0
2015-04-01,1.07356,1.0799,1.07179,1.07618,0.0
2015-04-02,1.07611,1.09044,1.07495,1.0879,0.0
2015-04-03,1.08801,1.10261,1.08631,1.09729,0.0
2015-04-06,1.09927,1.10347,1.09091,1.09219,0.0
2015-04-07,1.09251,1.0954,1.08024,1.08135,0.0
2015-04-08,1.08158,1.08866,1.07627,1.07797,0.0
2015-04-09,1.07788,1.0788,1.06369,1.06577,0.0
2015-04-10,1.06564,1.06828,1.05669,1.05997,0.0
2015-04-13,1.05881,1.06183,1.05201,1.05656,0.0
2015-04-14,1.05681,1.07066,1.05307,1.06536,0.0
2015-04-15,1.06521,1.07013,1.05702,1.06829,0.0
2015-04-16,1.06843,1.08169,1.0624,1.07606,0.0
2015-04-17,1.07619,1.08478,1.07334,1.08088,0.0
2015-04-20,1.08186,1.08195,1.07118,1.07361,0.0
2015-04-21,1.07366,1.07804,1.0659,1.07349,0.0
2015-04-22,1.07327,1.07999,1.0708,1.07235,0.0
2015-04-23,1.07214,1.08448,1.06653,1.0823,0.0
2015-04-24,1.08227,1.08993,1.0784,1.08703,0.0
2015-04-27,1.08652,1.09259,1.08186,1.08881,0.0
2015-04-28,1.0888,1.09902,1.0859,1.09808,0.0
2015-04-29,1.09764,1.11871,1.09589,1.11254,0.0
2015-04-30,1.1124,1.12653,1.10705,1.12208,0.0
2015-05-01,1.12212,1.12893,1.1174,1.11963,0.0
2015-05-04,1.11907,1.12238,1.1122,1.11482,0.0
2015-05-05,1.11449,1.12223,1.10655,1.11842,0.0
2015-05-06,1.11845,1.13693,1.11741,1.13458,0.0
2015-05-07,1.13467,1.13909,1.12365,1.12652,0.0
2015-05-08,1.12684,1.12865,1.11782,1.12096,0.0
2015-05-11,1.11986,1.12054,1.11302,1.11542,0.0
2015-05-12,1.1154,1.1278,1.11336,1.12131,0.0
2015-05-13,1.1207,1.13819,1.12017,1.13534,0.0
2015-05-14,1.13544,1.14439,1.13398,1.14085,0.0
2015-05-15,1.14078,1.14659,1.1323,1.14461,0.0
2015-05-18,1.14471,1.14486,1.12978,1.13133,0.0
2015-05-19,1.13134,1.13257,1.1118,1.11487,0.0
2015-05-20,1.11466,1.11515,1.10616,1.10962,0.0
2015-05-21,1.10941,1.11806,1.10792,1.11111,0.0
2015-05-22,1.11136,1.12076,1.10014,1.10139,0.0
2015-05-25,1.10046,1.10088,1.09583,1.09756,0.0
2015-05-26,1.09751,1.09805,1.08624,1.08731,0.0
2015-05-27,1.08721,1.09284,1.08183,1.09028,0.0
2015-05-28,1.09012,1.09581,1.08664,1.09437,0.0
2015-05-29,1.09485,1.10055,1.0925,1.09896,0.0
2015-06-01,1.09829,1.09879,1.08863,1.09244,0.0
2015-06-02,1.09251,1.11931,1.09153,1.11504,0.0
2015-06-03,1.11497,1.12845,1.10786,1.12746,0.0
2015-06-04,1.12715,1.1379,1.1222,1.12374,0.0
2015-06-05,1.12403,1.1279,1.10485,1.11164,0.0
2015-06-08,1.11004,1.1306,1.10834,1.12908,0.0
2015-06-09,1.12904,1.13447,1.12133,1.12798,0.0
2015-06-10,1.12797,1.13855,1.12593,1.13227,0.0
2015-06-11,1.13228,1.13306,1.11812,1.12566,0.0
2015-06-12,1.12573,1.12955,1.11502,1.12596,0.0
2015-06-15,1.12134,1.12935,1.11886,1.12826,0.0
2015-06-16,1.12811,1.1329,1.12041,1.12484,0.0
2015-06-17,1.12444,1.1357,1.12044,1.1338,0.0
2015-06-18,1.13367,1.14355,1.13296,1.13656,0.0
2015-06-19,1.13655,1.13884,1.12915,1.13485,0.0
2015-06-22,1.13757,1.14095,1.13111,1.134,0.0
2015-06-23,1.13359,1.13466,1.11342,1.1167,0.0
2015-06-24,1.11569,1.1234,1.11534,1.12043,0.0
2015-06-25,1.12029,1.12269,1.11529,1.12053,0.0
2015-06-26,1.12011,1.1219,1.11293,1.1171,0.0
2015-06-29,1.10047,1.12774,1.09539,1.12356,0.0
2015-06-30,1.12363,1.12433,1.11112,1.11354,0.0
2015-07-01,1.11385,1.11711,1.10418,1.10519,0.0
2015-07-02,1.10485,1.11204,1.10314,1.10826,0.0
2015-07-03,1.10808,1.11168,1.10643,1.11058,0.0
2015-07-06,1.09866,1.10946,1.09686,1.10552,0.0
2015-07-07,1.1054,1.10577,1.09155,1.10104,0.0
2015-07-08,1.101,1.1092,1.09735,1.10759,0.0
2015-07-09,1.10753,1.1124,1.09908,1.10365,0.0
2015-07-10,1.10334,1.12155,1.10298,1.11548,0.0
2015-07-13,1.10982,1.1196,1.09947,1.10053,0.0
2015-07-14,1.10021,1.10736,1.09646,1.10074,0.0
2015-07-15,1.10086,1.10348,1.09291,1.09463,0.0
2015-07-16,1.09468,1.09619,1.08548,1.08741,0.0
2015-07-17,1.08751,1.0906,1.08276,1.08296,0.0
2015-07-20,1.08336,1.08694,1.08077,1.08244,0.0
2015-07-21,1.08213,1.09683,1.0811,1.09366,0.0
2015-07-22,1.09356,1.0966,1.08686,1.0928,0.0
2015-07-23,1.09261,1.10173,1.09208,1.09833,0.0
2015-07-24,1.09831,1.0995,1.09244,1.09758,0.0
2015-07-27,1.09814,1.11287,1.09681,1.10872,0.0
2015-07-28,1.10911,1.10987,1.10214,1.10594,0.0
2015-07-29,1.10581,1.10832,1.09663,1.09842,0.0
2015-07-30,1.09828,1.09885,1.08925,1.09296,0.0
2015-07-31,1.09314,1.11133,1.09202,1.09819,0.0
2015-08-03,1.09782,1.09954,1.09405,1.09504,0.0
2015-08-04,1.09507,1.09867,1.08782,1.08796,0.0
2015-08-05,1.0881,1.09213,1.08472,1.09049,0.0
2015-08-06,1.0904,1.09427,1.08727,1.09238,0.0
2015-08-07,1.0921,1.09775,1.08545,1.09593,0.0
2015-08-10,1.09623,1.10407,1.09245,1.1016,0.0
2015-08-11,1.10196,1.10876,1.09596,1.10418,0.0
2015-08-12,1.10416,1.12133,1.10233,1.11601,0.0
2015-08-13,1.11615,1.11879,1.10792,1.11495,0.0
2015-08-14,1.11489,1.11879,1.10969,1.11139,0.0
2015-08-17,1.11191,1.1124,1.10579,1.10753,0.0
2015-08-18,1.10769,1.1093,1.10167,1.10259,0.0
2015-08-19,1.10248,1.11336,1.1017,1.11199,0.0
2015-08-20,1.11197,1.12437,1.11063,1.12398,0.0
2015-08-21,1.12409,1.13876,1.12283,1.13862,0.0
2015-08-24,1.13766,1.17121,1.13685,1.16189,0.0
2015-08-25,1.16087,1.16121,1.13957,1.15145,0.0
2015-08-26,1.15201,1.15605,1.12906,1.13134,0.0
2015-08-27,1.13137,1.13638,1.12022,1.12437,0.0
2015-08-28,1.12473,1.1309,1.11553,1.11844,0.0
2015-08-31,1.11784,1.12617,1.11692,1.12117,0.0
2015-09-01,1.12119,1.13313,1.12074,1.13154,0.0
2015-09-02,1.1317,1.13188,1.12156,1.12271,0.0
2015-09-03,1.12245,1.12426,1.10864,1.11225,0.0
2015-09-04,1.11226,1.11754,1.10894,1.11466,0.0
2015-09-07,1.11606,1.11769,1.11206,1.11699,0.0
2015-09-08,1.11688,1.12287,1.11517,1.12021,0.0
2015-09-09,1.12009,1.12154,1.11308,1.12067,0.0
2015-09-10,1.12078,1.12946,1.1171,1.12787,0.0
2015-09-11,1.12775,1.13488,1.12533,1.13319,0.0
2015-09-14,1.13261,1.13725,1.12826,1.13145,0.0
2015-09-15,1.13183,1.13279,1.12578,1.12682,0.0
2015-09-16,1.12686,1.13197,1.12134,1.12908,0.0
2015-09-17,1.12903,1.14404,1.12837,1.14338,0.0
2015-09-18,1.14282,1.14594,1.12686,1.12968,0.0
2015-09-21,1.12836,1.1329,1.11804,1.11881,0.0
2015-09-22,1.11882,1.12066,1.11124,1.11315,0.0
2015-09-23,1.11259,1.12125,1.11043,1.11826,0.0
2015-09-24,1.11823,1.12951,1.11637,1.12302,0.0
2015-09-25,1.122,1.12239,1.11153,1.12005,0.0
2015-09-28,1.11925,1.12469,1.11459,1.1243,0.0
2015-09-29,1.12431,1.12805,1.1193,1.12489,0.0
2015-09-30,1.12484,1.12607,1.11566,1.11758,0.0
2015-10-01,1.1174,1.12084,1.11341,1.11916,0.0
2015-10-02,1.11906,1.13175,1.11489,1.12094,0.0
2015-10-05,1.12195,1.12885,1.11727,1.11884,0.0
2015-10-06,1.11861,1.12781,1.11712,1.12703,0.0
2015-10-07,1.12715,1.12835,1.12106,1.12361,0.0
2015-10-08,1.12364,1.13269,1.12337,1.12746,0.0
2015-10-09,1.12761,1.13864,1.12662,1.13587,0.0
2015-10-12,1.13606,1.1396,1.13548,1.13608,0.0
2015-10-13,1.13592,1.14103,1.13431,1.13775,0.0
2015-10-14,1.13799,1.14883,1.13765,1.1472,0.0
2015-10-15,1.14724,1.14944,1.13624,1.13787,0.0
2015-10-16,1.13874,1.13942,1.13336,1.13482,0.0
2015-10-19,1.13582,1.13783,1.1305,1.13271,0.0
2015-10-20,1.13296,1.13862,1.13232,1.13447,0.0
2015-10-21,1.13448,1.13766,1.13333,1.13376,0.0
2015-10-22,1.13384,1.13503,1.10993,1.11082,0.0
2015-10-23,1.11056,1.11391,1.09959,1.10124,0.0
2015-10-26,1.10043,1.10675,1.10008,1.10581,0.0
2015-10-27,1.10541,1.10779,1.10294,1.10438,0.0
2015-10-28,1.10462,1.1095,1.0896,1.09231,0.0
2015-10-29,1.09244,1.09848,1.09026,1.09781,0.0
2015-10-30,1.09771,1.10715,1.09647,1.1002,0.0
2015-11-02,1.10328,1.10518,1.09996,1.10147,0.0
2015-11-03,1.10111,1.10295,1.09358,1.09636,0.0
2015-11-04,1.09603,1.09669,1.08434,1.08645,0.0
2015-11-05,1.0864,1.08966,1.08327,1.08828,0.0
2015-11-06,1.08806,1.08929,1.07052,1.07377,0.0
2015-11-09,1.07319,1.07891,1.07187,1.0749,0.0
2015-11-10,1.07486,1.07633,1.06734,1.07237,0.0
2015-11-11,1.07216,1.07729,1.07049,1.0741,0.0
2015-11-12,1.07437,1.08292,1.06903,1.08133,0.0
2015-11-13,1.0811,1.0816,1.07132,1.07617,0.0
2015-11-16,1.07357,1.07573,1.06739,1.06853,0.0
2015-11-17,1.06857,1.06899,1.06299,1.06429,0.0
2015-11-18,1.06427,1.06915,1.0616,1.06575,0.0
2015-11-19,1.06604,1.0762,1.06546,1.07325,0.0
2015-11-20,1.07344,1.07375,1.06391,1.06421,0.0
2015-11-23,1.06413,1.06559,1.0592,1.0635,0.0
2015-11-24,1.06341,1.06725,1.06191,1.06427,0.0
2015-11-25,1.06424,1.06885,1.05652,1.06223,0.0
2015-11-26,1.06238,1.06264,1.05992,1.06082,0.0
2015-11-27,1.06079,1.0637,1.05678,1.05911,0.0
2015-11-30,1.05876,1.05941,1.0557,1.05636,0.0
2015-12-01,1.05652,1.06362,1.05623,1.06319,0.0
2015-12-02,1.06342,1.06343,1.05499,1.06141,0.0
2015-12-03,1.06166,1.09801,1.05387,1.09377,0.0
2015-12-04,1.09396,1.09554,1.08351,1.08751,0.0
2015-12-07,1.08694,1.08865,1.07953,1.08366,0.0
2015-12-08,1.08365,1.09016,1.08293,1.08912,0.0
2015-12-09,1.08928,1.10418,1.08784,1.10244,0.0
2015-12-10,1.10227,1.10229,1.09242,1.09399,0.0
2015-12-11,1.09396,1.10297,1.09256,1.09933,0.0
2015-12-14,1.09835,1.10477,1.09447,1.0994,0.0
2015-12-15,1.09954,1.10588,1.09037,1.09276,0.0
2015-12-16,1.09288,1.10105,1.08874,1.09112,0.0
2015-12-17,1.09111,1.09128,1.08018,1.08252,0.0
2015-12-18,1.08267,1.08736,1.08041,1.08658,0.0
2015-12-21,1.08523,1.09381,1.08457,1.09134,0.0
2015-12-22,1.0914,1.09833,1.09014,1.09558,0.0
2015-12-23,1.09512,1.09556,1.08693,1.09087,0.0
2015-12-24,1.09086,1.09667,1.09025,1.096,0.0
2015-12-28,1.09404,1.09916,1.094,1.09682,0.0
2015-12-29,1.09667,1.09909,1.08983,1.09194,0.0
2015-12-30,1.0921,1.09429,1.0901,1.09301,0.0
2015-12-31,1.09309,1.09361,1.0852,1.08537,0.0
2016-01-04,1.08716,1.09453,1.07804,1.08315,0.0
2016-01-05,1.083,1.08381,1.07098,1.07471,0.0
2016-01-06,1.07473,1.07984,1.07182,1.07792,0.0
2016-01-07,1.07793,1.09392,1.07703,1.09274,0.0
2016-01-08,1.09287,1.09327,1.08025,1.09253,0.0
2016-01-11,1.09184,1.09686,1.08471,1.0858,0.0
2016-01-12,1.08579,1.08995,1.0819,1.08568,0.0
2016-01-13,1.08571,1.08869,1.0804,1.08748,0.0
2016-01-14,1.08767,1.09422,1.08338,1.08651,0.0
2016-01-15,1.08643,1.09838,1.08537,1.09118,0.0
2016-01-18,1.09215,1.09266,1.08681,1.08934,0.0
2016-01-19,1.08915,1.09382,1.08585,1.09064,0.0
2016-01-20,1.09045,1.09752,1.08763,1.0891,0.0
2016-01-21,1.08904,1.09204,1.07769,1.08745,0.0
2016-01-22,1.08728,1.08757,1.07884,1.07933,0.0
2016-01-25,1.07899,1.08561,1.07889,1.0848,0.0
2016-01-26,1.08475,1.08736,1.0818,1.08671,0.0
2016-01-27,1.08669,1.09155,1.08499,1.08916,0.0
2016-01-28,1.08906,1.09668,1.08688,1.09397,0.0
2016-01-29,1.09377,1.09476,1.08092,1.08311,0.0
2016-02-01,1.08312,1.0912,1.08141,1.08877,0.0
2016-02-02,1.08862,1.09391,1.08843,1.09159,0.0
2016-02-03,1.09173,1.11445,1.09029,1.11038,0.0
2016-02-04,1.11025,1.1238,1.10688,1.12093,0.0
2016-02-05,1.12064,1.12432,1.11081,1.11554,0.0
2016-02-08,1.11424,1.12147,1.10858,1.11926,0.0
2016-02-09,1.11917,1.13371,1.11615,1.1292,0.0
2016-02-10,1.12879,1.13107,1.11595,1.12925,0.0
2016-02-11,1.12895,1.13755,1.12732,1.13196,0.0
2016-02-12,1.13215,1.13326,1.12133,1.12488,0.0
2016-02-15,1.12412,1.12486,1.1127,1.11536,0.0
2016-02-16,1.11547,1.11921,1.11232,1.11431,0.0
2016-02-17,1.11429,1.11783,1.1105,1.11265,0.0
2016-02-18,1.11246,1.11487,1.10702,1.11051,0.0
2016-02-19,1.11034,1.11384,1.10659,1.11307,0.0
2016-02-22,1.11159,1.11237,1.10023,1.10285,0.0
2016-02-23,1.10286,1.1052,1.09893,1.10171,0.0
2016-02-24,1.10168,1.10455,1.09566,1.10122,0.0
2016-02-25,1.10134,1.1049,1.09859,1.10174,0.0
2016-02-26,1.10182,1.10675,1.09109,1.09278,0.0
2016-02-29,1.09184,1.09617,1.08584,1.08725,0.0
2016-03-01,1.08754,1.08927,1.08334,1.08664,0.0
2016-03-02,1.08656,1.08803,1.08246,1.0867,0.0
2016-03-03,1.08677,1.09717,1.08526,1.09554,0.0
2016-03-04,1.09565,1.10425,1.09024,1.10043,0.0
2016-03-07,1.09854,1.10251,1.09394,1.10129,0.0
2016-03-08,1.10121,1.10572,1.09928,1.10098,0.0
2016-03-09,1.10092,1.10343,1.09453,1.09989,0.0
2016-03-10,1.09984,1.12166,1.08209,1.11786,0.0
2016-03-11,1.11763,1.1209,1.10797,1.11456,0.0
2016-03-14,1.11338,1.11755,1.10769,1.11017,0.0
2016-03-15,1.10998,1.11244,1.1071,1.11091,0.0
2016-03-16,1.1107,1.12414,1.10571,1.12233,0.0
2016-03-17,1.12206,1.13418,1.12042,1.13174,0.0
2016-03-18,1.13137,1.13363,1.12555,1.1268,0.0
2016-03-21,1.12559,1.12842,1.12338,1.124,0.0
2016-03-22,1.12376,1.12595,1.11876,1.12156,0.0
2016-03-23,1.12159,1.1223,1.11588,1.11804,0.0
2016-03-24,1.11768,1.11872,1.11435,1.11738,0.0
2016-03-25,1.11713,1.11788,1.11514,1.11615,0.0
2016-03-28,1.11599,1.12193,1.11521,1.11952,0.0
2016-03-29,1.11933,1.13027,1.11683,1.12906,0.0
2016-03-30,1.12885,1.13648,1.12824,1.13375,0.0
2016-03-31,1.13363,1.14114,1.13094,1.1378,0.0
2016-04-01,1.13781,1.14376,1.1334,1.13891,0.0
2016-04-04,1.13981,1.1412,1.1357,1.13884,0.0
2016-04-05,1.13835,1.14044,1.13351,1.13828,0.0
2016-04-06,1.13811,1.14312,1.13264,1.13979,0.0
2016-04-07,1.13972,1.14534,1.13371,1.1378,0.0
2016-04-08,1.13758,1.14189,1.13486,1.13913,0.0
2016-04-11,1.14132,1.1447,1.13716,1.14095,0.0
2016-04-12,1.14011,1.14643,1.13447,1.13836,0.0
2016-04-13,1.13832,1.13904,1.12675,1.12734,0.0
2016-04-14,1.12724,1.12942,1.12333,1.12647,0.0
2016-04-15,1.12611,1.13166,1.12451,1.1281,0.0
2016-04-18,1.12978,1.13315,1.1273,1.13118,0.0
2016-04-19,1.13086,1.1384,1.13029,1.13563,0.0
2016-04-20,1.13579,1.13873,1.12897,1.12965,0.0
2016-04-21,1.12934,1.13975,1.12675,1.12854,0.0
2016-04-22,1.12848,1.13082,1.12174,1.1221,0.0
2016-04-25,1.12144,1.12777,1.12137,1.12687,0.0
2016-04-26,1.12685,1.13391,1.12556,1.13001,0.0
2016-04-27,1.1297,1.13596,1.12704,1.13217,0.0
2016-04-28,1.13196,1.13674,1.12955,1.1352,0.0
2016-04-29,1.13527,1.14589,1.13441,1.14447,0.0
2016-05-02,1.14593,1.1535,1.14475,1.15331,0.0
2016-05-03,1.15277,1.16156,1.14946,1.14949,0.0
2016-05-04,1.14951,1.15288,1.14654,1.1485,0.0
2016-05-05,1.14838,1.14931,1.13853,1.14046,0.0
2016-05-06,1.1403,1.14764,1.13861,1.14024,0.0
2016-05-09,1.13914,1.14192,1.13744,1.13807,0.0
2016-05-10,1.13805,1.14091,1.1358,1.13713,0.0
2016-05-11,1.13696,1.1446,1.1367,1.14254,0.0
2016-05-12,1.14246,1.14287,1.13697,1.13765,0.0
2016-05-13,1.13745,1.13793,1.12821,1.1303,0.0
2016-05-16,1.13071,1.13418,1.13004,1.13188,0.0
2016-05-17,1.13201,1.13478,1.12976,1.13116,0.0
2016-05-18,1.13125,1.13156,1.12136,1.12154,0.0
2016-05-19,1.1214,1.12295,1.11793,1.12016,0.0
2016-05-20,1.12021,1.12366,1.11957,1.12217,0.0
2016-05-23,1.12034,1.12422,1.11868,1.12198,0.0
2016-05-24,1.12175,1.12264,1.11318,1.11395,0.0
2016-05-25,1.11397,1.11665,1.11282,1.11537,0.0
2016-05-26,1.1148,1.12162,1.1148,1.11923,0.0
2016-05-27,1.11927,1.12,1.11097,1.11116,0.0
2016-05-30,1.111,1.1144,1.10971,1.11369,0.0
2016-05-31,1.11362,1.1173,1.11216,1.11307,0.0
2016-06-01,1.11303,1.11932,1.11136,1.11866,0.0
2016-06-02,1.11868,1.12194,1.11449,1.11502,0.0
2016-06-03,1.11482,1.13727,1.11362,1.13654,0.0
2016-06-06,1.1353,1.13921,1.13244,1.13538,0.0
2016-06-07,1.13533,1.13798,1.1338,1.13578,0.0
2016-06-08,1.13567,1.14101,1.13537,1.13937,0.0
2016-06-09,1.13908,1.1415,1.1305,1.13144,0.0
2016-06-10,1.13144,1.13209,1.12448,1.12501,0.0
2016-06-13,1.12471,1.13026,1.12313,1.12909,0.0
2016-06-14,1.12921,1.12976,1.11882,1.12048,0.0
2016-06-15,1.1204,1.1297,1.11892,1.12597,0.0
2016-06-16,1.12591,1.12945,1.11304,1.12249,0.0
2016-06-17,1.12223,1.12956,1.12217,1.12714,0.0
2016-06-20,1.13276,1.1382,1.13014,1.13115,0.0
2016-06-21,1.131,1.1349,1.12425,1.12438,0.0
2016-06-22,1.12411,1.13372,1.12352,1.12964,0.0
2016-06-23,1.12953,1.14202,1.12947,1.13847,0.0
2016-06-24,1.138,1.14263,1.09096,1.10967,0.0
2016-06-27,1.10047,1.10829,1.097,1.10225,0.0
2016-06-28,1.10231,1.11112,1.10094,1.10649,0.0
2016-06-29,1.10638,1.11299,1.10482,1.11238,0.0
2016-06-30,1.1121,1.11537,1.10228,1.11044,0.0
2016-07-01,1.10931,1.11687,1.10712,1.1135,0.0
2016-07-04,1.11233,1.11589,1.10972,1.11522,0.0
2016-07-05,1.11519,1.11856,1.10618,1.10746,0.0
2016-07-06,1.10697,1.1111,1.1028,1.10984,0.0
2016-07-07,1.10983,1.11066,1.10519,1.10602,0.0
2016-07-08,1.10586,1.11198,1.10009,1.10483,0.0
2016-07-11,1.10452,1.10739,1.1015,1.10565,0.0
2016-07-12,1.10559,1.11252,1.10513,1.10607,0.0
2016-07-13,1.10595,1.11192,1.10416,1.10874,0.0
2016-07-14,1.10868,1.11643,1.10865,1.11184,0.0
2016-07-15,1.11175,1.11482,1.10215,1.10308,0.0
2016-07-18,1.10454,1.10837,1.10371,1.10741,0.0
2016-07-19,1.10748,1.10798,1.09992,1.10197,0.0
2016-07-20,1.10168,1.10297,1.09808,1.10137,0.0
2016-07-21,1.10103,1.10586,1.09786,1.10251,0.0
2016-07-22,1.10239,1.10404,1.09547,1.09748,0.0
2016-07-25,1.09701,1.09981,1.09514,1.09931,0.0
2016-07-26,1.0992,1.10295,1.09775,1.0985,0.0
2016-07-27,1.09848,1.10643,1.0959,1.10584,0.0
2016-07-28,1.10634,1.11186,1.10511,1.10752,0.0
2016-07-29,1.10749,1.1197,1.1071,1.11739,0.0
2016-08-01,1.11723,1.11825,1.11545,1.11614,0.0
2016-08-02,1.11596,1.12332,1.1157,1.12244,0.0
2016-08-03,1.12196,1.12261,1.11398,1.11494,0.0
2016-08-04,1.1147,1.11557,1.11134,1.11288,0.0
2016-08-05,1.11265,1.11606,1.10452,1.10863,0.0
2016-08-08,1.10759,1.11043,1.10714,1.10871,0.0
2016-08-09,1.10837,1.1122,1.10698,1.11166,0.0
2016-08-10,1.11124,1.11895,1.11108,1.11754,0.0
2016-08-11,1.11755,1.1191,1.11345,1.11365,0.0
2016-08-12,1.11327,1.12209,1.11308,1.11625,0.0
2016-08-15,1.11654,1.1203,1.11527,1.11824,0.0
2016-08-16,1.11821,1.13218,1.11767,1.12771,0.0
2016-08-17,1.12771,1.13152,1.12392,1.12898,0.0
2016-08-18,1.12835,1.13658,1.12813,1.13538,0.0
2016-08-19,1.13494,1.13589,1.13034,1.13208,0.0
2016-08-22,1.13061,1.13301,1.12704,1.13213,0.0
2016-08-23,1.13179,1.13547,1.13025,1.13058,0.0
2016-08-24,1.13044,1.13108,1.12447,1.1263,0.0
2016-08-25,1.12626,1.12969,1.12587,1.12841,0.0
2016-08-26,1.12789,1.13402,1.11801,1.11917,0.0
2016-08-29,1.11714,1.12071,1.11575,1.11891,0.0
2016-08-30,1.11872,1.11918,1.11314,1.11415,0.0
2016-08-31,1.11415,1.11651,1.11224,1.11567,0.0
2016-09-01,1.1156,1.12046,1.11268,1.1196,0.0
2016-09-02,1.11951,1.12515,1.11498,1.11523,0.0
2016-09-05,1.11463,1.11817,1.11384,1.11468,0.0
2016-09-06,1.11463,1.12625,1.114,1.12556,0.0
2016-09-07,1.12535,1.12708,1.12283,1.12383,0.0
2016-09-08,1.12379,1.13266,1.12336,1.12601,0.0
2016-09-09,1.12575,1.12844,1.11976,1.12311,0.0
2016-09-12,1.1234,1.12673,1.121,1.12344,0.0
2016-09-13,1.12343,1.12599,1.12034,1.12178,0.0
2016-09-14,1.12172,1.12732,1.1209,1.12488,0.0
2016-09-15,1.1246,1.12829,1.12184,1.12426,0.0
2016-09-16,1.12432,1.12494,1.11489,1.11536,0.0
2016-09-19,1.11505,1.11973,1.11502,1.11732,0.0
2016-09-20,1.11736,1.12129,1.11491,1.11498,0.0
2016-09-21,1.11499,1.11958,1.11221,1.11899,0.0
2016-09-22,1.11856,1.12565,1.11836,1.12074,0.0
2016-09-23,1.12065,1.124,1.11933,1.12224,0.0
2016-09-26,1.12283,1.12786,1.12202,1.12521,0.0
2016-09-27,1.12528,1.12583,1.11903,1.12153,0.0
2016-09-28,1.1212,1.12363,1.11814,1.12164,0.0
2016-09-29,1.12138,1.12492,1.11963,1.12222,0.0
2016-09-30,1.12186,1.12502,1.11529,1.12398,0.0
2016-10-03,1.1227,1.12434,1.12046,1.12105,0.0
2016-10-04,1.12096,1.12383,1.11373,1.12028,0.0
2016-10-05,1.12001,1.12328,1.11892,1.12044,0.0
2016-10-06,1.12037,1.1212,1.11393,1.1152,0.0
2016-10-07,1.11488,1.12042,1.11037,1.12001,0.0
2016-10-10,1.11775,1.1201,1.11305,1.11384,0.0
2016-10-11,1.1135,1.11418,1.10481,1.10526,0.0
2016-10-12,1.10523,1.10671,1.10038,1.10052,0.0
2016-10-13,1.10061,1.1057,1.09847,1.10557,0.0
2016-10-14,1.10559,1.1057,1.09689,1.09691,0.0
2016-10-17,1.09667,1.10074,1.09631,1.09988,0.0
2016-10-18,1.0998,1.10257,1.09697,1.09789,0.0
2016-10-19,1.09776,1.1004,1.09545,1.0973,0.0
2016-10-20,1.09732,1.10385,1.09153,1.09282,0.0
2016-10-21,1.0927,1.09292,1.08585,1.08818,0.0
2016-10-24,1.08815,1.08992,1.0859,1.08808,0.0
2016-10-25,1.08791,1.09044,1.08503,1.08875,0.0
2016-10-26,1.0886,1.0946,1.08738,1.09065,0.0
2016-10-27,1.09025,1.09418,1.08818,1.08952,0.0
2016-10-28,1.08953,1.0991,1.08924,1.09847,0.0
2016-10-31,1.09894,1.09902,1.09353,1.09803,0.0
2016-11-01,1.09782,1.10684,1.09593,1.10552,0.0
2016-11-02,1.10533,1.11225,1.1049,1.10972,0.0
2016-11-03,1.10964,1.11253,1.10594,1.11053,0.0
2016-11-04,1.11033,1.11396,1.10792,1.11395,0.0
2016-11-07,1.10556,1.11099,1.10266,1.10396,0.0
2016-11-08,1.10397,1.10664,1.1008,1.10243,0.0
2016-11-09,1.10245,1.12989,1.09062,1.09086,0.0
2016-11-10,1.0908,1.09528,1.08643,1.08932,0.0
2016-11-11,1.08914,1.09229,1.08298,1.0852,0.0
2016-11-14,1.08304,1.0839,1.07086,1.07383,0.0
2016-11-15,1.07359,1.08159,1.07134,1.0721,0.0
2016-11-16,1.07219,1.0759,1.06655,1.06901,0.0
2016-11-17,1.06891,1.07449,1.06193,1.06234,0.0
2016-11-18,1.06219,1.06424,1.05685,1.05875,0.0
2016-11-21,1.05895,1.06484,1.05771,1.06275,0.0
2016-11-22,1.06228,1.06572,1.05829,1.06274,0.0
2016-11-23,1.06199,1.06431,1.05255,1.05501,0.0
2016-11-24,1.05488,1.05847,1.0517,1.05481,0.0
2016-11-25,1.0548,1.06269,1.05378,1.05875,0.0
2016-11-28,1.06078,1.06847,1.0563,1.06124,0.0
2016-11-29,1.06055,1.06538,1.05643,1.06482,0.0
2016-11-30,1.06462,1.0666,1.05518,1.05871,0.0
2016-12-01,1.05889,1.06682,1.05838,1.06606,0.0
2016-12-02,1.06574,1.06895,1.06245,1.0662,0.0
2016-12-05,1.06246,1.07956,1.05032,1.07633,0.0
2016-12-06,1.07621,1.07847,1.06977,1.07163,0.0
2016-12-07,1.0716,1.07675,1.07092,1.07509,0.0
2016-12-08,1.07526,1.08724,1.05968,1.06137,0.0
2016-12-09,1.06114,1.06293,1.05303,1.05554,0.0
2016-12-12,1.05293,1.06512,1.05246,1.06345,0.0
2016-12-13,1.06325,1.06665,1.06031,1.06249,0.0
2016-12-14,1.06205,1.06695,1.04952,1.05343,0.0
2016-12-15,1.05285,1.05387,1.03657,1.04125,0.0
2016-12-16,1.041,1.04737,1.04,1.04453,0.0
2016-12-19,1.04375,1.0479,1.03919,1.04026,0.0
2016-12-20,1.03981,1.04174,1.03517,1.03887,0.0
2016-12-21,1.03855,1.04505,1.03818,1.04228,0.0
2016-12-22,1.04226,1.04987,1.04197,1.0437,0.0
2016-12-23,1.0431,1.04685,1.04259,1.0451,0.0
2016-12-27,1.04491,1.04628,1.04315,1.04562,0.0
2016-12-28,1.04516,1.04794,1.03715,1.04105,0.0
2016-12-29,1.04114,1.04933,1.04051,1.04892,0.0
2016-12-30,1.04867,1.06515,1.04807,1.05189,0.0
2017-01-03,1.0466,1.04896,1.03395,1.04055,0.0
2017-01-04,1.04045,1.04994,1.03891,1.04882,0.0
2017-01-05,1.04879,1.06146,1.04799,1.06055,0.0
2017-01-06,1.05994,1.06192,1.05245,1.05301,0.0
2017-01-09,1.05278,1.05821,1.05101,1.05706,0.0
2017-01-10,1.0574,1.06267,1.05503,1.05538,0.0
2017-01-11,1.05534,1.06222,1.04533,1.05823,0.0
2017-01-12,1.0579,1.06841,1.05709,1.06116,0.0
2017-01-13,1.06128,1.06695,1.05954,1.06398,0.0
2017-01-16,1.06012,1.0635,1.05786,1.05986,0.0
2017-01-17,1.05977,1.07188,1.05958,1.07119,0.0
2017-01-18,1.07089,1.07133,1.06279,1.06291,0.0
2017-01-19,1.06269,1.06761,1.05882,1.06615,0.0
2017-01-20,1.06609,1.07087,1.06245,1.06991,0.0
2017-01-23,1.06988,1.07682,1.06919,1.07631,0.0
2017-01-24,1.07645,1.07745,1.07197,1.07316,0.0
2017-01-25,1.07256,1.07693,1.07106,1.07471,0.0
2017-01-26,1.0746,1.07648,1.06569,1.06804,0.0
2017-01-27,1.06771,1.07246,1.06576,1.06948,0.0
2017-01-30,1.07177,1.07396,1.06195,1.06956,0.0
2017-01-31,1.06935,1.08117,1.06837,1.07967,0.0
2017-02-01,1.07953,1.08069,1.07269,1.07676,0.0
2017-02-02,1.07675,1.08283,1.07554,1.07562,0.0
2017-02-03,1.0756,1.0797,1.07075,1.07841,0.0
2017-02-06,1.07855,1.07883,1.07046,1.07492,0.0
2017-02-07,1.0745,1.07484,1.06554,1.06812,0.0
2017-02-08,1.06769,1.07135,1.06399,1.06978,0.0
2017-02-09,1.06957,1.0709,1.06503,1.06549,0.0
2017-02-10,1.06535,1.06672,1.0607,1.06391,0.0
2017-02-13,1.06266,1.06578,1.05914,1.05956,0.0
2017-02-14,1.05948,1.06329,1.05605,1.05781,0.0
2017-02-15,1.05734,1.06087,1.05208,1.05978,0.0
2017-02-16,1.05984,1.06788,1.05889,1.06737,0.0
2017-02-17,1.06715,1.06761,1.06043,1.06102,0.0
2017-02-20,1.06051,1.06324,1.06021,1.06096,0.0
2017-02-21,1.06084,1.0614,1.05251,1.05353,0.0
2017-02-22,1.05345,1.05735,1.04932,1.05564,0.0
2017-02-23,1.0552,1.05948,1.05372,1.05812,0.0
2017-02-24,1.05761,1.06175,1.0556,1.05569,0.0
2017-02-27,1.05616,1.06302,1.0551,1.05859,0.0
2017-02-28,1.05848,1.06297,1.05643,1.0576,0.0
2017-03-01,1.05742,1.05889,1.05135,1.0547,0.0
2017-03-02,1.05443,1.05506,1.04943,1.05057,0.0
2017-03-03,1.05052,1.06233,1.04975,1.062,0.0
2017-03-06,1.06075,1.06395,1.05741,1.0581,0.0
2017-03-07,1.05807,1.06022,1.05577,1.0565,0.0
2017-03-08,1.05647,1.05734,1.05334,1.05404,0.0
2017-03-09,1.05377,1.06148,1.05244,1.05762,0.0
2017-03-10,1.05757,1.06983,1.05702,1.06716,0.0
2017-03-13,1.06761,1.07139,1.06513,1.06521,0.0
2017-03-14,1.06527,1.06621,1.05992,1.0603,0.0
2017-03-15,1.06035,1.07397,1.06024,1.07313,0.0
2017-03-16,1.07271,1.077,1.0705,1.07633,0.0
2017-03-17,1.07636,1.07821,1.07269,1.07361,0.0
2017-03-20,1.07323,1.07768,1.07243,1.07395,0.0
2017-03-21,1.0738,1.08188,1.07187,1.08085,0.0
2017-03-22,1.08077,1.08243,1.07752,1.07976,0.0
2017-03-23,1.07921,1.08046,1.07673,1.07836,0.0
2017-03-24,1.07808,1.08177,1.07594,1.0796,0.0
2017-03-27,1.08376,1.09057,1.0824,1.08622,0.0
2017-03-28,1.08611,1.08719,1.07982,1.08144,0.0
2017-03-29,1.08072,1.08262,1.07394,1.0765,0.0
2017-03-30,1.07634,1.0769,1.06711,1.06732,0.0
2017-03-31,1.06748,1.07014,1.06464,1.06518,0.0
2017-04-03,1.06581,1.06806,1.06417,1.06691,0.0
2017-04-04,1.06681,1.06768,1.06349,1.06729,0.0
2017-04-05,1.06671,1.06887,1.06337,1.06626,0.0
2017-04-06,1.06623,1.06836,1.06282,1.06429,0.0
2017-04-07,1.06419,1.06636,1.05801,1.05887,0.0
2017-04-10,1.0585,1.06063,1.05691,1.05947,0.0
2017-04-11,1.05932,1.06295,1.0578,1.0604,0.0
2017-04-12,1.06039,1.06743,1.05883,1.0665,0.0
2017-04-13,1.06603,1.0677,1.06084,1.06123,0.0
2017-04-14,1.06156,1.06292,1.0602,1.06091,0.0
2017-04-17,1.06125,1.06698,1.06015,1.06425,0.0
2017-04-18,1.06397,1.07356,1.06342,1.07297,0.0
2017-04-19,1.07293,1.07366,1.06993,1.07104,0.0
2017-04-20,1.07069,1.07768,1.07057,1.07152,0.0
2017-04-21,1.07151,1.07373,1.06818,1.0725,0.0
2017-04-24,1.0888,1.09032,1.08201,1.0866,0.0
2017-04-25,1.08673,1.09495,1.08508,1.09257,0.0
2017-04-26,1.09276,1.09503,1.0855,1.09032,0.0
2017-04-27,1.09025,1.09322,1.08511,1.08706,0.0
2017-04-28,1.08707,1.09466,1.08564,1.08924,0.0
2017-05-01,1.09083,1.09233,1.08834,1.08982,0.0
2017-05-02,1.08954,1.09324,1.08877,1.09313,0.0
2017-05-03,1.09258,1.09361,1.08821,1.08828,0.0
2017-05-04,1.08842,1.09866,1.08743,1.09831,0.0
2017-05-05,1.09824,1.09985,1.09462,1.09974,0.0
2017-05-08,1.10184,1.10221,1.09157,1.09218,0.0
2017-05-09,1.09229,1.09329,1.0863,1.08733,0.0
2017-05-10,1.0872,1.08975,1.08526,1.08668,0.0
2017-05-11,1.0867,1.08925,1.08385,1.08599,0.0
2017-05-12,1.08603,1.09337,1.08551,1.09292,0.0
2017-05-15,1.09285,1.0989,1.09221,1.09744,0.0
2017-05-16,1.0974,1.10966,1.09724,1.10809,0.0
2017-05-17,1.10813,1.11615,1.10779,1.11594,0.0
2017-05-18,1.11561,1.11714,1.10753,1.11018,0.0
2017-05-19,1.11009,1.12114,1.10953,1.12061,0.0
2017-05-22,1.11912,1.12629,1.11609,1.1237,0.0
2017-05-23,1.12358,1.12678,1.11745,1.1181,0.0
2017-05-24,1.11817,1.12194,1.11679,1.12176,0.0
2017-05-25,1.12179,1.12497,1.11929,1.12099,0.0
2017-05-26,1.12067,1.12339,1.11601,1.11791,0.0
2017-05-29,1.11688,1.11893,1.1161,1.11614,0.0
2017-05-30,1.11612,1.12046,1.11088,1.11842,0.0
2017-05-31,1.11817,1.12517,1.11638,1.12419,0.0
2017-06-01,1.12449,1.1256,1.12015,1.12114,0.0
2017-06-02,1.12123,1.12845,1.12046,1.12795,0.0
2017-06-05,1.12694,1.12823,1.12338,1.12533,0.0
2017-06-06,1.12534,1.12836,1.12398,1.12765,0.0
2017-06-07,1.12758,1.1282,1.12035,1.12556,0.0
2017-06-08,1.1259,1.12687,1.1194,1.12117,0.0
2017-06-09,1.12104,1.12349,1.11659,1.1195,0.0
2017-06-12,1.12042,1.12316,1.11914,1.12036,0.0
2017-06-13,1.12015,1.12243,1.11848,1.12099,0.0
2017-06-14,1.12048,1.12952,1.11924,1.12176,0.0
2017-06-15,1.12157,1.1228,1.11316,1.1145,0.0
2017-06-16,1.1144,1.1201,1.11379,1.1193,0.0
2017-06-19,1.12038,1.12121,1.11425,1.11473,0.0
2017-06-20,1.11479,1.11644,1.11184,1.11334,0.0
2017-06-21,1.11325,1.11683,1.11268,1.11677,0.0
2017-06-22,1.11671,1.11772,1.11388,1.11508,0.0
2017-06-23,1.1151,1.12084,1.11447,1.11925,0.0
2017-06-26,1.1196,1.12193,1.11713,1.11807,0.0
2017-06-27,1.11814,1.13488,1.11784,1.1337,0.0
2017-06-28,1.1336,1.13901,1.12906,1.13756,0.0
2017-06-29,1.13777,1.1445,1.13735,1.14392,0.0
2017-06-30,1.14391,1.14447,1.13916,1.14208,0.0
2017-07-03,1.1415,1.14262,1.13544,1.13632,0.0
2017-07-04,1.13621,1.13764,1.13354,1.13443,0.0
2017-07-05,1.13406,1.1368,1.13119,1.13508,0.0
2017-07-06,1.13501,1.14241,1.13292,1.14225,0.0
2017-07-07,1.14217,1.14391,1.13791,1.13969,0.0
2017-07-10,1.13957,1.14175,1.13811,1.13984,0.0
2017-07-11,1.13979,1.14791,1.13822,1.14662,0.0
2017-07-12,1.14641,1.14889,1.13911,1.14112,0.0
2017-07-13,1.14117,1.14553,1.13698,1.13967,0.0
2017-07-14,1.13972,1.14713,1.1391,1.14667,0.0
2017-07-17,1.14721,1.14865,1.14343,1.14777,0.0
2017-07-18,1.14768,1.15826,1.1471,1.15528,0.0
2017-07-19,1.1553,1.15554,1.15095,1.15146,0.0
2017-07-20,1.15132,1.16572,1.14787,1.16308,0.0
2017-07-21,1.16275,1.16825,1.16184,1.16618,0.0
2017-07-24,1.16595,1.16838,1.16249,1.16398,0.0
2017-07-25,1.16393,1.17117,1.16291,1.16456,0.0
2017-07-26,1.16477,1.17395,1.1612,1.17319,0.0
2017-07-27,1.17336,1.17762,1.16493,1.16745,0.0
2017-07-28,1.16762,1.17634,1.167,1.17463,0.0
2017-07-31,1.17449,1.1845,1.17224,1.18397,0.0
2017-08-01,1.18402,1.18437,1.17842,1.18008,0.0
2017-08-02,1.18013,1.191,1.17928,1.18551,0.0
2017-08-03,1.18547,1.18927,1.18298,1.18674,0.0
2017-08-04,1.18694,1.18889,1.17276,1.17701,0.0
2017-08-07,1.17724,1.18136,1.1767,1.17944,0.0
2017-08-08,1.17922,1.18235,1.17142,1.17521,0.0
2017-08-09,1.17451,1.17631,1.16886,1.17573,0.0
2017-08-10,1.17582,1.17847,1.17033,1.17724,0.0
2017-08-11,1.17716,1.18469,1.17478,1.182,0.0
2017-08-14,1.18172,1.18378,1.17691,1.17801,0.0
2017-08-15,1.17788,1.17921,1.16867,1.17342,0.0
2017-08-16,1.17336,1.17782,1.16799,1.17657,0.0
2017-08-17,1.17646,1.17896,1.16614,1.1723,0.0
2017-08-18,1.17196,1.17741,1.17074,1.17577,0.0
2017-08-21,1.175,1.18276,1.17304,1.18134,0.0
2017-08-22,1.18139,1.1824,1.17444,1.17613,0.0
2017-08-23,1.17605,1.18226,1.17391,1.18059,0.0
2017-08-24,1.18072,1.18169,1.17834,1.17985,0.0
2017-08-25,1.18004,1.19409,1.17766,1.19192,0.0
2017-08-28,1.1943,1.19832,1.19164,1.19778,0.0
2017-08-29,1.19763,1.20698,1.1945,1.19719,0.0
2017-08-30,1.19697,1.19834,1.188,1.18824,0.0
2017-08-31,1.18827,1.1912,1.18225,1.19078,0.0
2017-09-01,1.19079,1.19791,1.1848,1.18605,0.0
2017-09-04,1.18814,1.19218,1.18717,1.18913,0.0
2017-09-05,1.18913,1.19402,1.18674,1.19122,0.0
2017-09-06,1.19127,1.19497,1.19025,1.19167,0.0
2017-09-07,1.19164,1.20593,1.1913,1.20195,0.0
2017-09-08,1.2021,1.20921,1.20138,1.20335,0.0
2017-09-11,1.20134,1.20291,1.19469,1.19524,0.0
2017-09-12,1.19524,1.19779,1.19257,1.19652,0.0
2017-09-13,1.19645,1.19944,1.18722,1.18852,0.0
2017-09-14,1.18845,1.19218,1.18371,1.19174,0.0
2017-09-15,1.19179,1.19864,1.19,1.19429,0.0
2017-09-18,1.19172,1.1969,1.19143,1.19534,0.0
2017-09-19,1.19522,1.20061,1.19477,1.19936,0.0
2017-09-20,1.1994,1.20326,1.18605,1.18937,0.0
2017-09-21,1.18911,1.19534,1.18649,1.19404,0.0
2017-09-22,1.19419,1.20041,1.19331,1.19466,0.0
2017-09-25,1.18995,1.19362,1.18308,1.18489,0.0
2017-09-26,1.18488,1.18612,1.17561,1.17923,0.0
2017-09-27,1.17896,1.17946,1.17163,1.17442,0.0
2017-09-28,1.17455,1.18038,1.17201,1.1786,0.0
2017-09-29,1.17851,1.18321,1.17718,1.18135,0.0
2017-10-02,1.17896,1.18147,1.1729,1.17312,0.0
2017-10-03,1.17306,1.1773,1.16954,1.17445,0.0
2017-10-04,1.17382,1.17873,1.17334,1.17591,0.0
2017-10-05,1.17569,1.17786,1.16984,1.17089,0.0
2017-10-06,1.17093,1.17386,1.16685,1.17342,0.0
2017-10-09,1.17255,1.17555,1.17188,1.17404,0.0
2017-10-10,1.17357,1.1825,1.17357,1.18076,0.0
2017-10-11,1.18049,1.18687,1.17942,1.18602,0.0
2017-10-12,1.18563,1.18792,1.18265,1.18301,0.0
2017-10-13,1.18245,1.18745,1.18025,1.18184,0.0
2017-10-16,1.18079,1.18196,1.17796,1.17958,0.0
2017-10-17,1.17958,1.17992,1.17356,1.17657,0.0
2017-10-18,1.17637,1.18049,1.17293,1.17865,0.0
2017-10-19,1.17863,1.18575,1.17671,1.18504,0.0
2017-10-20,1.18493,1.18574,1.17618,1.17769,0.0
2017-10-23,1.17619,1.1777,1.17241,1.17481,0.0
2017-10-24,1.17454,1.17924,1.1742,1.17591,0.0
2017-10-25,1.17599,1.18174,1.17524,1.18122,0.0
2017-10-26,1.18115,1.18363,1.16393,1.16522,0.0
2017-10-27,1.16496,1.16559,1.1573,1.16074,0.0
2017-10-30,1.16045,1.16575,1.1593,1.16508,0.0
2017-10-31,1.1648,1.16608,1.16233,1.16449,0.0
2017-11-01,1.16448,1.16565,1.16054,1.1617,0.0
2017-11-02,1.16178,1.16869,1.16124,1.16581,0.0
2017-11-03,1.16542,1.16898,1.15984,1.1608,0.0
2017-11-06,1.16121,1.16236,1.15798,1.16086,0.0
2017-11-07,1.1608,1.16152,1.15526,1.15864,0.0
2017-11-08,1.15856,1.16108,1.15784,1.1593,0.0
2017-11-09,1.15921,1.16543,1.15835,1.16401,0.0
2017-11-10,1.16357,1.16773,1.16223,1.16615,0.0
2017-11-13,1.16548,1.16749,1.16368,1.16661,0.0
2017-11-14,1.16658,1.18045,1.16607,1.17972,0.0
2017-11-15,1.17893,1.18602,1.17842,1.17901,0.0
2017-11-16,1.17885,1.18003,1.17556,1.1767,0.0
2017-11-21,1.17323,1.17573,1.17123,1.17381,0.0
2017-11-22,1.17377,1.18266,1.1731,1.18211,0.0
2017-11-23,1.18142,1.18556,1.18128,1.18482,0.0
2017-11-24,1.18482,1.19436,1.18359,1.19242,0.0
2017-11-27,1.19202,1.19605,1.18949,1.18978,0.0
2017-11-28,1.18911,1.19195,1.18266,1.18419,0.0
2017-11-29,1.18327,1.18825,1.1816,1.18467,0.0
2017-11-30,1.18431,1.19312,1.18085,1.19032,0.0
2017-12-01,1.1899,1.19401,1.18505,1.18965,0.0
2017-12-04,1.18594,1.1878,1.18283,1.18653,0.0
2017-12-05,1.18599,1.18763,1.18,1.18257,0.0
2017-12-06,1.18224,1.18474,1.17797,1.17949,0.0
2017-12-07,1.17919,1.18141,1.17712,1.17717,0.0
2017-12-08,1.17717,1.17761,1.17292,1.17681,0.0
2017-12-11,1.17618,1.18109,1.17617,1.17679,0.0
2017-12-12,1.17696,1.17917,1.17172,1.17409,0.0
2017-12-13,1.17389,1.1831,1.1729,1.18254,0.0
2017-12-14,1.18234,1.18622,1.17701,1.17759,0.0
2017-12-15,1.17752,1.1812,1.17479,1.17494,0.0
2017-12-18,1.17429,1.1834,1.17358,1.17811,0.0
2017-12-19,1.17809,1.18482,1.17756,1.18393,0.0
2017-12-20,1.18394,1.1901,1.18281,1.18708,0.0
2017-12-21,1.18655,1.18892,1.18484,1.18731,0.0
2017-12-22,1.18714,1.18748,1.1816,1.18593,0.0
2017-12-26,1.18658,1.18777,1.18458,1.18576,0.0
2017-12-27,1.18527,1.19099,1.18527,1.18878,0.0
2017-12-28,1.18937,1.19585,1.18931,1.19415,0.0
2017-12-29,1.19391,1.2025,1.19349,1.20006,0.0
2018-01-02,1.20022,1.20809,1.1997,1.20584,0.0
2018-01-03,1.2056,1.20653,1.20001,1.20135,0.0
2018-01-04,1.20105,1.20884,1.20036,1.20667,0.0
2018-01-05,1.20637,1.20822,1.20199,1.20297,0.0
2018-01-08,1.2025,1.20518,1.19552,1.19667,0.0
2018-01-09,1.1965,1.19753,1.19152,1.19354,0.0
2018-01-10,1.19338,1.20175,1.19226,1.19474,0.0
2018-01-11,1.19469,1.20585,1.19283,1.20312,0.0
2018-01-12,1.20299,1.22183,1.20296,1.21976,0.0
2018-01-15,1.21905,1.22962,1.21872,1.22639,0.0
2018-01-16,1.22637,1.22829,1.21942,1.22599,0.0
2018-01-17,1.22572,1.23227,1.21764,1.21836,0.0
2018-01-18,1.21832,1.22643,1.21641,1.22389,0.0
2018-01-19,1.2234,1.22951,1.22141,1.22147,0.0
2018-01-22,1.22666,1.22713,1.22129,1.22614,0.0
2018-01-23,1.22604,1.23056,1.22223,1.22971,0.0
2018-01-24,1.22967,1.24146,1.22892,1.24065,0.0
2018-01-25,1.24066,1.25369,1.23631,1.23962,0.0
2018-01-26,1.2391,1.24927,1.23682,1.24278,0.0
2018-01-29,1.2425,1.2432,1.2336,1.2382,0.0
2018-01-30,1.2381,1.24534,1.23339,1.24016,0.0
2018-01-31,1.24009,1.24745,1.2386,1.24132,0.0
2018-02-01,1.24072,1.25223,1.23842,1.25044,0.0
2018-02-02,1.25117,1.25175,1.24081,1.24533,0.0
2018-02-05,1.2434,1.24744,1.23618,1.23661,0.0
2018-02-06,1.23657,1.24339,1.23129,1.23757,0.0
2018-02-07,1.23717,1.24054,1.22452,1.22636,0.0
2018-02-08,1.22576,1.22944,1.22112,1.22455,0.0
2018-02-09,1.22431,1.22866,1.22047,1.22507,0.0
2018-02-12,1.22464,1.22967,1.22342,1.22903,0.0
2018-02-13,1.2286,1.23708,1.22835,1.23507,0.0
2018-02-14,1.23477,1.24645,1.22752,1.24499,0.0
2018-02-15,1.2449,1.25096,1.24454,1.25059,0.0
2018-02-16,1.25003,1.2555,1.23927,1.24083,0.0
2018-02-19,1.23997,1.24347,1.23682,1.24069,0.0
2018-02-20,1.24023,1.24114,1.23189,1.23362,0.0
2018-02-21,1.23365,1.23595,1.22804,1.22821,0.0
2018-02-22,1.22831,1.23517,1.22589,1.23315,0.0
2018-02-23,1.2328,1.23366,1.22793,1.22929,0.0
2018-02-26,1.22909,1.23546,1.22773,1.23161,0.0
2018-02-27,1.23135,1.23459,1.22207,1.22324,0.0
2018-02-28,1.22324,1.22413,1.21867,1.21928,0.0
2018-03-01,1.21893,1.22727,1.21534,1.2267,0.0
2018-03-02,1.22591,1.23353,1.22508,1.23174,0.0
2018-03-05,1.23322,1.2364,1.22685,1.2335,0.0
2018-03-06,1.23348,1.24196,1.23273,1.24044,0.0
2018-03-07,1.2404,1.24438,1.23836,1.24103,0.0
2018-03-08,1.24097,1.24456,1.22973,1.23105,0.0
2018-03-09,1.23072,1.23335,1.22723,1.23038,0.0
2018-03-12,1.2311,1.23449,1.22898,1.23347,0.0
2018-03-13,1.23377,1.24069,1.23138,1.23904,0.0
2018-03-14,1.2389,1.24123,1.23463,1.23671,0.0
2018-03-15,1.23631,1.23832,1.22994,1.23041,0.0
2018-03-16,1.23039,1.23356,1.22597,1.22862,0.0
2018-03-19,1.22833,1.23579,1.22573,1.23343,0.0
2018-03-20,1.23341,1.23542,1.22387,1.22405,0.0
2018-03-21,1.22402,1.23495,1.22399,1.23375,0.0
2018-03-22,1.2338,1.23879,1.22846,1.22997,0.0
2018-03-23,1.22969,1.2373,1.22969,1.23524,0.0
2018-03-26,1.2347,1.24613,1.2347,1.24479,0.0
2018-03-27,1.24463,1.24759,1.23711,1.24011,0.0
2018-03-28,1.24017,1.24213,1.22991,1.23071,0.0
2018-03-29,1.23066,1.23354,1.22831,1.23001,0.0
2018-03-30,1.22987,1.233,1.22827,1.23175,0.0
2018-04-02,1.23183,1.23445,1.2281,1.23006,0.0
2018-04-03,1.23005,1.23351,1.22528,1.22684,0.0
2018-04-04,1.22687,1.23141,1.22563,1.22777,0.0
2018-04-05,1.22763,1.22895,1.22176,1.22383,0.0
2018-04-06,1.22369,1.22901,1.22139,1.22785,0.0
2018-04-09,1.2283,1.23301,1.22597,1.232,0.0
2018-04-10,1.23159,1.23772,1.23021,1.23546,0.0
2018-04-11,1.2354,1.23954,1.23461,1.23668,0.0
2018-04-12,1.2364,1.23794,1.22989,1.23245,0.0
2018-04-13,1.23253,1.23455,1.23067,1.23274,0.0
2018-04-16,1.23311,1.23937,1.23211,1.23784,0.0
2018-04-17,1.23797,1.24134,1.23351,1.2369,0.0
2018-04-18,1.23691,1.23969,1.23408,1.23747,0.0
2018-04-19,1.2373,1.23997,1.23285,1.23443,0.0
2018-04-20,1.23448,1.23522,1.22486,1.2286,0.0
2018-04-23,1.22699,1.22889,1.21968,1.22065,0.0
2018-04-24,1.22041,1.22445,1.21807,1.22327,0.0
2018-04-25,1.22296,1.22379,1.21602,1.21607,0.0
2018-04-26,1.21585,1.22094,1.20958,1.21026,0.0
2018-04-27,1.21027,1.21324,1.20545,1.21293,0.0
2018-04-30,1.21209,1.21384,1.20634,1.20791,0.0
2018-05-01,1.20745,1.20834,1.19803,1.19908,0.0
2018-05-02,1.19912,1.20314,1.1937,1.19497,0.0
2018-05-03,1.19487,1.20085,1.19465,1.19881,0.0
2018-05-04,1.19853,1.19951,1.19096,1.19588,0.0
2018-05-07,1.19551,1.19777,1.18965,1.19227,0.0
2018-05-08,1.19211,1.19381,1.18372,1.18628,0.0
2018-05-09,1.18598,1.18967,1.18218,1.18506,0.0
2018-05-10,1.18477,1.19462,1.18424,1.19154,0.0
2018-05-11,1.19145,1.19675,1.18905,1.19394,0.0
2018-05-14,1.1943,1.19975,1.19265,1.19271,0.0
2018-05-15,1.19269,1.19395,1.18207,1.18375,0.0
2018-05-16,1.18377,1.18545,1.1763,1.1808,0.0
2018-05-17,1.18078,1.18375,1.1777,1.17965,0.0
2018-05-18,1.17945,1.18235,1.17495,1.17725,0.0
2018-05-21,1.1772,1.17965,1.17165,1.17915,0.0
2018-05-22,1.17915,1.18299,1.1757,1.17775,0.0
2018-05-23,1.17788,1.17905,1.16759,1.16965,0.0
2018-05-24,1.16968,1.17505,1.16909,1.17202,0.0
2018-05-25,1.17215,1.17336,1.1645,1.16495,0.0
2018-05-28,1.1687,1.17295,1.1607,1.16235,0.0
2018-05-29,1.16244,1.16405,1.15101,1.1538,0.0
2018-05-30,1.15405,1.16759,1.15185,1.16642,0.0
2018-05-31,1.16631,1.17245,1.1641,1.16928,0.0
2018-06-01,1.16928,1.17176,1.1617,1.16587,0.0
2018-06-04,1.16595,1.1745,1.16595,1.16945,0.0
2018-06-05,1.16986,1.1733,1.16525,1.17175,0.0
2018-06-06,1.17182,1.17957,1.1712,1.17755,0.0
2018-06-07,1.17745,1.18405,1.17725,1.17995,0.0
2018-06-08,1.17989,1.18115,1.1727,1.17689,0.0
2018-06-11,1.17735,1.18215,1.1769,1.17855,0.0
2018-06-12,1.17839,1.18095,1.1733,1.17447,0.0
2018-06-13,1.17451,1.1802,1.1725,1.17926,0.0
2018-06-14,1.17913,1.18512,1.1563,1.15645,0.0
2018-06-15,1.15674,1.16275,1.15434,1.16075,0.0
2018-06-18,1.1586,1.16255,1.1565,1.16229,0.0
2018-06-19,1.16235,1.16455,1.1531,1.15905,0.0
2018-06-20,1.15897,1.16015,1.1537,1.15755,0.0
2018-06-21,1.1575,1.16334,1.15089,1.16035,0.0
2018-06-22,1.16035,1.16765,1.16005,1.16575,0.0
2018-06-25,1.1665,1.17145,1.16285,1.17032,0.0
2018-06-26,1.17035,1.1721,1.16352,1.16484,0.0
2018-06-27,1.16476,1.16735,1.15409,1.15543,0.0
2018-06-28,1.15541,1.16001,1.1527,1.15705,0.0
2018-06-29,1.15688,1.16915,1.15585,1.16837,0.0
2018-07-02,1.168,1.1693,1.1591,1.16385,0.0
2018-07-03,1.16405,1.16735,1.16205,1.16592,0.0
2018-07-04,1.16577,1.16825,1.16305,1.16555,0.0
2018-07-05,1.16567,1.17205,1.16495,1.16919,0.0
2018-07-06,1.16906,1.17671,1.1678,1.17441,0.0
2018-07-09,1.17425,1.17915,1.17325,1.175,0.0
2018-07-10,1.1751,1.17695,1.16905,1.17448,0.0
2018-07-11,1.17444,1.17582,1.1665,1.16748,0.0
2018-07-12,1.16734,1.16965,1.16495,1.16715,0.0
2018-07-13,1.16711,1.16885,1.1613,1.16865,0.0
2018-07-16,1.16881,1.1728,1.16755,1.17105,0.0
2018-07-17,1.1711,1.17455,1.16495,1.16612,0.0
2018-07-18,1.16612,1.16665,1.16015,1.16397,0.0
2018-07-19,1.16383,1.16774,1.1575,1.1642,0.0
2018-07-20,1.16429,1.17395,1.16264,1.17215,0.0
2018-07-23,1.17256,1.17515,1.16805,1.16915,0.0
2018-07-24,1.1692,1.17175,1.16548,1.16818,0.0
2018-07-25,1.1684,1.17395,1.16644,1.17286,0.0
2018-07-26,1.17284,1.17445,1.16405,1.16428,0.0
2018-07-27,1.16427,1.16655,1.1621,1.16575,0.0
2018-07-30,1.1657,1.17205,1.16482,1.17056,0.0
2018-07-31,1.17058,1.17465,1.16848,1.16907,0.0
2018-08-01,1.16912,1.17005,1.1656,1.16625,0.0
2018-08-02,1.16597,1.16685,1.15824,1.1585,0.0
2018-08-03,1.15848,1.1611,1.15607,1.15681,0.0
2018-08-06,1.1569,1.1572,1.15303,1.15535,0.0
2018-08-07,1.15536,1.16095,1.15495,1.1599,0.0
2018-08-08,1.15987,1.16285,1.15734,1.16105,0.0
2018-08-09,1.16103,1.16205,1.15262,1.15275,0.0
2018-08-10,1.15255,1.15366,1.13875,1.141,0.0
2018-08-13,1.1374,1.14335,1.1365,1.14095,0.0
2018-08-14,1.14105,1.14295,1.13306,1.13425,0.0
2018-08-15,1.1344,1.13555,1.1301,1.13455,0.0
2018-08-16,1.13448,1.14095,1.1335,1.13775,0.0
2018-08-17,1.13769,1.14465,1.13665,1.14375,0.0
2018-08-20,1.1438,1.14865,1.13945,1.14855,0.0
2018-08-21,1.14835,1.16015,1.148,1.15725,0.0
2018-08-22,1.15705,1.1624,1.15534,1.15968,0.0
2018-08-23,1.15968,1.16005,1.15302,1.15422,0.0
2018-08-24,1.15407,1.16395,1.1535,1.16235,0.0
2018-08-27,1.1617,1.16945,1.15947,1.16795,0.0
2018-08-28,1.16779,1.17336,1.16625,1.16955,0.0
2018-08-29,1.16947,1.17115,1.16515,1.1707,0.0
2018-08-30,1.17075,1.17185,1.16416,1.16665,0.0
2018-08-31,1.16685,1.16905,1.15848,1.16026,0.0
2018-09-03,1.15965,1.16277,1.1589,1.16174,0.0
2018-09-04,1.16197,1.16295,1.15295,1.15829,0.0
2018-09-05,1.15813,1.16375,1.15427,1.16295,0.0
2018-09-06,1.16299,1.16592,1.16056,1.16245,0.0
2018-09-07,1.16232,1.16505,1.15505,1.1553,0.0
2018-09-10,1.1548,1.16157,1.15264,1.15945,0.0
2018-09-11,1.15933,1.16435,1.15656,1.16048,0.0
2018-09-12,1.16062,1.16496,1.15695,1.16264,0.0
2018-09-13,1.16262,1.17015,1.1609,1.16906,0.0
2018-09-14,1.16902,1.17225,1.16205,1.16231,0.0
2018-09-17,1.16245,1.16995,1.16175,1.16845,0.0
2018-09-18,1.16845,1.1725,1.16524,1.16675,0.0
2018-09-19,1.16668,1.17155,1.16504,1.16734,0.0
2018-09-20,1.16727,1.17855,1.16685,1.17776,0.0
2018-09-21,1.17768,1.18035,1.1733,1.17501,0.0
2018-09-24,1.1747,1.18155,1.17235,1.17463,0.0
2018-09-25,1.17481,1.17935,1.1731,1.17663,0.0
2018-09-26,1.17665,1.17985,1.17262,1.17406,0.0
2018-09-27,1.17396,1.17585,1.16385,1.1642,0.0
2018-09-28,1.16407,1.16525,1.15695,1.16038,0.0
2018-10-01,1.1618,1.16247,1.1561,1.15785,0.0
2018-10-02,1.15783,1.15815,1.1505,1.15457,0.0
2018-10-03,1.15477,1.1596,1.14645,1.14788,0.0
2018-10-04,1.14779,1.15425,1.1463,1.1514,0.0
2018-10-05,1.15145,1.15491,1.14845,1.15195,0.0
2018-10-08,1.1524,1.15305,1.14595,1.14925,0.0
2018-10-09,1.14914,1.15035,1.14323,1.14925,0.0
2018-10-10,1.14925,1.15465,1.1479,1.15187,0.0
2018-10-11,1.152,1.15995,1.15195,1.15935,0.0
2018-10-12,1.15955,1.16115,1.1535,1.15596,0.0
2018-10-15,1.15755,1.16065,1.15425,1.15785,0.0
2018-10-16,1.15796,1.16215,1.15655,1.15741,0.0
2018-10-17,1.15745,1.15855,1.1495,1.15015,0.0
2018-10-18,1.15004,1.15275,1.1449,1.14515,0.0
2018-10-19,1.14528,1.15347,1.1433,1.15145,0.0
2018-10-22,1.1515,1.1555,1.14555,1.1466,0.0
2018-10-23,1.14647,1.14931,1.1439,1.14706,0.0
2018-10-24,1.14713,1.14765,1.1379,1.13925,0.0
2018-10-25,1.1392,1.1433,1.13555,1.13745,0.0
2018-10-26,1.13749,1.14215,1.1335,1.1403,0.0
2018-10-29,1.139,1.1417,1.1361,1.13729,0.0
2018-10-30,1.1373,1.13885,1.13405,1.13451,0.0
2018-10-31,1.13444,1.13615,1.13015,1.1313,0.0
2018-11-01,1.13118,1.14245,1.1304,1.14105,0.0
2018-11-02,1.14085,1.14575,1.13725,1.13871,0.0
2018-11-05,1.13865,1.14245,1.13555,1.14085,0.0
2018-11-06,1.14073,1.14395,1.13917,1.14255,0.0
2018-11-07,1.1427,1.15005,1.13953,1.14259,0.0
2018-11-08,1.14264,1.1447,1.13527,1.13636,0.0
2018-11-09,1.13634,1.13705,1.13162,1.13345,0.0
2018-11-12,1.13225,1.13355,1.12155,1.12175,0.0
2018-11-13,1.12181,1.12945,1.12165,1.12911,0.0
2018-11-14,1.12915,1.13475,1.1263,1.13095,0.0
2018-11-15,1.13105,1.13617,1.1271,1.13306,0.0
2018-11-16,1.13277,1.14215,1.1321,1.14169,0.0
2018-11-19,1.14145,1.1465,1.13935,1.14545,0.0
2018-11-20,1.14531,1.14735,1.13585,1.13704,0.0
2018-11-21,1.13701,1.1425,1.1365,1.13852,0.0
2018-11-22,1.13847,1.1435,1.13815,1.14045,0.0
2018-11-23,1.14035,1.1421,1.13275,1.13381,0.0
2018-11-26,1.13465,1.13836,1.13245,1.13276,0.0
2018-11-27,1.13279,1.13455,1.1277,1.12908,0.0
2018-11-28,1.12889,1.1392,1.1267,1.13665,0.0
2018-11-29,1.13664,1.14025,1.13485,1.1394,0.0
2018-11-30,1.13934,1.14015,1.1305,1.13205,0.0
2018-12-03,1.1353,1.13815,1.1319,1.13546,0.0
2018-12-04,1.13542,1.1422,1.13188,1.13425,0.0
2018-12-05,1.13432,1.13615,1.1311,1.13455,0.0
2018-12-06,1.1345,1.1413,1.1321,1.13775,0.0
2018-12-07,1.13785,1.1428,1.13605,1.13953,0.0
2018-12-10,1.13905,1.14435,1.13505,1.13555,0.0
2018-12-11,1.13567,1.14005,1.13065,1.13184,0.0
2018-12-12,1.13167,1.13873,1.13145,1.13692,0.0
2018-12-13,1.13685,1.13935,1.1331,1.13579,0.0
2018-12-14,1.13618,1.13735,1.12701,1.13045,0.0
2018-12-17,1.1303,1.13595,1.13015,1.13478,0.0
2018-12-18,1.13477,1.14035,1.1337,1.13655,0.0
2018-12-19,1.13608,1.14405,1.13605,1.13763,0.0
2018-12-20,1.13759,1.14865,1.13712,1.14465,0.0
2018-12-21,1.14459,1.14745,1.13555,1.13684,0.0
2018-12-24,1.13722,1.14395,1.1364,1.14,0.0
2018-12-26,1.13935,1.14215,1.1343,1.13545,0.0
2018-12-27,1.13529,1.14545,1.1352,1.14325,0.0
2018-12-28,1.14299,1.14735,1.14255,1.14415,0.0
2018-12-31,1.14355,1.14685,1.1421,1.14676,0.0
2019-01-02,1.14635,1.1497,1.1325,1.1343,0.0
2019-01-03,1.13435,1.14106,1.13094,1.1394,0.0
2019-01-04,1.13931,1.1419,1.1345,1.1398,0.0
2019-01-07,1.13965,1.1483,1.13965,1.14735,0.0
2019-01-08,1.14744,1.1485,1.14228,1.14405,0.0
2019-01-09,1.14413,1.15562,1.14365,1.1543,0.0
2019-01-10,1.15425,1.15699,1.14851,1.15005,0.0
2019-01-11,1.15002,1.1541,1.14575,1.14697,0.0
2019-01-14,1.146,1.1482,1.14508,1.14689,0.0
2019-01-15,1.14685,1.14897,1.1381,1.14125,0.0
2019-01-16,1.14133,1.1425,1.13775,1.13917,0.0
2019-01-17,1.13917,1.14062,1.13703,1.13888,0.0
2019-01-18,1.13891,1.1413,1.1353,1.13627,0.0
2019-01-21,1.1362,1.1391,1.13569,1.1366,0.0
2019-01-22,1.13659,1.13739,1.13363,1.1359,0.0
2019-01-23,1.13594,1.13945,1.1351,1.13802,0.0
2019-01-24,1.13814,1.1394,1.1289,1.13072,0.0
2019-01-25,1.13053,1.14174,1.13005,1.1406,0.0
2019-01-28,1.14015,1.14465,1.13902,1.1426,0.0
2019-01-29,1.14279,1.14504,1.1411,1.14325,0.0
2019-01-30,1.14337,1.15015,1.14066,1.14795,0.0
2019-01-31,1.14795,1.15144,1.1435,1.14476,0.0
2019-02-01,1.14475,1.1489,1.14345,1.14561,0.0
2019-02-04,1.14558,1.14605,1.14246,1.14358,0.0
2019-02-05,1.14371,1.14495,1.1401,1.14043,0.0
2019-02-06,1.14056,1.141,1.1361,1.13617,0.0
2019-02-07,1.13623,1.13695,1.13248,1.13382,0.0
2019-02-08,1.1342,1.1351,1.1321,1.13227,0.0
2019-02-11,1.13185,1.13302,1.1264,1.1275,0.0
2019-02-12,1.12759,1.13397,1.12575,1.13268,0.0
2019-02-13,1.13274,1.1342,1.12605,1.12613,0.0
2019-02-14,1.12605,1.13098,1.1249,1.12957,0.0
2019-02-15,1.1296,1.13075,1.12343,1.12911,0.0
2019-02-18,1.12935,1.1334,1.1289,1.13115,0.0
2019-02-19,1.13116,1.13572,1.1275,1.13408,0.0
2019-02-20,1.13406,1.13712,1.1325,1.13373,0.0
2019-02-21,1.1338,1.1369,1.13214,1.13325,0.0
2019-02-22,1.13354,1.13557,1.13167,1.13347,0.0
2019-02-25,1.13375,1.1369,1.13285,1.1357,0.0
2019-02-26,1.13575,1.14025,1.1345,1.13894,0.0
2019-02-27,1.13885,1.14035,1.13625,1.13698,0.0
2019-02-28,1.13705,1.14196,1.1359,1.13705,0.0
2019-03-01,1.13709,1.14085,1.1353,1.13646,0.0
2019-03-04,1.1382,1.13865,1.1309,1.13405,0.0
2019-03-05,1.13394,1.13435,1.1289,1.13077,0.0
2019-03-06,1.13079,1.1328,1.1286,1.13065,0.0
2019-03-07,1.1307,1.13203,1.11765,1.11936,0.0
2019-03-08,1.11939,1.12461,1.1185,1.12328,0.0
2019-03-11,1.12335,1.12583,1.1221,1.12446,0.0
2019-03-12,1.12452,1.1305,1.1244,1.12866,0.0
2019-03-13,1.12882,1.1339,1.12775,1.1329,0.0
2019-03-14,1.1326,1.13415,1.1292,1.13047,0.0
2019-03-15,1.13039,1.13444,1.1299,1.13253,0.0
2019-03-18,1.1322,1.1362,1.13185,1.13398,0.0
2019-03-19,1.13368,1.13616,1.1333,1.13515,0.0
2019-03-20,1.13516,1.14483,1.1335,1.14121,0.0
2019-03-21,1.14134,1.14376,1.1338,1.13753,0.0
2019-03-22,1.13743,1.1393,1.1273,1.13013,0.0
2019-03-25,1.1294,1.1333,1.1289,1.13145,0.0
2019-03-26,1.13123,1.1326,1.1261,1.12659,0.0
2019-03-27,1.12659,1.12857,1.12415,1.12442,0.0
2019-03-28,1.12439,1.1262,1.1213,1.12237,0.0
2019-03-29,1.12218,1.12468,1.12101,1.12179,0.0
2019-04-01,1.12305,1.125,1.12035,1.12125,0.0
2019-04-02,1.1213,1.12156,1.11835,1.1205,0.0
2019-04-03,1.12044,1.1255,1.12005,1.12329,0.0
2019-04-04,1.12323,1.125,1.12055,1.12204,0.0
2019-04-05,1.12203,1.12447,1.12102,1.1215,0.0
2019-04-08,1.1218,1.1275,1.121,1.12605,0.0
2019-04-09,1.12638,1.1285,1.1255,1.12632,0.0
2019-04-10,1.12628,1.12873,1.12297,1.12746,0.0
2019-04-11,1.12734,1.12875,1.12502,1.1255,0.0
2019-04-12,1.12534,1.1324,1.1253,1.12986,0.0
2019-04-15,1.13055,1.1321,1.1297,1.1303,0.0
2019-04-16,1.13038,1.13139,1.12795,1.12808,0.0
2019-04-17,1.1281,1.13238,1.1279,1.1299,0.0
2019-04-18,1.12958,1.13045,1.12255,1.12301,0.0
2019-04-19,1.12314,1.125,1.12284,1.12441,0.0
2019-04-22,1.12455,1.12625,1.12355,1.12595,0.0
2019-04-23,1.12574,1.12615,1.11924,1.12274,0.0
2019-04-24,1.12272,1.12285,1.11409,1.11523,0.0
2019-04-25,1.11546,1.11625,1.11184,1.11328,0.0
2019-04-26,1.11318,1.11736,1.11121,1.11447,0.0
2019-04-29,1.1147,1.1189,1.1145,1.11845,0.0
2019-04-30,1.1186,1.12291,1.1175,1.12156,0.0
2019-05-01,1.12153,1.1265,1.11875,1.11947,0.0
2019-05-02,1.11958,1.12192,1.11705,1.11717,0.0
2019-05-03,1.11722,1.1205,1.11354,1.12019,0.0
2019-05-06,1.1172,1.121,1.1169,1.12005,0.0
2019-05-07,1.11989,1.122,1.11669,1.11921,0.0
2019-05-08,1.11914,1.12138,1.11829,1.11915,0.0
2019-05-09,1.11917,1.12515,1.11735,1.12122,0.0
2019-05-10,1.12156,1.12536,1.1214,1.1234,0.0
2019-05-13,1.12355,1.12635,1.1223,1.12246,0.0
2019-05-14,1.12216,1.1244,1.1201,1.12042,0.0
2019-05-15,1.12041,1.1225,1.11775,1.1202,0.0
2019-05-16,1.12017,1.1227,1.1162,1.11728,0.0
2019-05-17,1.11745,1.1184,1.11545,1.11572,0.0
2019-05-20,1.116,1.1175,1.11505,1.11656,0.0
2019-05-21,1.11663,1.11875,1.11415,1.11619,0.0
2019-05-22,1.11625,1.11803,1.1147,1.11504,0.0
2019-05-23,1.11508,1.11876,1.11075,1.11825,0.0
2019-05-24,1.11811,1.12125,1.1176,1.12057,0.0
2019-05-27,1.121,1.12153,1.1187,1.11935,0.0
2019-05-28,1.11931,1.1199,1.1159,1.11601,0.0
2019-05-29,1.11603,1.1173,1.11246,1.11313,0.0
2019-05-30,1.11309,1.1145,1.11155,1.11305,0.0
2019-05-31,1.11291,1.11798,1.1125,1.11694,0.0
2019-06-03,1.1166,1.1262,1.11595,1.12414,0.0
2019-06-04,1.12411,1.12774,1.1227,1.1252,0.0
2019-06-05,1.12516,1.1305,1.1219,1.12205,0.0
2019-06-06,1.12213,1.1309,1.1204,1.12757,0.0
2019-06-07,1.1276,1.13477,1.1251,1.13328,0.0
2019-06-10,1.13215,1.13315,1.12905,1.13112,0.0
2019-06-11,1.13116,1.13375,1.13,1.13259,0.0
2019-06-12,1.13262,1.1348,1.1283,1.1287,0.0
2019-06-13,1.1287,1.13038,1.1264,1.12765,0.0
2019-06-14,1.12766,1.12895,1.12027,1.12114,0.0
2019-06-17,1.121,1.1247,1.1203,1.1217,0.0
2019-06-18,1.12186,1.1243,1.1181,1.1194,0.0
2019-06-19,1.1192,1.12536,1.1187,1.12269,0.0
2019-06-20,1.12261,1.13158,1.1226,1.12905,0.0
2019-06-21,1.12921,1.13778,1.1283,1.13708,0.0
2019-06-24,1.13695,1.1406,1.13695,1.13984,0.0
2019-06-25,1.13988,1.14125,1.13446,1.1367,0.0
2019-06-26,1.13666,1.1391,1.1347,1.13684,0.0
2019-06-27,1.13686,1.13816,1.1347,1.13694,0.0
2019-06-28,1.13693,1.1393,1.1351,1.137,0.0
2019-07-01,1.13672,1.13712,1.12812,1.12854,0.0
2019-07-02,1.12854,1.13211,1.12752,1.12864,0.0
2019-07-03,1.1286,1.13116,1.12686,1.12778,0.0
2019-07-04,1.12769,1.12953,1.12732,1.12849,0.0
2019-07-05,1.12849,1.12877,1.12074,1.12257,0.0
2019-07-08,1.12208,1.12345,1.1207,1.12144,0.0
2019-07-09,1.12144,1.1219,1.11934,1.12078,0.0
2019-07-10,1.12076,1.12643,1.12017,1.12503,0.0
2019-07-11,1.12505,1.1286,1.12454,1.12546,0.0
2019-07-12,1.12553,1.12752,1.12383,1.12709,0.0
2019-07-15,1.12708,1.1284,1.12534,1.1258,0.0
2019-07-16,1.12578,1.12636,1.12018,1.12096,0.0
2019-07-17,1.12105,1.12337,1.11998,1.1225,0.0
2019-07-18,1.1224,1.12802,1.12053,1.12771,0.0
2019-07-19,1.1277,1.12819,1.12035,1.12207,0.0
2019-07-22,1.12198,1.12255,1.12062,1.12091,0.0
2019-07-23,1.12086,1.12104,1.11459,1.11512,0.0
2019-07-24,1.11516,1.11558,1.11272,1.11389,0.0
2019-07-25,1.11398,1.11878,1.11014,1.11468,0.0
2019-07-26,1.11471,1.1151,1.11119,1.11265,0.0
2019-07-29,1.11274,1.11511,1.1113,1.1145,0.0
2019-07-30,1.11452,1.1161,1.1132,1.11554,0.0
2019-07-31,1.11555,1.11622,1.10601,1.10766,0.0
2019-08-01,1.10764,1.10957,1.10269,1.1085,0.0
2019-08-02,1.10847,1.11164,1.10698,1.11067,0.0
2019-08-05,1.1106,1.1213,1.11041,1.12031,0.0
2019-08-06,1.12033,1.12496,1.11677,1.12014,0.0
2019-08-07,1.12026,1.12418,1.11793,1.11992,0.0
2019-08-08,1.1199,1.12325,1.11771,1.11792,0.0
2019-08-09,1.11794,1.12231,1.11789,1.12008,0.0
2019-08-12,1.12025,1.12308,1.1162,1.12139,0.0
2019-08-13,1.12138,1.12286,1.117,1.11716,0.0
2019-08-14,1.11715,1.1191,1.11306,1.11387,0.0
2019-08-15,1.11378,1.11584,1.10916,1.1109,0.0
2019-08-16,1.11114,1.11123,1.10664,1.10904,0.0
2019-08-19,1.10899,1.11142,1.10762,1.10782,0.0
2019-08-20,1.10788,1.11068,1.10657,1.11004,0.0
2019-08-21,1.11014,1.11072,1.10808,1.10846,0.0
2019-08-22,1.10846,1.11132,1.10637,1.10805,0.0
2019-08-23,1.10806,1.11532,1.10518,1.11419,0.0
2019-08-26,1.11514,1.11642,1.10942,1.10998,0.0
2019-08-27,1.11042,1.11158,1.10858,1.10901,0.0
2019-08-28,1.109,1.10979,1.10734,1.1078,0.0
2019-08-29,1.10779,1.10922,1.10422,1.10568,0.0
2019-08-30,1.10568,1.10605,1.09634,1.0992,0.0
2019-09-02,1.09925,1.09968,1.09581,1.09689,0.0
2019-09-03,1.09691,1.09785,1.09262,1.09753,0.0
2019-09-04,1.09752,1.1038,1.09686,1.10352,0.0
2019-09-05,1.10352,1.10844,1.10172,1.10341,0.0
2019-09-06,1.1034,1.10572,1.10203,1.1026,0.0
2019-09-09,1.1027,1.10682,1.10156,1.10467,0.0
2019-09-10,1.10466,1.10596,1.10307,1.10427,0.0
2019-09-11,1.10428,1.10556,1.09853,1.10108,0.0
2019-09-12,1.10108,1.10871,1.09271,1.10629,0.0
2019-09-13,1.10628,1.11094,1.10555,1.10719,0.0
2019-09-16,1.1075,1.10864,1.09936,1.10036,0.0
2019-09-17,1.10036,1.10746,1.09903,1.10716,0.0
2019-09-18,1.10714,1.10756,1.10141,1.10288,0.0
2019-09-19,1.10287,1.10736,1.1023,1.10399,0.0
2019-09-20,1.10399,1.10677,1.09964,1.10196,0.0
2019-09-23,1.10102,1.10255,1.09663,1.0993,0.0
2019-09-24,1.0993,1.10241,1.09839,1.10201,0.0
2019-09-25,1.10201,1.10221,1.09376,1.09438,0.0
2019-09-26,1.09438,1.09673,1.09091,1.09204,0.0
2019-09-27,1.09203,1.09588,1.09049,1.09418,0.0
2019-09-30,1.09429,1.09475,1.08849,1.08999,0.0
2019-10-01,1.08999,1.0943,1.08792,1.09316,0.0
2019-10-02,1.09317,1.09635,1.09042,1.09592,0.0
2019-10-03,1.09598,1.09994,1.0941,1.0964,0.0
2019-10-04,1.09647,1.0999,1.09571,1.09785,0.0
2019-10-07,1.0985,1.10006,1.09621,1.09702,0.0
2019-10-08,1.0971,1.09956,1.09411,1.09564,0.0
2019-10-09,1.09567,1.09899,1.0952,1.09702,0.0
2019-10-10,1.09716,1.10338,1.09713,1.10057,0.0
2019-10-11,1.10056,1.10628,1.10011,1.10369,0.0
2019-10-14,1.1036,1.10426,1.10129,1.10266,0.0
2019-10-15,1.10281,1.10461,1.09914,1.10325,0.0
2019-10-16,1.10291,1.10856,1.10226,1.10725,0.0
2019-10-17,1.10728,1.11399,1.10652,1.11253,0.0
2019-10-18,1.11246,1.1171,1.11148,1.117,0.0
2019-10-21,1.11614,1.11795,1.1139,1.11494,0.0
2019-10-22,1.11494,1.11568,1.11178,1.11256,0.0
2019-10-23,1.11254,1.11399,1.11062,1.11307,0.0
2019-10-24,1.11313,1.11629,1.10932,1.11046,0.0
2019-10-25,1.11039,1.11231,1.10731,1.10802,0.0
2019-10-28,1.1081,1.11066,1.10762,1.10998,0.0
2019-10-29,1.10998,1.11182,1.10736,1.11109,0.0
2019-10-30,1.11117,1.11517,1.10802,1.11499,0.0
2019-10-31,1.11504,1.11756,1.11315,1.11511,0.0
2019-11-01,1.11516,1.11718,1.11283,1.11664,0.0
2019-11-04,1.11701,1.11754,1.11248,1.11287,0.0
2019-11-05,1.11278,1.11399,1.10636,1.10736,0.0
2019-11-06,1.10742,1.10929,1.10652,1.10666,0.0
2019-11-07,1.10681,1.10915,1.10362,1.10501,0.0
2019-11-08,1.10495,1.10554,1.10168,1.10196,0.0
2019-11-11,1.1019,1.10431,1.10165,1.1033,0.0
2019-11-12,1.1033,1.10386,1.10026,1.10087,0.0
2019-11-13,1.10076,1.10203,1.09954,1.10073,0.0
2019-11-14,1.1007,1.10275,1.09892,1.10207,0.0
2019-11-15,1.10212,1.10569,1.10146,1.10521,0.0
2019-11-18,1.10523,1.109,1.10498,1.10732,0.0
2019-11-19,1.10717,1.10839,1.10629,1.10782,0.0
2019-11-20,1.10775,1.10813,1.10532,1.1072,0.0
2019-11-21,1.10736,1.10969,1.10526,1.10584,0.0
2019-11-22,1.10589,1.10875,1.10146,1.10194,0.0
2019-11-25,1.10176,1.10318,1.10036,1.10114,0.0
2019-11-26,1.10138,1.10256,1.10074,1.1022,0.0
2019-11-27,1.10215,1.10246,1.09924,1.09983,0.0
2019-11-28,1.10026,1.10179,1.10005,1.10108,0.0
2019-11-29,1.10101,1.10282,1.09813,1.10181,0.0
2019-12-02,1.10249,1.10893,1.10031,1.1079,0.0
2019-12-03,1.1079,1.10935,1.10661,1.10806,0.0
2019-12-04,1.10816,1.11161,1.10668,1.10763,0.0
2019-12-05,1.10796,1.1108,1.1078,1.1104,0.0
2019-12-06,1.11048,1.11098,1.104,1.10605,0.0
2019-12-09,1.10598,1.1078,1.10534,1.10646,0.0
2019-12-10,1.10639,1.10977,1.10628,1.10958,0.0
2019-12-11,1.1094,1.11449,1.10703,1.1129,0.0
2019-12-12,1.11314,1.11542,1.11032,1.11333,0.0
2019-12-13,1.11692,1.11997,1.11121,1.1118,0.0
2019-12-16,1.11292,1.11582,1.11227,1.11418,0.0
2019-12-17,1.11447,1.11744,1.11294,1.11491,0.0
2019-12-18,1.115,1.11544,1.11105,1.11153,0.0
2019-12-19,1.11136,1.11442,1.11076,1.11185,0.0
2019-12-20,1.11225,1.1125,1.10665,1.1075,0.0
2019-12-23,1.1074,1.1096,1.107,1.10899,0.0
2019-12-24,1.10893,1.1094,1.10692,1.10872,0.0
2019-12-26,1.1092,1.1109,1.10823,1.10964,0.0
2019-12-27,1.1097,1.11883,1.10958,1.11764,0.0
2019-12-30,1.11779,1.12208,1.11726,1.12002,0.0
2019-12-31,1.11994,1.12391,1.11981,1.12154,0.0
2020-01-02,1.126,1.126,1.11636,1.11714,0.0
2020-01-03,1.1172,1.11798,1.11251,1.1156,0.0
2020-01-06,1.11671,1.12056,1.1155,1.11975,0.0
2020-01-07,1.11951,1.11976,1.11337,1.1147,0.0
2020-01-08,1.1149,1.11682,1.11048,1.11048,0.0
2020-01-09,1.11054,1.11205,1.1093,1.11056,0.0
2020-01-10,1.11049,1.11292,1.10852,1.11214,0.0
2020-01-13,1.1115,1.11468,1.11128,1.11345,0.0
2020-01-14,1.1136,1.11446,1.11046,1.11266,0.0
2020-01-15,1.11273,1.11634,1.11186,1.11498,0.0
2020-01-16,1.115,1.11726,1.1128,1.11358,0.0
2020-01-17,1.11366,1.11426,1.10862,1.10898,0.0
2020-01-20,1.10932,1.11024,1.10768,1.10963,0.0
2020-01-21,1.10952,1.11179,1.10811,1.10819,0.0
2020-01-22,1.10837,1.10983,1.10702,1.10948,0.0
2020-01-23,1.10928,1.11087,1.10364,1.10587,0.0
2020-01-24,1.10537,1.10612,1.10202,1.10263,0.0
2020-01-27,1.10325,1.10376,1.10098,1.10195,0.0
2020-01-28,1.10189,1.10251,1.0998,1.10224,0.0
2020-01-29,1.10228,1.10277,1.09925,1.10087,0.0
2020-01-30,1.10098,1.10393,1.10069,1.10314,0.0
2020-01-31,1.10327,1.10952,1.1017,1.10947,0.0
2020-02-03,1.10951,1.10951,1.10359,1.1061,0.0
2020-02-04,1.10598,1.10641,1.10329,1.10448,0.0
2020-02-05,1.10449,1.10478,1.09937,1.09992,0.0
2020-02-06,1.09993,1.1014,1.09645,1.09809,0.0
2020-02-07,1.09828,1.0985,1.09421,1.09438,0.0
2020-02-10,1.09437,1.09576,1.09078,1.09108,0.0
2020-02-11,1.09109,1.09247,1.08915,1.09173,0.0
2020-02-12,1.09161,1.09257,1.08656,1.08717,0.0
2020-02-13,1.08737,1.08889,1.08342,1.08399,0.0
2020-02-14,1.0841,1.08613,1.08273,1.08305,0.0
2020-02-17,1.08413,1.0851,1.08293,1.08358,0.0
2020-02-18,1.08354,1.08379,1.07859,1.0793,0.0
2020-02-19,1.07914,1.08118,1.07822,1.08074,0.0
2020-02-20,1.08082,1.08212,1.07782,1.07836,0.0
2020-02-21,1.07856,1.08636,1.07848,1.08481,0.0
2020-02-24,1.08271,1.08719,1.08053,1.08525,0.0
2020-02-25,1.08529,1.08903,1.08303,1.08815,0.0
2020-02-26,1.08796,1.09087,1.08551,1.0879,0.0
2020-02-27,1.08791,1.10058,1.08777,1.09995,0.0
2020-02-28,1.10046,1.10529,1.0951,1.10297,0.0
2020-03-02,1.10456,1.11848,1.10364,1.11319,0.0
2020-03-03,1.11285,1.12126,1.10955,1.11699,0.0
2020-03-04,1.11738,1.11875,1.10957,1.11336,0.0
2020-03-05,1.11335,1.12447,1.11197,1.12424,0.0
2020-03-06,1.12384,1.13548,1.12117,1.12903,0.0
2020-03-09,1.13525,1.14957,1.13358,1.14413,0.0
2020-03-10,1.14496,1.14618,1.12753,1.1283,0.0
2020-03-11,1.12818,1.13668,1.12576,1.12719,0.0
2020-03-12,1.12672,1.13336,1.10558,1.11747,0.0
2020-03-13,1.11763,1.12212,1.10554,1.11042,0.0
2020-03-16,1.10743,1.12366,1.10743,1.11704,0.0
2020-03-17,1.11783,1.11891,1.09553,1.09968,0.0
2020-03-18,1.09981,1.1045,1.08022,1.09112,0.0
2020-03-19,1.09115,1.09815,1.06554,1.06865,0.0
2020-03-20,1.06909,1.08309,1.06378,1.06958,0.0
2020-03-23,1.07078,1.08277,1.06364,1.07265,0.0
2020-03-24,1.07268,1.08881,1.07234,1.07968,0.0
2020-03-25,1.07781,1.08941,1.07606,1.08848,0.0
2020-03-26,1.08813,1.10588,1.08707,1.10345,0.0
2020-03-27,1.10326,1.11468,1.09535,1.11438,0.0
2020-03-30,1.11187,1.11442,1.10101,1.10417,0.0
2020-03-31,1.10416,1.10542,1.09268,1.10354,0.0
2020-04-01,1.10342,1.1039,1.09028,1.09661,0.0
2020-04-02,1.09655,1.09681,1.08207,1.08592,0.0
2020-04-03,1.08577,1.08642,1.07728,1.08131,0.0
2020-04-06,1.0815,1.08355,1.07684,1.07916,0.0
2020-04-07,1.07932,1.09258,1.07836,1.0891,0.0
2020-04-08,1.08918,1.09021,1.08303,1.08544,0.0
2020-04-09,1.08564,1.09518,1.08411,1.09324,0.0
2020-04-10,1.09296,1.09528,1.09202,1.09379,0.0
2020-04-13,1.0949,1.0968,1.08928,1.09089,0.0
2020-04-14,1.09128,1.09874,1.09046,1.09827,0.0
2020-04-15,1.09827,1.09906,1.08564,1.09123,0.0
2020-04-16,1.09104,1.09114,1.08167,1.08391,0.0
2020-04-17,1.08385,1.08927,1.08122,1.08744,0.0
2020-04-20,1.087,1.08967,1.0842,1.08639,0.0
2020-04-21,1.08615,1.08804,1.08168,1.08567,0.0
2020-04-22,1.08597,1.08852,1.08033,1.08213,0.0
2020-04-23,1.08217,1.08463,1.07562,1.07764,0.0
2020-04-24,1.07755,1.08258,1.07271,1.08238,0.0
2020-04-27,1.08226,1.086,1.08114,1.08276,0.0
2020-04-28,1.08276,1.08884,1.08099,1.08193,0.0
2020-04-29,1.082,1.08856,1.08191,1.08778,0.0
2020-04-30,1.08778,1.09727,1.08333,1.09551,0.0
2020-05-01,1.0955,1.1018,1.09347,1.09803,0.0
2020-05-04,1.09705,1.09795,1.08959,1.08997,0.0
2020-05-05,1.08999,1.0926,1.0826,1.08344,0.0
2020-05-06,1.08423,1.0846,1.07822,1.07964,0.0
2020-05-07,1.07921,1.08339,1.07666,1.08337,0.0
2020-05-08,1.08338,1.08756,1.08153,1.0839,0.0
2020-05-11,1.08263,1.08506,1.08029,1.08153,0.0
2020-05-12,1.08066,1.08853,1.07845,1.08479,0.0
2020-05-13,1.08484,1.08966,1.08118,1.08191,0.0
2020-05-14,1.08189,1.08241,1.0775,1.08022,0.0
2020-05-15,1.08043,1.08512,1.0789,1.08202,0.0
2020-05-18,1.08113,1.0927,1.08001,1.09168,0.0
2020-05-19,1.09189,1.09761,1.09023,1.0924,0.0
2020-05-20,1.09256,1.0999,1.09189,1.09786,0.0
2020-05-21,1.09819,1.10083,1.09374,1.09495,0.0
2020-05-22,1.09501,1.09537,1.08855,1.09026,0.0
2020-05-25,1.09,1.09146,1.08707,1.08958,0.0
2020-05-26,1.08969,1.09959,1.08926,1.09828,0.0
2020-05-27,1.09822,1.10309,1.09341,1.10082,0.0
2020-05-28,1.10048,1.10935,1.09918,1.10796,0.0
2020-05-29,1.10728,1.11449,1.10701,1.11079,0.0
2020-06-01,1.112,1.11538,1.11007,1.11333,0.0
2020-06-02,1.11356,1.11958,1.11153,1.11679,0.0
2020-06-03,1.11698,1.12578,1.11668,1.12324,0.0
2020-06-04,1.12346,1.13619,1.11948,1.13344,0.0
2020-06-05,1.13374,1.13838,1.12785,1.12876,0.0
2020-06-08,1.12954,1.13199,1.12685,1.12922,0.0
2020-06-09,1.12924,1.13638,1.1241,1.13374,0.0
2020-06-10,1.13389,1.14224,1.13211,1.13748,0.0
2020-06-11,1.13755,1.14038,1.12888,1.13001,0.0
2020-06-12,1.12941,1.13403,1.12126,1.12608,0.0
2020-06-15,1.12342,1.13326,1.12268,1.13211,0.0
2020-06-16,1.13216,1.13534,1.12281,1.12612,0.0
2020-06-17,1.12609,1.1294,1.12072,1.1243,0.0
2020-06-18,1.12426,1.12614,1.11858,1.1206,0.0
2020-06-19,1.1206,1.12544,1.11684,1.11773,0.0
2020-06-22,1.11856,1.12698,1.11686,1.12654,0.0
2020-06-23,1.12613,1.13485,1.12332,1.13066,0.0
2020-06-24,1.13108,1.13259,1.12484,1.12485,0.0
2020-06-25,1.12522,1.12598,1.11905,1.12174,0.0
2020-06-26,1.12189,1.12394,1.11953,1.1219,0.0
2020-06-29,1.1225,1.1288,1.12173,1.12418,0.0
2020-06-30,1.12353,1.12618,1.11911,1.1234,0.0
2020-07-01,1.1235,1.12751,1.11849,1.12514,0.0
2020-07-02,1.12507,1.13028,1.12234,1.12399,0.0
2020-07-03,1.12381,1.12519,1.12195,1.12508,0.0
2020-07-06,1.12446,1.13455,1.12431,1.13085,0.0
2020-07-07,1.13098,1.13326,1.12592,1.12723,0.0
2020-07-08,1.12751,1.13518,1.12626,1.1331,0.0
2020-07-09,1.13298,1.13705,1.12803,1.12836,0.0
2020-07-10,1.12848,1.13248,1.1255,1.12974,0.0
2020-07-13,1.1306,1.13749,1.1296,1.13418,0.0
2020-07-14,1.13429,1.14088,1.13253,1.13979,0.0
2020-07-15,1.14017,1.14521,1.13914,1.1412,0.0
2020-07-16,1.14107,1.14418,1.13706,1.1383,0.0
2020-07-17,1.13846,1.14437,1.13776,1.14261,0.0
2020-07-20,1.14159,1.14678,1.14025,1.14482,0.0
2020-07-21,1.14456,1.15398,1.1423,1.15222,0.0
2020-07-22,1.15283,1.16014,1.15072,1.15699,0.0
2020-07-23,1.15695,1.16269,1.15404,1.15962,0.0
2020-07-24,1.15948,1.16576,1.15813,1.16554,0.0
2020-07-27,1.16445,1.17814,1.16424,1.17509,0.0
2020-07-28,1.17503,1.17738,1.16988,1.17168,0.0
2020-07-29,1.17172,1.18064,1.17141,1.1792,0.0
2020-07-30,1.17912,1.18484,1.1731,1.18478,0.0
2020-07-31,1.18463,1.19089,1.17616,1.17718,0.0
2020-08-03,1.17746,1.1797,1.16962,1.1765,0.0
2020-08-04,1.1765,1.18064,1.17214,1.18011,0.0
2020-08-05,1.18003,1.19049,1.17931,1.18646,0.0
2020-08-06,1.18627,1.19162,1.18181,1.18776,0.0
2020-08-07,1.18732,1.18831,1.17555,1.17862,0.0
2020-08-10,1.17909,1.18007,1.17364,1.17365,0.0
2020-08-11,1.17368,1.1808,1.17223,1.174,0.0
2020-08-12,1.17402,1.18165,1.17112,1.17862,0.0
2020-08-13,1.17852,1.18642,1.17817,1.18154,0.0
2020-08-14,1.18138,1.18504,1.17823,1.18413,0.0
2020-08-17,1.184,1.18809,1.18288,1.18726,0.0
2020-08-18,1.18726,1.19657,1.18652,1.19346,0.0
2020-08-19,1.19311,1.19529,1.18306,1.18388,0.0
2020-08-20,1.1838,1.18687,1.18023,1.18606,0.0
2020-08-21,1.18599,1.18831,1.17545,1.1796,0.0
2020-08-24,1.1795,1.18496,1.17843,1.17867,0.0
2020-08-25,1.17916,1.18434,1.17843,1.18346,0.0
2020-08-26,1.18344,1.18394,1.17724,1.18303,0.0
2020-08-27,1.18312,1.19019,1.17625,1.18215,0.0
2020-08-28,1.18207,1.19197,1.18111,1.19051,0.0
2020-08-31,1.19015,1.19661,1.18841,1.19374,0.0
2020-09-01,1.19382,1.20112,1.19016,1.19124,0.0
2020-09-02,1.19124,1.19288,1.18222,1.18551,0.0
2020-09-03,1.18547,1.18646,1.17892,1.18525,0.0
2020-09-04,1.18502,1.18655,1.17811,1.18397,0.0
2020-09-07,1.18468,1.18487,1.1812,1.18135,0.0
2020-09-08,1.18135,1.18276,1.17656,1.17748,0.0
2020-09-09,1.17758,1.18335,1.1753,1.18044,0.0
2020-09-10,1.18034,1.19174,1.18006,1.18151,0.0
2020-09-11,1.18146,1.1874,1.18138,1.18464,0.0
2020-09-14,1.18367,1.18879,1.18322,1.18628,0.0
2020-09-15,1.18633,1.19,1.18398,1.18462,0.0
2020-09-16,1.1849,1.18823,1.17878,1.18156,0.0
2020-09-17,1.18161,1.18525,1.17375,1.18472,0.0
2020-09-18,1.18467,1.18704,1.18268,1.18426,0.0
2020-09-21,1.18421,1.18718,1.17319,1.17729,0.0
2020-09-22,1.17704,1.17739,1.16919,1.17094,0.0
2020-09-23,1.1708,1.1719,1.16516,1.16613,0.0
2020-09-24,1.16632,1.1687,1.16266,1.16675,0.0
2020-09-25,1.16764,1.1685,1.16126,1.16306,0.0
2020-09-28,1.1631,1.168,1.16152,1.16659,0.0
2020-09-29,1.16656,1.17455,1.16614,1.17423,0.0
2020-09-30,1.17439,1.17549,1.16851,1.17217,0.0
2020-10-01,1.17208,1.17696,1.17173,1.17454,0.0
2020-10-02,1.17456,1.17497,1.16959,1.17167,0.0
2020-10-05,1.17136,1.17976,1.17065,1.17857,0.0
2020-10-06,1.1783,1.18078,1.17319,1.17325,0.0
2020-10-07,1.1734,1.17818,1.17252,1.17644,0.0
2020-10-08,1.1762,1.17817,1.1733,1.17586,0.0
2020-10-09,1.17599,1.18307,1.17542,1.18296,0.0
2020-10-12,1.18147,1.183,1.17868,1.18136,0.0
2020-10-13,1.18138,1.18162,1.1731,1.17464,0.0
2020-10-14,1.17461,1.17707,1.17202,1.17468,0.0
2020-10-15,1.17468,1.17577,1.16886,1.17077,0.0
2020-10-16,1.17088,1.17462,1.16941,1.17167,0.0
2020-10-19,1.17209,1.17936,1.17032,1.1771,0.0
2020-10-20,1.17692,1.18407,1.176,1.18238,0.0
2020-10-21,1.18227,1.18808,1.1822,1.18588,0.0
2020-10-22,1.18584,1.18669,1.18116,1.18185,0.0
2020-10-23,1.18174,1.18648,1.17869,1.18612,0.0
2020-10-26,1.18549,1.18604,1.18033,1.18096,0.0
2020-10-27,1.18132,1.18389,1.17965,1.17977,0.0
2020-10-28,1.1794,1.1795,1.17179,1.17468,0.0
2020-10-29,1.17472,1.17588,1.16502,1.16722,0.0
2020-10-30,1.16748,1.17042,1.16402,1.16466,0.0
2020-11-02,1.1646,1.16557,1.16224,1.16394,0.0
2020-11-03,1.16374,1.17398,1.16373,1.17203,0.0
2020-11-04,1.17174,1.17696,1.16031,1.1725,0.0
2020-11-05,1.17242,1.18597,1.17108,1.183,0.0
2020-11-06,1.18276,1.1891,1.17956,1.18752,0.0
2020-11-09,1.18903,1.19198,1.17955,1.1812,0.0
2020-11-10,1.18159,1.18434,1.178,1.18168,0.0
2020-11-11,1.18182,1.18328,1.17457,1.1779,0.0
2020-11-12,1.17765,1.18232,1.17588,1.18052,0.0
2020-11-13,1.18025,1.18372,1.17992,1.18329,0.0
2020-11-16,1.18422,1.18693,1.18144,1.18561,0.0
2020-11-17,1.1854,1.18938,1.18431,1.18616,0.0
2020-11-18,1.18647,1.1891,1.18492,1.1855,0.0
2020-11-19,1.18552,1.18824,1.18164,1.18764,0.0
2020-11-20,1.18768,1.18906,1.18498,1.18594,0.0
2020-11-23,1.1859,1.19059,1.18003,1.1841,0.0
2020-11-24,1.18409,1.18953,1.18369,1.18906,0.0
2020-11-25,1.18936,1.19297,1.1882,1.19128,0.0
2020-11-26,1.1917,1.19409,1.18854,1.19116,0.0
2020-11-27,1.1913,1.19632,1.1908,1.19604,0.0
2020-11-30,1.19621,1.20031,1.1924,1.19252,0.0
2020-12-01,1.19284,1.20766,1.19266,1.20692,0.0
2020-12-02,1.20705,1.21184,1.20401,1.21172,0.0
2020-12-03,1.21147,1.21746,1.21011,1.21468,0.0
2020-12-04,1.21421,1.21775,1.21105,1.21197,0.0
2020-12-07,1.21321,1.21659,1.20786,1.21087,0.0
2020-12-08,1.211,1.2134,1.20955,1.21058,0.0
2020-12-09,1.21046,1.21471,1.20589,1.20818,0.0
2020-12-10,1.20819,1.2159,1.20755,1.21419,0.0
2020-12-11,1.21399,1.21628,1.21054,1.21125,0.0
2020-12-14,1.2138,1.21766,1.21157,1.21451,0.0
2020-12-15,1.21437,1.21686,1.21222,1.21552,0.0
2020-12-16,1.21532,1.22124,1.21254,1.22003,0.0
2020-12-17,1.21986,1.22728,1.219,1.2271,0.0
2020-12-18,1.22668,1.2272,1.22256,1.22544,0.0
2020-12-21,1.22221,1.22528,1.213,1.22352,0.0
2020-12-22,1.2239,1.22568,1.21522,1.21648,0.0
2020-12-23,1.21628,1.22212,1.21539,1.21835,0.0
2020-12-24,1.21836,1.22158,1.21774,1.21858,0.0
2020-12-28,1.2186,1.22503,1.21812,1.22135,0.0
2020-12-29,1.22131,1.22752,1.22079,1.22514,0.0
2020-12-30,1.22482,1.23098,1.2248,1.22996,0.0
2020-12-31,1.22954,1.23092,1.22093,1.22165,0.0
2021-01-04,1.2216,1.23089,1.2216,1.22506,0.0
2021-01-05,1.22479,1.23054,1.22472,1.2297,0.0
2021-01-06,1.22995,1.23492,1.22664,1.23272,0.0
2021-01-07,1.2328,1.23444,1.22452,1.22696,0.0
2021-01-08,1.22698,1.22844,1.21932,1.2222,0.0
2021-01-11,1.22161,1.22295,1.21324,1.21509,0.0
2021-01-12,1.21503,1.22097,1.21372,1.22076,0.0
2021-01-13,1.22071,1.22229,1.21402,1.21566,0.0
2021-01-14,1.21623,1.21783,1.21113,1.21546,0.0
2021-01-15,1.21531,1.21626,1.20751,1.20769,0.0
2021-01-18,1.20844,1.20868,1.20536,1.20784,0.0
2021-01-19,1.20764,1.21449,1.20741,1.21284,0.0
2021-01-20,1.21265,1.21583,1.20769,1.21055,0.0
2021-01-21,1.21047,1.2173,1.2104,1.21698,0.0
2021-01-22,1.21652,1.21896,1.21516,1.21706,0.0
2021-01-25,1.21723,1.21833,1.21161,1.21414,0.0
2021-01-26,1.21414,1.2176,1.2108,1.21622,0.0
2021-01-27,1.2161,1.21698,1.20587,1.21116,0.0
2021-01-28,1.21084,1.2142,1.20808,1.21217,0.0
2021-01-29,1.21212,1.21558,1.20946,1.21356,0.0
2021-02-01,1.2133,1.21366,1.20561,1.20596,0.0
2021-02-02,1.20617,1.20878,1.20116,1.20434,0.0
2021-02-03,1.20432,1.205,1.20042,1.20352,0.0
2021-02-04,1.20347,1.20428,1.19576,1.19624,0.0
2021-02-05,1.19657,1.20498,1.19524,1.20494,0.0
2021-02-08,1.20388,1.20658,1.20199,1.20502,0.0
2021-02-09,1.20505,1.21209,1.20472,1.21204,0.0
2021-02-10,1.21189,1.2144,1.21089,1.21178,0.0
2021-02-11,1.21186,1.21494,1.21136,1.21326,0.0
2021-02-12,1.21306,1.21354,1.20816,1.21192,0.0
2021-02-15,1.21265,1.21452,1.21169,1.21272,0.0
2021-02-16,1.21307,1.21696,1.2095,1.21055,0.0
2021-02-17,1.21092,1.21093,1.20234,1.20416,0.0
2021-02-18,1.20409,1.20947,1.20357,1.20926,0.0
2021-02-19,1.20934,1.21445,1.20824,1.21179,0.0
2021-02-22,1.2117,1.21693,1.20913,1.21562,0.0
2021-02-23,1.2157,1.21798,1.21354,1.21484,0.0
2021-02-24,1.21494,1.21746,1.21092,1.21702,0.0
2021-02-25,1.21647,1.22428,1.21562,1.21745,0.0
2021-02-26,1.21788,1.21843,1.20624,1.20728,0.0
2021-03-01,1.207,1.21012,1.20278,1.2049,0.0
2021-03-02,1.20494,1.20945,1.19918,1.20898,0.0
2021-03-03,1.20902,1.2113,1.20428,1.20628,0.0
2021-03-04,1.20655,1.20666,1.19618,1.19732,0.0
2021-03-05,1.19702,1.1978,1.18934,1.19117,0.0
2021-03-08,1.19189,1.19323,1.18442,1.18454,0.0
2021-03-09,1.18476,1.19157,1.18357,1.18994,0.0
2021-03-10,1.18983,1.19298,1.18689,1.19285,0.0
2021-03-11,1.1928,1.19899,1.19162,1.19856,0.0
2021-03-12,1.1984,1.19886,1.19101,1.19528,0.0
2021-03-15,1.19483,1.19674,1.19113,1.19309,0.0
2021-03-16,1.19251,1.19518,1.18824,1.19029,0.0
2021-03-17,1.19029,1.19852,1.18863,1.19809,0.0
2021-03-18,1.19795,1.19888,1.19064,1.19178,0.0
2021-03-19,1.19127,1.19371,1.1874,1.19052,0.0
2021-03-22,1.18774,1.19468,1.18738,1.19344,0.0
2021-03-23,1.19332,1.19408,1.18423,1.18484,0.0
2021-03-24,1.18492,1.18534,1.18097,1.18106,0.0
2021-03-25,1.18136,1.18277,1.17618,1.17653,0.0
2021-03-26,1.1765,1.18051,1.17646,1.17934,0.0
2021-03-29,1.17921,1.1794,1.17608,1.17642,0.0
2021-03-30,1.17638,1.17739,1.1712,1.17175,0.0
2021-03-31,1.17183,1.17599,1.17042,1.17296,0.0
2021-04-01,1.17296,1.17801,1.17132,1.17774,0.0
2021-04-02,1.17766,1.17867,1.17492,1.17621,0.0
2021-04-05,1.17584,1.18195,1.17381,1.18124,0.0
2021-04-06,1.18114,1.18777,1.17955,1.1875,0.0
2021-04-07,1.18746,1.19147,1.18609,1.18701,0.0
2021-04-08,1.1868,1.19274,1.18608,1.19159,0.0
2021-04-09,1.19155,1.19202,1.18674,1.19009,0.0
2021-04-12,1.18906,1.1919,1.18714,1.19109,0.0
2021-04-13,1.19106,1.19557,1.1878,1.19492,0.0
2021-04-14,1.19482,1.19872,1.19475,1.19806,0.0
2021-04-15,1.19797,1.19932,1.19562,1.19662,0.0
2021-04-16,1.1969,1.19946,1.19505,1.19814,0.0
2021-04-19,1.19735,1.2048,1.19427,1.20361,0.0
2021-04-20,1.2036,1.20799,1.20226,1.20358,0.0
2021-04-21,1.20344,1.20438,1.19986,1.20349,0.0
2021-04-22,1.2034,1.20694,1.19937,1.2016,0.0
2021-04-23,1.2017,1.21,1.2013,1.20975,0.0
2021-04-26,1.20933,1.21168,1.20613,1.20921,0.0
2021-04-27,1.20864,1.20915,1.20569,1.20911,0.0
2021-04-28,1.20906,1.21347,1.20562,1.21238,0.0
2021-04-29,1.21248,1.21499,1.21022,1.21205,0.0
2021-04-30,1.21194,1.21265,1.20167,1.2021,0.0
2021-05-03,1.20333,1.2076,1.20133,1.20624,0.0
2021-05-04,1.20648,1.20648,1.19992,1.20152,0.0
2021-05-05,1.20125,1.20267,1.19863,1.20048,0.0
2021-05-06,1.20048,1.20717,1.19936,1.20636,0.0
2021-05-07,1.20638,1.21714,1.2053,1.21631,0.0
2021-05-10,1.21638,1.21783,1.21281,1.21281,0.0
2021-05-11,1.21296,1.21812,1.21231,1.21482,0.0
2021-05-12,1.21482,1.21522,1.20657,1.20732,0.0
2021-05-13,1.20716,1.21061,1.20516,1.20795,0.0
2021-05-14,1.20786,1.21478,1.2071,1.2144,0.0
2021-05-17,1.2145,1.21688,1.21262,1.21521,0.0
2021-05-18,1.21508,1.22336,1.21505,1.22232,0.0
2021-05-19,1.22234,1.2245,1.216,1.21761,0.0
2021-05-20,1.21737,1.22291,1.21691,1.22261,0.0
2021-05-21,1.22262,1.22397,1.21612,1.2181,0.0
2021-05-24,1.21813,1.223,1.21729,1.22158,0.0
2021-05-25,1.22168,1.22664,1.22116,1.22492,0.0
2021-05-26,1.2252,1.22629,1.2182,1.21928,0.0
2021-05-27,1.21909,1.2215,1.21753,1.21932,0.0
2021-05-28,1.21946,1.22049,1.21327,1.21898,0.0
2021-05-31,1.2201,1.22314,1.21834,1.2225,0.0
2021-06-01,1.22274,1.22542,1.22118,1.2212,0.0
2021-06-02,1.22158,1.22267,1.21641,1.22096,0.0
2021-06-03,1.22106,1.22142,1.21184,1.21279,0.0
2021-06-04,1.21277,1.21856,1.2104,1.21664,0.0
2021-06-07,1.21624,1.22016,1.21451,1.21903,0.0
2021-06-08,1.21915,1.21942,1.21644,1.21731,0.0
2021-06-09,1.21731,1.22179,1.21713,1.21792,0.0
2021-06-10,1.21792,1.21944,1.21432,1.21757,0.0
2021-06-11,1.2175,1.2193,1.20926,1.21066,0.0
2021-06-14,1.21082,1.21304,1.20944,1.21188,0.0
2021-06-15,1.21202,1.21474,1.21015,1.21263,0.0
2021-06-16,1.21266,1.21348,1.19954,1.19974,0.0
2021-06-17,1.19947,1.20064,1.1892,1.19069,0.0
2021-06-18,1.19073,1.19251,1.18476,1.18602,0.0
2021-06-21,1.18575,1.19212,1.18478,1.19186,0.0
2021-06-22,1.19186,1.19526,1.1881,1.19407,0.0
2021-06-23,1.19392,1.19701,1.19118,1.1928,0.0
2021-06-24,1.19279,1.19564,1.19177,1.19313,0.0
2021-06-25,1.19318,1.19752,1.19264,1.19371,0.0
2021-06-28,1.1932,1.19445,1.19025,1.19228,0.0
2021-06-29,1.1923,1.19297,1.18778,1.18973,0.0
2021-06-30,1.18974,1.19092,1.18452,1.186,0.0
2021-07-01,1.1857,1.18842,1.18376,1.18494,0.0
2021-07-02,1.18496,1.1874,1.18074,1.18648,0.0
2021-07-05,1.18639,1.18804,1.18514,1.18628,0.0
2021-07-06,1.18628,1.18951,1.18074,1.18221,0.0
2021-07-07,1.18226,1.18358,1.17818,1.17915,0.0
2021-07-08,1.17929,1.1868,1.17836,1.18455,0.0
2021-07-09,1.18454,1.18811,1.18252,1.1877,0.0
2021-07-12,1.18769,1.18799,1.18363,1.18606,0.0
2021-07-13,1.1861,1.18752,1.17724,1.17769,0.0
2021-07-14,1.17754,1.18388,1.17719,1.18377,0.0
2021-07-15,1.18379,1.18508,1.17964,1.18117,0.0
2021-07-16,1.18106,1.18222,1.17923,1.18059,0.0
2021-07-19,1.181,1.18242,1.1764,1.18002,0.0
2021-07-20,1.18031,1.18034,1.17558,1.17817,0.0
2021-07-21,1.17815,1.18048,1.17521,1.17942,0.0
2021-07-22,1.17978,1.18301,1.17575,1.17702,0.0
2021-07-23,1.17653,1.17865,1.17548,1.17693,0.0
2021-07-26,1.1773,1.18173,1.17636,1.18028,0.0
2021-07-27,1.18037,1.18411,1.17702,1.18155,0.0
2021-07-28,1.18178,1.18495,1.17741,1.18439,0.0
2021-07-29,1.18449,1.18928,1.18407,1.18852,0.0
2021-07-30,1.18851,1.19085,1.18517,1.18721,0.0
2021-08-02,1.18696,1.1897,1.1859,1.18717,0.0
2021-08-03,1.18692,1.18932,1.18538,1.18641,0.0
2021-08-04,1.18613,1.18997,1.18331,1.18374,0.0
2021-08-05,1.18371,1.18574,1.18282,1.1831,0.0
2021-08-06,1.1834,1.1836,1.17544,1.17617,0.0
2021-08-09,1.1765,1.1769,1.1735,1.17357,0.0
2021-08-10,1.17374,1.17429,1.17101,1.17204,0.0
2021-08-11,1.17202,1.17534,1.17061,1.17411,0.0
2021-08-12,1.17383,1.17483,1.17239,1.17341,0.0
2021-08-13,1.17299,1.18048,1.17298,1.17964,0.0
2021-08-16,1.17965,1.18011,1.17677,1.17759,0.0
2021-08-17,1.17786,1.17844,1.17082,1.17098,0.0
2021-08-18,1.17101,1.17424,1.1694,1.17106,0.0
2021-08-19,1.1712,1.17156,1.16658,1.16779,0.0
2021-08-20,1.1677,1.17046,1.16642,1.16998,0.0
2021-08-23,1.1695,1.17504,1.16932,1.17447,0.0
2021-08-24,1.17454,1.1765,1.17272,1.17576,0.0
2021-08-25,1.17566,1.17746,1.17263,1.17725,0.0
2021-08-26,1.17708,1.17789,1.17462,1.17519,0.0
2021-08-27,1.17524,1.18019,1.17351,1.17961,0.0
2021-08-30,1.17963,1.18099,1.1783,1.17972,0.0
2021-08-31,1.17967,1.18447,1.17952,1.18088,0.0
2021-09-01,1.18092,1.18571,1.17938,1.18391,0.0
2021-09-02,1.18387,1.1876,1.18345,1.18758,0.0
2021-09-03,1.18751,1.19089,1.18661,1.18776,0.0
2021-09-06,1.18814,1.18863,1.1856,1.18692,0.0
2021-09-07,1.18701,1.18851,1.18375,1.18423,0.0
2021-09-08,1.18407,1.18512,1.18022,1.18179,0.0
2021-09-09,1.1817,1.18412,1.18054,1.18232,0.0
2021-09-10,1.18259,1.1851,1.18097,1.18109,0.0
2021-09-13,1.18165,1.18172,1.17701,1.18106,0.0
2021-09-14,1.18106,1.18458,1.18001,1.18046,0.0
2021-09-15,1.18062,1.18317,1.17992,1.18155,0.0
2021-09-16,1.18159,1.18207,1.17505,1.17679,0.0
2021-09-17,1.17681,1.1789,1.17246,1.17253,0.0
2021-09-20,1.1732,1.17364,1.17004,1.17276,0.0
2021-09-21,1.17257,1.17487,1.1715,1.17254,0.0
2021-09-22,1.17255,1.17554,1.16847,1.16898,0.0
2021-09-23,1.1689,1.17499,1.16835,1.17398,0.0
2021-09-24,1.17389,1.17474,1.1701,1.17218,0.0
2021-09-27,1.17265,1.17266,1.1685,1.1696,0.0
2021-09-28,1.16965,1.17033,1.16683,1.16837,0.0
2021-09-29,1.16836,1.16902,1.15894,1.15962,0.0
2021-09-30,1.15981,1.16097,1.15627,1.15757,0.0
2021-10-01,1.15782,1.16074,1.15632,1.15934,0.0
2021-10-04,1.15978,1.16399,1.15878,1.16198,0.0
2021-10-05,1.16185,1.16222,1.15808,1.15981,0.0
2021-10-06,1.16,1.16008,1.15295,1.15574,0.0
2021-10-07,1.15562,1.15719,1.15481,1.15533,0.0
2021-10-08,1.15549,1.15861,1.15416,1.15751,0.0
2021-10-11,1.15715,1.15867,1.15492,1.15545,0.0
2021-10-12,1.15536,1.15704,1.15246,1.15307,0.0
2021-10-13,1.15281,1.15973,1.15281,1.15955,0.0
2021-10-14,1.15926,1.16244,1.15841,1.15976,0.0
2021-10-15,1.15962,1.16188,1.15883,1.15989,0.0
2021-10-18,1.15935,1.16225,1.15718,1.16113,0.0
2021-10-19,1.16106,1.16693,1.16086,1.16326,0.0
2021-10-20,1.16331,1.16585,1.16171,1.16509,0.0
2021-10-21,1.16509,1.16674,1.16196,1.16232,0.0
2021-10-22,1.16234,1.16557,1.16213,1.16443,0.0
2021-10-25,1.16406,1.1665,1.15907,1.16103,0.0
2021-10-26,1.16092,1.16258,1.15851,1.15971,0.0
2021-10-27,1.15912,1.16261,1.15849,1.16031,0.0
2021-10-28,1.16034,1.16921,1.15824,1.16848,0.0
2021-10-29,1.16817,1.169,1.15352,1.15628,0.0
2021-11-01,1.15593,1.16093,1.15461,1.16073,0.0
2021-11-02,1.16032,1.16133,1.15753,1.15788,0.0
2021-11-03,1.15814,1.16164,1.15625,1.16113,0.0
2021-11-04,1.161,1.16166,1.15285,1.15547,0.0
2021-11-05,1.15547,1.15734,1.15135,1.15666,0.0
2021-11-08,1.15598,1.15949,1.15505,1.15879,0.0
2021-11-09,1.15875,1.16084,1.157,1.15948,0.0
2021-11-10,1.15933,1.15953,1.14763,1.1477,0.0
2021-11-11,1.14784,1.14877,1.14431,1.14491,0.0
2021-11-12,1.14504,1.14621,1.14333,1.14437,0.0
2021-11-15,1.14461,1.1464,1.13563,1.13689,0.0
2021-11-16,1.13694,1.13857,1.13097,1.13184,0.0
2021-11-17,1.13214,1.13322,1.12641,1.13227,0.0
2021-11-18,1.13223,1.13742,1.13139,1.13733,0.0
2021-11-19,1.13706,1.13728,1.12502,1.12825,0.0
2021-11-22,1.1292,1.1292,1.12308,1.12363,0.0
2021-11-23,1.12365,1.1275,1.12262,1.12497,0.0
2021-11-24,1.12471,1.12552,1.11864,1.11991,0.0
2021-11-25,1.12009,1.12298,1.12002,1.12085,0.0
2021-11-26,1.1209,1.13304,1.12066,1.13224,0.0
2021-11-29,1.13073,1.13157,1.12587,1.12926,0.0
2021-11-30,1.12856,1.13827,1.12355,1.13399,0.0
2021-12-01,1.13355,1.13598,1.13027,1.13194,0.0
2021-12-02,1.13194,1.13477,1.12954,1.13001,0.0
2021-12-03,1.13013,1.13332,1.12668,1.13095,0.0
2021-12-06,1.1308,1.13116,1.12667,1.12845,0.0
2021-12-07,1.12846,1.12984,1.12279,1.12688,0.0
2021-12-08,1.12678,1.13547,1.12667,1.13445,0.0
2021-12-09,1.13441,1.13459,1.12784,1.12928,0.0
2021-12-10,1.12928,1.13241,1.12652,1.13169,0.0
2021-12-13,1.13148,1.13194,1.12605,1.12869,0.0
2021-12-14,1.12836,1.13238,1.12538,1.12565,0.0
2021-12-15,1.12586,1.12991,1.1222,1.12937,0.0
2021-12-16,1.12917,1.13603,1.12814,1.13321,0.0
2021-12-17,1.13293,1.1349,1.12354,1.12369,0.0
2021-12-20,1.12406,1.13037,1.12348,1.12772,0.0
2021-12-21,1.12825,1.13027,1.12611,1.12811,0.0
2021-12-22,1.12809,1.13422,1.12644,1.13285,0.0
2021-12-23,1.13288,1.13421,1.12905,1.1328,0.0
2021-12-24,1.13255,1.13436,1.13045,1.13185,0.0
2021-12-27,1.13154,1.1334,1.1303,1.13265,0.0
2021-12-28,1.13277,1.13331,1.12897,1.13089,0.0
2021-12-29,1.13109,1.13687,1.12738,1.13479,0.0
2021-12-30,1.13478,1.13598,1.12989,1.13248,0.0
2021-12-31,1.13243,1.13864,1.13034,1.13725,0.0
2022-01-03,1.13726,1.13789,1.12798,1.1298,0.0
2022-01-04,1.12955,1.13225,1.12725,1.12863,0.0
2022-01-05,1.12866,1.13466,1.12772,1.13131,0.0
2022-01-06,1.13143,1.13318,1.12846,1.12985,0.0
2022-01-07,1.12967,1.13648,1.12901,1.13599,0.0
2022-01-10,1.13545,1.13611,1.12852,1.13297,0.0
2022-01-11,1.13259,1.1375,1.1313,1.13692,0.0
2022-01-12,1.13688,1.14528,1.13551,1.14404,0.0
2022-01-13,1.14418,1.14815,1.14357,1.14547,0.0
2022-01-14,1.14566,1.14828,1.13985,1.1416,0.0
2022-01-17,1.1416,1.14344,1.13919,1.14051,0.0
2022-01-18,1.14097,1.14213,1.1315,1.13278,0.0
2022-01-19,1.13241,1.13572,1.13189,1.13438,0.0
2022-01-20,1.13471,1.13689,1.13032,1.13102,0.0
2022-01-21,1.13121,1.13597,1.13011,1.13428,0.0
2022-01-24,1.1343,1.13451,1.12907,1.13256,0.0
2022-01-25,1.13255,1.13292,1.12634,1.13028,0.0
2022-01-26,1.13027,1.13107,1.12356,1.12425,0.0
2022-01-27,1.12409,1.12433,1.11321,1.1144,0.0
2022-01-28,1.11462,1.11735,1.11216,1.11473,0.0
2022-01-31,1.11434,1.12478,1.11387,1.12333,0.0
2022-02-01,1.12355,1.12787,1.12212,1.12731,0.0
2022-02-02,1.12705,1.13301,1.12667,1.13055,0.0
2022-02-03,1.13055,1.14511,1.12675,1.14395,0.0
2022-02-04,1.14369,1.14829,1.14117,1.1452,0.0
2022-02-07,1.14658,1.14658,1.14153,1.14394,0.0
2022-02-08,1.14418,1.14488,1.13963,1.14171,0.0
2022-02-09,1.14163,1.14478,1.14027,1.14236,0.0
2022-02-10,1.14236,1.14949,1.13751,1.1429,0.0
2022-02-11,1.14302,1.14308,1.13301,1.13482,0.0
2022-02-14,1.13388,1.13692,1.12804,1.13075,0.0
2022-02-15,1.1307,1.13682,1.1302,1.13592,0.0
2022-02-16,1.1359,1.13955,1.13451,1.13739,0.0
2022-02-17,1.13738,1.13858,1.13237,1.13618,0.0
2022-02-18,1.1363,1.1377,1.13143,1.13235,0.0
2022-02-21,1.13219,1.13888,1.13069,1.13109,0.0
2022-02-22,1.13132,1.13669,1.1288,1.13259,0.0
2022-02-23,1.13263,1.13588,1.13012,1.13033,0.0
2022-02-24,1.13084,1.13116,1.11066,1.11932,0.0
2022-02-25,1.11931,1.12743,1.11662,1.12725,0.0
2022-02-28,1.11255,1.12462,1.11255,1.12198,0.0
2022-03-01,1.12182,1.12329,1.109,1.11238,0.0
2022-03-02,1.11259,1.11432,1.10577,1.11246,0.0
2022-03-03,1.11188,1.1122,1.10339,1.10664,0.0
2022-03-04,1.10664,1.10678,1.08864,1.09306,0.0
2022-03-07,1.09246,1.09315,1.08061,1.08526,0.0
2022-03-08,1.08523,1.09584,1.08493,1.09027,0.0
2022-03-09,1.09001,1.1095,1.08901,1.10734,0.0
2022-03-10,1.10751,1.1121,1.09764,1.0988,0.0
2022-03-11,1.09879,1.10431,1.09022,1.09149,0.0
2022-03-14,1.09218,1.09939,1.09008,1.09403,0.0
2022-03-15,1.09396,1.10198,1.09261,1.09553,0.0
2022-03-16,1.09465,1.10467,1.09465,1.1035,0.0
2022-03-17,1.10368,1.11374,1.10086,1.10916,0.0
2022-03-18,1.1091,1.11187,1.10034,1.10517,0.0
2022-03-21,1.106,1.10699,1.10103,1.10172,0.0
2022-03-22,1.10164,1.10458,1.0961,1.10312,0.0
2022-03-23,1.103,1.10439,1.09641,1.10059,0.0
2022-03-24,1.10095,1.10137,1.09661,1.09978,0.0
2022-03-25,1.09978,1.10379,1.09811,1.09843,0.0
2022-03-28,1.09864,1.09994,1.0945,1.09861,0.0
2022-03-29,1.09857,1.1137,1.09703,1.10861,0.0
2022-03-30,1.10875,1.11711,1.10827,1.11583,0.0
2022-03-31,1.11599,1.11849,1.10612,1.10667,0.0
2022-04-01,1.10671,1.10762,1.10281,1.10505,0.0
2022-04-04,1.1034,1.10545,1.09607,1.09719,0.0
2022-04-05,1.09732,1.09887,1.09002,1.09058,0.0
2022-04-06,1.09054,1.0938,1.08746,1.08966,0.0
2022-04-07,1.08975,1.09385,1.08651,1.08804,0.0
2022-04-08,1.0882,1.08919,1.08365,1.08759,0.0
2022-04-11,1.09205,1.09333,1.08729,1.08838,0.0
2022-04-12,1.08838,1.09035,1.08214,1.08258,0.0
2022-04-13,1.08273,1.08939,1.08091,1.08919,0.0
2022-04-14,1.08916,1.09233,1.07577,1.08293,0.0
2022-04-15,1.0831,1.08325,1.0797,1.08155,0.0
2022-04-18,1.08058,1.08216,1.07701,1.07805,0.0
2022-04-19,1.07814,1.08141,1.07614,1.07895,0.0
2022-04-20,1.07907,1.08668,1.07841,1.08549,0.0
2022-04-21,1.08522,1.09362,1.08237,1.0832,0.0
2022-04-22,1.08354,1.08516,1.07717,1.07985,0.0
2022-04-25,1.08106,1.08154,1.0697,1.07115,0.0
2022-04-26,1.07113,1.07387,1.06361,1.06373,0.0
2022-04-27,1.06376,1.06546,1.05148,1.05595,0.0
2022-04-28,1.05608,1.0565,1.04716,1.05003,0.0
2022-04-29,1.04992,1.05924,1.04913,1.05475,0.0
2022-05-02,1.05531,1.05685,1.04904,1.05085,0.0
2022-05-03,1.05074,1.05776,1.04924,1.05194,0.0
2022-05-04,1.05225,1.06311,1.05061,1.06245,0.0
2022-05-05,1.06218,1.0642,1.04927,1.05391,0.0
2022-05-06,1.05414,1.05987,1.04829,1.05466,0.0
2022-05-09,1.05417,1.05926,1.04953,1.05595,0.0
2022-05-10,1.05607,1.05855,1.05256,1.05303,0.0
2022-05-11,1.05287,1.05769,1.0502,1.05137,0.0
2022-05-12,1.05132,1.05293,1.03542,1.03795,0.0
2022-05-13,1.03819,1.04197,1.03501,1.04077,0.0
2022-05-16,1.0407,1.04433,1.03896,1.04344,0.0
2022-05-17,1.04339,1.05554,1.04289,1.05509,0.0
2022-05-18,1.05507,1.05636,1.04602,1.04604,0.0
2022-05-19,1.04645,1.06071,1.04612,1.05855,0.0
2022-05-20,1.05843,1.05986,1.0533,1.05595,0.0
2022-05-23,1.05656,1.06973,1.05596,1.06915,0.0
2022-05-24,1.0692,1.07486,1.06611,1.07357,0.0
2022-05-25,1.0736,1.07415,1.06425,1.0678,0.0
2022-05-26,1.06802,1.07325,1.06625,1.07305,0.0
2022-05-27,1.07288,1.0765,1.0697,1.07337,0.0
2022-05-30,1.07375,1.07869,1.07264,1.07797,0.0
2022-05-31,1.07808,1.07835,1.06792,1.07336,0.0
2022-06-01,1.07343,1.07394,1.06273,1.06525,0.0
2022-06-02,1.06528,1.07515,1.0645,1.0747,0.0
2022-06-03,1.075,1.07641,1.07042,1.07198,0.0
2022-06-06,1.07205,1.07519,1.06841,1.06957,0.0
2022-06-07,1.06935,1.07143,1.06522,1.0702,0.0
2022-06-08,1.07007,1.07484,1.06715,1.07164,0.0
2022-06-09,1.0717,1.07739,1.06114,1.0618,0.0
2022-06-10,1.06195,1.06423,1.05059,1.05178,0.0
2022-06-13,1.05161,1.05201,1.03999,1.04087,0.0
2022-06-14,1.0409,1.04849,1.03972,1.04185,0.0
2022-06-15,1.04174,1.05079,1.03593,1.04469,0.0
2022-06-16,1.04453,1.06013,1.03811,1.05515,0.0
2022-06-17,1.05527,1.05598,1.04446,1.04957,0.0
2022-06-20,1.04753,1.05459,1.0475,1.0511,0.0
2022-06-21,1.0511,1.05827,1.05085,1.05348,0.0
2022-06-22,1.05354,1.06056,1.04695,1.0569,0.0
2022-06-23,1.0568,1.05813,1.04828,1.05213,0.0
2022-06-24,1.05217,1.05712,1.05124,1.05561,0.0
2022-06-27,1.05545,1.06149,1.05505,1.05818,0.0
2022-06-28,1.05833,1.06061,1.05034,1.05207,0.0
2022-06-29,1.05216,1.05354,1.04353,1.04419,0.0
2022-06-30,1.04417,1.04886,1.03825,1.04836,0.0
2022-07-01,1.0484,1.04885,1.03661,1.04277,0.0
2022-07-04,1.0424,1.04627,1.04172,1.04235,0.0
2022-07-05,1.04224,1.04485,1.02352,1.02646,0.0
2022-07-06,1.02659,1.02767,1.01618,1.01813,0.0
2022-07-07,1.0183,1.02213,1.01442,1.01614,0.0
2022-07-08,1.01629,1.01914,1.0072,1.01861,0.0
2022-07-11,1.01784,1.01837,1.00339,1.00405,0.0
2022-07-12,1.00416,1.00738,1.00001,1.00365,0.0
2022-07-13,1.00367,1.01216,0.99982,1.00585,0.0
2022-07-14,1.00657,1.00657,0.99523,1.00212,0.0
2022-07-15,1.00215,1.00979,1.00069,1.00879,0.0
2022-07-18,1.00847,1.02012,1.00789,1.01441,0.0
2022-07-19,1.0146,1.0269,1.01198,1.02265,0.0
2022-07-20,1.02268,1.0273,1.01556,1.01827,0.0
2022-07-21,1.01799,1.02778,1.01533,1.0229,0.0
2022-07-22,1.02272,1.02554,1.01302,1.02165,0.0
2022-07-25,1.02135,1.02575,1.01786,1.02196,0.0
2022-07-26,1.02195,1.02503,1.01077,1.01177,0.0
2022-07-27,1.01163,1.02206,1.00968,1.02,0.0
2022-07-28,1.02065,1.02342,1.01143,1.01965,0.0
2022-07-29,1.01984,1.02541,1.01461,1.02268,0.0
2022-08-01,1.02153,1.0275,1.02056,1.02607,0.0
2022-08-02,1.02586,1.02937,1.01635,1.01661,0.0
2022-08-03,1.01655,1.02094,1.0123,1.01688,0.0
2022-08-04,1.0169,1.02537,1.01549,1.02471,0.0
2022-08-05,1.02456,1.02522,1.01416,1.01791,0.0
2022-08-08,1.01753,1.02218,1.01594,1.01944,0.0
2022-08-09,1.0196,1.02474,1.01891,1.02135,0.0
2022-08-10,1.02129,1.03682,1.02023,1.02982,0.0
2022-08-11,1.02974,1.03644,1.02755,1.03194,0.0
2022-08-12,1.03194,1.03278,1.02387,1.026,0.0
2022-08-15,1.02625,1.02682,1.01547,1.01593,0.0
2022-08-16,1.01595,1.01947,1.01228,1.01707,0.0
2022-08-17,1.0171,1.02031,1.01458,1.01785,0.0
2022-08-18,1.01782,1.01931,1.00798,1.00869,0.0
2022-08-19,1.00883,1.01005,1.00321,1.004,0.0
2022-08-22,1.00381,1.00466,0.99263,0.99432,0.0
2022-08-23,0.99454,1.00179,0.99007,0.99678,0.0
2022-08-24,0.99683,0.99994,0.99101,0.99682,0.0
2022-08-25,0.99692,1.00335,0.99492,0.99755,0.0
2022-08-26,0.99726,1.00893,0.99468,0.99644,0.0
2022-08-29,0.99674,1.00294,0.99143,0.9998,0.0
2022-08-30,0.9998,1.00548,0.99821,1.00157,0.0
2022-08-31,1.00159,1.00792,0.99715,1.0053,0.0
2022-09-01,1.0054,1.00583,0.99112,0.99471,0.0
2022-09-02,0.99449,1.00336,0.99432,0.99612,0.0
2022-09-05,0.99251,0.99439,0.98783,0.99319,0.0
2022-09-06,0.99288,0.99862,0.98644,0.99068,0.0
2022-09-07,0.99042,1.00108,0.9876,1.00067,0.0
2022-09-08,1.00064,1.00294,0.99309,0.99987,0.0
2022-09-09,0.99991,1.01131,0.99963,1.00471,0.0
2022-09-12,1.0107,1.01978,1.00598,1.01216,0.0
2022-09-13,1.0123,1.01871,0.99665,0.9967,0.0
2022-09-14,0.99683,1.00235,0.99559,0.9979,0.0
2022-09-15,0.99785,1.00179,0.99559,0.9998,0.0
2022-09-16,0.99995,1.00366,0.99451,1.00153,0.0
2022-09-19,1.00131,1.00292,0.9966,1.00251,0.0
2022-09-20,1.00244,1.00505,0.99553,0.99699,0.0
2022-09-21,0.99695,0.99785,0.98134,0.98372,0.0
2022-09-22,0.98402,0.9907,0.9809,0.98343,0.0
2022-09-23,0.98336,0.98519,0.96681,0.96881,0.0
2022-09-26,0.9669,0.97101,0.95535,0.96084,0.0
2022-09-27,0.96076,0.96698,0.95694,0.9592,0.0
2022-09-28,0.95916,0.9751,0.95373,0.97377,0.0
2022-09-29,0.97349,0.98156,0.96357,0.98133,0.0
2022-09-30,0.9813,0.9854,0.97351,0.98015,0.0
2022-10-03,0.97969,0.98447,0.97529,0.98251,0.0
2022-10-04,0.98245,0.99994,0.98063,0.99864,0.0
2022-10-05,0.99865,0.99948,0.98347,0.98867,0.0
2022-10-06,0.9883,0.99264,0.97883,0.97917,0.0
2022-10-07,0.97925,0.98168,0.97264,0.97414,0.0
2022-10-10,0.97358,0.97603,0.96819,0.97033,0.0
2022-10-11,0.96909,0.97746,0.96726,0.97047,0.0
2022-10-12,0.97032,0.97342,0.96679,0.9703,0.0
2022-10-13,0.97035,0.98059,0.96322,0.9778,0.0
2022-10-14,0.97773,0.98085,0.97078,0.97275,0.0
2022-10-17,0.97254,0.98521,0.97195,0.9844,0.0
2022-10-18,0.98447,0.98757,0.98128,0.98605,0.0
2022-10-19,0.98595,0.98724,0.97576,0.97726,0.0
2022-10-20,0.97726,0.98454,0.97546,0.97895,0.0
2022-10-21,0.97872,0.9869,0.97051,0.98615,0.0
2022-10-24,0.98735,0.98992,0.98071,0.98735,0.0
2022-10-25,0.98754,0.99768,0.985,0.99683,0.0
2022-10-26,0.99679,1.00887,0.99437,1.00836,0.0
2022-10-27,1.00836,1.00936,0.99578,0.99648,0.0
2022-10-28,0.99641,0.99982,0.99271,0.99672,0.0
2022-10-31,0.99491,0.99658,0.98733,0.9884,0.0
2022-11-01,0.9882,0.99542,0.98531,0.98739,0.0
2022-11-02,0.98735,0.9976,0.98125,0.98159,0.0
2022-11-03,0.98136,0.98397,0.97302,0.97498,0.0
2022-11-04,0.97464,0.99666,0.97429,0.99587,0.0
2022-11-07,0.99048,1.00339,0.99048,1.00211,0.0
2022-11-08,1.00207,1.00964,0.99731,1.00734,0.0
2022-11-09,1.00729,1.00883,0.9993,1.00125,0.0
2022-11-10,1.00136,1.02218,0.99358,1.02083,0.0
2022-11-11,1.02056,1.03642,1.01634,1.03551,0.0
2022-11-14,1.03384,1.03585,1.02714,1.03256,0.0
2022-11-15,1.03303,1.04797,1.02803,1.0347,0.0
2022-11-16,1.03484,1.04385,1.03318,1.03935,0.0
2022-11-17,1.03919,1.04063,1.03054,1.03648,0.0
2022-11-18,1.03615,1.0396,1.03137,1.03255,0.0
2022-11-21,1.0325,1.03332,1.02228,1.02408,0.0
2022-11-22,1.0243,1.03081,1.02391,1.03028,0.0
2022-11-23,1.03055,1.04051,1.02967,1.03949,0.0
2022-11-24,1.03941,1.04485,1.03824,1.04123,0.0
2022-11-25,1.04121,1.04293,1.03548,1.0398,0.0
2022-11-28,1.03728,1.04969,1.03304,1.03402,0.0
2022-11-29,1.0341,1.03944,1.032,1.03296,0.0
2022-11-30,1.03282,1.04287,1.02904,1.04085,0.0
2022-12-01,1.04054,1.05336,1.03935,1.05254,0.0
2022-12-02,1.0525,1.05452,1.04284,1.05425,0.0
2022-12-05,1.05325,1.05949,1.04804,1.04935,0.0
2022-12-06,1.04928,1.0533,1.04594,1.04674,0.0
2022-12-07,1.04663,1.05495,1.04434,1.05061,0.0
2022-12-08,1.0506,1.05647,1.04897,1.05551,0.0
2022-12-09,1.05563,1.05881,1.05064,1.05336,0.0
2022-12-12,1.05339,1.05802,1.05061,1.05385,0.0
2022-12-13,1.05382,1.06735,1.05281,1.06328,0.0
2022-12-14,1.06327,1.0695,1.06192,1.06813,0.0
2022-12-15,1.06836,1.07358,1.05927,1.06266,0.0
2022-12-16,1.06272,1.06628,1.05853,1.05875,0.0
2022-12-19,1.05896,1.0658,1.0576,1.06074,0.0
2022-12-20,1.0608,1.06587,1.05792,1.06237,0.0
2022-12-21,1.06287,1.06447,1.05904,1.06044,0.0
2022-12-22,1.06062,1.06588,1.05733,1.05995,0.0
2022-12-23,1.05971,1.06328,1.05868,1.06165,0.0
2022-12-26,1.06129,1.06415,1.06052,1.06377,0.0
2022-12-27,1.0636,1.06694,1.06117,1.06389,0.0
2022-12-28,1.06377,1.06746,1.06066,1.06127,0.0
2022-12-29,1.06128,1.06902,1.06095,1.06622,0.0
2022-12-30,1.06613,1.07133,1.06385,1.07053,0.0
2023-01-02,1.0702,1.0795,1.06506,1.06655,0.0
2023-01-03,1.06625,1.06833,1.05197,1.05491,0.0
2023-01-04,1.05478,1.06353,1.0541,1.06042,0.0
2023-01-05,1.06051,1.06315,1.05151,1.05235,0.0
2023-01-06,1.05204,1.0648,1.04834,1.06457,0.0
2023-01-09,1.0642,1.07606,1.06375,1.07345,0.0
2023-01-10,1.07336,1.07593,1.07122,1.07355,0.0
2023-01-11,1.07345,1.07763,1.07255,1.07565,0.0
2023-01-12,1.07564,1.0867,1.07306,1.08509,0.0
2023-01-13,1.08504,1.08681,1.07807,1.08325,0.0
2023-01-16,1.08315,1.08742,1.08016,1.08218,0.0
2023-01-17,1.08225,1.08694,1.07749,1.07884,0.0
2023-01-18,1.07895,1.0888,1.07665,1.07944,0.0
2023-01-19,1.07945,1.08398,1.07825,1.08312,0.0
2023-01-20,1.08305,1.08586,1.08024,1.08559,0.0
2023-01-23,1.0869,1.09266,1.08465,1.08716,0.0
2023-01-24,1.08715,1.0898,1.08352,1.08885,0.0
2023-01-25,1.0888,1.09236,1.08572,1.09151,0.0
2023-01-26,1.09152,1.09296,1.08506,1.08915,0.0
2023-01-27,1.08915,1.09003,1.0838,1.08686,0.0
2023-01-30,1.08656,1.09139,1.08393,1.08518,0.0
2023-01-31,1.08495,1.0875,1.08022,1.08619,0.0
2023-02-01,1.08627,1.10006,1.08524,1.099,0.0
2023-02-02,1.0989,1.10331,1.08859,1.09106,0.0
2023-02-03,1.09105,1.09401,1.07928,1.07935,0.0
2023-02-06,1.07827,1.07988,1.07097,1.07267,0.0
2023-02-07,1.0726,1.07661,1.06694,1.07277,0.0
2023-02-08,1.07256,1.07608,1.07095,1.07144,0.0
2023-02-09,1.07125,1.07908,1.07095,1.07384,0.0
2023-02-10,1.07385,1.07528,1.06664,1.06773,0.0
2023-02-13,1.06825,1.073,1.06557,1.07251,0.0
2023-02-14,1.07233,1.08037,1.07073,1.07358,0.0
2023-02-15,1.07394,1.07445,1.06606,1.06868,0.0
2023-02-16,1.06895,1.07223,1.06546,1.06732,0.0
2023-02-17,1.06725,1.06984,1.0613,1.06948,0.0
2023-02-20,1.06861,1.07046,1.06706,1.06852,0.0
2023-02-21,1.06677,1.0698,1.06375,1.06463,0.0
2023-02-22,1.06485,1.06641,1.05992,1.06051,0.0
2023-02-23,1.0604,1.06277,1.05772,1.05945,0.0
2023-02-24,1.05938,1.06145,1.05362,1.05455,0.0
2023-02-27,1.05505,1.06198,1.0533,1.0609,0.0
2023-02-28,1.06098,1.0645,1.0574,1.05755,0.0
2023-03-01,1.05755,1.06916,1.05655,1.06692,0.0
2023-03-02,1.0667,1.06729,1.05766,1.05974,0.0
2023-03-03,1.05965,1.06388,1.05886,1.0634,0.0
2023-03-06,1.06271,1.06945,1.06223,1.06833,0.0
2023-03-07,1.06798,1.06946,1.05461,1.05492,0.0
2023-03-08,1.05505,1.05738,1.05245,1.05444,0.0
2023-03-09,1.05457,1.05912,1.05381,1.05826,0.0
2023-03-10,1.05812,1.07008,1.05741,1.06393,0.0
2023-03-13,1.0683,1.07486,1.06504,1.07319,0.0
2023-03-14,1.07317,1.07496,1.06791,1.07331,0.0
2023-03-15,1.07328,1.07598,1.05167,1.05761,0.0
2023-03-16,1.05775,1.06354,1.05512,1.06137,0.0
2023-03-17,1.06105,1.06853,1.06056,1.06654,0.0
2023-03-20,1.0689,1.07308,1.06315,1.07236,0.0
2023-03-21,1.07225,1.07884,1.07042,1.07697,0.0
2023-03-22,1.07677,1.09125,1.07591,1.08554,0.0
2023-03-23,1.08556,1.09297,1.08257,1.08329,0.0
2023-03-24,1.08303,1.08389,1.07134,1.07601,0.0
2023-03-27,1.07763,1.08026,1.07451,1.07986,0.0
2023-03-28,1.07971,1.08486,1.07945,1.08463,0.0
2023-03-29,1.0844,1.08717,1.08181,1.08446,0.0
2023-03-30,1.0846,1.09261,1.08246,1.09057,0.0
2023-03-31,1.09065,1.09258,1.0837,1.08433,0.0
2023-04-03,1.08425,1.09166,1.07883,1.09028,0.0
2023-04-04,1.08982,1.09732,1.08831,1.09563,0.0
2023-04-05,1.09497,1.09696,1.08912,1.09072,0.0
2023-04-06,1.0905,1.09377,1.08849,1.09212,0.0
2023-04-07,1.09235,1.0928,1.08763,1.0905,0.0
2023-04-10,1.0901,1.09173,1.08316,1.08607,0.0
2023-04-11,1.08595,1.09279,1.08534,1.0913,0.0
2023-04-12,1.09131,1.10002,1.09105,1.09918,0.0
2023-04-13,1.09915,1.10676,1.0977,1.10472,0.0
2023-04-14,1.10465,1.10758,1.09725,1.09933,0.0
2023-04-17,1.0992,1.09998,1.09095,1.09276,0.0
2023-04-18,1.09283,1.0983,1.09224,1.09737,0.0
2023-04-19,1.09745,1.09841,1.09174,1.0956,0.0
2023-04-20,1.09555,1.09897,1.09335,1.09706,0.0
2023-04-21,1.09715,1.09938,1.09387,1.09889,0.0
2023-04-24,1.0992,1.10501,1.0966,1.10466,0.0
2023-04-25,1.1046,1.10671,1.09643,1.09739,0.0
2023-04-26,1.09725,1.10954,1.09675,1.10389,0.0
2023-04-27,1.1041,1.10635,1.09922,1.10293,0.0
2023-04-28,1.10284,1.10448,1.0963,1.10175,0.0
2023-05-01,1.10285,1.10355,1.09645,1.09765,0.0
2023-05-02,1.09763,1.1008,1.09422,1.09993,0.0
2023-05-03,1.1001,1.1092,1.09987,1.10622,0.0
2023-05-04,1.10616,1.10913,1.09863,1.1012,0.0
2023-05-05,1.1014,1.10478,1.09669,1.10183,0.0
2023-05-08,1.1027,1.10537,1.10002,1.10041,0.0
2023-05-09,1.1006,1.1008,1.09412,1.09615,0.0
2023-05-10,1.09629,1.10068,1.09418,1.09826,0.0
2023-05-11,1.09818,1.09981,1.09002,1.09157,0.0
2023-05-12,1.09159,1.09354,1.08479,1.08495,0.0
2023-05-15,1.0863,1.08907,1.08454,1.08746,0.0
2023-05-16,1.08742,1.09046,1.08552,1.08628,0.0
2023-05-17,1.08629,1.08736,1.08104,1.08386,0.0
2023-05-18,1.08405,1.0848,1.07626,1.07698,0.0
2023-05-19,1.07695,1.08288,1.07601,1.08059,0.0
2023-05-22,1.08079,1.08312,1.07957,1.08124,0.0
2023-05-23,1.08126,1.08206,1.07604,1.07705,0.0
2023-05-24,1.07725,1.08012,1.07484,1.07493,0.0
2023-05-25,1.07523,1.07567,1.07075,1.07248,0.0
2023-05-26,1.07233,1.07586,1.0702,1.07262,0.0
2023-05-29,1.07186,1.07436,1.07056,1.07092,0.0
2023-05-30,1.07094,1.07466,1.06727,1.07342,0.0
2023-05-31,1.07345,1.07375,1.06353,1.06887,0.0
2023-06-01,1.06901,1.07684,1.06619,1.07626,0.0
2023-06-02,1.07625,1.07791,1.0705,1.07081,0.0
2023-06-05,1.0713,1.07224,1.06747,1.07122,0.0
2023-06-06,1.07134,1.07329,1.06671,1.06925,0.0
2023-06-07,1.0693,1.07397,1.06686,1.06991,0.0
2023-06-08,1.06985,1.0787,1.06958,1.07833,0.0
2023-06-09,1.07826,1.0787,1.07429,1.07485,0.0
2023-06-12,1.0751,1.07902,1.07333,1.07582,0.0
2023-06-13,1.07553,1.08236,1.07542,1.07931,0.0
2023-06-14,1.07936,1.08639,1.07746,1.08312,0.0
2023-06-15,1.08345,1.09525,1.08039,1.09456,0.0
2023-06-16,1.0949,1.09706,1.09181,1.09425,0.0
2023-06-19,1.09415,1.09463,1.09072,1.09215,0.0
2023-06-20,1.09215,1.09462,1.08928,1.09183,0.0
2023-06-21,1.09205,1.0991,1.09059,1.09869,0.0
2023-06-22,1.09863,1.10111,1.09488,1.09558,0.0
2023-06-23,1.09566,1.097,1.08446,1.08933,0.0
2023-06-26,1.09065,1.092,1.08876,1.09052,0.0
2023-06-27,1.09061,1.09768,1.09022,1.09608,0.0
2023-06-28,1.09607,1.09715,1.08975,1.09133,0.0
2023-06-29,1.09133,1.09414,1.08602,1.0864,0.0
2023-06-30,1.08648,1.09318,1.08354,1.09113,0.0
2023-07-03,1.09123,1.09341,1.087,1.09138,0.0
2023-07-04,1.09098,1.09224,1.0877,1.08795,0.0
2023-07-05,1.08805,1.09079,1.08512,1.08539,0.0
2023-07-06,1.08565,1.09005,1.08338,1.08923,0.0
2023-07-07,1.08925,1.09733,1.08671,1.09691,0.0
2023-07-10,1.09641,1.1002,1.09436,1.10014,0.0
2023-07-11,1.10016,1.1027,1.09771,1.10084,0.0
2023-07-12,1.1009,1.11405,1.10042,1.11318,0.0
2023-07-13,1.11298,1.1228,1.11287,1.12264,0.0
2023-07-14,1.1228,1.1245,1.12044,1.12288,0.0
2023-07-17,1.12355,1.12488,1.12034,1.12381,0.0
2023-07-18,1.12372,1.12757,1.12093,1.1228,0.0
2023-07-19,1.1231,1.12402,1.11744,1.12026,0.0
2023-07-20,1.12006,1.12291,1.11184,1.11296,0.0
2023-07-21,1.1134,1.1145,1.1108,1.11252,0.0
2023-07-24,1.11273,1.1147,1.10604,1.10646,0.0
2023-07-25,1.10641,1.10869,1.10212,1.10554,0.0
2023-07-26,1.10556,1.11064,1.10379,1.10859,0.0
2023-07-27,1.1088,1.11498,1.09661,1.0977,0.0
2023-07-28,1.09789,1.10475,1.09438,1.10168,0.0
2023-07-31,1.1024,1.10458,1.09935,1.09969,0.0
2023-08-01,1.09965,1.1004,1.09525,1.09839,0.0
2023-08-02,1.09845,1.10198,1.09181,1.09385,0.0
2023-08-03,1.0938,1.09629,1.09124,1.09493,0.0
2023-08-04,1.09484,1.10418,1.09352,1.10094,0.0
2023-08-07,1.1018,1.10184,1.09655,1.10035,0.0
2023-08-08,1.10025,1.10114,1.09293,1.09568,0.0
2023-08-09,1.09565,1.09953,1.09515,1.09738,0.0
2023-08-10,1.09735,1.10649,1.09674,1.09809,0.0
2023-08-11,1.0981,1.10049,1.09431,1.09476,0.0
2023-08-14,1.09538,1.096,1.08749,1.09065,0.0
2023-08-15,1.09058,1.09525,1.08975,1.09047,0.0
2023-08-16,1.09055,1.09346,1.08716,1.08794,0.0
2023-08-17,1.08796,1.09181,1.08565,1.08725,0.0
2023-08-18,1.08707,1.08939,1.08451,1.08732,0.0
2023-08-21,1.08716,1.09137,1.08697,1.08962,0.0
2023-08-22,1.08955,1.09305,1.0833,1.08457,0.0
2023-08-23,1.08475,1.08714,1.08026,1.08628,0.0
2023-08-24,1.08625,1.08766,1.08051,1.08105,0.0
2023-08-25,1.08105,1.08418,1.07659,1.07957,0.0
2023-08-28,1.07976,1.0822,1.07936,1.08195,0.0
2023-08-29,1.08189,1.0892,1.07825,1.08792,0.0
2023-08-30,1.08795,1.09455,1.08553,1.09232,0.0
2023-08-31,1.09234,1.09395,1.08352,1.08439,0.0
2023-09-01,1.08433,1.08818,1.07722,1.07753,0.0
2023-09-04,1.07801,1.08089,1.07717,1.07968,0.0
2023-09-05,1.07948,1.08035,1.07065,1.07221,0.0
2023-09-06,1.07222,1.07489,1.07027,1.07258,0.0
2023-09-07,1.07277,1.07319,1.06864,1.06958,0.0
2023-09-08,1.06975,1.07437,1.06944,1.07001,0.0
2023-09-11,1.07163,1.07594,1.07084,1.07503,0.0
2023-09-12,1.07515,1.07688,1.07056,1.07546,0.0
2023-09-13,1.07535,1.07649,1.07114,1.07295,0.0
2023-09-14,1.07291,1.0752,1.06319,1.06441,0.0
2023-09-15,1.06429,1.06878,1.06334,1.06603,0.0
2023-09-18,1.06618,1.06988,1.06548,1.06925,0.0
2023-09-19,1.06915,1.0718,1.06752,1.06792,0.0
2023-09-20,1.06799,1.07369,1.06502,1.06606,0.0
2023-09-21,1.06608,1.06736,1.06169,1.06614,0.0
2023-09-22,1.06605,1.06718,1.06152,1.06452,0.0
2023-09-25,1.0656,1.06561,1.05756,1.05922,0.0
2023-09-26,1.05925,1.0609,1.05621,1.0572,0.0
2023-09-27,1.05725,1.05776,1.04882,1.0503,0.0
2023-09-28,1.05035,1.05789,1.04912,1.05661,0.0
2023-09-29,1.05654,1.0617,1.05582,1.05727,0.0
2023-10-02,1.05701,1.05919,1.04778,1.04778,0.0
2023-10-03,1.04795,1.04935,1.04484,1.04663,0.0
2023-10-04,1.04667,1.05322,1.04515,1.05039,0.0
2023-10-05,1.05045,1.05518,1.05001,1.0551,0.0
2023-10-06,1.05525,1.05999,1.04826,1.05864,0.0
2023-10-09,1.05518,1.05743,1.05196,1.05668,0.0
2023-10-10,1.05675,1.06198,1.05545,1.06049,0.0
2023-10-11,1.06055,1.06348,1.05805,1.06192,0.0
2023-10-12,1.06195,1.06397,1.05258,1.05282,0.0
2023-10-13,1.05273,1.05585,1.04958,1.05078,0.0
2023-10-16,1.05142,1.05628,1.05106,1.05595,0.0
2023-10-17,1.05603,1.05949,1.0533,1.05761,0.0
2023-10-18,1.0577,1.05943,1.05232,1.05363,0.0
2023-10-19,1.05385,1.06164,1.05281,1.05822,0.0
2023-10-20,1.05845,1.06037,1.05652,1.05941,0.0
2023-10-23,1.05975,1.0678,1.05715,1.06686,0.0
2023-10-24,1.06695,1.06942,1.05831,1.05909,0.0
2023-10-25,1.05915,1.06068,1.05658,1.0566,0.0
2023-10-26,1.0566,1.05748,1.05245,1.05631,0.0
2023-10-27,1.05622,1.05972,1.05355,1.05648,0.0
2023-10-30,1.05695,1.06251,1.05473,1.06152,0.0
2023-10-31,1.06153,1.06749,1.05577,1.05756,0.0
2023-11-01,1.05753,1.05807,1.05171,1.05699,0.0
2023-11-02,1.05705,1.06676,1.05663,1.06226,0.0
2023-11-03,1.06211,1.07467,1.06149,1.07307,0.0
2023-11-06,1.07258,1.07563,1.07164,1.07171,0.0
2023-11-07,1.07195,1.07227,1.06642,1.07002,0.0
2023-11-08,1.07004,1.0716,1.06595,1.0709,0.0
2023-11-09,1.0707,1.07255,1.06601,1.06686,0.0
2023-11-10,1.06673,1.06928,1.06562,1.0685,0.0
2023-11-13,1.06852,1.07062,1.06651,1.06991,0.0
2023-11-14,1.07005,1.08875,1.06929,1.08788,0.0
2023-11-15,1.08808,1.08856,1.08316,1.08471,0.0
2023-11-16,1.08475,1.08955,1.08304,1.08532,0.0
2023-11-17,1.08523,1.09143,1.0825,1.09135,0.0
2023-11-20,1.09117,1.09518,1.08976,1.09404,0.0
2023-11-21,1.094,1.09665,1.09002,1.09108,0.0
2023-11-22,1.09125,1.09228,1.08525,1.08887,0.0
2023-11-23,1.08884,1.09301,1.08839,1.09052,0.0
2023-11-24,1.09056,1.09487,1.0895,1.09405,0.0
2023-11-27,1.09453,1.09591,1.09251,1.09539,0.0
2023-11-28,1.09543,1.1009,1.09345,1.0995,0.0
2023-11-29,1.09925,1.10172,1.09602,1.0969,0.0
2023-11-30,1.09703,1.0984,1.08794,1.08885,0.0
2023-12-01,1.08895,1.09128,1.08288,1.08838,0.0
2023-12-04,1.08794,1.08949,1.08041,1.08364,0.0
2023-12-05,1.08358,1.08475,1.07783,1.0798,0.0
2023-12-06,1.07965,1.08042,1.07587,1.07644,0.0
2023-12-07,1.07643,1.08175,1.07553,1.07933,0.0
2023-12-08,1.07937,1.08007,1.07237,1.07603,0.0
2023-12-11,1.0761,1.0779,1.07417,1.07645,0.0
2023-12-12,1.07645,1.08282,1.07586,1.07945,0.0
2023-12-13,1.07933,1.08966,1.07733,1.08752,0.0
2023-12-14,1.08765,1.10093,1.08698,1.09919,0.0
2023-12-15,1.09945,1.10037,1.0889,1.0895,0.0
2023-12-18,1.09001,1.09313,1.08922,1.0924,0.0
2023-12-19,1.09237,1.09873,1.0915,1.0981,0.0
2023-12-20,1.09805,1.09848,1.093,1.0943,0.0
2023-12-21,1.09435,1.10127,1.09353,1.10108,0.0
2023-12-22,1.10115,1.10401,1.0993,1.10136,0.0
2023-12-25,1.1018,1.10875,1.09938,1.10092,0.0
2023-12-26,1.10175,1.10455,1.10088,1.10427,0.0
2023-12-27,1.10426,1.11226,1.10286,1.11066,0.0
2023-12-28,1.11054,1.11395,1.10553,1.10623,0.0
2023-12-29,1.10635,1.10844,1.10342,1.10378,0.0
2024-01-02,1.10465,1.10555,1.09385,1.09415,0.0
2024-01-03,1.09365,1.09655,1.08932,1.0922,0.0
2024-01-04,1.09205,1.09722,1.09145,1.09458,0.0
2024-01-05,1.09465,1.09983,1.08769,1.09427,0.0
2024-01-08,1.09494,1.09789,1.09227,1.09502,0.0
2024-01-09,1.09497,1.09663,1.09105,1.09312,0.0
2024-01-10,1.09313,1.09735,1.09228,1.09727,0.0
2024-01-11,1.09728,1.09993,1.09304,1.09733,0.0
2024-01-12,1.09745,1.09869,1.0936,1.09505,0.0
2024-01-15,1.09516,1.09676,1.09336,1.09505,0.0
2024-01-16,1.09505,1.09535,1.08622,1.08755,0.0
2024-01-17,1.08785,1.08845,1.08447,1.08822,0.0
2024-01-18,1.08826,1.09069,1.08468,1.08758,0.0
2024-01-19,1.08763,1.08979,1.08666,1.08976,0.0
2024-01-22,1.0892,1.09095,1.088,1.08827,0.0
2024-01-23,1.08838,1.09159,1.08217,1.08537,0.0
2024-01-24,1.08555,1.09323,1.08458,1.08848,0.0
2024-01-25,1.08839,1.09019,1.08217,1.08462,0.0
2024-01-26,1.08478,1.0886,1.08129,1.0854,0.0
2024-01-29,1.0844,1.08505,1.07959,1.08335,0.0
2024-01-30,1.08332,1.08573,1.0812,1.08457,0.0
2024-01-31,1.08435,1.08875,1.0795,1.08177,0.0
2024-02-01,1.08184,1.08748,1.078,1.08725,0.0
2024-02-02,1.08713,1.08976,1.07806,1.07884,0.0
2024-02-05,1.07868,1.07868,1.07234,1.07425,0.0
2024-02-06,1.07406,1.07624,1.07227,1.07544,0.0
2024-02-07,1.07542,1.0784,1.07519,1.0773,0.0
2024-02-08,1.07702,1.0789,1.07417,1.07781,0.0
2024-02-09,1.07792,1.07948,1.07622,1.07846,0.0
2024-02-12,1.07808,1.08056,1.07559,1.07719,0.0
2024-02-13,1.0773,1.07992,1.07008,1.07091,0.0
2024-02-14,1.07084,1.07345,1.0695,1.07275,0.0
2024-02-15,1.07268,1.07848,1.07247,1.07726,0.0
2024-02-16,1.07726,1.07876,1.07322,1.07783,0.0
2024-02-19,1.07747,1.07894,1.07621,1.07797,0.0
2024-02-20,1.07785,1.08389,1.07617,1.08079,0.0
2024-02-21,1.08062,1.08243,1.07901,1.08198,0.0
2024-02-22,1.08205,1.08867,1.0803,1.0823,0.0
2024-02-23,1.0823,1.08394,1.0812,1.08213,0.0
2024-02-26,1.08332,1.08597,1.08128,1.08515,0.0
2024-02-27,1.08535,1.08659,1.08331,1.08452,0.0
2024-02-28,1.08444,1.08495,1.07966,1.08388,0.0
2024-02-29,1.08383,1.08559,1.07959,1.08049,0.0
2024-03-01,1.08035,1.08433,1.07943,1.08389,0.0
2024-03-04,1.08388,1.08668,1.08372,1.08559,0.0
2024-03-05,1.08555,1.08762,1.08411,1.08568,0.0
2024-03-06,1.08559,1.09153,1.08423,1.0899,0.0
2024-03-07,1.08987,1.09491,1.0868,1.09484,0.0
2024-03-08,1.09478,1.09812,1.09184,1.09388,0.0
2024-03-11,1.09448,1.09481,1.09147,1.09254,0.0
2024-03-12,1.09256,1.09439,1.09023,1.09262,0.0
2024-03-13,1.09266,1.09638,1.09203,1.09481,0.0
2024-03-14,1.09476,1.09548,1.08807,1.08836,0.0
2024-03-15,1.08826,1.08998,1.08731,1.08874,0.0
2024-03-18,1.08911,1.09062,1.08662,1.08723,0.0
2024-03-19,1.08727,1.08766,1.08348,1.08663,0.0
2024-03-20,1.08657,1.0923,1.08364,1.09224,0.0
2024-03-21,1.09206,1.09428,1.08555,1.08596,0.0
2024-03-22,1.08599,1.08681,1.08018,1.08076,0.0
2024-03-25,1.08085,1.08425,1.08023,1.08373,0.0
2024-03-26,1.08373,1.08644,1.08243,1.08316,0.0
2024-03-27,1.08319,1.08392,1.08108,1.0828,0.0
2024-03-28,1.08275,1.08296,1.0775,1.07875,0.0
2024-03-29,1.07901,1.08057,1.07675,1.07932,0.0
2024-04-01,1.07874,1.07995,1.07311,1.0743,0.0
2024-04-02,1.07442,1.07789,1.07247,1.07694,0.0
2024-04-03,1.07705,1.0837,1.07641,1.08363,0.0
2024-04-04,1.08361,1.08765,1.08317,1.08376,0.0
2024-04-05,1.0835,1.0848,1.07915,1.08374,0.0
2024-04-08,1.08382,1.08623,1.0821,1.08594,0.0
2024-04-09,1.08567,1.08853,1.08477,1.08569,0.0
2024-04-10,1.08569,1.08666,1.07287,1.07424,0.0
2024-04-11,1.07419,1.07565,1.06991,1.07254,0.0
2024-04-12,1.07268,1.07315,1.06227,1.06413,0.0
2024-04-15,1.06363,1.06653,1.06203,1.06244,0.0
2024-04-16,1.0624,1.06536,1.06011,1.06193,0.0
2024-04-17,1.06176,1.06799,1.06064,1.0673,0.0
2024-04-18,1.06735,1.069,1.06414,1.06434,0.0
2024-04-19,1.06455,1.06777,1.06104,1.06563,0.0
2024-04-22,1.06566,1.06708,1.06241,1.06539,0.0
2024-04-23,1.06535,1.07113,1.06385,1.07025,0.0
2024-04-24,1.07042,1.07143,1.0678,1.06991,0.0
2024-04-25,1.06986,1.07404,1.06783,1.07301,0.0
2024-04-26,1.0729,1.07529,1.0674,1.06932,0.0
2024-04-29,1.06946,1.07339,1.06893,1.072,0.0
2024-04-30,1.0721,1.07353,1.06644,1.06663,0.0
2024-05-01,1.06661,1.07327,1.06494,1.07138,0.0
2024-05-02,1.07067,1.07303,1.06742,1.07247,0.0
2024-05-03,1.07273,1.08116,1.07235,1.07633,0.0
2024-05-06,1.07626,1.07909,1.07552,1.07701,0.0
2024-05-07,1.07685,1.07875,1.07479,1.07551,0.0
2024-05-08,1.07528,1.07585,1.07352,1.07484,0.0
2024-05-09,1.07462,1.07846,1.07241,1.07822,0.0
2024-05-10,1.07815,1.07902,1.07605,1.07698,0.0
2024-05-13,1.07743,1.08068,1.07659,1.07898,0.0
2024-05-14,1.07877,1.08258,1.07668,1.08199,0.0
2024-05-15,1.08212,1.08862,1.08132,1.08839,0.0
2024-05-16,1.08845,1.08952,1.08545,1.08671,0.0
2024-05-17,1.08674,1.08785,1.08357,1.08693,0.0
2024-05-20,1.0868,1.08847,1.08543,1.08568,0.0
2024-05-21,1.08588,1.08749,1.08427,1.08541,0.0
2024-05-22,1.08551,1.08637,1.08175,1.08222,0.0
2024-05-23,1.08237,1.0861,1.08049,1.08159,0.0
2024-05-24,1.08143,1.08579,1.08055,1.08464,0.0
2024-05-27,1.08502,1.08676,1.08406,1.08589,0.0
2024-05-28,1.0859,1.08891,1.08534,1.08564,0.0
2024-05-29,1.08593,1.08623,1.08001,1.08006,0.0
2024-05-30,1.08023,1.08452,1.07884,1.08321,0.0
2024-05-31,1.08295,1.08825,1.0811,1.0848,0.0
2024-06-03,1.08487,1.0905,1.08278,1.09046,0.0
2024-06-04,1.09034,1.09162,1.08593,1.08792,0.0
2024-06-05,1.08796,1.08918,1.08544,1.08693,0.0
2024-06-06,1.08691,1.0902,1.08619,1.08892,0.0
2024-06-07,1.08902,1.0902,1.07997,1.08029,0.0
2024-06-10,1.07761,1.07815,1.0733,1.07658,0.0
2024-06-11,1.07653,1.07736,1.07196,1.07405,0.0
2024-06-12,1.07406,1.08524,1.07347,1.08094,0.0
2024-06-13,1.08091,1.08165,1.0733,1.07388,0.0
2024-06-14,1.07365,1.07451,1.06677,1.07029,0.0
2024-06-17,1.07044,1.0738,1.06864,1.0734,0.0
2024-06-18,1.07341,1.07616,1.071,1.07402,0.0
2024-06-19,1.07415,1.07534,1.0725,1.0744,0.0
2024-06-20,1.07455,1.07505,1.0702,1.07026,0.0
2024-06-21,1.07015,1.07215,1.06711,1.06925,0.0
2024-06-24,1.06877,1.07465,1.06835,1.07343,0.0
2024-06-25,1.07344,1.07442,1.06908,1.07143,0.0
2024-06-26,1.07127,1.07177,1.06661,1.06804,0.0
2024-06-27,1.06799,1.07265,1.06771,1.07038,0.0
2024-06-28,1.07027,1.07247,1.06855,1.07142,0.0
2024-07-01,1.07463,1.07763,1.07197,1.07401,0.0
2024-07-02,1.07406,1.07486,1.07101,1.07456,0.0
2024-07-03,1.07453,1.08169,1.07365,1.07886,0.0
2024-07-04,1.07865,1.08175,1.0783,1.08118,0.0
2024-07-05,1.08128,1.08425,1.08008,1.08386,0.0
2024-07-08,1.08027,1.08452,1.08025,1.08245,0.0
2024-07-09,1.08235,1.08335,1.08056,1.08143,0.0
2024-07-10,1.08138,1.08315,1.0811,1.08304,0.0
2024-07-11,1.08296,1.08998,1.08255,1.08678,0.0
2024-07-12,1.08682,1.09112,1.08619,1.09069,0.0
2024-07-15,1.08867,1.09225,1.08833,1.08944,0.0
2024-07-16,1.08945,1.09164,1.08715,1.08988,0.0
2024-07-17,1.08973,1.09483,1.08952,1.09398,0.0
2024-07-18,1.09405,1.09427,1.08937,1.08958,0.0
2024-07-19,1.09065,1.09085,1.08757,1.08835,0.0
2024-07-22,1.0889,1.09028,1.08731,1.08907,0.0
2024-07-23,1.08927,1.08968,1.0844,1.08531,0.0
2024-07-24,1.08538,1.08665,1.08259,1.08393,0.0
2024-07-25,1.08401,1.087,1.08284,1.08451,0.0
2024-07-26,1.08458,1.08682,1.08421,1.08562,0.0
2024-07-29,1.08573,1.087,1.08029,1.08213,0.0
2024-07-30,1.08222,1.08357,1.07984,1.08146,0.0
2024-07-31,1.08153,1.08493,1.08018,1.0826,0.0
2024-08-01,1.08255,1.08355,1.07776,1.07917,0.0
2024-08-02,1.07916,1.09266,1.07819,1.09109,0.0
2024-08-05,1.09248,1.10087,1.08928,1.09513,0.0
2024-08-06,1.09535,1.09631,1.09039,1.09317,0.0
2024-08-07,1.09312,1.09367,1.09056,1.09233,0.0
2024-08-08,1.09221,1.09452,1.08816,1.09188,0.0
2024-08-09,1.09191,1.09315,1.09089,1.09159,0.0
2024-08-12,1.09168,1.09395,1.09102,1.09322,0.0
2024-08-13,1.09317,1.09999,1.09139,1.0993,0.0
2024-08-14,1.09932,1.10474,1.09824,1.10125,0.0
2024-08-15,1.10125,1.10175,1.09497,1.09715,0.0
2024-08-16,1.09728,1.10296,1.09654,1.1027,0.0
2024-08-19,1.10282,1.10864,1.10217,1.10851,0.0
2024-08-20,1.10851,1.11325,1.1072,1.11295,0.0
2024-08-21,1.11295,1.11742,1.10994,1.11501,0.0
2024-08-22,1.11495,1.11647,1.10982,1.11115,0.0
2024-08-23,1.11115,1.1201,1.11018,1.11926,0.0
2024-08-26,1.11897,1.12016,1.11502,1.11612,0.0
2024-08-27,1.1161,1.11906,1.11506,1.11841,0.0
2024-08-28,1.11843,1.11885,1.1105,1.112,0.0
2024-08-29,1.11202,1.11399,1.10558,1.10776,0.0
2024-08-30,1.10774,1.1095,1.1044,1.10474,0.0
2024-09-02,1.10504,1.10775,1.1042,1.10724,0.0
2024-09-03,1.10698,1.10835,1.10264,1.10433,0.0
2024-09-04,1.10443,1.10953,1.10358,1.10828,0.0
2024-09-05,1.10823,1.11197,1.10745,1.11106,0.0
2024-09-06,1.11115,1.11554,1.10657,1.10855,0.0
2024-09-09,1.10846,1.10912,1.10339,1.1035,0.0
2024-09-10,1.10365,1.105,1.10153,1.10195,0.0
2024-09-11,1.10197,1.10548,1.10018,1.10115,0.0
2024-09-12,1.10118,1.10755,1.10055,1.10747,0.0
2024-09-13,1.10744,1.11018,1.10704,1.10763,0.0
2024-09-16,1.10805,1.11375,1.10752,1.1133,0.0
2024-09-17,1.11327,1.11464,1.11112,1.11143,0.0
2024-09-18,1.11131,1.11891,1.10967,1.11179,0.0
2024-09-19,1.11184,1.1179,1.10705,1.11617,0.0
2024-09-20,1.11615,1.11819,1.11362,1.11638,0.0
2024-09-23,1.11624,1.11676,1.10833,1.11108,0.0
2024-09-24,1.11124,1.11809,1.11033,1.11797,0.0
2024-09-25,1.11805,1.12139,1.11216,1.11327,0.0
2024-09-26,1.11334,1.11895,1.11259,1.11764,0.0
2024-09-27,1.11769,1.1203,1.11251,1.11633,0.0
2024-09-30,1.11605,1.12089,1.11137,1.11351,0.0
2024-10-01,1.11335,1.11452,1.1046,1.1068,0.0
2024-10-02,1.1068,1.1083,1.10327,1.10454,0.0
2024-10-03,1.10445,1.10515,1.10083,1.10296,0.0
2024-10-04,1.10315,1.10398,1.09513,1.09748,0.0
2024-10-07,1.0965,1.09869,1.09543,1.09744,0.0
2024-10-08,1.09748,1.09972,1.0961,1.09806,0.0
2024-10-09,1.09788,1.09912,1.09362,1.094,0.0
2024-10-10,1.09385,1.0955,1.09002,1.09372,0.0
2024-10-11,1.09335,1.09538,1.09235,1.09375,0.0
2024-10-14,1.09329,1.09368,1.08879,1.09088,0.0
2024-10-15,1.09093,1.09169,1.08819,1.08914,0.0
2024-10-16,1.08925,1.09015,1.08534,1.08622,0.0
2024-10-17,1.08609,1.08738,1.08111,1.08306,0.0
2024-10-18,1.08315,1.08705,1.08254,1.08674,0.0
2024-10-21,1.0862,1.08718,1.08113,1.08146,0.0
2024-10-22,1.08142,1.08381,1.07927,1.07986,0.0
2024-10-23,1.07999,1.08067,1.07614,1.07825,0.0
2024-10-24,1.07835,1.08299,1.07708,1.08284,0.0
2024-10-25,1.08278,1.08393,1.07931,1.07956,0.0
2024-10-28,1.07948,1.08277,1.07821,1.0812,0.0
2024-10-29,1.08121,1.08263,1.07689,1.08181,0.0
2024-10-30,1.08179,1.08713,1.08005,1.08564,0.0
2024-10-31,1.08557,1.08883,1.08443,1.0884,0.0
2024-11-01,1.08837,1.09058,1.08318,1.08336,0.0
2024-11-04,1.08797,1.09148,1.087,1.08767,0.0
2024-11-05,1.08795,1.09366,1.08726,1.09295,0.0
2024-11-06,1.09305,1.09395,1.06825,1.07291,0.0
2024-11-07,1.07288,1.08249,1.0713,1.08033,0.0
2024-11-08,1.08044,1.08078,1.06868,1.07179,0.0
2024-11-11,1.0711,1.0728,1.06286,1.06555,0.0
2024-11-12,1.06545,1.06632,1.0595,1.06234,0.0
2024-11-13,1.06219,1.06539,1.05558,1.05641,0.0
2024-11-14,1.05665,1.05825,1.04963,1.053,0.0
2024-11-15,1.05302,1.05927,1.05164,1.05389,0.0
2024-11-18,1.05306,1.06074,1.05303,1.05985,0.0
2024-11-19,1.05986,1.06028,1.05234,1.05958,0.0
2024-11-20,1.05946,1.06099,1.05068,1.05437,0.0
2024-11-21,1.05447,1.0555,1.04622,1.0474,0.0
2024-11-22,1.04743,1.04981,1.0333,1.04183,0.0
2024-11-25,1.04822,1.05302,1.04491,1.04963,0.0
2024-11-26,1.04955,1.05447,1.04252,1.04893,0.0
2024-11-27,1.04895,1.05878,1.04744,1.05665,0.0
2024-11-28,1.05662,1.05715,1.05277,1.05541,0.0
2024-11-29,1.05545,1.05972,1.05416,1.05776,0.0
2024-12-02,1.05718,1.0573,1.04608,1.04976,0.0
2024-12-03,1.0498,1.05351,1.04807,1.05093,0.0
2024-12-04,1.05095,1.05442,1.04723,1.05105,0.0
2024-12-05,1.05125,1.05896,1.0508,1.05874,0.0
2024-12-06,1.05865,1.06304,1.05424,1.05678,0.0
2024-12-09,1.0558,1.05945,1.05322,1.05538,0.0
2024-12-10,1.05537,1.05682,1.04985,1.05276,0.0
2024-12-11,1.05285,1.05396,1.04803,1.04961,0.0
2024-12-12,1.04955,1.0531,1.04638,1.04663,0.0
2024-12-13,1.04685,1.05241,1.04533,1.05033,0.0
2024-12-16,1.04896,1.05247,1.04747,1.05117,0.0
2024-12-17,1.05101,1.05343,1.04791,1.04914,0.0
2024-12-18,1.04909,1.05129,1.03442,1.03498,0.0
2024-12-19,1.03547,1.04224,1.03476,1.03628,0.0
2024-12-20,1.03632,1.04475,1.03431,1.04288,0.0
2024-12-23,1.04329,1.04466,1.03841,1.04069,0.0
2024-12-24,1.04055,1.04135,1.03834,1.04025,0.0
2024-12-25,1.0401,1.04423,1.03939,1.04086,0.0
2024-12-26,1.04064,1.04302,1.03904,1.0423,0.0
2024-12-27,1.04203,1.04441,1.04051,1.04234,0.0
2024-12-30,1.0429,1.04583,1.03717,1.04067,0.0
2024-12-31,1.04074,1.04271,1.03443,1.04246,0.0
2025-01-01,1.04248,1.04585,1.03498,1.03605,0.0
2025-01-02,1.03625,1.03751,1.02248,1.0267,0.0
2025-01-03,1.02685,1.03101,1.02546,1.03087,0.0
2025-01-06,1.03031,1.04366,1.02956,1.03898,0.0
2025-01-07,1.03902,1.04345,1.03398,1.03403,0.0
2025-01-08,1.0343,1.03577,1.02733,1.03196,0.0
2025-01-09,1.0316,1.03235,1.02837,1.02995,0.0
2025-01-10,1.03005,1.03121,1.02125,1.02462,0.0
2025-01-13,1.02365,1.025,1.01776,1.02437,0.0
2025-01-14,1.02446,1.03105,1.02386,1.03078,0.0
2025-01-15,1.03095,1.03546,1.02586,1.02907,0.0
2025-01-16,1.02895,1.03151,1.02607,1.03022,0.0
2025-01-17,1.02948,1.03305,1.02653,1.02713,0.0
2025-01-20,1.02853,1.04345,1.02666,1.04169,0.0
2025-01-21,1.0416,1.04353,1.0342,1.0427,0.0
2025-01-22,1.04284,1.04575,1.03925,1.04095,0.0
2025-01-23,1.04089,1.0438,1.03723,1.04156,0.0
2025-01-24,1.04172,1.05216,1.04116,1.04949,0.0
2025-01-27,1.0481,1.05332,1.0454,1.04918,0.0
2025-01-28,1.04921,1.04965,1.04138,1.04311,0.0
2025-01-29,1.04305,1.04438,1.03824,1.04201,0.0
2025-01-30,1.04204,1.04679,1.03862,1.03923,0.0
2025-01-31,1.03918,1.04338,1.03501,1.03589,0.0
2025-02-03,1.02347,1.03501,1.0211,1.0342,0.0
2025-02-04,1.03435,1.03876,1.0272,1.03792,0.0
2025-02-05,1.0379,1.04423,1.03698,1.04029,0.0
2025-02-06,1.04027,1.04075,1.03526,1.03831,0.0
2025-02-07,1.03837,1.04,1.03057,1.03279,0.0
2025-02-10,1.02908,1.03366,1.0285,1.03068,0.0
2025-02-11,1.03071,1.03815,1.02921,1.03616,0.0
2025-02-12,1.03614,1.04299,1.03173,1.03839,0.0
2025-02-13,1.03885,1.0467,1.03732,1.04655,0.0
2025-02-14,1.04665,1.05141,1.04471,1.04913,0.0
2025-02-17,1.04875,1.05065,1.04671,1.04837,0.0
2025-02-18,1.04817,1.04865,1.04353,1.0446,0.0
2025-02-19,1.04462,1.04615,1.0401,1.04223,0.0
2025-02-20,1.0423,1.05045,1.04188,1.05016,0.0
2025-02-21,1.05005,1.05115,1.04494,1.04613,0.0
2025-02-24,1.04783,1.05284,1.0453,1.04681,0.0
2025-02-25,1.04668,1.05193,1.04563,1.05151,0.0
2025-02-26,1.05145,1.05286,1.04748,1.04851,0.0
2025-02-27,1.04835,1.04935,1.03971,1.03984,0.0
2025-02-28,1.04005,1.042,1.036,1.03754,0.0
2025-03-03,1.04051,1.05039,1.03887,1.04885,0.0
2025-03-04,1.04872,1.06276,1.04712,1.06262,0.0
2025-03-05,1.06258,1.07966,1.06021,1.07894,0.0
2025-03-06,1.07915,1.08541,1.07657,1.07841,0.0
2025-03-07,1.07865,1.08885,1.07811,1.08328,0.0
2025-03-10,1.08345,1.08749,1.08053,1.08363,0.0
2025-03-11,1.08344,1.09473,1.08276,1.09195,0.0
2025-03-12,1.0919,1.09278,1.08758,1.08878,0.0
2025-03-13,1.08882,1.08973,1.08227,1.08518,0.0
2025-03-14,1.08525,1.09125,1.08307,1.08786,0.0
2025-03-17,1.08805,1.09294,1.08684,1.09224,0.0
2025-03-18,1.09226,1.09546,1.08926,1.09451,0.0
2025-03-19,1.0945,1.09485,1.08605,1.09026,0.0
2025-03-20,1.09024,1.09174,1.08148,1.08529,0.0
2025-03-21,1.08535,1.08613,1.07956,1.08149,0.0
2025-03-24,1.0815,1.0858,1.07817,1.0801,0.0
2025-03-25,1.08011,1.08302,1.07769,1.07923,0.0
2025-03-26,1.07915,1.08043,1.0744,1.07523,0.0
2025-03-27,1.07541,1.08213,1.07335,1.08024,0.0
2025-03-28,1.08014,1.08447,1.07647,1.08299,0.0
2025-03-31,1.08259,1.08494,1.07841,1.08149,0.0
2025-04-01,1.08154,1.08302,1.07784,1.07923,0.0
2025-04-02,1.07915,1.09242,1.07803,1.086,0.0
2025-04-03,1.08537,1.11462,1.0805,1.10511,0.0
2025-04-04,1.10495,1.11079,1.09246,1.09635,0.0
2025-04-07,1.08937,1.10501,1.08801,1.09062,0.0
2025-04-08,1.09055,1.09918,1.08885,1.0958,0.0
2025-04-09,1.09579,1.10952,1.09137,1.09478,0.0
2025-04-10,1.09525,1.12416,1.09429,1.12025,0.0
2025-04-11,1.1201,1.14735,1.11869,1.13601,0.0
2025-04-14,1.13175,1.14246,1.12959,1.13497,0.0
2025-04-15,1.13495,1.1379,1.12642,1.12816,0.0
2025-04-16,1.12855,1.14131,1.12784,1.13986,0.0
2025-04-17,1.13999,1.14094,1.13356,1.13638,0.0
2025-04-18,1.13665,1.13975,1.13594,1.13924,0.0
2025-04-21,1.13962,1.15731,1.13947,1.15134,0.0
2025-04-22,1.15142,1.15476,1.14176,1.14209,0.0
2025-04-23,1.14255,1.14398,1.13081,1.13148,0.0
2025-04-24,1.13145,1.13983,1.13145,1.13888,0.0
2025-04-25,1.1391,1.13951,1.13156,1.13636,0.0
2025-04-28,1.1366,1.14249,1.13292,1.14203,0.0
2025-04-29,1.14235,1.1426,1.13702,1.13861,0.0
2025-04-30,1.13885,1.13995,1.13173,1.13297,0.0
2025-05-01,1.13288,1.13413,1.1266,1.12904,0.0
2025-05-02,1.12908,1.13809,1.12743,1.13016,0.0
2025-05-05,1.13044,1.13645,1.12948,1.13143,0.0
2025-05-06,1.13147,1.13812,1.12799,1.13703,0.0
2025-05-07,1.13705,1.1378,1.12919,1.13018,0.0
2025-05-08,1.13015,1.13362,1.12121,1.12282,0.0
2025-05-09,1.1228,1.12932,1.11966,1.12493,0.0
2025-05-12,1.1194,1.12427,1.10657,1.10878,0.0
2025-05-13,1.1085,1.11947,1.1084,1.11854,0.0
2025-05-14,1.11855,1.12658,1.11645,1.11734,0.0
2025-05-15,1.11732,1.12281,1.1165,1.11837,0.0
2025-05-16,1.11882,1.12196,1.11311,1.11631,0.0
2025-05-19,1.11793,1.12882,1.11721,1.1242,0.0
2025-05-20,1.12415,1.12858,1.12182,1.12839,0.0
2025-05-21,1.12835,1.13627,1.12798,1.13305,0.0
2025-05-22,1.13295,1.1345,1.12558,1.128,0.0
2025-05-23,1.12805,1.13755,1.12773,1.13646,0.0
2025-05-26,1.13656,1.14186,1.13615,1.1387,0.0
2025-05-27,1.1386,1.14072,1.13236,1.13281,0.0
2025-05-28,1.13325,1.13449,1.12841,1.12913,0.0
2025-05-29,1.12925,1.13846,1.12107,1.13686,0.0
2025-05-30,1.13686,1.13897,1.13127,1.13471,0.0
2025-06-02,1.13498,1.14499,1.13466,1.14435,0.0
2025-06-03,1.14435,1.14548,1.1364,1.13709,0.0
2025-06-04,1.13705,1.14345,1.13574,1.14173,0.0
2025-06-05,1.14205,1.14948,1.14046,1.14444,0.0
2025-06-06,1.14455,1.14575,1.13717,1.13955,0.0
2025-06-09,1.13981,1.14394,1.13867,1.14204,0.0
2025-06-10,1.14225,1.14478,1.1373,1.1425,0.0
2025-06-11,1.14245,1.14996,1.14053,1.14891,0.0
2025-06-12,1.1488,1.16314,1.14853,1.15849,0.0
2025-06-13,1.15845,1.16144,1.14893,1.15535,0.0
2025-06-16,1.15311,1.16148,1.1524,1.15594,0.0
2025-06-17,1.15625,1.15802,1.14748,1.14804,0.0
2025-06-18,1.14801,1.15304,1.14612,1.14834,0.0
2025-06-19,1.14844,1.15002,1.14463,1.14977,0.0
2025-06-20,1.14969,1.1544,1.14877,1.15215,0.0
2025-06-23,1.14585,1.15815,1.14537,1.15786,0.0
2025-06-24,1.15765,1.16416,1.1574,1.16086,0.0
2025-06-25,1.16094,1.16651,1.15902,1.16602,0.0
2025-06-26,1.16615,1.17449,1.16527,1.17018,0.0
2025-06-27,1.16965,1.17542,1.16809,1.17189,0.0
2025-06-30,1.17299,1.17885,1.17077,1.17882,0.0
2025-07-01,1.17885,1.18299,1.17614,1.18058,0.0
2025-07-02,1.18045,1.181,1.17467,1.17989,0.0
2025-07-03,1.17985,1.18103,1.17177,1.17574,0.0
2025-07-04,1.17615,1.17903,1.1753,1.17805,0.0
2025-07-07,1.17843,1.17903,1.16871,1.17087,0.0
2025-07-08,1.17125,1.17654,1.1683,1.17253,0.0
2025-07-09,1.17245,1.17305,1.16897,1.17225,0.0
2025-07-10,1.1721,1.17496,1.16627,1.17008,0.0
2025-07-11,1.17007,1.17142,1.16649,1.16902,0.0
2025-07-14,1.16705,1.16979,1.16545,1.16658,0.0
2025-07-15,1.16655,1.16928,1.1593,1.16027,0.0
2025-07-16,1.16013,1.17217,1.15624,1.1641,0.0
2025-07-17,1.16373,1.16445,1.15569,1.1598,0.0
2025-07-18,1.15965,1.16718,1.15923,1.16253,0.0
2025-07-21,1.1633,1.17168,1.16146,1.16955,0.0
2025-07-22,1.16955,1.17606,1.16789,1.17544,0.0
2025-07-23,1.17544,1.17754,1.17109,1.17722,0.0
2025-07-24,1.17705,1.17888,1.17307,1.17485,0.0
2025-07-25,1.1747,1.17609,1.17034,1.17418,0.0
2025-07-28,1.17575,1.17703,1.15854,1.15894,0.0
2025-07-29,1.15895,1.15991,1.1519,1.15453,0.0
2025-07-30,1.15475,1.15727,1.14013,1.14038,0.0
2025-07-31,1.14055,1.14608,1.14032,1.14138,0.0
2025-08-01,1.14225,1.1597,1.13918,1.15879,0.0
2025-08-04,1.15928,1.15974,1.15498,1.1572,0.0
2025-08-05,1.15725,1.15879,1.15277,1.15752,0.0
2025-08-06,1.15755,1.16683,1.15643,1.16604,0.0
2025-08-07,1.16589,1.16989,1.16111,1.16643,0.0
2025-08-08,1.1669,1.16793,1.1629,1.16422,0.0
2025-08-11,1.16464,1.16765,1.15901,1.16159,0.0
2025-08-12,1.16175,1.16971,1.15988,1.16738,0.0
2025-08-13,1.16748,1.17303,1.16688,1.17046,0.0
2025-08-14,1.17075,1.17155,1.16311,1.16487,0.0
2025-08-15,1.1648,1.17153,1.16463,1.17049,0.0
2025-08-18,1.17137,1.17164,1.16562,1.16614,0.0
2025-08-19,1.16595,1.16929,1.16392,1.1647,0.0
2025-08-20,1.16466,1.16737,1.16223,1.16503,0.0
2025-08-21,1.1651,1.16629,1.16012,1.16059,0.0
2025-08-22,1.16065,1.17427,1.1583,1.17216,0.0
2025-08-25,1.1723,1.17282,1.1603,1.16193,0.0
2025-08-26,1.16215,1.16654,1.16024,1.16412,0.0
2025-08-27,1.16435,1.1651,1.15741,1.16378,0.0
2025-08-28,1.16395,1.16975,1.16291,1.16824,0.0
2025-08-29,1.16835,1.1709,1.16512,1.16857,0.0
2025-09-01,1.16965,1.17364,1.16869,1.17112,0.0
2025-09-02,1.1711,1.17185,1.1613,1.1642,0.0
2025-09-03,1.16415,1.16823,1.16083,1.16609,0.0
2025-09-04,1.16608,1.16695,1.16302,1.16499,0.0
2025-09-05,1.16501,1.17596,1.16454,1.17189,0.0
2025-09-08,1.17125,1.17657,1.17039,1.17638,0.0
2025-09-09,1.17637,1.178,1.17038,1.17085,0.0
2025-09-10,1.17095,1.17307,1.1683,1.16937,0.0
2025-09-11,1.16937,1.17461,1.16619,1.17342,0.0
2025-09-12,1.17344,1.17477,1.17013,1.17358,0.0
2025-09-15,1.17336,1.17744,1.17163,1.17625,0.0
2025-09-16,1.17615,1.18784,1.17574,1.18674,0.0
2025-09-17,1.18685,1.19187,1.1808,1.18133,0.0
2025-09-18,1.18145,1.18483,1.17502,1.17885,0.0
2025-09-19,1.17863,1.17927,1.17288,1.17454,0.0
2025-09-22,1.17493,1.18039,1.17263,1.1802,0.0
2025-09-23,1.18045,1.18199,1.17799,1.18145,0.0
2025-09-24,1.18146,1.1819,1.17283,1.17377,0.0
2025-09-25,1.17406,1.1755,1.16454,1.1665,0.0
2025-09-26,1.16675,1.17073,1.16575,1.17001,0.0
2025-09-29,1.1704,1.17546,1.17013,1.17275,0.0
2025-09-30,1.17272,1.17615,1.17122,1.17334,0.0
2025-10-01,1.1733,1.17787,1.17156,1.17315,0.0
2025-10-02,1.17295,1.17585,1.16832,1.17165,0.0
2025-10-03,1.17157,1.17591,1.17131,1.17418,0.0
2025-10-06,1.1726,1.17309,1.16519,1.17145,0.0
2025-10-07,1.17135,1.17169,1.16479,1.16585,0.0
2025-10-08,1.16595,1.16625,1.15985,1.16299,0.0
2025-10-09,1.16305,1.16485,1.15422,1.15641,0.0
2025-10-10,1.15585,1.16304,1.15524,1.16224,0.0
2025-10-13,1.16201,1.16299,1.15575,1.15705,0.0
2025-10-14,1.15715,1.16151,1.15427,1.16073,0.0
2025-10-15,1.16075,1.16477,1.16018,1.16471,0.0
2025-10-16,1.16453,1.16942,1.16428,1.16874,0.0
2025-10-17,1.16867,1.17284,1.16505,1.16541,0.0
2025-10-20,1.16656,1.16755,1.16386,1.16415,0.0
2025-10-21,1.16414,1.16552,1.15978,1.15996,0.0
2025-10-22,1.15995,1.16224,1.15771,1.16105,0.0
2025-10-23,1.16103,1.16201,1.15855,1.16182,0.0
2025-10-24,1.16172,1.16477,1.1601,1.16279,0.0
2025-10-27,1.16355,1.16521,1.16178,1.1645,0.0
2025-10-28,1.16449,1.16689,1.16255,1.16512,0.0
2025-10-29,1.16512,1.1666,1.15776,1.1601,0.0
2025-10-30,1.1601,1.16374,1.15471,1.15647,0.0
2025-10-31,1.15651,1.15775,1.15216,1.15363,0.0
2025-11-03,1.15318,1.15413,1.15052,1.15198,0.0
2025-11-04,1.15244,1.15336,1.14731,1.14824,0.0
2025-11-05,1.14837,1.14981,1.1469,1.14925,0.0
2025-11-06,1.14935,1.15523,1.14909,1.15475,0.0
2025-11-07,1.15455,1.15911,1.15296,1.15644,0.0
2025-11-10,1.15597,1.15831,1.15412,1.15569,0.0
2025-11-11,1.15556,1.16058,1.15473,1.15821,0.0
2025-11-12,1.15835,1.15978,1.15631,1.15933,0.0
2025-11-13,1.15932,1.1656,1.1579,1.16338,0.0
2025-11-14,1.16405,1.16537,1.16064,1.16227,0.0
2025-11-17,1.16219,1.16247,1.15822,1.15935,0.0
2025-11-18,1.15925,1.16078,1.15715,1.15815,0.0
2025-11-19,1.15805,1.15973,1.1518,1.1538,0.0
2025-11-20,1.15405,1.15501,1.15026,1.15282,0.0
2025-11-21,1.15275,1.15528,1.14912,1.15133,0.0
2025-11-24,1.15172,1.15505,1.15021,1.15206,0.0
2025-11-25,1.15215,1.15859,1.15117,1.15698,0.0
2025-11-26,1.15699,1.16009,1.15472,1.15975,0.0
2025-11-27,1.15955,1.16135,1.15767,1.15965,0.0
2025-11-28,1.15959,1.16075,1.15555,1.15985,0.0
2025-12-01,1.15952,1.16523,1.15896,1.16091,0.0
2025-12-02,1.16104,1.16275,1.15913,1.16265,0.0
2025-12-03,1.16225,1.16777,1.16206,1.16715,0.0
2025-12-04,1.16695,1.1682,1.16411,1.16445,0.0
2025-12-05,1.16435,1.16719,1.16282,1.16436,0.0
2025-12-08,1.16405,1.1672,1.16166,1.16375,0.0
2025-12-09,1.16365,1.16573,1.16151,1.16263,0.0
2025-12-10,1.16259,1.16998,1.16219,1.16965,0.0
2025-12-11,1.16954,1.17627,1.16823,1.17374,0.0
2025-12-12,1.17375,1.17498,1.17195,1.17402,0.0
2025-12-15,1.17401,1.17689,1.17265,1.17545,0.0
2025-12-16,1.17528,1.18042,1.17353,1.17475,0.0
2025-12-17,1.17485,1.17583,1.17033,1.17408,0.0
2025-12-18,1.17425,1.17628,1.17127,1.17255,0.0
2025-12-19,1.17245,1.1738,1.17032,1.17094,0.0
2025-12-22,1.17192,1.17696,1.17065,1.17618,0.0
2025-12-23,1.17573,1.18019,1.17475,1.17955,0.0
2025-12-24,1.17945,1.1808,1.17728,1.17784,0.0
2025-12-25,1.17768,1.17885,1.17747,1.17855,0.0
2025-12-26,1.17866,1.17968,1.17616,1.1772,0.0
2025-12-29,1.1769,1.17891,1.17496,1.1773,0.0
2025-12-30,1.17699,1.17799,1.17434,1.17495,0.0
2025-12-31,1.17485,1.17592,1.17202,1.17465,0.0
2026-01-01,1.17501,1.17537,1.1746,1.17495,0.0
2026-01-02,1.17454,1.17649,1.17133,1.17205,0.0
2026-01-05,1.17237,1.17289,1.16592,1.17219,0.0
2026-01-06,1.1721,1.17429,1.16838,1.16882,0.0
2026-01-07,1.16895,1.17026,1.16729,1.16768,0.0
2026-01-08,1.16741,1.1683,1.16426,1.16618,0.0
2026-01-09,1.16605,1.16635,1.16182,1.16355,0.0
2026-01-12,1.16329,1.16985,1.16218,1.16655,0.0
2026-01-13,1.16665,1.16771,1.16342,1.16435,0.0
2026-01-14,1.16445,1.16616,1.16356,1.16447,0.0
2026-01-15,1.16447,1.16505,1.15932,1.16095,0.0
2026-01-16,1.161,1.16275,1.15846,1.15985,0.0
2026-01-19,1.15835,1.16495,1.15785,1.16456,0.0
2026-01-20,1.16455,1.17688,1.16328,1.17251,0.0
2026-01-21,1.17258,1.1743,1.16764,1.16855,0.0
2026-01-22,1.16866,1.17568,1.16705,1.17548,0.0
2026-01-23,1.17564,1.18339,1.17284,1.18289,0.0
2026-01-26,1.1865,1.19068,1.18351,1.18807,0.0
2026-01-27,1.18767,1.20821,1.18504,1.20435,0.0
2026-01-28,1.20405,1.20456,1.18959,1.19545,0.0
2026-01-29,1.19535,1.19964,1.19062,1.19725,0.0
2026-01-30,1.19715,1.19747,1.185,1.18515,0.0
2026-02-02,1.18519,1.18749,1.1776,1.17903,0.0
2026-02-03,1.17915,1.18289,1.17801,1.18193,0.0
2026-02-04,1.18195,1.1838,1.17906,1.18075,0.0
2026-02-05,1.18065,1.18219,1.17752,1.17776,0.0
2026-02-06,1.17785,1.18262,1.17657,1.18165,0.0
2026-02-09,1.18141,1.19266,1.18099,1.19176,0.0
2026-02-10,1.19147,1.19287,1.1887,1.18952,0.0
2026-02-11,1.18948,1.19273,1.18337,1.18714,0.0
2026-02-12,1.18715,1.18899,1.18525,1.18725,0.0
2026-02-13,1.18715,1.18845,1.18472,1.18688,0.0
2026-02-16,1.18726,1.18777,1.18464,1.18526,0.0
2026-02-17,1.18512,1.18568,1.18051,1.18554,0.0
2026-02-18,1.18568,1.18585,1.17815,1.17815,0.0
2026-02-19,1.17845,1.18076,1.17421,1.17755,0.0
2026-02-20,1.17735,1.18076,1.17435,1.17813,0.0
2026-02-23,1.17962,1.18347,1.17746,1.17855,0.0
2026-02-24,1.17869,1.17965,1.1766,1.17735,0.0
2026-02-25,1.17725,1.18143,1.17711,1.18115,0.0
2026-02-26,1.18125,1.1829,1.17739,1.17995,0.0
2026-02-27,1.17965,1.18269,1.17891,1.18192,0.0
2026-03-02,1.1774,1.17961,1.16719,1.16885,0.0
2026-03-03,1.16895,1.17068,1.15301,1.16127,0.0
2026-03-04,1.16155,1.16548,1.15747,1.16365,0.0
2026-03-05,1.16355,1.16475,1.1559,1.16105,0.0
2026-03-06,1.16094,1.16235,1.1546,1.16115,0.0
2026-03-09,1.155,1.16395,1.15073,1.16354,0.0
2026-03-10,1.16357,1.16675,1.1607,1.16106,0.0
2026-03-11,1.16109,1.16454,1.1561,1.15678,0.0
2026-03-12,1.15673,1.15765,1.15095,1.15118,0.0
2026-03-13,1.15121,1.15315,1.14105,1.14145,0.0
2026-03-16,1.1425,1.15275,1.14143,1.15041,0.0
2026-03-17,1.15042,1.15485,1.1466,1.154,0.0
2026-03-18,1.15409,1.15565,1.14495,1.14521,0.0
2026-03-19,1.14521,1.16185,1.1443,1.15879,0.0
2026-03-20,1.1588,1.15975,1.1525,1.15725,0.0
2026-03-23,1.15368,1.16397,1.14846,1.16131,0.0
2026-03-24,1.16131,1.16283,1.15573,1.16072,0.0
2026-03-25,1.16073,1.16315,1.15553,1.15587,0.0
2026-03-26,1.15585,1.15735,1.15195,1.15289,0.0
2026-03-27,1.1528,1.15477,1.15015,1.15095,0.0
2026-03-30,1.1503,1.15225,1.14431,1.14619,0.0
2026-03-31,1.14616,1.15645,1.14475,1.1553,0.0
2026-04-01,1.15535,1.16285,1.15505,1.15905,0.0
2026-04-02,1.15895,1.16057,1.15091,1.15395,0.0
2026-04-03,1.15391,1.15515,1.15115,1.1514,0.0
2026-04-06,1.15227,1.15717,1.15054,1.15425,0.0
2026-04-07,1.15435,1.16055,1.15243,1.15965,0.0
2026-04-08,1.15975,1.17225,1.15888,1.16615,0.0
2026-04-09,1.16635,1.17255,1.16505,1.16995,0.0
2026-04-10,1.17005,1.17395,1.16775,1.17245,0.0
2026-04-13,1.16723,1.17655,1.16642,1.17585,0.0
2026-04-14,1.1759,1.18125,1.1755,1.17957,0.0
2026-04-15,1.17955,1.18095,1.1772,1.17985,0.0
2026-04-16,1.18005,1.18255,1.17674,1.17825,0.0
2026-04-17,1.17835,1.18515,1.17605,1.17637,0.0
2026-04-20,1.17395,1.17915,1.17285,1.17865,0.0
2026-04-21,1.17876,1.17925,1.17148,1.17429,0.0
2026-04-22,1.17425,1.17635,1.17025,1.17055,0.0
2026-04-23,1.17075,1.17175,1.16694,1.16845,0.0
2026-04-24,1.16855,1.17255,1.16725,1.17215,0.0
2026-04-27,1.16935,1.17565,1.16935,1.17215,0.0
2026-04-28,1.17225,1.17295,1.16775,1.17125,0.0
2026-04-29,1.17135,1.17235,1.16613,1.16755,0.0
2026-04-30,1.16775,1.17418,1.16545,1.17315,0.0
2026-05-01,1.17335,1.17875,1.17155,1.17211,0.0
2026-05-04,1.17484,1.17495,1.16805,1.16905,0.0
2026-05-05,1.16895,1.17155,1.16765,1.16925,0.0
2026-05-06,1.16927,1.17985,1.16915,1.1748,0.0
2026-05-07,1.17483,1.17795,1.1723,1.17255,0.0
2026-05-08,1.17265,1.17895,1.17232,1.17875,0.0
2026-05-11,1.17497,1.17895,1.17463,1.17825,0.0
2026-05-12,1.1782,1.17895,1.17219,1.17395,0.0
2026-05-13,1.174,1.17435,1.16955,1.17122,0.0
2026-05-14,1.17114,1.17225,1.16655,1.16686,0.0
2026-05-15,1.16688,1.16755,1.1617,1.16245,0.0
2026-05-18,1.16238,1.16615,1.16085,1.16558,0.0
2026-05-19,1.16557,1.16625,1.15921,1.16056,0.0
2026-05-20,1.16057,1.16446,1.15825,1.16241,0.0
2026-05-21,1.16228,1.16365,1.15763,1.16185,0.0
2026-05-22,1.1619,1.16245,1.15875,1.16027,0.0
2026-05-25,1.16422,1.16545,1.1602,1.16425,0.0
2026-05-26,1.16437,1.16465,1.16164,1.16314,0.0
2026-05-27,1.16304,1.16615,1.16223,1.16254,0.0
2026-05-28,1.16252,1.16615,1.15855,1.16508,0.0
2026-05-29,1.1651,1.16865,1.16245,1.16589,0.0
2026-06-01,1.16565,1.16665,1.1607,1.16317,0.0
2026-06-02,1.16323,1.16575,1.16135,1.16315,0.0
2026-06-03,1.16319,1.16365,1.15945,1.15975,0.0
2026-06-04,1.15975,1.16465,1.15945,1.16098,0.0
2026-06-05,1.16099,1.16455,1.15133,1.15219,0.0
2026-06-08,1.15125,1.15548,1.14995,1.15321,0.0
2026-06-09,1.15336,1.15795,1.15265,1.15429,0.0
2026-06-10,1.15429,1.15755,1.15325,1.15353,0.0
2026-06-11,1.15353,1.15898,1.15025,1.15781,0.0
2026-06-12,1.1578,1.15905,1.15571,1.15693,0.0
2026-06-15,1.15765,1.16235,1.1567,1.15894,0.0
2026-06-16,1.15896,1.16215,1.15745,1.16083,0.0
2026-06-17,1.16083,1.16185,1.14781,1.15016,0.0
2026-06-18,1.15011,1.15295,1.14512,1.14578,0.0
2026-06-19,1.14579,1.14825,1.14179,1.14724,0.0
2026-06-22,1.14626,1.14748,1.1419,1.14284,0.0
2026-06-23,1.14284,1.14405,1.13758,1.13819,0.0
2026-06-24,1.13816,1.13865,1.13245,1.13583,0.0
2026-06-25,1.13582,1.13895,1.13334,1.13691,0.0
2026-06-26,1.13694,1.1434,1.13543,1.1384,0.0
2026-06-29,1.1387,1.14315,1.13805,1.1423,0.0
2026-06-30,1.14227,1.14368,1.13825,1.14215,0.0
2026-07-01,1.14223,1.14265,1.13615,1.13768,0.0
2026-07-02,1.13767,1.14735,1.13745,1.14319,0.0
2026-07-03,1.14317,1.14635,1.14205,1.14378,0.0
2026-07-06,1.14408,1.14465,1.14085,1.14422,0.0
2026-07-07,1.1442,1.14485,1.14083,1.14122,0.0
2026-07-08,1.14121,1.14345,1.13914,1.14157,0.0
2026-07-09,1.14158,1.14505,1.14155,1.14296,0.0
2026-07-10,1.143,1.14615,1.14115,1.14135,0.0
2026-07-13,1.14015,1.14475,1.13775,1.13815,0.0
2026-07-14,1.13812,1.14624,1.13782,1.14208,0.0
2026-07-15,1.14209,1.14825,1.14055,1.14642,0.0
2026-07-16,1.14642,1.14785,1.14313,1.1443,0.0
2026-07-17,1.1443,1.14535,1.14245,1.14392,0.0
2026-07-20,1.14285,1.14505,1.14025,1.14155,0.0
2026-07-21,1.14175,1.14305,1.13975,1.13985,0.0
2026-07-22,1.13975,1.14216,1.13975,1.14119,0.0
2026-07-23,1.14115,1.14375,1.13635,1.13775,0.0
2026-07-24,1.13776,1.14015,1.1365,1.13698,0.0
2026-07-27,1.13895,1.14205,1.13665,1.13675,0.0
2026-07-28,1.13685,1.14065,1.13534,1.13865,0.0
2026-07-29,1.139,1.14715,1.13745,1.14675,0.0
2026-07-30,1.14695,1.15375,1.14344,1.15285,0.0
2026-07-31,1.15275,1.15475,1.14554,1.15285,0.0
2026-08-03,1.15476,1.1559,1.15004,1.15085,0.0
2026-08-04,1.15095,1.15355,1.15023,1.15335,0.0
2026-08-05,1.15315,1.15605,1.15265,1.15534,0.0
2026-08-06,1.15545,1.15615,1.15145,1.15235,0.0
2026-08-07,1.15245,1.15809,1.15178,1.15616,0.0
2026-08-10,1.15649,1.15685,1.15395,1.15435,0.0
2026-08-11,1.15425,1.15515,1.15314,1.15423,0.0
2026-08-12,1.15408,1.15645,1.15195,1.15252,0.0
2026-08-13,1.15265,1.15465,1.15118,1.15285,0.0
2026-08-14,1.15305,1.15865,1.15262,1.15706,0.0
2026-08-17,1.15657,1.16155,1.15545,1.15803,0.0
2026-08-18,1.15805,1.15905,1.15665,1.15751,0.0
2026-08-19,1.15757,1.16815,1.15695,1.16772,0.0
2026-08-20,1.16776,1.17125,1.16685,1.16785,0.0
2026-08-21,1.16778,1.17125,1.16688,1.16795,0.0
2026-08-24,1.16768,1.16905,1.16552,1.16644,0.0
2026-08-25,1.16643,1.16805,1.16505,1.16742,0.0
2026-08-26,1.16744,1.16795,1.16421,1.1652,0.0
2026-08-27,1.16511,1.16615,1.16365,1.16527,0.0
2026-08-28,1.16532,1.16595,1.15767,1.15844,0.0
2026-08-31,1.15835,1.16225,1.15782,1.16172,0.0
2026-09-01,1.16185,1.16255,1.15845,1.15927,0.0
2026-09-02,1.15929,1.16091,1.15664,1.15886,0.0
2026-09-03,1.15886,1.16425,1.15835,1.16265,0.0
2026-09-04,1.16275,1.16345,1.15851,1.161,0.0
2026-09-07,1.16135,1.16375,1.16073,1.16225,0.0
2026-09-08,1.16235,1.16375,1.16075,1.16245,0.0
2026-09-09,1.16235,1.16565,1.16201,1.16337,0.0
2026-09-10,1.16325,1.16475,1.15924,1.16115,0.0
2026-09-11,1.16135,1.16195,1.15696,1.15983,0.0
2026-09-14,1.15989,1.16025,1.15231,1.15487,0.0
2026-09-15,1.15495,1.15565,1.15265,1.15445,0.0
2026-09-16,1.15425,1.15585,1.1461,1.14625,0.0
2026-09-17,1.14655,1.14995,1.14552,1.14765,0.0
2026-09-18,1.14755,1.14935,1.14545,1.1484,0.0
2026-09-21,1.14858,1.14958,1.14615,1.14655,0.0
2026-09-22,1.14633,1.14805,1.14292,1.14487,0.0
2026-09-23,1.1449,1.14555,1.13702,1.13838,0.0
2026-09-24,1.13837,1.13995,1.13593,1.13805,0.0
2026-09-25,1.13795,1.14115,1.13684,1.13911,0.0
2026-09-28,1.13778,1.13955,1.13533,1.13712,0.0
