date,open,high,low,close,volume
2006-10-09,1.8695,1.871,1.8634,1.8673,0.0
2006-10-10,1.8668,1.87,1.8525,1.8538,0.0
2006-10-11,1.8539,1.8586,1.8515,1.8534,0.0
2006-10-12,1.8534,1.8611,1.8533,1.8588,0.0
2006-10-13,1.859,1.8638,1.8532,1.8563,0.0
2006-10-16,1.8551,1.8646,1.8522,1.8615,0.0
2006-10-17,1.8614,1.8736,1.8607,1.8705,0.0
2006-10-18,1.8704,1.8738,1.8662,1.8678,0.0
2006-10-19,1.8678,1.8797,1.8665,1.8779,0.0
2006-10-20,1.8777,1.8856,1.8755,1.8825,0.0
2006-10-23,1.8832,1.8835,1.8685,1.8733,0.0
2006-10-24,1.8734,1.8767,1.8672,1.8729,0.0
2006-10-25,1.8726,1.8799,1.8718,1.8769,0.0
2006-10-26,1.877,1.8923,1.8767,1.8904,0.0
2006-10-27,1.8903,1.9001,1.8871,1.897,0.0
2006-10-30,1.8955,1.9041,1.8953,1.901,0.0
2006-10-31,1.9011,1.9099,1.8958,1.9071,0.0
2006-11-01,1.9071,1.9134,1.9054,1.9087,0.0
2006-11-02,1.9087,1.9104,1.9033,1.9083,0.0
2006-11-03,1.9085,1.9115,1.8973,1.9008,0.0
2006-11-06,1.9021,1.9027,1.8947,1.8976,0.0
2006-11-07,1.8975,1.9121,1.897,1.9059,0.0
2006-11-08,1.9059,1.9094,1.9006,1.9053,0.0
2006-11-09,1.9052,1.9082,1.8973,1.9051,0.0
2006-11-10,1.9051,1.9176,1.905,1.9108,0.0
2006-11-13,1.9103,1.915,1.8995,1.9012,0.0
2006-11-14,1.9011,1.9051,1.8924,1.8952,0.0
2006-11-15,1.8953,1.897,1.8837,1.8889,0.0
2006-11-16,1.8889,1.8931,1.885,1.8879,0.0
2006-11-17,1.8882,1.8963,1.8834,1.8957,0.0
2006-11-20,1.895,1.8986,1.8931,1.8974,0.0
2006-11-21,1.8972,1.9002,1.8961,1.8987,0.0
2006-11-22,1.8988,1.9164,1.8982,1.9142,0.0
2006-11-23,1.9143,1.9166,1.9129,1.9153,0.0
2006-11-24,1.9152,1.935,1.9144,1.9319,0.0
2006-11-27,1.9455,1.9456,1.9304,1.9375,0.0
2006-11-28,1.938,1.9531,1.9367,1.9514,0.0
2006-11-29,1.9514,1.9543,1.9434,1.9464,0.0
2006-11-30,1.9464,1.9695,1.9447,1.9659,0.0
2006-12-01,1.9659,1.9847,1.9632,1.9802,0.0
2006-12-04,1.9787,1.9815,1.9723,1.9813,0.0
2006-12-05,1.9812,1.982,1.9677,1.973,0.0
2006-12-06,1.973,1.9738,1.9614,1.9661,0.0
2006-12-07,1.9659,1.971,1.9611,1.9629,0.0
2006-12-08,1.963,1.9726,1.9511,1.9535,0.0
2006-12-11,1.9516,1.9592,1.9464,1.9573,0.0
2006-12-12,1.9575,1.9711,1.9572,1.9711,0.0
2006-12-13,1.9709,1.9726,1.9605,1.9668,0.0
2006-12-14,1.9662,1.9711,1.9578,1.9602,0.0
2006-12-15,1.9605,1.9664,1.9497,1.9518,0.0
2006-12-18,1.9525,1.9578,1.9433,1.9476,0.0
2006-12-19,1.9469,1.9698,1.9463,1.9688,0.0
2006-12-20,1.9696,1.9747,1.9618,1.9644,0.0
2006-12-21,1.9642,1.9696,1.9557,1.9613,0.0
2006-12-22,1.9612,1.9679,1.9559,1.9592,0.0
2006-12-26,1.959,1.9598,1.9515,1.9535,0.0
2006-12-27,1.9535,1.9631,1.9526,1.9561,0.0
2006-12-28,1.9562,1.9675,1.9555,1.963,0.0
2006-12-29,1.9629,1.9668,1.9565,1.9592,0.0
2007-01-02,1.9649,1.9739,1.9637,1.9735,0.0
2007-01-03,1.9733,1.975,1.9481,1.9514,0.0
2007-01-04,1.9515,1.953,1.9398,1.9427,0.0
2007-01-05,1.9428,1.9444,1.926,1.9299,0.0
2007-01-08,1.9305,1.9403,1.9259,1.9375,0.0
2007-01-09,1.9373,1.9454,1.9373,1.9395,0.0
2007-01-10,1.9396,1.9421,1.9316,1.9321,0.0
2007-01-11,1.9321,1.9535,1.9316,1.945,0.0
2007-01-12,1.9452,1.9606,1.9424,1.9588,0.0
2007-01-15,1.9595,1.9668,1.957,1.9644,0.0
2007-01-16,1.9643,1.9705,1.959,1.9613,0.0
2007-01-17,1.9612,1.9721,1.9602,1.9696,0.0
2007-01-18,1.9697,1.9777,1.9634,1.9742,0.0
2007-01-19,1.9743,1.977,1.9691,1.9744,0.0
2007-01-22,1.9741,1.9786,1.9716,1.9761,0.0
2007-01-23,1.9762,1.9914,1.9752,1.9812,0.0
2007-01-24,1.9812,1.9831,1.9643,1.9695,0.0
2007-01-25,1.9694,1.9733,1.9625,1.9641,0.0
2007-01-26,1.9642,1.968,1.9556,1.9599,0.0
2007-01-29,1.9598,1.9616,1.9547,1.9607,0.0
2007-01-30,1.9606,1.9694,1.9595,1.9626,0.0
2007-01-31,1.9625,1.9667,1.9479,1.9652,0.0
2007-02-01,1.965,1.9734,1.962,1.9667,0.0
2007-02-02,1.9666,1.9744,1.9634,1.9669,0.0
2007-02-05,1.9662,1.9666,1.9534,1.9602,0.0
2007-02-06,1.9601,1.9719,1.9587,1.9707,0.0
2007-02-07,1.9706,1.973,1.9672,1.9704,0.0
2007-02-08,1.9703,1.9726,1.9543,1.9586,0.0
2007-02-09,1.9587,1.9599,1.9454,1.9498,0.0
2007-02-12,1.948,1.9565,1.9436,1.947,0.0
2007-02-13,1.9469,1.9522,1.9401,1.9468,0.0
2007-02-14,1.9467,1.9638,1.9452,1.9627,0.0
2007-02-15,1.9626,1.9675,1.9506,1.9509,0.0
2007-02-16,1.9508,1.9539,1.9465,1.9503,0.0
2007-02-19,1.9545,1.9566,1.9428,1.9512,0.0
2007-02-20,1.9511,1.9575,1.9476,1.9551,0.0
2007-02-21,1.955,1.9589,1.9484,1.9538,0.0
2007-02-22,1.9537,1.9598,1.9461,1.9561,0.0
2007-02-23,1.9563,1.9651,1.9536,1.963,0.0
2007-02-26,1.9637,1.9659,1.9606,1.9634,0.0
2007-02-27,1.9635,1.9672,1.9592,1.962,0.0
2007-02-28,1.9619,1.9643,1.9516,1.9636,0.0
2007-03-01,1.9633,1.965,1.9554,1.9581,0.0
2007-03-02,1.9582,1.9582,1.941,1.943,0.0
2007-03-05,1.9435,1.9447,1.9182,1.9201,0.0
2007-03-06,1.9202,1.9319,1.9184,1.9314,0.0
2007-03-07,1.9315,1.9358,1.9259,1.9327,0.0
2007-03-08,1.9326,1.9351,1.9272,1.9281,0.0
2007-03-09,1.9282,1.9338,1.9266,1.9317,0.0
2007-03-12,1.9364,1.9433,1.9249,1.9322,0.0
2007-03-13,1.9323,1.9351,1.9269,1.9289,0.0
2007-03-14,1.9288,1.9372,1.9212,1.9358,0.0
2007-03-15,1.9358,1.9392,1.9307,1.9371,0.0
2007-03-16,1.9372,1.9504,1.9357,1.942,0.0
2007-03-19,1.9413,1.947,1.9385,1.9439,0.0
2007-03-20,1.944,1.9623,1.9431,1.9612,0.0
2007-03-21,1.9613,1.9689,1.9554,1.9676,0.0
2007-03-22,1.9677,1.9724,1.9612,1.9646,0.0
2007-03-23,1.9645,1.969,1.9585,1.9617,0.0
2007-03-26,1.9613,1.9719,1.9569,1.969,0.0
2007-03-27,1.969,1.9701,1.9617,1.9656,0.0
2007-03-28,1.9657,1.9679,1.9596,1.9615,0.0
2007-03-29,1.9614,1.9657,1.9611,1.9617,0.0
2007-03-30,1.9616,1.9715,1.9545,1.9677,0.0
2007-04-02,1.9688,1.9799,1.9661,1.9776,0.0
2007-04-03,1.9777,1.9822,1.9729,1.9741,0.0
2007-04-04,1.974,1.9772,1.9715,1.9759,0.0
2007-04-05,1.976,1.9767,1.9668,1.9706,0.0
2007-04-06,1.9705,1.972,1.9635,1.9651,0.0
2007-04-09,1.9655,1.9656,1.9589,1.9624,0.0
2007-04-10,1.9624,1.9748,1.9612,1.9728,0.0
2007-04-11,1.9729,1.9815,1.9708,1.9748,0.0
2007-04-12,1.9747,1.9809,1.9722,1.979,0.0
2007-04-13,1.9791,1.9884,1.9781,1.9863,0.0
2007-04-16,1.9857,1.9938,1.9853,1.9896,0.0
2007-04-17,1.9897,2.0073,1.988,2.0065,0.0
2007-04-18,2.008,2.0131,2.0011,2.0084,0.0
2007-04-19,2.0083,2.0093,1.9984,2.0033,0.0
2007-04-20,2.0034,2.0068,1.9989,2.002,0.0
2007-04-23,2.0048,2.0061,1.9972,2.0008,0.0
2007-04-24,2.0009,2.0043,1.9955,2.0016,0.0
2007-04-25,2.0018,2.0061,2.0002,2.0014,0.0
2007-04-26,2.0013,2.0059,1.9889,1.9912,0.0
2007-04-27,1.9913,2.004,1.9864,1.9972,0.0
2007-04-30,1.9959,2.0029,1.9889,1.9993,0.0
2007-05-01,1.9992,2.0071,1.998,1.9986,0.0
2007-05-02,1.9987,1.9996,1.9866,1.9898,0.0
2007-05-03,1.9897,1.9945,1.9854,1.9866,0.0
2007-05-04,1.9865,1.994,1.9841,1.9921,0.0
2007-05-07,1.9942,1.9974,1.9924,1.9927,0.0
2007-05-08,1.9926,1.9961,1.9877,1.9891,0.0
2007-05-09,1.9891,1.9997,1.9881,1.9936,0.0
2007-05-10,1.9937,1.9961,1.977,1.9798,0.0
2007-05-11,1.9797,1.9842,1.9759,1.9811,0.0
2007-05-14,1.9823,1.9843,1.9778,1.9791,0.0
2007-05-15,1.9792,1.9871,1.9746,1.9859,0.0
2007-05-16,1.986,1.9873,1.9757,1.9768,0.0
2007-05-17,1.9769,1.9791,1.9731,1.9744,0.0
2007-05-18,1.9744,1.9778,1.9699,1.9745,0.0
2007-05-21,1.9749,1.9756,1.9676,1.9712,0.0
2007-05-22,1.9711,1.9767,1.97,1.9743,0.0
2007-05-23,1.9743,1.9892,1.9715,1.9866,0.0
2007-05-24,1.9865,1.9886,1.9826,1.9843,0.0
2007-05-25,1.9843,1.9876,1.983,1.9835,0.0
2007-05-28,1.984,1.9848,1.9823,1.9833,0.0
2007-05-29,1.9834,1.9898,1.979,1.9809,0.0
2007-05-30,1.981,1.983,1.9732,1.9755,0.0
2007-05-31,1.9756,1.9816,1.9736,1.9795,0.0
2007-06-01,1.9794,1.9824,1.9764,1.9822,0.0
2007-06-04,1.9819,1.9923,1.9812,1.9911,0.0
2007-06-05,1.991,1.9964,1.9906,1.9931,0.0
2007-06-06,1.993,1.9954,1.9905,1.9924,0.0
2007-06-07,1.9925,1.9941,1.9744,1.9779,0.0
2007-06-08,1.9778,1.9791,1.9621,1.9697,0.0
2007-06-11,1.97,1.97,1.9648,1.9688,0.0
2007-06-12,1.9688,1.978,1.9685,1.9742,0.0
2007-06-13,1.9742,1.976,1.9676,1.9729,0.0
2007-06-14,1.9728,1.9735,1.9655,1.9688,0.0
2007-06-15,1.9689,1.9778,1.9686,1.9761,0.0
2007-06-18,1.9759,1.984,1.9751,1.983,0.0
2007-06-19,1.9831,1.9887,1.9822,1.9886,0.0
2007-06-20,1.9885,1.9947,1.9868,1.9928,0.0
2007-06-21,1.9927,1.9939,1.9883,1.9923,0.0
2007-06-22,1.9922,1.9994,1.991,1.9992,0.0
2007-06-25,1.9986,2.0005,1.9954,1.9973,0.0
2007-06-26,1.9974,2.0014,1.9955,1.9986,0.0
2007-06-27,1.9985,1.9993,1.9927,1.9992,0.0
2007-06-28,1.9993,2.0041,1.9972,2.0027,0.0
2007-06-29,2.0028,2.0084,2.0007,2.0084,0.0
2007-07-02,2.00808,2.01812,2.00702,2.01677,0.0
2007-07-03,2.01662,2.01942,2.01317,2.0156,0.0
2007-07-04,2.0156,2.02026,2.01498,2.01618,0.0
2007-07-05,2.01611,2.01987,2.00902,2.01152,0.0
2007-07-06,2.01149,2.01391,2.0056,2.01046,0.0
2007-07-09,2.01149,2.01678,2.00947,2.01492,0.0
2007-07-10,2.01492,2.02782,2.01187,2.02765,0.0
2007-07-11,2.02755,2.03637,2.02412,2.03237,0.0
2007-07-12,2.03255,2.03652,2.02707,2.03022,0.0
2007-07-13,2.03022,2.03662,2.02605,2.03413,0.0
2007-07-16,2.03336,2.04018,2.03218,2.03592,0.0
2007-07-17,2.03595,2.0473,2.03475,2.04656,0.0
2007-07-18,2.04657,2.05471,2.0459,2.05262,0.0
2007-07-19,2.05262,2.05406,2.04682,2.04865,0.0
2007-07-20,2.04855,2.05863,2.04792,2.05609,0.0
2007-07-23,2.05596,2.06027,2.05465,2.0592,0.0
2007-07-24,2.0592,2.06537,2.05845,2.06249,0.0
2007-07-25,2.06263,2.06299,2.04856,2.0535,0.0
2007-07-26,2.05347,2.05614,2.04237,2.04892,0.0
2007-07-27,2.04887,2.04939,2.02296,2.02393,0.0
2007-07-30,2.02299,2.02894,2.01814,2.02443,0.0
2007-07-31,2.02439,2.03777,2.02339,2.03122,0.0
2007-08-01,2.03081,2.03482,2.02027,2.03227,0.0
2007-08-02,2.03217,2.03768,2.02802,2.03712,0.0
2007-08-03,2.03711,2.04586,2.03382,2.04006,0.0
2007-08-06,2.03947,2.04615,2.02786,2.03111,0.0
2007-08-07,2.03121,2.03346,2.01871,2.02108,0.0
2007-08-08,2.02113,2.03971,2.01553,2.03701,0.0
2007-08-09,2.03692,2.0395,2.02072,2.02316,0.0
2007-08-10,2.02305,2.02691,2.01526,2.02319,0.0
2007-08-13,2.0214,2.02572,2.00842,2.01237,0.0
2007-08-14,2.01227,2.01317,1.99629,1.99668,0.0
2007-08-15,1.99663,1.99707,1.98527,1.98853,0.0
2007-08-16,1.98868,1.98885,1.97692,1.98254,0.0
2007-08-17,1.98264,1.99353,1.96512,1.98105,0.0
2007-08-20,1.9811,1.98998,1.97677,1.98748,0.0
2007-08-21,1.98748,1.99044,1.97432,1.98168,0.0
2007-08-22,1.98168,1.99282,1.98003,1.99257,0.0
2007-08-23,1.99257,2.00929,1.99157,2.0056,0.0
2007-08-24,2.00561,2.0148,1.9978,2.01415,0.0
2007-08-27,2.01365,2.01901,2.01176,2.01194,0.0
2007-08-28,2.01194,2.0141,1.99982,2.00181,0.0
2007-08-29,2.00181,2.01797,1.99607,2.01747,0.0
2007-08-30,2.01747,2.01832,2.00432,2.01158,0.0
2007-08-31,2.01158,2.02325,2.01084,2.0169,0.0
2007-09-03,2.01745,2.02132,2.01364,2.01805,0.0
2007-09-04,2.01805,2.01942,2.00743,2.01285,0.0
2007-09-05,2.01274,2.02237,2.00425,2.01944,0.0
2007-09-06,2.01944,2.0265,2.01402,2.02365,0.0
2007-09-07,2.02343,2.03231,2.0159,2.02862,0.0
2007-09-10,2.0276,2.03292,2.02612,2.02754,0.0
2007-09-11,2.02754,2.03348,2.02347,2.03306,0.0
2007-09-12,2.03306,2.03655,2.02851,2.02912,0.0
2007-09-13,2.02912,2.03452,2.02332,2.02512,0.0
2007-09-14,2.02512,2.02517,2.00541,2.00669,0.0
2007-09-17,2.00484,2.00911,1.99144,1.99451,0.0
2007-09-18,1.99451,2.01492,1.98791,2.0129,0.0
2007-09-19,2.0129,2.01722,1.99507,2.00061,0.0
2007-09-20,2.00061,2.01445,1.9972,2.00753,0.0
2007-09-21,2.00753,2.02131,2.00753,2.02025,0.0
2007-09-24,2.02095,2.0317,2.01967,2.02207,0.0
2007-09-25,2.02207,2.0229,2.00839,2.01837,0.0
2007-09-26,2.01837,2.02168,2.01045,2.01567,0.0
2007-09-27,2.01567,2.02838,2.01357,2.02739,0.0
2007-09-28,2.02739,2.04883,2.01938,2.04669,0.0
2007-10-01,2.04559,2.04939,2.03759,2.04322,0.0
2007-10-02,2.04322,2.04466,2.03677,2.04147,0.0
2007-10-03,2.04167,2.04411,2.03088,2.03192,0.0
2007-10-04,2.03192,2.04109,2.02762,2.03849,0.0
2007-10-05,2.03849,2.04404,2.03023,2.04198,0.0
2007-10-08,2.04157,2.04255,2.033,2.03577,0.0
2007-10-09,2.03577,2.03856,2.02557,2.03737,0.0
2007-10-10,2.03737,2.04772,2.03252,2.04232,0.0
2007-10-11,2.04232,2.04246,2.03083,2.03162,0.0
2007-10-12,2.03162,2.03634,2.02452,2.03545,0.0
2007-10-15,2.03521,2.0438,2.03183,2.04263,0.0
2007-10-16,2.04263,2.04379,2.02949,2.03252,0.0
2007-10-17,2.03252,2.04187,2.02852,2.04007,0.0
2007-10-18,2.04007,2.05147,2.03817,2.04427,0.0
2007-10-19,2.04427,2.05231,2.0407,2.05154,0.0
2007-10-22,2.05399,2.05474,2.02576,2.03283,0.0
2007-10-23,2.03283,2.05176,2.03039,2.051,0.0
2007-10-24,2.051,2.05162,2.0426,2.04987,0.0
2007-10-25,2.04986,2.05518,2.0451,2.05104,0.0
2007-10-26,2.05104,2.05732,2.04805,2.05231,0.0
2007-10-29,2.05489,2.06414,2.05269,2.06214,0.0
2007-10-30,2.06214,2.07018,2.05647,2.06748,0.0
2007-10-31,2.06748,2.08218,2.06615,2.07951,0.0
2007-11-01,2.07951,2.08726,2.07525,2.0799,0.0
2007-11-02,2.0799,2.08945,2.0763,2.08909,0.0
2007-11-05,2.08893,2.08926,2.07816,2.08057,0.0
2007-11-06,2.0805,2.09047,2.08022,2.08757,0.0
2007-11-07,2.08803,2.10699,2.08587,2.10182,0.0
2007-11-08,2.10177,2.11149,2.0972,2.10722,0.0
2007-11-09,2.10707,2.11598,2.08781,2.08994,0.0
2007-11-12,2.08569,2.08681,2.05247,2.05277,0.0
2007-11-13,2.05271,2.07604,2.05221,2.07065,0.0
2007-11-14,2.0707,2.0844,2.05041,2.05241,0.0
2007-11-15,2.05166,2.06174,2.04169,2.04491,0.0
2007-11-16,2.04501,2.055,2.03527,2.05449,0.0
2007-11-19,2.05408,2.05636,2.04496,2.05004,0.0
2007-11-20,2.04999,2.06821,2.04549,2.06646,0.0
2007-11-21,2.06646,2.06961,2.05254,2.06507,0.0
2007-11-22,2.06507,2.06828,2.05834,2.06171,0.0
2007-11-23,2.06201,2.07615,2.05181,2.06219,0.0
2007-11-26,2.06009,2.0737,2.06009,2.07096,0.0
2007-11-27,2.0706,2.07551,2.06404,2.06856,0.0
2007-11-28,2.0684,2.08309,2.0581,2.08206,0.0
2007-11-29,2.08131,2.08206,2.05938,2.06112,0.0
2007-11-30,2.06112,2.0698,2.05325,2.05633,0.0
2007-12-03,2.05443,2.06783,2.05205,2.06578,0.0
2007-12-04,2.06543,2.06726,2.05595,2.05907,0.0
2007-12-05,2.05887,2.06112,2.02453,2.02666,0.0
2007-12-06,2.02657,2.03107,2.018,2.02775,0.0
2007-12-07,2.02813,2.03458,2.02206,2.03021,0.0
2007-12-10,2.03001,2.04875,2.03001,2.04604,0.0
2007-12-11,2.04604,2.05177,2.03283,2.03412,0.0
2007-12-12,2.03416,2.0576,2.03391,2.04671,0.0
2007-12-13,2.04686,2.04825,2.03405,2.04114,0.0
2007-12-14,2.04134,2.0446,2.01466,2.01764,0.0
2007-12-17,2.0145,2.02275,2.01007,2.02027,0.0
2007-12-18,2.02057,2.02246,2.01103,2.01424,0.0
2007-12-19,2.01434,2.01952,1.99258,1.99775,0.0
2007-12-20,1.9976,1.99843,1.98092,1.98367,0.0
2007-12-21,1.98367,1.98936,1.98089,1.98338,0.0
2007-12-24,1.98341,1.98427,1.97551,1.97715,0.0
2007-12-26,1.98117,1.98471,1.97965,1.98356,0.0
2007-12-27,1.9839,1.99647,1.98225,1.99578,0.0
2007-12-28,1.99548,2.00222,1.99016,1.99677,0.0
2007-12-31,1.99464,2.01007,1.98121,1.98495,0.0
2008-01-02,1.98675,1.98893,1.97743,1.98064,0.0
2008-01-03,1.98068,1.9838,1.97026,1.9708,0.0
2008-01-04,1.97099,1.98482,1.96722,1.97355,0.0
2008-01-07,1.9738,1.97547,1.96497,1.96973,0.0
2008-01-08,1.96963,1.98276,1.96645,1.9729,0.0
2008-01-09,1.97247,1.97616,1.95532,1.95832,0.0
2008-01-10,1.95817,1.96636,1.95392,1.96125,0.0
2008-01-11,1.96113,1.96346,1.94825,1.95644,0.0
2008-01-14,1.95779,1.96474,1.95551,1.95579,0.0
2008-01-15,1.95589,1.97403,1.95234,1.96259,0.0
2008-01-16,1.96211,1.972,1.95273,1.96335,0.0
2008-01-17,1.9632,1.97905,1.96036,1.97125,0.0
2008-01-18,1.97105,1.97262,1.95118,1.95526,0.0
2008-01-21,1.95746,1.95821,1.94284,1.94321,0.0
2008-01-22,1.94298,1.96303,1.93367,1.96065,0.0
2008-01-23,1.9604,1.96435,1.94637,1.9552,0.0
2008-01-24,1.95503,1.97772,1.94997,1.97625,0.0
2008-01-25,1.97655,1.98469,1.97364,1.98286,0.0
2008-01-28,1.98385,1.98899,1.97267,1.98407,0.0
2008-01-29,1.98447,1.99285,1.98107,1.9892,0.0
2008-01-30,1.98907,1.99568,1.98358,1.98626,0.0
2008-01-31,1.98671,1.99444,1.98237,1.9871,0.0
2008-02-01,1.98758,1.99389,1.96459,1.96491,0.0
2008-02-04,1.96526,1.97865,1.96258,1.97319,0.0
2008-02-05,1.97307,1.97614,1.96037,1.96464,0.0
2008-02-06,1.96479,1.96604,1.95523,1.96136,0.0
2008-02-07,1.96111,1.9622,1.93857,1.94207,0.0
2008-02-08,1.94237,1.95105,1.94043,1.94583,0.0
2008-02-11,1.94568,1.95292,1.94006,1.95068,0.0
2008-02-12,1.95072,1.96319,1.94412,1.9597,0.0
2008-02-13,1.96013,1.96638,1.95483,1.96291,0.0
2008-02-14,1.96268,1.97364,1.96128,1.96878,0.0
2008-02-15,1.96869,1.97206,1.95798,1.96118,0.0
2008-02-18,1.95698,1.96364,1.94737,1.9523,0.0
2008-02-19,1.9523,1.95406,1.9453,1.94829,0.0
2008-02-20,1.94827,1.95003,1.93613,1.94162,0.0
2008-02-21,1.94162,1.96409,1.94075,1.96255,0.0
2008-02-22,1.9624,1.97071,1.96085,1.96671,0.0
2008-02-25,1.96915,1.96985,1.96149,1.96705,0.0
2008-02-26,1.96728,1.98746,1.9641,1.98681,0.0
2008-02-27,1.98691,1.99697,1.97902,1.98168,0.0
2008-02-28,1.98158,1.99455,1.97613,1.98862,0.0
2008-02-29,1.98862,1.99203,1.97838,1.98895,0.0
2008-03-03,1.9882,1.99349,1.98065,1.98392,0.0
2008-03-04,1.98311,1.98915,1.98112,1.98617,0.0
2008-03-05,1.98607,1.99511,1.97192,1.9918,0.0
2008-03-06,1.9917,2.01136,1.98927,2.00902,0.0
2008-03-07,2.00884,2.02148,2.00832,2.01324,0.0
2008-03-10,2.01459,2.02199,2.00867,2.00911,0.0
2008-03-11,2.00959,2.02107,1.99945,2.00636,0.0
2008-03-12,2.00645,2.02792,2.0054,2.02678,0.0
2008-03-13,2.02675,2.03893,2.02485,2.03335,0.0
2008-03-14,2.03324,2.03958,2.01747,2.02164,0.0
2008-03-17,2.01749,2.02294,1.9941,1.9988,0.0
2008-03-18,1.99742,2.02712,1.99515,2.00629,0.0
2008-03-19,2.00674,2.01503,1.98017,1.98397,0.0
2008-03-20,1.98382,1.98773,1.97342,1.98481,0.0
2008-03-21,1.98464,1.98805,1.981,1.9816,0.0
2008-03-24,1.98155,1.98755,1.97563,1.98557,0.0
2008-03-25,1.98569,2.0067,1.98461,2.00577,0.0
2008-03-26,2.00597,2.01107,1.99244,2.0081,0.0
2008-03-27,2.00871,2.01912,2.00219,2.00699,0.0
2008-03-28,2.0071,2.00878,1.98813,1.99429,0.0
2008-03-31,1.99556,1.99768,1.98107,1.98359,0.0
2008-04-01,1.98359,1.98721,1.97277,1.97561,0.0
2008-04-02,1.97556,1.98982,1.97462,1.98714,0.0
2008-04-03,1.98709,1.99737,1.9758,1.99631,0.0
2008-04-04,1.99644,2.0047,1.99095,1.99338,0.0
2008-04-07,1.99507,1.99507,1.98351,1.98802,0.0
2008-04-08,1.98817,1.99255,1.96628,1.96951,0.0
2008-04-09,1.96956,1.97906,1.96483,1.97581,0.0
2008-04-10,1.97544,1.98421,1.97051,1.97057,0.0
2008-04-11,1.97072,1.97677,1.9682,1.96909,0.0
2008-04-14,1.96509,1.98922,1.96509,1.9782,0.0
2008-04-15,1.97795,1.97884,1.95993,1.96255,0.0
2008-04-16,1.96235,1.98044,1.95998,1.97198,0.0
2008-04-17,1.97213,1.99242,1.96902,1.99092,0.0
2008-04-18,1.99152,1.99973,1.988,1.99749,0.0
2008-04-21,1.99619,2.00246,1.97754,1.98014,0.0
2008-04-22,1.9799,1.99965,1.97438,1.99503,0.0
2008-04-23,1.99445,1.99737,1.97721,1.98032,0.0
2008-04-24,1.97987,1.98152,1.96848,1.9739,0.0
2008-04-25,1.97389,1.98879,1.96747,1.98537,0.0
2008-04-28,1.98456,1.99642,1.97808,1.9911,0.0
2008-04-29,1.99106,1.99156,1.96665,1.9696,0.0
2008-04-30,1.9699,1.98962,1.96232,1.98649,0.0
2008-05-01,1.98624,1.99092,1.9712,1.9747,0.0
2008-05-02,1.9745,1.98974,1.97041,1.97137,0.0
2008-05-05,1.97261,1.97832,1.96543,1.9719,0.0
2008-05-06,1.9723,1.97711,1.9633,1.97359,0.0
2008-05-07,1.97359,1.97364,1.9502,1.95372,0.0
2008-05-08,1.95352,1.96196,1.95007,1.95392,0.0
2008-05-09,1.95392,1.957,1.9459,1.95361,0.0
2008-05-12,1.95051,1.96329,1.94409,1.95768,0.0
2008-05-13,1.95736,1.95854,1.94188,1.94523,0.0
2008-05-14,1.94528,1.94733,1.93644,1.94566,0.0
2008-05-15,1.94567,1.95002,1.94035,1.94719,0.0
2008-05-16,1.94699,1.9597,1.94409,1.957,0.0
2008-05-19,1.9566,1.96234,1.94523,1.94867,0.0
2008-05-20,1.9489,1.97177,1.94778,1.96811,0.0
2008-05-21,1.96811,1.97317,1.9612,1.97286,0.0
2008-05-22,1.97306,1.98479,1.96831,1.98012,0.0
2008-05-23,1.98091,1.98498,1.97544,1.97943,0.0
2008-05-26,1.97976,1.98301,1.97574,1.98185,0.0
2008-05-27,1.9819,1.98451,1.97135,1.97653,0.0
2008-05-28,1.97652,1.98265,1.97034,1.9806,0.0
2008-05-29,1.9807,1.9817,1.9673,1.97643,0.0
2008-05-30,1.97643,1.98219,1.96832,1.98194,0.0
2008-06-02,1.97315,1.97734,1.95957,1.96687,0.0
2008-06-03,1.96713,1.97394,1.96054,1.96323,0.0
2008-06-04,1.96288,1.96372,1.95257,1.95536,0.0
2008-06-05,1.95531,1.95957,1.9461,1.95812,0.0
2008-06-06,1.95803,1.97331,1.9536,1.97049,0.0
2008-06-09,1.96883,1.98001,1.96698,1.97495,0.0
2008-06-10,1.97487,1.97565,1.95174,1.95424,0.0
2008-06-11,1.95424,1.96682,1.94911,1.96295,0.0
2008-06-12,1.96305,1.96414,1.94323,1.94622,0.0
2008-06-13,1.94598,1.95108,1.94085,1.94731,0.0
2008-06-16,1.94936,1.96862,1.94575,1.96304,0.0
2008-06-17,1.96299,1.96964,1.94692,1.95663,0.0
2008-06-18,1.9568,1.96098,1.94771,1.95969,0.0
2008-06-19,1.95963,1.97441,1.95768,1.97213,0.0
2008-06-20,1.97213,1.97898,1.96984,1.97579,0.0
2008-06-23,1.97434,1.97544,1.95833,1.96527,0.0
2008-06-24,1.96553,1.97222,1.96239,1.97087,0.0
2008-06-25,1.97068,1.97674,1.96542,1.97498,0.0
2008-06-26,1.97418,1.98931,1.9713,1.98888,0.0
2008-06-27,1.98892,1.9952,1.98003,1.99472,0.0
2008-06-30,1.99449,1.99655,1.9879,1.99215,0.0
2008-07-01,1.99202,2.00059,1.98859,1.99467,0.0
2008-07-02,1.99448,1.99733,1.98442,1.99288,0.0
2008-07-03,1.99293,1.99363,1.97996,1.98313,0.0
2008-07-04,1.98313,1.98463,1.97941,1.98218,0.0
2008-07-07,1.98235,1.98259,1.96479,1.97607,0.0
2008-07-08,1.976,1.97957,1.96642,1.96933,0.0
2008-07-09,1.96933,1.98312,1.96721,1.98299,0.0
2008-07-10,1.98279,1.98364,1.97124,1.97777,0.0
2008-07-11,1.97797,1.99589,1.9752,1.98841,0.0
2008-07-14,1.98939,1.99623,1.98098,1.99496,0.0
2008-07-15,1.9947,2.01562,1.99299,2.00565,0.0
2008-07-16,2.00572,2.00958,1.99582,1.999,0.0
2008-07-17,1.99893,2.00709,1.99486,2.00375,0.0
2008-07-18,2.00359,2.00375,1.99056,1.99896,0.0
2008-07-21,1.99792,2.00381,1.99064,2.00313,0.0
2008-07-22,2.00328,2.00754,1.98969,1.99164,0.0
2008-07-23,1.99115,2.00287,1.99021,1.99933,0.0
2008-07-24,1.99893,1.99923,1.98158,1.98666,0.0
2008-07-25,1.98623,1.9977,1.98299,1.9913,0.0
2008-07-28,1.99112,1.9963,1.98397,1.99364,0.0
2008-07-29,1.9938,1.99684,1.9761,1.97859,0.0
2008-07-30,1.97852,1.98431,1.97453,1.98147,0.0
2008-07-31,1.98147,1.99284,1.97793,1.98389,0.0
2008-08-01,1.98375,1.98405,1.97262,1.97513,0.0
2008-08-04,1.97416,1.9762,1.95995,1.96219,0.0
2008-08-05,1.96206,1.96241,1.95204,1.95453,0.0
2008-08-06,1.95449,1.95951,1.94665,1.94767,0.0
2008-08-07,1.94754,1.95366,1.94188,1.94377,0.0
2008-08-08,1.94361,1.94378,1.91457,1.92098,0.0
2008-08-11,1.91194,1.92545,1.9065,1.91094,0.0
2008-08-12,1.91059,1.91206,1.89519,1.8966,0.0
2008-08-13,1.89635,1.90343,1.86386,1.87035,0.0
2008-08-14,1.87043,1.87861,1.86179,1.86957,0.0
2008-08-15,1.86967,1.86982,1.85121,1.86551,0.0
2008-08-18,1.8639,1.87198,1.86234,1.86497,0.0
2008-08-19,1.86497,1.86784,1.8536,1.86676,0.0
2008-08-20,1.86688,1.86821,1.85396,1.86184,0.0
2008-08-21,1.86196,1.879,1.86049,1.87799,0.0
2008-08-22,1.87777,1.87932,1.85032,1.8524,0.0
2008-08-25,1.85189,1.85889,1.84035,1.853,0.0
2008-08-26,1.85299,1.853,1.83253,1.83982,0.0
2008-08-27,1.83957,1.84896,1.82837,1.83543,0.0
2008-08-28,1.83549,1.84007,1.82392,1.82938,0.0
2008-08-29,1.82852,1.83418,1.81718,1.82128,0.0
2008-09-01,1.81486,1.81504,1.79791,1.80125,0.0
2008-09-02,1.80115,1.80119,1.77796,1.78373,0.0
2008-09-03,1.7836,1.78391,1.76654,1.77662,0.0
2008-09-04,1.77617,1.78584,1.76258,1.76825,0.0
2008-09-05,1.76791,1.77421,1.75364,1.76612,0.0
2008-09-08,1.77852,1.79735,1.74695,1.75795,0.0
2008-09-09,1.75795,1.77053,1.75033,1.76049,0.0
2008-09-10,1.75985,1.76767,1.75205,1.75268,0.0
2008-09-11,1.75267,1.75895,1.74424,1.75781,0.0
2008-09-12,1.75851,1.79585,1.75391,1.79291,0.0
2008-09-15,1.80004,1.81269,1.77644,1.79966,0.0
2008-09-16,1.79968,1.80091,1.77339,1.78319,0.0
2008-09-17,1.7835,1.82423,1.77864,1.81721,0.0
2008-09-18,1.81715,1.82762,1.80881,1.81772,0.0
2008-09-19,1.81786,1.83864,1.79139,1.83117,0.0
2008-09-22,1.83312,1.86378,1.8261,1.85445,0.0
2008-09-23,1.85329,1.86334,1.84714,1.85211,0.0
2008-09-24,1.85151,1.8605,1.84573,1.84628,0.0
2008-09-25,1.84637,1.86682,1.83052,1.837,0.0
2008-09-26,1.83713,1.84679,1.83336,1.8443,0.0
2008-09-29,1.83524,1.83662,1.79572,1.80803,0.0
2008-09-30,1.80729,1.81172,1.77553,1.78061,0.0
2008-10-01,1.78053,1.78726,1.7634,1.76961,0.0
2008-10-02,1.76955,1.7726,1.75496,1.76366,0.0
2008-10-03,1.76363,1.78374,1.75578,1.77132,0.0
2008-10-06,1.76811,1.77162,1.73334,1.74396,0.0
2008-10-07,1.74381,1.76548,1.73181,1.74523,0.0
2008-10-08,1.74534,1.76548,1.72598,1.73027,0.0
2008-10-09,1.72902,1.73951,1.70656,1.7093,0.0
2008-10-10,1.70841,1.71785,1.67887,1.70472,0.0
2008-10-13,1.7147,1.74421,1.69256,1.73369,0.0
2008-10-14,1.73419,1.76293,1.73318,1.73926,0.0
2008-10-15,1.73908,1.76025,1.72652,1.72652,0.0
2008-10-16,1.72656,1.7352,1.71326,1.73007,0.0
2008-10-17,1.72964,1.73809,1.72217,1.72778,0.0
2008-10-20,1.73126,1.75179,1.71029,1.71509,0.0
2008-10-21,1.71494,1.72023,1.66494,1.67025,0.0
2008-10-22,1.66986,1.67245,1.61362,1.62603,0.0
2008-10-23,1.62713,1.63455,1.6041,1.62271,0.0
2008-10-24,1.62196,1.63252,1.52626,1.59171,0.0
2008-10-27,1.58117,1.58709,1.52775,1.55474,0.0
2008-10-28,1.55474,1.59551,1.53979,1.59045,0.0
2008-10-29,1.59056,1.64747,1.58725,1.63678,0.0
2008-10-30,1.63733,1.66715,1.62096,1.64488,0.0
2008-10-31,1.64481,1.65052,1.60054,1.60734,0.0
2008-11-03,1.60764,1.63991,1.57805,1.58203,0.0
2008-11-04,1.58158,1.61049,1.56013,1.59534,0.0
2008-11-05,1.59532,1.61972,1.57496,1.58989,0.0
2008-11-06,1.58949,1.60362,1.55671,1.56221,0.0
2008-11-07,1.56245,1.58756,1.55314,1.56384,0.0
2008-11-10,1.58109,1.58828,1.55735,1.56048,0.0
2008-11-11,1.56014,1.57017,1.5362,1.53806,0.0
2008-11-12,1.53674,1.54802,1.48944,1.49616,0.0
2008-11-13,1.49504,1.4991,1.45583,1.4838,0.0
2008-11-14,1.48336,1.49541,1.4656,1.47343,0.0
2008-11-17,1.46491,1.50825,1.464,1.49869,0.0
2008-11-18,1.49869,1.50915,1.48987,1.49564,0.0
2008-11-19,1.49554,1.52481,1.49024,1.49497,0.0
2008-11-20,1.49503,1.49952,1.47109,1.47258,0.0
2008-11-21,1.47221,1.50605,1.47004,1.49198,0.0
2008-11-24,1.49175,1.51851,1.48393,1.51805,0.0
2008-11-25,1.51828,1.55346,1.49832,1.54705,0.0
2008-11-26,1.5475,1.5481,1.51751,1.53205,0.0
2008-11-27,1.53268,1.55123,1.53111,1.54018,0.0
2008-11-28,1.54028,1.54462,1.52559,1.53642,0.0
2008-12-01,1.53626,1.53971,1.4806,1.48837,0.0
2008-12-02,1.4883,1.50679,1.47752,1.49172,0.0
2008-12-03,1.49143,1.49326,1.46652,1.47814,0.0
2008-12-04,1.47773,1.48143,1.4469,1.46781,0.0
2008-12-05,1.46805,1.47702,1.45223,1.4687,0.0
2008-12-08,1.47308,1.50466,1.4675,1.49122,0.0
2008-12-09,1.49112,1.49112,1.46777,1.4748,0.0
2008-12-10,1.47412,1.48803,1.47348,1.47816,0.0
2008-12-11,1.47849,1.50793,1.4772,1.50315,0.0
2008-12-12,1.50298,1.51153,1.48141,1.49502,0.0
2008-12-15,1.49508,1.53774,1.49197,1.53035,0.0
2008-12-16,1.53041,1.5646,1.52031,1.55775,0.0
2008-12-17,1.5577,1.57212,1.52437,1.55323,0.0
2008-12-18,1.5539,1.56138,1.48825,1.50117,0.0
2008-12-19,1.50117,1.51857,1.48101,1.49128,0.0
2008-12-22,1.49469,1.49904,1.46851,1.4831,0.0
2008-12-23,1.4818,1.48965,1.46719,1.47216,0.0
2008-12-24,1.47216,1.48061,1.46571,1.47573,0.0
2008-12-25,1.47573,1.47573,1.47573,1.47573,0.0
2008-12-26,1.47444,1.4757,1.45729,1.45982,0.0
2008-12-29,1.46574,1.47694,1.4379,1.43915,0.0
2008-12-30,1.43902,1.45512,1.43902,1.44062,0.0
2008-12-31,1.44049,1.46965,1.43503,1.45842,0.0
2009-01-02,1.46295,1.46745,1.43762,1.45444,0.0
2009-01-05,1.45312,1.47382,1.44278,1.46987,0.0
2009-01-06,1.46942,1.49914,1.45027,1.49185,0.0
2009-01-07,1.49156,1.52805,1.48042,1.50918,0.0
2009-01-08,1.51009,1.53726,1.49811,1.52147,0.0
2009-01-09,1.52186,1.5347,1.51107,1.51599,0.0
2009-01-12,1.5129,1.51438,1.48073,1.48192,0.0
2009-01-13,1.48084,1.48268,1.44688,1.44979,0.0
2009-01-14,1.44943,1.47077,1.44886,1.46093,0.0
2009-01-15,1.46065,1.46839,1.44743,1.46385,0.0
2009-01-16,1.46385,1.49795,1.46255,1.47308,0.0
2009-01-19,1.48288,1.49067,1.44136,1.44175,0.0
2009-01-20,1.4414,1.4442,1.38619,1.39275,0.0
2009-01-21,1.39022,1.4026,1.36181,1.39573,0.0
2009-01-22,1.39482,1.40214,1.36879,1.38747,0.0
2009-01-23,1.38672,1.38988,1.35012,1.37931,0.0
2009-01-26,1.37246,1.39937,1.35453,1.39897,0.0
2009-01-27,1.39916,1.42413,1.39257,1.41271,0.0
2009-01-28,1.41316,1.43752,1.41241,1.42482,0.0
2009-01-29,1.42356,1.44114,1.40692,1.42983,0.0
2009-01-30,1.42983,1.45406,1.41853,1.45374,0.0
2009-02-02,1.44685,1.44836,1.40514,1.42622,0.0
2009-02-03,1.42697,1.44826,1.41536,1.44574,0.0
2009-02-04,1.44549,1.45776,1.43222,1.44673,0.0
2009-02-05,1.44633,1.47015,1.43645,1.4609,0.0
2009-02-06,1.46118,1.48432,1.45877,1.47847,0.0
2009-02-09,1.47792,1.49852,1.47017,1.48959,0.0
2009-02-10,1.4899,1.49137,1.44528,1.45388,0.0
2009-02-11,1.45417,1.45637,1.43144,1.43942,0.0
2009-02-12,1.43947,1.44125,1.41364,1.42667,0.0
2009-02-13,1.42672,1.46051,1.42512,1.43518,0.0
2009-02-16,1.42086,1.43186,1.415,1.42956,0.0
2009-02-17,1.42979,1.43095,1.4123,1.42355,0.0
2009-02-18,1.42362,1.42967,1.40919,1.42092,0.0
2009-02-19,1.42088,1.44462,1.42047,1.42912,0.0
2009-02-20,1.42935,1.44816,1.41517,1.44308,0.0
2009-02-23,1.43978,1.46602,1.43638,1.44848,0.0
2009-02-24,1.44848,1.45766,1.43745,1.44772,0.0
2009-02-25,1.44822,1.46064,1.41734,1.41991,0.0
2009-02-26,1.42041,1.43831,1.41596,1.43152,0.0
2009-02-27,1.43169,1.43649,1.41093,1.43112,0.0
2009-03-02,1.4292,1.42965,1.39561,1.40527,0.0
2009-03-03,1.40505,1.41559,1.39831,1.40499,0.0
2009-03-04,1.40478,1.41981,1.39833,1.41926,0.0
2009-03-05,1.41901,1.42316,1.40362,1.4116,0.0
2009-03-06,1.41108,1.43043,1.40395,1.40906,0.0
2009-03-09,1.40849,1.418,1.37405,1.37747,0.0
2009-03-10,1.37745,1.39044,1.3688,1.37504,0.0
2009-03-11,1.37498,1.38876,1.36534,1.38716,0.0
2009-03-12,1.3874,1.39821,1.36981,1.39358,0.0
2009-03-13,1.39383,1.40692,1.38617,1.39987,0.0
2009-03-16,1.3959,1.42296,1.38871,1.40616,0.0
2009-03-17,1.40601,1.41376,1.39637,1.4035,0.0
2009-03-18,1.40356,1.42951,1.38428,1.42726,0.0
2009-03-19,1.42644,1.45951,1.41579,1.45042,0.0
2009-03-20,1.45032,1.45878,1.4392,1.4462,0.0
2009-03-23,1.44668,1.4648,1.445,1.45667,0.0
2009-03-24,1.45673,1.47779,1.45462,1.46786,0.0
2009-03-25,1.46771,1.47336,1.45136,1.45498,0.0
2009-03-26,1.45483,1.46365,1.44216,1.44508,0.0
2009-03-27,1.4448,1.44936,1.42663,1.43172,0.0
2009-03-30,1.42544,1.42953,1.41088,1.42638,0.0
2009-03-31,1.42638,1.43754,1.42394,1.43202,0.0
2009-04-01,1.43209,1.44666,1.42716,1.44639,0.0
2009-04-02,1.44667,1.4748,1.44464,1.47207,0.0
2009-04-03,1.47265,1.48451,1.46467,1.4841,0.0
2009-04-06,1.48321,1.49575,1.4669,1.47682,0.0
2009-04-07,1.47712,1.47752,1.45807,1.47296,0.0
2009-04-08,1.47305,1.47457,1.46332,1.47138,0.0
2009-04-09,1.47143,1.47781,1.45851,1.46787,0.0
2009-04-10,1.46772,1.46811,1.46152,1.46699,0.0
2009-04-13,1.46304,1.48679,1.46019,1.48518,0.0
2009-04-14,1.48531,1.49422,1.48227,1.48919,0.0
2009-04-15,1.48939,1.50355,1.48217,1.49957,0.0
2009-04-16,1.49945,1.50675,1.48385,1.49237,0.0
2009-04-17,1.49259,1.49399,1.4755,1.4795,0.0
2009-04-20,1.47975,1.48111,1.44994,1.45374,0.0
2009-04-21,1.45367,1.47077,1.44668,1.46719,0.0
2009-04-22,1.46731,1.4684,1.43965,1.44904,0.0
2009-04-23,1.44894,1.47413,1.44413,1.47204,0.0
2009-04-24,1.47177,1.47725,1.45756,1.46717,0.0
2009-04-27,1.46686,1.46943,1.45141,1.46432,0.0
2009-04-28,1.4639,1.46896,1.45155,1.46322,0.0
2009-04-29,1.46292,1.48129,1.46074,1.4769,0.0
2009-04-30,1.4769,1.49475,1.47024,1.47883,0.0
2009-05-01,1.47886,1.49334,1.47519,1.49161,0.0
2009-05-04,1.49092,1.50208,1.48334,1.50158,0.0
2009-05-05,1.50137,1.51615,1.4981,1.50886,0.0
2009-05-06,1.50874,1.51489,1.49902,1.5132,0.0
2009-05-07,1.51315,1.51967,1.49423,1.50163,0.0
2009-05-08,1.50163,1.52454,1.49658,1.52284,0.0
2009-05-11,1.5229,1.52448,1.50652,1.51143,0.0
2009-05-12,1.51133,1.53513,1.50737,1.52685,0.0
2009-05-13,1.52681,1.53318,1.50857,1.51548,0.0
2009-05-14,1.51541,1.52467,1.50592,1.52356,0.0
2009-05-15,1.5232,1.52873,1.51324,1.51767,0.0
2009-05-18,1.5158,1.53474,1.51155,1.53459,0.0
2009-05-19,1.53449,1.55239,1.52941,1.54747,0.0
2009-05-20,1.54743,1.57934,1.54477,1.57536,0.0
2009-05-21,1.57512,1.58901,1.55141,1.58415,0.0
2009-05-22,1.58405,1.59429,1.57553,1.59266,0.0
2009-05-25,1.59078,1.59364,1.58331,1.59064,0.0
2009-05-26,1.59077,1.59675,1.57762,1.59244,0.0
2009-05-27,1.59246,1.60865,1.59217,1.59553,0.0
2009-05-28,1.59628,1.60144,1.58526,1.59396,0.0
2009-05-29,1.59438,1.6197,1.59161,1.61879,0.0
2009-06-01,1.61931,1.64973,1.61604,1.64419,0.0
2009-06-02,1.64432,1.65974,1.63188,1.65795,0.0
2009-06-03,1.65797,1.66625,1.62408,1.63177,0.0
2009-06-04,1.63149,1.64334,1.60915,1.61729,0.0
2009-06-05,1.61764,1.62416,1.59398,1.59783,0.0
2009-06-08,1.59596,1.6102,1.58012,1.60496,0.0
2009-06-09,1.60496,1.63609,1.59855,1.63033,0.0
2009-06-10,1.63083,1.64728,1.62388,1.63571,0.0
2009-06-11,1.63574,1.66205,1.63385,1.65897,0.0
2009-06-12,1.65886,1.65977,1.63402,1.64414,0.0
2009-06-15,1.64391,1.64425,1.62413,1.63163,0.0
2009-06-16,1.63168,1.65072,1.62156,1.641,0.0
2009-06-17,1.64057,1.64814,1.62203,1.63996,0.0
2009-06-18,1.63986,1.64681,1.61871,1.63306,0.0
2009-06-19,1.63312,1.65612,1.63032,1.649,0.0
2009-06-22,1.65105,1.65135,1.63196,1.63456,0.0
2009-06-23,1.63454,1.64731,1.62085,1.64524,0.0
2009-06-24,1.64519,1.66016,1.63679,1.64066,0.0
2009-06-25,1.64091,1.64675,1.62328,1.63666,0.0
2009-06-26,1.63681,1.65603,1.63657,1.65225,0.0
2009-06-29,1.65152,1.65855,1.64274,1.65656,0.0
2009-06-30,1.6561,1.67434,1.64212,1.64551,0.0
2009-07-01,1.6458,1.65443,1.63833,1.64776,0.0
2009-07-02,1.64782,1.64988,1.63222,1.63928,0.0
2009-07-03,1.63942,1.64278,1.63013,1.63312,0.0
2009-07-06,1.63198,1.6327,1.60943,1.62858,0.0
2009-07-07,1.62848,1.62945,1.61157,1.61362,0.0
2009-07-08,1.61358,1.61373,1.59817,1.60709,0.0
2009-07-09,1.60657,1.63791,1.6024,1.6333,0.0
2009-07-10,1.63293,1.63448,1.61534,1.62105,0.0
2009-07-13,1.62066,1.62375,1.6032,1.62247,0.0
2009-07-14,1.62256,1.63439,1.62216,1.6307,0.0
2009-07-15,1.63089,1.64664,1.63008,1.64234,0.0
2009-07-16,1.64175,1.64776,1.63534,1.64351,0.0
2009-07-17,1.64371,1.6446,1.62647,1.63363,0.0
2009-07-20,1.63215,1.65558,1.63202,1.65448,0.0
2009-07-21,1.65444,1.65521,1.63831,1.64582,0.0
2009-07-22,1.64578,1.65032,1.63101,1.64838,0.0
2009-07-23,1.64827,1.65849,1.64325,1.64776,0.0
2009-07-24,1.64769,1.65417,1.63896,1.64252,0.0
2009-07-27,1.64695,1.65229,1.63814,1.64832,0.0
2009-07-28,1.64853,1.6556,1.63893,1.64263,0.0
2009-07-29,1.64278,1.64689,1.6346,1.63781,0.0
2009-07-30,1.63783,1.65248,1.63381,1.64924,0.0
2009-07-31,1.64941,1.67313,1.6472,1.6713,0.0
2009-08-03,1.67186,1.69865,1.66945,1.69259,0.0
2009-08-04,1.69294,1.70035,1.68886,1.69392,0.0
2009-08-05,1.69396,1.70423,1.68997,1.69858,0.0
2009-08-06,1.69871,1.70289,1.67511,1.67804,0.0
2009-08-07,1.67743,1.68273,1.66502,1.6683,0.0
2009-08-10,1.66711,1.67179,1.64297,1.64819,0.0
2009-08-11,1.64763,1.65219,1.64302,1.64779,0.0
2009-08-12,1.6475,1.65594,1.639,1.64819,0.0
2009-08-13,1.64802,1.66578,1.64746,1.65799,0.0
2009-08-14,1.65795,1.66071,1.64825,1.6541,0.0
2009-08-17,1.65035,1.65164,1.62743,1.63446,0.0
2009-08-18,1.6345,1.65863,1.63246,1.65604,0.0
2009-08-19,1.65589,1.65924,1.6373,1.65272,0.0
2009-08-20,1.65282,1.66047,1.64503,1.65045,0.0
2009-08-21,1.65044,1.66231,1.64182,1.65046,0.0
2009-08-24,1.65029,1.65441,1.63912,1.64147,0.0
2009-08-25,1.64167,1.64425,1.63301,1.63468,0.0
2009-08-26,1.63452,1.63538,1.61588,1.62489,0.0
2009-08-27,1.62466,1.63043,1.61533,1.62821,0.0
2009-08-28,1.62708,1.63808,1.62556,1.6267,0.0
2009-08-31,1.62665,1.63301,1.61814,1.62845,0.0
2009-09-01,1.62871,1.63746,1.61119,1.61568,0.0
2009-09-02,1.61573,1.6299,1.61135,1.62704,0.0
2009-09-03,1.62692,1.64136,1.62366,1.63189,0.0
2009-09-04,1.63244,1.64095,1.62853,1.6391,0.0
2009-09-07,1.63895,1.64438,1.63252,1.63469,0.0
2009-09-08,1.63457,1.65864,1.63218,1.64898,0.0
2009-09-09,1.6486,1.65905,1.64547,1.65464,0.0
2009-09-10,1.65461,1.6686,1.64794,1.66487,0.0
2009-09-11,1.66464,1.67411,1.66427,1.66579,0.0
2009-09-14,1.66778,1.66886,1.65203,1.65814,0.0
2009-09-15,1.65755,1.66561,1.64018,1.64863,0.0
2009-09-16,1.6485,1.65325,1.64313,1.64866,0.0
2009-09-17,1.64874,1.65681,1.64246,1.64504,0.0
2009-09-18,1.64494,1.64533,1.62296,1.62699,0.0
2009-09-21,1.62229,1.62637,1.61324,1.62126,0.0
2009-09-22,1.62159,1.63937,1.62008,1.63534,0.0
2009-09-23,1.63573,1.6467,1.63272,1.63403,0.0
2009-09-24,1.63447,1.63856,1.60218,1.60568,0.0
2009-09-25,1.60578,1.60653,1.59155,1.59501,0.0
2009-09-28,1.59628,1.59754,1.57677,1.5882,0.0
2009-09-29,1.58798,1.59891,1.58242,1.59592,0.0
2009-09-30,1.59532,1.61254,1.59438,1.598,0.0
2009-10-01,1.5982,1.60231,1.59231,1.59532,0.0
2009-10-02,1.59517,1.59555,1.58021,1.5942,0.0
2009-10-05,1.59415,1.60225,1.5902,1.5934,0.0
2009-10-06,1.59312,1.60473,1.58758,1.59184,0.0
2009-10-07,1.59176,1.59728,1.58575,1.59676,0.0
2009-10-08,1.59631,1.61195,1.59475,1.60696,0.0
2009-10-09,1.60678,1.60779,1.58248,1.58392,0.0
2009-10-12,1.58375,1.58826,1.57282,1.57974,0.0
2009-10-13,1.57987,1.59272,1.57063,1.59232,0.0
2009-10-14,1.59235,1.60241,1.59011,1.59766,0.0
2009-10-15,1.59818,1.62984,1.59713,1.62688,0.0
2009-10-16,1.62696,1.63991,1.62512,1.63542,0.0
2009-10-19,1.62848,1.64228,1.62394,1.64195,0.0
2009-10-20,1.64173,1.6488,1.63274,1.6382,0.0
2009-10-21,1.63793,1.66351,1.63681,1.66067,0.0
2009-10-22,1.66077,1.66375,1.64864,1.662,0.0
2009-10-23,1.66176,1.66912,1.63002,1.63042,0.0
2009-10-26,1.62896,1.63945,1.62501,1.6335,0.0
2009-10-27,1.63245,1.64378,1.62841,1.63674,0.0
2009-10-28,1.63677,1.6465,1.62844,1.63734,0.0
2009-10-29,1.6375,1.66027,1.63374,1.65473,0.0
2009-10-30,1.65446,1.65786,1.64085,1.64441,0.0
2009-11-02,1.64045,1.64772,1.63275,1.64062,0.0
2009-11-03,1.64039,1.64531,1.62611,1.64349,0.0
2009-11-04,1.64327,1.65962,1.63993,1.65558,0.0
2009-11-05,1.65573,1.66347,1.64654,1.65797,0.0
2009-11-06,1.65793,1.66342,1.65169,1.6611,0.0
2009-11-09,1.66564,1.68425,1.6616,1.67576,0.0
2009-11-10,1.67457,1.67872,1.66016,1.67269,0.0
2009-11-11,1.67398,1.67978,1.65337,1.65701,0.0
2009-11-12,1.65701,1.66257,1.65148,1.65753,0.0
2009-11-13,1.65748,1.67058,1.65713,1.66759,0.0
2009-11-16,1.67052,1.68778,1.66684,1.68154,0.0
2009-11-17,1.68176,1.68723,1.67543,1.68114,0.0
2009-11-18,1.68127,1.68446,1.67133,1.6747,0.0
2009-11-19,1.67416,1.6748,1.66051,1.66664,0.0
2009-11-20,1.66645,1.66752,1.64591,1.65008,0.0
2009-11-23,1.64885,1.66472,1.64817,1.66039,0.0
2009-11-24,1.66046,1.66178,1.64958,1.65868,0.0
2009-11-25,1.65833,1.67454,1.65743,1.67041,0.0
2009-11-26,1.67053,1.67256,1.6466,1.65275,0.0
2009-11-27,1.65198,1.65198,1.62708,1.6488,0.0
2009-11-30,1.65068,1.65921,1.63795,1.64401,0.0
2009-12-01,1.6438,1.66467,1.63909,1.66094,0.0
2009-12-02,1.66102,1.66948,1.65491,1.66275,0.0
2009-12-03,1.66265,1.67197,1.65301,1.65395,0.0
2009-12-04,1.65365,1.6672,1.64216,1.64719,0.0
2009-12-07,1.64247,1.65148,1.63123,1.6445,0.0
2009-12-08,1.64463,1.6476,1.6255,1.62855,0.0
2009-12-09,1.6285,1.63759,1.61662,1.62601,0.0
2009-12-10,1.62677,1.63457,1.62141,1.62769,0.0
2009-12-11,1.62782,1.63387,1.61956,1.62564,0.0
2009-12-14,1.62505,1.6325,1.61894,1.631,0.0
2009-12-15,1.6311,1.63171,1.62048,1.62652,0.0
2009-12-16,1.62647,1.64102,1.62297,1.63328,0.0
2009-12-17,1.63371,1.63411,1.60797,1.61521,0.0
2009-12-18,1.61543,1.62485,1.60518,1.61585,0.0
2009-12-21,1.61243,1.61636,1.603,1.60347,0.0
2009-12-22,1.60338,1.6099,1.59206,1.59621,0.0
2009-12-23,1.59648,1.59925,1.5923,1.59555,0.0
2009-12-24,1.59608,1.60216,1.59274,1.59629,0.0
2009-12-28,1.59806,1.60144,1.59309,1.59996,0.0
2009-12-29,1.59981,1.60681,1.5866,1.59007,0.0
2009-12-30,1.59006,1.60943,1.58317,1.60759,0.0
2009-12-31,1.60738,1.62351,1.60489,1.61644,0.0
2010-01-04,1.61087,1.62399,1.60574,1.60844,0.0
2010-01-05,1.60844,1.61523,1.59647,1.59903,0.0
2010-01-06,1.59903,1.60624,1.59368,1.6018,0.0
2010-01-07,1.60127,1.60584,1.58951,1.59319,0.0
2010-01-08,1.59297,1.61095,1.59145,1.60208,0.0
2010-01-11,1.60663,1.61921,1.60433,1.61134,0.0
2010-01-12,1.61139,1.61936,1.60616,1.61648,0.0
2010-01-13,1.61629,1.63065,1.61356,1.62786,0.0
2010-01-14,1.62764,1.63463,1.625,1.63325,0.0
2010-01-15,1.633,1.63545,1.62095,1.62622,0.0
2010-01-18,1.6261,1.63772,1.62491,1.63402,0.0
2010-01-19,1.63406,1.64573,1.63107,1.63599,0.0
2010-01-20,1.63596,1.63702,1.62429,1.62897,0.0
2010-01-21,1.62892,1.63113,1.61243,1.61942,0.0
2010-01-22,1.61952,1.62829,1.60761,1.61114,0.0
2010-01-25,1.61001,1.62592,1.6088,1.62416,0.0
2010-01-26,1.6241,1.62671,1.60924,1.61411,0.0
2010-01-27,1.61419,1.62434,1.6106,1.61682,0.0
2010-01-28,1.61677,1.62761,1.61123,1.61361,0.0
2010-01-29,1.6136,1.61782,1.59767,1.59777,0.0
2010-02-01,1.59443,1.59776,1.58495,1.59565,0.0
2010-02-02,1.59549,1.59946,1.59017,1.59724,0.0
2010-02-03,1.59727,1.60689,1.58759,1.58867,0.0
2010-02-04,1.58931,1.59181,1.57295,1.57536,0.0
2010-02-05,1.57531,1.57748,1.55571,1.56396,0.0
2010-02-08,1.56158,1.56589,1.55337,1.55842,0.0
2010-02-09,1.55833,1.57464,1.55607,1.57174,0.0
2010-02-10,1.57152,1.57644,1.55701,1.5594,0.0
2010-02-11,1.55936,1.57165,1.55585,1.5703,0.0
2010-02-12,1.57019,1.57401,1.5579,1.5699,0.0
2010-02-15,1.56798,1.57198,1.56106,1.56575,0.0
2010-02-16,1.56585,1.57945,1.56262,1.57904,0.0
2010-02-17,1.5787,1.58142,1.56651,1.56715,0.0
2010-02-18,1.56716,1.56871,1.54942,1.55252,0.0
2010-02-19,1.55252,1.55293,1.53518,1.5471,0.0
2010-02-22,1.54735,1.55196,1.54308,1.54803,0.0
2010-02-23,1.54794,1.55743,1.53925,1.5424,0.0
2010-02-24,1.54255,1.54752,1.53854,1.54073,0.0
2010-02-25,1.54068,1.54211,1.51881,1.52638,0.0
2010-02-26,1.52601,1.53189,1.51511,1.52347,0.0
2010-03-01,1.5154,1.52029,1.47804,1.49876,0.0
2010-03-02,1.4991,1.49977,1.48534,1.49696,0.0
2010-03-03,1.49683,1.51305,1.49578,1.50971,0.0
2010-03-04,1.50992,1.51354,1.50049,1.50309,0.0
2010-03-05,1.50334,1.51661,1.49913,1.51364,0.0
2010-03-08,1.51273,1.51952,1.50301,1.50646,0.0
2010-03-09,1.50639,1.50681,1.49351,1.4995,0.0
2010-03-10,1.4995,1.50152,1.48704,1.49759,0.0
2010-03-11,1.4977,1.50659,1.4945,1.50597,0.0
2010-03-12,1.50579,1.52168,1.50254,1.52015,0.0
2010-03-15,1.51752,1.52061,1.50184,1.5055,0.0
2010-03-16,1.50544,1.52585,1.49763,1.52416,0.0
2010-03-17,1.52407,1.5381,1.52079,1.53253,0.0
2010-03-18,1.53214,1.53273,1.52154,1.52451,0.0
2010-03-19,1.52421,1.52549,1.49877,1.50111,0.0
2010-03-22,1.50238,1.51058,1.49313,1.50984,0.0
2010-03-23,1.50994,1.51117,1.49716,1.5046,0.0
2010-03-24,1.50455,1.50462,1.48627,1.48646,0.0
2010-03-25,1.48614,1.50042,1.47969,1.48118,0.0
2010-03-26,1.48108,1.49233,1.48043,1.4896,0.0
2010-03-29,1.49208,1.50182,1.48908,1.49867,0.0
2010-03-30,1.49872,1.51256,1.49733,1.50673,0.0
2010-03-31,1.50623,1.52032,1.50422,1.51825,0.0
2010-04-01,1.51796,1.52975,1.517,1.52905,0.0
2010-04-02,1.52895,1.52954,1.51809,1.52068,0.0
2010-04-05,1.52809,1.53188,1.52222,1.52933,0.0
2010-04-06,1.52914,1.53063,1.51279,1.5265,0.0
2010-04-07,1.52647,1.52851,1.51375,1.52377,0.0
2010-04-08,1.5242,1.52789,1.51403,1.52774,0.0
2010-04-09,1.52785,1.53906,1.52669,1.53735,0.0
2010-04-12,1.54597,1.54846,1.53515,1.53665,0.0
2010-04-13,1.53705,1.54485,1.53357,1.53796,0.0
2010-04-14,1.53735,1.549,1.53709,1.54647,0.0
2010-04-15,1.54667,1.55226,1.53844,1.54932,0.0
2010-04-16,1.54952,1.5506,1.5356,1.5361,0.0
2010-04-19,1.52744,1.53397,1.51904,1.5336,0.0
2010-04-20,1.53368,1.54319,1.52888,1.5357,0.0
2010-04-21,1.53579,1.54389,1.53316,1.54093,0.0
2010-04-22,1.54105,1.54726,1.53409,1.53762,0.0
2010-04-23,1.53892,1.5398,1.52941,1.53756,0.0
2010-04-26,1.53858,1.54968,1.53712,1.54569,0.0
2010-04-27,1.54604,1.54824,1.52396,1.52629,0.0
2010-04-28,1.5256,1.52874,1.51244,1.52067,0.0
2010-04-29,1.52021,1.53403,1.51414,1.53173,0.0
2010-04-30,1.53195,1.53907,1.52525,1.52722,0.0
2010-05-03,1.5315,1.53154,1.521,1.52441,0.0
2010-05-04,1.52407,1.52641,1.50892,1.51414,0.0
2010-05-05,1.51435,1.51721,1.50668,1.51,0.0
2010-05-06,1.50947,1.51467,1.47083,1.48313,0.0
2010-05-07,1.48706,1.49344,1.44742,1.48009,0.0
2010-05-10,1.4878,1.50531,1.47595,1.4845,0.0
2010-05-11,1.48451,1.50034,1.4719,1.4953,0.0
2010-05-12,1.49488,1.50444,1.48179,1.48225,0.0
2010-05-13,1.48192,1.4917,1.45931,1.46121,0.0
2010-05-14,1.46091,1.46389,1.44948,1.45386,0.0
2010-05-17,1.45095,1.45447,1.42511,1.44731,0.0
2010-05-18,1.44781,1.4519,1.43045,1.43331,0.0
2010-05-19,1.43257,1.44479,1.42369,1.44408,0.0
2010-05-20,1.44435,1.44646,1.42295,1.43651,0.0
2010-05-21,1.43583,1.4495,1.43155,1.44567,0.0
2010-05-24,1.4462,1.45274,1.43509,1.44231,0.0
2010-05-25,1.44208,1.44229,1.42576,1.44069,0.0
2010-05-26,1.44061,1.4448,1.43295,1.43863,0.0
2010-05-27,1.43874,1.46061,1.43663,1.458,0.0
2010-05-28,1.45857,1.46096,1.44335,1.44547,0.0
2010-05-31,1.44166,1.45473,1.44008,1.45362,0.0
2010-06-01,1.45369,1.47219,1.44379,1.46479,0.0
2010-06-02,1.46438,1.4769,1.45517,1.46502,0.0
2010-06-03,1.46501,1.47418,1.45853,1.46118,0.0
2010-06-04,1.46079,1.4681,1.44513,1.44516,0.0
2010-06-07,1.44091,1.4562,1.43872,1.44665,0.0
2010-06-08,1.44655,1.45285,1.43452,1.44693,0.0
2010-06-09,1.44655,1.46065,1.4395,1.45255,0.0
2010-06-10,1.45281,1.47162,1.45084,1.47122,0.0
2010-06-11,1.47112,1.47572,1.45029,1.4548,0.0
2010-06-14,1.45743,1.48075,1.45493,1.47384,0.0
2010-06-15,1.47411,1.48355,1.46808,1.48022,0.0
2010-06-16,1.48022,1.48543,1.47255,1.47289,0.0
2010-06-17,1.47201,1.4837,1.46434,1.48228,0.0
2010-06-18,1.48194,1.48853,1.47705,1.48206,0.0
2010-06-21,1.48586,1.49363,1.47376,1.47547,0.0
2010-06-22,1.47507,1.48579,1.46858,1.48125,0.0
2010-06-23,1.48154,1.49731,1.48018,1.49547,0.0
2010-06-24,1.49615,1.50109,1.49149,1.49353,0.0
2010-06-25,1.49441,1.50761,1.48551,1.50577,0.0
2010-06-28,1.50578,1.51278,1.50156,1.51035,0.0
2010-06-29,1.50967,1.51195,1.50113,1.50647,0.0
2010-06-30,1.5059,1.50732,1.49342,1.49436,0.0
2010-07-01,1.49394,1.51892,1.48719,1.51752,0.0
2010-07-02,1.51758,1.52284,1.51482,1.51922,0.0
2010-07-05,1.52006,1.52013,1.50892,1.51335,0.0
2010-07-06,1.51328,1.52261,1.50808,1.5148,0.0
2010-07-07,1.51485,1.52183,1.50801,1.5187,0.0
2010-07-08,1.519,1.52399,1.51013,1.51652,0.0
2010-07-09,1.51652,1.52028,1.50497,1.50621,0.0
2010-07-12,1.5075,1.50851,1.49473,1.503,0.0
2010-07-13,1.50285,1.51912,1.49643,1.51746,0.0
2010-07-14,1.51748,1.52965,1.51685,1.52656,0.0
2010-07-15,1.5265,1.54714,1.52358,1.54597,0.0
2010-07-16,1.54553,1.54617,1.52778,1.52977,0.0
2010-07-19,1.52746,1.53507,1.5202,1.52282,0.0
2010-07-20,1.52272,1.53095,1.51524,1.52608,0.0
2010-07-21,1.52617,1.53344,1.51233,1.51624,0.0
2010-07-22,1.51648,1.52954,1.51491,1.52572,0.0
2010-07-23,1.52572,1.54482,1.52498,1.54189,0.0
2010-07-26,1.54148,1.5519,1.54075,1.54878,0.0
2010-07-27,1.54877,1.55982,1.54412,1.55919,0.0
2010-07-28,1.55915,1.5637,1.55446,1.55953,0.0
2010-07-29,1.56008,1.56611,1.55788,1.56112,0.0
2010-07-30,1.5611,1.572,1.55509,1.56839,0.0
2010-08-02,1.57087,1.59059,1.56942,1.58845,0.0
2010-08-03,1.58839,1.59666,1.58605,1.59511,0.0
2010-08-04,1.59532,1.59629,1.58557,1.58821,0.0
2010-08-05,1.58796,1.59229,1.58194,1.58947,0.0
2010-08-06,1.58957,1.59967,1.58393,1.59397,0.0
2010-08-09,1.59626,1.59941,1.589,1.589,0.0
2010-08-10,1.58911,1.59074,1.57094,1.58499,0.0
2010-08-11,1.58485,1.58603,1.56276,1.5656,0.0
2010-08-12,1.56547,1.57118,1.55607,1.55765,0.0
2010-08-13,1.55795,1.56792,1.55632,1.5592,0.0
2010-08-16,1.56076,1.57014,1.55346,1.56621,0.0
2010-08-17,1.56627,1.56945,1.55508,1.55853,0.0
2010-08-18,1.55848,1.56872,1.54961,1.55932,0.0
2010-08-19,1.55924,1.56701,1.55075,1.55959,0.0
2010-08-20,1.56019,1.56024,1.54623,1.55305,0.0
2010-08-23,1.55298,1.56181,1.54995,1.55113,0.0
2010-08-24,1.55114,1.55132,1.53714,1.53932,0.0
2010-08-25,1.53951,1.54692,1.53892,1.54562,0.0
2010-08-26,1.54575,1.55962,1.5456,1.55265,0.0
2010-08-27,1.55288,1.55425,1.54415,1.55261,0.0
2010-08-30,1.55311,1.55741,1.54552,1.54587,0.0
2010-08-31,1.54612,1.54742,1.53263,1.53465,0.0
2010-09-01,1.53474,1.54901,1.53356,1.54527,0.0
2010-09-02,1.54547,1.54619,1.53496,1.53986,0.0
2010-09-03,1.53985,1.54672,1.53884,1.54497,0.0
2010-09-06,1.54286,1.54883,1.53453,1.53912,0.0
2010-09-07,1.53907,1.54229,1.52964,1.53565,0.0
2010-09-08,1.53553,1.55317,1.53427,1.54687,0.0
2010-09-09,1.54702,1.54772,1.5375,1.54269,0.0
2010-09-10,1.54269,1.54654,1.53443,1.53548,0.0
2010-09-13,1.53565,1.5487,1.53512,1.54277,0.0
2010-09-14,1.54269,1.5586,1.53471,1.55382,0.0
2010-09-15,1.55355,1.56508,1.5448,1.5623,0.0
2010-09-16,1.56202,1.56475,1.55373,1.56217,0.0
2010-09-17,1.56237,1.5728,1.55945,1.56297,0.0
2010-09-20,1.5654,1.56845,1.55364,1.55432,0.0
2010-09-21,1.55433,1.56422,1.55027,1.56208,0.0
2010-09-22,1.56201,1.57144,1.56012,1.5663,0.0
2010-09-23,1.56617,1.57404,1.56099,1.56814,0.0
2010-09-24,1.56815,1.58419,1.56406,1.58213,0.0
2010-09-27,1.58181,1.58662,1.57871,1.58265,0.0
2010-09-28,1.58254,1.5894,1.57185,1.58002,0.0
2010-09-29,1.58004,1.58722,1.5761,1.5783,0.0
2010-09-30,1.5783,1.59215,1.56685,1.57143,0.0
2010-10-01,1.5716,1.5872,1.57026,1.58171,0.0
2010-10-04,1.57991,1.58682,1.57483,1.58277,0.0
2010-10-05,1.58268,1.59292,1.57495,1.58892,0.0
2010-10-06,1.58876,1.59386,1.58322,1.5888,0.0
2010-10-07,1.58907,1.60169,1.58263,1.58755,0.0
2010-10-08,1.58756,1.59646,1.58231,1.59603,0.0
2010-10-11,1.59484,1.59616,1.58675,1.58804,0.0
2010-10-12,1.58784,1.59161,1.57543,1.5808,0.0
2010-10-13,1.58082,1.59076,1.57736,1.58951,0.0
2010-10-14,1.58946,1.6066,1.58859,1.60089,0.0
2010-10-15,1.60088,1.61058,1.59697,1.59896,0.0
2010-10-18,1.59743,1.60032,1.58362,1.58737,0.0
2010-10-19,1.58732,1.59418,1.56783,1.57037,0.0
2010-10-20,1.57018,1.58774,1.56496,1.58482,0.0
2010-10-21,1.5847,1.58487,1.56852,1.5703,0.0
2010-10-22,1.57028,1.57495,1.56509,1.56828,0.0
2010-10-25,1.56777,1.57718,1.56623,1.57207,0.0
2010-10-26,1.57195,1.58953,1.56903,1.58442,0.0
2010-10-27,1.58427,1.5865,1.57297,1.57676,0.0
2010-10-28,1.57698,1.59776,1.57614,1.59445,0.0
2010-10-29,1.59422,1.60441,1.58763,1.60376,0.0
2010-11-01,1.60428,1.60887,1.599,1.60335,0.0
2010-11-02,1.60341,1.60792,1.59605,1.60393,0.0
2010-11-03,1.60374,1.61701,1.60058,1.60804,0.0
2010-11-04,1.60798,1.62985,1.60771,1.62646,0.0
2010-11-05,1.62674,1.62943,1.61656,1.61804,0.0
2010-11-08,1.619,1.62132,1.6103,1.61375,0.0
2010-11-09,1.61375,1.61835,1.59513,1.59832,0.0
2010-11-10,1.59811,1.61354,1.59598,1.61187,0.0
2010-11-11,1.612,1.61788,1.60808,1.6122,0.0
2010-11-12,1.61196,1.61828,1.59855,1.6111,0.0
2010-11-15,1.6146,1.61533,1.60408,1.60515,0.0
2010-11-16,1.60507,1.60862,1.58387,1.5885,0.0
2010-11-17,1.58827,1.59477,1.58537,1.59054,0.0
2010-11-18,1.59052,1.60552,1.58871,1.604,0.0
2010-11-19,1.60435,1.60939,1.59356,1.59774,0.0
2010-11-22,1.59781,1.60832,1.58979,1.59553,0.0
2010-11-23,1.5954,1.59638,1.57582,1.57729,0.0
2010-11-24,1.57732,1.58369,1.57408,1.57707,0.0
2010-11-25,1.57712,1.57935,1.57247,1.57578,0.0
2010-11-26,1.57568,1.57715,1.55762,1.5588,0.0
2010-11-29,1.55929,1.56462,1.5527,1.5571,0.0
2010-11-30,1.55698,1.55948,1.54841,1.55604,0.0
2010-12-01,1.55613,1.56476,1.55465,1.56208,0.0
2010-12-02,1.56197,1.56667,1.55109,1.55983,0.0
2010-12-03,1.55974,1.57877,1.558,1.57746,0.0
2010-12-06,1.57559,1.57735,1.56547,1.5714,0.0
2010-12-07,1.57114,1.58215,1.57023,1.57561,0.0
2010-12-08,1.57554,1.58352,1.56674,1.58025,0.0
2010-12-09,1.58029,1.58401,1.57111,1.57681,0.0
2010-12-10,1.57684,1.58618,1.57467,1.57992,0.0
2010-12-13,1.5796,1.58961,1.5718,1.58604,0.0
2010-12-14,1.58604,1.59108,1.57385,1.57737,0.0
2010-12-15,1.57704,1.57721,1.55302,1.55433,0.0
2010-12-16,1.55421,1.56362,1.55384,1.5631,0.0
2010-12-17,1.56294,1.5646,1.54539,1.55304,0.0
2010-12-20,1.55141,1.55759,1.54752,1.55119,0.0
2010-12-21,1.55083,1.55669,1.54352,1.54686,0.0
2010-12-22,1.54632,1.54934,1.53524,1.53839,0.0
2010-12-23,1.53849,1.54365,1.53727,1.54261,0.0
2010-12-24,1.54279,1.54747,1.54168,1.54364,0.0
2010-12-27,1.54397,1.54561,1.53692,1.54192,0.0
2010-12-28,1.54199,1.55108,1.53447,1.53642,0.0
2010-12-29,1.53659,1.55176,1.53495,1.54989,0.0
2010-12-30,1.54974,1.55351,1.53663,1.54259,0.0
2010-12-31,1.54284,1.56647,1.54233,1.55904,0.0
2011-01-03,1.55637,1.55844,1.54328,1.54876,0.0
2011-01-04,1.54869,1.56453,1.54536,1.55834,0.0
2011-01-05,1.55854,1.56271,1.54503,1.55132,0.0
2011-01-06,1.55119,1.55637,1.54486,1.5472,0.0
2011-01-07,1.54659,1.55783,1.54054,1.55443,0.0
2011-01-10,1.55213,1.5602,1.54746,1.55717,0.0
2011-01-11,1.55704,1.56393,1.55119,1.55979,0.0
2011-01-12,1.55957,1.57799,1.55827,1.57617,0.0
2011-01-13,1.57579,1.58835,1.57177,1.58371,0.0
2011-01-14,1.5833,1.58882,1.58095,1.58666,0.0
2011-01-17,1.58635,1.59543,1.58345,1.58862,0.0
2011-01-18,1.58835,1.60586,1.58766,1.59614,0.0
2011-01-19,1.59595,1.60372,1.59445,1.5994,0.0
2011-01-20,1.59934,1.60096,1.58368,1.58953,0.0
2011-01-21,1.58987,1.60161,1.58665,1.59974,0.0
2011-01-24,1.60001,1.60131,1.59201,1.59866,0.0
2011-01-25,1.59864,1.60164,1.57502,1.58156,0.0
2011-01-26,1.58134,1.59348,1.57689,1.59332,0.0
2011-01-27,1.59323,1.59899,1.5879,1.59274,0.0
2011-01-28,1.59267,1.59663,1.58247,1.58582,0.0
2011-01-31,1.58454,1.60484,1.58205,1.60115,0.0
2011-02-01,1.60119,1.61637,1.60089,1.61403,0.0
2011-02-02,1.61364,1.623,1.6127,1.61905,0.0
2011-02-03,1.61896,1.62777,1.61211,1.61344,0.0
2011-02-04,1.61334,1.61718,1.6036,1.61089,0.0
2011-02-07,1.60966,1.61842,1.60893,1.61084,0.0
2011-02-08,1.61066,1.61621,1.60272,1.60677,0.0
2011-02-09,1.60659,1.6124,1.60321,1.61012,0.0
2011-02-10,1.60998,1.61371,1.60103,1.60968,0.0
2011-02-11,1.60965,1.61118,1.59621,1.60041,0.0
2011-02-14,1.59838,1.60767,1.59807,1.60369,0.0
2011-02-15,1.60369,1.61705,1.60066,1.61254,0.0
2011-02-16,1.61232,1.61852,1.59862,1.60929,0.0
2011-02-17,1.60929,1.61865,1.6075,1.61724,0.0
2011-02-18,1.61704,1.62622,1.61474,1.62524,0.0
2011-02-21,1.62577,1.62588,1.62043,1.62249,0.0
2011-02-22,1.62235,1.62272,1.61004,1.61344,0.0
2011-02-23,1.61374,1.62734,1.61312,1.62102,0.0
2011-02-24,1.62117,1.62539,1.60842,1.61359,0.0
2011-02-25,1.61359,1.61603,1.60301,1.61165,0.0
2011-02-28,1.611,1.6276,1.60705,1.62544,0.0
2011-03-01,1.62589,1.63294,1.62505,1.62656,0.0
2011-03-02,1.62689,1.63431,1.62142,1.63231,0.0
2011-03-03,1.6323,1.63327,1.62524,1.62744,0.0
2011-03-04,1.62739,1.63047,1.62346,1.62674,0.0
2011-03-07,1.62737,1.63418,1.61819,1.61994,0.0
2011-03-08,1.61989,1.62076,1.61248,1.61592,0.0
2011-03-09,1.61589,1.62423,1.61374,1.62009,0.0
2011-03-10,1.61989,1.62122,1.60385,1.60594,0.0
2011-03-11,1.60582,1.60864,1.59767,1.60791,0.0
2011-03-14,1.60897,1.61985,1.60265,1.61707,0.0
2011-03-15,1.61708,1.61835,1.5977,1.60769,0.0
2011-03-16,1.60771,1.61305,1.59851,1.60223,0.0
2011-03-17,1.60243,1.6171,1.59808,1.61339,0.0
2011-03-18,1.61348,1.62556,1.60597,1.62298,0.0
2011-03-21,1.62315,1.63265,1.62026,1.63084,0.0
2011-03-22,1.63071,1.64001,1.62918,1.63623,0.0
2011-03-23,1.63631,1.63817,1.62183,1.62336,0.0
2011-03-24,1.62333,1.62662,1.60902,1.61206,0.0
2011-03-25,1.61126,1.61409,1.60064,1.60398,0.0
2011-03-28,1.60023,1.60371,1.59355,1.59909,0.0
2011-03-29,1.59892,1.60419,1.59423,1.60088,0.0
2011-03-30,1.60078,1.60824,1.59774,1.60725,0.0
2011-03-31,1.60713,1.61503,1.60149,1.60259,0.0
2011-04-01,1.60261,1.61318,1.59713,1.61097,0.0
2011-04-04,1.61061,1.61767,1.61024,1.61291,0.0
2011-04-05,1.61292,1.62965,1.60913,1.62947,0.0
2011-04-06,1.62952,1.63631,1.62563,1.63299,0.0
2011-04-07,1.63291,1.63503,1.62624,1.63206,0.0
2011-04-08,1.63201,1.64275,1.63137,1.63806,0.0
2011-04-11,1.63693,1.64255,1.63128,1.63437,0.0
2011-04-12,1.63425,1.63493,1.62266,1.62545,0.0
2011-04-13,1.6251,1.63088,1.62368,1.6266,0.0
2011-04-14,1.62665,1.63847,1.62537,1.63512,0.0
2011-04-15,1.63495,1.63726,1.62914,1.63248,0.0
2011-04-18,1.63065,1.63279,1.61652,1.62635,0.0
2011-04-19,1.62625,1.63362,1.62294,1.63115,0.0
2011-04-20,1.63125,1.64252,1.63069,1.64065,0.0
2011-04-21,1.6407,1.65993,1.63852,1.65195,0.0
2011-04-22,1.6519,1.65687,1.65014,1.65028,0.0
2011-04-25,1.6522,1.65516,1.6467,1.6495,0.0
2011-04-26,1.64945,1.65318,1.64307,1.64745,0.0
2011-04-27,1.64739,1.66363,1.64341,1.66232,0.0
2011-04-28,1.662,1.6746,1.66183,1.6623,0.0
2011-04-29,1.66245,1.67215,1.66229,1.67044,0.0
2011-05-02,1.6706,1.67376,1.66352,1.66458,0.0
2011-05-03,1.66525,1.66602,1.64625,1.64778,0.0
2011-05-04,1.6484,1.65736,1.64519,1.64775,0.0
2011-05-05,1.6481,1.65432,1.63575,1.6379,0.0
2011-05-06,1.63765,1.64631,1.63541,1.63621,0.0
2011-05-09,1.6352,1.64063,1.62698,1.64013,0.0
2011-05-10,1.63955,1.64207,1.63156,1.63628,0.0
2011-05-11,1.63626,1.65173,1.63214,1.63469,0.0
2011-05-12,1.6345,1.63789,1.62341,1.62904,0.0
2011-05-13,1.62835,1.63082,1.61462,1.61946,0.0
2011-05-16,1.62083,1.62543,1.6159,1.61912,0.0
2011-05-17,1.6183,1.6303,1.61737,1.62498,0.0
2011-05-18,1.62435,1.62875,1.61049,1.61649,0.0
2011-05-19,1.61573,1.62424,1.61302,1.6236,0.0
2011-05-20,1.62347,1.63039,1.61662,1.62323,0.0
2011-05-23,1.62162,1.62327,1.60871,1.6122,0.0
2011-05-24,1.61202,1.62086,1.60578,1.6178,0.0
2011-05-25,1.61731,1.62929,1.61318,1.62725,0.0
2011-05-26,1.62706,1.64012,1.62666,1.63998,0.0
2011-05-27,1.64056,1.65117,1.63784,1.65078,0.0
2011-05-30,1.6495,1.65115,1.64498,1.64722,0.0
2011-05-31,1.64711,1.65464,1.6423,1.64452,0.0
2011-06-01,1.64453,1.64954,1.63298,1.63343,0.0
2011-06-02,1.63295,1.64174,1.63044,1.6368,0.0
2011-06-03,1.63696,1.64376,1.6285,1.64226,0.0
2011-06-06,1.64143,1.64597,1.63405,1.63571,0.0
2011-06-07,1.63486,1.64715,1.63237,1.64457,0.0
2011-06-08,1.6442,1.64505,1.63476,1.64032,0.0
2011-06-09,1.64006,1.64656,1.63576,1.63657,0.0
2011-06-10,1.636,1.63831,1.62078,1.62283,0.0
2011-06-13,1.62304,1.63896,1.62154,1.6375,0.0
2011-06-14,1.63746,1.64413,1.63548,1.6369,0.0
2011-06-15,1.63681,1.63826,1.6168,1.61912,0.0
2011-06-16,1.6187,1.62244,1.60783,1.61568,0.0
2011-06-17,1.61546,1.61973,1.60932,1.61909,0.0
2011-06-20,1.61565,1.62347,1.61087,1.62002,0.0
2011-06-21,1.61996,1.6254,1.61666,1.62441,0.0
2011-06-22,1.62354,1.62624,1.60604,1.60727,0.0
2011-06-23,1.60631,1.60737,1.59375,1.60031,0.0
2011-06-24,1.59975,1.60467,1.59509,1.59561,0.0
2011-06-27,1.59603,1.60114,1.59126,1.59896,0.0
2011-06-28,1.59819,1.60437,1.59109,1.59996,0.0
2011-06-29,1.59934,1.6074,1.59697,1.60605,0.0
2011-06-30,1.6054,1.61172,1.59728,1.60503,0.0
2011-07-01,1.60445,1.60954,1.59874,1.60655,0.0
2011-07-04,1.6052,1.61399,1.6052,1.60733,0.0
2011-07-05,1.60791,1.61276,1.59902,1.60526,0.0
2011-07-06,1.60534,1.60902,1.59473,1.59959,0.0
2011-07-07,1.5996,1.60178,1.59437,1.59661,0.0
2011-07-08,1.59621,1.60775,1.59309,1.6049,0.0
2011-07-11,1.59827,1.60415,1.58818,1.58988,0.0
2011-07-12,1.58987,1.59484,1.57802,1.59028,0.0
2011-07-13,1.59031,1.61207,1.5902,1.60966,0.0
2011-07-14,1.60978,1.61934,1.6091,1.61322,0.0
2011-07-15,1.61401,1.61752,1.60756,1.61234,0.0
2011-07-18,1.61073,1.61337,1.60046,1.60496,0.0
2011-07-19,1.60551,1.61771,1.60403,1.61151,0.0
2011-07-20,1.61206,1.61664,1.60682,1.6152,0.0
2011-07-21,1.61525,1.63328,1.61203,1.63281,0.0
2011-07-22,1.63286,1.63376,1.62641,1.62981,0.0
2011-07-25,1.6327,1.63428,1.62608,1.62742,0.0
2011-07-26,1.62747,1.6428,1.6265,1.64043,0.0
2011-07-27,1.64053,1.64383,1.63118,1.63274,0.0
2011-07-28,1.63268,1.63824,1.62934,1.63713,0.0
2011-07-29,1.63711,1.64696,1.62606,1.64242,0.0
2011-08-01,1.64212,1.64742,1.62369,1.62929,0.0
2011-08-02,1.62911,1.63287,1.62236,1.62969,0.0
2011-08-03,1.62967,1.64301,1.62502,1.64253,0.0
2011-08-04,1.64282,1.64394,1.62435,1.62443,0.0
2011-08-05,1.62424,1.63966,1.62283,1.63881,0.0
2011-08-08,1.64603,1.64758,1.62964,1.63153,0.0
2011-08-09,1.63157,1.64109,1.61754,1.63142,0.0
2011-08-10,1.63146,1.63352,1.61229,1.61323,0.0
2011-08-11,1.61325,1.62381,1.61106,1.62365,0.0
2011-08-12,1.62347,1.63121,1.61658,1.62706,0.0
2011-08-15,1.62768,1.64089,1.62548,1.63875,0.0
2011-08-16,1.63859,1.64759,1.63224,1.64533,0.0
2011-08-17,1.64535,1.65909,1.63479,1.65416,0.0
2011-08-18,1.65424,1.65544,1.64201,1.65149,0.0
2011-08-19,1.65139,1.66177,1.64435,1.64571,0.0
2011-08-22,1.64589,1.65204,1.64348,1.64516,0.0
2011-08-23,1.64521,1.6572,1.64461,1.64929,0.0
2011-08-24,1.64926,1.65332,1.63653,1.63716,0.0
2011-08-25,1.63721,1.63966,1.626,1.62789,0.0
2011-08-26,1.62791,1.63779,1.62076,1.63631,0.0
2011-08-29,1.63497,1.64534,1.63223,1.64059,0.0
2011-08-30,1.64074,1.64201,1.62546,1.62979,0.0
2011-08-31,1.6298,1.63336,1.62307,1.62511,0.0
2011-09-01,1.62505,1.6261,1.61311,1.61776,0.0
2011-09-02,1.61781,1.62529,1.61714,1.62116,0.0
2011-09-05,1.61501,1.61852,1.60611,1.61137,0.0
2011-09-06,1.61132,1.62061,1.59203,1.594,0.0
2011-09-07,1.59381,1.60389,1.59177,1.59887,0.0
2011-09-08,1.59881,1.60823,1.59127,1.59561,0.0
2011-09-09,1.59534,1.599,1.58436,1.58731,0.0
2011-09-12,1.58314,1.58856,1.57723,1.58587,0.0
2011-09-13,1.58581,1.58694,1.57614,1.57766,0.0
2011-09-14,1.57767,1.58143,1.5706,1.57688,0.0
2011-09-15,1.57655,1.58683,1.57302,1.57979,0.0
2011-09-16,1.58001,1.58406,1.57446,1.57871,0.0
2011-09-19,1.57304,1.57553,1.56327,1.57016,0.0
2011-09-20,1.57006,1.57469,1.56546,1.57356,0.0
2011-09-21,1.57334,1.57455,1.54851,1.54982,0.0
2011-09-22,1.54981,1.55184,1.53274,1.53403,0.0
2011-09-23,1.53404,1.54909,1.53273,1.54417,0.0
2011-09-26,1.5477,1.55703,1.54319,1.55614,0.0
2011-09-27,1.55623,1.57045,1.55255,1.56325,0.0
2011-09-28,1.5633,1.5677,1.55637,1.55742,0.0
2011-09-29,1.55708,1.57152,1.55423,1.56229,0.0
2011-09-30,1.56241,1.56649,1.55322,1.55834,0.0
2011-10-03,1.55477,1.55854,1.54265,1.54267,0.0
2011-10-04,1.54291,1.54942,1.53394,1.54894,0.0
2011-10-05,1.54858,1.54928,1.53937,1.54607,0.0
2011-10-06,1.54593,1.55009,1.52712,1.54432,0.0
2011-10-07,1.54448,1.56455,1.54225,1.55591,0.0
2011-10-10,1.55543,1.56884,1.55271,1.56662,0.0
2011-10-11,1.56633,1.56684,1.55744,1.55744,0.0
2011-10-12,1.55759,1.57973,1.55421,1.57485,0.0
2011-10-13,1.57468,1.5784,1.56653,1.57643,0.0
2011-10-14,1.5761,1.58516,1.57208,1.58185,0.0
2011-10-17,1.58277,1.58472,1.57303,1.57413,0.0
2011-10-18,1.57428,1.58208,1.56311,1.57109,0.0
2011-10-19,1.57107,1.58473,1.56944,1.57719,0.0
2011-10-20,1.57724,1.5803,1.5681,1.57872,0.0
2011-10-21,1.57878,1.59731,1.5753,1.59501,0.0
2011-10-24,1.59304,1.60073,1.58995,1.59952,0.0
2011-10-25,1.59944,1.60388,1.59561,1.60006,0.0
2011-10-26,1.60001,1.60412,1.58901,1.59744,0.0
2011-10-27,1.59698,1.61409,1.59535,1.60961,0.0
2011-10-28,1.60961,1.61516,1.60707,1.61154,0.0
2011-10-31,1.61184,1.61655,1.59642,1.60863,0.0
2011-11-01,1.6083,1.60941,1.58897,1.59454,0.0
2011-11-02,1.59465,1.60467,1.59153,1.59489,0.0
2011-11-03,1.59459,1.60611,1.58758,1.60447,0.0
2011-11-04,1.60411,1.60626,1.59454,1.60278,0.0
2011-11-07,1.60597,1.60786,1.59791,1.6057,0.0
2011-11-08,1.60466,1.61296,1.6035,1.60875,0.0
2011-11-09,1.60874,1.61196,1.59042,1.59219,0.0
2011-11-10,1.59064,1.59848,1.58678,1.59325,0.0
2011-11-11,1.59325,1.60925,1.58946,1.60763,0.0
2011-11-14,1.60845,1.60915,1.58799,1.59079,0.0
2011-11-15,1.59074,1.59311,1.57988,1.58212,0.0
2011-11-16,1.58213,1.58261,1.57221,1.57326,0.0
2011-11-17,1.5729,1.58123,1.56902,1.5755,0.0
2011-11-18,1.57523,1.58876,1.57367,1.57995,0.0
2011-11-21,1.57948,1.57964,1.56117,1.56385,0.0
2011-11-22,1.56394,1.56911,1.55817,1.5632,0.0
2011-11-23,1.56311,1.56545,1.54939,1.55222,0.0
2011-11-24,1.55213,1.55653,1.5484,1.54919,0.0
2011-11-25,1.54927,1.55179,1.54224,1.54352,0.0
2011-11-28,1.54845,1.55938,1.54579,1.55068,0.0
2011-11-29,1.55057,1.56559,1.54684,1.5593,0.0
2011-11-30,1.55953,1.57791,1.55252,1.57052,0.0
2011-12-01,1.57009,1.57552,1.56362,1.56888,0.0
2011-12-02,1.56864,1.57257,1.55759,1.55954,0.0
2011-12-05,1.55904,1.57171,1.55844,1.56458,0.0
2011-12-06,1.56423,1.56634,1.55607,1.55982,0.0
2011-12-07,1.55978,1.57234,1.55939,1.57089,0.0
2011-12-08,1.57067,1.57698,1.56097,1.56259,0.0
2011-12-09,1.56267,1.57344,1.55842,1.56664,0.0
2011-12-12,1.56513,1.5657,1.55364,1.55816,0.0
2011-12-13,1.55819,1.56292,1.54504,1.54819,0.0
2011-12-14,1.54764,1.55311,1.5408,1.5464,0.0
2011-12-15,1.54619,1.55292,1.5433,1.55102,0.0
2011-12-16,1.55127,1.5557,1.54827,1.55433,0.0
2011-12-19,1.55369,1.55445,1.54644,1.54972,0.0
2011-12-20,1.54946,1.57001,1.54946,1.56597,0.0
2011-12-21,1.56583,1.57735,1.5647,1.56738,0.0
2011-12-22,1.56722,1.5728,1.56487,1.56767,0.0
2011-12-23,1.56762,1.5707,1.55825,1.55825,0.0
2011-12-27,1.56234,1.56855,1.55961,1.56697,0.0
2011-12-28,1.5666,1.56913,1.54411,1.54554,0.0
2011-12-29,1.54544,1.54751,1.53612,1.54126,0.0
2011-12-30,1.5413,1.5571,1.54004,1.5531,0.0
2012-01-02,1.54844,1.55435,1.54666,1.55097,0.0
2012-01-03,1.55077,1.56692,1.54957,1.56467,0.0
2012-01-04,1.56463,1.56684,1.5579,1.56199,0.0
2012-01-05,1.56172,1.56284,1.54666,1.54924,0.0
2012-01-06,1.54912,1.55248,1.5375,1.54247,0.0
2012-01-09,1.54207,1.54693,1.53952,1.54604,0.0
2012-01-10,1.54539,1.55003,1.5444,1.54828,0.0
2012-01-11,1.54814,1.54899,1.53084,1.53244,0.0
2012-01-12,1.53266,1.53671,1.52787,1.5331,0.0
2012-01-13,1.53278,1.54084,1.52328,1.53192,0.0
2012-01-16,1.52854,1.53519,1.52755,1.53256,0.0
2012-01-17,1.53208,1.54036,1.53095,1.53323,0.0
2012-01-18,1.53327,1.54412,1.53259,1.5437,0.0
2012-01-19,1.54351,1.54915,1.54147,1.54871,0.0
2012-01-20,1.54812,1.55761,1.54496,1.55751,0.0
2012-01-23,1.55612,1.56014,1.55162,1.55679,0.0
2012-01-24,1.55634,1.56248,1.55322,1.56241,0.0
2012-01-25,1.5624,1.56783,1.55288,1.56558,0.0
2012-01-26,1.56542,1.57346,1.56449,1.5689,0.0
2012-01-27,1.56858,1.57396,1.56408,1.57266,0.0
2012-01-30,1.57311,1.57333,1.56533,1.57097,0.0
2012-01-31,1.57088,1.57959,1.56978,1.57603,0.0
2012-02-01,1.57558,1.58822,1.57057,1.58309,0.0
2012-02-02,1.58286,1.58583,1.5795,1.58036,0.0
2012-02-03,1.58008,1.58598,1.57495,1.58178,0.0
2012-02-06,1.57684,1.58406,1.57293,1.58252,0.0
2012-02-07,1.58167,1.59047,1.57874,1.58956,0.0
2012-02-08,1.58946,1.59283,1.57968,1.58151,0.0
2012-02-09,1.58157,1.58845,1.57918,1.58165,0.0
2012-02-10,1.58166,1.58487,1.57299,1.57609,0.0
2012-02-13,1.57706,1.58265,1.57582,1.57651,0.0
2012-02-14,1.57639,1.57697,1.56442,1.56922,0.0
2012-02-15,1.56895,1.57355,1.56701,1.56921,0.0
2012-02-16,1.56908,1.58162,1.56546,1.57996,0.0
2012-02-17,1.57984,1.58614,1.57888,1.58195,0.0
2012-02-20,1.57971,1.58796,1.57971,1.58473,0.0
2012-02-21,1.58481,1.58644,1.57717,1.57772,0.0
2012-02-22,1.57752,1.58136,1.56478,1.56665,0.0
2012-02-23,1.56643,1.57467,1.56495,1.57407,0.0
2012-02-24,1.57423,1.58988,1.57208,1.5873,0.0
2012-02-27,1.58788,1.5901,1.58094,1.58216,0.0
2012-02-28,1.58215,1.59066,1.57991,1.58999,0.0
2012-02-29,1.58981,1.59913,1.58958,1.59161,0.0
2012-03-01,1.59119,1.59745,1.58959,1.59558,0.0
2012-03-02,1.59546,1.59655,1.58225,1.58294,0.0
2012-03-05,1.5824,1.58764,1.57821,1.58632,0.0
2012-03-06,1.58615,1.58813,1.56957,1.57157,0.0
2012-03-07,1.57139,1.57583,1.5697,1.57402,0.0
2012-03-08,1.574,1.58327,1.57236,1.58297,0.0
2012-03-09,1.58301,1.58322,1.56619,1.56681,0.0
2012-03-12,1.56623,1.56948,1.5602,1.56402,0.0
2012-03-13,1.56374,1.57466,1.56201,1.57028,0.0
2012-03-14,1.57024,1.57434,1.56486,1.56743,0.0
2012-03-15,1.56724,1.57363,1.56336,1.57085,0.0
2012-03-16,1.57104,1.58606,1.56935,1.58434,0.0
2012-03-19,1.58353,1.59134,1.58206,1.58928,0.0
2012-03-20,1.58902,1.58997,1.58302,1.58595,0.0
2012-03-21,1.58601,1.59224,1.58162,1.58716,0.0
2012-03-22,1.58711,1.58914,1.57697,1.58191,0.0
2012-03-23,1.58183,1.59082,1.58052,1.58664,0.0
2012-03-26,1.58718,1.59728,1.58004,1.59691,0.0
2012-03-27,1.59691,1.60004,1.59415,1.59483,0.0
2012-03-28,1.59503,1.59636,1.58414,1.58866,0.0
2012-03-29,1.58863,1.59566,1.58594,1.59555,0.0
2012-03-30,1.5956,1.60365,1.59461,1.60087,0.0
2012-04-02,1.60205,1.60624,1.59784,1.60224,0.0
2012-04-03,1.60228,1.6046,1.58906,1.59132,0.0
2012-04-04,1.59106,1.59167,1.5832,1.58877,0.0
2012-04-05,1.58869,1.59078,1.58044,1.58282,0.0
2012-04-06,1.58273,1.58902,1.58204,1.58612,0.0
2012-04-09,1.58868,1.59133,1.58348,1.58924,0.0
2012-04-10,1.58912,1.59297,1.58081,1.58612,0.0
2012-04-11,1.58595,1.59377,1.58513,1.59048,0.0
2012-04-12,1.59037,1.59848,1.58915,1.59583,0.0
2012-04-13,1.59583,1.59689,1.58404,1.58463,0.0
2012-04-16,1.58452,1.59104,1.58182,1.58991,0.0
2012-04-17,1.58981,1.597,1.58618,1.59222,0.0
2012-04-18,1.59229,1.60417,1.58942,1.60202,0.0
2012-04-19,1.60212,1.60774,1.60084,1.6051,0.0
2012-04-20,1.60498,1.61485,1.60376,1.61258,0.0
2012-04-23,1.61181,1.61336,1.60761,1.61313,0.0
2012-04-24,1.61281,1.61635,1.6109,1.61423,0.0
2012-04-25,1.61408,1.61819,1.60807,1.61608,0.0
2012-04-26,1.61596,1.62062,1.61552,1.61872,0.0
2012-04-27,1.61818,1.62798,1.61525,1.62606,0.0
2012-04-30,1.62683,1.6301,1.62206,1.62323,0.0
2012-05-01,1.6228,1.62469,1.61856,1.62203,0.0
2012-05-02,1.62171,1.62384,1.61597,1.6199,0.0
2012-05-03,1.61959,1.62149,1.61589,1.61765,0.0
2012-05-04,1.61751,1.62017,1.61405,1.61538,0.0
2012-05-07,1.61388,1.61961,1.61138,1.61867,0.0
2012-05-08,1.61864,1.61982,1.61238,1.61581,0.0
2012-05-09,1.61562,1.61603,1.60661,1.61276,0.0
2012-05-10,1.6126,1.61817,1.60909,1.61453,0.0
2012-05-11,1.61445,1.61509,1.60611,1.60662,0.0
2012-05-14,1.60628,1.61226,1.60506,1.60902,0.0
2012-05-15,1.60842,1.61133,1.59883,1.59912,0.0
2012-05-16,1.59923,1.59981,1.58886,1.5909,0.0
2012-05-17,1.59087,1.59319,1.5785,1.57968,0.0
2012-05-18,1.57935,1.58375,1.57317,1.58145,0.0
2012-05-21,1.57968,1.58405,1.57791,1.58319,0.0
2012-05-22,1.58307,1.58476,1.57403,1.5759,0.0
2012-05-23,1.57579,1.57708,1.56733,1.56863,0.0
2012-05-24,1.56901,1.57259,1.56379,1.56678,0.0
2012-05-25,1.56643,1.56994,1.56298,1.56616,0.0
2012-05-28,1.56902,1.57162,1.56718,1.56796,0.0
2012-05-29,1.56792,1.57156,1.56072,1.56409,0.0
2012-05-30,1.56359,1.56424,1.54742,1.54788,0.0
2012-05-31,1.54754,1.55257,1.53596,1.54034,0.0
2012-06-01,1.54013,1.54379,1.52675,1.53501,0.0
2012-06-04,1.53583,1.54149,1.53412,1.53825,0.0
2012-06-05,1.53809,1.54082,1.53205,1.5379,0.0
2012-06-06,1.538,1.55151,1.53718,1.54953,0.0
2012-06-07,1.54925,1.55999,1.54288,1.55269,0.0
2012-06-08,1.55235,1.55357,1.54034,1.54629,0.0
2012-06-11,1.55024,1.55817,1.54824,1.54847,0.0
2012-06-12,1.54826,1.55897,1.54532,1.55689,0.0
2012-06-13,1.5567,1.55982,1.55031,1.55038,0.0
2012-06-14,1.55015,1.55636,1.54721,1.55611,0.0
2012-06-15,1.55579,1.5718,1.54755,1.57165,0.0
2012-06-18,1.56971,1.57407,1.5636,1.56643,0.0
2012-06-19,1.56623,1.57567,1.56144,1.57224,0.0
2012-06-20,1.57218,1.57767,1.56497,1.57169,0.0
2012-06-21,1.57127,1.57329,1.55774,1.55934,0.0
2012-06-22,1.55856,1.56338,1.55563,1.55857,0.0
2012-06-25,1.55632,1.55936,1.55383,1.55724,0.0
2012-06-26,1.5571,1.56499,1.55626,1.56415,0.0
2012-06-27,1.56391,1.56409,1.5545,1.55635,0.0
2012-06-28,1.5565,1.56235,1.54843,1.55166,0.0
2012-06-29,1.55157,1.57144,1.54956,1.57037,0.0
2012-07-02,1.56936,1.57213,1.56407,1.56931,0.0
2012-07-03,1.56891,1.57129,1.56575,1.56908,0.0
2012-07-04,1.56851,1.56914,1.55734,1.55906,0.0
2012-07-05,1.55754,1.56224,1.54993,1.55236,0.0
2012-07-06,1.55201,1.55505,1.54604,1.54851,0.0
2012-07-09,1.54751,1.5534,1.547,1.55261,0.0
2012-07-10,1.55242,1.55485,1.54779,1.55166,0.0
2012-07-11,1.55175,1.55775,1.54855,1.5502,0.0
2012-07-12,1.54956,1.55159,1.53923,1.54269,0.0
2012-07-13,1.54243,1.55801,1.54134,1.55756,0.0
2012-07-16,1.55713,1.5654,1.55166,1.5634,0.0
2012-07-17,1.56333,1.56774,1.55529,1.56543,0.0
2012-07-18,1.56476,1.56682,1.55808,1.5651,0.0
2012-07-19,1.5651,1.57371,1.56356,1.57219,0.0
2012-07-20,1.57228,1.57232,1.56114,1.56228,0.0
2012-07-23,1.56125,1.56238,1.54847,1.55058,0.0
2012-07-24,1.55036,1.55517,1.5486,1.5504,0.0
2012-07-25,1.5504,1.55511,1.54579,1.54938,0.0
2012-07-26,1.54964,1.57231,1.54702,1.56858,0.0
2012-07-27,1.56845,1.57673,1.56661,1.57504,0.0
2012-07-30,1.57311,1.57503,1.56719,1.571,0.0
2012-07-31,1.57086,1.57295,1.5625,1.56738,0.0
2012-08-01,1.56751,1.56902,1.55295,1.55354,0.0
2012-08-02,1.55339,1.56785,1.549,1.55122,0.0
2012-08-03,1.55134,1.56562,1.54994,1.56337,0.0
2012-08-06,1.56016,1.56649,1.5546,1.56011,0.0
2012-08-07,1.56009,1.56832,1.55636,1.5621,0.0
2012-08-08,1.56189,1.56767,1.55719,1.56577,0.0
2012-08-09,1.56541,1.5685,1.5605,1.5639,0.0
2012-08-10,1.56317,1.57008,1.55766,1.56845,0.0
2012-08-13,1.56704,1.57166,1.56564,1.5683,0.0
2012-08-14,1.56815,1.57279,1.56704,1.56757,0.0
2012-08-15,1.5674,1.57013,1.56597,1.56814,0.0
2012-08-16,1.56799,1.57439,1.56358,1.57318,0.0
2012-08-17,1.57304,1.57387,1.56735,1.56893,0.0
2012-08-20,1.57029,1.57167,1.56776,1.57064,0.0
2012-08-21,1.57069,1.58039,1.56979,1.57829,0.0
2012-08-22,1.57776,1.58818,1.57655,1.58778,0.0
2012-08-23,1.58776,1.5912,1.58566,1.58579,0.0
2012-08-24,1.58582,1.58688,1.58016,1.58024,0.0
2012-08-27,1.58174,1.58282,1.57904,1.57929,0.0
2012-08-28,1.5792,1.58357,1.57537,1.58191,0.0
2012-08-29,1.58169,1.58549,1.58022,1.58305,0.0
2012-08-30,1.58315,1.58743,1.57703,1.57849,0.0
2012-08-31,1.57833,1.58949,1.57776,1.58634,0.0
2012-09-03,1.58782,1.58979,1.58493,1.58842,0.0
2012-09-04,1.588,1.59088,1.58581,1.58691,0.0
2012-09-05,1.58712,1.59338,1.58254,1.59003,0.0
2012-09-06,1.58999,1.59424,1.58807,1.59314,0.0
2012-09-07,1.59296,1.60337,1.5922,1.6005,0.0
2012-09-10,1.59984,1.60176,1.59588,1.59882,0.0
2012-09-11,1.59862,1.60831,1.59819,1.60674,0.0
2012-09-12,1.60684,1.61305,1.60632,1.61052,0.0
2012-09-13,1.61042,1.61736,1.607,1.61532,0.0
2012-09-14,1.61532,1.62555,1.61429,1.62203,0.0
2012-09-17,1.62196,1.62727,1.62106,1.62482,0.0
2012-09-18,1.62466,1.62667,1.62202,1.62441,0.0
2012-09-19,1.62427,1.62705,1.61845,1.62198,0.0
2012-09-20,1.62178,1.62355,1.61629,1.62139,0.0
2012-09-21,1.62127,1.63089,1.62121,1.62275,0.0
2012-09-24,1.62335,1.62481,1.61812,1.62175,0.0
2012-09-25,1.62162,1.6267,1.61816,1.61873,0.0
2012-09-26,1.61843,1.62084,1.61365,1.61623,0.0
2012-09-27,1.61619,1.62429,1.61597,1.62349,0.0
2012-09-28,1.62328,1.62718,1.6112,1.61501,0.0
2012-10-01,1.61423,1.61745,1.61079,1.61293,0.0
2012-10-02,1.61297,1.61864,1.6124,1.61311,0.0
2012-10-03,1.61297,1.6142,1.60664,1.60759,0.0
2012-10-04,1.60722,1.62017,1.60718,1.61906,0.0
2012-10-05,1.61898,1.62165,1.61223,1.61318,0.0
2012-10-08,1.61282,1.61416,1.60205,1.6024,0.0
2012-10-09,1.60245,1.60458,1.59758,1.60017,0.0
2012-10-10,1.60007,1.60339,1.59757,1.60043,0.0
2012-10-11,1.60036,1.60536,1.59837,1.60432,0.0
2012-10-12,1.60428,1.60967,1.60179,1.60671,0.0
2012-10-15,1.6052,1.60816,1.60205,1.60694,0.0
2012-10-16,1.60679,1.61317,1.60602,1.61106,0.0
2012-10-17,1.6109,1.61778,1.61074,1.61456,0.0
2012-10-18,1.6143,1.61703,1.60409,1.60413,0.0
2012-10-19,1.60413,1.60663,1.59965,1.60053,0.0
2012-10-22,1.60097,1.60518,1.59901,1.60089,0.0
2012-10-23,1.60106,1.60234,1.59128,1.59508,0.0
2012-10-24,1.5949,1.60475,1.59358,1.60372,0.0
2012-10-25,1.60369,1.61431,1.60259,1.61184,0.0
2012-10-26,1.61157,1.61406,1.60804,1.60981,0.0
2012-10-29,1.6093,1.61016,1.60059,1.60283,0.0
2012-10-30,1.60244,1.60852,1.60203,1.60734,0.0
2012-10-31,1.60688,1.6139,1.60663,1.61264,0.0
2012-11-01,1.61277,1.61743,1.61199,1.61292,0.0
2012-11-02,1.61302,1.61325,1.6007,1.60199,0.0
2012-11-05,1.60022,1.60385,1.59566,1.59774,0.0
2012-11-06,1.59761,1.60071,1.59639,1.59964,0.0
2012-11-07,1.59922,1.60418,1.59539,1.59841,0.0
2012-11-08,1.59804,1.60044,1.59285,1.59805,0.0
2012-11-09,1.5982,1.60186,1.58868,1.58957,0.0
2012-11-12,1.59012,1.59147,1.58637,1.58755,0.0
2012-11-13,1.58739,1.59151,1.58574,1.58701,0.0
2012-11-14,1.58689,1.59008,1.58378,1.58392,0.0
2012-11-15,1.58388,1.58788,1.58262,1.58638,0.0
2012-11-16,1.58646,1.59006,1.58354,1.58811,0.0
2012-11-19,1.58832,1.59228,1.58813,1.59078,0.0
2012-11-20,1.5907,1.59357,1.58909,1.59239,0.0
2012-11-21,1.59235,1.59555,1.58822,1.59506,0.0
2012-11-22,1.59499,1.59778,1.5919,1.59404,0.0
2012-11-23,1.59332,1.60507,1.59266,1.60308,0.0
2012-11-26,1.60231,1.60373,1.59961,1.60265,0.0
2012-11-27,1.6025,1.60559,1.60089,1.60233,0.0
2012-11-28,1.60221,1.60242,1.59611,1.60154,0.0
2012-11-29,1.60126,1.60476,1.60017,1.60407,0.0
2012-11-30,1.6038,1.60619,1.59886,1.60089,0.0
2012-12-03,1.60171,1.61151,1.60124,1.609,0.0
2012-12-04,1.60906,1.61302,1.6086,1.60966,0.0
2012-12-05,1.60954,1.6118,1.60816,1.60904,0.0
2012-12-06,1.60915,1.61276,1.60393,1.60495,0.0
2012-12-07,1.6045,1.60606,1.60014,1.6035,0.0
2012-12-10,1.60338,1.60958,1.60135,1.60743,0.0
2012-12-11,1.60737,1.61215,1.60685,1.61126,0.0
2012-12-12,1.61083,1.61714,1.60946,1.61476,0.0
2012-12-13,1.61466,1.61516,1.60838,1.61111,0.0
2012-12-14,1.61094,1.61771,1.61029,1.61675,0.0
2012-12-17,1.61649,1.6216,1.61569,1.62033,0.0
2012-12-18,1.62019,1.62686,1.61936,1.62511,0.0
2012-12-19,1.625,1.63064,1.62421,1.62444,0.0
2012-12-20,1.62435,1.62959,1.62379,1.62767,0.0
2012-12-21,1.62782,1.62808,1.61513,1.61685,0.0
2012-12-24,1.61525,1.62056,1.61006,1.61204,0.0
2012-12-26,1.61216,1.61704,1.61079,1.61364,0.0
2012-12-27,1.61295,1.62021,1.60663,1.60974,0.0
2012-12-28,1.61016,1.61695,1.60779,1.61668,0.0
2012-12-31,1.6156,1.62738,1.61333,1.62455,0.0
2013-01-02,1.62306,1.63802,1.62249,1.62524,0.0
2013-01-03,1.62545,1.62547,1.6091,1.61074,0.0
2013-01-04,1.61041,1.61076,1.60088,1.60696,0.0
2013-01-07,1.60661,1.61168,1.60205,1.61136,0.0
2013-01-08,1.61141,1.61284,1.60283,1.60517,0.0
2013-01-09,1.60559,1.60744,1.5992,1.60223,0.0
2013-01-10,1.60229,1.61672,1.60036,1.61648,0.0
2013-01-11,1.61609,1.61794,1.6088,1.61295,0.0
2013-01-14,1.61277,1.61539,1.60309,1.60752,0.0
2013-01-15,1.60747,1.61001,1.60324,1.60636,0.0
2013-01-16,1.60625,1.60802,1.5975,1.60042,0.0
2013-01-17,1.60038,1.60386,1.59545,1.59942,0.0
2013-01-18,1.59927,1.60064,1.58533,1.58727,0.0
2013-01-21,1.58457,1.58929,1.58048,1.58286,0.0
2013-01-22,1.58253,1.58829,1.58087,1.58374,0.0
2013-01-23,1.58368,1.58916,1.58014,1.58444,0.0
2013-01-24,1.58415,1.58509,1.57559,1.57866,0.0
2013-01-25,1.5787,1.58264,1.5745,1.57926,0.0
2013-01-28,1.57599,1.57851,1.56737,1.56932,0.0
2013-01-29,1.56932,1.57727,1.56849,1.5762,0.0
2013-01-30,1.57544,1.58163,1.57247,1.57988,0.0
2013-01-31,1.57971,1.58744,1.57745,1.58556,0.0
2013-02-01,1.58531,1.58778,1.56895,1.56955,0.0
2013-02-04,1.56859,1.57714,1.56859,1.57625,0.0
2013-02-05,1.576,1.58038,1.56299,1.56581,0.0
2013-02-06,1.56544,1.56776,1.56308,1.56567,0.0
2013-02-07,1.56569,1.57681,1.5645,1.57102,0.0
2013-02-08,1.57104,1.5844,1.57044,1.57955,0.0
2013-02-11,1.57922,1.58096,1.56523,1.56571,0.0
2013-02-12,1.56553,1.56697,1.55717,1.56594,0.0
2013-02-13,1.56614,1.56882,1.55229,1.55399,0.0
2013-02-14,1.55394,1.5542,1.54745,1.54926,0.0
2013-02-15,1.54946,1.55497,1.54612,1.55128,0.0
2013-02-18,1.55026,1.55082,1.54372,1.54645,0.0
2013-02-19,1.54656,1.55036,1.54145,1.54261,0.0
2013-02-20,1.54279,1.54502,1.5192,1.52325,0.0
2013-02-21,1.52325,1.52727,1.51308,1.52499,0.0
2013-02-22,1.52476,1.53198,1.51622,1.51697,0.0
2013-02-25,1.50706,1.51986,1.50706,1.51603,0.0
2013-02-26,1.51595,1.52186,1.51126,1.51248,0.0
2013-02-27,1.5124,1.51878,1.50799,1.51567,0.0
2013-02-28,1.51587,1.52214,1.5148,1.51628,0.0
2013-03-01,1.51594,1.51857,1.49849,1.50338,0.0
2013-03-04,1.50401,1.51163,1.49985,1.51119,0.0
2013-03-05,1.51122,1.5198,1.50935,1.51261,0.0
2013-03-06,1.51235,1.51543,1.50158,1.50171,0.0
2013-03-07,1.50159,1.50816,1.49654,1.50114,0.0
2013-03-08,1.50092,1.50465,1.48843,1.49092,0.0
2013-03-11,1.49152,1.49429,1.48652,1.49138,0.0
2013-03-12,1.49105,1.49184,1.48306,1.49009,0.0
2013-03-13,1.48974,1.49808,1.48921,1.4921,0.0
2013-03-14,1.49197,1.51183,1.49112,1.50796,0.0
2013-03-15,1.5076,1.51757,1.50677,1.51094,0.0
2013-03-18,1.51144,1.51428,1.50713,1.51052,0.0
2013-03-19,1.51042,1.51434,1.50722,1.50963,0.0
2013-03-20,1.50973,1.51853,1.50261,1.50993,0.0
2013-03-21,1.50975,1.52086,1.50877,1.51716,0.0
2013-03-22,1.51688,1.5247,1.51636,1.52263,0.0
2013-03-25,1.52304,1.52594,1.5142,1.51735,0.0
2013-03-26,1.51753,1.52063,1.51341,1.51592,0.0
2013-03-27,1.51564,1.51802,1.50919,1.51263,0.0
2013-03-28,1.513,1.51999,1.51107,1.51908,0.0
2013-03-29,1.51906,1.52185,1.51767,1.51877,0.0
2013-04-01,1.51878,1.52407,1.51768,1.52302,0.0
2013-04-02,1.523,1.52578,1.50978,1.51021,0.0
2013-04-03,1.51019,1.51572,1.50747,1.51296,0.0
2013-04-04,1.51256,1.52444,1.50324,1.52314,0.0
2013-04-05,1.52308,1.53623,1.51981,1.53435,0.0
2013-04-08,1.53144,1.53497,1.52377,1.52531,0.0
2013-04-09,1.52537,1.53404,1.52492,1.53212,0.0
2013-04-10,1.53215,1.53424,1.52919,1.53281,0.0
2013-04-11,1.53275,1.54106,1.53177,1.5384,0.0
2013-04-12,1.53828,1.54085,1.53396,1.53403,0.0
2013-04-15,1.5341,1.53841,1.52694,1.52827,0.0
2013-04-16,1.528,1.53779,1.52721,1.53604,0.0
2013-04-17,1.53573,1.53714,1.52156,1.52419,0.0
2013-04-18,1.52378,1.53118,1.52171,1.52779,0.0
2013-04-19,1.5277,1.5367,1.52232,1.52279,0.0
2013-04-22,1.52273,1.52904,1.5203,1.52893,0.0
2013-04-23,1.52905,1.5297,1.51958,1.52391,0.0
2013-04-24,1.52325,1.52864,1.52255,1.52644,0.0
2013-04-25,1.5267,1.54793,1.52638,1.54317,0.0
2013-04-26,1.54311,1.54978,1.54176,1.54738,0.0
2013-04-29,1.54809,1.55451,1.54755,1.54991,0.0
2013-04-30,1.54993,1.55677,1.54668,1.55296,0.0
2013-05-01,1.55326,1.56058,1.55256,1.55545,0.0
2013-05-02,1.55517,1.55898,1.54955,1.55319,0.0
2013-05-03,1.5532,1.56008,1.548,1.55702,0.0
2013-05-06,1.55448,1.55972,1.55198,1.55394,0.0
2013-05-07,1.55355,1.5551,1.54452,1.54829,0.0
2013-05-08,1.54824,1.55908,1.54697,1.5534,0.0
2013-05-09,1.55322,1.55868,1.54247,1.54485,0.0
2013-05-10,1.54499,1.54565,1.5313,1.53626,0.0
2013-05-13,1.53528,1.53839,1.52769,1.52974,0.0
2013-05-14,1.52954,1.53299,1.52061,1.52107,0.0
2013-05-15,1.52099,1.52716,1.51726,1.52341,0.0
2013-05-16,1.52317,1.53213,1.51962,1.52659,0.0
2013-05-17,1.52674,1.52814,1.51571,1.51668,0.0
2013-05-20,1.51843,1.52799,1.51651,1.52531,0.0
2013-05-21,1.52523,1.52756,1.51116,1.51506,0.0
2013-05-22,1.51502,1.51729,1.50184,1.50491,0.0
2013-05-23,1.50456,1.51275,1.50128,1.51062,0.0
2013-05-24,1.51039,1.51415,1.50631,1.51205,0.0
2013-05-27,1.51329,1.51555,1.50857,1.51018,0.0
2013-05-28,1.5097,1.51336,1.50261,1.50374,0.0
2013-05-29,1.50309,1.51448,1.50071,1.51284,0.0
2013-05-30,1.51256,1.52358,1.51093,1.52309,0.0
2013-05-31,1.52291,1.52386,1.51392,1.51932,0.0
2013-06-03,1.52021,1.53751,1.5189,1.53187,0.0
2013-06-04,1.53219,1.53417,1.52724,1.53123,0.0
2013-06-05,1.53097,1.54079,1.52905,1.54046,0.0
2013-06-06,1.54043,1.56834,1.53803,1.56,0.0
2013-06-07,1.55917,1.5617,1.54873,1.55485,0.0
2013-06-10,1.55124,1.55853,1.54938,1.5571,0.0
2013-06-11,1.55707,1.5652,1.55197,1.56455,0.0
2013-06-12,1.5642,1.56991,1.56324,1.56763,0.0
2013-06-13,1.56752,1.57366,1.56436,1.57183,0.0
2013-06-14,1.57195,1.572,1.56152,1.57016,0.0
2013-06-17,1.57226,1.57504,1.56796,1.57198,0.0
2013-06-18,1.57215,1.57226,1.55643,1.56423,0.0
2013-06-19,1.56376,1.56763,1.54488,1.54847,0.0
2013-06-20,1.5479,1.55158,1.54133,1.55076,0.0
2013-06-21,1.54993,1.5529,1.53671,1.54206,0.0
2013-06-24,1.53781,1.54642,1.53425,1.54335,0.0
2013-06-25,1.54255,1.54765,1.53965,1.5421,0.0
2013-06-26,1.54208,1.54393,1.52965,1.53136,0.0
2013-06-27,1.53112,1.53449,1.52006,1.52577,0.0
2013-06-28,1.52533,1.5278,1.51646,1.52053,0.0
2013-07-01,1.52002,1.52477,1.51826,1.52141,0.0
2013-07-02,1.52137,1.5237,1.51354,1.51537,0.0
2013-07-03,1.51506,1.53034,1.51291,1.52775,0.0
2013-07-04,1.52791,1.52822,1.50549,1.50711,0.0
2013-07-05,1.50722,1.50769,1.48559,1.48929,0.0
2013-07-08,1.48756,1.4965,1.48575,1.49498,0.0
2013-07-09,1.49475,1.49799,1.48124,1.48646,0.0
2013-07-10,1.48643,1.50148,1.48439,1.50049,0.0
2013-07-11,1.50007,1.52211,1.4997,1.51824,0.0
2013-07-12,1.51817,1.51881,1.50752,1.51041,0.0
2013-07-15,1.51063,1.51266,1.50265,1.50989,0.0
2013-07-16,1.50979,1.51677,1.50437,1.51554,0.0
2013-07-17,1.51523,1.52666,1.50782,1.52116,0.0
2013-07-18,1.52152,1.52412,1.51567,1.52234,0.0
2013-07-19,1.52223,1.52811,1.51956,1.52667,0.0
2013-07-22,1.5264,1.53833,1.5257,1.53586,0.0
2013-07-23,1.53581,1.53909,1.53254,1.53708,0.0
2013-07-24,1.53747,1.53891,1.5288,1.5313,0.0
2013-07-25,1.53085,1.54331,1.52626,1.53862,0.0
2013-07-26,1.53844,1.54156,1.53551,1.53815,0.0
2013-07-29,1.53783,1.54124,1.53278,1.53381,0.0
2013-07-30,1.5336,1.53528,1.52227,1.52364,0.0
2013-07-31,1.5235,1.5253,1.51238,1.5207,0.0
2013-08-01,1.5205,1.52417,1.51095,1.51176,0.0
2013-08-02,1.5116,1.53079,1.51018,1.52897,0.0
2013-08-05,1.52878,1.53773,1.5258,1.53529,0.0
2013-08-06,1.5353,1.53911,1.53308,1.53466,0.0
2013-08-07,1.53468,1.55301,1.52046,1.54865,0.0
2013-08-08,1.54864,1.55732,1.54841,1.55346,0.0
2013-08-09,1.55352,1.55577,1.5496,1.55048,0.0
2013-08-12,1.54919,1.55205,1.54577,1.5461,0.0
2013-08-13,1.54585,1.55119,1.54264,1.54479,0.0
2013-08-14,1.54463,1.55461,1.54217,1.55001,0.0
2013-08-15,1.54968,1.56507,1.54947,1.56346,0.0
2013-08-16,1.56344,1.56564,1.56066,1.56223,0.0
2013-08-19,1.56106,1.56725,1.56084,1.56468,0.0
2013-08-20,1.56476,1.56946,1.56278,1.56647,0.0
2013-08-21,1.56681,1.57165,1.56364,1.56554,0.0
2013-08-22,1.5655,1.56619,1.55618,1.55881,0.0
2013-08-23,1.55864,1.56367,1.55383,1.55658,0.0
2013-08-26,1.55619,1.5611,1.55557,1.55719,0.0
2013-08-27,1.55728,1.55911,1.54808,1.5544,0.0
2013-08-28,1.55409,1.55516,1.54265,1.55253,0.0
2013-08-29,1.55244,1.55473,1.54816,1.55033,0.0
2013-08-30,1.55022,1.55271,1.54614,1.55024,0.0
2013-09-02,1.55315,1.55925,1.55048,1.55418,0.0
2013-09-03,1.55411,1.56017,1.55212,1.55604,0.0
2013-09-04,1.55543,1.56464,1.55536,1.56228,0.0
2013-09-05,1.56223,1.56661,1.55718,1.55884,0.0
2013-09-06,1.55868,1.56799,1.55622,1.56279,0.0
2013-09-09,1.56168,1.57313,1.56142,1.56929,0.0
2013-09-10,1.56931,1.57432,1.56846,1.57297,0.0
2013-09-11,1.57313,1.58281,1.57178,1.58166,0.0
2013-09-12,1.58155,1.58387,1.57739,1.58032,0.0
2013-09-13,1.58031,1.58838,1.57753,1.58759,0.0
2013-09-16,1.59422,1.5962,1.58936,1.58968,0.0
2013-09-17,1.58969,1.59355,1.58848,1.59013,0.0
2013-09-18,1.59042,1.61617,1.58913,1.61438,0.0
2013-09-19,1.61452,1.61493,1.60217,1.60303,0.0
2013-09-20,1.60279,1.60658,1.59855,1.60028,0.0
2013-09-23,1.60027,1.60716,1.59925,1.60408,0.0
2013-09-24,1.60412,1.60439,1.59544,1.60026,0.0
2013-09-25,1.6,1.60871,1.59784,1.60792,0.0
2013-09-26,1.60774,1.60952,1.59986,1.60393,0.0
2013-09-27,1.60392,1.61459,1.60289,1.61377,0.0
2013-09-30,1.61421,1.62015,1.61271,1.61836,0.0
2013-10-01,1.61855,1.62594,1.61812,1.61948,0.0
2013-10-02,1.61935,1.62501,1.61616,1.62231,0.0
2013-10-03,1.62218,1.624,1.61538,1.61543,0.0
2013-10-04,1.61547,1.6177,1.60047,1.60078,0.0
2013-10-07,1.60199,1.6099,1.60146,1.60953,0.0
2013-10-08,1.6093,1.6123,1.60189,1.60814,0.0
2013-10-09,1.60804,1.6121,1.5915,1.59544,0.0
2013-10-10,1.59524,1.59779,1.59132,1.59655,0.0
2013-10-11,1.59654,1.60005,1.59227,1.59451,0.0
2013-10-14,1.59715,1.60174,1.59534,1.59813,0.0
2013-10-15,1.59812,1.60095,1.59141,1.59957,0.0
2013-10-16,1.59959,1.60566,1.5893,1.59466,0.0
2013-10-17,1.59452,1.61711,1.59388,1.61629,0.0
2013-10-18,1.61599,1.62242,1.61411,1.61639,0.0
2013-10-21,1.61693,1.61799,1.61313,1.61454,0.0
2013-10-22,1.61433,1.62467,1.61149,1.62333,0.0
2013-10-23,1.62337,1.62557,1.61187,1.61626,0.0
2013-10-24,1.6165,1.62221,1.61366,1.61999,0.0
2013-10-25,1.61993,1.6246,1.61494,1.61668,0.0
2013-10-28,1.61616,1.62071,1.61235,1.61405,0.0
2013-10-29,1.61389,1.61432,1.6022,1.6046,0.0
2013-10-30,1.60425,1.60772,1.59977,1.60378,0.0
2013-10-31,1.60374,1.60677,1.6005,1.60361,0.0
2013-11-01,1.60357,1.60455,1.59078,1.59235,0.0
2013-11-04,1.59246,1.59776,1.59025,1.59675,0.0
2013-11-05,1.59664,1.60616,1.59477,1.60423,0.0
2013-11-06,1.60454,1.6117,1.60407,1.60778,0.0
2013-11-07,1.60799,1.61131,1.60089,1.60918,0.0
2013-11-08,1.60957,1.61042,1.59563,1.6012,0.0
2013-11-11,1.6,1.60208,1.59647,1.59872,0.0
2013-11-12,1.59826,1.59912,1.58533,1.59032,0.0
2013-11-13,1.59017,1.60665,1.58773,1.60558,0.0
2013-11-14,1.60531,1.61002,1.59875,1.60647,0.0
2013-11-15,1.60645,1.6134,1.60472,1.61178,0.0
2013-11-18,1.61222,1.61476,1.60808,1.61088,0.0
2013-11-19,1.61081,1.61316,1.60586,1.61186,0.0
2013-11-20,1.61179,1.6177,1.60864,1.61048,0.0
2013-11-21,1.61028,1.61995,1.60714,1.61985,0.0
2013-11-22,1.6198,1.62234,1.61756,1.62215,0.0
2013-11-25,1.62217,1.62394,1.61323,1.6154,0.0
2013-11-26,1.61538,1.62181,1.61375,1.62153,0.0
2013-11-27,1.62128,1.63298,1.61965,1.62854,0.0
2013-11-28,1.62858,1.63564,1.62761,1.6342,0.0
2013-11-29,1.63417,1.63832,1.63136,1.63693,0.0
2013-12-02,1.63695,1.64416,1.63418,1.63545,0.0
2013-12-03,1.63553,1.64358,1.63457,1.63891,0.0
2013-12-04,1.63893,1.64027,1.63248,1.63822,0.0
2013-12-05,1.63818,1.64028,1.62997,1.63352,0.0
2013-12-06,1.63329,1.63921,1.62902,1.63458,0.0
2013-12-09,1.6345,1.64314,1.63221,1.64275,0.0
2013-12-10,1.64243,1.64648,1.6418,1.64432,0.0
2013-12-11,1.64439,1.6457,1.63385,1.63754,0.0
2013-12-12,1.63764,1.64173,1.63202,1.63496,0.0
2013-12-13,1.63483,1.6359,1.62616,1.6293,0.0
2013-12-16,1.62906,1.6348,1.62871,1.62975,0.0
2013-12-17,1.62941,1.6335,1.62162,1.62623,0.0
2013-12-18,1.62618,1.64832,1.6261,1.63904,0.0
2013-12-19,1.63723,1.63962,1.63348,1.63717,0.0
2013-12-20,1.63669,1.63939,1.63149,1.63279,0.0
2013-12-23,1.63353,1.63742,1.63231,1.63547,0.0
2013-12-24,1.63543,1.63805,1.63215,1.63732,0.0
2013-12-26,1.63446,1.6437,1.63446,1.64086,0.0
2013-12-27,1.64083,1.65769,1.64041,1.64774,0.0
2013-12-30,1.64778,1.65318,1.6459,1.64971,0.0
2013-12-31,1.64992,1.65784,1.64734,1.65584,0.0
2014-01-02,1.6565,1.66023,1.64099,1.64481,0.0
2014-01-03,1.64467,1.64732,1.63944,1.6416,0.0
2014-01-06,1.64031,1.64329,1.63366,1.64027,0.0
2014-01-07,1.64022,1.64375,1.63733,1.64009,0.0
2014-01-08,1.64004,1.64709,1.63757,1.64483,0.0
2014-01-09,1.64466,1.64964,1.64401,1.64777,0.0
2014-01-10,1.64789,1.65158,1.63797,1.64773,0.0
2014-01-13,1.64792,1.6507,1.63459,1.63879,0.0
2014-01-14,1.63855,1.64634,1.63664,1.64367,0.0
2014-01-15,1.64373,1.64422,1.63216,1.63691,0.0
2014-01-16,1.63694,1.63822,1.63135,1.63534,0.0
2014-01-17,1.63523,1.64574,1.63083,1.6421,0.0
2014-01-20,1.6419,1.64512,1.63947,1.64294,0.0
2014-01-21,1.64248,1.64845,1.63984,1.64747,0.0
2014-01-22,1.64748,1.65859,1.64497,1.65717,0.0
2014-01-23,1.65729,1.66423,1.65559,1.66362,0.0
2014-01-24,1.66365,1.66672,1.64785,1.64949,0.0
2014-01-27,1.6502,1.65877,1.64732,1.65839,0.0
2014-01-28,1.65838,1.66244,1.65349,1.65783,0.0
2014-01-29,1.65708,1.6606,1.65246,1.6564,0.0
2014-01-30,1.65648,1.65648,1.6444,1.64825,0.0
2014-01-31,1.64865,1.6497,1.64262,1.64337,0.0
2014-02-03,1.64277,1.64397,1.62895,1.63063,0.0
2014-02-04,1.63052,1.63435,1.62559,1.63242,0.0
2014-02-05,1.6322,1.634,1.62514,1.63082,0.0
2014-02-06,1.6308,1.63477,1.62718,1.63209,0.0
2014-02-07,1.63225,1.64172,1.63007,1.64058,0.0
2014-02-10,1.64037,1.64262,1.6382,1.64021,0.0
2014-02-11,1.64,1.64866,1.63913,1.64485,0.0
2014-02-12,1.64493,1.65988,1.64246,1.65948,0.0
2014-02-13,1.6595,1.66723,1.65948,1.66559,0.0
2014-02-14,1.66557,1.6755,1.66434,1.67453,0.0
2014-02-17,1.67668,1.68215,1.66951,1.67126,0.0
2014-02-18,1.6712,1.67405,1.66541,1.66808,0.0
2014-02-19,1.66814,1.67329,1.66359,1.66782,0.0
2014-02-20,1.66783,1.66994,1.66242,1.66498,0.0
2014-02-21,1.66509,1.67239,1.66112,1.6619,0.0
2014-02-24,1.66257,1.66777,1.65823,1.66525,0.0
2014-02-25,1.66541,1.67261,1.66407,1.66793,0.0
2014-02-26,1.66797,1.67017,1.66209,1.66703,0.0
2014-02-27,1.66676,1.6698,1.66156,1.66873,0.0
2014-02-28,1.66884,1.6768,1.66752,1.67425,0.0
2014-03-03,1.67125,1.67501,1.6652,1.66649,0.0
2014-03-04,1.66628,1.67156,1.66395,1.66632,0.0
2014-03-05,1.66657,1.67409,1.66558,1.6719,0.0
2014-03-06,1.67217,1.67767,1.66847,1.67391,0.0
2014-03-07,1.67372,1.67849,1.67054,1.67172,0.0
2014-03-10,1.67254,1.67404,1.66209,1.66427,0.0
2014-03-11,1.66423,1.66522,1.65956,1.66153,0.0
2014-03-12,1.66157,1.6635,1.65676,1.66162,0.0
2014-03-13,1.66195,1.67173,1.66058,1.66218,0.0
2014-03-14,1.66195,1.66482,1.65862,1.66428,0.0
2014-03-17,1.66404,1.6665,1.66037,1.66347,0.0
2014-03-18,1.66362,1.66469,1.65449,1.65899,0.0
2014-03-19,1.65859,1.66532,1.65072,1.65373,0.0
2014-03-20,1.65372,1.65673,1.64792,1.65027,0.0
2014-03-21,1.65023,1.65195,1.64746,1.64965,0.0
2014-03-24,1.64716,1.65354,1.64647,1.64957,0.0
2014-03-25,1.64978,1.65485,1.64803,1.65287,0.0
2014-03-26,1.65275,1.65959,1.65083,1.658,0.0
2014-03-27,1.65804,1.66458,1.65542,1.66109,0.0
2014-03-28,1.661,1.66504,1.6596,1.66394,0.0
2014-03-31,1.66522,1.6683,1.66106,1.6661,0.0
2014-04-01,1.66621,1.6674,1.66176,1.6628,0.0
2014-04-02,1.66275,1.6663,1.66195,1.66248,0.0
2014-04-03,1.6624,1.66599,1.65693,1.65969,0.0
2014-04-04,1.65957,1.66048,1.65512,1.65655,0.0
2014-04-07,1.65725,1.6623,1.65645,1.66036,0.0
2014-04-08,1.66064,1.67537,1.66058,1.67475,0.0
2014-04-09,1.67462,1.67995,1.67233,1.67908,0.0
2014-04-10,1.67914,1.68194,1.67535,1.67825,0.0
2014-04-11,1.67802,1.67862,1.67163,1.67298,0.0
2014-04-14,1.67286,1.67431,1.66956,1.67254,0.0
2014-04-15,1.67278,1.6748,1.66572,1.67274,0.0
2014-04-16,1.67255,1.6817,1.6719,1.67952,0.0
2014-04-17,1.6794,1.6841,1.67859,1.67922,0.0
2014-04-18,1.67913,1.68,1.67732,1.67992,0.0
2014-04-21,1.67929,1.68177,1.67818,1.67911,0.0
2014-04-22,1.67904,1.68382,1.6785,1.68221,0.0
2014-04-23,1.68212,1.6835,1.67616,1.67807,0.0
2014-04-24,1.67745,1.68053,1.67643,1.68005,0.0
2014-04-25,1.67992,1.68296,1.67891,1.67964,0.0
2014-04-28,1.67991,1.6857,1.67765,1.6806,0.0
2014-04-29,1.68063,1.68459,1.67919,1.68266,0.0
2014-04-30,1.6826,1.69,1.68061,1.6871,0.0
2014-05-01,1.68705,1.69184,1.68691,1.68917,0.0
2014-05-02,1.68903,1.68941,1.68197,1.68735,0.0
2014-05-05,1.68809,1.68823,1.68523,1.68664,0.0
2014-05-06,1.68661,1.69954,1.68653,1.69743,0.0
2014-05-07,1.69751,1.69853,1.69504,1.69516,0.0
2014-05-08,1.69522,1.69744,1.69229,1.69314,0.0
2014-05-09,1.69309,1.69372,1.68313,1.68472,0.0
2014-05-12,1.68415,1.69022,1.68415,1.6867,0.0
2014-05-13,1.68673,1.68822,1.68178,1.68248,0.0
2014-05-14,1.68241,1.68734,1.67525,1.6766,0.0
2014-05-15,1.67674,1.68053,1.67304,1.67886,0.0
2014-05-16,1.67887,1.68398,1.67826,1.6812,0.0
2014-05-19,1.68133,1.6844,1.68043,1.68124,0.0
2014-05-20,1.68129,1.68638,1.68009,1.68378,0.0
2014-05-21,1.68373,1.692,1.68308,1.68981,0.0
2014-05-22,1.68975,1.69167,1.68506,1.68689,0.0
2014-05-23,1.68688,1.68744,1.6812,1.68276,0.0
2014-05-26,1.68334,1.6852,1.68243,1.68408,0.0
2014-05-27,1.68401,1.68812,1.67819,1.68086,0.0
2014-05-28,1.68072,1.68146,1.66967,1.67094,0.0
2014-05-29,1.67095,1.67399,1.66918,1.67155,0.0
2014-05-30,1.67149,1.67765,1.67134,1.67589,0.0
2014-06-02,1.6765,1.6767,1.67241,1.67441,0.0
2014-06-03,1.67459,1.67814,1.67297,1.67474,0.0
2014-06-04,1.67482,1.67674,1.6698,1.67363,0.0
2014-06-05,1.67356,1.68241,1.67218,1.68184,0.0
2014-06-06,1.68169,1.68441,1.67801,1.68014,0.0
2014-06-09,1.68041,1.68315,1.67831,1.68011,0.0
2014-06-10,1.67993,1.68164,1.67419,1.67549,0.0
2014-06-11,1.67552,1.68096,1.6737,1.67878,0.0
2014-06-12,1.6788,1.69299,1.67859,1.69268,0.0
2014-06-13,1.6925,1.6991,1.6921,1.69588,0.0
2014-06-16,1.69709,1.70097,1.69587,1.6981,0.0
2014-06-17,1.69786,1.69883,1.6937,1.69617,0.0
2014-06-18,1.69596,1.70014,1.69187,1.69933,0.0
2014-06-19,1.69877,1.70621,1.69753,1.70391,0.0
2014-06-20,1.70381,1.70596,1.70022,1.70143,0.0
2014-06-23,1.70129,1.70483,1.7001,1.70251,0.0
2014-06-24,1.70255,1.7031,1.69648,1.69852,0.0
2014-06-25,1.69842,1.70035,1.69513,1.69823,0.0
2014-06-26,1.69821,1.70391,1.69702,1.70251,0.0
2014-06-27,1.7023,1.70505,1.70059,1.70321,0.0
2014-06-30,1.70264,1.71142,1.70078,1.71046,0.0
2014-07-01,1.71047,1.71651,1.7095,1.71495,0.0
2014-07-02,1.71484,1.71761,1.71393,1.71644,0.0
2014-07-03,1.71639,1.71659,1.70992,1.71534,0.0
2014-07-04,1.71524,1.71784,1.71303,1.71552,0.0
2014-07-07,1.71634,1.7166,1.71073,1.71269,0.0
2014-07-08,1.71274,1.71466,1.70844,1.71294,0.0
2014-07-09,1.71303,1.716,1.70931,1.71563,0.0
2014-07-10,1.71555,1.71668,1.71038,1.71312,0.0
2014-07-11,1.71305,1.71498,1.70983,1.71231,0.0
2014-07-14,1.71202,1.7143,1.70689,1.70823,0.0
2014-07-15,1.70817,1.71903,1.70583,1.71425,0.0
2014-07-16,1.71415,1.71501,1.71121,1.71354,0.0
2014-07-17,1.71355,1.71428,1.70846,1.70989,0.0
2014-07-18,1.70976,1.71166,1.70353,1.70849,0.0
2014-07-21,1.7085,1.70983,1.70547,1.70736,0.0
2014-07-22,1.70739,1.7082,1.70405,1.70626,0.0
2014-07-23,1.7064,1.70943,1.70231,1.70427,0.0
2014-07-24,1.70392,1.70524,1.69653,1.69851,0.0
2014-07-25,1.69852,1.69971,1.69604,1.69753,0.0
2014-07-28,1.6978,1.7,1.69713,1.69819,0.0
2014-07-29,1.69815,1.69938,1.69325,1.69421,0.0
2014-07-30,1.6943,1.6954,1.68884,1.69119,0.0
2014-07-31,1.69126,1.69257,1.68557,1.68829,0.0
2014-08-01,1.68827,1.68919,1.68084,1.6829,0.0
2014-08-04,1.68278,1.68622,1.68128,1.68615,0.0
2014-08-05,1.6861,1.68874,1.68441,1.68835,0.0
2014-08-06,1.68838,1.68843,1.68207,1.68516,0.0
2014-08-07,1.68509,1.68628,1.68222,1.68322,0.0
2014-08-08,1.68311,1.68328,1.67658,1.6774,0.0
2014-08-11,1.67766,1.67947,1.67696,1.6785,0.0
2014-08-12,1.67865,1.68148,1.6756,1.68103,0.0
2014-08-13,1.68105,1.68432,1.66844,1.66881,0.0
2014-08-14,1.6689,1.6696,1.66565,1.66848,0.0
2014-08-15,1.6685,1.67007,1.66757,1.66897,0.0
2014-08-18,1.67175,1.67366,1.67116,1.67274,0.0
2014-08-19,1.67265,1.67276,1.66102,1.66157,0.0
2014-08-20,1.66146,1.6678,1.6589,1.65948,0.0
2014-08-21,1.65916,1.66002,1.65631,1.65787,0.0
2014-08-22,1.6579,1.65965,1.65603,1.65716,0.0
2014-08-25,1.65492,1.65973,1.65348,1.6577,0.0
2014-08-26,1.65776,1.65944,1.65392,1.65396,0.0
2014-08-27,1.65387,1.66044,1.65359,1.65755,0.0
2014-08-28,1.6573,1.66126,1.65662,1.65843,0.0
2014-08-29,1.65861,1.66125,1.65621,1.66013,0.0
2014-09-01,1.65928,1.66429,1.65851,1.66069,0.0
2014-09-02,1.66055,1.66141,1.64668,1.64679,0.0
2014-09-03,1.64694,1.64963,1.64389,1.64615,0.0
2014-09-04,1.64604,1.64647,1.63311,1.63323,0.0
2014-09-05,1.63279,1.63393,1.62794,1.633,0.0
2014-09-08,1.61808,1.62318,1.60973,1.61035,0.0
2014-09-09,1.61029,1.61558,1.60586,1.61052,0.0
2014-09-10,1.61045,1.62295,1.60511,1.62093,0.0
2014-09-11,1.621,1.62695,1.61848,1.62661,0.0
2014-09-12,1.62418,1.62755,1.62034,1.62634,0.0
2014-09-15,1.6273,1.6274,1.622,1.62315,0.0
2014-09-16,1.62306,1.63106,1.61611,1.62739,0.0
2014-09-17,1.62684,1.63574,1.62478,1.6279,0.0
2014-09-18,1.62679,1.6408,1.62453,1.63899,0.0
2014-09-19,1.6397,1.65236,1.62837,1.62837,0.0
2014-09-22,1.63072,1.63666,1.62868,1.63591,0.0
2014-09-23,1.63593,1.64145,1.63019,1.63875,0.0
2014-09-24,1.63868,1.64122,1.63262,1.63391,0.0
2014-09-25,1.634,1.63407,1.62749,1.63146,0.0
2014-09-26,1.63144,1.63317,1.62369,1.62421,0.0
2014-09-29,1.62212,1.62734,1.62131,1.62396,0.0
2014-09-30,1.62397,1.62864,1.61654,1.62108,0.0
2014-10-01,1.62103,1.62509,1.61606,1.61853,0.0
2014-10-02,1.61816,1.62491,1.61114,1.61436,0.0
2014-10-03,1.61425,1.6158,1.59512,1.59684,0.0
2014-10-06,1.59691,1.60981,1.59529,1.60801,0.0
2014-10-07,1.60811,1.61279,1.6025,1.60968,0.0
2014-10-08,1.60938,1.61804,1.60308,1.61664,0.0
2014-10-09,1.6166,1.62255,1.61034,1.61153,0.0
2014-10-10,1.61192,1.61343,1.60076,1.60738,0.0
2014-10-13,1.60678,1.61257,1.60499,1.60832,0.0
2014-10-14,1.60847,1.60961,1.58964,1.59047,0.0
2014-10-15,1.59032,1.60682,1.58739,1.60171,0.0
2014-10-16,1.60153,1.60957,1.59404,1.60894,0.0
2014-10-17,1.60872,1.61251,1.60288,1.60869,0.0
2014-10-20,1.6104,1.61782,1.60789,1.61618,0.0
2014-10-21,1.61655,1.61835,1.6109,1.61113,0.0
2014-10-22,1.61148,1.61298,1.60103,1.60484,0.0
2014-10-23,1.60479,1.60589,1.59938,1.60279,0.0
2014-10-24,1.60281,1.60975,1.6016,1.60818,0.0
2014-10-27,1.60844,1.61459,1.60803,1.61192,0.0
2014-10-28,1.61199,1.61814,1.6087,1.61327,0.0
2014-10-29,1.61322,1.61603,1.60019,1.6012,0.0
2014-10-30,1.60073,1.60375,1.59503,1.60005,0.0
2014-10-31,1.60009,1.60104,1.59414,1.59956,0.0
2014-11-03,1.59659,1.60212,1.59255,1.59684,0.0
2014-11-04,1.59703,1.60152,1.59641,1.60023,0.0
2014-11-05,1.60002,1.60209,1.58679,1.59752,0.0
2014-11-06,1.59715,1.60011,1.58229,1.58323,0.0
2014-11-07,1.58259,1.58855,1.57892,1.58674,0.0
2014-11-10,1.58804,1.59163,1.58398,1.58407,0.0
2014-11-11,1.58404,1.59438,1.58343,1.59159,0.0
2014-11-12,1.59179,1.594,1.57747,1.57769,0.0
2014-11-13,1.5775,1.57804,1.5693,1.57082,0.0
2014-11-14,1.57089,1.57089,1.55917,1.5669,0.0
2014-11-17,1.5684,1.57349,1.56189,1.56379,0.0
2014-11-18,1.56374,1.56778,1.5629,1.5633,0.0
2014-11-19,1.56314,1.57199,1.55887,1.56808,0.0
2014-11-20,1.56802,1.57364,1.5631,1.56918,0.0
2014-11-21,1.5691,1.57128,1.56251,1.56605,0.0
2014-11-24,1.56383,1.57136,1.56275,1.57073,0.0
2014-11-25,1.57045,1.57346,1.56474,1.57049,0.0
2014-11-26,1.57048,1.58049,1.56782,1.57912,0.0
2014-11-27,1.57901,1.58246,1.57157,1.57348,0.0
2014-11-28,1.57343,1.57383,1.56134,1.56466,0.0
2014-12-01,1.56417,1.57629,1.55844,1.57279,0.0
2014-12-02,1.57306,1.57416,1.56307,1.56383,0.0
2014-12-03,1.56364,1.57184,1.56182,1.56838,0.0
2014-12-04,1.56844,1.5725,1.56423,1.56723,0.0
2014-12-05,1.56717,1.56942,1.55679,1.55832,0.0
2014-12-08,1.55738,1.5678,1.55402,1.56513,0.0
2014-12-09,1.56526,1.57162,1.56248,1.56648,0.0
2014-12-10,1.56646,1.5718,1.56463,1.57141,0.0
2014-12-11,1.57117,1.5756,1.56513,1.5729,0.0
2014-12-12,1.57344,1.57456,1.56936,1.57165,0.0
2014-12-15,1.57199,1.57458,1.56003,1.56363,0.0
2014-12-16,1.56352,1.57847,1.5614,1.5749,0.0
2014-12-17,1.57487,1.57516,1.55417,1.55737,0.0
2014-12-18,1.55742,1.56764,1.55482,1.56676,0.0
2014-12-19,1.56675,1.56811,1.56042,1.56273,0.0
2014-12-22,1.56247,1.56645,1.5572,1.5588,0.0
2014-12-23,1.55881,1.56071,1.5485,1.55199,0.0
2014-12-24,1.55181,1.55563,1.55028,1.55497,0.0
2014-12-26,1.55601,1.55658,1.5536,1.55498,0.0
2014-12-29,1.55645,1.55847,1.5506,1.55157,0.0
2014-12-30,1.55181,1.55726,1.54997,1.5562,0.0
2014-12-31,1.55571,1.56193,1.55482,1.55798,0.0
2015-01-02,1.55543,1.55556,1.53263,1.53272,0.0
2015-01-05,1.51985,1.53186,1.51686,1.5249,0.0
2015-01-06,1.52496,1.52729,1.51402,1.51493,0.0
2015-01-07,1.51475,1.51544,1.50538,1.51102,0.0
2015-01-08,1.51097,1.51168,1.50335,1.50884,0.0
2015-01-09,1.50853,1.51747,1.50763,1.5154,0.0
2015-01-12,1.51737,1.51935,1.50978,1.51699,0.0
2015-01-13,1.51711,1.51909,1.50766,1.51577,0.0
2015-01-14,1.51569,1.5268,1.5144,1.52331,0.0
2015-01-15,1.5235,1.52659,1.51489,1.51826,0.0
2015-01-16,1.51753,1.52334,1.5074,1.51498,0.0
2015-01-19,1.51349,1.5178,1.5107,1.51108,0.0
2015-01-20,1.51103,1.51985,1.50563,1.51459,0.0
2015-01-21,1.51422,1.51788,1.50752,1.51409,0.0
2015-01-22,1.5138,1.52114,1.49712,1.5009,0.0
2015-01-23,1.5007,1.50349,1.49506,1.49882,0.0
2015-01-26,1.50096,1.51023,1.49848,1.5079,0.0
2015-01-27,1.50754,1.52225,1.50583,1.51952,0.0
2015-01-28,1.51953,1.5218,1.51299,1.51368,0.0
2015-01-29,1.51445,1.51611,1.50171,1.50658,0.0
2015-01-30,1.50652,1.50949,1.49882,1.50583,0.0
2015-02-02,1.50884,1.50952,1.50046,1.50356,0.0
2015-02-03,1.50386,1.51971,1.49878,1.5165,0.0
2015-02-04,1.51641,1.52498,1.51379,1.51811,0.0
2015-02-05,1.51786,1.53424,1.51631,1.5327,0.0
2015-02-06,1.53261,1.53516,1.52101,1.52489,0.0
2015-02-09,1.52228,1.52664,1.52,1.52121,0.0
2015-02-10,1.52141,1.52749,1.51956,1.52526,0.0
2015-02-11,1.52503,1.52985,1.52179,1.52326,0.0
2015-02-12,1.52392,1.54141,1.52083,1.53824,0.0
2015-02-13,1.53841,1.5421,1.537,1.53975,0.0
2015-02-16,1.54201,1.54395,1.53383,1.53605,0.0
2015-02-17,1.536,1.54017,1.53152,1.5349,0.0
2015-02-18,1.53493,1.54786,1.53406,1.54348,0.0
2015-02-19,1.54367,1.54643,1.54032,1.54139,0.0
2015-02-20,1.54125,1.54329,1.53426,1.53935,0.0
2015-02-23,1.53967,1.54736,1.53315,1.54548,0.0
2015-02-24,1.54547,1.54732,1.5401,1.54536,0.0
2015-02-25,1.5448,1.55375,1.54456,1.55275,0.0
2015-02-26,1.55245,1.55512,1.53934,1.5405,0.0
2015-02-27,1.54064,1.54579,1.53832,1.54315,0.0
2015-03-02,1.54219,1.54276,1.53508,1.5362,0.0
2015-03-03,1.53618,1.53964,1.53436,1.53589,0.0
2015-03-04,1.53617,1.53709,1.52509,1.5263,0.0
2015-03-05,1.52632,1.52685,1.5214,1.52383,0.0
2015-03-06,1.52377,1.5255,1.50311,1.50376,0.0
2015-03-09,1.50355,1.51363,1.5031,1.51269,0.0
2015-03-10,1.51272,1.51292,1.50276,1.50665,0.0
2015-03-11,1.50682,1.50956,1.48926,1.49282,0.0
2015-03-12,1.49324,1.50266,1.48492,1.48824,0.0
2015-03-13,1.48821,1.48956,1.46986,1.47405,0.0
2015-03-16,1.47345,1.48523,1.4731,1.48283,0.0
2015-03-17,1.48264,1.4844,1.4723,1.47476,0.0
2015-03-18,1.47466,1.5119,1.4634,1.49764,0.0
2015-03-19,1.49915,1.50092,1.46872,1.47515,0.0
2015-03-20,1.47544,1.49881,1.47211,1.49509,0.0
2015-03-23,1.49681,1.49883,1.48376,1.49529,0.0
2015-03-24,1.49541,1.4983,1.48416,1.48488,0.0
2015-03-25,1.48481,1.49536,1.48298,1.48793,0.0
2015-03-26,1.48788,1.49929,1.48062,1.48486,0.0
2015-03-27,1.4847,1.49208,1.47953,1.48756,0.0
2015-03-30,1.48869,1.49001,1.47518,1.48088,0.0
2015-03-31,1.47997,1.48707,1.47543,1.4816,0.0
2015-04-01,1.48202,1.48703,1.47387,1.48222,0.0
2015-04-02,1.4823,1.48675,1.47752,1.48271,0.0
2015-04-03,1.48309,1.4944,1.48092,1.49179,0.0
2015-04-06,1.49201,1.49803,1.48689,1.48791,0.0
2015-04-07,1.48782,1.49195,1.48018,1.48063,0.0
2015-04-08,1.48085,1.49711,1.48063,1.48652,0.0
2015-04-09,1.48649,1.48851,1.46832,1.47088,0.0
2015-04-10,1.4711,1.47237,1.4586,1.46293,0.0
2015-04-13,1.4622,1.46804,1.45648,1.46729,0.0
2015-04-14,1.46758,1.48006,1.46027,1.47795,0.0
2015-04-15,1.47792,1.4852,1.46993,1.4841,0.0
2015-04-16,1.4839,1.49689,1.48109,1.49335,0.0
2015-04-17,1.49303,1.50528,1.49152,1.496,0.0
2015-04-20,1.4958,1.49824,1.48872,1.49051,0.0
2015-04-21,1.49056,1.49719,1.48551,1.49253,0.0
2015-04-22,1.49242,1.50787,1.49126,1.50353,0.0
2015-04-23,1.50354,1.50691,1.49587,1.50541,0.0
2015-04-24,1.50573,1.51862,1.50263,1.51851,0.0
2015-04-27,1.51776,1.52606,1.51059,1.52351,0.0
2015-04-28,1.52324,1.53417,1.51752,1.53383,0.0
2015-04-29,1.53373,1.54969,1.53268,1.54367,0.0
2015-04-30,1.54354,1.5491,1.53029,1.53507,0.0
2015-05-01,1.53495,1.53962,1.51131,1.51463,0.0
2015-05-04,1.51441,1.51739,1.50892,1.51201,0.0
2015-05-05,1.51193,1.52174,1.50878,1.51813,0.0
2015-05-06,1.51798,1.52902,1.51496,1.52435,0.0
2015-05-07,1.5242,1.52742,1.51624,1.52478,0.0
2015-05-08,1.54059,1.5522,1.5354,1.54427,0.0
2015-05-11,1.54428,1.5612,1.53922,1.55848,0.0
2015-05-12,1.55843,1.57093,1.55561,1.56691,0.0
2015-05-13,1.56644,1.57681,1.56326,1.57434,0.0
2015-05-14,1.57445,1.58139,1.57275,1.57735,0.0
2015-05-15,1.57731,1.58074,1.57006,1.57268,0.0
2015-05-18,1.57384,1.5744,1.56373,1.56514,0.0
2015-05-19,1.5651,1.56687,1.54452,1.55064,0.0
2015-05-20,1.55069,1.55868,1.54715,1.55346,0.0
2015-05-21,1.55345,1.5699,1.55242,1.56593,0.0
2015-05-22,1.56592,1.56886,1.54593,1.54957,0.0
2015-05-25,1.54722,1.55066,1.54555,1.54684,0.0
2015-05-26,1.54695,1.54744,1.53531,1.53815,0.0
2015-05-27,1.53812,1.54362,1.53004,1.53539,0.0
2015-05-28,1.53552,1.53845,1.52598,1.53105,0.0
2015-05-29,1.53154,1.53411,1.52352,1.52823,0.0
2015-06-01,1.52918,1.53035,1.51694,1.52,0.0
2015-06-02,1.51988,1.5366,1.51787,1.53432,0.0
2015-06-03,1.53418,1.53742,1.52503,1.53374,0.0
2015-06-04,1.53331,1.54404,1.5303,1.53648,0.0
2015-06-05,1.53628,1.53689,1.51893,1.52713,0.0
2015-06-08,1.52655,1.53628,1.52205,1.53476,0.0
2015-06-09,1.53479,1.5388,1.52566,1.53838,0.0
2015-06-10,1.53824,1.55528,1.53677,1.55287,0.0
2015-06-11,1.55204,1.55329,1.54205,1.55159,0.0
2015-06-12,1.55147,1.5597,1.54657,1.55541,0.0
2015-06-15,1.55485,1.56129,1.54867,1.55995,0.0
2015-06-16,1.55988,1.56529,1.55407,1.56469,0.0
2015-06-17,1.56482,1.58458,1.56245,1.58319,0.0
2015-06-18,1.58307,1.59288,1.58051,1.58778,0.0
2015-06-19,1.5877,1.58958,1.58343,1.5876,0.0
2015-06-22,1.58735,1.59091,1.58041,1.58234,0.0
2015-06-23,1.58211,1.58303,1.57078,1.57268,0.0
2015-06-24,1.57264,1.58018,1.56659,1.57047,0.0
2015-06-25,1.57048,1.57694,1.56755,1.57447,0.0
2015-06-26,1.57456,1.57662,1.57073,1.57458,0.0
2015-06-29,1.56986,1.57881,1.56607,1.57361,0.0
2015-06-30,1.5734,1.5775,1.56915,1.57028,0.0
2015-07-01,1.57048,1.57305,1.55869,1.56142,0.0
2015-07-02,1.56163,1.56385,1.55606,1.56072,0.0
2015-07-03,1.5608,1.56428,1.55557,1.55589,0.0
2015-07-06,1.55401,1.56276,1.55311,1.56018,0.0
2015-07-07,1.56038,1.56089,1.54125,1.54609,0.0
2015-07-08,1.54599,1.54659,1.53293,1.53598,0.0
2015-07-09,1.5359,1.54195,1.53425,1.53776,0.0
2015-07-10,1.53795,1.55502,1.53628,1.55115,0.0
2015-07-13,1.54913,1.55879,1.54802,1.54862,0.0
2015-07-14,1.54818,1.56378,1.54499,1.56346,0.0
2015-07-15,1.56351,1.56742,1.55756,1.56395,0.0
2015-07-16,1.56354,1.56493,1.55592,1.56084,0.0
2015-07-17,1.56056,1.56719,1.5553,1.5605,0.0
2015-07-20,1.55875,1.56262,1.55373,1.55622,0.0
2015-07-21,1.55649,1.55896,1.55281,1.55565,0.0
2015-07-22,1.55557,1.56458,1.55449,1.56104,0.0
2015-07-23,1.56108,1.56698,1.55001,1.55128,0.0
2015-07-24,1.55148,1.5525,1.54658,1.55103,0.0
2015-07-27,1.55107,1.55945,1.54897,1.55571,0.0
2015-07-28,1.55573,1.5627,1.55271,1.56099,0.0
2015-07-29,1.5612,1.56887,1.55866,1.56047,0.0
2015-07-30,1.5599,1.56415,1.55616,1.55981,0.0
2015-07-31,1.56014,1.56772,1.55483,1.56217,0.0
2015-08-03,1.56275,1.5644,1.55644,1.55838,0.0
2015-08-04,1.55845,1.56328,1.55569,1.55617,0.0
2015-08-05,1.55632,1.56502,1.55249,1.56026,0.0
2015-08-06,1.56013,1.56359,1.54661,1.55115,0.0
2015-08-07,1.55114,1.55444,1.54237,1.54904,0.0
2015-08-10,1.54848,1.56052,1.54572,1.55891,0.0
2015-08-11,1.55923,1.5616,1.55543,1.55714,0.0
2015-08-12,1.55745,1.5659,1.55328,1.56114,0.0
2015-08-13,1.561,1.5636,1.55723,1.5609,0.0
2015-08-14,1.56081,1.56588,1.55879,1.56488,0.0
2015-08-17,1.56507,1.56869,1.55781,1.55858,0.0
2015-08-18,1.55799,1.57158,1.55613,1.56586,0.0
2015-08-19,1.56551,1.56994,1.56343,1.56791,0.0
2015-08-20,1.56776,1.57006,1.56052,1.56878,0.0
2015-08-21,1.56872,1.57222,1.56567,1.56899,0.0
2015-08-24,1.56778,1.58017,1.56293,1.57762,0.0
2015-08-25,1.57727,1.58172,1.56806,1.56848,0.0
2015-08-26,1.56836,1.57191,1.5452,1.5463,0.0
2015-08-27,1.54582,1.55076,1.5369,1.54009,0.0
2015-08-28,1.5404,1.5442,1.53341,1.53979,0.0
2015-08-31,1.54119,1.54359,1.53385,1.53437,0.0
2015-09-01,1.53417,1.5407,1.52989,1.53028,0.0
2015-09-02,1.53035,1.53249,1.5263,1.52974,0.0
2015-09-03,1.52965,1.53126,1.5218,1.52556,0.0
2015-09-04,1.52562,1.52723,1.51644,1.51698,0.0
2015-09-07,1.51747,1.52874,1.51703,1.52687,0.0
2015-09-08,1.5272,1.54114,1.5269,1.53951,0.0
2015-09-09,1.5394,1.54035,1.53489,1.53672,0.0
2015-09-10,1.53656,1.54746,1.53377,1.54435,0.0
2015-09-11,1.54411,1.5461,1.53988,1.54227,0.0
2015-09-14,1.54285,1.54699,1.53719,1.54253,0.0
2015-09-15,1.54275,1.54563,1.53289,1.53419,0.0
2015-09-16,1.53418,1.55276,1.53292,1.54925,0.0
2015-09-17,1.54945,1.56269,1.5485,1.55888,0.0
2015-09-18,1.55863,1.56576,1.55129,1.55217,0.0
2015-09-21,1.55257,1.55669,1.54797,1.5507,0.0
2015-09-22,1.55077,1.55278,1.53399,1.53659,0.0
2015-09-23,1.53626,1.53657,1.52198,1.52418,0.0
2015-09-24,1.52458,1.5288,1.51995,1.52409,0.0
2015-09-25,1.52244,1.52596,1.51345,1.51855,0.0
2015-09-28,1.51782,1.52401,1.51564,1.51732,0.0
2015-09-29,1.51712,1.52041,1.51279,1.5149,0.0
2015-09-30,1.51509,1.52125,1.51064,1.51258,0.0
2015-10-01,1.51205,1.51789,1.51059,1.51279,0.0
2015-10-02,1.51273,1.52366,1.51265,1.51726,0.0
2015-10-05,1.51895,1.52435,1.51355,1.5144,0.0
2015-10-06,1.51412,1.52417,1.51389,1.52253,0.0
2015-10-07,1.52295,1.53386,1.52178,1.53163,0.0
2015-10-08,1.53159,1.53711,1.52606,1.53442,0.0
2015-10-09,1.53435,1.53823,1.52989,1.53051,0.0
2015-10-12,1.53062,1.53722,1.53052,1.53446,0.0
2015-10-13,1.53426,1.53866,1.51994,1.52455,0.0
2015-10-14,1.52474,1.54934,1.52468,1.54753,0.0
2015-10-15,1.54734,1.55074,1.54143,1.54745,0.0
2015-10-16,1.54579,1.54853,1.54289,1.54362,0.0
2015-10-19,1.54379,1.54955,1.54265,1.54642,0.0
2015-10-20,1.54588,1.55051,1.54345,1.54435,0.0
2015-10-21,1.54441,1.54762,1.54113,1.54182,0.0
2015-10-22,1.54151,1.55059,1.53682,1.53924,0.0
2015-10-23,1.53923,1.5418,1.53049,1.53072,0.0
2015-10-26,1.53157,1.53804,1.53048,1.53505,0.0
2015-10-27,1.53514,1.53577,1.52817,1.53006,0.0
2015-10-28,1.53032,1.53461,1.52475,1.52638,0.0
2015-10-29,1.52652,1.53205,1.52414,1.53082,0.0
2015-10-30,1.53067,1.54666,1.53041,1.54261,0.0
2015-11-02,1.54386,1.54962,1.54033,1.54152,0.0
2015-11-03,1.54132,1.54442,1.53585,1.54217,0.0
2015-11-04,1.54186,1.54441,1.53596,1.53841,0.0
2015-11-05,1.53851,1.54006,1.52041,1.5206,0.0
2015-11-06,1.52066,1.52184,1.50262,1.50456,0.0
2015-11-09,1.50467,1.51273,1.50408,1.51111,0.0
2015-11-10,1.51137,1.51445,1.50905,1.51176,0.0
2015-11-11,1.51192,1.52196,1.51157,1.52114,0.0
2015-11-12,1.52103,1.52453,1.5173,1.52314,0.0
2015-11-13,1.52296,1.5262,1.51865,1.52342,0.0
2015-11-16,1.52247,1.52288,1.51803,1.5202,0.0
2015-11-17,1.52003,1.52377,1.51537,1.52116,0.0
2015-11-18,1.52123,1.52475,1.51868,1.52305,0.0
2015-11-19,1.52358,1.53348,1.52262,1.52889,0.0
2015-11-20,1.5291,1.53088,1.51815,1.51876,0.0
2015-11-23,1.51843,1.51942,1.5108,1.51214,0.0
2015-11-24,1.51232,1.51545,1.50527,1.50813,0.0
2015-11-25,1.50795,1.51351,1.5055,1.51283,0.0
2015-11-26,1.51208,1.51297,1.5065,1.51003,0.0
2015-11-27,1.50989,1.51085,1.50292,1.50294,0.0
2015-11-30,1.50331,1.50678,1.49927,1.50555,0.0
2015-12-01,1.50553,1.51244,1.50496,1.50809,0.0
2015-12-02,1.50791,1.50807,1.48938,1.49487,0.0
2015-12-03,1.4944,1.5158,1.49038,1.51422,0.0
2015-12-04,1.5142,1.5156,1.5077,1.51032,0.0
2015-12-07,1.51083,1.51136,1.50434,1.50538,0.0
2015-12-08,1.5054,1.50602,1.49558,1.50059,0.0
2015-12-09,1.5007,1.519,1.50031,1.51793,0.0
2015-12-10,1.5176,1.52008,1.51101,1.51594,0.0
2015-12-11,1.51582,1.52387,1.51245,1.52278,0.0
2015-12-14,1.52283,1.52283,1.51063,1.51389,0.0
2015-12-15,1.51415,1.51836,1.50282,1.50386,0.0
2015-12-16,1.50367,1.50969,1.49567,1.50012,0.0
2015-12-17,1.49969,1.50057,1.48637,1.48996,0.0
2015-12-18,1.48947,1.49488,1.48845,1.48927,0.0
2015-12-21,1.48915,1.49282,1.48764,1.48843,0.0
2015-12-22,1.4881,1.49067,1.48045,1.48249,0.0
2015-12-23,1.48218,1.48994,1.4818,1.48673,0.0
2015-12-24,1.48648,1.49438,1.4864,1.49053,0.0
2015-12-28,1.48983,1.49331,1.48731,1.48772,0.0
2015-12-29,1.48767,1.49123,1.47845,1.48167,0.0
2015-12-30,1.48162,1.48475,1.47917,1.48152,0.0
2015-12-31,1.48113,1.48437,1.47253,1.47329,0.0
2016-01-04,1.47313,1.48153,1.46622,1.47152,0.0
2016-01-05,1.47129,1.47241,1.46376,1.46742,0.0
2016-01-06,1.46661,1.46802,1.46011,1.46287,0.0
2016-01-07,1.46255,1.46394,1.45322,1.46156,0.0
2016-01-08,1.46152,1.46439,1.45052,1.45182,0.0
2016-01-11,1.45237,1.46027,1.44928,1.45409,0.0
2016-01-12,1.45422,1.45589,1.4351,1.44451,0.0
2016-01-13,1.44462,1.44749,1.43788,1.44047,0.0
2016-01-14,1.44063,1.44441,1.4359,1.44117,0.0
2016-01-15,1.44115,1.44261,1.42509,1.42585,0.0
2016-01-18,1.42515,1.43222,1.42354,1.42407,0.0
2016-01-19,1.42421,1.43388,1.41281,1.41558,0.0
2016-01-20,1.41517,1.42182,1.41243,1.41895,0.0
2016-01-21,1.41909,1.42478,1.40784,1.42183,0.0
2016-01-22,1.42197,1.43617,1.42039,1.42608,0.0
2016-01-25,1.42657,1.43088,1.42226,1.42464,0.0
2016-01-26,1.42457,1.4366,1.41721,1.43478,0.0
2016-01-27,1.43477,1.4354,1.42289,1.42314,0.0
2016-01-28,1.42322,1.44062,1.42321,1.43575,0.0
2016-01-29,1.43577,1.4412,1.41481,1.42407,0.0
2016-02-01,1.42425,1.44437,1.4227,1.4431,0.0
2016-02-02,1.44332,1.44446,1.43253,1.44083,0.0
2016-02-03,1.44136,1.46482,1.43827,1.45972,0.0
2016-02-04,1.45975,1.46672,1.45286,1.45883,0.0
2016-02-05,1.4587,1.45898,1.44511,1.44992,0.0
2016-02-08,1.44926,1.45456,1.43509,1.44304,0.0
2016-02-09,1.44298,1.45143,1.43774,1.44697,0.0
2016-02-10,1.44702,1.45774,1.44448,1.45248,0.0
2016-02-11,1.45237,1.45625,1.43823,1.44741,0.0
2016-02-12,1.44768,1.45693,1.4442,1.44938,0.0
2016-02-15,1.44805,1.45344,1.44121,1.44308,0.0
2016-02-16,1.44292,1.45146,1.42747,1.43025,0.0
2016-02-17,1.4303,1.43381,1.42342,1.42932,0.0
2016-02-18,1.4295,1.43935,1.42555,1.43382,0.0
2016-02-19,1.43383,1.43957,1.42461,1.43951,0.0
2016-02-22,1.42793,1.43047,1.40564,1.41465,0.0
2016-02-23,1.41479,1.41549,1.40066,1.40187,0.0
2016-02-24,1.40152,1.40262,1.38775,1.39243,0.0
2016-02-25,1.39283,1.39956,1.38986,1.39605,0.0
2016-02-26,1.39622,1.40415,1.38529,1.38687,0.0
2016-02-29,1.38576,1.39456,1.38349,1.39136,0.0
2016-03-01,1.39133,1.40173,1.39033,1.39484,0.0
2016-03-02,1.39482,1.40922,1.39133,1.40779,0.0
2016-03-03,1.40747,1.41933,1.40317,1.41714,0.0
2016-03-04,1.41722,1.42473,1.4107,1.4228,0.0
2016-03-07,1.42154,1.42828,1.41331,1.42623,0.0
2016-03-08,1.42616,1.42744,1.41727,1.42141,0.0
2016-03-09,1.4209,1.42398,1.41766,1.42146,0.0
2016-03-10,1.42139,1.43156,1.41167,1.42776,0.0
2016-03-11,1.42764,1.44355,1.42539,1.43827,0.0
2016-03-14,1.43761,1.43885,1.42915,1.43004,0.0
2016-03-15,1.42998,1.43047,1.4138,1.4149,0.0
2016-03-16,1.41497,1.42729,1.40519,1.42622,0.0
2016-03-17,1.42397,1.45026,1.42203,1.44809,0.0
2016-03-18,1.4473,1.45133,1.44096,1.44738,0.0
2016-03-21,1.44345,1.44662,1.43644,1.43673,0.0
2016-03-22,1.43687,1.43969,1.41894,1.42071,0.0
2016-03-23,1.42059,1.42258,1.40802,1.41152,0.0
2016-03-24,1.41116,1.4182,1.40562,1.41506,0.0
2016-03-25,1.41557,1.41558,1.41064,1.41321,0.0
2016-03-28,1.41254,1.42815,1.41168,1.42486,0.0
2016-03-29,1.42504,1.44031,1.41938,1.43822,0.0
2016-03-30,1.43815,1.44583,1.43603,1.43778,0.0
2016-03-31,1.43747,1.44252,1.43249,1.43592,0.0
2016-04-01,1.43593,1.43707,1.41702,1.42234,0.0
2016-04-04,1.42196,1.43212,1.41901,1.42619,0.0
2016-04-05,1.42613,1.4278,1.41206,1.41592,0.0
2016-04-06,1.41567,1.41699,1.40044,1.41218,0.0
2016-04-07,1.412,1.41562,1.40474,1.40557,0.0
2016-04-08,1.40496,1.41403,1.40396,1.41214,0.0
2016-04-11,1.41122,1.4286,1.41034,1.42377,0.0
2016-04-12,1.42341,1.43467,1.41956,1.42736,0.0
2016-04-13,1.42756,1.42783,1.41922,1.42049,0.0
2016-04-14,1.42019,1.42064,1.40898,1.41518,0.0
2016-04-15,1.41487,1.42413,1.41317,1.41971,0.0
2016-04-18,1.41954,1.42897,1.41303,1.42757,0.0
2016-04-19,1.42754,1.44182,1.42696,1.43948,0.0
2016-04-20,1.43896,1.44099,1.43285,1.43297,0.0
2016-04-21,1.43296,1.44391,1.42967,1.43213,0.0
2016-04-22,1.43204,1.44512,1.43125,1.44004,0.0
2016-04-25,1.44615,1.45186,1.44021,1.44819,0.0
2016-04-26,1.44796,1.4638,1.44781,1.45805,0.0
2016-04-27,1.45749,1.4621,1.4472,1.45417,0.0
2016-04-28,1.45377,1.46219,1.45224,1.46066,0.0
2016-04-29,1.45854,1.46693,1.45754,1.46045,0.0
2016-05-02,1.45823,1.46955,1.45818,1.4673,0.0
2016-05-03,1.46681,1.47689,1.45285,1.45339,0.0
2016-05-04,1.45315,1.45709,1.44608,1.44935,0.0
2016-05-05,1.44922,1.45285,1.44433,1.44836,0.0
2016-05-06,1.44797,1.45422,1.44142,1.44244,0.0
2016-05-09,1.44121,1.44789,1.43739,1.44053,0.0
2016-05-10,1.44058,1.44773,1.43881,1.44424,0.0
2016-05-11,1.44384,1.44872,1.4394,1.44468,0.0
2016-05-12,1.4444,1.45299,1.44053,1.44491,0.0
2016-05-13,1.44456,1.44542,1.43397,1.43544,0.0
2016-05-16,1.4347,1.44141,1.43317,1.43999,0.0
2016-05-17,1.43956,1.45233,1.43954,1.44629,0.0
2016-05-18,1.44579,1.46338,1.44028,1.45971,0.0
2016-05-19,1.45939,1.46628,1.45608,1.46104,0.0
2016-05-20,1.46024,1.46122,1.44849,1.44968,0.0
2016-05-23,1.45041,1.45483,1.44415,1.44828,0.0
2016-05-24,1.44767,1.4641,1.44724,1.46335,0.0
2016-05-25,1.46319,1.47284,1.46001,1.46961,0.0
2016-05-26,1.46964,1.47386,1.46393,1.4668,0.0
2016-05-27,1.46679,1.4688,1.46043,1.46156,0.0
2016-05-30,1.4607,1.4641,1.45868,1.4637,0.0
2016-05-31,1.46351,1.47229,1.44638,1.44811,0.0
2016-06-01,1.44792,1.45069,1.43853,1.44122,0.0
2016-06-02,1.44098,1.4472,1.44015,1.4422,0.0
2016-06-03,1.4422,1.45805,1.43982,1.45107,0.0
2016-06-06,1.44614,1.44802,1.43509,1.44361,0.0
2016-06-07,1.444,1.46587,1.44363,1.45429,0.0
2016-06-08,1.45378,1.45995,1.44992,1.45021,0.0
2016-06-09,1.45016,1.45261,1.44459,1.44544,0.0
2016-06-10,1.44556,1.44719,1.41785,1.4256,0.0
2016-06-13,1.42623,1.43247,1.41143,1.42668,0.0
2016-06-14,1.42602,1.42635,1.40897,1.41095,0.0
2016-06-15,1.41108,1.42175,1.40894,1.42041,0.0
2016-06-16,1.42055,1.42528,1.40117,1.41989,0.0
2016-06-17,1.41993,1.4386,1.41938,1.43524,0.0
2016-06-20,1.44642,1.47172,1.44308,1.46856,0.0
2016-06-21,1.46923,1.47826,1.4615,1.46525,0.0
2016-06-22,1.46496,1.4773,1.464,1.47103,0.0
2016-06-23,1.47176,1.49457,1.47108,1.4838,0.0
2016-06-24,1.48474,1.5016,1.32227,1.36488,0.0
2016-06-27,1.3413,1.34813,1.31171,1.3225,0.0
2016-06-28,1.32073,1.34182,1.31933,1.33413,0.0
2016-06-29,1.33349,1.35322,1.32853,1.3431,0.0
2016-06-30,1.34169,1.34952,1.32046,1.33123,0.0
2016-07-01,1.33033,1.33482,1.32433,1.32671,0.0
2016-07-04,1.32376,1.33394,1.32241,1.32865,0.0
2016-07-05,1.32771,1.32874,1.29991,1.30198,0.0
2016-07-06,1.30135,1.30255,1.27912,1.29274,0.0
2016-07-07,1.29269,1.30467,1.28744,1.29074,0.0
2016-07-08,1.29015,1.3017,1.28792,1.29497,0.0
2016-07-11,1.29448,1.30175,1.28494,1.29956,0.0
2016-07-12,1.29871,1.3294,1.29703,1.32469,0.0
2016-07-13,1.32413,1.33351,1.31323,1.31458,0.0
2016-07-14,1.31401,1.3472,1.31029,1.33408,0.0
2016-07-15,1.33353,1.34789,1.31308,1.31789,0.0
2016-07-18,1.31914,1.33134,1.3184,1.32541,0.0
2016-07-19,1.32511,1.32735,1.30732,1.31079,0.0
2016-07-20,1.31045,1.32259,1.30633,1.32092,0.0
2016-07-21,1.32084,1.32736,1.31534,1.32283,0.0
2016-07-22,1.32249,1.32894,1.30782,1.31071,0.0
2016-07-25,1.31417,1.31636,1.30938,1.3138,0.0
2016-07-26,1.31344,1.31745,1.30549,1.31273,0.0
2016-07-27,1.3126,1.32334,1.30705,1.32231,0.0
2016-07-28,1.32155,1.32471,1.31164,1.31603,0.0
2016-07-29,1.31616,1.33005,1.31466,1.3223,0.0
2016-08-01,1.32354,1.3271,1.31616,1.31746,0.0
2016-08-02,1.31752,1.33643,1.31704,1.33522,0.0
2016-08-03,1.33498,1.3371,1.3278,1.33239,0.0
2016-08-04,1.33223,1.33445,1.31015,1.31045,0.0
2016-08-05,1.31001,1.31743,1.30198,1.30648,0.0
2016-08-08,1.30758,1.30954,1.30268,1.30398,0.0
2016-08-09,1.30415,1.30452,1.29547,1.30013,0.0
2016-08-10,1.29982,1.30932,1.29896,1.30075,0.0
2016-08-11,1.30074,1.30271,1.29348,1.2955,0.0
2016-08-12,1.29539,1.30339,1.29019,1.29147,0.0
2016-08-15,1.2925,1.29446,1.28648,1.28807,0.0
2016-08-16,1.28744,1.30501,1.28733,1.30446,0.0
2016-08-17,1.30373,1.30846,1.29732,1.30394,0.0
2016-08-18,1.30372,1.31716,1.3034,1.31658,0.0
2016-08-19,1.31615,1.31838,1.30219,1.30738,0.0
2016-08-22,1.30522,1.31561,1.30331,1.31353,0.0
2016-08-23,1.31325,1.32093,1.31275,1.31963,0.0
2016-08-24,1.31908,1.32722,1.31603,1.32303,0.0
2016-08-25,1.32299,1.32624,1.31683,1.31889,0.0
2016-08-26,1.3185,1.32777,1.31207,1.3129,0.0
2016-08-29,1.31066,1.3138,1.30585,1.31026,0.0
2016-08-30,1.3101,1.3119,1.3058,1.30785,0.0
2016-08-31,1.3075,1.31572,1.3063,1.31354,0.0
2016-09-01,1.31363,1.3317,1.31273,1.32668,0.0
2016-09-02,1.3265,1.33518,1.32519,1.32904,0.0
2016-09-05,1.32998,1.33747,1.32872,1.33016,0.0
2016-09-06,1.32998,1.34439,1.32949,1.3442,0.0
2016-09-07,1.34345,1.34373,1.3318,1.334,0.0
2016-09-08,1.33381,1.33746,1.32825,1.32938,0.0
2016-09-09,1.3292,1.3335,1.32386,1.32636,0.0
2016-09-12,1.32631,1.33457,1.32336,1.33349,0.0
2016-09-13,1.33306,1.33392,1.31659,1.3191,0.0
2016-09-14,1.31887,1.32398,1.31375,1.32324,0.0
2016-09-15,1.32305,1.32771,1.31781,1.32379,0.0
2016-09-16,1.3235,1.32461,1.29962,1.29962,0.0
2016-09-19,1.29961,1.30905,1.29941,1.30283,0.0
2016-09-20,1.30266,1.30642,1.29464,1.29858,0.0
2016-09-21,1.29853,1.30456,1.29436,1.30311,0.0
2016-09-22,1.30274,1.31202,1.30216,1.30775,0.0
2016-09-23,1.30759,1.30871,1.29143,1.29588,0.0
2016-09-26,1.29634,1.29862,1.29155,1.29732,0.0
2016-09-27,1.29677,1.30254,1.29358,1.30203,0.0
2016-09-28,1.30153,1.3031,1.29787,1.30161,0.0
2016-09-29,1.3013,1.30567,1.29533,1.29649,0.0
2016-09-30,1.29616,1.30218,1.29359,1.29746,0.0
2016-10-03,1.29143,1.29455,1.28164,1.28388,0.0
2016-10-04,1.28291,1.28596,1.2718,1.2727,0.0
2016-10-05,1.27196,1.27704,1.26845,1.27489,0.0
2016-10-06,1.27402,1.27588,1.26013,1.26141,0.0
2016-10-07,1.26118,1.26205,1.17392,1.24288,0.0
2016-10-10,1.23911,1.24431,1.23441,1.23608,0.0
2016-10-11,1.23593,1.23707,1.20874,1.21225,0.0
2016-10-12,1.21173,1.2324,1.21018,1.22064,0.0
2016-10-13,1.21963,1.22713,1.21314,1.225,0.0
2016-10-14,1.22511,1.22601,1.21669,1.21822,0.0
2016-10-17,1.21509,1.2201,1.21348,1.21793,0.0
2016-10-18,1.21801,1.23243,1.21741,1.2296,0.0
2016-10-19,1.2291,1.23305,1.22532,1.22873,0.0
2016-10-20,1.22803,1.2297,1.22093,1.22503,0.0
2016-10-21,1.22479,1.22585,1.21704,1.22247,0.0
2016-10-24,1.22174,1.22483,1.21847,1.22353,0.0
2016-10-25,1.22301,1.22431,1.2082,1.21875,0.0
2016-10-26,1.21822,1.2248,1.21551,1.22454,0.0
2016-10-27,1.22382,1.22678,1.21478,1.21602,0.0
2016-10-28,1.21603,1.22111,1.21132,1.21856,0.0
2016-10-31,1.21729,1.22481,1.21428,1.22399,0.0
2016-11-01,1.22346,1.22795,1.22045,1.22401,0.0
2016-11-02,1.2236,1.2353,1.22195,1.23019,0.0
2016-11-03,1.22976,1.24936,1.22951,1.24586,0.0
2016-11-04,1.24548,1.25566,1.24482,1.25149,0.0
2016-11-07,1.24497,1.24967,1.23778,1.2394,0.0
2016-11-08,1.23893,1.24387,1.23605,1.23817,0.0
2016-11-09,1.23719,1.25461,1.235,1.24032,0.0
2016-11-10,1.24028,1.25837,1.23766,1.2553,0.0
2016-11-11,1.25472,1.26728,1.25246,1.26003,0.0
2016-11-14,1.2564,1.25894,1.24435,1.24946,0.0
2016-11-15,1.24845,1.25279,1.2379,1.24513,0.0
2016-11-16,1.24467,1.25015,1.24087,1.24421,0.0
2016-11-17,1.24391,1.25038,1.24076,1.24136,0.0
2016-11-18,1.24127,1.24357,1.23014,1.23488,0.0
2016-11-21,1.23382,1.25102,1.23115,1.24927,0.0
2016-11-22,1.24928,1.25116,1.23833,1.24178,0.0
2016-11-23,1.24143,1.24678,1.23591,1.24393,0.0
2016-11-24,1.24337,1.24937,1.24008,1.24473,0.0
2016-11-25,1.2448,1.24806,1.2415,1.24802,0.0
2016-11-28,1.24599,1.25305,1.23847,1.24146,0.0
2016-11-29,1.24085,1.2525,1.23869,1.24893,0.0
2016-11-30,1.24879,1.25222,1.24187,1.2505,0.0
2016-12-01,1.24997,1.26948,1.24989,1.25896,0.0
2016-12-02,1.25877,1.27356,1.25682,1.27284,0.0
2016-12-05,1.26803,1.27436,1.26234,1.27259,0.0
2016-12-06,1.27238,1.27742,1.26555,1.26767,0.0
2016-12-07,1.26752,1.26818,1.25689,1.26243,0.0
2016-12-08,1.26237,1.27037,1.25476,1.25861,0.0
2016-12-09,1.25757,1.26197,1.25516,1.25724,0.0
2016-12-12,1.25707,1.26987,1.25661,1.26736,0.0
2016-12-13,1.26768,1.27272,1.26524,1.26562,0.0
2016-12-14,1.2653,1.27202,1.25253,1.25616,0.0
2016-12-15,1.25585,1.25666,1.23753,1.24187,0.0
2016-12-16,1.24312,1.25091,1.23817,1.24808,0.0
2016-12-19,1.24817,1.25012,1.23541,1.23908,0.0
2016-12-20,1.23936,1.24079,1.23118,1.23681,0.0
2016-12-21,1.23614,1.23898,1.23227,1.23512,0.0
2016-12-22,1.23477,1.23774,1.22757,1.22862,0.0
2016-12-23,1.22763,1.22972,1.22276,1.22813,0.0
2016-12-27,1.22734,1.22859,1.22396,1.22672,0.0
2016-12-28,1.2267,1.2296,1.22002,1.22246,0.0
2016-12-29,1.22279,1.22737,1.22074,1.22605,0.0
2016-12-30,1.22557,1.23866,1.22442,1.23419,0.0
2017-01-03,1.22782,1.23059,1.21975,1.22374,0.0
2017-01-04,1.22318,1.2352,1.222,1.23199,0.0
2017-01-05,1.23192,1.24315,1.22697,1.24156,0.0
2017-01-06,1.24134,1.24299,1.22601,1.22813,0.0
2017-01-09,1.22459,1.22701,1.21226,1.21608,0.0
2017-01-10,1.21586,1.21891,1.21063,1.2174,0.0
2017-01-11,1.21708,1.22707,1.20369,1.22103,0.0
2017-01-12,1.22077,1.23156,1.21517,1.21616,0.0
2017-01-13,1.21554,1.22321,1.21203,1.21935,0.0
2017-01-16,1.19954,1.20845,1.19859,1.20409,0.0
2017-01-17,1.205,1.24143,1.2015,1.24118,0.0
2017-01-18,1.2409,1.24119,1.22529,1.22596,0.0
2017-01-19,1.22536,1.23417,1.22515,1.23397,0.0
2017-01-20,1.23392,1.23796,1.22598,1.23725,0.0
2017-01-23,1.23737,1.25366,1.23676,1.25342,0.0
2017-01-24,1.25289,1.25428,1.24171,1.25191,0.0
2017-01-25,1.25183,1.26377,1.24901,1.26314,0.0
2017-01-26,1.26305,1.26726,1.25556,1.25907,0.0
2017-01-27,1.25975,1.26049,1.2515,1.25462,0.0
2017-01-30,1.25842,1.25999,1.24647,1.24869,0.0
2017-01-31,1.24763,1.25955,1.24113,1.25769,0.0
2017-02-01,1.25785,1.2679,1.25418,1.26572,0.0
2017-02-02,1.26542,1.27054,1.25173,1.25246,0.0
2017-02-03,1.25204,1.25371,1.24558,1.24802,0.0
2017-02-06,1.24829,1.24977,1.24268,1.24669,0.0
2017-02-07,1.24626,1.25452,1.23463,1.25061,0.0
2017-02-08,1.25059,1.25487,1.24741,1.25397,0.0
2017-02-09,1.25362,1.25816,1.24906,1.2493,0.0
2017-02-10,1.24886,1.25201,1.24392,1.24836,0.0
2017-02-13,1.24702,1.25385,1.24702,1.25242,0.0
2017-02-14,1.25208,1.25474,1.24409,1.24656,0.0
2017-02-15,1.24642,1.24801,1.23824,1.24595,0.0
2017-02-16,1.24577,1.25226,1.24536,1.24871,0.0
2017-02-17,1.24855,1.25099,1.23872,1.24061,0.0
2017-02-20,1.24023,1.24817,1.24023,1.24606,0.0
2017-02-21,1.24577,1.248,1.24004,1.24726,0.0
2017-02-22,1.247,1.25069,1.24139,1.24493,0.0
2017-02-23,1.24414,1.25602,1.24272,1.25558,0.0
2017-02-24,1.25522,1.25689,1.24473,1.2455,0.0
2017-02-27,1.24673,1.2478,1.23821,1.24424,0.0
2017-02-28,1.24363,1.24699,1.2373,1.23804,0.0
2017-03-01,1.23758,1.24036,1.22792,1.2292,0.0
2017-03-02,1.2292,1.23068,1.22412,1.22652,0.0
2017-03-03,1.22632,1.22992,1.22133,1.22915,0.0
2017-03-06,1.22794,1.22998,1.22234,1.22376,0.0
2017-03-07,1.22338,1.22516,1.21689,1.22007,0.0
2017-03-08,1.21976,1.22129,1.21379,1.21673,0.0
2017-03-09,1.21641,1.21942,1.21322,1.21616,0.0
2017-03-10,1.21582,1.21879,1.21343,1.21586,0.0
2017-03-13,1.21603,1.22505,1.21461,1.22178,0.0
2017-03-14,1.22165,1.22215,1.21085,1.21523,0.0
2017-03-15,1.21413,1.23083,1.2141,1.22877,0.0
2017-03-16,1.22878,1.2376,1.22403,1.23565,0.0
2017-03-17,1.23566,1.24042,1.23229,1.23923,0.0
2017-03-20,1.23803,1.24346,1.23343,1.23575,0.0
2017-03-21,1.23571,1.24938,1.23401,1.24779,0.0
2017-03-22,1.2475,1.25054,1.24217,1.2482,0.0
2017-03-23,1.24818,1.25306,1.24619,1.25208,0.0
2017-03-24,1.25201,1.25207,1.24684,1.24725,0.0
2017-03-27,1.24886,1.26149,1.24821,1.25566,0.0
2017-03-28,1.25546,1.25958,1.24404,1.24514,0.0
2017-03-29,1.24392,1.2476,1.23753,1.24342,0.0
2017-03-30,1.24301,1.25239,1.24022,1.24675,0.0
2017-03-31,1.24639,1.25567,1.24328,1.25454,0.0
2017-04-03,1.25384,1.25553,1.24646,1.24838,0.0
2017-04-04,1.24818,1.24942,1.24185,1.24398,0.0
2017-04-05,1.24396,1.24976,1.24218,1.24836,0.0
2017-04-06,1.24806,1.25053,1.24496,1.2468,0.0
2017-04-07,1.24665,1.24773,1.23637,1.23716,0.0
2017-04-10,1.23773,1.24284,1.23643,1.24152,0.0
2017-04-11,1.24109,1.24938,1.23996,1.24911,0.0
2017-04-12,1.24886,1.25479,1.248,1.25431,0.0
2017-04-13,1.25325,1.25739,1.24987,1.25017,0.0
2017-04-14,1.25049,1.25339,1.24934,1.2521,0.0
2017-04-17,1.25257,1.25953,1.25181,1.25622,0.0
2017-04-18,1.25623,1.29026,1.2513,1.28433,0.0
2017-04-19,1.28321,1.28595,1.27687,1.2775,0.0
2017-04-20,1.27729,1.28464,1.27711,1.28102,0.0
2017-04-21,1.28078,1.28342,1.27548,1.28008,0.0
2017-04-24,1.28349,1.28362,1.27713,1.27918,0.0
2017-04-25,1.27928,1.28453,1.27736,1.28356,0.0
2017-04-26,1.28386,1.28627,1.2804,1.28462,0.0
2017-04-27,1.28457,1.29163,1.28376,1.2902,0.0
2017-04-28,1.2901,1.29645,1.28885,1.29425,0.0
2017-05-01,1.29254,1.29416,1.28817,1.28835,0.0
2017-05-02,1.2881,1.29393,1.28636,1.29373,0.0
2017-05-03,1.29379,1.29471,1.28644,1.28666,0.0
2017-05-04,1.2867,1.29319,1.28292,1.29195,0.0
2017-05-05,1.29182,1.29833,1.28987,1.29741,0.0
2017-05-08,1.29799,1.29882,1.2929,1.29398,0.0
2017-05-09,1.29282,1.29603,1.29022,1.29343,0.0
2017-05-10,1.29301,1.29869,1.29259,1.29375,0.0
2017-05-11,1.29287,1.29481,1.28484,1.28855,0.0
2017-05-12,1.28822,1.28988,1.28413,1.28839,0.0
2017-05-15,1.28775,1.29401,1.28773,1.28931,0.0
2017-05-16,1.28897,1.29569,1.28646,1.2918,0.0
2017-05-17,1.29087,1.29901,1.2905,1.29691,0.0
2017-05-18,1.2963,1.30472,1.28865,1.29397,0.0
2017-05-19,1.29241,1.30395,1.29165,1.30314,0.0
2017-05-22,1.29878,1.30419,1.29644,1.29989,0.0
2017-05-23,1.29969,1.30325,1.29516,1.29609,0.0
2017-05-24,1.29574,1.29987,1.29263,1.29751,0.0
2017-05-25,1.29631,1.30139,1.29312,1.29417,0.0
2017-05-26,1.29344,1.29449,1.27743,1.28044,0.0
2017-05-29,1.27988,1.28494,1.27936,1.2837,0.0
2017-05-30,1.28318,1.28872,1.27926,1.28574,0.0
2017-05-31,1.28562,1.29203,1.2768,1.28904,0.0
2017-06-01,1.28891,1.29146,1.28286,1.28782,0.0
2017-06-02,1.28802,1.29031,1.28444,1.28886,0.0
2017-06-05,1.28571,1.29402,1.2851,1.29028,0.0
2017-06-06,1.28999,1.29488,1.28713,1.29058,0.0
2017-06-07,1.29049,1.29661,1.28863,1.29592,0.0
2017-06-08,1.29623,1.29773,1.29073,1.29489,0.0
2017-06-09,1.29455,1.29511,1.26342,1.27391,0.0
2017-06-12,1.27069,1.27688,1.2638,1.26592,0.0
2017-06-13,1.26556,1.2756,1.26409,1.27512,0.0
2017-06-14,1.27512,1.28174,1.27226,1.27514,0.0
2017-06-15,1.2749,1.2795,1.2689,1.27542,0.0
2017-06-16,1.27528,1.28044,1.27486,1.27718,0.0
2017-06-19,1.27569,1.28139,1.27223,1.27354,0.0
2017-06-20,1.27324,1.27575,1.26008,1.26251,0.0
2017-06-21,1.26247,1.27093,1.25885,1.26704,0.0
2017-06-22,1.26685,1.26903,1.26526,1.26821,0.0
2017-06-23,1.26783,1.27434,1.26747,1.27161,0.0
2017-06-26,1.2732,1.2759,1.27051,1.27208,0.0
2017-06-27,1.27163,1.28601,1.27151,1.28122,0.0
2017-06-28,1.28117,1.29713,1.27935,1.29232,0.0
2017-06-29,1.29247,1.30104,1.29214,1.30041,0.0
2017-06-30,1.29916,1.30287,1.29433,1.30268,0.0
2017-07-03,1.30004,1.30231,1.29312,1.29363,0.0
2017-07-04,1.29354,1.29583,1.29123,1.29173,0.0
2017-07-05,1.29141,1.29468,1.28924,1.29319,0.0
2017-07-06,1.29304,1.29832,1.29183,1.29692,0.0
2017-07-07,1.29631,1.2974,1.2866,1.28765,0.0
2017-07-10,1.28827,1.29077,1.28538,1.28803,0.0
2017-07-11,1.28708,1.29268,1.283,1.28461,0.0
2017-07-12,1.28342,1.29063,1.2811,1.28831,0.0
2017-07-13,1.28751,1.29545,1.28751,1.29373,0.0
2017-07-14,1.29379,1.31134,1.29343,1.31007,0.0
2017-07-17,1.30916,1.3112,1.30464,1.30523,0.0
2017-07-18,1.30533,1.31251,1.30043,1.30396,0.0
2017-07-19,1.30391,1.30519,1.30103,1.30232,0.0
2017-07-20,1.30185,1.30322,1.29319,1.29728,0.0
2017-07-21,1.2968,1.30187,1.29525,1.29937,0.0
2017-07-24,1.29889,1.3057,1.29875,1.3028,0.0
2017-07-25,1.30281,1.30834,1.3007,1.3025,0.0
2017-07-26,1.30236,1.31223,1.29982,1.31189,0.0
2017-07-27,1.3108,1.3158,1.30496,1.30643,0.0
2017-07-28,1.30635,1.31517,1.30607,1.31306,0.0
2017-07-31,1.31152,1.32223,1.30962,1.32092,0.0
2017-08-01,1.32071,1.32441,1.319,1.32038,0.0
2017-08-02,1.32021,1.32502,1.31888,1.32229,0.0
2017-08-03,1.32216,1.32673,1.31115,1.31363,0.0
2017-08-04,1.31354,1.31638,1.30229,1.30329,0.0
2017-08-07,1.30328,1.30583,1.30127,1.30316,0.0
2017-08-08,1.30314,1.30529,1.29517,1.29932,0.0
2017-08-09,1.29852,1.30271,1.2967,1.30015,0.0
2017-08-10,1.29993,1.30149,1.29504,1.29762,0.0
2017-08-11,1.29763,1.30302,1.29382,1.30072,0.0
2017-08-14,1.3009,1.3021,1.29556,1.29635,0.0
2017-08-15,1.29577,1.29698,1.28456,1.2867,0.0
2017-08-16,1.2866,1.29023,1.284,1.28896,0.0
2017-08-17,1.28873,1.29082,1.28519,1.28671,0.0
2017-08-18,1.2868,1.2917,1.28306,1.28715,0.0
2017-08-21,1.28541,1.2916,1.28496,1.28965,0.0
2017-08-22,1.28963,1.29083,1.28098,1.28216,0.0
2017-08-23,1.28215,1.28332,1.27789,1.27978,0.0
2017-08-24,1.27973,1.28363,1.27728,1.27992,0.0
2017-08-25,1.28003,1.28879,1.27927,1.28752,0.0
2017-08-28,1.29255,1.29423,1.28723,1.29321,0.0
2017-08-29,1.29302,1.29778,1.29138,1.29183,0.0
2017-08-30,1.29176,1.29375,1.28776,1.29218,0.0
2017-08-31,1.29227,1.29342,1.28508,1.29315,0.0
2017-09-01,1.2926,1.2995,1.29044,1.29513,0.0
2017-09-04,1.29561,1.29654,1.2912,1.29261,0.0
2017-09-05,1.29175,1.30416,1.29077,1.30304,0.0
2017-09-06,1.30294,1.30817,1.30181,1.3042,0.0
2017-09-07,1.30402,1.31146,1.30316,1.30991,0.0
2017-09-08,1.30972,1.32234,1.30905,1.31899,0.0
2017-09-11,1.31761,1.32216,1.31603,1.31633,0.0
2017-09-12,1.31579,1.32978,1.31573,1.32814,0.0
2017-09-13,1.32808,1.33286,1.31824,1.32078,0.0
2017-09-14,1.32057,1.34048,1.31444,1.33951,0.0
2017-09-15,1.33917,1.3616,1.33774,1.35838,0.0
2017-09-18,1.35548,1.3618,1.34639,1.34972,0.0
2017-09-19,1.3488,1.35505,1.34683,1.35124,0.0
2017-09-20,1.35109,1.36547,1.34513,1.34936,0.0
2017-09-21,1.34925,1.35859,1.347,1.35807,0.0
2017-09-22,1.35791,1.35954,1.34479,1.34866,0.0
2017-09-25,1.34885,1.35703,1.34306,1.34689,0.0
2017-09-26,1.34639,1.3514,1.34088,1.3457,0.0
2017-09-27,1.34548,1.34603,1.33627,1.33868,0.0
2017-09-28,1.33805,1.34548,1.33418,1.34406,0.0
2017-09-29,1.34401,1.3442,1.33477,1.3394,0.0
2017-10-02,1.33654,1.34009,1.32543,1.32753,0.0
2017-10-03,1.32707,1.32873,1.32216,1.32395,0.0
2017-10-04,1.32314,1.32908,1.32239,1.32476,0.0
2017-10-05,1.32383,1.32486,1.3107,1.31171,0.0
2017-10-06,1.3113,1.31203,1.30264,1.30622,0.0
2017-10-09,1.30858,1.31837,1.30747,1.31417,0.0
2017-10-10,1.31393,1.32247,1.31295,1.32022,0.0
2017-10-11,1.32014,1.32335,1.31744,1.3224,0.0
2017-10-12,1.32153,1.32902,1.31212,1.32636,0.0
2017-10-13,1.32516,1.33372,1.32454,1.32821,0.0
2017-10-16,1.32923,1.33112,1.3224,1.32494,0.0
2017-10-17,1.32488,1.32867,1.31543,1.31932,0.0
2017-10-18,1.31782,1.32077,1.3139,1.32024,0.0
2017-10-19,1.32003,1.32282,1.31196,1.3158,0.0
2017-10-20,1.31499,1.32,1.30871,1.31828,0.0
2017-10-23,1.31784,1.32262,1.31568,1.31956,0.0
2017-10-24,1.31958,1.32268,1.31127,1.31301,0.0
2017-10-25,1.31248,1.32711,1.31092,1.32622,0.0
2017-10-26,1.32483,1.32788,1.3145,1.31598,0.0
2017-10-27,1.31547,1.31609,1.30685,1.31192,0.0
2017-10-30,1.31163,1.32142,1.31109,1.32063,0.0
2017-10-31,1.32065,1.32877,1.31906,1.32815,0.0
2017-11-01,1.32792,1.332,1.32394,1.32447,0.0
2017-11-02,1.32394,1.32987,1.30413,1.30584,0.0
2017-11-03,1.30561,1.31254,1.30386,1.30721,0.0
2017-11-06,1.30633,1.31741,1.30579,1.31723,0.0
2017-11-07,1.31664,1.31772,1.31084,1.31658,0.0
2017-11-08,1.3162,1.31751,1.30856,1.31149,0.0
2017-11-09,1.31044,1.31647,1.3084,1.31441,0.0
2017-11-10,1.3143,1.32285,1.31116,1.31886,0.0
2017-11-13,1.31649,1.31785,1.30608,1.3116,0.0
2017-11-14,1.31102,1.31861,1.30622,1.31649,0.0
2017-11-15,1.31583,1.32135,1.3129,1.31687,0.0
2017-11-16,1.31692,1.32071,1.31337,1.31917,0.0
2017-11-17,1.31924,1.32595,1.31686,1.32123,0.0
2017-11-20,1.32119,1.32785,1.31852,1.32326,0.0
2017-11-21,1.32279,1.32668,1.32079,1.32374,0.0
2017-11-22,1.32349,1.33288,1.32116,1.33217,0.0
2017-11-23,1.33163,1.33364,1.32797,1.3304,0.0
2017-11-24,1.33032,1.33593,1.32777,1.33297,0.0
2017-11-27,1.33122,1.3382,1.33088,1.33173,0.0
2017-11-28,1.33036,1.33857,1.32201,1.33395,0.0
2017-11-29,1.33454,1.34476,1.33347,1.34087,0.0
2017-11-30,1.34033,1.3548,1.34033,1.35276,0.0
2017-12-01,1.35244,1.3549,1.34426,1.34659,0.0
2017-12-04,1.3424,1.35379,1.34116,1.34793,0.0
2017-12-05,1.34726,1.34768,1.33694,1.34411,0.0
2017-12-06,1.34413,1.3442,1.33567,1.33913,0.0
2017-12-07,1.33903,1.34834,1.33188,1.34719,0.0
2017-12-08,1.34713,1.35196,1.33537,1.33769,0.0
2017-12-11,1.33789,1.34299,1.33294,1.33392,0.0
2017-12-12,1.33368,1.3379,1.33011,1.33167,0.0
2017-12-13,1.33127,1.34262,1.33103,1.34159,0.0
2017-12-14,1.3413,1.34617,1.33817,1.34301,0.0
2017-12-15,1.34292,1.34461,1.32992,1.33176,0.0
2017-12-18,1.33102,1.34173,1.3309,1.33808,0.0
2017-12-19,1.33791,1.34017,1.33293,1.33843,0.0
2017-12-20,1.33843,1.34195,1.33668,1.33749,0.0
2017-12-21,1.33749,1.33869,1.33309,1.33828,0.0
2017-12-22,1.33838,1.33968,1.33444,1.33571,0.0
2017-12-26,1.33644,1.33885,1.33466,1.33726,0.0
2017-12-27,1.33696,1.34289,1.33661,1.33981,0.0
2017-12-28,1.33998,1.34555,1.33905,1.3442,0.0
2017-12-29,1.34412,1.35438,1.3423,1.35021,0.0
2018-01-02,1.34993,1.35998,1.34975,1.35929,0.0
2018-01-03,1.35844,1.36122,1.34929,1.35155,0.0
2018-01-04,1.35082,1.3559,1.35047,1.35509,0.0
2018-01-05,1.35463,1.35815,1.35222,1.35615,0.0
2018-01-08,1.35565,1.35851,1.3522,1.35656,0.0
2018-01-09,1.35653,1.35815,1.35039,1.35392,0.0
2018-01-10,1.35366,1.35612,1.34812,1.35064,0.0
2018-01-11,1.35041,1.35539,1.34569,1.35385,0.0
2018-01-12,1.35313,1.3743,1.3529,1.3727,0.0
2018-01-15,1.37261,1.38184,1.37216,1.37923,0.0
2018-01-16,1.37905,1.38049,1.37408,1.37888,0.0
2018-01-17,1.37874,1.39411,1.37554,1.3827,0.0
2018-01-18,1.38249,1.39127,1.38035,1.38923,0.0
2018-01-19,1.38923,1.39448,1.38379,1.38504,0.0
2018-01-22,1.38895,1.39899,1.38557,1.39875,0.0
2018-01-23,1.39793,1.40266,1.39148,1.39986,0.0
2018-01-24,1.40026,1.42615,1.39959,1.42352,0.0
2018-01-25,1.42335,1.43442,1.4081,1.41376,0.0
2018-01-26,1.41303,1.42812,1.4104,1.41553,0.0
2018-01-29,1.4134,1.41579,1.40247,1.40759,0.0
2018-01-30,1.40701,1.41655,1.39785,1.41478,0.0
2018-01-31,1.41411,1.42322,1.412,1.41918,0.0
2018-02-01,1.41838,1.42774,1.41578,1.42628,0.0
2018-02-02,1.42629,1.42767,1.41004,1.41171,0.0
2018-02-05,1.40981,1.415,1.39521,1.39575,0.0
2018-02-06,1.39554,1.39992,1.38349,1.39479,0.0
2018-02-07,1.3943,1.39935,1.38474,1.38803,0.0
2018-02-08,1.38698,1.40659,1.38446,1.39094,0.0
2018-02-09,1.3907,1.39865,1.37633,1.38221,0.0
2018-02-12,1.38072,1.38754,1.37949,1.38363,0.0
2018-02-13,1.38319,1.3923,1.38316,1.38906,0.0
2018-02-14,1.38858,1.40155,1.37997,1.39965,0.0
2018-02-15,1.39973,1.4104,1.39917,1.40995,0.0
2018-02-16,1.40939,1.41445,1.39954,1.40327,0.0
2018-02-19,1.40144,1.40489,1.39578,1.39966,0.0
2018-02-20,1.3997,1.4024,1.39301,1.39945,0.0
2018-02-21,1.39943,1.40083,1.39027,1.39145,0.0
2018-02-22,1.39158,1.39883,1.3856,1.39547,0.0
2018-02-23,1.39524,1.40049,1.39031,1.39666,0.0
2018-02-26,1.39847,1.40697,1.39271,1.39656,0.0
2018-02-27,1.39651,1.3996,1.38567,1.39086,0.0
2018-02-28,1.39056,1.39155,1.37562,1.37583,0.0
2018-03-01,1.37544,1.37845,1.37114,1.37735,0.0
2018-03-02,1.37692,1.38162,1.37546,1.37966,0.0
2018-03-05,1.37923,1.38768,1.37661,1.38468,0.0
2018-03-06,1.38431,1.39291,1.38158,1.38871,0.0
2018-03-07,1.38849,1.39107,1.3845,1.3904,0.0
2018-03-08,1.38891,1.39094,1.37784,1.38115,0.0
2018-03-09,1.38072,1.38886,1.37866,1.38461,0.0
2018-03-12,1.38479,1.39172,1.384,1.39047,0.0
2018-03-13,1.3904,1.39934,1.38735,1.39598,0.0
2018-03-14,1.39589,1.39952,1.39248,1.39618,0.0
2018-03-15,1.39583,1.39883,1.39204,1.39348,0.0
2018-03-16,1.3935,1.39799,1.38873,1.39415,0.0
2018-03-19,1.39345,1.40879,1.39117,1.40234,0.0
2018-03-20,1.40222,1.40662,1.39815,1.39966,0.0
2018-03-21,1.39955,1.41497,1.39946,1.41403,0.0
2018-03-22,1.41348,1.42154,1.40753,1.40944,0.0
2018-03-23,1.40939,1.41717,1.40841,1.41287,0.0
2018-03-26,1.4134,1.42436,1.41273,1.4229,0.0
2018-03-27,1.42237,1.42439,1.40656,1.4158,0.0
2018-03-28,1.41496,1.41997,1.40696,1.40754,0.0
2018-03-29,1.40748,1.40958,1.40102,1.402,0.0
2018-03-30,1.40135,1.40594,1.40107,1.40176,0.0
2018-04-02,1.4022,1.40774,1.40168,1.40427,0.0
2018-04-03,1.40421,1.40884,1.40204,1.40587,0.0
2018-04-04,1.40491,1.40958,1.40125,1.40781,0.0
2018-04-05,1.40737,1.40957,1.39648,1.40036,0.0
2018-04-06,1.3996,1.41054,1.39815,1.40871,0.0
2018-04-09,1.40863,1.41634,1.40774,1.41316,0.0
2018-04-10,1.41248,1.41871,1.4119,1.4175,0.0
2018-04-11,1.41732,1.42229,1.41603,1.41783,0.0
2018-04-12,1.41716,1.42464,1.41449,1.42258,0.0
2018-04-13,1.42255,1.42958,1.422,1.42345,0.0
2018-04-16,1.42414,1.43436,1.42264,1.43366,0.0
2018-04-17,1.43317,1.43762,1.42813,1.42903,0.0
2018-04-18,1.42813,1.43143,1.41717,1.42018,0.0
2018-04-19,1.41979,1.42456,1.40673,1.40802,0.0
2018-04-20,1.40823,1.40904,1.39983,1.39992,0.0
2018-04-23,1.39993,1.40307,1.39256,1.39375,0.0
2018-04-24,1.39366,1.39869,1.39174,1.3977,0.0
2018-04-25,1.39722,1.39957,1.39226,1.39289,0.0
2018-04-26,1.39248,1.39971,1.38935,1.39123,0.0
2018-04-27,1.39108,1.39337,1.37464,1.37757,0.0
2018-04-30,1.3769,1.37914,1.37119,1.37627,0.0
2018-05-01,1.3758,1.37725,1.35878,1.36135,0.0
2018-05-02,1.36105,1.36656,1.35547,1.35701,0.0
2018-05-03,1.35741,1.36286,1.35371,1.35752,0.0
2018-05-04,1.35716,1.35855,1.34855,1.35254,0.0
2018-05-07,1.353,1.35749,1.35146,1.35554,0.0
2018-05-08,1.35552,1.3592,1.34833,1.35475,0.0
2018-05-09,1.35369,1.36065,1.34976,1.35461,0.0
2018-05-10,1.35396,1.36169,1.34591,1.35154,0.0
2018-05-11,1.3517,1.35955,1.35014,1.35365,0.0
2018-05-14,1.3548,1.3608,1.35325,1.35558,0.0
2018-05-15,1.35559,1.36141,1.3451,1.35078,0.0
2018-05-16,1.35065,1.35395,1.3456,1.34898,0.0
2018-05-17,1.34881,1.35692,1.34735,1.35148,0.0
2018-05-18,1.35161,1.35281,1.3455,1.3472,0.0
2018-05-21,1.34685,1.34839,1.33905,1.34285,0.0
2018-05-22,1.34273,1.34918,1.3412,1.3431,0.0
2018-05-23,1.3432,1.3443,1.33056,1.33498,0.0
2018-05-24,1.33495,1.3422,1.3329,1.3381,0.0
2018-05-25,1.343,1.343,1.3294,1.32955,0.0
2018-05-28,1.33165,1.3361,1.32937,1.3311,0.0
2018-05-29,1.33107,1.33295,1.3205,1.32545,0.0
2018-05-30,1.32501,1.33135,1.3234,1.32823,0.0
2018-05-31,1.32884,1.33482,1.32768,1.32936,0.0
2018-06-01,1.32978,1.33636,1.3254,1.33484,0.0
2018-06-04,1.3347,1.3399,1.3295,1.33118,0.0
2018-06-05,1.33136,1.3409,1.3301,1.3396,0.0
2018-06-06,1.3394,1.3444,1.3378,1.34144,0.0
2018-06-07,1.3413,1.34716,1.33725,1.34203,0.0
2018-06-08,1.34222,1.3439,1.33545,1.34108,0.0
2018-06-11,1.3408,1.34416,1.33445,1.33824,0.0
2018-06-12,1.33768,1.3425,1.33424,1.337,0.0
2018-06-13,1.3373,1.3401,1.3308,1.33766,0.0
2018-06-14,1.3377,1.34465,1.3258,1.32592,0.0
2018-06-15,1.32613,1.32984,1.3211,1.32826,0.0
2018-06-18,1.3266,1.3285,1.3226,1.32466,0.0
2018-06-19,1.3245,1.32735,1.315,1.3174,0.0
2018-06-20,1.318,1.32165,1.3148,1.3173,0.0
2018-06-21,1.31735,1.327,1.3102,1.32418,0.0
2018-06-22,1.3241,1.3315,1.32318,1.3265,0.0
2018-06-25,1.32655,1.329,1.3221,1.32807,0.0
2018-06-26,1.32802,1.3293,1.3194,1.32227,0.0
2018-06-27,1.32234,1.3243,1.3106,1.31145,0.0
2018-06-28,1.31124,1.31255,1.305,1.30783,0.0
2018-06-29,1.30782,1.3214,1.3067,1.32072,0.0
2018-07-02,1.31975,1.3216,1.3095,1.31428,0.0
2018-07-03,1.3143,1.3207,1.31149,1.3193,0.0
2018-07-04,1.31937,1.325,1.317,1.32312,0.0
2018-07-05,1.32306,1.3275,1.3204,1.32199,0.0
2018-07-06,1.32215,1.3291,1.3203,1.32849,0.0
2018-07-09,1.33205,1.3363,1.31944,1.32583,0.0
2018-07-10,1.32588,1.33013,1.32238,1.32717,0.0
2018-07-11,1.32761,1.3286,1.3199,1.3206,0.0
2018-07-12,1.32053,1.32445,1.31805,1.3204,0.0
2018-07-13,1.32056,1.3241,1.3102,1.32363,0.0
2018-07-16,1.32298,1.3293,1.32165,1.3235,0.0
2018-07-17,1.32349,1.3269,1.30723,1.3116,0.0
2018-07-18,1.31148,1.31355,1.301,1.30705,0.0
2018-07-19,1.30692,1.3084,1.29577,1.30142,0.0
2018-07-20,1.30145,1.31405,1.2995,1.31324,0.0
2018-07-23,1.31294,1.3159,1.30829,1.31,0.0
2018-07-24,1.31008,1.316,1.30718,1.31425,0.0
2018-07-25,1.3144,1.3201,1.31325,1.3191,0.0
2018-07-26,1.31896,1.3214,1.3105,1.3109,0.0
2018-07-27,1.311,1.3145,1.30825,1.3104,0.0
2018-07-30,1.31115,1.3153,1.3097,1.31332,0.0
2018-07-31,1.31326,1.3173,1.30905,1.31242,0.0
2018-08-01,1.3124,1.3145,1.30945,1.31248,0.0
2018-08-02,1.31264,1.31305,1.3014,1.3016,0.0
2018-08-03,1.30175,1.3044,1.2975,1.30021,0.0
2018-08-06,1.3007,1.3015,1.292,1.29441,0.0
2018-08-07,1.29441,1.2974,1.2923,1.29387,0.0
2018-08-08,1.29386,1.2961,1.2853,1.2884,0.0
2018-08-09,1.28817,1.2912,1.28208,1.2824,0.0
2018-08-10,1.28241,1.2838,1.2723,1.27702,0.0
2018-08-13,1.27485,1.27914,1.273,1.27656,0.0
2018-08-14,1.27691,1.2827,1.2702,1.27195,0.0
2018-08-15,1.2723,1.27389,1.26622,1.26977,0.0
2018-08-16,1.26973,1.27542,1.26835,1.27122,0.0
2018-08-17,1.27147,1.2756,1.2698,1.27496,0.0
2018-08-20,1.2763,1.28,1.2729,1.27959,0.0
2018-08-21,1.27971,1.2925,1.279,1.29047,0.0
2018-08-22,1.2901,1.2936,1.2868,1.29139,0.0
2018-08-23,1.2914,1.292,1.2804,1.28154,0.0
2018-08-24,1.28122,1.2881,1.2799,1.28485,0.0
2018-08-27,1.2845,1.2902,1.2829,1.2893,0.0
2018-08-28,1.28921,1.2932,1.28619,1.287,0.0
2018-08-29,1.287,1.3033,1.2845,1.3028,0.0
2018-08-30,1.3028,1.30432,1.2985,1.30116,0.0
2018-08-31,1.30094,1.3029,1.2944,1.29556,0.0
2018-09-03,1.29365,1.2938,1.2855,1.2873,0.0
2018-09-04,1.2871,1.28865,1.2811,1.28538,0.0
2018-09-05,1.2855,1.2983,1.2785,1.2905,0.0
2018-09-06,1.2905,1.2962,1.28965,1.29264,0.0
2018-09-07,1.29285,1.3029,1.2908,1.2917,0.0
2018-09-10,1.2917,1.30517,1.2897,1.3027,0.0
2018-09-11,1.30252,1.30875,1.29729,1.30319,0.0
2018-09-12,1.30335,1.3071,1.29801,1.3047,0.0
2018-09-13,1.30451,1.3121,1.3026,1.31066,0.0
2018-09-14,1.31067,1.3139,1.3056,1.30693,0.0
2018-09-17,1.30715,1.3166,1.30605,1.31589,0.0
2018-09-18,1.31594,1.31721,1.3119,1.3147,0.0
2018-09-19,1.31481,1.32137,1.31133,1.31451,0.0
2018-09-20,1.31441,1.32983,1.31315,1.327,0.0
2018-09-21,1.32685,1.3278,1.3056,1.30811,0.0
2018-09-24,1.30805,1.31665,1.3063,1.3117,0.0
2018-09-25,1.3118,1.31945,1.30951,1.3181,0.0
2018-09-26,1.3184,1.32175,1.31385,1.31672,0.0
2018-09-27,1.31663,1.3188,1.3075,1.3079,0.0
2018-09-28,1.30773,1.3091,1.3001,1.303,0.0
2018-10-01,1.3042,1.31025,1.30121,1.304,0.0
2018-10-02,1.30427,1.3055,1.29405,1.2978,0.0
2018-10-03,1.29793,1.30221,1.29185,1.29387,0.0
2018-10-04,1.29393,1.30414,1.2922,1.3021,0.0
2018-10-05,1.302,1.3121,1.3003,1.3116,0.0
2018-10-08,1.31205,1.3134,1.30285,1.30931,0.0
2018-10-09,1.30915,1.3151,1.3033,1.3145,0.0
2018-10-10,1.31434,1.3217,1.3131,1.31909,0.0
2018-10-11,1.31925,1.32475,1.31825,1.32354,0.0
2018-10-12,1.32334,1.3258,1.3146,1.31523,0.0
2018-10-15,1.30855,1.31818,1.30855,1.31514,0.0
2018-10-16,1.31526,1.32364,1.3141,1.31859,0.0
2018-10-17,1.31855,1.3204,1.31,1.3115,0.0
2018-10-18,1.31151,1.3132,1.3016,1.30165,0.0
2018-10-19,1.30178,1.31039,1.3011,1.30648,0.0
2018-10-22,1.3071,1.309,1.29567,1.29655,0.0
2018-10-23,1.29645,1.30441,1.2937,1.2984,0.0
2018-10-24,1.29835,1.2998,1.28665,1.28797,0.0
2018-10-25,1.2882,1.292,1.27975,1.28183,0.0
2018-10-26,1.28179,1.2842,1.2777,1.28285,0.0
2018-10-29,1.2824,1.28526,1.2792,1.2794,0.0
2018-10-30,1.2793,1.2813,1.2696,1.27086,0.0
2018-10-31,1.27064,1.2831,1.26965,1.2767,0.0
2018-11-01,1.27655,1.30255,1.27515,1.29986,0.0
2018-11-02,1.3006,1.3041,1.2951,1.29665,0.0
2018-11-05,1.30245,1.30555,1.2964,1.3042,0.0
2018-11-06,1.3042,1.3107,1.3021,1.3106,0.0
2018-11-07,1.31012,1.3175,1.3074,1.31271,0.0
2018-11-08,1.31253,1.3151,1.3045,1.30608,0.0
2018-11-09,1.3061,1.3077,1.2958,1.29731,0.0
2018-11-12,1.2914,1.2947,1.2827,1.28502,0.0
2018-11-13,1.28496,1.30464,1.284,1.297,0.0
2018-11-14,1.29734,1.30716,1.2879,1.2989,0.0
2018-11-15,1.29923,1.303,1.2723,1.2776,0.0
2018-11-16,1.2774,1.28776,1.2749,1.2824,0.0
2018-11-19,1.28465,1.28832,1.2794,1.2851,0.0
2018-11-20,1.28517,1.28855,1.2776,1.2787,0.0
2018-11-21,1.27869,1.282,1.2764,1.2777,0.0
2018-11-22,1.27759,1.29276,1.27625,1.2879,0.0
2018-11-23,1.28778,1.2884,1.27999,1.2815,0.0
2018-11-26,1.28255,1.28632,1.2796,1.2809,0.0
2018-11-27,1.28102,1.28255,1.27257,1.2742,0.0
2018-11-28,1.2743,1.28472,1.2715,1.2824,0.0
2018-11-29,1.28238,1.2851,1.2755,1.27853,0.0
2018-11-30,1.27865,1.281,1.27355,1.27515,0.0
2018-12-03,1.2768,1.2825,1.26989,1.27242,0.0
2018-12-04,1.27244,1.284,1.2659,1.2715,0.0
2018-12-05,1.2718,1.2799,1.26715,1.2733,0.0
2018-12-06,1.2731,1.2812,1.2699,1.2784,0.0
2018-12-07,1.27825,1.2805,1.2711,1.27315,0.0
2018-12-10,1.2703,1.27593,1.2507,1.256,0.0
2018-12-11,1.25608,1.2638,1.248,1.24891,0.0
2018-12-12,1.2488,1.26725,1.2477,1.2627,0.0
2018-12-13,1.26296,1.2687,1.2609,1.26584,0.0
2018-12-14,1.26527,1.2675,1.2529,1.25872,0.0
2018-12-17,1.2611,1.26472,1.2571,1.26145,0.0
2018-12-18,1.26189,1.27065,1.26096,1.2639,0.0
2018-12-19,1.2639,1.26792,1.26077,1.26112,0.0
2018-12-20,1.26115,1.2707,1.26015,1.2659,0.0
2018-12-21,1.26574,1.2698,1.2618,1.26306,0.0
2018-12-24,1.26475,1.2739,1.2635,1.26914,0.0
2018-12-26,1.2678,1.272,1.2631,1.26345,0.0
2018-12-27,1.26331,1.2675,1.2616,1.26455,0.0
2018-12-28,1.26435,1.2709,1.2629,1.2698,0.0
2018-12-31,1.2675,1.28146,1.2667,1.2753,0.0
2019-01-02,1.27455,1.2774,1.2581,1.261,0.0
2019-01-03,1.2609,1.2648,1.24404,1.26379,0.0
2019-01-04,1.26344,1.27455,1.2616,1.27303,0.0
2019-01-07,1.2728,1.2787,1.2707,1.27746,0.0
2019-01-08,1.27783,1.27978,1.27065,1.27154,0.0
2019-01-09,1.27181,1.2805,1.2698,1.279,0.0
2019-01-10,1.27882,1.281,1.2728,1.275,0.0
2019-01-11,1.2749,1.28665,1.271,1.28386,0.0
2019-01-14,1.28495,1.29305,1.2818,1.28665,0.0
2019-01-15,1.2867,1.2917,1.26697,1.286,0.0
2019-01-16,1.28607,1.28972,1.2824,1.2879,0.0
2019-01-17,1.28823,1.3001,1.2832,1.29859,0.0
2019-01-18,1.29868,1.3,1.28565,1.28782,0.0
2019-01-21,1.2878,1.29115,1.283,1.28936,0.0
2019-01-22,1.2892,1.2976,1.2855,1.2957,0.0
2019-01-23,1.29567,1.3081,1.2943,1.30689,0.0
2019-01-24,1.30696,1.3095,1.3012,1.3063,0.0
2019-01-25,1.30653,1.3218,1.3053,1.32,0.0
2019-01-28,1.3187,1.32125,1.31372,1.31563,0.0
2019-01-29,1.31604,1.31997,1.3051,1.3067,0.0
2019-01-30,1.30682,1.3146,1.30515,1.31149,0.0
2019-01-31,1.31163,1.316,1.3098,1.31108,0.0
2019-02-01,1.31093,1.3116,1.30436,1.30828,0.0
2019-02-04,1.30695,1.31035,1.30295,1.3037,0.0
2019-02-05,1.30367,1.3055,1.29249,1.29505,0.0
2019-02-06,1.29491,1.29793,1.2925,1.29285,0.0
2019-02-07,1.29304,1.2996,1.2853,1.2951,0.0
2019-02-08,1.29551,1.2976,1.2921,1.29435,0.0
2019-02-11,1.29405,1.29435,1.28452,1.2862,0.0
2019-02-12,1.2856,1.29095,1.28328,1.2895,0.0
2019-02-13,1.289,1.2959,1.28445,1.28459,0.0
2019-02-14,1.2846,1.28777,1.27725,1.27985,0.0
2019-02-15,1.28012,1.28981,1.27848,1.28893,0.0
2019-02-18,1.29115,1.2943,1.2891,1.2926,0.0
2019-02-19,1.29241,1.3074,1.2896,1.30633,0.0
2019-02-20,1.30637,1.31092,1.3012,1.3049,0.0
2019-02-21,1.3052,1.30954,1.3026,1.30345,0.0
2019-02-22,1.30402,1.3081,1.2968,1.30539,0.0
2019-02-25,1.30695,1.3116,1.30435,1.30965,0.0
2019-02-26,1.30965,1.32885,1.30955,1.3251,0.0
2019-02-27,1.3252,1.3351,1.3233,1.3309,0.0
2019-02-28,1.33084,1.33205,1.32537,1.32625,0.0
2019-03-01,1.32628,1.32864,1.3171,1.3207,0.0
2019-03-04,1.32485,1.32565,1.3166,1.31813,0.0
2019-03-05,1.31791,1.31985,1.3098,1.3178,0.0
2019-03-06,1.31786,1.3183,1.3124,1.3171,0.0
2019-03-07,1.31703,1.3186,1.3068,1.30822,0.0
2019-03-08,1.30835,1.31086,1.299,1.3016,0.0
2019-03-11,1.2973,1.3171,1.296,1.31504,0.0
2019-03-12,1.3151,1.32885,1.3005,1.30721,0.0
2019-03-13,1.3074,1.3382,1.3056,1.33389,0.0
2019-03-14,1.3338,1.3356,1.3208,1.32425,0.0
2019-03-15,1.3241,1.33005,1.32032,1.32928,0.0
2019-03-18,1.3301,1.33035,1.3184,1.32525,0.0
2019-03-19,1.32553,1.33105,1.32305,1.32643,0.0
2019-03-20,1.32668,1.3275,1.3146,1.31912,0.0
2019-03-21,1.31961,1.3228,1.3004,1.31085,0.0
2019-03-22,1.31056,1.3224,1.30815,1.321,0.0
2019-03-25,1.32165,1.32464,1.316,1.32,0.0
2019-03-26,1.31974,1.3262,1.3158,1.32058,0.0
2019-03-27,1.32052,1.32695,1.31669,1.3196,0.0
2019-03-28,1.3188,1.32142,1.3035,1.30393,0.0
2019-03-29,1.3044,1.3136,1.2978,1.30326,0.0
2019-04-01,1.3031,1.315,1.3009,1.31073,0.0
2019-04-02,1.31024,1.31495,1.30125,1.31336,0.0
2019-04-03,1.3134,1.31961,1.3122,1.3157,0.0
2019-04-04,1.31587,1.3192,1.306,1.3074,0.0
2019-04-05,1.30739,1.3122,1.29873,1.30355,0.0
2019-04-08,1.3041,1.3075,1.3027,1.3062,0.0
2019-04-09,1.306,1.3121,1.303,1.3053,0.0
2019-04-10,1.3053,1.3122,1.30365,1.30897,0.0
2019-04-11,1.30867,1.3109,1.305,1.3053,0.0
2019-04-12,1.30556,1.3133,1.3049,1.3072,0.0
2019-04-15,1.3104,1.31191,1.30705,1.30998,0.0
2019-04-16,1.30989,1.3113,1.3043,1.30486,0.0
2019-04-17,1.30484,1.3069,1.3028,1.30402,0.0
2019-04-18,1.30417,1.3055,1.2978,1.2987,0.0
2019-04-19,1.2978,1.3014,1.2975,1.29887,0.0
2019-04-22,1.2996,1.30015,1.2975,1.2978,0.0
2019-04-23,1.298,1.30189,1.2928,1.29386,0.0
2019-04-24,1.29379,1.2964,1.28897,1.29006,0.0
2019-04-25,1.29027,1.2917,1.2865,1.2896,0.0
2019-04-26,1.2898,1.29434,1.28755,1.29166,0.0
2019-04-29,1.2916,1.29471,1.2904,1.2931,0.0
2019-04-30,1.2932,1.3049,1.2924,1.3035,0.0
2019-05-01,1.30334,1.31035,1.3028,1.305,0.0
2019-05-02,1.30506,1.30804,1.3018,1.3033,0.0
2019-05-03,1.30343,1.3177,1.299,1.3175,0.0
2019-05-06,1.31405,1.31711,1.3081,1.30975,0.0
2019-05-07,1.3096,1.31319,1.304,1.30742,0.0
2019-05-08,1.3076,1.3081,1.29873,1.3008,0.0
2019-05-09,1.30059,1.30363,1.2968,1.3004,0.0
2019-05-10,1.30075,1.3048,1.29905,1.3004,0.0
2019-05-13,1.3009,1.3041,1.29415,1.296,0.0
2019-05-14,1.29577,1.2971,1.2903,1.2904,0.0
2019-05-15,1.2906,1.2923,1.2826,1.2843,0.0
2019-05-16,1.28427,1.2861,1.2787,1.2796,0.0
2019-05-17,1.27951,1.2803,1.2712,1.2717,0.0
2019-05-20,1.2764,1.27685,1.27148,1.27245,0.0
2019-05-21,1.2725,1.2813,1.2685,1.27071,0.0
2019-05-22,1.2706,1.272,1.26244,1.2661,0.0
2019-05-23,1.2662,1.2684,1.2605,1.2659,0.0
2019-05-24,1.26569,1.2732,1.2647,1.27115,0.0
2019-05-27,1.27275,1.2748,1.2661,1.268,0.0
2019-05-28,1.26785,1.2702,1.2649,1.2653,0.0
2019-05-29,1.2653,1.26714,1.2612,1.26263,0.0
2019-05-30,1.26265,1.26405,1.258,1.26098,0.0
2019-05-31,1.2608,1.2645,1.25592,1.26309,0.0
2019-06-03,1.26285,1.2675,1.261,1.26645,0.0
2019-06-04,1.26643,1.2715,1.2642,1.27001,0.0
2019-06-05,1.26998,1.27445,1.2679,1.2682,0.0
2019-06-06,1.26866,1.27425,1.2668,1.26921,0.0
2019-06-07,1.26945,1.27631,1.2688,1.27387,0.0
2019-06-10,1.27405,1.27605,1.2653,1.2685,0.0
2019-06-11,1.26845,1.27325,1.267,1.27234,0.0
2019-06-12,1.2722,1.2759,1.26819,1.26889,0.0
2019-06-13,1.26891,1.2708,1.26624,1.2673,0.0
2019-06-14,1.26739,1.26875,1.2579,1.25906,0.0
2019-06-17,1.2588,1.26056,1.2532,1.2533,0.0
2019-06-18,1.25344,1.2566,1.2506,1.25575,0.0
2019-06-19,1.25571,1.2674,1.2534,1.2644,0.0
2019-06-20,1.26397,1.2731,1.2633,1.2703,0.0
2019-06-21,1.27,1.2748,1.2642,1.27466,0.0
2019-06-24,1.27375,1.2767,1.2708,1.2739,0.0
2019-06-25,1.27398,1.2784,1.2672,1.2688,0.0
2019-06-26,1.26879,1.2708,1.26625,1.26866,0.0
2019-06-27,1.26898,1.2725,1.26618,1.2671,0.0
2019-06-28,1.26744,1.27349,1.2664,1.2697,0.0
2019-07-01,1.2699,1.27058,1.26322,1.26386,0.0
2019-07-02,1.26392,1.26497,1.25843,1.25938,0.0
2019-07-03,1.25933,1.26006,1.2557,1.25778,0.0
2019-07-04,1.25727,1.25912,1.25668,1.25791,0.0
2019-07-05,1.25783,1.25878,1.24813,1.25269,0.0
2019-07-08,1.25294,1.254,1.25,1.25178,0.0
2019-07-09,1.25169,1.25304,1.24396,1.24604,0.0
2019-07-10,1.24618,1.25211,1.24439,1.25052,0.0
2019-07-11,1.25054,1.25713,1.24933,1.25266,0.0
2019-07-12,1.25268,1.25795,1.2519,1.25746,0.0
2019-07-15,1.2575,1.25782,1.25104,1.25162,0.0
2019-07-16,1.25162,1.2521,1.23964,1.24063,0.0
2019-07-17,1.24066,1.24566,1.23824,1.24327,0.0
2019-07-18,1.24323,1.25586,1.24274,1.25482,0.0
2019-07-19,1.2548,1.25566,1.24757,1.2503,0.0
2019-07-22,1.25055,1.25198,1.24557,1.24766,0.0
2019-07-23,1.24779,1.24819,1.2418,1.24398,0.0
2019-07-24,1.24396,1.25224,1.24271,1.24839,0.0
2019-07-25,1.2484,1.2518,1.2437,1.24552,0.0
2019-07-26,1.24552,1.24598,1.23761,1.23828,0.0
2019-07-29,1.23829,1.2384,1.22124,1.22186,0.0
2019-07-30,1.22181,1.22278,1.21197,1.21498,0.0
2019-07-31,1.21501,1.22496,1.21345,1.21596,0.0
2019-08-01,1.21614,1.21717,1.20796,1.21307,0.0
2019-08-02,1.21288,1.21697,1.20905,1.21621,0.0
2019-08-05,1.21684,1.21883,1.21018,1.21399,0.0
2019-08-06,1.21399,1.22097,1.21356,1.21688,0.0
2019-08-07,1.21681,1.2191,1.21211,1.21428,0.0
2019-08-08,1.21419,1.21824,1.20952,1.21346,0.0
2019-08-09,1.21356,1.21542,1.20232,1.20262,0.0
2019-08-12,1.20284,1.21064,1.20153,1.2075,0.0
2019-08-13,1.20756,1.20982,1.20422,1.206,0.0
2019-08-14,1.20595,1.21007,1.2045,1.20574,0.0
2019-08-15,1.20566,1.21496,1.20508,1.20929,0.0
2019-08-16,1.20898,1.21754,1.20772,1.21526,0.0
2019-08-19,1.21454,1.21729,1.21046,1.21257,0.0
2019-08-20,1.21279,1.21809,1.20648,1.21707,0.0
2019-08-21,1.21714,1.21752,1.21125,1.21206,0.0
2019-08-22,1.21221,1.22728,1.21088,1.22554,0.0
2019-08-23,1.2255,1.22944,1.21944,1.22851,0.0
2019-08-26,1.22676,1.22861,1.22082,1.22183,0.0
2019-08-27,1.22184,1.23099,1.22092,1.22877,0.0
2019-08-28,1.22877,1.22923,1.21562,1.22118,0.0
2019-08-29,1.22117,1.22324,1.21725,1.21829,0.0
2019-08-30,1.2183,1.22252,1.21395,1.21666,0.0
2019-09-02,1.21634,1.21748,1.20362,1.20648,0.0
2019-09-03,1.20664,1.21059,1.19586,1.20882,0.0
2019-09-04,1.2088,1.22518,1.20808,1.22516,0.0
2019-09-05,1.22515,1.23538,1.22103,1.23317,0.0
2019-09-06,1.23317,1.23438,1.228,1.22897,0.0
2019-09-09,1.22726,1.23838,1.22338,1.23438,0.0
2019-09-10,1.2344,1.23795,1.23072,1.23587,0.0
2019-09-11,1.2359,1.23707,1.23127,1.23299,0.0
2019-09-12,1.23302,1.23669,1.22835,1.2331,0.0
2019-09-13,1.23373,1.25056,1.23273,1.24968,0.0
2019-09-16,1.24882,1.25046,1.23996,1.24268,0.0
2019-09-17,1.2427,1.25267,1.23932,1.24996,0.0
2019-09-18,1.24996,1.25122,1.24396,1.24705,0.0
2019-09-19,1.24706,1.25604,1.24385,1.25239,0.0
2019-09-20,1.25241,1.25824,1.24601,1.24706,0.0
2019-09-23,1.24671,1.24908,1.24131,1.2434,0.0
2019-09-24,1.24339,1.25034,1.24144,1.24944,0.0
2019-09-25,1.24945,1.24993,1.23478,1.23503,0.0
2019-09-26,1.23503,1.23804,1.23028,1.23222,0.0
2019-09-27,1.23225,1.23366,1.22713,1.22896,0.0
2019-09-30,1.2295,1.23459,1.22756,1.22971,0.0
2019-10-01,1.22977,1.2339,1.22064,1.23044,0.0
2019-10-02,1.23042,1.23239,1.2227,1.22987,0.0
2019-10-03,1.23038,1.24134,1.22658,1.23288,0.0
2019-10-04,1.2329,1.2357,1.22764,1.23338,0.0
2019-10-07,1.23294,1.23367,1.22874,1.22892,0.0
2019-10-08,1.22921,1.23027,1.21954,1.2219,0.0
2019-10-09,1.22184,1.22916,1.21987,1.22029,0.0
2019-10-10,1.22162,1.24694,1.2205,1.24408,0.0
2019-10-11,1.24392,1.27058,1.24243,1.26504,0.0
2019-10-14,1.265,1.265,1.2516,1.26,0.0
2019-10-15,1.26078,1.27996,1.2603,1.27848,0.0
2019-10-16,1.27834,1.28709,1.26588,1.28284,0.0
2019-10-17,1.28223,1.29901,1.27503,1.28923,0.0
2019-10-18,1.28843,1.298,1.28397,1.298,0.0
2019-10-21,1.2952,1.30126,1.28752,1.29595,0.0
2019-10-22,1.2959,1.30004,1.28622,1.2873,0.0
2019-10-23,1.28783,1.29218,1.28414,1.29166,0.0
2019-10-24,1.2914,1.295,1.27887,1.28506,0.0
2019-10-25,1.28524,1.28625,1.28044,1.28341,0.0
2019-10-28,1.2815,1.28765,1.28116,1.28573,0.0
2019-10-29,1.28579,1.29048,1.28068,1.28688,0.0
2019-10-30,1.28635,1.29078,1.28456,1.28986,0.0
2019-10-31,1.29023,1.29758,1.28952,1.29426,0.0
2019-11-01,1.29428,1.29728,1.29262,1.29383,0.0
2019-11-04,1.29301,1.29429,1.28765,1.28822,0.0
2019-11-05,1.28843,1.29173,1.28593,1.28818,0.0
2019-11-06,1.28858,1.28972,1.28444,1.28571,0.0
2019-11-07,1.28539,1.28777,1.27946,1.28144,0.0
2019-11-08,1.2821,1.28237,1.27689,1.27772,0.0
2019-11-11,1.2777,1.28964,1.2777,1.28519,0.0
2019-11-12,1.28532,1.28733,1.28157,1.28437,0.0
2019-11-13,1.2854,1.28642,1.28219,1.28532,0.0
2019-11-14,1.28515,1.28883,1.2825,1.2882,0.0
2019-11-15,1.28815,1.29191,1.28676,1.29026,0.0
2019-11-18,1.29256,1.29846,1.29106,1.2952,0.0
2019-11-19,1.29572,1.297,1.29105,1.29269,0.0
2019-11-20,1.29259,1.2931,1.28883,1.29226,0.0
2019-11-21,1.29165,1.297,1.28934,1.29068,0.0
2019-11-22,1.29107,1.29288,1.28241,1.28313,0.0
2019-11-25,1.28535,1.29119,1.28413,1.28991,0.0
2019-11-26,1.29002,1.29049,1.28354,1.28647,0.0
2019-11-27,1.28614,1.29176,1.28275,1.29033,0.0
2019-11-28,1.2922,1.29509,1.28995,1.29104,0.0
2019-11-29,1.2912,1.2942,1.28792,1.29308,0.0
2019-12-02,1.29106,1.2949,1.28961,1.29425,0.0
2019-12-03,1.29401,1.30112,1.29306,1.29974,0.0
2019-12-04,1.29948,1.312,1.29827,1.31043,0.0
2019-12-05,1.31048,1.31662,1.31028,1.31598,0.0
2019-12-06,1.3162,1.31656,1.31011,1.31365,0.0
2019-12-09,1.31359,1.31804,1.3133,1.31474,0.0
2019-12-10,1.31427,1.32153,1.31328,1.31817,0.0
2019-12-11,1.31454,1.32136,1.31078,1.31954,0.0
2019-12-12,1.31989,1.32288,1.30514,1.31722,0.0
2019-12-13,1.3436,1.35148,1.33059,1.33353,0.0
2019-12-16,1.33401,1.34226,1.33212,1.33312,0.0
2019-12-17,1.3335,1.33364,1.30998,1.31272,0.0
2019-12-18,1.31247,1.31344,1.30604,1.30822,0.0
2019-12-19,1.30787,1.31324,1.29903,1.2998,0.0
2019-12-20,1.30097,1.30794,1.29792,1.30009,0.0
2019-12-23,1.3,1.30322,1.2905,1.29349,0.0
2019-12-24,1.29353,1.2971,1.29222,1.29682,0.0
2019-12-26,1.2953,1.30158,1.2952,1.29957,0.0
2019-12-27,1.2997,1.31174,1.29689,1.3085,0.0
2019-12-30,1.3092,1.315,1.3069,1.31093,0.0
2019-12-31,1.31096,1.32842,1.31064,1.32472,0.0
2020-01-02,1.325,1.3266,1.31157,1.31361,0.0
2020-01-03,1.31403,1.31603,1.30538,1.30752,0.0
2020-01-06,1.30877,1.31747,1.30645,1.31678,0.0
2020-01-07,1.31688,1.32124,1.30953,1.3119,0.0
2020-01-08,1.31264,1.31698,1.30806,1.3096,0.0
2020-01-09,1.3098,1.31238,1.3013,1.30657,0.0
2020-01-10,1.30662,1.3097,1.30428,1.30645,0.0
2020-01-13,1.30382,1.3045,1.29613,1.29889,0.0
2020-01-14,1.29908,1.30333,1.29544,1.30182,0.0
2020-01-15,1.30209,1.3043,1.29852,1.30388,0.0
2020-01-16,1.30382,1.30832,1.30258,1.30744,0.0
2020-01-17,1.30734,1.31182,1.30082,1.30104,0.0
2020-01-20,1.2997,1.30137,1.29623,1.301,0.0
2020-01-21,1.30082,1.30835,1.29959,1.30431,0.0
2020-01-22,1.30456,1.31528,1.3035,1.31389,0.0
2020-01-23,1.3144,1.31513,1.30971,1.31283,0.0
2020-01-24,1.31188,1.31742,1.30571,1.30714,0.0
2020-01-27,1.30796,1.31041,1.30403,1.30565,0.0
2020-01-28,1.30541,1.30653,1.29754,1.30264,0.0
2020-01-29,1.30228,1.30298,1.29897,1.30166,0.0
2020-01-30,1.30126,1.31102,1.2978,1.30912,0.0
2020-01-31,1.30898,1.32099,1.30842,1.3209,0.0
2020-02-03,1.31786,1.3184,1.29828,1.29994,0.0
2020-02-04,1.29943,1.30468,1.29414,1.30319,0.0
2020-02-05,1.30336,1.307,1.29564,1.29998,0.0
2020-02-06,1.30016,1.30024,1.2921,1.29283,0.0
2020-02-07,1.29292,1.29595,1.28819,1.28828,0.0
2020-02-10,1.28957,1.29462,1.28721,1.29101,0.0
2020-02-11,1.29155,1.29683,1.28946,1.29564,0.0
2020-02-12,1.29521,1.29916,1.29499,1.29564,0.0
2020-02-13,1.29632,1.30695,1.29444,1.30422,0.0
2020-02-14,1.30436,1.30636,1.30014,1.30471,0.0
2020-02-17,1.30412,1.30544,1.29983,1.30034,0.0
2020-02-18,1.30082,1.30489,1.29708,1.2999,0.0
2020-02-19,1.29991,1.30234,1.29079,1.29211,0.0
2020-02-20,1.2925,1.29287,1.28492,1.28796,0.0
2020-02-21,1.28842,1.29811,1.28775,1.29582,0.0
2020-02-24,1.29476,1.29549,1.28869,1.29284,0.0
2020-02-25,1.29302,1.30179,1.29144,1.30007,0.0
2020-02-26,1.3001,1.30082,1.28994,1.29004,0.0
2020-02-27,1.29004,1.29464,1.28603,1.28869,0.0
2020-02-28,1.28887,1.29197,1.27261,1.28229,0.0
2020-03-02,1.27662,1.28509,1.27404,1.27508,0.0
2020-03-03,1.27488,1.28442,1.27409,1.28143,0.0
2020-03-04,1.281,1.28721,1.27703,1.28696,0.0
2020-03-05,1.287,1.29683,1.28608,1.29594,0.0
2020-03-06,1.29566,1.30524,1.29492,1.30453,0.0
2020-03-09,1.3078,1.32,1.30348,1.31138,0.0
2020-03-10,1.31078,1.3125,1.28817,1.29061,0.0
2020-03-11,1.28937,1.29769,1.28042,1.28267,0.0
2020-03-12,1.28211,1.28494,1.24915,1.25712,0.0
2020-03-13,1.25757,1.26246,1.22692,1.22924,0.0
2020-03-16,1.2265,1.24259,1.22025,1.2257,0.0
2020-03-17,1.22639,1.22737,1.20032,1.20586,0.0
2020-03-18,1.2059,1.21298,1.14705,1.16342,0.0
2020-03-19,1.15634,1.1794,1.14738,1.15152,0.0
2020-03-20,1.14986,1.19344,1.14119,1.16056,0.0
2020-03-23,1.1675,1.1715,1.14474,1.15262,0.0
2020-03-24,1.15326,1.17996,1.15061,1.17687,0.0
2020-03-25,1.17619,1.19737,1.16397,1.1894,0.0
2020-03-26,1.18857,1.22292,1.17775,1.21942,0.0
2020-03-27,1.22042,1.24854,1.21325,1.24756,0.0
2020-03-30,1.243,1.24669,1.23175,1.24143,0.0
2020-03-31,1.24029,1.24728,1.22429,1.24168,0.0
2020-04-01,1.24412,1.24412,1.23306,1.23759,0.0
2020-04-02,1.23945,1.24756,1.23502,1.23982,0.0
2020-04-03,1.24091,1.24103,1.22063,1.22686,0.0
2020-04-06,1.2233,1.23268,1.22101,1.22313,0.0
2020-04-07,1.22315,1.23845,1.2166,1.23379,0.0
2020-04-08,1.23349,1.242,1.2288,1.2381,0.0
2020-04-09,1.23814,1.24834,1.23616,1.2456,0.0
2020-04-10,1.24664,1.24871,1.24458,1.24502,0.0
2020-04-13,1.2454,1.25358,1.245,1.25057,0.0
2020-04-14,1.25068,1.26477,1.25042,1.26344,0.0
2020-04-15,1.26261,1.2631,1.24376,1.25289,0.0
2020-04-16,1.25191,1.25296,1.24084,1.24554,0.0
2020-04-17,1.24569,1.25226,1.24073,1.25081,0.0
2020-04-20,1.2495,1.25028,1.24165,1.24313,0.0
2020-04-21,1.24355,1.24472,1.22476,1.22953,0.0
2020-04-22,1.22932,1.23859,1.2275,1.2332,0.0
2020-04-23,1.2332,1.24139,1.2308,1.23445,0.0
2020-04-24,1.23545,1.23773,1.22985,1.2367,0.0
2020-04-27,1.23685,1.24548,1.236,1.24297,0.0
2020-04-28,1.24296,1.25183,1.24042,1.24223,0.0
2020-04-29,1.2425,1.24856,1.23892,1.24708,0.0
2020-04-30,1.24704,1.26433,1.24292,1.25895,0.0
2020-05-01,1.25896,1.26009,1.24832,1.24928,0.0
2020-05-04,1.24882,1.2492,1.24055,1.24424,0.0
2020-05-05,1.24424,1.2484,1.24205,1.24341,0.0
2020-05-06,1.24391,1.24504,1.23352,1.23392,0.0
2020-05-07,1.23462,1.24184,1.22662,1.23631,0.0
2020-05-08,1.23589,1.24674,1.23552,1.2406,0.0
2020-05-11,1.2405,1.24378,1.22834,1.23382,0.0
2020-05-12,1.23349,1.2377,1.22556,1.22565,0.0
2020-05-13,1.22608,1.23394,1.22102,1.2237,0.0
2020-05-14,1.2237,1.22419,1.21664,1.2231,0.0
2020-05-15,1.22279,1.22376,1.21018,1.21038,0.0
2020-05-18,1.20834,1.22277,1.20764,1.21945,0.0
2020-05-19,1.21958,1.2296,1.21843,1.225,0.0
2020-05-20,1.22471,1.22877,1.22214,1.2236,0.0
2020-05-21,1.22465,1.22498,1.21857,1.22236,0.0
2020-05-22,1.22209,1.22337,1.21618,1.2168,0.0
2020-05-25,1.21775,1.22036,1.21639,1.21846,0.0
2020-05-26,1.21902,1.23631,1.2184,1.2338,0.0
2020-05-27,1.23358,1.23544,1.22056,1.22624,0.0
2020-05-28,1.22597,1.23447,1.22339,1.23222,0.0
2020-05-29,1.23189,1.23939,1.22908,1.23524,0.0
2020-06-01,1.23286,1.25068,1.23277,1.24882,0.0
2020-06-02,1.24988,1.2576,1.24786,1.25499,0.0
2020-06-03,1.25508,1.26152,1.25468,1.25713,0.0
2020-06-04,1.25762,1.26336,1.25008,1.25904,0.0
2020-06-05,1.26021,1.27314,1.25832,1.26684,0.0
2020-06-08,1.2685,1.2736,1.26281,1.27241,0.0
2020-06-09,1.27242,1.27558,1.26187,1.27292,0.0
2020-06-10,1.27306,1.28132,1.27066,1.27475,0.0
2020-06-11,1.27489,1.27547,1.25864,1.25995,0.0
2020-06-12,1.26002,1.26536,1.24739,1.2549,0.0
2020-06-15,1.25129,1.26044,1.24544,1.26044,0.0
2020-06-16,1.26049,1.26876,1.25535,1.25708,0.0
2020-06-17,1.25734,1.25888,1.25109,1.25542,0.0
2020-06-18,1.25426,1.25669,1.24028,1.24227,0.0
2020-06-19,1.24204,1.2456,1.23442,1.23496,0.0
2020-06-22,1.2345,1.24771,1.23358,1.24681,0.0
2020-06-23,1.24661,1.25321,1.24327,1.25199,0.0
2020-06-24,1.25178,1.25426,1.24143,1.24195,0.0
2020-06-25,1.24218,1.24644,1.23894,1.24176,0.0
2020-06-26,1.24249,1.24371,1.23148,1.23373,0.0
2020-06-29,1.23394,1.23898,1.22518,1.2298,0.0
2020-06-30,1.22967,1.24017,1.2258,1.2401,0.0
2020-07-01,1.23968,1.24905,1.23596,1.24756,0.0
2020-07-02,1.24714,1.25298,1.24565,1.24691,0.0
2020-07-03,1.24655,1.24868,1.24382,1.24831,0.0
2020-07-06,1.2465,1.25198,1.2465,1.24907,0.0
2020-07-07,1.24924,1.25917,1.24626,1.25406,0.0
2020-07-08,1.25518,1.26232,1.25088,1.26139,0.0
2020-07-09,1.26113,1.26696,1.26003,1.26065,0.0
2020-07-10,1.26064,1.2664,1.25674,1.26238,0.0
2020-07-13,1.26322,1.26664,1.25505,1.2551,0.0
2020-07-14,1.2558,1.25637,1.24801,1.25543,0.0
2020-07-15,1.25596,1.26496,1.25508,1.25893,0.0
2020-07-16,1.25828,1.26246,1.25203,1.25536,0.0
2020-07-17,1.25583,1.25746,1.2512,1.25678,0.0
2020-07-20,1.25582,1.26654,1.25184,1.26586,0.0
2020-07-21,1.26596,1.2768,1.26502,1.27234,0.0
2020-07-22,1.27273,1.27437,1.26442,1.27389,0.0
2020-07-23,1.27285,1.27603,1.2673,1.2735,0.0
2020-07-24,1.27363,1.28034,1.27172,1.27962,0.0
2020-07-27,1.27949,1.29021,1.27808,1.28791,0.0
2020-07-28,1.28901,1.29528,1.28382,1.29313,0.0
2020-07-29,1.29332,1.30134,1.29121,1.29929,0.0
2020-07-30,1.29972,1.3103,1.29448,1.30999,0.0
2020-07-31,1.30968,1.31702,1.30707,1.3083,0.0
2020-08-03,1.308,1.31128,1.3005,1.30767,0.0
2020-08-04,1.30768,1.31076,1.29815,1.30706,0.0
2020-08-05,1.30632,1.31618,1.30578,1.31171,0.0
2020-08-06,1.31182,1.31858,1.31126,1.31428,0.0
2020-08-07,1.31501,1.31526,1.30095,1.30539,0.0
2020-08-10,1.30565,1.31034,1.30192,1.30713,0.0
2020-08-11,1.30674,1.31318,1.30417,1.3049,0.0
2020-08-12,1.30581,1.30678,1.30054,1.3029,0.0
2020-08-13,1.30332,1.31232,1.30305,1.30669,0.0
2020-08-14,1.30633,1.31428,1.3049,1.30874,0.0
2020-08-17,1.3086,1.31217,1.30742,1.31061,0.0
2020-08-18,1.31115,1.32498,1.3098,1.32432,0.0
2020-08-19,1.32398,1.32672,1.30939,1.30977,0.0
2020-08-20,1.30977,1.32242,1.30646,1.32164,0.0
2020-08-21,1.32162,1.3255,1.30592,1.30898,0.0
2020-08-24,1.30848,1.31489,1.30537,1.3061,0.0
2020-08-25,1.30676,1.31706,1.30588,1.3149,0.0
2020-08-26,1.31504,1.3219,1.31173,1.32114,0.0
2020-08-27,1.32089,1.32848,1.31612,1.31986,0.0
2020-08-28,1.32038,1.33565,1.31863,1.33506,0.0
2020-08-31,1.33416,1.33955,1.33012,1.33704,0.0
2020-09-01,1.33724,1.34824,1.33566,1.3384,0.0
2020-09-02,1.33801,1.34026,1.32833,1.33522,0.0
2020-09-03,1.33515,1.33572,1.32426,1.32795,0.0
2020-09-04,1.32775,1.33192,1.31761,1.32772,0.0
2020-09-07,1.32538,1.32677,1.31408,1.31663,0.0
2020-09-08,1.31669,1.31777,1.29805,1.29807,0.0
2020-09-09,1.29855,1.30235,1.28852,1.3001,0.0
2020-09-10,1.29946,1.30347,1.27735,1.28156,0.0
2020-09-11,1.28,1.2864,1.27636,1.27978,0.0
2020-09-14,1.27834,1.2919,1.27781,1.2843,0.0
2020-09-15,1.28451,1.29261,1.28151,1.28894,0.0
2020-09-16,1.28916,1.30071,1.28753,1.29666,0.0
2020-09-17,1.29678,1.29992,1.28652,1.29722,0.0
2020-09-18,1.29724,1.29998,1.29152,1.29245,0.0
2020-09-21,1.2925,1.29661,1.27756,1.28162,0.0
2020-09-22,1.28124,1.28675,1.27114,1.27338,0.0
2020-09-23,1.27349,1.2777,1.26754,1.27234,0.0
2020-09-24,1.27249,1.27808,1.26908,1.27426,0.0
2020-09-25,1.27596,1.28046,1.26875,1.27432,0.0
2020-09-28,1.2742,1.29299,1.2742,1.28334,0.0
2020-09-29,1.28416,1.29028,1.28226,1.28553,0.0
2020-09-30,1.28613,1.29426,1.28058,1.29218,0.0
2020-10-01,1.29204,1.29784,1.28196,1.28858,0.0
2020-10-02,1.28894,1.29538,1.28379,1.29375,0.0
2020-10-05,1.29369,1.2991,1.28998,1.29834,0.0
2020-10-06,1.29777,1.3007,1.28675,1.28709,0.0
2020-10-07,1.28718,1.29294,1.28461,1.29182,0.0
2020-10-08,1.29174,1.29705,1.28916,1.29327,0.0
2020-10-09,1.29277,1.30496,1.2923,1.30496,0.0
2020-10-12,1.30226,1.30828,1.30054,1.30653,0.0
2020-10-13,1.30708,1.30713,1.29226,1.29373,0.0
2020-10-14,1.29376,1.30643,1.28631,1.30126,0.0
2020-10-15,1.30126,1.30297,1.28906,1.29035,0.0
2020-10-16,1.29136,1.29624,1.2866,1.29094,0.0
2020-10-19,1.2898,1.30247,1.2898,1.29491,0.0
2020-10-20,1.29445,1.29788,1.29113,1.295,0.0
2020-10-21,1.29401,1.31769,1.29401,1.31454,0.0
2020-10-22,1.31459,1.31534,1.30706,1.30849,0.0
2020-10-23,1.30835,1.31216,1.30193,1.30446,0.0
2020-10-26,1.30585,1.30743,1.29928,1.3023,0.0
2020-10-27,1.30099,1.30796,1.30013,1.30491,0.0
2020-10-28,1.30401,1.30634,1.29167,1.29818,0.0
2020-10-29,1.29835,1.30253,1.28811,1.29281,0.0
2020-10-30,1.29271,1.29882,1.28991,1.29505,0.0
2020-11-02,1.295,1.295,1.28554,1.29187,0.0
2020-11-03,1.29175,1.30786,1.29115,1.30655,0.0
2020-11-04,1.30587,1.31396,1.29148,1.29933,0.0
2020-11-05,1.29876,1.31546,1.29325,1.31512,0.0
2020-11-06,1.3149,1.31772,1.30928,1.31486,0.0
2020-11-09,1.31617,1.32084,1.31186,1.31584,0.0
2020-11-10,1.31654,1.3278,1.31562,1.32762,0.0
2020-11-11,1.32682,1.33135,1.31912,1.32225,0.0
2020-11-12,1.32224,1.32282,1.31066,1.31198,0.0
2020-11-13,1.31142,1.32004,1.31094,1.31985,0.0
2020-11-16,1.31821,1.32425,1.31656,1.31996,0.0
2020-11-17,1.31918,1.32723,1.31912,1.32497,0.0
2020-11-18,1.32465,1.33121,1.32438,1.32705,0.0
2020-11-19,1.32743,1.32792,1.31968,1.3266,0.0
2020-11-20,1.32636,1.32966,1.3247,1.32906,0.0
2020-11-23,1.329,1.33978,1.3264,1.33249,0.0
2020-11-24,1.3322,1.33803,1.32935,1.3361,0.0
2020-11-25,1.33552,1.33933,1.33047,1.33856,0.0
2020-11-26,1.33818,1.33978,1.33221,1.33542,0.0
2020-11-27,1.33574,1.33814,1.32899,1.33094,0.0
2020-11-30,1.33308,1.33844,1.33054,1.33238,0.0
2020-12-01,1.3325,1.34408,1.33156,1.34243,0.0
2020-12-02,1.34256,1.3441,1.32876,1.33664,0.0
2020-12-03,1.33626,1.34998,1.33534,1.345,0.0
2020-12-04,1.34481,1.35392,1.34138,1.34352,0.0
2020-12-07,1.34111,1.3437,1.3225,1.33776,0.0
2020-12-08,1.3376,1.33932,1.329,1.33543,0.0
2020-12-09,1.33558,1.34778,1.3351,1.34044,0.0
2020-12-10,1.33956,1.34124,1.32456,1.32957,0.0
2020-12-11,1.32964,1.3325,1.31346,1.32285,0.0
2020-12-14,1.33624,1.34457,1.32903,1.33263,0.0
2020-12-15,1.33252,1.34658,1.32804,1.34618,0.0
2020-12-16,1.34594,1.35538,1.34346,1.35095,0.0
2020-12-17,1.35048,1.36244,1.34957,1.35812,0.0
2020-12-18,1.3585,1.35898,1.34717,1.34994,0.0
2020-12-21,1.3403,1.34982,1.31884,1.34598,0.0
2020-12-22,1.34668,1.34696,1.33041,1.33715,0.0
2020-12-23,1.33618,1.35706,1.33551,1.3499,0.0
2020-12-24,1.34937,1.36195,1.34918,1.3562,0.0
2020-12-28,1.3555,1.35762,1.34298,1.34542,0.0
2020-12-29,1.34504,1.35229,1.3446,1.35036,0.0
2020-12-30,1.35043,1.36252,1.34934,1.36239,0.0
2020-12-31,1.3617,1.36862,1.36043,1.36635,0.0
2021-01-04,1.3655,1.3704,1.35418,1.35634,0.0
2021-01-05,1.35711,1.36414,1.35546,1.36249,0.0
2021-01-06,1.36222,1.36712,1.3539,1.36068,0.0
2021-01-07,1.36077,1.36333,1.35332,1.35596,0.0
2021-01-08,1.35596,1.36358,1.35388,1.35607,0.0
2021-01-11,1.35681,1.35737,1.34516,1.35132,0.0
2021-01-12,1.35135,1.36702,1.35047,1.36662,0.0
2021-01-13,1.36663,1.37,1.3612,1.36361,0.0
2021-01-14,1.36392,1.37096,1.36168,1.36851,0.0
2021-01-15,1.36881,1.36982,1.35724,1.35845,0.0
2021-01-18,1.3605,1.3605,1.35204,1.35864,0.0
2021-01-19,1.35863,1.36365,1.35764,1.36358,0.0
2021-01-20,1.36308,1.37179,1.36235,1.36582,0.0
2021-01-21,1.36584,1.37459,1.36506,1.37358,0.0
2021-01-22,1.37331,1.37364,1.36364,1.36822,0.0
2021-01-25,1.3685,1.37238,1.36492,1.36761,0.0
2021-01-26,1.3676,1.37444,1.361,1.37359,0.0
2021-01-27,1.37368,1.37588,1.36593,1.36914,0.0
2021-01-28,1.36876,1.37459,1.36302,1.37239,0.0
2021-01-29,1.37211,1.37515,1.36572,1.36982,0.0
2021-02-01,1.37038,1.37578,1.36564,1.36629,0.0
2021-02-02,1.36656,1.37104,1.36114,1.36666,0.0
2021-02-03,1.36636,1.36836,1.36193,1.36423,0.0
2021-02-04,1.36424,1.3698,1.35664,1.36713,0.0
2021-02-05,1.3664,1.374,1.36611,1.37374,0.0
2021-02-08,1.3712,1.37493,1.36808,1.37427,0.0
2021-02-09,1.37393,1.38195,1.37365,1.38195,0.0
2021-02-10,1.38114,1.38662,1.38027,1.38342,0.0
2021-02-11,1.38306,1.38592,1.38014,1.38157,0.0
2021-02-12,1.38185,1.38626,1.3776,1.38532,0.0
2021-02-15,1.38514,1.3919,1.38514,1.39057,0.0
2021-02-16,1.39076,1.39516,1.38694,1.39037,0.0
2021-02-17,1.3905,1.39084,1.38296,1.38643,0.0
2021-02-18,1.38608,1.39862,1.38398,1.39735,0.0
2021-02-19,1.39724,1.40356,1.39516,1.40047,0.0
2021-02-22,1.4004,1.4086,1.39806,1.40612,0.0
2021-02-23,1.40648,1.4117,1.40543,1.41156,0.0
2021-02-24,1.41036,1.42411,1.40822,1.41404,0.0
2021-02-25,1.41413,1.41818,1.40004,1.4012,0.0
2021-02-26,1.40116,1.40264,1.38882,1.39276,0.0
2021-03-01,1.39359,1.39991,1.39043,1.39279,0.0
2021-03-02,1.39266,1.3977,1.38592,1.396,0.0
2021-03-03,1.39592,1.40062,1.39209,1.39504,0.0
2021-03-04,1.39553,1.40168,1.38802,1.38935,0.0
2021-03-05,1.38961,1.39068,1.3779,1.38302,0.0
2021-03-08,1.3815,1.3866,1.38002,1.3819,0.0
2021-03-09,1.38249,1.39252,1.3802,1.38885,0.0
2021-03-10,1.38912,1.39382,1.38458,1.39352,0.0
2021-03-11,1.3928,1.39945,1.3919,1.39935,0.0
2021-03-12,1.3988,1.4005,1.38636,1.39198,0.0
2021-03-15,1.39199,1.39496,1.38534,1.39003,0.0
2021-03-16,1.38994,1.39062,1.3809,1.38931,0.0
2021-03-17,1.3891,1.39711,1.3851,1.39667,0.0
2021-03-18,1.39671,1.40014,1.38976,1.3934,0.0
2021-03-19,1.39274,1.39592,1.38305,1.38636,0.0
2021-03-22,1.38419,1.3877,1.38178,1.38658,0.0
2021-03-23,1.38612,1.38655,1.37408,1.37508,0.0
2021-03-24,1.37564,1.37591,1.36744,1.36809,0.0
2021-03-25,1.36882,1.37455,1.36704,1.37334,0.0
2021-03-26,1.37303,1.38124,1.3729,1.37922,0.0
2021-03-29,1.37884,1.38471,1.37554,1.37617,0.0
2021-03-30,1.37651,1.37834,1.37064,1.374,0.0
2021-03-31,1.3737,1.38118,1.37166,1.37848,0.0
2021-04-01,1.37836,1.38366,1.37462,1.38348,0.0
2021-04-02,1.38334,1.38526,1.38133,1.38324,0.0
2021-04-05,1.3825,1.39136,1.38133,1.39054,0.0
2021-04-06,1.38988,1.3919,1.38022,1.38294,0.0
2021-04-07,1.38235,1.384,1.37246,1.37382,0.0
2021-04-08,1.37357,1.37826,1.37195,1.37362,0.0
2021-04-09,1.37343,1.37506,1.36702,1.37028,0.0
2021-04-12,1.371,1.37765,1.36692,1.37451,0.0
2021-04-13,1.37415,1.37688,1.36956,1.37521,0.0
2021-04-14,1.37502,1.38087,1.37498,1.37768,0.0
2021-04-15,1.37783,1.3809,1.37622,1.37786,0.0
2021-04-16,1.37836,1.38412,1.3717,1.38411,0.0
2021-04-19,1.38332,1.39928,1.38097,1.39862,0.0
2021-04-20,1.39875,1.4009,1.39263,1.39378,0.0
2021-04-21,1.39379,1.39497,1.38856,1.39278,0.0
2021-04-22,1.3926,1.39495,1.3824,1.38407,0.0
2021-04-23,1.38378,1.38955,1.38348,1.38849,0.0
2021-04-26,1.38775,1.39292,1.38646,1.39052,0.0
2021-04-27,1.38972,1.3924,1.38586,1.39068,0.0
2021-04-28,1.39112,1.39506,1.38618,1.39421,0.0
2021-04-29,1.39388,1.39766,1.39321,1.39441,0.0
2021-04-30,1.39402,1.39584,1.38028,1.38145,0.0
2021-05-03,1.38207,1.39317,1.38014,1.39085,0.0
2021-05-04,1.39095,1.39148,1.38384,1.3887,0.0
2021-05-05,1.38865,1.39263,1.38762,1.39071,0.0
2021-05-06,1.39048,1.39406,1.38572,1.38924,0.0
2021-05-07,1.38959,1.40056,1.3888,1.39898,0.0
2021-05-10,1.40059,1.41585,1.399,1.41172,0.0
2021-05-11,1.41177,1.41666,1.41042,1.4139,0.0
2021-05-12,1.41432,1.41526,1.40504,1.40536,0.0
2021-05-13,1.40549,1.40782,1.40057,1.40495,0.0
2021-05-14,1.40504,1.41106,1.40361,1.40979,0.0
2021-05-17,1.41033,1.41468,1.40775,1.41385,0.0
2021-05-18,1.41346,1.42202,1.41334,1.41879,0.0
2021-05-19,1.41888,1.42008,1.41004,1.41161,0.0
2021-05-20,1.41166,1.41925,1.41014,1.41887,0.0
2021-05-21,1.41908,1.42338,1.41407,1.41506,0.0
2021-05-24,1.41652,1.41717,1.41116,1.41541,0.0
2021-05-25,1.41558,1.4211,1.41156,1.41472,0.0
2021-05-26,1.41534,1.4176,1.41124,1.41196,0.0
2021-05-27,1.41187,1.42191,1.40916,1.42004,0.0
2021-05-28,1.42068,1.4211,1.41364,1.41878,0.0
2021-05-31,1.41851,1.42177,1.4164,1.42094,0.0
2021-06-01,1.4207,1.42486,1.41473,1.41476,0.0
2021-06-02,1.41516,1.41834,1.41122,1.41707,0.0
2021-06-03,1.41719,1.42029,1.40861,1.41077,0.0
2021-06-04,1.41027,1.42004,1.40834,1.41652,0.0
2021-06-07,1.41559,1.419,1.41114,1.41771,0.0
2021-06-08,1.4183,1.41858,1.4121,1.41497,0.0
2021-06-09,1.41548,1.41886,1.411,1.41138,0.0
2021-06-10,1.4114,1.41782,1.40738,1.41764,0.0
2021-06-11,1.41681,1.41854,1.40957,1.41131,0.0
2021-06-14,1.4102,1.41239,1.40707,1.41056,0.0
2021-06-15,1.41084,1.41289,1.40344,1.40849,0.0
2021-06-16,1.40816,1.41326,1.39824,1.39841,0.0
2021-06-17,1.39938,1.40088,1.38958,1.39259,0.0
2021-06-18,1.39216,1.39445,1.37922,1.37986,0.0
2021-06-21,1.3815,1.39371,1.37864,1.39344,0.0
2021-06-22,1.39343,1.39636,1.38605,1.39474,0.0
2021-06-23,1.39522,1.40012,1.3924,1.3963,0.0
2021-06-24,1.39629,1.39866,1.389,1.3923,0.0
2021-06-25,1.39223,1.39356,1.38715,1.38822,0.0
2021-06-28,1.38928,1.39396,1.38711,1.38781,0.0
2021-06-29,1.38817,1.38858,1.38142,1.38418,0.0
2021-06-30,1.38417,1.38728,1.37986,1.38331,0.0
2021-07-01,1.38334,1.38354,1.3753,1.37627,0.0
2021-07-02,1.37626,1.38443,1.37321,1.38328,0.0
2021-07-05,1.3835,1.38619,1.38176,1.38462,0.0
2021-07-06,1.38462,1.3898,1.3773,1.37994,0.0
2021-07-07,1.3803,1.38417,1.37539,1.38003,0.0
2021-07-08,1.38006,1.3806,1.37419,1.379,0.0
2021-07-09,1.37907,1.39011,1.37562,1.39002,0.0
2021-07-12,1.38993,1.39098,1.38392,1.38838,0.0
2021-07-13,1.38884,1.39052,1.38003,1.38156,0.0
2021-07-14,1.38116,1.38919,1.38015,1.3863,0.0
2021-07-15,1.38583,1.38987,1.38051,1.38268,0.0
2021-07-16,1.38292,1.3862,1.3761,1.37654,0.0
2021-07-19,1.3775,1.37791,1.36553,1.36755,0.0
2021-07-20,1.36762,1.36894,1.35721,1.36279,0.0
2021-07-21,1.36241,1.3723,1.35914,1.37143,0.0
2021-07-22,1.37116,1.3787,1.36909,1.37667,0.0
2021-07-23,1.3761,1.37802,1.37204,1.37467,0.0
2021-07-26,1.3755,1.38335,1.37374,1.38167,0.0
2021-07-27,1.38202,1.3894,1.37671,1.38787,0.0
2021-07-28,1.38811,1.39109,1.38443,1.39048,0.0
2021-07-29,1.39054,1.39821,1.38981,1.39607,0.0
2021-07-30,1.39594,1.39835,1.38883,1.39075,0.0
2021-08-02,1.39046,1.39327,1.38759,1.38858,0.0
2021-08-03,1.38824,1.39386,1.38805,1.39136,0.0
2021-08-04,1.39164,1.39578,1.38861,1.38903,0.0
2021-08-05,1.38894,1.39489,1.38726,1.39273,0.0
2021-08-06,1.39282,1.39348,1.38614,1.38743,0.0
2021-08-09,1.3875,1.38946,1.38413,1.38464,0.0
2021-08-10,1.38469,1.38724,1.38279,1.38369,0.0
2021-08-11,1.38383,1.38879,1.38032,1.3865,0.0
2021-08-12,1.38687,1.38787,1.37953,1.38048,0.0
2021-08-13,1.38084,1.3875,1.37917,1.38696,0.0
2021-08-16,1.386,1.38781,1.38282,1.3841,0.0
2021-08-17,1.38409,1.3846,1.37262,1.37387,0.0
2021-08-18,1.37382,1.37857,1.37268,1.37568,0.0
2021-08-19,1.37548,1.37582,1.36331,1.36343,0.0
2021-08-20,1.3642,1.36434,1.36023,1.36234,0.0
2021-08-23,1.36215,1.37321,1.36138,1.37244,0.0
2021-08-24,1.37214,1.3748,1.36939,1.37301,0.0
2021-08-25,1.37288,1.37669,1.36969,1.37629,0.0
2021-08-26,1.37629,1.3768,1.36895,1.37006,0.0
2021-08-27,1.36979,1.3781,1.36804,1.37579,0.0
2021-08-30,1.3755,1.37753,1.37339,1.37569,0.0
2021-08-31,1.37583,1.38078,1.37431,1.37537,0.0
2021-09-01,1.3754,1.37983,1.37311,1.37682,0.0
2021-09-02,1.37706,1.38398,1.37675,1.3836,0.0
2021-09-03,1.38355,1.38917,1.38181,1.38588,0.0
2021-09-06,1.3864,1.38688,1.38187,1.38369,0.0
2021-09-07,1.3837,1.38566,1.3768,1.37851,0.0
2021-09-08,1.37855,1.37905,1.37266,1.37746,0.0
2021-09-09,1.37718,1.38627,1.37535,1.38384,0.0
2021-09-10,1.38375,1.38886,1.38266,1.38311,0.0
2021-09-13,1.3845,1.38512,1.37974,1.38402,0.0
2021-09-14,1.38403,1.3913,1.38037,1.38074,0.0
2021-09-15,1.38145,1.38537,1.37927,1.38416,0.0
2021-09-16,1.3841,1.38529,1.37647,1.37929,0.0
2021-09-17,1.37925,1.38128,1.3728,1.3728,0.0
2021-09-20,1.3745,1.37537,1.36412,1.36562,0.0
2021-09-21,1.36597,1.3693,1.36414,1.36603,0.0
2021-09-22,1.36596,1.36898,1.361,1.3617,0.0
2021-09-23,1.36168,1.37507,1.36124,1.37201,0.0
2021-09-24,1.37216,1.37363,1.36583,1.36722,0.0
2021-09-27,1.36671,1.37291,1.36583,1.37026,0.0
2021-09-28,1.37025,1.37176,1.35209,1.35376,0.0
2021-09-29,1.35386,1.35548,1.34121,1.34248,0.0
2021-09-30,1.3426,1.3517,1.34157,1.3469,0.0
2021-10-01,1.34717,1.35757,1.34338,1.35442,0.0
2021-10-04,1.35622,1.364,1.3532,1.36087,0.0
2021-10-05,1.3606,1.36477,1.35851,1.36262,0.0
2021-10-06,1.36297,1.36347,1.35442,1.3587,0.0
2021-10-07,1.35828,1.36378,1.35707,1.3615,0.0
2021-10-08,1.36169,1.3658,1.35836,1.36188,0.0
2021-10-11,1.36203,1.36739,1.35846,1.35948,0.0
2021-10-12,1.35949,1.36373,1.35694,1.35893,0.0
2021-10-13,1.3587,1.36648,1.35762,1.36601,0.0
2021-10-14,1.36582,1.37344,1.3655,1.36737,0.0
2021-10-15,1.3673,1.3773,1.36678,1.37451,0.0
2021-10-18,1.37536,1.37652,1.37093,1.37276,0.0
2021-10-19,1.37275,1.38332,1.37235,1.3792,0.0
2021-10-20,1.37965,1.38345,1.37424,1.38239,0.0
2021-10-21,1.38211,1.38332,1.37765,1.37935,0.0
2021-10-22,1.37901,1.38148,1.37368,1.37606,0.0
2021-10-25,1.375,1.3792,1.37422,1.37678,0.0
2021-10-26,1.3769,1.38298,1.3757,1.37646,0.0
2021-10-27,1.37676,1.37809,1.37095,1.37408,0.0
2021-10-28,1.3742,1.38148,1.37225,1.37967,0.0
2021-10-29,1.37944,1.3804,1.36685,1.36936,0.0
2021-11-01,1.3681,1.36932,1.36424,1.36639,0.0
2021-11-02,1.36652,1.3674,1.3606,1.36143,0.0
2021-11-03,1.36178,1.36917,1.36074,1.36868,0.0
2021-11-04,1.36885,1.36982,1.34712,1.34993,0.0
2021-11-05,1.34958,1.3509,1.34245,1.34957,0.0
2021-11-08,1.34825,1.35797,1.34503,1.35665,0.0
2021-11-09,1.35639,1.36058,1.35244,1.35598,0.0
2021-11-10,1.35575,1.35651,1.34028,1.34033,0.0
2021-11-11,1.34066,1.34332,1.33587,1.33663,0.0
2021-11-12,1.33662,1.34262,1.33535,1.34138,0.0
2021-11-15,1.34154,1.34492,1.34033,1.34127,0.0
2021-11-16,1.34151,1.3473,1.34054,1.3426,0.0
2021-11-17,1.34267,1.34962,1.33965,1.34937,0.0
2021-11-18,1.34866,1.35134,1.3464,1.35005,0.0
2021-11-19,1.3497,1.35095,1.34078,1.3445,0.0
2021-11-22,1.3454,1.34565,1.33848,1.33938,0.0
2021-11-23,1.3396,1.34093,1.33426,1.33792,0.0
2021-11-24,1.3378,1.33895,1.33162,1.33279,0.0
2021-11-25,1.3328,1.33537,1.33054,1.33213,0.0
2021-11-26,1.3321,1.33665,1.32782,1.33343,0.0
2021-11-29,1.33444,1.3363,1.32877,1.33166,0.0
2021-11-30,1.3313,1.33703,1.31952,1.3303,0.0
2021-12-01,1.33005,1.33518,1.32623,1.32732,0.0
2021-12-02,1.32733,1.33337,1.32716,1.32995,0.0
2021-12-03,1.3302,1.33104,1.3209,1.32321,0.0
2021-12-06,1.32181,1.32858,1.32181,1.32651,0.0
2021-12-07,1.32651,1.32896,1.32093,1.32424,0.0
2021-12-08,1.32393,1.32614,1.31659,1.31941,0.0
2021-12-09,1.32032,1.32226,1.31711,1.32199,0.0
2021-12-10,1.32203,1.32755,1.31874,1.32642,0.0
2021-12-13,1.32519,1.32687,1.32075,1.32136,0.0
2021-12-14,1.32185,1.32566,1.31912,1.32266,0.0
2021-12-15,1.32268,1.32829,1.31729,1.3262,0.0
2021-12-16,1.32637,1.33744,1.32415,1.33231,0.0
2021-12-17,1.33241,1.33394,1.32316,1.3236,0.0
2021-12-20,1.32417,1.32461,1.31736,1.32078,0.0
2021-12-21,1.32081,1.3271,1.31976,1.32685,0.0
2021-12-22,1.32614,1.33633,1.32405,1.33547,0.0
2021-12-23,1.33543,1.3438,1.33429,1.34155,0.0
2021-12-24,1.34154,1.34198,1.33845,1.3402,0.0
2021-12-27,1.3395,1.34452,1.33911,1.34436,0.0
2021-12-28,1.34395,1.34618,1.3416,1.3432,0.0
2021-12-29,1.3437,1.34993,1.34091,1.34873,0.0
2021-12-30,1.34906,1.3522,1.34546,1.35017,0.0
2021-12-31,1.34992,1.35503,1.34659,1.3523,0.0
2022-01-03,1.3535,1.35384,1.3431,1.34786,0.0
2022-01-04,1.34807,1.35574,1.346,1.35283,0.0
2022-01-05,1.35336,1.35986,1.35228,1.35559,0.0
2022-01-06,1.35565,1.35589,1.34904,1.35357,0.0
2022-01-07,1.35313,1.35975,1.35274,1.35912,0.0
2022-01-10,1.3575,1.36035,1.35329,1.35802,0.0
2022-01-11,1.35717,1.36367,1.35616,1.36349,0.0
2022-01-12,1.36342,1.37132,1.36215,1.37039,0.0
2022-01-13,1.37049,1.37487,1.37011,1.37087,0.0
2022-01-14,1.37086,1.37428,1.36534,1.36808,0.0
2022-01-17,1.36751,1.36898,1.36375,1.36431,0.0
2022-01-18,1.3647,1.36616,1.35729,1.35986,0.0
2022-01-19,1.3598,1.36487,1.35883,1.36142,0.0
2022-01-20,1.36126,1.36615,1.3587,1.35979,0.0
2022-01-21,1.35986,1.36034,1.3546,1.35527,0.0
2022-01-24,1.35528,1.35655,1.34406,1.34921,0.0
2022-01-25,1.349,1.35185,1.34367,1.35047,0.0
2022-01-26,1.35046,1.35248,1.34445,1.34644,0.0
2022-01-27,1.34625,1.34683,1.33581,1.33815,0.0
2022-01-28,1.33825,1.34324,1.33654,1.33957,0.0
2022-01-31,1.33985,1.34605,1.33863,1.3445,0.0
2022-02-01,1.34498,1.3528,1.3435,1.35247,0.0
2022-02-02,1.35218,1.35867,1.3517,1.35727,0.0
2022-02-03,1.35781,1.36279,1.35383,1.36003,0.0
2022-02-04,1.36,1.3615,1.35053,1.35284,0.0
2022-02-07,1.354,1.35556,1.34906,1.35353,0.0
2022-02-08,1.35365,1.3564,1.35081,1.35478,0.0
2022-02-09,1.35429,1.3589,1.35267,1.35352,0.0
2022-02-10,1.35361,1.36436,1.35239,1.35595,0.0
2022-02-11,1.35597,1.36093,1.35151,1.35616,0.0
2022-02-14,1.3555,1.35721,1.34951,1.35338,0.0
2022-02-15,1.35268,1.3567,1.34867,1.35433,0.0
2022-02-16,1.35356,1.36011,1.35319,1.35835,0.0
2022-02-17,1.35841,1.36379,1.35561,1.36141,0.0
2022-02-18,1.3615,1.36427,1.35735,1.35939,0.0
2022-02-21,1.35941,1.36385,1.3586,1.3602,0.0
2022-02-22,1.36015,1.36048,1.35387,1.35861,0.0
2022-02-23,1.35809,1.36206,1.3536,1.35448,0.0
2022-02-24,1.35446,1.35497,1.32729,1.33733,0.0
2022-02-25,1.33767,1.34388,1.33668,1.3411,0.0
2022-02-28,1.33174,1.34317,1.33174,1.3422,0.0
2022-03-01,1.3417,1.34372,1.33024,1.33248,0.0
2022-03-02,1.33244,1.34071,1.32721,1.3406,0.0
2022-03-03,1.34036,1.34178,1.3318,1.33492,0.0
2022-03-04,1.33486,1.33553,1.32027,1.32343,0.0
2022-03-07,1.32314,1.32495,1.31025,1.31029,0.0
2022-03-08,1.31061,1.31445,1.30824,1.31005,0.0
2022-03-09,1.31005,1.31896,1.30886,1.31833,0.0
2022-03-10,1.31821,1.31943,1.30817,1.30824,0.0
2022-03-11,1.30876,1.3125,1.30277,1.304,0.0
2022-03-14,1.3045,1.3079,1.3001,1.30013,0.0
2022-03-15,1.30021,1.30887,1.3,1.30418,0.0
2022-03-16,1.30382,1.31567,1.30323,1.3148,0.0
2022-03-17,1.31461,1.32113,1.30884,1.31497,0.0
2022-03-18,1.31492,1.31972,1.31107,1.3178,0.0
2022-03-21,1.3175,1.321,1.31273,1.31685,0.0
2022-03-22,1.31678,1.32738,1.31202,1.32631,0.0
2022-03-23,1.32622,1.32987,1.31754,1.32055,0.0
2022-03-24,1.32074,1.32142,1.31573,1.31872,0.0
2022-03-25,1.31868,1.32251,1.31593,1.31828,0.0
2022-03-28,1.3185,1.319,1.30673,1.3095,0.0
2022-03-29,1.30942,1.31598,1.30512,1.30928,0.0
2022-03-30,1.30936,1.31828,1.30829,1.3136,0.0
2022-03-31,1.31355,1.31757,1.31064,1.3144,0.0
2022-04-01,1.31422,1.3152,1.30865,1.3116,0.0
2022-04-04,1.30963,1.31368,1.30933,1.31153,0.0
2022-04-05,1.31164,1.31669,1.3067,1.30722,0.0
2022-04-06,1.3071,1.31082,1.30459,1.3068,0.0
2022-04-07,1.30681,1.31064,1.3052,1.30742,0.0
2022-04-08,1.30762,1.308,1.29822,1.3037,0.0
2022-04-11,1.30356,1.30569,1.29894,1.30287,0.0
2022-04-12,1.30282,1.3054,1.29941,1.30017,0.0
2022-04-13,1.30013,1.3118,1.29738,1.3116,0.0
2022-04-14,1.31175,1.31472,1.30338,1.30799,0.0
2022-04-15,1.30798,1.30798,1.30474,1.3062,0.0
2022-04-18,1.30504,1.30648,1.3005,1.30105,0.0
2022-04-19,1.3011,1.30409,1.29807,1.29992,0.0
2022-04-20,1.30009,1.30708,1.29915,1.30692,0.0
2022-04-21,1.30668,1.30902,1.30225,1.3028,0.0
2022-04-22,1.30271,1.30356,1.28231,1.2839,0.0
2022-04-25,1.28396,1.2845,1.26975,1.2743,0.0
2022-04-26,1.27417,1.27723,1.25713,1.25753,0.0
2022-04-27,1.25742,1.26017,1.25027,1.2546,0.0
2022-04-28,1.25473,1.25694,1.24117,1.24605,0.0
2022-04-29,1.24623,1.26145,1.2448,1.2579,0.0
2022-05-02,1.25868,1.25972,1.24729,1.2492,0.0
2022-05-03,1.24937,1.25669,1.24707,1.2494,0.0
2022-05-04,1.24951,1.26382,1.24523,1.26364,0.0
2022-05-05,1.26324,1.2636,1.23255,1.2355,0.0
2022-05-06,1.23563,1.23801,1.22764,1.2341,0.0
2022-05-09,1.23568,1.24061,1.22615,1.233,0.0
2022-05-10,1.23283,1.23752,1.22923,1.2315,0.0
2022-05-11,1.2317,1.24,1.22376,1.22469,0.0
2022-05-12,1.22458,1.2257,1.21667,1.21979,0.0
2022-05-13,1.21986,1.2262,1.2156,1.2262,0.0
2022-05-16,1.22407,1.23297,1.22182,1.23223,0.0
2022-05-17,1.23191,1.24989,1.23163,1.24937,0.0
2022-05-18,1.24915,1.25009,1.23301,1.23455,0.0
2022-05-19,1.23409,1.25246,1.23375,1.24713,0.0
2022-05-20,1.24779,1.24998,1.24383,1.2491,0.0
2022-05-23,1.24808,1.26013,1.24771,1.2587,0.0
2022-05-24,1.25884,1.25987,1.24717,1.2535,0.0
2022-05-25,1.25352,1.25907,1.24813,1.25797,0.0
2022-05-26,1.25816,1.26207,1.25522,1.2609,0.0
2022-05-27,1.26082,1.26669,1.25846,1.2633,0.0
2022-05-30,1.26181,1.266,1.2615,1.2653,0.0
2022-05-31,1.26557,1.26564,1.25605,1.2602,0.0
2022-06-01,1.26025,1.26166,1.24588,1.24851,0.0
2022-06-02,1.24864,1.25867,1.24694,1.25744,0.0
2022-06-03,1.25783,1.25897,1.24857,1.24911,0.0
2022-06-06,1.24921,1.25775,1.24768,1.25298,0.0
2022-06-07,1.25347,1.25995,1.24305,1.25925,0.0
2022-06-08,1.25919,1.25977,1.25134,1.2536,0.0
2022-06-09,1.25533,1.25575,1.24873,1.24964,0.0
2022-06-10,1.2495,1.25178,1.23014,1.2321,0.0
2022-06-13,1.23197,1.2325,1.21073,1.2132,0.0
2022-06-14,1.21357,1.22058,1.19339,1.1998,0.0
2022-06-15,1.19953,1.22045,1.19895,1.21731,0.0
2022-06-16,1.21712,1.24064,1.20414,1.23511,0.0
2022-06-17,1.23519,1.2367,1.21729,1.2222,0.0
2022-06-20,1.22238,1.22803,1.21994,1.2248,0.0
2022-06-21,1.22504,1.23241,1.22419,1.2281,0.0
2022-06-22,1.22778,1.23148,1.21613,1.22624,0.0
2022-06-23,1.22626,1.22946,1.21702,1.22617,0.0
2022-06-24,1.22607,1.23205,1.22409,1.2273,0.0
2022-06-27,1.22725,1.23327,1.22381,1.2266,0.0
2022-06-28,1.22669,1.22918,1.21808,1.21836,0.0
2022-06-29,1.2186,1.22132,1.21061,1.21215,0.0
2022-06-30,1.21244,1.21885,1.20922,1.21792,0.0
2022-07-01,1.21774,1.2183,1.1976,1.21011,0.0
2022-07-04,1.21049,1.21653,1.20848,1.21028,0.0
2022-07-05,1.21007,1.21253,1.18988,1.1956,0.0
2022-07-06,1.19585,1.19895,1.18762,1.19213,0.0
2022-07-07,1.19239,1.20299,1.19091,1.20225,0.0
2022-07-08,1.20228,1.20564,1.19197,1.2035,0.0
2022-07-11,1.20133,1.20376,1.18666,1.18918,0.0
2022-07-12,1.18894,1.19157,1.18076,1.18883,0.0
2022-07-13,1.18872,1.19673,1.1828,1.18895,0.0
2022-07-14,1.18893,1.18955,1.17603,1.18265,0.0
2022-07-15,1.18275,1.18747,1.18045,1.1869,0.0
2022-07-18,1.18715,1.20334,1.18629,1.19527,0.0
2022-07-19,1.1953,1.20451,1.19253,1.19971,0.0
2022-07-20,1.19993,1.20376,1.19534,1.1979,0.0
2022-07-21,1.19787,1.20043,1.18904,1.20012,0.0
2022-07-22,1.19965,1.20638,1.19166,1.20078,0.0
2022-07-25,1.2001,1.20865,1.19606,1.20472,0.0
2022-07-26,1.20438,1.20903,1.19641,1.2028,0.0
2022-07-27,1.20282,1.21863,1.20207,1.21565,0.0
2022-07-28,1.21575,1.21916,1.21035,1.21779,0.0
2022-07-29,1.21805,1.22456,1.20634,1.21769,0.0
2022-08-01,1.21667,1.22935,1.2157,1.2256,0.0
2022-08-02,1.22538,1.22793,1.21585,1.21632,0.0
2022-08-03,1.21627,1.22077,1.21005,1.2147,0.0
2022-08-04,1.21443,1.22107,1.2066,1.21601,0.0
2022-08-05,1.21588,1.2169,1.20037,1.207,0.0
2022-08-08,1.20685,1.21381,1.20477,1.2079,0.0
2022-08-09,1.20815,1.21306,1.20632,1.2076,0.0
2022-08-10,1.2081,1.22759,1.20653,1.2216,0.0
2022-08-11,1.22347,1.22495,1.21826,1.22016,0.0
2022-08-12,1.22088,1.22157,1.21003,1.2135,0.0
2022-08-15,1.21326,1.21482,1.205,1.20544,0.0
2022-08-16,1.2053,1.2118,1.20079,1.20975,0.0
2022-08-17,1.2097,1.21433,1.20282,1.2055,0.0
2022-08-18,1.20474,1.20798,1.19228,1.1931,0.0
2022-08-19,1.19323,1.1951,1.17923,1.18305,0.0
2022-08-22,1.18226,1.18377,1.17422,1.17655,0.0
2022-08-23,1.17657,1.18778,1.17175,1.18308,0.0
2022-08-24,1.18327,1.18423,1.17559,1.1794,0.0
2022-08-25,1.17987,1.18642,1.17839,1.18345,0.0
2022-08-26,1.18342,1.18998,1.17325,1.174,0.0
2022-08-29,1.17384,1.1744,1.16488,1.17062,0.0
2022-08-30,1.1712,1.1761,1.1622,1.16544,0.0
2022-08-31,1.16568,1.16939,1.15994,1.16239,0.0
2022-09-01,1.16227,1.16284,1.14995,1.15457,0.0
2022-09-02,1.15458,1.15887,1.14961,1.15101,0.0
2022-09-05,1.14788,1.1522,1.14438,1.152,0.0
2022-09-06,1.15188,1.16085,1.1495,1.15204,0.0
2022-09-07,1.1518,1.15396,1.14055,1.15366,0.0
2022-09-08,1.15359,1.15605,1.14608,1.1503,0.0
2022-09-09,1.15063,1.1648,1.14983,1.1589,0.0
2022-09-12,1.16425,1.17106,1.16009,1.1682,0.0
2022-09-13,1.16888,1.17383,1.1492,1.1493,0.0
2022-09-14,1.14918,1.15896,1.14804,1.15398,0.0
2022-09-15,1.15376,1.15565,1.14618,1.14672,0.0
2022-09-16,1.14672,1.14805,1.13509,1.14218,0.0
2022-09-19,1.14179,1.14422,1.13557,1.1435,0.0
2022-09-20,1.14225,1.14606,1.13574,1.13814,0.0
2022-09-21,1.13823,1.13847,1.12366,1.12689,0.0
2022-09-22,1.12696,1.13642,1.12121,1.12552,0.0
2022-09-23,1.12567,1.12737,1.08396,1.08556,0.0
2022-09-26,1.07977,1.09303,1.03487,1.06867,0.0
2022-09-27,1.06903,1.08379,1.06538,1.0733,0.0
2022-09-28,1.07304,1.09158,1.05406,1.0889,0.0
2022-09-29,1.0891,1.11202,1.07625,1.11175,0.0
2022-09-30,1.1119,1.12342,1.10256,1.1169,0.0
2022-10-03,1.11725,1.13346,1.10861,1.13202,0.0
2022-10-04,1.13218,1.14889,1.12807,1.1476,0.0
2022-10-05,1.1475,1.14944,1.12271,1.13289,0.0
2022-10-06,1.13269,1.13836,1.11146,1.11581,0.0
2022-10-07,1.11617,1.12251,1.1056,1.1093,0.0
2022-10-10,1.10893,1.11442,1.102,1.10556,0.0
2022-10-11,1.106,1.11796,1.09531,1.0971,0.0
2022-10-12,1.09734,1.11337,1.09244,1.1099,0.0
2022-10-13,1.10975,1.13802,1.10575,1.13323,0.0
2022-10-14,1.13317,1.13661,1.11521,1.1181,0.0
2022-10-17,1.12435,1.14393,1.12134,1.13618,0.0
2022-10-18,1.13628,1.14102,1.12558,1.13203,0.0
2022-10-19,1.13202,1.1358,1.11855,1.12179,0.0
2022-10-20,1.1218,1.13367,1.11716,1.12391,0.0
2022-10-21,1.12328,1.1315,1.1061,1.12981,0.0
2022-10-24,1.13975,1.14089,1.12582,1.12799,0.0
2022-10-25,1.12817,1.14991,1.12687,1.14723,0.0
2022-10-26,1.14753,1.16387,1.14309,1.16309,0.0
2022-10-27,1.16302,1.16458,1.15496,1.15625,0.0
2022-10-28,1.15666,1.16236,1.1504,1.1615,0.0
2022-10-31,1.15765,1.16138,1.14605,1.14665,0.0
2022-11-01,1.14705,1.15662,1.14379,1.1482,0.0
2022-11-02,1.14863,1.15644,1.1387,1.139,0.0
2022-11-03,1.13883,1.14218,1.11518,1.1156,0.0
2022-11-04,1.11575,1.13824,1.11496,1.13752,0.0
2022-11-07,1.13091,1.15416,1.12906,1.1514,0.0
2022-11-08,1.15132,1.15993,1.14302,1.1547,0.0
2022-11-09,1.15456,1.15667,1.13341,1.13578,0.0
2022-11-10,1.13568,1.17315,1.13536,1.17126,0.0
2022-11-11,1.17152,1.18548,1.16474,1.18353,0.0
2022-11-14,1.17976,1.18288,1.17112,1.17579,0.0
2022-11-15,1.17535,1.20282,1.1741,1.18658,0.0
2022-11-16,1.18667,1.19423,1.18317,1.19147,0.0
2022-11-17,1.19155,1.19581,1.17634,1.18651,0.0
2022-11-18,1.18675,1.19508,1.18499,1.18871,0.0
2022-11-21,1.1905,1.1908,1.17788,1.18237,0.0
2022-11-22,1.18212,1.19027,1.18175,1.18847,0.0
2022-11-23,1.1887,1.20805,1.18731,1.20548,0.0
2022-11-24,1.20524,1.21536,1.20474,1.21146,0.0
2022-11-25,1.21139,1.21276,1.20585,1.20945,0.0
2022-11-28,1.2065,1.21184,1.19406,1.19576,0.0
2022-11-29,1.19589,1.20642,1.19455,1.1952,0.0
2022-11-30,1.19504,1.20871,1.19009,1.20581,0.0
2022-12-01,1.2058,1.23098,1.20397,1.22556,0.0
2022-12-02,1.22555,1.22999,1.21351,1.2295,0.0
2022-12-05,1.22707,1.23447,1.21618,1.21959,0.0
2022-12-06,1.21929,1.22686,1.21279,1.21334,0.0
2022-12-07,1.21319,1.22346,1.21069,1.22099,0.0
2022-12-08,1.22099,1.22476,1.21547,1.2236,0.0
2022-12-09,1.22392,1.23227,1.22093,1.22691,0.0
2022-12-12,1.22591,1.22989,1.22076,1.22654,0.0
2022-12-13,1.2265,1.24443,1.22486,1.23656,0.0
2022-12-14,1.23674,1.24463,1.23423,1.24282,0.0
2022-12-15,1.24282,1.24332,1.21566,1.21784,0.0
2022-12-16,1.21781,1.22232,1.21202,1.2137,0.0
2022-12-19,1.21519,1.2242,1.21207,1.21459,0.0
2022-12-20,1.21485,1.22236,1.20857,1.21847,0.0
2022-12-21,1.21875,1.21927,1.20554,1.2084,0.0
2022-12-22,1.20824,1.21478,1.1993,1.20424,0.0
2022-12-23,1.20404,1.20902,1.20188,1.20508,0.0
2022-12-26,1.207,1.2084,1.20518,1.2069,0.0
2022-12-27,1.20655,1.21124,1.20027,1.2031,0.0
2022-12-28,1.20313,1.21259,1.20027,1.20191,0.0
2022-12-29,1.20192,1.20787,1.20149,1.20557,0.0
2022-12-30,1.20553,1.21078,1.20103,1.20985,0.0
2023-01-02,1.2098,1.2115,1.20346,1.2046,0.0
2023-01-03,1.20476,1.2085,1.19006,1.19689,0.0
2023-01-04,1.1967,1.20875,1.1958,1.20569,0.0
2023-01-05,1.20586,1.20777,1.18736,1.1913,0.0
2023-01-06,1.1908,1.20991,1.18416,1.20941,0.0
2023-01-09,1.2085,1.22101,1.2085,1.2186,0.0
2023-01-10,1.21848,1.21979,1.21102,1.21504,0.0
2023-01-11,1.21498,1.21784,1.21005,1.21488,0.0
2023-01-12,1.21493,1.22469,1.20888,1.22128,0.0
2023-01-13,1.22127,1.22484,1.21506,1.22331,0.0
2023-01-16,1.2225,1.22891,1.21724,1.21966,0.0
2023-01-17,1.2201,1.22998,1.217,1.22889,0.0
2023-01-18,1.22905,1.24358,1.22548,1.23448,0.0
2023-01-19,1.2348,1.23976,1.23132,1.23919,0.0
2023-01-20,1.2391,1.2405,1.23356,1.2398,0.0
2023-01-23,1.24026,1.2448,1.23237,1.23788,0.0
2023-01-24,1.2378,1.2414,1.22633,1.23395,0.0
2023-01-25,1.2329,1.24041,1.2283,1.2401,0.0
2023-01-26,1.2401,1.24306,1.23447,1.24112,0.0
2023-01-27,1.24099,1.24187,1.23456,1.23951,0.0
2023-01-30,1.23906,1.24174,1.2337,1.23507,0.0
2023-01-31,1.23514,1.23711,1.22844,1.23186,0.0
2023-02-01,1.2322,1.2394,1.22737,1.2373,0.0
2023-02-02,1.23774,1.24004,1.22222,1.22241,0.0
2023-02-03,1.2222,1.2266,1.20483,1.20525,0.0
2023-02-06,1.2035,1.20774,1.20059,1.2022,0.0
2023-02-07,1.2018,1.20945,1.19614,1.20488,0.0
2023-02-08,1.2046,1.21096,1.2036,1.20712,0.0
2023-02-09,1.20722,1.21938,1.20571,1.21184,0.0
2023-02-10,1.21212,1.21395,1.20473,1.20571,0.0
2023-02-13,1.20696,1.21515,1.20316,1.21402,0.0
2023-02-14,1.2138,1.22674,1.21184,1.21756,0.0
2023-02-15,1.21727,1.21818,1.19901,1.20336,0.0
2023-02-16,1.20308,1.20746,1.19657,1.19877,0.0
2023-02-17,1.1997,1.20492,1.1915,1.20418,0.0
2023-02-20,1.2028,1.20568,1.20148,1.20395,0.0
2023-02-21,1.20238,1.21472,1.19867,1.21116,0.0
2023-02-22,1.21123,1.21357,1.2035,1.20459,0.0
2023-02-23,1.20463,1.20749,1.19923,1.20156,0.0
2023-02-24,1.20149,1.20419,1.19286,1.19407,0.0
2023-02-27,1.1955,1.2066,1.19229,1.20628,0.0
2023-02-28,1.2065,1.21429,1.2017,1.20236,0.0
2023-03-01,1.2021,1.2089,1.19654,1.20272,0.0
2023-03-02,1.2029,1.20365,1.19252,1.19487,0.0
2023-03-03,1.1944,1.20486,1.1942,1.20451,0.0
2023-03-06,1.20343,1.20488,1.1993,1.20262,0.0
2023-03-07,1.2024,1.20654,1.18216,1.18266,0.0
2023-03-08,1.1828,1.18592,1.18036,1.18448,0.0
2023-03-09,1.1845,1.1939,1.1832,1.19233,0.0
2023-03-10,1.19261,1.21137,1.19087,1.2034,0.0
2023-03-13,1.2075,1.21997,1.20468,1.21827,0.0
2023-03-14,1.21838,1.22034,1.21366,1.21587,0.0
2023-03-15,1.21577,1.21819,1.20105,1.2055,0.0
2023-03-16,1.2058,1.2128,1.20275,1.21115,0.0
2023-03-17,1.21086,1.22005,1.2102,1.21822,0.0
2023-03-20,1.2205,1.22849,1.21674,1.2279,0.0
2023-03-21,1.22776,1.2283,1.21791,1.22174,0.0
2023-03-22,1.22177,1.23354,1.22085,1.22692,0.0
2023-03-23,1.2268,1.23435,1.22616,1.2287,0.0
2023-03-24,1.22864,1.22926,1.21906,1.2233,0.0
2023-03-27,1.22323,1.22933,1.22192,1.2288,0.0
2023-03-28,1.22858,1.23493,1.2281,1.23407,0.0
2023-03-29,1.2341,1.23616,1.23028,1.23156,0.0
2023-03-30,1.23145,1.23928,1.22939,1.23891,0.0
2023-03-31,1.2386,1.24233,1.23252,1.23306,0.0
2023-04-03,1.2325,1.24236,1.22745,1.2418,0.0
2023-04-04,1.2417,1.25254,1.23954,1.25002,0.0
2023-04-05,1.25014,1.25142,1.24332,1.24614,0.0
2023-04-06,1.2462,1.24868,1.24129,1.24382,0.0
2023-04-07,1.244,1.24559,1.23898,1.2417,0.0
2023-04-10,1.2424,1.24426,1.23446,1.23827,0.0
2023-04-11,1.2384,1.24564,1.23795,1.24254,0.0
2023-04-12,1.24248,1.24951,1.23987,1.24839,0.0
2023-04-13,1.24851,1.25374,1.24788,1.25234,0.0
2023-04-14,1.25223,1.25463,1.2399,1.24156,0.0
2023-04-17,1.24082,1.2438,1.23535,1.23771,0.0
2023-04-18,1.23742,1.245,1.2368,1.24252,0.0
2023-04-19,1.24281,1.24743,1.23926,1.24402,0.0
2023-04-20,1.2439,1.2468,1.2405,1.24434,0.0
2023-04-21,1.24435,1.24482,1.23671,1.24429,0.0
2023-04-24,1.24387,1.24862,1.24109,1.2486,0.0
2023-04-25,1.2477,1.25073,1.2387,1.24104,0.0
2023-04-26,1.241,1.25154,1.24029,1.24679,0.0
2023-04-27,1.24691,1.2501,1.24368,1.24982,0.0
2023-04-28,1.24975,1.2584,1.24467,1.25666,0.0
2023-05-01,1.25605,1.25708,1.24806,1.24958,0.0
2023-05-02,1.2496,1.25118,1.24359,1.24676,0.0
2023-05-03,1.24663,1.25897,1.2463,1.25654,0.0
2023-05-04,1.2566,1.25988,1.25486,1.25724,0.0
2023-05-05,1.25735,1.26524,1.25613,1.26321,0.0
2023-05-08,1.26346,1.26688,1.26133,1.26189,0.0
2023-05-09,1.26172,1.26398,1.25786,1.26208,0.0
2023-05-10,1.262,1.26797,1.26026,1.2625,0.0
2023-05-11,1.26254,1.2641,1.24968,1.25122,0.0
2023-05-12,1.25113,1.25408,1.24448,1.24478,0.0
2023-05-15,1.2455,1.25347,1.24451,1.25279,0.0
2023-05-16,1.253,1.25463,1.2466,1.24849,0.0
2023-05-17,1.2486,1.25104,1.24217,1.24866,0.0
2023-05-18,1.2488,1.2494,1.23917,1.24085,0.0
2023-05-19,1.24092,1.2484,1.23924,1.24443,0.0
2023-05-22,1.24459,1.2473,1.2414,1.24371,0.0
2023-05-23,1.24369,1.24466,1.2373,1.24148,0.0
2023-05-24,1.2413,1.24698,1.23578,1.23648,0.0
2023-05-25,1.2364,1.2387,1.23081,1.23217,0.0
2023-05-26,1.23224,1.2396,1.23114,1.23501,0.0
2023-05-29,1.23435,1.2372,1.23354,1.2355,0.0
2023-05-30,1.23565,1.24459,1.23272,1.24119,0.0
2023-05-31,1.24059,1.24438,1.23482,1.24414,0.0
2023-06-01,1.2441,1.25398,1.2401,1.25264,0.0
2023-06-02,1.25282,1.25447,1.24418,1.2452,0.0
2023-06-05,1.2459,1.2459,1.23686,1.24334,0.0
2023-06-06,1.2438,1.24588,1.23919,1.24241,0.0
2023-06-07,1.2426,1.25002,1.23952,1.24379,0.0
2023-06-08,1.24355,1.25612,1.2433,1.25602,0.0
2023-06-09,1.25597,1.25902,1.25347,1.258,0.0
2023-06-12,1.2565,1.25994,1.24872,1.2512,0.0
2023-06-13,1.2507,1.26247,1.25,1.26113,0.0
2023-06-14,1.26139,1.2699,1.26012,1.26619,0.0
2023-06-15,1.26661,1.27857,1.26301,1.27845,0.0
2023-06-16,1.27816,1.28483,1.27684,1.2821,0.0
2023-06-19,1.2825,1.28372,1.27706,1.27943,0.0
2023-06-20,1.27928,1.28069,1.27139,1.27648,0.0
2023-06-21,1.27642,1.28022,1.26916,1.2767,0.0
2023-06-22,1.277,1.2828,1.27259,1.27479,0.0
2023-06-23,1.2749,1.2756,1.26862,1.27161,0.0
2023-06-26,1.27108,1.27486,1.26882,1.27113,0.0
2023-06-27,1.2713,1.276,1.27039,1.27486,0.0
2023-06-28,1.27485,1.27526,1.26069,1.26354,0.0
2023-06-29,1.26355,1.26668,1.25913,1.2612,0.0
2023-06-30,1.2611,1.27274,1.25996,1.26955,0.0
2023-07-03,1.2695,1.27232,1.26586,1.26905,0.0
2023-07-04,1.2693,1.27391,1.26837,1.27134,0.0
2023-07-05,1.2715,1.27352,1.26883,1.27037,0.0
2023-07-06,1.2705,1.27808,1.26736,1.27391,0.0
2023-07-07,1.27398,1.28493,1.2726,1.28388,0.0
2023-07-10,1.28343,1.28684,1.27503,1.28612,0.0
2023-07-11,1.28611,1.29348,1.28554,1.29316,0.0
2023-07-12,1.29319,1.30002,1.29042,1.29884,0.0
2023-07-13,1.2988,1.31407,1.29828,1.31358,0.0
2023-07-14,1.3132,1.31424,1.30898,1.30931,0.0
2023-07-17,1.3095,1.31082,1.30512,1.3073,0.0
2023-07-18,1.3073,1.31258,1.3028,1.30348,0.0
2023-07-19,1.30366,1.3045,1.28675,1.29401,0.0
2023-07-20,1.29391,1.29648,1.28402,1.28673,0.0
2023-07-21,1.28674,1.29043,1.28162,1.28533,0.0
2023-07-24,1.28537,1.28838,1.27979,1.28237,0.0
2023-07-25,1.28242,1.29049,1.28098,1.29023,0.0
2023-07-26,1.2901,1.296,1.28757,1.2942,0.0
2023-07-27,1.29409,1.2996,1.27822,1.27956,0.0
2023-07-28,1.2798,1.28871,1.2763,1.28511,0.0
2023-07-31,1.2855,1.28726,1.2828,1.28347,0.0
2023-08-01,1.2837,1.2842,1.27414,1.27764,0.0
2023-08-02,1.2776,1.28058,1.26806,1.27102,0.0
2023-08-03,1.27106,1.27282,1.2621,1.27087,0.0
2023-08-04,1.27091,1.27924,1.26899,1.27476,0.0
2023-08-07,1.2753,1.27892,1.27132,1.27842,0.0
2023-08-08,1.27845,1.2787,1.26843,1.27484,0.0
2023-08-09,1.27475,1.2782,1.27123,1.27179,0.0
2023-08-10,1.27235,1.28187,1.267,1.2675,0.0
2023-08-11,1.26745,1.27387,1.26663,1.26936,0.0
2023-08-14,1.2698,1.27148,1.26169,1.2687,0.0
2023-08-15,1.26848,1.27528,1.26752,1.27041,0.0
2023-08-16,1.27052,1.27665,1.26873,1.27321,0.0
2023-08-17,1.27319,1.27875,1.27027,1.27469,0.0
2023-08-18,1.27466,1.27662,1.26891,1.27377,0.0
2023-08-21,1.27356,1.27669,1.27106,1.27571,0.0
2023-08-22,1.27555,1.28002,1.27188,1.27321,0.0
2023-08-23,1.2734,1.27649,1.26149,1.27247,0.0
2023-08-24,1.2724,1.2729,1.25914,1.25999,0.0
2023-08-25,1.2603,1.26542,1.25482,1.2581,0.0
2023-08-28,1.25789,1.2611,1.25658,1.26027,0.0
2023-08-29,1.26014,1.26549,1.2563,1.26436,0.0
2023-08-30,1.26435,1.27466,1.2619,1.27211,0.0
2023-08-31,1.27211,1.27344,1.26527,1.26728,0.0
2023-09-01,1.26735,1.27127,1.25774,1.25888,0.0
2023-09-04,1.259,1.26426,1.25866,1.26286,0.0
2023-09-05,1.26265,1.2636,1.25284,1.25656,0.0
2023-09-06,1.25649,1.2588,1.24823,1.25067,0.0
2023-09-07,1.25074,1.25109,1.2446,1.24713,0.0
2023-09-08,1.24722,1.25143,1.24513,1.24681,0.0
2023-09-11,1.24775,1.25477,1.24719,1.25083,0.0
2023-09-12,1.25106,1.25298,1.24597,1.24926,0.0
2023-09-13,1.24909,1.25117,1.24348,1.24901,0.0
2023-09-14,1.249,1.25064,1.23968,1.24102,0.0
2023-09-15,1.24095,1.24458,1.23789,1.23822,0.0
2023-09-18,1.23875,1.24103,1.23703,1.23855,0.0
2023-09-19,1.23828,1.24248,1.23704,1.23917,0.0
2023-09-20,1.23919,1.24214,1.23323,1.23443,0.0
2023-09-21,1.23445,1.235,1.22351,1.22947,0.0
2023-09-22,1.23005,1.2302,1.22308,1.22394,0.0
2023-09-25,1.22551,1.2257,1.21941,1.22107,0.0
2023-09-26,1.22113,1.22156,1.21525,1.21573,0.0
2023-09-27,1.21591,1.21665,1.21106,1.21351,0.0
2023-09-28,1.21355,1.22247,1.21203,1.22038,0.0
2023-09-29,1.22009,1.22719,1.21805,1.22045,0.0
2023-10-02,1.22022,1.22201,1.20864,1.20869,0.0
2023-10-03,1.2086,1.2102,1.20525,1.20766,0.0
2023-10-04,1.2077,1.2177,1.20374,1.21355,0.0
2023-10-05,1.213,1.2196,1.21079,1.21927,0.0
2023-10-06,1.21913,1.22614,1.21059,1.22386,0.0
2023-10-09,1.22033,1.22441,1.21632,1.22375,0.0
2023-10-10,1.22385,1.22915,1.22118,1.22857,0.0
2023-10-11,1.22858,1.23376,1.22696,1.23128,0.0
2023-10-12,1.2313,1.23316,1.21719,1.21752,0.0
2023-10-13,1.21815,1.22254,1.21227,1.21449,0.0
2023-10-16,1.21409,1.22195,1.21342,1.22172,0.0
2023-10-17,1.2217,1.22179,1.21334,1.21824,0.0
2023-10-18,1.21828,1.22113,1.21374,1.21408,0.0
2023-10-19,1.21405,1.21917,1.20902,1.21431,0.0
2023-10-20,1.21435,1.21704,1.20933,1.21645,0.0
2023-10-23,1.2157,1.22586,1.21434,1.22472,0.0
2023-10-24,1.22482,1.22887,1.21535,1.21609,0.0
2023-10-25,1.21617,1.2176,1.2105,1.21114,0.0
2023-10-26,1.21123,1.21396,1.20697,1.21273,0.0
2023-10-27,1.2129,1.21625,1.21056,1.21219,0.0
2023-10-30,1.2135,1.21747,1.20903,1.21692,0.0
2023-10-31,1.21695,1.22006,1.21198,1.21486,0.0
2023-11-01,1.21548,1.21645,1.20958,1.21511,0.0
2023-11-02,1.21517,1.22253,1.21369,1.22042,0.0
2023-11-03,1.21995,1.23896,1.21846,1.23801,0.0
2023-11-06,1.23685,1.24284,1.23382,1.23435,0.0
2023-11-07,1.2344,1.23526,1.22626,1.22996,0.0
2023-11-08,1.22979,1.2305,1.22419,1.22849,0.0
2023-11-09,1.2283,1.23085,1.22129,1.22222,0.0
2023-11-10,1.2221,1.2238,1.21871,1.22267,0.0
2023-11-13,1.22171,1.2281,1.22135,1.22785,0.0
2023-11-14,1.22791,1.25059,1.22602,1.24984,0.0
2023-11-15,1.2499,1.25024,1.24038,1.24161,0.0
2023-11-16,1.24165,1.24559,1.23766,1.24137,0.0
2023-11-17,1.24139,1.2465,1.23742,1.24631,0.0
2023-11-20,1.2455,1.25176,1.24463,1.25053,0.0
2023-11-21,1.25051,1.25594,1.24987,1.25381,0.0
2023-11-22,1.25365,1.25496,1.24492,1.24943,0.0
2023-11-23,1.24938,1.25627,1.2489,1.25337,0.0
2023-11-24,1.2533,1.26153,1.25246,1.26041,0.0
2023-11-27,1.26016,1.26443,1.25913,1.2627,0.0
2023-11-28,1.2629,1.2715,1.26071,1.26966,0.0
2023-11-29,1.26942,1.27332,1.26648,1.26939,0.0
2023-11-30,1.26961,1.27107,1.26036,1.26237,0.0
2023-12-01,1.26235,1.27162,1.2614,1.27106,0.0
2023-12-04,1.2693,1.27245,1.2604,1.26324,0.0
2023-12-05,1.26334,1.26517,1.25774,1.25958,0.0
2023-12-06,1.2595,1.26137,1.25518,1.25595,0.0
2023-12-07,1.256,1.26126,1.25447,1.25935,0.0
2023-12-08,1.2591,1.26016,1.25024,1.25489,0.0
2023-12-11,1.25355,1.25909,1.2533,1.2556,0.0
2023-12-12,1.25555,1.26158,1.25144,1.25621,0.0
2023-12-13,1.25634,1.26348,1.25003,1.26188,0.0
2023-12-14,1.26185,1.27941,1.26123,1.27648,0.0
2023-12-15,1.27669,1.27905,1.26686,1.26844,0.0
2023-12-18,1.26879,1.27039,1.26288,1.26473,0.0
2023-12-19,1.26471,1.27619,1.26407,1.27313,0.0
2023-12-20,1.2733,1.27389,1.26252,1.26385,0.0
2023-12-21,1.2638,1.26959,1.26124,1.26901,0.0
2023-12-22,1.269,1.27443,1.26735,1.27032,0.0
2023-12-25,1.26755,1.2737,1.26755,1.26982,0.0
2023-12-26,1.2699,1.27304,1.26846,1.2726,0.0
2023-12-27,1.27247,1.28025,1.26987,1.27988,0.0
2023-12-28,1.2798,1.28276,1.27128,1.2731,0.0
2023-12-29,1.27327,1.27727,1.27007,1.27318,0.0
2024-01-02,1.27267,1.276,1.26109,1.26192,0.0
2024-01-03,1.26155,1.26769,1.26155,1.26642,0.0
2024-01-04,1.26622,1.27299,1.26573,1.26829,0.0
2024-01-05,1.26823,1.27709,1.26115,1.27195,0.0
2024-01-08,1.27225,1.27672,1.26733,1.27483,0.0
2024-01-09,1.27479,1.27651,1.26897,1.27098,0.0
2024-01-10,1.27107,1.27441,1.26864,1.27423,0.0
2024-01-11,1.27422,1.27742,1.26903,1.2763,0.0
2024-01-12,1.27615,1.27857,1.27197,1.27538,0.0
2024-01-15,1.27455,1.27656,1.27131,1.27266,0.0
2024-01-16,1.27276,1.2737,1.26196,1.26362,0.0
2024-01-17,1.26375,1.26964,1.25967,1.26752,0.0
2024-01-18,1.2677,1.2709,1.26483,1.27055,0.0
2024-01-19,1.27061,1.27146,1.26617,1.27041,0.0
2024-01-22,1.26971,1.27327,1.2687,1.27089,0.0
2024-01-23,1.27089,1.27473,1.26493,1.26872,0.0
2024-01-24,1.2686,1.27748,1.2677,1.27249,0.0
2024-01-25,1.27252,1.27426,1.26819,1.27081,0.0
2024-01-26,1.2708,1.27582,1.26757,1.2702,0.0
2024-01-29,1.26975,1.27189,1.26622,1.27094,0.0
2024-01-30,1.27086,1.27211,1.26405,1.26999,0.0
2024-01-31,1.2699,1.27507,1.26581,1.26871,0.0
2024-02-01,1.2681,1.27557,1.26253,1.27437,0.0
2024-02-02,1.27437,1.27721,1.26141,1.26334,0.0
2024-02-05,1.26362,1.26443,1.25185,1.25361,0.0
2024-02-06,1.25355,1.26029,1.25302,1.25976,0.0
2024-02-07,1.25984,1.26418,1.2591,1.26275,0.0
2024-02-08,1.26265,1.26387,1.25718,1.26173,0.0
2024-02-09,1.26175,1.26431,1.25991,1.26291,0.0
2024-02-12,1.26255,1.26547,1.26063,1.26276,0.0
2024-02-13,1.26281,1.26851,1.25733,1.25932,0.0
2024-02-14,1.25927,1.2611,1.25357,1.25661,0.0
2024-02-15,1.25646,1.26021,1.25421,1.26002,0.0
2024-02-16,1.2599,1.26245,1.25507,1.26008,0.0
2024-02-19,1.2605,1.26296,1.25835,1.2597,0.0
2024-02-20,1.25915,1.26685,1.25794,1.26224,0.0
2024-02-21,1.2622,1.26418,1.26027,1.26379,0.0
2024-02-22,1.26382,1.27096,1.26117,1.26608,0.0
2024-02-23,1.26606,1.27013,1.26487,1.26715,0.0
2024-02-26,1.2678,1.26994,1.26568,1.26856,0.0
2024-02-27,1.26825,1.26967,1.26604,1.26859,0.0
2024-02-28,1.26844,1.2689,1.26218,1.26613,0.0
2024-02-29,1.26626,1.26818,1.26126,1.26245,0.0
2024-03-01,1.26247,1.26639,1.26001,1.26549,0.0
2024-03-04,1.26559,1.27066,1.26504,1.26916,0.0
2024-03-05,1.26918,1.27348,1.26714,1.27053,0.0
2024-03-06,1.27059,1.27615,1.26903,1.27318,0.0
2024-03-07,1.27405,1.28115,1.27231,1.28083,0.0
2024-03-08,1.281,1.28937,1.28013,1.28596,0.0
2024-03-11,1.28612,1.2866,1.27953,1.28136,0.0
2024-03-12,1.28138,1.28237,1.27462,1.27934,0.0
2024-03-13,1.27935,1.28113,1.27747,1.27971,0.0
2024-03-14,1.2797,1.2823,1.27307,1.27531,0.0
2024-03-15,1.27533,1.27597,1.27255,1.27358,0.0
2024-03-18,1.27365,1.27469,1.2718,1.27288,0.0
2024-03-19,1.27302,1.27338,1.26678,1.27215,0.0
2024-03-20,1.27223,1.27873,1.26846,1.27862,0.0
2024-03-21,1.27854,1.28034,1.26507,1.26579,0.0
2024-03-22,1.26574,1.26753,1.25755,1.26005,0.0
2024-03-25,1.25983,1.26525,1.25916,1.26368,0.0
2024-03-26,1.26376,1.26682,1.26222,1.26283,0.0
2024-03-27,1.26276,1.2642,1.26057,1.26402,0.0
2024-03-28,1.264,1.26546,1.25856,1.26233,0.0
2024-03-29,1.26239,1.26453,1.26095,1.26238,0.0
2024-04-01,1.2635,1.2643,1.25394,1.25521,0.0
2024-04-02,1.25528,1.25794,1.25395,1.25783,0.0
2024-04-03,1.25772,1.26558,1.25627,1.26527,0.0
2024-04-04,1.26528,1.26836,1.26352,1.26432,0.0
2024-04-05,1.26418,1.26487,1.25747,1.26379,0.0
2024-04-08,1.26285,1.26643,1.26134,1.26546,0.0
2024-04-09,1.26546,1.27094,1.26451,1.26775,0.0
2024-04-10,1.26774,1.27083,1.25203,1.25401,0.0
2024-04-11,1.25396,1.25786,1.25106,1.2553,0.0
2024-04-12,1.25529,1.25655,1.24267,1.245,0.0
2024-04-15,1.24428,1.24986,1.24359,1.2445,0.0
2024-04-16,1.24455,1.24721,1.24059,1.24262,0.0
2024-04-17,1.24247,1.24821,1.24173,1.24548,0.0
2024-04-18,1.24537,1.24845,1.24336,1.24363,0.0
2024-04-19,1.24402,1.24681,1.2367,1.23705,0.0
2024-04-22,1.23765,1.23923,1.22997,1.23502,0.0
2024-04-23,1.23489,1.24586,1.23318,1.24502,0.0
2024-04-24,1.24503,1.24702,1.24228,1.24641,0.0
2024-04-25,1.24641,1.25263,1.24473,1.25123,0.0
2024-04-26,1.25147,1.25411,1.24492,1.24938,0.0
2024-04-29,1.24838,1.25695,1.24786,1.25616,0.0
2024-04-30,1.25636,1.25693,1.24901,1.24917,0.0
2024-05-01,1.24916,1.25504,1.24665,1.25296,0.0
2024-05-02,1.2527,1.25447,1.24718,1.25346,0.0
2024-05-03,1.25338,1.26361,1.25075,1.25468,0.0
2024-05-06,1.25449,1.25944,1.25384,1.25624,0.0
2024-05-07,1.25613,1.25743,1.25008,1.25079,0.0
2024-05-08,1.2508,1.25247,1.24678,1.24974,0.0
2024-05-09,1.24965,1.25268,1.24462,1.25241,0.0
2024-05-10,1.25226,1.25412,1.25024,1.25254,0.0
2024-05-13,1.25216,1.2569,1.25142,1.25594,0.0
2024-05-14,1.25575,1.25928,1.25095,1.25925,0.0
2024-05-15,1.25921,1.2687,1.25718,1.26864,0.0
2024-05-16,1.26851,1.27007,1.26435,1.26703,0.0
2024-05-17,1.26667,1.27117,1.26449,1.27007,0.0
2024-05-20,1.2695,1.27256,1.26884,1.27056,0.0
2024-05-21,1.2706,1.27268,1.26866,1.27096,0.0
2024-05-22,1.2709,1.27616,1.27002,1.27172,0.0
2024-05-23,1.27165,1.27468,1.26853,1.26991,0.0
2024-05-24,1.26979,1.2751,1.26763,1.27371,0.0
2024-05-27,1.2735,1.27777,1.27337,1.27712,0.0
2024-05-28,1.277,1.28007,1.2754,1.27608,0.0
2024-05-29,1.27611,1.27801,1.2699,1.27007,0.0
2024-05-30,1.26991,1.27475,1.26809,1.27325,0.0
2024-05-31,1.27292,1.27662,1.27003,1.27418,0.0
2024-06-03,1.2745,1.2809,1.2694,1.28082,0.0
2024-06-04,1.28064,1.28177,1.27446,1.27694,0.0
2024-06-05,1.27684,1.27955,1.27555,1.27874,0.0
2024-06-06,1.27866,1.28092,1.27627,1.27914,0.0
2024-06-07,1.27895,1.28118,1.27161,1.27222,0.0
2024-06-10,1.273,1.27372,1.2688,1.27314,0.0
2024-06-11,1.27303,1.27519,1.27058,1.27389,0.0
2024-06-12,1.27407,1.28605,1.27307,1.27982,0.0
2024-06-13,1.27986,1.28075,1.27384,1.27638,0.0
2024-06-14,1.27604,1.27651,1.26571,1.26847,0.0
2024-06-17,1.26879,1.27096,1.26592,1.2705,0.0
2024-06-18,1.27045,1.2721,1.26689,1.27086,0.0
2024-06-19,1.27075,1.27402,1.2693,1.2719,0.0
2024-06-20,1.27195,1.27263,1.26546,1.26573,0.0
2024-06-21,1.26574,1.26742,1.26222,1.26425,0.0
2024-06-24,1.2645,1.26983,1.26326,1.26858,0.0
2024-06-25,1.26856,1.27026,1.26649,1.26862,0.0
2024-06-26,1.2685,1.26935,1.26158,1.26218,0.0
2024-06-27,1.26192,1.26708,1.2613,1.26396,0.0
2024-06-28,1.26389,1.26621,1.26198,1.26446,0.0
2024-07-01,1.26547,1.27014,1.26333,1.26497,0.0
2024-07-02,1.26475,1.2688,1.26156,1.26852,0.0
2024-07-03,1.26853,1.27774,1.2672,1.27427,0.0
2024-07-04,1.27415,1.27676,1.274,1.276,0.0
2024-07-05,1.27598,1.2818,1.2754,1.28145,0.0
2024-07-08,1.27939,1.28459,1.27925,1.28071,0.0
2024-07-09,1.2805,1.28248,1.2778,1.27867,0.0
2024-07-10,1.27862,1.28493,1.2777,1.28483,0.0
2024-07-11,1.28493,1.29492,1.2847,1.2914,0.0
2024-07-12,1.29115,1.29908,1.29023,1.29879,0.0
2024-07-15,1.2965,1.29949,1.29619,1.29682,0.0
2024-07-16,1.2968,1.29823,1.29382,1.29747,0.0
2024-07-17,1.2972,1.30445,1.29653,1.30088,0.0
2024-07-18,1.3011,1.30222,1.29404,1.29433,0.0
2024-07-19,1.29445,1.29728,1.29008,1.29152,0.0
2024-07-22,1.2915,1.29421,1.29053,1.29336,0.0
2024-07-23,1.29321,1.29387,1.28878,1.29071,0.0
2024-07-24,1.29078,1.29377,1.28773,1.29068,0.0
2024-07-25,1.29165,1.29304,1.28487,1.28487,0.0
2024-07-26,1.285,1.28822,1.285,1.28672,0.0
2024-07-29,1.28635,1.2889,1.28069,1.28612,0.0
2024-07-30,1.2859,1.28676,1.28201,1.28361,0.0
2024-07-31,1.28357,1.28641,1.28211,1.28561,0.0
2024-08-01,1.28563,1.28658,1.2727,1.27389,0.0
2024-08-02,1.27485,1.284,1.27076,1.28047,0.0
2024-08-05,1.28086,1.28198,1.27102,1.27781,0.0
2024-08-06,1.27695,1.28033,1.26731,1.2692,0.0
2024-08-07,1.2692,1.27358,1.26791,1.26934,0.0
2024-08-08,1.26918,1.27523,1.2665,1.27495,0.0
2024-08-09,1.27435,1.27738,1.27264,1.27576,0.0
2024-08-12,1.2767,1.27942,1.27467,1.27651,0.0
2024-08-13,1.27715,1.2873,1.27618,1.28631,0.0
2024-08-14,1.28625,1.28701,1.28193,1.2825,0.0
2024-08-15,1.28305,1.28716,1.2799,1.28533,0.0
2024-08-16,1.2854,1.29475,1.28484,1.29438,0.0
2024-08-19,1.2935,1.29971,1.29347,1.299,0.0
2024-08-20,1.29945,1.30524,1.29744,1.30347,0.0
2024-08-21,1.3035,1.31197,1.30106,1.30913,0.0
2024-08-22,1.3091,1.31296,1.30766,1.3092,0.0
2024-08-23,1.30905,1.32305,1.30709,1.32189,0.0
2024-08-26,1.32165,1.32254,1.31803,1.31873,0.0
2024-08-27,1.31885,1.32663,1.31804,1.32615,0.0
2024-08-28,1.3261,1.32664,1.31677,1.31906,0.0
2024-08-29,1.319,1.32269,1.31452,1.31682,0.0
2024-08-30,1.31692,1.32,1.31099,1.31258,0.0
2024-09-02,1.31345,1.31553,1.3119,1.3147,0.0
2024-09-03,1.31445,1.31535,1.30876,1.31154,0.0
2024-09-04,1.31137,1.31753,1.31004,1.31489,0.0
2024-09-05,1.3145,1.31855,1.31371,1.3181,0.0
2024-09-06,1.318,1.32391,1.31101,1.31259,0.0
2024-09-09,1.3125,1.31435,1.30678,1.30731,0.0
2024-09-10,1.30744,1.31078,1.30496,1.30797,0.0
2024-09-11,1.30804,1.31116,1.30021,1.30429,0.0
2024-09-12,1.3042,1.3128,1.3032,1.31257,0.0
2024-09-13,1.31243,1.31579,1.31149,1.31265,0.0
2024-09-16,1.31223,1.3219,1.31176,1.32168,0.0
2024-09-17,1.32015,1.32297,1.31462,1.31592,0.0
2024-09-18,1.3161,1.32977,1.31532,1.3213,0.0
2024-09-19,1.32135,1.33145,1.31541,1.32852,0.0
2024-09-20,1.3284,1.33402,1.32645,1.33234,0.0
2024-09-23,1.33146,1.33593,1.32483,1.33483,0.0
2024-09-24,1.33467,1.34159,1.33321,1.34133,0.0
2024-09-25,1.3412,1.343,1.33125,1.33227,0.0
2024-09-26,1.3323,1.34343,1.33045,1.34152,0.0
2024-09-27,1.3413,1.34275,1.336,1.33726,0.0
2024-09-30,1.3375,1.34231,1.33502,1.33765,0.0
2024-10-01,1.33747,1.33892,1.32373,1.32847,0.0
2024-10-02,1.3285,1.33056,1.32455,1.32669,0.0
2024-10-03,1.32625,1.32833,1.30924,1.31236,0.0
2024-10-04,1.31246,1.31751,1.307,1.31246,0.0
2024-10-07,1.3115,1.31348,1.30595,1.3083,0.0
2024-10-08,1.30837,1.31136,1.30644,1.31045,0.0
2024-10-09,1.3105,1.31136,1.30556,1.30736,0.0
2024-10-10,1.30716,1.30939,1.30219,1.30593,0.0
2024-10-11,1.30589,1.30831,1.30395,1.30699,0.0
2024-10-14,1.30688,1.30719,1.303,1.30595,0.0
2024-10-15,1.30565,1.31033,1.30356,1.30744,0.0
2024-10-16,1.30735,1.30867,1.29771,1.29907,0.0
2024-10-17,1.299,1.30233,1.2974,1.30114,0.0
2024-10-18,1.30082,1.30707,1.29988,1.30526,0.0
2024-10-21,1.3045,1.30578,1.29773,1.2985,0.0
2024-10-22,1.29848,1.30152,1.29446,1.29859,0.0
2024-10-23,1.29821,1.29951,1.29077,1.29202,0.0
2024-10-24,1.2923,1.29881,1.2909,1.29775,0.0
2024-10-25,1.2978,1.29986,1.29557,1.29616,0.0
2024-10-28,1.2975,1.30012,1.29396,1.29705,0.0
2024-10-29,1.29727,1.30151,1.29581,1.30138,0.0
2024-10-30,1.30151,1.30435,1.29366,1.29628,0.0
2024-10-31,1.29625,1.29999,1.2846,1.28993,0.0
2024-11-01,1.28993,1.29804,1.28845,1.29171,0.0
2024-11-04,1.29703,1.29989,1.29346,1.2957,0.0
2024-11-05,1.2957,1.30427,1.29483,1.3042,0.0
2024-11-06,1.3041,1.3048,1.28341,1.28795,0.0
2024-11-07,1.28797,1.30093,1.2872,1.29872,0.0
2024-11-08,1.2986,1.29947,1.28838,1.29192,0.0
2024-11-11,1.29166,1.29261,1.28561,1.28692,0.0
2024-11-12,1.28684,1.28768,1.27194,1.27471,0.0
2024-11-13,1.27483,1.27699,1.26864,1.27076,0.0
2024-11-14,1.27074,1.27258,1.26299,1.26665,0.0
2024-11-15,1.2666,1.2697,1.25971,1.26211,0.0
2024-11-18,1.26236,1.26867,1.26088,1.26778,0.0
2024-11-19,1.26787,1.26898,1.2613,1.26828,0.0
2024-11-20,1.2682,1.27152,1.26308,1.26532,0.0
2024-11-21,1.26515,1.26602,1.25761,1.25897,0.0
2024-11-22,1.2585,1.25983,1.24875,1.2531,0.0
2024-11-25,1.25923,1.26137,1.25415,1.25685,0.0
2024-11-26,1.25682,1.26163,1.25069,1.25684,0.0
2024-11-27,1.25685,1.26947,1.25665,1.26802,0.0
2024-11-28,1.26801,1.26964,1.26451,1.26868,0.0
2024-11-29,1.26845,1.275,1.26722,1.27343,0.0
2024-12-02,1.27339,1.27416,1.2617,1.26535,0.0
2024-12-03,1.2655,1.26997,1.26369,1.26721,0.0
2024-12-04,1.26733,1.27213,1.26299,1.26996,0.0
2024-12-05,1.27,1.27709,1.26931,1.27608,0.0
2024-12-06,1.27595,1.28111,1.27216,1.274,0.0
2024-12-09,1.27415,1.2799,1.27172,1.27512,0.0
2024-12-10,1.27502,1.2778,1.2724,1.27712,0.0
2024-12-11,1.27722,1.2782,1.27132,1.27506,0.0
2024-12-12,1.275,1.27881,1.26666,1.2674,0.0
2024-12-13,1.26765,1.2684,1.2608,1.26219,0.0
2024-12-16,1.26165,1.2699,1.261,1.26835,0.0
2024-12-17,1.26827,1.27289,1.26659,1.27129,0.0
2024-12-18,1.271,1.27275,1.25623,1.25717,0.0
2024-12-19,1.2574,1.26671,1.24948,1.25013,0.0
2024-12-20,1.25025,1.26142,1.24752,1.25692,0.0
2024-12-23,1.25671,1.25882,1.251,1.25357,0.0
2024-12-24,1.2535,1.25746,1.25189,1.2541,0.0
2024-12-25,1.2541,1.29057,1.21989,1.2558,0.0
2024-12-26,1.25557,1.25624,1.25013,1.25272,0.0
2024-12-27,1.25265,1.25926,1.25053,1.25796,0.0
2024-12-30,1.25793,1.26076,1.25065,1.25518,0.0
2024-12-31,1.25475,1.2586,1.25055,1.25811,0.0
2025-01-01,1.25805,1.26075,1.25069,1.2519,0.0
2025-01-02,1.25183,1.25405,1.23531,1.23808,0.0
2025-01-03,1.23735,1.24344,1.23501,1.24213,0.0
2025-01-06,1.24214,1.25509,1.24149,1.25203,0.0
2025-01-07,1.25175,1.25759,1.2477,1.24777,0.0
2025-01-08,1.24768,1.24941,1.23211,1.23635,0.0
2025-01-09,1.23605,1.2373,1.22384,1.23076,0.0
2025-01-10,1.23085,1.23221,1.21915,1.22103,0.0
2025-01-13,1.22072,1.2212,1.20994,1.22035,0.0
2025-01-14,1.22018,1.22504,1.21396,1.2216,0.0
2025-01-15,1.22115,1.23065,1.21733,1.22445,0.0
2025-01-16,1.2244,1.22608,1.21748,1.22384,0.0
2025-01-17,1.2239,1.225,1.21607,1.21686,0.0
2025-01-20,1.21783,1.23445,1.2161,1.23283,0.0
2025-01-21,1.23275,1.23604,1.22293,1.23509,0.0
2025-01-22,1.23514,1.23757,1.23076,1.23161,0.0
2025-01-23,1.2316,1.23756,1.22934,1.23524,0.0
2025-01-24,1.23556,1.2502,1.23417,1.2483,0.0
2025-01-27,1.2475,1.25233,1.24259,1.24998,0.0
2025-01-28,1.24985,1.25012,1.24143,1.24431,0.0
2025-01-29,1.2444,1.24637,1.23931,1.24525,0.0
2025-01-30,1.24525,1.24764,1.2408,1.2417,0.0
2025-01-31,1.24215,1.24716,1.23863,1.23909,0.0
2025-02-03,1.22913,1.24549,1.22493,1.24504,0.0
2025-02-04,1.24515,1.24933,1.23789,1.24815,0.0
2025-02-05,1.24795,1.25502,1.24635,1.25041,0.0
2025-02-06,1.25056,1.25129,1.23615,1.24348,0.0
2025-02-07,1.24355,1.24695,1.23759,1.24054,0.0
2025-02-10,1.23782,1.24223,1.2355,1.23667,0.0
2025-02-11,1.2367,1.24547,1.23321,1.24474,0.0
2025-02-12,1.24382,1.24838,1.2378,1.24438,0.0
2025-02-13,1.2444,1.25686,1.24355,1.25658,0.0
2025-02-14,1.2565,1.263,1.25388,1.2585,0.0
2025-02-17,1.25904,1.26352,1.25767,1.26255,0.0
2025-02-18,1.26245,1.26323,1.25823,1.26136,0.0
2025-02-19,1.26112,1.26417,1.25634,1.25856,0.0
2025-02-20,1.25825,1.2672,1.25688,1.26697,0.0
2025-02-21,1.26665,1.26788,1.26249,1.26366,0.0
2025-02-24,1.2637,1.26907,1.26122,1.26248,0.0
2025-02-25,1.26285,1.26781,1.26064,1.26666,0.0
2025-02-26,1.26645,1.2716,1.26355,1.26765,0.0
2025-02-27,1.26735,1.26924,1.2598,1.26014,0.0
2025-02-28,1.2601,1.26219,1.25595,1.25753,0.0
2025-03-03,1.25846,1.27244,1.25812,1.27017,0.0
2025-03-04,1.27033,1.27996,1.26788,1.27951,0.0
2025-03-05,1.27933,1.2901,1.27679,1.28954,0.0
2025-03-06,1.28961,1.29236,1.2866,1.2882,0.0
2025-03-07,1.2882,1.29448,1.2871,1.29205,0.0
2025-03-10,1.29214,1.29464,1.28615,1.28774,0.0
2025-03-11,1.28783,1.29659,1.2866,1.29501,0.0
2025-03-12,1.29555,1.29859,1.29138,1.29658,0.0
2025-03-13,1.2964,1.29765,1.2921,1.29513,0.0
2025-03-14,1.29511,1.29593,1.29111,1.29329,0.0
2025-03-17,1.29251,1.29988,1.29194,1.29912,0.0
2025-03-18,1.299,1.30097,1.29518,1.30026,0.0
2025-03-19,1.30013,1.30112,1.29553,1.30036,0.0
2025-03-20,1.3003,1.30148,1.2936,1.29669,0.0
2025-03-21,1.29668,1.29746,1.28877,1.29162,0.0
2025-03-24,1.28986,1.29742,1.2885,1.29233,0.0
2025-03-25,1.29226,1.2967,1.29022,1.29451,0.0
2025-03-26,1.29439,1.29514,1.28744,1.28885,0.0
2025-03-27,1.2889,1.29924,1.28712,1.29489,0.0
2025-03-28,1.29492,1.29683,1.29225,1.29451,0.0
2025-03-31,1.2935,1.29724,1.28865,1.29169,0.0
2025-04-01,1.29185,1.2941,1.28793,1.29238,0.0
2025-04-02,1.29215,1.30249,1.29006,1.30103,0.0
2025-04-03,1.30069,1.32079,1.29731,1.31014,0.0
2025-04-04,1.31003,1.31301,1.28532,1.28951,0.0
2025-04-07,1.2816,1.29347,1.27086,1.27259,0.0
2025-04-08,1.27235,1.2814,1.27119,1.27654,0.0
2025-04-09,1.2766,1.2864,1.27434,1.28251,0.0
2025-04-10,1.28239,1.29959,1.27879,1.29712,0.0
2025-04-11,1.29693,1.31455,1.29645,1.30894,0.0
2025-04-14,1.31126,1.32013,1.30616,1.31908,0.0
2025-04-15,1.31899,1.3252,1.31645,1.32319,0.0
2025-04-16,1.32219,1.32925,1.32125,1.32407,0.0
2025-04-17,1.32415,1.32733,1.32031,1.32675,0.0
2025-04-18,1.32458,1.33006,1.32446,1.32953,0.0
2025-04-21,1.32793,1.34221,1.3275,1.33807,0.0
2025-04-22,1.3379,1.34234,1.33261,1.33319,0.0
2025-04-23,1.3331,1.33415,1.3234,1.32542,0.0
2025-04-24,1.32545,1.335,1.32516,1.33376,0.0
2025-04-25,1.3341,1.33673,1.32744,1.33123,0.0
2025-04-28,1.33081,1.34449,1.32803,1.34431,0.0
2025-04-29,1.34344,1.34442,1.33806,1.34068,0.0
2025-04-30,1.34075,1.34148,1.33094,1.33305,0.0
2025-05-01,1.3332,1.33454,1.32606,1.32777,0.0
2025-05-02,1.3283,1.33308,1.32627,1.32777,0.0
2025-05-05,1.32625,1.33365,1.32603,1.32963,0.0
2025-05-06,1.3297,1.34027,1.32611,1.33692,0.0
2025-05-07,1.33688,1.33835,1.32802,1.32917,0.0
2025-05-08,1.3294,1.33565,1.32365,1.32468,0.0
2025-05-09,1.3245,1.33227,1.32121,1.33029,0.0
2025-05-12,1.32592,1.32994,1.314,1.3177,0.0
2025-05-13,1.31745,1.33163,1.31545,1.33056,0.0
2025-05-14,1.3305,1.33605,1.32535,1.3263,0.0
2025-05-15,1.32765,1.33202,1.32519,1.33027,0.0
2025-05-16,1.33088,1.33326,1.32503,1.32803,0.0
2025-05-19,1.32701,1.34039,1.32663,1.33609,0.0
2025-05-20,1.33685,1.33951,1.33346,1.33939,0.0
2025-05-21,1.33865,1.34688,1.33707,1.34196,0.0
2025-05-22,1.34198,1.3441,1.3391,1.34186,0.0
2025-05-23,1.3418,1.35421,1.34056,1.35406,0.0
2025-05-26,1.35247,1.3593,1.35213,1.35635,0.0
2025-05-27,1.3564,1.35869,1.35001,1.35075,0.0
2025-05-28,1.35071,1.35223,1.34504,1.34707,0.0
2025-05-29,1.34735,1.35074,1.34153,1.34935,0.0
2025-05-30,1.34919,1.35109,1.3448,1.34543,0.0
2025-06-02,1.34654,1.356,1.34531,1.35444,0.0
2025-06-03,1.35365,1.35591,1.3492,1.35185,0.0
2025-06-04,1.35215,1.35802,1.35013,1.35553,0.0
2025-06-05,1.35547,1.36166,1.35407,1.35722,0.0
2025-06-06,1.35706,1.3585,1.35076,1.35262,0.0
2025-06-09,1.35278,1.35815,1.35091,1.35521,0.0
2025-06-10,1.3553,1.3575,1.34564,1.3498,0.0
2025-06-11,1.3499,1.35674,1.34643,1.3548,0.0
2025-06-12,1.35472,1.36236,1.35228,1.36127,0.0
2025-06-13,1.36185,1.36324,1.35168,1.35738,0.0
2025-06-16,1.3567,1.36224,1.3535,1.35769,0.0
2025-06-17,1.35905,1.35973,1.34156,1.34283,0.0
2025-06-18,1.34405,1.34766,1.34005,1.34211,0.0
2025-06-19,1.34275,1.34703,1.33828,1.34684,0.0
2025-06-20,1.3467,1.35111,1.34412,1.34476,0.0
2025-06-23,1.33782,1.35309,1.33705,1.35238,0.0
2025-06-24,1.35236,1.36488,1.34946,1.36152,0.0
2025-06-25,1.36295,1.36716,1.35907,1.36639,0.0
2025-06-26,1.3664,1.37707,1.36496,1.37276,0.0
2025-06-27,1.37325,1.37528,1.3683,1.37204,0.0
2025-06-30,1.37063,1.37406,1.36744,1.37359,0.0
2025-07-01,1.37165,1.37888,1.37039,1.37464,0.0
2025-07-02,1.3746,1.37535,1.35627,1.36354,0.0
2025-07-03,1.36375,1.36761,1.35861,1.36546,0.0
2025-07-04,1.36575,1.36813,1.36349,1.36453,0.0
2025-07-07,1.36563,1.3665,1.35755,1.36008,0.0
2025-07-08,1.36065,1.36468,1.35256,1.35932,0.0
2025-07-09,1.3593,1.36197,1.35642,1.35859,0.0
2025-07-10,1.3587,1.36197,1.35335,1.35766,0.0
2025-07-11,1.35768,1.3586,1.34812,1.34926,0.0
2025-07-14,1.35123,1.35123,1.34243,1.34259,0.0
2025-07-15,1.3425,1.34681,1.33788,1.33845,0.0
2025-07-16,1.33865,1.34863,1.3365,1.34198,0.0
2025-07-17,1.34305,1.34419,1.33743,1.34163,0.0
2025-07-18,1.34075,1.34752,1.34028,1.34094,0.0
2025-07-21,1.34292,1.35106,1.34023,1.34918,0.0
2025-07-22,1.3492,1.35341,1.34622,1.35336,0.0
2025-07-23,1.35235,1.35841,1.35153,1.35795,0.0
2025-07-24,1.3582,1.35886,1.35032,1.35056,0.0
2025-07-25,1.35215,1.35215,1.34164,1.34368,0.0
2025-07-28,1.34289,1.34528,1.33512,1.33547,0.0
2025-07-29,1.33615,1.33683,1.33077,1.33503,0.0
2025-07-30,1.33425,1.33857,1.32277,1.32394,0.0
2025-07-31,1.3235,1.3282,1.31857,1.32058,0.0
2025-08-01,1.32075,1.33102,1.31417,1.3279,0.0
2025-08-04,1.32905,1.33311,1.32539,1.32847,0.0
2025-08-05,1.3284,1.33166,1.326,1.32992,0.0
2025-08-06,1.33005,1.33683,1.32816,1.33566,0.0
2025-08-07,1.33545,1.34487,1.33359,1.34441,0.0
2025-08-08,1.34425,1.3459,1.3418,1.34502,0.0
2025-08-11,1.34484,1.34768,1.33997,1.3432,0.0
2025-08-12,1.34305,1.35236,1.34189,1.34997,0.0
2025-08-13,1.34995,1.35849,1.34931,1.35776,0.0
2025-08-14,1.35655,1.3595,1.35209,1.35303,0.0
2025-08-15,1.35385,1.35751,1.35261,1.35591,0.0
2025-08-18,1.35535,1.35749,1.3502,1.35026,0.0
2025-08-19,1.35035,1.35313,1.34778,1.34925,0.0
2025-08-20,1.34855,1.35095,1.34476,1.34551,0.0
2025-08-21,1.3455,1.34827,1.34054,1.34126,0.0
2025-08-22,1.3414,1.35443,1.33905,1.35273,0.0
2025-08-25,1.3515,1.35342,1.34462,1.3454,0.0
2025-08-26,1.3454,1.3495,1.34346,1.34779,0.0
2025-08-27,1.34801,1.35019,1.34167,1.34986,0.0
2025-08-28,1.34954,1.35309,1.34831,1.35122,0.0
2025-08-29,1.35095,1.35215,1.34464,1.35035,0.0
2025-09-01,1.3496,1.3551,1.3495,1.35447,0.0
2025-09-02,1.3544,1.35493,1.33403,1.33941,0.0
2025-09-03,1.33929,1.34583,1.33336,1.3443,0.0
2025-09-04,1.34447,1.34593,1.34165,1.34349,0.0
2025-09-05,1.3435,1.35546,1.34229,1.35076,0.0
2025-09-08,1.3504,1.35566,1.34824,1.3545,0.0
2025-09-09,1.3546,1.35908,1.35183,1.35271,0.0
2025-09-10,1.35272,1.35615,1.35134,1.35291,0.0
2025-09-11,1.35282,1.35831,1.34943,1.3573,0.0
2025-09-12,1.35723,1.3581,1.35244,1.35622,0.0
2025-09-15,1.35569,1.36197,1.35459,1.3597,0.0
2025-09-16,1.36,1.3672,1.35958,1.36458,0.0
2025-09-17,1.36473,1.37261,1.36197,1.36254,0.0
2025-09-18,1.3626,1.36604,1.35342,1.35543,0.0
2025-09-19,1.3556,1.35596,1.34634,1.34708,0.0
2025-09-22,1.34758,1.35205,1.34532,1.3514,0.0
2025-09-23,1.35143,1.35365,1.34871,1.35256,0.0
2025-09-24,1.35263,1.35298,1.34265,1.34465,0.0
2025-09-25,1.34475,1.34672,1.33238,1.3344,0.0
2025-09-26,1.3345,1.3413,1.33296,1.33968,0.0
2025-09-29,1.33959,1.34569,1.33929,1.3427,0.0
2025-09-30,1.3429,1.34672,1.34136,1.3446,0.0
2025-10-01,1.34448,1.35275,1.3435,1.3476,0.0
2025-10-02,1.3477,1.35105,1.34008,1.3441,0.0
2025-10-03,1.344,1.34863,1.34225,1.3478,0.0
2025-10-06,1.3437,1.34903,1.34164,1.34854,0.0
2025-10-07,1.34848,1.3488,1.33921,1.3425,0.0
2025-10-08,1.34355,1.34445,1.33712,1.34046,0.0
2025-10-09,1.34047,1.34191,1.32797,1.33041,0.0
2025-10-10,1.3306,1.33668,1.32618,1.33569,0.0
2025-10-13,1.3352,1.33664,1.33154,1.33324,0.0
2025-10-14,1.33375,1.33526,1.32487,1.33203,0.0
2025-10-15,1.33245,1.34076,1.33169,1.34031,0.0
2025-10-16,1.34031,1.34545,1.3392,1.34335,0.0
2025-10-17,1.34375,1.34714,1.3391,1.3427,0.0
2025-10-20,1.34316,1.3443,1.34002,1.3405,0.0
2025-10-21,1.34048,1.3419,1.33612,1.3368,0.0
2025-10-22,1.3369,1.3387,1.33058,1.33574,0.0
2025-10-23,1.33627,1.3365,1.33082,1.33264,0.0
2025-10-24,1.33261,1.33592,1.32875,1.33112,0.0
2025-10-27,1.33249,1.33529,1.33108,1.33357,0.0
2025-10-28,1.3336,1.33696,1.32476,1.32716,0.0
2025-10-29,1.32729,1.32807,1.31411,1.31948,0.0
2025-10-30,1.3195,1.32187,1.31168,1.31501,0.0
2025-10-31,1.315,1.31647,1.30972,1.31446,0.0
2025-11-03,1.3135,1.31623,1.31087,1.3139,0.0
2025-11-04,1.31435,1.31455,1.30103,1.30211,0.0
2025-11-05,1.3022,1.30543,1.30103,1.3051,0.0
2025-11-06,1.3052,1.31425,1.30457,1.3138,0.0
2025-11-07,1.31305,1.31749,1.30949,1.31607,0.0
2025-11-10,1.3155,1.31913,1.31367,1.31747,0.0
2025-11-11,1.31746,1.31846,1.31166,1.31494,0.0
2025-11-12,1.31501,1.31657,1.30843,1.3133,0.0
2025-11-13,1.31333,1.32159,1.31009,1.3192,0.0
2025-11-14,1.3191,1.32039,1.31082,1.3174,0.0
2025-11-17,1.31561,1.31932,1.3136,1.31548,0.0
2025-11-18,1.3154,1.3177,1.31339,1.3145,0.0
2025-11-19,1.31535,1.31552,1.30437,1.3061,0.0
2025-11-20,1.306,1.31237,1.30381,1.3073,0.0
2025-11-21,1.30755,1.31096,1.30387,1.30994,0.0
2025-11-24,1.31025,1.3118,1.30805,1.31036,0.0
2025-11-25,1.31045,1.32142,1.30957,1.3165,0.0
2025-11-26,1.31705,1.3245,1.31246,1.32415,0.0
2025-11-27,1.3241,1.32695,1.32102,1.324,0.0
2025-11-28,1.3241,1.32545,1.32008,1.32317,0.0
2025-12-01,1.32283,1.3275,1.32057,1.32137,0.0
2025-12-02,1.32126,1.3222,1.31794,1.3214,0.0
2025-12-03,1.32138,1.33546,1.31999,1.33527,0.0
2025-12-04,1.3353,1.33855,1.3319,1.3328,0.0
2025-12-05,1.3325,1.33624,1.33163,1.33311,0.0
2025-12-08,1.33296,1.33468,1.33058,1.33218,0.0
2025-12-09,1.3321,1.33561,1.32877,1.3297,0.0
2025-12-10,1.3298,1.3389,1.3296,1.3383,0.0
2025-12-11,1.33826,1.34382,1.33546,1.3387,0.0
2025-12-12,1.3386,1.33999,1.33424,1.33711,0.0
2025-12-15,1.33799,1.34016,1.33549,1.33773,0.0
2025-12-16,1.3378,1.34558,1.33553,1.3422,0.0
2025-12-17,1.3423,1.3428,1.33117,1.33748,0.0
2025-12-18,1.3376,1.34468,1.33409,1.33823,0.0
2025-12-19,1.3383,1.33942,1.33572,1.33777,0.0
2025-12-22,1.33874,1.34777,1.33742,1.3462,0.0
2025-12-23,1.3463,1.35242,1.34559,1.3517,0.0
2025-12-24,1.3518,1.3535,1.34893,1.35089,0.0
2025-12-25,1.3525,1.3534,1.35172,1.352,0.0
2025-12-26,1.3517,1.35274,1.34773,1.35018,0.0
2025-12-29,1.34921,1.35165,1.34694,1.35144,0.0
2025-12-30,1.35079,1.35309,1.34497,1.3469,0.0
2025-12-31,1.3468,1.34836,1.3402,1.34772,0.0
2026-01-01,1.34519,1.34617,1.34476,1.3456,0.0
2026-01-02,1.34544,1.35022,1.34343,1.34618,0.0
2026-01-05,1.34541,1.35485,1.3414,1.35423,0.0
2026-01-06,1.35406,1.35678,1.34917,1.3502,0.0
2026-01-07,1.3501,1.35171,1.34562,1.3457,0.0
2026-01-08,1.3458,1.34655,1.3416,1.34404,0.0
2026-01-09,1.34405,1.34509,1.33926,1.34038,0.0
2026-01-12,1.33989,1.34859,1.33905,1.34652,0.0
2026-01-13,1.34635,1.34946,1.3421,1.34225,0.0
2026-01-14,1.3423,1.34642,1.34198,1.3446,0.0
2026-01-15,1.3445,1.34468,1.33629,1.33814,0.0
2026-01-16,1.3381,1.34133,1.33663,1.33783,0.0
2026-01-19,1.3352,1.34352,1.33429,1.3427,0.0
2026-01-20,1.3424,1.34917,1.34024,1.34415,0.0
2026-01-21,1.3441,1.34594,1.34012,1.34291,0.0
2026-01-22,1.34291,1.35071,1.34016,1.35035,0.0
2026-01-23,1.35017,1.36458,1.34825,1.36423,0.0
2026-01-26,1.36681,1.37134,1.36432,1.3679,0.0
2026-01-27,1.36825,1.38679,1.36641,1.3849,0.0
2026-01-28,1.3848,1.38495,1.375,1.3807,0.0
2026-01-29,1.3808,1.3848,1.37426,1.3811,0.0
2026-01-30,1.381,1.3815,1.36794,1.36849,0.0
2026-02-02,1.36949,1.37153,1.3623,1.36668,0.0
2026-02-03,1.3667,1.37075,1.36506,1.3699,0.0
2026-02-04,1.3698,1.37333,1.36426,1.36557,0.0
2026-02-05,1.36485,1.36772,1.35177,1.35291,0.0
2026-02-06,1.35314,1.36233,1.35086,1.36118,0.0
2026-02-09,1.3598,1.37008,1.35866,1.36959,0.0
2026-02-10,1.3694,1.36989,1.36381,1.36428,0.0
2026-02-11,1.3645,1.37126,1.36098,1.3628,0.0
2026-02-12,1.3629,1.36716,1.36047,1.3623,0.0
2026-02-13,1.3621,1.36595,1.35905,1.36541,0.0
2026-02-16,1.36475,1.36621,1.36254,1.363,0.0
2026-02-17,1.36275,1.36398,1.34958,1.357,0.0
2026-02-18,1.3568,1.35821,1.34914,1.3494,0.0
2026-02-19,1.3495,1.35165,1.3434,1.3467,0.0
2026-02-20,1.3464,1.35149,1.34351,1.34788,0.0
2026-02-23,1.34931,1.35351,1.34759,1.34925,0.0
2026-02-24,1.34927,1.35366,1.347,1.3488,0.0
2026-02-25,1.3487,1.35661,1.3487,1.3559,0.0
2026-02-26,1.3558,1.35753,1.34454,1.34821,0.0
2026-02-27,1.34835,1.3508,1.34398,1.34871,0.0
2026-03-02,1.3419,1.34562,1.33146,1.34067,0.0
2026-03-03,1.34075,1.34252,1.32534,1.33581,0.0
2026-03-04,1.3358,1.34028,1.33036,1.3375,0.0
2026-03-05,1.3374,1.33872,1.32977,1.33574,0.0
2026-03-06,1.33565,1.341,1.33115,1.33933,0.0
2026-03-09,1.33401,1.34471,1.3282,1.34393,0.0
2026-03-10,1.3435,1.34834,1.3412,1.34178,0.0
2026-03-11,1.34186,1.3458,1.33936,1.34124,0.0
2026-03-12,1.3412,1.3416,1.33382,1.33433,0.0
2026-03-13,1.3342,1.337,1.32185,1.3224,0.0
2026-03-16,1.32466,1.334,1.3224,1.332,0.0
2026-03-17,1.33199,1.3365,1.3273,1.33565,0.0
2026-03-18,1.33564,1.3376,1.3252,1.3258,0.0
2026-03-19,1.3258,1.3468,1.3246,1.34312,0.0
2026-03-20,1.3432,1.34465,1.32989,1.3342,0.0
2026-03-23,1.33126,1.34793,1.3257,1.34319,0.0
2026-03-24,1.3429,1.34456,1.3352,1.34108,0.0
2026-03-25,1.34105,1.34359,1.3357,1.33654,0.0
2026-03-26,1.3364,1.33779,1.331,1.3331,0.0
2026-03-27,1.3329,1.3348,1.3259,1.32595,0.0
2026-03-30,1.3261,1.32826,1.3174,1.31835,0.0
2026-03-31,1.3185,1.32645,1.3159,1.3227,0.0
2026-04-01,1.3226,1.33465,1.3219,1.3306,0.0
2026-04-02,1.3307,1.33201,1.31819,1.3225,0.0
2026-04-03,1.3226,1.3244,1.3187,1.3204,0.0
2026-04-06,1.31918,1.32688,1.31779,1.3237,0.0
2026-04-07,1.3236,1.3301,1.321,1.3294,0.0
2026-04-08,1.3293,1.3485,1.3286,1.3396,0.0
2026-04-09,1.3394,1.3459,1.3381,1.34356,0.0
2026-04-10,1.3437,1.348,1.34106,1.3462,0.0
2026-04-13,1.339,1.351,1.33813,1.35073,0.0
2026-04-14,1.3506,1.35895,1.3497,1.3566,0.0
2026-04-15,1.3568,1.358,1.3542,1.3563,0.0
2026-04-16,1.35617,1.3595,1.35168,1.3528,0.0
2026-04-17,1.3526,1.35993,1.3504,1.35163,0.0
2026-04-20,1.34862,1.3545,1.3475,1.3536,0.0
2026-04-21,1.3534,1.3542,1.3475,1.3508,0.0
2026-04-22,1.3507,1.3537,1.3492,1.3503,0.0
2026-04-23,1.3504,1.3519,1.3447,1.3465,0.0
2026-04-24,1.3466,1.35387,1.3453,1.3532,0.0
2026-04-27,1.35094,1.3577,1.3505,1.35338,0.0
2026-04-28,1.35346,1.35467,1.3463,1.3518,0.0
2026-04-29,1.3517,1.3529,1.34577,1.3475,0.0
2026-04-30,1.3476,1.36124,1.3454,1.3605,0.0
2026-05-01,1.3604,1.3659,1.35671,1.35755,0.0
2026-05-04,1.35959,1.3606,1.3512,1.35311,0.0
2026-05-05,1.3533,1.3579,1.3513,1.35389,0.0
2026-05-06,1.3542,1.3644,1.3537,1.35933,0.0
2026-05-07,1.35929,1.36325,1.3548,1.3551,0.0
2026-05-08,1.3553,1.36381,1.3546,1.3634,0.0
2026-05-11,1.35555,1.36534,1.3555,1.3611,0.0
2026-05-12,1.36098,1.3618,1.35006,1.3541,0.0
2026-05-13,1.35399,1.3552,1.34847,1.35231,0.0
2026-05-14,1.35229,1.3534,1.3395,1.34021,0.0
2026-05-15,1.3403,1.341,1.3314,1.33234,0.0
2026-05-18,1.33248,1.34498,1.3302,1.3433,0.0
2026-05-19,1.34215,1.3439,1.33785,1.33946,0.0
2026-05-20,1.33948,1.34632,1.33751,1.34336,0.0
2026-05-21,1.34344,1.3456,1.3391,1.343,0.0
2026-05-22,1.3431,1.34631,1.34134,1.34319,0.0
2026-05-25,1.34605,1.3511,1.34307,1.35065,0.0
2026-05-26,1.35013,1.3508,1.3433,1.3447,0.0
2026-05-27,1.3446,1.346,1.34165,1.3428,0.0
2026-05-28,1.34279,1.3451,1.3367,1.3445,0.0
2026-05-29,1.3446,1.3486,1.3408,1.34513,0.0
2026-06-01,1.3455,1.3477,1.34069,1.3454,0.0
2026-06-02,1.3466,1.3482,1.345,1.34659,0.0
2026-06-03,1.34658,1.34731,1.34118,1.34172,0.0
2026-06-04,1.34169,1.3464,1.34109,1.34236,0.0
2026-06-05,1.34238,1.3484,1.333,1.3344,0.0
2026-06-08,1.3332,1.3371,1.3306,1.3339,0.0
2026-06-09,1.33391,1.34108,1.333,1.3379,0.0
2026-06-10,1.33792,1.34234,1.33643,1.33684,0.0
2026-06-11,1.33685,1.34333,1.33246,1.34164,0.0
2026-06-12,1.3417,1.3429,1.3383,1.34059,0.0
2026-06-15,1.34083,1.34612,1.3403,1.3411,0.0
2026-06-16,1.3414,1.34434,1.339,1.34254,0.0
2026-06-17,1.34252,1.34374,1.3262,1.3295,0.0
2026-06-18,1.3293,1.33251,1.3193,1.3205,0.0
2026-06-19,1.32035,1.3243,1.3162,1.32327,0.0
2026-06-22,1.31933,1.32734,1.31838,1.3249,0.0
2026-06-23,1.3249,1.3272,1.3182,1.32034,0.0
2026-06-24,1.32034,1.321,1.31402,1.31675,0.0
2026-06-25,1.3168,1.322,1.3149,1.3192,0.0
2026-06-26,1.31925,1.32319,1.318,1.31974,0.0
2026-06-29,1.31948,1.3263,1.31909,1.32583,0.0
2026-06-30,1.32586,1.3277,1.3212,1.3261,0.0
2026-07-01,1.3261,1.3293,1.32193,1.32752,0.0
2026-07-02,1.32765,1.3385,1.32655,1.33466,0.0
2026-07-03,1.33466,1.33813,1.3334,1.33506,0.0
2026-07-06,1.33503,1.3398,1.3329,1.33911,0.0
2026-07-07,1.33947,1.3402,1.33491,1.3359,0.0
2026-07-08,1.33597,1.34104,1.3322,1.33877,0.0
2026-07-09,1.3388,1.3431,1.33808,1.34083,0.0
2026-07-10,1.3408,1.3453,1.3392,1.34,0.0
2026-07-13,1.3385,1.3412,1.3342,1.33469,0.0
2026-07-14,1.3346,1.34437,1.3342,1.33909,0.0
2026-07-15,1.33904,1.3559,1.3377,1.35397,0.0
2026-07-16,1.354,1.35455,1.3459,1.34797,0.0
2026-07-17,1.34793,1.34833,1.3425,1.34547,0.0
2026-07-20,1.34539,1.3481,1.3413,1.34309,0.0
2026-07-21,1.3431,1.3457,1.3359,1.33757,0.0
2026-07-22,1.3377,1.33953,1.33546,1.3375,0.0
2026-07-23,1.3377,1.3394,1.3298,1.3316,0.0
2026-07-24,1.33095,1.33489,1.33045,1.33225,0.0
2026-07-27,1.3345,1.3365,1.3283,1.3289,0.0
2026-07-28,1.3292,1.3312,1.3272,1.32885,0.0
2026-07-29,1.329,1.3389,1.32786,1.337,0.0
2026-07-30,1.3369,1.3478,1.33328,1.3466,0.0
2026-07-31,1.3467,1.34949,1.34005,1.34816,0.0
2026-08-03,1.3495,1.35063,1.3417,1.3434,0.0
2026-08-04,1.3432,1.3457,1.3419,1.3453,0.0
2026-08-05,1.345,1.34862,1.34435,1.3467,0.0
2026-08-06,1.34681,1.348,1.3448,1.3455,0.0
2026-08-07,1.3453,1.3509,1.3434,1.34918,0.0
2026-08-10,1.34988,1.3531,1.3482,1.3506,0.0
2026-08-11,1.35079,1.3517,1.3492,1.3509,0.0
2026-08-12,1.3508,1.3544,1.3487,1.3495,0.0
2026-08-13,1.3496,1.35131,1.34744,1.3486,0.0
2026-08-14,1.3487,1.3562,1.3482,1.35337,0.0
2026-08-17,1.3543,1.3572,1.3524,1.35435,0.0
2026-08-18,1.35437,1.3555,1.3519,1.35321,0.0
2026-08-19,1.3532,1.3631,1.3523,1.36059,0.0
2026-08-20,1.36059,1.36595,1.3594,1.3632,0.0
2026-08-21,1.36305,1.36757,1.3618,1.36461,0.0
2026-08-24,1.3625,1.36561,1.3621,1.36314,0.0
2026-08-25,1.3631,1.3656,1.3621,1.36482,0.0
2026-08-26,1.36484,1.36563,1.35835,1.35951,0.0
2026-08-27,1.35925,1.3603,1.357,1.35928,0.0
2026-08-28,1.35929,1.36,1.3526,1.35337,0.0
2026-08-31,1.35345,1.35655,1.35299,1.35497,0.0
2026-09-01,1.35495,1.356,1.3506,1.35153,0.0
2026-09-02,1.35144,1.3523,1.3474,1.34858,0.0
2026-09-03,1.34861,1.3549,1.3479,1.3526,0.0
2026-09-04,1.35285,1.355,1.34875,1.35225,0.0
2026-09-07,1.3519,1.3549,1.3505,1.3541,0.0
2026-09-08,1.354,1.3563,1.3521,1.354,0.0
2026-09-09,1.35404,1.3569,1.353,1.35473,0.0
2026-09-10,1.3548,1.3561,1.34915,1.3512,0.0
2026-09-11,1.35065,1.3536,1.3482,1.3528,0.0
2026-09-14,1.3527,1.3533,1.3463,1.3501,0.0
2026-09-15,1.34995,1.3507,1.3463,1.3476,0.0
2026-09-16,1.3475,1.34995,1.33726,1.3381,0.0
2026-09-17,1.3379,1.3407,1.3336,1.3358,0.0
2026-09-18,1.3359,1.3399,1.3335,1.3395,0.0
2026-09-21,1.33905,1.3401,1.3364,1.3367,0.0
2026-09-22,1.33668,1.3388,1.3321,1.33433,0.0
2026-09-23,1.3344,1.33566,1.3223,1.3239,0.0
2026-09-24,1.32403,1.3257,1.3204,1.32198,0.0
2026-09-25,1.3219,1.32636,1.3208,1.3248,0.0
2026-09-28,1.3233,1.3281,1.3223,1.32546,0.0
