date,open,high,low,close,volume
2006-10-09,0.6585,0.6585,0.6539,0.6569,0.0
2006-10-10,0.659,0.6618,0.6575,0.6587,0.0
2006-10-11,0.6587,0.6617,0.6561,0.6593,0.0
2006-10-12,0.6594,0.6617,0.6566,0.6607,0.0
2006-10-13,0.6604,0.6617,0.6555,0.6568,0.0
2006-10-16,0.6571,0.6598,0.6546,0.6594,0.0
2006-10-17,0.6595,0.666,0.6588,0.6638,0.0
2006-10-18,0.6635,0.6643,0.6606,0.6633,0.0
2006-10-19,0.6633,0.6692,0.6622,0.6684,0.0
2006-10-20,0.6684,0.6692,0.6669,0.6684,0.0
2006-10-23,0.6689,0.6689,0.6623,0.6639,0.0
2006-10-24,0.664,0.6641,0.661,0.6631,0.0
2006-10-25,0.6631,0.6632,0.6547,0.6555,0.0
2006-10-26,0.6553,0.6581,0.6532,0.6573,0.0
2006-10-27,0.6573,0.6626,0.6561,0.6621,0.0
2006-10-30,0.662,0.6669,0.6604,0.6653,0.0
2006-10-31,0.6653,0.6714,0.6642,0.6701,0.0
2006-11-01,0.6702,0.6752,0.6686,0.6728,0.0
2006-11-02,0.6728,0.6747,0.6698,0.6741,0.0
2006-11-03,0.6742,0.6747,0.6684,0.6697,0.0
2006-11-06,0.6696,0.6702,0.665,0.6689,0.0
2006-11-07,0.669,0.6728,0.6667,0.6702,0.0
2006-11-08,0.6701,0.6708,0.6653,0.6658,0.0
2006-11-09,0.6657,0.6672,0.6611,0.6647,0.0
2006-11-10,0.6648,0.6667,0.6644,0.6665,0.0
2006-11-13,0.6661,0.6664,0.6586,0.6589,0.0
2006-11-14,0.6589,0.6632,0.6584,0.6623,0.0
2006-11-15,0.6622,0.6636,0.6574,0.6595,0.0
2006-11-16,0.6595,0.666,0.6581,0.6644,0.0
2006-11-17,0.6645,0.6655,0.6614,0.6646,0.0
2006-11-20,0.6647,0.6696,0.6645,0.6696,0.0
2006-11-21,0.6695,0.6714,0.6676,0.67,0.0
2006-11-22,0.6701,0.6722,0.6675,0.671,0.0
2006-11-23,0.671,0.6718,0.6675,0.6683,0.0
2006-11-24,0.6685,0.6738,0.6677,0.6716,0.0
2006-11-27,0.6726,0.6732,0.668,0.6688,0.0
2006-11-28,0.6688,0.6823,0.6685,0.6801,0.0
2006-11-29,0.6802,0.6812,0.6774,0.6786,0.0
2006-11-30,0.6786,0.6859,0.6774,0.6841,0.0
2006-12-01,0.6841,0.6887,0.6824,0.6871,0.0
2006-12-04,0.6878,0.6905,0.6852,0.69,0.0
2006-12-05,0.6902,0.6903,0.6842,0.686,0.0
2006-12-06,0.6859,0.6888,0.6815,0.6859,0.0
2006-12-07,0.686,0.6919,0.6844,0.6877,0.0
2006-12-08,0.6877,0.6939,0.6855,0.6862,0.0
2006-12-11,0.6861,0.6896,0.6841,0.6879,0.0
2006-12-12,0.688,0.6925,0.688,0.6925,0.0
2006-12-13,0.6925,0.6929,0.6889,0.6915,0.0
2006-12-14,0.6915,0.6946,0.6862,0.6883,0.0
2006-12-15,0.6884,0.6922,0.6865,0.6895,0.0
2006-12-18,0.6894,0.6919,0.6882,0.6901,0.0
2006-12-19,0.6902,0.6966,0.6897,0.6961,0.0
2006-12-20,0.696,0.6988,0.694,0.6948,0.0
2006-12-21,0.6946,0.6968,0.6925,0.6966,0.0
2006-12-22,0.6965,0.7015,0.6964,0.7001,0.0
2006-12-26,0.7026,0.7032,0.6993,0.6997,0.0
2006-12-27,0.6997,0.7036,0.6994,0.7022,0.0
2006-12-28,0.7022,0.7061,0.7005,0.7058,0.0
2006-12-29,0.7058,0.7071,0.702,0.7046,0.0
2007-01-02,0.7057,0.7096,0.7054,0.7068,0.0
2007-01-03,0.7069,0.7091,0.7035,0.7063,0.0
2007-01-04,0.7061,0.7078,0.697,0.6982,0.0
2007-01-05,0.6982,0.6987,0.6852,0.6866,0.0
2007-01-08,0.6878,0.6893,0.6841,0.6892,0.0
2007-01-09,0.6892,0.6938,0.6888,0.692,0.0
2007-01-10,0.692,0.6926,0.6859,0.6871,0.0
2007-01-11,0.6872,0.6929,0.6866,0.6904,0.0
2007-01-12,0.6903,0.6927,0.6879,0.6901,0.0
2007-01-15,0.6925,0.697,0.6912,0.6965,0.0
2007-01-16,0.6966,0.6975,0.6899,0.6919,0.0
2007-01-17,0.6918,0.693,0.6887,0.6926,0.0
2007-01-18,0.6926,0.6965,0.6921,0.6952,0.0
2007-01-19,0.6951,0.6962,0.6935,0.6957,0.0
2007-01-22,0.6953,0.7007,0.6942,0.6992,0.0
2007-01-23,0.6991,0.7035,0.6981,0.7013,0.0
2007-01-24,0.7014,0.7017,0.6923,0.7009,0.0
2007-01-25,0.7008,0.7034,0.695,0.6963,0.0
2007-01-26,0.6962,0.6981,0.6922,0.6961,0.0
2007-01-29,0.696,0.6982,0.6934,0.6962,0.0
2007-01-30,0.6963,0.6987,0.6866,0.6878,0.0
2007-01-31,0.6879,0.6912,0.6811,0.6909,0.0
2007-02-01,0.691,0.6911,0.6795,0.682,0.0
2007-02-02,0.682,0.683,0.6767,0.6811,0.0
2007-02-05,0.6842,0.6864,0.6806,0.6841,0.0
2007-02-06,0.6842,0.6847,0.6781,0.6806,0.0
2007-02-07,0.6805,0.6879,0.6779,0.6869,0.0
2007-02-08,0.6868,0.6891,0.6823,0.6846,0.0
2007-02-09,0.6845,0.6863,0.6799,0.6827,0.0
2007-02-12,0.6819,0.6861,0.6819,0.6827,0.0
2007-02-13,0.6828,0.6905,0.6817,0.6902,0.0
2007-02-14,0.6903,0.6956,0.6887,0.694,0.0
2007-02-15,0.6938,0.697,0.6919,0.6937,0.0
2007-02-16,0.6936,0.6983,0.6924,0.6978,0.0
2007-02-19,0.6997,0.7028,0.6989,0.7014,0.0
2007-02-20,0.7014,0.7016,0.6994,0.7015,0.0
2007-02-21,0.7014,0.7064,0.6989,0.7058,0.0
2007-02-22,0.7057,0.7065,0.702,0.7044,0.0
2007-02-23,0.7046,0.7072,0.7027,0.7062,0.0
2007-02-26,0.7075,0.712,0.7063,0.71,0.0
2007-02-27,0.7099,0.7112,0.6974,0.6995,0.0
2007-02-28,0.6996,0.7025,0.6968,0.701,0.0
2007-03-01,0.7015,0.7033,0.6914,0.6928,0.0
2007-03-02,0.6929,0.6943,0.6851,0.6871,0.0
2007-03-05,0.6881,0.6887,0.6738,0.6744,0.0
2007-03-06,0.6742,0.6837,0.6719,0.6828,0.0
2007-03-07,0.6829,0.6859,0.6776,0.6781,0.0
2007-03-08,0.678,0.6875,0.6754,0.6853,0.0
2007-03-09,0.6855,0.6912,0.6841,0.6904,0.0
2007-03-12,0.6933,0.696,0.6889,0.6955,0.0
2007-03-13,0.6957,0.6985,0.6873,0.6874,0.0
2007-03-14,0.6875,0.6942,0.6832,0.6921,0.0
2007-03-15,0.6921,0.6967,0.6908,0.6961,0.0
2007-03-16,0.696,0.7002,0.6926,0.6974,0.0
2007-03-19,0.6961,0.7022,0.6952,0.7018,0.0
2007-03-20,0.7019,0.7064,0.6998,0.7063,0.0
2007-03-21,0.7063,0.711,0.7036,0.7101,0.0
2007-03-22,0.7101,0.715,0.7077,0.7112,0.0
2007-03-23,0.7111,0.7158,0.7095,0.7111,0.0
2007-03-26,0.7114,0.7178,0.7084,0.7166,0.0
2007-03-27,0.7168,0.7203,0.7157,0.7173,0.0
2007-03-28,0.7172,0.7177,0.7082,0.7093,0.0
2007-03-29,0.7093,0.7161,0.7087,0.7138,0.0
2007-03-30,0.7139,0.7187,0.7113,0.7147,0.0
2007-04-02,0.7157,0.7221,0.7128,0.7211,0.0
2007-04-03,0.7211,0.7238,0.7188,0.7193,0.0
2007-04-04,0.7194,0.7225,0.7165,0.721,0.0
2007-04-05,0.7209,0.7252,0.7195,0.7237,0.0
2007-04-06,0.7239,0.724,0.7199,0.7201,0.0
2007-04-09,0.7213,0.7237,0.7186,0.7202,0.0
2007-04-10,0.7204,0.7313,0.7187,0.7301,0.0
2007-04-11,0.7304,0.7307,0.7261,0.7278,0.0
2007-04-12,0.7278,0.7299,0.725,0.7296,0.0
2007-04-13,0.7296,0.738,0.7293,0.7376,0.0
2007-04-16,0.7389,0.741,0.7378,0.7398,0.0
2007-04-17,0.7398,0.7456,0.7374,0.7447,0.0
2007-04-18,0.7444,0.7491,0.738,0.7482,0.0
2007-04-19,0.7481,0.7483,0.7362,0.7438,0.0
2007-04-20,0.7439,0.7481,0.7421,0.7476,0.0
2007-04-23,0.7481,0.7482,0.7428,0.7447,0.0
2007-04-24,0.7447,0.7463,0.7386,0.743,0.0
2007-04-25,0.7428,0.7471,0.7424,0.7445,0.0
2007-04-26,0.7456,0.7484,0.7368,0.7394,0.0
2007-04-27,0.7392,0.7444,0.7348,0.7417,0.0
2007-04-30,0.7387,0.7432,0.7369,0.7405,0.0
2007-05-01,0.7404,0.7445,0.7389,0.7405,0.0
2007-05-02,0.7405,0.7408,0.7362,0.7373,0.0
2007-05-03,0.7374,0.7398,0.7344,0.7358,0.0
2007-05-04,0.7358,0.7379,0.733,0.7365,0.0
2007-05-07,0.7355,0.7396,0.7344,0.737,0.0
2007-05-08,0.7371,0.7401,0.7358,0.7373,0.0
2007-05-09,0.7374,0.7384,0.7331,0.7343,0.0
2007-05-10,0.7342,0.7359,0.7268,0.7271,0.0
2007-05-11,0.7272,0.7345,0.7249,0.7338,0.0
2007-05-14,0.7331,0.7399,0.7327,0.7372,0.0
2007-05-15,0.7373,0.7403,0.7345,0.7388,0.0
2007-05-16,0.7388,0.7394,0.7318,0.7329,0.0
2007-05-17,0.7329,0.7343,0.728,0.7305,0.0
2007-05-18,0.7305,0.7316,0.7264,0.7303,0.0
2007-05-21,0.7307,0.7316,0.7275,0.7301,0.0
2007-05-22,0.7302,0.7305,0.7258,0.7266,0.0
2007-05-23,0.7265,0.7314,0.7244,0.7296,0.0
2007-05-24,0.7295,0.7299,0.7237,0.7245,0.0
2007-05-25,0.7247,0.728,0.7238,0.7259,0.0
2007-05-28,0.7257,0.7272,0.7253,0.7272,0.0
2007-05-29,0.7272,0.7299,0.7247,0.7271,0.0
2007-05-30,0.7272,0.7309,0.726,0.7298,0.0
2007-05-31,0.7298,0.7373,0.7284,0.7366,0.0
2007-06-01,0.7366,0.7452,0.7359,0.7448,0.0
2007-06-04,0.7455,0.7476,0.7437,0.7473,0.0
2007-06-05,0.7472,0.7544,0.7463,0.7494,0.0
2007-06-06,0.7493,0.7552,0.7485,0.7513,0.0
2007-06-07,0.7514,0.7573,0.7499,0.7504,0.0
2007-06-08,0.7506,0.7637,0.7471,0.7634,0.0
2007-06-11,0.762,0.7632,0.7465,0.7521,0.0
2007-06-12,0.7521,0.754,0.7484,0.7486,0.0
2007-06-13,0.7487,0.7516,0.7452,0.7516,0.0
2007-06-14,0.7517,0.7526,0.747,0.75,0.0
2007-06-15,0.75,0.755,0.7494,0.7548,0.0
2007-06-18,0.7502,0.7571,0.75,0.7538,0.0
2007-06-19,0.7538,0.7591,0.7532,0.7581,0.0
2007-06-20,0.7581,0.7632,0.7573,0.7597,0.0
2007-06-21,0.7596,0.7658,0.7581,0.7634,0.0
2007-06-22,0.7636,0.7681,0.76,0.7639,0.0
2007-06-25,0.7634,0.7686,0.7628,0.7653,0.0
2007-06-26,0.7652,0.769,0.7638,0.7659,0.0
2007-06-27,0.7661,0.7669,0.7571,0.7609,0.0
2007-06-28,0.7607,0.7709,0.7603,0.7695,0.0
2007-06-29,0.7696,0.7739,0.7678,0.7725,0.0
2007-07-02,0.77224,0.78347,0.77224,0.78162,0.0
2007-07-03,0.78182,0.78395,0.77907,0.78071,0.0
2007-07-04,0.78063,0.78309,0.78061,0.78162,0.0
2007-07-05,0.78162,0.7879,0.78082,0.78139,0.0
2007-07-06,0.78139,0.78654,0.77974,0.78207,0.0
2007-07-09,0.78167,0.78306,0.77761,0.78076,0.0
2007-07-10,0.78069,0.78099,0.77378,0.77795,0.0
2007-07-11,0.77805,0.78279,0.77135,0.78212,0.0
2007-07-12,0.78222,0.78414,0.77899,0.78391,0.0
2007-07-13,0.78381,0.7876,0.78133,0.78711,0.0
2007-07-16,0.7861,0.79315,0.7851,0.79309,0.0
2007-07-17,0.79315,0.79395,0.78867,0.78977,0.0
2007-07-18,0.7898,0.79438,0.78817,0.79311,0.0
2007-07-19,0.79311,0.7937,0.79053,0.79259,0.0
2007-07-20,0.79259,0.79903,0.79259,0.79724,0.0
2007-07-23,0.79803,0.80616,0.79565,0.80539,0.0
2007-07-24,0.80549,0.81078,0.80318,0.80579,0.0
2007-07-25,0.80581,0.80797,0.79972,0.80342,0.0
2007-07-26,0.80322,0.80542,0.78132,0.78202,0.0
2007-07-27,0.78212,0.78729,0.76282,0.76498,0.0
2007-07-30,0.76153,0.76939,0.75528,0.76773,0.0
2007-07-31,0.76782,0.77309,0.76097,0.76215,0.0
2007-08-01,0.76215,0.76656,0.75302,0.76619,0.0
2007-08-02,0.7663,0.77146,0.76028,0.76895,0.0
2007-08-03,0.76885,0.77012,0.76006,0.76006,0.0
2007-08-06,0.75881,0.76557,0.75542,0.76543,0.0
2007-08-07,0.76543,0.76623,0.75535,0.76104,0.0
2007-08-08,0.76121,0.76931,0.75901,0.76805,0.0
2007-08-09,0.76809,0.77013,0.7505,0.75189,0.0
2007-08-10,0.75194,0.75194,0.73992,0.745,0.0
2007-08-13,0.74705,0.74765,0.73597,0.73914,0.0
2007-08-14,0.73914,0.73944,0.72616,0.72618,0.0
2007-08-15,0.72616,0.72656,0.70979,0.70988,0.0
2007-08-16,0.7099,0.7101,0.67099,0.6881,0.0
2007-08-17,0.688,0.70107,0.66394,0.69604,0.0
2007-08-20,0.69595,0.70262,0.68254,0.69856,0.0
2007-08-21,0.69856,0.70217,0.69187,0.69629,0.0
2007-08-22,0.69629,0.70212,0.68861,0.70053,0.0
2007-08-23,0.70053,0.71811,0.70053,0.71483,0.0
2007-08-24,0.71483,0.72171,0.70852,0.72133,0.0
2007-08-27,0.72448,0.72722,0.71591,0.71591,0.0
2007-08-28,0.71591,0.71616,0.69693,0.69745,0.0
2007-08-29,0.6975,0.70947,0.68685,0.70853,0.0
2007-08-30,0.70853,0.71058,0.69812,0.70212,0.0
2007-08-31,0.70212,0.71004,0.69876,0.70149,0.0
2007-09-03,0.69969,0.70627,0.69934,0.70404,0.0
2007-09-04,0.70404,0.70476,0.69373,0.69664,0.0
2007-09-05,0.69664,0.69722,0.6849,0.68644,0.0
2007-09-06,0.68644,0.69351,0.68336,0.69251,0.0
2007-09-07,0.69251,0.69386,0.68589,0.6909,0.0
2007-09-10,0.68855,0.69867,0.68235,0.69661,0.0
2007-09-11,0.69661,0.70695,0.69206,0.70647,0.0
2007-09-12,0.70647,0.71588,0.70441,0.71122,0.0
2007-09-13,0.71105,0.71847,0.70707,0.71174,0.0
2007-09-14,0.71174,0.71572,0.70643,0.7129,0.0
2007-09-17,0.71503,0.71509,0.70272,0.70662,0.0
2007-09-18,0.70662,0.72732,0.70046,0.72645,0.0
2007-09-19,0.72645,0.73662,0.72266,0.73527,0.0
2007-09-20,0.73527,0.74505,0.73245,0.73724,0.0
2007-09-21,0.73724,0.74667,0.73669,0.74437,0.0
2007-09-24,0.74305,0.74857,0.74203,0.74657,0.0
2007-09-25,0.74657,0.74735,0.73039,0.74288,0.0
2007-09-26,0.74288,0.7463,0.74018,0.74485,0.0
2007-09-27,0.74485,0.75217,0.74372,0.74999,0.0
2007-09-28,0.74996,0.75865,0.74976,0.7575,0.0
2007-10-01,0.76008,0.76677,0.7583,0.76655,0.0
2007-10-02,0.76655,0.76672,0.75535,0.75737,0.0
2007-10-03,0.75737,0.76351,0.75174,0.75467,0.0
2007-10-04,0.75467,0.75594,0.75013,0.75474,0.0
2007-10-05,0.75474,0.76314,0.75265,0.76076,0.0
2007-10-08,0.76374,0.76721,0.76034,0.76149,0.0
2007-10-09,0.76149,0.76525,0.75841,0.76501,0.0
2007-10-10,0.76501,0.76617,0.74599,0.74599,0.0
2007-10-11,0.76324,0.77448,0.76106,0.76912,0.0
2007-10-12,0.76912,0.77663,0.76736,0.77649,0.0
2007-10-15,0.77638,0.77848,0.75904,0.76142,0.0
2007-10-16,0.76142,0.76474,0.73937,0.74599,0.0
2007-10-17,0.74599,0.75547,0.74087,0.75207,0.0
2007-10-18,0.75207,0.75559,0.74597,0.75405,0.0
2007-10-19,0.75405,0.7555,0.74299,0.74726,0.0
2007-10-22,0.74571,0.75002,0.7365,0.74642,0.0
2007-10-23,0.74642,0.75851,0.74598,0.75687,0.0
2007-10-24,0.75687,0.7601,0.74672,0.75463,0.0
2007-10-25,0.75463,0.76225,0.75222,0.7617,0.0
2007-10-26,0.7617,0.7674,0.76058,0.76597,0.0
2007-10-29,0.7672,0.77382,0.76656,0.7684,0.0
2007-10-30,0.7684,0.77112,0.7634,0.7644,0.0
2007-10-31,0.7644,0.77361,0.76225,0.77304,0.0
2007-11-01,0.77295,0.77366,0.75684,0.75792,0.0
2007-11-02,0.75792,0.76663,0.75733,0.76511,0.0
2007-11-05,0.76519,0.7707,0.76178,0.76968,0.0
2007-11-06,0.76955,0.78053,0.76952,0.77975,0.0
2007-11-07,0.77998,0.78911,0.77444,0.77457,0.0
2007-11-08,0.77472,0.78087,0.76627,0.77575,0.0
2007-11-09,0.77532,0.78205,0.76232,0.76358,0.0
2007-11-12,0.76005,0.76218,0.74351,0.74362,0.0
2007-11-13,0.74406,0.76157,0.74378,0.75972,0.0
2007-11-14,0.75928,0.76752,0.75834,0.76261,0.0
2007-11-15,0.76265,0.76616,0.75313,0.75317,0.0
2007-11-16,0.75374,0.76195,0.75215,0.75731,0.0
2007-11-19,0.75903,0.76168,0.75265,0.7536,0.0
2007-11-20,0.75344,0.76644,0.74898,0.76516,0.0
2007-11-21,0.76512,0.76666,0.74557,0.7517,0.0
2007-11-22,0.7519,0.75796,0.7485,0.75085,0.0
2007-11-23,0.75136,0.75939,0.75042,0.75867,0.0
2007-11-26,0.76088,0.76305,0.74867,0.75052,0.0
2007-11-27,0.7506,0.76127,0.74898,0.75862,0.0
2007-11-28,0.75877,0.77596,0.75641,0.77466,0.0
2007-11-29,0.77472,0.77504,0.76744,0.77081,0.0
2007-11-30,0.77142,0.77522,0.75961,0.76389,0.0
2007-12-03,0.76268,0.7683,0.76077,0.76356,0.0
2007-12-04,0.76346,0.76534,0.75956,0.76284,0.0
2007-12-05,0.76274,0.7712,0.75759,0.76943,0.0
2007-12-06,0.76974,0.77803,0.76812,0.77732,0.0
2007-12-07,0.7776,0.78142,0.77442,0.77673,0.0
2007-12-10,0.77345,0.78166,0.77177,0.781,0.0
2007-12-11,0.78117,0.78551,0.7713,0.77285,0.0
2007-12-12,0.77285,0.79369,0.77251,0.78575,0.0
2007-12-13,0.78571,0.78759,0.7777,0.78007,0.0
2007-12-14,0.78048,0.78534,0.76425,0.76469,0.0
2007-12-17,0.76708,0.76936,0.75222,0.75478,0.0
2007-12-18,0.75452,0.75861,0.75067,0.75526,0.0
2007-12-19,0.75509,0.75874,0.75292,0.75557,0.0
2007-12-20,0.75556,0.76048,0.75336,0.75941,0.0
2007-12-21,0.75948,0.76768,0.75948,0.76313,0.0
2007-12-24,0.76353,0.7673,0.76217,0.7665,0.0
2007-12-26,0.7654,0.76947,0.76514,0.76673,0.0
2007-12-27,0.7663,0.77167,0.76601,0.77065,0.0
2007-12-28,0.77062,0.77534,0.76865,0.77414,0.0
2007-12-31,0.7734,0.77913,0.76495,0.76557,0.0
2008-01-02,0.76816,0.77567,0.76743,0.77505,0.0
2008-01-03,0.7747,0.77875,0.76922,0.7703,0.0
2008-01-04,0.77033,0.77495,0.76474,0.76586,0.0
2008-01-07,0.76605,0.77016,0.76094,0.76861,0.0
2008-01-08,0.76819,0.77308,0.76715,0.76847,0.0
2008-01-09,0.76881,0.77419,0.76708,0.7727,0.0
2008-01-10,0.77245,0.78686,0.77206,0.78481,0.0
2008-01-11,0.78575,0.78788,0.78091,0.78224,0.0
2008-01-14,0.77945,0.79129,0.77945,0.79051,0.0
2008-01-15,0.7905,0.79325,0.77624,0.77688,0.0
2008-01-16,0.77514,0.7807,0.76414,0.77154,0.0
2008-01-17,0.77148,0.77621,0.76373,0.76599,0.0
2008-01-18,0.76554,0.76867,0.75595,0.75982,0.0
2008-01-21,0.75904,0.76157,0.7434,0.74543,0.0
2008-01-22,0.7456,0.76725,0.73827,0.7636,0.0
2008-01-23,0.76355,0.76889,0.75452,0.76615,0.0
2008-01-24,0.7663,0.77432,0.76153,0.77368,0.0
2008-01-25,0.77388,0.77488,0.7663,0.76773,0.0
2008-01-28,0.76732,0.77742,0.76653,0.77724,0.0
2008-01-29,0.77744,0.77958,0.77515,0.77815,0.0
2008-01-30,0.77785,0.79134,0.77588,0.78435,0.0
2008-01-31,0.78405,0.7897,0.77506,0.78744,0.0
2008-02-01,0.78732,0.79589,0.78581,0.79471,0.0
2008-02-04,0.79226,0.79661,0.78983,0.7934,0.0
2008-02-05,0.7932,0.79452,0.77807,0.78116,0.0
2008-02-06,0.78107,0.78902,0.77888,0.78757,0.0
2008-02-07,0.78745,0.79274,0.7824,0.78865,0.0
2008-02-08,0.78667,0.79121,0.78385,0.78835,0.0
2008-02-11,0.78695,0.79132,0.78613,0.78877,0.0
2008-02-12,0.78885,0.79555,0.78634,0.79043,0.0
2008-02-13,0.79043,0.79077,0.78136,0.78351,0.0
2008-02-14,0.78351,0.79172,0.78321,0.78754,0.0
2008-02-15,0.7875,0.79148,0.78414,0.79008,0.0
2008-02-18,0.78984,0.79542,0.7893,0.79496,0.0
2008-02-19,0.79491,0.80212,0.79491,0.79691,0.0
2008-02-20,0.79691,0.79894,0.79021,0.79758,0.0
2008-02-21,0.79754,0.80168,0.79695,0.80014,0.0
2008-02-22,0.79974,0.80996,0.79861,0.80837,0.0
2008-02-25,0.80759,0.81184,0.80571,0.81138,0.0
2008-02-26,0.81157,0.81734,0.80653,0.81691,0.0
2008-02-27,0.81702,0.82136,0.81247,0.81598,0.0
2008-02-28,0.81595,0.81822,0.81042,0.81527,0.0
2008-02-29,0.81457,0.81689,0.79727,0.79853,0.0
2008-03-03,0.79975,0.80814,0.7922,0.80631,0.0
2008-03-04,0.80656,0.80773,0.79557,0.80078,0.0
2008-03-05,0.80035,0.80332,0.79205,0.8019,0.0
2008-03-06,0.80265,0.805,0.79507,0.79655,0.0
2008-03-07,0.79615,0.80115,0.79056,0.79355,0.0
2008-03-10,0.79325,0.80594,0.78745,0.80594,0.0
2008-03-11,0.789,0.8042,0.78735,0.80351,0.0
2008-03-12,0.80346,0.80847,0.79956,0.80594,0.0
2008-03-13,0.80604,0.8183,0.80107,0.81815,0.0
2008-03-14,0.81807,0.8215,0.81124,0.81212,0.0
2008-03-17,0.81273,0.82004,0.79195,0.8011,0.0
2008-03-18,0.8003,0.81144,0.79762,0.80652,0.0
2008-03-19,0.80642,0.81728,0.79695,0.79967,0.0
2008-03-20,0.79965,0.80435,0.78653,0.79109,0.0
2008-03-21,0.79168,0.79565,0.78948,0.7917,0.0
2008-03-24,0.7909,0.7994,0.78822,0.7975,0.0
2008-03-25,0.7971,0.80802,0.79697,0.8067,0.0
2008-03-26,0.80652,0.81006,0.79852,0.80433,0.0
2008-03-27,0.80463,0.80629,0.7998,0.80312,0.0
2008-03-28,0.803,0.80658,0.79384,0.79704,0.0
2008-03-31,0.79459,0.79581,0.78442,0.78581,0.0
2008-04-01,0.7859,0.78774,0.7781,0.78666,0.0
2008-04-02,0.78639,0.79258,0.78402,0.78963,0.0
2008-04-03,0.78957,0.79089,0.78084,0.78515,0.0
2008-04-04,0.7852,0.78962,0.78132,0.78915,0.0
2008-04-07,0.7892,0.79874,0.78657,0.7957,0.0
2008-04-08,0.7953,0.79962,0.79175,0.79934,0.0
2008-04-09,0.79944,0.80039,0.79295,0.79707,0.0
2008-04-10,0.79705,0.80237,0.796,0.79855,0.0
2008-04-11,0.79893,0.8009,0.7924,0.79305,0.0
2008-04-14,0.79005,0.79215,0.78517,0.79159,0.0
2008-04-15,0.79172,0.79452,0.78262,0.78593,0.0
2008-04-16,0.78623,0.79212,0.7831,0.79202,0.0
2008-04-17,0.792,0.79325,0.78511,0.79065,0.0
2008-04-18,0.79046,0.79387,0.78503,0.7898,0.0
2008-04-21,0.7892,0.79708,0.78912,0.7935,0.0
2008-04-22,0.79345,0.79862,0.7902,0.79727,0.0
2008-04-23,0.79731,0.80329,0.79544,0.79787,0.0
2008-04-24,0.79692,0.79709,0.78615,0.7881,0.0
2008-04-25,0.78809,0.7884,0.77814,0.78175,0.0
2008-04-28,0.78245,0.78792,0.78205,0.78576,0.0
2008-04-29,0.78541,0.78561,0.77255,0.77554,0.0
2008-04-30,0.7758,0.78524,0.77257,0.78202,0.0
2008-05-01,0.7818,0.78377,0.77382,0.77739,0.0
2008-05-02,0.77775,0.78422,0.77543,0.77968,0.0
2008-05-05,0.78153,0.78635,0.77886,0.78548,0.0
2008-05-06,0.7852,0.79352,0.78414,0.79136,0.0
2008-05-07,0.7907,0.79153,0.78102,0.78127,0.0
2008-05-08,0.78132,0.78234,0.76895,0.77129,0.0
2008-05-09,0.77137,0.77472,0.76478,0.7693,0.0
2008-05-12,0.7664,0.77265,0.76284,0.7714,0.0
2008-05-13,0.77087,0.77165,0.76344,0.76405,0.0
2008-05-14,0.76443,0.76474,0.75908,0.76058,0.0
2008-05-15,0.76063,0.76404,0.75362,0.76376,0.0
2008-05-16,0.7637,0.77437,0.76183,0.77357,0.0
2008-05-19,0.7747,0.77725,0.77046,0.77184,0.0
2008-05-20,0.77169,0.77722,0.77126,0.77384,0.0
2008-05-21,0.77394,0.78075,0.77252,0.77671,0.0
2008-05-22,0.77687,0.78943,0.77592,0.78232,0.0
2008-05-23,0.78275,0.79027,0.78225,0.78463,0.0
2008-05-26,0.78553,0.78789,0.78265,0.78678,0.0
2008-05-27,0.78673,0.79214,0.78545,0.78931,0.0
2008-05-28,0.78918,0.79013,0.78298,0.78565,0.0
2008-05-29,0.78555,0.78655,0.77673,0.77915,0.0
2008-05-30,0.77936,0.78458,0.77848,0.78283,0.0
2008-06-02,0.78281,0.78658,0.782,0.78466,0.0
2008-06-03,0.78476,0.78908,0.78007,0.78123,0.0
2008-06-04,0.78118,0.78387,0.77851,0.77931,0.0
2008-06-05,0.77931,0.77931,0.76142,0.76783,0.0
2008-06-06,0.76788,0.76964,0.76454,0.76703,0.0
2008-06-09,0.76813,0.77025,0.75721,0.75873,0.0
2008-06-10,0.75867,0.76014,0.75011,0.75263,0.0
2008-06-11,0.75273,0.75784,0.75173,0.75516,0.0
2008-06-12,0.75515,0.75654,0.74796,0.74947,0.0
2008-06-13,0.74951,0.75206,0.74452,0.74933,0.0
2008-06-16,0.75051,0.75411,0.7483,0.75322,0.0
2008-06-17,0.75317,0.75713,0.75109,0.75513,0.0
2008-06-18,0.75523,0.75963,0.75356,0.75887,0.0
2008-06-19,0.75882,0.76317,0.75659,0.76252,0.0
2008-06-20,0.76242,0.76457,0.76007,0.761,0.0
2008-06-23,0.76093,0.76362,0.75571,0.75761,0.0
2008-06-24,0.75773,0.7596,0.75511,0.75783,0.0
2008-06-25,0.75791,0.76011,0.75442,0.7599,0.0
2008-06-26,0.75647,0.75863,0.7541,0.75454,0.0
2008-06-27,0.75457,0.76323,0.75307,0.76068,0.0
2008-06-30,0.76068,0.7662,0.75892,0.76203,0.0
2008-07-01,0.76198,0.76264,0.75551,0.75746,0.0
2008-07-02,0.75768,0.76142,0.75627,0.75972,0.0
2008-07-03,0.7598,0.76069,0.75495,0.75638,0.0
2008-07-04,0.75649,0.76023,0.75413,0.75903,0.0
2008-07-07,0.75845,0.76001,0.75021,0.75453,0.0
2008-07-08,0.75423,0.75423,0.74832,0.75352,0.0
2008-07-09,0.75353,0.76182,0.75138,0.75788,0.0
2008-07-10,0.75778,0.76177,0.7539,0.76116,0.0
2008-07-11,0.75855,0.76467,0.75692,0.76116,0.0
2008-07-14,0.76133,0.76474,0.75723,0.76406,0.0
2008-07-15,0.76433,0.77606,0.76198,0.77238,0.0
2008-07-16,0.77194,0.77355,0.76818,0.77163,0.0
2008-07-17,0.77166,0.77272,0.75872,0.76306,0.0
2008-07-18,0.76318,0.76597,0.76083,0.76086,0.0
2008-07-21,0.76141,0.76326,0.75855,0.76154,0.0
2008-07-22,0.76129,0.76319,0.75708,0.75929,0.0
2008-07-23,0.75919,0.75984,0.74907,0.74957,0.0
2008-07-24,0.74927,0.75092,0.73872,0.7428,0.0
2008-07-25,0.74313,0.74673,0.74041,0.74171,0.0
2008-07-28,0.74201,0.74522,0.74067,0.74441,0.0
2008-07-29,0.74449,0.74654,0.73465,0.74001,0.0
2008-07-30,0.73998,0.74004,0.73142,0.73393,0.0
2008-07-31,0.73383,0.73632,0.73102,0.73423,0.0
2008-08-01,0.73359,0.73364,0.72455,0.72706,0.0
2008-08-04,0.72843,0.73322,0.72678,0.7294,0.0
2008-08-05,0.72924,0.72953,0.72199,0.72653,0.0
2008-08-06,0.72673,0.72697,0.71639,0.71749,0.0
2008-08-07,0.71773,0.72154,0.71307,0.71424,0.0
2008-08-08,0.71398,0.715,0.6982,0.70398,0.0
2008-08-11,0.70066,0.7082,0.69743,0.6991,0.0
2008-08-12,0.69916,0.70106,0.69254,0.69569,0.0
2008-08-13,0.69569,0.70564,0.68235,0.70299,0.0
2008-08-14,0.70304,0.70568,0.69701,0.69979,0.0
2008-08-15,0.69987,0.70769,0.69447,0.70589,0.0
2008-08-18,0.70588,0.71594,0.70303,0.70969,0.0
2008-08-19,0.71012,0.71526,0.70383,0.71286,0.0
2008-08-20,0.71268,0.71601,0.70828,0.71297,0.0
2008-08-21,0.7127,0.7211,0.71012,0.72069,0.0
2008-08-22,0.72115,0.72154,0.70797,0.70853,0.0
2008-08-25,0.70913,0.70944,0.7035,0.70355,0.0
2008-08-26,0.70358,0.70497,0.68972,0.69728,0.0
2008-08-27,0.6972,0.70449,0.69413,0.7016,0.0
2008-08-28,0.70149,0.70674,0.70033,0.70174,0.0
2008-08-29,0.70177,0.70661,0.69788,0.70047,0.0
2008-09-01,0.69989,0.70026,0.69395,0.696,0.0
2008-09-02,0.6961,0.69621,0.68017,0.68634,0.0
2008-09-03,0.6867,0.68959,0.67329,0.68499,0.0
2008-09-04,0.68503,0.68801,0.67127,0.6724,0.0
2008-09-05,0.67283,0.67283,0.65886,0.66841,0.0
2008-09-08,0.67643,0.68406,0.66453,0.67135,0.0
2008-09-09,0.67128,0.67889,0.66053,0.66782,0.0
2008-09-10,0.6679,0.67198,0.66114,0.66378,0.0
2008-09-11,0.65939,0.65978,0.6436,0.65573,0.0
2008-09-12,0.65619,0.66896,0.64914,0.66783,0.0
2008-09-15,0.66799,0.67168,0.65298,0.65915,0.0
2008-09-16,0.65931,0.66313,0.64851,0.66026,0.0
2008-09-17,0.66037,0.66824,0.65246,0.66079,0.0
2008-09-18,0.66063,0.67878,0.65587,0.67649,0.0
2008-09-19,0.67659,0.68956,0.66935,0.68806,0.0
2008-09-22,0.69016,0.69517,0.68151,0.68839,0.0
2008-09-23,0.68816,0.69206,0.67753,0.68107,0.0
2008-09-24,0.68097,0.68854,0.67861,0.68285,0.0
2008-09-25,0.68301,0.69033,0.67945,0.68184,0.0
2008-09-26,0.68172,0.68991,0.67934,0.68581,0.0
2008-09-29,0.68421,0.68871,0.67023,0.67189,0.0
2008-09-30,0.67139,0.67945,0.66384,0.66954,0.0
2008-10-01,0.67001,0.67872,0.66604,0.67035,0.0
2008-10-02,0.67051,0.67396,0.65521,0.6565,0.0
2008-10-03,0.65661,0.6679,0.65517,0.66146,0.0
2008-10-06,0.65919,0.66054,0.61694,0.63621,0.0
2008-10-07,0.63494,0.64218,0.6189,0.62354,0.0
2008-10-08,0.62396,0.6301,0.58103,0.60041,0.0
2008-10-09,0.60111,0.6259,0.59003,0.60712,0.0
2008-10-10,0.60718,0.60718,0.58831,0.59353,0.0
2008-10-13,0.60475,0.61984,0.59036,0.61794,0.0
2008-10-14,0.61769,0.63454,0.61336,0.61778,0.0
2008-10-15,0.61748,0.62745,0.59656,0.59908,0.0
2008-10-16,0.59913,0.61959,0.59113,0.61664,0.0
2008-10-17,0.61738,0.62159,0.60703,0.61233,0.0
2008-10-20,0.61519,0.62581,0.60545,0.62304,0.0
2008-10-21,0.62306,0.62408,0.60486,0.60496,0.0
2008-10-22,0.6052,0.61155,0.58088,0.59128,0.0
2008-10-23,0.59148,0.60147,0.57946,0.59446,0.0
2008-10-24,0.59448,0.59884,0.54896,0.55492,0.0
2008-10-27,0.5573,0.55977,0.53496,0.54103,0.0
2008-10-28,0.54088,0.5681,0.54018,0.56371,0.0
2008-10-29,0.56381,0.59375,0.56371,0.58494,0.0
2008-10-30,0.5849,0.60294,0.57947,0.59132,0.0
2008-10-31,0.59122,0.59162,0.57451,0.58125,0.0
2008-11-03,0.5842,0.59711,0.58114,0.59108,0.0
2008-11-04,0.59095,0.61278,0.58442,0.60548,0.0
2008-11-05,0.60451,0.61047,0.59479,0.59509,0.0
2008-11-06,0.59514,0.60353,0.58529,0.5859,0.0
2008-11-07,0.58634,0.5934,0.57869,0.59055,0.0
2008-11-10,0.59685,0.60441,0.57753,0.57979,0.0
2008-11-11,0.5796,0.58878,0.56849,0.572,0.0
2008-11-12,0.5719,0.58065,0.55504,0.56102,0.0
2008-11-13,0.56112,0.57555,0.55075,0.57132,0.0
2008-11-14,0.57132,0.57505,0.55207,0.55307,0.0
2008-11-17,0.54657,0.56203,0.54622,0.55011,0.0
2008-11-18,0.55011,0.55508,0.54577,0.55251,0.0
2008-11-19,0.55246,0.55638,0.54085,0.54119,0.0
2008-11-20,0.54125,0.54332,0.51878,0.52158,0.0
2008-11-21,0.52151,0.53805,0.51955,0.53463,0.0
2008-11-24,0.53841,0.54893,0.5284,0.54893,0.0
2008-11-25,0.54908,0.55863,0.53456,0.54766,0.0
2008-11-26,0.54761,0.55421,0.54413,0.55222,0.0
2008-11-27,0.55195,0.55453,0.54646,0.55068,0.0
2008-11-28,0.55078,0.55426,0.5451,0.54843,0.0
2008-12-01,0.54621,0.54633,0.5268,0.52983,0.0
2008-12-02,0.52983,0.53546,0.52481,0.53158,0.0
2008-12-03,0.53139,0.53417,0.52492,0.53264,0.0
2008-12-04,0.53221,0.53897,0.52811,0.53246,0.0
2008-12-05,0.53231,0.5362,0.52017,0.53302,0.0
2008-12-08,0.53657,0.54876,0.53196,0.54706,0.0
2008-12-09,0.54696,0.54727,0.53606,0.54179,0.0
2008-12-10,0.54112,0.54995,0.53918,0.54362,0.0
2008-12-11,0.54264,0.55715,0.54264,0.55147,0.0
2008-12-12,0.55137,0.55464,0.54176,0.54698,0.0
2008-12-15,0.54694,0.55643,0.54221,0.55405,0.0
2008-12-16,0.55394,0.5796,0.55247,0.57845,0.0
2008-12-17,0.57812,0.59512,0.57634,0.59225,0.0
2008-12-18,0.59237,0.60801,0.57781,0.58316,0.0
2008-12-19,0.58276,0.58734,0.57073,0.57393,0.0
2008-12-22,0.57503,0.58147,0.57104,0.57122,0.0
2008-12-23,0.57283,0.5805,0.56566,0.56681,0.0
2008-12-24,0.56671,0.57764,0.56587,0.57358,0.0
2008-12-25,0.57358,0.57358,0.57358,0.57358,0.0
2008-12-26,0.57662,0.57868,0.57248,0.57323,0.0
2008-12-29,0.57868,0.58547,0.57258,0.57508,0.0
2008-12-30,0.57541,0.58261,0.57435,0.57763,0.0
2008-12-31,0.57778,0.58869,0.57328,0.58752,0.0
2009-01-02,0.57764,0.58661,0.57515,0.58549,0.0
2009-01-05,0.58799,0.59163,0.58018,0.59037,0.0
2009-01-06,0.59029,0.59908,0.58099,0.59833,0.0
2009-01-07,0.5985,0.60335,0.58947,0.59124,0.0
2009-01-08,0.59109,0.59665,0.58111,0.59588,0.0
2009-01-09,0.59598,0.59598,0.58865,0.59016,0.0
2009-01-12,0.5887,0.58915,0.57353,0.57534,0.0
2009-01-13,0.57363,0.57402,0.54579,0.553,0.0
2009-01-14,0.55279,0.55936,0.53863,0.54228,0.0
2009-01-15,0.54162,0.54535,0.52772,0.53716,0.0
2009-01-16,0.53714,0.5525,0.53714,0.54622,0.0
2009-01-19,0.54987,0.55434,0.53591,0.53601,0.0
2009-01-20,0.53611,0.53788,0.51821,0.5217,0.0
2009-01-21,0.52148,0.53628,0.51658,0.53121,0.0
2009-01-22,0.53113,0.53458,0.52241,0.52616,0.0
2009-01-23,0.52618,0.53221,0.51716,0.52712,0.0
2009-01-26,0.52851,0.53402,0.52159,0.52637,0.0
2009-01-27,0.52632,0.53392,0.52484,0.52822,0.0
2009-01-28,0.52929,0.53717,0.51853,0.52401,0.0
2009-01-29,0.52391,0.52551,0.51214,0.51374,0.0
2009-01-30,0.51374,0.51419,0.50465,0.50877,0.0
2009-02-02,0.50787,0.50865,0.49589,0.50346,0.0
2009-02-03,0.50365,0.5151,0.50113,0.51363,0.0
2009-02-04,0.5135,0.51514,0.50207,0.50747,0.0
2009-02-05,0.50698,0.52095,0.50485,0.51672,0.0
2009-02-06,0.51667,0.53638,0.51103,0.53148,0.0
2009-02-09,0.53052,0.5445,0.52406,0.53797,0.0
2009-02-10,0.53802,0.53917,0.51772,0.52298,0.0
2009-02-11,0.52283,0.52853,0.521,0.52548,0.0
2009-02-12,0.52551,0.53162,0.51357,0.51932,0.0
2009-02-13,0.51952,0.52955,0.51952,0.52235,0.0
2009-02-16,0.52053,0.52269,0.51606,0.51718,0.0
2009-02-17,0.51718,0.52076,0.50624,0.50727,0.0
2009-02-18,0.50727,0.51342,0.50605,0.50867,0.0
2009-02-19,0.50867,0.51881,0.50822,0.50822,0.0
2009-02-20,0.50857,0.51553,0.50094,0.51136,0.0
2009-02-23,0.50966,0.5183,0.50652,0.50719,0.0
2009-02-24,0.50705,0.51642,0.50475,0.51352,0.0
2009-02-25,0.51367,0.51937,0.50835,0.50914,0.0
2009-02-26,0.50914,0.51272,0.50795,0.50816,0.0
2009-02-27,0.50768,0.50829,0.49812,0.50043,0.0
2009-03-02,0.4991,0.49945,0.49061,0.49231,0.0
2009-03-03,0.49222,0.50165,0.49156,0.4941,0.0
2009-03-04,0.4942,0.50776,0.48916,0.50511,0.0
2009-03-05,0.50521,0.50565,0.49662,0.49837,0.0
2009-03-06,0.49825,0.50922,0.49717,0.50197,0.0
2009-03-09,0.50323,0.50596,0.49198,0.49251,0.0
2009-03-10,0.49266,0.5051,0.49132,0.50286,0.0
2009-03-11,0.50286,0.51331,0.49756,0.51321,0.0
2009-03-12,0.51321,0.5234,0.50701,0.52043,0.0
2009-03-13,0.52025,0.52676,0.51774,0.5246,0.0
2009-03-16,0.52213,0.53442,0.52038,0.52955,0.0
2009-03-17,0.52997,0.53253,0.52747,0.53038,0.0
2009-03-18,0.52998,0.54669,0.52598,0.54425,0.0
2009-03-19,0.5438,0.56107,0.53979,0.55321,0.0
2009-03-20,0.5533,0.56245,0.55295,0.5582,0.0
2009-03-23,0.55925,0.57246,0.5582,0.57136,0.0
2009-03-24,0.5712,0.5746,0.56021,0.56261,0.0
2009-03-25,0.56265,0.57186,0.55484,0.56585,0.0
2009-03-26,0.56585,0.58009,0.56494,0.57502,0.0
2009-03-27,0.5751,0.57891,0.5667,0.56937,0.0
2009-03-30,0.5681,0.56943,0.55818,0.56309,0.0
2009-03-31,0.5633,0.57298,0.55823,0.55915,0.0
2009-04-01,0.5592,0.56931,0.55276,0.56746,0.0
2009-04-02,0.56725,0.58342,0.56349,0.57726,0.0
2009-04-03,0.57714,0.58975,0.5771,0.58545,0.0
2009-04-06,0.5862,0.59787,0.58454,0.58795,0.0
2009-04-07,0.58795,0.58809,0.57331,0.5755,0.0
2009-04-08,0.5755,0.57988,0.56901,0.57935,0.0
2009-04-09,0.57945,0.58445,0.57661,0.5828,0.0
2009-04-10,0.58284,0.58351,0.58083,0.5827,0.0
2009-04-13,0.58675,0.5932,0.58215,0.59207,0.0
2009-04-14,0.59209,0.59248,0.58224,0.58295,0.0
2009-04-15,0.58275,0.58376,0.57352,0.5809,0.0
2009-04-16,0.5809,0.58215,0.56777,0.57234,0.0
2009-04-17,0.5723,0.57511,0.56505,0.56745,0.0
2009-04-20,0.568,0.57051,0.54855,0.552,0.0
2009-04-21,0.5519,0.56545,0.55063,0.56353,0.0
2009-04-22,0.56355,0.56386,0.55321,0.55493,0.0
2009-04-23,0.55476,0.5624,0.55256,0.56155,0.0
2009-04-24,0.56166,0.57383,0.55985,0.57198,0.0
2009-04-27,0.5692,0.57057,0.56216,0.5654,0.0
2009-04-28,0.56515,0.56548,0.55262,0.55855,0.0
2009-04-29,0.55858,0.57756,0.55709,0.57259,0.0
2009-04-30,0.56475,0.57514,0.5625,0.56491,0.0
2009-05-01,0.56465,0.57402,0.56256,0.5694,0.0
2009-05-04,0.5691,0.57711,0.5691,0.57596,0.0
2009-05-05,0.57555,0.58646,0.57403,0.57995,0.0
2009-05-06,0.57995,0.58594,0.5751,0.57995,0.0
2009-05-07,0.58339,0.59868,0.58223,0.5907,0.0
2009-05-08,0.59138,0.60525,0.59056,0.60321,0.0
2009-05-11,0.603,0.61259,0.5995,0.59966,0.0
2009-05-12,0.59965,0.60951,0.59601,0.60562,0.0
2009-05-13,0.60596,0.61031,0.5881,0.59173,0.0
2009-05-14,0.59181,0.59861,0.586,0.59664,0.0
2009-05-15,0.59626,0.59673,0.58323,0.58469,0.0
2009-05-18,0.5851,0.59586,0.5832,0.5949,0.0
2009-05-19,0.59505,0.60607,0.59355,0.60124,0.0
2009-05-20,0.6013,0.6112,0.59857,0.60556,0.0
2009-05-21,0.60565,0.61091,0.60149,0.61051,0.0
2009-05-22,0.61055,0.6237,0.61016,0.6198,0.0
2009-05-25,0.6153,0.6209,0.6143,0.6204,0.0
2009-05-26,0.6204,0.62605,0.60899,0.62412,0.0
2009-05-27,0.6242,0.62475,0.61415,0.61421,0.0
2009-05-28,0.61422,0.6272,0.6118,0.62284,0.0
2009-05-29,0.62274,0.64138,0.62194,0.6395,0.0
2009-06-01,0.64095,0.65636,0.63698,0.64952,0.0
2009-06-02,0.64925,0.65898,0.64443,0.656,0.0
2009-06-03,0.65605,0.6561,0.62696,0.63415,0.0
2009-06-04,0.6342,0.6376,0.62188,0.63402,0.0
2009-06-05,0.63407,0.6417,0.62521,0.62588,0.0
2009-06-08,0.62645,0.6283,0.61512,0.62005,0.0
2009-06-09,0.6201,0.62932,0.6165,0.62664,0.0
2009-06-10,0.62661,0.63648,0.62323,0.62457,0.0
2009-06-11,0.62833,0.64671,0.62779,0.64268,0.0
2009-06-12,0.64221,0.64654,0.63573,0.64305,0.0
2009-06-15,0.63805,0.63978,0.62768,0.63075,0.0
2009-06-16,0.63081,0.63933,0.6236,0.62978,0.0
2009-06-17,0.62932,0.63651,0.62432,0.63315,0.0
2009-06-18,0.63328,0.64416,0.62918,0.63748,0.0
2009-06-19,0.63651,0.64831,0.63563,0.64194,0.0
2009-06-22,0.6423,0.64252,0.62828,0.62889,0.0
2009-06-23,0.62875,0.6417,0.62543,0.63945,0.0
2009-06-24,0.63921,0.64863,0.63713,0.63946,0.0
2009-06-25,0.63934,0.64572,0.63461,0.64498,0.0
2009-06-26,0.64491,0.64773,0.64075,0.6451,0.0
2009-06-29,0.6451,0.65218,0.64203,0.65081,0.0
2009-06-30,0.65074,0.65489,0.64368,0.64564,0.0
2009-07-01,0.64536,0.64731,0.63852,0.6389,0.0
2009-07-02,0.63903,0.64148,0.62795,0.6281,0.0
2009-07-03,0.6281,0.63483,0.62615,0.62968,0.0
2009-07-06,0.62755,0.63782,0.624,0.63648,0.0
2009-07-07,0.63691,0.63935,0.62848,0.62858,0.0
2009-07-08,0.62837,0.6312,0.61941,0.62575,0.0
2009-07-09,0.6257,0.63384,0.62373,0.62932,0.0
2009-07-10,0.62963,0.63292,0.62329,0.62705,0.0
2009-07-13,0.6276,0.63315,0.61943,0.6321,0.0
2009-07-14,0.63215,0.63957,0.63157,0.63868,0.0
2009-07-15,0.63848,0.65106,0.63824,0.64852,0.0
2009-07-16,0.64856,0.6501,0.63843,0.6483,0.0
2009-07-17,0.6482,0.64866,0.64188,0.64545,0.0
2009-07-20,0.6433,0.65785,0.6432,0.65732,0.0
2009-07-21,0.65715,0.66096,0.64932,0.65788,0.0
2009-07-22,0.65698,0.66291,0.65283,0.65811,0.0
2009-07-23,0.65806,0.66275,0.65107,0.65332,0.0
2009-07-24,0.6528,0.65872,0.6528,0.65542,0.0
2009-07-27,0.65684,0.66147,0.65275,0.65645,0.0
2009-07-28,0.65635,0.66332,0.65366,0.65752,0.0
2009-07-29,0.65751,0.65886,0.65219,0.6566,0.0
2009-07-30,0.65416,0.65431,0.64753,0.65195,0.0
2009-07-31,0.65215,0.66243,0.65091,0.66132,0.0
2009-08-03,0.65978,0.66865,0.65886,0.66795,0.0
2009-08-04,0.66795,0.67454,0.66455,0.67337,0.0
2009-08-05,0.6734,0.6761,0.67057,0.6726,0.0
2009-08-06,0.67233,0.67415,0.66842,0.67022,0.0
2009-08-07,0.66977,0.6817,0.66865,0.67254,0.0
2009-08-10,0.66895,0.67776,0.66701,0.66735,0.0
2009-08-11,0.6763,0.67685,0.66611,0.66701,0.0
2009-08-12,0.66705,0.6764,0.65969,0.67156,0.0
2009-08-13,0.67131,0.68125,0.66914,0.67865,0.0
2009-08-14,0.67817,0.68845,0.67419,0.67767,0.0
2009-08-17,0.67425,0.67601,0.66413,0.66735,0.0
2009-08-18,0.66721,0.67593,0.66665,0.67455,0.0
2009-08-19,0.67455,0.67704,0.6662,0.67356,0.0
2009-08-20,0.67366,0.67793,0.67254,0.67678,0.0
2009-08-21,0.6771,0.68658,0.67108,0.68182,0.0
2009-08-24,0.6832,0.68843,0.68136,0.6847,0.0
2009-08-25,0.6846,0.68958,0.68325,0.68392,0.0
2009-08-26,0.68385,0.68935,0.67872,0.68127,0.0
2009-08-27,0.68132,0.68943,0.67725,0.6869,0.0
2009-08-28,0.687,0.68929,0.68327,0.6835,0.0
2009-08-31,0.6835,0.68668,0.67911,0.68475,0.0
2009-09-01,0.68475,0.68866,0.67198,0.67486,0.0
2009-09-02,0.6748,0.67768,0.6683,0.67235,0.0
2009-09-03,0.67265,0.68309,0.67186,0.6772,0.0
2009-09-04,0.6769,0.6895,0.6769,0.68685,0.0
2009-09-07,0.68814,0.69341,0.68754,0.69252,0.0
2009-09-08,0.69252,0.69823,0.69068,0.69575,0.0
2009-09-09,0.6958,0.70065,0.69329,0.69534,0.0
2009-09-10,0.69261,0.71365,0.6916,0.71365,0.0
2009-09-11,0.70343,0.70869,0.70119,0.707,0.0
2009-09-14,0.70511,0.70561,0.69631,0.70082,0.0
2009-09-15,0.7012,0.70624,0.69773,0.70465,0.0
2009-09-16,0.70448,0.71518,0.70415,0.71365,0.0
2009-09-17,0.7137,0.7157,0.70797,0.71045,0.0
2009-09-18,0.71025,0.71245,0.70735,0.70881,0.0
2009-09-21,0.70805,0.70935,0.70156,0.70666,0.0
2009-09-22,0.70672,0.7242,0.70595,0.7186,0.0
2009-09-23,0.71845,0.7306,0.71778,0.71954,0.0
2009-09-24,0.7194,0.72695,0.71481,0.71549,0.0
2009-09-25,0.71537,0.72141,0.71048,0.71875,0.0
2009-09-28,0.71741,0.72226,0.71124,0.71614,0.0
2009-09-29,0.71605,0.72254,0.71285,0.71405,0.0
2009-09-30,0.714,0.72517,0.714,0.72255,0.0
2009-10-01,0.72235,0.72469,0.71337,0.71458,0.0
2009-10-02,0.71435,0.72105,0.7077,0.71599,0.0
2009-10-05,0.71681,0.73135,0.71364,0.73015,0.0
2009-10-06,0.73039,0.73771,0.7285,0.73407,0.0
2009-10-07,0.73405,0.73972,0.73193,0.73603,0.0
2009-10-08,0.73575,0.74526,0.73565,0.74243,0.0
2009-10-09,0.74236,0.7428,0.73015,0.73395,0.0
2009-10-12,0.73366,0.7361,0.72514,0.73288,0.0
2009-10-13,0.73285,0.74149,0.73117,0.739,0.0
2009-10-14,0.73905,0.74329,0.73569,0.7394,0.0
2009-10-15,0.73945,0.74851,0.73945,0.74435,0.0
2009-10-16,0.74414,0.74947,0.73496,0.7401,0.0
2009-10-19,0.73665,0.75733,0.7365,0.75648,0.0
2009-10-20,0.75687,0.75732,0.74398,0.74928,0.0
2009-10-21,0.7492,0.76346,0.74663,0.76016,0.0
2009-10-22,0.7601,0.76018,0.74982,0.75727,0.0
2009-10-23,0.7572,0.75949,0.75211,0.75381,0.0
2009-10-26,0.7542,0.75666,0.74505,0.74734,0.0
2009-10-27,0.7473,0.75149,0.74115,0.74395,0.0
2009-10-28,0.7438,0.74632,0.71957,0.72081,0.0
2009-10-29,0.72105,0.7367,0.71611,0.73255,0.0
2009-10-30,0.7327,0.73328,0.71542,0.7176,0.0
2009-11-02,0.71397,0.72671,0.70815,0.71785,0.0
2009-11-03,0.7178,0.72369,0.70939,0.72052,0.0
2009-11-04,0.71995,0.73091,0.71673,0.724,0.0
2009-11-05,0.7239,0.7244,0.7158,0.7212,0.0
2009-11-06,0.72145,0.72755,0.71926,0.7243,0.0
2009-11-09,0.73425,0.74346,0.73152,0.74294,0.0
2009-11-10,0.7429,0.7485,0.73753,0.74512,0.0
2009-11-11,0.74311,0.7438,0.73805,0.73865,0.0
2009-11-12,0.7386,0.74405,0.73075,0.73275,0.0
2009-11-13,0.73265,0.74429,0.73096,0.743,0.0
2009-11-16,0.74225,0.75226,0.73948,0.7485,0.0
2009-11-17,0.7483,0.75008,0.74077,0.74512,0.0
2009-11-18,0.7451,0.74971,0.743,0.7458,0.0
2009-11-19,0.74538,0.7463,0.72714,0.731,0.0
2009-11-20,0.7305,0.73256,0.72001,0.72365,0.0
2009-11-23,0.72233,0.73661,0.72222,0.7324,0.0
2009-11-24,0.7319,0.73346,0.72201,0.72565,0.0
2009-11-25,0.72555,0.7331,0.7248,0.7324,0.0
2009-11-26,0.7323,0.733,0.71276,0.7151,0.0
2009-11-27,0.71555,0.71655,0.70222,0.71049,0.0
2009-11-30,0.71378,0.72173,0.71189,0.7155,0.0
2009-12-01,0.7154,0.72925,0.71407,0.7255,0.0
2009-12-02,0.7251,0.72951,0.7203,0.72181,0.0
2009-12-03,0.72185,0.7299,0.72085,0.72133,0.0
2009-12-04,0.72115,0.72707,0.71316,0.71634,0.0
2009-12-07,0.71525,0.71879,0.708,0.71305,0.0
2009-12-08,0.713,0.71711,0.70469,0.70685,0.0
2009-12-09,0.7068,0.72064,0.70427,0.71864,0.0
2009-12-10,0.71889,0.73175,0.71864,0.7285,0.0
2009-12-11,0.72855,0.72906,0.7221,0.7248,0.0
2009-12-14,0.7245,0.72977,0.72102,0.7276,0.0
2009-12-15,0.72762,0.728,0.71873,0.72147,0.0
2009-12-16,0.72145,0.72241,0.71544,0.72,0.0
2009-12-17,0.7202,0.7207,0.70835,0.71112,0.0
2009-12-18,0.71,0.71322,0.70632,0.71101,0.0
2009-12-21,0.71088,0.71158,0.70415,0.70512,0.0
2009-12-22,0.70518,0.7073,0.69902,0.69919,0.0
2009-12-23,0.69909,0.70624,0.69704,0.70422,0.0
2009-12-24,0.70412,0.70815,0.70275,0.70555,0.0
2009-12-28,0.7056,0.7094,0.70497,0.70792,0.0
2009-12-29,0.70792,0.72124,0.70693,0.7171,0.0
2009-12-30,0.7171,0.72261,0.71428,0.72175,0.0
2009-12-31,0.72165,0.72885,0.72099,0.72309,0.0
2010-01-04,0.72341,0.73523,0.71938,0.73414,0.0
2010-01-05,0.7342,0.7389,0.73155,0.7344,0.0
2010-01-06,0.73425,0.73852,0.73023,0.7376,0.0
2010-01-07,0.7376,0.74274,0.73123,0.73175,0.0
2010-01-08,0.7318,0.73785,0.72794,0.7363,0.0
2010-01-11,0.73935,0.7436,0.73815,0.74164,0.0
2010-01-12,0.7415,0.7431,0.73631,0.7383,0.0
2010-01-13,0.73825,0.74255,0.73705,0.7404,0.0
2010-01-14,0.73958,0.74422,0.7383,0.7424,0.0
2010-01-15,0.7426,0.74313,0.73591,0.73743,0.0
2010-01-18,0.7337,0.74013,0.73287,0.73879,0.0
2010-01-19,0.73843,0.74072,0.73335,0.73522,0.0
2010-01-20,0.73535,0.73545,0.71855,0.72154,0.0
2010-01-21,0.7214,0.72327,0.70955,0.70985,0.0
2010-01-22,0.70975,0.71767,0.70892,0.7092,0.0
2010-01-25,0.7116,0.71687,0.71125,0.71371,0.0
2010-01-26,0.71369,0.7169,0.70215,0.70785,0.0
2010-01-27,0.70765,0.71057,0.70299,0.70625,0.0
2010-01-28,0.70582,0.71379,0.7036,0.70458,0.0
2010-01-29,0.70505,0.70888,0.70059,0.70061,0.0
2010-02-01,0.70025,0.70944,0.69947,0.70829,0.0
2010-02-02,0.70835,0.71261,0.70428,0.71195,0.0
2010-02-03,0.71195,0.71504,0.7005,0.70205,0.0
2010-02-04,0.70215,0.70235,0.68436,0.68693,0.0
2010-02-05,0.68657,0.69323,0.68065,0.68935,0.0
2010-02-08,0.68764,0.69197,0.68252,0.68285,0.0
2010-02-09,0.68292,0.69667,0.68174,0.69575,0.0
2010-02-10,0.6957,0.69667,0.68929,0.69255,0.0
2010-02-11,0.69214,0.70238,0.69193,0.69845,0.0
2010-02-12,0.69855,0.69925,0.68982,0.69811,0.0
2010-02-15,0.69555,0.69885,0.69514,0.69639,0.0
2010-02-16,0.69625,0.7078,0.69625,0.707,0.0
2010-02-17,0.70665,0.70783,0.70178,0.70353,0.0
2010-02-18,0.70335,0.70605,0.69639,0.69809,0.0
2010-02-19,0.6979,0.69942,0.69298,0.69921,0.0
2010-02-22,0.70073,0.70357,0.69905,0.70133,0.0
2010-02-23,0.70113,0.70573,0.6895,0.69185,0.0
2010-02-24,0.69199,0.6952,0.68699,0.69295,0.0
2010-02-25,0.6932,0.6945,0.68468,0.69163,0.0
2010-02-26,0.6916,0.7018,0.69031,0.69786,0.0
2010-03-01,0.6986,0.7016,0.69299,0.69948,0.0
2010-03-02,0.69916,0.70041,0.69227,0.69561,0.0
2010-03-03,0.69575,0.69847,0.68912,0.69414,0.0
2010-03-04,0.69434,0.69436,0.68507,0.6865,0.0
2010-03-05,0.6863,0.69754,0.68533,0.69687,0.0
2010-03-08,0.6962,0.70344,0.6962,0.7007,0.0
2010-03-09,0.70065,0.70345,0.69605,0.70271,0.0
2010-03-10,0.70245,0.70973,0.70088,0.70186,0.0
2010-03-11,0.7018,0.70233,0.69628,0.7002,0.0
2010-03-12,0.7001,0.70485,0.69826,0.70145,0.0
2010-03-15,0.70279,0.70544,0.6986,0.70135,0.0
2010-03-16,0.7014,0.71028,0.701,0.70971,0.0
2010-03-17,0.7096,0.7178,0.7095,0.71397,0.0
2010-03-18,0.71405,0.71737,0.7117,0.7144,0.0
2010-03-19,0.71435,0.71558,0.7064,0.70802,0.0
2010-03-22,0.70675,0.70715,0.7,0.70635,0.0
2010-03-23,0.70625,0.70786,0.70286,0.70723,0.0
2010-03-24,0.7067,0.70743,0.6993,0.70165,0.0
2010-03-25,0.70123,0.71005,0.70095,0.7034,0.0
2010-03-26,0.7035,0.70911,0.70142,0.70406,0.0
2010-03-29,0.70505,0.71166,0.7033,0.7094,0.0
2010-03-30,0.71038,0.71319,0.70812,0.7099,0.0
2010-03-31,0.71,0.7115,0.7069,0.71045,0.0
2010-04-01,0.71035,0.71136,0.70346,0.70815,0.0
2010-04-02,0.7078,0.70831,0.70493,0.70555,0.0
2010-04-05,0.7064,0.70721,0.7019,0.7029,0.0
2010-04-06,0.70305,0.70727,0.69641,0.70645,0.0
2010-04-07,0.70635,0.7094,0.7026,0.70655,0.0
2010-04-08,0.7065,0.70747,0.70063,0.70695,0.0
2010-04-09,0.70715,0.71726,0.70654,0.7159,0.0
2010-04-12,0.71895,0.71932,0.71091,0.71203,0.0
2010-04-13,0.71165,0.71462,0.70949,0.7136,0.0
2010-04-14,0.71372,0.71522,0.70849,0.71442,0.0
2010-04-15,0.71462,0.71601,0.71024,0.71174,0.0
2010-04-16,0.7116,0.71555,0.70645,0.70837,0.0
2010-04-19,0.70722,0.71126,0.70522,0.71105,0.0
2010-04-20,0.71141,0.7143,0.70843,0.71145,0.0
2010-04-21,0.71148,0.71311,0.70744,0.70961,0.0
2010-04-22,0.70952,0.71389,0.7069,0.71064,0.0
2010-04-23,0.71049,0.7176,0.70832,0.7171,0.0
2010-04-26,0.71664,0.72548,0.71599,0.72308,0.0
2010-04-27,0.72305,0.72338,0.70973,0.71108,0.0
2010-04-28,0.71092,0.72169,0.71018,0.72064,0.0
2010-04-29,0.72,0.72422,0.71509,0.72348,0.0
2010-04-30,0.72334,0.73249,0.72309,0.7264,0.0
2010-05-03,0.72907,0.73223,0.72654,0.73057,0.0
2010-05-04,0.73065,0.73118,0.71875,0.72004,0.0
2010-05-05,0.71997,0.72186,0.71417,0.71707,0.0
2010-05-06,0.71703,0.72753,0.70066,0.71027,0.0
2010-05-07,0.7093,0.71661,0.70371,0.7139,0.0
2010-05-10,0.72057,0.72956,0.71376,0.72252,0.0
2010-05-11,0.72242,0.72257,0.71577,0.71609,0.0
2010-05-12,0.71562,0.71983,0.71044,0.71305,0.0
2010-05-13,0.71244,0.71924,0.7124,0.71465,0.0
2010-05-14,0.71433,0.71519,0.70601,0.70643,0.0
2010-05-17,0.70649,0.70769,0.6915,0.69667,0.0
2010-05-18,0.69686,0.70391,0.69201,0.69371,0.0
2010-05-19,0.69275,0.69381,0.66571,0.67749,0.0
2010-05-20,0.67804,0.68756,0.66194,0.66569,0.0
2010-05-21,0.66581,0.6817,0.6638,0.67815,0.0
2010-05-24,0.67656,0.67869,0.66888,0.66898,0.0
2010-05-25,0.66908,0.67254,0.65598,0.67001,0.0
2010-05-26,0.67021,0.67424,0.66046,0.66277,0.0
2010-05-27,0.66275,0.68582,0.66239,0.68351,0.0
2010-05-28,0.68425,0.68623,0.67526,0.67855,0.0
2010-05-31,0.67746,0.68461,0.67183,0.68025,0.0
2010-06-01,0.68006,0.6838,0.67007,0.67478,0.0
2010-06-02,0.67492,0.68225,0.67182,0.6814,0.0
2010-06-03,0.6816,0.68987,0.67835,0.68447,0.0
2010-06-04,0.68463,0.68638,0.66808,0.6702,0.0
2010-06-07,0.66837,0.671,0.65809,0.65831,0.0
2010-06-08,0.65871,0.66832,0.65722,0.66678,0.0
2010-06-09,0.6666,0.67469,0.66109,0.66665,0.0
2010-06-10,0.66939,0.68753,0.66911,0.68651,0.0
2010-06-11,0.68605,0.69096,0.68008,0.68955,0.0
2010-06-14,0.69066,0.70188,0.69002,0.6943,0.0
2010-06-15,0.69433,0.69932,0.68856,0.69868,0.0
2010-06-16,0.69872,0.70015,0.69295,0.69765,0.0
2010-06-17,0.69763,0.70453,0.69472,0.70431,0.0
2010-06-18,0.70421,0.70722,0.70176,0.7064,0.0
2010-06-21,0.71299,0.71513,0.70705,0.70797,0.0
2010-06-22,0.70795,0.71178,0.70375,0.70375,0.0
2010-06-23,0.70438,0.71591,0.70261,0.71348,0.0
2010-06-24,0.71278,0.71434,0.70357,0.70781,0.0
2010-06-25,0.70762,0.7155,0.69938,0.71337,0.0
2010-06-28,0.71474,0.71533,0.70585,0.70804,0.0
2010-06-29,0.70829,0.70856,0.69088,0.69179,0.0
2010-06-30,0.69163,0.69535,0.68407,0.68435,0.0
2010-07-01,0.68444,0.69153,0.67938,0.69042,0.0
2010-07-02,0.6905,0.69705,0.68716,0.68802,0.0
2010-07-05,0.68795,0.69383,0.6853,0.688,0.0
2010-07-06,0.68803,0.69734,0.68239,0.69375,0.0
2010-07-07,0.69372,0.70509,0.68852,0.70268,0.0
2010-07-08,0.70287,0.71014,0.70216,0.70917,0.0
2010-07-09,0.70928,0.71148,0.70615,0.71035,0.0
2010-07-12,0.71044,0.71172,0.70554,0.71158,0.0
2010-07-13,0.71147,0.72054,0.70752,0.71943,0.0
2010-07-14,0.71943,0.72543,0.71588,0.72406,0.0
2010-07-15,0.72365,0.73029,0.71732,0.72917,0.0
2010-07-16,0.72852,0.72881,0.70936,0.71023,0.0
2010-07-19,0.70838,0.71122,0.7028,0.70578,0.0
2010-07-20,0.70558,0.71752,0.70439,0.71673,0.0
2010-07-21,0.71655,0.71943,0.71183,0.71224,0.0
2010-07-22,0.71229,0.72719,0.70953,0.7242,0.0
2010-07-23,0.72427,0.72885,0.72247,0.7268,0.0
2010-07-26,0.72625,0.73527,0.72503,0.73368,0.0
2010-07-27,0.7336,0.73945,0.73119,0.73308,0.0
2010-07-28,0.73305,0.73377,0.72547,0.72664,0.0
2010-07-29,0.72655,0.72853,0.72004,0.72365,0.0
2010-07-30,0.7238,0.72669,0.71899,0.72563,0.0
2010-08-02,0.72575,0.73401,0.72558,0.73262,0.0
2010-08-03,0.7326,0.73547,0.72978,0.7339,0.0
2010-08-04,0.73347,0.73548,0.72969,0.7346,0.0
2010-08-05,0.73459,0.73551,0.72461,0.73068,0.0
2010-08-06,0.73019,0.73435,0.72708,0.7329,0.0
2010-08-09,0.73295,0.73393,0.7266,0.72865,0.0
2010-08-10,0.72885,0.72913,0.71661,0.72375,0.0
2010-08-11,0.72373,0.72408,0.71424,0.71448,0.0
2010-08-12,0.71443,0.71593,0.70638,0.70855,0.0
2010-08-13,0.70865,0.71818,0.7047,0.7054,0.0
2010-08-16,0.7069,0.71021,0.69957,0.70685,0.0
2010-08-17,0.70686,0.71466,0.70391,0.71175,0.0
2010-08-18,0.71175,0.71915,0.71017,0.71449,0.0
2010-08-19,0.71402,0.71548,0.70549,0.70693,0.0
2010-08-20,0.70697,0.7082,0.70016,0.70627,0.0
2010-08-23,0.70475,0.71223,0.70408,0.70637,0.0
2010-08-24,0.70644,0.70787,0.70053,0.70228,0.0
2010-08-25,0.70217,0.7062,0.69468,0.69909,0.0
2010-08-26,0.69934,0.70878,0.69814,0.70247,0.0
2010-08-27,0.70262,0.71398,0.70159,0.71035,0.0
2010-08-30,0.71289,0.71358,0.70639,0.70671,0.0
2010-08-31,0.70684,0.70735,0.69645,0.69891,0.0
2010-09-01,0.69826,0.71302,0.69756,0.71189,0.0
2010-09-02,0.71168,0.71778,0.70969,0.71445,0.0
2010-09-03,0.71449,0.72177,0.71296,0.7201,0.0
2010-09-06,0.71855,0.72559,0.71816,0.72291,0.0
2010-09-07,0.72285,0.72388,0.71855,0.7194,0.0
2010-09-08,0.71945,0.72383,0.7158,0.72259,0.0
2010-09-09,0.72264,0.72865,0.71995,0.7243,0.0
2010-09-10,0.72425,0.72994,0.72267,0.72815,0.0
2010-09-13,0.7312,0.73454,0.72825,0.73408,0.0
2010-09-14,0.73381,0.7393,0.72675,0.73413,0.0
2010-09-15,0.73387,0.73567,0.72959,0.73096,0.0
2010-09-16,0.72938,0.73116,0.72141,0.72384,0.0
2010-09-17,0.72382,0.73313,0.7237,0.72515,0.0
2010-09-20,0.7271,0.732,0.72508,0.73011,0.0
2010-09-21,0.73015,0.73517,0.72578,0.7348,0.0
2010-09-22,0.73465,0.74157,0.73179,0.73832,0.0
2010-09-23,0.73832,0.73919,0.72631,0.72885,0.0
2010-09-24,0.72877,0.73599,0.72712,0.7336,0.0
2010-09-27,0.73553,0.73726,0.7325,0.73408,0.0
2010-09-28,0.73408,0.74029,0.73034,0.73913,0.0
2010-09-29,0.73923,0.74062,0.73562,0.73779,0.0
2010-09-30,0.73782,0.74074,0.73041,0.7341,0.0
2010-10-01,0.73409,0.74617,0.73274,0.74388,0.0
2010-10-04,0.74423,0.74449,0.73954,0.74154,0.0
2010-10-05,0.74175,0.74962,0.73553,0.74903,0.0
2010-10-06,0.74904,0.75482,0.7458,0.75221,0.0
2010-10-07,0.75219,0.75912,0.74672,0.74989,0.0
2010-10-08,0.75009,0.75626,0.74269,0.75547,0.0
2010-10-11,0.75659,0.75732,0.75056,0.7515,0.0
2010-10-12,0.75151,0.75593,0.7479,0.75499,0.0
2010-10-13,0.75459,0.76318,0.75445,0.76031,0.0
2010-10-14,0.76024,0.76435,0.7555,0.75905,0.0
2010-10-15,0.75902,0.76181,0.75324,0.75557,0.0
2010-10-18,0.75604,0.75962,0.7499,0.75529,0.0
2010-10-19,0.75506,0.76002,0.74274,0.74376,0.0
2010-10-20,0.74374,0.75674,0.74262,0.75478,0.0
2010-10-21,0.75474,0.75504,0.74338,0.74554,0.0
2010-10-22,0.74549,0.75079,0.74364,0.74641,0.0
2010-10-25,0.7495,0.75609,0.74649,0.75208,0.0
2010-10-26,0.75197,0.7542,0.74702,0.7489,0.0
2010-10-27,0.7489,0.75002,0.74042,0.74508,0.0
2010-10-28,0.74494,0.75546,0.74449,0.75371,0.0
2010-10-29,0.75373,0.76663,0.7505,0.76604,0.0
2010-11-01,0.76565,0.76913,0.76331,0.76695,0.0
2010-11-02,0.76716,0.77412,0.76329,0.77125,0.0
2010-11-03,0.77155,0.78045,0.77002,0.77955,0.0
2010-11-04,0.77935,0.79748,0.7776,0.7943,0.0
2010-11-05,0.7943,0.79732,0.78815,0.79505,0.0
2010-11-08,0.79335,0.79383,0.78405,0.7877,0.0
2010-11-09,0.78765,0.79118,0.77584,0.77746,0.0
2010-11-10,0.77714,0.78487,0.77363,0.7827,0.0
2010-11-11,0.78255,0.78723,0.77717,0.78016,0.0
2010-11-12,0.78015,0.781,0.76979,0.77306,0.0
2010-11-15,0.77668,0.77759,0.76825,0.77269,0.0
2010-11-16,0.77267,0.77552,0.76512,0.7676,0.0
2010-11-17,0.76755,0.77248,0.76306,0.77017,0.0
2010-11-18,0.7698,0.77864,0.76938,0.77802,0.0
2010-11-19,0.77834,0.77992,0.77458,0.77822,0.0
2010-11-22,0.77943,0.78353,0.76932,0.77177,0.0
2010-11-23,0.77153,0.77301,0.75762,0.75863,0.0
2010-11-24,0.75878,0.76431,0.75812,0.75965,0.0
2010-11-25,0.75998,0.76271,0.75581,0.75978,0.0
2010-11-26,0.75978,0.76208,0.74787,0.74944,0.0
2010-11-29,0.75197,0.75351,0.74277,0.74566,0.0
2010-11-30,0.74548,0.74699,0.73963,0.74248,0.0
2010-12-01,0.74243,0.75098,0.74,0.74871,0.0
2010-12-02,0.74862,0.75628,0.74535,0.75503,0.0
2010-12-03,0.75513,0.76726,0.75431,0.76547,0.0
2010-12-06,0.76295,0.76533,0.75854,0.76136,0.0
2010-12-07,0.76145,0.76655,0.75623,0.75692,0.0
2010-12-08,0.75625,0.75771,0.74333,0.74719,0.0
2010-12-09,0.74705,0.75146,0.74501,0.74846,0.0
2010-12-10,0.74883,0.75283,0.74666,0.74666,0.0
2010-12-13,0.74621,0.75758,0.74585,0.75087,0.0
2010-12-14,0.75079,0.75744,0.74907,0.75148,0.0
2010-12-15,0.75153,0.75213,0.7372,0.73943,0.0
2010-12-16,0.73933,0.74064,0.73422,0.74016,0.0
2010-12-17,0.74011,0.74247,0.73504,0.73599,0.0
2010-12-20,0.73579,0.74353,0.73455,0.74183,0.0
2010-12-21,0.74183,0.74831,0.74017,0.744,0.0
2010-12-22,0.74404,0.74501,0.73852,0.74002,0.0
2010-12-23,0.73983,0.75001,0.73953,0.74708,0.0
2010-12-24,0.74701,0.74949,0.74618,0.74894,0.0
2010-12-27,0.74687,0.75074,0.74548,0.75009,0.0
2010-12-28,0.74994,0.76044,0.74885,0.75524,0.0
2010-12-29,0.75513,0.76876,0.75361,0.76854,0.0
2010-12-30,0.76843,0.77254,0.76603,0.77044,0.0
2010-12-31,0.77039,0.78123,0.77019,0.77824,0.0
2011-01-03,0.77568,0.77831,0.77267,0.77317,0.0
2011-01-04,0.7732,0.77412,0.76397,0.76643,0.0
2011-01-05,0.76653,0.76802,0.75603,0.75694,0.0
2011-01-06,0.75712,0.76027,0.75533,0.75643,0.0
2011-01-07,0.75638,0.76373,0.75488,0.7595,0.0
2011-01-10,0.75779,0.76457,0.75714,0.76338,0.0
2011-01-11,0.76348,0.76372,0.75603,0.76036,0.0
2011-01-12,0.76041,0.76422,0.75621,0.76372,0.0
2011-01-13,0.76355,0.77102,0.76083,0.77093,0.0
2011-01-14,0.77102,0.77258,0.76346,0.76581,0.0
2011-01-17,0.76803,0.77471,0.76649,0.77215,0.0
2011-01-18,0.7721,0.77413,0.7692,0.77172,0.0
2011-01-19,0.77147,0.77859,0.76822,0.76866,0.0
2011-01-20,0.76864,0.76869,0.75316,0.75684,0.0
2011-01-21,0.75667,0.75977,0.75241,0.75977,0.0
2011-01-24,0.75762,0.76564,0.75658,0.76303,0.0
2011-01-25,0.76284,0.76915,0.76213,0.76853,0.0
2011-01-26,0.76841,0.77258,0.76435,0.77257,0.0
2011-01-27,0.77202,0.77461,0.76708,0.77196,0.0
2011-01-28,0.77193,0.77929,0.77042,0.77348,0.0
2011-01-31,0.76963,0.77422,0.76838,0.77268,0.0
2011-02-01,0.77223,0.78238,0.7711,0.78121,0.0
2011-02-02,0.78143,0.78237,0.77166,0.77309,0.0
2011-02-03,0.7732,0.77494,0.76889,0.77321,0.0
2011-02-04,0.77315,0.77472,0.76657,0.76943,0.0
2011-02-07,0.76882,0.77242,0.76777,0.76969,0.0
2011-02-08,0.76955,0.77868,0.76949,0.77485,0.0
2011-02-09,0.77484,0.77549,0.77019,0.77218,0.0
2011-02-10,0.77142,0.77211,0.76235,0.76425,0.0
2011-02-11,0.76373,0.76378,0.75524,0.76024,0.0
2011-02-14,0.75591,0.75928,0.75436,0.75661,0.0
2011-02-15,0.75674,0.75861,0.75046,0.7516,0.0
2011-02-16,0.75142,0.75644,0.7506,0.75454,0.0
2011-02-17,0.75454,0.76052,0.75361,0.75871,0.0
2011-02-18,0.75854,0.76552,0.75815,0.76114,0.0
2011-02-21,0.76266,0.7652,0.76057,0.7636,0.0
2011-02-22,0.76359,0.76397,0.74497,0.74628,0.0
2011-02-23,0.74628,0.7512,0.74271,0.74553,0.0
2011-02-24,0.74553,0.7509,0.74287,0.74713,0.0
2011-02-25,0.74718,0.75269,0.74693,0.75135,0.0
2011-02-28,0.7501,0.75539,0.74941,0.75221,0.0
2011-03-01,0.75218,0.75313,0.74659,0.74703,0.0
2011-03-02,0.74693,0.7481,0.73832,0.74299,0.0
2011-03-03,0.74294,0.74723,0.73867,0.74073,0.0
2011-03-04,0.74053,0.74068,0.7338,0.73834,0.0
2011-03-07,0.73692,0.74014,0.735,0.73667,0.0
2011-03-08,0.73668,0.74173,0.73655,0.73932,0.0
2011-03-09,0.73968,0.74153,0.733,0.73651,0.0
2011-03-10,0.73666,0.73779,0.73217,0.73529,0.0
2011-03-11,0.73519,0.7455,0.73257,0.74244,0.0
2011-03-14,0.74269,0.74269,0.73618,0.73915,0.0
2011-03-15,0.73923,0.74058,0.72654,0.7316,0.0
2011-03-16,0.73083,0.7357,0.72504,0.72803,0.0
2011-03-17,0.72757,0.72758,0.7114,0.71763,0.0
2011-03-18,0.71778,0.73206,0.71778,0.73064,0.0
2011-03-21,0.73088,0.73595,0.72903,0.73548,0.0
2011-03-22,0.73554,0.74463,0.73366,0.73988,0.0
2011-03-23,0.73993,0.74324,0.73745,0.74041,0.0
2011-03-24,0.74031,0.75203,0.7397,0.74894,0.0
2011-03-25,0.74889,0.75747,0.74848,0.75311,0.0
2011-03-28,0.75305,0.7553,0.74887,0.75111,0.0
2011-03-29,0.75111,0.75808,0.74933,0.75594,0.0
2011-03-30,0.75608,0.7636,0.75466,0.76198,0.0
2011-03-31,0.76186,0.7646,0.75818,0.76146,0.0
2011-04-01,0.76131,0.7682,0.75804,0.76742,0.0
2011-04-04,0.76789,0.77037,0.76598,0.76805,0.0
2011-04-05,0.76805,0.7723,0.76706,0.76828,0.0
2011-04-06,0.7684,0.78066,0.76688,0.7794,0.0
2011-04-07,0.77925,0.78065,0.77365,0.7787,0.0
2011-04-08,0.77865,0.7835,0.77627,0.78239,0.0
2011-04-11,0.78288,0.7847,0.77829,0.7795,0.0
2011-04-12,0.7794,0.78839,0.77456,0.78295,0.0
2011-04-13,0.7834,0.79283,0.78238,0.7892,0.0
2011-04-14,0.78915,0.79556,0.78636,0.7935,0.0
2011-04-15,0.79345,0.79988,0.79255,0.79898,0.0
2011-04-18,0.79944,0.80012,0.78393,0.79071,0.0
2011-04-19,0.7908,0.79085,0.78214,0.7885,0.0
2011-04-20,0.78855,0.80075,0.78791,0.79762,0.0
2011-04-21,0.79769,0.80372,0.79538,0.8001,0.0
2011-04-22,0.8003,0.80351,0.80015,0.80132,0.0
2011-04-25,0.80106,0.80365,0.79736,0.7991,0.0
2011-04-26,0.79905,0.80709,0.79756,0.80483,0.0
2011-04-27,0.80498,0.81057,0.80023,0.8076,0.0
2011-04-28,0.8046,0.80823,0.79699,0.8017,0.0
2011-04-29,0.80175,0.81073,0.80025,0.80921,0.0
2011-05-02,0.80887,0.81207,0.8031,0.80555,0.0
2011-05-03,0.80615,0.80644,0.79705,0.79775,0.0
2011-05-04,0.79765,0.79945,0.78646,0.7887,0.0
2011-05-05,0.78883,0.79411,0.78136,0.7832,0.0
2011-05-06,0.78395,0.79729,0.78333,0.78959,0.0
2011-05-09,0.78957,0.79579,0.78866,0.79509,0.0
2011-05-10,0.79443,0.79605,0.78885,0.79483,0.0
2011-05-11,0.79406,0.79735,0.78711,0.78865,0.0
2011-05-12,0.78857,0.79908,0.78402,0.79535,0.0
2011-05-13,0.79445,0.79652,0.78351,0.78619,0.0
2011-05-16,0.78474,0.78669,0.77547,0.77982,0.0
2011-05-17,0.7787,0.78456,0.77643,0.78456,0.0
2011-05-18,0.7839,0.79113,0.78292,0.7886,0.0
2011-05-19,0.78795,0.79365,0.78605,0.79085,0.0
2011-05-20,0.7898,0.79985,0.7897,0.79519,0.0
2011-05-23,0.79311,0.79507,0.78581,0.79002,0.0
2011-05-24,0.78934,0.80147,0.7882,0.7962,0.0
2011-05-25,0.79508,0.80123,0.79011,0.79793,0.0
2011-05-26,0.7976,0.81229,0.79652,0.81119,0.0
2011-05-27,0.81115,0.81974,0.80687,0.81862,0.0
2011-05-30,0.81833,0.82175,0.81505,0.81607,0.0
2011-05-31,0.816,0.82632,0.816,0.8238,0.0
2011-06-01,0.8236,0.82592,0.81308,0.81428,0.0
2011-06-02,0.81405,0.81806,0.8108,0.81504,0.0
2011-06-03,0.8151,0.81935,0.80718,0.81543,0.0
2011-06-06,0.8145,0.81821,0.81183,0.81423,0.0
2011-06-07,0.81335,0.82308,0.81315,0.82023,0.0
2011-06-08,0.82025,0.82128,0.81405,0.81502,0.0
2011-06-09,0.8169,0.83005,0.81302,0.82465,0.0
2011-06-10,0.82445,0.82807,0.82048,0.82081,0.0
2011-06-13,0.81986,0.82177,0.81142,0.81527,0.0
2011-06-14,0.81527,0.82146,0.81382,0.8179,0.0
2011-06-15,0.8177,0.82062,0.80318,0.80617,0.0
2011-06-16,0.80615,0.80726,0.79712,0.80435,0.0
2011-06-17,0.80424,0.81371,0.80128,0.8121,0.0
2011-06-20,0.80935,0.81179,0.80442,0.81004,0.0
2011-06-21,0.80946,0.81459,0.80819,0.81226,0.0
2011-06-22,0.81135,0.81937,0.81113,0.81453,0.0
2011-06-23,0.81353,0.8177,0.80815,0.81383,0.0
2011-06-24,0.81277,0.8173,0.80936,0.81181,0.0
2011-06-27,0.80768,0.80812,0.80079,0.80546,0.0
2011-06-28,0.80435,0.81233,0.80242,0.81183,0.0
2011-06-29,0.81119,0.82616,0.81003,0.82505,0.0
2011-06-30,0.8243,0.83177,0.82415,0.82895,0.0
2011-07-01,0.8281,0.82926,0.82405,0.8262,0.0
2011-07-04,0.82755,0.83099,0.82703,0.82841,0.0
2011-07-05,0.82927,0.83294,0.8232,0.82407,0.0
2011-07-06,0.82405,0.83008,0.82358,0.82592,0.0
2011-07-07,0.82591,0.83427,0.8255,0.83239,0.0
2011-07-08,0.83327,0.83828,0.82883,0.8367,0.0
2011-07-11,0.8343,0.83589,0.82732,0.82792,0.0
2011-07-12,0.82791,0.8302,0.81096,0.81701,0.0
2011-07-13,0.81699,0.8384,0.81516,0.83627,0.0
2011-07-14,0.83625,0.85055,0.83381,0.84184,0.0
2011-07-15,0.84097,0.84709,0.83795,0.84345,0.0
2011-07-18,0.8454,0.84898,0.84112,0.84404,0.0
2011-07-19,0.84408,0.85722,0.84312,0.85475,0.0
2011-07-20,0.85476,0.85678,0.85261,0.8561,0.0
2011-07-21,0.85616,0.8642,0.85378,0.86259,0.0
2011-07-22,0.8627,0.86738,0.8582,0.86421,0.0
2011-07-25,0.86272,0.86763,0.86157,0.86398,0.0
2011-07-26,0.86397,0.87419,0.8611,0.8704,0.0
2011-07-27,0.87042,0.87653,0.86775,0.86776,0.0
2011-07-28,0.86754,0.87528,0.86726,0.87104,0.0
2011-07-29,0.87105,0.8796,0.86213,0.87905,0.0
2011-08-01,0.88007,0.88422,0.87322,0.87627,0.0
2011-08-02,0.87637,0.87831,0.86599,0.86632,0.0
2011-08-03,0.86634,0.86779,0.85752,0.86334,0.0
2011-08-04,0.86333,0.86675,0.83481,0.83606,0.0
2011-08-05,0.83601,0.8466,0.82735,0.84219,0.0
2011-08-08,0.84192,0.84298,0.82021,0.8207,0.0
2011-08-09,0.82055,0.83886,0.79628,0.83671,0.0
2011-08-10,0.8367,0.84102,0.80624,0.81087,0.0
2011-08-11,0.81088,0.83325,0.80748,0.83156,0.0
2011-08-12,0.83135,0.83428,0.81796,0.83191,0.0
2011-08-15,0.83209,0.83893,0.82723,0.83261,0.0
2011-08-16,0.83252,0.83806,0.82712,0.83562,0.0
2011-08-17,0.83557,0.84246,0.83119,0.83697,0.0
2011-08-18,0.83698,0.83778,0.81945,0.82115,0.0
2011-08-19,0.821,0.82889,0.81713,0.81732,0.0
2011-08-22,0.8174,0.82781,0.81598,0.82358,0.0
2011-08-23,0.82355,0.83672,0.82126,0.83567,0.0
2011-08-24,0.83565,0.83595,0.8261,0.82819,0.0
2011-08-25,0.82817,0.83289,0.82586,0.82651,0.0
2011-08-26,0.82655,0.8417,0.82603,0.84005,0.0
2011-08-29,0.84088,0.84678,0.8385,0.84589,0.0
2011-08-30,0.84597,0.85586,0.84587,0.85279,0.0
2011-08-31,0.85282,0.85719,0.85029,0.85406,0.0
2011-09-01,0.85398,0.85406,0.84731,0.85071,0.0
2011-09-02,0.85066,0.85446,0.84343,0.84772,0.0
2011-09-05,0.84412,0.84497,0.8292,0.83179,0.0
2011-09-06,0.83184,0.83876,0.82056,0.82257,0.0
2011-09-07,0.82242,0.8325,0.82211,0.83175,0.0
2011-09-08,0.83169,0.83825,0.83039,0.83063,0.0
2011-09-09,0.83068,0.83711,0.81911,0.82121,0.0
2011-09-12,0.82095,0.82429,0.81176,0.82302,0.0
2011-09-13,0.82303,0.82709,0.81799,0.82281,0.0
2011-09-14,0.82276,0.82652,0.81412,0.82117,0.0
2011-09-15,0.82086,0.82811,0.812,0.82357,0.0
2011-09-16,0.82336,0.83409,0.82066,0.82836,0.0
2011-09-19,0.82385,0.82868,0.81707,0.82488,0.0
2011-09-20,0.82478,0.82648,0.81635,0.82391,0.0
2011-09-21,0.82402,0.8244,0.79945,0.80096,0.0
2011-09-22,0.80097,0.80636,0.7751,0.77987,0.0
2011-09-23,0.7799,0.78934,0.77236,0.77544,0.0
2011-09-26,0.77582,0.78073,0.76368,0.77978,0.0
2011-09-27,0.77996,0.79575,0.77671,0.78829,0.0
2011-09-28,0.78821,0.79014,0.77569,0.77602,0.0
2011-09-29,0.77611,0.78325,0.76499,0.77067,0.0
2011-09-30,0.77077,0.77094,0.75968,0.75968,0.0
2011-10-03,0.76102,0.76423,0.75237,0.75253,0.0
2011-10-04,0.75248,0.76289,0.7468,0.76003,0.0
2011-10-05,0.75945,0.76689,0.75522,0.76593,0.0
2011-10-06,0.76604,0.77267,0.76242,0.77143,0.0
2011-10-07,0.77146,0.77967,0.76741,0.76753,0.0
2011-10-10,0.76709,0.78574,0.76709,0.78376,0.0
2011-10-11,0.78374,0.78474,0.77603,0.7796,0.0
2011-10-12,0.77961,0.79956,0.77414,0.79555,0.0
2011-10-13,0.79523,0.79665,0.78895,0.79516,0.0
2011-10-14,0.79511,0.8056,0.79076,0.80495,0.0
2011-10-17,0.8019,0.80672,0.79061,0.79123,0.0
2011-10-18,0.79139,0.80085,0.78598,0.79556,0.0
2011-10-19,0.7954,0.80065,0.78984,0.79167,0.0
2011-10-20,0.79155,0.79904,0.78719,0.79322,0.0
2011-10-21,0.79283,0.80311,0.78996,0.80245,0.0
2011-10-24,0.80116,0.81083,0.80012,0.8071,0.0
2011-10-25,0.80689,0.80772,0.79404,0.79643,0.0
2011-10-26,0.79685,0.80094,0.79131,0.80049,0.0
2011-10-27,0.80062,0.82294,0.79844,0.82262,0.0
2011-10-28,0.82227,0.82415,0.81649,0.81989,0.0
2011-10-31,0.81931,0.8227,0.80599,0.80648,0.0
2011-11-01,0.80654,0.81069,0.79189,0.79492,0.0
2011-11-02,0.79494,0.79809,0.78655,0.79054,0.0
2011-11-03,0.79082,0.79684,0.78053,0.7954,0.0
2011-11-04,0.7953,0.79655,0.78818,0.79303,0.0
2011-11-07,0.79585,0.79974,0.79156,0.7966,0.0
2011-11-08,0.79686,0.79899,0.79225,0.79803,0.0
2011-11-09,0.79794,0.79867,0.78067,0.78093,0.0
2011-11-10,0.78109,0.78209,0.77315,0.77715,0.0
2011-11-11,0.77732,0.78712,0.7745,0.7848,0.0
2011-11-14,0.79213,0.79239,0.77601,0.78009,0.0
2011-11-15,0.7801,0.78092,0.767,0.77107,0.0
2011-11-16,0.77107,0.77232,0.7625,0.76579,0.0
2011-11-17,0.76543,0.76842,0.75653,0.7587,0.0
2011-11-18,0.75856,0.76491,0.75521,0.75597,0.0
2011-11-21,0.75583,0.75761,0.74479,0.74653,0.0
2011-11-22,0.74647,0.75133,0.74405,0.74738,0.0
2011-11-23,0.74703,0.75034,0.73849,0.7398,0.0
2011-11-24,0.73956,0.74547,0.73916,0.74151,0.0
2011-11-25,0.74113,0.74412,0.73695,0.74087,0.0
2011-11-28,0.75055,0.75737,0.74769,0.7549,0.0
2011-11-29,0.75476,0.76512,0.75102,0.76081,0.0
2011-11-30,0.76066,0.78218,0.75762,0.78035,0.0
2011-12-01,0.77998,0.78131,0.77227,0.77881,0.0
2011-12-02,0.77913,0.7839,0.77609,0.77732,0.0
2011-12-05,0.78077,0.7836,0.77612,0.77981,0.0
2011-12-06,0.77953,0.78173,0.77383,0.77973,0.0
2011-12-07,0.77963,0.78284,0.77498,0.77971,0.0
2011-12-08,0.77932,0.78781,0.77104,0.77214,0.0
2011-12-09,0.77262,0.77586,0.76363,0.77443,0.0
2011-12-12,0.77463,0.77481,0.76097,0.76275,0.0
2011-12-13,0.76264,0.76739,0.75519,0.7564,0.0
2011-12-14,0.75655,0.75778,0.74868,0.75025,0.0
2011-12-15,0.75022,0.75545,0.74607,0.75317,0.0
2011-12-16,0.75289,0.76448,0.75282,0.76133,0.0
2011-12-19,0.76385,0.76394,0.75411,0.75532,0.0
2011-12-20,0.75496,0.77161,0.75493,0.76773,0.0
2011-12-21,0.76753,0.77747,0.76522,0.77012,0.0
2011-12-22,0.76997,0.77507,0.76653,0.77305,0.0
2011-12-23,0.77336,0.77565,0.77173,0.77324,0.0
2011-12-27,0.7738,0.77449,0.77039,0.77253,0.0
2011-12-28,0.77145,0.77816,0.76727,0.76872,0.0
2011-12-29,0.76828,0.77177,0.76521,0.77094,0.0
2011-12-30,0.77082,0.78107,0.77045,0.77688,0.0
2012-01-02,0.77456,0.78031,0.77406,0.77815,0.0
2012-01-03,0.77811,0.79073,0.77811,0.78993,0.0
2012-01-04,0.78886,0.79059,0.78528,0.78746,0.0
2012-01-05,0.78715,0.7879,0.77925,0.78056,0.0
2012-01-06,0.77973,0.78371,0.77735,0.78033,0.0
2012-01-09,0.77943,0.78867,0.77773,0.78713,0.0
2012-01-10,0.78684,0.79646,0.78647,0.79388,0.0
2012-01-11,0.79415,0.7974,0.79242,0.79685,0.0
2012-01-12,0.79667,0.79805,0.79086,0.79379,0.0
2012-01-13,0.79346,0.79542,0.78645,0.79412,0.0
2012-01-16,0.79125,0.7966,0.79125,0.79337,0.0
2012-01-17,0.79325,0.80306,0.79293,0.79988,0.0
2012-01-18,0.7999,0.80815,0.79959,0.8041,0.0
2012-01-19,0.80404,0.8043,0.80012,0.80282,0.0
2012-01-20,0.80255,0.80631,0.79952,0.80576,0.0
2012-01-23,0.80684,0.81413,0.80455,0.80978,0.0
2012-01-24,0.8097,0.81191,0.80546,0.81177,0.0
2012-01-25,0.81147,0.81928,0.80406,0.81655,0.0
2012-01-26,0.81648,0.82352,0.81515,0.82107,0.0
2012-01-27,0.82103,0.82492,0.81878,0.8237,0.0
2012-01-30,0.82246,0.82386,0.81545,0.81893,0.0
2012-01-31,0.81893,0.83008,0.81754,0.82582,0.0
2012-02-01,0.82594,0.8356,0.82125,0.83235,0.0
2012-02-02,0.83213,0.83693,0.83101,0.83301,0.0
2012-02-03,0.83294,0.83786,0.82946,0.83511,0.0
2012-02-06,0.83265,0.83481,0.82857,0.83403,0.0
2012-02-07,0.83332,0.83728,0.83134,0.83565,0.0
2012-02-08,0.83539,0.84065,0.83255,0.83425,0.0
2012-02-09,0.83468,0.83775,0.832,0.83388,0.0
2012-02-10,0.83378,0.83418,0.82493,0.82655,0.0
2012-02-13,0.82796,0.83745,0.82796,0.83387,0.0
2012-02-14,0.83359,0.83508,0.82725,0.83391,0.0
2012-02-15,0.83348,0.84211,0.83229,0.83371,0.0
2012-02-16,0.83254,0.83417,0.82445,0.83303,0.0
2012-02-17,0.83284,0.83835,0.83159,0.83159,0.0
2012-02-20,0.83874,0.84279,0.83827,0.8397,0.0
2012-02-21,0.83921,0.84038,0.83256,0.83367,0.0
2012-02-22,0.83364,0.83573,0.82633,0.829,0.0
2012-02-23,0.82914,0.83645,0.82633,0.83605,0.0
2012-02-24,0.83578,0.83961,0.83499,0.83499,0.0
2012-02-27,0.8361,0.84172,0.83222,0.8398,0.0
2012-02-28,0.84002,0.84174,0.83486,0.83765,0.0
2012-02-29,0.83752,0.84705,0.83294,0.83408,0.0
2012-03-01,0.83383,0.8406,0.83221,0.83922,0.0
2012-03-02,0.83919,0.84022,0.82849,0.82915,0.0
2012-03-05,0.82965,0.83062,0.8202,0.8206,0.0
2012-03-06,0.82042,0.82235,0.80997,0.81241,0.0
2012-03-07,0.81219,0.82011,0.81152,0.81627,0.0
2012-03-08,0.81612,0.828,0.81394,0.82406,0.0
2012-03-09,0.82399,0.82757,0.81926,0.82113,0.0
2012-03-12,0.81791,0.81991,0.81363,0.81775,0.0
2012-03-13,0.81771,0.82464,0.81767,0.82327,0.0
2012-03-14,0.82302,0.8232,0.80681,0.80926,0.0
2012-03-15,0.80882,0.82142,0.80608,0.81917,0.0
2012-03-16,0.8189,0.82574,0.81774,0.82406,0.0
2012-03-19,0.82424,0.82875,0.8233,0.82623,0.0
2012-03-20,0.82613,0.8268,0.81372,0.81732,0.0
2012-03-21,0.81707,0.82174,0.81167,0.81553,0.0
2012-03-22,0.8154,0.81551,0.80579,0.8094,0.0
2012-03-23,0.80919,0.81871,0.80901,0.81823,0.0
2012-03-26,0.81706,0.82368,0.81419,0.82315,0.0
2012-03-27,0.82304,0.82633,0.81969,0.82027,0.0
2012-03-28,0.82043,0.82145,0.81495,0.81663,0.0
2012-03-29,0.8166,0.81947,0.81157,0.8175,0.0
2012-03-30,0.81688,0.82287,0.81641,0.81792,0.0
2012-04-02,0.82327,0.82555,0.81847,0.82325,0.0
2012-04-03,0.82321,0.82626,0.81659,0.81896,0.0
2012-04-04,0.81864,0.81965,0.81238,0.8147,0.0
2012-04-05,0.81448,0.81875,0.81244,0.81582,0.0
2012-04-06,0.81576,0.8204,0.81372,0.81792,0.0
2012-04-09,0.81623,0.82368,0.81511,0.8212,0.0
2012-04-10,0.82113,0.82392,0.81197,0.81471,0.0
2012-04-11,0.81461,0.822,0.8135,0.81744,0.0
2012-04-12,0.81783,0.82793,0.8167,0.82775,0.0
2012-04-13,0.82747,0.83179,0.82252,0.82293,0.0
2012-04-16,0.82453,0.82505,0.81707,0.81977,0.0
2012-04-17,0.81953,0.82345,0.81495,0.82145,0.0
2012-04-18,0.82033,0.8227,0.81457,0.81572,0.0
2012-04-19,0.81561,0.81965,0.81216,0.81383,0.0
2012-04-20,0.81324,0.81836,0.81194,0.81798,0.0
2012-04-23,0.81633,0.81876,0.80873,0.81336,0.0
2012-04-24,0.81301,0.81579,0.80971,0.81275,0.0
2012-04-25,0.81226,0.81522,0.81051,0.81294,0.0
2012-04-26,0.81204,0.81893,0.81158,0.81453,0.0
2012-04-27,0.81375,0.82322,0.81056,0.82187,0.0
2012-04-30,0.82101,0.82343,0.8161,0.81838,0.0
2012-05-01,0.81814,0.81874,0.81207,0.81491,0.0
2012-05-02,0.81492,0.8153,0.8086,0.81063,0.0
2012-05-03,0.81055,0.81055,0.7987,0.79923,0.0
2012-05-04,0.7994,0.80188,0.79371,0.79546,0.0
2012-05-07,0.79318,0.79684,0.79061,0.79459,0.0
2012-05-08,0.7943,0.79729,0.78578,0.78755,0.0
2012-05-09,0.78743,0.78814,0.78126,0.78405,0.0
2012-05-10,0.78352,0.79017,0.78274,0.78525,0.0
2012-05-11,0.78491,0.78787,0.78101,0.78202,0.0
2012-05-14,0.7821,0.78235,0.77572,0.7768,0.0
2012-05-15,0.77601,0.77972,0.76803,0.76917,0.0
2012-05-16,0.76896,0.76962,0.7623,0.76415,0.0
2012-05-17,0.76407,0.76805,0.76214,0.76315,0.0
2012-05-18,0.76274,0.76502,0.75212,0.75563,0.0
2012-05-21,0.75688,0.7657,0.75407,0.76488,0.0
2012-05-22,0.76453,0.7676,0.75202,0.75413,0.0
2012-05-23,0.7539,0.75512,0.74565,0.74953,0.0
2012-05-24,0.74959,0.75738,0.74806,0.75342,0.0
2012-05-25,0.75306,0.75848,0.75136,0.75331,0.0
2012-05-28,0.759,0.76451,0.75756,0.7612,0.0
2012-05-29,0.76088,0.76477,0.75776,0.76228,0.0
2012-05-30,0.76248,0.76314,0.75251,0.75295,0.0
2012-05-31,0.75268,0.75752,0.74996,0.75287,0.0
2012-06-01,0.75369,0.7567,0.74545,0.75371,0.0
2012-06-04,0.7513,0.75944,0.75004,0.7567,0.0
2012-06-05,0.756,0.7603,0.75195,0.75592,0.0
2012-06-06,0.75556,0.77093,0.75502,0.77069,0.0
2012-06-07,0.77046,0.77525,0.76661,0.76685,0.0
2012-06-08,0.76661,0.77195,0.76178,0.7703,0.0
2012-06-11,0.77634,0.7785,0.76875,0.76895,0.0
2012-06-12,0.76882,0.77778,0.76695,0.7771,0.0
2012-06-13,0.77652,0.78087,0.77199,0.77298,0.0
2012-06-14,0.77245,0.78325,0.77161,0.78239,0.0
2012-06-15,0.78205,0.79006,0.78117,0.78636,0.0
2012-06-18,0.79083,0.79432,0.78868,0.7916,0.0
2012-06-19,0.79154,0.79891,0.79077,0.798,0.0
2012-06-20,0.79763,0.79852,0.79139,0.79601,0.0
2012-06-21,0.79581,0.80157,0.78519,0.78662,0.0
2012-06-22,0.78577,0.79184,0.7846,0.78973,0.0
2012-06-25,0.7893,0.7898,0.78432,0.78726,0.0
2012-06-26,0.78691,0.79313,0.78669,0.79111,0.0
2012-06-27,0.79068,0.79208,0.78746,0.79176,0.0
2012-06-28,0.79132,0.79627,0.78391,0.7879,0.0
2012-06-29,0.78778,0.8041,0.78482,0.80062,0.0
2012-07-02,0.79999,0.80499,0.79999,0.80352,0.0
2012-07-03,0.80335,0.80615,0.80007,0.80406,0.0
2012-07-04,0.80222,0.80632,0.80219,0.80351,0.0
2012-07-05,0.80247,0.80749,0.80051,0.80353,0.0
2012-07-06,0.80285,0.80472,0.7956,0.79694,0.0
2012-07-09,0.79698,0.79786,0.79283,0.79652,0.0
2012-07-10,0.79515,0.79876,0.79294,0.79368,0.0
2012-07-11,0.79347,0.79982,0.79288,0.79692,0.0
2012-07-12,0.79526,0.79799,0.78607,0.78965,0.0
2012-07-13,0.78949,0.79655,0.78884,0.79597,0.0
2012-07-16,0.79549,0.79865,0.79357,0.79735,0.0
2012-07-17,0.79721,0.80042,0.79299,0.7979,0.0
2012-07-18,0.79657,0.80058,0.79237,0.79952,0.0
2012-07-19,0.7998,0.80541,0.79915,0.80317,0.0
2012-07-20,0.80292,0.80354,0.79781,0.79909,0.0
2012-07-23,0.79663,0.79831,0.78658,0.78753,0.0
2012-07-24,0.78699,0.79222,0.78387,0.78434,0.0
2012-07-25,0.78394,0.79159,0.78073,0.78889,0.0
2012-07-26,0.78846,0.80285,0.78816,0.80173,0.0
2012-07-27,0.80163,0.81045,0.79902,0.81019,0.0
2012-07-30,0.80965,0.81077,0.80713,0.80875,0.0
2012-07-31,0.80796,0.81214,0.80769,0.80855,0.0
2012-08-01,0.80847,0.81433,0.80676,0.80773,0.0
2012-08-02,0.80732,0.81719,0.8069,0.8097,0.0
2012-08-03,0.80969,0.81978,0.80855,0.81891,0.0
2012-08-06,0.8176,0.82233,0.81621,0.82002,0.0
2012-08-07,0.81979,0.82197,0.8146,0.8154,0.0
2012-08-08,0.81546,0.81629,0.81178,0.81577,0.0
2012-08-09,0.81539,0.81603,0.80977,0.81193,0.0
2012-08-10,0.8111,0.81389,0.80828,0.81348,0.0
2012-08-13,0.81159,0.81298,0.80762,0.80878,0.0
2012-08-14,0.80857,0.81135,0.80429,0.80524,0.0
2012-08-15,0.80522,0.80747,0.80367,0.80722,0.0
2012-08-16,0.80702,0.81176,0.80545,0.81035,0.0
2012-08-17,0.80985,0.81238,0.80609,0.80617,0.0
2012-08-20,0.80713,0.81049,0.80623,0.80818,0.0
2012-08-21,0.80822,0.81433,0.80822,0.81099,0.0
2012-08-22,0.8104,0.81442,0.80758,0.81385,0.0
2012-08-23,0.81368,0.81858,0.81251,0.81265,0.0
2012-08-24,0.81243,0.81405,0.80805,0.81064,0.0
2012-08-27,0.80865,0.81251,0.80808,0.80859,0.0
2012-08-28,0.80853,0.80875,0.8033,0.80453,0.0
2012-08-29,0.80433,0.80565,0.80037,0.80053,0.0
2012-08-30,0.80029,0.80309,0.7969,0.7977,0.0
2012-08-31,0.79748,0.80422,0.79729,0.80257,0.0
2012-09-03,0.79974,0.80156,0.79698,0.79751,0.0
2012-09-04,0.79637,0.7996,0.79208,0.79435,0.0
2012-09-05,0.79416,0.79582,0.79141,0.79455,0.0
2012-09-06,0.79462,0.80308,0.79363,0.80142,0.0
2012-09-07,0.80079,0.81251,0.80019,0.81189,0.0
2012-09-10,0.8088,0.8133,0.80792,0.80821,0.0
2012-09-11,0.80802,0.81937,0.80802,0.81709,0.0
2012-09-12,0.81681,0.82362,0.81681,0.8201,0.0
2012-09-13,0.8192,0.83227,0.8192,0.8307,0.0
2012-09-14,0.83065,0.83527,0.82855,0.82855,0.0
2012-09-17,0.82931,0.83041,0.82498,0.82605,0.0
2012-09-18,0.82699,0.82844,0.82343,0.82679,0.0
2012-09-19,0.82704,0.82943,0.82553,0.82657,0.0
2012-09-20,0.82693,0.83021,0.82071,0.82895,0.0
2012-09-21,0.8287,0.83361,0.82799,0.82805,0.0
2012-09-24,0.82935,0.83066,0.81831,0.8228,0.0
2012-09-25,0.82251,0.82829,0.82006,0.82148,0.0
2012-09-26,0.82132,0.82481,0.81838,0.82414,0.0
2012-09-27,0.82413,0.83248,0.82405,0.83141,0.0
2012-09-28,0.83075,0.83557,0.82756,0.82982,0.0
2012-10-01,0.82884,0.83227,0.82648,0.82764,0.0
2012-10-02,0.8273,0.83365,0.82565,0.82735,0.0
2012-10-03,0.8272,0.82729,0.81736,0.81903,0.0
2012-10-04,0.81921,0.8233,0.81651,0.82164,0.0
2012-10-05,0.82181,0.82653,0.81517,0.81692,0.0
2012-10-08,0.81617,0.82225,0.81488,0.81914,0.0
2012-10-09,0.81907,0.82375,0.81593,0.81778,0.0
2012-10-10,0.81777,0.8206,0.81447,0.81611,0.0
2012-10-11,0.81569,0.81903,0.81529,0.81718,0.0
2012-10-12,0.81714,0.82094,0.81561,0.81622,0.0
2012-10-15,0.81677,0.81946,0.81289,0.81847,0.0
2012-10-16,0.81859,0.81859,0.81083,0.81424,0.0
2012-10-17,0.81401,0.82257,0.81394,0.82162,0.0
2012-10-18,0.82153,0.82298,0.81737,0.81828,0.0
2012-10-19,0.81781,0.82055,0.81485,0.81606,0.0
2012-10-22,0.81465,0.81881,0.81465,0.81757,0.0
2012-10-23,0.81766,0.81834,0.81007,0.81153,0.0
2012-10-24,0.81173,0.82088,0.81056,0.82042,0.0
2012-10-25,0.82033,0.8242,0.81556,0.8176,0.0
2012-10-26,0.81803,0.82363,0.81693,0.82263,0.0
2012-10-29,0.82155,0.82295,0.81813,0.81913,0.0
2012-10-30,0.81844,0.82336,0.81843,0.82067,0.0
2012-10-31,0.8206,0.82279,0.81985,0.82242,0.0
2012-11-01,0.82219,0.82789,0.82104,0.82683,0.0
2012-11-02,0.82663,0.82878,0.82382,0.82508,0.0
2012-11-05,0.8237,0.82648,0.823,0.82515,0.0
2012-11-06,0.82498,0.82907,0.82479,0.827,0.0
2012-11-07,0.82709,0.83087,0.81798,0.81817,0.0
2012-11-08,0.81751,0.81993,0.81444,0.81522,0.0
2012-11-09,0.81458,0.81761,0.81232,0.81403,0.0
2012-11-12,0.81476,0.81854,0.81396,0.81757,0.0
2012-11-13,0.81718,0.82024,0.81565,0.81583,0.0
2012-11-14,0.81596,0.81808,0.80868,0.81034,0.0
2012-11-15,0.80978,0.81298,0.80787,0.80901,0.0
2012-11-16,0.80891,0.81267,0.80521,0.8125,0.0
2012-11-19,0.81285,0.82022,0.81199,0.81987,0.0
2012-11-20,0.81973,0.81997,0.81446,0.81695,0.0
2012-11-21,0.8171,0.81744,0.81116,0.81443,0.0
2012-11-22,0.81451,0.81652,0.81339,0.8154,0.0
2012-11-23,0.81557,0.82498,0.81517,0.82341,0.0
2012-11-26,0.82245,0.82459,0.82129,0.82194,0.0
2012-11-27,0.82163,0.82377,0.81922,0.82036,0.0
2012-11-28,0.82003,0.82392,0.81942,0.82358,0.0
2012-11-29,0.82344,0.8267,0.82081,0.82256,0.0
2012-11-30,0.8225,0.8237,0.81733,0.81992,0.0
2012-12-03,0.82027,0.82247,0.81701,0.82083,0.0
2012-12-04,0.82077,0.82597,0.82005,0.82368,0.0
2012-12-05,0.82374,0.82923,0.8235,0.82857,0.0
2012-12-06,0.82861,0.83488,0.82828,0.83257,0.0
2012-12-07,0.83252,0.83353,0.831,0.83244,0.0
2012-12-10,0.83175,0.83537,0.83175,0.83468,0.0
2012-12-11,0.83445,0.83964,0.83344,0.83903,0.0
2012-12-12,0.83887,0.84523,0.83858,0.84355,0.0
2012-12-13,0.84299,0.84595,0.84208,0.84292,0.0
2012-12-14,0.84308,0.84756,0.83944,0.84599,0.0
2012-12-17,0.8456,0.84743,0.84247,0.8448,0.0
2012-12-18,0.84452,0.84525,0.84004,0.84131,0.0
2012-12-19,0.84109,0.84163,0.83313,0.83386,0.0
2012-12-20,0.83353,0.83662,0.8318,0.83373,0.0
2012-12-21,0.83337,0.83456,0.82226,0.82339,0.0
2012-12-24,0.82353,0.82507,0.82109,0.82145,0.0
2012-12-26,0.82124,0.82391,0.81553,0.81937,0.0
2012-12-27,0.81892,0.82266,0.81623,0.82055,0.0
2012-12-28,0.8205,0.82259,0.81802,0.8195,0.0
2012-12-31,0.81955,0.82907,0.81955,0.82814,0.0
2013-01-02,0.82721,0.83958,0.82597,0.83401,0.0
2013-01-03,0.83295,0.83511,0.82712,0.82793,0.0
2013-01-04,0.82782,0.83229,0.82129,0.83162,0.0
2013-01-07,0.83063,0.83758,0.82859,0.83698,0.0
2013-01-08,0.83686,0.8381,0.83345,0.83653,0.0
2013-01-09,0.83629,0.8409,0.83496,0.83947,0.0
2013-01-10,0.83936,0.84583,0.83835,0.84582,0.0
2013-01-11,0.84493,0.84599,0.83619,0.83637,0.0
2013-01-14,0.83876,0.84397,0.83617,0.84335,0.0
2013-01-15,0.84211,0.84392,0.83721,0.83959,0.0
2013-01-16,0.83951,0.84292,0.83668,0.84067,0.0
2013-01-17,0.84002,0.84262,0.83237,0.83598,0.0
2013-01-18,0.83564,0.83818,0.83343,0.8358,0.0
2013-01-21,0.83448,0.83727,0.83328,0.83576,0.0
2013-01-22,0.8355,0.84294,0.83546,0.84087,0.0
2013-01-23,0.84078,0.84398,0.84002,0.84253,0.0
2013-01-24,0.84168,0.84464,0.83742,0.83775,0.0
2013-01-25,0.83741,0.83934,0.8354,0.83783,0.0
2013-01-28,0.83463,0.83648,0.82798,0.83393,0.0
2013-01-29,0.83378,0.83958,0.83254,0.8393,0.0
2013-01-30,0.83889,0.83914,0.8294,0.83576,0.0
2013-01-31,0.83579,0.8422,0.83426,0.83886,0.0
2013-02-01,0.83843,0.84703,0.83843,0.84523,0.0
2013-02-04,0.84731,0.84788,0.8424,0.84308,0.0
2013-02-05,0.84285,0.84646,0.84105,0.84504,0.0
2013-02-06,0.84378,0.84604,0.83817,0.83937,0.0
2013-02-07,0.83885,0.84007,0.8297,0.83299,0.0
2013-02-08,0.83291,0.83879,0.83255,0.83531,0.0
2013-02-11,0.83622,0.83788,0.83094,0.83488,0.0
2013-02-12,0.83443,0.84365,0.83329,0.84038,0.0
2013-02-13,0.84017,0.84568,0.8394,0.84502,0.0
2013-02-14,0.84525,0.85156,0.8449,0.85117,0.0
2013-02-15,0.85102,0.85334,0.84331,0.84331,0.0
2013-02-18,0.84427,0.84638,0.84184,0.84498,0.0
2013-02-19,0.84481,0.84884,0.84034,0.84664,0.0
2013-02-20,0.84609,0.8469,0.83265,0.83559,0.0
2013-02-21,0.83556,0.83626,0.83131,0.83385,0.0
2013-02-22,0.83357,0.83969,0.8333,0.83741,0.0
2013-02-25,0.83584,0.84168,0.83209,0.83231,0.0
2013-02-26,0.83241,0.83525,0.82231,0.8244,0.0
2013-02-27,0.82428,0.82845,0.82254,0.8274,0.0
2013-02-28,0.82753,0.83237,0.82381,0.82472,0.0
2013-03-01,0.82403,0.82944,0.8215,0.82502,0.0
2013-03-04,0.82262,0.82782,0.81923,0.82763,0.0
2013-03-05,0.82732,0.83324,0.82554,0.8309,0.0
2013-03-06,0.83044,0.83497,0.82731,0.82816,0.0
2013-03-07,0.82766,0.83136,0.82598,0.82823,0.0
2013-03-08,0.82764,0.82936,0.81867,0.82137,0.0
2013-03-11,0.81937,0.82843,0.81913,0.82797,0.0
2013-03-12,0.82772,0.82799,0.8231,0.82676,0.0
2013-03-13,0.82638,0.82758,0.81613,0.81824,0.0
2013-03-14,0.8186,0.82351,0.81643,0.8219,0.0
2013-03-15,0.82063,0.82791,0.81924,0.8272,0.0
2013-03-18,0.8225,0.82664,0.82163,0.82624,0.0
2013-03-19,0.82505,0.82683,0.82262,0.82442,0.0
2013-03-20,0.82438,0.82523,0.82093,0.82196,0.0
2013-03-21,0.82266,0.83438,0.82113,0.83148,0.0
2013-03-22,0.8308,0.83613,0.83066,0.83519,0.0
2013-03-25,0.83431,0.83698,0.8334,0.83501,0.0
2013-03-26,0.83464,0.83931,0.83353,0.83896,0.0
2013-03-27,0.83891,0.83953,0.8342,0.8366,0.0
2013-03-28,0.83635,0.83838,0.83502,0.83665,0.0
2013-03-29,0.83667,0.8376,0.8357,0.83674,0.0
2013-04-01,0.8363,0.83836,0.83503,0.83676,0.0
2013-04-02,0.83675,0.84439,0.83652,0.84151,0.0
2013-04-03,0.84142,0.84471,0.83959,0.84152,0.0
2013-04-04,0.84144,0.8436,0.83626,0.84206,0.0
2013-04-05,0.84166,0.84352,0.83729,0.84317,0.0
2013-04-08,0.8412,0.84742,0.84047,0.84595,0.0
2013-04-09,0.84578,0.85358,0.84528,0.85232,0.0
2013-04-10,0.85231,0.85778,0.85139,0.85743,0.0
2013-04-11,0.85725,0.86753,0.85711,0.86297,0.0
2013-04-12,0.86273,0.86418,0.8546,0.85858,0.0
2013-04-15,0.85683,0.85805,0.83771,0.84045,0.0
2013-04-16,0.84014,0.85069,0.83987,0.84934,0.0
2013-04-17,0.8485,0.85087,0.84262,0.84385,0.0
2013-04-18,0.84391,0.8468,0.84013,0.84111,0.0
2013-04-19,0.84135,0.84902,0.84018,0.84149,0.0
2013-04-22,0.83948,0.84605,0.83924,0.84216,0.0
2013-04-23,0.84234,0.84316,0.83599,0.83976,0.0
2013-04-24,0.84453,0.84867,0.84116,0.84721,0.0
2013-04-25,0.84711,0.85619,0.84642,0.84978,0.0
2013-04-26,0.84963,0.85375,0.84685,0.84792,0.0
2013-04-29,0.84796,0.85747,0.84796,0.85642,0.0
2013-04-30,0.8561,0.8585,0.85407,0.85619,0.0
2013-05-01,0.85602,0.85817,0.84801,0.84975,0.0
2013-05-02,0.84961,0.85107,0.84546,0.84925,0.0
2013-05-03,0.84917,0.85482,0.84723,0.8536,0.0
2013-05-06,0.85225,0.85552,0.84843,0.85126,0.0
2013-05-07,0.85095,0.85224,0.84224,0.84551,0.0
2013-05-08,0.8451,0.84652,0.836,0.83984,0.0
2013-05-09,0.83939,0.84803,0.83511,0.83884,0.0
2013-05-10,0.83916,0.84173,0.82578,0.82975,0.0
2013-05-13,0.8284,0.8317,0.82278,0.82492,0.0
2013-05-14,0.82448,0.8301,0.81799,0.81955,0.0
2013-05-15,0.81949,0.82548,0.81735,0.82391,0.0
2013-05-16,0.82345,0.82705,0.81384,0.81535,0.0
2013-05-17,0.8155,0.8176,0.80595,0.80643,0.0
2013-05-20,0.80877,0.81784,0.80775,0.81714,0.0
2013-05-21,0.81745,0.82118,0.81172,0.81671,0.0
2013-05-22,0.81637,0.82041,0.8056,0.80746,0.0
2013-05-23,0.80726,0.81702,0.80051,0.81351,0.0
2013-05-24,0.81373,0.81437,0.80658,0.80866,0.0
2013-05-27,0.81008,0.81086,0.8061,0.80802,0.0
2013-05-28,0.80754,0.81259,0.80597,0.80775,0.0
2013-05-29,0.8079,0.81616,0.80486,0.8095,0.0
2013-05-30,0.80859,0.81242,0.80033,0.8071,0.0
2013-05-31,0.8072,0.81023,0.79381,0.79397,0.0
2013-06-03,0.79605,0.81176,0.79415,0.80863,0.0
2013-06-04,0.80805,0.81042,0.79668,0.80146,0.0
2013-06-05,0.8014,0.80604,0.7927,0.79685,0.0
2013-06-06,0.79668,0.81025,0.79021,0.80296,0.0
2013-06-07,0.80216,0.80276,0.78574,0.78758,0.0
2013-06-10,0.7822,0.79221,0.78209,0.79027,0.0
2013-06-11,0.79018,0.79099,0.77596,0.78691,0.0
2013-06-12,0.7861,0.80225,0.78606,0.79819,0.0
2013-06-13,0.79386,0.81096,0.78946,0.80988,0.0
2013-06-14,0.80956,0.81359,0.80374,0.80395,0.0
2013-06-17,0.80437,0.80984,0.7966,0.79936,0.0
2013-06-18,0.79858,0.80204,0.79472,0.79897,0.0
2013-06-19,0.79865,0.80524,0.78546,0.78977,0.0
2013-06-20,0.7892,0.78946,0.77111,0.77539,0.0
2013-06-21,0.77545,0.78059,0.76991,0.77369,0.0
2013-06-24,0.77249,0.77889,0.76822,0.77498,0.0
2013-06-25,0.77481,0.77947,0.7696,0.77357,0.0
2013-06-26,0.77336,0.78599,0.77166,0.77862,0.0
2013-06-27,0.77818,0.78519,0.7768,0.77914,0.0
2013-06-28,0.77916,0.78204,0.77058,0.7738,0.0
2013-07-01,0.77134,0.78296,0.77098,0.78158,0.0
2013-07-02,0.78104,0.78287,0.77359,0.77482,0.0
2013-07-03,0.77473,0.77893,0.77094,0.77782,0.0
2013-07-04,0.77771,0.78577,0.77611,0.78297,0.0
2013-07-05,0.78278,0.78409,0.76866,0.77051,0.0
2013-07-08,0.76924,0.7819,0.7692,0.77965,0.0
2013-07-09,0.78009,0.78841,0.77611,0.78486,0.0
2013-07-10,0.78481,0.78825,0.77787,0.78366,0.0
2013-07-11,0.78409,0.79678,0.77638,0.78504,0.0
2013-07-12,0.785,0.78776,0.77509,0.77719,0.0
2013-07-15,0.77791,0.78255,0.77302,0.78045,0.0
2013-07-16,0.78035,0.78989,0.77917,0.78902,0.0
2013-07-17,0.78883,0.79384,0.784,0.79022,0.0
2013-07-18,0.79038,0.7923,0.78472,0.78989,0.0
2013-07-19,0.78974,0.79891,0.78783,0.79288,0.0
2013-07-22,0.78958,0.79752,0.78917,0.79647,0.0
2013-07-23,0.79642,0.80077,0.79536,0.79944,0.0
2013-07-24,0.79937,0.80113,0.79043,0.79386,0.0
2013-07-25,0.79482,0.81051,0.79426,0.80771,0.0
2013-07-26,0.80806,0.81038,0.80534,0.80787,0.0
2013-07-29,0.80716,0.8098,0.80106,0.8031,0.0
2013-07-30,0.80348,0.80373,0.79564,0.79841,0.0
2013-07-31,0.79844,0.80146,0.79304,0.7982,0.0
2013-08-01,0.7976,0.79849,0.78514,0.78962,0.0
2013-08-02,0.78907,0.79344,0.78146,0.78337,0.0
2013-08-05,0.77497,0.78263,0.77356,0.78207,0.0
2013-08-06,0.7816,0.79166,0.78138,0.7899,0.0
2013-08-07,0.78955,0.7997,0.78824,0.79672,0.0
2013-08-08,0.79693,0.80463,0.79326,0.80062,0.0
2013-08-09,0.80081,0.80561,0.79827,0.8035,0.0
2013-08-12,0.80278,0.80565,0.79916,0.80086,0.0
2013-08-13,0.80087,0.80098,0.79334,0.79612,0.0
2013-08-14,0.79594,0.80501,0.79574,0.8026,0.0
2013-08-15,0.80257,0.81031,0.7994,0.80717,0.0
2013-08-16,0.80703,0.81268,0.80506,0.81036,0.0
2013-08-19,0.80434,0.8162,0.80434,0.80664,0.0
2013-08-20,0.80655,0.80739,0.79514,0.79787,0.0
2013-08-21,0.79792,0.79809,0.78394,0.78451,0.0
2013-08-22,0.7843,0.7864,0.78035,0.78252,0.0
2013-08-23,0.78287,0.78572,0.77606,0.78041,0.0
2013-08-26,0.77996,0.78724,0.77854,0.78502,0.0
2013-08-27,0.78463,0.78585,0.77642,0.77924,0.0
2013-08-28,0.77912,0.7807,0.77428,0.7797,0.0
2013-08-29,0.77972,0.78388,0.77491,0.77671,0.0
2013-08-30,0.77676,0.77957,0.77184,0.77221,0.0
2013-09-02,0.77614,0.78321,0.77357,0.78063,0.0
2013-09-03,0.78046,0.78393,0.7775,0.78001,0.0
2013-09-04,0.77999,0.79266,0.77924,0.79047,0.0
2013-09-05,0.79031,0.79139,0.78542,0.78822,0.0
2013-09-06,0.78833,0.80211,0.78815,0.80028,0.0
2013-09-09,0.80014,0.80303,0.79599,0.80154,0.0
2013-09-10,0.80155,0.8075,0.80065,0.80653,0.0
2013-09-11,0.80638,0.80897,0.80363,0.80793,0.0
2013-09-12,0.81137,0.81564,0.81064,0.81365,0.0
2013-09-13,0.81354,0.8169,0.80943,0.81325,0.0
2013-09-16,0.82195,0.82267,0.81552,0.81678,0.0
2013-09-17,0.81674,0.82474,0.81578,0.82355,0.0
2013-09-18,0.82341,0.83816,0.82049,0.83703,0.0
2013-09-19,0.83696,0.84346,0.83244,0.83761,0.0
2013-09-20,0.83721,0.83999,0.83533,0.83597,0.0
2013-09-23,0.8349,0.83891,0.83426,0.83715,0.0
2013-09-24,0.83736,0.83736,0.82549,0.82796,0.0
2013-09-25,0.82802,0.82804,0.82159,0.82406,0.0
2013-09-26,0.82385,0.83005,0.82349,0.82883,0.0
2013-09-27,0.82902,0.83184,0.82467,0.82796,0.0
2013-09-30,0.82745,0.83325,0.82498,0.83044,0.0
2013-10-01,0.82968,0.83404,0.82461,0.82738,0.0
2013-10-02,0.82724,0.83313,0.81925,0.83256,0.0
2013-10-03,0.83326,0.83394,0.82753,0.82916,0.0
2013-10-04,0.82902,0.83497,0.82788,0.83171,0.0
2013-10-07,0.83153,0.83353,0.82696,0.83025,0.0
2013-10-08,0.83064,0.8332,0.82687,0.82925,0.0
2013-10-09,0.82887,0.83189,0.82713,0.83019,0.0
2013-10-10,0.83011,0.83081,0.82307,0.82813,0.0
2013-10-11,0.82792,0.83535,0.82661,0.83148,0.0
2013-10-14,0.83026,0.83802,0.83026,0.83561,0.0
2013-10-15,0.83542,0.84045,0.83461,0.83697,0.0
2013-10-16,0.83745,0.84442,0.83693,0.8423,0.0
2013-10-17,0.84202,0.85241,0.84151,0.8484,0.0
2013-10-18,0.84828,0.85127,0.84466,0.85007,0.0
2013-10-21,0.84867,0.85076,0.84366,0.84537,0.0
2013-10-22,0.84512,0.85427,0.84345,0.85137,0.0
2013-10-23,0.85124,0.85173,0.83563,0.83939,0.0
2013-10-24,0.83893,0.84442,0.83188,0.83521,0.0
2013-10-25,0.83555,0.83577,0.82721,0.82758,0.0
2013-10-28,0.82801,0.83316,0.8271,0.82987,0.0
2013-10-29,0.82976,0.83037,0.82331,0.82569,0.0
2013-10-30,0.8258,0.82857,0.81914,0.82668,0.0
2013-10-31,0.82655,0.83094,0.82292,0.82607,0.0
2013-11-01,0.82603,0.82849,0.82093,0.82605,0.0
2013-11-04,0.82552,0.83115,0.82448,0.82854,0.0
2013-11-05,0.82807,0.83655,0.82584,0.83573,0.0
2013-11-06,0.83726,0.84138,0.83507,0.83776,0.0
2013-11-07,0.83761,0.83945,0.83062,0.83209,0.0
2013-11-08,0.83181,0.83479,0.8224,0.82418,0.0
2013-11-11,0.82575,0.82873,0.82269,0.82515,0.0
2013-11-12,0.82485,0.82603,0.81675,0.82198,0.0
2013-11-13,0.82208,0.82913,0.81939,0.82834,0.0
2013-11-14,0.82765,0.83488,0.82305,0.8273,0.0
2013-11-15,0.8272,0.834,0.8265,0.83322,0.0
2013-11-18,0.83514,0.83966,0.83288,0.83328,0.0
2013-11-19,0.83322,0.83723,0.83084,0.83656,0.0
2013-11-20,0.83701,0.83925,0.82524,0.82741,0.0
2013-11-21,0.82678,0.82753,0.81741,0.82045,0.0
2013-11-22,0.81981,0.82424,0.81234,0.81829,0.0
2013-11-25,0.8176,0.8228,0.81758,0.82103,0.0
2013-11-26,0.82109,0.82643,0.81526,0.8193,0.0
2013-11-27,0.81912,0.82105,0.81145,0.8145,0.0
2013-11-28,0.81466,0.81761,0.81124,0.8118,0.0
2013-11-29,0.81152,0.81642,0.80835,0.81321,0.0
2013-12-02,0.81563,0.82231,0.81508,0.81844,0.0
2013-12-03,0.81863,0.82587,0.8155,0.82411,0.0
2013-12-04,0.82365,0.82424,0.81651,0.81961,0.0
2013-12-05,0.8195,0.82275,0.81512,0.82182,0.0
2013-12-06,0.82183,0.82914,0.81386,0.82794,0.0
2013-12-09,0.82876,0.83199,0.82562,0.82811,0.0
2013-12-10,0.8283,0.83336,0.827,0.83064,0.0
2013-12-11,0.83104,0.83104,0.81995,0.82564,0.0
2013-12-12,0.82565,0.83191,0.82213,0.82479,0.0
2013-12-13,0.82473,0.82697,0.81815,0.8261,0.0
2013-12-16,0.82635,0.82867,0.82433,0.82566,0.0
2013-12-17,0.82561,0.82869,0.8238,0.82695,0.0
2013-12-18,0.82685,0.82872,0.81718,0.82351,0.0
2013-12-19,0.82335,0.82356,0.81505,0.81913,0.0
2013-12-20,0.8191,0.82225,0.81485,0.81919,0.0
2013-12-23,0.82088,0.82153,0.81872,0.81984,0.0
2013-12-24,0.81923,0.81977,0.81705,0.81754,0.0
2013-12-26,0.81723,0.81825,0.8149,0.81626,0.0
2013-12-27,0.81615,0.81929,0.814,0.81449,0.0
2013-12-30,0.81609,0.82222,0.81158,0.82023,0.0
2013-12-31,0.82016,0.82425,0.81956,0.8222,0.0
2014-01-02,0.81933,0.82327,0.81379,0.81836,0.0
2014-01-03,0.81819,0.83161,0.81775,0.82727,0.0
2014-01-06,0.82725,0.83052,0.82506,0.8289,0.0
2014-01-07,0.82892,0.83016,0.82532,0.8282,0.0
2014-01-08,0.82814,0.83173,0.825,0.82628,0.0
2014-01-09,0.82633,0.82718,0.82307,0.82504,0.0
2014-01-10,0.82516,0.83072,0.82036,0.82998,0.0
2014-01-13,0.82921,0.83884,0.82827,0.83759,0.0
2014-01-14,0.83756,0.84307,0.83576,0.83773,0.0
2014-01-15,0.83835,0.83835,0.83228,0.83358,0.0
2014-01-16,0.83357,0.83591,0.82955,0.83506,0.0
2014-01-17,0.83485,0.83562,0.82469,0.82556,0.0
2014-01-20,0.82549,0.8322,0.82111,0.8319,0.0
2014-01-21,0.83195,0.83403,0.8295,0.83165,0.0
2014-01-22,0.8316,0.8345,0.82956,0.83078,0.0
2014-01-23,0.8306,0.83374,0.82594,0.83024,0.0
2014-01-24,0.83004,0.83133,0.82148,0.82235,0.0
2014-01-27,0.82261,0.82603,0.81959,0.823,0.0
2014-01-28,0.82294,0.83029,0.82194,0.82567,0.0
2014-01-29,0.82859,0.82977,0.81768,0.82116,0.0
2014-01-30,0.82117,0.82171,0.81251,0.81653,0.0
2014-01-31,0.81621,0.818,0.80613,0.80793,0.0
2014-02-03,0.81007,0.81362,0.80795,0.80814,0.0
2014-02-04,0.80825,0.82554,0.80505,0.82372,0.0
2014-02-05,0.82438,0.82503,0.81869,0.82113,0.0
2014-02-06,0.8211,0.82818,0.8208,0.82453,0.0
2014-02-07,0.82454,0.82956,0.8211,0.82917,0.0
2014-02-10,0.82803,0.82862,0.8256,0.82656,0.0
2014-02-11,0.82639,0.8343,0.82617,0.83197,0.0
2014-02-12,0.8317,0.83675,0.8303,0.83178,0.0
2014-02-13,0.83137,0.83566,0.82918,0.83402,0.0
2014-02-14,0.834,0.83837,0.83268,0.83652,0.0
2014-02-17,0.83637,0.83914,0.83522,0.8362,0.0
2014-02-18,0.83584,0.83801,0.83004,0.83023,0.0
2014-02-19,0.83059,0.83421,0.82684,0.82772,0.0
2014-02-20,0.82702,0.83143,0.82416,0.83022,0.0
2014-02-21,0.83012,0.83141,0.8264,0.82741,0.0
2014-02-24,0.82839,0.83409,0.82595,0.83273,0.0
2014-02-25,0.83299,0.83441,0.83161,0.83252,0.0
2014-02-26,0.83227,0.83441,0.82805,0.83135,0.0
2014-02-27,0.83142,0.83908,0.82908,0.83675,0.0
2014-02-28,0.83711,0.84243,0.83587,0.83868,0.0
2014-03-03,0.83578,0.83838,0.83421,0.83678,0.0
2014-03-04,0.8368,0.83992,0.83505,0.83893,0.0
2014-03-05,0.83879,0.84309,0.83755,0.84145,0.0
2014-03-06,0.84138,0.85024,0.84057,0.84742,0.0
2014-03-07,0.84743,0.85221,0.84439,0.84679,0.0
2014-03-10,0.84555,0.84799,0.84396,0.84699,0.0
2014-03-11,0.84659,0.8505,0.84596,0.84683,0.0
2014-03-12,0.84689,0.85237,0.84377,0.85218,0.0
2014-03-13,0.8521,0.86044,0.85108,0.85405,0.0
2014-03-14,0.85375,0.85628,0.8523,0.85289,0.0
2014-03-17,0.8529,0.85815,0.85239,0.85633,0.0
2014-03-18,0.85639,0.8639,0.85406,0.86205,0.0
2014-03-19,0.86196,0.86352,0.85288,0.85597,0.0
2014-03-20,0.85586,0.85703,0.85006,0.85323,0.0
2014-03-21,0.85308,0.85671,0.85244,0.85319,0.0
2014-03-24,0.85492,0.85657,0.85143,0.85441,0.0
2014-03-25,0.85455,0.85879,0.85315,0.85732,0.0
2014-03-26,0.85722,0.86194,0.85678,0.85896,0.0
2014-03-27,0.85862,0.86849,0.85862,0.86717,0.0
2014-03-28,0.86702,0.86959,0.86494,0.8653,0.0
2014-03-31,0.8662,0.86835,0.86403,0.86738,0.0
2014-04-01,0.86744,0.87005,0.86385,0.86389,0.0
2014-04-02,0.86357,0.86369,0.85459,0.85708,0.0
2014-04-03,0.85716,0.85798,0.85134,0.85431,0.0
2014-04-04,0.85445,0.86027,0.85252,0.85912,0.0
2014-04-07,0.8581,0.86142,0.85769,0.86017,0.0
2014-04-08,0.86015,0.86806,0.85998,0.86727,0.0
2014-04-09,0.86705,0.87253,0.86449,0.87141,0.0
2014-04-10,0.87113,0.87447,0.86793,0.86824,0.0
2014-04-11,0.86803,0.87051,0.86234,0.86885,0.0
2014-04-14,0.86798,0.86926,0.86298,0.86851,0.0
2014-04-15,0.86864,0.86939,0.86249,0.8641,0.0
2014-04-16,0.8644,0.86477,0.85777,0.86232,0.0
2014-04-17,0.86231,0.86474,0.85614,0.85681,0.0
2014-04-18,0.85661,0.85916,0.85649,0.85679,0.0
2014-04-21,0.85714,0.86007,0.85545,0.85646,0.0
2014-04-22,0.85644,0.86195,0.85611,0.85993,0.0
2014-04-23,0.86016,0.86191,0.85648,0.85832,0.0
2014-04-24,0.86077,0.8636,0.85458,0.85647,0.0
2014-04-25,0.85644,0.85924,0.85515,0.85732,0.0
2014-04-28,0.85763,0.85865,0.85243,0.85366,0.0
2014-04-29,0.85357,0.85561,0.85156,0.85488,0.0
2014-04-30,0.85497,0.86322,0.85455,0.86154,0.0
2014-05-01,0.86151,0.86387,0.85996,0.86325,0.0
2014-05-02,0.86275,0.86688,0.85913,0.8662,0.0
2014-05-05,0.86675,0.86857,0.86474,0.86775,0.0
2014-05-06,0.86776,0.87785,0.86755,0.874,0.0
2014-05-07,0.87389,0.87429,0.86557,0.86606,0.0
2014-05-08,0.86602,0.86707,0.86245,0.86422,0.0
2014-05-09,0.86433,0.86512,0.86028,0.86096,0.0
2014-05-12,0.86225,0.86367,0.86073,0.86174,0.0
2014-05-13,0.86169,0.86682,0.86166,0.86264,0.0
2014-05-14,0.86217,0.8677,0.8609,0.86666,0.0
2014-05-15,0.86664,0.86946,0.86257,0.86396,0.0
2014-05-16,0.8641,0.86538,0.86234,0.863,0.0
2014-05-19,0.86345,0.86537,0.86199,0.86254,0.0
2014-05-20,0.86247,0.86341,0.85599,0.85719,0.0
2014-05-21,0.8568,0.85938,0.85366,0.85752,0.0
2014-05-22,0.85744,0.85875,0.85504,0.85623,0.0
2014-05-23,0.85632,0.85733,0.85301,0.85392,0.0
2014-05-26,0.85407,0.85566,0.8526,0.85476,0.0
2014-05-27,0.8546,0.85785,0.85291,0.85613,0.0
2014-05-28,0.85618,0.85705,0.84694,0.84953,0.0
2014-05-29,0.84913,0.85071,0.84511,0.84838,0.0
2014-05-30,0.84858,0.85156,0.84713,0.84901,0.0
2014-06-02,0.84907,0.84971,0.84399,0.84521,0.0
2014-06-03,0.84506,0.84762,0.84174,0.84289,0.0
2014-06-04,0.84292,0.84407,0.84012,0.84193,0.0
2014-06-05,0.84189,0.85129,0.84172,0.84976,0.0
2014-06-06,0.84949,0.85532,0.84803,0.84952,0.0
2014-06-09,0.84984,0.85299,0.84793,0.8493,0.0
2014-06-10,0.84915,0.85266,0.84898,0.85259,0.0
2014-06-11,0.85257,0.85738,0.85213,0.85477,0.0
2014-06-12,0.85919,0.86993,0.85919,0.86862,0.0
2014-06-13,0.86857,0.8691,0.86438,0.86673,0.0
2014-06-16,0.8666,0.86986,0.86589,0.86735,0.0
2014-06-17,0.86746,0.8683,0.86414,0.86558,0.0
2014-06-18,0.86577,0.87347,0.86511,0.87342,0.0
2014-06-19,0.87309,0.87349,0.87025,0.87142,0.0
2014-06-20,0.87157,0.8722,0.86803,0.86999,0.0
2014-06-23,0.86994,0.87476,0.86975,0.87116,0.0
2014-06-24,0.87133,0.87226,0.86696,0.86718,0.0
2014-06-25,0.86717,0.87402,0.8661,0.87363,0.0
2014-06-26,0.87372,0.87871,0.87264,0.87805,0.0
2014-06-27,0.87793,0.87929,0.8753,0.87743,0.0
2014-06-30,0.87761,0.87809,0.8727,0.8757,0.0
2014-07-01,0.87566,0.87901,0.8749,0.87726,0.0
2014-07-02,0.87728,0.87744,0.87466,0.87717,0.0
2014-07-03,0.87708,0.87764,0.87165,0.87523,0.0
2014-07-04,0.87516,0.87561,0.87302,0.87407,0.0
2014-07-07,0.87459,0.8767,0.87129,0.87577,0.0
2014-07-08,0.87562,0.8805,0.87384,0.87859,0.0
2014-07-09,0.87851,0.88281,0.87804,0.88219,0.0
2014-07-10,0.88213,0.88352,0.87933,0.8821,0.0
2014-07-11,0.88213,0.88324,0.87981,0.88123,0.0
2014-07-14,0.881,0.88219,0.87935,0.88032,0.0
2014-07-15,0.88034,0.8817,0.87493,0.87669,0.0
2014-07-16,0.87658,0.87694,0.86885,0.87113,0.0
2014-07-17,0.87112,0.87188,0.86655,0.86676,0.0
2014-07-18,0.86665,0.86932,0.86482,0.86862,0.0
2014-07-21,0.87072,0.87187,0.86842,0.86866,0.0
2014-07-22,0.86864,0.86961,0.8652,0.86664,0.0
2014-07-23,0.86638,0.87072,0.86573,0.86996,0.0
2014-07-24,0.86268,0.86365,0.85666,0.85702,0.0
2014-07-25,0.85703,0.85853,0.8538,0.85512,0.0
2014-07-28,0.85523,0.85599,0.8529,0.85475,0.0
2014-07-29,0.85444,0.85562,0.84929,0.85033,0.0
2014-07-30,0.85035,0.85142,0.84622,0.84901,0.0
2014-07-31,0.84889,0.8518,0.84712,0.84996,0.0
2014-08-01,0.84972,0.85338,0.84605,0.85075,0.0
2014-08-04,0.85044,0.85267,0.84949,0.85232,0.0
2014-08-05,0.85228,0.853,0.84509,0.8466,0.0
2014-08-06,0.84664,0.84857,0.84223,0.84761,0.0
2014-08-07,0.84752,0.84932,0.84511,0.84769,0.0
2014-08-08,0.84752,0.84885,0.84304,0.84569,0.0
2014-08-11,0.84603,0.84744,0.84545,0.84567,0.0
2014-08-12,0.84562,0.8462,0.84075,0.84327,0.0
2014-08-13,0.84339,0.84783,0.84184,0.84564,0.0
2014-08-14,0.84569,0.85136,0.84539,0.84911,0.0
2014-08-15,0.84909,0.85009,0.84662,0.84874,0.0
2014-08-18,0.84878,0.84998,0.84668,0.84762,0.0
2014-08-19,0.84779,0.84829,0.84152,0.84208,0.0
2014-08-20,0.84158,0.8434,0.83655,0.83734,0.0
2014-08-21,0.83729,0.84122,0.83469,0.84043,0.0
2014-08-22,0.84042,0.84295,0.83795,0.84009,0.0
2014-08-25,0.83942,0.83963,0.83369,0.83423,0.0
2014-08-26,0.83406,0.83489,0.83101,0.83313,0.0
2014-08-27,0.83336,0.83804,0.83274,0.83723,0.0
2014-08-28,0.83733,0.84069,0.83622,0.83812,0.0
2014-08-29,0.83809,0.83967,0.83549,0.83682,0.0
2014-09-01,0.83477,0.83878,0.83474,0.83757,0.0
2014-09-02,0.83759,0.83898,0.82911,0.8315,0.0
2014-09-03,0.83164,0.83315,0.82865,0.83269,0.0
2014-09-04,0.83253,0.835,0.82961,0.83055,0.0
2014-09-05,0.83043,0.83464,0.82689,0.83274,0.0
2014-09-08,0.83069,0.83279,0.82607,0.82733,0.0
2014-09-09,0.82721,0.82844,0.82224,0.82437,0.0
2014-09-10,0.82442,0.82657,0.82073,0.82156,0.0
2014-09-11,0.82047,0.8222,0.81603,0.81841,0.0
2014-09-12,0.81807,0.8195,0.81417,0.81444,0.0
2014-09-15,0.81472,0.818,0.81223,0.81744,0.0
2014-09-16,0.81757,0.8229,0.81444,0.81994,0.0
2014-09-17,0.82017,0.82028,0.80763,0.81003,0.0
2014-09-18,0.80947,0.8156,0.80763,0.81529,0.0
2014-09-19,0.81539,0.81777,0.81096,0.81199,0.0
2014-09-22,0.81469,0.81688,0.80976,0.81189,0.0
2014-09-23,0.81183,0.81454,0.80407,0.80509,0.0
2014-09-24,0.80482,0.80927,0.80434,0.80759,0.0
2014-09-25,0.80745,0.80775,0.79114,0.79203,0.0
2014-09-26,0.7921,0.79554,0.7858,0.78619,0.0
2014-09-29,0.78635,0.78675,0.77068,0.77633,0.0
2014-09-30,0.77605,0.78296,0.77378,0.78075,0.0
2014-10-01,0.78069,0.78599,0.77591,0.77866,0.0
2014-10-02,0.77844,0.79267,0.77653,0.78993,0.0
2014-10-03,0.79001,0.79114,0.77363,0.77701,0.0
2014-10-06,0.77628,0.78662,0.7713,0.78373,0.0
2014-10-07,0.78384,0.78719,0.77817,0.78324,0.0
2014-10-08,0.78308,0.79136,0.77821,0.79033,0.0
2014-10-09,0.79054,0.79735,0.78439,0.78658,0.0
2014-10-10,0.78648,0.78774,0.77992,0.78107,0.0
2014-10-13,0.78194,0.78972,0.77941,0.78918,0.0
2014-10-14,0.78914,0.79164,0.78195,0.7841,0.0
2014-10-15,0.78364,0.79944,0.78053,0.79858,0.0
2014-10-16,0.79869,0.79961,0.78852,0.795,0.0
2014-10-17,0.79509,0.79677,0.78754,0.7916,0.0
2014-10-20,0.79219,0.79793,0.79144,0.79654,0.0
2014-10-21,0.79664,0.80338,0.79439,0.79603,0.0
2014-10-22,0.79608,0.79902,0.79162,0.79274,0.0
2014-10-23,0.79279,0.7928,0.78084,0.78209,0.0
2014-10-24,0.78203,0.78803,0.77933,0.78522,0.0
2014-10-27,0.78514,0.79017,0.78443,0.78925,0.0
2014-10-28,0.78959,0.79575,0.78824,0.79193,0.0
2014-10-29,0.79165,0.79764,0.77679,0.78002,0.0
2014-10-30,0.77967,0.78589,0.77652,0.7842,0.0
2014-10-31,0.78433,0.78792,0.77749,0.77924,0.0
2014-11-03,0.77699,0.77922,0.76969,0.77186,0.0
2014-11-04,0.77184,0.7812,0.7709,0.78076,0.0
2014-11-05,0.78101,0.78412,0.7684,0.77315,0.0
2014-11-06,0.77274,0.77578,0.76668,0.76888,0.0
2014-11-07,0.76898,0.77671,0.76594,0.77434,0.0
2014-11-10,0.77721,0.78222,0.77391,0.77473,0.0
2014-11-11,0.77479,0.78409,0.77121,0.78017,0.0
2014-11-12,0.78047,0.79049,0.77968,0.78776,0.0
2014-11-13,0.78774,0.79276,0.78399,0.78815,0.0
2014-11-14,0.78782,0.79383,0.78222,0.791,0.0
2014-11-17,0.79493,0.79741,0.78995,0.79133,0.0
2014-11-18,0.79084,0.7973,0.79076,0.79214,0.0
2014-11-19,0.792,0.79244,0.78371,0.78522,0.0
2014-11-20,0.78475,0.78804,0.7806,0.78689,0.0
2014-11-21,0.78632,0.79455,0.78465,0.78818,0.0
2014-11-24,0.78806,0.79098,0.78452,0.78616,0.0
2014-11-25,0.7857,0.78649,0.77651,0.78064,0.0
2014-11-26,0.78063,0.78925,0.78019,0.78724,0.0
2014-11-27,0.78637,0.79259,0.78564,0.78623,0.0
2014-11-28,0.7858,0.78675,0.78255,0.78357,0.0
2014-12-01,0.78191,0.79103,0.77756,0.78654,0.0
2014-12-02,0.78643,0.78897,0.77834,0.78034,0.0
2014-12-03,0.78043,0.78067,0.77357,0.77581,0.0
2014-12-04,0.77579,0.7821,0.77283,0.77816,0.0
2014-12-05,0.77778,0.77828,0.76991,0.7713,0.0
2014-12-08,0.76978,0.77029,0.76225,0.76512,0.0
2014-12-09,0.76506,0.77608,0.76079,0.76755,0.0
2014-12-10,0.76758,0.78317,0.76606,0.78133,0.0
2014-12-11,0.78176,0.78699,0.77774,0.78199,0.0
2014-12-12,0.78116,0.78395,0.77561,0.77758,0.0
2014-12-15,0.77768,0.77925,0.77262,0.77429,0.0
2014-12-16,0.77397,0.7848,0.77201,0.77978,0.0
2014-12-17,0.77987,0.78002,0.76844,0.77009,0.0
2014-12-18,0.77044,0.77661,0.76802,0.77629,0.0
2014-12-19,0.77581,0.77948,0.77359,0.77417,0.0
2014-12-22,0.77391,0.77694,0.77133,0.77261,0.0
2014-12-23,0.77255,0.77549,0.76927,0.77077,0.0
2014-12-24,0.77072,0.7735,0.77031,0.77246,0.0
2014-12-26,0.77311,0.77616,0.7729,0.77559,0.0
2014-12-29,0.77511,0.77983,0.77422,0.77863,0.0
2014-12-30,0.77841,0.78473,0.77697,0.78273,0.0
2014-12-31,0.78276,0.78462,0.77922,0.77933,0.0
2015-01-02,0.77545,0.77633,0.76884,0.76978,0.0
2015-01-05,0.76771,0.77185,0.76177,0.76828,0.0
2015-01-06,0.76849,0.78091,0.76773,0.77599,0.0
2015-01-07,0.77579,0.77937,0.77127,0.77797,0.0
2015-01-08,0.77823,0.78281,0.77613,0.78174,0.0
2015-01-09,0.7823,0.78496,0.77882,0.78311,0.0
2015-01-12,0.78476,0.78642,0.77353,0.77792,0.0
2015-01-13,0.77829,0.78018,0.77111,0.77364,0.0
2015-01-14,0.77355,0.77791,0.76885,0.77164,0.0
2015-01-15,0.77181,0.78891,0.76999,0.7822,0.0
2015-01-16,0.7812,0.78551,0.7745,0.77902,0.0
2015-01-19,0.77813,0.7807,0.7769,0.77791,0.0
2015-01-20,0.77783,0.77811,0.76225,0.76375,0.0
2015-01-21,0.76319,0.77088,0.75495,0.75501,0.0
2015-01-22,0.75506,0.75824,0.74786,0.75016,0.0
2015-01-23,0.74991,0.75261,0.74304,0.74535,0.0
2015-01-26,0.74336,0.74681,0.73973,0.74225,0.0
2015-01-27,0.74236,0.74771,0.74074,0.74553,0.0
2015-01-28,0.74504,0.74935,0.73127,0.73203,0.0
2015-01-29,0.73175,0.73469,0.72324,0.7266,0.0
2015-01-30,0.72611,0.72943,0.72146,0.72588,0.0
2015-02-02,0.72525,0.73228,0.72418,0.72987,0.0
2015-02-03,0.7299,0.74375,0.71753,0.73581,0.0
2015-02-04,0.73484,0.74482,0.72872,0.73628,0.0
2015-02-05,0.73656,0.74264,0.73409,0.73917,0.0
2015-02-06,0.7387,0.7444,0.73326,0.73573,0.0
2015-02-09,0.73493,0.74384,0.73402,0.74094,0.0
2015-02-10,0.74046,0.74387,0.73825,0.74007,0.0
2015-02-11,0.73958,0.74456,0.73514,0.7359,0.0
2015-02-12,0.73597,0.74848,0.73129,0.74221,0.0
2015-02-13,0.74229,0.74702,0.74103,0.74527,0.0
2015-02-16,0.74771,0.75273,0.74691,0.74989,0.0
2015-02-17,0.74997,0.75519,0.74811,0.75382,0.0
2015-02-18,0.75409,0.75728,0.75011,0.75458,0.0
2015-02-19,0.75467,0.75717,0.75056,0.75164,0.0
2015-02-20,0.75143,0.75527,0.7511,0.7525,0.0
2015-02-23,0.75295,0.75464,0.74863,0.75232,0.0
2015-02-24,0.75231,0.75339,0.74204,0.74897,0.0
2015-02-25,0.74895,0.75617,0.74736,0.75548,0.0
2015-02-26,0.7554,0.76126,0.75146,0.75283,0.0
2015-02-27,0.75316,0.75695,0.75139,0.75605,0.0
2015-03-02,0.75542,0.75618,0.75022,0.7508,0.0
2015-03-03,0.75081,0.75726,0.75008,0.75489,0.0
2015-03-04,0.75444,0.76096,0.75412,0.75864,0.0
2015-03-05,0.7589,0.75956,0.74527,0.74847,0.0
2015-03-06,0.74793,0.75145,0.73563,0.73612,0.0
2015-03-09,0.73616,0.73893,0.73213,0.73576,0.0
2015-03-10,0.73543,0.73575,0.72525,0.727,0.0
2015-03-11,0.72698,0.73058,0.71869,0.72941,0.0
2015-03-12,0.72864,0.74417,0.72717,0.73864,0.0
2015-03-13,0.73848,0.74072,0.73116,0.73331,0.0
2015-03-16,0.73195,0.74083,0.73149,0.73656,0.0
2015-03-17,0.73657,0.74035,0.72989,0.73052,0.0
2015-03-18,0.73058,0.75469,0.72741,0.7482,0.0
2015-03-19,0.74806,0.75368,0.73717,0.74119,0.0
2015-03-20,0.74106,0.75913,0.74003,0.75596,0.0
2015-03-23,0.7576,0.76744,0.75477,0.76516,0.0
2015-03-24,0.76509,0.76956,0.76112,0.76515,0.0
2015-03-25,0.76517,0.7691,0.75859,0.76032,0.0
2015-03-26,0.76051,0.76636,0.75544,0.75996,0.0
2015-03-27,0.75965,0.76099,0.75421,0.75668,0.0
2015-03-30,0.7555,0.75653,0.74862,0.75007,0.0
2015-03-31,0.74982,0.75097,0.74551,0.74701,0.0
2015-04-01,0.74644,0.74898,0.73905,0.74515,0.0
2015-04-02,0.74529,0.75159,0.74239,0.75086,0.0
2015-04-03,0.75093,0.76295,0.74956,0.75915,0.0
2015-04-06,0.75891,0.76214,0.75164,0.75403,0.0
2015-04-07,0.75408,0.75597,0.74853,0.7494,0.0
2015-04-08,0.74859,0.7607,0.74856,0.75531,0.0
2015-04-09,0.75514,0.76068,0.75248,0.75634,0.0
2015-04-10,0.7564,0.75969,0.75125,0.75317,0.0
2015-04-13,0.75224,0.75366,0.74242,0.74524,0.0
2015-04-14,0.74545,0.7552,0.74371,0.75184,0.0
2015-04-15,0.75182,0.76175,0.74855,0.75933,0.0
2015-04-16,0.75935,0.7697,0.75771,0.76704,0.0
2015-04-17,0.76664,0.77395,0.76444,0.76793,0.0
2015-04-20,0.7703,0.77229,0.7641,0.76607,0.0
2015-04-21,0.76552,0.77118,0.76331,0.76665,0.0
2015-04-22,0.76706,0.77364,0.76562,0.76637,0.0
2015-04-23,0.76592,0.76621,0.75354,0.75914,0.0
2015-04-24,0.75926,0.76081,0.75419,0.75958,0.0
2015-04-27,0.75887,0.76649,0.75869,0.76436,0.0
2015-04-28,0.7645,0.77397,0.76156,0.77186,0.0
2015-04-29,0.7714,0.77434,0.76702,0.76821,0.0
2015-04-30,0.76424,0.76451,0.75741,0.76139,0.0
2015-05-01,0.76194,0.76259,0.75057,0.75357,0.0
2015-05-04,0.7525,0.75565,0.75071,0.75342,0.0
2015-05-05,0.75289,0.75764,0.74887,0.75577,0.0
2015-05-06,0.75572,0.75685,0.7458,0.7497,0.0
2015-05-07,0.74971,0.75243,0.74248,0.74494,0.0
2015-05-08,0.74487,0.74999,0.74203,0.7489,0.0
2015-05-11,0.74621,0.74622,0.73315,0.73324,0.0
2015-05-12,0.73361,0.74011,0.73273,0.73582,0.0
2015-05-13,0.7331,0.75056,0.73305,0.74841,0.0
2015-05-14,0.74821,0.7563,0.74747,0.74959,0.0
2015-05-15,0.7497,0.75016,0.7429,0.74604,0.0
2015-05-18,0.74506,0.7457,0.73706,0.73869,0.0
2015-05-19,0.73938,0.74434,0.73363,0.73425,0.0
2015-05-20,0.73417,0.73708,0.72808,0.73075,0.0
2015-05-21,0.73056,0.73446,0.72915,0.73419,0.0
2015-05-22,0.73447,0.73939,0.72963,0.73134,0.0
2015-05-25,0.73119,0.7315,0.72916,0.73076,0.0
2015-05-26,0.73077,0.7321,0.72205,0.72258,0.0
2015-05-27,0.7225,0.72675,0.72114,0.7256,0.0
2015-05-28,0.72622,0.72703,0.71278,0.71754,0.0
2015-05-29,0.71706,0.71935,0.70804,0.70991,0.0
2015-06-01,0.70834,0.71491,0.70772,0.70852,0.0
2015-06-02,0.70909,0.71999,0.70904,0.71792,0.0
2015-06-03,0.71762,0.71914,0.71161,0.71521,0.0
2015-06-04,0.71525,0.71668,0.71023,0.71281,0.0
2015-06-05,0.713,0.71471,0.70236,0.70457,0.0
2015-06-08,0.70422,0.71555,0.70389,0.71445,0.0
2015-06-09,0.71374,0.71783,0.70857,0.71291,0.0
2015-06-10,0.71293,0.72314,0.71062,0.71978,0.0
2015-06-11,0.7068,0.70809,0.69656,0.70094,0.0
2015-06-12,0.70123,0.7026,0.69416,0.69838,0.0
2015-06-15,0.69847,0.7008,0.69584,0.69974,0.0
2015-06-16,0.69972,0.7008,0.6971,0.6988,0.0
2015-06-17,0.69862,0.70105,0.68778,0.69854,0.0
2015-06-18,0.69846,0.69909,0.68793,0.69235,0.0
2015-06-19,0.69244,0.69377,0.68888,0.69079,0.0
2015-06-22,0.69029,0.69289,0.6861,0.68621,0.0
2015-06-23,0.68592,0.6873,0.68136,0.68523,0.0
2015-06-24,0.68518,0.69062,0.68443,0.68882,0.0
2015-06-25,0.6887,0.69227,0.68764,0.6908,0.0
2015-06-26,0.69064,0.69073,0.68168,0.68371,0.0
2015-06-29,0.68328,0.6881,0.67835,0.68486,0.0
2015-06-30,0.68494,0.68509,0.67463,0.67631,0.0
2015-07-01,0.67655,0.68096,0.67285,0.67346,0.0
2015-07-02,0.67313,0.67374,0.66554,0.67193,0.0
2015-07-03,0.67178,0.67305,0.66757,0.66805,0.0
2015-07-06,0.66644,0.67139,0.66499,0.66856,0.0
2015-07-07,0.66827,0.6684,0.66198,0.66501,0.0
2015-07-08,0.66484,0.67493,0.66206,0.67282,0.0
2015-07-09,0.67284,0.67536,0.66976,0.67386,0.0
2015-07-10,0.6739,0.67698,0.66827,0.67113,0.0
2015-07-13,0.66996,0.67516,0.66794,0.66928,0.0
2015-07-14,0.66914,0.6742,0.66663,0.67071,0.0
2015-07-15,0.67065,0.67222,0.65819,0.65885,0.0
2015-07-16,0.65888,0.66015,0.64974,0.65138,0.0
2015-07-17,0.65115,0.65551,0.65075,0.65265,0.0
2015-07-20,0.65165,0.65995,0.65037,0.65645,0.0
2015-07-21,0.65611,0.66528,0.65567,0.66269,0.0
2015-07-22,0.66234,0.66437,0.6559,0.65819,0.0
2015-07-23,0.66154,0.66942,0.65955,0.66059,0.0
2015-07-24,0.66054,0.66234,0.65541,0.65719,0.0
2015-07-27,0.65662,0.66383,0.65656,0.66035,0.0
2015-07-28,0.66018,0.67073,0.65987,0.66861,0.0
2015-07-29,0.66806,0.67379,0.66572,0.66636,0.0
2015-07-30,0.66623,0.6668,0.65652,0.6601,0.0
2015-07-31,0.66004,0.66725,0.65344,0.65915,0.0
2015-08-03,0.66026,0.66122,0.65565,0.65624,0.0
2015-08-04,0.6566,0.66152,0.65241,0.65386,0.0
2015-08-05,0.65398,0.65641,0.64894,0.65089,0.0
2015-08-06,0.65098,0.65568,0.65052,0.65516,0.0
2015-08-07,0.6552,0.6636,0.65283,0.66204,0.0
2015-08-10,0.66126,0.66259,0.65557,0.66169,0.0
2015-08-11,0.66165,0.66321,0.65187,0.65335,0.0
2015-08-12,0.65354,0.66486,0.64667,0.66195,0.0
2015-08-13,0.66174,0.66402,0.65495,0.6569,0.0
2015-08-14,0.65687,0.65714,0.65132,0.65354,0.0
2015-08-17,0.65332,0.65828,0.6527,0.65704,0.0
2015-08-18,0.65711,0.66047,0.65555,0.66004,0.0
2015-08-19,0.65977,0.66229,0.65489,0.65981,0.0
2015-08-20,0.66017,0.66459,0.65778,0.663,0.0
2015-08-21,0.66251,0.67073,0.66059,0.66819,0.0
2015-08-24,0.66639,0.66852,0.62069,0.64777,0.0
2015-08-25,0.648,0.65605,0.64289,0.64708,0.0
2015-08-26,0.64721,0.65113,0.64081,0.64367,0.0
2015-08-27,0.64359,0.64893,0.64295,0.6465,0.0
2015-08-28,0.64642,0.65046,0.6435,0.64543,0.0
2015-08-31,0.64644,0.64662,0.63193,0.63381,0.0
2015-09-01,0.63372,0.63876,0.63155,0.63275,0.0
2015-09-02,0.63274,0.63683,0.63108,0.63462,0.0
2015-09-03,0.63455,0.64134,0.63296,0.63979,0.0
2015-09-04,0.63977,0.63986,0.62688,0.62817,0.0
2015-09-07,0.62999,0.63003,0.62432,0.62581,0.0
2015-09-08,0.62614,0.63546,0.62581,0.63412,0.0
2015-09-09,0.63403,0.64242,0.63372,0.64044,0.0
2015-09-10,0.6327,0.63369,0.62551,0.62957,0.0
2015-09-11,0.62884,0.63258,0.62823,0.63123,0.0
2015-09-14,0.63087,0.63433,0.62972,0.63282,0.0
2015-09-15,0.63274,0.63675,0.62919,0.63551,0.0
2015-09-16,0.6357,0.63777,0.63324,0.63637,0.0
2015-09-17,0.63646,0.64448,0.63104,0.63463,0.0
2015-09-18,0.63443,0.64554,0.63395,0.63947,0.0
2015-09-21,0.6392,0.63994,0.62982,0.63145,0.0
2015-09-22,0.63169,0.63311,0.62706,0.6292,0.0
2015-09-23,0.62902,0.63043,0.62355,0.62731,0.0
2015-09-24,0.62765,0.63727,0.6262,0.63516,0.0
2015-09-25,0.63452,0.63894,0.63085,0.63821,0.0
2015-09-28,0.63642,0.64015,0.63242,0.63272,0.0
2015-09-29,0.63266,0.63925,0.62876,0.63466,0.0
2015-09-30,0.63421,0.64059,0.63392,0.63977,0.0
2015-10-01,0.63967,0.64488,0.63848,0.63961,0.0
2015-10-02,0.63968,0.64544,0.63826,0.64433,0.0
2015-10-05,0.64569,0.65302,0.64364,0.64899,0.0
2015-10-06,0.64855,0.65553,0.64775,0.65417,0.0
2015-10-07,0.65412,0.66464,0.65348,0.66087,0.0
2015-10-08,0.66092,0.66978,0.65845,0.66666,0.0
2015-10-09,0.66636,0.67202,0.66545,0.66919,0.0
2015-10-12,0.66787,0.67391,0.66712,0.67161,0.0
2015-10-13,0.67076,0.67154,0.6618,0.66394,0.0
2015-10-14,0.66406,0.68136,0.66175,0.67887,0.0
2015-10-15,0.67867,0.68962,0.67851,0.68506,0.0
2015-10-16,0.68483,0.68728,0.67836,0.68069,0.0
2015-10-19,0.68026,0.68188,0.67813,0.67876,0.0
2015-10-20,0.67852,0.68449,0.67341,0.67517,0.0
2015-10-21,0.67515,0.67579,0.66972,0.67042,0.0
2015-10-22,0.67045,0.68199,0.67007,0.67917,0.0
2015-10-23,0.67907,0.68641,0.67339,0.67452,0.0
2015-10-26,0.67425,0.68047,0.67376,0.6788,0.0
2015-10-27,0.67834,0.68122,0.67571,0.67607,0.0
2015-10-28,0.67567,0.67749,0.6621,0.66942,0.0
2015-10-29,0.67024,0.67125,0.66472,0.6692,0.0
2015-10-30,0.66908,0.67905,0.66883,0.67723,0.0
2015-11-02,0.67397,0.67845,0.67235,0.67435,0.0
2015-11-03,0.67426,0.67779,0.66507,0.66583,0.0
2015-11-04,0.66595,0.66666,0.65726,0.65909,0.0
2015-11-05,0.65934,0.66412,0.65797,0.66079,0.0
2015-11-06,0.66066,0.66243,0.64979,0.6522,0.0
2015-11-09,0.65185,0.65659,0.65156,0.65317,0.0
2015-11-10,0.65318,0.6555,0.65,0.65315,0.0
2015-11-11,0.65285,0.65871,0.65277,0.65558,0.0
2015-11-12,0.65539,0.65777,0.64996,0.65411,0.0
2015-11-13,0.65416,0.65528,0.65089,0.65356,0.0
2015-11-16,0.65401,0.6546,0.64681,0.64902,0.0
2015-11-17,0.64887,0.64955,0.64514,0.64671,0.0
2015-11-18,0.64695,0.64887,0.64276,0.64706,0.0
2015-11-19,0.64693,0.65917,0.64637,0.65643,0.0
2015-11-20,0.65651,0.66044,0.655,0.65584,0.0
2015-11-23,0.65591,0.65603,0.64921,0.6518,0.0
2015-11-24,0.65167,0.65579,0.65019,0.65519,0.0
2015-11-25,0.6554,0.65813,0.65458,0.65766,0.0
2015-11-26,0.65764,0.65955,0.65617,0.65674,0.0
2015-11-27,0.65671,0.65772,0.65199,0.65289,0.0
2015-11-30,0.65334,0.659,0.65133,0.65812,0.0
2015-12-01,0.65846,0.6687,0.65822,0.6675,0.0
2015-12-02,0.66723,0.6679,0.66123,0.66403,0.0
2015-12-03,0.6637,0.67048,0.66066,0.6686,0.0
2015-12-04,0.66861,0.67862,0.66336,0.67447,0.0
2015-12-07,0.67393,0.6741,0.6626,0.66426,0.0
2015-12-08,0.66425,0.6657,0.66104,0.66398,0.0
2015-12-09,0.66394,0.67577,0.65932,0.6719,0.0
2015-12-10,0.67199,0.67808,0.67151,0.67536,0.0
2015-12-11,0.67545,0.67804,0.67019,0.67095,0.0
2015-12-14,0.67133,0.67885,0.669,0.67543,0.0
2015-12-15,0.67546,0.68245,0.67398,0.67635,0.0
2015-12-16,0.67639,0.68343,0.67227,0.67955,0.0
2015-12-17,0.68006,0.68006,0.66869,0.67006,0.0
2015-12-18,0.66985,0.67513,0.66802,0.67242,0.0
2015-12-21,0.67243,0.67791,0.67197,0.67603,0.0
2015-12-22,0.67601,0.68352,0.67597,0.68045,0.0
2015-12-23,0.68046,0.68282,0.67609,0.67921,0.0
2015-12-24,0.67853,0.68411,0.67813,0.6808,0.0
2015-12-28,0.683,0.68518,0.68231,0.68459,0.0
2015-12-29,0.68452,0.6882,0.68446,0.68667,0.0
2015-12-30,0.68662,0.68712,0.68289,0.68436,0.0
2015-12-31,0.68407,0.6866,0.68213,0.68249,0.0
2016-01-04,0.68273,0.68342,0.67182,0.6749,0.0
2016-01-05,0.67494,0.67566,0.6676,0.67023,0.0
2016-01-06,0.67033,0.67068,0.66251,0.66373,0.0
2016-01-07,0.66383,0.66656,0.65895,0.66235,0.0
2016-01-08,0.66208,0.66765,0.65396,0.65401,0.0
2016-01-11,0.6547,0.65787,0.65074,0.65589,0.0
2016-01-12,0.65576,0.65674,0.6514,0.6534,0.0
2016-01-13,0.65294,0.65884,0.6513,0.65137,0.0
2016-01-14,0.65107,0.65146,0.64176,0.64762,0.0
2016-01-15,0.64725,0.64901,0.63802,0.6463,0.0
2016-01-18,0.64127,0.64786,0.64127,0.64486,0.0
2016-01-19,0.64514,0.65123,0.6401,0.6413,0.0
2016-01-20,0.64101,0.6436,0.63461,0.64286,0.0
2016-01-21,0.64292,0.65578,0.64101,0.6529,0.0
2016-01-22,0.65276,0.65501,0.64652,0.64848,0.0
2016-01-25,0.64896,0.65316,0.64487,0.64521,0.0
2016-01-26,0.64513,0.65107,0.64237,0.6497,0.0
2016-01-27,0.64971,0.65301,0.64158,0.64299,0.0
2016-01-28,0.6427,0.65125,0.64171,0.6479,0.0
2016-01-29,0.64787,0.65422,0.64575,0.64785,0.0
2016-02-01,0.64876,0.65571,0.64474,0.6548,0.0
2016-02-02,0.65461,0.65529,0.64612,0.65118,0.0
2016-02-03,0.65157,0.66967,0.65065,0.6665,0.0
2016-02-04,0.66612,0.67466,0.66404,0.67208,0.0
2016-02-05,0.67196,0.67502,0.66145,0.6626,0.0
2016-02-08,0.66162,0.66581,0.65915,0.66253,0.0
2016-02-09,0.66233,0.66676,0.65618,0.66327,0.0
2016-02-10,0.66307,0.66934,0.66036,0.66816,0.0
2016-02-11,0.66832,0.67334,0.65842,0.67136,0.0
2016-02-12,0.67138,0.67381,0.66117,0.66163,0.0
2016-02-15,0.6613,0.66752,0.66127,0.66467,0.0
2016-02-16,0.66464,0.66747,0.65438,0.65772,0.0
2016-02-17,0.65778,0.66485,0.65525,0.66305,0.0
2016-02-18,0.66281,0.6667,0.66046,0.66421,0.0
2016-02-19,0.66409,0.66461,0.65639,0.66277,0.0
2016-02-22,0.6647,0.67247,0.66206,0.66954,0.0
2016-02-23,0.66967,0.67131,0.66367,0.66406,0.0
2016-02-24,0.66407,0.66728,0.65857,0.66555,0.0
2016-02-25,0.66582,0.67292,0.6641,0.67235,0.0
2016-02-26,0.67247,0.67736,0.66168,0.66271,0.0
2016-02-29,0.65818,0.66194,0.65643,0.65885,0.0
2016-03-01,0.65881,0.66391,0.657,0.66249,0.0
2016-03-02,0.66234,0.66772,0.65921,0.66747,0.0
2016-03-03,0.66686,0.6755,0.66542,0.67233,0.0
2016-03-04,0.67201,0.68178,0.67131,0.68158,0.0
2016-03-07,0.67886,0.68146,0.6749,0.67991,0.0
2016-03-08,0.68004,0.68011,0.67335,0.67434,0.0
2016-03-09,0.67378,0.68089,0.6641,0.66524,0.0
2016-03-10,0.66455,0.67091,0.66178,0.66659,0.0
2016-03-11,0.66573,0.67723,0.66557,0.67432,0.0
2016-03-14,0.67198,0.67545,0.66564,0.66748,0.0
2016-03-15,0.66734,0.66836,0.65863,0.66008,0.0
2016-03-16,0.65998,0.67392,0.65744,0.67246,0.0
2016-03-17,0.67172,0.68583,0.67115,0.68514,0.0
2016-03-18,0.68458,0.68733,0.67824,0.67855,0.0
2016-03-21,0.67803,0.67911,0.67456,0.67594,0.0
2016-03-22,0.67543,0.67757,0.67201,0.67519,0.0
2016-03-23,0.67501,0.67693,0.66821,0.67062,0.0
2016-03-24,0.66994,0.6721,0.66704,0.66995,0.0
2016-03-25,0.66964,0.67127,0.66716,0.66731,0.0
2016-03-28,0.66731,0.67351,0.6662,0.67207,0.0
2016-03-29,0.67182,0.68661,0.6713,0.68493,0.0
2016-03-30,0.68416,0.69642,0.68368,0.69198,0.0
2016-03-31,0.69143,0.69655,0.68806,0.69073,0.0
2016-04-01,0.69036,0.69354,0.68343,0.68941,0.0
2016-04-04,0.68832,0.69033,0.6829,0.68326,0.0
2016-04-05,0.68275,0.68352,0.67584,0.68027,0.0
2016-04-06,0.68035,0.68426,0.67727,0.6824,0.0
2016-04-07,0.68212,0.68617,0.67619,0.67765,0.0
2016-04-08,0.67712,0.68289,0.67683,0.68014,0.0
2016-04-11,0.68009,0.68779,0.67905,0.6857,0.0
2016-04-12,0.68518,0.69253,0.68504,0.6923,0.0
2016-04-13,0.6912,0.69517,0.6897,0.69194,0.0
2016-04-14,0.69159,0.69185,0.68229,0.68463,0.0
2016-04-15,0.68379,0.69265,0.68379,0.69098,0.0
2016-04-18,0.6876,0.69568,0.68373,0.69495,0.0
2016-04-19,0.69474,0.70536,0.69452,0.70423,0.0
2016-04-20,0.7041,0.70483,0.69711,0.69763,0.0
2016-04-21,0.69737,0.69827,0.68994,0.691,0.0
2016-04-22,0.69094,0.69353,0.68341,0.68501,0.0
2016-04-25,0.68374,0.68772,0.68342,0.68539,0.0
2016-04-26,0.68538,0.691,0.68513,0.68971,0.0
2016-04-27,0.68962,0.69044,0.68059,0.68439,0.0
2016-04-28,0.68237,0.69893,0.68233,0.69602,0.0
2016-04-29,0.69543,0.69974,0.69508,0.6978,0.0
2016-05-02,0.69734,0.70232,0.69712,0.70216,0.0
2016-05-03,0.70169,0.70529,0.69099,0.69123,0.0
2016-05-04,0.69124,0.69401,0.68587,0.68791,0.0
2016-05-05,0.68745,0.69168,0.68705,0.68817,0.0
2016-05-06,0.68819,0.68904,0.68063,0.68349,0.0
2016-05-09,0.68219,0.68473,0.67633,0.67668,0.0
2016-05-10,0.67672,0.67779,0.67153,0.67609,0.0
2016-05-11,0.67557,0.68446,0.67496,0.68166,0.0
2016-05-12,0.68137,0.68471,0.68039,0.68187,0.0
2016-05-13,0.68141,0.68294,0.67546,0.6759,0.0
2016-05-16,0.67597,0.68084,0.67457,0.67895,0.0
2016-05-17,0.67889,0.68418,0.67782,0.68095,0.0
2016-05-18,0.68097,0.68107,0.67275,0.67379,0.0
2016-05-19,0.67383,0.67641,0.67094,0.67412,0.0
2016-05-20,0.67396,0.67807,0.67355,0.67592,0.0
2016-05-23,0.67614,0.68061,0.67474,0.67611,0.0
2016-05-24,0.67612,0.67674,0.67047,0.67365,0.0
2016-05-25,0.67351,0.67722,0.6725,0.67389,0.0
2016-05-26,0.6735,0.67656,0.66911,0.67384,0.0
2016-05-27,0.67384,0.67573,0.66865,0.6691,0.0
2016-05-30,0.66886,0.67053,0.66748,0.66933,0.0
2016-05-31,0.66903,0.67754,0.66869,0.67611,0.0
2016-06-01,0.67586,0.68291,0.67542,0.6816,0.0
2016-06-02,0.68155,0.68333,0.67784,0.68078,0.0
2016-06-03,0.68102,0.696,0.67998,0.69524,0.0
2016-06-06,0.69446,0.69482,0.69018,0.69204,0.0
2016-06-07,0.69195,0.69814,0.68925,0.69774,0.0
2016-06-08,0.69731,0.70272,0.69438,0.70176,0.0
2016-06-09,0.69972,0.71469,0.69936,0.71036,0.0
2016-06-10,0.70997,0.7122,0.70394,0.70503,0.0
2016-06-13,0.70479,0.70811,0.70304,0.70601,0.0
2016-06-14,0.70552,0.70589,0.69913,0.69923,0.0
2016-06-15,0.69922,0.70703,0.69622,0.70326,0.0
2016-06-16,0.70326,0.70926,0.69679,0.70413,0.0
2016-06-17,0.70412,0.70715,0.70316,0.70509,0.0
2016-06-20,0.70623,0.71297,0.70493,0.71139,0.0
2016-06-21,0.7117,0.71684,0.7101,0.71207,0.0
2016-06-22,0.7115,0.71875,0.71145,0.71622,0.0
2016-06-23,0.71568,0.72543,0.71568,0.72505,0.0
2016-06-24,0.72383,0.7289,0.69669,0.71228,0.0
2016-06-27,0.70636,0.7112,0.69797,0.69936,0.0
2016-06-28,0.6994,0.70847,0.69845,0.70467,0.0
2016-06-29,0.7045,0.71354,0.70386,0.71119,0.0
2016-06-30,0.71131,0.71403,0.70563,0.71353,0.0
2016-07-01,0.71297,0.71976,0.71169,0.71684,0.0
2016-07-04,0.7159,0.72401,0.71571,0.72264,0.0
2016-07-05,0.72242,0.72331,0.71387,0.71528,0.0
2016-07-06,0.71536,0.71544,0.70788,0.71316,0.0
2016-07-07,0.71296,0.72349,0.71153,0.72251,0.0
2016-07-08,0.72248,0.73058,0.72111,0.72992,0.0
2016-07-11,0.72908,0.73039,0.72153,0.72189,0.0
2016-07-12,0.72174,0.73243,0.72085,0.72991,0.0
2016-07-13,0.72922,0.73169,0.72378,0.72743,0.0
2016-07-14,0.72741,0.72933,0.71742,0.71978,0.0
2016-07-15,0.71943,0.72002,0.71035,0.71128,0.0
2016-07-18,0.71313,0.71531,0.70677,0.7115,0.0
2016-07-19,0.71134,0.71134,0.70092,0.70516,0.0
2016-07-20,0.70516,0.70671,0.7015,0.7022,0.0
2016-07-21,0.70122,0.70122,0.69509,0.69951,0.0
2016-07-22,0.69935,0.70157,0.69734,0.69973,0.0
2016-07-25,0.69856,0.70157,0.6954,0.6996,0.0
2016-07-26,0.69934,0.7085,0.69834,0.7053,0.0
2016-07-27,0.70512,0.70832,0.7003,0.70756,0.0
2016-07-28,0.70728,0.71208,0.70616,0.70717,0.0
2016-07-29,0.70683,0.72282,0.70683,0.72054,0.0
2016-08-01,0.7196,0.72292,0.7166,0.71714,0.0
2016-08-02,0.71654,0.72556,0.71571,0.72401,0.0
2016-08-03,0.72391,0.7245,0.714,0.71581,0.0
2016-08-04,0.71562,0.72004,0.7146,0.71719,0.0
2016-08-05,0.71706,0.72185,0.71211,0.71349,0.0
2016-08-08,0.713,0.71434,0.70862,0.71375,0.0
2016-08-09,0.71374,0.71794,0.71095,0.71647,0.0
2016-08-10,0.71624,0.72642,0.7158,0.72045,0.0
2016-08-11,0.7199,0.7337,0.71967,0.72074,0.0
2016-08-12,0.72036,0.72537,0.71848,0.71938,0.0
2016-08-15,0.71838,0.72257,0.71636,0.72076,0.0
2016-08-16,0.72085,0.73037,0.71983,0.72778,0.0
2016-08-17,0.72814,0.7321,0.72012,0.72522,0.0
2016-08-18,0.72495,0.73099,0.72482,0.72862,0.0
2016-08-19,0.7287,0.72917,0.72406,0.72706,0.0
2016-08-22,0.72389,0.72933,0.7209,0.72692,0.0
2016-08-23,0.72653,0.73437,0.72646,0.72898,0.0
2016-08-24,0.72869,0.73338,0.72683,0.73109,0.0
2016-08-25,0.73115,0.73353,0.72859,0.72988,0.0
2016-08-26,0.72964,0.73793,0.722,0.72321,0.0
2016-08-29,0.7219,0.72634,0.72095,0.72498,0.0
2016-08-30,0.72487,0.72643,0.72035,0.72179,0.0
2016-08-31,0.72173,0.72647,0.72145,0.72495,0.0
2016-09-01,0.72473,0.72943,0.72266,0.72801,0.0
2016-09-02,0.72811,0.73591,0.72678,0.7288,0.0
2016-09-05,0.73046,0.73428,0.72761,0.73038,0.0
2016-09-06,0.73046,0.74211,0.73009,0.74165,0.0
2016-09-07,0.74141,0.74847,0.73962,0.74498,0.0
2016-09-08,0.74474,0.74816,0.73832,0.73969,0.0
2016-09-09,0.73965,0.74124,0.73139,0.73199,0.0
2016-09-12,0.73169,0.73563,0.72904,0.73519,0.0
2016-09-13,0.73519,0.73633,0.72344,0.72519,0.0
2016-09-14,0.72508,0.73123,0.72367,0.72798,0.0
2016-09-15,0.72797,0.73241,0.72403,0.73126,0.0
2016-09-16,0.73127,0.73302,0.72532,0.72643,0.0
2016-09-19,0.72495,0.7325,0.72495,0.72926,0.0
2016-09-20,0.72904,0.73577,0.72888,0.73128,0.0
2016-09-21,0.73118,0.73642,0.72778,0.73561,0.0
2016-09-22,0.7344,0.73681,0.72917,0.73101,0.0
2016-09-23,0.73099,0.73146,0.72229,0.72406,0.0
2016-09-26,0.72386,0.72865,0.72184,0.72733,0.0
2016-09-27,0.72722,0.73294,0.72588,0.72997,0.0
2016-09-28,0.72965,0.73043,0.72324,0.72823,0.0
2016-09-29,0.72794,0.73025,0.72358,0.7252,0.0
2016-09-30,0.72492,0.72965,0.72279,0.7281,0.0
2016-10-03,0.7273,0.72896,0.72506,0.72718,0.0
2016-10-04,0.72698,0.731,0.71971,0.72074,0.0
2016-10-05,0.72043,0.72065,0.71475,0.7172,0.0
2016-10-06,0.71775,0.71786,0.71347,0.71626,0.0
2016-10-07,0.71626,0.71996,0.71088,0.71674,0.0
2016-10-10,0.71777,0.71814,0.71213,0.71361,0.0
2016-10-11,0.71334,0.71412,0.70467,0.70554,0.0
2016-10-12,0.70523,0.70938,0.70439,0.70601,0.0
2016-10-13,0.7056,0.71013,0.7034,0.70938,0.0
2016-10-14,0.70932,0.71322,0.70763,0.70825,0.0
2016-10-17,0.70889,0.71404,0.70761,0.71331,0.0
2016-10-18,0.71308,0.7217,0.71224,0.71889,0.0
2016-10-19,0.71877,0.72484,0.71867,0.72314,0.0
2016-10-20,0.72284,0.72648,0.71814,0.71913,0.0
2016-10-21,0.71911,0.71939,0.7143,0.71593,0.0
2016-10-24,0.71506,0.71757,0.71239,0.7137,0.0
2016-10-25,0.7134,0.71724,0.71083,0.71633,0.0
2016-10-26,0.71585,0.71831,0.7146,0.71532,0.0
2016-10-27,0.71469,0.71663,0.71074,0.712,0.0
2016-10-28,0.7119,0.71655,0.71131,0.71618,0.0
2016-10-31,0.71483,0.71656,0.71368,0.71489,0.0
2016-11-01,0.71477,0.71901,0.71463,0.71836,0.0
2016-11-02,0.71805,0.73097,0.71792,0.72871,0.0
2016-11-03,0.72872,0.73381,0.72777,0.73376,0.0
2016-11-04,0.73321,0.73375,0.72984,0.73271,0.0
2016-11-07,0.73436,0.73468,0.72921,0.73451,0.0
2016-11-08,0.73384,0.74021,0.73169,0.73857,0.0
2016-11-09,0.73832,0.73922,0.72642,0.72786,0.0
2016-11-10,0.7276,0.73059,0.71758,0.7212,0.0
2016-11-11,0.72065,0.72277,0.71034,0.71048,0.0
2016-11-14,0.7137,0.71392,0.70689,0.71157,0.0
2016-11-15,0.71156,0.71436,0.70703,0.7099,0.0
2016-11-16,0.70956,0.71133,0.70348,0.70705,0.0
2016-11-17,0.70697,0.71096,0.70125,0.70221,0.0
2016-11-18,0.70219,0.70594,0.69998,0.70056,0.0
2016-11-21,0.69892,0.70764,0.69818,0.70635,0.0
2016-11-22,0.70639,0.70852,0.70311,0.70606,0.0
2016-11-23,0.7057,0.70788,0.69934,0.70048,0.0
2016-11-24,0.69987,0.70108,0.69704,0.69998,0.0
2016-11-25,0.69996,0.70615,0.69835,0.70382,0.0
2016-11-28,0.70367,0.71011,0.70288,0.70739,0.0
2016-11-29,0.70717,0.71316,0.70653,0.71261,0.0
2016-11-30,0.71227,0.71688,0.70695,0.70809,0.0
2016-12-01,0.70792,0.71046,0.7042,0.70859,0.0
2016-12-02,0.70854,0.71479,0.70839,0.71344,0.0
2016-12-05,0.71227,0.71564,0.70674,0.71415,0.0
2016-12-06,0.71367,0.716,0.70908,0.71193,0.0
2016-12-07,0.71174,0.71666,0.7094,0.71616,0.0
2016-12-08,0.71631,0.72216,0.71452,0.71721,0.0
2016-12-09,0.71717,0.71882,0.71248,0.71323,0.0
2016-12-12,0.7125,0.72066,0.71136,0.71882,0.0
2016-12-13,0.71866,0.72316,0.71797,0.7201,0.0
2016-12-14,0.71999,0.72383,0.71033,0.71169,0.0
2016-12-15,0.71141,0.71218,0.70093,0.70374,0.0
2016-12-16,0.70269,0.70496,0.69305,0.69515,0.0
2016-12-19,0.69646,0.69882,0.69253,0.6927,0.0
2016-12-20,0.69268,0.69321,0.6882,0.69144,0.0
2016-12-21,0.69187,0.69471,0.68862,0.68976,0.0
2016-12-22,0.68941,0.69247,0.68861,0.69031,0.0
2016-12-23,0.68977,0.69119,0.68611,0.6875,0.0
2016-12-27,0.6895,0.69032,0.6878,0.68901,0.0
2016-12-28,0.6883,0.69298,0.6883,0.69178,0.0
2016-12-29,0.69151,0.69698,0.69151,0.69603,0.0
2016-12-30,0.69607,0.69783,0.69149,0.6916,0.0
2017-01-03,0.69271,0.6974,0.68842,0.69159,0.0
2017-01-04,0.69131,0.69742,0.68882,0.69669,0.0
2017-01-05,0.69664,0.70358,0.69528,0.70232,0.0
2017-01-06,0.70225,0.70426,0.69514,0.69537,0.0
2017-01-09,0.69624,0.70317,0.69482,0.70143,0.0
2017-01-10,0.70153,0.7047,0.6958,0.6988,0.0
2017-01-11,0.69867,0.70868,0.69605,0.70544,0.0
2017-01-12,0.7052,0.71438,0.70456,0.71022,0.0
2017-01-13,0.70891,0.7137,0.70705,0.71253,0.0
2017-01-16,0.7102,0.71479,0.70758,0.71016,0.0
2017-01-17,0.70974,0.72187,0.70952,0.72155,0.0
2017-01-18,0.72116,0.72152,0.71212,0.71217,0.0
2017-01-19,0.71228,0.71996,0.71157,0.71881,0.0
2017-01-20,0.71869,0.72243,0.71285,0.71643,0.0
2017-01-23,0.71596,0.72367,0.71546,0.7231,0.0
2017-01-24,0.72348,0.72761,0.72084,0.72453,0.0
2017-01-25,0.72444,0.73059,0.7223,0.72969,0.0
2017-01-26,0.72951,0.73108,0.72217,0.72432,0.0
2017-01-27,0.72332,0.72837,0.72282,0.7261,0.0
2017-01-30,0.72643,0.72952,0.72361,0.72846,0.0
2017-01-31,0.7278,0.73493,0.72697,0.73092,0.0
2017-02-01,0.731,0.731,0.72366,0.72774,0.0
2017-02-02,0.72776,0.73369,0.72419,0.72875,0.0
2017-02-03,0.72779,0.73301,0.72372,0.73109,0.0
2017-02-06,0.73011,0.73267,0.72844,0.73214,0.0
2017-02-07,0.73188,0.73746,0.72774,0.72999,0.0
2017-02-08,0.72996,0.73328,0.72441,0.72624,0.0
2017-02-09,0.72604,0.72635,0.71714,0.71859,0.0
2017-02-10,0.71834,0.72093,0.71731,0.72001,0.0
2017-02-13,0.71995,0.72176,0.71554,0.71753,0.0
2017-02-14,0.71712,0.71967,0.71337,0.7167,0.0
2017-02-15,0.7165,0.72295,0.71456,0.72231,0.0
2017-02-16,0.72191,0.72419,0.72053,0.72142,0.0
2017-02-17,0.72067,0.72196,0.71778,0.71789,0.0
2017-02-20,0.71898,0.7194,0.71692,0.71865,0.0
2017-02-21,0.71861,0.71861,0.71291,0.71606,0.0
2017-02-22,0.71561,0.71983,0.71407,0.71887,0.0
2017-02-23,0.71846,0.72462,0.71722,0.72287,0.0
2017-02-24,0.72266,0.72373,0.71917,0.71935,0.0
2017-02-27,0.7194,0.72269,0.71857,0.71894,0.0
2017-02-28,0.71893,0.72367,0.71765,0.71909,0.0
2017-03-01,0.719,0.71926,0.70991,0.71458,0.0
2017-03-02,0.71409,0.71494,0.70496,0.7061,0.0
2017-03-03,0.7061,0.70656,0.70015,0.7044,0.0
2017-03-06,0.70121,0.7045,0.69903,0.69925,0.0
2017-03-07,0.69916,0.70175,0.69512,0.6953,0.0
2017-03-08,0.69488,0.69774,0.69041,0.69127,0.0
2017-03-09,0.69109,0.69167,0.68894,0.68975,0.0
2017-03-10,0.68946,0.69468,0.68909,0.69212,0.0
2017-03-13,0.69313,0.69493,0.69125,0.69226,0.0
2017-03-14,0.69198,0.69397,0.6893,0.69183,0.0
2017-03-15,0.69181,0.70485,0.69167,0.70427,0.0
2017-03-16,0.70421,0.7045,0.69679,0.69861,0.0
2017-03-17,0.69853,0.70397,0.69747,0.7016,0.0
2017-03-20,0.7012,0.70731,0.70018,0.7052,0.0
2017-03-21,0.70531,0.70892,0.70313,0.7041,0.0
2017-03-22,0.70386,0.70723,0.70155,0.70429,0.0
2017-03-23,0.70425,0.70546,0.7023,0.70292,0.0
2017-03-24,0.70267,0.70424,0.69942,0.70271,0.0
2017-03-27,0.70289,0.70673,0.70181,0.70407,0.0
2017-03-28,0.70414,0.70484,0.70058,0.70142,0.0
2017-03-29,0.7008,0.70381,0.69919,0.70326,0.0
2017-03-30,0.70273,0.70443,0.69906,0.69931,0.0
2017-03-31,0.69892,0.70167,0.69755,0.69997,0.0
2017-04-03,0.69937,0.70146,0.69852,0.70134,0.0
2017-04-04,0.70132,0.70213,0.69687,0.69731,0.0
2017-04-05,0.69707,0.69832,0.69352,0.69615,0.0
2017-04-06,0.69585,0.69892,0.69585,0.69694,0.0
2017-04-07,0.69681,0.69933,0.69282,0.69296,0.0
2017-04-10,0.69295,0.69649,0.69198,0.69603,0.0
2017-04-11,0.696,0.69684,0.69294,0.69572,0.0
2017-04-12,0.69586,0.69741,0.6909,0.69674,0.0
2017-04-13,0.69598,0.70149,0.69598,0.70002,0.0
2017-04-14,0.69892,0.70106,0.69762,0.69965,0.0
2017-04-17,0.6994,0.7036,0.69835,0.70085,0.0
2017-04-18,0.7002,0.70426,0.69988,0.70396,0.0
2017-04-19,0.7041,0.70523,0.69955,0.70028,0.0
2017-04-20,0.70019,0.70512,0.69914,0.70095,0.0
2017-04-21,0.70093,0.70358,0.69828,0.70272,0.0
2017-04-24,0.7041,0.705,0.70094,0.70162,0.0
2017-04-25,0.70107,0.70159,0.69406,0.69496,0.0
2017-04-26,0.69469,0.69556,0.68716,0.68912,0.0
2017-04-27,0.68868,0.69199,0.68475,0.68745,0.0
2017-04-28,0.68748,0.68903,0.68512,0.68588,0.0
2017-05-01,0.68548,0.69228,0.68496,0.69087,0.0
2017-05-02,0.6905,0.69398,0.69019,0.69342,0.0
2017-05-03,0.69336,0.69678,0.68662,0.68776,0.0
2017-05-04,0.68733,0.68926,0.68387,0.68675,0.0
2017-05-05,0.6867,0.69273,0.68607,0.69158,0.0
2017-05-08,0.69012,0.69448,0.68878,0.69066,0.0
2017-05-09,0.69042,0.69259,0.68797,0.68947,0.0
2017-05-10,0.68918,0.69504,0.68885,0.69268,0.0
2017-05-11,0.6934,0.69392,0.68173,0.68496,0.0
2017-05-12,0.68462,0.68701,0.68261,0.68545,0.0
2017-05-15,0.68539,0.69172,0.68483,0.688,0.0
2017-05-16,0.68783,0.69059,0.68619,0.68827,0.0
2017-05-17,0.68794,0.69445,0.68768,0.694,0.0
2017-05-18,0.69394,0.69492,0.68855,0.6898,0.0
2017-05-19,0.68939,0.69382,0.68802,0.69247,0.0
2017-05-22,0.69244,0.69973,0.69063,0.6996,0.0
2017-05-23,0.69931,0.70461,0.6986,0.70094,0.0
2017-05-24,0.70047,0.70579,0.69879,0.70484,0.0
2017-05-25,0.70439,0.70543,0.70154,0.70215,0.0
2017-05-26,0.70161,0.70762,0.7006,0.70613,0.0
2017-05-29,0.7048,0.70877,0.70371,0.70507,0.0
2017-05-30,0.70523,0.71009,0.7035,0.70952,0.0
2017-05-31,0.70899,0.71208,0.70766,0.70817,0.0
2017-06-01,0.70818,0.70882,0.70576,0.70611,0.0
2017-06-02,0.70594,0.7146,0.7058,0.71431,0.0
2017-06-05,0.71279,0.71489,0.7113,0.71369,0.0
2017-06-06,0.71333,0.72043,0.71256,0.71833,0.0
2017-06-07,0.71775,0.72061,0.71684,0.71965,0.0
2017-06-08,0.71919,0.72224,0.71869,0.7213,0.0
2017-06-09,0.72039,0.72196,0.71891,0.72102,0.0
2017-06-12,0.72014,0.72125,0.71699,0.71984,0.0
2017-06-13,0.71915,0.72272,0.71892,0.72203,0.0
2017-06-14,0.72197,0.73186,0.71977,0.72695,0.0
2017-06-15,0.72625,0.72681,0.71852,0.72067,0.0
2017-06-16,0.7198,0.72581,0.71973,0.72478,0.0
2017-06-19,0.72474,0.72976,0.72258,0.72281,0.0
2017-06-20,0.72275,0.7267,0.72189,0.72391,0.0
2017-06-21,0.72385,0.72493,0.72056,0.72146,0.0
2017-06-22,0.72141,0.72736,0.71888,0.72638,0.0
2017-06-23,0.72595,0.72962,0.72485,0.72803,0.0
2017-06-26,0.72759,0.73102,0.72612,0.72876,0.0
2017-06-27,0.72878,0.73441,0.72653,0.72671,0.0
2017-06-28,0.7266,0.73138,0.72531,0.73036,0.0
2017-06-29,0.73023,0.73316,0.72748,0.72978,0.0
2017-06-30,0.72989,0.73457,0.72912,0.73294,0.0
2017-07-03,0.73259,0.73449,0.72719,0.72942,0.0
2017-07-04,0.72926,0.7299,0.72618,0.72837,0.0
2017-07-05,0.72844,0.72962,0.72517,0.72888,0.0
2017-07-06,0.72871,0.72913,0.72437,0.7275,0.0
2017-07-07,0.72715,0.73098,0.72604,0.72801,0.0
2017-07-10,0.72632,0.72823,0.72619,0.72746,0.0
2017-07-11,0.72741,0.72778,0.72013,0.72242,0.0
2017-07-12,0.72213,0.728,0.72151,0.72587,0.0
2017-07-13,0.72544,0.73673,0.72454,0.73198,0.0
2017-07-14,0.73129,0.73646,0.72986,0.73454,0.0
2017-07-17,0.73417,0.73598,0.73102,0.73173,0.0
2017-07-18,0.73166,0.7372,0.72606,0.73472,0.0
2017-07-19,0.73457,0.73874,0.73401,0.73545,0.0
2017-07-20,0.73557,0.74141,0.73331,0.73977,0.0
2017-07-21,0.73948,0.7458,0.73933,0.74535,0.0
2017-07-24,0.74436,0.74558,0.7421,0.74371,0.0
2017-07-25,0.74339,0.74506,0.74009,0.74169,0.0
2017-07-26,0.74169,0.75285,0.74092,0.75195,0.0
2017-07-27,0.75183,0.75575,0.74794,0.74846,0.0
2017-07-28,0.74786,0.75242,0.74603,0.75107,0.0
2017-07-31,0.7492,0.7522,0.74676,0.7512,0.0
2017-08-01,0.75078,0.75232,0.7461,0.74676,0.0
2017-08-02,0.74645,0.74731,0.74095,0.74294,0.0
2017-08-03,0.7426,0.74507,0.73899,0.74328,0.0
2017-08-04,0.74325,0.74542,0.73917,0.74121,0.0
2017-08-07,0.73992,0.74158,0.73473,0.73617,0.0
2017-08-08,0.73585,0.73694,0.73176,0.7328,0.0
2017-08-09,0.73284,0.73429,0.7308,0.73395,0.0
2017-08-10,0.73266,0.73704,0.72514,0.72775,0.0
2017-08-11,0.72739,0.7327,0.72516,0.73114,0.0
2017-08-14,0.73023,0.73295,0.72804,0.72838,0.0
2017-08-15,0.72823,0.73116,0.72287,0.7234,0.0
2017-08-16,0.72336,0.73178,0.72228,0.73111,0.0
2017-08-17,0.73098,0.73348,0.72798,0.72815,0.0
2017-08-18,0.72792,0.73346,0.72752,0.73097,0.0
2017-08-21,0.73112,0.73368,0.73042,0.73264,0.0
2017-08-22,0.73264,0.73342,0.72727,0.72773,0.0
2017-08-23,0.72758,0.7282,0.71967,0.72221,0.0
2017-08-24,0.72148,0.72352,0.7191,0.72067,0.0
2017-08-25,0.72062,0.72579,0.71964,0.72387,0.0
2017-08-28,0.72375,0.72624,0.72302,0.72553,0.0
2017-08-29,0.7253,0.72977,0.72176,0.72543,0.0
2017-08-30,0.72498,0.72772,0.71883,0.71995,0.0
2017-08-31,0.71977,0.72093,0.713,0.71764,0.0
2017-09-01,0.71752,0.72064,0.71452,0.71536,0.0
2017-09-04,0.71395,0.71822,0.71351,0.71598,0.0
2017-09-05,0.71585,0.7263,0.7156,0.72336,0.0
2017-09-06,0.72307,0.72601,0.71859,0.7198,0.0
2017-09-07,0.7195,0.72412,0.71718,0.72329,0.0
2017-09-08,0.72296,0.73369,0.72264,0.72596,0.0
2017-09-11,0.72583,0.72941,0.72244,0.72539,0.0
2017-09-12,0.72525,0.73199,0.72156,0.72881,0.0
2017-09-13,0.72825,0.7303,0.72194,0.72387,0.0
2017-09-14,0.72389,0.72619,0.71825,0.72241,0.0
2017-09-15,0.72118,0.73097,0.72089,0.72879,0.0
2017-09-18,0.72764,0.73432,0.72468,0.72653,0.0
2017-09-19,0.72511,0.73261,0.72511,0.73163,0.0
2017-09-20,0.73153,0.74332,0.7303,0.7355,0.0
2017-09-21,0.73546,0.73626,0.72973,0.73062,0.0
2017-09-22,0.73035,0.73435,0.72795,0.73282,0.0
2017-09-25,0.73056,0.73268,0.72512,0.72634,0.0
2017-09-26,0.72618,0.72765,0.71668,0.72052,0.0
2017-09-27,0.72052,0.72383,0.71762,0.71997,0.0
2017-09-28,0.71992,0.72388,0.71659,0.72355,0.0
2017-09-29,0.72317,0.72436,0.71866,0.71939,0.0
2017-10-02,0.71953,0.72258,0.7167,0.71945,0.0
2017-10-03,0.71866,0.71975,0.71469,0.71582,0.0
2017-10-04,0.71574,0.72049,0.7146,0.71661,0.0
2017-10-05,0.71652,0.71664,0.7111,0.7116,0.0
2017-10-06,0.71145,0.71177,0.70533,0.70886,0.0
2017-10-09,0.70572,0.70849,0.70463,0.70627,0.0
2017-10-10,0.70633,0.70871,0.70552,0.70694,0.0
2017-10-11,0.70658,0.70982,0.70582,0.70827,0.0
2017-10-12,0.7075,0.71452,0.7075,0.71297,0.0
2017-10-13,0.71196,0.71963,0.71192,0.71704,0.0
2017-10-16,0.71691,0.71957,0.71575,0.71713,0.0
2017-10-17,0.71648,0.72006,0.71468,0.71698,0.0
2017-10-18,0.71691,0.71777,0.71183,0.71513,0.0
2017-10-19,0.71435,0.71704,0.70086,0.70286,0.0
2017-10-20,0.70271,0.70352,0.69533,0.69597,0.0
2017-10-23,0.695,0.69891,0.69309,0.69642,0.0
2017-10-24,0.69648,0.70034,0.68857,0.69037,0.0
2017-10-25,0.69027,0.69117,0.68604,0.6886,0.0
2017-10-26,0.68871,0.69034,0.68327,0.68434,0.0
2017-10-27,0.68335,0.68749,0.68172,0.68718,0.0
2017-10-30,0.68723,0.68856,0.68323,0.68761,0.0
2017-10-31,0.6872,0.68808,0.68306,0.68461,0.0
2017-11-01,0.6844,0.69302,0.68165,0.68861,0.0
2017-11-02,0.68849,0.69412,0.68821,0.69124,0.0
2017-11-03,0.6912,0.69499,0.6897,0.6906,0.0
2017-11-06,0.68941,0.69576,0.68743,0.69457,0.0
2017-11-07,0.69437,0.69535,0.68904,0.69006,0.0
2017-11-08,0.68956,0.69731,0.68953,0.69666,0.0
2017-11-09,0.69609,0.69796,0.69325,0.69446,0.0
2017-11-10,0.69428,0.69569,0.69202,0.69256,0.0
2017-11-13,0.69132,0.69369,0.68927,0.69017,0.0
2017-11-14,0.68993,0.69008,0.68441,0.68761,0.0
2017-11-15,0.68727,0.69186,0.68615,0.68754,0.0
2017-11-16,0.68687,0.68759,0.68349,0.68482,0.0
2017-11-17,0.68451,0.68829,0.67795,0.68117,0.0
2017-11-20,0.67994,0.68395,0.67926,0.6809,0.0
2017-11-21,0.68083,0.684,0.67879,0.6829,0.0
2017-11-22,0.68273,0.68924,0.68192,0.68827,0.0
2017-11-23,0.68793,0.69049,0.68664,0.68874,0.0
2017-11-24,0.68904,0.68932,0.68527,0.68658,0.0
2017-11-27,0.68619,0.69257,0.68523,0.6911,0.0
2017-11-28,0.69035,0.69444,0.68952,0.68974,0.0
2017-11-29,0.68981,0.69289,0.68759,0.68806,0.0
2017-11-30,0.68746,0.68877,0.68294,0.68319,0.0
2017-12-01,0.68314,0.69115,0.68159,0.68819,0.0
2017-12-04,0.68596,0.68704,0.68388,0.68573,0.0
2017-12-05,0.68561,0.69069,0.68504,0.68756,0.0
2017-12-06,0.68746,0.69165,0.68684,0.68794,0.0
2017-12-07,0.68813,0.68879,0.68226,0.68299,0.0
2017-12-08,0.68268,0.68692,0.68214,0.68367,0.0
2017-12-11,0.68361,0.69299,0.68306,0.69086,0.0
2017-12-12,0.69085,0.69522,0.69003,0.69321,0.0
2017-12-13,0.69302,0.70272,0.69296,0.7023,0.0
2017-12-14,0.70225,0.70232,0.69774,0.69817,0.0
2017-12-15,0.69822,0.7033,0.69775,0.69813,0.0
2017-12-18,0.69936,0.70278,0.69909,0.69931,0.0
2017-12-19,0.69927,0.70182,0.69651,0.6972,0.0
2017-12-20,0.69689,0.70126,0.69529,0.7012,0.0
2017-12-21,0.70096,0.70192,0.6986,0.70162,0.0
2017-12-22,0.70142,0.70263,0.69998,0.70177,0.0
2017-12-26,0.70205,0.70421,0.70092,0.70385,0.0
2017-12-27,0.70379,0.70755,0.70269,0.70614,0.0
2017-12-28,0.70539,0.70981,0.70514,0.70874,0.0
2017-12-29,0.70772,0.71232,0.70746,0.70859,0.0
2018-01-02,0.71012,0.71296,0.70563,0.71015,0.0
2018-01-03,0.71023,0.711,0.7072,0.70894,0.0
2018-01-04,0.7091,0.71627,0.70721,0.71542,0.0
2018-01-05,0.7152,0.71857,0.71439,0.71673,0.0
2018-01-08,0.71545,0.71832,0.71513,0.71738,0.0
2018-01-09,0.7172,0.71963,0.71595,0.71603,0.0
2018-01-10,0.71602,0.72289,0.71392,0.71982,0.0
2018-01-11,0.71958,0.7262,0.71814,0.72599,0.0
2018-01-12,0.72596,0.72756,0.72185,0.72443,0.0
2018-01-15,0.72319,0.73141,0.72307,0.72987,0.0
2018-01-16,0.72944,0.73069,0.72587,0.7265,0.0
2018-01-17,0.72646,0.73308,0.72338,0.72717,0.0
2018-01-18,0.7265,0.73204,0.72445,0.72992,0.0
2018-01-19,0.72976,0.73226,0.72695,0.72735,0.0
2018-01-22,0.72815,0.73288,0.72673,0.7327,0.0
2018-01-23,0.73272,0.73638,0.73051,0.73518,0.0
2018-01-24,0.73516,0.74332,0.73357,0.73381,0.0
2018-01-25,0.73377,0.73915,0.73129,0.73229,0.0
2018-01-26,0.73198,0.73741,0.72882,0.73553,0.0
2018-01-29,0.73387,0.73639,0.73003,0.73204,0.0
2018-01-30,0.73199,0.73544,0.72778,0.7331,0.0
2018-01-31,0.73253,0.74196,0.73228,0.73647,0.0
2018-02-01,0.73599,0.7403,0.73336,0.73938,0.0
2018-02-02,0.73965,0.74049,0.72937,0.72992,0.0
2018-02-05,0.72816,0.73301,0.72593,0.72649,0.0
2018-02-06,0.72607,0.73499,0.72559,0.73405,0.0
2018-02-07,0.73368,0.73453,0.72088,0.7235,0.0
2018-02-08,0.72305,0.72419,0.71753,0.72168,0.0
2018-02-09,0.72149,0.72587,0.71979,0.72495,0.0
2018-02-12,0.72438,0.72768,0.72312,0.72628,0.0
2018-02-13,0.72605,0.73139,0.7246,0.72731,0.0
2018-02-14,0.72702,0.73789,0.72387,0.73639,0.0
2018-02-15,0.73644,0.74107,0.73619,0.74071,0.0
2018-02-16,0.74041,0.74367,0.73726,0.73875,0.0
2018-02-19,0.73745,0.74091,0.73527,0.73704,0.0
2018-02-20,0.7369,0.73739,0.73349,0.73466,0.0
2018-02-21,0.73415,0.73848,0.73155,0.73166,0.0
2018-02-22,0.73173,0.73642,0.73054,0.73382,0.0
2018-02-23,0.73386,0.73442,0.72705,0.72899,0.0
2018-02-26,0.72905,0.73448,0.72763,0.73027,0.0
2018-02-27,0.7299,0.73044,0.72306,0.72339,0.0
2018-02-28,0.72298,0.72418,0.72049,0.72079,0.0
2018-03-01,0.72051,0.72627,0.71855,0.72494,0.0
2018-03-02,0.72506,0.72786,0.7218,0.72375,0.0
2018-03-05,0.72352,0.7244,0.72024,0.72256,0.0
2018-03-06,0.72236,0.73101,0.72203,0.72943,0.0
2018-03-07,0.72891,0.72992,0.72535,0.72865,0.0
2018-03-08,0.72783,0.72966,0.72447,0.72566,0.0
2018-03-09,0.72601,0.7297,0.72489,0.72785,0.0
2018-03-12,0.72923,0.73223,0.72722,0.7293,0.0
2018-03-13,0.72904,0.73538,0.72898,0.73236,0.0
2018-03-14,0.73221,0.73533,0.73174,0.73319,0.0
2018-03-15,0.73296,0.73335,0.72665,0.7275,0.0
2018-03-16,0.72752,0.72803,0.72069,0.72111,0.0
2018-03-19,0.72164,0.72595,0.71955,0.72427,0.0
2018-03-20,0.72386,0.72484,0.71758,0.71826,0.0
2018-03-21,0.71829,0.72452,0.71522,0.7228,0.0
2018-03-22,0.72235,0.72622,0.72063,0.72067,0.0
2018-03-23,0.72019,0.72733,0.72003,0.72312,0.0
2018-03-26,0.72288,0.73,0.72272,0.72963,0.0
2018-03-27,0.72945,0.7303,0.72571,0.72628,0.0
2018-03-28,0.72653,0.72739,0.72027,0.72102,0.0
2018-03-29,0.721,0.72337,0.71871,0.72287,0.0
2018-03-30,0.72262,0.72471,0.72196,0.72305,0.0
2018-04-02,0.72327,0.72401,0.72032,0.72139,0.0
2018-04-03,0.72077,0.72702,0.71946,0.72547,0.0
2018-04-04,0.72553,0.73103,0.72514,0.73051,0.0
2018-04-05,0.73062,0.73216,0.72612,0.72702,0.0
2018-04-06,0.72717,0.72819,0.72396,0.72688,0.0
2018-04-09,0.72641,0.73237,0.72588,0.73066,0.0
2018-04-10,0.73052,0.73754,0.73023,0.73624,0.0
2018-04-11,0.73546,0.7378,0.73439,0.7357,0.0
2018-04-12,0.73581,0.73891,0.73479,0.73745,0.0
2018-04-13,0.73708,0.73949,0.73444,0.73514,0.0
2018-04-16,0.7354,0.73702,0.73319,0.73615,0.0
2018-04-17,0.7362,0.73721,0.7326,0.73396,0.0
2018-04-18,0.73389,0.73436,0.73028,0.7321,0.0
2018-04-19,0.73179,0.73422,0.72591,0.72709,0.0
2018-04-20,0.72654,0.7271,0.71999,0.72048,0.0
2018-04-23,0.72143,0.72175,0.71446,0.71464,0.0
2018-04-24,0.71473,0.71571,0.71046,0.71182,0.0
2018-04-25,0.71129,0.71184,0.70576,0.70687,0.0
2018-04-26,0.70674,0.70943,0.7055,0.70609,0.0
2018-04-27,0.70601,0.70946,0.7037,0.70843,0.0
2018-04-30,0.70766,0.70885,0.70327,0.70337,0.0
2018-05-01,0.70334,0.70404,0.69894,0.70028,0.0
2018-05-02,0.70016,0.70312,0.6984,0.69926,0.0
2018-05-03,0.69862,0.70466,0.6986,0.70413,0.0
2018-05-04,0.70392,0.70525,0.69934,0.70181,0.0
2018-05-07,0.70184,0.70406,0.69936,0.70156,0.0
2018-05-08,0.7006,0.70296,0.69525,0.69683,0.0
2018-05-09,0.6966,0.69965,0.69481,0.69816,0.0
2018-05-10,0.69733,0.69786,0.69022,0.69624,0.0
2018-05-11,0.69607,0.69866,0.69533,0.69625,0.0
2018-05-14,0.69646,0.6975,0.6911,0.6914,0.0
2018-05-15,0.69133,0.6925,0.6854,0.6863,0.0
2018-05-16,0.68623,0.69171,0.685,0.6898,0.0
2018-05-17,0.6897,0.6937,0.6872,0.6875,0.0
2018-05-18,0.68769,0.6923,0.68738,0.692,0.0
2018-05-21,0.69199,0.6951,0.6883,0.6945,0.0
2018-05-22,0.69463,0.6976,0.692,0.69345,0.0
2018-05-23,0.69341,0.6945,0.68844,0.6915,0.0
2018-05-24,0.69181,0.69379,0.6906,0.69295,0.0
2018-05-25,0.69294,0.69385,0.6905,0.6916,0.0
2018-05-28,0.69199,0.696,0.6916,0.69429,0.0
2018-05-29,0.6943,0.695,0.68897,0.6901,0.0
2018-05-30,0.69051,0.6999,0.68829,0.6989,0.0
2018-05-31,0.69873,0.7024,0.6969,0.6999,0.0
2018-06-01,0.7002,0.7021,0.6961,0.6987,0.0
2018-06-04,0.69791,0.7049,0.69773,0.703,0.0
2018-06-05,0.70308,0.7046,0.6998,0.70241,0.0
2018-06-06,0.70232,0.7061,0.70177,0.7033,0.0
2018-06-07,0.70334,0.7057,0.7022,0.7029,0.0
2018-06-08,0.70282,0.7043,0.7008,0.703,0.0
2018-06-11,0.70243,0.7055,0.7014,0.70243,0.0
2018-06-12,0.70239,0.70466,0.6996,0.7006,0.0
2018-06-13,0.70082,0.7054,0.69749,0.7023,0.0
2018-06-14,0.70225,0.7045,0.6971,0.6974,0.0
2018-06-15,0.69762,0.6978,0.69279,0.69406,0.0
2018-06-18,0.69359,0.6957,0.6919,0.69356,0.0
2018-06-19,0.69416,0.69453,0.6885,0.69025,0.0
2018-06-20,0.69028,0.6918,0.6857,0.68649,0.0
2018-06-21,0.6865,0.6884,0.6825,0.68694,0.0
2018-06-22,0.68678,0.6921,0.6856,0.69103,0.0
2018-06-25,0.69143,0.69223,0.6885,0.68965,0.0
2018-06-26,0.69013,0.6903,0.6847,0.68522,0.0
2018-06-27,0.68539,0.68645,0.6778,0.6795,0.0
2018-06-28,0.67898,0.6811,0.6746,0.67571,0.0
2018-06-29,0.67576,0.6785,0.67364,0.6777,0.0
2018-07-02,0.67931,0.67931,0.6689,0.6715,0.0
2018-07-03,0.67159,0.676,0.6688,0.6754,0.0
2018-07-04,0.6754,0.6784,0.6746,0.6764,0.0
2018-07-05,0.67615,0.6799,0.675,0.679,0.0
2018-07-06,0.67876,0.6845,0.6781,0.68382,0.0
2018-07-09,0.68394,0.6859,0.6829,0.68379,0.0
2018-07-10,0.68389,0.6858,0.68063,0.6836,0.0
2018-07-11,0.68372,0.6839,0.6754,0.6757,0.0
2018-07-12,0.6759,0.6787,0.6748,0.6777,0.0
2018-07-13,0.67791,0.6787,0.6725,0.67672,0.0
2018-07-16,0.67644,0.6794,0.6758,0.6778,0.0
2018-07-17,0.67778,0.6841,0.6757,0.6783,0.0
2018-07-18,0.67824,0.6806,0.67427,0.6795,0.0
2018-07-19,0.67947,0.68059,0.6713,0.67412,0.0
2018-07-20,0.67455,0.6819,0.672,0.68076,0.0
2018-07-23,0.68001,0.6825,0.6776,0.6784,0.0
2018-07-24,0.67841,0.6819,0.6769,0.67993,0.0
2018-07-25,0.67996,0.68425,0.6785,0.6837,0.0
2018-07-26,0.68364,0.6851,0.6781,0.67819,0.0
2018-07-27,0.67836,0.6801,0.6762,0.6796,0.0
2018-07-30,0.6794,0.6836,0.67898,0.68242,0.0
2018-07-31,0.68206,0.6833,0.6801,0.6817,0.0
2018-08-01,0.682,0.6821,0.6782,0.67905,0.0
2018-08-02,0.67911,0.67987,0.6739,0.67411,0.0
2018-08-03,0.67428,0.67663,0.672,0.6748,0.0
2018-08-06,0.67469,0.6756,0.6724,0.67328,0.0
2018-08-07,0.67327,0.6756,0.6724,0.67357,0.0
2018-08-08,0.67379,0.6763,0.6722,0.67483,0.0
2018-08-09,0.67455,0.67483,0.6612,0.6614,0.0
2018-08-10,0.6613,0.66221,0.65707,0.6577,0.0
2018-08-13,0.65751,0.6596,0.65637,0.65788,0.0
2018-08-14,0.6577,0.6611,0.6568,0.65737,0.0
2018-08-15,0.6574,0.6578,0.6544,0.6565,0.0
2018-08-16,0.6565,0.6609,0.65556,0.65859,0.0
2018-08-17,0.65878,0.6638,0.65799,0.6635,0.0
2018-08-20,0.66411,0.66493,0.661,0.6644,0.0
2018-08-21,0.6644,0.6701,0.6636,0.6696,0.0
2018-08-22,0.66903,0.67191,0.6641,0.6699,0.0
2018-08-23,0.6698,0.6705,0.663,0.6637,0.0
2018-08-24,0.66391,0.6697,0.66207,0.669,0.0
2018-08-27,0.66825,0.6703,0.6669,0.6698,0.0
2018-08-28,0.66933,0.6727,0.6676,0.6707,0.0
2018-08-29,0.67079,0.672,0.6684,0.6712,0.0
2018-08-30,0.67169,0.67182,0.6634,0.66586,0.0
2018-08-31,0.66558,0.66635,0.6607,0.662,0.0
2018-09-03,0.6617,0.6622,0.65936,0.66007,0.0
2018-09-04,0.6599,0.6608,0.654,0.6554,0.0
2018-09-05,0.65583,0.65998,0.65312,0.659,0.0
2018-09-06,0.65906,0.6617,0.6572,0.659,0.0
2018-09-07,0.65888,0.6594,0.6527,0.65335,0.0
2018-09-10,0.65344,0.6548,0.6512,0.6524,0.0
2018-09-11,0.6528,0.6542,0.65,0.65259,0.0
2018-09-12,0.65271,0.6567,0.6502,0.65583,0.0
2018-09-13,0.65608,0.659,0.6543,0.6572,0.0
2018-09-14,0.65722,0.6596,0.6543,0.6546,0.0
2018-09-17,0.65555,0.6591,0.6538,0.6579,0.0
2018-09-18,0.65799,0.6609,0.65617,0.6585,0.0
2018-09-19,0.65799,0.6624,0.6572,0.6616,0.0
2018-09-20,0.66162,0.6694,0.6601,0.66872,0.0
2018-09-21,0.66866,0.67,0.6667,0.668,0.0
2018-09-24,0.66685,0.6689,0.664,0.66443,0.0
2018-09-25,0.6647,0.6659,0.663,0.66479,0.0
2018-09-26,0.66468,0.66961,0.6634,0.66571,0.0
2018-09-27,0.66595,0.66774,0.661,0.6613,0.0
2018-09-28,0.66178,0.664,0.6598,0.6619,0.0
2018-10-01,0.66218,0.6629,0.6599,0.66151,0.0
2018-10-02,0.66182,0.66182,0.6574,0.65927,0.0
2018-10-03,0.65923,0.6594,0.651,0.65144,0.0
2018-10-04,0.65138,0.6521,0.6473,0.6477,0.0
2018-10-05,0.64776,0.6486,0.6432,0.64373,0.0
2018-10-08,0.6442,0.6455,0.6424,0.6454,0.0
2018-10-09,0.64499,0.6474,0.6427,0.64718,0.0
2018-10-10,0.64735,0.6498,0.6442,0.64478,0.0
2018-10-11,0.64516,0.65315,0.6445,0.65269,0.0
2018-10-12,0.65229,0.6534,0.6499,0.65078,0.0
2018-10-15,0.65095,0.6557,0.64946,0.65528,0.0
2018-10-16,0.65498,0.6598,0.65435,0.6587,0.0
2018-10-17,0.65847,0.6602,0.6545,0.655,0.0
2018-10-18,0.65491,0.6579,0.6534,0.65439,0.0
2018-10-19,0.65435,0.66073,0.65244,0.65911,0.0
2018-10-22,0.66007,0.66052,0.6543,0.6553,0.0
2018-10-23,0.65623,0.657,0.6534,0.6554,0.0
2018-10-24,0.65528,0.6568,0.6518,0.65225,0.0
2018-10-25,0.65254,0.6545,0.65026,0.65222,0.0
2018-10-26,0.65187,0.6535,0.6465,0.65214,0.0
2018-10-29,0.65237,0.6556,0.6514,0.65212,0.0
2018-10-30,0.65212,0.6573,0.652,0.65542,0.0
2018-10-31,0.65536,0.6572,0.6513,0.65164,0.0
2018-11-01,0.65171,0.6663,0.6514,0.66543,0.0
2018-11-02,0.66535,0.669,0.6633,0.66471,0.0
2018-11-05,0.66371,0.66763,0.6632,0.66647,0.0
2018-11-06,0.66611,0.6741,0.6645,0.6738,0.0
2018-11-07,0.67387,0.67988,0.67126,0.67835,0.0
2018-11-08,0.67872,0.6798,0.6741,0.67555,0.0
2018-11-09,0.67542,0.67659,0.6727,0.67375,0.0
2018-11-12,0.67271,0.6758,0.6705,0.67094,0.0
2018-11-13,0.67101,0.6769,0.6707,0.6765,0.0
2018-11-14,0.67633,0.681,0.67559,0.6795,0.0
2018-11-15,0.68018,0.68402,0.6787,0.68299,0.0
2018-11-16,0.68296,0.6885,0.67985,0.68777,0.0
2018-11-19,0.68669,0.6874,0.6816,0.68381,0.0
2018-11-20,0.68382,0.687,0.6788,0.67932,0.0
2018-11-21,0.6788,0.68534,0.6781,0.6833,0.0
2018-11-22,0.6835,0.68362,0.6788,0.6814,0.0
2018-11-23,0.68139,0.6821,0.6767,0.67804,0.0
2018-11-26,0.67795,0.6816,0.67638,0.67704,0.0
2018-11-27,0.67704,0.6811,0.6753,0.67926,0.0
2018-11-28,0.67897,0.68873,0.67825,0.68711,0.0
2018-11-29,0.68712,0.6885,0.6838,0.6857,0.0
2018-11-30,0.68614,0.6886,0.6851,0.68823,0.0
2018-12-03,0.69173,0.6941,0.6889,0.6927,0.0
2018-12-04,0.6926,0.697,0.69182,0.6929,0.0
2018-12-05,0.69297,0.6945,0.68895,0.6898,0.0
2018-12-06,0.68978,0.6902,0.6856,0.6879,0.0
2018-12-07,0.68757,0.68964,0.6846,0.68598,0.0
2018-12-10,0.68697,0.6905,0.68407,0.687,0.0
2018-12-11,0.68702,0.6912,0.6862,0.6874,0.0
2018-12-12,0.68782,0.6901,0.68248,0.6858,0.0
2018-12-13,0.68598,0.688,0.6842,0.6856,0.0
2018-12-14,0.6859,0.6865,0.6778,0.67992,0.0
2018-12-17,0.67964,0.6819,0.67848,0.6805,0.0
2018-12-18,0.68038,0.688,0.68,0.68487,0.0
2018-12-19,0.68468,0.6871,0.67639,0.67674,0.0
2018-12-20,0.67669,0.6792,0.6724,0.6775,0.0
2018-12-21,0.67758,0.6791,0.6705,0.67116,0.0
2018-12-24,0.67207,0.6751,0.671,0.6729,0.0
2018-12-26,0.67266,0.6747,0.6716,0.67309,0.0
2018-12-27,0.67331,0.6742,0.6693,0.6701,0.0
2018-12-28,0.66991,0.67204,0.6692,0.6707,0.0
2018-12-31,0.67115,0.6723,0.66918,0.6718,0.0
2019-01-02,0.67174,0.6726,0.6652,0.6653,0.0
2019-01-03,0.6653,0.6701,0.65907,0.66925,0.0
2019-01-04,0.66932,0.6752,0.6672,0.67363,0.0
2019-01-07,0.67457,0.6768,0.6729,0.6755,0.0
2019-01-08,0.67548,0.6759,0.6707,0.6723,0.0
2019-01-09,0.67224,0.68099,0.6713,0.679,0.0
2019-01-10,0.67883,0.6795,0.6771,0.678,0.0
2019-01-11,0.67812,0.6845,0.6777,0.6834,0.0
2019-01-14,0.68261,0.6833,0.67967,0.68215,0.0
2019-01-15,0.68216,0.685,0.6799,0.68172,0.0
2019-01-16,0.68177,0.6832,0.6755,0.67766,0.0
2019-01-17,0.67761,0.67867,0.6727,0.67622,0.0
2019-01-18,0.6763,0.67842,0.6736,0.67444,0.0
2019-01-21,0.67521,0.67521,0.6713,0.6729,0.0
2019-01-22,0.67314,0.67504,0.6706,0.67483,0.0
2019-01-23,0.67513,0.68,0.6742,0.67888,0.0
2019-01-24,0.67882,0.68075,0.6755,0.6762,0.0
2019-01-25,0.67633,0.6851,0.6747,0.68407,0.0
2019-01-28,0.68317,0.6873,0.6826,0.68303,0.0
2019-01-29,0.68318,0.6863,0.68154,0.68336,0.0
2019-01-30,0.68355,0.6912,0.682,0.68966,0.0
2019-01-31,0.68948,0.6939,0.6887,0.6918,0.0
2019-02-01,0.6919,0.6943,0.689,0.68927,0.0
2019-02-04,0.68983,0.6906,0.6869,0.68843,0.0
2019-02-05,0.68925,0.6907,0.6871,0.6894,0.0
2019-02-06,0.68958,0.6906,0.6765,0.67774,0.0
2019-02-07,0.6777,0.6779,0.6744,0.67497,0.0
2019-02-08,0.675,0.6767,0.6729,0.67446,0.0
2019-02-11,0.67408,0.6774,0.6726,0.67322,0.0
2019-02-12,0.67332,0.6745,0.6719,0.67373,0.0
2019-02-13,0.6736,0.6853,0.67275,0.6797,0.0
2019-02-14,0.67976,0.68561,0.6792,0.6839,0.0
2019-02-15,0.68379,0.6875,0.681,0.6865,0.0
2019-02-18,0.68588,0.6894,0.6839,0.685,0.0
2019-02-19,0.68477,0.68881,0.6814,0.68843,0.0
2019-02-20,0.68839,0.6887,0.685,0.6856,0.0
2019-02-21,0.68569,0.6878,0.6797,0.6802,0.0
2019-02-22,0.68026,0.6854,0.67579,0.68497,0.0
2019-02-25,0.68629,0.6903,0.68536,0.6884,0.0
2019-02-26,0.6882,0.69026,0.687,0.68917,0.0
2019-02-27,0.68911,0.69021,0.6834,0.6847,0.0
2019-02-28,0.68487,0.6854,0.67963,0.68095,0.0
2019-03-01,0.68071,0.684,0.6793,0.6799,0.0
2019-03-04,0.68233,0.6829,0.6796,0.6828,0.0
2019-03-05,0.682,0.6828,0.6768,0.6798,0.0
2019-03-06,0.6798,0.6802,0.67539,0.6769,0.0
2019-03-07,0.67691,0.67921,0.6744,0.67545,0.0
2019-03-08,0.67544,0.6811,0.675,0.6803,0.0
2019-03-11,0.6797,0.6837,0.679,0.68319,0.0
2019-03-12,0.68298,0.6874,0.68269,0.6861,0.0
2019-03-13,0.68609,0.6863,0.6829,0.68585,0.0
2019-03-14,0.68582,0.68665,0.6808,0.6824,0.0
2019-03-15,0.68232,0.686,0.6822,0.6846,0.0
2019-03-18,0.68475,0.6875,0.6839,0.6852,0.0
2019-03-19,0.68532,0.6872,0.6841,0.6855,0.0
2019-03-20,0.68545,0.69177,0.6827,0.68836,0.0
2019-03-21,0.68825,0.6939,0.6857,0.68775,0.0
2019-03-22,0.68784,0.6898,0.68655,0.6875,0.0
2019-03-25,0.68713,0.6919,0.68711,0.69086,0.0
2019-03-26,0.69088,0.6925,0.6894,0.6907,0.0
2019-03-27,0.69069,0.69148,0.6786,0.67969,0.0
2019-03-28,0.67974,0.6829,0.6774,0.67755,0.0
2019-03-29,0.6776,0.68236,0.67739,0.6806,0.0
2019-04-01,0.68115,0.6838,0.6803,0.68053,0.0
2019-04-02,0.68056,0.68061,0.6738,0.6757,0.0
2019-04-03,0.67577,0.6801,0.6743,0.6778,0.0
2019-04-04,0.67781,0.68,0.6748,0.6753,0.0
2019-04-05,0.6753,0.6766,0.6718,0.67348,0.0
2019-04-08,0.67338,0.6755,0.6722,0.6742,0.0
2019-04-09,0.67405,0.6759,0.6736,0.67432,0.0
2019-04-10,0.67453,0.6775,0.6738,0.67651,0.0
2019-04-11,0.67663,0.6772,0.6722,0.67273,0.0
2019-04-12,0.67277,0.6782,0.6713,0.6762,0.0
2019-04-15,0.67633,0.6784,0.675,0.6763,0.0
2019-04-16,0.67631,0.677,0.6741,0.67637,0.0
2019-04-17,0.6764,0.6776,0.66681,0.6726,0.0
2019-04-18,0.67278,0.67326,0.6672,0.6684,0.0
2019-04-19,0.6683,0.6695,0.6678,0.66874,0.0
2019-04-22,0.66847,0.669,0.6672,0.6679,0.0
2019-04-23,0.6679,0.6688,0.6629,0.6658,0.0
2019-04-24,0.6658,0.6659,0.6581,0.65915,0.0
2019-04-25,0.65931,0.663,0.65804,0.66258,0.0
2019-04-26,0.66255,0.6682,0.6616,0.66564,0.0
2019-04-29,0.66538,0.6682,0.66531,0.6668,0.0
2019-04-30,0.6666,0.6686,0.6654,0.66767,0.0
2019-05-01,0.6676,0.66798,0.6616,0.66225,0.0
2019-05-02,0.66217,0.664,0.6607,0.6617,0.0
2019-05-03,0.6618,0.6654,0.66065,0.66447,0.0
2019-05-06,0.66087,0.66302,0.6601,0.66073,0.0
2019-05-07,0.66118,0.6627,0.6587,0.66001,0.0
2019-05-08,0.66016,0.6606,0.6531,0.65776,0.0
2019-05-09,0.65749,0.6598,0.6569,0.65887,0.0
2019-05-10,0.65907,0.66144,0.65837,0.65993,0.0
2019-05-13,0.65957,0.66038,0.6563,0.6567,0.0
2019-05-14,0.65675,0.6592,0.6564,0.6574,0.0
2019-05-15,0.6576,0.65791,0.655,0.6564,0.0
2019-05-16,0.65647,0.6584,0.6532,0.6536,0.0
2019-05-17,0.65353,0.6547,0.6513,0.6514,0.0
2019-05-20,0.65282,0.6547,0.65205,0.6534,0.0
2019-05-21,0.6534,0.65435,0.65,0.6506,0.0
2019-05-22,0.65071,0.6511,0.6491,0.6495,0.0
2019-05-23,0.64942,0.6527,0.6481,0.6522,0.0
2019-05-24,0.65201,0.6557,0.6512,0.6551,0.0
2019-05-27,0.65547,0.65596,0.6539,0.6544,0.0
2019-05-28,0.6545,0.6559,0.6539,0.65437,0.0
2019-05-29,0.6543,0.6553,0.6504,0.65104,0.0
2019-05-30,0.65111,0.6528,0.64952,0.6509,0.0
2019-05-31,0.65097,0.6548,0.6497,0.65351,0.0
2019-06-03,0.65295,0.6605,0.65279,0.65987,0.0
2019-06-04,0.65982,0.662,0.65761,0.66092,0.0
2019-06-05,0.66078,0.6667,0.6603,0.6615,0.0
2019-06-06,0.66177,0.6645,0.6616,0.66224,0.0
2019-06-07,0.6616,0.6682,0.6613,0.6664,0.0
2019-06-10,0.66634,0.6665,0.6604,0.6608,0.0
2019-06-11,0.6609,0.6612,0.6568,0.65829,0.0
2019-06-12,0.65831,0.6594,0.6566,0.65725,0.0
2019-06-13,0.65746,0.6588,0.6556,0.6565,0.0
2019-06-14,0.65678,0.6574,0.6487,0.64918,0.0
2019-06-17,0.64983,0.6515,0.6491,0.64948,0.0
2019-06-18,0.6494,0.65376,0.649,0.65292,0.0
2019-06-19,0.65297,0.65632,0.6513,0.65393,0.0
2019-06-20,0.65377,0.6596,0.65332,0.6585,0.0
2019-06-21,0.6585,0.6605,0.6554,0.6588,0.0
2019-06-24,0.6592,0.6627,0.65874,0.6618,0.0
2019-06-25,0.6619,0.6662,0.6616,0.664,0.0
2019-06-26,0.66393,0.6694,0.66221,0.668,0.0
2019-06-27,0.66824,0.6703,0.6671,0.6701,0.0
2019-06-28,0.67004,0.6721,0.669,0.67174,0.0
2019-07-01,0.67224,0.6727,0.66648,0.66764,0.0
2019-07-02,0.66698,0.66814,0.66564,0.66722,0.0
2019-07-03,0.6677,0.67198,0.66698,0.67059,0.0
2019-07-04,0.67088,0.67201,0.66774,0.66875,0.0
2019-07-05,0.66874,0.66944,0.66023,0.66285,0.0
2019-07-08,0.66244,0.66533,0.66198,0.66254,0.0
2019-07-09,0.66246,0.6632,0.66006,0.66075,0.0
2019-07-10,0.66054,0.66574,0.65829,0.6644,0.0
2019-07-11,0.66443,0.66894,0.66432,0.66632,0.0
2019-07-12,0.66646,0.66987,0.66564,0.66954,0.0
2019-07-15,0.66954,0.67346,0.66848,0.67188,0.0
2019-07-16,0.6719,0.67382,0.66958,0.66979,0.0
2019-07-17,0.66994,0.67468,0.66972,0.67319,0.0
2019-07-18,0.67278,0.67869,0.67274,0.67833,0.0
2019-07-19,0.6783,0.67908,0.67584,0.67613,0.0
2019-07-22,0.67626,0.67874,0.67569,0.6761,0.0
2019-07-23,0.67592,0.67608,0.67027,0.67039,0.0
2019-07-24,0.67037,0.67234,0.66918,0.67062,0.0
2019-07-25,0.67058,0.67077,0.66539,0.66647,0.0
2019-07-26,0.66645,0.66717,0.66262,0.6639,0.0
2019-07-29,0.66335,0.66419,0.6616,0.6632,0.0
2019-07-30,0.66362,0.66362,0.66024,0.66136,0.0
2019-07-31,0.66134,0.66192,0.65429,0.65632,0.0
2019-08-01,0.65598,0.65774,0.65344,0.65543,0.0
2019-08-02,0.6558,0.65626,0.65054,0.65362,0.0
2019-08-05,0.65358,0.65447,0.64885,0.65296,0.0
2019-08-06,0.65204,0.65884,0.65088,0.65249,0.0
2019-08-07,0.65234,0.65576,0.63779,0.64454,0.0
2019-08-08,0.64454,0.64902,0.64337,0.64795,0.0
2019-08-09,0.648,0.64991,0.64607,0.64662,0.0
2019-08-12,0.6462,0.64752,0.64406,0.64438,0.0
2019-08-13,0.64488,0.64715,0.64216,0.64574,0.0
2019-08-14,0.64598,0.64691,0.64212,0.64336,0.0
2019-08-15,0.64354,0.64573,0.64274,0.64464,0.0
2019-08-16,0.64491,0.64496,0.6423,0.64254,0.0
2019-08-19,0.64265,0.64417,0.64034,0.64068,0.0
2019-08-20,0.64128,0.64298,0.64033,0.64163,0.0
2019-08-21,0.64161,0.64229,0.6395,0.64049,0.0
2019-08-22,0.64106,0.64106,0.63617,0.6367,0.0
2019-08-23,0.63671,0.641,0.63648,0.63964,0.0
2019-08-26,0.63877,0.64034,0.63424,0.63885,0.0
2019-08-27,0.63884,0.6399,0.63578,0.63621,0.0
2019-08-28,0.63618,0.63667,0.63262,0.63348,0.0
2019-08-29,0.63348,0.63475,0.63047,0.63125,0.0
2019-08-30,0.63124,0.63206,0.62834,0.63102,0.0
2019-09-02,0.63103,0.63186,0.62896,0.63082,0.0
2019-09-03,0.63084,0.63393,0.62693,0.63375,0.0
2019-09-04,0.63374,0.63644,0.63258,0.63621,0.0
2019-09-05,0.6362,0.63958,0.63546,0.6375,0.0
2019-09-06,0.63751,0.6444,0.63643,0.64276,0.0
2019-09-09,0.6417,0.64449,0.64131,0.6428,0.0
2019-09-10,0.6428,0.6442,0.64094,0.64225,0.0
2019-09-11,0.6423,0.64395,0.64073,0.64142,0.0
2019-09-12,0.64117,0.64508,0.63993,0.64095,0.0
2019-09-13,0.64094,0.64098,0.63724,0.63773,0.0
2019-09-16,0.6373,0.63918,0.63415,0.63466,0.0
2019-09-17,0.63466,0.63592,0.63221,0.63573,0.0
2019-09-18,0.63572,0.63623,0.63,0.63174,0.0
2019-09-19,0.63174,0.63328,0.62984,0.63,0.0
2019-09-20,0.63,0.63087,0.62552,0.62587,0.0
2019-09-23,0.62656,0.62993,0.62582,0.62935,0.0
2019-09-24,0.62934,0.63315,0.62877,0.63245,0.0
2019-09-25,0.63244,0.63488,0.62662,0.62691,0.0
2019-09-26,0.62691,0.63269,0.62688,0.62936,0.0
2019-09-27,0.62937,0.63101,0.6279,0.62962,0.0
2019-09-30,0.62879,0.6296,0.62494,0.62647,0.0
2019-10-01,0.62648,0.62724,0.6204,0.6242,0.0
2019-10-02,0.62419,0.62723,0.62193,0.62709,0.0
2019-10-03,0.62709,0.63163,0.62552,0.62982,0.0
2019-10-04,0.63032,0.63374,0.6296,0.63148,0.0
2019-10-07,0.63055,0.6322,0.62835,0.6288,0.0
2019-10-08,0.62888,0.63272,0.62858,0.62975,0.0
2019-10-09,0.62974,0.63252,0.62898,0.6291,0.0
2019-10-10,0.62922,0.63353,0.62774,0.63197,0.0
2019-10-11,0.63223,0.63542,0.63164,0.63386,0.0
2019-10-14,0.6338,0.6338,0.62812,0.62987,0.0
2019-10-15,0.62974,0.63149,0.62586,0.6294,0.0
2019-10-16,0.62928,0.63197,0.62407,0.62909,0.0
2019-10-17,0.62902,0.6355,0.62834,0.63471,0.0
2019-10-18,0.63485,0.63908,0.63437,0.6386,0.0
2019-10-21,0.63811,0.64164,0.63709,0.64048,0.0
2019-10-22,0.64058,0.6436,0.64,0.64058,0.0
2019-10-23,0.64055,0.64267,0.63863,0.64237,0.0
2019-10-24,0.64167,0.64248,0.63745,0.63807,0.0
2019-10-25,0.63832,0.63844,0.6348,0.635,0.0
2019-10-28,0.63524,0.6361,0.63341,0.63492,0.0
2019-10-29,0.63494,0.63756,0.6339,0.6356,0.0
2019-10-30,0.63559,0.63911,0.63335,0.63875,0.0
2019-10-31,0.63884,0.64332,0.6385,0.64134,0.0
2019-11-01,0.64146,0.64568,0.6407,0.64283,0.0
2019-11-04,0.64341,0.64659,0.63904,0.64014,0.0
2019-11-05,0.64014,0.64314,0.63704,0.63732,0.0
2019-11-06,0.63764,0.63892,0.636,0.63699,0.0
2019-11-07,0.63679,0.63861,0.6342,0.63686,0.0
2019-11-08,0.63671,0.6382,0.63222,0.63272,0.0
2019-11-11,0.6327,0.63726,0.6327,0.63612,0.0
2019-11-12,0.6361,0.63681,0.63251,0.63291,0.0
2019-11-13,0.6333,0.64162,0.63302,0.6412,0.0
2019-11-14,0.64114,0.64188,0.6359,0.63819,0.0
2019-11-15,0.63816,0.64102,0.6372,0.64023,0.0
2019-11-18,0.64041,0.64119,0.63902,0.63982,0.0
2019-11-19,0.63974,0.64318,0.63821,0.64316,0.0
2019-11-20,0.64307,0.64361,0.64041,0.64172,0.0
2019-11-21,0.64164,0.64373,0.63974,0.64017,0.0
2019-11-22,0.64042,0.64254,0.63994,0.64051,0.0
2019-11-25,0.6411,0.64279,0.6395,0.6417,0.0
2019-11-26,0.64185,0.64314,0.64058,0.64284,0.0
2019-11-27,0.64285,0.64333,0.64132,0.64204,0.0
2019-11-28,0.64193,0.64305,0.6403,0.64192,0.0
2019-11-29,0.64186,0.64382,0.64093,0.64219,0.0
2019-12-02,0.64325,0.65111,0.64244,0.65034,0.0
2019-12-03,0.65027,0.65334,0.64938,0.652,0.0
2019-12-04,0.65199,0.65401,0.65036,0.65292,0.0
2019-12-05,0.65278,0.6562,0.65206,0.65467,0.0
2019-12-06,0.65463,0.65762,0.6541,0.65671,0.0
2019-12-09,0.65565,0.65676,0.65491,0.65492,0.0
2019-12-10,0.65516,0.6568,0.65288,0.65457,0.0
2019-12-11,0.65423,0.66032,0.65227,0.65856,0.0
2019-12-12,0.65866,0.66001,0.65743,0.65988,0.0
2019-12-13,0.66064,0.66361,0.6582,0.6591,0.0
2019-12-16,0.66045,0.66143,0.65882,0.65967,0.0
2019-12-17,0.65965,0.66048,0.65649,0.6574,0.0
2019-12-18,0.65724,0.66127,0.65544,0.6589,0.0
2019-12-19,0.65882,0.6609,0.65729,0.66054,0.0
2019-12-20,0.66077,0.66138,0.6589,0.66032,0.0
2019-12-23,0.6602,0.66387,0.65978,0.66365,0.0
2019-12-24,0.66359,0.66484,0.66224,0.66446,0.0
2019-12-26,0.6633,0.66767,0.6629,0.6671,0.0
2019-12-27,0.66705,0.67106,0.66666,0.6704,0.0
2019-12-30,0.66995,0.67366,0.6696,0.67277,0.0
2019-12-31,0.67272,0.67557,0.67144,0.67318,0.0
2020-01-02,0.6724,0.6739,0.66848,0.66992,0.0
2020-01-03,0.67022,0.6703,0.66442,0.66633,0.0
2020-01-06,0.6659,0.66803,0.66444,0.66699,0.0
2020-01-07,0.66717,0.66794,0.66253,0.66392,0.0
2020-01-08,0.66406,0.66724,0.66176,0.66503,0.0
2020-01-09,0.6648,0.66584,0.66002,0.66132,0.0
2020-01-10,0.66116,0.66453,0.66018,0.66351,0.0
2020-01-13,0.66399,0.6653,0.66206,0.66302,0.0
2020-01-14,0.66306,0.66342,0.66035,0.66138,0.0
2020-01-15,0.6613,0.66208,0.65841,0.66184,0.0
2020-01-16,0.66184,0.66654,0.66156,0.6634,0.0
2020-01-17,0.6637,0.66508,0.66072,0.66106,0.0
2020-01-20,0.66148,0.66244,0.65922,0.66108,0.0
2020-01-21,0.66083,0.66151,0.6588,0.65955,0.0
2020-01-22,0.65964,0.66108,0.65815,0.6595,0.0
2020-01-23,0.65935,0.662,0.6581,0.6619,0.0
2020-01-24,0.66169,0.66294,0.65992,0.66081,0.0
2020-01-27,0.6588,0.65986,0.65422,0.65448,0.0
2020-01-28,0.6545,0.65505,0.6521,0.65466,0.0
2020-01-29,0.65464,0.6548,0.6506,0.65274,0.0
2020-01-30,0.65265,0.65304,0.64802,0.64911,0.0
2020-01-31,0.64914,0.6495,0.6454,0.64634,0.0
2020-02-03,0.64705,0.64773,0.64529,0.64634,0.0
2020-02-04,0.64624,0.65023,0.64496,0.64959,0.0
2020-02-05,0.64925,0.6503,0.64693,0.6475,0.0
2020-02-06,0.6474,0.64842,0.64542,0.64583,0.0
2020-02-07,0.64585,0.64641,0.63982,0.64015,0.0
2020-02-10,0.64039,0.64175,0.6382,0.63838,0.0
2020-02-11,0.63831,0.64211,0.63784,0.64038,0.0
2020-02-12,0.64034,0.64876,0.64013,0.64633,0.0
2020-02-13,0.64654,0.64673,0.64286,0.64378,0.0
2020-02-14,0.64377,0.64444,0.64232,0.64346,0.0
2020-02-17,0.6446,0.64482,0.64206,0.64377,0.0
2020-02-18,0.6437,0.6442,0.63816,0.63864,0.0
2020-02-19,0.63857,0.6411,0.63712,0.63857,0.0
2020-02-20,0.6382,0.6395,0.63251,0.63324,0.0
2020-02-21,0.63325,0.6357,0.63036,0.63522,0.0
2020-02-24,0.63135,0.63564,0.63037,0.63398,0.0
2020-02-25,0.63392,0.63586,0.63113,0.63216,0.0
2020-02-26,0.63235,0.63235,0.62876,0.62888,0.0
2020-02-27,0.62889,0.63345,0.62838,0.63064,0.0
2020-02-28,0.63071,0.63188,0.61916,0.62465,0.0
2020-03-02,0.62,0.62789,0.61988,0.62612,0.0
2020-03-03,0.6252,0.63256,0.62466,0.62762,0.0
2020-03-04,0.62733,0.63049,0.6265,0.6298,0.0
2020-03-05,0.6298,0.63343,0.62806,0.63095,0.0
2020-03-06,0.6302,0.63726,0.62946,0.63563,0.0
2020-03-09,0.63177,0.64482,0.60146,0.63342,0.0
2020-03-10,0.63355,0.636,0.62428,0.62646,0.0
2020-03-11,0.62702,0.63431,0.62539,0.62698,0.0
2020-03-12,0.62709,0.62764,0.60851,0.60942,0.0
2020-03-13,0.60924,0.61602,0.60182,0.60672,0.0
2020-03-16,0.607,0.61516,0.59846,0.60449,0.0
2020-03-17,0.60465,0.60962,0.59158,0.59407,0.0
2020-03-18,0.59408,0.59678,0.56964,0.57486,0.0
2020-03-19,0.57335,0.59183,0.54694,0.56675,0.0
2020-03-20,0.56802,0.58796,0.56081,0.57046,0.0
2020-03-23,0.56715,0.57378,0.55925,0.56974,0.0
2020-03-24,0.57136,0.584,0.56894,0.58279,0.0
2020-03-25,0.58303,0.59127,0.57876,0.58456,0.0
2020-03-26,0.58474,0.59887,0.57778,0.59595,0.0
2020-03-27,0.59585,0.60696,0.591,0.60434,0.0
2020-03-30,0.60345,0.60636,0.59837,0.60138,0.0
2020-03-31,0.60152,0.60384,0.59097,0.59654,0.0
2020-04-01,0.59618,0.59836,0.58792,0.592,0.0
2020-04-02,0.59174,0.59734,0.58807,0.59199,0.0
2020-04-03,0.59162,0.59231,0.58436,0.5859,0.0
2020-04-06,0.58745,0.59636,0.58509,0.59277,0.0
2020-04-07,0.59325,0.60157,0.592,0.59754,0.0
2020-04-08,0.59733,0.60308,0.594,0.60088,0.0
2020-04-09,0.60099,0.60963,0.59858,0.60805,0.0
2020-04-10,0.60824,0.6103,0.60579,0.60792,0.0
2020-04-13,0.60826,0.61112,0.606,0.609,0.0
2020-04-14,0.60931,0.61308,0.60652,0.61068,0.0
2020-04-15,0.61049,0.61086,0.59553,0.59976,0.0
2020-04-16,0.59932,0.60017,0.59222,0.59593,0.0
2020-04-17,0.59658,0.60514,0.596,0.60342,0.0
2020-04-20,0.60401,0.6092,0.60091,0.60386,0.0
2020-04-21,0.6037,0.60451,0.5934,0.5968,0.0
2020-04-22,0.59654,0.60041,0.59403,0.59534,0.0
2020-04-23,0.59495,0.6042,0.59109,0.60081,0.0
2020-04-24,0.60085,0.60191,0.5976,0.60191,0.0
2020-04-27,0.60098,0.60755,0.60066,0.60475,0.0
2020-04-28,0.60473,0.60733,0.59923,0.60584,0.0
2020-04-29,0.6056,0.61339,0.60515,0.61319,0.0
2020-04-30,0.61324,0.61759,0.61075,0.61275,0.0
2020-05-01,0.61267,0.61267,0.60468,0.60613,0.0
2020-05-04,0.60564,0.606,0.60086,0.60509,0.0
2020-05-05,0.60512,0.60772,0.60333,0.6054,0.0
2020-05-06,0.60516,0.6073,0.60038,0.60115,0.0
2020-05-07,0.60095,0.60926,0.59949,0.60872,0.0
2020-05-08,0.60871,0.61478,0.60858,0.61366,0.0
2020-05-11,0.6148,0.6156,0.60541,0.60747,0.0
2020-05-12,0.60786,0.61237,0.60414,0.6075,0.0
2020-05-13,0.6075,0.60985,0.59803,0.59934,0.0
2020-05-14,0.59937,0.60048,0.59573,0.59956,0.0
2020-05-15,0.59998,0.60164,0.59211,0.5934,0.0
2020-05-18,0.59421,0.60437,0.59251,0.60388,0.0
2020-05-19,0.60432,0.61197,0.60336,0.6077,0.0
2020-05-20,0.6075,0.6158,0.6063,0.61474,0.0
2020-05-21,0.61421,0.61499,0.6106,0.61237,0.0
2020-05-22,0.61194,0.613,0.6081,0.60948,0.0
2020-05-25,0.60969,0.61086,0.60838,0.61025,0.0
2020-05-26,0.61027,0.62287,0.60946,0.61998,0.0
2020-05-27,0.61991,0.62327,0.61496,0.61891,0.0
2020-05-28,0.6186,0.62285,0.61699,0.62119,0.0
2020-05-29,0.62078,0.62399,0.61691,0.62072,0.0
2020-06-01,0.61955,0.62993,0.61861,0.62968,0.0
2020-06-02,0.62952,0.63708,0.6263,0.63691,0.0
2020-06-03,0.6366,0.64438,0.636,0.64257,0.0
2020-06-04,0.64207,0.64782,0.64038,0.64626,0.0
2020-06-05,0.64658,0.65282,0.64564,0.65044,0.0
2020-06-08,0.6505,0.65674,0.65035,0.65594,0.0
2020-06-09,0.65584,0.65804,0.64694,0.65142,0.0
2020-06-10,0.65164,0.65848,0.64951,0.65378,0.0
2020-06-11,0.65374,0.65421,0.64114,0.64302,0.0
2020-06-12,0.64294,0.64774,0.6394,0.64519,0.0
2020-06-15,0.6441,0.64844,0.63812,0.64734,0.0
2020-06-16,0.64703,0.65068,0.64124,0.64536,0.0
2020-06-17,0.64534,0.64762,0.643,0.64586,0.0
2020-06-18,0.645,0.64788,0.64187,0.64278,0.0
2020-06-19,0.64271,0.64578,0.64007,0.64086,0.0
2020-06-22,0.63841,0.64944,0.63834,0.64826,0.0
2020-06-23,0.64812,0.65334,0.64368,0.6492,0.0
2020-06-24,0.64892,0.65144,0.6405,0.64094,0.0
2020-06-25,0.64128,0.64423,0.63992,0.64311,0.0
2020-06-26,0.64284,0.64506,0.64024,0.64226,0.0
2020-06-29,0.64151,0.64432,0.6404,0.64204,0.0
2020-06-30,0.6416,0.64614,0.63854,0.64559,0.0
2020-07-01,0.64536,0.64896,0.64406,0.64786,0.0
2020-07-02,0.64778,0.65369,0.64751,0.65096,0.0
2020-07-03,0.65077,0.65386,0.65038,0.65362,0.0
2020-07-06,0.65248,0.65662,0.65206,0.65548,0.0
2020-07-07,0.65521,0.65805,0.65196,0.65464,0.0
2020-07-08,0.65435,0.65796,0.653,0.65769,0.0
2020-07-09,0.65723,0.66006,0.65513,0.65694,0.0
2020-07-10,0.65716,0.65885,0.65464,0.65714,0.0
2020-07-13,0.6573,0.65935,0.65376,0.65386,0.0
2020-07-14,0.65407,0.6544,0.6503,0.65317,0.0
2020-07-15,0.65352,0.65841,0.65322,0.65716,0.0
2020-07-16,0.65726,0.65784,0.6528,0.65362,0.0
2020-07-17,0.65347,0.6566,0.65311,0.65557,0.0
2020-07-20,0.6555,0.65764,0.65386,0.65756,0.0
2020-07-21,0.65741,0.66498,0.65594,0.66367,0.0
2020-07-22,0.66391,0.66895,0.66328,0.66626,0.0
2020-07-23,0.66588,0.66898,0.66258,0.6634,0.0
2020-07-24,0.66348,0.66542,0.6615,0.66436,0.0
2020-07-27,0.66334,0.66934,0.66284,0.66848,0.0
2020-07-28,0.66851,0.67028,0.66332,0.66587,0.0
2020-07-29,0.66608,0.66796,0.66412,0.66682,0.0
2020-07-30,0.66701,0.67018,0.66201,0.6701,0.0
2020-07-31,0.66964,0.67157,0.66232,0.6628,0.0
2020-08-03,0.66315,0.66428,0.65752,0.66135,0.0
2020-08-04,0.66092,0.66266,0.65895,0.66238,0.0
2020-08-05,0.66238,0.66738,0.66173,0.66482,0.0
2020-08-06,0.66502,0.66896,0.66284,0.6687,0.0
2020-08-07,0.66878,0.66906,0.6589,0.65998,0.0
2020-08-10,0.66109,0.66118,0.65777,0.65925,0.0
2020-08-11,0.6589,0.6627,0.65716,0.65769,0.0
2020-08-12,0.65763,0.66002,0.65244,0.65816,0.0
2020-08-13,0.65776,0.65987,0.65367,0.65511,0.0
2020-08-14,0.65498,0.65595,0.65264,0.65435,0.0
2020-08-17,0.6544,0.65738,0.65196,0.65593,0.0
2020-08-18,0.65637,0.66094,0.65345,0.66004,0.0
2020-08-19,0.6603,0.66514,0.65544,0.65572,0.0
2020-08-20,0.65608,0.65714,0.6489,0.65373,0.0
2020-08-21,0.6534,0.65495,0.65169,0.65427,0.0
2020-08-24,0.6534,0.6565,0.65219,0.65254,0.0
2020-08-25,0.6528,0.65584,0.65152,0.65491,0.0
2020-08-26,0.65465,0.66231,0.65436,0.66213,0.0
2020-08-27,0.6616,0.66753,0.66004,0.66392,0.0
2020-08-28,0.66306,0.67438,0.66306,0.67392,0.0
2020-08-31,0.67308,0.67635,0.67192,0.67347,0.0
2020-09-01,0.67424,0.67794,0.67294,0.67596,0.0
2020-09-02,0.6759,0.67891,0.67418,0.6768,0.0
2020-09-03,0.67721,0.6774,0.66936,0.67129,0.0
2020-09-04,0.67122,0.6735,0.66677,0.67204,0.0
2020-09-07,0.6719,0.67241,0.66907,0.66924,0.0
2020-09-08,0.66922,0.67071,0.66127,0.6619,0.0
2020-09-09,0.662,0.66875,0.66013,0.6685,0.0
2020-09-10,0.66808,0.67089,0.66392,0.665,0.0
2020-09-11,0.66446,0.66952,0.66413,0.66668,0.0
2020-09-14,0.66615,0.67181,0.66614,0.67004,0.0
2020-09-15,0.66998,0.67366,0.6684,0.67128,0.0
2020-09-16,0.6719,0.67592,0.67027,0.67312,0.0
2020-09-17,0.67315,0.67592,0.66752,0.67546,0.0
2020-09-18,0.67537,0.67979,0.67457,0.67584,0.0
2020-09-21,0.67562,0.67782,0.66518,0.66686,0.0
2020-09-22,0.66648,0.66874,0.66225,0.66338,0.0
2020-09-23,0.6628,0.66475,0.65358,0.65507,0.0
2020-09-24,0.65512,0.65619,0.65118,0.65462,0.0
2020-09-25,0.65488,0.65924,0.65278,0.65466,0.0
2020-09-28,0.6546,0.6568,0.65397,0.65546,0.0
2020-09-29,0.65542,0.66029,0.65506,0.65915,0.0
2020-09-30,0.65928,0.66264,0.65698,0.66196,0.0
2020-10-01,0.66171,0.66574,0.66136,0.6649,0.0
2020-10-02,0.6652,0.66552,0.66136,0.66372,0.0
2020-10-05,0.6641,0.66544,0.66298,0.66434,0.0
2020-10-06,0.66458,0.66578,0.65836,0.6585,0.0
2020-10-07,0.65892,0.66006,0.65712,0.65788,0.0
2020-10-08,0.6581,0.65967,0.65472,0.65824,0.0
2020-10-09,0.65834,0.66731,0.65732,0.66719,0.0
2020-10-12,0.66575,0.66706,0.66423,0.66474,0.0
2020-10-13,0.6654,0.6671,0.66284,0.66494,0.0
2020-10-14,0.6649,0.66823,0.66444,0.66572,0.0
2020-10-15,0.66573,0.66644,0.65762,0.65972,0.0
2020-10-16,0.65988,0.66193,0.6587,0.66048,0.0
2020-10-19,0.6613,0.66464,0.66021,0.66082,0.0
2020-10-20,0.66055,0.66074,0.6553,0.65792,0.0
2020-10-21,0.65846,0.66778,0.65748,0.66548,0.0
2020-10-22,0.66537,0.66887,0.66324,0.66762,0.0
2020-10-23,0.66758,0.6705,0.66563,0.6691,0.0
2020-10-26,0.66861,0.66976,0.66705,0.66784,0.0
2020-10-27,0.66784,0.6724,0.66724,0.67058,0.0
2020-10-28,0.67074,0.67198,0.66286,0.66378,0.0
2020-10-29,0.66386,0.66599,0.6597,0.66268,0.0
2020-10-30,0.66304,0.66712,0.65982,0.66127,0.0
2020-11-02,0.6612,0.66349,0.65894,0.66338,0.0
2020-11-03,0.66322,0.67179,0.66218,0.67009,0.0
2020-11-04,0.66932,0.67436,0.6614,0.67,0.0
2020-11-05,0.66974,0.67782,0.66789,0.67722,0.0
2020-11-06,0.6772,0.68023,0.67534,0.67728,0.0
2020-11-09,0.6789,0.68551,0.6784,0.68189,0.0
2020-11-10,0.68192,0.68402,0.68038,0.68311,0.0
2020-11-11,0.68278,0.69042,0.68094,0.68828,0.0
2020-11-12,0.68821,0.69146,0.68352,0.68394,0.0
2020-11-13,0.68443,0.6849,0.68108,0.68474,0.0
2020-11-16,0.68473,0.6906,0.68444,0.69058,0.0
2020-11-17,0.6904,0.6919,0.68755,0.68926,0.0
2020-11-18,0.68916,0.69452,0.68758,0.69234,0.0
2020-11-19,0.69218,0.69284,0.68789,0.69212,0.0
2020-11-20,0.6918,0.69509,0.69044,0.69318,0.0
2020-11-23,0.6931,0.69678,0.6897,0.69238,0.0
2020-11-24,0.69222,0.70048,0.69181,0.6979,0.0
2020-11-25,0.69776,0.7015,0.69603,0.70064,0.0
2020-11-26,0.70064,0.70146,0.69932,0.7005,0.0
2020-11-27,0.7006,0.70394,0.70014,0.70245,0.0
2020-11-30,0.7029,0.70511,0.70098,0.70106,0.0
2020-12-01,0.70155,0.7068,0.70111,0.70654,0.0
2020-12-02,0.70657,0.70843,0.70318,0.70654,0.0
2020-12-03,0.70697,0.71044,0.70508,0.70765,0.0
2020-12-04,0.7074,0.70802,0.70278,0.70394,0.0
2020-12-07,0.70446,0.70643,0.7006,0.7042,0.0
2020-12-08,0.70397,0.70539,0.70236,0.70449,0.0
2020-12-09,0.7042,0.70943,0.70111,0.7024,0.0
2020-12-10,0.70234,0.70996,0.70132,0.70993,0.0
2020-12-11,0.70968,0.71138,0.70742,0.70892,0.0
2020-12-14,0.71016,0.71202,0.70768,0.70808,0.0
2020-12-15,0.7081,0.70984,0.70595,0.70896,0.0
2020-12-16,0.70877,0.7121,0.70541,0.7115,0.0
2020-12-17,0.71121,0.71714,0.71024,0.71524,0.0
2020-12-18,0.715,0.71531,0.71104,0.71407,0.0
2020-12-21,0.71162,0.7124,0.70029,0.70956,0.0
2020-12-22,0.71052,0.71102,0.70314,0.70446,0.0
2020-12-23,0.70424,0.71046,0.703,0.70953,0.0
2020-12-24,0.70956,0.7119,0.70908,0.7108,0.0
2020-12-28,0.71067,0.71394,0.70836,0.71028,0.0
2020-12-29,0.71006,0.71648,0.70958,0.71497,0.0
2020-12-30,0.71522,0.72117,0.7144,0.72058,0.0
2020-12-31,0.72016,0.72412,0.7182,0.7183,0.0
2021-01-04,0.7192,0.72308,0.71531,0.7175,0.0
2021-01-05,0.7174,0.72596,0.71682,0.72515,0.0
2021-01-06,0.72483,0.73155,0.72356,0.72949,0.0
2021-01-07,0.72972,0.7306,0.7225,0.72585,0.0
2021-01-08,0.72534,0.72812,0.72046,0.72382,0.0
2021-01-11,0.7235,0.7238,0.71469,0.71619,0.0
2021-01-12,0.71618,0.72316,0.71574,0.72288,0.0
2021-01-13,0.72239,0.72396,0.71666,0.71778,0.0
2021-01-14,0.71782,0.72402,0.71712,0.72246,0.0
2021-01-15,0.7218,0.72295,0.7119,0.71304,0.0
2021-01-18,0.71401,0.71407,0.70965,0.71118,0.0
2021-01-19,0.71106,0.71409,0.71026,0.71172,0.0
2021-01-20,0.71194,0.71746,0.71153,0.71709,0.0
2021-01-21,0.71723,0.72233,0.71716,0.72156,0.0
2021-01-22,0.72176,0.72255,0.7167,0.71816,0.0
2021-01-25,0.71773,0.72171,0.71712,0.71972,0.0
2021-01-26,0.72005,0.72476,0.71674,0.724,0.0
2021-01-27,0.7242,0.72459,0.71466,0.71586,0.0
2021-01-28,0.7161,0.71958,0.71058,0.71752,0.0
2021-01-29,0.7171,0.72258,0.71508,0.71824,0.0
2021-02-01,0.71582,0.7203,0.71507,0.71572,0.0
2021-02-02,0.71576,0.7196,0.71351,0.71954,0.0
2021-02-03,0.71913,0.72254,0.71839,0.72094,0.0
2021-02-04,0.7204,0.72252,0.7147,0.71564,0.0
2021-02-05,0.7153,0.72067,0.71364,0.72019,0.0
2021-02-08,0.71901,0.72324,0.71782,0.72183,0.0
2021-02-09,0.72192,0.72544,0.72157,0.72398,0.0
2021-02-10,0.72392,0.72453,0.71996,0.721,0.0
2021-02-11,0.72127,0.7251,0.72045,0.72272,0.0
2021-02-12,0.72346,0.72358,0.71756,0.72204,0.0
2021-02-15,0.72071,0.72493,0.72071,0.72272,0.0
2021-02-16,0.72276,0.72684,0.71978,0.72091,0.0
2021-02-17,0.72172,0.72176,0.71578,0.7189,0.0
2021-02-18,0.7192,0.72249,0.7176,0.72219,0.0
2021-02-19,0.7219,0.73146,0.72036,0.7297,0.0
2021-02-22,0.7296,0.73432,0.72811,0.7328,0.0
2021-02-23,0.73238,0.73469,0.7307,0.73439,0.0
2021-02-24,0.73364,0.74546,0.73148,0.74456,0.0
2021-02-25,0.74412,0.74646,0.73598,0.73682,0.0
2021-02-26,0.7373,0.73828,0.72226,0.7233,0.0
2021-03-01,0.724,0.72927,0.72253,0.72658,0.0
2021-03-02,0.72776,0.73071,0.72094,0.72938,0.0
2021-03-03,0.72812,0.73046,0.72373,0.72466,0.0
2021-03-04,0.72608,0.7273,0.71728,0.71868,0.0
2021-03-05,0.71951,0.7197,0.70992,0.71629,0.0
2021-03-08,0.71685,0.7192,0.71046,0.71216,0.0
2021-03-09,0.71216,0.7182,0.71031,0.71744,0.0
2021-03-10,0.71717,0.71996,0.71314,0.71968,0.0
2021-03-11,0.71958,0.72408,0.7173,0.72272,0.0
2021-03-12,0.72263,0.72331,0.71508,0.7176,0.0
2021-03-15,0.71774,0.72159,0.71677,0.72028,0.0
2021-03-16,0.71954,0.72064,0.71675,0.71907,0.0
2021-03-17,0.71832,0.72636,0.71534,0.72392,0.0
2021-03-18,0.72445,0.72697,0.71597,0.71672,0.0
2021-03-19,0.7164,0.71879,0.71426,0.71643,0.0
2021-03-22,0.71418,0.71829,0.71389,0.71606,0.0
2021-03-23,0.71636,0.71658,0.69904,0.69984,0.0
2021-03-24,0.69984,0.70162,0.69558,0.69618,0.0
2021-03-25,0.69642,0.69863,0.69433,0.69521,0.0
2021-03-26,0.69496,0.70022,0.69478,0.69992,0.0
2021-03-29,0.69945,0.70182,0.69718,0.69968,0.0
2021-03-30,0.6999,0.70336,0.6973,0.69848,0.0
2021-03-31,0.69804,0.70258,0.69634,0.69824,0.0
2021-04-01,0.69832,0.70267,0.69454,0.70246,0.0
2021-04-02,0.70172,0.70479,0.7013,0.70328,0.0
2021-04-05,0.7028,0.70697,0.7016,0.70618,0.0
2021-04-06,0.70605,0.70695,0.7008,0.70575,0.0
2021-04-07,0.70589,0.7069,0.69972,0.70142,0.0
2021-04-08,0.7014,0.7062,0.70038,0.70608,0.0
2021-04-09,0.7056,0.70656,0.70098,0.7035,0.0
2021-04-12,0.7032,0.70494,0.7014,0.70296,0.0
2021-04-13,0.703,0.70597,0.7004,0.70554,0.0
2021-04-14,0.70558,0.71502,0.70466,0.71394,0.0
2021-04-15,0.71408,0.71804,0.71362,0.71708,0.0
2021-04-16,0.71694,0.71787,0.71321,0.71456,0.0
2021-04-19,0.71275,0.7198,0.71222,0.71814,0.0
2021-04-20,0.71828,0.72297,0.71655,0.71712,0.0
2021-04-21,0.71711,0.72184,0.71627,0.72084,0.0
2021-04-22,0.72114,0.72136,0.71461,0.7165,0.0
2021-04-23,0.71655,0.72035,0.71508,0.71957,0.0
2021-04-26,0.71934,0.72434,0.71897,0.7237,0.0
2021-04-27,0.7237,0.72378,0.72019,0.72094,0.0
2021-04-28,0.72049,0.72677,0.71886,0.72628,0.0
2021-04-29,0.7258,0.72868,0.72225,0.7242,0.0
2021-04-30,0.72468,0.72546,0.71508,0.71622,0.0
2021-05-03,0.71786,0.72126,0.71559,0.72014,0.0
2021-05-04,0.72002,0.72072,0.71155,0.71501,0.0
2021-05-05,0.71438,0.72178,0.71438,0.72168,0.0
2021-05-06,0.72154,0.72388,0.7185,0.72348,0.0
2021-05-07,0.72332,0.72996,0.72054,0.72826,0.0
2021-05-10,0.72884,0.73052,0.72613,0.72613,0.0
2021-05-11,0.72657,0.72898,0.72517,0.72688,0.0
2021-05-12,0.7272,0.72788,0.71518,0.71602,0.0
2021-05-13,0.71578,0.71943,0.7135,0.71874,0.0
2021-05-14,0.71726,0.72548,0.71692,0.72489,0.0
2021-05-17,0.72385,0.72506,0.71815,0.7214,0.0
2021-05-18,0.72086,0.7271,0.72025,0.72396,0.0
2021-05-19,0.72428,0.72474,0.71516,0.71706,0.0
2021-05-20,0.71695,0.72168,0.71569,0.71998,0.0
2021-05-21,0.71962,0.72222,0.71544,0.71633,0.0
2021-05-24,0.718,0.72188,0.71584,0.72158,0.0
2021-05-25,0.72075,0.72502,0.72074,0.72276,0.0
2021-05-26,0.7228,0.73158,0.72207,0.72812,0.0
2021-05-27,0.72807,0.73112,0.72662,0.72938,0.0
2021-05-28,0.72932,0.72956,0.72128,0.72479,0.0
2021-05-31,0.72565,0.72837,0.72314,0.72732,0.0
2021-06-01,0.72708,0.72879,0.72466,0.72524,0.0
2021-06-02,0.72551,0.72726,0.7209,0.72348,0.0
2021-06-03,0.72383,0.72416,0.71262,0.71455,0.0
2021-06-04,0.71449,0.72159,0.71324,0.72113,0.0
2021-06-07,0.72047,0.72426,0.71914,0.72284,0.0
2021-06-08,0.72335,0.72341,0.71874,0.71946,0.0
2021-06-09,0.71978,0.72144,0.71675,0.71785,0.0
2021-06-10,0.71794,0.72128,0.71653,0.71937,0.0
2021-06-11,0.71968,0.72105,0.7116,0.71278,0.0
2021-06-14,0.71365,0.71528,0.71262,0.71418,0.0
2021-06-15,0.71426,0.71607,0.71052,0.71238,0.0
2021-06-16,0.71219,0.71548,0.70424,0.70482,0.0
2021-06-17,0.70528,0.71019,0.69921,0.7006,0.0
2021-06-18,0.70013,0.70181,0.69231,0.69304,0.0
2021-06-21,0.69366,0.69994,0.69304,0.69911,0.0
2021-06-22,0.69912,0.70362,0.69636,0.70257,0.0
2021-06-23,0.7026,0.70692,0.69955,0.70464,0.0
2021-06-24,0.7047,0.70735,0.70278,0.70601,0.0
2021-06-25,0.70602,0.70954,0.70561,0.70695,0.0
2021-06-28,0.70792,0.70864,0.70328,0.7041,0.0
2021-06-29,0.70396,0.70512,0.69794,0.69927,0.0
2021-06-30,0.6993,0.70066,0.69652,0.69888,0.0
2021-07-01,0.69854,0.70101,0.69617,0.6969,0.0
2021-07-02,0.69682,0.70372,0.69472,0.7031,0.0
2021-07-05,0.70275,0.70349,0.7013,0.70266,0.0
2021-07-06,0.70259,0.71054,0.69882,0.70088,0.0
2021-07-07,0.70115,0.70612,0.69894,0.70152,0.0
2021-07-08,0.70154,0.70214,0.69348,0.69474,0.0
2021-07-09,0.69473,0.7004,0.69233,0.69992,0.0
2021-07-12,0.69975,0.70089,0.69484,0.69843,0.0
2021-07-13,0.69845,0.70098,0.69176,0.6946,0.0
2021-07-14,0.69469,0.70436,0.69389,0.70379,0.0
2021-07-15,0.70335,0.70446,0.69657,0.69817,0.0
2021-07-16,0.6982,0.70291,0.69808,0.70026,0.0
2021-07-19,0.7003,0.70043,0.6916,0.69421,0.0
2021-07-20,0.69451,0.69541,0.68811,0.69191,0.0
2021-07-21,0.69183,0.69771,0.68943,0.69703,0.0
2021-07-22,0.69716,0.69858,0.69469,0.69747,0.0
2021-07-23,0.69724,0.69922,0.69606,0.6978,0.0
2021-07-26,0.69775,0.70099,0.6948,0.69964,0.0
2021-07-27,0.69984,0.70059,0.69396,0.69566,0.0
2021-07-28,0.6958,0.69697,0.69018,0.6958,0.0
2021-07-29,0.69559,0.70196,0.69486,0.70098,0.0
2021-07-30,0.70082,0.70215,0.69594,0.69761,0.0
2021-08-02,0.69655,0.6993,0.69525,0.69721,0.0
2021-08-03,0.69703,0.70189,0.69642,0.7018,0.0
2021-08-04,0.70189,0.70886,0.70185,0.70428,0.0
2021-08-05,0.7044,0.70736,0.7037,0.70536,0.0
2021-08-06,0.7056,0.70622,0.70017,0.70115,0.0
2021-08-09,0.70081,0.70262,0.69808,0.69909,0.0
2021-08-10,0.69949,0.7011,0.69691,0.70085,0.0
2021-08-11,0.70059,0.70619,0.69915,0.70411,0.0
2021-08-12,0.70427,0.70471,0.69958,0.70011,0.0
2021-08-13,0.70024,0.70476,0.69948,0.7039,0.0
2021-08-16,0.70428,0.70443,0.70112,0.70196,0.0
2021-08-17,0.70201,0.70297,0.69003,0.69184,0.0
2021-08-18,0.69189,0.69513,0.68699,0.68806,0.0
2021-08-19,0.68866,0.68896,0.68089,0.68259,0.0
2021-08-20,0.6842,0.68448,0.68056,0.68368,0.0
2021-08-23,0.68233,0.69045,0.6823,0.68901,0.0
2021-08-24,0.68923,0.6966,0.68793,0.69524,0.0
2021-08-25,0.6953,0.69831,0.69301,0.69751,0.0
2021-08-26,0.69741,0.69773,0.69409,0.69447,0.0
2021-08-27,0.69477,0.70188,0.69331,0.70116,0.0
2021-08-30,0.69973,0.70148,0.6987,0.6999,0.0
2021-08-31,0.69971,0.70688,0.69961,0.70479,0.0
2021-09-01,0.70473,0.70774,0.70353,0.70701,0.0
2021-09-02,0.70703,0.71196,0.70572,0.71148,0.0
2021-09-03,0.71079,0.71702,0.71065,0.71516,0.0
2021-09-06,0.71576,0.71613,0.71276,0.71355,0.0
2021-09-07,0.7136,0.71531,0.7087,0.71014,0.0
2021-09-08,0.7099,0.71151,0.70763,0.71006,0.0
2021-09-09,0.7098,0.7134,0.70825,0.71094,0.0
2021-09-10,0.71083,0.71565,0.70899,0.71146,0.0
2021-09-13,0.7118,0.7123,0.70977,0.71184,0.0
2021-09-14,0.7123,0.71509,0.70828,0.70971,0.0
2021-09-15,0.70992,0.71175,0.70736,0.71108,0.0
2021-09-16,0.71092,0.71375,0.70596,0.70732,0.0
2021-09-17,0.70722,0.70876,0.70258,0.70344,0.0
2021-09-20,0.70345,0.70426,0.70057,0.70306,0.0
2021-09-21,0.70305,0.70564,0.69937,0.70075,0.0
2021-09-22,0.70053,0.70561,0.69931,0.70026,0.0
2021-09-23,0.70052,0.70932,0.69823,0.70684,0.0
2021-09-24,0.70673,0.70805,0.69972,0.70138,0.0
2021-09-27,0.70119,0.70332,0.69911,0.70138,0.0
2021-09-28,0.7012,0.70272,0.6943,0.69611,0.0
2021-09-29,0.69592,0.69635,0.68597,0.68651,0.0
2021-09-30,0.68676,0.69216,0.68602,0.68977,0.0
2021-10-01,0.68986,0.6951,0.68768,0.69389,0.0
2021-10-04,0.69413,0.6982,0.69267,0.69648,0.0
2021-10-05,0.69635,0.69762,0.69285,0.69594,0.0
2021-10-06,0.69632,0.69796,0.68768,0.69147,0.0
2021-10-07,0.69134,0.69439,0.69086,0.69301,0.0
2021-10-08,0.69284,0.69601,0.69086,0.6929,0.0
2021-10-11,0.69208,0.69645,0.69164,0.69368,0.0
2021-10-12,0.6935,0.69698,0.69238,0.69315,0.0
2021-10-13,0.69319,0.69684,0.69119,0.69664,0.0
2021-10-14,0.69636,0.70417,0.69633,0.70365,0.0
2021-10-15,0.70337,0.70773,0.70288,0.70707,0.0
2021-10-18,0.70716,0.7105,0.70496,0.70874,0.0
2021-10-19,0.70818,0.71725,0.70806,0.71531,0.0
2021-10-20,0.71539,0.72084,0.71468,0.72005,0.0
2021-10-21,0.7202,0.72186,0.71411,0.71576,0.0
2021-10-22,0.71553,0.71892,0.71321,0.71506,0.0
2021-10-25,0.7149,0.71783,0.71306,0.71671,0.0
2021-10-26,0.71601,0.71938,0.71509,0.71628,0.0
2021-10-27,0.71631,0.71888,0.71318,0.71708,0.0
2021-10-28,0.71685,0.72169,0.71517,0.72036,0.0
2021-10-29,0.72,0.72044,0.71362,0.71711,0.0
2021-11-01,0.71631,0.71979,0.71534,0.71873,0.0
2021-11-02,0.71888,0.71888,0.7093,0.71095,0.0
2021-11-03,0.71106,0.71735,0.71055,0.71638,0.0
2021-11-04,0.71569,0.71788,0.70952,0.71031,0.0
2021-11-05,0.71032,0.71272,0.70728,0.71203,0.0
2021-11-08,0.71117,0.71768,0.71038,0.71674,0.0
2021-11-09,0.71683,0.71743,0.71098,0.71323,0.0
2021-11-10,0.71289,0.71327,0.70556,0.70582,0.0
2021-11-11,0.7059,0.70715,0.70126,0.70214,0.0
2021-11-12,0.70207,0.70478,0.6997,0.7041,0.0
2021-11-15,0.70391,0.70808,0.70322,0.70427,0.0
2021-11-16,0.70452,0.70643,0.69852,0.69901,0.0
2021-11-17,0.69919,0.70206,0.69804,0.69998,0.0
2021-11-18,0.69968,0.70527,0.69944,0.70448,0.0
2021-11-19,0.70344,0.70462,0.69919,0.69965,0.0
2021-11-22,0.701,0.70138,0.69483,0.69552,0.0
2021-11-23,0.69588,0.69813,0.69161,0.69501,0.0
2021-11-24,0.69529,0.6957,0.68557,0.68729,0.0
2021-11-25,0.68756,0.68938,0.68403,0.68565,0.0
2021-11-26,0.68595,0.68595,0.68051,0.68206,0.0
2021-11-29,0.68265,0.6839,0.67881,0.68252,0.0
2021-11-30,0.68275,0.68561,0.67729,0.68238,0.0
2021-12-01,0.68193,0.68678,0.68037,0.68088,0.0
2021-12-02,0.68087,0.68311,0.67994,0.68185,0.0
2021-12-03,0.68151,0.68204,0.67415,0.67468,0.0
2021-12-06,0.6757,0.67638,0.67403,0.67546,0.0
2021-12-07,0.67547,0.6793,0.67367,0.67875,0.0
2021-12-08,0.67891,0.68188,0.67669,0.68076,0.0
2021-12-09,0.68089,0.68229,0.67806,0.67949,0.0
2021-12-10,0.6794,0.68071,0.67697,0.67978,0.0
2021-12-13,0.68003,0.68041,0.67459,0.67539,0.0
2021-12-14,0.67545,0.67708,0.67354,0.67423,0.0
2021-12-15,0.6742,0.67881,0.67018,0.67857,0.0
2021-12-16,0.67837,0.68338,0.67574,0.6801,0.0
2021-12-17,0.68003,0.68025,0.6731,0.67357,0.0
2021-12-20,0.67497,0.67497,0.67023,0.67143,0.0
2021-12-21,0.67179,0.67735,0.67037,0.67725,0.0
2021-12-22,0.67686,0.68221,0.67398,0.68123,0.0
2021-12-23,0.68103,0.68413,0.67957,0.6825,0.0
2021-12-24,0.68276,0.68361,0.68083,0.6817,0.0
2021-12-27,0.68237,0.68285,0.67892,0.68175,0.0
2021-12-28,0.68175,0.68287,0.67891,0.68051,0.0
2021-12-29,0.68022,0.68423,0.6789,0.68275,0.0
2021-12-30,0.6833,0.68569,0.68163,0.68328,0.0
2021-12-31,0.68325,0.68523,0.68206,0.68417,0.0
2022-01-03,0.6835,0.68567,0.67748,0.67861,0.0
2022-01-04,0.67865,0.68242,0.67649,0.68092,0.0
2022-01-05,0.6806,0.68374,0.679,0.67979,0.0
2022-01-06,0.67961,0.67975,0.67335,0.67475,0.0
2022-01-07,0.67472,0.67813,0.67356,0.67758,0.0
2022-01-10,0.6776,0.67834,0.67361,0.67601,0.0
2022-01-11,0.67611,0.67909,0.67403,0.67849,0.0
2022-01-12,0.67863,0.68571,0.67739,0.68471,0.0
2022-01-13,0.68484,0.68905,0.68427,0.6864,0.0
2022-01-14,0.68623,0.68739,0.67923,0.68115,0.0
2022-01-17,0.68093,0.68184,0.67875,0.67955,0.0
2022-01-18,0.68026,0.68082,0.67529,0.67709,0.0
2022-01-19,0.67698,0.68113,0.67649,0.67848,0.0
2022-01-20,0.67808,0.6806,0.67504,0.67561,0.0
2022-01-21,0.67562,0.67593,0.6708,0.67133,0.0
2022-01-24,0.67173,0.67277,0.66606,0.66998,0.0
2022-01-25,0.66977,0.6708,0.66604,0.66851,0.0
2022-01-26,0.6685,0.67015,0.66386,0.6654,0.0
2022-01-27,0.66516,0.66609,0.65703,0.65816,0.0
2022-01-28,0.65817,0.65895,0.65296,0.65421,0.0
2022-01-31,0.65433,0.65969,0.65396,0.65764,0.0
2022-02-01,0.65759,0.66477,0.65661,0.66383,0.0
2022-02-02,0.66385,0.66622,0.6624,0.66326,0.0
2022-02-03,0.66339,0.66815,0.66098,0.66644,0.0
2022-02-04,0.66621,0.66835,0.65902,0.66144,0.0
2022-02-07,0.66145,0.66415,0.66034,0.66333,0.0
2022-02-08,0.66354,0.66534,0.66274,0.66478,0.0
2022-02-09,0.66469,0.66979,0.66412,0.66816,0.0
2022-02-10,0.66806,0.67325,0.66533,0.66757,0.0
2022-02-11,0.6676,0.66937,0.66273,0.66468,0.0
2022-02-14,0.6644,0.66502,0.65927,0.6617,0.0
2022-02-15,0.66137,0.66485,0.66025,0.66411,0.0
2022-02-16,0.66403,0.66914,0.66333,0.66816,0.0
2022-02-17,0.66792,0.67175,0.66595,0.66924,0.0
2022-02-18,0.6689,0.67296,0.6687,0.66949,0.0
2022-02-21,0.66948,0.67338,0.66831,0.67011,0.0
2022-02-22,0.67002,0.67546,0.66805,0.67329,0.0
2022-02-23,0.67313,0.68096,0.67313,0.67717,0.0
2022-02-24,0.67704,0.67763,0.66309,0.66919,0.0
2022-02-25,0.66921,0.67514,0.66867,0.67448,0.0
2022-02-28,0.66773,0.67769,0.66736,0.67754,0.0
2022-03-01,0.67694,0.67909,0.67409,0.67575,0.0
2022-03-02,0.67575,0.67997,0.67445,0.67883,0.0
2022-03-03,0.67877,0.68095,0.67619,0.67997,0.0
2022-03-04,0.68,0.68722,0.67679,0.68612,0.0
2022-03-07,0.68485,0.69257,0.68207,0.68233,0.0
2022-03-08,0.6824,0.68507,0.67998,0.68054,0.0
2022-03-09,0.68087,0.68526,0.67965,0.684,0.0
2022-03-10,0.684,0.68744,0.68114,0.6866,0.0
2022-03-11,0.68641,0.68754,0.67988,0.6812,0.0
2022-03-14,0.681,0.68148,0.67454,0.6746,0.0
2022-03-15,0.67472,0.67924,0.67288,0.67707,0.0
2022-03-16,0.67712,0.68447,0.6742,0.68379,0.0
2022-03-17,0.6838,0.68993,0.6824,0.68827,0.0
2022-03-18,0.68821,0.69133,0.68666,0.69059,0.0
2022-03-21,0.6898,0.69234,0.68733,0.6887,0.0
2022-03-22,0.68817,0.69656,0.68654,0.69648,0.0
2022-03-23,0.69627,0.69889,0.69359,0.69746,0.0
2022-03-24,0.69757,0.69778,0.69406,0.69651,0.0
2022-03-25,0.6965,0.69872,0.69444,0.69573,0.0
2022-03-28,0.69492,0.69669,0.68881,0.68949,0.0
2022-03-29,0.68941,0.69458,0.68763,0.69364,0.0
2022-03-30,0.69361,0.69985,0.69291,0.69766,0.0
2022-03-31,0.69764,0.69785,0.69284,0.69323,0.0
2022-04-01,0.69343,0.6948,0.68963,0.69176,0.0
2022-04-04,0.6923,0.69683,0.69053,0.69508,0.0
2022-04-05,0.69479,0.70341,0.69339,0.69432,0.0
2022-04-06,0.69433,0.6967,0.68972,0.6915,0.0
2022-04-07,0.69176,0.69372,0.68814,0.68918,0.0
2022-04-08,0.68959,0.68992,0.68225,0.68481,0.0
2022-04-11,0.68455,0.68563,0.68137,0.68248,0.0
2022-04-12,0.68268,0.68896,0.68063,0.68502,0.0
2022-04-13,0.68498,0.69021,0.67548,0.6798,0.0
2022-04-14,0.6795,0.68343,0.67676,0.67874,0.0
2022-04-15,0.6786,0.681,0.6759,0.676,0.0
2022-04-18,0.67825,0.67825,0.67155,0.67277,0.0
2022-04-19,0.67322,0.67642,0.67202,0.67334,0.0
2022-04-20,0.67327,0.68135,0.67299,0.6808,0.0
2022-04-21,0.68069,0.68106,0.6727,0.67333,0.0
2022-04-22,0.67333,0.67368,0.66261,0.66354,0.0
2022-04-25,0.66291,0.66432,0.65822,0.66209,0.0
2022-04-26,0.66181,0.66455,0.6562,0.65641,0.0
2022-04-27,0.65637,0.65911,0.65278,0.65432,0.0
2022-04-28,0.65449,0.65452,0.64522,0.64866,0.0
2022-04-29,0.64905,0.65433,0.64517,0.64578,0.0
2022-05-02,0.647,0.64739,0.64126,0.64345,0.0
2022-05-03,0.64348,0.64756,0.64108,0.64352,0.0
2022-05-04,0.64357,0.65563,0.64223,0.6547,0.0
2022-05-05,0.65469,0.65686,0.63935,0.64251,0.0
2022-05-06,0.64225,0.64581,0.63948,0.64056,0.0
2022-05-09,0.64046,0.64122,0.63203,0.63213,0.0
2022-05-10,0.63233,0.6348,0.62762,0.62899,0.0
2022-05-11,0.6293,0.63799,0.62814,0.62946,0.0
2022-05-12,0.62926,0.63026,0.62169,0.62331,0.0
2022-05-13,0.62303,0.629,0.62232,0.62895,0.0
2022-05-16,0.62742,0.63202,0.62287,0.63106,0.0
2022-05-17,0.63099,0.63759,0.63021,0.63608,0.0
2022-05-18,0.63609,0.63703,0.6291,0.6295,0.0
2022-05-19,0.62962,0.64171,0.62916,0.63835,0.0
2022-05-20,0.63815,0.64147,0.63639,0.64095,0.0
2022-05-23,0.63922,0.6492,0.63922,0.64664,0.0
2022-05-24,0.64696,0.64715,0.64232,0.64605,0.0
2022-05-25,0.64623,0.65143,0.64194,0.64796,0.0
2022-05-26,0.64758,0.65006,0.6447,0.64807,0.0
2022-05-27,0.64777,0.65497,0.64728,0.65354,0.0
2022-05-30,0.6535,0.65607,0.65241,0.65595,0.0
2022-05-31,0.65556,0.6564,0.64831,0.65163,0.0
2022-06-01,0.65157,0.65402,0.6465,0.64846,0.0
2022-06-02,0.64845,0.65649,0.64606,0.65603,0.0
2022-06-03,0.6556,0.65763,0.65012,0.65062,0.0
2022-06-06,0.65126,0.65368,0.64847,0.64894,0.0
2022-06-07,0.64895,0.64993,0.64231,0.64911,0.0
2022-06-08,0.64909,0.64937,0.64353,0.64487,0.0
2022-06-09,0.64462,0.64614,0.63802,0.63825,0.0
2022-06-10,0.63864,0.64349,0.63484,0.63534,0.0
2022-06-13,0.6348,0.63501,0.62465,0.6262,0.0
2022-06-14,0.62634,0.62935,0.61966,0.6218,0.0
2022-06-15,0.62174,0.63131,0.62144,0.62863,0.0
2022-06-16,0.62902,0.6396,0.62331,0.63625,0.0
2022-06-17,0.6361,0.63705,0.62692,0.63137,0.0
2022-06-20,0.63004,0.63641,0.62995,0.63306,0.0
2022-06-21,0.63334,0.63635,0.63181,0.63338,0.0
2022-06-22,0.63349,0.63349,0.62441,0.62864,0.0
2022-06-23,0.6286,0.63109,0.62478,0.62761,0.0
2022-06-24,0.62758,0.63272,0.62714,0.63133,0.0
2022-06-27,0.63108,0.63269,0.62824,0.63011,0.0
2022-06-28,0.63014,0.63137,0.62375,0.62406,0.0
2022-06-29,0.62406,0.62601,0.62052,0.62225,0.0
2022-06-30,0.6219,0.62544,0.61985,0.6244,0.0
2022-07-01,0.6245,0.6247,0.61478,0.62037,0.0
2022-07-04,0.61945,0.62521,0.6193,0.62091,0.0
2022-07-05,0.6208,0.62268,0.61247,0.6169,0.0
2022-07-06,0.6171,0.61918,0.61319,0.61478,0.0
2022-07-07,0.61455,0.61954,0.61403,0.61777,0.0
2022-07-08,0.6174,0.62069,0.61321,0.61885,0.0
2022-07-11,0.61834,0.61926,0.60972,0.61117,0.0
2022-07-12,0.61113,0.61458,0.61001,0.61269,0.0
2022-07-13,0.61286,0.61719,0.60811,0.61322,0.0
2022-07-14,0.61296,0.61348,0.60607,0.61256,0.0
2022-07-15,0.61307,0.61772,0.61122,0.61563,0.0
2022-07-18,0.61525,0.62008,0.6148,0.61537,0.0
2022-07-19,0.6153,0.62405,0.61412,0.62254,0.0
2022-07-20,0.62315,0.62722,0.6217,0.62304,0.0
2022-07-21,0.62535,0.62535,0.61848,0.6253,0.0
2022-07-22,0.6252,0.63045,0.62117,0.62539,0.0
2022-07-25,0.62543,0.62797,0.62145,0.6263,0.0
2022-07-26,0.62665,0.62803,0.6225,0.62304,0.0
2022-07-27,0.62308,0.62777,0.61921,0.62657,0.0
2022-07-28,0.62615,0.62978,0.62511,0.62951,0.0
2022-07-29,0.6285,0.63292,0.6218,0.62915,0.0
2022-08-01,0.62707,0.63528,0.62707,0.63328,0.0
2022-08-02,0.6333,0.63434,0.62519,0.62551,0.0
2022-08-03,0.62696,0.62815,0.6213,0.62739,0.0
2022-08-04,0.62576,0.63152,0.62576,0.63,0.0
2022-08-05,0.63008,0.63097,0.62125,0.6243,0.0
2022-08-08,0.62485,0.63045,0.62303,0.62854,0.0
2022-08-09,0.62885,0.63031,0.62703,0.62865,0.0
2022-08-10,0.6288,0.64343,0.62753,0.64028,0.0
2022-08-11,0.6402,0.64628,0.63845,0.64307,0.0
2022-08-12,0.6437,0.64686,0.64226,0.64545,0.0
2022-08-15,0.6446,0.64565,0.63559,0.63655,0.0
2022-08-16,0.63938,0.63938,0.63169,0.63458,0.0
2022-08-17,0.63508,0.63833,0.62584,0.62823,0.0
2022-08-18,0.63135,0.63135,0.62464,0.62568,0.0
2022-08-19,0.6263,0.6269,0.6166,0.6175,0.0
2022-08-22,0.61846,0.62152,0.6157,0.61698,0.0
2022-08-23,0.6168,0.62446,0.61598,0.62144,0.0
2022-08-24,0.62301,0.6233,0.61632,0.61904,0.0
2022-08-25,0.61834,0.62513,0.61765,0.62246,0.0
2022-08-26,0.62318,0.62345,0.61337,0.61357,0.0
2022-08-29,0.6125,0.61675,0.61022,0.61545,0.0
2022-08-30,0.61605,0.61942,0.61235,0.61298,0.0
2022-08-31,0.61245,0.61548,0.61109,0.61204,0.0
2022-09-01,0.612,0.61333,0.60608,0.608,0.0
2022-09-02,0.6081,0.6141,0.6051,0.61126,0.0
2022-09-05,0.609,0.61054,0.60779,0.60941,0.0
2022-09-06,0.6098,0.61288,0.60354,0.60406,0.0
2022-09-07,0.6039,0.60769,0.59966,0.60753,0.0
2022-09-08,0.6077,0.60798,0.60315,0.60546,0.0
2022-09-09,0.60465,0.61525,0.60465,0.61046,0.0
2022-09-12,0.60845,0.61576,0.60838,0.61365,0.0
2022-09-13,0.61376,0.61615,0.59867,0.60013,0.0
2022-09-14,0.59932,0.6025,0.59767,0.60042,0.0
2022-09-15,0.60006,0.60261,0.59642,0.59652,0.0
2022-09-16,0.5966,0.59946,0.59409,0.59904,0.0
2022-09-19,0.59908,0.60022,0.59295,0.59553,0.0
2022-09-20,0.59594,0.59758,0.58857,0.5897,0.0
2022-09-21,0.58945,0.59109,0.58423,0.58525,0.0
2022-09-22,0.58524,0.58878,0.58043,0.58456,0.0
2022-09-23,0.585,0.58564,0.57302,0.57445,0.0
2022-09-26,0.5749,0.57548,0.56253,0.56346,0.0
2022-09-27,0.5642,0.57218,0.56249,0.56346,0.0
2022-09-28,0.57055,0.57335,0.55652,0.57309,0.0
2022-09-29,0.57301,0.57346,0.56482,0.57236,0.0
2022-09-30,0.5724,0.57508,0.55912,0.55958,0.0
2022-10-03,0.56009,0.57309,0.56005,0.57222,0.0
2022-10-04,0.57225,0.57586,0.56807,0.57301,0.0
2022-10-05,0.56856,0.58056,0.56607,0.57368,0.0
2022-10-06,0.5739,0.5814,0.56406,0.56554,0.0
2022-10-07,0.56615,0.56738,0.55981,0.56043,0.0
2022-10-10,0.56123,0.56295,0.55461,0.55665,0.0
2022-10-11,0.55735,0.5657,0.5536,0.55835,0.0
2022-10-12,0.55829,0.56325,0.55603,0.56091,0.0
2022-10-13,0.5609,0.56551,0.55122,0.56398,0.0
2022-10-14,0.56335,0.56819,0.55506,0.55594,0.0
2022-10-17,0.55699,0.56494,0.55517,0.5636,0.0
2022-10-18,0.56289,0.57195,0.5617,0.56877,0.0
2022-10-19,0.56529,0.57078,0.56499,0.5669,0.0
2022-10-20,0.56855,0.57419,0.56232,0.56788,0.0
2022-10-21,0.56825,0.57707,0.55997,0.57573,0.0
2022-10-24,0.57686,0.57926,0.56571,0.5694,0.0
2022-10-25,0.56943,0.57801,0.56724,0.5756,0.0
2022-10-26,0.57345,0.58453,0.57254,0.58376,0.0
2022-10-27,0.58366,0.58698,0.57886,0.58279,0.0
2022-10-28,0.5828,0.58735,0.57832,0.58138,0.0
2022-10-31,0.58011,0.58354,0.57749,0.58142,0.0
2022-11-01,0.5812,0.59027,0.58097,0.58396,0.0
2022-11-02,0.5842,0.59422,0.58135,0.58199,0.0
2022-11-03,0.58198,0.58387,0.57408,0.57751,0.0
2022-11-04,0.57736,0.59366,0.57569,0.59299,0.0
2022-11-07,0.58791,0.59458,0.58674,0.59411,0.0
2022-11-08,0.59394,0.59999,0.58989,0.59586,0.0
2022-11-09,0.59448,0.59696,0.58733,0.58858,0.0
2022-11-10,0.58844,0.60408,0.58408,0.60281,0.0
2022-11-11,0.60252,0.61299,0.5985,0.61182,0.0
2022-11-14,0.60948,0.61218,0.60618,0.60954,0.0
2022-11-15,0.6095,0.62033,0.60855,0.61576,0.0
2022-11-16,0.61563,0.61941,0.61296,0.61468,0.0
2022-11-17,0.61485,0.61681,0.60646,0.61301,0.0
2022-11-18,0.61274,0.62057,0.6114,0.61499,0.0
2022-11-21,0.6156,0.61694,0.60877,0.60984,0.0
2022-11-22,0.6097,0.61631,0.6095,0.61524,0.0
2022-11-23,0.61537,0.62498,0.61352,0.6246,0.0
2022-11-24,0.62395,0.62894,0.62364,0.62658,0.0
2022-11-25,0.62635,0.62776,0.6219,0.62508,0.0
2022-11-28,0.6221,0.62445,0.61562,0.61648,0.0
2022-11-29,0.61639,0.62537,0.61603,0.62016,0.0
2022-11-30,0.6211,0.63131,0.61897,0.62971,0.0
2022-12-01,0.62999,0.64,0.62844,0.63712,0.0
2022-12-02,0.63612,0.64139,0.6329,0.64095,0.0
2022-12-05,0.6377,0.64427,0.63026,0.63165,0.0
2022-12-06,0.6317,0.63548,0.63037,0.63176,0.0
2022-12-07,0.63178,0.63842,0.63101,0.63531,0.0
2022-12-08,0.63486,0.63892,0.63268,0.63792,0.0
2022-12-09,0.63784,0.64272,0.6353,0.64168,0.0
2022-12-12,0.64121,0.64219,0.63657,0.63836,0.0
2022-12-13,0.6382,0.65138,0.63738,0.64653,0.0
2022-12-14,0.6465,0.64702,0.64029,0.64568,0.0
2022-12-15,0.64559,0.6468,0.63194,0.63421,0.0
2022-12-16,0.6348,0.63956,0.63335,0.6379,0.0
2022-12-19,0.63808,0.64089,0.63427,0.63639,0.0
2022-12-20,0.63649,0.63942,0.63006,0.63458,0.0
2022-12-21,0.63375,0.63507,0.62772,0.62951,0.0
2022-12-22,0.62975,0.63303,0.62308,0.62482,0.0
2022-12-23,0.62498,0.63045,0.62337,0.62859,0.0
2022-12-26,0.62825,0.6301,0.6254,0.6286,0.0
2022-12-27,0.6301,0.63182,0.62638,0.62745,0.0
2022-12-28,0.62767,0.63553,0.6258,0.63103,0.0
2022-12-29,0.63111,0.63578,0.62986,0.63488,0.0
2022-12-30,0.6345,0.63716,0.63106,0.63512,0.0
2023-01-02,0.635,0.6355,0.63153,0.63275,0.0
2023-01-03,0.6311,0.63621,0.62004,0.62498,0.0
2023-01-04,0.62493,0.63529,0.62397,0.62938,0.0
2023-01-05,0.6294,0.63093,0.62112,0.62264,0.0
2023-01-06,0.62286,0.63599,0.61915,0.63462,0.0
2023-01-09,0.63314,0.64116,0.63314,0.63709,0.0
2023-01-10,0.63645,0.63896,0.63428,0.63698,0.0
2023-01-11,0.637,0.63885,0.63349,0.63662,0.0
2023-01-12,0.6364,0.64174,0.63223,0.63942,0.0
2023-01-13,0.6394,0.64155,0.63352,0.63844,0.0
2023-01-16,0.63808,0.64266,0.63615,0.63807,0.0
2023-01-17,0.63793,0.64379,0.63668,0.64293,0.0
2023-01-18,0.6423,0.65302,0.6423,0.64446,0.0
2023-01-19,0.6432,0.6449,0.63657,0.63946,0.0
2023-01-20,0.63997,0.64764,0.63918,0.6472,0.0
2023-01-23,0.64668,0.64997,0.64377,0.64906,0.0
2023-01-24,0.64915,0.65243,0.6464,0.65054,0.0
2023-01-25,0.64868,0.6507,0.64498,0.64795,0.0
2023-01-26,0.64805,0.65143,0.64576,0.64907,0.0
2023-01-27,0.64875,0.6512,0.64616,0.64925,0.0
2023-01-30,0.64852,0.65084,0.6462,0.64682,0.0
2023-01-31,0.64596,0.64792,0.64129,0.64398,0.0
2023-02-01,0.64418,0.65073,0.64168,0.65052,0.0
2023-02-02,0.65067,0.65381,0.64629,0.64764,0.0
2023-02-03,0.64715,0.6534,0.63232,0.63255,0.0
2023-02-06,0.63096,0.63348,0.627,0.6305,0.0
2023-02-07,0.63052,0.63592,0.62731,0.63267,0.0
2023-02-08,0.63232,0.63484,0.62967,0.63061,0.0
2023-02-09,0.63062,0.63894,0.63031,0.63266,0.0
2023-02-10,0.63234,0.63462,0.62988,0.63094,0.0
2023-02-13,0.63179,0.63658,0.62895,0.63591,0.0
2023-02-14,0.6356,0.63888,0.62973,0.6336,0.0
2023-02-15,0.63346,0.63382,0.62527,0.62812,0.0
2023-02-16,0.62744,0.63095,0.62328,0.6257,0.0
2023-02-17,0.62558,0.6263,0.61939,0.6243,0.0
2023-02-20,0.6236,0.62625,0.62219,0.6253,0.0
2023-02-21,0.62411,0.6254,0.6203,0.62129,0.0
2023-02-22,0.62155,0.6252,0.6206,0.62191,0.0
2023-02-23,0.62175,0.62509,0.6203,0.62278,0.0
2023-02-24,0.6225,0.62443,0.61515,0.61649,0.0
2023-02-27,0.61606,0.61801,0.61312,0.61664,0.0
2023-02-28,0.61705,0.6208,0.6133,0.6185,0.0
2023-03-01,0.61832,0.62759,0.61659,0.6257,0.0
2023-03-02,0.62538,0.62572,0.61991,0.62187,0.0
2023-03-03,0.62135,0.6242,0.61927,0.62227,0.0
2023-03-06,0.62178,0.6226,0.61728,0.61964,0.0
2023-03-07,0.61876,0.6222,0.61035,0.61069,0.0
2023-03-08,0.611,0.61378,0.60846,0.61067,0.0
2023-03-09,0.611,0.61512,0.60964,0.61008,0.0
2023-03-10,0.60965,0.6177,0.60916,0.61352,0.0
2023-03-13,0.6145,0.62646,0.61344,0.62202,0.0
2023-03-14,0.6229,0.62479,0.62004,0.62369,0.0
2023-03-15,0.62271,0.62648,0.61728,0.61882,0.0
2023-03-16,0.61806,0.61971,0.61398,0.61968,0.0
2023-03-17,0.61969,0.6277,0.61863,0.62688,0.0
2023-03-20,0.62884,0.62892,0.62288,0.62459,0.0
2023-03-21,0.62545,0.62555,0.61674,0.61942,0.0
2023-03-22,0.61935,0.62828,0.61719,0.62207,0.0
2023-03-23,0.62213,0.62946,0.6219,0.62495,0.0
2023-03-24,0.6251,0.62536,0.61921,0.62021,0.0
2023-03-27,0.62027,0.62121,0.6181,0.6196,0.0
2023-03-28,0.61963,0.62551,0.61954,0.62528,0.0
2023-03-29,0.62525,0.62708,0.6215,0.62254,0.0
2023-03-30,0.62276,0.62664,0.62034,0.62634,0.0
2023-03-31,0.62622,0.6298,0.62375,0.6255,0.0
2023-04-03,0.6259,0.63,0.6208,0.62967,0.0
2023-04-04,0.6297,0.63152,0.62741,0.63106,0.0
2023-04-05,0.63118,0.63716,0.6285,0.63183,0.0
2023-04-06,0.6316,0.63247,0.62394,0.62443,0.0
2023-04-07,0.62396,0.62702,0.62098,0.6266,0.0
2023-04-10,0.625,0.62564,0.6194,0.62196,0.0
2023-04-11,0.6216,0.62339,0.6184,0.61926,0.0
2023-04-12,0.61874,0.62416,0.6182,0.62148,0.0
2023-04-13,0.62176,0.63149,0.62036,0.62966,0.0
2023-04-14,0.62908,0.63148,0.61953,0.62085,0.0
2023-04-17,0.62035,0.62144,0.61614,0.61812,0.0
2023-04-18,0.61758,0.62247,0.61758,0.62084,0.0
2023-04-19,0.62118,0.62258,0.61729,0.61998,0.0
2023-04-20,0.6206,0.6207,0.61492,0.6177,0.0
2023-04-21,0.6175,0.61802,0.61267,0.61385,0.0
2023-04-24,0.61418,0.61685,0.61256,0.61674,0.0
2023-04-25,0.6166,0.6188,0.61328,0.61374,0.0
2023-04-26,0.61375,0.61488,0.61119,0.61166,0.0
2023-04-27,0.612,0.61614,0.61146,0.61487,0.0
2023-04-28,0.614,0.61872,0.61245,0.6182,0.0
2023-05-01,0.61763,0.62,0.61616,0.61672,0.0
2023-05-02,0.61727,0.62183,0.61631,0.62076,0.0
2023-05-03,0.62072,0.62607,0.62051,0.62314,0.0
2023-05-04,0.62302,0.62984,0.62072,0.62805,0.0
2023-05-05,0.62763,0.63153,0.62637,0.62945,0.0
2023-05-08,0.6294,0.63594,0.62932,0.6345,0.0
2023-05-09,0.6344,0.63489,0.63184,0.63358,0.0
2023-05-10,0.6332,0.6381,0.63242,0.63664,0.0
2023-05-11,0.63578,0.63846,0.62894,0.62984,0.0
2023-05-12,0.62986,0.63078,0.61824,0.619,0.0
2023-05-15,0.61945,0.6243,0.61871,0.624,0.0
2023-05-16,0.62376,0.626,0.62235,0.62309,0.0
2023-05-17,0.62345,0.6273,0.62267,0.62486,0.0
2023-05-18,0.62452,0.62692,0.6204,0.6226,0.0
2023-05-19,0.62312,0.63055,0.6225,0.62756,0.0
2023-05-22,0.62686,0.62922,0.62621,0.62873,0.0
2023-05-23,0.62848,0.63027,0.62342,0.62482,0.0
2023-05-24,0.62362,0.62566,0.60938,0.61126,0.0
2023-05-25,0.6107,0.6115,0.6044,0.60628,0.0
2023-05-26,0.60625,0.60962,0.60333,0.60463,0.0
2023-05-29,0.60495,0.60708,0.60445,0.60542,0.0
2023-05-30,0.60573,0.60668,0.60254,0.60438,0.0
2023-05-31,0.60437,0.605,0.59853,0.60209,0.0
2023-06-01,0.60085,0.60772,0.59906,0.60712,0.0
2023-06-02,0.6072,0.61111,0.60494,0.60592,0.0
2023-06-05,0.60698,0.60852,0.60414,0.60698,0.0
2023-06-06,0.6067,0.61001,0.60458,0.60783,0.0
2023-06-07,0.6073,0.6097,0.60312,0.60374,0.0
2023-06-08,0.604,0.60993,0.60318,0.60947,0.0
2023-06-09,0.60955,0.6139,0.6085,0.61298,0.0
2023-06-12,0.61223,0.61528,0.61058,0.61217,0.0
2023-06-13,0.61166,0.6178,0.61066,0.61498,0.0
2023-06-14,0.615,0.62361,0.61424,0.62067,0.0
2023-06-15,0.62083,0.62429,0.61555,0.62354,0.0
2023-06-16,0.624,0.62478,0.62102,0.62389,0.0
2023-06-19,0.62308,0.62374,0.61916,0.62003,0.0
2023-06-20,0.62061,0.62061,0.6134,0.61673,0.0
2023-06-21,0.61605,0.6218,0.6156,0.62029,0.0
2023-06-22,0.62092,0.6223,0.61738,0.61781,0.0
2023-06-23,0.61746,0.61908,0.61172,0.61428,0.0
2023-06-26,0.6143,0.61772,0.61362,0.61632,0.0
2023-06-27,0.61625,0.62004,0.61519,0.61623,0.0
2023-06-28,0.61625,0.61669,0.60691,0.60734,0.0
2023-06-29,0.60762,0.61023,0.60507,0.607,0.0
2023-06-30,0.6073,0.6142,0.60594,0.61379,0.0
2023-07-03,0.61248,0.617,0.6123,0.61534,0.0
2023-07-04,0.6152,0.62126,0.61412,0.61904,0.0
2023-07-05,0.61898,0.62071,0.61754,0.61786,0.0
2023-07-06,0.61749,0.62194,0.61327,0.6157,0.0
2023-07-07,0.61539,0.62198,0.6153,0.62094,0.0
2023-07-10,0.62093,0.62182,0.61665,0.621,0.0
2023-07-11,0.62056,0.62244,0.6167,0.61985,0.0
2023-07-12,0.61912,0.63086,0.61827,0.62971,0.0
2023-07-13,0.6294,0.63954,0.62905,0.63932,0.0
2023-07-14,0.63938,0.64119,0.63592,0.63702,0.0
2023-07-17,0.63643,0.63688,0.63084,0.6325,0.0
2023-07-18,0.63223,0.6344,0.626,0.62722,0.0
2023-07-19,0.62915,0.63153,0.62252,0.62631,0.0
2023-07-20,0.62598,0.6308,0.62133,0.62342,0.0
2023-07-21,0.62292,0.6241,0.6164,0.61675,0.0
2023-07-24,0.6173,0.62152,0.6156,0.62049,0.0
2023-07-25,0.62051,0.62302,0.61899,0.62216,0.0
2023-07-26,0.61968,0.62348,0.61892,0.62106,0.0
2023-07-27,0.62154,0.6274,0.61744,0.61826,0.0
2023-07-28,0.6189,0.61933,0.6121,0.6156,0.0
2023-07-31,0.6155,0.6226,0.61479,0.62081,0.0
2023-08-01,0.62162,0.6222,0.61312,0.61502,0.0
2023-08-02,0.61472,0.61693,0.60684,0.60799,0.0
2023-08-03,0.60798,0.6098,0.60605,0.60778,0.0
2023-08-04,0.60837,0.61332,0.607,0.60987,0.0
2023-08-07,0.60929,0.61171,0.60849,0.61054,0.0
2023-08-08,0.61078,0.61134,0.60348,0.60663,0.0
2023-08-09,0.60513,0.60948,0.60447,0.60517,0.0
2023-08-10,0.60541,0.61184,0.60203,0.60211,0.0
2023-08-11,0.60283,0.60369,0.59752,0.5984,0.0
2023-08-14,0.59876,0.59919,0.59441,0.59754,0.0
2023-08-15,0.59734,0.59968,0.59489,0.59512,0.0
2023-08-16,0.59508,0.59933,0.59267,0.59381,0.0
2023-08-17,0.5955,0.59639,0.59035,0.59248,0.0
2023-08-18,0.59198,0.59471,0.59092,0.5922,0.0
2023-08-21,0.59355,0.59356,0.58965,0.5927,0.0
2023-08-22,0.59196,0.5972,0.59195,0.59462,0.0
2023-08-23,0.59434,0.59853,0.59273,0.5979,0.0
2023-08-24,0.59806,0.59885,0.59164,0.59233,0.0
2023-08-25,0.59221,0.59428,0.58865,0.59056,0.0
2023-08-28,0.5907,0.59259,0.58955,0.59107,0.0
2023-08-29,0.59134,0.59778,0.58876,0.59705,0.0
2023-08-30,0.59679,0.60067,0.59399,0.59556,0.0
2023-08-31,0.59509,0.59774,0.59309,0.59663,0.0
2023-09-01,0.59693,0.60146,0.59347,0.59452,0.0
2023-09-04,0.59433,0.5961,0.59322,0.59389,0.0
2023-09-05,0.59358,0.59432,0.58594,0.58835,0.0
2023-09-06,0.5875,0.59041,0.58597,0.58723,0.0
2023-09-07,0.58773,0.58944,0.58624,0.58761,0.0
2023-09-08,0.588,0.59179,0.58726,0.5884,0.0
2023-09-11,0.58925,0.59348,0.58842,0.59196,0.0
2023-09-12,0.59121,0.59234,0.58894,0.59031,0.0
2023-09-13,0.58887,0.59268,0.58802,0.59183,0.0
2023-09-14,0.59097,0.59451,0.5902,0.5912,0.0
2023-09-15,0.59156,0.59375,0.58931,0.58988,0.0
2023-09-18,0.59041,0.59213,0.58946,0.59164,0.0
2023-09-19,0.59034,0.59479,0.59031,0.59359,0.0
2023-09-20,0.59346,0.59854,0.59207,0.5929,0.0
2023-09-21,0.59256,0.59515,0.58958,0.59316,0.0
2023-09-22,0.5932,0.59889,0.59193,0.5961,0.0
2023-09-25,0.59608,0.59743,0.59432,0.59666,0.0
2023-09-26,0.59613,0.59737,0.59363,0.59449,0.0
2023-09-27,0.59443,0.59567,0.58997,0.59232,0.0
2023-09-28,0.59235,0.59735,0.59144,0.59626,0.0
2023-09-29,0.59699,0.60488,0.59614,0.59977,0.0
2023-10-02,0.60033,0.6008,0.59434,0.59471,0.0
2023-10-03,0.5948,0.59548,0.58877,0.59091,0.0
2023-10-04,0.58982,0.59254,0.58711,0.59128,0.0
2023-10-05,0.59216,0.59678,0.59103,0.59659,0.0
2023-10-06,0.59676,0.60036,0.59236,0.59903,0.0
2023-10-09,0.5967,0.60281,0.59607,0.60232,0.0
2023-10-10,0.6012,0.6049,0.59992,0.60459,0.0
2023-10-11,0.60393,0.60557,0.6007,0.60211,0.0
2023-10-12,0.60193,0.60258,0.59253,0.59257,0.0
2023-10-13,0.59283,0.5938,0.58838,0.58853,0.0
2023-10-16,0.59195,0.59298,0.58989,0.59279,0.0
2023-10-17,0.59287,0.59302,0.58711,0.58969,0.0
2023-10-18,0.58888,0.59198,0.58513,0.58553,0.0
2023-10-19,0.58555,0.58669,0.58158,0.58486,0.0
2023-10-20,0.58485,0.58521,0.5817,0.5828,0.0
2023-10-23,0.58243,0.58578,0.58077,0.58457,0.0
2023-10-24,0.5847,0.58728,0.5829,0.58447,0.0
2023-10-25,0.58365,0.58702,0.5801,0.58016,0.0
2023-10-26,0.58095,0.58297,0.57735,0.58202,0.0
2023-10-27,0.58233,0.5844,0.58054,0.58098,0.0
2023-10-30,0.58125,0.5845,0.58046,0.58445,0.0
2023-10-31,0.58438,0.58573,0.58038,0.58248,0.0
2023-11-01,0.58251,0.58586,0.57891,0.58469,0.0
2023-11-02,0.58501,0.59172,0.58457,0.58981,0.0
2023-11-03,0.59,0.60004,0.58847,0.59977,0.0
2023-11-06,0.59898,0.6002,0.59596,0.59642,0.0
2023-11-07,0.59687,0.59687,0.59113,0.59352,0.0
2023-11-08,0.593,0.59423,0.59062,0.59118,0.0
2023-11-09,0.59183,0.59548,0.58932,0.58936,0.0
2023-11-10,0.5897,0.59046,0.58784,0.58909,0.0
2023-11-13,0.58865,0.58989,0.58704,0.58765,0.0
2023-11-14,0.58801,0.60135,0.58639,0.60083,0.0
2023-11-15,0.6008,0.60549,0.59978,0.60233,0.0
2023-11-16,0.60233,0.603,0.59634,0.59708,0.0
2023-11-17,0.59712,0.59974,0.59404,0.59905,0.0
2023-11-20,0.59898,0.60433,0.59839,0.60367,0.0
2023-11-21,0.60355,0.60864,0.60274,0.60489,0.0
2023-11-22,0.605,0.60642,0.59965,0.6022,0.0
2023-11-23,0.60278,0.60667,0.60172,0.60491,0.0
2023-11-24,0.60478,0.60902,0.60428,0.6084,0.0
2023-11-27,0.60795,0.61075,0.60609,0.60982,0.0
2023-11-28,0.6096,0.61473,0.60803,0.61378,0.0
2023-11-29,0.61385,0.62084,0.61319,0.61562,0.0
2023-11-30,0.61566,0.61823,0.61211,0.61546,0.0
2023-12-01,0.61533,0.62097,0.61512,0.62095,0.0
2023-12-04,0.61928,0.62227,0.61514,0.61646,0.0
2023-12-05,0.61666,0.61742,0.61257,0.61294,0.0
2023-12-06,0.61279,0.61769,0.61273,0.61376,0.0
2023-12-07,0.61366,0.61935,0.61134,0.61703,0.0
2023-12-08,0.6165,0.6175,0.6104,0.61219,0.0
2023-12-11,0.61166,0.61322,0.61049,0.61234,0.0
2023-12-12,0.61266,0.61699,0.61051,0.61336,0.0
2023-12-13,0.6135,0.62139,0.60843,0.61735,0.0
2023-12-14,0.61728,0.62495,0.6168,0.62064,0.0
2023-12-15,0.6198,0.62295,0.61779,0.62092,0.0
2023-12-18,0.62083,0.62512,0.61954,0.6212,0.0
2023-12-19,0.62133,0.62729,0.62056,0.62724,0.0
2023-12-20,0.62725,0.62987,0.62469,0.62477,0.0
2023-12-21,0.62475,0.62962,0.6239,0.62944,0.0
2023-12-22,0.62946,0.63181,0.62759,0.62965,0.0
2023-12-25,0.62969,0.64023,0.62655,0.6303,0.0
2023-12-26,0.63116,0.6384,0.62883,0.63274,0.0
2023-12-27,0.6329,0.63489,0.63093,0.63406,0.0
2023-12-28,0.63378,0.63696,0.63244,0.63325,0.0
2023-12-29,0.63323,0.63591,0.63047,0.63188,0.0
2024-01-02,0.63346,0.63346,0.62491,0.62508,0.0
2024-01-03,0.62556,0.62763,0.6219,0.62465,0.0
2024-01-04,0.62492,0.62856,0.62213,0.62357,0.0
2024-01-05,0.62306,0.62781,0.61813,0.62439,0.0
2024-01-08,0.62365,0.62611,0.62125,0.62504,0.0
2024-01-09,0.62439,0.62671,0.62265,0.62388,0.0
2024-01-10,0.6235,0.62543,0.6216,0.62275,0.0
2024-01-11,0.62248,0.62586,0.61959,0.62334,0.0
2024-01-12,0.62316,0.62781,0.62287,0.6241,0.0
2024-01-15,0.62455,0.62455,0.61834,0.62012,0.0
2024-01-16,0.61995,0.6207,0.61267,0.61383,0.0
2024-01-17,0.61393,0.6152,0.60885,0.61166,0.0
2024-01-18,0.6113,0.61361,0.60947,0.61155,0.0
2024-01-19,0.61137,0.61266,0.60899,0.6115,0.0
2024-01-22,0.61181,0.61391,0.60716,0.60762,0.0
2024-01-23,0.60935,0.61173,0.6062,0.61035,0.0
2024-01-24,0.61021,0.6149,0.60889,0.61116,0.0
2024-01-25,0.61106,0.61326,0.61002,0.6111,0.0
2024-01-26,0.61143,0.61187,0.60907,0.60918,0.0
2024-01-29,0.60933,0.6144,0.60865,0.61326,0.0
2024-01-30,0.61333,0.61494,0.61056,0.61368,0.0
2024-01-31,0.61285,0.61739,0.61016,0.61168,0.0
2024-02-01,0.6115,0.61443,0.608,0.6144,0.0
2024-02-02,0.61404,0.61608,0.6059,0.60646,0.0
2024-02-05,0.60702,0.60821,0.60384,0.60549,0.0
2024-02-06,0.60464,0.60997,0.60464,0.60973,0.0
2024-02-07,0.6097,0.61249,0.60924,0.61125,0.0
2024-02-08,0.61158,0.61237,0.60793,0.60968,0.0
2024-02-09,0.60965,0.61587,0.60918,0.61495,0.0
2024-02-12,0.61448,0.61518,0.61205,0.61303,0.0
2024-02-13,0.61268,0.61323,0.60498,0.60609,0.0
2024-02-14,0.6059,0.60921,0.60514,0.60856,0.0
2024-02-15,0.60917,0.61274,0.60801,0.61061,0.0
2024-02-16,0.6103,0.61359,0.60863,0.61245,0.0
2024-02-19,0.61233,0.61523,0.61225,0.61499,0.0
2024-02-20,0.61493,0.6191,0.61292,0.61648,0.0
2024-02-21,0.61623,0.6198,0.61618,0.61801,0.0
2024-02-22,0.61805,0.62181,0.61757,0.61953,0.0
2024-02-23,0.61945,0.6211,0.61807,0.61975,0.0
2024-02-26,0.61983,0.61984,0.61628,0.6173,0.0
2024-02-27,0.61743,0.6178,0.61513,0.61701,0.0
2024-02-28,0.61693,0.61778,0.60821,0.60982,0.0
2024-02-29,0.60991,0.61121,0.60773,0.60869,0.0
2024-03-01,0.60832,0.61123,0.60789,0.61065,0.0
2024-03-04,0.61095,0.61115,0.60883,0.60945,0.0
2024-03-05,0.60905,0.611,0.60711,0.60867,0.0
2024-03-06,0.60882,0.61442,0.6069,0.61293,0.0
2024-03-07,0.61293,0.61761,0.61252,0.61738,0.0
2024-03-08,0.61733,0.62168,0.61615,0.61768,0.0
2024-03-11,0.6183,0.61851,0.61603,0.61698,0.0
2024-03-12,0.61698,0.61844,0.61357,0.61506,0.0
2024-03-13,0.61486,0.617,0.61453,0.61581,0.0
2024-03-14,0.61543,0.61752,0.61218,0.61306,0.0
2024-03-15,0.61308,0.61329,0.6081,0.60846,0.0
2024-03-18,0.60891,0.61003,0.60777,0.60855,0.0
2024-03-19,0.609,0.609,0.60342,0.60509,0.0
2024-03-20,0.60589,0.60853,0.60248,0.60815,0.0
2024-03-21,0.60818,0.61068,0.60383,0.60439,0.0
2024-03-22,0.6042,0.60519,0.59896,0.59924,0.0
2024-03-25,0.59988,0.6013,0.59861,0.60033,0.0
2024-03-26,0.60035,0.60309,0.59964,0.60043,0.0
2024-03-27,0.60042,0.60108,0.5988,0.6003,0.0
2024-03-28,0.60053,0.60061,0.59568,0.59734,0.0
2024-03-29,0.59734,0.59896,0.59677,0.59812,0.0
2024-04-01,0.59813,0.59927,0.59397,0.59533,0.0
2024-04-02,0.5954,0.59733,0.59436,0.59715,0.0
2024-04-03,0.59695,0.60113,0.59527,0.60099,0.0
2024-04-04,0.60123,0.60465,0.60029,0.60245,0.0
2024-04-05,0.60249,0.60312,0.59856,0.60129,0.0
2024-04-08,0.60107,0.60388,0.59999,0.60319,0.0
2024-04-09,0.60347,0.60768,0.60299,0.60598,0.0
2024-04-10,0.60528,0.60828,0.5966,0.59742,0.0
2024-04-11,0.59727,0.60148,0.59693,0.59962,0.0
2024-04-12,0.59949,0.60104,0.59339,0.59363,0.0
2024-04-15,0.5943,0.59536,0.58987,0.59038,0.0
2024-04-16,0.59021,0.59078,0.58685,0.58805,0.0
2024-04-17,0.58955,0.59253,0.58604,0.59164,0.0
2024-04-18,0.5914,0.59329,0.58985,0.59017,0.0
2024-04-19,0.59029,0.59064,0.58523,0.58878,0.0
2024-04-22,0.58863,0.59288,0.58847,0.59197,0.0
2024-04-23,0.5916,0.59482,0.59027,0.59321,0.0
2024-04-24,0.59403,0.59522,0.59206,0.59363,0.0
2024-04-25,0.59443,0.59707,0.59202,0.59482,0.0
2024-04-26,0.5948,0.59695,0.5929,0.59398,0.0
2024-04-29,0.59536,0.59846,0.59422,0.59779,0.0
2024-04-30,0.59747,0.59823,0.58862,0.58867,0.0
2024-05-01,0.58862,0.59399,0.58745,0.59304,0.0
2024-05-02,0.59131,0.5968,0.59131,0.59621,0.0
2024-05-03,0.59565,0.60449,0.59492,0.60108,0.0
2024-05-06,0.60176,0.6032,0.59956,0.60102,0.0
2024-05-07,0.6008,0.60249,0.59953,0.60023,0.0
2024-05-08,0.60017,0.6007,0.59813,0.60043,0.0
2024-05-09,0.60027,0.60352,0.59925,0.60349,0.0
2024-05-10,0.60281,0.60402,0.6009,0.60198,0.0
2024-05-13,0.60198,0.60311,0.60002,0.60171,0.0
2024-05-14,0.60165,0.60429,0.59943,0.60407,0.0
2024-05-15,0.60439,0.61245,0.60299,0.61223,0.0
2024-05-16,0.61266,0.61404,0.60956,0.61218,0.0
2024-05-17,0.61244,0.61395,0.61016,0.61343,0.0
2024-05-20,0.61339,0.61379,0.60966,0.61057,0.0
2024-05-21,0.61064,0.61148,0.60877,0.60915,0.0
2024-05-22,0.60908,0.61525,0.60831,0.60967,0.0
2024-05-23,0.60955,0.6134,0.60912,0.60995,0.0
2024-05-24,0.60988,0.61267,0.60876,0.61213,0.0
2024-05-27,0.61153,0.61538,0.61122,0.61498,0.0
2024-05-28,0.61487,0.61704,0.61375,0.61417,0.0
2024-05-29,0.61375,0.61545,0.61116,0.61152,0.0
2024-05-30,0.61195,0.61313,0.60889,0.61142,0.0
2024-05-31,0.61167,0.61658,0.61134,0.61438,0.0
2024-06-03,0.61365,0.61932,0.61338,0.61931,0.0
2024-06-04,0.6192,0.61981,0.61558,0.61773,0.0
2024-06-05,0.61787,0.61985,0.61687,0.61925,0.0
2024-06-06,0.61939,0.62152,0.61739,0.62009,0.0
2024-06-07,0.61975,0.62035,0.61016,0.61027,0.0
2024-06-10,0.61065,0.61285,0.60997,0.61283,0.0
2024-06-11,0.61268,0.61502,0.61179,0.61442,0.0
2024-06-12,0.6144,0.6222,0.61347,0.61853,0.0
2024-06-13,0.61848,0.6199,0.61602,0.61687,0.0
2024-06-14,0.6169,0.61734,0.61159,0.61423,0.0
2024-06-17,0.61338,0.61412,0.61048,0.6131,0.0
2024-06-18,0.61235,0.61485,0.60973,0.61444,0.0
2024-06-19,0.6144,0.61471,0.61283,0.61325,0.0
2024-06-20,0.61378,0.6148,0.61118,0.61204,0.0
2024-06-21,0.61193,0.61345,0.61093,0.61187,0.0
2024-06-24,0.6118,0.61404,0.61047,0.61248,0.0
2024-06-25,0.61239,0.61341,0.61078,0.61212,0.0
2024-06-26,0.61199,0.61281,0.60739,0.60827,0.0
2024-06-27,0.6082,0.61087,0.60689,0.60822,0.0
2024-06-28,0.60806,0.61051,0.60579,0.60913,0.0
2024-07-01,0.6101,0.61075,0.60653,0.6076,0.0
2024-07-02,0.6078,0.60827,0.60477,0.60782,0.0
2024-07-03,0.60767,0.61291,0.60698,0.61031,0.0
2024-07-04,0.61026,0.61228,0.61011,0.61167,0.0
2024-07-05,0.61219,0.61489,0.61064,0.61453,0.0
2024-07-08,0.61383,0.61538,0.61234,0.61256,0.0
2024-07-09,0.61248,0.6133,0.61123,0.61252,0.0
2024-07-10,0.6136,0.6138,0.60652,0.60815,0.0
2024-07-11,0.60841,0.61346,0.6079,0.60953,0.0
2024-07-12,0.61209,0.61261,0.60763,0.61188,0.0
2024-07-15,0.61078,0.61126,0.60724,0.60747,0.0
2024-07-16,0.60743,0.60822,0.60363,0.60502,0.0
2024-07-17,0.60478,0.60975,0.6044,0.60829,0.0
2024-07-18,0.60711,0.60845,0.60437,0.60451,0.0
2024-07-19,0.60393,0.60639,0.60053,0.60087,0.0
2024-07-22,0.60165,0.60279,0.59719,0.59786,0.0
2024-07-23,0.5978,0.59833,0.59508,0.59561,0.0
2024-07-24,0.59554,0.59663,0.59139,0.59302,0.0
2024-07-25,0.59295,0.59431,0.58835,0.58868,0.0
2024-07-26,0.58824,0.59056,0.58824,0.58879,0.0
2024-07-29,0.589,0.59007,0.58579,0.58758,0.0
2024-07-30,0.58748,0.59056,0.58663,0.59037,0.0
2024-07-31,0.59088,0.59619,0.58883,0.59512,0.0
2024-08-01,0.59613,0.59836,0.59379,0.59506,0.0
2024-08-02,0.595,0.59845,0.59306,0.59577,0.0
2024-08-05,0.59538,0.59714,0.58498,0.59398,0.0
2024-08-06,0.59376,0.59806,0.5913,0.59536,0.0
2024-08-07,0.59491,0.60254,0.59427,0.59946,0.0
2024-08-08,0.59931,0.60142,0.59773,0.60137,0.0
2024-08-09,0.59994,0.60351,0.59942,0.59987,0.0
2024-08-12,0.60026,0.60326,0.59895,0.60176,0.0
2024-08-13,0.60227,0.60816,0.60169,0.6078,0.0
2024-08-14,0.60509,0.60838,0.59949,0.59968,0.0
2024-08-15,0.6,0.60149,0.59745,0.59843,0.0
2024-08-16,0.59855,0.60557,0.59787,0.60535,0.0
2024-08-19,0.6045,0.61178,0.60436,0.61149,0.0
2024-08-20,0.61089,0.61574,0.61087,0.61554,0.0
2024-08-21,0.6154,0.61782,0.61326,0.6157,0.0
2024-08-22,0.61533,0.61719,0.61279,0.61406,0.0
2024-08-23,0.61355,0.62368,0.6129,0.62341,0.0
2024-08-26,0.6225,0.62331,0.61974,0.62051,0.0
2024-08-27,0.6204,0.62549,0.61945,0.6253,0.0
2024-08-28,0.62219,0.62544,0.62219,0.62449,0.0
2024-08-29,0.62443,0.6299,0.62402,0.62583,0.0
2024-08-30,0.62582,0.62744,0.623,0.6249,0.0
2024-09-02,0.62469,0.62535,0.62211,0.62311,0.0
2024-09-03,0.62313,0.62419,0.61801,0.61877,0.0
2024-09-04,0.61863,0.62169,0.61693,0.61998,0.0
2024-09-05,0.61969,0.62263,0.61783,0.62243,0.0
2024-09-06,0.62227,0.62542,0.6156,0.61748,0.0
2024-09-09,0.61748,0.61865,0.61245,0.61447,0.0
2024-09-10,0.61439,0.61653,0.6132,0.61493,0.0
2024-09-11,0.6151,0.61572,0.61065,0.61367,0.0
2024-09-12,0.61298,0.61848,0.61223,0.61839,0.0
2024-09-13,0.61518,0.61939,0.61518,0.61583,0.0
2024-09-16,0.61593,0.62019,0.61544,0.62012,0.0
2024-09-17,0.62051,0.6211,0.61761,0.61842,0.0
2024-09-18,0.61836,0.62677,0.61825,0.62083,0.0
2024-09-19,0.61993,0.62688,0.61819,0.62389,0.0
2024-09-20,0.6244,0.62601,0.621,0.62376,0.0
2024-09-23,0.62338,0.62802,0.62253,0.62664,0.0
2024-09-24,0.62684,0.6343,0.62592,0.63393,0.0
2024-09-25,0.63363,0.63558,0.62598,0.62623,0.0
2024-09-26,0.62976,0.63323,0.62525,0.63281,0.0
2024-09-27,0.6327,0.63674,0.62961,0.63407,0.0
2024-09-30,0.63358,0.63788,0.63329,0.635,0.0
2024-10-01,0.6352,0.6352,0.62649,0.62808,0.0
2024-10-02,0.62737,0.63134,0.62584,0.62625,0.0
2024-10-03,0.62799,0.62799,0.62103,0.62123,0.0
2024-10-04,0.62125,0.62195,0.61457,0.61584,0.0
2024-10-07,0.616,0.61738,0.61127,0.61243,0.0
2024-10-08,0.61173,0.6145,0.61084,0.61385,0.0
2024-10-09,0.61389,0.61485,0.60528,0.60642,0.0
2024-10-10,0.60668,0.60989,0.60581,0.6093,0.0
2024-10-11,0.60939,0.61198,0.60837,0.61099,0.0
2024-10-14,0.6095,0.61057,0.60699,0.60964,0.0
2024-10-15,0.6093,0.6106,0.60736,0.60852,0.0
2024-10-16,0.60778,0.6107,0.60397,0.6057,0.0
2024-10-17,0.60558,0.60758,0.60448,0.606,0.0
2024-10-18,0.60584,0.608,0.60533,0.6072,0.0
2024-10-21,0.60699,0.60843,0.60291,0.6031,0.0
2024-10-22,0.603,0.60611,0.60212,0.60436,0.0
2024-10-23,0.60474,0.60711,0.59912,0.6005,0.0
2024-10-24,0.5999,0.60322,0.5999,0.6015,0.0
2024-10-25,0.60139,0.60245,0.59743,0.59776,0.0
2024-10-28,0.59845,0.59976,0.5958,0.59807,0.0
2024-10-29,0.59814,0.59898,0.59535,0.59735,0.0
2024-10-30,0.59725,0.60017,0.59509,0.59733,0.0
2024-10-31,0.59732,0.59834,0.59401,0.59765,0.0
2024-11-01,0.59777,0.59993,0.59586,0.59629,0.0
2024-11-04,0.60003,0.60156,0.59708,0.59726,0.0
2024-11-05,0.59968,0.60142,0.59668,0.60065,0.0
2024-11-06,0.6011,0.60209,0.59121,0.59392,0.0
2024-11-07,0.59367,0.60377,0.59312,0.60255,0.0
2024-11-08,0.6024,0.6036,0.59476,0.59669,0.0
2024-11-11,0.59684,0.59778,0.59509,0.59639,0.0
2024-11-12,0.59688,0.59727,0.59098,0.59265,0.0
2024-11-13,0.59384,0.59476,0.58763,0.58803,0.0
2024-11-14,0.58799,0.58852,0.58397,0.58494,0.0
2024-11-15,0.58549,0.58809,0.58392,0.58643,0.0
2024-11-18,0.5868,0.5898,0.58364,0.58934,0.0
2024-11-19,0.58915,0.59133,0.58745,0.59126,0.0
2024-11-20,0.591,0.59221,0.5864,0.58767,0.0
2024-11-21,0.58768,0.5886,0.58498,0.58589,0.0
2024-11-22,0.58593,0.58608,0.58166,0.58331,0.0
2024-11-25,0.58548,0.58694,0.58358,0.58459,0.0
2024-11-26,0.58441,0.58659,0.57971,0.5834,0.0
2024-11-27,0.58347,0.59083,0.58274,0.58947,0.0
2024-11-28,0.58829,0.59052,0.58806,0.58887,0.0
2024-11-29,0.58743,0.59292,0.58743,0.59143,0.0
2024-12-02,0.59135,0.59177,0.58639,0.5888,0.0
2024-12-03,0.58613,0.59051,0.58604,0.58811,0.0
2024-12-04,0.58775,0.58849,0.58293,0.58506,0.0
2024-12-05,0.58501,0.58879,0.58485,0.58864,0.0
2024-12-06,0.58864,0.58895,0.58214,0.58306,0.0
2024-12-09,0.58408,0.58882,0.58044,0.58654,0.0
2024-12-10,0.58648,0.58685,0.57915,0.57994,0.0
2024-12-11,0.57957,0.58085,0.57615,0.57837,0.0
2024-12-12,0.57914,0.58177,0.57625,0.57685,0.0
2024-12-13,0.5767,0.57785,0.5754,0.57616,0.0
2024-12-16,0.57615,0.57865,0.57592,0.57814,0.0
2024-12-17,0.5781,0.5793,0.57502,0.57537,0.0
2024-12-18,0.57534,0.57621,0.56199,0.56228,0.0
2024-12-19,0.56225,0.56623,0.56083,0.56307,0.0
2024-12-20,0.56286,0.56725,0.5613,0.56543,0.0
2024-12-23,0.566,0.5663,0.56319,0.56499,0.0
2024-12-24,0.56665,0.56666,0.56338,0.5653,0.0
2024-12-25,0.565,0.57587,0.5627,0.56536,0.0
2024-12-26,0.56525,0.5661,0.56214,0.56242,0.0
2024-12-27,0.56099,0.56444,0.56099,0.56323,0.0
2024-12-30,0.56328,0.56646,0.56255,0.56394,0.0
2024-12-31,0.56395,0.56582,0.55879,0.56551,0.0
2025-01-01,0.56542,0.56645,0.5592,0.5598,0.0
2025-01-02,0.55935,0.56246,0.5587,0.55947,0.0
2025-01-03,0.55908,0.56146,0.55894,0.56127,0.0
2025-01-06,0.5616,0.56847,0.56096,0.56429,0.0
2025-01-07,0.56493,0.56929,0.56325,0.56344,0.0
2025-01-08,0.56344,0.56419,0.55897,0.56096,0.0
2025-01-09,0.56065,0.56127,0.55722,0.55997,0.0
2025-01-10,0.55986,0.56026,0.55431,0.55557,0.0
2025-01-13,0.5559,0.55836,0.55415,0.55833,0.0
2025-01-14,0.55833,0.56314,0.55766,0.56047,0.0
2025-01-15,0.55989,0.5651,0.55965,0.56166,0.0
2025-01-16,0.56145,0.56331,0.55824,0.56075,0.0
2025-01-17,0.56062,0.56155,0.55633,0.55832,0.0
2025-01-20,0.55932,0.56846,0.55793,0.56713,0.0
2025-01-21,0.56719,0.56893,0.56169,0.56793,0.0
2025-01-22,0.56771,0.56879,0.56492,0.56664,0.0
2025-01-23,0.56726,0.56857,0.56468,0.56747,0.0
2025-01-24,0.56683,0.57236,0.56683,0.57111,0.0
2025-01-27,0.57013,0.57053,0.56768,0.56938,0.0
2025-01-28,0.56916,0.56975,0.56482,0.56681,0.0
2025-01-29,0.5668,0.56704,0.56343,0.56587,0.0
2025-01-30,0.56399,0.56678,0.56227,0.5635,0.0
2025-01-31,0.56284,0.56842,0.56241,0.56376,0.0
2025-02-03,0.55869,0.56406,0.55164,0.56282,0.0
2025-02-04,0.56294,0.56551,0.5582,0.56518,0.0
2025-02-05,0.56493,0.57026,0.5646,0.56866,0.0
2025-02-06,0.56912,0.56913,0.56518,0.56742,0.0
2025-02-07,0.56782,0.569,0.5641,0.56609,0.0
2025-02-10,0.56374,0.56641,0.56357,0.56427,0.0
2025-02-11,0.56568,0.5661,0.56288,0.56548,0.0
2025-02-12,0.5673,0.5673,0.56007,0.56413,0.0
2025-02-13,0.56496,0.56796,0.5623,0.56784,0.0
2025-02-14,0.56773,0.57385,0.56538,0.57325,0.0
2025-02-17,0.57205,0.57501,0.57191,0.57363,0.0
2025-02-18,0.57366,0.57386,0.56941,0.57049,0.0
2025-02-19,0.56979,0.57321,0.5678,0.57046,0.0
2025-02-20,0.57119,0.57676,0.56939,0.57615,0.0
2025-02-21,0.57639,0.57727,0.57352,0.57408,0.0
2025-02-24,0.57434,0.577,0.57295,0.57316,0.0
2025-02-25,0.57316,0.57387,0.57065,0.57249,0.0
2025-02-26,0.5731,0.57329,0.56885,0.5697,0.0
2025-02-27,0.56955,0.57013,0.56293,0.56314,0.0
2025-02-28,0.56441,0.56441,0.55855,0.55986,0.0
2025-03-03,0.56015,0.56406,0.55936,0.5616,0.0
2025-03-04,0.56103,0.56656,0.55958,0.56646,0.0
2025-03-05,0.56649,0.57322,0.56378,0.57254,0.0
2025-03-06,0.57264,0.57596,0.57201,0.5736,0.0
2025-03-07,0.57353,0.57414,0.56923,0.57104,0.0
2025-03-10,0.57183,0.57427,0.56905,0.56991,0.0
2025-03-11,0.56984,0.57269,0.56778,0.57163,0.0
2025-03-12,0.5716,0.57343,0.56979,0.57289,0.0
2025-03-13,0.573,0.5742,0.56826,0.56959,0.0
2025-03-14,0.56988,0.57558,0.56936,0.57493,0.0
2025-03-17,0.57458,0.58261,0.57448,0.58192,0.0
2025-03-18,0.58205,0.58312,0.57979,0.58198,0.0
2025-03-19,0.58198,0.58204,0.57757,0.58149,0.0
2025-03-20,0.58147,0.58268,0.57231,0.57582,0.0
2025-03-21,0.57578,0.57675,0.57246,0.57328,0.0
2025-03-24,0.57336,0.57497,0.57098,0.57284,0.0
2025-03-25,0.57288,0.57506,0.5704,0.57322,0.0
2025-03-26,0.57336,0.57627,0.57143,0.57272,0.0
2025-03-27,0.57288,0.57557,0.57119,0.57397,0.0
2025-03-28,0.57408,0.5746,0.57113,0.57162,0.0
2025-03-31,0.57178,0.57225,0.56487,0.56784,0.0
2025-04-01,0.56781,0.57047,0.56629,0.57008,0.0
2025-04-02,0.5704,0.5779,0.56975,0.57456,0.0
2025-04-03,0.57352,0.58533,0.56817,0.57941,0.0
2025-04-04,0.57895,0.5798,0.55518,0.55984,0.0
2025-04-07,0.55776,0.56456,0.55066,0.55424,0.0
2025-04-08,0.55499,0.56264,0.55208,0.55338,0.0
2025-04-09,0.5534,0.56684,0.54855,0.56444,0.0
2025-04-10,0.56421,0.5766,0.5628,0.57402,0.0
2025-04-11,0.57386,0.58396,0.57266,0.58263,0.0
2025-04-14,0.58213,0.58916,0.58213,0.58774,0.0
2025-04-15,0.5864,0.59439,0.5861,0.58989,0.0
2025-04-16,0.59113,0.59373,0.58863,0.5934,0.0
2025-04-17,0.59329,0.59783,0.59003,0.59718,0.0
2025-04-18,0.59453,0.59768,0.59216,0.59388,0.0
2025-04-21,0.59302,0.60194,0.59278,0.60008,0.0
2025-04-22,0.59863,0.60291,0.59629,0.59639,0.0
2025-04-23,0.59623,0.60137,0.59371,0.59464,0.0
2025-04-24,0.59531,0.60006,0.59416,0.59979,0.0
2025-04-25,0.59849,0.60012,0.59488,0.59617,0.0
2025-04-28,0.59573,0.59823,0.59285,0.59793,0.0
2025-04-29,0.59789,0.59867,0.59268,0.59297,0.0
2025-04-30,0.59441,0.59497,0.58985,0.59336,0.0
2025-05-01,0.59328,0.59513,0.58936,0.5906,0.0
2025-05-02,0.59057,0.59776,0.59036,0.59493,0.0
2025-05-05,0.59483,0.59959,0.59413,0.59674,0.0
2025-05-06,0.5968,0.60133,0.5944,0.60077,0.0
2025-05-07,0.60155,0.60229,0.59349,0.59412,0.0
2025-05-08,0.59493,0.59748,0.59009,0.59059,0.0
2025-05-09,0.5904,0.59206,0.5871,0.59107,0.0
2025-05-12,0.59243,0.59412,0.58468,0.58554,0.0
2025-05-13,0.58544,0.59425,0.58471,0.59378,0.0
2025-05-14,0.59367,0.5969,0.58933,0.58983,0.0
2025-05-15,0.58993,0.59161,0.58605,0.58778,0.0
2025-05-16,0.58755,0.59181,0.58653,0.5881,0.0
2025-05-19,0.58833,0.59327,0.58772,0.59309,0.0
2025-05-20,0.59283,0.59334,0.58944,0.59257,0.0
2025-05-21,0.5928,0.5968,0.5913,0.59398,0.0
2025-05-22,0.59425,0.59481,0.58945,0.58987,0.0
2025-05-23,0.58936,0.59899,0.58933,0.59868,0.0
2025-05-26,0.59869,0.60318,0.59816,0.60009,0.0
2025-05-27,0.60105,0.60105,0.59405,0.59479,0.0
2025-05-28,0.59646,0.59797,0.59239,0.59675,0.0
2025-05-29,0.59681,0.59924,0.59254,0.59686,0.0
2025-05-30,0.5987,0.59978,0.59474,0.5965,0.0
2025-06-02,0.59639,0.60438,0.59622,0.60375,0.0
2025-06-03,0.60332,0.60547,0.59876,0.59977,0.0
2025-06-04,0.60032,0.60394,0.5992,0.60268,0.0
2025-06-05,0.60325,0.60805,0.60253,0.6036,0.0
2025-06-06,0.6035,0.60504,0.60066,0.60162,0.0
2025-06-09,0.60182,0.60655,0.60139,0.60478,0.0
2025-06-10,0.60471,0.60588,0.60281,0.60518,0.0
2025-06-11,0.60535,0.60659,0.60236,0.60279,0.0
2025-06-12,0.6031,0.60714,0.60056,0.60686,0.0
2025-06-13,0.60696,0.60698,0.59952,0.60174,0.0
2025-06-16,0.6008,0.60878,0.60033,0.60614,0.0
2025-06-17,0.60605,0.60797,0.60101,0.60148,0.0
2025-06-18,0.60336,0.60571,0.60097,0.60288,0.0
2025-06-19,0.60381,0.604,0.59592,0.59939,0.0
2025-06-20,0.59812,0.60093,0.59623,0.59664,0.0
2025-06-23,0.5948,0.59808,0.58832,0.59771,0.0
2025-06-24,0.5985,0.60414,0.59616,0.60078,0.0
2025-06-25,0.60045,0.60425,0.60045,0.60391,0.0
2025-06-26,0.60383,0.60749,0.60294,0.60571,0.0
2025-06-27,0.60529,0.60783,0.60373,0.60558,0.0
2025-06-30,0.60529,0.6099,0.60528,0.60978,0.0
2025-07-01,0.60967,0.61205,0.60757,0.60984,0.0
2025-07-02,0.60933,0.61062,0.60502,0.6089,0.0
2025-07-03,0.60923,0.60988,0.60303,0.60704,0.0
2025-07-04,0.60705,0.60823,0.60503,0.60618,0.0
2025-07-07,0.60617,0.6063,0.59887,0.59939,0.0
2025-07-08,0.60002,0.60348,0.59795,0.59968,0.0
2025-07-09,0.59968,0.60143,0.59762,0.59997,0.0
2025-07-10,0.60007,0.60363,0.59966,0.60349,0.0
2025-07-11,0.6035,0.60435,0.6001,0.60071,0.0
2025-07-14,0.60015,0.60147,0.59687,0.59731,0.0
2025-07-15,0.59712,0.60061,0.59388,0.59455,0.0
2025-07-16,0.59464,0.59699,0.59127,0.5948,0.0
2025-07-17,0.59465,0.59569,0.59054,0.59306,0.0
2025-07-18,0.59313,0.59912,0.59176,0.59617,0.0
2025-07-21,0.5972,0.5985,0.59388,0.59688,0.0
2025-07-22,0.59819,0.60044,0.59407,0.60016,0.0
2025-07-23,0.59775,0.60477,0.59553,0.60456,0.0
2025-07-24,0.60456,0.60594,0.60264,0.60301,0.0
2025-07-25,0.60285,0.6045,0.59981,0.60172,0.0
2025-07-28,0.60148,0.60328,0.59667,0.59701,0.0
2025-07-29,0.597,0.59816,0.59427,0.59545,0.0
2025-07-30,0.59518,0.59716,0.58889,0.58957,0.0
2025-07-31,0.59043,0.59372,0.58883,0.5889,0.0
2025-08-01,0.59092,0.59289,0.58566,0.59152,0.0
2025-08-04,0.59105,0.59305,0.58991,0.59087,0.0
2025-08-05,0.59042,0.59227,0.58815,0.59015,0.0
2025-08-06,0.59053,0.59414,0.58908,0.59295,0.0
2025-08-07,0.59288,0.59675,0.5923,0.59611,0.0
2025-08-08,0.59387,0.5972,0.59387,0.59543,0.0
2025-08-11,0.59585,0.5962,0.5925,0.59392,0.0
2025-08-12,0.59392,0.5966,0.59131,0.5955,0.0
2025-08-13,0.5955,0.59959,0.5945,0.59762,0.0
2025-08-14,0.59725,0.59912,0.59088,0.59199,0.0
2025-08-15,0.59163,0.59392,0.59077,0.59227,0.0
2025-08-18,0.59248,0.59427,0.59098,0.5923,0.0
2025-08-19,0.5922,0.5931,0.58912,0.58933,0.0
2025-08-20,0.58937,0.59106,0.5815,0.58239,0.0
2025-08-21,0.58225,0.58329,0.58107,0.58192,0.0
2025-08-22,0.58165,0.58763,0.58001,0.5868,0.0
2025-08-25,0.58693,0.58806,0.58459,0.58499,0.0
2025-08-26,0.5879,0.58823,0.58288,0.586,0.0
2025-08-27,0.58395,0.58652,0.58001,0.58589,0.0
2025-08-28,0.58368,0.5892,0.58296,0.58858,0.0
2025-08-29,0.58837,0.5906,0.58801,0.58943,0.0
2025-09-01,0.58908,0.59146,0.58894,0.59033,0.0
2025-09-02,0.59074,0.59124,0.5838,0.58669,0.0
2025-09-03,0.58668,0.58837,0.58415,0.5879,0.0
2025-09-04,0.58772,0.58898,0.5833,0.58465,0.0
2025-09-05,0.58474,0.59178,0.58354,0.58932,0.0
2025-09-08,0.58948,0.59457,0.58826,0.59402,0.0
2025-09-09,0.59398,0.59596,0.59229,0.59262,0.0
2025-09-10,0.59238,0.5964,0.59214,0.59396,0.0
2025-09-11,0.59494,0.59802,0.59149,0.5978,0.0
2025-09-12,0.59484,0.59789,0.59401,0.59573,0.0
2025-09-15,0.59508,0.59749,0.59479,0.59708,0.0
2025-09-16,0.59525,0.5991,0.59415,0.59878,0.0
2025-09-17,0.59873,0.60072,0.59488,0.59628,0.0
2025-09-18,0.59633,0.5976,0.58724,0.58832,0.0
2025-09-19,0.5898,0.5899,0.58538,0.58571,0.0
2025-09-22,0.58678,0.58716,0.58428,0.58685,0.0
2025-09-23,0.58483,0.58706,0.58454,0.58585,0.0
2025-09-24,0.58565,0.58663,0.58084,0.58142,0.0
2025-09-25,0.5816,0.58499,0.57588,0.57671,0.0
2025-09-26,0.5768,0.5783,0.57545,0.57727,0.0
2025-09-29,0.57795,0.57961,0.57706,0.57774,0.0
2025-09-30,0.57955,0.58078,0.57727,0.57938,0.0
2025-10-01,0.58085,0.58313,0.57864,0.58162,0.0
2025-10-02,0.58163,0.58432,0.57967,0.58172,0.0
2025-10-03,0.5818,0.58385,0.58128,0.58314,0.0
2025-10-06,0.58185,0.58452,0.58105,0.58421,0.0
2025-10-07,0.58161,0.58424,0.57941,0.57991,0.0
2025-10-08,0.57992,0.5802,0.57372,0.57867,0.0
2025-10-09,0.578,0.58065,0.57341,0.57448,0.0
2025-10-10,0.57453,0.57648,0.57163,0.57231,0.0
2025-10-13,0.5743,0.57513,0.5719,0.57257,0.0
2025-10-14,0.57272,0.57363,0.56828,0.57147,0.0
2025-10-15,0.5715,0.57319,0.57057,0.57239,0.0
2025-10-16,0.57237,0.57555,0.57116,0.57254,0.0
2025-10-17,0.5724,0.5743,0.5712,0.57251,0.0
2025-10-20,0.57356,0.57532,0.57205,0.57438,0.0
2025-10-21,0.57428,0.57521,0.57101,0.57413,0.0
2025-10-22,0.57421,0.5761,0.57336,0.57396,0.0
2025-10-23,0.574,0.57553,0.57246,0.57528,0.0
2025-10-24,0.575,0.57677,0.57384,0.57474,0.0
2025-10-27,0.57786,0.57791,0.57519,0.57713,0.0
2025-10-28,0.577,0.57896,0.57589,0.57805,0.0
2025-10-29,0.5781,0.58016,0.57491,0.57633,0.0
2025-10-30,0.57641,0.57883,0.5726,0.57425,0.0
2025-10-31,0.5743,0.5745,0.5714,0.57252,0.0
2025-11-03,0.5723,0.57301,0.56925,0.57073,0.0
2025-11-04,0.57065,0.57115,0.56357,0.56389,0.0
2025-11-05,0.56441,0.56654,0.56307,0.56632,0.0
2025-11-06,0.5659,0.56702,0.56261,0.56345,0.0
2025-11-07,0.56351,0.56408,0.56064,0.56261,0.0
2025-11-10,0.56305,0.56505,0.56208,0.56448,0.0
2025-11-11,0.5646,0.5669,0.56315,0.56541,0.0
2025-11-12,0.56543,0.56707,0.56456,0.56652,0.0
2025-11-13,0.567,0.56826,0.56346,0.56543,0.0
2025-11-14,0.56465,0.56915,0.56432,0.56803,0.0
2025-11-17,0.5679,0.56891,0.5649,0.56575,0.0
2025-11-18,0.5659,0.56751,0.56385,0.56572,0.0
2025-11-19,0.56601,0.5662,0.55901,0.56031,0.0
2025-11-20,0.5603,0.56387,0.55828,0.55833,0.0
2025-11-21,0.55836,0.56158,0.55804,0.56124,0.0
2025-11-24,0.56115,0.5616,0.55956,0.56098,0.0
2025-11-25,0.56118,0.56287,0.55913,0.56215,0.0
2025-11-26,0.56208,0.57019,0.56091,0.5698,0.0
2025-11-27,0.5702,0.5732,0.56882,0.57287,0.0
2025-11-28,0.5718,0.57438,0.57043,0.57343,0.0
2025-12-01,0.57275,0.57518,0.57247,0.57287,0.0
2025-12-02,0.57256,0.57447,0.57111,0.57359,0.0
2025-12-03,0.57375,0.57778,0.57328,0.57742,0.0
2025-12-04,0.57726,0.5779,0.57583,0.57615,0.0
2025-12-05,0.57604,0.5787,0.57578,0.57756,0.0
2025-12-08,0.57798,0.57928,0.57589,0.57758,0.0
2025-12-09,0.57769,0.5795,0.57674,0.57814,0.0
2025-12-10,0.57838,0.58246,0.57613,0.58162,0.0
2025-12-11,0.58158,0.58314,0.57882,0.58078,0.0
2025-12-12,0.5807,0.58207,0.57878,0.5805,0.0
2025-12-15,0.57965,0.58087,0.57654,0.57831,0.0
2025-12-16,0.57808,0.58072,0.57582,0.57833,0.0
2025-12-17,0.5781,0.57943,0.57673,0.5774,0.0
2025-12-18,0.57743,0.57876,0.57546,0.57756,0.0
2025-12-19,0.57758,0.57837,0.57361,0.57575,0.0
2025-12-22,0.57535,0.58015,0.57426,0.57974,0.0
2025-12-23,0.57938,0.58434,0.57846,0.58422,0.0
2025-12-24,0.58247,0.58535,0.58244,0.58353,0.0
2025-12-25,0.5841,0.5851,0.5839,0.585,0.0
2025-12-26,0.58399,0.585,0.5818,0.58317,0.0
2025-12-29,0.58273,0.58335,0.579,0.58039,0.0
2025-12-30,0.58045,0.58198,0.57887,0.57935,0.0
2025-12-31,0.5792,0.57928,0.57401,0.57538,0.0
2026-01-01,0.57535,0.5763,0.5747,0.576,0.0
2026-01-02,0.576,0.5778,0.57514,0.57694,0.0
2026-01-05,0.57584,0.5792,0.57402,0.57892,0.0
2026-01-06,0.57869,0.58105,0.57689,0.57844,0.0
2026-01-07,0.5786,0.58026,0.57697,0.57729,0.0
2026-01-08,0.57785,0.57819,0.57375,0.57514,0.0
2026-01-09,0.5755,0.5755,0.57112,0.57318,0.0
2026-01-12,0.57285,0.5775,0.57263,0.57716,0.0
2026-01-13,0.57716,0.57826,0.57351,0.57369,0.0
2026-01-14,0.5738,0.57561,0.57305,0.57483,0.0
2026-01-15,0.57505,0.57562,0.57257,0.5743,0.0
2026-01-16,0.57427,0.57676,0.57396,0.57514,0.0
2026-01-19,0.5744,0.58033,0.57417,0.57985,0.0
2026-01-20,0.5797,0.58514,0.57889,0.58336,0.0
2026-01-21,0.58306,0.5866,0.58209,0.58448,0.0
2026-01-22,0.58395,0.59286,0.58336,0.5927,0.0
2026-01-23,0.59258,0.59514,0.58914,0.59482,0.0
2026-01-26,0.5948,0.59991,0.5947,0.59738,0.0
2026-01-27,0.59735,0.60508,0.59552,0.60452,0.0
2026-01-28,0.60441,0.60622,0.6008,0.60604,0.0
2026-01-29,0.60595,0.60928,0.60228,0.608,0.0
2026-01-30,0.60772,0.60839,0.60099,0.60208,0.0
2026-02-02,0.60145,0.60337,0.59905,0.59991,0.0
2026-02-03,0.59977,0.60636,0.59892,0.60465,0.0
2026-02-04,0.6042,0.60598,0.59876,0.60028,0.0
2026-02-05,0.59998,0.60173,0.59481,0.59498,0.0
2026-02-06,0.5949,0.60271,0.59283,0.60161,0.0
2026-02-09,0.6014,0.60599,0.59973,0.60559,0.0
2026-02-10,0.60568,0.60615,0.60315,0.60434,0.0
2026-02-11,0.6039,0.60734,0.60236,0.60485,0.0
2026-02-12,0.6047,0.60761,0.60201,0.60357,0.0
2026-02-13,0.60318,0.60508,0.60145,0.60402,0.0
2026-02-16,0.6033,0.60483,0.60235,0.60333,0.0
2026-02-17,0.60322,0.60509,0.60045,0.60498,0.0
2026-02-18,0.6048,0.60533,0.59615,0.59656,0.0
2026-02-19,0.59651,0.59905,0.59459,0.59726,0.0
2026-02-20,0.5976,0.59851,0.59381,0.59758,0.0
2026-02-23,0.5977,0.60037,0.59516,0.59556,0.0
2026-02-24,0.5961,0.59741,0.59424,0.59662,0.0
2026-02-25,0.59632,0.60026,0.59573,0.60008,0.0
2026-02-26,0.59987,0.60131,0.59574,0.59802,0.0
2026-02-27,0.59799,0.60047,0.59694,0.59974,0.0
2026-03-02,0.59509,0.59948,0.59163,0.59413,0.0
2026-03-03,0.59395,0.59557,0.58361,0.58884,0.0
2026-03-04,0.58914,0.59428,0.58612,0.59409,0.0
2026-03-05,0.5941,0.59487,0.5873,0.58961,0.0
2026-03-06,0.59106,0.59157,0.58576,0.5901,0.0
2026-03-09,0.5866,0.5936,0.58487,0.59338,0.0
2026-03-10,0.59338,0.5965,0.5907,0.59294,0.0
2026-03-11,0.59288,0.595,0.59051,0.59134,0.0
2026-03-12,0.59139,0.59278,0.585,0.5855,0.0
2026-03-13,0.58556,0.5863,0.57688,0.57765,0.0
2026-03-16,0.5791,0.58689,0.57785,0.58608,0.0
2026-03-17,0.5861,0.587,0.5816,0.5859,0.0
2026-03-18,0.58578,0.5874,0.57887,0.57963,0.0
2026-03-19,0.57968,0.58924,0.5784,0.58742,0.0
2026-03-20,0.5874,0.5893,0.5817,0.5836,0.0
2026-03-23,0.58194,0.58874,0.5762,0.58583,0.0
2026-03-24,0.58586,0.58746,0.57937,0.58364,0.0
2026-03-25,0.5836,0.5845,0.5803,0.58064,0.0
2026-03-26,0.58064,0.58219,0.575,0.576,0.0
2026-03-27,0.57611,0.57796,0.5737,0.57493,0.0
2026-03-30,0.5751,0.5751,0.5699,0.5721,0.0
2026-03-31,0.572,0.575,0.5698,0.5746,0.0
2026-04-01,0.5748,0.5778,0.573,0.5752,0.0
2026-04-02,0.5753,0.57599,0.5699,0.57169,0.0
2026-04-03,0.57159,0.57293,0.5683,0.5692,0.0
2026-04-06,0.5693,0.57297,0.56814,0.5712,0.0
2026-04-07,0.5713,0.5734,0.5689,0.5732,0.0
2026-04-08,0.5733,0.58594,0.57143,0.5821,0.0
2026-04-09,0.5822,0.5875,0.5816,0.586,0.0
2026-04-10,0.58597,0.587,0.5832,0.5838,0.0
2026-04-13,0.58,0.5874,0.57944,0.58672,0.0
2026-04-14,0.58681,0.592,0.5856,0.59014,0.0
2026-04-15,0.58997,0.592,0.5891,0.5914,0.0
2026-04-16,0.5911,0.5923,0.5881,0.589,0.0
2026-04-17,0.5891,0.593,0.5879,0.5883,0.0
2026-04-20,0.5859,0.58956,0.5849,0.5892,0.0
2026-04-21,0.5891,0.5922,0.5872,0.58938,0.0
2026-04-22,0.5893,0.5924,0.58829,0.5904,0.0
2026-04-23,0.5903,0.59202,0.584,0.58534,0.0
2026-04-24,0.5855,0.5884,0.5839,0.5881,0.0
2026-04-27,0.58673,0.59241,0.5859,0.5909,0.0
2026-04-28,0.59073,0.5919,0.58659,0.5884,0.0
2026-04-29,0.5883,0.58996,0.5815,0.5829,0.0
2026-04-30,0.5828,0.5911,0.58205,0.591,0.0
2026-05-01,0.5908,0.5925,0.5886,0.5899,0.0
2026-05-04,0.5899,0.5927,0.586,0.5872,0.0
2026-05-05,0.5873,0.5906,0.5856,0.58865,0.0
2026-05-06,0.5889,0.59913,0.58715,0.5955,0.0
2026-05-07,0.59599,0.5984,0.5936,0.5937,0.0
2026-05-08,0.5939,0.597,0.593,0.5967,0.0
2026-05-11,0.59385,0.597,0.59365,0.59636,0.0
2026-05-12,0.5962,0.597,0.5933,0.5952,0.0
2026-05-13,0.5951,0.5967,0.592,0.59362,0.0
2026-05-14,0.5936,0.5943,0.5908,0.59111,0.0
2026-05-15,0.5911,0.59261,0.5835,0.5839,0.0
2026-05-18,0.58458,0.58825,0.58232,0.58738,0.0
2026-05-19,0.58753,0.588,0.5817,0.5834,0.0
2026-05-20,0.5836,0.58883,0.5815,0.58702,0.0
2026-05-21,0.5868,0.58882,0.58467,0.58745,0.0
2026-05-22,0.58741,0.5885,0.58447,0.58495,0.0
2026-05-25,0.58795,0.5882,0.5862,0.5872,0.0
2026-05-26,0.58721,0.58757,0.5831,0.5835,0.0
2026-05-27,0.58371,0.59121,0.5835,0.59009,0.0
2026-05-28,0.5903,0.5936,0.5864,0.59342,0.0
2026-05-29,0.59335,0.59943,0.5927,0.5988,0.0
2026-06-01,0.5972,0.59898,0.5911,0.59323,0.0
2026-06-02,0.594,0.59499,0.5918,0.59263,0.0
2026-06-03,0.59305,0.5936,0.5857,0.58648,0.0
2026-06-04,0.5864,0.5888,0.58563,0.58674,0.0
2026-06-05,0.5867,0.5885,0.5789,0.5795,0.0
2026-06-08,0.57845,0.58371,0.57823,0.58082,0.0
2026-06-09,0.5808,0.5849,0.5798,0.58162,0.0
2026-06-10,0.58163,0.5833,0.5794,0.57951,0.0
2026-06-11,0.5796,0.5845,0.5769,0.58362,0.0
2026-06-12,0.58358,0.58497,0.5811,0.5833,0.0
2026-06-15,0.5828,0.58644,0.5819,0.58226,0.0
2026-06-16,0.58228,0.5845,0.57948,0.58312,0.0
2026-06-17,0.583,0.58365,0.57525,0.57713,0.0
2026-06-18,0.57711,0.58,0.5748,0.5754,0.0
2026-06-19,0.5755,0.57745,0.5722,0.57378,0.0
2026-06-22,0.57343,0.5741,0.5708,0.57124,0.0
2026-06-23,0.57122,0.57299,0.5662,0.56702,0.0
2026-06-24,0.56687,0.56863,0.563,0.56489,0.0
2026-06-25,0.56494,0.56685,0.56321,0.5648,0.0
2026-06-26,0.56516,0.56646,0.5626,0.56396,0.0
2026-06-29,0.56493,0.5659,0.5631,0.56491,0.0
2026-06-30,0.5649,0.56906,0.564,0.5678,0.0
2026-07-01,0.56817,0.569,0.56578,0.5671,0.0
2026-07-02,0.5671,0.57171,0.5666,0.56972,0.0
2026-07-03,0.56971,0.5728,0.5689,0.57105,0.0
2026-07-06,0.57105,0.57133,0.5676,0.5702,0.0
2026-07-07,0.57005,0.5708,0.5672,0.56778,0.0
2026-07-08,0.56777,0.5721,0.56719,0.56991,0.0
2026-07-09,0.5698,0.5764,0.56847,0.57553,0.0
2026-07-10,0.57546,0.5794,0.57459,0.57614,0.0
2026-07-13,0.57616,0.5789,0.5743,0.575,0.0
2026-07-14,0.57491,0.58417,0.5744,0.58168,0.0
2026-07-15,0.58139,0.5864,0.5805,0.58489,0.0
2026-07-16,0.58479,0.5859,0.58262,0.58433,0.0
2026-07-17,0.5842,0.585,0.5825,0.58428,0.0
2026-07-20,0.58333,0.5864,0.58257,0.58386,0.0
2026-07-21,0.58367,0.5874,0.58226,0.5825,0.0
2026-07-22,0.5827,0.58355,0.58108,0.5816,0.0
2026-07-23,0.5818,0.5824,0.5762,0.57722,0.0
2026-07-24,0.5773,0.5803,0.57657,0.5788,0.0
2026-07-27,0.58034,0.5811,0.5771,0.5773,0.0
2026-07-28,0.5775,0.5799,0.5761,0.5787,0.0
2026-07-29,0.57868,0.5827,0.5762,0.57961,0.0
2026-07-30,0.57958,0.5885,0.5787,0.588,0.0
2026-07-31,0.58799,0.5896,0.5849,0.58755,0.0
2026-08-03,0.5901,0.59084,0.5859,0.5872,0.0
2026-08-04,0.58692,0.5897,0.5861,0.58945,0.0
2026-08-05,0.5893,0.58985,0.5859,0.5887,0.0
2026-08-06,0.5888,0.5896,0.586,0.5869,0.0
2026-08-07,0.587,0.59062,0.5862,0.5895,0.0
2026-08-10,0.5894,0.5901,0.5878,0.5882,0.0
2026-08-11,0.58818,0.58961,0.5868,0.588,0.0
2026-08-12,0.5881,0.5886,0.5854,0.5859,0.0
2026-08-13,0.5858,0.58685,0.58215,0.5851,0.0
2026-08-14,0.5851,0.5899,0.5845,0.5892,0.0
2026-08-17,0.5892,0.59262,0.58854,0.59021,0.0
2026-08-18,0.5902,0.59115,0.587,0.5876,0.0
2026-08-19,0.58781,0.5939,0.586,0.59348,0.0
2026-08-20,0.5936,0.5965,0.5922,0.59434,0.0
2026-08-21,0.5943,0.5989,0.5938,0.5976,0.0
2026-08-24,0.59735,0.5983,0.595,0.59596,0.0
2026-08-25,0.59601,0.5983,0.5945,0.59755,0.0
2026-08-26,0.59766,0.59816,0.5932,0.59444,0.0
2026-08-27,0.59493,0.5958,0.5936,0.59507,0.0
2026-08-28,0.595,0.5967,0.5905,0.5912,0.0
2026-08-31,0.5924,0.59301,0.5901,0.59164,0.0
2026-09-01,0.5917,0.593,0.5887,0.5893,0.0
2026-09-02,0.58913,0.59003,0.5802,0.58543,0.0
2026-09-03,0.58511,0.5893,0.58265,0.588,0.0
2026-09-04,0.5881,0.5903,0.58584,0.5881,0.0
2026-09-07,0.5879,0.5889,0.5866,0.5877,0.0
2026-09-08,0.5878,0.58878,0.5836,0.5853,0.0
2026-09-09,0.5854,0.5866,0.583,0.5839,0.0
2026-09-10,0.584,0.5858,0.5793,0.5799,0.0
2026-09-11,0.5798,0.58351,0.57954,0.5814,0.0
2026-09-14,0.58158,0.58191,0.5757,0.57795,0.0
2026-09-15,0.57782,0.5785,0.575,0.5757,0.0
2026-09-16,0.5758,0.57731,0.57035,0.5712,0.0
2026-09-17,0.5715,0.5752,0.57089,0.5731,0.0
2026-09-18,0.5733,0.5743,0.5705,0.57227,0.0
2026-09-21,0.5722,0.5739,0.5712,0.5715,0.0
2026-09-22,0.57152,0.5749,0.5694,0.57282,0.0
2026-09-23,0.5727,0.5733,0.56607,0.56735,0.0
2026-09-24,0.56736,0.56863,0.5649,0.56629,0.0
2026-09-25,0.5662,0.56775,0.5649,0.5665,0.0
2026-09-28,0.56615,0.5688,0.5648,0.56671,0.0
2026-09-29,0.56605,0.56744,0.56605,0.56742,0.0
