date,open,high,low,close,volume
2002-12-16,24.63,25.37,24.48,25.26,60396200.0
2002-12-17,25.22,25.61,25.07,25.34,63038900.0
2002-12-18,24.96,25.01,24.46,24.79,67653100.0
2002-12-19,24.58,25.19,24.22,24.47,96187900.0
2002-12-20,24.74,24.86,24.48,24.73,65612600.0
2002-12-23,24.59,25.17,24.54,25.08,46013700.0
2002-12-24,24.91,25.14,24.73,24.76,16773100.0
2002-12-26,24.94,25.32,24.58,24.69,33822100.0
2002-12-27,24.59,24.74,24.16,24.23,42557000.0
2002-12-30,24.25,24.38,23.77,24.04,57471300.0
2002-12-31,23.95,24.12,23.69,23.78,46033300.0
2003-01-02,24.13,24.96,23.86,24.81,66323700.0
2003-01-03,24.87,25.12,24.69,25.09,39109700.0
2003-01-06,25.12,26.0,25.11,25.73,67427100.0
2003-01-07,25.82,26.34,25.66,26.06,88793000.0
2003-01-08,25.8,25.89,25.25,25.31,75104900.0
2003-01-09,25.65,26.39,25.63,26.11,75454000.0
2003-01-10,25.76,26.67,25.63,26.51,82654400.0
2003-01-13,26.74,26.88,26.14,26.35,72955600.0
2003-01-14,26.32,26.73,26.26,26.49,47303900.0
2003-01-15,26.65,26.76,25.99,26.15,55470600.0
2003-01-16,26.2,26.39,25.66,25.85,69780100.0
2003-01-17,25.31,25.35,24.68,24.72,77289400.0
2003-01-21,24.82,24.96,24.43,24.44,68049800.0
2003-01-22,24.37,24.94,24.28,24.34,81022500.0
2003-01-23,24.81,25.25,24.52,24.92,78680500.0
2003-01-24,24.94,24.94,24.05,24.23,74596000.0
2003-01-27,23.86,24.44,23.78,23.94,76608300.0
2003-01-28,24.18,24.46,23.83,24.19,65321200.0
2003-01-29,24.17,24.86,23.75,24.56,95820200.0
2003-01-30,24.73,24.83,23.9,23.95,70525600.0
2003-01-31,23.47,24.17,23.42,23.85,90561200.0
2003-02-03,23.93,24.2,23.79,23.9,53196100.0
2003-02-04,23.59,23.71,23.23,23.6,69620800.0
2003-02-05,23.74,24.27,23.42,23.49,80194300.0
2003-02-06,23.45,23.76,23.27,23.62,103608900.0
2003-02-07,23.77,23.86,23.06,23.22,72348400.0
2003-02-10,23.3,23.66,23.03,23.43,67645200.0
2003-02-11,23.66,24.02,23.33,23.56,78063900.0
2003-02-12,23.48,23.74,23.19,23.23,54133900.0
2003-02-13,23.26,23.39,22.73,23.3,77796100.0
2003-02-14,23.24,23.91,23.03,23.9,67585100.0
2003-02-18,24.11,24.75,24.09,24.66,74048200.0
2003-02-19,24.61,24.65,24.12,24.49,45629100.0
2003-02-20,24.56,24.68,24.25,24.39,59959200.0
2003-02-21,24.34,24.78,23.92,24.58,70363000.0
2003-02-24,24.54,24.62,24.12,24.15,56733100.0
2003-02-25,23.86,24.36,23.49,24.18,74663800.0
2003-02-26,24.09,24.35,23.61,23.63,60165100.0
2003-02-27,23.83,24.33,23.68,24.18,66531100.0
2003-02-28,24.22,24.63,24.13,24.57,50669100.0
2003-03-03,24.68,24.89,23.97,24.06,60464300.0
2003-03-04,24.07,24.18,23.83,23.91,56121200.0
2003-03-05,23.81,24.19,23.73,23.96,69230100.0
2003-03-06,23.84,24.09,23.64,23.9,59669300.0
2003-03-07,23.49,24.1,23.37,23.95,73338800.0
2003-03-10,23.76,23.86,23.32,23.42,56004600.0
2003-03-11,23.47,23.65,23.19,23.21,54970500.0
2003-03-12,23.17,23.65,22.95,23.64,78035800.0
2003-03-13,24.05,25.06,23.81,25.03,128607200.0
2003-03-14,25.14,25.39,24.77,25.13,89843000.0
2003-03-17,24.84,26.21,24.76,26.01,141233400.0
2003-03-18,26.21,26.38,25.83,26.34,97221500.0
2003-03-19,26.26,26.39,25.74,26.11,91457600.0
2003-03-20,25.95,26.55,25.58,26.21,93138800.0
2003-03-21,26.62,26.79,26.18,26.58,93417100.0
2003-03-24,25.88,26.01,25.38,25.45,85346600.0
2003-03-25,25.56,26.17,25.42,25.82,80337000.0
2003-03-26,25.91,26.18,25.77,25.97,68040700.0
2003-03-27,25.68,26.06,25.51,25.78,64212300.0
2003-03-28,25.55,25.84,25.36,25.49,45415900.0
2003-03-31,25.01,25.1,24.62,24.66,89434900.0
2003-04-01,24.85,25.08,24.66,24.86,73627200.0
2003-04-02,25.47,25.97,25.46,25.77,76054300.0
2003-04-03,26.05,26.26,25.72,25.89,71165000.0
2003-04-04,25.98,26.01,25.38,25.46,65773200.0
2003-04-07,26.52,26.59,25.48,25.5,83960200.0
2003-04-08,25.56,25.7,25.29,25.47,54294200.0
2003-04-09,25.51,25.69,24.82,24.87,76583800.0
2003-04-10,24.88,25.18,24.71,25.18,57502600.0
2003-04-11,25.44,25.57,24.77,24.92,68012800.0
2003-04-14,24.99,25.55,24.9,25.44,53440100.0
2003-04-15,25.38,25.78,25.25,25.69,64702900.0
2003-04-16,26.06,26.24,25.53,25.63,70758700.0
2003-04-17,25.57,26.39,25.56,26.23,70334300.0
2003-04-21,26.35,26.51,26.01,26.33,52761000.0
2003-04-22,26.14,26.87,26.06,26.84,70937000.0
2003-04-23,26.91,27.16,26.67,27.04,70595400.0
2003-04-24,26.77,27.16,26.68,26.89,72609000.0
2003-04-25,26.75,26.83,26.27,26.36,63361000.0
2003-04-28,26.46,27.04,26.36,26.89,59705000.0
2003-04-29,27.06,27.47,26.82,27.14,80393400.0
2003-04-30,27.07,27.2,26.84,26.86,60474300.0
2003-05-01,26.85,27.28,26.6,27.1,66076900.0
2003-05-02,27.01,27.7,26.98,27.69,85075100.0
2003-05-05,27.73,28.12,27.58,27.66,80691800.0
2003-05-06,27.63,28.31,27.62,28.02,77651900.0
2003-05-07,27.82,28.1,27.53,27.7,70387500.0
2003-05-08,27.26,27.6,27.17,27.18,80370600.0
2003-05-09,27.45,27.89,27.4,27.82,58602000.0
2003-05-12,27.77,28.37,27.58,28.25,67629700.0
2003-05-13,28.04,28.4,27.95,28.07,65206500.0
2003-05-14,28.28,28.38,27.77,28.01,62269000.0
2003-05-15,28.16,28.39,27.97,28.33,62516100.0
2003-05-16,28.14,28.35,27.89,28.11,70659700.0
2003-05-19,27.93,28.09,27.02,27.1,91821300.0
2003-05-20,27.17,27.37,26.82,27.18,72051400.0
2003-05-21,27.06,27.16,26.85,27.1,64156100.0
2003-05-22,27.17,27.73,27.03,27.5,62488400.0
2003-05-23,27.45,27.66,27.36,27.51,37943100.0
2003-05-27,27.34,28.63,27.31,28.51,101600000.0
2003-05-28,28.59,28.81,28.37,28.6,76418600.0
2003-05-29,28.64,29.21,28.57,28.72,97644900.0
2003-05-30,28.97,29.28,28.86,29.2,78190300.0
2003-06-02,29.49,29.61,28.72,28.99,103123800.0
2003-06-03,28.86,29.29,28.74,29.27,82248300.0
2003-06-04,29.22,29.99,29.13,29.83,87148300.0
2003-06-05,29.54,30.09,29.38,30.05,89554300.0
2003-06-06,30.58,30.88,29.43,29.54,157195800.0
2003-06-09,29.41,29.63,28.94,29.14,94993100.0
2003-06-10,29.26,29.61,29.09,29.59,69956000.0
2003-06-11,29.48,30.05,29.21,29.93,87431400.0
2003-06-12,30.04,30.16,29.67,30.06,79619500.0
2003-06-13,30.07,30.14,29.27,29.37,83400500.0
2003-06-16,29.58,30.31,29.41,30.29,71626500.0
2003-06-17,30.43,30.52,29.97,30.17,67730000.0
2003-06-18,30.07,30.64,29.86,30.33,80257400.0
2003-06-19,30.39,30.65,29.79,29.83,79568600.0
2003-06-20,30.1,30.13,29.66,29.73,71587900.0
2003-06-23,29.74,29.78,28.97,29.32,86654400.0
2003-06-24,29.14,29.54,28.94,29.09,83062900.0
2003-06-25,29.08,29.59,28.88,28.93,94372300.0
2003-06-26,29.12,29.69,29.02,29.63,79296500.0
2003-06-27,29.66,29.98,29.18,29.24,82571500.0
2003-06-30,29.57,29.75,29.21,29.36,72096700.0
2003-07-01,29.11,29.79,28.68,29.76,105978400.0
2003-07-02,29.82,30.4,29.79,30.38,82018400.0
2003-07-03,30.11,30.51,29.88,29.99,50050800.0
2003-07-07,30.38,31.31,30.38,31.3,88766200.0
2003-07-08,31.19,31.72,31.03,31.69,82338200.0
2003-07-09,31.59,31.9,31.34,31.61,89874600.0
2003-07-10,31.26,31.4,30.74,31.01,103231500.0
2003-07-11,31.06,31.4,31.02,31.25,67817400.0
2003-07-14,31.76,32.16,31.48,31.63,84579300.0
2003-07-15,31.94,32.06,31.35,31.67,76339000.0
2003-07-16,31.87,31.91,31.14,31.57,81729500.0
2003-07-17,31.09,31.25,30.45,30.59,110515500.0
2003-07-18,30.81,30.96,30.33,30.69,80597300.0
2003-07-21,30.65,30.71,30.02,30.29,112035500.0
2003-07-22,30.52,30.91,30.27,30.75,91654800.0
2003-07-23,30.79,31.05,30.4,31.01,69215700.0
2003-07-24,31.26,31.43,30.49,30.59,83637800.0
2003-07-25,30.54,31.25,30.18,31.21,83086600.0
2003-07-28,31.31,31.4,31.01,31.3,57349500.0
2003-07-29,31.34,31.43,30.64,31.06,80631800.0
2003-07-30,31.12,31.15,30.74,30.83,56663000.0
2003-07-31,31.2,31.74,30.93,31.21,85739500.0
2003-08-01,31.1,31.2,30.71,30.87,73582900.0
2003-08-04,30.83,31.21,30.25,30.86,96441800.0
2003-08-05,30.82,30.89,29.62,29.62,111220800.0
2003-08-06,29.77,30.18,29.51,29.6,96864600.0
2003-08-07,29.63,29.92,29.43,29.72,67371600.0
2003-08-08,29.84,29.96,29.34,29.48,66711600.0
2003-08-11,29.49,30.01,29.44,29.81,63748500.0
2003-08-12,29.92,30.31,29.74,30.27,59793000.0
2003-08-13,30.39,30.48,30.06,30.28,58075100.0
2003-08-14,30.29,30.6,30.08,30.31,51230800.0
2003-08-15,30.41,30.7,30.34,30.58,28136100.0
2003-08-18,30.72,31.42,30.64,31.38,67539700.0
2003-08-19,31.52,31.79,31.26,31.78,68429100.0
2003-08-20,31.51,31.93,31.43,31.7,58294700.0
2003-08-21,32.0,32.23,31.68,32.05,77278000.0
2003-08-22,32.67,32.78,31.81,31.85,93040900.0
2003-08-25,31.77,31.95,31.62,31.92,43091600.0
2003-08-26,31.69,32.0,31.22,31.95,79925000.0
2003-08-27,31.9,32.24,31.78,32.21,47288200.0
2003-08-28,32.35,32.53,31.93,32.5,55370500.0
2003-08-29,32.45,32.87,32.39,32.8,53204200.0
2003-09-02,32.9,33.3,32.54,33.28,80528800.0
2003-09-03,33.51,33.61,33.06,33.26,85268300.0
2003-09-04,33.24,33.63,33.11,33.57,63961000.0
2003-09-05,33.38,33.75,33.08,33.35,91056700.0
2003-09-08,33.41,33.94,33.36,33.91,69380500.0
2003-09-09,33.73,33.8,33.33,33.5,88038200.0
2003-09-10,33.16,33.3,32.52,32.68,111724600.0
2003-09-11,32.69,33.19,32.42,33.05,96980100.0
2003-09-12,32.75,33.25,32.46,33.23,105044900.0
2003-09-15,33.25,33.32,32.86,32.9,54636200.0
2003-09-16,32.93,33.84,32.92,33.81,87645200.0
2003-09-17,33.74,33.91,33.44,33.67,79830000.0
2003-09-18,33.58,34.27,33.41,34.19,91659400.0
2003-09-19,34.2,34.27,33.77,33.99,69841300.0
2003-09-22,33.54,33.61,33.18,33.33,97504100.0
2003-09-23,33.38,33.97,33.32,33.93,77879300.0
2003-09-24,33.92,33.93,32.58,32.63,115624100.0
2003-09-25,32.79,33.15,32.17,32.2,118074900.0
2003-09-26,32.3,32.58,31.93,31.99,106716500.0
2003-09-29,32.17,32.58,31.86,32.55,97126100.0
2003-09-30,32.33,32.37,31.77,31.83,119202300.0
2003-10-01,32.02,32.64,31.83,32.56,106843200.0
2003-10-02,32.51,32.84,32.34,32.67,83947600.0
2003-10-03,33.26,33.88,33.23,33.6,112952700.0
2003-10-06,33.69,33.86,33.47,33.85,49278500.0
2003-10-07,33.57,34.06,33.42,34.06,80196100.0
2003-10-08,34.22,34.25,33.63,33.84,71446500.0
2003-10-09,34.33,34.68,33.84,34.1,118302500.0
2003-10-10,34.18,34.44,34.05,34.42,68409000.0
2003-10-13,34.55,34.78,34.33,34.65,60996000.0
2003-10-14,34.51,34.76,34.37,34.74,64295100.0
2003-10-15,35.21,35.26,34.44,34.59,97820400.0
2003-10-16,34.51,34.94,34.47,34.87,74127200.0
2003-10-17,34.82,34.9,34.01,34.02,98040000.0
2003-10-20,34.06,34.49,33.91,34.45,76218300.0
2003-10-21,34.55,34.86,34.35,34.66,75051400.0
2003-10-22,34.3,34.34,33.85,33.98,88874100.0
2003-10-23,33.56,33.92,33.46,33.58,99462000.0
2003-10-24,33.2,33.64,32.9,33.61,101845100.0
2003-10-27,33.69,33.86,33.45,33.62,63663700.0
2003-10-28,33.84,34.82,33.78,34.77,107536200.0
2003-10-29,34.61,34.82,34.48,34.73,74138900.0
2003-10-30,35.22,35.27,34.55,34.8,95162200.0
2003-10-31,34.85,34.9,34.47,34.59,55501700.0
2003-11-03,34.84,35.39,34.77,35.17,71201780.0
2003-11-04,35.1,35.28,34.86,34.93,60115909.0
2003-11-05,34.93,35.3,34.56,35.25,68538800.0
2003-11-06,35.2,35.38,34.75,35.35,90657400.0
2003-11-07,35.49,35.59,35.01,35.04,63620100.0
2003-11-10,35.11,35.15,34.51,34.6,68956400.0
2003-11-11,34.56,34.71,34.26,34.47,75947000.0
2003-11-12,34.58,35.37,34.55,35.22,81296900.0
2003-11-13,35.12,35.31,34.96,35.18,64338900.0
2003-11-14,35.22,35.43,34.36,34.45,91064300.0
2003-11-17,34.25,34.32,33.67,34.09,108533700.0
2003-11-18,34.28,34.38,33.23,33.29,108765400.0
2003-11-19,33.42,33.81,33.29,33.62,86617000.0
2003-11-20,33.33,34.09,33.22,33.29,117420500.0
2003-11-21,33.48,33.68,33.14,33.64,81831000.0
2003-11-24,33.93,34.66,33.88,34.59,92207600.0
2003-11-25,34.69,34.86,34.5,34.59,72584300.0
2003-11-26,34.81,34.93,34.22,34.75,72877800.0
2003-11-28,34.67,34.91,34.62,34.79,24809100.0
2003-12-01,35.12,35.42,34.88,35.31,82833200.0
2003-12-02,35.23,35.46,34.99,35.11,65093000.0
2003-12-03,35.25,35.53,34.66,34.66,107872300.0
2003-12-04,34.79,35.12,34.49,35.04,102486300.0
2003-12-05,34.68,34.91,34.37,34.45,87643200.0
2003-12-08,34.42,34.74,34.19,34.65,87160800.0
2003-12-09,34.85,34.87,33.76,33.84,110023200.0
2003-12-10,33.9,34.11,33.54,33.97,103570300.0
2003-12-11,33.9,34.8,33.9,34.71,108447000.0
2003-12-12,34.72,34.75,34.31,34.65,72230900.0
2003-12-15,35.33,35.4,34.06,34.19,106260500.0
2003-12-16,34.2,34.43,33.83,34.26,89901000.0
2003-12-17,34.22,34.41,33.99,34.32,68584400.0
2003-12-18,34.36,35.05,34.36,34.97,90033500.0
2003-12-19,35.02,35.06,34.61,34.87,89770300.0
2003-12-22,34.76,35.09,34.7,34.98,63616300.0
2003-12-23,35.01,35.43,34.94,35.25,67060700.0
2003-12-24,35.25,35.43,35.21,35.31,44840300.0
2003-12-26,35.37,35.5,35.23,35.26,25499000.0
2003-12-29,35.44,35.94,35.43,35.85,63456000.0
2003-12-30,35.94,35.99,35.71,35.97,48282100.0
2003-12-31,36.01,36.05,35.66,35.87,60531500.0
2004-01-02,36.06,36.2,35.63,35.77,55263700.0
2004-01-05,36.01,36.57,35.97,36.5,69757000.0
2004-01-06,36.49,36.83,36.36,36.75,60075300.0
2004-01-07,36.69,37.09,36.48,37.09,71895800.0
2004-01-08,37.28,37.41,37.01,37.39,78268200.0
2004-01-09,37.12,37.76,37.0,37.14,94326900.0
2004-01-12,37.26,37.76,37.09,37.74,77719500.0
2004-01-13,37.68,37.77,37.01,37.36,93060900.0
2004-01-14,37.49,37.66,37.25,37.49,69074400.0
2004-01-15,37.34,37.87,37.04,37.59,104597100.0
2004-01-16,37.79,38.04,37.58,37.98,77371600.0
2004-01-20,38.14,38.26,37.72,37.95,82083600.0
2004-01-21,37.8,38.07,37.41,37.79,112316800.0
2004-01-22,37.96,38.1,37.47,37.56,90966400.0
2004-01-23,37.62,37.87,37.19,37.42,88805500.0
2004-01-26,37.39,38.06,37.25,38.0,84703400.0
2004-01-27,37.92,38.04,37.1,37.15,97365800.0
2004-01-28,37.35,37.47,36.42,36.51,128169300.0
2004-01-29,36.65,36.72,36.07,36.65,144040500.0
2004-01-30,36.61,36.85,36.38,36.48,84309100.0
2004-02-02,36.61,36.89,36.23,36.38,94539600.0
2004-02-03,36.32,36.65,36.25,36.34,73885100.0
2004-02-04,36.03,36.27,35.74,35.74,110068900.0
2004-02-05,35.92,36.12,35.74,35.88,96969300.0
2004-02-06,36.01,36.69,35.94,36.54,107253200.0
2004-02-09,36.75,36.79,36.46,36.53,58920500.0
2004-02-10,36.47,36.82,36.44,36.59,65104100.0
2004-02-11,36.65,37.08,36.48,36.99,92510700.0
2004-02-12,36.93,37.11,36.65,36.66,70754000.0
2004-02-13,36.8,36.99,36.17,36.35,90604400.0
2004-02-17,36.69,37.03,36.63,36.85,69820100.0
2004-02-18,36.92,37.08,36.73,36.96,71198800.0
2004-02-19,37.28,37.31,36.23,36.39,100953500.0
2004-02-20,36.42,36.55,35.96,36.27,132387700.0
2004-02-23,36.41,36.44,35.52,35.86,125319700.0
2004-02-24,35.71,36.06,35.51,35.77,124574500.0
2004-02-25,35.84,36.08,35.74,35.99,74556400.0
2004-02-26,35.88,36.25,35.72,36.08,71494900.0
2004-02-27,36.17,36.35,35.68,35.98,99459600.0
2004-03-01,36.09,36.48,35.88,36.46,79790700.0
2004-03-02,36.39,36.59,35.99,36.03,91629800.0
2004-03-03,35.92,36.04,35.62,35.83,84047600.0
2004-03-04,35.85,36.24,35.8,36.17,66043600.0
2004-03-05,35.83,36.56,35.77,36.04,118143600.0
2004-03-08,36.1,36.23,35.14,35.18,112738200.0
2004-03-09,35.22,35.39,34.93,35.07,126256400.0
2004-03-10,35.16,35.41,34.54,34.6,134346800.0
2004-03-11,34.48,34.94,34.21,34.28,152587200.0
2004-03-12,34.59,35.0,34.56,34.92,118417600.0
2004-03-15,34.77,34.81,34.22,34.3,115903600.0
2004-03-16,34.52,34.66,34.04,34.36,123774000.0
2004-03-17,34.62,35.03,34.59,34.91,91961900.0
2004-03-18,34.78,34.87,34.38,34.75,111355100.0
2004-03-19,34.69,34.87,34.14,34.16,100439000.0
2004-03-22,33.94,33.96,33.44,33.72,134590900.0
2004-03-23,34.0,34.06,33.42,33.44,126124500.0
2004-03-24,33.56,34.04,33.42,33.83,119050000.0
2004-03-25,34.06,34.87,34.03,34.75,142164300.0
2004-03-26,34.71,35.0,34.61,34.63,78450000.0
2004-03-29,34.92,35.37,34.9,35.2,103937000.0
2004-03-30,35.08,35.35,34.93,35.32,95901400.0
2004-03-31,35.33,35.41,35.02,35.25,86068800.0
2004-04-01,35.22,35.66,35.19,35.57,93106500.0
2004-04-02,36.3,36.57,35.93,36.51,146023500.0
2004-04-05,36.42,36.91,36.38,36.86,67397900.0
2004-04-06,36.57,36.66,36.33,36.39,98716600.0
2004-04-07,36.41,36.52,36.07,36.35,91125400.0
2004-04-08,36.76,36.8,36.15,36.35,77255400.0
2004-04-12,36.44,36.65,36.39,36.58,55437500.0
2004-04-13,36.75,36.77,35.93,36.04,100836700.0
2004-04-14,35.82,36.36,35.77,36.22,113802200.0
2004-04-15,36.16,36.27,35.43,35.56,123828900.0
2004-04-16,35.61,35.73,35.2,35.5,110829900.0
2004-04-19,35.42,36.0,35.39,35.94,85896500.0
2004-04-20,36.02,36.2,35.05,35.09,119961400.0
2004-04-21,35.33,35.52,35.06,35.4,119218300.0
2004-04-22,35.41,36.42,35.39,36.33,137897300.0
2004-04-23,36.49,36.67,36.31,36.62,92044900.0
2004-04-26,36.59,36.7,36.06,36.35,74547800.0
2004-04-27,36.36,36.6,36.1,36.28,87670900.0
2004-04-28,36.12,36.13,35.43,35.61,111783000.0
2004-04-29,35.5,35.75,34.71,35.05,157053600.0
2004-04-30,35.07,35.21,34.17,34.18,150918100.0
2004-05-03,34.41,34.93,34.3,34.51,117070100.0
2004-05-04,34.62,35.16,34.44,34.66,126253700.0
2004-05-05,34.83,35.11,34.61,34.94,97582300.0
2004-05-06,34.65,34.85,34.26,34.67,102760100.0
2004-05-07,34.5,35.05,34.32,34.38,137726300.0
2004-05-10,34.08,34.31,33.83,34.08,157196600.0
2004-05-11,34.38,34.79,34.33,34.6,120840900.0
2004-05-12,34.53,34.69,33.68,34.67,197888300.0
2004-05-13,34.47,34.86,34.33,34.42,138104800.0
2004-05-14,34.61,34.73,34.05,34.16,133762900.0
2004-05-17,33.79,34.07,33.52,33.83,150712300.0
2004-05-18,34.07,34.31,34.01,34.14,96725200.0
2004-05-19,34.57,34.92,34.05,34.1,141777100.0
2004-05-20,34.19,34.43,33.97,34.26,95043100.0
2004-05-21,34.42,34.58,34.15,34.43,111494600.0
2004-05-24,34.71,34.87,34.41,34.67,100159200.0
2004-05-25,34.56,35.49,34.36,35.37,146471300.0
2004-05-26,35.27,35.6,35.22,35.6,93853800.0
2004-05-27,35.7,35.91,35.47,35.83,110234100.0
2004-05-28,35.79,35.96,35.62,35.96,56424400.0
2004-06-01,35.68,35.96,35.52,35.91,90716400.0
2004-06-02,35.97,36.07,35.58,35.83,103560300.0
2004-06-03,35.71,35.77,35.23,35.39,97727200.0
2004-06-04,35.74,36.03,35.55,35.6,91300800.0
2004-06-07,35.85,36.51,35.8,36.46,107687700.0
2004-06-08,36.31,36.6,36.26,36.51,72583000.0
2004-06-09,36.39,36.46,35.91,35.99,98253900.0
2004-06-10,36.1,36.25,35.96,36.25,57139000.0
2004-06-14,36.02,36.02,35.51,35.73,85287500.0
2004-06-15,35.97,36.4,35.97,36.2,91997600.0
2004-06-16,36.18,36.31,36.06,36.14,65491100.0
2004-06-17,36.06,36.07,35.66,35.8,77862400.0
2004-06-18,35.71,36.25,35.67,35.85,78788400.0
2004-06-21,35.93,36.04,35.47,35.56,65467800.0
2004-06-22,35.57,36.11,35.43,36.09,101642800.0
2004-06-23,35.98,36.6,35.92,36.53,95338400.0
2004-06-24,36.43,36.76,36.33,36.46,92391300.0
2004-06-25,36.41,36.8,36.39,36.74,81030500.0
2004-06-28,36.9,36.93,36.31,36.43,94245800.0
2004-06-29,36.52,36.88,36.49,36.78,68382300.0
2004-06-30,36.86,37.31,36.76,37.15,97906700.0
2004-07-01,37.07,37.07,36.18,36.45,122193300.0
2004-07-02,36.45,36.46,36.04,36.23,74106700.0
2004-07-06,36.01,36.01,35.24,35.44,130400500.0
2004-07-07,35.37,35.7,35.33,35.51,96199500.0
2004-07-08,35.22,35.54,34.96,35.11,108952500.0
2004-07-09,35.25,35.45,35.04,35.16,86050700.0
2004-07-12,34.98,35.1,34.65,35.01,81876100.0
2004-07-13,35.09,35.22,34.82,34.96,81638300.0
2004-07-14,34.61,35.06,34.46,34.6,119881000.0
2004-07-15,34.73,34.9,34.47,34.48,90565000.0
2004-07-16,34.84,34.86,34.03,34.08,120439000.0
2004-07-19,34.19,34.38,33.88,34.01,106437400.0
2004-07-20,34.16,35.0,34.12,34.84,120170200.0
2004-07-21,34.98,35.06,33.75,33.81,136167300.0
2004-07-22,33.89,34.52,33.66,34.28,132842800.0
2004-07-23,34.04,34.07,33.44,33.62,107147200.0
2004-07-26,33.65,33.82,33.18,33.47,114700000.0
2004-07-27,33.6,34.12,33.45,33.94,103537600.0
2004-07-28,33.82,34.04,33.22,33.79,155074200.0
2004-07-29,34.12,34.33,33.91,34.19,99090800.0
2004-07-30,34.17,34.51,34.06,34.3,83043100.0
2004-08-02,34.02,34.43,33.87,34.37,81371100.0
2004-08-03,34.25,34.33,33.6,33.64,85875900.0
2004-08-04,33.56,33.87,33.42,33.65,86891900.0
2004-08-05,33.76,33.81,33.01,33.01,109959700.0
2004-08-06,32.81,32.82,32.07,32.13,148866100.0
2004-08-09,32.22,32.37,32.06,32.21,78652700.0
2004-08-10,32.37,32.89,32.33,32.62,106383500.0
2004-08-11,32.26,32.45,31.96,32.33,121310300.0
2004-08-12,32.1,32.27,31.78,31.88,114178800.0
2004-08-13,32.06,32.15,31.76,31.93,91436100.0
2004-08-16,32.02,32.6,32.0,32.3,77941500.0
2004-08-17,32.53,32.85,32.51,32.67,89620700.0
2004-08-18,32.47,33.32,32.42,33.26,108019800.0
2004-08-19,33.14,33.26,32.82,33.08,106881900.0
2004-08-20,32.98,33.55,32.92,33.42,92070400.0
2004-08-23,33.46,33.68,33.32,33.5,83590700.0
2004-08-24,33.66,33.72,33.22,33.49,86905900.0
2004-08-25,33.49,34.01,33.31,33.96,88451200.0
2004-08-26,33.87,33.96,33.72,33.81,57809400.0
2004-08-27,33.88,34.09,33.85,33.97,58624300.0
2004-08-30,33.82,33.84,33.36,33.39,62457800.0
2004-08-31,33.43,33.53,33.06,33.43,81402000.0
2004-09-01,33.34,33.88,33.21,33.68,96703300.0
2004-09-02,33.59,34.29,33.57,34.19,83310000.0
2004-09-03,33.85,34.08,33.46,33.55,90275900.0
2004-09-07,33.81,34.02,33.53,33.84,96623800.0
2004-09-08,33.72,34.09,33.59,33.71,101716500.0
2004-09-09,33.86,34.16,33.54,34.0,104588600.0
2004-09-10,34.02,34.6,33.88,34.53,108659200.0
2004-09-13,34.66,35.13,34.55,34.99,109745200.0
2004-09-14,34.86,35.14,34.77,35.04,76937900.0
2004-09-15,34.83,34.86,34.51,34.66,90527700.0
2004-09-16,34.67,34.98,34.54,34.73,67178700.0
2004-09-17,34.64,34.93,34.57,34.84,84074500.0
2004-09-20,34.7,35.18,34.59,34.84,111357300.0
2004-09-21,34.95,35.26,34.83,34.98,93767900.0
2004-09-22,34.85,34.87,34.28,34.36,101573500.0
2004-09-23,34.39,34.56,34.29,34.33,92626900.0
2004-09-24,34.4,34.6,34.16,34.21,103289600.0
2004-09-27,34.03,34.15,33.79,33.91,86113200.0
2004-09-28,33.96,34.1,33.64,33.98,87293200.0
2004-09-29,33.95,34.53,33.94,34.49,95896700.0
2004-09-30,34.43,34.68,34.3,34.55,74680700.0
2004-10-01,34.86,35.56,34.77,35.51,118334700.0
2004-10-04,35.77,36.03,35.66,35.72,108525700.0
2004-10-05,35.64,35.9,35.57,35.77,89834200.0
2004-10-06,35.72,36.1,35.52,36.06,88022800.0
2004-10-07,35.95,36.08,35.58,35.65,82472900.0
2004-10-08,35.49,35.65,34.91,34.99,115125900.0
2004-10-11,35.13,35.27,35.01,35.16,51313400.0
2004-10-12,34.84,35.25,34.61,35.1,98330900.0
2004-10-13,35.46,35.55,34.84,35.02,132840900.0
2004-10-14,35.1,35.19,34.74,34.86,99448400.0
2004-10-15,34.9,35.27,34.69,35.04,129200000.0
2004-10-18,34.92,35.66,34.81,35.55,109346000.0
2004-10-19,35.79,35.98,35.2,35.29,130149600.0
2004-10-20,35.24,35.64,35.06,35.46,106874200.0
2004-10-21,35.65,36.2,35.51,36.01,124501800.0
2004-10-22,36.02,36.06,35.15,35.21,114386800.0
2004-10-25,35.14,35.22,34.9,35.04,103011000.0
2004-10-26,35.06,35.25,34.82,35.23,98249200.0
2004-10-27,35.25,36.31,35.12,36.14,152660800.0
2004-10-28,36.09,36.53,35.98,36.37,111165200.0
2004-10-29,36.32,36.65,36.08,36.31,100832000.0
2004-11-01,36.39,36.59,36.21,36.45,72562300.0
2004-11-02,36.5,36.96,36.42,36.57,109228000.0
2004-11-03,37.17,37.31,36.56,36.82,141206200.0
2004-11-04,36.67,37.19,36.52,37.03,112663100.0
2004-11-05,37.43,37.57,37.02,37.37,117089300.0
2004-11-08,37.36,37.51,37.26,37.41,66529900.0
2004-11-09,37.34,37.56,37.22,37.33,85273200.0
2004-11-10,37.34,37.47,37.05,37.2,95185500.0
2004-11-11,37.32,37.79,37.27,37.7,99863500.0
2004-11-12,37.75,38.17,37.58,38.07,102706600.0
2004-11-15,38.05,38.27,37.91,38.24,82777400.0
2004-11-16,38.07,38.09,37.73,38.0,97476500.0
2004-11-17,38.24,38.73,38.24,38.52,125454700.0
2004-11-18,38.39,38.77,38.3,38.7,95009100.0
2004-11-19,38.65,38.7,38.0,38.09,118573900.0
2004-11-22,38.02,38.48,37.89,38.46,79988100.0
2004-11-23,38.42,38.56,38.02,38.4,91938100.0
2004-11-24,38.51,38.8,38.48,38.74,74102100.0
2004-11-26,38.78,38.89,38.58,38.62,31303200.0
2004-11-29,38.87,39.05,38.38,38.61,94794100.0
2004-11-30,38.71,38.8,38.47,38.53,87715800.0
2004-12-01,38.69,39.37,38.68,39.33,102435015.0
2004-12-02,39.23,39.8,39.17,39.48,122306130.0
2004-12-03,39.72,40.0,39.49,39.54,114276522.0
2004-12-06,39.53,39.84,39.32,39.68,70505197.0
2004-12-07,39.73,39.91,38.94,38.99,121669485.0
2004-12-08,39.07,39.39,38.91,39.22,96436614.0
2004-12-09,38.91,39.6,38.65,39.46,134422537.0
2004-12-10,39.26,39.48,39.15,39.34,86252389.0
2004-12-13,39.64,39.75,39.39,39.69,74339241.0
2004-12-14,39.67,40.0,39.66,39.89,92019769.0
2004-12-15,39.9,40.09,39.57,39.74,95229970.0
2004-12-16,39.75,39.86,39.23,39.36,86265069.0
2004-12-17,39.06,39.22,38.79,38.89,102213970.0
2004-12-20,38.99,39.18,38.5,38.61,106719878.0
2004-12-21,38.8,39.12,38.69,39.09,83240677.0
2004-12-22,38.95,39.34,38.9,39.14,75507430.0
2004-12-23,39.02,39.32,38.95,39.17,45816379.0
2004-12-27,39.39,39.43,38.81,39.0,67278365.0
2004-12-28,39.08,39.41,39.02,39.38,62616686.0
2004-12-29,39.33,39.57,39.31,39.43,50112182.0
2004-12-30,39.48,39.53,39.34,39.4,41728204.0
2004-12-31,39.44,39.53,39.31,39.33,44145564.0
2005-01-03,39.48,39.7,38.78,38.91,101052208.0
2005-01-04,39.1,39.15,37.96,38.19,136759292.0
2005-01-05,38.09,38.37,37.88,37.95,128424276.0
2005-01-06,38.03,38.12,37.75,37.76,103981120.0
2005-01-07,37.97,38.28,37.62,37.96,123159230.0
2005-01-10,37.86,38.28,37.8,37.94,88824600.0
2005-01-11,37.78,37.91,37.48,37.67,107283390.0
2005-01-12,37.85,38.01,37.42,37.99,127885823.0
2005-01-13,38.01,38.03,37.42,37.48,102117505.0
2005-01-14,37.61,37.93,37.6,37.84,93530063.0
2005-01-18,37.69,38.2,37.63,38.13,92042101.0
2005-01-19,38.16,38.16,37.47,37.49,105302893.0
2005-01-20,37.06,37.22,36.73,36.76,121107333.0
2005-01-21,36.9,36.96,36.4,36.46,115496664.0
2005-01-24,36.55,36.61,35.87,35.94,137586438.0
2005-01-25,36.18,36.5,36.07,36.12,120045513.0
2005-01-26,36.37,36.7,36.24,36.56,107711314.0
2005-01-27,36.48,36.68,36.28,36.51,109788764.0
2005-01-28,36.63,36.68,36.03,36.33,111793283.0
2005-01-31,36.77,36.94,36.67,36.81,89381338.0
2005-02-01,36.9,37.06,36.78,36.93,76815285.0
2005-02-02,37.05,37.14,36.72,36.99,101911126.0
2005-02-03,36.76,36.82,36.41,36.57,90926345.0
2005-02-04,36.56,37.23,36.56,37.16,99370375.0
2005-02-07,37.21,37.32,36.93,37.09,71633078.0
2005-02-08,37.07,37.42,37.03,37.15,73225164.0
2005-02-09,37.18,37.21,36.48,36.52,93432520.0
2005-02-10,36.67,36.73,36.29,36.56,110426553.0
2005-02-11,36.44,37.26,36.34,37.11,108768906.0
2005-02-14,37.11,37.35,37.1,37.28,55056970.0
2005-02-15,37.31,37.89,37.23,37.53,133212243.0
2005-02-16,37.44,37.57,37.24,37.39,80616379.0
2005-02-17,37.46,37.55,36.84,36.88,116323034.0
2005-02-18,36.89,36.98,36.67,36.76,69387152.0
2005-02-22,36.44,36.96,36.2,36.3,122634973.0
2005-02-23,36.45,36.48,36.11,36.35,95421038.0
2005-02-24,36.26,36.85,36.17,36.82,99841020.0
2005-02-25,36.79,37.11,36.7,37.03,80143675.0
2005-02-28,36.87,37.01,36.33,36.63,96018828.0
2005-03-01,36.78,37.11,36.74,37.04,79293542.0
2005-03-02,36.83,37.43,36.77,37.02,107985175.0
2005-03-03,37.12,37.14,36.43,36.71,90101320.0
2005-03-04,37.0,37.16,36.81,36.93,86977576.0
2005-03-07,37.01,37.7,36.97,37.47,94886351.0
2005-03-08,37.38,37.62,37.06,37.09,89618428.0
2005-03-09,37.08,37.34,36.88,36.98,98090870.0
2005-03-10,37.02,37.08,36.49,36.93,98047627.0
2005-03-11,37.1,37.23,36.43,36.58,102865410.0
2005-03-14,36.65,36.77,36.44,36.75,71602364.0
2005-03-15,36.85,36.89,36.4,36.45,93917510.0
2005-03-16,36.32,36.59,35.94,36.03,159757441.0
2005-03-17,36.02,36.3,35.95,36.12,101801139.0
2005-03-18,36.16,36.2,35.76,35.92,109185283.0
2005-03-21,36.01,36.16,35.66,35.99,92838632.0
2005-03-22,36.04,36.16,35.52,35.54,114134328.0
2005-03-23,35.5,35.91,35.48,35.67,97523974.0
2005-03-24,35.8,36.06,35.68,35.68,77711689.0
2005-03-28,35.82,36.02,35.72,35.75,59773984.0
2005-03-29,35.67,35.99,35.35,35.46,119633330.0
2005-03-30,35.64,36.19,35.63,36.14,115019584.0
2005-03-31,36.14,36.16,35.85,35.98,86651191.0
2005-04-01,36.23,36.3,35.54,35.61,143853526.0
2005-04-04,35.66,36.01,35.44,35.87,100153714.0
2005-04-05,35.91,36.08,35.83,35.97,66463065.0
2005-04-06,36.07,36.32,35.83,35.91,82219312.0
2005-04-07,35.94,36.36,35.92,36.35,88708926.0
2005-04-08,36.41,36.48,36.01,36.05,92409842.0
2005-04-11,36.16,36.19,35.81,35.89,71013459.0
2005-04-12,35.85,36.15,35.32,36.07,145341318.0
2005-04-13,35.97,36.01,35.39,35.47,109071067.0
2005-04-14,35.48,35.51,34.91,34.96,158933964.0
2005-04-15,34.65,34.78,34.09,34.15,170274398.0
2005-04-18,34.14,34.41,34.05,34.16,110713926.0
2005-04-19,34.43,34.51,34.16,34.4,97511449.0
2005-04-20,34.62,34.7,34.0,34.12,140456063.0
2005-04-21,34.5,35.12,34.37,35.03,125000946.0
2005-04-22,34.87,34.88,34.23,34.5,115150749.0
2005-04-25,34.71,34.87,34.56,34.79,72565276.0
2005-04-26,34.7,35.11,34.45,34.46,108099464.0
2005-04-27,34.28,34.66,34.14,34.51,112639749.0
2005-04-28,34.33,34.56,34.13,34.16,98661337.0
2005-04-29,34.41,34.48,33.76,34.39,144508387.0
2005-05-02,34.51,34.67,34.3,34.53,68205394.0
2005-05-03,34.46,34.84,34.44,34.71,104075336.0
2005-05-04,34.7,35.24,34.65,35.14,90934885.0
2005-05-05,35.16,35.34,34.94,35.17,79625223.0
2005-05-06,35.38,35.43,35.13,35.27,77397625.0
2005-05-09,35.28,35.47,35.07,35.44,66371706.0
2005-05-10,35.27,35.37,35.03,35.18,77475651.0
2005-05-11,35.23,35.44,34.71,35.36,132093966.0
2005-05-12,35.41,35.61,35.07,35.26,116671463.0
2005-05-13,35.4,35.88,35.3,35.65,133310016.0
2005-05-16,35.65,35.95,35.54,35.9,79136957.0
2005-05-17,35.76,36.15,35.62,36.11,92242846.0
2005-05-18,36.21,36.77,36.12,36.61,128146759.0
2005-05-19,36.7,36.93,36.61,36.92,93998428.0
2005-05-20,36.86,37.1,36.76,37.07,66708477.0
2005-05-23,37.07,37.4,37.01,37.26,93084800.0
2005-05-24,37.17,37.41,37.11,37.38,100988450.0
2005-05-25,37.25,37.29,37.0,37.22,76490880.0
2005-05-26,37.39,37.68,37.39,37.6,84087865.0
2005-05-27,37.55,37.66,37.43,37.62,50134134.0
2005-05-31,37.6,37.65,37.33,37.49,75294958.0
2005-06-01,37.44,38.09,37.43,37.8,110985243.0
2005-06-02,37.74,38.07,37.71,38.07,76148728.0
2005-06-03,38.04,38.05,37.43,37.51,97066527.0
2005-06-06,37.53,37.6,37.37,37.52,53078551.0
2005-06-07,37.56,37.88,37.15,37.2,109623127.0
2005-06-08,37.31,37.36,36.97,37.12,79250426.0
2005-06-09,37.07,37.47,36.91,37.36,99440618.0
2005-06-10,37.31,37.31,36.79,36.96,86005691.0
2005-06-13,36.89,37.36,36.87,37.14,82360374.0
2005-06-14,37.1,37.25,36.91,36.99,62764610.0
2005-06-15,37.24,37.28,36.66,37.11,104082266.0
2005-06-16,37.15,37.41,37.07,37.31,90509327.0
2005-06-17,37.52,37.62,37.16,37.28,89171244.0
2005-06-20,37.13,37.49,36.99,37.28,68165272.0
2005-06-21,37.25,37.42,37.11,37.26,97916236.0
2005-06-22,37.41,37.51,37.04,37.22,75907626.0
2005-06-23,37.28,37.59,36.74,36.8,122223734.0
2005-06-24,36.79,36.82,36.37,36.38,142329993.0
2005-06-27,36.36,36.47,36.11,36.21,72888203.0
2005-06-28,36.36,36.67,36.31,36.56,73420576.0
2005-06-29,36.66,36.67,36.38,36.48,71580396.0
2005-06-30,36.55,36.62,36.16,36.19,87963270.0
2005-07-01,36.27,36.41,36.09,36.14,55292742.0
2005-07-05,36.04,36.6,36.01,36.52,79288691.0
2005-07-06,36.44,36.69,36.28,36.34,79331938.0
2005-07-07,35.99,36.5,35.96,36.47,120216319.0
2005-07-08,36.49,37.22,36.4,37.18,101469272.0
2005-07-11,37.28,37.57,37.21,37.53,96455481.0
2005-07-12,37.53,37.87,37.42,37.71,86105577.0
2005-07-13,37.73,37.84,37.58,37.8,72552503.0
2005-07-14,38.07,38.29,37.93,38.18,103210918.0
2005-07-15,38.24,38.41,38.06,38.3,67732850.0
2005-07-18,38.18,38.3,38.1,38.14,59117177.0
2005-07-19,38.32,38.61,38.25,38.59,78687487.0
2005-07-20,38.34,38.98,38.31,38.87,91982299.0
2005-07-21,38.97,39.1,38.62,38.88,127792685.0
2005-07-22,38.88,39.0,38.63,38.83,71717398.0
2005-07-25,38.87,39.04,38.61,38.68,52058534.0
2005-07-26,38.8,38.94,38.6,38.83,69662887.0
2005-07-27,38.84,39.17,38.64,39.13,83631468.0
2005-07-28,39.15,39.33,39.05,39.32,67122748.0
2005-07-29,39.28,39.33,38.93,38.99,74758605.0
2005-08-01,39.05,39.24,38.93,39.06,59877291.0
2005-08-02,39.11,39.55,39.07,39.49,79724703.0
2005-08-03,39.32,39.54,39.29,39.47,61975627.0
2005-08-04,39.29,39.35,38.98,39.08,72061763.0
2005-08-05,39.02,39.2,38.84,38.89,71262794.0
2005-08-08,38.93,39.02,38.55,38.6,64634750.0
2005-08-09,38.78,39.0,38.72,38.86,64615442.0
2005-08-10,38.96,39.1,38.38,38.52,104471008.0
2005-08-11,38.54,38.95,38.51,38.84,93638060.0
2005-08-12,38.53,38.73,38.38,38.62,86470098.0
2005-08-15,38.55,39.04,38.49,38.86,63066320.0
2005-08-16,38.71,38.74,38.15,38.22,94913030.0
2005-08-17,38.33,38.58,38.2,38.45,75633803.0
2005-08-18,38.28,38.51,38.18,38.25,72727102.0
2005-08-19,38.3,38.41,38.2,38.23,52177680.0
2005-08-22,38.29,38.59,38.01,38.25,93266714.0
2005-08-23,38.25,38.33,38.02,38.14,57532051.0
2005-08-24,38.06,38.59,37.87,37.91,95038020.0
2005-08-25,37.97,38.1,37.9,38.0,52338697.0
2005-08-26,37.94,38.01,37.68,37.87,63884156.0
2005-08-29,37.67,38.26,37.67,38.17,74971199.0
2005-08-30,37.97,38.07,37.73,38.03,87506257.0
2005-08-31,38.05,38.42,37.89,38.39,93451985.0
2005-09-01,38.39,38.56,38.19,38.33,74917176.0
2005-09-02,38.4,38.44,38.15,38.18,53270335.0
2005-09-06,38.34,38.82,38.31,38.75,78129723.0
2005-09-07,38.71,38.89,38.62,38.82,57470407.0
2005-09-08,38.7,38.98,38.68,38.81,73964476.0
2005-09-09,38.82,39.1,38.72,39.03,75389962.0
2005-09-12,39.04,39.27,38.99,39.14,51700997.0
2005-09-13,39.09,39.32,38.95,39.04,66186141.0
2005-09-14,39.06,39.09,38.56,38.59,98671668.0
2005-09-15,38.67,38.75,38.46,38.57,80476183.0
2005-09-16,38.66,38.87,38.52,38.81,71052746.0
2005-09-19,38.73,38.79,38.32,38.5,73395504.0
2005-09-20,38.57,38.95,38.22,38.34,115514289.0
2005-09-21,38.23,38.28,37.88,37.91,116347175.0
2005-09-22,37.85,38.14,37.65,38.05,119165195.0
2005-09-23,37.92,38.29,37.82,38.16,70170150.0
2005-09-26,38.38,38.44,37.96,38.17,69345114.0
2005-09-27,38.21,38.31,37.92,38.08,64094331.0
2005-09-28,38.18,38.36,37.97,38.09,72059497.0
2005-09-29,38.04,38.62,37.86,38.61,117774063.0
2005-09-30,38.57,38.89,38.54,38.87,79260099.0
2005-10-03,38.95,39.16,38.92,38.97,81694217.0
2005-10-04,39.01,39.29,38.7,38.71,85379643.0
2005-10-05,38.72,38.75,38.14,38.17,106227405.0
2005-10-06,38.14,38.27,37.33,37.66,162273346.0
2005-10-07,37.82,37.98,37.59,37.75,91132545.0
2005-10-10,37.7,37.87,37.47,37.54,64031810.0
2005-10-11,37.62,37.65,37.21,37.35,114769611.0
2005-10-12,37.17,37.47,36.84,36.9,146123799.0
2005-10-13,36.88,37.32,36.74,37.19,138583649.0
2005-10-14,37.28,37.48,37.05,37.47,131480594.0
2005-10-17,37.47,37.6,37.23,37.59,64214160.0
2005-10-18,37.55,37.59,37.32,37.32,88096078.0
2005-10-19,37.15,38.08,37.02,38.08,132942280.0
2005-10-20,38.07,38.26,37.51,37.72,132676911.0
2005-10-21,38.11,38.16,37.79,37.96,110053023.0
2005-10-24,38.12,38.59,37.88,38.57,111785120.0
2005-10-25,38.49,38.6,38.18,38.42,86963965.0
2005-10-26,38.37,38.69,38.17,38.22,90028088.0
2005-10-27,38.19,38.21,37.44,37.44,135443141.0
2005-10-28,37.58,37.8,37.33,37.73,95367478.0
2005-10-31,37.84,38.46,37.83,38.28,115430994.0
2005-11-01,38.17,38.42,38.12,38.25,73633507.0
2005-11-02,38.14,38.87,38.12,38.76,101555811.0
2005-11-03,39.15,39.5,39.09,39.35,137053991.0
2005-11-04,39.41,39.64,39.25,39.49,100944407.0
2005-11-07,39.61,39.7,39.36,39.54,65366511.0
2005-11-08,39.48,39.76,39.4,39.55,78859604.0
2005-11-09,39.53,39.74,39.44,39.57,72458775.0
2005-11-10,39.59,40.1,39.33,40.01,120763063.0
2005-11-11,40.18,40.33,40.09,40.12,80107131.0
2005-11-14,40.15,40.27,40.01,40.13,53652320.0
2005-11-15,40.14,40.31,39.79,39.93,79543420.0
2005-11-16,40.06,40.19,39.87,40.18,65912623.0
2005-11-17,40.32,40.73,40.26,40.72,94448324.0
2005-11-18,40.93,41.06,40.68,40.86,108820140.0
2005-11-21,40.81,40.99,40.65,40.96,69731364.0
2005-11-22,40.87,41.28,40.77,41.11,88819199.0
2005-11-23,41.14,41.43,41.12,41.21,64101105.0
2005-11-25,41.25,41.35,41.14,41.3,22930184.0
2005-11-28,41.38,41.41,40.91,40.95,74716175.0
2005-11-29,41.17,41.26,40.75,40.75,77444739.0
2005-11-30,40.7,40.9,40.6,40.65,88044400.0
2005-12-01,40.92,41.46,40.91,41.42,91914037.0
2005-12-02,41.34,41.54,41.28,41.52,72929167.0
2005-12-05,41.46,41.47,41.04,41.21,61585506.0
2005-12-06,41.44,41.72,41.31,41.35,81509365.0
2005-12-07,41.42,41.44,41.04,41.27,83885425.0
2005-12-08,41.37,41.41,40.68,40.97,112043175.0
2005-12-09,40.98,41.18,40.79,41.13,56531746.0
2005-12-12,41.28,41.35,41.09,41.28,44869979.0
2005-12-13,41.23,41.62,41.17,41.46,76611599.0
2005-12-14,41.36,41.51,41.12,41.31,73581550.0
2005-12-15,41.41,41.48,41.02,41.38,72678244.0
2005-12-16,41.28,41.35,40.96,40.99,63742939.0
2005-12-19,41.09,41.12,40.31,40.33,75415030.0
2005-12-20,40.36,40.56,40.16,40.36,70480954.0
2005-12-21,40.43,40.82,40.36,40.54,68934959.0
2005-12-22,40.52,40.87,40.39,40.81,59156975.0
2005-12-23,40.92,41.0,40.71,40.81,38000400.0
2005-12-27,40.93,41.09,40.38,40.45,55669207.0
2005-12-28,40.47,40.64,40.28,40.4,50315397.0
2005-12-29,40.44,40.53,40.06,40.13,47308168.0
2005-12-30,39.96,39.99,39.77,39.82,60052840.0
2006-01-03,40.06,40.9,39.57,40.72,109422192.0
2006-01-04,40.82,41.15,40.73,41.15,92780152.0
2006-01-05,41.16,41.41,41.12,41.33,77692071.0
2006-01-06,41.67,42.11,41.47,42.09,110120922.0
2006-01-09,42.07,42.33,41.93,42.26,80775256.0
2006-01-10,42.05,42.33,41.96,42.29,84420431.0
2006-01-11,42.43,42.72,42.28,42.62,100777623.0
2006-01-12,42.57,42.7,42.26,42.41,82429110.0
2006-01-13,42.35,42.46,42.14,42.39,64586061.0
2006-01-17,42.07,42.2,41.91,42.11,78109615.0
2006-01-18,41.45,41.87,41.43,41.62,122426531.0
2006-01-19,41.81,42.23,41.7,41.93,111105162.0
2006-01-20,41.85,41.9,40.56,40.66,188671125.0
2006-01-23,40.78,40.86,40.49,40.67,111432050.0
2006-01-24,40.77,41.11,40.72,40.85,77967258.0
2006-01-25,41.05,41.08,40.49,40.67,99830921.0
2006-01-26,40.91,41.1,40.64,40.96,112779786.0
2006-01-27,41.22,41.8,41.15,41.52,110836097.0
2006-01-30,41.56,41.73,41.48,41.6,53942774.0
2006-01-31,41.55,41.68,41.22,41.41,101424250.0
2006-02-01,41.16,41.58,41.11,41.56,89240235.0
2006-02-02,41.42,41.49,40.82,40.84,94051510.0
2006-02-03,40.52,40.64,40.19,40.33,121104031.0
2006-02-06,40.31,40.42,40.0,40.22,58171412.0
2006-02-07,40.15,40.34,39.85,40.04,87377388.0
2006-02-08,40.33,40.56,40.1,40.51,89928249.0
2006-02-09,40.61,40.78,40.04,40.12,78220268.0
2006-02-10,40.09,40.47,39.67,40.37,102575845.0
2006-02-13,40.13,40.15,39.71,39.9,70655982.0
2006-02-14,39.96,40.43,39.82,40.31,94758477.0
2006-02-15,40.2,40.67,40.14,40.57,92268318.0
2006-02-16,40.71,40.96,40.56,40.95,103879199.0
2006-02-17,40.86,40.87,40.61,40.62,81770143.0
2006-02-21,40.62,40.68,40.02,40.16,85106042.0
2006-02-22,40.21,40.87,40.09,40.67,90997709.0
2006-02-23,40.63,40.95,40.49,40.56,66530589.0
2006-02-24,40.56,40.7,40.42,40.67,57087915.0
2006-02-27,40.78,41.28,40.74,41.13,64960242.0
2006-02-28,41.0,41.13,40.38,40.51,117638927.0
2006-03-01,40.62,41.18,40.56,41.07,80979384.0
2006-03-02,40.96,41.25,40.82,41.1,69878146.0
2006-03-03,40.86,41.42,40.8,40.86,112081666.0
2006-03-06,40.94,41.04,40.37,40.5,99593596.0
2006-03-07,40.44,40.48,40.06,40.26,96498119.0
2006-03-08,40.18,40.5,39.91,40.28,104013376.0
2006-03-09,40.41,40.56,39.88,39.93,108641563.0
2006-03-10,39.89,40.2,39.6,39.97,124486257.0
2006-03-13,40.17,40.35,40.03,40.09,69171046.0
2006-03-14,40.06,40.83,40.05,40.78,118215325.0
2006-03-15,40.94,41.13,40.73,41.13,84396103.0
2006-03-16,41.26,41.33,40.74,40.78,101385916.0
2006-03-17,40.73,41.0,40.64,40.86,78228437.0
2006-03-20,40.99,41.09,40.81,40.96,60240179.0
2006-03-21,40.92,41.42,40.49,40.52,136565994.0
2006-03-22,40.29,40.69,40.27,40.62,112323505.0
2006-03-23,40.5,40.63,40.23,40.5,75220667.0
2006-03-24,40.64,40.91,40.43,40.71,81809167.0
2006-03-27,40.69,40.92,40.65,40.72,54405618.0
2006-03-28,40.78,41.08,40.4,40.55,100534374.0
2006-03-29,40.61,41.51,40.58,41.33,130733520.0
2006-03-30,41.4,41.71,41.2,41.46,115943447.0
2006-03-31,41.55,41.6,41.25,41.34,71090453.0
2006-04-03,41.56,41.78,41.31,41.39,80733294.0
2006-04-04,41.45,41.72,41.34,41.62,90039798.0
2006-04-05,41.71,42.08,41.62,42.02,91662248.0
2006-04-06,41.99,42.35,41.85,42.14,91712997.0
2006-04-07,42.3,42.46,41.71,41.73,116609375.0
2006-04-10,41.81,41.91,41.5,41.67,59145232.0
2006-04-11,41.81,41.84,41.12,41.33,91488640.0
2006-04-12,41.36,41.49,41.21,41.34,59607395.0
2006-04-13,41.31,41.74,41.2,41.51,63482405.0
2006-04-17,41.45,41.62,40.8,41.07,104085141.0
2006-04-18,41.19,41.97,41.18,41.87,124333392.0
2006-04-19,41.95,42.06,41.71,42.06,79128313.0
2006-04-20,42.03,42.23,41.79,41.91,81412978.0
2006-04-21,42.08,42.27,41.23,41.41,130186988.0
2006-04-24,41.37,41.48,41.13,41.37,78556475.0
2006-04-25,41.49,41.51,41.06,41.28,77660788.0
2006-04-26,41.28,41.47,41.11,41.27,82566672.0
2006-04-27,41.08,41.9,40.91,41.67,174121982.0
2006-04-28,41.41,41.63,41.19,41.26,88951993.0
2006-05-01,41.34,41.46,40.72,40.85,92933660.0
2006-05-02,41.02,41.14,40.81,40.96,85173540.0
2006-05-03,40.99,41.05,40.69,40.9,74982425.0
2006-05-04,40.94,41.4,40.94,41.24,88713481.0
2006-05-05,41.52,41.62,41.35,41.57,82577926.0
2006-05-08,41.49,41.69,41.48,41.61,45093337.0
2006-05-09,41.51,41.59,41.38,41.45,49730634.0
2006-05-10,41.34,41.39,40.96,41.08,92440514.0
2006-05-11,41.04,41.06,40.04,40.15,141027564.0
2006-05-12,39.98,40.17,39.59,39.6,153954450.0
2006-05-15,39.44,39.75,39.2,39.57,127902521.0
2006-05-16,39.57,39.67,39.18,39.27,132405520.0
2006-05-17,39.09,39.22,38.64,38.73,207927819.0
2006-05-18,38.9,39.07,38.41,38.46,139722870.0
2006-05-19,38.58,38.88,38.16,38.76,194311800.0
2006-05-22,38.43,38.65,38.03,38.38,169606643.0
2006-05-23,38.67,38.79,37.98,38.0,142649419.0
2006-05-24,37.94,38.45,37.64,38.26,234998203.0
2006-05-25,38.49,38.79,38.23,38.77,123529903.0
2006-05-26,38.86,38.99,38.64,38.9,91329329.0
2006-05-30,38.72,38.74,38.02,38.05,105610216.0
2006-05-31,38.13,38.47,37.95,38.23,137104477.0
2006-06-01,38.32,39.15,38.25,39.15,119438755.0
2006-06-02,39.38,39.41,38.72,39.05,128865492.0
2006-06-05,38.96,38.97,38.19,38.19,103300548.0
2006-06-06,38.26,38.36,37.76,38.16,127304218.0
2006-06-07,38.21,38.58,37.86,37.87,130867576.0
2006-06-08,37.68,37.97,36.9,37.81,280562157.0
2006-06-09,37.95,38.15,37.52,37.56,144146189.0
2006-06-12,37.61,37.67,36.8,36.81,145634471.0
2006-06-13,36.93,37.21,36.57,36.66,207140244.0
2006-06-14,36.77,37.12,36.61,37.04,201888252.0
2006-06-15,37.25,38.2,37.21,38.06,200727654.0
2006-06-16,37.96,38.09,37.61,37.75,120017376.0
2006-06-19,37.91,37.95,37.32,37.44,129464799.0
2006-06-20,37.5,37.89,37.35,37.49,102888558.0
2006-06-21,37.55,38.4,37.54,38.09,129566304.0
2006-06-22,38.01,38.09,37.4,37.6,143831509.0
2006-06-23,37.57,37.94,37.34,37.56,88050200.0
2006-06-26,37.58,37.8,37.48,37.66,65157609.0
2006-06-27,37.69,37.74,36.9,36.94,128227495.0
2006-06-28,37.04,37.25,36.79,37.22,91578394.0
2006-06-29,37.37,38.37,37.31,38.37,182431073.0
2006-06-30,38.53,38.55,38.09,38.18,83253105.0
2006-07-03,38.29,38.41,38.22,38.41,21598542.0
2006-07-05,38.05,38.09,37.5,37.58,93732118.0
2006-07-06,37.67,37.89,37.42,37.52,70634553.0
2006-07-07,37.3,37.58,36.98,37.1,108071595.0
2006-07-10,37.2,37.34,36.58,36.77,105125940.0
2006-07-11,36.69,37.15,36.49,37.05,136121590.0
2006-07-12,36.97,37.05,36.25,36.34,154458865.0
2006-07-13,36.07,36.45,35.72,35.72,177745415.0
2006-07-14,35.71,35.79,35.2,35.35,172448477.0
2006-07-17,35.36,35.66,35.28,35.44,134358093.0
2006-07-18,35.63,35.74,34.95,35.56,207274677.0
2006-07-19,35.51,36.24,35.5,36.03,193014681.0
2006-07-20,36.15,36.21,35.45,35.49,152346656.0
2006-07-21,35.29,35.37,35.03,35.11,119379886.0
2006-07-24,35.26,35.84,35.21,35.82,130301523.0
2006-07-25,35.88,36.15,35.65,36.03,108869562.0
2006-07-26,35.91,36.28,35.64,36.0,107193127.0
2006-07-27,36.14,36.45,35.66,35.76,99707252.0
2006-07-28,35.97,36.55,35.91,36.52,93570326.0
2006-07-31,36.49,36.73,36.3,36.51,78096497.0
2006-08-01,36.2,36.21,35.67,35.89,98573511.0
2006-08-02,36.02,36.54,36.02,36.3,87398979.0
2006-08-03,35.95,36.75,35.89,36.53,99296001.0
2006-08-04,36.83,37.04,36.03,36.36,123504696.0
2006-08-07,36.32,36.35,35.94,36.12,70127570.0
2006-08-08,36.22,36.31,35.67,35.89,124510764.0
2006-08-09,36.42,36.72,35.84,35.94,145388244.0
2006-08-10,35.87,36.29,35.72,36.2,102511912.0
2006-08-11,36.06,36.1,35.78,35.94,86930474.0
2006-08-14,36.27,36.68,36.11,36.18,109350755.0
2006-08-15,36.63,37.16,36.5,37.11,133719823.0
2006-08-16,37.4,38.02,37.25,37.99,135470050.0
2006-08-17,37.88,38.39,37.85,38.14,129697874.0
2006-08-18,38.06,38.24,37.69,38.2,97774825.0
2006-08-21,37.88,37.97,37.67,37.83,66671704.0
2006-08-22,37.77,38.22,37.61,37.84,102133232.0
2006-08-23,37.88,38.08,37.33,37.55,96067499.0
2006-08-24,37.67,37.76,37.33,37.66,79002027.0
2006-08-25,37.58,38.05,37.47,37.73,73588175.0
2006-08-28,37.69,38.2,37.65,38.02,80085884.0
2006-08-29,37.99,38.17,37.59,38.14,105057987.0
2006-08-30,38.15,38.44,38.01,38.32,75714760.0
2006-08-31,38.35,38.44,38.17,38.28,61215492.0
2006-09-01,38.48,38.62,38.31,38.49,69390571.0
2006-09-05,38.52,38.89,38.26,38.87,85588633.0
2006-09-06,38.49,38.6,38.02,38.08,97898589.0
2006-09-07,37.98,38.31,37.77,37.89,115901235.0
2006-09-08,37.95,38.23,37.87,38.13,96629978.0
2006-09-11,37.82,38.56,37.73,38.37,142377744.0
2006-09-12,38.36,39.21,38.36,39.09,124108425.0
2006-09-13,39.14,39.39,39.04,39.37,116096212.0
2006-09-14,39.26,39.49,39.18,39.4,98115993.0
2006-09-15,39.76,39.87,39.41,39.52,137846021.0
2006-09-18,39.53,39.81,39.35,39.52,117821649.0
2006-09-19,39.65,39.66,38.93,39.26,159077217.0
2006-09-20,39.61,39.95,39.6,39.84,116648153.0
2006-09-21,39.93,40.08,39.49,39.59,126895936.0
2006-09-22,39.56,39.57,39.11,39.28,101036330.0
2006-09-25,39.46,40.07,39.09,39.98,136553223.0
2006-09-26,39.93,40.21,39.81,40.18,113549145.0
2006-09-27,40.11,40.36,39.91,40.13,113144694.0
2006-09-28,40.18,40.3,39.84,40.24,86027761.0
2006-09-29,40.3,40.34,40.03,40.06,85447832.0
2006-10-02,40.01,40.11,39.49,39.55,97147327.0
2006-10-03,39.46,39.89,39.29,39.72,116273890.0
2006-10-04,39.63,40.72,39.55,40.71,149493267.0
2006-10-05,40.69,40.97,40.59,40.91,92177158.0
2006-10-06,40.79,40.97,40.65,40.82,85451763.0
2006-10-09,40.78,41.15,40.73,40.96,62770341.0
2006-10-10,41.02,41.16,40.72,41.03,98191760.0
2006-10-11,40.84,41.24,40.58,40.95,136568089.0
2006-10-12,41.17,41.66,41.11,41.64,95323551.0
2006-10-13,41.63,41.93,41.55,41.84,80475412.0
2006-10-16,41.84,42.03,41.81,41.86,62047940.0
2006-10-17,41.58,41.61,41.17,41.41,146150921.0
2006-10-18,41.63,41.72,41.06,41.21,121160120.0
2006-10-19,41.1,41.52,41.0,41.31,108229620.0
2006-10-20,41.46,41.5,41.05,41.41,105456136.0
2006-10-23,41.33,41.99,41.23,41.84,126990555.0
2006-10-24,41.7,41.86,41.33,41.54,103672141.0
2006-10-25,41.55,41.93,41.46,41.84,125404984.0
2006-10-26,41.98,42.33,41.63,42.23,130867297.0
2006-10-27,42.14,42.23,41.49,41.62,129376121.0
2006-10-30,41.58,42.06,41.47,41.89,103951924.0
2006-10-31,41.97,42.17,41.72,41.99,135825470.0
2006-11-01,42.14,42.18,41.23,41.41,148967514.0
2006-11-02,41.23,41.55,41.15,41.45,100228453.0
2006-11-03,41.51,41.6,41.02,41.34,119298316.0
2006-11-06,41.47,42.12,41.47,41.95,101358057.0
2006-11-07,41.94,42.5,41.88,42.24,139881990.0
2006-11-08,41.99,42.61,41.88,42.44,180444817.0
2006-11-09,42.68,42.76,42.08,42.21,124300806.0
2006-11-10,42.25,42.45,42.08,42.44,82787792.0
2006-11-13,42.47,42.95,42.41,42.87,89166164.0
2006-11-14,42.91,43.38,42.65,43.34,121980241.0
2006-11-15,43.39,43.81,43.33,43.52,116580998.0
2006-11-16,43.66,43.83,43.43,43.71,113544303.0
2006-11-17,43.47,43.71,43.36,43.71,95173328.0
2006-11-20,43.57,43.89,43.42,43.8,107232390.0
2006-11-21,43.83,43.92,43.66,43.86,68142425.0
2006-11-22,43.99,44.16,43.67,44.14,69871527.0
2006-11-24,43.81,44.27,43.79,44.06,51798358.0
2006-11-27,43.93,44.02,43.05,43.07,159532142.0
2006-11-28,42.93,43.25,42.75,43.18,118278577.0
2006-11-29,43.41,43.59,43.07,43.48,139549886.0
2006-11-30,43.46,43.69,43.2,43.45,124975687.0
2006-12-01,43.41,43.51,42.67,43.07,144581726.0
2006-12-04,43.2,43.89,43.2,43.67,89971162.0
2006-12-05,43.8,43.96,43.6,43.83,84714510.0
2006-12-06,43.7,43.81,43.48,43.67,78245532.0
2006-12-07,43.75,43.89,43.11,43.11,124966160.0
2006-12-08,42.98,43.67,42.88,43.31,133811989.0
2006-12-11,43.25,43.78,43.16,43.47,72943164.0
2006-12-12,43.44,43.54,42.97,43.21,111250408.0
2006-12-13,43.52,43.52,43.03,43.29,79056643.0
2006-12-14,43.38,43.98,43.35,43.78,109119371.0
2006-12-15,44.07,44.17,43.76,43.84,99947229.0
2006-12-18,43.99,44.16,43.21,43.4,121594464.0
2006-12-19,43.06,43.47,42.79,43.26,136551311.0
2006-12-20,43.3,43.52,43.08,43.1,67352272.0
2006-12-21,43.17,43.2,42.62,42.79,102965261.0
2006-12-22,42.8,42.82,42.34,42.34,92874340.0
2006-12-26,42.34,42.53,42.29,42.52,50869150.0
2006-12-27,42.6,42.81,42.51,42.74,54135497.0
2006-12-28,42.61,42.79,42.46,42.53,70284151.0
2006-12-29,42.62,43.02,42.53,42.57,80339099.0
2007-01-03,42.87,43.47,41.93,42.65,169146010.0
2007-01-04,42.71,43.62,42.56,43.47,136894452.0
2007-01-05,43.34,43.36,42.89,43.26,138993999.0
2007-01-08,43.29,43.53,43.05,43.29,106515417.0
2007-01-09,43.41,43.7,43.04,43.51,121674603.0
2007-01-10,43.37,44.07,43.23,44.03,121145296.0
2007-01-11,44.12,44.65,44.06,44.49,174081448.0
2007-01-12,44.43,44.76,44.38,44.72,104229981.0
2007-01-16,44.74,44.81,44.54,44.69,95910366.0
2007-01-17,44.5,44.7,44.24,44.32,127592400.0
2007-01-18,44.2,44.25,43.36,43.49,189138738.0
2007-01-19,43.39,43.69,43.32,43.58,127571594.0
2007-01-22,43.62,43.64,42.92,43.1,123473129.0
2007-01-23,43.05,43.39,42.91,42.99,133244032.0
2007-01-24,43.28,43.73,43.18,43.71,117662553.0
2007-01-25,43.78,43.88,42.99,43.14,158438318.0
2007-01-26,43.22,43.24,42.7,42.98,146285049.0
2007-01-29,42.86,43.32,42.81,43.02,104203394.0
2007-01-30,43.09,43.2,42.93,43.04,69958438.0
2007-01-31,43.01,43.6,42.74,43.48,157941453.0
2007-02-01,43.68,43.81,43.26,43.43,147410023.0
2007-02-02,43.52,43.66,43.35,43.57,98191499.0
2007-02-05,43.55,43.77,43.37,43.53,96392787.0
2007-02-06,43.61,43.64,43.05,43.46,121138825.0
2007-02-07,43.7,44.06,43.53,43.87,118013491.0
2007-02-08,43.8,44.01,43.64,43.86,89559666.0
2007-02-09,43.98,44.13,43.14,43.25,133504763.0
2007-02-12,43.29,43.3,43.0,43.11,126965882.0
2007-02-13,43.2,43.41,43.11,43.27,95559683.0
2007-02-14,43.46,44.12,43.45,44.01,133562710.0
2007-02-15,44.04,44.27,43.96,44.27,110500582.0
2007-02-16,44.09,44.24,43.98,44.12,72364761.0
2007-02-20,44.06,44.53,43.84,44.46,93683246.0
2007-02-21,44.33,44.62,44.24,44.6,95941147.0
2007-02-22,44.77,44.96,44.48,44.83,116386138.0
2007-02-23,44.82,44.87,44.39,44.67,113507050.0
2007-02-26,44.9,44.91,44.17,44.45,102249641.0
2007-02-27,43.78,43.89,42.47,42.6,318067859.0
2007-02-28,42.57,43.17,42.34,42.74,217539443.0
2007-03-01,41.96,42.95,41.65,42.54,231967519.0
2007-03-02,42.19,42.55,41.88,41.89,183419959.0
2007-03-05,41.57,42.21,41.47,41.56,174692606.0
2007-03-06,41.97,42.4,41.91,42.26,155742094.0
2007-03-07,42.27,42.39,42.06,42.09,116626654.0
2007-03-08,42.54,42.65,42.25,42.38,121051587.0
2007-03-09,42.74,42.75,42.06,42.34,128627927.0
2007-03-12,42.29,42.69,42.24,42.62,81371756.0
2007-03-13,42.41,42.65,41.77,41.78,171232751.0
2007-03-14,41.84,42.41,41.51,42.4,192587565.0
2007-03-15,42.27,42.47,42.13,42.3,111627315.0
2007-03-16,42.35,42.45,42.02,42.24,108365384.0
2007-03-19,42.47,42.8,42.36,42.68,95964699.0
2007-03-20,42.67,43.0,42.62,42.99,81054392.0
2007-03-21,43.04,43.85,42.76,43.83,173967511.0
2007-03-22,43.84,43.86,43.5,43.67,114906756.0
2007-03-23,43.67,43.78,43.48,43.53,68621788.0
2007-03-26,43.55,43.73,43.04,43.71,114278396.0
2007-03-27,43.64,43.65,43.36,43.4,77138210.0
2007-03-28,43.2,43.44,42.92,42.93,149047475.0
2007-03-29,43.25,43.26,42.51,42.98,124466424.0
2007-03-30,42.97,43.28,42.63,42.94,120595433.0
2007-04-02,43.08,43.17,42.71,43.0,90074761.0
2007-04-03,43.23,43.72,43.2,43.57,105925137.0
2007-04-04,43.61,43.79,43.54,43.75,85200468.0
2007-04-05,43.7,43.99,43.64,43.97,54260779.0
2007-04-09,44.12,44.16,43.79,43.86,65685684.0
2007-04-10,43.85,44.09,43.82,44.09,76458129.0
2007-04-11,44.05,44.07,43.48,43.62,118359304.0
2007-04-12,43.55,44.03,43.36,43.97,114852449.0
2007-04-13,43.98,44.13,43.7,44.06,94594604.0
2007-04-16,44.23,44.56,44.23,44.47,73084857.0
2007-04-17,44.55,44.61,44.37,44.57,81879736.0
2007-04-18,44.34,44.64,44.24,44.42,82051504.0
2007-04-19,44.22,44.66,44.13,44.56,95510366.0
2007-04-20,44.94,45.08,44.61,44.81,122441399.0
2007-04-23,44.85,45.01,44.75,44.88,85450450.0
2007-04-24,45.04,45.24,44.74,45.11,108196954.0
2007-04-25,45.26,45.73,45.11,45.72,106954392.0
2007-04-26,45.83,46.06,45.74,45.96,99409986.0
2007-04-27,45.78,46.11,45.7,45.98,96607259.0
2007-04-30,45.91,45.94,45.33,45.37,93556683.0
2007-05-01,45.38,45.55,45.07,45.48,135347774.0
2007-05-02,45.5,45.99,45.46,45.83,91995829.0
2007-05-03,45.94,46.13,45.84,46.0,98037633.0
2007-05-04,46.17,46.3,45.83,46.04,93643063.0
2007-05-07,46.06,46.19,45.98,46.04,48424993.0
2007-05-08,45.88,46.18,45.71,46.14,95197296.0
2007-05-09,45.9,46.38,45.87,46.24,116007860.0
2007-05-10,46.07,46.19,45.48,45.6,171264643.0
2007-05-11,45.65,46.19,45.59,46.19,105282844.0
2007-05-14,46.18,46.29,45.6,45.87,118966989.0
2007-05-15,45.82,46.11,45.4,45.51,179489134.0
2007-05-16,45.62,45.97,45.32,45.96,144722516.0
2007-05-17,45.91,45.98,45.7,45.74,110308018.0
2007-05-18,45.89,46.12,45.79,46.12,104992456.0
2007-05-21,46.15,46.65,46.08,46.42,112895185.0
2007-05-22,46.45,46.69,46.28,46.46,98172819.0
2007-05-23,46.6,46.78,46.23,46.24,119434425.0
2007-05-24,46.27,46.45,45.38,45.57,206344362.0
2007-05-25,45.67,45.97,45.59,45.86,87154203.0
2007-05-29,45.9,46.27,45.82,46.22,102469369.0
2007-05-30,45.89,46.61,45.76,46.6,134482055.0
2007-05-31,46.73,46.93,46.62,46.82,110776572.0
2007-06-01,46.99,47.18,46.78,46.85,130021067.0
2007-06-04,46.68,47.05,46.65,46.99,65389891.0
2007-06-05,46.84,46.99,46.41,46.99,151176309.0
2007-06-06,46.78,46.79,46.37,46.48,183211104.0
2007-06-07,46.32,46.62,45.73,45.75,221629091.0
2007-06-08,45.74,46.34,45.57,46.32,177619187.0
2007-06-11,46.3,46.6,46.17,46.23,97154490.0
2007-06-12,45.99,46.45,45.86,45.95,154107381.0
2007-06-13,46.15,46.5,45.95,46.46,148025252.0
2007-06-14,46.51,46.9,46.5,46.77,102051668.0
2007-06-15,47.17,47.28,47.06,47.14,100410121.0
2007-06-18,47.26,47.28,47.08,47.18,75767348.0
2007-06-19,47.04,47.27,46.92,47.17,109680620.0
2007-06-20,47.25,47.33,46.65,46.72,163050049.0
2007-06-21,46.71,47.2,46.49,47.15,143198074.0
2007-06-22,47.05,47.12,46.55,46.7,153616634.0
2007-06-25,46.72,46.99,46.23,46.5,136618872.0
2007-06-26,46.73,46.73,46.15,46.23,128218934.0
2007-06-27,46.17,46.97,46.11,46.95,141238628.0
2007-06-28,46.93,47.26,46.88,46.93,116596740.0
2007-06-29,47.19,47.29,46.62,47.01,126666262.0
2007-07-02,47.13,47.46,47.09,47.42,80926013.0
2007-07-03,47.51,47.73,47.45,47.72,34803235.0
2007-07-05,47.76,48.18,47.7,48.07,73588499.0
2007-07-06,48.12,48.32,47.91,48.27,65812737.0
2007-07-09,48.31,48.39,48.13,48.3,66774416.0
2007-07-10,48.1,48.31,47.84,47.89,104397346.0
2007-07-11,47.78,48.22,47.73,48.22,99637596.0
2007-07-12,48.37,49.08,48.33,48.97,107667141.0
2007-07-13,49.03,49.38,48.98,49.31,74236703.0
2007-07-16,49.31,49.49,49.17,49.26,77799493.0
2007-07-17,49.38,49.71,49.33,49.64,124838546.0
2007-07-18,49.36,49.58,49.05,49.58,144933918.0
2007-07-19,49.82,50.07,49.72,49.73,116564064.0
2007-07-20,49.71,49.77,49.15,49.46,163721225.0
2007-07-23,49.62,49.72,49.33,49.48,115902699.0
2007-07-24,49.12,49.51,48.46,48.74,175550463.0
2007-07-25,48.98,49.08,48.47,48.81,170916771.0
2007-07-26,48.48,48.88,47.46,48.39,318659986.0
2007-07-27,48.31,48.53,47.4,47.4,246388645.0
2007-07-30,47.62,48.14,47.36,47.96,166523135.0
2007-07-31,48.36,48.4,46.84,46.94,260431810.0
2007-08-01,46.82,47.34,46.39,47.31,301213044.0
2007-08-02,47.35,47.84,47.2,47.75,177795538.0
2007-08-03,47.66,47.72,46.56,46.83,166048886.0
2007-08-06,46.87,47.43,46.44,47.38,190980274.0
2007-08-07,47.3,48.03,46.89,47.72,167576241.0
2007-08-08,47.92,48.47,47.81,48.25,165283054.0
2007-08-09,47.61,48.38,47.1,47.12,242875056.0
2007-08-10,46.63,47.24,46.04,46.69,247014358.0
2007-08-13,47.08,47.29,46.89,47.01,116963532.0
2007-08-14,47.09,47.15,46.14,46.2,153548717.0
2007-08-15,46.09,46.5,45.22,45.31,214860325.0
2007-08-16,44.96,45.32,43.8,44.86,362480242.0
2007-08-17,45.69,46.0,45.0,45.72,223247137.0
2007-08-20,45.89,46.13,45.49,45.94,148012139.0
2007-08-21,45.88,46.54,45.8,46.43,115029555.0
2007-08-22,46.78,47.11,46.68,47.07,120862585.0
2007-08-23,47.17,47.26,46.64,46.94,120348791.0
2007-08-24,46.8,47.65,46.73,47.61,88192858.0
2007-08-27,47.47,47.61,47.25,47.29,72491406.0
2007-08-28,47.01,47.11,46.12,46.15,106025155.0
2007-08-29,46.47,47.53,46.46,47.49,113203904.0
2007-08-30,47.24,48.15,47.16,47.74,138930137.0
2007-08-31,48.27,48.47,48.02,48.28,94692123.0
2007-09-04,48.33,49.41,48.32,49.09,98481769.0
2007-09-05,48.96,49.06,48.28,48.59,114049417.0
2007-09-06,48.64,48.77,48.22,48.55,100140879.0
2007-09-07,47.93,48.01,47.36,47.64,152438076.0
2007-09-10,48.03,48.16,47.22,47.61,125209015.0
2007-09-11,47.92,48.4,47.84,48.34,103064420.0
2007-09-12,48.25,48.78,48.19,48.35,94129293.0
2007-09-13,48.71,48.76,48.35,48.59,80819820.0
2007-09-14,48.21,48.72,48.14,48.63,101218422.0
2007-09-17,48.4,48.51,48.0,48.22,84882267.0
2007-09-18,48.49,49.49,48.24,49.45,151455795.0
2007-09-19,49.7,50.0,49.39,49.58,127025724.0
2007-09-20,49.47,49.67,49.33,49.44,109970577.0
2007-09-21,49.7,49.93,49.43,49.77,86837267.0
2007-09-24,49.92,50.37,49.74,50.0,107226720.0
2007-09-25,49.83,50.48,49.77,50.48,101116343.0
2007-09-26,50.77,50.92,50.53,50.73,96124510.0
2007-09-27,51.04,51.06,50.77,50.99,73430670.0
2007-09-28,50.96,51.09,50.59,50.82,75549164.0
2007-10-01,50.86,51.57,50.79,51.41,100406595.0
2007-10-02,51.45,51.47,51.13,51.42,71045968.0
2007-10-03,51.24,51.48,50.91,51.06,106790484.0
2007-10-04,51.16,51.24,50.75,51.18,84129214.0
2007-10-05,51.58,52.31,51.47,52.23,115681518.0
2007-10-08,52.21,52.57,52.12,52.56,63449126.0
2007-10-09,52.68,52.86,52.44,52.79,94211279.0
2007-10-10,52.8,52.98,52.62,52.92,91777573.0
2007-10-11,53.2,53.35,51.69,52.07,239787723.0
2007-10-12,52.31,52.95,52.21,52.94,131675908.0
2007-10-15,53.02,53.12,52.11,52.53,121579489.0
2007-10-16,52.2,52.69,52.09,52.28,193676904.0
2007-10-17,53.03,53.07,52.09,52.96,183985325.0
2007-10-18,52.75,53.3,52.53,53.19,144502434.0
2007-10-19,53.18,53.18,51.8,51.85,245111936.0
2007-10-22,51.57,52.53,51.43,52.48,207190459.0
2007-10-23,53.02,53.62,52.75,53.59,162560572.0
2007-10-24,53.15,53.35,52.02,53.18,298346284.0
2007-10-25,53.29,53.39,52.16,52.46,235429874.0
2007-10-26,53.49,53.61,52.85,53.34,146690641.0
2007-10-29,53.6,53.74,53.25,53.57,101897569.0
2007-10-30,53.35,53.97,53.31,53.67,114616598.0
2007-10-31,53.88,54.48,53.45,54.44,148431932.0
2007-11-01,54.09,54.18,53.38,53.41,183443465.0
2007-11-02,53.83,53.96,53.01,53.83,217884414.0
2007-11-05,53.27,53.81,53.0,53.48,152401833.0
2007-11-06,53.74,54.1,53.19,54.09,131884651.0
2007-11-07,53.63,53.99,52.72,52.76,197910988.0
2007-11-08,52.55,52.74,50.21,51.14,380626329.0
2007-11-09,50.14,50.53,49.41,49.41,309419820.0
2007-11-12,49.33,49.65,48.06,48.14,283215926.0
2007-11-13,48.8,50.2,48.76,50.15,255626493.0
2007-11-14,50.8,50.85,49.31,49.5,263286876.0
2007-11-15,49.41,49.95,48.78,49.23,251550792.0
2007-11-16,49.55,49.9,48.75,49.69,263623649.0
2007-11-19,49.58,49.86,48.82,49.11,201503704.0
2007-11-20,49.36,50.19,48.34,49.31,300763582.0
2007-11-21,48.84,49.58,48.26,48.72,212724152.0
2007-11-23,49.04,49.38,48.78,49.25,46472533.0
2007-11-26,49.39,49.78,48.31,48.39,150352664.0
2007-11-27,48.8,49.46,48.51,49.37,211369293.0
2007-11-28,50.04,51.11,50.01,50.89,216872308.0
2007-11-29,50.68,51.3,50.61,51.11,172091667.0
2007-11-30,51.62,51.66,50.36,50.72,171417928.0
2007-12-03,50.55,50.94,50.23,50.29,108625642.0
2007-12-04,49.87,50.35,49.79,50.08,113374086.0
2007-12-05,50.61,51.41,50.57,50.98,138816511.0
2007-12-06,51.04,51.78,51.02,51.73,100506375.0
2007-12-07,51.7,51.95,51.49,51.74,88992298.0
2007-12-10,51.85,52.1,51.73,51.95,76824950.0
2007-12-11,52.02,52.25,50.62,50.73,168518680.0
2007-12-12,51.66,51.84,50.3,51.19,162975311.0
2007-12-13,50.74,51.04,50.39,50.91,154331269.0
2007-12-14,50.5,51.01,50.33,50.38,129258123.0
2007-12-17,50.19,50.4,49.12,49.14,134381821.0
2007-12-18,49.65,49.68,48.59,49.3,154251626.0
2007-12-19,49.3,49.61,49.02,49.29,137971898.0
2007-12-20,50.08,50.37,49.61,50.31,168250877.0
2007-12-21,51.12,51.31,50.89,51.26,107613153.0
2007-12-24,51.42,51.81,51.36,51.65,34499893.0
2007-12-26,51.56,52.04,51.41,51.91,58492079.0
2007-12-27,51.74,51.91,51.12,51.34,65778895.0
2007-12-28,51.45,51.57,50.84,51.27,67570182.0
2007-12-31,50.97,51.09,50.62,50.63,70137773.0
2008-01-02,50.68,50.88,49.54,49.86,152344477.0
2008-01-03,49.81,50.17,49.56,50.03,114105510.0
2008-01-04,49.2,49.24,47.62,47.81,212668574.0
2008-01-07,47.82,48.01,46.84,47.58,235916697.0
2008-01-08,47.7,48.17,46.33,46.33,261701946.0
2008-01-09,46.5,47.37,45.87,47.33,254138782.0
2008-01-10,46.83,47.82,46.7,47.4,249963616.0
2008-01-11,47.13,47.18,46.11,46.46,211685127.0
2008-01-14,47.1,47.42,46.72,47.28,168048431.0
2008-01-15,46.79,46.93,45.76,45.96,241795161.0
2008-01-16,45.6,46.32,44.87,45.46,265725123.0
2008-01-17,45.65,45.99,44.61,44.82,254455987.0
2008-01-18,45.05,45.55,44.17,44.76,273598230.0
2008-01-22,42.24,44.18,42.14,43.59,325734028.0
2008-01-23,41.95,43.56,41.02,43.43,390180544.0
2008-01-24,43.6,44.34,43.47,44.32,250250351.0
2008-01-25,45.27,45.28,43.35,43.4,199299091.0
2008-01-28,43.43,43.85,42.98,43.74,163711280.0
2008-01-29,43.97,44.09,43.45,43.82,138521982.0
2008-01-30,43.65,44.73,43.59,43.78,220837120.0
2008-01-31,43.28,45.0,43.23,44.54,246824010.0
2008-02-01,44.93,45.29,44.29,45.0,161920453.0
2008-02-04,44.99,45.02,44.35,44.36,100964459.0
2008-02-05,43.53,44.01,43.05,43.08,188990379.0
2008-02-06,43.33,43.58,42.18,42.22,178288262.0
2008-02-07,41.76,43.2,41.56,42.52,286369675.0
2008-02-08,42.59,43.18,42.35,43.01,174859856.0
2008-02-11,43.19,43.63,42.95,43.48,119565001.0
2008-02-12,43.74,44.09,42.92,43.23,145412357.0
2008-02-13,43.8,44.29,43.57,44.19,148694998.0
2008-02-14,44.25,44.26,43.3,43.38,170870095.0
2008-02-15,43.18,43.39,42.86,43.23,100054229.0
2008-02-19,43.8,43.91,42.68,43.15,110507578.0
2008-02-20,42.66,43.5,42.65,43.35,137338773.0
2008-02-21,43.77,43.88,42.75,42.93,127856974.0
2008-02-22,43.08,43.1,42.01,43.09,157365207.0
2008-02-25,43.03,43.48,42.75,43.31,121444230.0
2008-02-26,43.06,43.89,42.78,43.48,148379440.0
2008-02-27,43.18,43.87,43.08,43.7,125685850.0
2008-02-28,43.52,43.94,43.36,43.53,129197745.0
2008-02-29,43.06,43.18,42.26,42.36,188724944.0
2008-03-03,42.34,42.4,41.65,42.08,133647205.0
2008-03-04,41.82,42.45,41.43,42.32,183854962.0
2008-03-05,42.4,42.95,42.16,42.53,185542597.0
2008-03-06,42.5,42.68,41.51,41.58,152770647.0
2008-03-07,41.32,42.05,40.79,41.48,242552368.0
2008-03-10,41.42,41.55,40.58,40.67,147026783.0
2008-03-11,41.27,42.26,40.92,42.24,196891780.0
2008-03-12,42.43,42.85,42.01,42.12,155566029.0
2008-03-13,41.62,42.74,41.22,42.45,208991739.0
2008-03-14,42.77,42.79,41.15,41.66,309589728.0
2008-03-17,40.67,41.42,40.46,40.89,193130557.0
2008-03-18,41.65,42.75,41.52,42.74,216300588.0
2008-03-19,42.92,43.01,41.64,41.67,216157167.0
2008-03-20,41.76,42.51,41.51,42.5,128396981.0
2008-03-24,42.69,44.17,42.69,43.99,125075918.0
2008-03-25,44.09,44.48,43.69,44.24,118219647.0
2008-03-26,44.1,44.26,43.69,44.11,124824784.0
2008-03-27,43.85,43.92,43.12,43.12,143868548.0
2008-03-28,43.44,43.75,42.74,42.9,111838105.0
2008-03-31,43.06,43.43,42.86,43.13,117518862.0
2008-04-01,43.86,45.02,43.82,45.0,137494458.0
2008-04-02,45.1,45.43,44.58,44.9,132634234.0
2008-04-03,44.7,45.32,44.55,45.0,140033769.0
2008-04-04,45.19,45.76,44.81,45.27,139275842.0
2008-04-07,45.56,45.82,45.06,45.17,102610742.0
2008-04-08,44.82,45.13,44.59,44.82,97966142.0
2008-04-09,44.88,44.9,44.04,44.31,127257416.0
2008-04-10,44.34,45.25,44.34,44.95,112800408.0
2008-04-11,44.43,44.51,43.53,43.69,120135376.0
2008-04-14,43.62,43.89,43.36,43.49,89274579.0
2008-04-15,43.65,43.76,43.09,43.55,124234674.0
2008-04-16,44.1,44.89,44.06,44.78,134028192.0
2008-04-17,44.83,45.16,44.39,44.68,125056809.0
2008-04-18,45.92,46.34,45.63,46.12,133022542.0
2008-04-21,46.02,46.49,45.9,46.45,83303164.0
2008-04-22,46.14,46.18,45.34,45.75,105248016.0
2008-04-23,46.09,46.47,45.68,46.26,131095811.0
2008-04-24,46.28,47.2,45.8,46.68,166696478.0
2008-04-25,46.72,46.76,45.98,46.56,121945452.0
2008-04-28,46.66,47.03,46.54,46.65,77937981.0
2008-04-29,46.56,47.17,46.47,47.01,91270601.0
2008-04-30,47.1,47.47,46.44,46.62,132566431.0
2008-05-01,46.65,48.13,46.63,48.11,143596884.0
2008-05-02,48.6,48.6,47.75,48.18,124989913.0
2008-05-05,48.14,48.44,47.81,48.04,75624625.0
2008-05-06,47.9,48.54,47.55,48.34,139582614.0
2008-05-07,48.34,48.64,47.28,47.45,140008268.0
2008-05-08,47.65,48.11,47.47,47.81,128062662.0
2008-05-09,47.44,47.87,47.31,47.62,97061976.0
2008-05-12,47.69,48.6,47.61,48.5,90933811.0
2008-05-13,48.54,48.74,48.17,48.63,86411700.0
2008-05-14,48.83,49.34,48.45,48.52,143598133.0
2008-05-15,48.52,49.43,48.39,49.38,157248829.0
2008-05-16,49.5,49.52,48.86,49.42,146563269.0
2008-05-19,49.46,49.88,48.75,49.06,140179612.0
2008-05-20,48.86,48.88,48.3,48.68,137163740.0
2008-05-21,48.72,49.01,47.43,47.59,192807639.0
2008-05-22,47.71,48.1,47.52,47.76,153205168.0
2008-05-23,47.59,47.76,47.23,47.61,121708036.0
2008-05-27,47.73,48.52,47.7,48.46,106987732.0
2008-05-28,48.69,48.77,48.16,48.66,121369145.0
2008-05-29,48.68,49.38,48.66,49.1,143993392.0
2008-05-30,49.3,49.65,49.16,49.42,94163587.0
2008-06-02,49.33,49.33,48.37,48.81,144359885.0
2008-06-03,49.0,49.31,48.08,48.54,167680244.0
2008-06-04,48.38,49.51,48.35,49.17,174967803.0
2008-06-05,49.28,50.02,49.11,49.96,126653745.0
2008-06-06,49.52,49.62,48.43,48.44,189135933.0
2008-06-09,48.52,48.6,47.36,48.18,209693741.0
2008-06-10,47.69,48.35,47.57,47.95,162798493.0
2008-06-11,47.86,47.93,46.76,46.79,170367269.0
2008-06-12,47.12,47.52,46.41,46.83,189919350.0
2008-06-13,47.11,47.88,46.87,47.78,167854994.0
2008-06-16,47.53,48.43,47.48,48.21,136343925.0
2008-06-17,48.36,48.47,47.88,47.95,122952587.0
2008-06-18,47.67,47.86,47.24,47.43,169343079.0
2008-06-19,47.33,48.42,47.02,48.18,221366486.0
2008-06-20,47.75,47.76,46.62,46.83,197434104.0
2008-06-23,47.03,47.15,46.39,46.46,131548505.0
2008-06-24,46.24,46.78,45.82,46.22,178293711.0
2008-06-25,46.42,47.21,46.35,47.11,94059924.0
2008-06-26,46.11,46.11,45.05,45.06,190028233.0
2008-06-27,44.99,45.31,44.38,45.06,181351771.0
2008-06-30,44.94,45.24,44.56,44.58,133647549.0
2008-07-01,44.27,45.27,44.09,45.22,245494254.0
2008-07-02,45.37,45.54,44.05,44.12,199725486.0
2008-07-03,44.39,44.49,43.69,44.04,123118206.0
2008-07-07,44.46,44.87,43.65,44.31,181011239.0
2008-07-08,44.36,45.42,44.18,45.38,206255301.0
2008-07-09,45.37,45.44,44.14,44.16,168576493.0
2008-07-10,44.23,44.83,43.79,44.69,238811433.0
2008-07-11,44.22,44.68,43.26,43.97,265514634.0
2008-07-14,44.54,44.59,43.48,43.64,177389787.0
2008-07-15,43.42,44.34,42.71,43.65,283891074.0
2008-07-16,43.71,44.79,43.33,44.75,186047787.0
2008-07-17,44.97,45.23,44.39,45.05,197557054.0
2008-07-18,44.58,44.58,44.0,44.0,160660977.0
2008-07-21,44.41,44.6,43.9,44.19,128113055.0
2008-07-22,43.43,44.22,43.27,44.19,152526415.0
2008-07-23,44.25,45.3,44.13,44.78,169261691.0
2008-07-24,45.0,45.02,44.06,44.1,145565826.0
2008-07-25,44.39,44.89,44.17,44.68,111616700.0
2008-07-28,44.68,44.93,43.62,43.83,124028416.0
2008-07-29,44.04,44.95,43.98,44.75,142293509.0
2008-07-30,44.87,45.23,44.29,44.98,165679874.0
2008-07-31,44.52,45.56,44.43,44.87,180730831.0
2008-08-01,44.93,44.96,43.81,44.29,180377842.0
2008-08-04,44.28,44.33,43.71,43.84,116306830.0
2008-08-05,44.31,45.38,44.25,45.34,151727012.0
2008-08-06,45.34,46.22,44.99,46.04,133463695.0
2008-08-07,45.76,46.26,45.49,45.68,153493659.0
2008-08-08,45.66,46.85,45.56,46.73,143121409.0
2008-08-11,46.71,47.69,46.55,47.16,157291110.0
2008-08-12,47.17,47.57,46.92,47.21,140596918.0
2008-08-13,47.15,47.53,46.66,47.11,170430147.0
2008-08-14,46.95,47.87,46.9,47.66,158070122.0
2008-08-15,47.76,47.98,47.37,47.57,123115981.0
2008-08-18,47.7,47.72,46.67,47.01,151399004.0
2008-08-19,46.77,47.0,46.16,46.42,155418537.0
2008-08-20,46.77,46.97,46.15,46.5,155466659.0
2008-08-21,46.14,46.49,45.79,46.28,119456631.0
2008-08-22,46.53,47.09,46.49,46.9,96525453.0
2008-08-25,46.56,46.62,45.78,45.9,129270927.0
2008-08-26,45.92,46.18,45.53,45.84,107233846.0
2008-08-27,45.86,46.5,45.7,46.14,108983948.0
2008-08-28,46.33,46.69,46.24,46.52,116468546.0
2008-08-29,46.02,46.53,45.33,45.53,133272097.0
2008-09-02,46.27,46.49,44.75,44.96,162403164.0
2008-09-03,44.86,45.05,44.2,44.53,161682806.0
2008-09-04,44.26,44.32,43.07,43.07,219379763.0
2008-09-05,42.71,43.19,42.22,42.86,251742367.0
2008-09-08,43.45,43.63,42.09,42.72,311074015.0
2008-09-09,42.76,43.2,41.76,41.86,214180573.0
2008-09-10,42.28,42.59,41.86,42.21,160658075.0
2008-09-11,41.58,43.1,41.58,43.01,203441164.0
2008-09-12,42.64,43.12,42.31,42.84,172094276.0
2008-09-15,41.81,42.7,41.44,41.49,616795277.0
2008-09-16,40.88,42.25,40.84,41.82,349572381.0
2008-09-17,41.25,41.83,39.6,39.62,339831911.0
2008-09-18,40.53,41.38,38.91,40.98,423936090.0
2008-09-19,43.23,43.24,41.51,42.31,263401424.0
2008-09-22,42.16,42.25,40.21,40.29,164698164.0
2008-09-23,40.59,41.16,39.85,39.98,185981609.0
2008-09-24,40.26,40.67,39.93,40.26,159305214.0
2008-09-25,40.62,41.43,40.44,40.91,148592674.0
2008-09-26,39.71,40.9,39.63,40.49,182678550.0
2008-09-29,39.67,39.79,36.59,37.23,307954548.0
2008-09-30,37.15,38.71,37.01,38.32,195512753.0
2008-10-01,38.24,38.38,37.44,37.91,174122954.0
2008-10-02,37.66,37.66,36.05,36.16,192185789.0
2008-10-03,36.67,37.59,35.51,35.59,272144723.0
2008-10-06,34.67,34.94,32.32,34.27,394158016.0
2008-10-07,34.55,34.61,31.68,32.06,329540353.0
2008-10-08,31.36,33.53,31.25,31.8,452573314.0
2008-10-09,32.56,33.09,30.38,30.93,352621181.0
2008-10-10,29.93,31.89,28.79,30.73,472453686.0
2008-10-13,32.27,34.66,31.81,34.54,277352602.0
2008-10-14,35.51,35.56,32.6,33.02,342329877.0
2008-10-15,32.64,32.76,29.95,30.01,312092935.0
2008-10-16,30.23,31.68,28.66,31.67,494914633.0
2008-10-17,31.03,33.06,30.82,31.71,326945299.0
2008-10-20,32.2,32.67,31.11,32.61,232783604.0
2008-10-21,32.07,32.67,30.89,30.89,239937593.0
2008-10-22,30.8,31.01,29.12,30.02,289994039.0
2008-10-23,29.87,30.5,28.31,29.9,377966829.0
2008-10-24,27.54,29.66,27.5,28.92,322132846.0
2008-10-27,28.55,29.61,28.07,28.1,239494969.0
2008-10-28,29.09,31.29,28.26,31.27,327369313.0
2008-10-29,31.36,32.49,30.66,31.19,341391588.0
2008-10-30,32.08,32.47,31.39,32.25,255292876.0
2008-10-31,31.77,32.84,31.5,32.3,224280329.0
2008-11-03,32.22,32.71,31.92,32.23,128502428.0
2008-11-04,32.9,33.42,32.39,33.16,184653568.0
2008-11-05,32.9,33.01,31.33,31.4,184148880.0
2008-11-06,30.91,31.28,29.81,29.97,220780463.0
2008-11-07,30.33,30.89,30.0,30.6,176978636.0
2008-11-10,31.35,31.38,29.81,30.18,142737868.0
2008-11-11,29.88,30.17,29.13,29.51,162966991.0
2008-11-12,29.06,29.21,28.06,28.12,185073235.0
2008-11-13,28.04,29.94,26.69,29.87,318291734.0
2008-11-14,29.21,29.83,28.28,28.39,259407398.0
2008-11-17,27.9,28.64,27.67,27.78,202895475.0
2008-11-18,27.97,28.16,26.8,27.75,252795451.0
2008-11-19,27.81,28.19,26.2,26.27,244291825.0
2008-11-20,25.94,26.86,24.88,24.97,342473082.0
2008-11-21,25.37,26.09,24.46,26.08,282766446.0
2008-11-24,26.63,28.05,26.39,27.71,225223297.0
2008-11-25,28.03,28.05,26.93,27.58,203052528.0
2008-11-26,27.29,28.77,27.22,28.76,165062842.0
2008-11-28,28.45,28.6,28.24,28.53,41280421.0
2008-12-01,27.91,27.92,26.3,26.34,149331088.0
2008-12-02,26.69,27.3,26.25,27.24,181779303.0
2008-12-03,26.54,28.12,26.48,28.03,231013803.0
2008-12-04,27.56,28.19,26.73,27.22,188924185.0
2008-12-05,26.91,28.48,26.36,28.35,212310887.0
2008-12-08,28.96,29.87,28.85,29.49,185853387.0
2008-12-09,29.09,30.24,28.98,29.42,180275068.0
2008-12-10,29.5,29.87,29.03,29.32,162463841.0
2008-12-11,29.21,29.68,28.35,28.5,168621915.0
2008-12-12,28.1,29.27,27.88,29.09,158613887.0
2008-12-15,29.14,29.17,28.15,28.57,107938929.0
2008-12-16,28.83,30.07,28.81,29.97,172053683.0
2008-12-17,29.64,30.01,29.23,29.6,159961550.0
2008-12-18,29.6,29.81,28.77,29.07,281749450.0
2008-12-19,29.39,29.78,29.07,29.27,118332946.0
2008-12-22,29.27,29.33,28.15,28.62,95416528.0
2008-12-23,28.69,29.03,28.3,28.47,68804643.0
2008-12-24,28.61,28.62,28.39,28.55,27210316.0
2008-12-26,28.6,28.64,28.38,28.54,20951106.0
2008-12-29,28.64,28.65,27.87,28.3,52741222.0
2008-12-30,28.39,29.0,28.35,28.9,77131105.0
2008-12-31,28.89,29.49,28.86,29.15,89221387.0
2009-01-02,29.18,30.54,29.1,30.44,107920235.0
2009-01-05,30.23,30.74,30.0,30.43,91816703.0
2009-01-06,30.69,31.04,30.52,30.74,136819993.0
2009-01-07,30.22,30.31,29.6,29.85,134061870.0
2009-01-08,29.75,30.21,29.49,30.17,131928948.0
2009-01-09,30.2,30.2,29.33,29.48,117168319.0
2009-01-12,29.53,29.56,28.61,28.93,102779504.0
2009-01-13,28.93,29.39,28.59,28.94,186387347.0
2009-01-14,28.58,28.69,27.88,28.04,137108041.0
2009-01-15,27.96,28.75,27.48,28.51,192793442.0
2009-01-16,28.94,29.01,28.11,28.83,176263643.0
2009-01-20,28.7,28.84,27.37,27.37,135250974.0
2009-01-21,27.84,28.6,27.51,28.56,149386052.0
2009-01-22,27.93,28.64,27.67,28.17,200673406.0
2009-01-23,27.72,28.76,27.55,28.31,170164091.0
2009-01-26,28.37,29.0,28.16,28.52,140480978.0
2009-01-27,28.55,28.98,28.53,28.73,115589515.0
2009-01-28,29.24,30.06,29.22,29.76,139797234.0
2009-01-29,29.38,29.46,28.89,28.99,130773341.0
2009-01-30,29.23,29.34,28.35,28.47,140355212.0
2009-02-02,28.18,29.02,28.15,28.82,126884695.0
2009-02-03,28.87,29.4,28.44,29.28,120609316.0
2009-02-04,29.34,30.06,29.2,29.32,175430954.0
2009-02-05,28.88,30.18,28.87,29.98,217569936.0
2009-02-06,30.12,30.92,29.99,30.78,164513610.0
2009-02-09,30.8,31.08,30.6,30.91,98853986.0
2009-02-10,30.71,31.09,29.51,29.75,249865298.0
2009-02-11,29.75,29.94,29.14,29.61,169172553.0
2009-02-12,29.24,30.02,29.05,29.98,201151398.0
2009-02-13,29.87,30.19,29.7,29.84,151018357.0
2009-02-17,28.88,29.08,28.47,28.63,157782517.0
2009-02-18,28.82,29.08,28.28,28.65,163515643.0
2009-02-19,28.84,29.02,28.13,28.2,155324698.0
2009-02-20,27.87,28.56,27.8,28.28,210752398.0
2009-02-23,28.44,28.46,27.14,27.27,169474488.0
2009-02-24,27.41,28.39,27.37,28.19,181335883.0
2009-02-25,28.03,28.58,27.55,28.0,220225483.0
2009-02-26,28.19,28.36,27.11,27.2,211282792.0
2009-02-27,26.9,27.39,26.8,26.94,204495546.0
2009-03-02,26.53,26.92,25.88,26.05,188176135.0
2009-03-03,26.26,26.57,25.83,26.03,158749266.0
2009-03-04,26.9,27.12,26.33,26.74,164906096.0
2009-03-05,26.44,26.65,25.83,25.92,199616447.0
2009-03-06,26.04,26.22,25.12,25.71,218422037.0
2009-03-09,25.46,26.22,25.04,25.15,181154015.0
2009-03-10,25.67,26.8,25.57,26.74,175068132.0
2009-03-11,27.04,27.4,26.67,27.16,173147912.0
2009-03-12,27.13,28.17,26.85,28.08,186602127.0
2009-03-13,28.09,28.25,27.73,28.15,160340809.0
2009-03-16,28.31,28.39,27.6,27.67,190329869.0
2009-03-17,27.82,28.74,27.71,28.74,169856946.0
2009-03-18,28.64,29.61,28.49,29.11,208601738.0
2009-03-19,29.53,29.54,28.87,29.09,146766611.0
2009-03-20,29.07,29.44,28.39,28.59,149437356.0
2009-03-23,29.27,30.35,29.02,30.31,179580857.0
2009-03-24,30.06,30.29,29.72,29.74,120807755.0
2009-03-25,29.99,30.46,29.07,29.88,195327998.0
2009-03-26,30.29,30.87,29.83,30.82,182452407.0
2009-03-27,30.48,30.59,30.12,30.23,156094588.0
2009-03-30,29.7,29.73,29.03,29.47,162865315.0
2009-03-31,29.72,30.36,29.68,29.73,150172360.0
2009-04-01,29.35,30.29,29.2,30.18,137900604.0
2009-04-02,30.75,31.68,30.64,31.17,212236121.0
2009-04-03,31.46,31.81,31.24,31.76,134569019.0
2009-04-06,31.38,31.74,31.06,31.68,160389178.0
2009-04-07,31.31,31.33,30.62,30.83,147437045.0
2009-04-08,31.13,31.56,30.9,31.36,126082220.0
2009-04-09,31.94,32.42,31.84,32.35,131860167.0
2009-04-13,32.21,32.48,31.94,32.3,134899524.0
2009-04-14,32.1,32.29,31.68,31.9,124055564.0
2009-04-15,31.65,31.84,31.26,31.81,124801393.0
2009-04-16,32.24,32.84,31.92,32.65,171154505.0
2009-04-17,32.57,32.91,32.34,32.72,129822575.0
2009-04-20,32.11,32.23,31.47,31.65,122832087.0
2009-04-21,31.5,32.15,31.49,32.1,145482123.0
2009-04-22,31.91,32.94,31.8,32.2,165009383.0
2009-04-23,32.42,32.55,31.9,32.52,181721038.0
2009-04-24,32.76,33.34,32.48,33.1,141149116.0
2009-04-27,32.83,33.47,32.76,33.14,127907338.0
2009-04-28,32.93,33.32,32.77,32.89,108927366.0
2009-04-29,33.16,33.81,33.05,33.35,141391839.0
2009-04-30,33.78,34.31,33.45,33.69,144086502.0
2009-05-01,33.69,33.95,33.42,33.78,100096647.0
2009-05-04,34.08,34.5,33.93,34.46,119141628.0
2009-05-05,34.4,34.47,34.04,34.43,113579789.0
2009-05-06,34.73,34.75,33.87,34.44,178809098.0
2009-05-07,34.66,34.68,33.29,33.62,216440760.0
2009-05-08,33.76,34.15,33.29,33.64,183495642.0
2009-05-11,33.19,34.13,33.09,33.76,144467244.0
2009-05-12,33.83,33.89,32.93,33.34,147758443.0
2009-05-13,33.04,33.06,32.37,32.43,177114944.0
2009-05-14,32.51,33.11,32.49,32.8,140000057.0
2009-05-15,32.77,33.23,32.64,32.78,121320533.0
2009-05-18,33.0,33.69,32.8,33.65,114322275.0
2009-05-19,33.55,34.15,33.36,33.81,131552713.0
2009-05-20,33.95,34.45,33.59,33.69,131839276.0
2009-05-21,33.43,33.67,32.72,33.06,139240725.0
2009-05-22,33.19,33.38,32.73,32.95,83957544.0
2009-05-26,32.6,34.24,32.59,34.2,144776323.0
2009-05-27,34.09,34.6,33.84,33.96,121374986.0
2009-05-28,34.18,34.48,33.62,34.36,118925613.0
2009-05-29,34.39,34.91,34.17,34.79,111524056.0
2009-06-01,35.14,35.91,35.02,35.8,119150577.0
2009-06-02,35.6,36.2,35.52,35.85,127761244.0
2009-06-03,35.69,35.78,35.34,35.74,93318116.0
2009-06-04,35.81,36.2,35.75,36.15,89131808.0
2009-06-05,36.37,36.49,35.83,36.19,121960844.0
2009-06-08,35.94,36.36,35.53,36.08,89091796.0
2009-06-09,36.25,36.58,36.08,36.36,109174609.0
2009-06-10,36.58,36.59,35.7,36.23,133385103.0
2009-06-11,36.17,36.64,36.16,36.23,150523054.0
2009-06-12,36.08,36.13,35.61,36.06,109431382.0
2009-06-15,35.69,35.74,34.99,35.31,112110008.0
2009-06-16,35.47,35.6,34.93,34.96,110535860.0
2009-06-17,35.08,35.62,34.86,35.3,153370178.0
2009-06-18,35.24,35.47,34.98,35.23,126224418.0
2009-06-19,35.45,35.77,35.32,35.57,122045792.0
2009-06-22,35.21,35.3,34.43,34.49,137699093.0
2009-06-23,34.61,34.67,34.18,34.41,114895826.0
2009-06-24,34.71,35.28,34.69,35.0,103297347.0
2009-06-25,34.79,35.77,34.69,35.7,112533111.0
2009-06-26,35.54,35.91,35.46,35.78,89243385.0
2009-06-29,35.85,36.16,35.53,35.86,98133130.0
2009-06-30,35.96,36.14,35.52,35.79,97829801.0
2009-07-01,35.95,36.25,35.8,35.81,85957606.0
2009-07-02,35.5,35.51,34.91,35.01,113165042.0
2009-07-06,34.79,34.95,34.45,34.82,107612081.0
2009-07-07,34.83,34.9,33.92,33.94,149738331.0
2009-07-08,34.14,34.28,33.71,34.12,152759008.0
2009-07-09,34.25,34.42,34.06,34.18,97851468.0
2009-07-10,34.07,34.55,33.97,34.33,108481909.0
2009-07-13,34.36,35.01,33.89,35.0,127140297.0
2009-07-14,34.93,35.2,34.81,35.13,117936151.0
2009-07-15,35.72,36.34,35.55,36.33,160869688.0
2009-07-16,36.15,36.85,36.13,36.76,120142434.0
2009-07-17,36.77,36.98,36.58,36.97,104906405.0
2009-07-20,37.16,37.41,37.02,37.33,97168739.0
2009-07-21,37.48,37.59,37.05,37.59,130587601.0
2009-07-22,37.61,38.1,37.54,37.91,113808563.0
2009-07-23,37.86,38.9,37.8,38.76,160566419.0
2009-07-24,38.34,38.78,38.19,38.46,109312234.0
2009-07-27,38.7,38.82,38.28,38.76,94718534.0
2009-07-28,38.59,39.0,38.34,38.88,111564277.0
2009-07-29,38.73,38.84,38.41,38.75,126538184.0
2009-07-30,39.15,39.59,38.92,38.98,110161782.0
2009-07-31,38.97,39.26,38.82,38.86,78208282.0
2009-08-03,39.26,39.47,39.05,39.45,112374269.0
2009-08-04,39.27,39.6,39.18,39.45,100690726.0
2009-08-05,39.54,39.55,38.87,39.14,118092996.0
2009-08-06,39.2,39.34,38.65,38.79,116937411.0
2009-08-07,39.32,39.48,39.0,39.29,107512240.0
2009-08-10,39.14,39.26,38.75,39.01,87163150.0
2009-08-11,38.83,38.91,38.46,38.67,92591474.0
2009-08-12,38.62,39.63,38.61,39.28,147239950.0
2009-08-13,39.51,39.57,39.05,39.5,111874198.0
2009-08-14,39.3,39.37,38.69,39.04,124480151.0
2009-08-17,38.38,38.42,37.87,37.89,157986945.0
2009-08-18,38.13,38.52,38.02,38.44,123362487.0
2009-08-19,38.0,38.81,37.95,38.71,98583465.0
2009-08-20,38.69,39.25,38.61,39.17,127474969.0
2009-08-21,39.42,39.77,39.15,39.7,129273173.0
2009-08-24,39.77,39.98,39.51,39.66,167468471.0
2009-08-25,39.75,40.17,39.66,39.78,113616729.0
2009-08-26,39.7,40.01,39.49,39.71,103730215.0
2009-08-27,39.73,39.88,39.08,39.81,134967563.0
2009-08-28,40.3,40.49,39.57,39.85,388124716.0
2009-08-31,39.57,39.61,39.2,39.44,107997890.0
2009-09-01,39.28,40.0,38.57,38.69,180672715.0
2009-09-02,38.5,38.88,38.45,38.66,107513273.0
2009-09-03,38.85,38.98,38.43,38.92,82106407.0
2009-09-04,38.99,39.79,38.93,39.77,86776996.0
2009-09-08,40.06,40.19,39.87,40.15,86053657.0
2009-09-09,40.17,40.7,40.0,40.5,113720194.0
2009-09-10,40.52,40.94,40.41,40.89,108659231.0
2009-09-11,40.91,41.03,40.63,40.93,105679493.0
2009-09-14,40.64,41.12,40.62,41.09,111643348.0
2009-09-15,41.07,41.36,40.98,41.22,108552276.0
2009-09-16,41.39,41.89,41.25,41.83,96888463.0
2009-09-17,41.73,42.07,41.62,41.82,107862312.0
2009-09-18,41.97,42.03,41.62,41.85,91733565.0
2009-09-21,41.63,42.11,41.57,41.98,92113833.0
2009-09-22,42.23,42.24,41.85,42.06,79538224.0
2009-09-23,42.24,42.58,41.79,41.86,143924062.0
2009-09-24,42.02,42.1,41.18,41.48,112683808.0
2009-09-25,41.19,41.5,40.99,41.11,109215947.0
2009-09-28,41.33,42.07,41.3,41.82,84484131.0
2009-09-29,41.82,42.03,41.44,41.63,106720263.0
2009-09-30,41.8,42.01,41.01,41.66,173102625.0
2009-10-01,41.52,41.54,40.41,40.41,140119051.0
2009-10-02,40.13,40.66,40.13,40.29,145291252.0
2009-10-05,40.5,40.81,40.24,40.62,97054125.0
2009-10-06,40.84,41.55,40.63,41.35,124627964.0
2009-10-07,41.29,41.49,41.18,41.47,93787522.0
2009-10-08,41.72,42.03,41.55,41.65,107850372.0
2009-10-09,41.56,41.96,41.47,41.89,62827992.0
2009-10-12,42.04,42.28,41.69,41.98,53221870.0
2009-10-13,41.95,42.16,41.78,41.99,70939211.0
2009-10-14,42.51,42.62,42.26,42.57,91004866.0
2009-10-15,42.34,42.53,42.28,42.47,87172704.0
2009-10-16,42.33,42.4,41.89,42.19,111859601.0
2009-10-19,42.22,42.68,42.0,42.62,83511942.0
2009-10-20,42.86,42.87,42.35,42.63,89847824.0
2009-10-21,42.61,43.23,42.47,42.55,110397326.0
2009-10-22,42.48,42.9,42.2,42.72,85871768.0
2009-10-23,43.1,43.14,42.43,42.54,117029885.0
2009-10-26,42.58,43.17,42.2,42.4,107068518.0
2009-10-27,42.36,42.52,41.59,41.75,121438174.0
2009-10-28,41.6,41.73,40.71,40.8,143553508.0
2009-10-29,41.09,41.6,40.95,41.5,85207518.0
2009-10-30,41.47,41.56,40.33,40.37,162796442.0
2009-11-02,40.42,40.98,40.05,40.54,142520642.0
2009-11-03,40.38,40.73,40.25,40.67,95106973.0
2009-11-04,40.92,41.28,40.69,40.74,107970596.0
2009-11-05,41.22,41.81,41.19,41.76,135204788.0
2009-11-06,41.57,42.06,41.49,42.01,98396007.0
2009-11-09,42.33,42.93,42.29,42.92,101620781.0
2009-11-10,42.86,43.18,42.81,43.03,72846448.0
2009-11-11,43.35,43.55,43.02,43.31,84676105.0
2009-11-12,43.33,43.57,42.96,43.06,92426053.0
2009-11-13,43.19,43.55,43.04,43.42,87959492.0
2009-11-16,43.6,44.06,43.53,43.87,87776089.0
2009-11-17,43.75,44.01,43.66,44.01,81883998.0
2009-11-18,43.88,43.9,43.46,43.76,100240791.0
2009-11-19,43.47,43.49,42.76,43.07,114557942.0
2009-11-20,42.82,42.96,42.69,42.85,70912056.0
2009-11-23,43.28,43.81,43.27,43.55,91621407.0
2009-11-24,43.55,43.56,43.14,43.4,60669943.0
2009-11-25,43.55,43.63,43.42,43.59,37630050.0
2009-11-27,42.41,43.24,42.31,42.92,60684763.0
2009-11-30,42.82,43.03,42.52,42.97,86803235.0
2009-12-01,43.29,43.71,43.29,43.42,81817784.0
2009-12-02,43.57,43.9,43.39,43.48,81653509.0
2009-12-03,43.65,43.91,43.29,43.3,72460358.0
2009-12-04,43.86,44.14,43.07,43.53,125062510.0
2009-12-07,43.49,43.7,43.23,43.32,67568005.0
2009-12-08,43.09,43.41,42.77,43.05,86621378.0
2009-12-09,43.02,43.53,42.73,43.49,78820459.0
2009-12-10,43.66,43.95,43.65,43.71,76722313.0
2009-12-11,43.93,44.0,43.36,43.54,66643628.0
2009-12-14,43.84,44.01,43.6,43.96,47965477.0
2009-12-15,43.82,44.08,43.58,43.71,61171042.0
2009-12-16,43.88,44.11,43.7,43.77,61629612.0
2009-12-17,43.58,43.62,43.17,43.23,90440881.0
2009-12-18,43.55,43.89,43.41,43.87,96442564.0
2009-12-21,44.08,44.54,44.08,44.37,94279344.0
2009-12-22,44.49,44.7,44.44,44.64,51569042.0
2009-12-23,44.75,44.98,44.62,44.97,73932195.0
2009-12-24,45.02,45.39,45.01,45.39,31581013.0
2009-12-28,45.49,45.71,45.35,45.63,49381386.0
2009-12-29,45.63,45.66,45.4,45.44,32499659.0
2009-12-30,45.41,45.67,45.37,45.58,57612660.0
2009-12-31,45.66,45.69,45.16,45.16,50079160.0
2010-01-04,45.73,45.9,45.68,45.83,62822798.0
2010-01-05,45.79,45.91,45.57,45.83,65653561.0
2010-01-06,45.8,45.96,45.48,45.55,100753276.0
2010-01-07,45.61,45.68,45.33,45.58,77094032.0
2010-01-08,45.45,45.96,45.34,45.96,88886598.0
2010-01-11,46.01,46.05,45.53,45.77,104673315.0
2010-01-12,45.49,45.55,44.94,45.19,90673830.0
2010-01-13,45.34,45.9,45.02,45.76,100660957.0
2010-01-14,45.67,45.93,45.63,45.8,75812668.0
2010-01-15,45.87,45.96,45.06,45.26,127866889.0
2010-01-19,45.37,46.05,45.36,46.0,84388146.0
2010-01-20,45.68,46.02,44.84,45.33,145679908.0
2010-01-21,45.47,45.76,44.71,44.9,204939540.0
2010-01-22,44.75,44.89,43.45,43.57,171098633.0
2010-01-25,43.8,44.01,43.53,43.72,154218611.0
2010-01-26,43.69,44.3,43.46,43.76,140816418.0
2010-01-27,43.7,44.26,43.42,44.11,161632631.0
2010-01-28,43.81,43.84,42.73,42.96,221439792.0
2010-01-29,43.31,43.43,42.04,42.2,212125976.0
2010-02-01,42.32,42.69,42.29,42.67,136827088.0
2010-02-02,42.72,43.19,42.44,43.06,110727609.0
2010-02-03,42.86,43.38,42.83,43.3,93581594.0
2010-02-04,42.99,43.07,42.03,42.03,151652403.0
2010-02-05,42.16,42.43,41.53,42.39,213618504.0
2010-02-08,42.33,42.59,42.05,42.08,94354367.0
2010-02-09,42.58,42.92,42.17,42.52,118955917.0
2010-02-10,42.51,42.72,42.16,42.43,94102839.0
2010-02-11,42.42,43.2,42.17,43.08,93050785.0
2010-02-12,42.68,43.29,42.57,43.17,93945782.0
2010-02-16,43.49,43.76,43.26,43.73,84989540.0
2010-02-17,43.91,43.98,43.67,43.98,82691607.0
2010-02-18,43.95,44.34,43.86,44.26,65752535.0
2010-02-19,44.17,44.46,44.03,44.24,81255118.0
2010-02-22,44.42,44.44,43.97,44.15,72054906.0
2010-02-23,44.1,44.15,43.36,43.57,95814331.0
2010-02-24,43.82,44.2,43.73,44.02,86590986.0
2010-02-25,43.52,44.11,43.24,44.01,97961296.0
2010-02-26,44.01,44.27,43.81,44.17,66222356.0
2010-03-01,44.36,44.9,44.36,44.82,77290019.0
2010-03-02,44.95,45.26,44.86,44.96,76368426.0
2010-03-03,45.08,45.23,44.84,45.01,65744912.0
2010-03-04,45.05,45.22,44.81,45.16,54470836.0
2010-03-05,45.51,45.95,45.4,45.85,68136255.0
2010-03-08,45.87,46.05,45.85,45.94,61230864.0
2010-03-09,45.81,46.46,45.81,46.2,98002744.0
2010-03-10,46.21,46.69,46.21,46.58,102578892.0
2010-03-11,46.48,46.76,46.39,46.76,67510282.0
2010-03-12,46.91,46.94,46.51,46.77,64068257.0
2010-03-15,46.67,46.79,46.32,46.65,60150419.0
2010-03-16,46.8,47.02,46.64,46.95,74950596.0
2010-03-17,47.01,47.31,46.94,47.08,75643457.0
2010-03-18,47.13,47.29,47.01,47.24,77829361.0
2010-03-19,47.36,47.36,46.73,46.9,86337043.0
2010-03-22,46.72,47.52,46.66,47.33,71902751.0
2010-03-23,47.41,47.71,47.18,47.66,59182586.0
2010-03-24,47.55,47.58,47.32,47.43,63030095.0
2010-03-25,47.83,48.01,47.31,47.36,77190707.0
2010-03-26,47.55,47.74,47.15,47.41,81110462.0
2010-03-29,47.64,47.81,47.51,47.64,57993222.0
2010-03-30,47.77,47.96,47.47,47.8,49694122.0
2010-03-31,47.64,47.86,47.48,47.57,59947394.0
2010-04-01,47.75,48.11,47.2,47.57,83728566.0
2010-04-05,47.67,48.13,47.55,48.02,56220249.0
2010-04-06,47.9,48.31,47.8,48.16,54097057.0
2010-04-07,48.1,48.28,47.78,48.04,77211459.0
2010-04-08,47.92,48.23,47.65,48.15,68323873.0
2010-04-09,48.18,48.46,48.05,48.44,54227221.0
2010-04-12,48.46,48.61,48.35,48.48,44280597.0
2010-04-13,48.43,48.76,48.27,48.73,59375924.0
2010-04-14,48.98,49.33,48.91,49.32,69004754.0
2010-04-15,49.29,49.6,49.28,49.54,72254152.0
2010-04-16,49.36,49.53,48.61,48.94,127387937.0
2010-04-19,48.77,49.07,48.31,48.91,98251680.0
2010-04-20,49.17,49.29,48.84,49.16,69543632.0
2010-04-21,49.5,49.6,49.14,49.44,74748648.0
2010-04-22,48.98,49.77,48.67,49.72,110477115.0
2010-04-23,49.7,49.98,49.5,49.93,77205135.0
2010-04-26,49.94,50.06,49.71,49.82,71369262.0
2010-04-27,49.63,49.84,48.62,48.75,112607970.0
2010-04-28,49.01,49.04,48.39,48.78,131040588.0
2010-04-29,49.02,49.74,49.02,49.64,84180139.0
2010-04-30,49.62,49.7,48.61,48.65,110896907.0
2010-05-03,48.84,49.58,48.84,49.34,74169603.0
2010-05-04,48.72,48.73,47.49,47.84,141136430.0
2010-05-05,47.39,47.91,47.05,47.59,128560164.0
2010-05-06,47.57,47.73,40.96,45.99,274356791.0
2010-05-07,45.63,46.21,43.69,44.82,288200345.0
2010-05-10,46.83,47.21,46.72,47.18,136041589.0
2010-05-11,46.72,47.8,46.61,47.13,113196968.0
2010-05-12,47.39,48.07,47.31,48.03,85462326.0
2010-05-13,47.84,48.2,47.14,47.26,102844243.0
2010-05-14,46.9,46.93,45.79,46.34,149974891.0
2010-05-17,46.45,46.68,45.48,46.49,120969513.0
2010-05-18,46.88,46.99,45.63,45.84,153072092.0
2010-05-19,45.67,46.04,44.96,45.47,159000255.0
2010-05-20,44.58,44.69,43.66,43.76,189289774.0
2010-05-21,43.05,45.05,42.9,44.25,190631100.0
2010-05-24,44.22,44.74,44.05,44.07,113385990.0
2010-05-25,43.08,44.17,42.64,44.11,155664675.0
2010-05-26,44.34,44.98,43.53,43.61,140203134.0
2010-05-27,44.63,45.3,44.5,45.28,110736050.0
2010-05-28,45.35,45.4,44.61,45.01,128567451.0
2010-06-01,44.86,45.66,44.54,44.59,104242653.0
2010-06-02,44.86,45.69,44.54,45.66,97249295.0
2010-06-03,45.77,46.18,45.49,46.1,98928390.0
2010-06-04,45.12,45.7,44.35,44.5,112849844.0
2010-06-07,44.75,44.87,43.63,43.68,89950197.0
2010-06-08,43.77,43.89,43.0,43.6,133990029.0
2010-06-09,43.89,44.32,43.1,43.23,102077323.0
2010-06-10,43.8,44.53,43.65,44.48,76892297.0
2010-06-11,44.04,44.95,44.02,44.91,74347725.0
2010-06-14,45.32,45.65,44.82,44.9,68084958.0
2010-06-15,45.12,46.18,44.86,46.12,76332552.0
2010-06-16,45.99,46.55,45.91,46.31,78399646.0
2010-06-17,46.57,46.59,46.05,46.46,78153890.0
2010-06-18,46.47,46.75,46.27,46.41,75961030.0
2010-06-21,47.01,47.09,45.74,46.01,95488065.0
2010-06-22,46.2,46.55,45.56,45.65,94493346.0
2010-06-23,45.7,45.88,45.1,45.46,92397530.0
2010-06-24,45.25,45.4,44.61,44.76,114714307.0
2010-06-25,44.92,45.07,44.36,44.68,92418032.0
2010-06-28,44.7,44.96,44.22,44.52,71378707.0
2010-06-29,43.83,43.87,42.48,42.78,136384111.0
2010-06-30,42.64,43.08,42.05,42.12,101313181.0
2010-07-01,42.23,42.37,41.18,42.0,158694905.0
2010-07-02,42.08,42.23,41.5,41.88,78565281.0
2010-07-06,42.5,42.78,41.66,42.01,88591835.0
2010-07-07,42.15,43.42,42.11,43.37,72448354.0
2010-07-08,43.72,43.79,43.09,43.61,78264578.0
2010-07-09,43.59,44.04,43.49,44.03,47861055.0
2010-07-12,43.99,44.44,43.87,44.16,60934835.0
2010-07-13,44.54,44.91,44.21,44.74,93310499.0
2010-07-14,44.83,45.22,44.65,44.97,87694697.0
2010-07-15,44.87,45.15,44.4,45.01,95992414.0
2010-07-16,44.85,45.04,43.71,43.75,98831860.0
2010-07-19,43.89,44.22,43.51,44.13,81800740.0
2010-07-20,43.4,44.67,43.27,44.67,89061202.0
2010-07-21,45.16,45.17,43.97,44.05,83576823.0
2010-07-22,44.67,45.39,44.65,45.18,82890241.0
2010-07-23,44.87,45.51,44.79,45.47,81056045.0
2010-07-26,45.53,45.87,45.32,45.85,65058466.0
2010-07-27,46.1,46.13,45.62,45.83,67655551.0
2010-07-28,45.79,45.99,45.29,45.46,51988117.0
2010-07-29,45.71,45.82,44.66,45.12,85693920.0
2010-07-30,44.77,45.5,44.48,45.22,98958084.0
2010-08-02,45.79,46.2,45.62,46.08,68706704.0
2010-08-03,46.04,46.11,45.66,45.88,60863373.0
2010-08-04,46.1,46.4,45.91,46.35,43817790.0
2010-08-05,46.13,46.33,45.93,46.24,39949959.0
2010-08-06,45.73,46.26,45.46,46.17,71339442.0
2010-08-09,46.42,46.6,46.2,46.49,26937014.0
2010-08-10,46.13,46.36,45.69,46.08,86694468.0
2010-08-11,45.32,45.33,44.62,44.81,92219647.0
2010-08-12,43.97,44.65,43.86,44.45,66000468.0
2010-08-13,44.28,44.47,44.12,44.13,46387264.0
2010-08-16,43.89,44.52,43.71,44.21,55472857.0
2010-08-17,44.52,45.19,44.44,44.78,56927057.0
2010-08-18,44.7,45.23,44.52,44.96,61836475.0
2010-08-19,44.7,44.87,43.97,44.27,82969472.0
2010-08-20,44.2,44.44,43.95,44.33,66806607.0
2010-08-23,44.66,44.75,43.87,43.89,69612138.0
2010-08-24,43.42,43.53,42.88,43.06,79095766.0
2010-08-25,42.76,43.67,42.68,43.48,87347880.0
2010-08-26,43.65,43.73,42.91,42.95,91222971.0
2010-08-27,43.27,43.57,42.38,43.48,109595931.0
2010-08-30,43.28,43.66,43.01,43.02,49373115.0
2010-08-31,42.8,43.26,42.59,42.87,72066825.0
2010-09-01,43.51,44.32,43.48,44.17,83523097.0
2010-09-02,44.25,44.69,44.14,44.67,41816716.0
2010-09-03,45.14,45.43,44.96,45.42,64041080.0
2010-09-07,45.23,45.44,45.04,45.11,51195142.0
2010-09-08,45.25,45.86,45.23,45.66,66883924.0
2010-09-09,46.08,46.11,45.73,45.84,61476378.0
2010-09-10,45.9,46.08,45.66,46.01,66995684.0
2010-09-13,46.36,46.78,46.35,46.66,64523292.0
2010-09-14,46.58,47.11,46.49,46.86,91405795.0
2010-09-15,46.76,47.21,46.6,47.16,67108126.0
2010-09-16,47.09,47.39,46.95,47.35,66885758.0
2010-09-17,47.55,47.55,47.16,47.41,77026931.0
2010-09-20,47.59,48.34,47.52,48.24,84536536.0
2010-09-21,48.25,48.58,48.02,48.23,82352602.0
2010-09-22,48.02,48.43,47.83,48.1,88315896.0
2010-09-23,47.8,48.57,47.73,48.08,85039930.0
2010-09-24,48.63,49.1,48.56,49.07,79495879.0
2010-09-27,49.06,49.16,48.76,48.8,43883412.0
2010-09-28,48.92,48.95,48.0,48.78,104922874.0
2010-09-29,48.71,48.94,48.52,48.7,81679166.0
2010-09-30,48.95,49.25,48.16,48.48,122458536.0
2010-10-01,48.87,48.94,48.19,48.42,77682344.0
2010-10-04,48.27,48.46,47.61,47.89,71359478.0
2010-10-05,48.44,49.17,48.41,49.07,99301267.0
2010-10-06,49.0,49.12,48.32,48.64,81831120.0
2010-10-07,48.93,48.95,48.41,48.82,75693259.0
2010-10-08,48.86,49.28,48.49,49.16,83223822.0
2010-10-11,49.19,49.43,49.03,49.18,46879922.0
2010-10-12,49.1,49.62,48.67,49.52,88571612.0
2010-10-13,49.81,50.16,49.69,49.93,71122723.0
2010-10-14,49.95,50.05,49.58,49.83,68463772.0
2010-10-15,50.45,50.91,50.04,50.9,104653951.0
2010-10-18,50.93,51.13,50.74,51.09,72505161.0
2010-10-19,50.22,50.71,49.83,50.23,105739706.0
2010-10-20,50.37,50.98,50.28,50.6,80861043.0
2010-10-21,50.92,51.12,50.2,50.7,85885334.0
2010-10-22,50.71,51.1,50.62,51.05,47409146.0
2010-10-25,51.26,51.64,51.26,51.3,51413627.0
2010-10-26,51.03,51.56,50.83,51.44,60498263.0
2010-10-27,51.18,51.64,51.07,51.6,57483184.0
2010-10-28,51.83,51.86,51.25,51.71,61219996.0
2010-10-29,51.7,51.9,51.58,51.59,46668690.0
2010-11-01,51.79,52.16,51.39,51.63,60555560.0
2010-11-02,52.07,52.34,51.99,52.19,48137409.0
2010-11-03,52.25,52.45,51.77,52.43,126225796.0
2010-11-04,53.04,53.27,52.91,53.08,84200976.0
2010-11-05,53.11,53.22,52.92,53.08,77937076.0
2010-11-08,52.98,53.24,52.86,53.15,39623425.0
2010-11-09,53.38,53.45,52.62,52.86,66969722.0
2010-11-10,52.94,53.18,52.51,53.13,83553612.0
2010-11-11,52.31,52.89,52.07,52.8,85163524.0
2010-11-12,52.51,52.78,51.52,51.92,99164258.0
2010-11-15,52.19,52.29,51.7,51.73,56723378.0
2010-11-16,51.34,51.66,50.64,50.86,101096620.0
2010-11-17,50.9,51.28,50.76,51.01,77836150.0
2010-11-18,51.56,52.2,51.54,51.84,71488268.0
2010-11-19,51.75,52.0,51.55,51.88,54518658.0
2010-11-22,51.66,52.32,51.58,52.32,69918816.0
2010-11-23,51.8,51.86,51.18,51.48,76900950.0
2010-11-24,51.99,52.66,51.97,52.53,53455536.0
2010-11-26,52.21,52.54,52.08,52.18,23640289.0
2010-11-29,52.11,52.31,51.51,52.14,89265939.0
2010-11-30,51.59,52.15,51.29,51.5,118861507.0
2010-12-01,52.28,52.87,52.25,52.6,81758047.0
2010-12-02,52.68,53.22,52.62,53.14,56883981.0
2010-12-03,52.91,53.35,52.91,53.28,38014163.0
2010-12-06,53.27,53.36,53.09,53.26,39311533.0
2010-12-07,53.9,53.93,53.23,53.29,59067227.0
2010-12-08,53.43,53.56,53.1,53.49,48066845.0
2010-12-09,53.82,53.85,53.36,53.55,54686219.0
2010-12-10,53.7,53.96,53.5,53.91,45199890.0
2010-12-13,54.12,54.15,53.68,53.71,53110154.0
2010-12-14,53.83,54.03,53.64,53.81,69944026.0
2010-12-15,53.78,54.11,53.44,53.57,76951808.0
2010-12-16,53.62,54.07,53.47,53.99,65519385.0
2010-12-17,53.95,54.09,53.82,53.93,36920197.0
2010-12-20,54.0,54.17,53.57,53.97,48159595.0
2010-12-21,54.17,54.3,54.03,54.3,35775349.0
2010-12-22,54.27,54.37,54.2,54.3,35766427.0
2010-12-23,54.19,54.28,54.02,54.15,21668244.0
2010-12-27,54.03,54.27,53.62,54.18,29263417.0
2010-12-28,54.29,54.33,53.96,54.08,24168603.0
2010-12-29,54.23,54.31,54.14,54.2,24132688.0
2010-12-30,54.2,54.21,53.96,54.07,27562166.0
2010-12-31,54.01,54.03,53.62,53.87,38565923.0
2011-01-03,54.37,55.1,54.36,54.72,90994287.0
2011-01-04,54.94,54.96,54.33,54.68,43851454.0
2011-01-05,54.52,55.17,54.48,55.15,43787167.0
2011-01-06,55.2,55.37,55.09,55.33,46139540.0
2011-01-07,55.43,55.46,54.73,55.28,72261625.0
2011-01-10,55.13,55.59,54.99,55.49,55551757.0
2011-01-11,55.7,55.77,55.36,55.57,56663769.0
2011-01-12,55.83,55.97,55.61,55.97,51978975.0
2011-01-13,56.0,56.14,55.82,55.99,48235654.0
2011-01-14,56.0,56.43,55.87,56.41,43867399.0
2011-01-18,55.93,56.64,55.9,56.57,65802974.0
2011-01-19,56.65,56.67,55.73,55.92,67767181.0
2011-01-20,55.71,55.76,55.09,55.52,92357777.0
2011-01-21,55.8,55.9,55.06,55.09,60789480.0
2011-01-24,55.2,55.87,55.09,55.86,64103246.0
2011-01-25,55.59,55.96,55.46,55.94,55305024.0
2011-01-26,56.04,56.39,55.86,56.24,60547612.0
2011-01-27,56.42,56.76,56.33,56.59,53656077.0
2011-01-28,56.57,56.63,54.88,55.14,123359814.0
2011-01-31,55.22,55.57,54.8,55.41,70570591.0
2011-02-01,55.83,56.59,55.77,56.46,76952819.0
2011-02-02,56.33,56.58,56.25,56.37,48660951.0
2011-02-03,56.26,56.55,55.81,56.47,45341867.0
2011-02-04,56.46,56.83,56.31,56.79,47647712.0
2011-02-07,56.9,57.38,56.81,57.06,45626804.0
2011-02-08,57.06,57.48,56.97,57.44,38099821.0
2011-02-09,57.35,57.53,57.16,57.34,62540760.0
2011-02-10,57.02,57.51,56.9,57.43,70194657.0
2011-02-11,57.28,57.89,57.18,57.85,47930473.0
2011-02-14,57.84,58.07,57.79,57.99,49113962.0
2011-02-15,57.85,57.98,57.64,57.91,39723754.0
2011-02-16,58.05,58.45,58.04,58.29,53615905.0
2011-02-17,58.01,58.39,57.96,58.27,38361846.0
2011-02-18,58.29,58.38,57.92,58.14,45207377.0
2011-02-22,57.41,57.54,56.35,56.44,92596867.0
2011-02-23,56.41,56.64,55.54,55.97,97917046.0
2011-02-24,56.11,56.44,55.55,56.27,98715925.0
2011-02-25,56.57,57.13,56.53,57.06,54094579.0
2011-02-28,57.28,57.46,56.84,57.18,51402735.0
2011-03-01,57.4,57.43,56.11,56.25,91992504.0
2011-03-02,56.23,56.92,56.2,56.55,61552875.0
2011-03-03,57.09,57.78,57.08,57.68,64249927.0
2011-03-04,57.66,57.67,57.0,57.38,62328324.0
2011-03-07,57.62,57.67,56.08,56.6,98469959.0
2011-03-08,56.51,57.09,56.18,56.83,62399099.0
2011-03-09,56.62,56.68,56.13,56.44,84764136.0
2011-03-10,55.8,55.93,55.32,55.55,102991509.0
2011-03-11,55.24,56.07,55.23,55.9,81679377.0
2011-03-14,55.59,56.0,55.27,55.7,73621760.0
2011-03-15,54.05,55.23,53.88,54.9,101275331.0
2011-03-16,54.44,54.75,53.18,53.56,176506630.0
2011-03-17,54.42,54.65,53.54,54.06,94434308.0
2011-03-18,54.61,54.63,53.82,53.86,99558311.0
2011-03-21,54.7,55.19,54.59,54.91,57419948.0
2011-03-22,54.98,55.02,54.69,54.81,36251281.0
2011-03-23,54.6,55.28,54.23,55.12,60376998.0
2011-03-24,55.53,56.23,55.23,56.11,69502337.0
2011-03-25,56.3,56.63,56.14,56.25,74133872.0
2011-03-28,56.5,56.51,55.91,55.94,37823728.0
2011-03-29,55.81,56.49,55.64,56.49,47994651.0
2011-03-30,56.77,56.84,56.49,56.76,44935856.0
2011-03-31,56.66,56.89,56.56,56.84,52926899.0
2011-04-01,57.13,57.31,56.7,56.87,68031747.0
2011-04-04,57.03,57.09,56.43,56.68,48659037.0
2011-04-05,56.57,56.9,56.41,56.53,55384927.0
2011-04-06,56.95,57.14,56.34,56.67,51562185.0
2011-04-07,56.64,57.01,56.22,56.63,60705865.0
2011-04-08,56.89,56.98,56.06,56.36,42782112.0
2011-04-11,56.57,56.7,55.97,56.17,42451617.0
2011-04-12,55.93,56.05,55.56,55.78,50642854.0
2011-04-13,56.18,56.41,55.81,56.26,49979733.0
2011-04-14,55.86,56.24,55.64,56.16,54088811.0
2011-04-15,55.94,56.28,55.69,56.06,68529967.0
2011-04-18,55.5,55.68,54.73,55.66,69073433.0
2011-04-19,55.8,56.01,55.51,56.01,38608391.0
2011-04-20,57.0,57.35,56.94,57.29,67397439.0
2011-04-21,57.88,57.88,57.57,57.75,43666772.0
2011-04-25,57.81,57.93,57.69,57.9,29378242.0
2011-04-26,58.06,58.44,57.92,58.23,49392732.0
2011-04-27,58.31,58.7,58.07,58.63,56465494.0
2011-04-28,58.47,58.64,58.29,58.54,48138342.0
2011-04-29,58.45,58.7,58.39,58.49,44851869.0
2011-05-02,58.6,58.75,58.23,58.38,48149385.0
2011-05-03,58.36,58.41,57.74,58.1,38797464.0
2011-05-04,58.13,58.28,57.52,58.01,53105014.0
2011-05-05,57.73,58.38,57.49,57.69,72153289.0
2011-05-06,58.27,58.61,57.72,57.88,73593375.0
2011-05-09,57.97,58.33,57.75,58.1,40028981.0
2011-05-10,58.28,58.69,58.19,58.6,38053599.0
2011-05-11,58.51,58.72,57.77,58.17,61908940.0
2011-05-12,57.97,58.6,57.65,58.52,66128159.0
2011-05-13,58.39,58.48,57.8,57.82,63506567.0
2011-05-16,57.57,57.73,56.68,56.81,73140221.0
2011-05-17,56.53,56.98,56.39,56.97,63176058.0
2011-05-18,56.89,57.55,56.82,57.45,42351089.0
2011-05-19,57.64,57.75,57.26,57.62,35024234.0
2011-05-20,57.56,57.62,57.1,57.18,44703175.0
2011-05-23,56.4,56.56,56.06,56.33,43678437.0
2011-05-24,56.48,56.48,55.97,55.98,39314212.0
2011-05-25,55.9,56.47,55.88,56.2,42928233.0
2011-05-26,56.03,56.71,56.02,56.55,40564078.0
2011-05-27,56.65,56.9,56.6,56.84,30188335.0
2011-05-31,57.38,57.77,57.08,57.77,51391146.0
2011-06-01,57.63,57.77,56.45,56.5,51792337.0
2011-06-02,56.62,56.82,56.3,56.62,50198045.0
2011-06-03,55.97,56.4,55.68,55.76,57773681.0
2011-06-06,55.65,55.94,55.27,55.3,50175542.0
2011-06-07,55.46,55.67,55.16,55.2,46311059.0
2011-06-08,55.08,55.18,54.64,54.8,46941793.0
2011-06-09,54.78,55.17,54.64,54.9,45307498.0
2011-06-10,54.64,54.75,54.0,54.05,53740540.0
2011-06-13,54.12,54.34,53.86,54.05,37745769.0
2011-06-14,54.46,54.88,54.44,54.75,40565261.0
2011-06-15,54.24,54.56,53.59,53.7,59022345.0
2011-06-16,53.74,53.91,53.03,53.49,66316185.0
2011-06-17,53.86,54.01,53.04,53.2,70353112.0
2011-06-20,53.07,53.64,53.05,53.48,37402830.0
2011-06-21,53.67,54.7,53.44,54.64,55892710.0
2011-06-22,54.41,54.73,54.23,54.24,36833212.0
2011-06-23,53.69,54.78,53.47,54.75,80743295.0
2011-06-24,54.48,54.54,53.68,53.79,56298248.0
2011-06-27,53.84,54.94,53.73,54.66,49968854.0
2011-06-28,54.79,55.49,54.7,55.48,47028637.0
2011-06-29,55.64,55.82,55.31,55.71,65918873.0
2011-06-30,55.91,56.5,55.88,56.46,50483923.0
2011-07-01,56.49,57.4,56.33,57.32,53348045.0
2011-07-05,57.36,57.67,57.24,57.61,43128655.0
2011-07-06,57.55,57.9,57.35,57.8,49282636.0
2011-07-07,58.23,58.77,58.15,58.6,54799767.0
2011-07-08,58.11,58.45,57.78,58.44,69533593.0
2011-07-11,57.82,58.12,57.17,57.37,52080762.0
2011-07-12,57.35,57.48,56.87,56.93,84000656.0
2011-07-13,57.35,57.75,56.96,57.17,82374518.0
2011-07-14,57.34,57.59,56.28,56.5,98773895.0
2011-07-15,57.13,57.26,56.72,57.26,68287687.0
2011-07-18,56.95,57.2,56.39,56.95,59512187.0
2011-07-19,57.54,58.31,57.5,58.26,73904275.0
2011-07-20,58.59,58.6,57.91,58.01,57084229.0
2011-07-21,58.06,58.73,57.75,58.4,71000141.0
2011-07-22,58.38,59.11,58.33,59.01,43620359.0
2011-07-25,58.54,59.22,58.43,58.89,48916065.0
2011-07-26,58.85,59.24,58.73,59.04,40918829.0
2011-07-27,58.66,58.7,57.35,57.5,83969487.0
2011-07-28,57.51,58.34,57.3,57.6,61031804.0
2011-07-29,57.14,58.02,56.85,57.41,82860427.0
2011-08-01,58.08,58.23,56.44,57.14,85421008.0
2011-08-02,56.87,57.13,55.62,55.68,90851306.0
2011-08-03,55.78,56.29,54.76,56.22,103612298.0
2011-08-04,55.39,55.5,53.58,53.58,132829925.0
2011-08-05,54.2,54.44,51.73,53.24,214111702.0
2011-08-08,51.62,52.53,50.0,50.0,204804043.0
2011-08-09,50.72,52.49,49.34,52.44,193707082.0
2011-08-10,51.23,52.01,50.21,50.27,205917880.0
2011-08-11,50.99,53.1,50.75,52.51,143824473.0
2011-08-12,52.83,53.31,52.29,52.98,90483235.0
2011-08-15,53.18,53.77,52.94,53.77,73554257.0
2011-08-16,53.23,53.76,52.59,53.31,89219190.0
2011-08-17,53.39,53.83,52.43,52.99,84416524.0
2011-08-18,51.54,51.55,49.89,50.36,130016464.0
2011-08-19,49.84,51.08,49.4,49.44,96674508.0
2011-08-22,50.62,50.65,49.47,49.62,77107681.0
2011-08-23,49.97,51.69,49.75,51.69,75688388.0
2011-08-24,51.59,52.2,51.12,52.1,80197612.0
2011-08-25,52.05,52.32,51.06,51.24,93623637.0
2011-08-26,51.09,52.72,50.56,52.54,91573238.0
2011-08-29,53.05,54.08,53.05,54.02,45985744.0
2011-08-30,53.8,54.71,53.52,54.38,61645139.0
2011-08-31,54.7,55.15,54.01,54.47,60899245.0
2011-09-01,54.62,55.05,53.87,53.97,57158373.0
2011-09-02,52.99,53.24,52.4,52.69,58543668.0
2011-09-06,51.45,52.78,51.32,52.7,52992174.0
2011-09-07,53.44,54.06,53.31,54.05,48952119.0
2011-09-08,53.78,54.58,53.62,53.8,61422788.0
2011-09-09,53.42,53.65,52.26,52.59,63663481.0
2011-09-12,52.02,53.31,51.98,53.27,65972996.0
2011-09-13,53.49,54.1,53.21,53.99,59019983.0
2011-09-14,54.26,55.39,53.73,54.77,98171274.0
2011-09-15,55.38,55.69,54.8,55.59,83536091.0
2011-09-16,55.66,56.06,55.5,56.0,91901954.0
2011-09-19,55.31,56.32,54.84,56.02,73042834.0
2011-09-20,56.31,56.76,55.64,55.77,66570061.0
2011-09-21,56.06,56.34,54.78,54.79,79937994.0
2011-09-22,53.34,53.87,52.16,52.99,151885450.0
2011-09-23,52.55,53.79,52.5,53.56,85940566.0
2011-09-26,53.83,54.29,52.62,54.19,96260950.0
2011-09-27,55.11,55.61,54.39,54.76,81148487.0
2011-09-28,54.98,55.38,53.81,53.94,76757052.0
2011-09-29,54.77,54.84,52.38,53.29,116900117.0
2011-09-30,52.59,53.02,51.87,51.9,104957919.0
2011-10-03,51.45,52.26,50.52,50.55,99147909.0
2011-10-04,50.01,51.7,49.51,51.6,137011447.0
2011-10-05,51.48,53.09,51.07,52.94,108825698.0
2011-10-06,52.88,53.85,52.62,53.84,71939102.0
2011-10-07,53.82,54.07,53.13,53.48,72525198.0
2011-10-10,54.39,55.35,54.3,55.35,48229045.0
2011-10-11,55.22,55.87,55.11,55.73,66449089.0
2011-10-12,56.28,56.64,55.97,56.01,85627554.0
2011-10-13,55.9,56.6,55.84,56.53,63443629.0
2011-10-14,57.25,57.6,56.92,57.59,65643503.0
2011-10-17,57.31,57.5,56.38,56.69,65161278.0
2011-10-18,56.6,57.7,56.07,57.4,91434322.0
2011-10-19,57.12,57.26,56.09,56.28,67639312.0
2011-10-20,56.22,56.33,55.2,56.0,80378270.0
2011-10-21,56.58,57.07,56.19,56.71,60455686.0
2011-10-24,56.93,58.06,56.72,57.9,61449356.0
2011-10-25,57.68,57.73,56.63,56.75,65299179.0
2011-10-26,57.06,57.19,55.62,56.68,98193781.0
2011-10-27,58.05,58.61,57.44,58.26,104455431.0
2011-10-28,57.91,58.42,57.91,58.35,42949944.0
2011-10-31,57.82,58.05,57.32,57.36,60520134.0
2011-11-01,55.97,56.38,55.53,55.85,99932826.0
2011-11-02,56.42,56.57,55.8,56.33,65178760.0
2011-11-03,56.77,57.59,56.12,57.51,78994185.0
2011-11-04,57.2,57.46,56.63,57.21,61527707.0
2011-11-07,57.16,57.66,56.58,57.62,65541094.0
2011-11-08,58.04,58.39,57.38,58.29,62906879.0
2011-11-09,57.13,57.24,56.04,56.22,69538736.0
2011-11-10,56.81,56.83,55.64,56.19,66052381.0
2011-11-11,56.69,57.43,56.61,57.26,54470951.0
2011-11-14,57.1,57.42,56.69,56.9,47041548.0
2011-11-15,56.75,57.77,56.67,57.54,52203873.0
2011-11-16,57.14,57.57,56.47,56.58,68342577.0
2011-11-17,56.43,56.45,54.89,55.24,101706803.0
2011-11-18,55.26,55.31,54.71,54.81,60416982.0
2011-11-21,54.09,54.14,53.19,53.75,52289447.0
2011-11-22,53.61,54.09,53.28,53.93,51940089.0
2011-11-23,53.52,53.58,52.67,52.7,48467335.0
2011-11-25,52.5,53.08,52.28,52.29,22155128.0
2011-11-28,53.57,54.2,53.55,54.13,46710682.0
2011-11-29,54.06,54.51,53.63,53.79,52056611.0
2011-11-30,55.25,55.85,55.08,55.8,66918515.0
2011-12-01,55.78,56.34,55.76,56.19,45361471.0
2011-12-02,56.74,56.75,55.98,56.03,36938344.0
2011-12-05,56.9,57.03,56.33,56.65,40501885.0
2011-12-06,56.7,56.86,56.3,56.49,38669472.0
2011-12-07,56.31,56.75,55.76,56.49,44576158.0
2011-12-08,56.15,56.56,55.42,55.53,51692562.0
2011-12-09,55.67,56.6,55.65,56.43,55757852.0
2011-12-12,55.83,56.42,55.31,55.79,55411692.0
2011-12-13,56.17,56.39,54.94,55.17,68557659.0
2011-12-14,54.93,55.0,53.99,54.3,63682706.0
2011-12-15,54.77,54.83,54.07,54.15,60768677.0
2011-12-16,54.29,55.02,54.18,54.27,61428299.0
2011-12-19,54.47,54.61,53.58,53.73,46733812.0
2011-12-20,54.61,55.41,54.58,55.34,81758761.0
2011-12-21,55.05,55.05,53.9,54.54,78552013.0
2011-12-22,54.63,55.04,54.58,55.01,40334025.0
2011-12-23,55.09,55.49,54.99,55.49,26594530.0
2011-12-27,55.42,55.83,55.34,55.65,21443438.0
2011-12-28,55.58,55.67,54.85,55.0,38189532.0
2011-12-29,55.09,55.44,54.91,55.4,28077809.0
2011-12-30,55.27,55.53,55.23,55.24,21832343.0
2012-01-03,56.32,56.6,56.16,56.31,39512874.0
2012-01-04,56.21,56.63,55.97,56.55,29403365.0
2012-01-05,56.43,57.07,56.21,57.02,41260529.0
2012-01-06,57.06,57.35,56.81,57.22,46325172.0
2012-01-09,57.36,57.39,56.84,57.03,39195455.0
2012-01-10,57.67,57.82,57.05,57.45,35949856.0
2012-01-11,57.43,57.7,57.22,57.57,37144050.0
2012-01-12,57.7,57.88,57.27,57.8,26188209.0
2012-01-13,57.51,57.61,57.09,57.59,35985091.0
2012-01-17,58.12,58.37,57.9,58.12,41790747.0
2012-01-18,58.25,58.9,58.09,58.9,48692630.0
2012-01-19,59.17,59.38,59.06,59.27,47774414.0
2012-01-20,59.02,59.21,58.97,59.18,41050565.0
2012-01-23,59.21,59.62,58.85,59.2,40964630.0
2012-01-24,58.95,59.25,58.82,59.09,38440197.0
2012-01-25,59.69,59.99,59.24,59.84,61591782.0
2012-01-26,60.08,60.21,59.34,59.63,38323237.0
2012-01-27,59.5,59.92,59.47,59.81,45540388.0
2012-01-30,59.29,59.95,59.07,59.86,42797536.0
2012-01-31,60.16,60.27,59.55,59.94,53396978.0
2012-02-01,60.26,60.65,60.07,60.43,46146664.0
2012-02-02,60.61,60.82,60.38,60.62,46373511.0
2012-02-03,61.19,61.53,61.09,61.46,36453755.0
2012-02-06,61.23,61.43,61.07,61.41,28541034.0
2012-02-07,61.36,61.66,61.08,61.54,37935695.0
2012-02-08,61.55,61.87,61.32,61.87,41171074.0
2012-02-09,62.08,62.39,61.73,62.32,46856294.0
2012-02-10,61.88,62.05,61.66,61.89,58093569.0
2012-02-13,62.34,62.54,62.06,62.46,36810183.0
2012-02-14,62.31,62.63,62.1,62.62,51685261.0
2012-02-15,62.93,63.27,62.08,62.18,105708895.0
2012-02-16,62.2,63.11,62.04,63.04,83642235.0
2012-02-17,63.05,63.1,62.56,62.84,76112276.0
2012-02-21,62.92,63.3,62.62,63.02,38141236.0
2012-02-22,62.9,63.09,62.64,62.73,43174694.0
2012-02-23,62.81,63.22,62.5,63.15,54249254.0
2012-02-24,63.33,63.48,63.21,63.37,42308275.0
2012-02-27,63.01,63.67,62.74,63.46,42678420.0
2012-02-28,63.51,64.11,63.44,64.11,44684633.0
2012-02-29,64.15,64.37,63.61,63.82,59784393.0
2012-03-01,64.07,64.39,63.87,64.33,67558813.0
2012-03-02,64.24,64.49,64.07,64.28,33358160.0
2012-03-05,64.24,64.32,63.4,63.61,45788685.0
2012-03-06,63.0,63.13,62.64,62.98,54638583.0
2012-03-07,63.27,63.62,63.18,63.47,42741792.0
2012-03-08,63.83,64.35,63.71,64.16,43711013.0
2012-03-09,64.26,64.55,64.23,64.43,43117170.0
2012-03-12,64.38,64.52,64.13,64.46,32687292.0
2012-03-13,64.83,65.67,64.68,65.67,61558511.0
2012-03-14,65.72,66.15,65.49,65.9,59926891.0
2012-03-15,66.1,66.23,65.76,66.09,65531134.0
2012-03-16,66.06,66.08,65.77,65.93,53023027.0
2012-03-19,66.03,66.56,65.86,66.4,60966105.0
2012-03-20,66.07,66.6,65.87,66.52,47290547.0
2012-03-21,66.54,66.9,66.44,66.53,39648089.0
2012-03-22,66.12,66.55,66.09,66.39,56960468.0
2012-03-23,66.47,66.49,65.97,66.35,45547682.0
2012-03-26,66.78,67.52,66.74,67.52,40855239.0
2012-03-27,67.56,67.9,67.54,67.62,37278184.0
2012-03-28,67.66,67.92,66.95,67.35,44421855.0
2012-03-29,67.02,67.34,66.61,67.09,53975298.0
2012-03-30,67.4,67.43,66.69,66.96,39480224.0
2012-04-02,66.87,67.75,66.77,67.66,40031540.0
2012-04-03,67.72,67.96,67.26,67.64,45539655.0
2012-04-04,67.14,67.17,66.32,66.71,54087961.0
2012-04-05,66.6,67.19,66.54,67.13,43190247.0
2012-04-09,66.29,66.89,66.17,66.62,36908136.0
2012-04-10,66.6,66.85,65.33,65.54,69254193.0
2012-04-11,66.12,66.3,65.69,65.86,62949946.0
2012-04-12,65.99,66.69,65.89,66.62,57407345.0
2012-04-13,66.37,66.61,65.57,65.6,55227428.0
2012-04-16,65.94,65.97,64.65,64.86,57587271.0
2012-04-17,65.16,66.4,65.04,66.19,47362395.0
2012-04-18,66.0,66.41,65.82,66.02,42536007.0
2012-04-19,65.79,66.58,65.03,65.27,81110267.0
2012-04-20,65.63,65.92,64.99,65.09,59906831.0
2012-04-23,64.49,64.59,63.9,64.49,70514110.0
2012-04-24,64.38,64.64,63.86,64.14,49661432.0
2012-04-25,65.47,65.9,65.38,65.86,57526761.0
2012-04-26,65.83,66.4,65.76,66.25,41799492.0
2012-04-27,66.53,66.86,66.18,66.65,46012481.0
2012-04-30,66.43,66.58,66.12,66.17,37787622.0
2012-05-01,66.09,67.04,66.0,66.28,37643735.0
2012-05-02,65.91,66.52,65.79,66.47,38299220.0
2012-05-03,66.51,66.56,65.59,65.76,51307361.0
2012-05-04,65.16,65.24,64.1,64.11,107553920.0
2012-05-07,63.72,64.48,63.7,64.17,50266729.0
2012-05-08,63.75,64.15,62.89,63.93,72659690.0
2012-05-09,63.18,64.09,62.92,63.73,85715257.0
2012-05-10,64.02,64.04,63.36,63.6,49448870.0
2012-05-11,63.35,64.27,63.32,63.59,47106689.0
2012-05-14,63.04,63.49,62.89,62.99,46359983.0
2012-05-15,63.2,63.68,62.67,62.78,66908427.0
2012-05-16,63.03,63.19,62.22,62.35,52825897.0
2012-05-17,62.35,62.47,61.01,61.02,62253439.0
2012-05-18,61.2,61.37,60.17,60.22,79496446.0
2012-05-21,60.33,61.98,60.26,61.92,61471322.0
2012-05-22,62.07,62.36,61.4,61.85,62954723.0
2012-05-23,61.34,62.12,60.78,61.97,56951072.0
2012-05-24,62.07,62.12,61.1,61.56,83129559.0
2012-05-25,61.62,61.73,61.3,61.48,32082832.0
2012-05-29,62.04,62.56,61.69,62.27,44221458.0
2012-05-30,61.7,61.96,61.09,61.74,56431798.0
2012-05-31,61.66,61.82,61.0,61.47,55260021.0
2012-06-01,60.38,60.73,59.8,59.82,71431752.0
2012-06-04,59.98,60.37,59.45,60.28,74119321.0
2012-06-05,60.06,60.65,60.04,60.53,47916880.0
2012-06-06,61.01,61.98,60.93,61.93,58781187.0
2012-06-07,62.57,62.59,61.63,61.68,38414776.0
2012-06-08,61.57,62.36,61.37,62.28,39737101.0
2012-06-11,62.76,62.79,61.18,61.22,51008831.0
2012-06-12,61.5,62.0,61.09,61.97,48802598.0
2012-06-13,61.79,62.26,61.33,61.54,50841084.0
2012-06-14,61.55,62.02,61.21,61.77,65170503.0
2012-06-15,61.78,62.49,61.77,62.4,41536033.0
2012-06-18,62.16,63.15,62.04,62.99,32191113.0
2012-06-19,63.31,63.92,63.26,63.65,36476477.0
2012-06-20,63.77,63.98,63.22,63.7,51389682.0
2012-06-21,63.62,63.72,62.03,62.1,42492624.0
2012-06-22,62.29,62.84,62.14,62.76,29513101.0
2012-06-25,62.25,62.26,61.36,61.54,33136337.0
2012-06-26,61.74,62.11,61.47,61.93,30610734.0
2012-06-27,62.17,62.59,62.1,62.31,35705771.0
2012-06-28,61.83,61.88,60.95,61.61,49793383.0
2012-06-29,62.78,63.57,62.62,63.57,44765803.0
2012-07-02,63.64,63.79,63.28,63.76,33432708.0
2012-07-03,63.79,64.3,63.7,64.29,15427805.0
2012-07-05,64.19,64.66,63.89,64.34,37025561.0
2012-07-06,64.06,64.1,63.06,63.53,40684059.0
2012-07-09,63.44,63.67,63.09,63.41,35636978.0
2012-07-10,63.74,63.92,62.53,62.78,47365647.0
2012-07-11,62.7,62.87,61.91,62.43,43431952.0
2012-07-12,61.96,62.1,61.27,61.84,57680387.0
2012-07-13,61.97,62.93,61.97,62.79,32358947.0
2012-07-16,62.65,62.93,62.36,62.61,27623184.0
2012-07-17,62.99,63.15,62.04,62.94,42476969.0
2012-07-18,62.81,63.99,62.8,63.8,44489605.0
2012-07-19,64.25,64.72,64.13,64.51,53017702.0
2012-07-20,64.5,64.51,63.62,63.65,40572549.0
2012-07-23,62.41,63.09,61.92,62.87,48657617.0
2012-07-24,62.99,63.07,61.96,62.37,57269688.0
2012-07-25,61.9,62.36,61.56,61.95,46267404.0
2012-07-26,62.85,63.14,62.38,62.78,41934261.0
2012-07-27,63.24,64.4,63.05,64.28,42623491.0
2012-07-30,64.42,64.72,64.01,64.23,37821194.0
2012-07-31,64.32,64.59,64.15,64.21,34595377.0
2012-08-01,64.66,64.69,63.76,64.02,30919778.0
2012-08-02,63.51,64.43,63.32,63.79,40544547.0
2012-08-03,64.79,65.29,64.6,65.01,42122944.0
2012-08-06,65.35,65.8,65.21,65.51,23529615.0
2012-08-07,65.79,66.33,65.69,66.06,28222362.0
2012-08-08,65.89,66.17,65.78,66.03,20723495.0
2012-08-09,66.03,66.32,65.9,66.23,20726183.0
2012-08-10,66.0,66.29,65.82,66.27,20320925.0
2012-08-13,66.25,66.44,65.91,66.43,19890257.0
2012-08-14,66.69,66.82,66.27,66.46,24218673.0
2012-08-15,66.41,66.73,66.4,66.63,29110347.0
2012-08-16,66.88,67.58,66.8,67.43,35706443.0
2012-08-17,67.58,67.74,67.42,67.73,22584723.0
2012-08-20,67.68,67.84,67.41,67.83,26923940.0
2012-08-21,68.04,68.29,67.29,67.56,41390936.0
2012-08-22,67.4,67.97,67.22,67.84,44555654.0
2012-08-23,67.55,67.75,67.1,67.28,28802214.0
2012-08-24,67.13,67.86,67.01,67.7,38384751.0
2012-08-27,68.01,68.08,67.66,67.81,20671323.0
2012-08-28,67.75,68.0,67.52,67.81,31052254.0
2012-08-29,67.82,67.98,67.52,67.81,26674509.0
2012-08-30,67.52,67.54,67.01,67.12,24430939.0
2012-08-31,67.61,67.86,66.88,67.57,42127927.0
2012-09-04,67.44,67.76,66.83,67.5,32017183.0
2012-09-05,67.45,67.76,67.25,67.43,26133787.0
2012-09-06,67.83,68.96,67.83,68.94,43099507.0
2012-09-07,68.78,68.96,68.64,68.84,32966134.0
2012-09-10,68.67,68.81,67.9,67.95,25589752.0
2012-09-11,67.95,68.23,67.73,67.84,29810086.0
2012-09-12,68.09,68.22,67.62,68.04,42212157.0
2012-09-13,68.12,69.27,68.03,68.97,45417791.0
2012-09-14,69.25,69.84,69.2,69.59,38888047.0
2012-09-17,69.61,69.65,69.37,69.62,31798335.0
2012-09-18,69.45,69.71,69.43,69.68,27285368.0
2012-09-19,69.7,69.99,69.47,69.81,36484572.0
2012-09-20,69.48,69.81,69.28,69.74,42523444.0
2012-09-21,69.88,69.95,69.49,69.56,23681208.0
2012-09-24,68.97,69.27,68.83,69.15,32341549.0
2012-09-25,69.33,69.49,68.14,68.17,41308853.0
2012-09-26,68.08,68.12,67.26,67.61,32770371.0
2012-09-27,67.76,68.71,67.66,68.55,25339433.0
2012-09-28,68.33,68.53,67.92,67.98,30116097.0
2012-10-01,68.31,68.74,67.66,67.88,37715207.0
2012-10-02,68.2,68.39,67.54,68.08,33254267.0
2012-10-03,68.29,68.65,68.0,68.52,38235965.0
2012-10-04,68.65,68.95,68.41,68.76,26128544.0
2012-10-05,69.09,69.21,68.21,68.39,25207826.0
2012-10-08,67.99,68.13,67.6,67.76,30911410.0
2012-10-09,67.58,67.59,66.51,66.67,67973910.0
2012-10-10,66.66,66.84,66.19,66.33,45134294.0
2012-10-11,66.85,66.88,66.08,66.12,30476076.0
2012-10-12,66.14,66.47,65.96,66.09,24894927.0
2012-10-15,66.35,66.67,65.94,66.58,22220004.0
2012-10-16,66.7,67.61,66.66,67.53,33960299.0
2012-10-17,67.16,67.71,67.09,67.49,33439368.0
2012-10-18,67.28,67.49,66.45,66.7,61706323.0
2012-10-19,66.62,66.68,65.01,65.09,75362599.0
2012-10-22,65.03,65.6,64.91,65.43,38621408.0
2012-10-23,64.9,65.36,64.6,64.8,52598740.0
2012-10-24,65.17,65.28,64.47,64.58,39872375.0
2012-10-25,65.02,65.13,64.38,64.57,52688680.0
2012-10-26,64.59,65.03,64.06,64.76,54222197.0
2012-10-31,64.72,64.8,64.14,64.36,38524479.0
2012-11-01,64.73,65.41,64.58,65.28,26944931.0
2012-11-02,65.62,65.62,64.52,64.58,44082997.0
2012-11-05,64.61,65.14,64.45,65.01,28104128.0
2012-11-06,65.12,65.58,64.87,65.13,29608306.0
2012-11-07,64.45,64.51,63.31,63.58,70737600.0
2012-11-08,63.74,63.91,62.57,62.57,58585722.0
2012-11-09,62.6,63.52,62.57,62.84,54110354.0
2012-11-12,63.2,63.28,62.66,62.83,32663656.0
2012-11-13,62.33,62.99,62.19,62.39,43287627.0
2012-11-14,62.68,62.77,61.55,61.65,82655213.0
2012-11-15,61.7,61.9,61.21,61.44,61602420.0
2012-11-16,61.49,61.89,60.72,61.71,70868025.0
2012-11-19,62.38,63.24,62.37,63.19,55306381.0
2012-11-20,63.18,63.3,62.6,63.21,52012655.0
2012-11-21,63.24,63.43,63.01,63.34,19620058.0
2012-11-23,63.73,64.33,63.66,64.31,16264573.0
2012-11-26,64.18,64.63,63.95,64.59,26430885.0
2012-11-27,64.57,64.81,64.26,64.37,25828579.0
2012-11-28,64.07,64.98,63.66,64.93,37295780.0
2012-11-29,65.23,65.55,64.99,65.32,41135813.0
2012-11-30,65.33,65.38,65.02,65.21,33502042.0
2012-12-03,65.73,65.78,65.05,65.08,28239968.0
2012-12-04,65.1,65.18,64.61,65.04,49671701.0
2012-12-05,64.94,64.95,63.96,64.31,54076124.0
2012-12-06,64.12,64.89,63.94,64.73,47519071.0
2012-12-07,65.06,65.12,64.12,64.34,30092666.0
2012-12-10,64.16,64.87,64.16,64.53,33219547.0
2012-12-11,64.99,65.75,64.93,65.38,40750801.0
2012-12-12,65.7,65.73,65.06,65.24,45917674.0
2012-12-13,65.12,65.57,64.44,64.72,45467642.0
2012-12-14,64.31,64.49,63.88,64.1,39630252.0
2012-12-17,64.14,64.98,64.07,64.96,42302841.0
2012-12-18,65.26,66.06,65.11,65.96,55595997.0
2012-12-19,66.13,66.17,65.63,65.67,34832444.0
2012-12-20,65.79,65.82,65.34,65.67,40754272.0
2012-12-21,64.3,64.69,64.01,64.61,51144552.0
2012-12-24,64.47,64.55,64.33,64.48,11392474.0
2012-12-26,64.49,64.59,63.7,63.91,21760846.0
2012-12-27,63.97,64.05,63.01,63.81,52943138.0
2012-12-28,63.34,63.84,63.16,63.19,33082054.0
2012-12-31,63.08,64.66,62.99,64.54,57553098.0
2013-01-02,66.1,66.64,65.89,66.61,70695891.0
2013-01-03,66.61,66.75,66.06,66.26,47366435.0
2013-01-04,66.28,66.29,65.88,66.04,33973326.0
2013-01-07,65.87,66.17,65.66,66.06,26766190.0
2013-01-08,66.05,66.23,65.58,65.93,28743941.0
2013-01-09,66.03,66.36,65.96,66.18,25609172.0
2013-01-10,66.62,66.68,65.96,66.58,37534251.0
2013-01-11,66.55,66.7,66.41,66.67,21160468.0
2013-01-14,66.31,66.56,66.08,66.37,36777292.0
2013-01-15,66.04,66.14,65.74,66.04,31675276.0
2013-01-16,66.16,66.54,66.01,66.31,33828119.0
2013-01-17,66.59,66.89,66.47,66.63,32030740.0
2013-01-18,66.42,66.55,66.18,66.48,31991953.0
2013-01-22,66.56,66.64,66.14,66.59,32123006.0
2013-01-23,66.97,67.2,66.87,67.0,31977406.0
2013-01-24,66.1,66.69,65.97,66.07,42603381.0
2013-01-25,66.3,66.6,66.15,66.41,39248726.0
2013-01-28,66.42,66.79,66.34,66.56,32933927.0
2013-01-29,66.47,66.72,66.04,66.57,35554610.0
2013-01-30,66.69,66.89,66.28,66.43,34444953.0
2013-01-31,66.4,66.76,66.22,66.28,35894885.0
2013-02-01,66.75,67.19,66.48,67.07,53124521.0
2013-02-04,66.66,66.87,65.87,65.89,48483691.0
2013-02-05,66.17,67.08,66.02,66.87,35129982.0
2013-02-06,66.63,66.96,66.45,66.65,43595136.0
2013-02-07,66.74,66.78,65.97,66.71,46011203.0
2013-02-08,67.05,67.54,67.04,67.4,39845725.0
2013-02-11,67.43,67.47,67.19,67.42,17650349.0
2013-02-12,67.33,67.46,67.07,67.14,22061318.0
2013-02-13,67.34,67.64,67.18,67.38,23497142.0
2013-02-14,67.05,67.46,67.03,67.36,24482423.0
2013-02-15,67.36,67.52,66.97,67.16,25334049.0
2013-02-19,67.3,67.67,67.27,67.65,23433248.0
2013-02-20,67.65,67.66,66.59,66.6,38200238.0
2013-02-21,66.37,66.42,65.64,65.88,45855576.0
2013-02-22,66.25,66.56,66.0,66.55,21969534.0
2013-02-25,67.01,67.22,65.66,65.72,40927523.0
2013-02-26,65.83,66.09,65.37,65.97,42088741.0
2013-02-27,65.98,67.06,65.88,66.65,36339458.0
2013-02-28,66.65,67.15,66.5,66.51,28557148.0
2013-03-01,66.27,66.91,65.95,66.79,31617692.0
2013-03-04,66.6,67.1,66.48,67.09,19380446.0
2013-03-05,67.51,68.18,67.49,68.09,35589440.0
2013-03-06,68.3,68.32,67.83,67.92,29070971.0
2013-03-07,67.98,68.21,67.86,68.1,21775877.0
2013-03-08,68.34,68.43,67.91,68.18,26162116.0
2013-03-11,68.09,68.4,67.88,68.38,23194121.0
2013-03-12,68.2,68.34,67.8,68.13,27579252.0
2013-03-13,68.21,68.3,67.8,68.04,34297271.0
2013-03-14,68.28,68.42,68.12,68.27,31537685.0
2013-03-15,68.16,68.2,67.75,67.92,30743672.0
2013-03-18,67.3,68.05,67.14,67.77,36164493.0
2013-03-19,67.95,68.11,67.03,67.64,33134570.0
2013-03-20,68.15,68.27,67.8,68.12,28035338.0
2013-03-21,67.5,67.66,67.18,67.34,30050789.0
2013-03-22,67.62,68.05,67.54,68.0,28838417.0
2013-03-25,68.22,68.37,67.42,67.75,24909753.0
2013-03-26,68.01,68.14,67.86,68.12,19734745.0
2013-03-27,67.66,68.26,67.55,68.21,22539423.0
2013-03-28,68.22,68.47,68.05,68.38,23669800.0
2013-04-01,68.42,68.5,67.72,67.91,28118835.0
2013-04-02,68.22,68.68,68.18,68.45,29431878.0
2013-04-03,68.49,68.59,67.65,67.82,35131104.0
2013-04-04,67.82,68.01,67.47,67.84,32287367.0
2013-04-05,66.76,67.37,66.6,67.27,55613276.0
2013-04-08,67.29,67.65,67.1,67.63,17898516.0
2013-04-09,67.83,68.37,67.5,68.09,30931361.0
2013-04-10,68.3,69.58,68.29,69.43,55271262.0
2013-04-11,69.25,69.56,69.18,69.4,37238268.0
2013-04-12,69.26,69.4,68.82,69.35,32791330.0
2013-04-15,69.09,69.2,67.89,67.97,48795787.0
2013-04-16,68.4,68.96,68.22,68.88,27682570.0
2013-04-17,68.25,68.3,67.12,67.53,60204793.0
2013-04-18,67.74,67.74,66.29,66.58,56798119.0
2013-04-19,66.72,67.64,66.61,67.5,43066868.0
2013-04-22,67.74,68.45,67.49,68.2,34412089.0
2013-04-23,68.61,69.11,68.23,68.86,53078214.0
2013-04-24,68.67,69.08,68.53,68.83,44500627.0
2013-04-25,69.04,69.46,69.0,69.2,26437042.0
2013-04-26,69.03,69.18,68.68,68.98,24083912.0
2013-04-29,69.19,69.89,69.17,69.62,31663920.0
2013-04-30,69.7,70.14,69.45,70.13,30146326.0
2013-05-01,70.12,70.26,69.66,69.8,28539538.0
2013-05-02,69.92,70.84,69.86,70.69,31744162.0
2013-05-03,71.35,71.75,71.32,71.53,34061652.0
2013-05-06,71.66,71.92,71.6,71.81,19245238.0
2013-05-07,71.91,71.98,71.5,71.77,25838016.0
2013-05-08,71.72,72.18,71.61,72.12,24258599.0
2013-05-09,71.96,72.51,71.88,72.02,29344426.0
2013-05-10,72.14,72.49,72.04,72.46,20663682.0
2013-05-13,72.34,72.73,72.27,72.55,29730022.0
2013-05-14,72.54,73.15,72.54,72.93,36017631.0
2013-05-15,72.79,73.15,72.61,73.08,27214313.0
2013-05-16,73.18,73.51,72.96,73.0,27253366.0
2013-05-17,73.36,73.74,73.14,73.71,31117108.0
2013-05-20,73.5,73.84,73.3,73.6,25135782.0
2013-05-21,73.59,73.95,73.3,73.68,25899967.0
2013-05-22,73.77,74.36,72.65,73.03,59843165.0
2013-05-23,72.36,73.11,72.24,72.86,48229437.0
2013-05-24,72.37,72.84,72.17,72.82,26435957.0
2013-05-28,73.66,73.95,73.07,73.3,27065807.0
2013-05-29,73.0,73.21,72.53,72.95,32095595.0
2013-05-30,72.98,73.69,72.96,73.34,32390461.0
2013-05-31,73.06,73.62,72.58,72.66,38354676.0
2013-06-03,72.72,72.81,71.84,72.79,47613032.0
2013-06-04,72.93,73.23,72.11,72.41,35256035.0
2013-06-05,72.18,72.45,71.4,71.46,48654171.0
2013-06-06,71.56,71.82,70.88,71.81,62524010.0
2013-06-07,72.14,72.88,71.93,72.8,32486800.0
2013-06-10,72.96,73.17,72.67,72.83,25393169.0
2013-06-11,72.08,72.75,71.85,72.1,40281421.0
2013-06-12,72.53,72.55,71.15,71.26,42081831.0
2013-06-13,71.17,72.33,70.96,72.17,28230371.0
2013-06-14,72.17,72.25,71.58,71.69,27697014.0
2013-06-17,72.29,72.81,72.01,72.39,32443498.0
2013-06-18,72.48,73.13,72.47,72.99,24861267.0
2013-06-19,72.98,73.09,72.09,72.17,43145076.0
2013-06-20,71.33,71.57,70.2,70.44,60908388.0
2013-06-21,70.19,70.38,69.25,69.84,51565551.0
2013-06-24,69.25,69.68,68.56,69.14,41492206.0
2013-06-25,69.82,69.93,69.22,69.65,28897389.0
2013-06-26,70.23,70.41,70.0,70.28,23746655.0
2013-06-27,70.63,71.03,70.54,70.58,23546417.0
2013-06-28,70.33,71.1,70.2,70.68,28301066.0
2013-07-01,71.17,71.71,71.05,71.12,24976289.0
2013-07-02,71.09,71.59,70.76,71.15,23069566.0
2013-07-03,70.89,71.78,70.83,71.44,15962217.0
2013-07-05,71.86,72.02,71.27,71.99,28795991.0
2013-07-08,72.35,72.4,71.79,72.06,20563730.0
2013-07-09,72.39,72.66,72.06,72.5,26115187.0
2013-07-10,72.41,73.03,72.39,72.92,25598894.0
2013-07-11,73.7,74.44,73.66,74.38,47777675.0
2013-07-12,74.43,74.76,74.23,74.71,31417850.0
2013-07-15,74.77,74.93,74.58,74.88,19790966.0
2013-07-16,74.95,75.0,74.59,74.78,31747092.0
2013-07-17,75.01,75.15,74.76,74.97,24631497.0
2013-07-18,74.95,75.15,74.66,74.78,36278798.0
2013-07-19,74.13,74.15,73.78,74.0,37734062.0
2013-07-22,74.28,74.39,73.99,74.22,21135860.0
2013-07-23,74.36,74.37,73.61,73.67,24748780.0
2013-07-24,74.4,74.43,73.74,73.91,24426805.0
2013-07-25,74.3,74.47,73.87,74.38,23167338.0
2013-07-26,74.08,74.79,73.96,74.78,20925822.0
2013-07-29,74.63,74.95,74.44,74.64,20970308.0
2013-07-30,74.91,75.36,74.76,75.04,24104507.0
2013-07-31,75.18,75.62,75.04,75.18,25007599.0
2013-08-01,75.71,76.06,75.62,75.95,16879933.0
2013-08-02,75.97,76.4,75.79,76.38,18598237.0
2013-08-05,76.3,76.49,76.19,76.43,15462781.0
2013-08-06,76.33,76.4,75.66,75.97,23680564.0
2013-08-07,75.77,75.98,75.28,75.83,20281126.0
2013-08-08,76.25,76.39,75.71,76.21,20474106.0
2013-08-09,76.11,76.35,75.68,75.9,18569820.0
2013-08-12,75.61,76.22,75.6,76.08,20515862.0
2013-08-13,76.18,76.68,75.63,76.51,23916974.0
2013-08-14,76.48,76.59,76.11,76.22,29920959.0
2013-08-15,75.39,75.4,74.7,74.92,39406562.0
2013-08-16,74.95,75.28,74.76,74.9,23824932.0
2013-08-19,74.91,75.54,74.74,74.76,29586813.0
2013-08-20,74.9,75.44,74.84,75.09,18842747.0
2013-08-21,74.87,75.5,74.55,74.83,30705085.0
2013-08-22,75.14,75.62,75.12,75.57,17276721.0
2013-08-23,76.14,76.18,75.81,76.08,20697258.0
2013-08-26,76.13,76.69,75.96,76.12,27525409.0
2013-08-27,75.23,75.59,74.37,74.55,40068871.0
2013-08-28,74.49,75.16,74.46,74.84,20490381.0
2013-08-29,74.81,75.75,74.71,75.37,27287901.0
2013-08-30,75.45,75.45,74.61,74.88,26228459.0
2013-09-03,75.51,75.85,74.95,75.31,27241431.0
2013-09-04,75.55,76.25,75.34,76.12,27142882.0
2013-09-05,76.16,76.47,76.14,76.25,17815365.0
2013-09-06,76.5,76.75,75.46,76.34,27724535.0
2013-09-09,76.64,77.37,76.64,77.24,25161869.0
2013-09-10,77.68,77.73,77.33,77.62,27619372.0
2013-09-11,77.1,77.52,77.0,77.47,28138594.0
2013-09-12,77.47,77.66,77.26,77.42,18332687.0
2013-09-13,77.52,77.56,77.05,77.47,16932448.0
2013-09-16,78.1,78.13,77.08,77.26,25909886.0
2013-09-17,77.4,77.88,77.39,77.78,27182212.0
2013-09-18,77.9,78.88,77.74,78.72,31714662.0
2013-09-19,78.95,79.1,78.77,78.91,26435609.0
2013-09-20,78.88,78.95,78.36,78.4,26328830.0
2013-09-23,78.75,78.82,77.87,78.24,30763414.0
2013-09-24,78.41,78.66,77.98,78.24,22254372.0
2013-09-25,78.29,78.41,77.81,77.97,22746397.0
2013-09-26,78.28,78.77,78.26,78.58,22421656.0
2013-09-27,78.15,78.62,78.0,78.48,25151521.0
2013-09-30,77.68,78.5,77.41,78.29,28031856.0
2013-10-01,78.28,79.13,78.26,79.09,33129746.0
2013-10-02,78.54,79.17,78.47,79.06,25503753.0
2013-10-03,78.96,79.13,77.71,78.13,42998195.0
2013-10-04,78.13,78.92,78.06,78.81,22874546.0
2013-10-07,78.13,78.76,78.08,78.15,20234683.0
2013-10-08,78.17,78.22,76.6,76.63,43660689.0
2013-10-09,76.81,76.85,75.76,76.39,64526694.0
2013-10-10,77.21,78.2,77.2,78.02,48062722.0
2013-10-11,77.82,78.7,77.81,78.64,25214124.0
2013-10-14,78.15,79.2,78.09,79.2,31471884.0
2013-10-15,79.14,79.52,78.79,78.89,38683993.0
2013-10-16,79.24,79.83,79.2,79.79,46735861.0
2013-10-17,79.42,80.28,79.36,80.25,32193534.0
2013-10-18,80.97,81.59,80.76,81.56,39628221.0
2013-10-21,81.72,81.95,81.48,81.74,31176938.0
2013-10-22,82.03,82.31,81.34,81.86,43944821.0
2013-10-23,81.45,81.61,80.96,81.36,38021281.0
2013-10-24,81.4,81.89,81.29,81.72,23155090.0
2013-10-25,82.51,82.69,81.91,82.31,35832381.0
2013-10-28,82.31,82.46,81.96,82.33,28618375.0
2013-10-29,82.57,82.67,82.11,82.47,36878062.0
2013-10-30,82.77,82.9,81.99,82.39,33535470.0
2013-10-31,82.18,82.71,81.89,82.2,31309909.0
2013-11-01,82.45,82.58,81.81,82.22,30873163.0
2013-11-04,82.46,82.48,82.05,82.34,16843634.0
2013-11-05,82.0,82.63,81.78,82.43,27975601.0
2013-11-06,82.76,82.81,82.14,82.41,25576806.0
2013-11-07,82.4,82.54,80.78,80.85,52173216.0
2013-11-08,81.14,81.97,80.92,81.95,31480519.0
2013-11-11,81.8,82.05,81.55,81.82,24857445.0
2013-11-12,81.57,82.07,81.53,81.95,20108526.0
2013-11-13,81.42,82.96,81.41,82.95,31345887.0
2013-11-14,82.7,83.27,82.55,83.21,31101157.0
2013-11-15,83.24,83.37,83.02,83.37,20515761.0
2013-11-18,83.35,83.52,82.39,82.55,31679608.0
2013-11-19,82.5,82.9,82.17,82.31,25546041.0
2013-11-20,82.55,82.84,81.87,82.11,32177418.0
2013-11-21,82.44,83.02,82.39,82.95,28125025.0
2013-11-22,83.1,83.43,83.03,83.4,25361273.0
2013-11-25,83.7,83.79,83.39,83.6,21699975.0
2013-11-26,83.63,84.25,83.44,84.04,26629288.0
2013-11-27,84.2,84.65,84.14,84.63,21643139.0
2013-11-29,84.95,85.25,84.88,85.14,16559794.0
2013-12-02,85.24,85.37,84.76,84.89,26354619.0
2013-12-03,84.83,85.05,84.49,84.82,37154262.0
2013-12-04,84.47,85.18,84.19,84.9,37193220.0
2013-12-05,84.98,85.07,84.58,84.79,39829338.0
2013-12-06,85.52,85.59,85.0,85.41,36842888.0
2013-12-09,85.76,85.94,85.61,85.76,22599903.0
2013-12-10,85.6,85.86,85.53,85.7,26965928.0
2013-12-11,85.68,85.81,84.47,84.59,36830565.0
2013-12-12,84.65,84.83,84.31,84.37,33662597.0
2013-12-13,84.77,84.81,84.12,84.26,34075415.0
2013-12-16,84.68,85.22,84.62,84.73,24908324.0
2013-12-17,84.73,84.94,84.4,84.56,24795173.0
2013-12-18,84.63,85.63,83.46,85.55,68387235.0
2013-12-19,85.4,85.42,84.93,85.31,46489555.0
2013-12-20,85.16,86.09,85.14,85.91,40475437.0
2013-12-23,86.6,86.82,86.36,86.82,28181764.0
2013-12-24,86.84,86.92,86.68,86.86,13277986.0
2013-12-26,87.01,87.22,86.85,87.15,15241096.0
2013-12-27,87.24,87.31,86.82,86.93,15831962.0
2013-12-30,86.81,86.92,86.55,86.8,18985622.0
2013-12-31,86.95,87.37,86.93,87.37,24896065.0
2014-01-02,86.96,86.99,86.43,86.68,29190009.0
2014-01-03,86.68,86.76,86.03,86.05,35727317.0
2014-01-06,86.06,86.17,85.41,85.73,32352559.0
2014-01-07,86.11,86.66,85.97,86.53,26818613.0
2014-01-08,86.52,86.96,86.36,86.72,27209991.0
2014-01-09,87.03,87.05,86.13,86.43,23695690.0
2014-01-10,86.65,86.81,85.99,86.71,38012069.0
2014-01-13,86.58,86.89,85.09,85.42,48855231.0
2014-01-14,85.71,87.13,85.71,87.06,37194076.0
2014-01-15,87.41,87.95,87.35,87.78,39859705.0
2014-01-16,87.69,87.92,87.57,87.79,34260219.0
2014-01-17,87.53,87.78,87.08,87.29,36908236.0
2014-01-21,87.84,88.0,87.22,87.96,26432336.0
2014-01-22,88.16,88.41,87.93,88.19,29425432.0
2014-01-23,87.91,87.93,87.27,87.89,35077428.0
2014-01-24,87.47,87.59,86.12,86.15,64334902.0
2014-01-27,86.18,86.3,84.66,85.31,63676475.0
2014-01-28,84.83,85.35,84.72,85.26,44439554.0
2014-01-29,84.51,85.15,84.17,84.34,52064566.0
2014-01-30,85.4,86.21,85.29,85.91,66863622.0
2014-01-31,84.95,86.09,84.86,85.68,45196915.0
2014-02-03,85.55,85.91,83.48,83.7,65617206.0
2014-02-04,84.11,84.66,83.87,84.32,37801215.0
2014-02-05,84.05,84.4,83.15,84.1,41969204.0
2014-02-06,84.35,85.29,84.33,85.18,32338053.0
2014-02-07,85.68,86.77,85.41,86.71,38467242.0
2014-02-10,86.64,87.25,86.62,87.21,30225157.0
2014-02-11,87.35,88.38,87.3,88.21,38682035.0
2014-02-12,88.38,88.58,88.11,88.38,32533008.0
2014-02-13,87.72,89.11,87.71,89.04,40492842.0
2014-02-14,88.97,89.42,88.74,89.22,34086390.0
2014-02-18,89.34,89.83,89.15,89.66,29614391.0
2014-02-19,89.48,89.7,88.86,89.04,41775267.0
2014-02-20,89.11,89.63,88.72,89.46,41833212.0
2014-02-21,89.74,89.88,89.23,89.34,31221745.0
2014-02-24,89.51,90.23,89.45,89.82,31517522.0
2014-02-25,89.93,90.13,89.43,89.72,27464711.0
2014-02-26,89.98,90.25,89.28,89.64,42968334.0
2014-02-27,89.65,90.31,89.51,90.22,28750313.0
2014-02-28,90.19,90.74,89.32,90.12,48623159.0
2014-03-03,89.26,89.69,88.65,89.45,38946845.0
2014-03-04,90.41,90.76,90.34,90.59,33213909.0
2014-03-05,90.75,91.0,90.55,90.84,27220604.0
2014-03-06,91.03,91.12,90.43,90.76,24086220.0
2014-03-07,91.05,91.14,89.86,90.31,31174837.0
2014-03-10,90.26,90.44,89.81,90.39,18138198.0
2014-03-11,90.61,90.84,89.73,90.0,27505046.0
2014-03-12,89.6,90.39,89.26,90.34,27997215.0
2014-03-13,90.68,90.71,88.65,89.06,48541951.0
2014-03-14,88.77,89.16,88.41,88.45,38738769.0
2014-03-17,89.02,89.69,88.97,89.23,28476800.0
2014-03-18,89.33,90.42,89.31,90.31,31250235.0
2014-03-19,90.34,90.44,89.23,89.82,40869371.0
2014-03-20,89.56,90.34,89.36,90.07,31634538.0
2014-03-21,90.39,90.43,88.61,88.78,62812715.0
2014-03-24,89.1,89.17,87.19,88.0,77735313.0
2014-03-25,88.47,89.03,87.55,88.29,41723335.0
2014-03-26,88.74,88.93,87.14,87.15,40930442.0
2014-03-27,87.05,87.42,86.18,86.66,64784488.0
2014-03-28,86.93,87.79,86.59,86.83,39895065.0
2014-03-31,87.51,88.04,87.4,87.45,33924297.0
2014-04-01,87.88,89.05,87.49,88.99,38683837.0
2014-04-02,89.37,89.46,88.82,89.22,34631615.0
2014-04-03,89.33,89.46,88.0,88.51,30319074.0
2014-04-04,89.07,89.19,85.92,86.15,131213229.0
2014-04-07,85.62,86.41,84.74,85.33,83995771.0
2014-04-08,85.43,86.24,85.13,86.12,51495650.0
2014-04-09,86.45,87.65,86.21,87.6,45685231.0
2014-04-10,87.65,87.66,84.64,84.88,73659615.0
2014-04-11,84.12,85.22,83.69,83.89,93657425.0
2014-04-14,84.63,85.0,83.77,84.55,46500747.0
2014-04-15,84.84,85.32,83.06,84.83,84631517.0
2014-04-16,85.61,85.96,84.88,85.96,46970899.0
2014-04-17,85.67,86.41,85.41,85.98,53719454.0
2014-04-21,86.19,86.62,85.78,86.62,25947923.0
2014-04-22,86.88,87.53,86.77,87.31,38593408.0
2014-04-23,87.33,87.34,86.49,86.54,34376729.0
2014-04-24,87.98,87.99,86.43,87.37,48926264.0
2014-04-25,86.86,86.95,85.76,85.97,44341588.0
2014-04-28,86.36,86.89,84.89,86.25,58623796.0
2014-04-29,86.53,87.1,86.09,86.94,36742661.0
2014-04-30,86.57,87.26,86.32,87.17,38689408.0
2014-05-01,87.31,87.93,87.09,87.43,37127219.0
2014-05-02,87.72,87.89,87.06,87.27,40074150.0
2014-05-05,86.76,87.75,86.54,87.73,27924376.0
2014-05-06,87.61,87.64,86.55,86.59,33698549.0
2014-05-07,86.78,86.86,85.31,86.34,67489143.0
2014-05-08,86.04,87.31,85.83,86.26,46556871.0
2014-05-09,86.19,86.64,85.63,86.58,35081529.0
2014-05-12,87.09,88.04,87.02,88.01,38951060.0
2014-05-13,88.1,88.39,87.9,88.07,30311862.0
2014-05-14,87.81,88.13,87.4,87.61,26483571.0
2014-05-15,87.59,87.74,86.36,86.92,59680284.0
2014-05-16,87.02,87.54,86.42,87.49,66807315.0
2014-05-19,87.25,88.24,87.08,88.1,32017036.0
2014-05-20,88.06,88.38,87.42,87.78,33715953.0
2014-05-21,87.94,88.67,87.89,88.62,36837678.0
2014-05-22,88.72,89.26,88.58,89.01,31604535.0
2014-05-23,89.11,89.68,88.9,89.66,22691254.0
2014-05-27,90.06,90.8,89.98,90.79,29725231.0
2014-05-28,90.75,90.88,90.43,90.5,30478074.0
2014-05-29,90.83,91.09,90.64,91.08,33036099.0
2014-05-30,91.11,91.23,90.61,91.09,30156093.0
2014-06-02,91.21,91.22,90.42,91.0,30890298.0
2014-06-03,90.69,91.11,90.58,90.96,21783686.0
2014-06-04,90.74,91.45,90.59,91.3,20128261.0
2014-06-05,91.39,92.24,91.07,92.07,35583055.0
2014-06-06,92.44,92.6,92.23,92.6,22680643.0
2014-06-09,92.63,92.76,92.28,92.53,23402469.0
2014-06-10,92.45,92.74,92.34,92.69,20635286.0
2014-06-11,92.37,92.8,92.28,92.67,22884331.0
2014-06-12,92.47,92.57,91.51,91.83,35275853.0
2014-06-13,92.25,92.33,91.7,92.1,39449997.0
2014-06-16,91.94,92.45,91.74,92.18,25218557.0
2014-06-17,92.12,92.48,91.96,92.23,20555315.0
2014-06-18,92.33,92.88,91.76,92.75,34514013.0
2014-06-19,92.88,92.95,92.27,92.69,38427402.0
2014-06-20,92.48,92.65,92.31,92.55,25897494.0
2014-06-23,92.52,92.6,92.29,92.57,20837926.0
2014-06-24,92.57,93.35,92.21,92.48,31945762.0
2014-06-25,92.27,93.23,92.26,93.07,32818591.0
2014-06-26,93.13,93.14,92.4,93.12,22572172.0
2014-06-27,92.99,93.55,92.97,93.53,22881506.0
2014-06-30,93.49,93.92,93.45,93.69,19764915.0
2014-07-01,93.99,94.97,93.98,94.72,31862487.0
2014-07-02,94.76,95.02,94.69,94.88,18784391.0
2014-07-03,95.18,95.48,94.93,95.48,14667293.0
2014-07-07,95.37,95.49,95.01,95.19,23266428.0
2014-07-08,95.02,95.08,93.65,94.04,40612448.0
2014-07-09,94.29,94.85,94.02,94.74,29928322.0
2014-07-10,93.56,94.83,93.41,94.44,44250020.0
2014-07-11,94.65,95.05,94.39,95.05,19570393.0
2014-07-14,95.47,95.84,95.32,95.62,19579041.0
2014-07-15,95.76,95.91,94.61,95.29,39480119.0
2014-07-16,95.97,96.08,95.57,95.67,22061998.0
2014-07-17,95.41,95.75,94.1,94.4,43111514.0
2014-07-18,94.92,95.95,94.78,95.9,36690832.0
2014-07-21,95.7,95.94,95.33,95.78,29754810.0
2014-07-22,96.22,96.54,96.13,96.39,25770404.0
2014-07-23,96.72,97.12,96.55,97.01,28947464.0
2014-07-24,97.18,97.29,96.76,96.9,24707180.0
2014-07-25,96.43,96.65,96.01,96.52,29903633.0
2014-07-28,96.58,96.8,95.8,96.55,25603360.0
2014-07-29,96.75,96.98,96.3,96.38,27022232.0
2014-07-30,96.91,97.1,96.38,96.76,35348519.0
2014-07-31,95.98,96.12,94.66,94.8,50047926.0
2014-08-01,94.61,95.12,93.82,94.45,60707990.0
2014-08-04,94.68,95.47,94.3,95.1,33230537.0
2014-08-05,94.72,94.99,93.93,94.37,50331066.0
2014-08-06,93.77,94.89,93.7,94.3,34611546.0
2014-08-07,94.73,94.92,93.67,94.0,33274669.0
2014-08-08,94.16,94.79,93.75,94.68,40238383.0
2014-08-11,95.03,95.54,94.98,95.24,28283279.0
2014-08-12,95.16,95.45,94.71,95.2,28158723.0
2014-08-13,95.59,96.25,95.54,96.21,27996489.0
2014-08-14,96.32,96.73,96.21,96.71,25006602.0
2014-08-15,97.24,97.41,96.26,97.18,55205490.0
2014-08-18,97.67,98.02,97.55,97.93,38938349.0
2014-08-19,98.16,98.54,98.1,98.48,21363394.0
2014-08-20,98.39,98.68,98.31,98.48,23435596.0
2014-08-21,98.54,98.73,98.38,98.68,19339477.0
2014-08-22,98.72,99.03,98.5,98.83,24699453.0
2014-08-25,99.3,99.46,98.94,99.18,24124718.0
2014-08-26,99.31,99.39,99.05,99.28,20100350.0
2014-08-27,99.31,99.42,99.09,99.3,15595925.0
2014-08-28,98.98,99.31,98.86,99.19,23563850.0
2014-08-29,99.43,99.7,99.05,99.56,17912339.0
2014-09-02,99.82,99.88,99.44,99.85,18331922.0
2014-09-03,100.11,100.12,99.08,99.26,25950656.0
2014-09-04,99.51,100.0,98.92,99.17,24663511.0
2014-09-05,99.36,99.73,98.81,99.67,30805767.0
2014-09-08,99.67,100.11,99.4,99.86,26008809.0
2014-09-09,99.84,100.24,98.85,99.03,36449189.0
2014-09-10,99.16,99.89,98.88,99.85,31080115.0
2014-09-11,99.43,99.82,99.02,99.77,28761940.0
2014-09-12,99.68,99.71,98.95,99.26,30445999.0
2014-09-15,99.37,99.38,98.0,98.3,32972159.0
2014-09-16,97.94,99.35,97.83,99.16,38166920.0
2014-09-17,99.15,99.78,98.71,99.31,37206375.0
2014-09-18,99.61,100.07,99.51,100.06,30196722.0
2014-09-19,100.24,100.35,99.36,99.76,46923054.0
2014-09-22,99.52,99.53,98.4,98.83,48658049.0
2014-09-23,98.45,99.0,98.36,98.56,33989583.0
2014-09-24,98.65,99.67,98.32,99.62,35958950.0
2014-09-25,99.31,99.43,97.48,97.52,68642547.0
2014-09-26,97.83,98.74,97.67,98.56,56109106.0
2014-09-29,97.58,98.7,97.53,98.43,33342673.0
2014-09-30,98.7,99.08,98.1,98.57,41834324.0
2014-10-01,98.32,98.39,96.68,96.99,58164861.0
2014-10-02,96.97,97.29,95.75,96.99,55233032.0
2014-10-03,97.54,98.35,97.22,97.95,41627772.0
2014-10-06,98.25,98.5,97.44,97.74,36038687.0
2014-10-07,97.27,97.56,96.34,96.35,45153968.0
2014-10-08,96.44,98.54,95.84,98.23,64931636.0
2014-10-09,98.11,98.35,96.49,96.64,62497086.0
2014-10-10,96.06,96.61,94.2,94.22,77579425.0
2014-10-13,94.07,94.77,92.66,92.74,80835922.0
2014-10-14,93.38,93.95,92.49,92.75,71814456.0
2014-10-15,91.33,92.54,90.02,92.15,108847755.0
2014-10-16,90.21,92.36,90.17,91.57,93165782.0
2014-10-17,92.77,93.67,92.24,92.78,69546720.0
2014-10-20,92.74,94.25,92.58,94.17,41479253.0
2014-10-21,95.32,96.65,95.1,96.65,53609758.0
2014-10-22,96.94,97.08,96.09,96.15,39178048.0
2014-10-23,97.1,98.14,96.95,97.6,48123778.0
2014-10-24,97.75,98.47,97.42,98.4,43161724.0
2014-10-27,98.18,98.65,97.8,98.47,29545673.0
2014-10-28,98.88,99.98,98.86,99.96,34495077.0
2014-10-29,99.62,99.9,98.88,99.59,40552803.0
2014-10-30,99.15,100.04,98.92,99.8,35935794.0
2014-10-31,101.45,101.53,100.85,101.18,54254141.0
2014-11-03,101.31,101.75,101.21,101.48,33480951.0
2014-11-04,101.14,101.41,100.45,101.14,22773298.0
2014-11-05,101.79,101.81,100.8,101.15,25818604.0
2014-11-06,101.1,101.5,100.71,101.47,24671900.0
2014-11-07,101.65,101.69,100.85,101.38,20931734.0
2014-11-10,101.43,101.87,101.16,101.74,20360007.0
2014-11-11,101.76,102.06,101.48,102.06,15454012.0
2014-11-12,101.65,102.35,101.65,102.24,22050317.0
2014-11-13,102.43,103.06,102.2,102.68,28027776.0
2014-11-14,102.65,103.0,102.31,103.0,19251346.0
2014-11-17,102.76,102.99,102.2,102.69,23361634.0
2014-11-18,102.78,103.6,102.78,103.46,26336812.0
2014-11-19,103.35,103.35,102.51,102.99,23760243.0
2014-11-20,102.55,103.54,102.47,103.45,22874018.0
2014-11-21,104.37,104.47,103.32,103.65,34049128.0
2014-11-24,103.93,104.51,103.84,104.46,17928289.0
2014-11-25,104.62,104.93,104.35,104.62,17525991.0
2014-11-26,104.72,105.36,104.62,105.3,18973804.0
2014-11-28,105.58,106.03,105.51,105.79,16963854.0
2014-12-01,105.5,105.7,104.2,104.59,35969494.0
2014-12-02,104.7,105.2,104.48,105.01,26031291.0
2014-12-03,105.17,105.35,104.55,105.2,32974322.0
2014-12-04,105.1,105.56,104.71,105.15,31008791.0
2014-12-05,105.32,105.48,104.93,105.16,25622236.0
2014-12-08,104.89,105.35,103.86,104.41,32685756.0
2014-12-09,103.19,104.82,102.82,104.74,46035139.0
2014-12-10,104.55,104.81,102.9,103.09,39330116.0
2014-12-11,103.39,104.82,103.37,103.58,47576022.0
2014-12-12,102.59,103.77,102.44,102.45,46889391.0
2014-12-15,102.98,103.36,101.1,101.39,52968448.0
2014-12-16,100.75,102.25,99.74,99.76,65348626.0
2014-12-17,99.83,101.87,99.7,101.58,79715318.0
2014-12-18,103.04,104.04,102.76,104.03,49840942.0
2014-12-19,103.75,104.52,103.49,104.1,51419912.0
2014-12-22,103.93,104.39,103.88,104.36,33869167.0
2014-12-23,104.74,104.75,103.87,103.99,30156929.0
2014-12-24,104.12,104.48,104.05,104.08,14463134.0
2014-12-26,104.38,105.04,104.35,104.82,13924332.0
2014-12-29,104.72,105.03,104.66,104.8,17073772.0
2014-12-30,104.5,104.74,103.96,104.1,18603989.0
2014-12-31,104.28,104.69,102.88,103.03,24367121.0
2015-01-02,103.54,103.98,102.22,102.72,31314599.0
2015-01-05,102.27,102.39,100.92,101.21,36521270.0
2015-01-06,101.36,101.53,99.4,99.85,66205451.0
2015-01-07,100.51,101.38,100.27,101.14,37577361.0
2015-01-08,102.0,103.28,101.9,103.08,40212640.0
2015-01-09,103.4,103.43,101.8,102.4,41410071.0
2015-01-12,102.6,102.71,101.07,101.33,34129751.0
2015-01-13,102.32,103.4,100.48,101.3,56162334.0
2015-01-14,100.28,101.27,99.85,100.74,51354217.0
2015-01-15,101.21,101.37,99.31,99.43,51005416.0
2015-01-16,99.3,100.73,99.14,100.6,35362210.0
2015-01-20,101.21,101.66,100.07,101.4,30964056.0
2015-01-21,101.1,102.4,100.75,101.92,40128772.0
2015-01-22,102.32,103.92,101.42,103.81,40887168.0
2015-01-23,103.8,104.36,103.5,104.04,34782992.0
2015-01-26,103.92,104.11,103.39,103.92,19960870.0
2015-01-27,102.28,102.34,100.88,101.22,45253205.0
2015-01-28,102.85,102.96,100.68,100.7,43591675.0
2015-01-29,100.62,101.86,99.74,101.67,46539734.0
2015-01-30,101.58,102.36,100.74,100.88,42927638.0
2015-02-02,101.11,101.85,99.53,101.76,43624654.0
2015-02-03,102.13,102.81,101.46,102.74,30750360.0
2015-02-04,102.32,103.33,102.09,102.65,34073211.0
2015-02-05,102.91,103.61,102.65,103.54,23605516.0
2015-02-06,103.7,103.95,102.54,102.91,34169256.0
2015-02-09,102.51,103.07,102.33,102.58,22604655.0
2015-02-10,103.15,104.32,102.99,104.18,23686531.0
2015-02-11,104.3,104.8,104.1,104.56,20303617.0
2015-02-12,105.24,105.82,105.08,105.78,22520295.0
2015-02-13,106.08,106.71,105.89,106.69,29030249.0
2015-02-17,106.69,106.86,106.43,106.79,17675344.0
2015-02-18,106.66,107.0,106.52,106.94,15149619.0
2015-02-19,106.87,107.54,106.84,107.47,19828113.0
2015-02-20,107.4,108.25,107.06,108.19,28336710.0
2015-02-23,108.13,108.33,107.89,108.3,17867968.0
2015-02-24,108.16,108.51,107.83,108.38,19745011.0
2015-02-25,108.22,108.64,107.87,108.11,19472341.0
2015-02-26,108.22,108.72,107.92,108.66,22255476.0
2015-02-27,108.62,108.69,108.01,108.18,27757584.0
2015-03-02,108.39,109.2,108.37,109.16,22988645.0
2015-03-03,108.83,108.94,107.96,108.65,20788924.0
2015-03-04,108.29,108.45,107.64,108.23,21007420.0
2015-03-05,108.51,108.75,107.97,108.42,15381039.0
2015-03-06,108.28,108.49,106.92,107.19,30990366.0
2015-03-09,107.41,107.77,106.97,107.5,26237101.0
2015-03-10,106.73,106.76,105.5,105.5,34234496.0
2015-03-11,105.66,105.79,104.85,104.89,25459733.0
2015-03-12,104.81,105.7,104.74,105.58,21473171.0
2015-03-13,105.48,105.9,104.46,105.12,42021103.0
2015-03-16,105.51,106.52,105.4,106.48,25674085.0
2015-03-17,106.19,106.82,105.94,106.65,19603813.0
2015-03-18,106.36,108.19,105.81,107.7,40622188.0
2015-03-19,107.81,108.16,107.65,107.86,31314035.0
2015-03-20,108.5,108.85,108.29,108.31,31761404.0
2015-03-23,108.25,108.55,108.06,108.1,17268507.0
2015-03-24,108.09,108.59,107.69,107.71,22445280.0
2015-03-25,107.88,107.98,105.2,105.24,41581435.0
2015-03-26,104.37,105.48,104.02,104.88,47846276.0
2015-03-27,104.86,105.55,104.7,105.3,33878385.0
2015-03-30,105.94,106.6,105.94,106.51,30570196.0
2015-03-31,106.21,106.43,105.35,105.38,30488101.0
2015-04-01,105.38,105.4,104.15,104.83,32970452.0
2015-04-02,104.93,105.24,104.56,104.9,19164241.0
2015-04-06,104.28,106.05,104.12,105.76,24451142.0
2015-04-07,105.7,106.48,105.58,105.58,19379381.0
2015-04-08,105.62,106.57,105.61,106.42,25866907.0
2015-04-09,106.37,107.13,106.01,107.09,23114727.0
2015-04-10,107.05,107.54,106.81,107.53,17164343.0
2015-04-13,107.61,108.16,107.14,107.26,17783465.0
2015-04-14,107.15,107.46,106.34,106.95,23755747.0
2015-04-15,107.23,107.85,107.11,107.62,21128576.0
2015-04-16,107.33,107.66,107.18,107.47,16195279.0
2015-04-17,106.44,106.73,105.33,105.79,46513964.0
2015-04-20,106.32,107.57,106.28,107.38,28945909.0
2015-04-21,108.0,108.19,107.71,107.84,22759772.0
2015-04-22,108.12,108.61,107.42,108.43,21429190.0
2015-04-23,108.06,109.33,108.04,108.84,29473221.0
2015-04-24,109.99,110.47,109.81,110.32,32508127.0
2015-04-27,110.73,110.94,109.8,110.04,31121321.0
2015-04-28,110.12,110.33,108.89,109.82,36849221.0
2015-04-29,109.21,109.85,108.53,109.13,34043905.0
2015-04-30,108.51,108.95,106.84,107.41,44080546.0
2015-05-01,107.83,108.9,107.81,108.83,32874307.0
2015-05-04,109.18,109.69,108.95,109.01,23507259.0
2015-05-05,108.58,108.78,107.18,107.23,47843265.0
2015-05-06,107.42,107.73,105.78,106.49,42687150.0
2015-05-07,106.46,107.43,106.38,107.13,29335806.0
2015-05-08,108.24,108.7,108.08,108.47,33023337.0
2015-05-11,108.54,108.76,107.97,108.05,19679255.0
2015-05-12,107.41,108.11,106.58,107.56,33665017.0
2015-05-13,108.03,108.59,107.62,107.78,20738434.0
2015-05-14,108.66,109.45,108.26,109.36,23904233.0
2015-05-15,109.64,109.79,109.09,109.36,23937442.0
2015-05-18,109.18,110.06,109.1,109.84,17631135.0
2015-05-19,109.96,110.13,109.54,109.72,14212896.0
2015-05-20,109.8,110.45,109.21,109.79,21131892.0
2015-05-21,109.6,110.51,109.44,110.36,16771801.0
2015-05-22,110.23,110.65,110.16,110.25,13543774.0
2015-05-26,110.01,110.16,108.54,108.98,25488437.0
2015-05-27,109.31,110.86,109.07,110.74,30572695.0
2015-05-28,110.53,110.79,110.15,110.49,17302408.0
2015-05-29,110.42,110.57,109.57,109.83,30382987.0
2015-06-01,110.42,110.5,109.3,110.2,24570186.0
2015-06-02,109.79,110.39,109.25,109.85,19449634.0
2015-06-03,110.35,110.59,109.91,110.18,20507208.0
2015-06-04,109.56,110.26,108.99,109.34,31374588.0
2015-06-05,109.21,109.47,108.41,109.08,22641732.0
2015-06-08,109.03,109.11,107.75,107.97,24549204.0
2015-06-09,107.71,108.18,106.98,107.79,27554599.0
2015-06-10,108.16,109.59,108.04,109.27,30297862.0
2015-06-11,109.64,109.93,109.24,109.43,17593463.0
2015-06-12,108.85,109.08,108.38,108.53,27201768.0
2015-06-15,107.72,108.16,107.09,107.99,31238798.0
2015-06-16,107.88,108.76,107.83,108.58,16456867.0
2015-06-17,108.76,109.23,108.21,108.88,23296738.0
2015-06-18,109.28,110.66,109.22,110.47,43032384.0
2015-06-19,110.27,110.36,109.59,109.67,27877574.0
2015-06-22,110.48,110.81,110.23,110.48,19120898.0
2015-06-23,110.6,110.67,110.11,110.57,18127916.0
2015-06-24,110.44,110.91,109.97,110.0,15815914.0
2015-06-25,110.43,110.54,109.6,109.78,18326654.0
2015-06-26,109.76,110.01,108.64,109.05,32311679.0
2015-06-29,107.84,108.44,106.42,106.47,50874901.0
2015-06-30,107.27,107.5,106.52,106.85,34809920.0
2015-07-01,107.91,108.13,107.2,107.7,21292958.0
2015-07-02,108.01,108.1,107.4,107.73,20499447.0
2015-07-06,107.05,108.1,106.82,107.48,24311020.0
2015-07-07,107.6,107.85,105.61,107.75,44230772.0
2015-07-08,106.98,107.11,105.68,105.87,39691475.0
2015-07-09,107.28,107.38,105.8,105.81,28381041.0
2015-07-10,107.22,107.83,106.83,107.43,26415825.0
2015-07-13,108.36,109.41,108.35,109.32,25780733.0
2015-07-14,109.47,110.34,109.41,110.04,21977167.0
2015-07-15,110.25,110.59,109.85,110.16,28631537.0
2015-07-16,111.07,111.74,110.85,111.72,29838948.0
2015-07-17,112.62,113.37,112.43,113.37,35926804.0
2015-07-20,113.61,114.17,113.26,113.76,26539045.0
2015-07-21,113.8,113.98,113.36,113.69,35468865.0
2015-07-22,111.95,112.95,111.95,112.4,35574962.0
2015-07-23,112.51,112.88,111.69,111.98,25698255.0
2015-07-24,112.58,112.79,110.71,110.88,30844714.0
2015-07-27,110.25,110.73,109.72,109.96,35994837.0
2015-07-28,110.45,111.13,109.57,110.91,33553494.0
2015-07-29,111.15,111.57,110.72,111.33,26714068.0
2015-07-30,111.07,112.05,110.41,111.86,25438057.0
2015-07-31,112.21,112.27,111.5,111.73,22081731.0
2015-08-03,111.75,112.06,110.65,111.38,25001780.0
2015-08-04,111.33,111.53,110.71,111.17,22132319.0
2015-08-05,111.79,112.78,111.66,112.03,28989897.0
2015-08-06,112.13,112.28,109.73,110.23,42125401.0
2015-08-07,109.96,110.35,109.18,110.09,30006846.0
2015-08-10,110.79,111.59,110.78,111.35,21500780.0
2015-08-11,110.76,111.19,109.31,109.92,36123270.0
2015-08-12,109.16,110.52,108.0,110.3,41888960.0
2015-08-13,110.41,110.94,109.88,110.12,22510520.0
2015-08-14,109.86,110.45,109.64,110.29,17924931.0
2015-08-17,110.02,111.24,109.74,111.21,21224913.0
2015-08-18,111.06,111.15,110.49,110.64,13984363.0
2015-08-19,110.3,110.89,109.27,109.91,42511384.0
2015-08-20,108.89,109.24,106.85,106.86,57747349.0
2015-08-21,105.35,106.25,102.18,102.18,97763445.0
2015-08-24,94.01,102.31,84.52,98.24,150829863.0
2015-08-25,101.85,102.52,97.79,97.87,75088278.0
2015-08-26,100.74,103.01,98.71,102.81,104103817.0
2015-08-27,104.3,105.49,103.06,105.42,69377690.0
2015-08-28,104.86,105.78,104.63,105.4,49919628.0
2015-08-31,104.81,105.39,103.83,104.09,39549380.0
2015-09-01,101.49,103.07,100.41,100.83,73155538.0
2015-09-02,102.66,103.7,101.48,103.68,43963563.0
2015-09-03,104.09,104.8,102.88,103.17,45131794.0
2015-09-04,101.75,102.63,101.37,101.94,49379643.0
2015-09-08,103.9,104.95,103.47,104.82,37343527.0
2015-09-09,106.06,106.09,103.37,103.64,47146743.0
2015-09-10,103.52,105.46,103.4,104.77,47686714.0
2015-09-11,104.29,105.35,103.99,105.35,29106088.0
2015-09-14,105.74,105.76,104.63,105.03,19718804.0
2015-09-15,105.28,106.6,104.89,106.27,30020216.0
2015-09-16,106.29,106.97,105.92,106.87,31329146.0
2015-09-17,106.76,108.51,106.42,106.91,56139806.0
2015-09-18,105.01,106.38,104.95,105.13,48383995.0
2015-09-21,105.71,106.33,104.51,105.46,35772624.0
2015-09-22,103.84,104.21,102.91,103.88,47359654.0
2015-09-23,104.16,104.44,103.42,103.96,21775134.0
2015-09-24,102.95,103.97,102.05,103.58,38284331.0
2015-09-25,104.69,104.79,102.06,102.7,44700006.0
2015-09-28,102.26,102.33,99.47,99.77,44077490.0
2015-09-29,100.02,101.04,98.53,99.25,49315527.0
2015-09-30,100.67,101.65,100.28,101.54,41411432.0
2015-10-01,101.72,102.01,100.37,102.0,39339134.0
2015-10-02,100.58,103.79,100.26,103.79,59370859.0
2015-10-05,104.56,105.56,104.33,105.28,32853533.0
2015-10-06,105.03,105.38,103.96,104.78,33051534.0
2015-10-07,105.44,105.64,104.07,105.41,37389334.0
2015-10-08,105.01,106.01,103.99,105.83,50188873.0
2015-10-09,105.88,106.51,105.59,106.31,23916227.0
2015-10-12,106.51,106.77,106.13,106.57,16161955.0
2015-10-13,105.96,107.04,105.78,105.88,26999613.0
2015-10-14,105.88,106.41,105.27,105.71,30902637.0
2015-10-15,106.1,107.46,105.96,107.45,38393838.0
2015-10-16,107.68,107.96,107.16,107.9,27091100.0
2015-10-19,107.76,108.59,107.52,108.52,23776270.0
2015-10-20,108.33,108.56,107.59,107.96,23404691.0
2015-10-21,108.51,108.62,107.26,107.3,30195241.0
2015-10-22,108.26,109.58,107.96,109.49,42778702.0
2015-10-23,112.44,113.02,111.85,112.56,53170910.0
2015-10-26,112.48,112.85,112.05,112.63,25918004.0
2015-10-27,112.33,113.02,112.3,112.86,31390511.0
2015-10-28,113.03,113.8,112.12,113.8,42221867.0
2015-10-29,113.28,113.81,113.16,113.62,24913340.0
2015-10-30,113.67,113.86,113.08,113.11,27199231.0
2015-11-02,113.41,114.53,113.17,114.39,22176916.0
2015-11-03,114.16,115.2,113.99,114.79,20418387.0
2015-11-04,115.17,115.25,114.32,114.8,28633048.0
2015-11-05,114.9,115.18,113.89,114.49,25004080.0
2015-11-06,114.27,114.7,113.54,114.57,29924901.0
2015-11-09,114.14,114.29,112.65,113.35,33479755.0
2015-11-10,112.75,113.17,112.41,113.06,35452127.0
2015-11-11,113.37,113.92,112.73,112.92,22748808.0
2015-11-12,112.43,113.01,111.74,111.82,31196876.0
2015-11-13,111.35,111.47,109.56,109.62,52836036.0
2015-11-16,109.52,111.22,109.26,111.2,33980633.0
2015-11-17,111.39,112.07,110.99,111.27,30579457.0
2015-11-18,111.72,113.52,111.61,113.41,32966463.0
2015-11-19,113.46,114.01,113.27,113.49,26188119.0
2015-11-20,114.02,114.35,113.92,114.26,22727591.0
2015-11-23,114.31,114.72,113.44,113.93,20696175.0
2015-11-24,113.2,114.1,112.62,113.83,26374412.0
2015-11-25,113.97,114.14,113.69,113.93,14159935.0
2015-11-27,114.18,114.33,113.7,114.09,8827991.0
2015-11-30,114.38,114.43,113.43,113.8,25041649.0
2015-12-01,114.26,114.94,114.12,114.94,28639445.0
2015-12-02,115.01,115.53,114.06,114.23,22395483.0
2015-12-03,114.54,114.74,111.63,112.29,42754345.0
2015-12-04,112.62,115.11,112.4,114.92,40037322.0
2015-12-07,115.0,115.07,113.85,114.4,25892101.0
2015-12-08,113.22,114.78,113.16,114.41,30792648.0
2015-12-09,113.89,114.54,111.98,112.67,48509199.0
2015-12-10,112.93,113.94,112.6,113.18,30154621.0
2015-12-11,111.87,112.17,110.5,110.57,56022221.0
2015-12-14,110.76,111.46,109.16,111.41,53098514.0
2015-12-15,112.38,113.06,111.95,112.09,48428014.0
2015-12-16,112.85,113.95,111.67,113.76,44944106.0
2015-12-17,114.24,114.26,112.08,112.1,45668795.0
2015-12-18,111.36,111.66,109.61,109.61,53746061.0
2015-12-21,110.65,110.85,109.83,110.83,26432807.0
2015-12-22,111.43,111.72,110.83,111.56,26540310.0
2015-12-23,112.12,112.47,111.94,112.39,25656928.0
2015-12-24,112.35,112.68,112.32,112.37,11480244.0
2015-12-28,112.1,112.33,111.29,112.31,19183637.0
2015-12-29,113.0,114.33,112.91,114.08,27725673.0
2015-12-30,113.94,114.02,113.03,113.05,19520081.0
2015-12-31,112.65,112.86,111.62,111.64,29886849.0
2016-01-04,109.21,109.38,107.9,109.28,50807643.0
2016-01-05,109.82,109.96,108.58,109.09,38795182.0
2016-01-06,107.21,108.67,107.19,108.04,41891091.0
2016-01-07,105.74,107.07,104.59,104.65,61386300.0
2016-01-08,105.45,106.07,103.68,103.79,69344012.0
2016-01-11,104.57,104.84,102.51,104.11,50024094.0
2016-01-12,105.09,105.86,103.86,105.32,46734241.0
2016-01-13,105.78,106.01,101.52,101.68,69870673.0
2016-01-14,102.08,104.76,100.45,103.85,78445735.0
2016-01-15,100.35,101.72,99.29,100.62,91443918.0
2016-01-19,101.98,102.15,99.66,100.84,56563845.0
2016-01-20,99.26,101.61,97.03,100.53,86674981.0
2016-01-21,100.97,102.13,99.6,100.63,61660101.0
2016-01-22,102.62,103.59,102.31,103.55,42229803.0
2016-01-25,103.24,103.77,101.92,102.01,38881485.0
2016-01-26,102.43,103.37,101.54,102.93,36143916.0
2016-01-27,102.33,102.77,99.93,100.36,54524736.0
2016-01-28,101.97,102.07,100.04,101.78,47641532.0
2016-01-29,101.78,103.95,101.72,103.91,54245067.0
2016-02-01,103.4,104.58,103.01,104.19,32750348.0
2016-02-02,103.75,103.75,101.62,101.93,44928088.0
2016-02-03,102.58,102.61,99.66,101.44,61572882.0
2016-02-04,101.13,102.24,100.22,101.43,49321638.0
2016-02-05,101.07,101.11,97.5,97.9,70749932.0
2016-02-08,96.11,96.83,94.62,96.4,91673063.0
2016-02-09,95.14,97.56,94.96,96.1,73778426.0
2016-02-10,97.28,98.47,96.4,96.47,59421699.0
2016-02-11,95.23,97.1,94.97,96.33,76839183.0
2016-02-12,97.46,97.9,96.51,97.8,49186494.0
2016-02-16,99.22,100.01,98.63,100.01,40565911.0
2016-02-17,100.79,102.42,100.48,102.28,41766451.0
2016-02-18,102.59,102.62,100.98,101.11,38991469.0
2016-02-19,100.69,101.72,100.4,101.41,28257915.0
2016-02-22,102.32,103.16,102.26,103.06,23979113.0
2016-02-23,102.45,102.74,101.29,101.36,29869660.0
2016-02-24,100.22,102.46,99.55,102.33,40739103.0
2016-02-25,102.54,103.34,101.62,103.34,29389315.0
2016-02-26,104.06,104.15,102.97,103.21,30925045.0
2016-02-29,103.09,103.88,102.28,102.28,27553937.0
2016-03-01,103.23,105.57,102.94,105.57,37699779.0
2016-03-02,105.41,105.63,104.79,105.61,29209756.0
2016-03-03,105.49,105.53,104.65,105.41,25474625.0
2016-03-04,105.54,106.13,104.75,105.45,31655424.0
2016-03-07,104.9,105.52,104.05,104.8,25861160.0
2016-03-08,104.08,105.0,103.75,103.93,28898525.0
2016-03-09,104.35,104.62,103.74,104.6,31047351.0
2016-03-10,105.09,105.64,103.09,104.44,44997649.0
2016-03-11,105.58,106.27,105.24,106.27,31453958.0
2016-03-14,105.86,106.7,105.84,106.45,25374912.0
2016-03-15,106.05,106.53,105.73,106.41,26524632.0
2016-03-16,106.15,107.64,106.12,107.36,31693050.0
2016-03-17,107.04,107.55,106.65,107.3,29623740.0
2016-03-18,107.24,107.42,106.58,107.15,37682293.0
2016-03-21,106.94,107.67,106.9,107.57,17288559.0
2016-03-22,106.96,108.15,106.94,107.9,18840278.0
2016-03-23,107.69,107.77,106.77,107.01,20912873.0
2016-03-24,106.45,107.07,106.31,107.04,19017258.0
2016-03-28,107.34,107.36,106.7,106.89,13892303.0
2016-03-29,106.71,108.68,106.51,108.61,29963923.0
2016-03-30,109.26,109.82,108.91,109.14,23807235.0
2016-03-31,109.08,109.47,108.81,108.98,21447236.0
2016-04-01,108.36,110.18,108.17,110.14,26389045.0
2016-04-04,110.09,110.22,109.46,109.72,17162988.0
2016-04-05,108.86,109.28,108.52,108.66,20107915.0
2016-04-06,108.78,110.49,108.77,110.45,25056031.0
2016-04-07,109.82,110.01,108.39,108.86,28567202.0
2016-04-08,109.55,109.8,108.4,108.78,22897951.0
2016-04-11,109.26,109.8,108.37,108.38,25772058.0
2016-04-12,108.44,109.5,107.8,109.29,28564087.0
2016-04-13,110.1,110.86,109.99,110.69,25356728.0
2016-04-14,110.69,111.11,109.78,110.7,17199671.0
2016-04-15,110.61,110.84,110.14,110.42,21353343.0
2016-04-18,110.11,111.05,110.03,111.01,17126086.0
2016-04-19,111.22,111.22,109.66,110.33,42481435.0
2016-04-20,110.32,110.93,109.95,110.42,18078307.0
2016-04-21,110.36,110.83,109.93,110.43,20215983.0
2016-04-22,108.99,109.5,107.9,108.76,39073996.0
2016-04-25,108.4,108.77,108.23,108.76,14351890.0
2016-04-26,108.98,109.17,107.9,108.23,19118334.0
2016-04-27,107.12,107.61,106.47,107.36,33059790.0
2016-04-28,107.47,108.12,105.85,106.06,29818155.0
2016-04-29,106.0,106.28,104.66,105.5,67502786.0
2016-05-02,105.75,106.65,105.34,106.5,24813813.0
2016-05-03,105.74,106.22,105.23,105.51,38569433.0
2016-05-04,104.9,105.27,104.57,104.83,27474504.0
2016-05-05,105.21,105.44,104.59,104.8,20788119.0
2016-05-06,104.29,105.38,104.18,105.36,30758516.0
2016-05-09,105.39,106.15,105.32,105.66,19289615.0
2016-05-10,106.04,107.16,105.85,107.11,21178851.0
2016-05-11,106.94,107.27,106.11,106.14,20966257.0
2016-05-12,106.46,106.52,104.92,105.67,29196323.0
2016-05-13,105.63,106.23,105.07,105.28,21059255.0
2016-05-16,105.45,106.99,105.34,106.6,18311860.0
2016-05-17,106.52,106.82,104.98,105.26,29932711.0
2016-05-18,105.07,106.21,104.82,105.64,28177911.0
2016-05-19,105.23,105.49,104.32,105.09,27334610.0
2016-05-20,105.52,106.68,105.45,106.25,29549578.0
2016-05-23,106.33,106.75,106.01,106.11,15729764.0
2016-05-24,106.7,108.37,106.67,108.24,29931309.0
2016-05-25,108.64,109.35,108.47,109.02,38464750.0
2016-05-26,109.13,109.48,108.87,109.34,21885871.0
2016-05-27,109.43,109.92,109.39,109.91,19870010.0
2016-05-31,110.06,110.29,109.57,110.12,24366106.0
2016-06-01,109.78,110.38,109.69,110.13,19571528.0
2016-06-02,109.91,110.37,109.31,110.36,15696618.0
2016-06-03,110.15,110.2,109.12,109.84,20269923.0
2016-06-06,110.03,110.53,109.85,110.24,12502365.0
2016-06-07,110.31,110.41,109.91,109.96,12184296.0
2016-06-08,110.15,110.38,109.74,110.15,14568699.0
2016-06-09,109.71,110.09,109.49,109.97,17571631.0
2016-06-10,108.98,109.18,108.34,108.72,32965003.0
2016-06-13,108.12,108.71,107.67,107.81,25412177.0
2016-06-14,107.56,108.2,107.02,107.81,24588506.0
2016-06-15,108.1,108.22,107.32,107.5,24605701.0
2016-06-16,106.95,107.92,106.28,107.82,32079929.0
2016-06-17,107.31,107.47,106.02,106.27,29208832.0
2016-06-20,107.51,108.02,106.86,106.94,20562769.0
2016-06-21,107.11,107.5,106.88,107.28,22804112.0
2016-06-22,107.36,107.97,106.93,107.02,22724174.0
2016-06-23,107.87,108.57,107.4,108.55,18714227.0
2016-06-24,104.59,106.28,103.84,104.07,68012733.0
2016-06-27,103.38,103.38,101.53,102.0,50044303.0
2016-06-28,103.11,104.29,103.08,104.24,28260604.0
2016-06-29,105.04,106.31,105.02,106.09,31356723.0
2016-06-30,106.3,107.39,105.91,107.32,36300819.0
2016-07-01,107.27,108.26,107.23,107.86,19902803.0
2016-07-05,107.36,107.44,106.62,107.2,21167903.0
2016-07-06,106.7,108.13,106.35,108.08,24579270.0
2016-07-07,108.17,108.64,107.89,108.4,19161748.0
2016-07-08,108.95,110.14,108.8,110.08,29457871.0
2016-07-11,110.46,111.12,110.44,110.71,20218504.0
2016-07-12,111.37,111.57,111.12,111.27,21906145.0
2016-07-13,111.57,111.6,110.99,111.0,21107762.0
2016-07-14,111.74,111.97,111.48,111.76,20870986.0
2016-07-15,112.0,112.08,111.33,111.58,17999312.0
2016-07-18,111.64,112.52,111.63,112.32,20713924.0
2016-07-19,111.95,112.26,111.71,111.91,18936702.0
2016-07-20,112.53,113.43,112.38,113.22,24997929.0
2016-07-21,113.3,113.52,112.65,112.96,18885367.0
2016-07-22,113.06,113.56,112.7,113.43,20003363.0
2016-07-25,113.34,113.47,113.06,113.44,12968085.0
2016-07-26,113.41,113.98,113.0,113.57,21223845.0
2016-07-27,114.54,114.66,113.88,114.36,27646113.0
2016-07-28,114.54,114.89,114.18,114.76,16939662.0
2016-07-29,115.02,115.32,114.65,115.01,22385320.0
2016-08-01,115.09,115.91,114.95,115.62,13990077.0
2016-08-02,115.46,115.55,114.0,114.74,21278383.0
2016-08-03,114.66,115.13,114.58,115.12,15011273.0
2016-08-04,115.1,115.56,114.81,115.45,12835296.0
2016-08-05,116.06,116.82,115.91,116.56,23196570.0
2016-08-08,116.6,116.65,116.06,116.43,12358181.0
2016-08-09,116.51,117.07,116.45,116.7,13276458.0
2016-08-10,116.74,116.8,116.09,116.4,14688405.0
2016-08-11,116.79,117.15,116.56,116.9,12969799.0
2016-08-12,116.69,116.99,116.57,116.98,19379036.0
2016-08-15,117.11,117.75,117.09,117.48,11777762.0
2016-08-16,117.25,117.27,116.81,116.83,14161446.0
2016-08-17,116.86,117.08,116.21,117.04,15980334.0
2016-08-18,116.93,117.24,116.73,117.07,10036285.0
2016-08-19,116.88,117.3,116.54,117.04,18742961.0
2016-08-22,116.87,117.33,116.65,117.13,14500622.0
2016-08-23,117.57,117.79,117.29,117.34,11997927.0
2016-08-24,117.27,117.42,116.19,116.58,17728656.0
2016-08-25,116.26,116.75,116.14,116.39,24266264.0
2016-08-26,116.44,117.32,115.86,116.56,23895963.0
2016-08-29,116.59,117.04,116.57,116.72,11184872.0
2016-08-30,116.51,116.87,115.94,116.34,19843301.0
2016-08-31,116.16,116.34,115.73,116.22,16169794.0
2016-09-01,116.26,116.66,115.69,116.52,20944727.0
2016-09-02,117.1,117.34,116.46,116.9,18088215.0
2016-09-06,117.07,117.63,116.84,117.63,18525231.0
2016-09-07,117.73,117.9,117.25,117.7,17546872.0
2016-09-08,117.35,117.38,116.7,117.01,20125319.0
2016-09-09,116.01,116.29,114.04,114.06,50813287.0
2016-09-12,113.42,116.27,113.41,116.11,39645960.0
2016-09-13,115.51,115.87,114.51,115.07,45863935.0
2016-09-14,115.21,116.25,115.16,115.62,28221762.0
2016-09-15,115.67,117.6,115.64,117.42,39466531.0
2016-09-16,117.0,117.2,116.49,117.07,27596527.0
2016-09-19,117.35,117.73,116.33,116.56,16222870.0
2016-09-20,116.97,117.26,116.58,116.78,18078584.0
2016-09-21,117.26,118.1,116.59,117.93,31546776.0
2016-09-22,118.63,119.0,118.5,118.87,22614422.0
2016-09-23,118.7,118.78,117.94,118.11,22213394.0
2016-09-26,117.44,117.58,116.95,117.12,16403881.0
2016-09-27,117.09,118.34,116.93,118.28,20238432.0
2016-09-28,118.4,118.55,117.87,118.48,14794330.0
2016-09-29,118.29,118.5,117.12,117.62,27207499.0
2016-09-30,117.93,118.85,117.81,118.5,25543200.0
2016-10-03,118.31,118.48,117.87,118.33,19216438.0
2016-10-04,118.64,118.94,117.7,118.15,21239742.0
2016-10-05,118.48,118.95,118.45,118.57,14481285.0
2016-10-06,118.41,118.77,117.93,118.51,11987056.0
2016-10-07,118.64,118.79,117.67,118.25,19984158.0
2016-10-10,118.84,119.26,118.81,119.0,19687341.0
2016-10-11,118.88,118.92,116.78,117.3,27774426.0
2016-10-12,117.36,117.6,116.84,117.2,14267824.0
2016-10-13,116.42,117.1,115.72,116.78,22821011.0
2016-10-14,117.36,117.83,116.85,116.92,21313321.0
2016-10-17,116.88,117.08,116.46,116.6,14182694.0
2016-10-18,117.96,118.19,117.58,117.64,19276656.0
2016-10-19,117.55,117.8,117.42,117.63,13702918.0
2016-10-20,117.46,117.75,116.81,117.49,18132245.0
2016-10-21,117.58,118.0,117.19,117.93,15707804.0
2016-10-24,118.71,119.43,118.68,119.35,19142985.0
2016-10-25,119.4,119.44,118.79,118.97,20341835.0
2016-10-26,118.19,118.81,117.81,118.16,20463696.0
2016-10-27,118.68,118.77,117.45,117.62,19099790.0
2016-10-28,117.25,117.89,116.52,116.88,35369254.0
2016-10-31,117.31,117.31,116.71,116.77,18749357.0
2016-11-01,116.97,116.99,114.89,115.89,23498712.0
2016-11-02,115.83,116.08,114.67,114.96,26960093.0
2016-11-03,114.8,115.15,113.7,113.83,36205193.0
2016-11-04,113.5,114.32,113.23,113.43,26997454.0
2016-11-07,115.23,116.25,115.08,116.13,26591245.0
2016-11-08,115.99,117.42,115.74,116.89,20777919.0
2016-11-09,115.49,117.62,115.38,117.43,70234393.0
2016-11-10,117.92,118.16,113.98,115.53,72825446.0
2016-11-11,114.99,115.83,114.62,115.58,41115166.0
2016-11-14,115.62,115.72,113.81,114.41,35905979.0
2016-11-15,115.25,116.4,115.11,116.0,31796602.0
2016-11-16,115.48,116.78,115.45,116.69,16538132.0
2016-11-17,116.64,117.56,116.39,117.54,20598553.0
2016-11-18,117.61,117.88,116.99,117.1,16428659.0
2016-11-21,117.38,118.43,117.35,118.32,20268547.0
2016-11-22,118.75,118.97,118.39,118.68,18850641.0
2016-11-23,118.29,118.42,117.68,118.2,22925954.0
2016-11-25,118.34,118.63,118.2,118.58,7162785.0
2016-11-28,118.42,118.86,118.19,118.31,13479045.0
2016-11-29,118.41,119.29,118.08,118.72,18552957.0
2016-11-30,118.84,118.92,117.24,117.28,30405342.0
2016-12-01,117.24,117.25,115.07,115.25,39796590.0
2016-12-02,115.35,115.94,115.0,115.48,32876845.0
2016-12-05,116.1,116.84,115.55,116.38,21419667.0
2016-12-06,116.66,116.86,116.17,116.66,27293348.0
2016-12-07,116.42,118.29,116.08,118.14,26622442.0
2016-12-08,118.18,118.65,117.96,118.35,18578433.0
2016-12-09,118.81,119.32,118.78,119.28,21863133.0
2016-12-12,118.73,118.99,118.25,118.74,23259310.0
2016-12-13,119.13,120.89,119.1,120.24,54477889.0
2016-12-14,120.34,120.78,119.64,119.99,28745991.0
2016-12-15,120.15,120.89,119.86,120.18,22762305.0
2016-12-16,120.06,120.37,119.14,119.38,26283907.0
2016-12-19,119.52,120.61,119.33,119.87,21138658.0
2016-12-20,120.21,120.55,120.11,120.33,11461799.0
2016-12-21,120.35,120.46,119.97,120.24,7079300.0
2016-12-22,120.24,120.28,119.43,119.9,16644996.0
2016-12-23,119.74,120.03,119.59,119.98,9007470.0
2016-12-27,120.22,121.3,120.19,120.6,16110554.0
2016-12-28,120.84,120.97,119.58,119.66,17975235.0
2016-12-29,119.64,119.91,119.11,119.49,13267519.0
2016-12-30,119.71,119.73,117.92,118.26,41749028.0
2017-01-03,119.09,119.77,118.67,119.32,22307608.0
2017-01-04,119.45,120.19,119.44,119.97,19749074.0
2017-01-05,119.94,120.73,119.88,120.65,20644254.0
2017-01-06,120.77,122.03,120.47,121.71,24074305.0
2017-01-09,121.81,122.33,121.73,122.11,18909234.0
2017-01-10,122.15,122.75,121.88,122.38,16176631.0
2017-01-11,122.41,122.71,121.8,122.71,20685983.0
2017-01-12,122.27,122.6,121.38,122.52,19622511.0
2017-01-13,122.59,123.15,122.58,122.94,16930803.0
2017-01-17,122.57,122.81,122.22,122.57,14538484.0
2017-01-18,122.74,122.94,122.44,122.82,12499663.0
2017-01-19,122.97,123.43,122.5,122.76,12710659.0
2017-01-20,123.29,123.61,122.7,123.03,22091039.0
2017-01-23,122.94,123.31,122.35,123.13,17434167.0
2017-01-24,123.37,124.15,123.17,123.96,17640869.0
2017-01-25,124.72,125.24,124.63,125.21,15036221.0
2017-01-26,125.37,125.6,125.13,125.34,16052150.0
2017-01-27,125.58,125.71,125.17,125.58,15052983.0
2017-01-30,125.15,125.16,123.91,124.6,25006715.0
2017-01-31,124.18,124.38,123.63,124.35,19091133.0
2017-02-01,125.2,125.46,124.64,125.21,22861876.0
2017-02-02,124.99,125.48,124.64,125.1,15101363.0
2017-02-03,125.27,125.59,125.11,125.46,16957154.0
2017-02-06,125.2,125.63,125.13,125.61,11630139.0
2017-02-07,125.84,126.33,125.75,126.07,17541101.0
2017-02-08,125.9,126.46,125.66,126.28,12569147.0
2017-02-09,126.41,127.02,126.34,126.74,17542726.0
2017-02-10,126.98,127.34,126.8,127.16,13915697.0
2017-02-13,127.54,128.04,127.5,127.88,19120150.0
2017-02-14,127.93,128.32,127.52,128.31,16333480.0
2017-02-15,128.22,129.13,128.15,129.07,17891355.0
2017-02-16,129.14,129.41,128.7,129.03,15098286.0
2017-02-17,128.87,129.6,128.82,129.59,15563730.0
2017-02-21,129.81,130.31,129.77,130.23,18479628.0
2017-02-22,130.1,130.37,129.9,130.28,12110876.0
2017-02-23,130.48,130.48,129.27,129.79,17489023.0
2017-02-24,129.25,130.04,129.16,130.04,18624489.0
2017-02-27,129.8,130.21,129.58,130.2,12008672.0
2017-02-28,130.17,130.23,129.44,129.8,16598581.0
2017-03-01,130.59,131.46,130.38,131.22,25813827.0
2017-03-02,131.21,131.21,130.4,130.56,19951386.0
2017-03-03,130.43,130.84,130.13,130.8,13722749.0
2017-03-06,130.34,130.73,129.99,130.51,12026151.0
2017-03-07,130.23,130.86,130.06,130.29,15500945.0
2017-03-08,130.35,130.93,130.24,130.52,15776027.0
2017-03-09,130.49,130.8,129.92,130.62,20855253.0
2017-03-10,131.2,131.38,130.6,131.17,21922601.0
2017-03-13,131.12,131.42,131.05,131.39,10731575.0
2017-03-14,131.09,131.14,130.54,131.07,14019689.0
2017-03-15,131.36,132.19,130.92,131.88,22709139.0
2017-03-16,132.11,132.13,131.49,131.79,18457291.0
2017-03-17,131.64,131.82,131.4,131.47,21234529.0
2017-03-20,131.43,131.89,131.24,131.59,10105210.0
2017-03-21,132.09,132.21,129.51,129.59,35841897.0
2017-03-22,129.67,130.6,129.46,130.47,29177883.0
2017-03-23,130.3,130.66,129.92,130.14,20311655.0
2017-03-24,130.56,131.07,129.91,130.41,22967566.0
2017-03-27,129.51,130.85,129.18,130.62,18472445.0
2017-03-28,130.59,131.81,130.33,131.42,23721947.0
2017-03-29,131.51,132.08,131.37,132.03,13709968.0
2017-03-30,132.0,132.39,131.86,132.25,16092374.0
2017-03-31,132.05,132.52,131.91,132.16,19841411.0
2017-04-03,132.26,132.59,131.34,132.08,23700310.0
2017-04-04,131.68,132.31,131.65,132.29,13400022.0
2017-04-05,132.46,133.26,131.5,131.75,32011155.0
2017-04-06,131.9,132.17,131.48,131.82,18832193.0
2017-04-07,131.77,132.15,131.28,131.75,16743064.0
2017-04-10,131.89,132.35,131.44,131.8,15619276.0
2017-04-11,131.64,131.88,130.28,131.23,33778359.0
2017-04-12,131.23,131.32,130.56,130.7,15955195.0
2017-04-13,130.53,131.29,130.16,130.18,23683020.0
2017-04-17,130.58,131.28,130.5,131.26,13325508.0
2017-04-18,130.79,131.44,130.73,131.06,12841087.0
2017-04-19,131.63,132.07,131.09,131.27,17764817.0
2017-04-20,131.82,132.66,131.6,132.37,21977910.0
2017-04-21,132.48,132.54,132.0,132.34,22454948.0
2017-04-24,133.8,134.07,133.59,133.94,22469948.0
2017-04-25,134.36,135.15,134.26,134.91,19384398.0
2017-04-26,134.95,135.29,134.64,134.72,25398542.0
2017-04-27,135.06,135.53,134.97,135.53,16136538.0
2017-04-28,136.06,136.12,135.55,135.77,22771946.0
2017-05-01,136.24,137.16,136.16,136.98,24815525.0
2017-05-02,137.16,137.27,136.8,137.21,18345071.0
2017-05-03,136.92,136.95,136.4,136.77,23827550.0
2017-05-04,136.79,137.21,136.34,136.82,14630063.0
2017-05-05,137.17,137.32,136.66,137.32,19330652.0
2017-05-08,137.39,137.62,137.11,137.62,13279931.0
2017-05-09,137.83,138.41,137.71,138.1,28426109.0
2017-05-10,138.18,138.23,137.69,138.18,20499363.0
2017-05-11,137.81,138.11,137.16,138.07,27232074.0
2017-05-12,138.15,138.41,138.01,138.38,19738629.0
2017-05-15,138.41,138.9,138.31,138.82,20481327.0
2017-05-16,139.14,139.42,138.77,139.4,21785994.0
2017-05-17,138.33,138.55,135.83,135.85,55642178.0
2017-05-18,135.84,137.5,135.65,137.04,41319882.0
2017-05-19,137.49,138.2,137.44,137.62,36730112.0
2017-05-22,137.92,138.86,137.88,138.78,19509659.0
2017-05-23,139.2,139.2,138.56,138.92,19687534.0
2017-05-24,139.34,139.63,138.95,139.56,18323864.0
2017-05-25,140.1,141.11,139.79,140.75,23928591.0
2017-05-26,140.78,141.06,140.59,141.0,13851582.0
2017-05-30,140.91,141.29,140.84,141.12,20306409.0
2017-05-31,141.58,141.62,140.35,141.07,33229404.0
2017-06-01,141.35,141.68,140.76,141.62,20120741.0
2017-06-02,142.12,143.27,141.89,143.24,37222881.0
2017-06-05,143.22,143.46,143.01,143.21,15727526.0
2017-06-06,143.06,143.51,142.43,142.64,22393024.0
2017-06-07,143.01,143.32,142.38,143.2,18842408.0
2017-06-08,143.52,143.58,142.57,143.35,25417408.0
2017-06-09,143.51,143.68,137.89,139.76,109783737.0
2017-06-12,138.62,139.26,137.25,139.01,104453977.0
2017-06-13,139.79,140.34,139.06,140.14,51193010.0
2017-06-14,140.7,140.71,138.4,139.53,60093764.0
2017-06-15,138.13,139.06,137.27,138.91,55145160.0
2017-06-16,138.5,138.56,137.42,137.93,48087413.0
2017-06-19,139.23,140.37,139.06,140.24,39626533.0
2017-06-20,140.09,140.28,139.09,139.14,40935078.0
2017-06-21,139.44,140.59,139.37,140.52,35743366.0
2017-06-22,140.72,141.0,140.12,140.48,24099115.0
2017-06-23,140.31,141.2,139.93,141.02,21654314.0
2017-06-26,141.78,142.07,140.05,140.36,34411094.0
2017-06-27,139.85,140.0,137.8,137.81,65957819.0
2017-06-28,138.32,139.92,137.52,139.8,57427180.0
2017-06-29,139.18,139.22,136.03,137.37,88769351.0
2017-06-30,137.78,138.45,136.97,137.42,68898255.0
2017-07-03,136.35,137.68,135.94,137.31,42116584.0
2017-07-06,136.25,136.84,135.58,136.07,48430476.0
2017-07-07,136.52,137.91,136.52,137.54,36970402.0
2017-07-10,137.62,138.77,137.28,138.44,24853545.0
2017-07-11,138.22,139.0,137.72,138.83,31517660.0
2017-07-12,139.99,140.64,139.74,140.48,36045799.0
2017-07-13,140.63,141.13,140.38,140.79,31073595.0
2017-07-14,141.35,142.08,140.97,141.9,34544847.0
2017-07-17,142.03,142.47,141.7,141.97,25343155.0
2017-07-18,141.84,142.95,141.42,142.92,25748527.0
2017-07-19,143.31,143.97,143.28,143.76,33752309.0
2017-07-20,144.09,144.22,143.3,143.95,36139449.0
2017-07-21,143.4,143.89,143.13,143.89,39697094.0
2017-07-24,143.85,144.65,143.7,144.55,26712732.0
2017-07-25,144.07,144.52,143.79,144.18,28120884.0
2017-07-26,144.52,144.73,144.31,144.65,18610634.0
2017-07-27,145.64,145.74,142.08,143.74,80665866.0
2017-07-28,142.92,143.86,142.65,143.62,38013176.0
2017-07-31,144.0,144.21,142.7,143.01,33848645.0
2017-08-01,143.48,143.54,142.9,143.34,20149421.0
2017-08-02,144.23,144.3,142.39,143.73,41769667.0
2017-08-03,143.95,143.95,142.91,143.17,27112799.0
2017-08-04,143.43,143.75,142.84,143.43,29472909.0
2017-08-07,143.67,144.34,143.49,144.34,17933942.0
2017-08-08,144.05,145.25,143.68,144.09,30810364.0
2017-08-09,142.92,143.97,142.58,143.9,36169473.0
2017-08-10,143.11,143.18,140.67,140.81,63331663.0
2017-08-11,141.02,142.19,140.68,141.88,45862488.0
2017-08-14,143.01,143.93,142.97,143.71,34161024.0
2017-08-15,144.0,144.09,143.42,143.81,25509181.0
2017-08-16,144.15,144.74,143.58,144.06,31913002.0
2017-08-17,143.51,143.72,141.11,141.11,70190975.0
2017-08-18,141.21,141.98,140.43,141.01,60751940.0
2017-08-21,141.01,141.31,139.96,140.83,37111487.0
2017-08-22,141.58,143.13,141.54,142.98,36294232.0
2017-08-23,142.28,142.79,142.16,142.47,25702324.0
2017-08-24,142.81,142.95,141.25,142.05,38160803.0
2017-08-25,142.58,142.96,141.56,141.75,26380436.0
2017-08-28,142.19,142.52,141.73,142.19,15362141.0
2017-08-29,140.96,142.99,140.84,142.75,24498333.0
2017-08-30,142.89,144.67,142.78,144.43,33642716.0
2017-08-31,144.81,145.99,144.76,145.98,38480747.0
2017-09-01,146.14,146.37,145.39,145.78,22293553.0
2017-09-05,145.33,145.66,143.38,144.47,45480562.0
2017-09-06,144.84,145.24,143.86,144.91,30722723.0
2017-09-07,145.18,145.62,144.72,145.25,22721131.0
2017-09-08,145.06,145.13,143.84,143.99,27890115.0
2017-09-11,145.08,145.9,145.08,145.65,27126332.0
2017-09-12,146.03,146.19,145.31,146.0,30256661.0
2017-09-13,145.73,146.22,145.51,146.2,28450864.0
2017-09-14,145.63,146.07,145.25,145.34,35296413.0
2017-09-15,145.34,146.37,145.07,145.84,46422402.0
2017-09-18,145.66,146.15,144.89,145.33,24858157.0
2017-09-19,145.59,145.79,145.09,145.58,20871237.0
2017-09-20,145.53,145.69,144.01,145.13,34236155.0
2017-09-21,145.03,145.04,143.73,144.24,28841835.0
2017-09-22,143.78,144.31,143.64,144.1,21702401.0
2017-09-25,143.53,143.61,141.88,142.58,54947712.0
2017-09-26,143.29,143.58,142.45,142.95,29628806.0
2017-09-27,143.71,144.78,143.35,144.24,33249403.0
2017-09-28,143.92,144.34,143.56,144.19,24149422.0
2017-09-29,144.48,145.34,144.1,145.23,43102366.0
2017-10-02,145.45,145.95,144.71,145.36,27351260.0
2017-10-03,145.52,145.84,145.23,145.67,19715152.0
2017-10-04,145.38,146.12,145.25,145.81,26381099.0
2017-10-05,146.32,147.32,146.19,147.24,31562353.0
2017-10-06,146.75,147.44,146.74,147.44,23561069.0
2017-10-09,147.64,147.79,147.08,147.27,13704835.0
2017-10-10,147.76,147.92,146.73,147.38,19223092.0
2017-10-11,147.31,147.85,147.12,147.82,12439051.0
2017-10-12,147.62,148.14,147.4,147.55,14513477.0
2017-10-13,148.18,148.29,147.56,148.12,18409888.0
2017-10-16,148.48,148.67,148.18,148.63,21809410.0
2017-10-17,148.57,148.84,148.35,148.82,13138157.0
2017-10-18,148.99,148.99,148.42,148.64,17218243.0
2017-10-19,147.81,148.11,147.05,148.09,27680285.0
2017-10-20,148.69,148.82,148.31,148.49,30173268.0
2017-10-23,148.79,148.81,147.31,147.52,29297126.0
2017-10-24,147.78,148.08,147.22,147.77,20289467.0
2017-10-25,147.48,147.96,146.11,147.21,36179124.0
2017-10-26,147.14,147.49,146.7,146.74,28230199.0
2017-10-27,149.11,151.3,148.98,151.02,60165127.0
2017-10-30,150.86,151.97,150.77,151.36,31733386.0
2017-10-31,151.82,152.15,151.41,151.93,26319327.0
2017-11-01,152.53,152.61,151.28,151.88,29481569.0
2017-11-02,151.7,151.77,150.55,151.59,31017426.0
2017-11-03,152.17,153.07,151.62,153.05,26199249.0
2017-11-06,152.91,153.63,152.88,153.57,28693919.0
2017-11-07,153.45,153.87,153.12,153.66,21333062.0
2017-11-08,153.59,154.32,153.4,154.28,17373517.0
2017-11-09,153.04,153.55,151.89,153.47,40594482.0
2017-11-10,153.14,153.58,152.84,153.46,20150762.0
2017-11-13,152.9,153.85,152.88,153.65,12522399.0
2017-11-14,153.09,153.28,152.35,153.09,25173763.0
2017-11-15,152.39,152.78,151.56,152.37,24808004.0
2017-11-16,153.16,154.67,153.11,154.32,34790570.0
2017-11-17,154.36,154.47,153.58,153.73,28725800.0
2017-11-20,153.86,153.98,153.39,153.61,21143944.0
2017-11-21,154.34,155.35,154.27,155.28,20147763.0
2017-11-22,155.41,155.62,155.13,155.47,17299040.0
2017-11-24,155.64,156.09,155.54,156.04,8280586.0
2017-11-27,155.98,156.34,155.61,155.97,22653389.0
2017-11-28,156.3,156.47,155.48,156.37,25227320.0
2017-11-29,156.23,156.23,152.9,153.64,71986338.0
2017-11-30,154.24,155.23,153.93,154.93,56595465.0
2017-12-01,153.97,155.02,152.04,154.27,59015828.0
2017-12-04,155.25,155.41,152.34,152.49,51319146.0
2017-12-05,152.42,154.33,151.88,152.59,40604211.0
2017-12-06,152.04,153.52,151.84,153.28,28647769.0
2017-12-07,153.27,154.24,153.11,153.8,32666207.0
2017-12-08,154.88,155.31,154.24,154.48,28081666.0
2017-12-11,154.54,155.73,154.54,155.68,20821528.0
2017-12-12,155.59,155.93,155.14,155.47,20310252.0
2017-12-13,156.06,156.27,155.54,155.77,24418479.0
2017-12-14,156.06,156.44,155.49,155.66,24594682.0
2017-12-15,156.27,157.6,156.01,157.43,49816151.0
2017-12-18,158.07,158.55,157.85,158.42,26844519.0
2017-12-19,158.12,158.28,157.04,157.48,31414968.0
2017-12-20,158.03,158.06,156.69,157.31,38972602.0
2017-12-21,157.51,158.03,157.15,157.33,18638679.0
2017-12-22,157.09,157.22,156.73,157.15,23330440.0
2017-12-26,156.31,156.5,155.73,156.3,21918720.0
2017-12-27,156.3,156.74,156.17,156.32,22388186.0
2017-12-28,156.83,156.85,156.32,156.51,25393825.0
2017-12-29,156.68,156.68,155.48,155.54,33185962.0
2018-01-02,156.28,158.31,155.95,158.27,32573272.0
2018-01-03,158.39,159.95,158.39,159.81,29383557.0
2018-01-04,160.37,160.57,159.87,160.09,24776125.0
2018-01-05,160.82,161.81,160.55,161.7,26992340.0
2018-01-08,161.68,162.41,161.64,162.33,23159061.0
2018-01-09,162.63,162.82,161.85,162.34,24782448.0
2018-01-10,161.58,161.99,160.9,161.96,34004028.0
2018-01-11,162.26,163.08,161.99,163.07,20473518.0
2018-01-12,162.81,164.44,162.72,164.27,37762708.0
2018-01-16,165.33,166.2,163.31,163.8,41231849.0
2018-01-17,164.55,165.82,163.78,165.57,33849879.0
2018-01-18,165.33,165.98,164.92,165.6,26432166.0
2018-01-19,166.1,166.39,165.32,166.12,38937588.0
2018-01-22,166.05,167.9,165.87,167.9,26081388.0
2018-01-23,168.42,169.44,168.34,169.29,37989650.0
2018-01-24,169.59,170.02,167.22,168.19,54287377.0
2018-01-25,169.33,169.41,167.59,168.13,28924956.0
2018-01-26,169.05,170.74,168.74,170.71,32038184.0
2018-01-29,170.3,170.69,169.52,169.88,37277849.0
2018-01-30,168.33,169.2,167.6,168.48,44987688.0
2018-01-31,169.45,169.77,168.12,169.18,42449199.0
2018-02-01,167.9,169.51,167.2,167.74,38037875.0
2018-02-02,167.12,167.48,164.25,164.39,68478082.0
2018-02-05,162.91,165.53,157.78,157.9,105372224.0
2018-02-06,155.74,162.29,154.88,162.09,118537891.0
2018-02-07,161.57,163.33,159.98,159.99,91028328.0
2018-02-08,160.47,160.58,153.23,153.23,94184831.0
2018-02-09,155.44,157.02,149.91,155.88,113836554.0
2018-02-12,157.45,159.73,156.24,158.65,63050637.0
2018-02-13,157.76,159.79,157.5,159.47,31785595.0
2018-02-14,158.57,162.71,157.78,162.46,52107431.0
2018-02-15,163.92,165.48,162.22,165.48,51633887.0
2018-02-16,164.96,166.54,164.46,164.74,62256291.0
2018-02-20,164.17,166.46,164.09,165.07,36785626.0
2018-02-21,165.84,167.5,164.5,164.6,41161779.0
2018-02-22,165.32,166.2,164.16,164.58,37074413.0
2018-02-23,165.84,167.95,165.23,167.95,50096916.0
2018-02-26,168.71,170.18,168.6,170.18,39266658.0
2018-02-27,170.2,170.51,167.99,168.07,42209873.0
2018-02-28,169.03,169.58,166.88,166.99,42936334.0
2018-03-01,167.07,167.85,162.79,164.26,76809904.0
2018-03-02,162.37,166.06,161.74,165.77,57445063.0
2018-03-05,165.04,168.04,164.37,167.61,38540207.0
2018-03-06,168.39,168.89,167.26,168.32,29480927.0
2018-03-07,167.04,168.85,166.74,168.71,34609407.0
2018-03-08,169.32,169.76,168.73,169.64,25828371.0
2018-03-09,170.88,172.94,170.6,172.94,38310546.0
2018-03-12,173.43,174.26,173.06,173.86,37634971.0
2018-03-13,174.58,174.99,171.05,171.49,55638925.0
2018-03-14,172.36,172.52,170.71,171.46,40536383.0
2018-03-15,171.61,172.31,170.68,171.31,28810366.0
2018-03-16,171.56,171.98,170.72,170.8,31176742.0
2018-03-19,168.94,169.0,165.42,166.88,71395061.0
2018-03-20,166.88,167.82,166.39,167.43,34075664.0
2018-03-21,167.01,168.54,165.97,166.7,43863543.0
2018-03-22,164.48,165.55,162.37,162.58,66607288.0
2018-03-23,162.38,163.08,158.21,158.29,80110392.0
2018-03-26,161.46,164.38,158.94,164.18,57481503.0
2018-03-27,165.38,165.4,157.46,158.86,78889105.0
2018-03-28,158.03,159.56,155.82,157.03,89369655.0
2018-03-29,157.91,161.49,156.42,159.91,68692566.0
2018-04-02,158.78,159.52,153.66,155.29,85549443.0
2018-04-03,156.7,157.7,154.22,157.04,64090049.0
2018-04-04,154.05,160.01,153.82,159.52,65768692.0
2018-04-05,161.11,161.36,159.26,160.43,43054868.0
2018-04-06,158.72,160.24,155.66,156.41,59870865.0
2018-04-09,157.79,160.66,157.24,157.51,41810380.0
2018-04-10,159.91,161.51,158.85,160.99,48601323.0
2018-04-11,159.98,161.78,159.88,160.06,41622139.0
2018-04-12,161.08,162.55,160.94,161.99,30467889.0
2018-04-13,162.79,163.04,160.45,161.15,44604892.0
2018-04-16,162.23,162.97,161.26,162.38,28180780.0
2018-04-17,163.97,166.24,163.69,165.88,35536087.0
2018-04-18,165.9,166.78,165.09,166.22,29573880.0
2018-04-19,165.43,165.77,164.12,164.69,34705692.0
2018-04-20,164.27,164.39,161.51,162.08,49197140.0
2018-04-23,162.86,163.51,160.8,161.67,33040646.0
2018-04-24,162.4,162.69,157.17,158.24,70256751.0
2018-04-25,158.58,159.09,156.25,158.43,52089323.0
2018-04-26,160.5,162.31,159.96,161.77,43005532.0
2018-04-27,164.13,164.19,160.95,161.87,51043406.0
2018-04-30,162.26,163.26,160.32,160.72,35615273.0
2018-05-01,160.3,162.58,159.92,162.56,36513529.0
2018-05-02,162.88,163.35,161.41,161.6,38646842.0
2018-05-03,160.86,162.18,159.0,161.58,60337134.0
2018-05-04,160.89,165.03,160.76,164.65,41543243.0
2018-05-07,165.42,166.56,165.29,166.02,32500152.0
2018-05-08,165.61,166.21,164.64,165.85,26040170.0
2018-05-09,166.18,167.78,165.56,167.66,29122718.0
2018-05-10,168.21,169.52,168.07,169.4,27067597.0
2018-05-11,169.13,169.64,168.5,169.24,24688847.0
2018-05-14,169.62,170.6,169.25,169.53,21821749.0
2018-05-15,168.18,168.28,166.76,167.65,49361638.0
2018-05-16,167.88,169.15,167.79,168.76,22941159.0
2018-05-17,168.18,169.39,167.29,168.11,27480164.0
2018-05-18,167.49,168.04,166.99,167.24,26217939.0
2018-05-21,168.51,169.28,167.46,168.18,22954565.0
2018-05-22,168.93,169.23,167.66,167.96,19477721.0
2018-05-23,166.68,169.4,166.66,169.38,26557835.0
2018-05-24,169.34,169.63,167.62,169.33,27696539.0
2018-05-25,169.32,170.11,168.99,169.5,27460536.0
2018-05-29,168.69,169.7,167.74,168.75,41220468.0
2018-05-30,169.41,170.26,169.0,169.96,22665836.0
2018-05-31,169.91,170.98,169.41,169.85,35670946.0
2018-06-01,170.66,172.62,170.65,172.52,45543331.0
2018-06-04,172.94,174.12,172.85,174.08,20459634.0
2018-06-05,174.47,174.91,173.85,174.62,24779284.0
2018-06-06,174.81,175.67,173.92,175.64,25024176.0
2018-06-07,175.69,175.71,173.33,174.21,39600316.0
2018-06-08,173.35,174.66,172.96,174.22,31780348.0
2018-06-11,174.08,175.12,174.06,174.69,22319709.0
2018-06-12,174.93,175.78,174.74,175.61,22511832.0
2018-06-13,175.86,176.92,175.21,175.6,37858584.0
2018-06-14,176.4,177.67,176.28,177.38,35915978.0
2018-06-15,176.76,177.11,175.89,176.76,49615730.0
2018-06-18,175.31,176.43,174.72,176.28,31633192.0
2018-06-19,174.04,175.82,173.49,175.78,38235994.0
2018-06-20,176.57,177.76,176.43,177.03,33038042.0
2018-06-21,177.46,177.66,175.15,175.49,43469439.0
2018-06-22,176.09,176.15,174.47,175.1,30073187.0
2018-06-25,173.54,173.77,169.59,171.15,77799725.0
2018-06-26,171.77,172.84,171.15,171.85,39008146.0
2018-06-27,172.55,173.36,169.39,169.51,52843497.0
2018-06-28,169.3,171.55,168.95,170.97,46407708.0
2018-06-29,171.78,172.7,171.18,171.43,36408464.0
2018-07-02,169.82,172.63,169.45,172.58,31770026.0
2018-07-03,173.19,173.23,170.41,170.58,25512707.0
2018-07-05,171.69,172.84,170.81,172.7,31626198.0
2018-07-06,173.09,175.52,172.78,175.39,37005574.0
2018-07-09,176.27,177.01,175.6,176.97,27362061.0
2018-07-10,177.19,177.5,176.49,177.1,23902488.0
2018-07-11,175.74,176.85,175.58,176.2,30280553.0
2018-07-12,176.99,179.24,176.86,179.24,27930119.0
2018-07-13,179.2,179.68,178.73,179.39,28067961.0
2018-07-16,179.42,179.73,178.66,178.96,21405310.0
2018-07-17,177.08,180.43,177.06,180.05,31034075.0
2018-07-18,180.06,180.22,179.16,179.71,23220839.0
2018-07-19,179.12,179.66,178.6,178.81,31094145.0
2018-07-20,179.35,179.95,178.57,178.77,35907619.0
2018-07-23,178.23,179.42,177.52,179.34,22184720.0
2018-07-24,181.17,181.83,179.34,180.08,36900281.0
2018-07-25,180.14,182.71,180.07,182.6,36022078.0
2018-07-26,180.13,180.7,179.59,179.83,40873485.0
2018-07-27,181.04,181.09,176.38,177.4,59456093.0
2018-07-30,177.44,177.51,174.05,174.89,60192990.0
2018-07-31,175.53,176.91,174.6,176.23,47285135.0
2018-08-01,176.65,177.43,175.88,176.9,37101925.0
2018-08-02,175.65,179.52,175.57,179.31,47178229.0
2018-08-03,179.58,179.87,178.86,179.86,28934445.0
2018-08-06,179.75,180.97,179.52,180.92,24808763.0
2018-08-07,181.41,181.92,181.04,181.58,29895664.0
2018-08-08,181.33,182.13,180.84,181.8,22680749.0
2018-08-09,181.72,182.41,181.42,181.69,18852898.0
2018-08-10,180.46,181.0,179.62,180.3,33818464.0
2018-08-13,180.63,181.79,180.03,180.1,26089195.0
2018-08-14,180.79,181.44,179.82,181.23,20913021.0
2018-08-15,179.87,180.36,177.9,179.01,58528016.0
2018-08-16,180.35,180.77,179.25,179.6,27711761.0
2018-08-17,179.14,180.09,178.05,179.64,36092641.0
2018-08-20,180.06,180.11,178.78,179.48,24938956.0
2018-08-21,180.04,181.22,179.91,180.14,26258657.0
2018-08-22,179.74,181.05,179.53,180.84,18042380.0
2018-08-23,180.55,181.83,180.28,180.58,25776166.0
2018-08-24,181.18,182.41,181.14,182.26,23136113.0
2018-08-27,183.21,184.12,182.89,184.12,29343552.0
2018-08-28,184.58,184.8,184.0,184.39,20277036.0
2018-08-29,184.69,186.62,184.64,186.52,29175591.0
2018-08-30,186.19,187.3,185.57,186.19,29315453.0
2018-08-31,185.96,186.96,185.76,186.43,28653248.0
2018-09-04,185.88,186.18,184.63,185.63,29063537.0
2018-09-05,185.33,185.33,182.6,183.23,42623326.0
2018-09-06,183.32,183.53,180.36,181.59,46091403.0
2018-09-07,180.32,182.45,180.22,180.89,46629495.0
2018-09-10,181.9,182.03,180.51,181.5,26131977.0
2018-09-11,180.75,183.2,180.3,182.9,30116460.0
2018-09-12,182.65,182.76,180.79,182.36,36203973.0
2018-09-13,183.45,184.66,183.42,184.31,31133188.0
2018-09-14,184.44,184.73,183.04,183.77,31224132.0
2018-09-17,183.44,183.59,180.95,181.12,33071197.0
2018-09-18,181.3,183.51,181.18,182.62,31877347.0
2018-09-19,182.64,183.08,181.29,182.48,31843377.0
2018-09-20,183.73,184.75,183.3,184.5,33295820.0
2018-09-21,185.05,185.26,183.26,183.49,38605353.0
2018-09-24,181.83,183.74,181.08,183.67,34945602.0
2018-09-25,183.56,184.06,182.96,183.92,25277520.0
2018-09-26,184.03,185.77,183.69,184.05,36210571.0
2018-09-27,184.82,186.27,184.7,185.61,33113269.0
2018-09-28,185.03,186.06,184.75,185.57,28076843.0
2018-10-01,186.6,187.31,185.48,185.95,27371297.0
2018-10-02,185.73,186.96,185.1,185.53,25618608.0
2018-10-03,186.3,186.75,185.44,185.73,29128683.0
2018-10-04,185.0,185.1,180.84,182.16,80557283.0
2018-10-05,182.17,182.75,178.21,179.93,83325630.0
2018-10-08,179.15,180.43,176.71,178.83,66864481.0
2018-10-09,178.98,180.8,178.53,179.41,49097949.0
2018-10-10,178.31,178.4,171.28,171.51,114471052.0
2018-10-11,170.82,173.18,167.59,169.38,143084463.0
2018-10-12,173.77,174.64,170.72,174.1,102078388.0
2018-10-15,173.47,173.82,171.34,171.99,64885255.0
2018-10-16,173.8,177.43,173.48,177.0,71979688.0
2018-10-17,177.92,178.04,175.25,177.07,66987639.0
2018-10-18,176.38,176.46,172.22,172.96,82486208.0
2018-10-19,174.17,175.85,172.17,172.8,82923733.0
2018-10-22,173.84,175.03,172.37,173.69,52909281.0
2018-10-23,170.57,173.91,168.6,173.05,77566972.0
2018-10-24,172.9,173.14,164.82,165.12,102997449.0
2018-10-25,167.77,171.86,166.94,170.84,83481070.0
2018-10-26,165.02,169.74,164.01,166.44,130970908.0
2018-10-29,168.94,169.64,159.87,163.01,111871933.0
2018-10-30,162.58,165.82,161.8,165.7,92583965.0
2018-10-31,168.33,171.03,168.32,169.6,73828635.0
2018-11-01,169.86,172.02,168.56,171.84,52706823.0
2018-11-02,171.31,172.33,168.0,169.16,75966781.0
2018-11-05,169.39,169.44,166.86,168.74,39573533.0
2018-11-06,168.71,170.97,168.5,170.02,34410390.0
2018-11-07,172.03,175.36,171.65,175.36,51169614.0
2018-11-08,174.54,175.09,173.41,174.24,40296538.0
2018-11-09,172.61,173.03,169.94,171.3,50602710.0
2018-11-12,170.11,170.42,165.96,166.11,62578371.0
2018-11-13,166.93,169.26,165.78,166.25,64128079.0
2018-11-14,167.87,168.48,164.03,164.98,75270714.0
2018-11-15,164.62,168.32,163.24,167.87,73254349.0
2018-11-16,166.27,168.09,165.56,167.28,65390675.0
2018-11-19,166.52,166.68,161.32,161.84,67280478.0
2018-11-20,158.15,161.16,156.91,158.94,102652794.0
2018-11-21,161.07,161.75,159.02,160.15,42965839.0
2018-11-23,158.87,160.62,158.87,158.99,23503729.0
2018-11-26,161.22,162.75,160.54,162.67,42012633.0
2018-11-27,161.78,163.63,160.96,163.22,36608063.0
2018-11-28,164.4,168.48,163.26,168.48,70140986.0
2018-11-29,167.78,169.04,166.6,167.93,44885711.0
2018-11-30,168.16,169.25,167.32,169.15,36722760.0
2018-12-03,172.88,173.09,170.82,172.11,50771695.0
2018-12-04,171.16,171.69,165.3,165.5,70594743.0
2018-12-06,162.24,166.69,161.55,166.67,71715526.0
2018-12-07,165.91,166.9,160.64,161.16,80432176.0
2018-12-10,160.89,163.56,159.19,162.85,73960758.0
2018-12-11,165.44,165.55,162.01,163.39,59058296.0
2018-12-12,165.84,167.38,164.74,164.83,53779992.0
2018-12-13,165.84,166.6,163.81,164.88,46377864.0
2018-12-14,162.97,163.59,160.48,160.86,56547419.0
2018-12-17,160.19,161.45,155.95,157.21,74834076.0
2018-12-18,158.45,159.73,156.82,158.2,63642120.0
2018-12-19,158.02,160.5,153.12,154.31,81856456.0
2018-12-20,153.94,155.65,150.17,152.07,99002139.0
2018-12-21,152.83,153.87,146.5,147.35,141129408.0
2018-12-24,145.93,147.76,143.24,143.28,56163290.0
2018-12-26,144.9,152.32,143.87,152.24,98982064.0
2018-12-27,150.35,152.96,146.86,152.83,85824343.0
2018-12-28,153.79,155.37,151.5,152.75,77856625.0
2018-12-31,154.25,154.76,152.49,154.04,53015313.0
2019-01-02,150.77,155.53,150.66,154.66,58576672.0
2019-01-03,152.38,153.04,149.27,149.6,74820225.0
2019-01-04,151.96,156.78,151.52,156.01,74709320.0
2019-01-07,156.32,158.64,155.89,157.87,52059331.0
2019-01-08,159.34,159.89,156.98,159.3,49388694.0
2019-01-09,159.96,161.31,159.25,160.6,46491747.0
2019-01-10,159.37,161.15,158.48,161.06,38943414.0
2019-01-11,160.1,160.64,159.57,160.47,30176643.0
2019-01-14,159.1,159.74,158.37,159.05,30710234.0
2019-01-15,159.75,162.38,159.69,162.16,40874224.0
2019-01-16,162.41,163.56,162.07,162.13,33812190.0
2019-01-17,161.62,164.14,161.35,163.41,39328959.0
2019-01-18,164.62,165.8,163.6,165.03,57183243.0
2019-01-22,163.83,163.92,160.54,161.72,56711694.0
2019-01-23,162.55,163.29,160.1,161.93,38106062.0
2019-01-24,162.44,163.22,161.85,162.98,32413351.0
2019-01-25,164.26,165.43,163.73,164.93,36466069.0
2019-01-28,162.81,162.9,161.53,162.89,33491216.0
2019-01-29,162.98,163.02,160.77,161.35,30784175.0
2019-01-30,163.17,166.06,162.67,165.46,41346533.0
2019-01-31,166.43,168.77,166.25,167.94,37258361.0
2019-02-01,167.15,168.38,166.77,167.23,32143672.0
2019-02-04,167.29,169.31,167.11,169.31,26718781.0
2019-02-05,169.53,171.01,169.47,170.81,28156368.0
2019-02-06,170.84,171.15,169.53,170.3,27970006.0
2019-02-07,168.81,169.23,166.73,168.01,42036193.0
2019-02-08,166.51,168.37,166.35,168.34,29020747.0
2019-02-11,168.92,169.36,167.76,168.18,21434088.0
2019-02-12,169.37,170.92,169.11,170.67,29722073.0
2019-02-13,171.4,171.94,170.6,170.79,26094136.0
2019-02-14,170.16,171.61,169.61,171.0,30326830.0
2019-02-15,172.29,172.35,170.92,171.72,32521685.0
2019-02-19,171.17,172.58,171.16,172.06,19487679.0
2019-02-20,172.21,172.86,171.1,172.03,32592995.0
2019-02-21,171.55,172.04,170.49,171.4,25207401.0
2019-02-22,171.76,172.79,171.68,172.67,27735358.0
2019-02-25,173.98,174.44,173.18,173.3,32608754.0
2019-02-26,172.82,174.03,172.59,173.48,21939717.0
2019-02-27,172.7,173.58,171.54,173.37,25162014.0
2019-02-28,172.82,173.59,172.48,172.97,25085470.0
2019-03-01,174.19,174.43,172.96,174.17,31431156.0
2019-03-04,175.15,175.57,172.25,174.2,38063458.0
2019-03-05,174.3,174.87,173.47,174.33,22319863.0
2019-03-06,174.46,174.53,173.06,173.34,27194581.0
2019-03-07,172.87,172.96,170.57,171.21,39407443.0
2019-03-08,169.29,171.04,169.12,170.95,39303225.0
2019-03-11,171.64,174.63,171.63,174.51,30518408.0
2019-03-12,174.95,175.92,174.56,175.47,33953500.0
2019-03-13,176.38,177.71,176.13,176.79,42426135.0
2019-03-14,176.9,177.12,176.44,176.49,23751477.0
2019-03-15,177.21,178.66,177.06,178.13,38191958.0
2019-03-18,177.73,178.77,177.38,178.23,32935125.0
2019-03-19,178.94,179.78,178.07,178.83,36893341.0
2019-03-20,178.84,180.64,178.02,179.54,50104996.0
2019-03-21,179.02,182.61,178.98,182.35,42428481.0
2019-03-22,181.54,182.05,178.15,178.34,70794543.0
2019-03-25,177.7,178.62,176.71,178.0,46336524.0
2019-03-26,179.36,180.47,177.92,178.83,33248121.0
2019-03-27,179.05,179.5,176.38,177.68,37096697.0
2019-03-28,178.14,178.76,177.02,178.09,30368235.0
2019-03-29,179.41,179.61,178.37,179.44,35205511.0
2019-04-01,181.2,182.04,180.55,181.82,30969472.0
2019-04-02,182.01,182.69,181.56,182.51,22645151.0
2019-04-03,183.52,184.7,182.99,183.56,31633476.0
2019-04-04,183.59,184.28,182.43,183.49,28530828.0
2019-04-05,184.08,184.55,183.8,184.44,25674660.0
2019-04-08,184.15,185.06,183.41,184.91,22697543.0
2019-04-09,184.28,184.89,183.87,184.26,25631886.0
2019-04-10,184.53,185.31,184.3,185.25,24562958.0
2019-04-11,185.55,185.56,184.47,184.81,20654094.0
2019-04-12,185.64,185.73,184.84,185.61,24989136.0
2019-04-15,185.59,185.85,184.4,185.64,21073046.0
2019-04-16,186.29,186.69,185.71,186.28,27195709.0
2019-04-17,187.53,187.71,186.38,186.93,29651575.0
2019-04-18,187.26,187.57,186.07,187.17,28580864.0
2019-04-22,186.32,187.77,186.21,187.7,17936033.0
2019-04-23,188.15,190.32,187.91,190.09,33665561.0
2019-04-24,190.22,190.49,189.43,189.49,24977108.0
2019-04-25,190.93,191.0,189.23,190.26,29517497.0
2019-04-26,189.98,190.47,188.37,190.43,26359537.0
2019-04-29,190.4,191.1,190.12,190.8,21716242.0
2019-04-30,189.26,189.63,187.99,189.32,31495277.0
2019-05-01,190.54,191.1,188.58,188.71,34797109.0
2019-05-02,188.66,189.63,186.65,187.89,44110122.0
2019-05-03,189.47,191.03,189.11,190.89,30386180.0
2019-05-06,186.88,189.98,186.54,189.72,38371777.0
2019-05-07,187.64,188.45,184.29,186.02,58818134.0
2019-05-08,185.46,186.95,184.74,185.55,37165319.0
2019-05-09,183.54,185.2,181.87,184.55,55351668.0
2019-05-10,183.84,185.67,180.81,184.78,58526402.0
2019-05-13,180.08,181.04,177.84,178.36,67185766.0
2019-05-14,179.29,181.41,178.64,180.32,43360636.0
2019-05-15,179.17,183.33,179.09,182.87,40944547.0
2019-05-16,182.89,185.85,182.73,184.71,39281157.0
2019-05-17,182.88,185.37,182.66,182.82,44702276.0
2019-05-20,180.29,180.96,179.12,179.73,38608294.0
2019-05-21,181.28,182.11,180.7,181.61,31613790.0
2019-05-22,180.59,181.85,180.53,180.8,24332550.0
2019-05-23,178.78,178.81,176.92,178.03,45351309.0
2019-05-24,179.08,179.63,177.72,177.94,25903267.0
2019-05-28,178.45,179.44,177.25,177.27,24763823.0
2019-05-29,176.23,176.78,174.87,175.81,42178772.0
2019-05-30,176.32,177.05,175.55,176.55,30354790.0
2019-05-31,174.49,175.07,173.65,173.73,45446206.0
2019-06-03,173.3,173.73,169.05,169.9,75842290.0
2019-06-04,171.76,174.75,171.15,174.69,47797848.0
2019-06-05,176.38,176.39,174.16,175.99,34412697.0
2019-06-06,176.3,177.82,175.51,177.39,29913205.0
2019-06-07,178.28,181.55,178.11,180.82,45888345.0
2019-06-10,182.01,184.63,181.99,182.93,41385280.0
2019-06-11,184.85,185.18,182.56,183.18,41260320.0
2019-06-12,182.66,183.06,181.78,182.12,27758120.0
2019-06-13,182.9,183.65,182.52,183.2,23715829.0
2019-06-14,182.22,182.89,181.72,182.42,22844089.0
2019-06-17,182.79,184.03,182.62,183.52,20379476.0
2019-06-18,185.66,187.5,185.21,186.19,48177301.0
2019-06-19,186.51,187.31,185.35,186.89,31672855.0
2019-06-20,189.5,189.54,187.22,188.63,40921964.0
2019-06-21,188.35,189.55,187.96,188.35,39980418.0
2019-06-24,188.3,188.5,187.84,187.94,19375205.0
2019-06-25,187.84,187.92,184.43,184.71,33921112.0
2019-06-26,185.91,187.11,185.27,185.57,22595721.0
2019-06-27,186.25,186.72,185.77,186.28,19709228.0
2019-06-28,186.73,186.93,185.85,186.52,21179248.0
2019-07-01,190.08,190.35,188.16,189.04,31193393.0
2019-07-02,188.97,189.81,188.44,189.79,18035768.0
2019-07-03,190.23,191.22,190.07,191.22,15792067.0
2019-07-05,189.93,191.18,189.17,190.83,21415620.0
2019-07-08,189.64,189.65,188.71,189.49,17598826.0
2019-07-09,188.57,190.68,188.43,190.44,19193497.0
2019-07-10,191.57,192.87,191.25,192.34,28374513.0
2019-07-11,192.66,193.12,191.59,192.2,23736122.0
2019-07-12,192.41,193.32,192.23,193.31,20211883.0
2019-07-15,193.75,193.97,193.22,193.93,15606074.0
2019-07-16,193.64,193.87,192.34,192.93,20190891.0
2019-07-17,192.98,193.27,191.96,191.98,16765069.0
2019-07-18,191.08,192.57,190.47,192.2,29066336.0
2019-07-19,193.6,193.61,190.59,190.79,29387945.0
2019-07-22,191.29,192.72,191.22,192.31,18953596.0
2019-07-23,193.36,193.59,192.07,193.57,23786726.0
2019-07-24,192.85,194.94,192.81,194.93,20422872.0
2019-07-25,194.26,194.3,192.71,193.08,23434744.0
2019-07-26,194.31,195.33,194.21,195.07,20431243.0
2019-07-29,194.96,194.96,193.17,194.4,20451652.0
2019-07-30,192.94,194.32,192.77,193.56,18705006.0
2019-07-31,194.09,194.21,189.1,190.88,41627473.0
2019-08-01,191.29,194.76,189.01,189.93,63251648.0
2019-08-02,188.6,188.77,185.99,187.13,55214006.0
2019-08-05,183.29,183.29,178.98,180.51,75039971.0
2019-08-06,182.16,183.58,180.85,183.04,41897249.0
2019-08-07,181.1,184.29,179.67,184.03,49990586.0
2019-08-08,184.93,188.1,184.35,188.04,38418084.0
2019-08-09,187.1,187.78,184.81,186.27,33608926.0
2019-08-12,185.12,185.68,183.28,184.13,24642870.0
2019-08-13,184.05,189.46,183.8,188.17,40473043.0
2019-08-14,185.09,185.73,182.2,182.54,51000548.0
2019-08-15,182.89,183.37,180.94,182.33,36848178.0
2019-08-16,183.89,185.73,183.88,185.26,34785006.0
2019-08-19,187.81,188.61,187.28,188.21,22568634.0
2019-08-20,187.78,188.42,186.7,186.75,19939552.0
2019-08-21,188.44,189.01,187.74,188.41,20745478.0
2019-08-22,188.76,189.24,186.32,187.8,24270520.0
2019-08-23,186.54,188.23,181.34,181.85,55442893.0
2019-08-26,183.97,184.65,182.86,184.6,27689838.0
2019-08-27,185.86,186.2,183.49,184.21,28080093.0
2019-08-28,183.62,185.18,182.69,184.87,21848789.0
2019-08-29,187.15,188.24,186.46,187.7,25427207.0
2019-08-30,188.72,188.75,186.19,187.25,26332749.0
2019-09-03,186.04,186.96,184.81,185.43,28026617.0
2019-09-04,187.21,188.27,186.68,188.11,21676335.0
2019-09-05,190.17,192.11,190.12,191.56,34060994.0
2019-09-06,191.81,191.95,190.95,191.37,19487821.0
2019-09-09,191.96,192.05,190.0,190.97,24407580.0
2019-09-10,189.97,190.52,188.69,190.42,23744687.0
2019-09-11,190.76,192.31,190.34,192.21,25063617.0
2019-09-12,193.42,194.49,192.75,193.01,28689878.0
2019-09-13,192.73,193.18,192.07,192.32,27669795.0
2019-09-16,191.08,191.86,190.89,191.46,20318987.0
2019-09-17,191.48,192.38,191.07,192.38,21113675.0
2019-09-18,191.98,192.38,189.89,192.3,31173056.0
2019-09-19,192.64,193.82,192.25,192.62,26214873.0
2019-09-20,192.89,193.09,189.94,190.58,30131528.0
2019-09-23,190.14,190.85,189.5,190.28,22917563.0
2019-09-24,191.15,191.57,186.94,187.75,41096614.0
2019-09-25,187.57,190.36,185.99,189.86,36499191.0
2019-09-26,189.65,189.78,187.76,189.16,27030029.0
2019-09-27,189.48,189.61,185.53,186.81,40804222.0
2019-09-30,187.53,188.89,187.18,188.59,26559841.0
2019-10-01,189.32,190.37,186.74,187.05,32665025.0
2019-10-02,185.79,185.81,182.8,183.83,48931982.0
2019-10-03,183.85,185.99,181.6,185.85,39612315.0
2019-10-04,186.77,188.86,186.66,188.59,32702388.0
2019-10-07,188.01,189.52,187.69,188.02,21404580.0
2019-10-08,186.79,187.64,185.05,185.2,33201939.0
2019-10-09,186.74,187.86,186.21,187.01,20829012.0
2019-10-10,187.03,189.21,186.9,188.46,26693780.0
2019-10-11,190.58,192.41,190.5,190.89,41428907.0
2019-10-14,190.6,191.48,190.43,190.87,15372774.0
2019-10-15,191.43,193.75,191.34,193.3,23735826.0
2019-10-16,192.66,193.31,192.21,192.82,20689207.0
2019-10-17,193.96,194.28,192.59,193.33,19161821.0
2019-10-18,193.04,193.45,190.49,191.47,27719069.0
2019-10-21,192.43,193.3,191.92,193.17,15868946.0
2019-10-22,193.84,194.2,191.57,191.63,22988988.0
2019-10-23,191.21,192.04,190.93,192.0,15198327.0
2019-10-24,193.4,193.99,192.52,193.87,19264220.0
2019-10-25,192.87,195.52,192.83,195.42,21507115.0
2019-10-28,196.35,197.61,196.33,197.35,18842303.0
2019-10-29,197.02,197.32,195.79,195.82,18569675.0
2019-10-30,196.2,197.1,195.07,196.77,21764311.0
2019-10-31,197.34,197.43,195.72,196.86,26801803.0
2019-11-01,197.71,198.66,197.41,198.65,22131875.0
2019-11-04,199.97,200.31,199.52,199.88,19015855.0
2019-11-05,200.13,200.33,199.33,199.99,15048864.0
2019-11-06,199.76,199.78,198.57,199.54,19725486.0
2019-11-07,200.54,201.5,199.63,200.21,17832355.0
2019-11-08,199.8,201.03,199.32,201.01,15272516.0
2019-11-11,200.01,200.82,199.72,200.74,10187222.0
2019-11-12,200.91,201.99,200.6,201.32,14778283.0
2019-11-13,200.62,201.56,200.49,201.37,16110341.0
2019-11-14,200.61,201.34,200.0,201.21,17055686.0
2019-11-15,202.39,202.69,201.78,202.69,18434519.0
2019-11-18,202.39,203.17,201.55,202.85,18408797.0
2019-11-19,203.62,203.62,202.37,203.15,16997568.0
2019-11-20,202.63,203.23,200.4,201.93,36706275.0
2019-11-21,201.72,201.85,200.85,201.48,17934353.0
2019-11-22,201.95,202.1,200.52,201.61,17197019.0
2019-11-25,202.45,204.04,202.45,204.0,17794718.0
2019-11-26,204.1,204.65,203.83,204.39,14812921.0
2019-11-27,204.91,205.83,204.67,205.82,17060233.0
2019-11-29,205.37,205.61,204.78,204.88,9854553.0
2019-12-02,204.89,204.96,201.56,202.78,28121020.0
2019-12-03,200.1,201.27,199.01,201.19,31425404.0
2019-12-04,202.27,202.69,201.92,202.21,15336754.0
2019-12-05,202.93,202.93,201.62,202.61,15038785.0
2019-12-06,204.03,204.93,203.93,204.78,16562247.0
2019-12-09,204.41,205.38,203.76,203.85,14032175.0
2019-12-10,203.95,204.66,203.22,203.68,21849714.0
2019-12-11,204.15,204.97,203.82,204.76,18897759.0
2019-12-12,204.55,207.1,204.28,206.29,32704625.0
2019-12-13,206.14,207.69,205.74,206.97,32534393.0
2019-12-16,208.28,209.31,208.26,209.05,21366177.0
2019-12-17,209.28,209.49,208.82,209.17,16034647.0
2019-12-18,209.38,209.91,209.11,209.33,15490828.0
2019-12-19,209.42,210.71,209.4,210.64,17892062.0
2019-12-20,211.59,212.3,211.05,211.49,27690934.0
2019-12-23,211.81,211.93,211.41,211.59,23798671.0
2019-12-24,211.75,211.87,211.22,211.7,7089020.0
2019-12-26,212.04,213.59,212.01,213.57,17159310.0
2019-12-27,214.33,214.34,212.82,213.39,18142239.0
2019-12-30,213.29,213.41,210.94,211.99,21829913.0
2019-12-31,211.4,212.54,210.98,212.39,19010890.0
2020-01-02,214.18,215.94,213.76,215.94,31014904.0
2020-01-03,213.07,215.25,213.06,213.96,27532657.0
2020-01-06,212.27,215.37,212.02,215.34,21726989.0
2020-01-07,215.42,215.92,214.63,215.31,23120994.0
2020-01-08,215.25,217.92,214.94,216.93,26464212.0
2020-01-09,218.69,219.19,217.5,218.77,23641291.0
2020-01-10,219.54,219.65,217.82,218.21,21914631.0
2020-01-13,219.09,220.76,218.76,220.73,22846102.0
2020-01-14,220.53,220.99,219.52,219.86,24573340.0
2020-01-15,219.96,220.98,219.23,219.95,25742084.0
2020-01-16,221.02,222.1,220.58,222.06,18804959.0
2020-01-17,223.02,223.34,221.91,223.16,24325167.0
2020-01-21,222.51,223.62,222.44,223.06,21146264.0
2020-01-22,224.16,224.93,223.37,223.65,20736403.0
2020-01-23,223.49,224.47,222.48,224.37,26496113.0
2020-01-24,225.4,225.66,221.45,222.48,37436483.0
2020-01-27,217.5,219.07,216.96,217.88,42264418.0
2020-01-28,219.38,221.74,218.84,221.23,26731876.0
2020-01-29,222.44,222.71,220.61,221.59,29063128.0
2020-01-30,220.15,222.48,219.47,222.38,39568093.0
2020-01-31,223.28,223.34,218.07,218.85,52015832.0
2020-02-03,219.92,222.67,219.77,222.16,25468307.0
2020-02-04,225.17,227.64,224.44,227.25,30691211.0
2020-02-05,230.0,230.03,226.63,228.0,38534817.0
2020-02-06,228.55,230.03,227.76,229.97,22467077.0
2020-02-07,228.94,230.22,228.32,228.98,25884933.0
2020-02-10,228.21,231.76,228.16,231.75,21478925.0
2020-02-11,232.99,233.8,231.18,231.79,30197983.0
2020-02-12,233.12,234.16,232.58,234.05,24471275.0
2020-02-13,232.4,234.71,232.14,233.75,22773159.0
2020-02-14,234.06,234.64,233.33,234.42,23438530.0
2020-02-18,233.25,234.95,233.03,234.51,24521242.0
2020-02-19,235.85,237.25,235.63,236.76,22230464.0
2020-02-20,236.24,236.73,231.66,234.56,42604016.0
2020-02-21,233.42,233.79,229.11,230.05,66058611.0
2020-02-24,221.62,224.03,220.04,221.17,84522551.0
2020-02-25,222.97,223.77,214.52,215.15,97742982.0
2020-02-26,216.45,220.06,214.68,216.26,80400053.0
2020-02-27,210.82,216.21,205.28,205.42,121822562.0
2020-02-28,198.7,206.95,197.95,205.58,149247073.0
2020-03-02,208.66,216.35,205.72,216.2,112933945.0
2020-03-03,216.89,219.39,207.4,209.26,131953546.0
2020-03-04,213.1,218.11,211.15,218.0,73086209.0
2020-03-05,212.47,216.14,209.88,211.37,78705458.0
2020-03-06,204.45,208.93,202.69,207.8,89810137.0
2020-03-09,193.26,200.94,191.89,193.35,116423986.0
2020-03-10,200.89,204.08,193.46,203.89,100599233.0
2020-03-11,199.13,200.53,192.51,195.0,89168783.0
2020-03-12,182.08,190.56,176.72,177.1,137820698.0
2020-03-13,186.82,194.26,177.91,192.12,134881981.0
2020-03-16,173.86,184.46,168.94,169.08,92054386.0
2020-03-17,175.3,184.17,169.56,181.92,121257108.0
2020-03-18,171.39,179.0,166.58,176.38,114156320.0
2020-03-19,175.47,183.27,171.41,177.44,120896481.0
2020-03-20,181.52,182.65,169.88,170.48,118983891.0
2020-03-23,170.5,173.99,164.71,170.24,124639782.0
2020-03-24,179.69,183.61,177.73,183.44,94881785.0
2020-03-25,184.2,189.29,179.76,182.08,88754909.0
2020-03-26,183.65,192.5,183.39,191.68,79887564.0
2020-03-27,186.79,190.3,184.44,185.08,58844975.0
2020-03-30,186.88,192.27,186.12,191.82,49356936.0
2020-03-31,191.31,195.03,188.98,190.18,62659265.0
2020-04-01,184.59,187.44,180.64,182.09,53715375.0
2020-04-02,181.37,185.96,180.75,185.79,56465348.0
2020-04-03,185.28,186.86,181.07,183.15,47487621.0
2020-04-06,190.16,197.43,188.97,196.26,64763518.0
2020-04-07,201.92,202.44,195.78,196.18,69904478.0
2020-04-08,197.87,200.95,195.96,200.35,45940439.0
2020-04-09,202.05,203.0,198.81,200.64,68323929.0
2020-04-13,199.7,203.2,198.53,202.81,42853948.0
2020-04-14,206.95,212.28,206.2,211.64,63959563.0
2020-04-15,208.26,211.62,206.9,209.21,47035953.0
2020-04-16,211.56,214.15,209.47,213.03,64657362.0
2020-04-17,215.74,216.29,211.86,215.07,62863223.0
2020-04-20,213.05,215.66,212.35,212.52,38249128.0
2020-04-21,210.41,210.94,203.41,204.67,72932771.0
2020-04-22,208.92,212.13,208.11,210.75,40188772.0
2020-04-23,211.58,214.22,209.88,210.3,43278542.0
2020-04-24,210.72,214.08,209.28,213.62,34303365.0
2020-04-27,215.96,216.41,214.28,215.34,36451698.0
2020-04-28,217.05,217.1,210.99,211.28,46862816.0
2020-04-29,216.01,219.75,214.92,218.78,48716406.0
2020-04-30,219.79,219.82,217.13,218.69,43359476.0
2020-05-01,214.32,216.45,211.46,212.52,48794968.0
2020-05-04,211.39,215.23,210.9,215.0,32841020.0
2020-05-05,217.18,219.92,216.63,217.44,37783075.0
2020-05-06,219.15,220.82,217.89,218.78,36455218.0
2020-05-07,221.53,222.51,220.2,221.6,38624836.0
2020-05-08,223.33,224.78,222.26,224.64,31964416.0
2020-05-11,223.28,227.71,223.03,226.65,35714128.0
2020-05-12,227.26,227.88,221.87,221.9,41054123.0
2020-05-13,222.43,224.39,216.49,219.12,65521208.0
2020-05-14,217.9,221.65,215.77,221.61,51549345.0
2020-05-15,218.55,223.11,218.11,223.05,55747208.0
2020-05-18,226.06,228.46,225.25,227.21,42597551.0
2020-05-19,227.44,229.63,226.49,226.64,36237303.0
2020-05-20,229.26,231.54,229.26,231.17,37417000.0
2020-05-21,231.27,231.92,228.12,228.65,43642908.0
2020-05-22,228.24,229.65,227.28,229.44,28762389.0
2020-05-26,233.22,233.35,228.57,228.82,33055346.0
2020-05-27,228.29,230.19,223.72,230.07,55665565.0
2020-05-28,228.83,233.25,228.83,229.77,43008478.0
2020-05-29,230.21,233.38,228.54,233.14,50878596.0
2020-06-01,232.18,234.23,231.78,233.84,26140125.0
2020-06-02,234.2,235.47,231.79,235.41,33383415.0
2020-06-03,236.01,237.25,235.13,236.47,37228701.0
2020-06-04,236.1,237.57,233.46,234.81,38716097.0
2020-06-05,235.84,240.08,235.41,239.47,47365569.0
2020-06-08,239.32,241.46,237.69,241.33,32937305.0
2020-06-09,240.44,243.96,240.25,243.08,35046254.0
2020-06-10,244.78,247.6,244.29,246.0,58084410.0
2020-06-11,242.07,243.37,233.74,233.8,72919442.0
2020-06-12,238.87,240.18,231.52,235.66,72034787.0
2020-06-15,232.22,239.23,231.25,238.53,45307371.0
2020-06-16,243.56,244.17,238.88,242.63,48890095.0
2020-06-17,244.18,245.28,242.51,243.4,34749268.0
2020-06-18,243.07,244.31,242.27,244.06,30578648.0
2020-06-19,246.52,246.78,242.23,244.02,49422112.0
2020-06-22,243.55,246.65,243.16,246.52,24068676.0
2020-06-23,248.17,250.93,247.6,248.62,32767370.0
2020-06-24,247.77,249.11,241.94,243.49,46032376.0
2020-06-25,243.69,246.12,240.92,245.81,36940811.0
2020-06-26,245.53,245.74,239.46,240.0,52824554.0
2020-06-29,239.76,242.63,237.13,242.62,34377800.0
2020-06-30,242.55,247.94,242.36,247.38,38909219.0
2020-07-01,247.44,251.3,246.86,250.27,34689213.0
2020-07-02,252.75,254.05,251.49,251.97,31956497.0
2020-07-06,255.24,258.71,255.21,258.17,34589049.0
2020-07-07,257.88,260.66,256.08,256.39,36578191.0
2020-07-08,257.78,259.8,256.28,259.77,30426273.0
2020-07-09,261.67,262.65,257.41,261.96,40312906.0
2020-07-10,261.78,264.01,259.04,263.75,32885298.0
2020-07-13,266.65,269.57,257.47,258.32,64108090.0
2020-07-14,255.85,260.57,252.54,260.15,72230512.0
2020-07-15,261.46,262.47,257.27,260.68,54523869.0
2020-07-16,257.75,259.56,255.4,258.9,47594111.0
2020-07-17,259.49,260.09,256.95,259.2,35137871.0
2020-07-20,259.9,267.21,258.57,266.56,40610128.0
2020-07-21,268.19,268.19,262.91,263.78,43442967.0
2020-07-22,264.24,265.67,262.33,264.71,29865519.0
2020-07-23,264.33,265.02,256.33,257.79,51363538.0
2020-07-24,253.9,256.71,251.1,255.34,54054536.0
2020-07-27,257.14,260.3,256.23,259.9,36445741.0
2020-07-28,259.11,259.63,256.29,256.59,31302390.0
2020-07-29,258.11,260.44,257.69,259.55,27556884.0
2020-07-30,257.56,261.49,256.33,260.91,41774456.0
2020-07-31,265.61,265.73,260.63,265.57,53756159.0
2020-08-03,267.83,269.93,267.65,269.16,32081566.0
2020-08-04,268.52,270.26,267.87,270.16,24911286.0
2020-08-05,270.61,271.3,269.74,270.83,21685921.0
2020-08-06,270.56,274.76,269.97,274.42,28048224.0
2020-08-07,273.82,274.67,269.03,271.25,44969356.0
2020-08-10,271.52,271.76,266.45,270.09,35088373.0
2020-08-11,268.88,270.22,264.41,264.97,43104323.0
2020-08-12,267.15,272.62,267.15,271.64,38894272.0
2020-08-13,272.42,274.61,271.29,272.26,31895717.0
2020-08-14,272.79,273.18,270.5,271.94,30799494.0
2020-08-17,273.69,275.62,271.98,275.1,24802966.0
2020-08-18,276.19,278.25,274.69,277.75,23529498.0
2020-08-19,277.71,278.8,275.35,275.88,31999359.0
2020-08-20,275.08,280.21,274.64,279.71,27723379.0
2020-08-21,279.85,282.12,279.25,281.65,34748934.0
2020-08-24,284.84,285.78,281.05,283.41,36418533.0
2020-08-25,282.56,285.84,282.15,285.64,34866586.0
2020-08-26,286.89,292.0,285.61,291.74,42216690.0
2020-08-27,292.86,293.64,288.49,290.83,49482715.0
2020-08-28,292.05,292.96,290.71,292.31,28021022.0
2020-08-31,292.94,296.53,292.4,294.66,36321027.0
2020-09-01,297.38,299.82,295.57,299.7,36395774.0
2020-09-02,303.04,303.28,296.67,302.54,50836767.0
2020-09-03,297.98,298.4,284.19,287.19,110083282.0
2020-09-04,285.54,288.71,271.58,283.36,123958978.0
2020-09-08,272.05,278.0,269.44,269.73,99568645.0
2020-09-09,275.32,279.83,272.78,277.66,64837872.0
2020-09-10,280.75,281.98,270.34,272.12,69667462.0
2020-09-11,274.11,275.0,266.68,270.23,71809014.0
2020-09-14,274.06,277.0,272.74,274.94,38525194.0
2020-09-15,278.68,280.23,274.92,278.84,41849926.0
2020-09-16,279.55,280.14,274.03,274.39,42435626.0
2020-09-17,267.3,274.18,266.46,270.1,81570844.0
2020-09-18,271.4,271.87,262.41,266.65,86251117.0
2020-09-21,262.3,267.43,259.89,267.29,57168570.0
2020-09-22,269.83,272.86,266.32,272.26,41128886.0
2020-09-23,271.93,272.12,263.03,263.94,48837270.0
2020-09-24,261.36,268.48,261.0,265.17,70631704.0
2020-09-25,265.6,272.18,264.08,271.34,55242376.0
2020-09-28,276.4,276.98,271.46,276.98,58438286.0
2020-09-29,276.5,277.49,275.16,275.73,27178921.0
2020-09-30,275.87,280.87,275.66,277.62,49380802.0
2020-10-01,281.57,282.66,279.62,282.03,50020223.0
2020-10-02,275.79,279.56,273.22,274.09,75497391.0
2020-10-05,276.12,280.27,276.01,279.94,28184581.0
2020-10-06,279.07,280.97,274.03,274.94,49704236.0
2020-10-07,277.61,280.52,277.06,279.7,27539663.0
2020-10-08,282.1,282.25,280.09,281.19,25443287.0
2020-10-09,282.87,285.57,282.49,285.49,30201144.0
2020-10-12,290.38,297.24,289.25,294.31,79370657.0
2020-10-13,296.12,296.83,292.89,294.3,64240031.0
2020-10-14,295.1,296.13,290.04,291.84,37181227.0
2020-10-15,287.03,290.49,286.32,289.88,42514177.0
2020-10-16,291.58,293.05,287.93,288.29,40570702.0
2020-10-19,290.27,291.26,282.57,283.58,36756754.0
2020-10-20,284.34,287.4,282.73,284.19,32195361.0
2020-10-21,284.45,287.1,283.47,283.97,29306137.0
2020-10-22,284.83,285.76,280.6,283.96,32196162.0
2020-10-23,284.57,284.69,281.57,284.52,24658542.0
2020-10-26,282.1,285.08,276.54,280.25,38421094.0
2020-10-27,281.2,283.29,279.98,282.44,30559123.0
2020-10-28,277.91,278.42,271.16,271.42,53413523.0
2020-10-29,272.82,279.27,272.3,276.17,43246302.0
2020-10-30,274.16,275.02,266.85,269.16,65935893.0
2020-11-02,271.51,273.3,266.75,269.76,39987409.0
2020-11-03,271.64,276.6,270.62,274.43,43604145.0
2020-11-04,283.34,288.55,281.65,286.69,75728206.0
2020-11-05,293.19,295.17,291.78,294.17,52054186.0
2020-11-06,293.36,295.14,289.61,294.39,40959764.0
2020-11-09,297.11,298.92,287.9,288.37,86537071.0
2020-11-10,285.04,286.44,280.4,283.2,69024878.0
2020-11-11,285.7,290.03,283.16,289.54,36102931.0
2020-11-12,290.5,291.86,287.03,288.18,34516826.0
2020-11-13,289.79,291.35,287.65,290.71,24880582.0
2020-11-16,290.46,293.29,289.77,292.98,30168361.0
2020-11-17,293.18,293.52,291.39,292.05,21843463.0
2020-11-18,291.48,293.15,289.8,289.89,28069619.0
2020-11-19,289.26,292.48,288.63,292.16,22718422.0
2020-11-20,292.08,292.85,290.07,290.16,25907308.0
2020-11-23,291.19,292.53,287.85,290.17,26875588.0
2020-11-24,291.27,294.76,289.41,294.25,24516791.0
2020-11-25,295.22,296.72,294.37,296.06,23326826.0
2020-11-27,298.07,299.95,297.68,298.79,17163115.0
2020-11-30,299.08,299.75,294.56,299.4,27836232.0
2020-12-01,301.65,304.92,300.61,303.24,27642640.0
2020-12-02,302.0,303.98,300.13,303.63,23620003.0
2020-12-03,303.85,305.66,303.32,304.06,22828727.0
2020-12-04,304.11,305.45,303.41,305.3,19332081.0
2020-12-07,305.49,307.41,305.3,307.03,20850969.0
2020-12-08,306.54,308.38,304.73,308.07,18341464.0
2020-12-09,307.85,308.14,299.99,301.09,48839306.0
2020-12-10,298.99,303.46,297.87,302.3,27519544.0
2020-12-11,300.59,301.76,298.25,301.63,26760416.0
2020-12-14,302.86,305.83,302.79,303.82,28804832.0
2020-12-15,306.15,307.07,303.89,307.07,25790455.0
2020-12-16,307.48,309.57,306.41,308.76,25461890.0
2020-12-17,310.41,311.02,309.17,310.78,23730524.0
2020-12-18,311.5,311.76,307.39,309.84,41173392.0
2020-12-21,306.24,309.25,303.38,308.7,37095480.0
2020-12-22,309.63,310.49,306.63,309.54,26378343.0
2020-12-23,309.59,309.96,307.82,307.98,21201280.0
2020-12-24,308.25,309.8,308.17,309.34,16784997.0
2020-12-28,312.03,312.95,310.14,312.46,22497745.0
2020-12-29,313.83,314.47,311.81,312.74,25871925.0
2020-12-30,313.94,314.27,312.11,312.75,18138071.0
2020-12-31,312.65,314.02,311.54,313.52,21611412.0
2021-01-04,314.89,315.07,304.96,309.09,45305898.0
2021-01-05,308.07,311.92,308.07,311.64,29323409.0
2021-01-06,306.78,311.66,305.76,307.32,52809622.0
2021-01-07,310.06,315.62,310.03,314.76,30394826.0
2021-01-08,317.12,319.17,314.87,318.81,33955847.0
2021-01-11,315.76,316.97,313.53,314.2,32869095.0
2021-01-12,314.24,315.36,310.98,313.7,29266762.0
2021-01-13,313.97,316.64,313.35,315.82,22898417.0
2021-01-14,316.28,317.31,313.65,314.13,23500129.0
2021-01-15,313.91,314.9,310.36,311.64,35118718.0
2021-01-19,314.03,316.71,312.9,316.19,24537049.0
2021-01-20,319.92,324.52,319.55,323.55,30728096.0
2021-01-21,324.93,326.91,323.51,326.14,25316935.0
2021-01-22,325.07,326.24,324.49,325.2,21609444.0
2021-01-25,328.69,330.1,321.19,327.89,39080644.0
2021-01-26,328.63,329.54,327.0,328.37,25498112.0
2021-01-27,326.04,326.05,317.14,319.21,55263985.0
2021-01-28,320.45,326.2,319.81,321.1,42836324.0
2021-01-29,319.36,320.5,312.54,314.34,55259018.0
2021-02-01,317.89,323.32,315.8,322.2,35646008.0
2021-02-02,325.26,328.65,325.09,327.46,33930844.0
2021-02-03,329.6,329.98,326.1,326.16,24824518.0
2021-02-04,327.6,330.11,326.24,330.02,22350947.0
2021-02-05,331.0,332.19,329.31,331.14,22731960.0
2021-02-08,332.88,333.52,331.19,333.36,20462812.0
2021-02-09,332.4,334.59,332.39,333.29,17597478.0
2021-02-10,334.77,335.24,329.28,332.53,28068700.0
2021-02-11,334.11,334.78,331.9,334.36,22046071.0
2021-02-12,333.49,336.4,332.41,336.23,20346819.0
2021-02-16,337.05,337.97,334.12,335.32,27080777.0
2021-02-17,332.25,335.44,329.95,333.71,31467456.0
2021-02-18,330.01,333.65,328.14,332.25,32236240.0
2021-02-19,333.64,333.77,329.75,330.8,39157677.0
2021-02-22,326.28,327.58,322.01,322.22,47256944.0
2021-02-23,316.78,322.98,310.78,321.26,97241936.0
2021-02-24,318.52,324.23,315.74,323.91,58206272.0
2021-02-25,321.17,323.81,311.02,312.61,110182582.0
2021-02-26,315.63,318.89,310.66,313.92,104739841.0
2021-03-01,319.05,323.72,317.72,323.37,49164518.0
2021-03-02,324.03,324.11,317.92,318.18,48370034.0
2021-03-03,317.05,318.02,308.88,308.94,86301073.0
2021-03-04,308.56,311.82,299.89,303.88,139131582.0
2021-03-05,306.58,309.39,297.23,308.46,121523726.0
2021-03-08,307.9,309.84,299.29,299.72,88409781.0
2021-03-09,307.25,313.51,306.7,311.55,80391114.0
2021-03-10,315.94,316.25,309.95,310.66,76798065.0
2021-03-11,315.55,319.64,314.63,317.82,53484804.0
2021-03-12,313.64,318.01,311.18,315.24,69315601.0
2021-03-15,315.57,318.78,313.88,318.61,43123176.0
2021-03-16,320.87,323.98,318.88,320.36,54925896.0
2021-03-17,317.23,323.63,315.46,321.68,78258729.0
2021-03-18,316.65,317.66,311.35,311.82,82942269.0
2021-03-19,311.65,314.51,309.44,312.92,78446204.0
2021-03-22,314.99,320.52,314.99,318.39,56194755.0
2021-03-23,319.51,320.87,316.16,317.0,53455411.0
2021-03-24,318.41,318.45,311.5,311.65,64803729.0
2021-03-25,309.75,312.67,307.17,311.11,78729008.0
2021-03-26,310.89,316.11,309.45,315.78,63519634.0
2021-03-29,315.23,316.77,312.25,315.69,54607963.0
2021-03-30,313.67,314.69,311.32,314.1,44635676.0
2021-03-31,315.94,320.52,315.59,318.91,55032535.0
2021-04-01,322.85,324.49,322.59,324.35,55685602.0
2021-04-05,326.91,331.62,326.66,330.83,42172475.0
2021-04-06,330.51,332.61,329.8,330.6,33537210.0
2021-04-07,330.11,332.26,329.15,331.4,32046381.0
2021-04-08,334.34,335.05,333.52,334.86,29940799.0
2021-04-09,333.46,337.1,332.7,336.89,36664892.0
2021-04-12,335.82,336.88,334.51,336.45,25833013.0
2021-04-13,338.02,340.86,337.8,340.38,30374033.0
2021-04-14,340.63,340.76,335.45,336.29,42564337.0
2021-04-15,339.25,341.79,336.0,341.39,36342821.0
2021-04-16,341.93,342.01,339.86,341.79,40860099.0
2021-04-19,340.17,341.36,336.69,338.66,34533129.0
2021-04-20,337.98,339.3,334.17,336.19,38081818.0
2021-04-21,334.87,339.26,333.75,339.07,36598082.0
2021-04-22,338.67,339.68,333.79,334.98,45936143.0
2021-04-23,335.63,340.55,335.63,339.2,36414916.0
2021-04-26,339.45,341.7,338.68,341.41,30811968.0
2021-04-27,341.71,341.93,338.95,339.93,33187183.0
2021-04-28,339.59,340.63,338.11,338.78,33615696.0
2021-04-29,342.15,342.58,336.68,340.0,37708884.0
2021-04-30,337.48,340.04,336.83,337.77,38263421.0
2021-05-03,339.01,339.78,335.51,335.97,29729730.0
2021-05-04,333.34,333.67,325.99,329.92,65146972.0
2021-05-05,332.03,332.92,328.01,328.81,46219307.0
2021-05-06,328.54,331.45,326.23,331.29,46814283.0
2021-05-07,334.15,336.43,331.48,333.98,53324460.0
2021-05-10,332.56,332.74,325.33,325.54,60700462.0
2021-05-11,319.48,325.91,318.8,325.09,71963612.0
2021-05-12,320.01,322.4,315.78,316.67,91164855.0
2021-05-13,319.7,322.18,316.68,319.12,69877765.0
2021-05-14,322.38,327.11,321.86,326.17,44370015.0
2021-05-17,324.41,325.13,321.23,324.19,39394997.0
2021-05-18,325.17,326.43,321.72,322.0,36528454.0
2021-05-19,316.44,322.68,316.08,322.37,66319108.0
2021-05-20,323.9,329.49,323.67,328.61,46466135.0
2021-05-21,330.21,330.64,326.42,326.79,50330449.0
2021-05-24,329.15,333.45,326.69,332.29,32475771.0
2021-05-25,333.85,334.59,331.54,332.75,31280314.0
2021-05-26,333.44,334.39,332.73,333.91,25444932.0
2021-05-27,333.45,334.32,332.45,332.66,27931747.0
2021-05-28,333.96,335.35,333.38,333.71,29927449.0
2021-06-01,335.08,335.57,331.21,332.6,31145424.0
2021-06-02,333.03,334.12,331.48,333.25,22047940.0
2021-06-03,330.33,331.64,328.06,329.78,37057825.0
2021-06-04,331.63,335.84,331.56,335.38,38736545.0
2021-06-07,334.83,336.44,334.12,336.38,32611852.0
2021-06-08,338.18,339.07,334.81,336.54,27282819.0
2021-06-09,337.95,338.75,336.44,336.62,21485319.0
2021-06-10,336.97,340.24,336.51,340.13,33702067.0
2021-06-11,340.14,341.03,339.47,341.02,21222830.0
2021-06-14,341.46,344.3,340.24,344.29,27827716.0
2021-06-15,343.93,344.25,341.3,342.04,35963780.0
2021-06-16,342.52,343.62,337.23,340.79,55399538.0
2021-06-17,339.75,346.16,339.7,345.12,59722700.0
2021-06-18,343.41,344.59,341.64,342.41,55414862.0
2021-06-21,342.21,344.47,339.93,344.14,32992649.0
2021-06-22,343.93,347.81,343.62,347.35,28941626.0
2021-06-23,347.29,348.7,346.66,347.52,27188454.0
2021-06-24,349.51,351.24,348.95,349.67,32581605.0
2021-06-25,350.25,350.5,348.62,349.24,28682801.0
2021-06-28,350.56,353.63,350.5,353.49,39130305.0
2021-06-29,353.31,354.8,352.45,354.77,29426039.0
2021-06-30,354.61,355.01,353.61,354.21,32723964.0
2021-07-01,353.85,354.87,352.46,354.35,29289978.0
2021-07-02,356.3,358.75,356.06,358.42,32727244.0
2021-07-06,359.04,360.26,356.27,359.97,38842397.0
2021-07-07,362.23,362.54,358.72,360.73,35265242.0
2021-07-08,355.52,359.43,354.2,358.55,50890021.0
2021-07-09,357.95,361.28,357.35,360.79,35184534.0
2021-07-12,362.23,362.67,360.61,362.2,25717677.0
2021-07-13,361.81,365.25,361.32,362.2,39723015.0
2021-07-14,364.61,365.27,362.0,362.85,35336350.0
2021-07-15,362.76,362.97,358.24,360.3,53391557.0
2021-07-16,361.18,362.19,357.02,357.38,47261961.0
2021-07-19,353.83,354.96,351.82,354.45,64404625.0
2021-07-20,355.41,360.06,353.58,358.57,42183702.0
2021-07-21,358.13,361.34,357.9,361.34,30259860.0
2021-07-22,361.55,363.74,361.55,363.73,30252240.0
2021-07-23,365.09,368.27,363.7,367.98,31960799.0
2021-07-26,367.27,368.67,366.39,368.27,28438126.0
2021-07-27,368.0,368.0,359.94,364.21,57933148.0
2021-07-28,365.38,367.23,363.02,365.61,42066195.0
2021-07-29,365.03,367.46,365.03,366.26,25672533.0
2021-07-30,362.22,364.95,362.19,364.35,36484649.0
2021-08-02,366.06,366.66,363.65,364.38,27334097.0
2021-08-03,365.06,366.71,361.78,366.59,35558511.0
2021-08-04,366.55,368.1,365.41,367.12,29602236.0
2021-08-05,367.96,369.69,367.23,369.45,21443925.0
2021-08-06,368.15,369.15,366.69,367.83,33332107.0
2021-08-09,368.3,369.05,367.17,368.51,25960245.0
2021-08-10,369.04,369.34,365.4,366.62,35130796.0
2021-08-11,367.92,368.43,364.62,365.99,34249812.0
2021-08-12,365.47,367.68,364.08,367.31,26003877.0
2021-08-13,367.67,368.94,367.16,368.6,19336190.0
2021-08-16,367.45,368.8,363.48,368.76,35044107.0
2021-08-17,365.93,366.93,363.01,365.51,44793902.0
2021-08-18,364.96,366.4,361.65,361.99,38541940.0
2021-08-19,360.0,365.46,359.74,363.74,48499368.0
2021-08-20,364.84,367.92,364.52,367.51,39486034.0
2021-08-23,368.58,373.72,368.57,373.01,34034744.0
2021-08-24,373.62,374.77,373.14,374.15,21732913.0
2021-08-25,374.41,375.17,373.64,374.58,20441880.0
2021-08-26,373.7,374.4,371.75,372.2,29133325.0
2021-08-27,372.85,376.34,372.35,375.82,27104749.0
2021-08-30,376.63,380.54,376.61,380.04,27295665.0
2021-08-31,380.29,380.36,378.14,379.73,29628175.0
2021-09-01,380.82,382.49,380.15,380.36,28138311.0
2021-09-02,381.75,382.09,378.93,380.18,25503535.0
2021-09-03,379.0,381.76,378.98,381.35,24624937.0
2021-09-07,381.46,382.56,380.27,381.89,23970203.0
2021-09-08,381.71,381.71,378.23,380.56,32949159.0
2021-09-09,380.79,381.93,379.0,379.25,29398978.0
2021-09-10,381.01,381.75,376.03,376.37,40249405.0
2021-09-13,378.77,379.21,374.0,376.11,48741781.0
2021-09-14,377.64,378.39,374.06,375.04,41826624.0
2021-09-15,375.51,378.19,373.15,377.83,34097865.0
2021-09-16,376.46,378.68,374.48,378.09,35193083.0
2021-09-17,377.6,377.65,372.54,373.61,60912267.0
2021-09-20,367.24,369.03,360.71,365.48,76203202.0
2021-09-21,367.36,368.59,364.77,365.93,41927483.0
2021-09-22,366.87,370.85,365.74,369.35,46972920.0
2021-09-23,370.54,373.82,369.88,372.76,44652002.0
2021-09-24,370.43,373.54,370.05,373.11,36056800.0
2021-09-27,369.98,371.04,367.51,370.13,43338079.0
2021-09-28,365.45,366.14,359.13,359.65,97701632.0
2021-09-29,360.95,363.15,358.42,359.06,58076621.0
2021-09-30,360.75,362.46,357.35,357.74,61384577.0
2021-10-01,358.38,361.03,354.16,359.96,56375488.0
2021-10-04,358.3,358.64,350.1,352.4,76766005.0
2021-10-05,353.49,359.47,353.26,357.16,47232904.0
2021-10-06,353.86,359.73,352.93,359.45,56806536.0
2021-10-07,362.58,365.47,362.03,362.75,39411172.0
2021-10-08,363.86,364.1,360.39,360.94,41822309.0
2021-10-11,359.36,362.98,358.08,358.17,34847182.0
2021-10-12,359.66,360.11,356.26,356.92,43905101.0
2021-10-13,359.29,360.47,357.21,359.78,40120795.0
2021-10-14,363.47,366.63,362.79,366.41,43433867.0
2021-10-15,367.66,368.84,366.6,368.72,40419878.0
2021-10-18,367.39,372.65,366.77,372.43,34513514.0
2021-10-19,373.53,375.3,372.48,375.25,29090963.0
2021-10-20,375.72,376.35,373.24,374.76,31390338.0
2021-10-21,373.94,377.25,373.63,377.05,25469277.0
2021-10-22,375.76,376.75,372.17,373.88,36275822.0
2021-10-25,375.34,378.65,373.34,377.71,32597804.0
2021-10-26,380.01,382.49,377.69,378.9,47191279.0
2021-10-27,379.36,382.93,379.09,379.78,45760496.0
2021-10-28,381.73,384.26,380.94,384.0,38007005.0
2021-10-29,380.84,386.06,380.48,385.89,37310116.0
2021-11-01,386.34,387.34,384.2,387.21,30765303.0
2021-11-02,386.58,389.32,386.53,388.83,25135292.0
2021-11-03,389.33,393.39,388.26,392.96,33748901.0
2021-11-04,394.26,398.98,393.7,398.0,40265313.0
2021-11-05,399.82,400.77,396.94,398.38,43383802.0
2021-11-08,398.35,399.4,397.18,397.84,29256270.0
2021-11-09,398.94,399.35,393.7,395.1,50490720.0
2021-11-10,392.25,395.14,387.31,389.29,54937385.0
2021-11-11,392.35,392.53,390.02,390.37,32242983.0
2021-11-12,391.55,395.03,389.91,394.48,34730564.0
2021-11-15,395.69,396.02,391.88,394.39,33716861.0
2021-11-16,393.64,397.71,393.44,397.2,27872940.0
2021-11-17,397.53,399.5,396.42,397.41,28703263.0
2021-11-18,399.51,402.05,397.23,401.53,45721515.0
2021-11-19,403.21,405.08,402.36,403.77,45191721.0
2021-11-22,405.35,408.49,398.97,399.08,61715370.0
2021-11-23,397.89,400.01,392.7,397.26,70098736.0
2021-11-24,394.71,398.83,392.32,398.54,46954382.0
2021-11-26,395.89,397.32,389.55,390.98,51533314.0
2021-11-29,395.67,400.51,394.92,399.47,54447106.0
2021-11-30,398.56,400.97,391.53,393.6,81332693.0
2021-12-01,398.06,400.26,386.42,386.9,78379245.0
2021-12-02,385.58,391.52,384.12,389.69,84416623.0
2021-12-03,391.09,392.12,378.68,382.91,105349104.0
2021-12-06,383.41,387.38,379.08,385.98,67588801.0
2021-12-07,392.81,398.24,392.77,397.61,56005264.0
2021-12-08,397.95,399.6,396.0,399.39,39204041.0
2021-12-09,398.13,399.98,393.31,393.51,49973714.0
2021-12-10,396.4,398.06,393.14,397.79,52545767.0
2021-12-13,397.78,398.11,391.66,392.04,50166410.0
2021-12-14,387.08,389.87,383.41,387.98,75199181.0
2021-12-15,387.72,397.2,383.66,396.83,73858028.0
2021-12-16,397.82,398.26,384.99,386.62,82591368.0
2021-12-17,383.11,388.97,381.55,384.69,81642848.0
2021-12-20,379.35,381.28,377.25,380.47,65336827.0
2021-12-21,383.83,389.31,379.99,388.99,48899477.0
2021-12-22,388.69,393.94,388.01,393.73,37042200.0
2021-12-23,394.09,398.21,393.92,396.7,29595536.0
2021-12-27,398.03,403.26,398.0,403.26,32820705.0
2021-12-28,404.18,404.36,400.49,401.39,33113728.0
2021-12-29,401.53,402.83,398.89,401.33,32248484.0
2021-12-30,401.11,403.35,399.53,400.13,23850065.0
2021-12-31,399.44,400.84,397.12,397.63,34752884.0
2022-01-03,398.83,401.72,396.66,401.46,40575854.0
2022-01-04,402.02,402.06,393.07,396.25,58027206.0
2022-01-05,394.52,395.67,383.81,384.07,75739847.0
2022-01-06,382.2,387.13,379.91,383.8,70814324.0
2022-01-07,383.81,385.54,377.82,379.64,72652304.0
2022-01-10,374.6,380.42,369.09,379.89,91604085.0
2022-01-11,379.14,385.77,377.0,385.6,68295698.0
2022-01-12,388.24,389.98,384.79,387.13,54576366.0
2022-01-13,388.55,389.25,376.48,377.44,77993962.0
2022-01-14,374.85,380.13,374.64,379.79,80121210.0
2022-01-18,373.82,376.0,369.55,370.33,75812296.0
2022-01-19,371.93,374.47,365.99,366.26,81791482.0
2022-01-20,369.57,373.65,360.95,361.5,88610680.0
2022-01-21,359.25,361.96,351.18,351.47,143388920.0
2022-01-24,345.7,353.76,333.93,353.08,199448109.0
2022-01-25,346.45,350.81,341.46,344.89,124398394.0
2022-01-26,352.69,356.66,340.56,344.35,146559524.0
2022-01-27,349.18,351.05,339.83,340.88,95255656.0
2022-01-28,342.81,351.8,337.73,351.58,108167897.0
2022-01-31,352.98,363.43,351.3,362.83,94326389.0
2022-02-01,364.21,365.97,358.92,365.3,74433023.0
2022-02-02,369.54,369.88,364.07,368.27,78777135.0
2022-02-03,358.31,361.71,352.24,353.33,95384771.0
2022-02-04,353.86,361.18,351.75,357.79,86318301.0
2022-02-07,358.4,360.83,353.62,354.91,58198087.0
2022-02-08,353.74,360.02,352.58,358.9,64720897.0
2022-02-09,363.54,366.59,361.9,366.51,55766422.0
2022-02-10,359.3,366.27,356.32,358.21,112468483.0
2022-02-11,358.21,359.85,345.58,346.84,101569102.0
2022-02-14,346.27,350.76,343.67,347.27,80254439.0
2022-02-15,352.69,356.15,351.6,355.91,55390805.0
2022-02-16,353.6,356.87,350.49,355.82,58947086.0
2022-02-17,352.52,353.24,344.8,345.23,61801353.0
2022-02-18,346.19,346.59,338.92,341.29,80001513.0
2022-02-22,338.27,343.82,334.13,337.86,85967095.0
2022-02-23,341.1,341.97,328.88,329.2,86215371.0
2022-02-24,318.62,340.82,318.04,340.27,130614053.0
2022-02-25,341.09,345.76,337.17,345.55,78842088.0
2022-02-28,342.29,348.32,341.1,346.58,77515544.0
2022-03-01,345.53,347.86,338.68,341.27,67407000.0
2022-03-02,342.86,348.37,340.02,347.0,70609015.0
2022-03-03,349.71,349.82,340.13,342.04,71089385.0
2022-03-04,339.62,341.09,334.7,337.08,77009763.0
2022-03-07,337.07,338.26,324.43,324.64,89933794.0
2022-03-08,323.83,332.99,319.72,323.13,116153921.0
2022-03-09,331.53,336.16,328.87,334.77,64723366.0
2022-03-10,330.6,332.29,326.49,331.05,69362714.0
2022-03-11,334.1,334.42,323.68,324.18,66228432.0
2022-03-14,322.91,326.37,317.23,317.95,79802606.0
2022-03-15,320.66,328.73,319.01,327.93,76470991.0
2022-03-16,331.95,340.22,328.19,340.1,105242954.0
2022-03-17,338.15,344.28,336.82,344.22,67809951.0
2022-03-18,342.52,351.57,341.33,351.27,85446347.0
2022-03-21,349.98,352.26,345.36,349.86,73799072.0
2022-03-22,350.37,357.63,349.98,356.74,63345928.0
2022-03-23,353.79,357.44,351.55,351.61,70615457.0
2022-03-24,353.58,359.48,351.38,359.43,53555251.0
2022-03-25,359.37,360.45,354.73,359.13,57584158.0
2022-03-28,359.12,364.79,357.85,364.69,56833866.0
2022-03-29,368.68,371.61,365.84,370.97,68072955.0
2022-03-30,369.06,370.76,365.35,366.87,68757710.0
2022-03-31,367.02,367.38,361.46,362.32,67011405.0
2022-04-01,362.59,363.39,358.37,361.63,54527761.0
2022-04-04,362.49,369.09,362.22,369.08,45950171.0
2022-04-05,367.59,368.32,359.71,360.88,62738661.0
2022-04-06,355.43,356.56,350.34,353.04,90077072.0
2022-04-07,352.02,356.13,348.47,353.88,63777373.0
2022-04-08,352.1,352.87,348.28,348.93,61956094.0
2022-04-11,344.59,345.53,340.32,340.67,66107401.0
2022-04-12,345.54,347.47,337.82,339.23,72790215.0
2022-04-13,339.58,347.21,338.84,346.13,61367755.0
2022-04-14,346.22,346.75,337.99,338.21,73519367.0
2022-04-18,337.13,340.82,335.58,338.47,58560555.0
2022-04-19,337.81,346.63,336.76,346.04,56515684.0
2022-04-20,346.87,347.34,339.74,340.99,65500022.0
2022-04-21,344.97,347.65,332.98,333.93,75801008.0
2022-04-22,334.09,335.34,324.74,325.18,82562145.0
2022-04-25,323.51,329.68,322.21,329.36,101755856.0
2022-04-26,327.25,327.44,316.64,316.92,105819629.0
2022-04-27,317.02,322.66,314.78,316.54,111204164.0
2022-04-28,321.63,329.67,317.3,327.79,99449957.0
2022-04-29,323.48,327.01,312.38,313.03,91977859.0
2022-05-02,312.61,318.5,309.43,318.26,115511770.0
2022-05-03,318.28,320.95,315.76,318.6,78185527.0
2022-05-04,319.09,330.07,313.68,329.38,116083395.0
2022-05-05,324.95,325.03,309.4,312.78,154607447.0
2022-05-06,310.73,314.87,304.89,309.03,139572805.0
2022-05-09,303.26,305.78,295.5,296.93,113387000.0
2022-05-10,304.29,305.54,296.35,300.54,124124550.0
2022-05-11,298.16,303.87,290.73,291.62,140326148.0
2022-05-12,287.23,295.53,284.72,290.93,120910850.0
2022-05-13,295.5,302.78,293.87,301.72,83684931.0
2022-05-16,299.93,302.04,296.91,298.22,59190432.0
2022-05-17,304.23,306.34,300.33,305.95,62715293.0
2022-05-18,301.32,302.03,289.63,290.92,79477109.0
2022-05-19,289.07,294.17,287.36,289.36,79920709.0
2022-05-20,292.91,293.58,279.99,288.46,91764174.0
2022-05-23,289.53,293.65,287.07,293.26,63648400.0
2022-05-24,287.91,288.64,282.03,287.02,73491124.0
2022-05-25,285.49,293.17,285.28,291.04,67144548.0
2022-05-26,290.22,300.7,289.93,299.11,59462231.0
2022-05-27,302.32,309.03,302.2,308.88,66985596.0
2022-05-31,308.85,311.11,304.11,308.06,60968330.0
2022-06-01,310.25,312.43,303.51,305.78,65341653.0
2022-06-02,304.63,314.34,303.18,314.16,59291333.0
2022-06-03,308.81,310.25,304.7,305.98,60914684.0
2022-06-06,310.53,312.13,305.4,307.0,51785013.0
2022-06-07,303.59,310.45,302.47,309.65,44900292.0
2022-06-08,308.83,311.5,306.55,307.42,38342062.0
2022-06-09,305.69,308.83,299.01,299.18,55900475.0
2022-06-10,293.43,294.65,288.17,288.62,85963456.0
2022-06-13,279.53,282.12,274.31,275.19,94442009.0
2022-06-14,277.44,278.44,273.12,275.69,64697521.0
2022-06-15,279.2,286.61,276.39,282.58,86051428.0
2022-06-16,275.37,275.84,269.06,271.17,81910297.0
2022-06-17,271.96,276.97,270.3,274.47,82703402.0
2022-06-21,278.53,283.23,278.42,280.86,51633741.0
2022-06-22,278.3,284.96,277.69,280.45,67472924.0
2022-06-23,282.99,285.5,280.09,284.63,57457796.0
2022-06-24,287.52,294.82,287.28,294.39,58422262.0
2022-06-27,295.78,296.36,291.07,292.23,54151452.0
2022-06-28,292.78,295.43,283.13,283.32,61867060.0
2022-06-29,283.18,285.12,280.62,283.58,57302726.0
2022-06-30,280.53,283.73,275.56,280.06,79313580.0
2022-07-01,278.73,282.31,276.81,281.91,56675107.0
2022-07-05,278.09,286.86,276.53,286.74,61829272.0
2022-07-06,287.13,290.73,285.37,288.58,63194715.0
2022-07-07,289.41,295.48,289.41,294.76,56620114.0
2022-07-08,291.86,296.53,290.9,295.13,59895478.0
2022-07-11,292.66,292.89,287.92,288.82,55273920.0
2022-07-12,290.1,292.06,284.39,286.02,55797088.0
2022-07-13,280.38,287.83,279.8,285.43,73939418.0
2022-07-14,282.77,287.34,279.58,286.45,63741837.0
2022-07-15,289.51,291.76,287.86,291.65,63818149.0
2022-07-18,294.5,295.94,287.98,289.18,59519581.0
2022-07-19,292.89,298.38,291.25,298.08,55172640.0
2022-07-20,298.51,304.02,297.72,302.81,67769430.0
2022-07-21,303.28,307.22,300.56,307.16,55049363.0
2022-07-22,306.21,308.33,299.9,301.77,57127715.0
2022-07-25,301.8,302.28,298.0,300.05,40582381.0
2022-07-26,298.31,298.57,293.32,294.15,50074122.0
2022-07-27,298.82,308.32,298.24,306.59,69304364.0
2022-07-28,306.37,310.18,302.53,309.59,55139941.0
2022-07-29,311.17,316.17,309.72,315.24,57501043.0
2022-08-01,313.43,318.59,312.31,315.05,46358833.0
2022-08-02,312.7,318.33,311.62,314.11,48676501.0
2022-08-03,315.83,323.51,315.77,322.67,53735729.0
2022-08-04,322.75,324.5,320.55,324.18,38973659.0
2022-08-05,318.97,323.61,318.17,321.53,53893972.0
2022-08-08,322.47,326.25,318.99,320.49,44066297.0
2022-08-09,318.55,318.81,315.2,316.86,39764220.0
2022-08-10,324.37,326.01,321.84,325.71,51459564.0
2022-08-11,328.09,330.14,323.14,323.86,45897650.0
2022-08-12,325.96,330.37,324.88,330.17,40928379.0
2022-08-15,329.2,333.35,329.18,332.84,38266614.0
2022-08-16,331.84,334.21,328.94,332.06,41186864.0
2022-08-17,328.85,331.21,326.14,328.27,47842155.0
2022-08-18,328.22,330.27,326.57,329.06,41937172.0
2022-08-19,325.95,326.62,321.86,322.64,51770570.0
2022-08-22,318.28,318.52,313.31,314.14,51098890.0
2022-08-23,313.9,316.78,313.11,313.88,39497074.0
2022-08-24,313.39,316.65,312.77,314.79,38057059.0
2022-08-25,316.61,320.38,315.54,320.36,38098255.0
2022-08-26,320.06,321.29,307.13,307.22,69047740.0
2022-08-29,304.4,307.0,303.06,304.19,48321851.0
2022-08-30,305.88,306.51,298.22,300.8,51184500.0
2022-08-31,303.77,304.69,298.94,299.05,50044041.0
2022-09-01,296.5,299.56,292.73,299.18,57990745.0
2022-09-02,302.12,303.53,293.3,294.95,64666839.0
2022-09-06,295.44,296.38,290.65,292.83,57005444.0
2022-09-07,293.32,299.77,293.05,298.75,49260381.0
2022-09-08,296.52,301.65,295.23,300.3,55649821.0
2022-09-09,302.61,307.38,300.31,306.87,56125215.0
2022-09-12,308.28,310.86,307.96,310.52,45905737.0
2022-09-13,301.58,302.8,292.57,293.48,79562172.0
2022-09-14,294.65,296.71,292.84,295.81,54907198.0
2022-09-15,293.85,296.31,289.24,290.88,65299411.0
2022-09-16,287.5,289.5,285.4,289.1,79920391.0
2022-09-19,285.88,290.99,285.82,290.83,52613831.0
2022-09-20,288.27,290.85,286.16,288.51,51271117.0
2022-09-21,289.37,293.73,283.2,283.34,82930963.0
2022-09-22,281.78,282.81,278.6,279.85,62757073.0
2022-09-23,277.33,277.63,271.8,275.29,74815189.0
2022-09-26,274.81,279.27,273.34,274.15,71176694.0
2022-09-27,277.59,279.99,271.89,274.26,69780115.0
2022-09-28,274.24,281.03,272.73,279.72,79652140.0
2022-09-29,275.64,276.03,268.62,271.65,81215957.0
2022-09-30,270.81,274.97,266.88,267.04,78482378.0
2022-10-03,268.85,274.94,267.31,273.31,61267449.0
2022-10-04,278.77,282.63,278.77,281.91,66696931.0
2022-10-05,278.06,283.59,275.2,281.76,55766318.0
2022-10-06,280.74,283.96,279.21,279.54,53489411.0
2022-10-07,274.8,274.93,267.52,268.88,71354674.0
2022-10-10,269.08,269.48,263.42,266.19,60392990.0
2022-10-11,264.48,267.41,260.81,262.53,66522509.0
2022-10-12,263.18,265.14,261.73,262.44,50580179.0
2022-10-13,254.94,269.95,254.04,268.6,112894068.0
2022-10-14,270.98,271.59,259.92,260.52,77244302.0
2022-10-17,266.62,270.02,266.52,269.13,64576452.0
2022-10-18,276.31,276.99,268.52,271.26,69780995.0
2022-10-19,269.71,273.46,267.85,270.27,53115405.0
2022-10-20,269.36,274.62,267.7,268.89,60605496.0
2022-10-21,267.76,275.75,266.61,275.2,77897694.0
2022-10-24,275.47,279.18,271.75,278.23,63963569.0
2022-10-25,279.19,284.38,277.68,283.99,59014494.0
2022-10-26,278.24,283.76,277.21,277.71,63898246.0
2022-10-27,276.57,278.06,272.12,272.65,57760302.0
2022-10-28,272.01,281.48,271.84,281.0,62651312.0
2022-10-31,278.7,279.54,275.77,277.73,47741952.0
2022-11-01,281.28,281.85,274.52,274.89,45895897.0
2022-11-02,274.86,277.99,265.39,265.46,79803142.0
2022-11-03,262.79,264.28,259.88,260.27,70038903.0
2022-11-04,265.31,266.39,258.86,264.46,78313213.0
2022-11-07,265.53,267.92,263.35,267.37,47333828.0
2022-11-08,268.92,272.63,265.3,269.32,63213785.0
2022-11-09,267.54,268.34,262.81,263.1,64862129.0
2022-11-10,275.79,282.83,273.63,282.53,99256693.0
2022-11-11,282.34,288.42,280.97,287.74,66933986.0
2022-11-14,285.64,289.0,284.22,285.22,55080048.0
2022-11-15,291.99,293.04,285.75,289.17,73985372.0
2022-11-16,287.17,289.27,284.38,285.22,48859804.0
2022-11-17,280.66,286.1,280.5,284.59,55462076.0
2022-11-18,287.67,287.77,282.11,284.6,53588631.0
2022-11-21,283.18,284.36,280.82,281.67,40083527.0
2022-11-22,282.42,285.89,280.24,285.73,41873444.0
2022-11-23,285.75,289.24,285.57,288.6,46389967.0
2022-11-25,286.97,287.69,286.2,286.7,15498797.0
2022-11-28,284.68,286.74,281.54,282.49,38877045.0
2022-11-29,282.72,283.13,278.95,280.35,35618878.0
2022-11-30,280.62,293.25,279.75,293.14,74718088.0
2022-12-01,293.47,295.53,290.66,293.5,51547332.0
2022-12-02,288.32,293.23,288.14,292.33,53583172.0
2022-12-05,290.16,291.46,285.93,287.42,41482121.0
2022-12-06,287.26,287.4,280.04,281.46,53937605.0
2022-12-07,280.25,282.35,278.56,280.31,45614254.0
2022-12-08,281.69,284.62,279.57,283.63,42594913.0
2022-12-09,282.59,285.42,281.37,281.82,47860487.0
2022-12-12,282.0,285.42,280.94,285.36,35732518.0
2022-12-13,296.43,296.66,285.69,288.43,80667675.0
2022-12-14,287.83,291.19,282.97,286.29,64984432.0
2022-12-15,282.11,282.79,275.45,276.67,60554119.0
2022-12-16,275.98,277.55,272.39,274.03,68300351.0
2022-12-19,273.65,273.74,268.27,269.53,44167920.0
2022-12-20,268.34,271.1,266.73,269.32,51064199.0
2022-12-21,270.38,274.56,269.52,273.23,46394694.0
2022-12-22,270.16,270.3,262.24,266.54,60278377.0
2022-12-23,265.25,267.82,263.31,267.14,39373584.0
2022-12-27,266.52,266.63,262.81,263.36,38009005.0
2022-12-28,262.95,265.25,259.51,259.88,47139043.0
2022-12-29,262.74,267.19,262.03,266.22,45893567.0
2022-12-30,263.4,266.19,262.07,266.06,37858277.0
2023-01-03,268.43,269.94,261.91,264.26,42335325.0
2023-01-04,266.42,267.23,262.31,265.52,47754861.0
2023-01-05,263.82,263.99,261.04,261.36,45396744.0
2023-01-06,263.13,269.72,260.12,268.58,54659739.0
2023-01-09,270.61,275.07,269.7,270.32,45568676.0
2023-01-10,269.27,272.72,268.75,272.61,35247763.0
2023-01-11,273.7,277.44,272.9,277.33,44077036.0
2023-01-12,277.9,279.88,273.52,278.83,60599953.0
2023-01-13,276.28,281.0,275.94,280.75,44802936.0
2023-01-17,280.55,282.63,279.37,281.32,36269738.0
2023-01-18,282.89,284.47,277.45,277.66,47754549.0
2023-01-19,276.0,277.16,273.67,274.93,44150436.0
2023-01-20,276.57,282.8,275.49,282.46,60613606.0
2023-01-23,283.32,289.99,282.51,288.74,52799905.0
2023-01-24,287.09,289.33,286.56,288.15,44875146.0
2023-01-25,283.55,288.14,280.96,287.51,50872022.0
2023-01-26,291.0,293.3,288.3,293.12,51596335.0
2023-01-27,291.78,298.04,291.66,296.04,56441939.0
2023-01-30,292.71,294.16,289.67,290.05,49405833.0
2023-01-31,290.09,294.5,289.98,294.4,46705106.0
2023-02-01,294.19,303.21,292.08,300.7,67562173.0
2023-02-02,307.35,313.46,306.51,311.5,83070628.0
2023-02-03,304.72,312.17,304.32,305.96,76170804.0
2023-02-06,303.29,305.69,302.0,303.37,40802348.0
2023-02-07,303.24,310.81,302.1,309.66,67583981.0
2023-02-08,308.32,309.28,303.45,304.15,56720860.0
2023-02-09,308.62,308.77,299.98,301.46,49137818.0
2023-02-10,299.26,301.35,297.03,299.48,50050104.0
2023-02-13,300.91,304.88,299.71,304.28,39636720.0
2023-02-14,302.67,307.5,300.69,306.53,64079057.0
2023-02-15,304.68,309.05,303.98,308.88,43427298.0
2023-02-16,304.16,308.21,302.93,303.08,59498630.0
2023-02-17,300.85,301.71,297.88,300.94,58230729.0
2023-02-21,297.04,298.51,293.67,293.81,46526708.0
2023-02-22,294.4,296.14,292.34,294.03,51389237.0
2023-02-23,297.75,297.91,292.33,296.6,69294443.0
2023-02-24,291.54,292.75,289.83,291.63,74331958.0
2023-02-27,294.85,296.27,293.12,293.72,48995009.0
2023-02-28,293.08,295.91,292.74,293.34,48243141.0
2023-03-01,293.04,293.71,289.98,290.98,58286972.0
2023-03-02,288.44,294.21,288.15,293.39,53738557.0
2023-03-03,295.17,299.7,294.65,299.46,60511540.0
2023-03-06,300.72,303.78,299.6,299.8,56736294.0
2023-03-07,299.85,300.79,295.5,296.12,65955756.0
2023-03-08,296.55,298.21,294.66,297.6,50876265.0
2023-03-09,298.11,300.76,291.61,292.44,71456691.0
2023-03-10,292.61,294.13,287.16,288.33,98593561.0
2023-03-13,286.58,294.25,284.97,290.47,97123603.0
2023-03-14,294.09,297.71,293.23,297.15,73602545.0
2023-03-15,294.49,299.05,293.02,298.71,83631535.0
2023-03-16,297.78,306.96,296.97,306.59,98556824.0
2023-03-17,306.5,308.93,303.15,305.14,89923732.0
2023-03-20,304.04,306.08,301.79,305.75,56359491.0
2023-03-21,307.72,310.58,306.18,310.12,49757048.0
2023-03-22,310.05,315.03,305.73,305.9,75791914.0
2023-03-23,309.7,313.93,306.79,309.53,74575981.0
2023-03-24,309.1,310.77,306.73,310.67,57245803.0
2023-03-27,311.38,312.48,307.67,308.54,50287407.0
2023-03-28,307.95,307.98,304.56,306.9,48585917.0
2023-03-29,310.66,313.13,309.83,312.5,53274266.0
2023-03-30,315.02,316.1,312.59,315.46,58354808.0
2023-03-31,315.69,320.95,315.38,320.71,62138097.0
2023-04-03,318.55,320.2,317.2,319.93,47126839.0
2023-04-04,320.38,321.41,317.61,318.85,45875384.0
2023-04-05,317.88,318.84,313.85,315.7,62795706.0
2023-04-06,314.02,318.33,312.6,317.83,46916496.0
2023-04-10,314.85,317.7,313.03,317.65,45134736.0
2023-04-11,317.61,317.67,315.09,315.61,40113594.0
2023-04-12,317.6,318.2,312.35,312.82,62813305.0
2023-04-13,314.61,319.43,313.41,318.95,54613792.0
2023-04-14,317.37,320.14,315.39,318.35,56278284.0
2023-04-17,317.93,318.98,315.82,318.62,43007023.0
2023-04-18,320.77,321.2,317.42,318.64,46746940.0
2023-04-19,316.19,319.57,316.06,318.49,38960127.0
2023-04-20,315.47,319.05,314.75,316.06,62462142.0
2023-04-21,315.69,317.18,313.88,316.39,59002285.0
2023-04-24,316.16,317.52,313.52,315.73,44043063.0
2023-04-25,314.07,314.75,309.67,309.77,57121644.0
2023-04-26,313.22,314.72,311.12,311.65,55400496.0
2023-04-27,315.48,320.64,314.83,320.13,65430392.0
2023-04-28,319.89,322.43,318.74,322.34,59712635.0
2023-05-01,321.87,323.41,320.87,321.97,41013386.0
2023-05-02,321.9,322.23,317.39,319.16,56519407.0
2023-05-03,319.53,322.25,316.96,317.07,59882070.0
2023-05-04,316.84,318.01,314.9,315.95,50224520.0
2023-05-05,318.25,323.54,316.0,322.67,51806098.0
2023-05-08,322.2,323.82,321.1,323.47,36465796.0
2023-05-09,321.78,322.66,321.1,321.42,31768800.0
2023-05-10,323.9,325.79,321.38,324.92,60446623.0
2023-05-11,325.48,326.53,323.9,325.98,44278548.0
2023-05-12,326.52,326.95,322.72,324.81,48432836.0
2023-05-15,325.29,326.81,323.74,326.57,33375559.0
2023-05-16,325.84,328.69,325.8,326.94,40019151.0
2023-05-17,328.02,331.49,326.82,330.9,47486124.0
2023-05-18,331.3,337.27,331.28,337.05,64213466.0
2023-05-19,337.27,337.99,335.21,336.29,61554926.0
2023-05-22,336.03,338.45,336.02,337.42,43015948.0
2023-05-23,335.67,336.84,332.78,333.14,48216663.0
2023-05-24,331.15,332.69,329.34,331.43,62891169.0
2023-05-25,338.92,340.79,336.45,339.5,66862773.0
2023-05-26,340.54,349.03,340.44,348.18,63006952.0
2023-05-30,352.49,353.71,348.31,349.76,72652156.0
2023-05-31,348.15,350.38,346.29,347.77,65105378.0
2023-06-01,347.51,353.14,346.44,351.79,50488601.0
2023-06-02,353.58,355.61,351.79,354.43,53372113.0
2023-06-05,354.21,357.28,353.63,354.68,47266228.0
2023-06-06,354.06,355.6,352.71,354.62,41390400.0
2023-06-07,354.91,356.9,347.96,348.6,69225936.0
2023-06-08,348.9,353.4,348.67,352.93,47153922.0
2023-06-09,354.41,357.44,352.81,354.28,53196927.0
2023-06-12,355.97,360.37,354.98,360.27,44817646.0
2023-06-13,363.07,363.89,359.81,363.04,57097804.0
2023-06-14,363.05,365.97,360.2,365.68,69525642.0
2023-06-15,364.39,371.55,363.76,370.04,71138823.0
2023-06-16,372.5,372.63,367.26,367.71,80931971.0
2023-06-20,365.73,368.1,363.67,366.68,49204722.0
2023-06-21,365.52,365.96,360.74,361.68,53378256.0
2023-06-22,360.41,366.11,360.0,365.95,47603043.0
2023-06-23,361.99,364.66,360.61,362.32,48922911.0
2023-06-26,361.78,364.62,357.37,357.46,52685478.0
2023-06-27,359.03,364.35,358.29,363.61,49428091.0
2023-06-28,361.76,366.3,361.69,364.32,46498031.0
2023-06-29,364.02,364.67,361.92,363.59,46150967.0
2023-06-30,367.33,370.27,367.01,369.2,58712501.0
2023-07-03,369.85,370.71,368.75,370.07,19432862.0
2023-07-05,368.48,371.79,368.44,370.06,34460883.0
2023-07-06,366.29,367.69,364.3,367.24,49374728.0
2023-07-07,367.01,370.26,365.79,366.02,47133749.0
2023-07-10,365.74,366.83,363.19,366.14,48498800.0
2023-07-11,366.57,368.42,364.4,367.95,38214146.0
2023-07-12,372.12,373.97,370.08,372.6,61703696.0
2023-07-13,375.83,379.77,375.24,378.93,46960012.0
2023-07-14,379.37,382.64,377.96,378.85,55148500.0
2023-07-17,379.58,383.28,379.09,382.39,40868915.0
2023-07-18,381.74,386.91,379.78,385.52,55343438.0
2023-07-19,386.6,387.76,384.08,385.43,54092958.0
2023-07-20,382.39,383.88,375.5,376.54,71941674.0
2023-07-21,378.96,379.7,374.98,375.41,60499643.0
2023-07-24,376.4,377.36,374.12,376.01,40380056.0
2023-07-25,376.73,380.25,376.71,378.56,38894384.0
2023-07-26,377.5,379.02,374.96,377.3,47075710.0
2023-07-27,382.85,384.49,375.09,376.4,63940225.0
2023-07-28,380.52,384.3,380.0,383.26,56902926.0
2023-07-31,383.57,384.66,382.12,383.46,44019905.0
2023-08-01,382.09,383.34,380.47,382.57,41308457.0
2023-08-02,379.04,379.04,372.91,374.17,72687107.0
2023-08-03,371.72,375.73,371.55,373.57,47855381.0
2023-08-04,375.53,377.88,371.31,371.82,61702759.0
2023-08-07,373.66,375.07,371.29,374.97,37230444.0
2023-08-08,372.42,372.44,368.6,371.78,44726453.0
2023-08-09,372.03,372.23,366.92,367.69,51150900.0
2023-08-10,370.75,374.14,366.82,368.37,72035265.0
2023-08-11,365.77,367.78,364.47,366.02,48707187.0
2023-08-14,365.2,370.25,364.48,370.13,42130802.0
2023-08-15,369.14,369.95,365.52,366.2,45539891.0
2023-08-16,365.65,367.21,362.22,362.32,53190525.0
2023-08-17,363.74,364.09,357.94,358.36,62604338.0
2023-08-18,355.04,359.19,354.49,357.91,61191389.0
2023-08-21,359.4,364.37,358.93,363.68,50696518.0
2023-08-22,366.33,366.34,362.46,363.16,44613509.0
2023-08-23,364.36,370.0,364.14,368.89,51770603.0
2023-08-24,372.42,372.52,360.79,361.0,66842491.0
2023-08-25,361.85,365.52,358.36,363.8,69960465.0
2023-08-28,366.77,367.49,364.03,366.54,40910019.0
2023-08-29,366.34,374.91,366.02,374.55,58492371.0
2023-08-30,374.66,377.23,373.64,376.64,41731511.0
2023-08-31,376.72,379.5,376.65,377.77,35730701.0
2023-09-01,380.18,380.61,375.86,377.37,39801177.0
2023-09-05,376.55,379.09,375.61,377.85,32344222.0
2023-09-06,377.06,377.41,372.48,374.52,42998735.0
2023-09-07,369.99,372.63,368.93,371.84,52060716.0
2023-09-08,371.79,374.63,371.38,372.36,35847359.0
2023-09-11,375.44,377.27,373.44,376.75,39936634.0
2023-09-12,375.05,376.74,372.28,372.57,41391024.0
2023-09-13,372.81,375.62,371.66,373.99,46300677.0
2023-09-14,375.77,378.05,373.67,377.05,48039388.0
2023-09-15,375.69,376.1,369.64,370.59,69811206.0
2023-09-18,369.1,371.57,368.81,370.44,36903545.0
2023-09-19,369.1,370.47,366.58,369.65,37621734.0
2023-09-20,370.73,371.09,364.24,364.32,45514189.0
2023-09-21,360.58,361.38,357.47,357.64,69734845.0
2023-09-22,359.41,361.58,357.37,357.69,51589689.0
2023-09-25,356.71,359.48,355.71,359.39,39167985.0
2023-09-26,356.77,357.32,352.99,353.99,53657748.0
2023-09-27,355.16,356.76,351.14,354.82,56065972.0
2023-09-28,353.89,359.95,353.02,357.79,56453312.0
2023-09-29,361.32,362.73,356.8,358.05,64829616.0
2023-10-02,358.32,362.46,357.7,361.04,51625054.0
2023-10-03,358.56,360.79,353.06,354.7,60478489.0
2023-10-04,355.55,360.39,355.08,359.53,54786686.0
2023-10-05,359.52,359.93,354.92,358.47,45897390.0
2023-10-06,355.43,365.69,354.63,364.48,75049119.0
2023-10-09,362.08,366.89,360.56,366.34,45304766.0
2023-10-10,366.68,371.06,366.17,368.37,46968806.0
2023-10-11,369.72,371.2,367.97,371.0,38215088.0
2023-10-12,371.51,373.52,367.28,369.71,49587942.0
2023-10-13,370.35,370.94,363.64,365.06,52519876.0
2023-10-16,366.4,370.26,366.25,369.19,44201059.0
2023-10-17,365.59,369.7,363.44,367.98,50999102.0
2023-10-18,365.45,367.69,361.8,363.15,54280490.0
2023-10-19,364.59,365.8,358.94,359.75,72274238.0
2023-10-20,359.24,359.82,354.15,354.38,72559723.0
2023-10-23,353.04,359.04,350.9,355.45,60665185.0
2023-10-24,357.29,359.69,355.57,358.91,47082078.0
2023-10-25,356.48,356.66,349.53,350.12,71190536.0
2023-10-26,348.9,349.85,342.13,343.44,78621425.0
2023-10-27,346.21,348.62,343.86,345.09,63476707.0
2023-10-30,347.61,350.32,346.23,348.98,55298536.0
2023-10-31,349.01,351.03,346.4,350.65,47671906.0
2023-11-01,351.5,357.31,351.4,356.74,58992666.0
2023-11-02,361.32,363.46,360.08,363.22,58162442.0
2023-11-03,364.54,368.8,364.3,367.49,53280457.0
2023-11-06,368.27,369.56,366.69,368.99,38848743.0
2023-11-07,370.05,373.36,368.83,372.48,50777398.0
2023-11-08,372.86,373.57,370.4,372.72,35663373.0
2023-11-09,373.42,374.58,369.35,369.85,53859421.0
2023-11-10,371.6,378.32,371.06,378.17,58368439.0
2023-11-13,376.57,378.06,375.02,376.99,40733505.0
2023-11-14,383.49,386.04,382.96,385.11,67792634.0
2023-11-15,387.03,387.53,384.02,385.4,54141385.0
2023-11-16,384.62,385.97,383.34,385.73,45343544.0
2023-11-17,384.99,386.85,384.07,385.82,46622745.0
2023-11-20,385.83,391.19,385.83,390.52,44536669.0
2023-11-21,388.79,389.01,386.48,388.25,43336989.0
2023-11-22,390.35,392.85,388.82,389.84,44178572.0
2023-11-24,389.43,390.03,388.28,389.29,15718832.0
2023-11-27,388.79,390.93,388.06,388.95,34139656.0
2023-11-28,388.19,390.56,387.83,389.97,35491123.0
2023-11-29,392.47,393.92,389.24,389.59,38811745.0
2023-11-30,389.86,390.33,385.6,388.61,52834381.0
2023-12-01,387.53,390.32,385.86,389.72,40490068.0
2023-12-04,385.87,386.38,382.44,386.1,51186944.0
2023-12-05,384.17,388.28,383.99,387.07,42932956.0
2023-12-06,390.05,390.15,384.48,384.83,41994072.0
2023-12-07,387.85,391.05,386.74,390.21,49593545.0
2023-12-08,388.45,392.4,388.26,391.95,46687525.0
2023-12-11,391.52,395.57,391.31,395.3,41198021.0
2023-12-12,395.34,398.57,394.19,398.45,39221152.0
2023-12-13,399.4,404.14,398.62,403.52,55408129.0
2023-12-14,404.76,406.08,400.12,403.17,55447808.0
2023-12-15,403.96,406.32,403.35,405.12,62896645.0
2023-12-18,404.71,407.77,404.38,406.86,46609985.0
2023-12-19,407.32,409.06,407.13,408.94,35711855.0
2023-12-20,408.13,410.25,402.68,402.86,54042443.0
2023-12-21,406.84,407.92,404.25,407.55,45568914.0
2023-12-22,408.78,409.75,406.26,408.16,34314003.0
2023-12-26,409.03,411.34,408.93,410.66,22722545.0
2023-12-27,410.95,411.79,410.08,411.5,31980481.0
2023-12-28,412.67,412.92,410.94,411.3,27029152.0
2023-12-29,411.28,411.64,407.58,409.52,42662120.0
2024-01-02,405.84,406.09,400.24,402.59,58026946.0
2024-01-03,399.93,401.0,397.89,398.33,47002803.0
2024-01-04,396.44,399.59,396.06,396.28,39432797.0
2024-01-05,396.45,399.56,395.34,396.75,44922810.0
2024-01-08,397.99,405.24,397.84,404.95,42473796.0
2024-01-09,401.91,406.69,401.71,405.75,39132860.0
2024-01-10,406.07,409.52,405.17,408.5,33962774.0
2024-01-11,409.79,411.2,404.24,409.35,54536198.0
2024-01-12,410.4,411.25,408.15,409.56,39594952.0
2024-01-16,408.31,411.12,406.83,409.52,43903027.0
2024-01-17,406.17,407.59,402.92,407.21,54385974.0
2024-01-18,410.52,413.58,409.16,412.99,59562505.0
2024-01-19,415.22,421.34,414.63,421.18,70325123.0
2024-01-22,423.41,424.73,421.12,421.73,44880639.0
2024-01-23,422.43,423.7,420.57,423.48,33003806.0
2024-01-24,427.44,429.85,425.33,425.83,46948016.0
2024-01-25,428.36,429.04,423.98,426.35,44367205.0
2024-01-26,424.44,426.21,423.15,423.81,37137028.0
2024-01-29,424.27,428.35,423.61,428.15,38694724.0
2024-01-30,427.1,427.68,424.38,425.3,36738956.0
2024-01-31,420.85,422.87,416.79,416.97,64010649.0
2024-02-01,418.79,422.38,417.81,421.88,51008622.0
2024-02-02,423.8,430.24,422.79,429.01,59602435.0
2024-02-05,429.07,429.61,425.0,428.45,39889209.0
2024-02-06,429.61,430.22,425.22,427.59,35846134.0
2024-02-07,430.41,432.83,429.09,431.99,37712661.0
2024-02-08,432.11,433.56,431.42,432.79,29889892.0
2024-02-09,433.94,437.85,433.14,437.05,36943905.0
2024-02-12,436.94,439.14,434.65,435.34,33203305.0
2024-02-13,427.28,431.27,425.33,428.55,64491669.0
2024-02-14,431.26,433.65,428.88,433.22,45092722.0
2024-02-15,433.92,434.98,431.33,434.51,38796137.0
2024-02-16,434.89,434.99,429.85,430.57,53716475.0
2024-02-20,428.55,430.08,423.5,427.32,53999452.0
2024-02-21,424.55,425.7,421.63,425.61,50179697.0
2024-02-22,434.49,439.12,433.71,438.07,53887751.0
2024-02-23,439.65,440.59,435.79,436.78,39853861.0
2024-02-26,437.6,438.6,436.36,436.55,33043238.0
2024-02-27,437.67,437.99,435.03,437.6,33713220.0
2024-02-28,435.43,436.67,434.3,435.27,32938821.0
2024-02-29,438.23,440.09,435.02,439.0,42495152.0
2024-03-01,439.9,446.58,439.84,445.61,43853029.0
2024-03-04,445.61,446.04,443.77,444.02,34325687.0
2024-03-05,440.94,440.95,433.65,436.05,57917135.0
2024-03-06,440.32,441.99,436.89,438.79,46234460.0
2024-03-07,442.42,446.72,440.86,445.45,44526666.0
2024-03-08,445.81,448.64,438.34,439.02,72095957.0
2024-03-11,437.51,438.66,435.44,437.39,45859992.0
2024-03-12,439.73,444.02,436.46,443.66,55300909.0
2024-03-13,442.65,442.67,439.12,440.25,37928691.0
2024-03-14,441.5,442.03,436.39,439.14,52195208.0
2024-03-15,436.07,438.87,432.74,433.92,73069824.0
2024-03-18,438.73,441.04,437.24,437.48,47323802.0
2024-03-19,435.45,438.98,433.33,438.57,43004105.0
2024-03-20,439.78,444.11,438.06,443.77,43653490.0
2024-03-21,448.88,449.34,445.67,445.87,39345652.0
2024-03-22,445.35,447.49,444.49,446.38,28253899.0
2024-03-25,443.55,446.26,442.54,444.76,27789154.0
2024-03-26,446.3,447.23,443.09,443.32,34142043.0
2024-03-27,446.44,446.54,441.93,444.83,41359240.0
2024-03-28,444.78,445.64,443.65,444.01,36839641.0
2024-04-01,444.97,447.53,443.02,444.95,38728951.0
2024-04-02,440.08,441.43,438.03,441.11,44259665.0
2024-04-03,438.96,444.0,438.95,442.1,39949750.0
2024-04-04,446.33,446.95,435.11,435.34,57267660.0
2024-04-05,436.78,443.17,435.96,440.47,54744634.0
2024-04-08,441.41,442.5,439.2,440.6,28144944.0
2024-04-09,442.96,443.24,437.44,442.23,39521568.0
2024-04-10,437.0,439.24,436.28,438.37,61502191.0
2024-04-11,440.26,446.33,437.96,445.37,45474550.0
2024-04-12,441.1,442.24,436.88,438.27,53664995.0
2024-04-15,442.06,442.15,430.21,431.06,63453622.0
2024-04-16,430.9,433.76,429.7,431.1,47618961.0
2024-04-17,433.1,433.12,424.9,425.84,56880536.0
2024-04-18,426.49,428.24,422.83,423.41,46549363.0
2024-04-19,422.22,422.75,413.07,414.65,75230990.0
2024-04-22,417.31,421.18,413.94,418.82,47807663.0
2024-04-23,420.77,426.28,418.87,425.07,44384741.0
2024-04-24,428.2,429.73,424.2,426.51,48440305.0
2024-04-25,419.24,425.32,418.14,424.45,57392169.0
2024-04-26,427.62,432.55,426.92,431.0,41874907.0
2024-04-29,433.13,433.76,429.98,432.75,30022161.0
2024-04-30,431.15,432.56,424.51,424.59,43665934.0
2024-05-01,423.15,430.14,420.66,421.52,52251707.0
2024-05-02,425.3,427.81,420.63,426.9,36559007.0
2024-05-03,434.44,436.48,432.62,435.48,48515252.0
2024-05-06,437.3,440.34,436.52,440.25,30227200.0
2024-05-07,440.7,441.97,439.58,440.32,30996094.0
2024-05-08,437.67,441.48,437.55,440.06,24896723.0
2024-05-09,440.33,441.6,438.46,441.02,24580121.0
2024-05-10,442.54,444.31,440.5,442.06,27116566.0
2024-05-13,443.99,444.09,441.65,443.08,22994192.0
2024-05-14,442.65,446.47,442.46,445.93,34478321.0
2024-05-15,448.43,453.15,446.9,452.9,41464651.0
2024-05-16,452.71,454.69,451.81,451.98,34780412.0
2024-05-17,452.11,452.72,449.54,451.76,35803719.0
2024-05-20,451.98,455.58,451.79,454.91,24474226.0
2024-05-21,453.04,455.99,452.84,455.8,23167720.0
2024-05-22,456.06,456.82,453.08,455.71,25120040.0
2024-05-23,460.55,460.58,451.85,453.66,40899230.0
2024-05-24,455.29,459.23,453.57,457.95,29669461.0
2024-05-28,459.18,459.74,456.69,459.68,26216815.0
2024-05-29,455.48,458.24,455.34,456.44,29739238.0
2024-05-30,455.5,455.64,450.21,451.55,30714121.0
2024-05-31,451.78,452.48,443.06,450.71,55941301.0
2024-06-03,454.57,455.58,447.9,453.13,32997467.0
2024-06-04,452.87,455.58,451.13,454.37,23767436.0
2024-06-05,457.98,463.61,454.41,463.53,33817409.0
2024-06-06,464.22,464.54,462.19,463.37,21966820.0
2024-06-07,463.0,465.74,461.84,462.96,25829720.0
2024-06-10,461.82,465.19,461.53,464.83,20719771.0
2024-06-11,463.54,468.14,462.03,468.02,22053281.0
2024-06-12,471.99,476.5,471.29,474.15,34532585.0
2024-06-13,477.72,478.39,474.42,476.72,25859014.0
2024-06-14,476.52,479.26,476.05,479.19,23372620.0
2024-06-17,479.46,486.86,478.14,485.06,37054504.0
2024-06-18,485.01,485.9,483.43,485.21,24438565.0
2024-06-20,486.42,486.84,479.62,481.47,33918683.0
2024-06-21,481.19,482.54,478.67,480.18,39432913.0
2024-06-24,478.18,479.93,473.82,473.96,37750969.0
2024-06-25,476.07,479.68,475.12,479.38,29250209.0
2024-06-26,478.55,480.92,478.13,480.37,22737105.0
2024-06-27,480.12,483.1,479.3,481.61,26222135.0
2024-06-28,482.41,487.2,478.46,479.11,34881581.0
2024-07-01,480.04,482.49,476.26,481.92,24898336.0
2024-07-02,480.41,487.04,480.28,486.98,26723559.0
2024-07-03,486.22,491.17,486.22,491.04,18064880.0
2024-07-05,491.89,496.6,491.59,496.16,28495936.0
2024-07-08,496.53,497.9,495.5,497.34,22109420.0
2024-07-09,498.87,500.0,496.24,497.77,25701253.0
2024-07-10,499.71,503.52,498.39,502.96,28046901.0
2024-07-11,503.07,503.28,490.73,491.93,49966590.0
2024-07-12,492.51,499.62,492.04,494.82,37109399.0
2024-07-15,496.61,501.01,494.09,496.15,31151386.0
2024-07-16,497.62,498.44,493.15,496.34,25950622.0
2024-07-17,488.28,488.8,481.7,481.77,56268768.0
2024-07-18,485.53,485.71,476.27,479.49,49347361.0
2024-07-19,479.15,481.69,473.94,475.24,42042856.0
2024-07-22,481.16,483.35,477.71,482.32,40299999.0
2024-07-23,481.41,484.43,480.14,480.62,23282454.0
2024-07-24,473.82,474.19,462.51,463.38,58818629.0
2024-07-25,463.72,467.94,455.63,458.27,59256759.0
2024-07-26,462.65,465.93,459.77,462.97,39992132.0
2024-07-29,465.71,467.91,461.62,463.9,28218476.0
2024-07-30,465.85,466.56,454.15,457.53,41317210.0
2024-07-31,467.87,472.79,466.41,471.07,44552134.0
2024-08-01,471.76,475.55,455.98,459.66,56653900.0
2024-08-02,450.89,453.57,444.47,448.75,66323244.0
2024-08-05,424.71,442.29,423.45,435.37,87483452.0
2024-08-06,437.23,447.07,434.56,439.53,63164429.0
2024-08-07,446.49,449.0,434.37,434.77,54929163.0
2024-08-08,441.06,448.99,437.15,448.07,47890071.0
2024-08-09,446.74,452.06,445.61,450.41,33573976.0
2024-08-12,451.39,454.37,448.55,451.38,27795006.0
2024-08-13,455.82,462.85,455.68,462.58,40084457.0
2024-08-14,463.51,465.11,458.4,462.73,34733746.0
2024-08-15,468.76,474.82,468.38,474.42,38280565.0
2024-08-16,472.62,476.41,471.65,475.03,38383623.0
2024-08-19,475.17,481.31,473.37,481.27,23737674.0
2024-08-20,480.35,482.94,478.55,480.26,29209340.0
2024-08-21,481.05,484.37,479.32,482.5,25658787.0
2024-08-22,484.84,485.54,473.81,474.85,37739576.0
2024-08-23,479.24,482.74,475.28,480.0,36061508.0
2024-08-26,479.45,480.38,473.24,475.34,27452641.0
2024-08-27,473.69,477.84,471.71,476.76,27510003.0
2024-08-28,476.29,477.02,467.89,471.35,37372436.0
2024-08-29,473.28,477.93,469.37,470.66,41081465.0
2024-08-30,475.06,476.9,470.51,476.27,33466473.0
2024-09-03,473.2,473.33,459.41,461.81,44985219.0
2024-09-04,458.67,464.45,457.73,460.61,32505102.0
2024-09-05,458.97,465.36,457.94,461.04,34452385.0
2024-09-06,460.33,461.22,448.19,448.69,50624385.0
2024-09-09,453.06,455.46,449.82,454.46,32981169.0
2024-09-10,456.24,459.17,452.23,458.66,29680319.0
2024-09-11,459.91,469.37,451.28,468.62,57842992.0
2024-09-12,468.65,474.04,466.85,473.22,40175456.0
2024-09-13,472.48,476.53,472.25,475.34,29111849.0
2024-09-16,473.19,473.86,469.89,473.24,22585596.0
2024-09-17,476.29,477.6,470.97,473.49,30084438.0
2024-09-18,474.7,478.83,470.83,471.44,39909215.0
2024-09-19,482.61,486.23,480.49,483.36,52782523.0
2024-09-20,482.49,483.69,478.3,482.44,34577663.0
2024-09-23,482.95,484.14,481.6,483.04,24842972.0
2024-09-24,484.46,486.33,480.17,485.37,25952637.0
2024-09-25,484.74,487.79,484.56,485.82,26549866.0
2024-09-26,493.37,493.7,485.8,489.47,32020206.0
2024-09-27,490.5,490.64,485.56,486.75,22851120.0
2024-09-30,485.78,488.41,482.92,488.07,30330605.0
2024-10-01,487.7,488.0,477.4,481.27,42735424.0
2024-10-02,480.36,483.88,477.72,481.95,23744049.0
2024-10-03,479.74,484.55,478.99,481.59,25337220.0
2024-10-04,487.45,487.88,482.39,487.32,30744909.0
2024-10-07,485.39,486.57,480.87,482.1,24975119.0
2024-10-08,484.66,489.99,483.85,489.3,28272017.0
2024-10-09,489.0,493.73,487.95,493.15,24994950.0
2024-10-10,490.85,494.47,489.53,492.59,25750446.0
2024-10-11,490.74,494.39,490.17,493.36,20644497.0
2024-10-14,495.77,498.83,495.26,497.5,26060145.0
2024-10-15,497.83,498.5,488.68,490.85,34784506.0
2024-10-16,491.18,491.69,487.57,490.91,22996776.0
2024-10-17,496.44,496.49,491.19,491.25,27210658.0
2024-10-18,494.06,495.57,493.3,494.47,25335030.0
2024-10-21,493.25,496.23,491.31,495.42,30336549.0
2024-10-22,492.73,497.45,491.97,495.96,26685841.0
2024-10-23,493.59,494.25,485.05,488.36,39346565.0
2024-10-24,492.11,493.0,489.44,492.32,22024930.0
2024-10-25,495.14,500.28,494.43,495.32,38762143.0
2024-10-28,498.46,498.52,495.1,495.4,20477778.0
2024-10-29,495.72,501.35,493.85,500.16,28014059.0
2024-10-30,499.39,500.35,495.89,496.38,29755960.0
2024-10-31,492.38,492.43,483.75,483.85,41245248.0
2024-11-01,485.5,490.75,485.2,487.43,33655757.0
2024-11-04,486.82,489.38,484.25,486.01,23291580.0
2024-11-05,487.61,492.88,487.52,492.21,24353615.0
2024-11-06,500.56,506.41,499.6,505.58,43082198.0
2024-11-07,508.4,514.33,508.34,513.54,32853120.0
2024-11-08,513.03,514.92,512.41,514.14,22924483.0
2024-11-11,515.37,515.58,510.92,513.84,24167479.0
2024-11-12,513.77,514.66,509.83,512.91,25835288.0
2024-11-13,512.4,514.98,509.95,512.25,24567416.0
2024-11-14,511.91,512.79,507.77,508.69,28679519.0
2024-11-15,502.94,503.33,494.49,496.57,51461054.0
2024-11-18,498.13,502.14,496.73,500.02,27192662.0
2024-11-19,497.42,503.95,497.08,503.46,24523020.0
2024-11-20,503.16,503.48,496.56,503.17,29565491.0
2024-11-21,506.24,506.96,497.56,504.98,34526738.0
2024-11-22,504.42,506.53,502.78,505.79,23826644.0
2024-11-25,509.9,511.45,504.26,506.59,26375166.0
2024-11-26,508.08,510.14,507.23,509.31,26557061.0
2024-11-27,508.17,508.24,501.93,505.3,24957441.0
2024-11-29,505.93,510.34,505.31,509.74,15333968.0
2024-12-02,511.01,516.26,510.62,515.29,25147165.0
2024-12-03,513.95,517.15,513.37,516.87,18597900.0
2024-12-04,520.32,523.52,519.6,523.26,26086222.0
2024-12-05,523.31,524.04,521.42,521.81,18169632.0
2024-12-06,522.48,526.72,522.35,526.48,23762611.0
2024-12-09,525.55,526.35,521.22,522.38,20674405.0
2024-12-10,523.62,525.38,519.16,520.6,24350040.0
2024-12-11,525.0,530.61,524.59,529.92,32168579.0
2024-12-12,527.68,528.96,526.02,526.5,23577504.0
2024-12-13,530.46,533.17,527.3,530.53,28780405.0
2024-12-16,533.08,539.15,533.0,538.17,31979863.0
2024-12-17,536.36,537.48,534.13,535.8,28579070.0
2024-12-18,535.15,536.88,515.01,516.47,54703155.0
2024-12-19,521.19,521.76,513.83,514.17,46441754.0
2024-12-20,510.44,524.82,509.29,518.66,60529961.0
2024-12-23,519.55,523.25,516.13,522.87,29672800.0
2024-12-24,524.83,530.05,524.19,529.96,17558215.0
2024-12-26,528.32,531.24,526.31,529.6,19141494.0
2024-12-27,526.01,526.45,517.86,522.56,33839555.0
2024-12-30,515.51,519.36,511.83,515.61,34584028.0
2024-12-31,516.9,517.66,510.26,511.23,30193568.0
2025-01-02,514.3,516.64,505.71,510.23,36389783.0
2025-01-03,513.35,519.65,512.53,518.58,29059520.0
2025-01-06,524.02,527.92,522.03,524.54,36109734.0
2025-01-07,525.59,525.99,513.28,515.18,36690272.0
2025-01-08,515.08,516.92,510.57,515.27,30777777.0
2025-01-10,511.48,511.58,503.92,507.19,40532495.0
2025-01-13,501.2,506.02,499.7,505.56,31694210.0
2025-01-14,508.74,510.16,501.59,505.08,33737237.0
2025-01-15,513.03,517.85,511.46,516.7,34957554.0
2025-01-16,518.98,519.06,512.95,513.08,28229037.0
2025-01-17,522.85,523.46,518.91,521.74,51837900.0
2025-01-21,524.48,525.97,520.06,524.8,23627971.0
2025-01-22,529.57,533.82,529.26,531.51,33592988.0
2025-01-23,529.04,532.76,528.45,532.64,23096588.0
2025-01-24,533.02,533.79,528.15,529.63,19878251.0
2025-01-27,511.0,517.99,510.15,514.21,60771695.0
2025-01-28,515.22,523.0,511.78,521.81,33194214.0
2025-01-29,522.46,522.59,516.9,520.83,26649011.0
2025-01-30,523.71,526.1,518.21,523.05,27431302.0
2025-01-31,526.92,531.52,521.19,522.29,38845467.0
2025-02-03,513.47,520.85,511.05,518.11,40580835.0
2025-02-04,518.63,525.11,518.23,524.47,26046753.0
2025-02-05,521.82,527.01,520.62,526.85,21134070.0
2025-02-06,527.36,529.81,525.74,529.6,19434454.0
2025-02-07,530.14,532.1,522.19,522.92,29605470.0
2025-02-10,527.22,530.36,526.75,529.25,20852784.0
2025-02-11,525.96,529.92,525.83,527.99,19325500.0
2025-02-12,522.3,529.19,521.95,528.3,25009362.0
2025-02-13,529.98,536.22,529.19,535.9,28714799.0
2025-02-14,536.01,538.84,535.67,538.15,17862572.0
2025-02-18,539.73,540.0,536.04,539.37,20565028.0
2025-02-19,538.57,540.81,536.46,539.52,19666861.0
2025-02-20,538.73,539.1,532.46,537.23,26550753.0
2025-02-21,538.38,538.4,525.71,526.08,47093750.0
2025-02-24,527.88,529.07,519.53,519.87,39268392.0
2025-02-25,519.24,519.32,509.44,513.32,48940025.0
2025-02-26,515.53,519.66,511.37,514.56,34457618.0
2025-02-27,518.13,519.07,500.05,500.27,52447966.0
2025-02-28,500.13,508.78,496.93,508.17,47654043.0
2025-03-03,511.52,513.04,493.58,497.05,44587204.0
2025-03-04,494.18,503.74,487.74,495.55,67875402.0
2025-03-05,496.2,503.63,491.26,502.01,46323725.0
2025-03-06,493.69,498.58,486.2,488.2,57574332.0
2025-03-07,487.16,493.28,480.53,491.79,54714726.0
2025-03-10,483.45,483.97,468.66,472.73,76668029.0
2025-03-11,472.35,478.81,467.01,471.6,68760771.0
2025-03-12,479.16,481.06,471.79,476.92,46971082.0
2025-03-13,476.25,476.28,466.43,468.34,46563349.0
2025-03-14,473.73,480.56,473.12,479.66,43563010.0
2025-03-17,479.61,485.84,477.8,482.77,41744354.0
2025-03-18,479.41,479.61,472.41,474.54,39072265.0
2025-03-19,476.81,485.33,474.87,480.89,40430334.0
2025-03-20,476.88,484.55,476.18,479.26,36780549.0
2025-03-21,474.08,481.61,472.91,480.84,42234874.0
2025-03-24,487.74,491.51,487.12,490.66,34567200.0
2025-03-25,491.39,493.62,490.42,493.46,26035241.0
2025-03-26,492.3,493.16,482.82,484.38,35043357.0
2025-03-27,482.41,486.58,480.25,481.62,33469817.0
2025-03-28,479.81,480.52,468.05,468.94,46363797.0
2025-03-31,461.92,469.86,457.33,468.92,53000303.0
2025-04-01,467.3,473.63,464.42,472.7,41156226.0
2025-04-02,466.12,479.56,465.86,476.15,49894489.0
2025-04-03,456.44,460.07,450.14,450.66,70456338.0
2025-04-04,438.01,440.37,422.67,422.67,117088441.0
2025-04-07,408.57,443.14,402.39,423.69,161556970.0
2025-04-08,438.16,443.14,409.79,416.06,101248060.0
2025-04-09,415.57,467.83,415.43,466.0,142876878.0
2025-04-10,453.56,455.59,432.63,446.18,108384092.0
2025-04-11,444.65,455.79,441.33,454.4,52483779.0
2025-04-14,464.46,465.05,452.63,457.48,43941179.0
2025-04-15,458.54,462.38,456.15,457.99,35404210.0
2025-04-16,448.96,452.62,437.76,444.18,48980552.0
2025-04-17,447.17,447.75,441.36,444.1,44837047.0
2025-04-21,438.23,439.08,427.93,433.11,44149313.0
2025-04-22,438.82,447.58,437.62,444.48,52304388.0
2025-04-23,458.17,463.38,452.88,454.56,55801136.0
2025-04-24,456.48,467.66,455.83,467.35,45956136.0
2025-04-25,466.97,473.09,465.39,472.56,38697063.0
2025-04-28,473.03,474.81,466.03,472.41,33550778.0
2025-04-29,470.17,476.42,469.59,475.53,30613120.0
2025-04-30,467.13,477.2,462.43,475.47,46810610.0
2025-05-01,483.41,487.18,480.74,481.68,43316539.0
2025-05-02,486.54,490.91,484.83,488.83,39218082.0
2025-05-05,484.6,489.03,484.1,485.93,28309490.0
2025-05-06,479.56,485.05,478.19,481.41,32786310.0
2025-05-07,482.08,485.8,476.78,483.3,38109864.0
2025-05-08,488.53,492.7,484.17,488.29,39577592.0
2025-05-09,490.21,491.54,486.2,487.97,27767416.0
2025-05-12,506.99,507.89,501.48,507.85,45090616.0
2025-05-13,509.16,517.39,508.42,515.59,53269573.0
2025-05-14,516.77,519.23,515.75,518.68,47014516.0
2025-05-15,516.52,521.93,515.17,519.25,50153275.0
2025-05-16,520.66,521.7,517.1,521.51,48394603.0
2025-05-19,514.24,522.53,514.24,522.01,52536154.0
2025-05-20,519.47,520.93,516.66,520.27,42517561.0
2025-05-21,516.27,523.0,511.24,513.04,71292831.0
2025-05-22,513.66,517.71,512.3,514.0,55607169.0
2025-05-23,506.18,511.84,505.58,509.24,58368075.0
2025-05-27,516.15,521.71,514.59,521.22,47226323.0
2025-05-28,522.18,523.68,518.39,518.91,46637175.0
2025-05-29,526.33,526.48,517.32,519.93,58724069.0
2025-05-30,519.44,520.68,511.93,519.11,67662836.0
2025-06-02,517.24,523.45,515.97,523.21,44762817.0
2025-06-03,523.56,528.74,522.69,527.3,44070330.0
2025-06-04,528.01,529.84,525.97,528.77,41359322.0
2025-06-05,530.18,533.05,522.66,524.79,61286623.0
2025-06-06,530.0,531.8,528.21,529.92,42467021.0
2025-06-09,530.14,532.35,529.01,530.7,33688671.0
2025-06-10,531.17,534.9,528.89,534.21,40664795.0
2025-06-11,535.62,536.78,530.11,532.41,53701033.0
2025-06-12,531.09,534.64,530.84,533.66,34104887.0
2025-06-13,527.68,531.87,525.73,526.96,55814443.0
2025-06-16,530.5,535.37,530.45,534.29,37622051.0
2025-06-17,531.71,533.33,527.91,529.08,42180866.0
2025-06-18,530.1,532.55,527.4,528.99,43983522.0
2025-06-20,532.26,533.56,524.88,526.83,61643519.0
2025-06-23,526.81,532.17,523.65,531.65,50666146.0
2025-06-24,536.89,540.7,536.27,539.78,45441982.0
2025-06-25,542.06,543.31,539.38,541.16,44804168.0
2025-06-26,543.35,546.67,541.52,546.22,43811432.0
2025-06-27,547.26,549.99,544.55,548.09,57577147.0
2025-06-30,551.26,552.8,549.01,551.64,45548742.0
2025-07-01,549.73,550.71,544.66,546.99,56166736.0
2025-07-02,546.16,551.0,546.12,550.8,36538281.0
2025-07-03,553.18,557.2,553.18,556.22,26443524.0
2025-07-07,553.52,554.34,549.58,552.03,45349323.0
2025-07-08,553.38,554.01,551.1,552.34,36153258.0
2025-07-09,554.48,557.63,553.1,556.25,43045534.0
2025-07-10,556.89,557.3,552.75,555.45,34710913.0
2025-07-11,553.3,555.79,552.05,554.2,39618635.0
2025-07-14,553.99,556.95,551.63,556.21,36453314.0
2025-07-15,560.25,560.8,556.66,556.72,43277661.0
2025-07-16,557.28,557.94,551.56,557.29,52314700.0
2025-07-17,558.02,562.31,557.21,561.8,40423778.0
2025-07-18,563.12,563.32,559.98,561.26,50484700.0
2025-07-21,562.09,566.06,562.06,564.17,39595214.0
2025-07-22,564.3,564.35,558.61,561.25,43270647.0
2025-07-23,562.34,563.85,559.58,563.81,40215259.0
2025-07-24,565.13,566.24,563.3,565.01,42275541.0
2025-07-25,564.93,567.7,564.27,566.37,30630813.0
2025-07-28,567.74,569.04,566.87,568.14,31498739.0
2025-07-29,570.76,572.11,566.53,567.26,45463317.0
2025-07-30,568.18,570.62,565.05,568.02,43433777.0
2025-07-31,574.54,574.63,563.87,565.01,64613590.0
2025-08-01,558.83,559.02,551.68,553.88,69400789.0
2025-08-04,559.05,564.32,558.95,564.1,47669751.0
2025-08-05,565.39,566.56,559.73,560.27,48666640.0
2025-08-06,561.11,567.76,560.63,567.32,41823677.0
2025-08-07,571.67,573.32,565.11,569.24,44462972.0
2025-08-08,570.45,574.77,570.15,574.55,35255472.0
2025-08-11,574.69,576.8,571.57,572.85,33112917.0
2025-08-12,575.16,580.35,572.49,580.05,42271441.0
2025-08-13,582.76,583.32,578.94,580.34,41209294.0
2025-08-14,578.28,581.88,577.91,579.89,45425043.0
2025-08-15,579.8,579.84,575.57,577.34,49480161.0
2025-08-18,576.44,577.77,575.24,577.11,29830957.0
2025-08-19,576.39,576.56,568.25,569.28,53752635.0
2025-08-20,568.33,568.45,558.84,565.9,76781087.0
2025-08-21,564.35,566.49,560.98,563.28,46436899.0
2025-08-22,564.67,573.99,563.27,571.97,51502129.0
2025-08-25,570.4,573.29,569.16,570.32,34044749.0
2025-08-26,569.83,572.92,568.8,572.61,34103014.0
2025-08-27,571.59,574.41,570.37,573.49,36927144.0
2025-08-28,574.11,578.0,572.46,577.08,46787857.0
2025-08-29,574.66,575.03,568.54,570.4,56030409.0
2025-09-02,561.31,565.97,559.54,565.62,65876765.0
2025-09-03,569.23,571.7,566.73,570.07,54230213.0
2025-09-04,570.74,575.6,569.03,575.23,47526280.0
2025-09-05,580.49,581.12,571.53,576.06,68342532.0
2025-09-08,578.37,580.84,577.77,578.87,46371354.0
2025-09-09,579.67,580.94,577.04,580.51,44007592.0
2025-09-10,583.74,583.77,578.55,580.7,49307959.0
2025-09-11,583.24,584.88,581.62,584.08,44745766.0
2025-09-12,585.04,587.86,584.1,586.66,50745886.0
2025-09-15,588.44,591.79,588.3,591.68,44360315.0
2025-09-16,592.61,592.86,590.49,591.18,36942130.0
2025-09-17,591.1,591.75,584.37,590.0,69384820.0
2025-09-18,594.91,598.14,592.96,595.32,61069294.0
2025-09-19,597.33,600.05,595.85,599.35,58196109.0
2025-09-22,597.74,602.87,597.72,602.2,57154769.0
2025-09-23,602.37,602.57,596.98,598.2,64635486.0
2025-09-24,599.58,599.9,593.36,596.1,49850301.0
2025-09-25,592.2,595.12,588.5,593.53,70920209.0
2025-09-26,594.35,596.3,591.06,595.97,54337416.0
2025-09-29,599.11,602.05,597.41,598.73,48332934.0
2025-09-30,598.43,600.71,596.1,600.37,46533814.0
2025-10-01,597.17,603.79,596.34,603.25,46899612.0
2025-10-02,607.06,607.16,602.93,605.73,43765410.0
2025-10-03,606.51,607.33,601.39,603.18,46482098.0
2025-10-06,608.45,609.36,605.97,607.71,41962115.0
2025-10-07,609.02,609.71,603.03,604.51,58209463.0
2025-10-08,605.41,611.75,605.26,611.44,50629754.0
2025-10-09,611.48,611.61,607.48,610.7,45550958.0
2025-10-10,611.4,613.18,589.05,589.5,97614783.0
2025-10-13,599.68,602.95,597.23,602.01,65872584.0
2025-10-14,595.31,602.69,590.13,598.0,69203187.0
2025-10-15,604.01,606.7,595.93,602.22,62805456.0
2025-10-16,605.11,608.31,595.5,599.99,70981963.0
2025-10-17,597.95,605.51,596.37,603.93,72024872.0
2025-10-20,607.14,612.8,607.07,611.54,45761697.0
2025-10-21,611.64,612.72,609.32,611.38,44538161.0
2025-10-22,610.82,611.41,599.74,605.49,61478802.0
2025-10-23,604.91,611.37,604.52,610.58,42844298.0
2025-10-24,615.99,618.42,615.13,617.1,47632473.0
2025-10-27,624.52,628.55,624.03,628.09,54098611.0
2025-10-28,630.36,634.68,629.25,632.92,61195733.0
2025-10-29,635.59,637.01,630.25,635.77,67422806.0
2025-10-30,632.17,633.5,625.94,626.05,61628621.0
2025-10-31,634.17,634.2,626.69,629.07,66305147.0
2025-11-03,635.11,635.82,629.85,632.08,37154307.0
2025-11-04,623.28,626.95,618.46,619.25,63830768.0
2025-11-05,618.49,626.6,617.21,623.28,48688484.0
2025-11-06,621.79,622.04,610.3,611.67,72115128.0
2025-11-07,608.31,609.95,598.67,609.74,81835388.0
2025-11-10,618.92,624.31,616.89,623.23,55919931.0
2025-11-11,620.57,622.72,617.52,621.57,44868841.0
2025-11-12,624.84,624.86,617.81,621.08,47444384.0
2025-11-13,617.54,618.12,606.08,608.4,71333634.0
2025-11-14,599.55,613.35,597.17,608.86,80087291.0
2025-11-17,606.3,612.48,599.87,603.66,63850367.0
2025-11-18,599.62,602.31,591.34,596.31,83327279.0
2025-11-19,597.07,606.16,594.59,599.87,73111487.0
2025-11-20,611.62,614.03,584.75,585.67,117743195.0
2025-11-21,587.47,596.98,580.74,590.07,103344155.0
2025-11-24,595.28,606.68,595.16,605.16,60168149.0
2025-11-25,603.51,610.26,597.32,608.89,57560867.0
2025-11-26,612.51,616.19,610.39,614.27,42393598.0
2025-11-28,616.11,619.32,615.42,619.25,23034394.0
2025-12-01,613.63,619.44,612.52,617.17,40957588.0
2025-12-02,619.46,623.75,617.59,622.0,54541834.0
2025-12-03,619.62,624.22,618.03,623.52,47841627.0
2025-12-04,624.93,624.94,619.54,622.94,47067751.0
2025-12-05,624.38,628.92,623.71,625.48,53614169.0
2025-12-08,627.21,628.84,621.69,624.28,43462406.0
2025-12-09,623.01,625.87,621.0,625.05,37155999.0
2025-12-10,623.85,629.21,620.99,627.61,55031384.0
2025-12-11,623.82,625.78,617.72,625.58,58272844.0
2025-12-12,622.08,623.54,611.36,613.62,75158726.0
2025-12-15,618.37,618.42,609.32,610.54,49538197.0
2025-12-16,608.26,613.51,606.91,611.75,55152819.0
2025-12-17,613.06,613.65,600.28,600.41,70654327.0
2025-12-18,609.8,612.93,606.92,609.11,78875824.0
2025-12-19,611.95,617.62,611.87,617.05,60369829.0
2025-12-22,621.35,621.65,617.77,619.21,43703101.0
2025-12-23,618.2,622.41,617.78,622.11,41120445.0
2025-12-24,621.99,624.28,621.72,623.93,18468707.0
2025-12-26,624.66,625.52,623.14,623.89,28959778.0
2025-12-29,620.1,622.78,618.73,620.87,32458308.0
2025-12-30,619.84,622.18,619.22,619.43,31226754.0
2025-12-31,619.65,619.96,614.05,614.31,40746527.0
2026-01-02,620.06,622.85,610.15,613.12,61859163.0
2026-01-05,619.32,620.81,616.72,617.99,46828359.0
2026-01-06,619.23,624.02,618.54,623.42,43137520.0
2026-01-07,623.04,627.94,622.56,624.02,44880339.0
2026-01-08,623.03,623.42,617.8,620.47,50435941.0
2026-01-09,621.41,627.89,619.06,626.65,49688734.0
2026-01-12,622.31,628.85,622.26,627.17,37388651.0
2026-01-13,627.27,629.47,623.7,626.24,44481380.0
2026-01-14,622.24,623.45,614.56,619.55,72598700.0
2026-01-15,626.6,627.27,620.79,621.78,53934900.0
2026-01-16,625.5,626.08,618.88,621.26,61058094.0
2026-01-20,610.53,615.06,607.05,608.06,81988898.0
2026-01-21,609.47,620.42,607.86,616.28,79837881.0
2026-01-22,622.35,622.46,617.78,620.76,42254757.0
2026-01-23,619.73,625.4,618.65,622.72,43645825.0
2026-01-26,623.21,627.61,622.12,625.46,35983008.0
2026-01-27,628.91,632.04,627.34,631.13,38997212.0
2026-01-28,635.46,636.6,631.81,633.22,50691691.0
2026-01-29,632.65,633.67,618.27,629.43,79944047.0
2026-01-30,625.71,628.26,619.3,621.87,65650714.0
2026-02-02,618.7,628.49,618.66,626.14,49020292.0
2026-02-03,628.3,629.98,610.96,616.52,81233969.0
2026-02-04,615.02,615.1,600.47,605.75,81850748.0
2026-02-05,600.21,604.81,594.76,597.03,89354492.0
2026-02-06,600.19,611.41,598.77,609.65,78019338.0
2026-02-09,607.54,616.46,605.07,614.32,56797557.0
2026-02-10,615.31,617.02,611.01,611.47,53938859.0
2026-02-11,616.38,617.52,607.69,613.11,58575101.0
2026-02-12,614.71,615.81,599.57,600.64,81378903.0
2026-02-13,600.43,606.48,596.42,601.92,69237547.0
2026-02-17,598.38,603.95,593.34,601.3,69013763.0
2026-02-18,602.11,609.77,600.72,605.79,64250668.0
2026-02-19,602.81,605.82,600.75,603.47,60960839.0
2026-02-20,600.12,610.35,599.23,608.81,74127323.0
2026-02-23,606.61,608.01,599.05,601.41,63859111.0
2026-02-24,602.4,608.99,599.73,607.87,55023732.0
2026-02-25,611.07,616.83,611.0,616.68,55710653.0
2026-02-26,615.59,615.59,603.98,609.24,96178870.0
2026-02-27,602.98,608.32,602.19,607.29,68125196.0
2026-03-02,598.86,609.92,597.99,608.09,75264644.0
2026-03-03,596.33,603.96,591.87,601.58,97015532.0
2026-03-04,604.16,612.88,603.43,610.75,70943888.0
2026-03-05,607.4,612.76,602.26,608.91,89602407.0
2026-03-06,600.31,606.0,598.33,599.75,86302307.0
2026-03-09,594.23,609.27,591.33,607.76,93068170.0
2026-03-10,607.78,613.29,605.42,607.77,64078867.0
2026-03-11,608.95,612.43,605.03,607.69,60114800.0
2026-03-12,602.76,604.14,597.05,597.26,71836629.0
2026-03-13,599.73,603.6,592.57,593.72,63145490.0
2026-03-16,600.04,603.86,599.11,600.38,49077155.0
2026-03-17,603.14,605.9,601.87,603.31,47106607.0
2026-03-18,601.49,603.16,594.56,594.9,56127962.0
2026-03-19,589.51,595.8,587.08,593.02,75597578.0
2026-03-20,591.06,591.17,578.54,582.06,91964677.0
2026-03-23,590.52,595.08,585.96,588.0,89936118.0
2026-03-24,584.81,587.93,581.93,583.98,57750895.0
2026-03-25,589.14,591.37,585.69,587.82,60475491.0
2026-03-26,582.6,584.63,573.43,573.79,81492124.0
2026-03-27,570.81,571.02,561.57,562.58,82702240.0
2026-03-30,567.38,568.05,555.6,558.28,70602622.0
2026-03-31,564.29,578.64,564.21,577.18,95877997.0
2026-04-01,581.48,587.74,580.42,584.31,79435132.0
2026-04-02,573.97,586.05,571.92,584.98,50941709.0
2026-04-06,586.23,590.61,584.69,588.5,35108496.0
2026-04-07,585.64,588.98,578.4,588.59,49948195.0
2026-04-08,608.71,609.9,602.12,606.09,63085996.0
2026-04-09,605.93,610.5,603.03,610.19,37837538.0
2026-04-10,611.84,613.67,609.58,611.07,34038533.0
2026-04-13,609.48,617.82,608.11,617.39,32972100.0
2026-04-14,620.22,628.6,620.1,628.6,49921081.0
2026-04-15,629.08,637.83,628.2,637.4,50102386.0
2026-04-16,639.21,642.18,635.26,640.47,42320581.0
2026-04-17,645.59,650.0,644.07,648.85,53488871.0
2026-04-20,648.04,648.76,642.52,646.79,37138511.0
2026-04-21,648.41,650.2,642.21,644.33,39580523.0
2026-04-22,650.15,655.33,648.52,655.11,37368402.0
2026-04-23,653.55,656.92,645.52,651.42,40099827.0
2026-04-24,658.51,664.51,656.53,663.88,45563050.0
2026-04-27,663.4,664.43,660.69,664.23,32717030.0
2026-04-28,657.41,659.64,653.81,657.55,34147916.0
2026-04-29,658.63,661.72,656.59,661.57,31724860.0
2026-04-30,665.35,668.9,657.56,667.74,40622226.0
2026-05-01,669.16,675.97,668.8,674.15,39172607.0
2026-05-04,674.66,676.73,668.9,672.88,34541990.0
2026-05-05,677.96,682.77,677.51,681.61,37101063.0
2026-05-06,687.78,695.93,686.48,695.77,38778492.0
2026-05-07,696.58,701.24,691.77,694.94,43779087.0
2026-05-08,699.92,711.23,699.5,711.23,44320421.0
2026-05-11,710.36,714.59,708.91,713.29,36019146.0
2026-05-12,708.22,710.18,696.64,707.24,45873009.0
2026-05-13,709.96,716.65,704.83,714.71,40012526.0
2026-05-14,714.62,722.03,714.22,719.79,33327545.0
2026-05-15,710.14,715.13,705.55,708.93,51792656.0
2026-05-18,711.54,712.07,698.85,705.88,49834549.0
2026-05-19,699.81,706.49,695.25,701.53,46827529.0
2026-05-20,705.29,713.15,703.79,713.15,36779222.0
2026-05-21,708.99,717.12,706.77,714.51,36415360.0
2026-05-22,718.07,722.12,715.95,717.54,33118575.0
2026-05-26,725.96,731.17,724.16,730.28,34254692.0
2026-05-27,732.96,733.32,725.44,729.45,35148674.0
2026-05-28,729.73,736.6,726.41,735.6,32839952.0
2026-05-29,737.84,741.63,735.25,738.31,37541668.0
2026-06-01,737.04,745.65,735.99,742.74,33890559.0
2026-06-02,742.4,746.44,739.23,746.16,30085237.0
2026-06-03,747.31,748.65,741.01,744.21,40270198.0
2026-06-04,735.48,743.5,732.62,740.61,40782580.0
2026-06-05,730.06,731.69,704.32,705.06,99606571.0
2026-06-08,717.81,723.03,713.07,716.07,47401451.0
2026-06-09,722.98,725.66,686.37,707.83,91932171.0
2026-06-10,701.66,711.28,692.93,693.69,65334283.0
2026-06-11,699.29,718.37,695.0,717.12,71798857.0
2026-06-12,717.61,724.01,711.28,721.34,51236021.0
2026-06-15,738.1,744.76,737.38,744.0,46710216.0
2026-06-16,742.25,744.22,729.64,729.86,45348675.0
2026-06-17,735.19,735.68,720.85,722.51,51669322.0
2026-06-18,737.2,741.82,732.51,740.62,50154595.0
2026-06-22,742.02,745.45,734.39,737.95,43518595.0
2026-06-23,715.74,723.61,712.11,713.65,53354151.0
2026-06-24,715.37,719.93,704.45,710.62,52480437.0
2026-06-25,725.9,726.83,705.3,716.38,50144089.0
2026-06-26,707.13,715.56,702.81,706.52,47081821.0
2026-06-29,713.99,724.58,705.17,724.08,44939090.0
2026-06-30,724.17,737.62,723.91,736.4,42121829.0
2026-07-01,729.19,731.92,724.6,725.17,40803791.0
2026-07-02,725.58,730.83,707.56,712.6,51086080.0
2026-07-06,719.93,726.08,718.45,722.82,30220428.0
2026-07-07,714.17,716.35,704.9,709.43,42483079.0
2026-07-08,704.95,712.26,700.91,711.44,35603179.0
2026-07-09,718.33,724.23,715.13,723.28,33654712.0
2026-07-10,720.7,726.39,717.0,725.51,26415898.0
2026-07-13,717.72,718.74,710.08,711.74,36552362.0
2026-07-14,720.22,722.29,714.34,719.69,29448117.0
2026-07-15,723.85,724.36,710.23,717.74,32627583.0
2026-07-16,712.01,713.6,702.61,705.94,39402024.0
2026-07-17,691.65,702.3,686.76,695.33,54109267.0
2026-07-20,702.16,705.8,695.51,696.06,29687558.0
2026-07-21,706.57,710.05,702.8,708.97,33728341.0
2026-07-22,703.62,709.65,703.62,705.35,23692181.0
2026-07-23,694.67,698.66,687.79,691.96,44028575.0
2026-07-24,690.41,692.63,682.48,684.23,42876658.0
2026-07-27,691.68,692.3,675.95,682.12,42681473.0
2026-07-28,676.23,679.4,667.88,675.49,51398741.0
2026-07-29,675.51,680.05,661.14,661.73,57233269.0
2026-07-30,674.76,685.12,673.3,683.55,66753681.0
2026-07-31,692.11,695.77,680.05,687.99,50540483.0
2026-08-03,688.3,701.59,685.82,700.07,44965071.0
2026-08-04,708.16,725.66,707.53,723.85,59778624.0
2026-08-05,726.25,728.54,716.92,717.3,33540176.0
2026-08-06,710.82,719.32,708.5,714.65,33035860.0
2026-08-07,720.15,723.63,716.51,723.03,31070371.0
2026-08-10,722.39,724.67,720.33,720.87,26243183.0
2026-08-11,723.29,723.35,715.5,718.45,29286144.0
2026-08-12,727.08,727.25,722.92,723.7,29065976.0
2026-08-13,725.15,733.96,724.03,732.07,31599737.0
2026-08-14,733.41,734.39,728.32,731.07,23790607.0
2026-08-17,732.95,734.58,729.27,729.87,26452580.0
2026-08-18,720.21,722.13,715.92,717.51,48997172.0
2026-08-19,720.39,721.5,712.61,716.08,35801712.0
2026-08-20,712.09,714.94,708.52,710.93,33396416.0
2026-08-21,715.23,715.67,709.2,713.44,33399407.0
2026-08-24,709.66,709.79,702.7,706.32,37443142.0
2026-08-25,711.22,714.04,707.45,710.72,23869646.0
2026-08-26,708.41,713.02,707.97,711.37,20392390.0
2026-08-27,716.93,721.35,714.53,721.11,28723451.0
2026-08-28,719.74,724.13,715.09,716.43,34105374.0
2026-08-31,715.17,717.58,713.16,716.76,32237181.0
2026-09-01,707.39,712.3,704.66,707.64,35236116.0
2026-09-02,707.1,709.8,705.1,709.24,23476207.0
2026-09-03,710.85,718.92,709.69,717.67,29449781.0
2026-09-04,719.35,721.86,716.56,718.96,32871076.0
2026-09-08,720.91,721.89,715.57,718.36,28341416.0
2026-09-09,716.4,719.7,714.02,716.31,26763377.0
2026-09-10,707.55,712.06,706.86,708.69,31414409.0
2026-09-11,715.68,717.63,713.63,714.88,26649142.0
2026-09-14,703.33,712.95,702.74,709.18,35218978.0
2026-09-15,708.8,709.53,703.64,704.54,26631661.0
2026-09-16,708.0,711.88,700.0,704.72,35687958.0
2026-09-17,715.95,718.04,713.32,716.92,37270287.0
2026-09-18,718.83,721.73,715.08,721.45,48478713.0
2026-09-21,727.89,743.22,727.81,741.47,46730629.0
2026-09-22,740.98,748.35,740.93,747.46,40128841.0
2026-09-23,746.97,747.13,738.19,741.21,33191777.0
2026-09-24,735.29,742.66,734.62,741.1,29000901.0
2026-09-25,742.83,745.92,739.64,744.5,30283770.0
