date,open,high,low,close,volume
2006-10-09,1.1256,1.1265,1.1211,1.1234,0.0
2006-10-10,1.1229,1.1336,1.1228,1.1326,0.0
2006-10-11,1.1326,1.1384,1.1326,1.1382,0.0
2006-10-12,1.1381,1.1385,1.133,1.1336,0.0
2006-10-13,1.1336,1.1383,1.1321,1.1372,0.0
2006-10-16,1.1368,1.1389,1.1346,1.1373,0.0
2006-10-17,1.1374,1.1412,1.1349,1.1409,0.0
2006-10-18,1.1406,1.1411,1.1354,1.1363,0.0
2006-10-19,1.1364,1.137,1.1263,1.127,0.0
2006-10-20,1.1271,1.1287,1.1204,1.125,0.0
2006-10-23,1.1252,1.1286,1.124,1.1282,0.0
2006-10-24,1.1282,1.1321,1.1246,1.1263,0.0
2006-10-25,1.1263,1.1286,1.1233,1.1234,0.0
2006-10-26,1.1235,1.1304,1.1211,1.1232,0.0
2006-10-27,1.123,1.1258,1.1177,1.1192,0.0
2006-10-30,1.1193,1.1262,1.1176,1.1253,0.0
2006-10-31,1.1255,1.1286,1.12,1.122,0.0
2006-11-01,1.122,1.135,1.121,1.1319,0.0
2006-11-02,1.132,1.137,1.1304,1.1331,0.0
2006-11-03,1.1328,1.1354,1.1265,1.1296,0.0
2006-11-06,1.1296,1.1361,1.1286,1.1301,0.0
2006-11-07,1.1295,1.1306,1.1255,1.1294,0.0
2006-11-08,1.1293,1.1325,1.1267,1.1289,0.0
2006-11-09,1.1291,1.1332,1.1282,1.1292,0.0
2006-11-10,1.1291,1.1322,1.1264,1.1314,0.0
2006-11-13,1.1312,1.1395,1.1303,1.1375,0.0
2006-11-14,1.1373,1.1404,1.1343,1.1371,0.0
2006-11-15,1.1372,1.1426,1.1358,1.1386,0.0
2006-11-16,1.1391,1.1423,1.1365,1.1419,0.0
2006-11-17,1.1421,1.1473,1.1403,1.147,0.0
2006-11-20,1.1461,1.1483,1.1421,1.1461,0.0
2006-11-21,1.1461,1.1491,1.1443,1.1462,0.0
2006-11-22,1.1459,1.1465,1.1379,1.1414,0.0
2006-11-23,1.1413,1.1426,1.1396,1.1417,0.0
2006-11-24,1.1417,1.1426,1.1306,1.1346,0.0
2006-11-27,1.1315,1.1349,1.1302,1.1329,0.0
2006-11-28,1.1331,1.1332,1.1286,1.1301,0.0
2006-11-29,1.1306,1.1388,1.1294,1.1379,0.0
2006-11-30,1.1377,1.1437,1.1366,1.1405,0.0
2006-12-01,1.1401,1.1466,1.1369,1.1443,0.0
2006-12-04,1.1446,1.1475,1.1397,1.1405,0.0
2006-12-05,1.1406,1.1434,1.138,1.1422,0.0
2006-12-06,1.1422,1.1485,1.1395,1.1479,0.0
2006-12-07,1.1474,1.1503,1.146,1.1495,0.0
2006-12-08,1.1496,1.1517,1.1443,1.1492,0.0
2006-12-11,1.1487,1.1505,1.1464,1.1473,0.0
2006-12-12,1.1474,1.1554,1.1453,1.1523,0.0
2006-12-13,1.1522,1.1573,1.1496,1.1569,0.0
2006-12-14,1.1566,1.1579,1.1536,1.1574,0.0
2006-12-15,1.1574,1.1588,1.1526,1.1574,0.0
2006-12-18,1.1575,1.1586,1.1533,1.1571,0.0
2006-12-19,1.1569,1.1576,1.1507,1.1523,0.0
2006-12-20,1.1531,1.1537,1.143,1.1488,0.0
2006-12-21,1.1487,1.1563,1.1454,1.1546,0.0
2006-12-22,1.1547,1.1584,1.1517,1.1578,0.0
2006-12-26,1.1589,1.1624,1.1571,1.1611,0.0
2006-12-27,1.1615,1.1636,1.1601,1.1619,0.0
2006-12-28,1.1617,1.162,1.1578,1.1603,0.0
2006-12-29,1.1603,1.1667,1.1582,1.1651,0.0
2007-01-02,1.1632,1.1659,1.1625,1.1655,0.0
2007-01-03,1.1654,1.1732,1.1637,1.173,0.0
2007-01-04,1.1731,1.1778,1.1715,1.1772,0.0
2007-01-05,1.1771,1.1785,1.1719,1.1722,0.0
2007-01-08,1.173,1.1782,1.1722,1.1748,0.0
2007-01-09,1.1748,1.1797,1.1728,1.177,0.0
2007-01-10,1.177,1.1792,1.1737,1.1741,0.0
2007-01-11,1.174,1.1801,1.1687,1.1776,0.0
2007-01-12,1.1776,1.178,1.1682,1.1684,0.0
2007-01-15,1.1694,1.1703,1.1659,1.1681,0.0
2007-01-16,1.1679,1.1774,1.1646,1.1758,0.0
2007-01-17,1.1757,1.1771,1.172,1.1727,0.0
2007-01-18,1.1727,1.177,1.1713,1.1742,0.0
2007-01-19,1.1741,1.1755,1.1696,1.1718,0.0
2007-01-22,1.1719,1.1834,1.1712,1.1819,0.0
2007-01-23,1.1818,1.1851,1.1786,1.1805,0.0
2007-01-24,1.1807,1.1833,1.1762,1.179,0.0
2007-01-25,1.1789,1.1831,1.173,1.1828,0.0
2007-01-26,1.1827,1.1842,1.1781,1.1801,0.0
2007-01-29,1.1793,1.1845,1.1788,1.183,0.0
2007-01-30,1.1831,1.1841,1.1789,1.179,0.0
2007-01-31,1.1789,1.1841,1.1748,1.1766,0.0
2007-02-01,1.1767,1.18,1.1735,1.1781,0.0
2007-02-02,1.1782,1.1869,1.1776,1.1848,0.0
2007-02-05,1.184,1.1862,1.1807,1.1823,0.0
2007-02-06,1.1824,1.1843,1.1807,1.1817,0.0
2007-02-07,1.1818,1.1855,1.1815,1.1841,0.0
2007-02-08,1.184,1.1875,1.1819,1.1827,0.0
2007-02-09,1.1826,1.1849,1.1712,1.1721,0.0
2007-02-12,1.1732,1.176,1.1706,1.175,0.0
2007-02-13,1.175,1.1766,1.1659,1.1665,0.0
2007-02-14,1.1665,1.1687,1.1643,1.166,0.0
2007-02-15,1.1661,1.1669,1.1618,1.1625,0.0
2007-02-16,1.1624,1.1653,1.1617,1.1627,0.0
2007-02-19,1.164,1.1659,1.163,1.164,0.0
2007-02-20,1.1641,1.1714,1.1635,1.1699,0.0
2007-02-21,1.1698,1.1711,1.1592,1.1596,0.0
2007-02-22,1.1595,1.163,1.1591,1.1618,0.0
2007-02-23,1.1617,1.1626,1.1562,1.159,0.0
2007-02-26,1.1592,1.1608,1.1573,1.1603,0.0
2007-02-27,1.1603,1.1673,1.1587,1.1668,0.0
2007-02-28,1.1667,1.1735,1.1656,1.1696,0.0
2007-03-01,1.1695,1.1747,1.1671,1.1722,0.0
2007-03-02,1.1725,1.1775,1.1707,1.1773,0.0
2007-03-05,1.176,1.1825,1.1756,1.1808,0.0
2007-03-06,1.1806,1.1815,1.173,1.1765,0.0
2007-03-07,1.1766,1.1797,1.1744,1.1786,0.0
2007-03-08,1.1785,1.1814,1.1764,1.1799,0.0
2007-03-09,1.1802,1.1808,1.1702,1.1722,0.0
2007-03-12,1.1723,1.1735,1.1681,1.1717,0.0
2007-03-13,1.1715,1.1754,1.1679,1.175,0.0
2007-03-14,1.1751,1.1774,1.1719,1.176,0.0
2007-03-15,1.1762,1.1778,1.173,1.177,0.0
2007-03-16,1.1771,1.1772,1.1712,1.1755,0.0
2007-03-19,1.1769,1.1782,1.1741,1.1769,0.0
2007-03-20,1.1772,1.1787,1.1602,1.1615,0.0
2007-03-21,1.1615,1.1631,1.1528,1.1554,0.0
2007-03-22,1.1553,1.1592,1.1551,1.1572,0.0
2007-03-23,1.1573,1.1609,1.1558,1.1603,0.0
2007-03-26,1.1606,1.1635,1.1592,1.1613,0.0
2007-03-27,1.1613,1.1617,1.1554,1.1572,0.0
2007-03-28,1.1571,1.1609,1.1557,1.1588,0.0
2007-03-29,1.1586,1.1612,1.1567,1.1588,0.0
2007-03-30,1.1588,1.1593,1.1497,1.1538,0.0
2007-04-02,1.1516,1.157,1.151,1.156,0.0
2007-04-03,1.1559,1.1597,1.1548,1.1584,0.0
2007-04-04,1.1584,1.1593,1.1543,1.159,0.0
2007-04-05,1.1591,1.1593,1.1487,1.1509,0.0
2007-04-06,1.151,1.1532,1.1496,1.1511,0.0
2007-04-09,1.1507,1.1532,1.15,1.1527,0.0
2007-04-10,1.1528,1.1529,1.1455,1.1471,0.0
2007-04-11,1.147,1.1478,1.1391,1.1395,0.0
2007-04-12,1.1394,1.141,1.1334,1.1346,0.0
2007-04-13,1.1346,1.1394,1.133,1.1375,0.0
2007-04-16,1.1364,1.1369,1.13,1.1315,0.0
2007-04-17,1.1315,1.1341,1.1287,1.1307,0.0
2007-04-18,1.1301,1.1339,1.1261,1.1277,0.0
2007-04-19,1.1276,1.1309,1.1223,1.1293,0.0
2007-04-20,1.1292,1.13,1.1215,1.1237,0.0
2007-04-23,1.1229,1.1242,1.1214,1.1218,0.0
2007-04-24,1.1219,1.1246,1.1191,1.1214,0.0
2007-04-25,1.1213,1.1228,1.1133,1.115,0.0
2007-04-26,1.1149,1.1223,1.1142,1.1214,0.0
2007-04-27,1.1215,1.1226,1.1127,1.116,0.0
2007-04-30,1.1157,1.1195,1.1048,1.1095,0.0
2007-05-01,1.1093,1.1114,1.1048,1.1106,0.0
2007-05-02,1.1107,1.1142,1.1064,1.1092,0.0
2007-05-03,1.1093,1.1096,1.1052,1.1075,0.0
2007-05-04,1.1075,1.1082,1.1032,1.1073,0.0
2007-05-07,1.1065,1.1073,1.1006,1.1019,0.0
2007-05-08,1.1018,1.1059,1.1005,1.1047,0.0
2007-05-09,1.1047,1.109,1.1042,1.1046,0.0
2007-05-10,1.1047,1.1127,1.1043,1.111,0.0
2007-05-11,1.1113,1.1168,1.1088,1.1105,0.0
2007-05-14,1.1106,1.1124,1.1053,1.1056,0.0
2007-05-15,1.1055,1.1068,1.0965,1.0986,0.0
2007-05-16,1.0987,1.1061,1.0967,1.1043,0.0
2007-05-17,1.1042,1.1053,1.0969,1.0996,0.0
2007-05-18,1.0995,1.0998,1.0873,1.0886,0.0
2007-05-21,1.0894,1.0898,1.0825,1.0844,0.0
2007-05-22,1.0845,1.0875,1.0827,1.0861,0.0
2007-05-23,1.086,1.0887,1.0812,1.0821,0.0
2007-05-24,1.0822,1.0851,1.0803,1.0834,0.0
2007-05-25,1.0834,1.0869,1.0776,1.08,0.0
2007-05-28,1.0792,1.081,1.0786,1.0796,0.0
2007-05-29,1.0796,1.0834,1.0709,1.0736,0.0
2007-05-30,1.0735,1.0756,1.0685,1.0739,0.0
2007-05-31,1.074,1.0743,1.0664,1.0688,0.0
2007-06-01,1.0688,1.0709,1.0595,1.0607,0.0
2007-06-04,1.061,1.0618,1.0548,1.0586,0.0
2007-06-05,1.0585,1.0636,1.0562,1.063,0.0
2007-06-06,1.063,1.0636,1.056,1.0585,0.0
2007-06-07,1.0584,1.0652,1.0562,1.0648,0.0
2007-06-08,1.0649,1.0711,1.0592,1.0606,0.0
2007-06-11,1.0611,1.0633,1.0595,1.0596,0.0
2007-06-12,1.0598,1.0675,1.0587,1.0675,0.0
2007-06-13,1.0677,1.0738,1.0646,1.0658,0.0
2007-06-14,1.0655,1.0688,1.0645,1.068,0.0
2007-06-15,1.0681,1.069,1.0601,1.0675,0.0
2007-06-18,1.0668,1.075,1.0649,1.0707,0.0
2007-06-19,1.0707,1.0724,1.0613,1.0621,0.0
2007-06-20,1.0624,1.0684,1.0617,1.0661,0.0
2007-06-21,1.0662,1.0756,1.0644,1.0744,0.0
2007-06-22,1.0743,1.0748,1.0664,1.0683,0.0
2007-06-25,1.0688,1.0731,1.0679,1.0697,0.0
2007-06-26,1.0698,1.0725,1.0668,1.0691,0.0
2007-06-27,1.0691,1.0733,1.0685,1.0701,0.0
2007-06-28,1.0701,1.0713,1.0575,1.059,0.0
2007-06-29,1.0589,1.0656,1.047,1.0651,0.0
2007-07-02,1.06313,1.0635,1.05267,1.0557,0.0
2007-07-03,1.0558,1.06327,1.05405,1.06113,0.0
2007-07-04,1.06113,1.0616,1.05557,1.0575,0.0
2007-07-05,1.05749,1.05922,1.05543,1.05607,0.0
2007-07-06,1.05607,1.05669,1.04617,1.04922,0.0
2007-07-09,1.04925,1.05007,1.04422,1.04974,0.0
2007-07-10,1.04991,1.05439,1.04762,1.05377,0.0
2007-07-11,1.05387,1.06107,1.05304,1.05405,0.0
2007-07-12,1.05405,1.05532,1.04496,1.04565,0.0
2007-07-13,1.04555,1.04966,1.04447,1.04742,0.0
2007-07-16,1.0481,1.04885,1.04156,1.04356,0.0
2007-07-17,1.04351,1.04527,1.04197,1.04362,0.0
2007-07-18,1.04357,1.04772,1.03998,1.04357,0.0
2007-07-19,1.04362,1.0465,1.04117,1.0431,0.0
2007-07-20,1.04297,1.04952,1.04122,1.0486,0.0
2007-07-23,1.04805,1.04845,1.04254,1.04647,0.0
2007-07-24,1.04647,1.04717,1.03402,1.03563,0.0
2007-07-25,1.03568,1.04467,1.03398,1.04157,0.0
2007-07-26,1.04154,1.05524,1.04024,1.05334,0.0
2007-07-27,1.05344,1.06458,1.05234,1.06394,0.0
2007-07-30,1.06404,1.06992,1.06364,1.06697,0.0
2007-07-31,1.06682,1.06852,1.05837,1.06653,0.0
2007-08-01,1.06641,1.06956,1.05527,1.05605,0.0
2007-08-02,1.05605,1.0598,1.05078,1.05202,0.0
2007-08-03,1.05202,1.05759,1.04992,1.05667,0.0
2007-08-06,1.0566,1.05877,1.0503,1.05239,0.0
2007-08-07,1.05239,1.05746,1.04881,1.05492,0.0
2007-08-08,1.05497,1.05652,1.04617,1.04847,0.0
2007-08-09,1.04842,1.06411,1.04687,1.0577,0.0
2007-08-10,1.0578,1.06167,1.05142,1.053,0.0
2007-08-13,1.0536,1.05636,1.04842,1.05369,0.0
2007-08-14,1.05369,1.0684,1.05324,1.0671,0.0
2007-08-15,1.06726,1.07957,1.06706,1.07876,0.0
2007-08-16,1.07866,1.08662,1.06731,1.07595,0.0
2007-08-17,1.07587,1.07932,1.05592,1.05948,0.0
2007-08-20,1.05948,1.06241,1.05305,1.05503,0.0
2007-08-21,1.05508,1.06491,1.05421,1.06204,0.0
2007-08-22,1.06204,1.06664,1.05717,1.06185,0.0
2007-08-23,1.06185,1.06323,1.04725,1.05292,0.0
2007-08-24,1.05292,1.05677,1.04913,1.05185,0.0
2007-08-27,1.0519,1.05482,1.04701,1.0542,0.0
2007-08-28,1.0542,1.06508,1.05347,1.06394,0.0
2007-08-29,1.06394,1.06759,1.0577,1.0599,0.0
2007-08-30,1.0599,1.0661,1.05438,1.05835,0.0
2007-08-31,1.05835,1.0591,1.05064,1.05533,0.0
2007-09-03,1.05548,1.05565,1.05138,1.0528,0.0
2007-09-04,1.05265,1.0567,1.04797,1.04914,0.0
2007-09-05,1.04914,1.05644,1.04829,1.05358,0.0
2007-09-06,1.05358,1.05809,1.05059,1.05184,0.0
2007-09-07,1.05184,1.05738,1.04742,1.05493,0.0
2007-09-10,1.05461,1.05907,1.0515,1.05202,0.0
2007-09-11,1.05202,1.05312,1.04097,1.04232,0.0
2007-09-12,1.04217,1.04451,1.03521,1.03659,0.0
2007-09-13,1.03659,1.03797,1.03103,1.03383,0.0
2007-09-14,1.03383,1.03618,1.02765,1.0298,0.0
2007-09-17,1.03,1.03112,1.02392,1.0274,0.0
2007-09-18,1.0274,1.0287,1.01212,1.01265,0.0
2007-09-19,1.01265,1.01737,1.00812,1.01485,0.0
2007-09-20,1.01485,1.01531,0.99905,1.00203,0.0
2007-09-21,1.00203,1.00548,0.99355,1.00028,0.0
2007-09-24,1.00072,1.00272,0.99679,1.00193,0.0
2007-09-25,1.00193,1.00643,0.99969,1.00353,0.0
2007-09-26,1.00353,1.00947,1.00208,1.00357,0.0
2007-09-27,1.00352,1.00566,0.99748,1.00141,0.0
2007-09-28,1.00146,1.00212,0.99119,0.99261,0.0
2007-10-01,0.99333,0.99551,0.99097,0.99157,0.0
2007-10-02,0.99157,1.00112,0.99112,0.99731,0.0
2007-10-03,0.99756,0.99901,0.99344,0.99802,0.0
2007-10-04,0.99802,1.00149,0.9963,0.99678,0.0
2007-10-05,0.99678,0.99827,0.97842,0.98045,0.0
2007-10-08,0.98065,0.98748,0.97985,0.98658,0.0
2007-10-09,0.98658,0.98938,0.98117,0.98132,0.0
2007-10-10,0.98132,0.9833,0.97881,0.97881,0.0
2007-10-11,0.98152,0.98254,0.9726,0.97642,0.0
2007-10-12,0.97642,0.97981,0.9716,0.97203,0.0
2007-10-15,0.97187,0.97762,0.97055,0.97641,0.0
2007-10-16,0.97641,0.98142,0.97434,0.97881,0.0
2007-10-17,0.97896,0.98197,0.97245,0.97432,0.0
2007-10-18,0.97432,0.97757,0.97182,0.97357,0.0
2007-10-19,0.97357,0.97542,0.96316,0.96615,0.0
2007-10-22,0.96675,0.98254,0.96552,0.9785,0.0
2007-10-23,0.9789,0.97925,0.96228,0.96627,0.0
2007-10-24,0.96627,0.97337,0.96437,0.96857,0.0
2007-10-25,0.96857,0.96982,0.9612,0.96669,0.0
2007-10-26,0.96669,0.96699,0.95887,0.96202,0.0
2007-10-29,0.96117,0.96262,0.95105,0.95377,0.0
2007-10-30,0.95377,0.95765,0.95114,0.95379,0.0
2007-10-31,0.95369,0.9564,0.94132,0.94289,0.0
2007-11-01,0.94284,0.95197,0.94231,0.95082,0.0
2007-11-02,0.95082,0.95208,0.93237,0.93437,0.0
2007-11-05,0.93505,0.93689,0.93029,0.93302,0.0
2007-11-06,0.93292,0.93357,0.91977,0.92023,0.0
2007-11-07,0.92018,0.93068,0.90552,0.93037,0.0
2007-11-08,0.92997,0.94036,0.92357,0.93489,0.0
2007-11-09,0.93514,0.9447,0.92507,0.9447,0.0
2007-11-12,0.94545,0.97052,0.94299,0.96875,0.0
2007-11-13,0.96843,0.97236,0.95215,0.95875,0.0
2007-11-14,0.95865,0.96747,0.95102,0.967,0.0
2007-11-15,0.96665,0.9862,0.96042,0.9851,0.0
2007-11-16,0.9862,0.98855,0.97038,0.97334,0.0
2007-11-19,0.97686,0.98483,0.97032,0.98353,0.0
2007-11-20,0.98308,0.98609,0.97425,0.97892,0.0
2007-11-21,0.9783,0.99246,0.97754,0.98682,0.0
2007-11-22,0.9862,0.9884,0.9787,0.98546,0.0
2007-11-23,0.98536,0.98981,0.97986,0.98803,0.0
2007-11-26,0.98699,0.99141,0.98003,0.99001,0.0
2007-11-27,0.99007,1.00018,0.98202,0.99637,0.0
2007-11-28,0.99622,0.99997,0.98434,0.98517,0.0
2007-11-29,0.98517,0.99924,0.98347,0.99802,0.0
2007-11-30,0.99812,1.00172,0.99209,0.99801,0.0
2007-12-03,0.99928,1.00419,0.9974,0.99882,0.0
2007-12-04,0.9995,1.01509,0.99926,1.01048,0.0
2007-12-05,1.01073,1.02157,1.00866,1.01178,0.0
2007-12-06,1.0124,1.01936,1.0073,1.00818,0.0
2007-12-07,1.00823,1.01485,1.00036,1.00521,0.0
2007-12-10,1.00411,1.01167,1.00039,1.00697,0.0
2007-12-11,1.00708,1.01657,1.00279,1.01482,0.0
2007-12-12,1.01482,1.01747,1.00542,1.01212,0.0
2007-12-13,1.01207,1.02327,1.00954,1.02054,0.0
2007-12-14,1.02044,1.02482,1.01276,1.01713,0.0
2007-12-17,1.01766,1.02273,1.00258,1.00511,0.0
2007-12-18,1.00546,1.01397,1.00117,1.00552,0.0
2007-12-19,1.00542,1.00892,1.0017,1.00205,0.0
2007-12-20,1.00235,1.00475,0.99508,1.00157,0.0
2007-12-21,1.00152,1.00152,0.99089,0.9914,0.0
2007-12-24,0.99135,0.99328,0.98344,0.98394,0.0
2007-12-26,0.98522,0.98642,0.98011,0.98126,0.0
2007-12-27,0.98126,0.98531,0.9784,0.98033,0.0
2007-12-28,0.97993,0.98462,0.97549,0.98154,0.0
2007-12-31,0.98049,0.99843,0.97622,0.99828,0.0
2008-01-02,0.99273,0.99705,0.98601,0.99357,0.0
2008-01-03,0.99372,0.99653,0.98726,0.98933,0.0
2008-01-04,0.98898,1.00416,0.98412,1.00256,0.0
2008-01-07,1.00201,1.00796,0.99669,1.00436,0.0
2008-01-08,1.00451,1.00763,0.99648,1.00633,0.0
2008-01-09,1.00638,1.01216,1.00188,1.00995,0.0
2008-01-10,1.0098,1.01491,1.00498,1.00987,0.0
2008-01-11,1.00997,1.02215,1.00675,1.0188,0.0
2008-01-14,1.01955,1.02107,1.01462,1.01679,0.0
2008-01-15,1.01698,1.01962,1.01237,1.01818,0.0
2008-01-16,1.01893,1.02832,1.01516,1.02507,0.0
2008-01-17,1.02437,1.03059,1.01812,1.02919,0.0
2008-01-18,1.02959,1.03045,1.02148,1.02706,0.0
2008-01-21,1.02596,1.0353,1.02582,1.0347,0.0
2008-01-22,1.0347,1.03784,1.02046,1.02923,0.0
2008-01-23,1.02899,1.03167,1.02212,1.02373,0.0
2008-01-24,1.02375,1.02546,1.00118,1.00355,0.0
2008-01-25,1.00295,1.0109,1.00142,1.00804,0.0
2008-01-28,1.00928,1.01173,1.00216,1.00338,0.0
2008-01-29,1.00333,1.0069,0.9944,0.9983,0.0
2008-01-30,0.99845,1.00002,0.98722,0.99312,0.0
2008-01-31,0.99332,1.00855,0.99242,1.00269,0.0
2008-02-01,1.00244,1.00345,0.99162,0.995,0.0
2008-02-04,0.99425,1.0012,0.99215,0.99321,0.0
2008-02-05,0.99281,1.00797,0.99246,1.00766,0.0
2008-02-06,1.00756,1.0102,1.00052,1.00565,0.0
2008-02-07,1.0058,1.01282,1.0042,1.00835,0.0
2008-02-08,1.0095,1.01015,0.99456,0.99894,0.0
2008-02-11,0.99959,1.00336,0.99549,1.00141,0.0
2008-02-12,1.00147,1.00416,0.99357,1.0013,0.0
2008-02-13,1.0009,1.0026,0.99643,0.99679,0.0
2008-02-14,0.99699,1.00143,0.99358,0.99995,0.0
2008-02-15,0.9999,1.01105,0.99187,1.00661,0.0
2008-02-18,1.00901,1.00982,1.00477,1.00743,0.0
2008-02-19,1.0075,1.01749,1.00193,1.01677,0.0
2008-02-20,1.01698,1.01967,1.01047,1.01271,0.0
2008-02-21,1.01271,1.0142,1.00661,1.01107,0.0
2008-02-22,1.01102,1.01647,1.00709,1.01271,0.0
2008-02-25,1.01261,1.01288,0.99449,0.99586,0.0
2008-02-26,0.99576,0.99836,0.97831,0.98127,0.0
2008-02-27,0.98081,0.98307,0.97587,0.97995,0.0
2008-02-28,0.98025,0.98201,0.97096,0.97499,0.0
2008-02-29,0.97489,0.9891,0.97489,0.9877,0.0
2008-03-03,0.98537,0.99332,0.98262,0.9899,0.0
2008-03-04,0.9891,0.99756,0.98529,0.99324,0.0
2008-03-05,0.99329,0.99526,0.98335,0.98429,0.0
2008-03-06,0.98429,0.98831,0.98176,0.9854,0.0
2008-03-07,0.9859,0.99223,0.97362,0.99056,0.0
2008-03-10,0.98969,0.99814,0.98552,0.98932,0.0
2008-03-11,0.99595,0.99705,0.98926,0.99176,0.0
2008-03-12,0.99185,0.99347,0.98354,0.98932,0.0
2008-03-13,0.98915,0.99146,0.97962,0.9842,0.0
2008-03-14,0.98342,0.9964,0.98146,0.98949,0.0
2008-03-17,0.98848,1.00125,0.98569,0.99774,0.0
2008-03-18,0.99788,0.99873,0.9888,0.99205,0.0
2008-03-19,0.9921,1.01734,0.98742,1.0136,0.0
2008-03-20,1.0138,1.02942,1.01053,1.02337,0.0
2008-03-21,1.02327,1.02645,1.0221,1.02305,0.0
2008-03-24,1.0251,1.03062,1.01552,1.0166,0.0
2008-03-25,1.01725,1.02223,1.01246,1.01621,0.0
2008-03-26,1.01626,1.02053,1.00927,1.01756,0.0
2008-03-27,1.01741,1.02343,1.01262,1.0185,0.0
2008-03-28,1.01852,1.02267,1.01424,1.0223,0.0
2008-03-31,1.0222,1.02912,1.01903,1.025,0.0
2008-04-01,1.025,1.03244,1.02035,1.02108,0.0
2008-04-02,1.02113,1.0242,1.01277,1.0162,0.0
2008-04-03,1.01612,1.0167,1.00255,1.0043,0.0
2008-04-04,1.0045,1.01012,1.00182,1.0082,0.0
2008-04-07,1.00865,1.01398,1.00382,1.01381,0.0
2008-04-08,1.01401,1.01723,1.01052,1.01298,0.0
2008-04-09,1.01308,1.02182,1.01246,1.0182,0.0
2008-04-10,1.01815,1.02225,1.01532,1.01935,0.0
2008-04-11,1.0194,1.02472,1.01317,1.02335,0.0
2008-04-14,1.0268,1.02734,1.01763,1.0186,0.0
2008-04-15,1.01855,1.02372,1.01613,1.01795,0.0
2008-04-16,1.01795,1.01845,1.00006,1.00075,0.0
2008-04-17,1.00065,1.01405,0.99867,1.0103,0.0
2008-04-18,1.01035,1.01422,1.0025,1.00385,0.0
2008-04-21,1.0051,1.00922,0.99982,1.00525,0.0
2008-04-22,1.0052,1.01515,1.00234,1.00787,0.0
2008-04-23,1.00782,1.02142,1.00598,1.01667,0.0
2008-04-24,1.0167,1.0211,1.01205,1.014,0.0
2008-04-25,1.01405,1.02032,1.01228,1.01355,0.0
2008-04-28,1.01405,1.01816,1.00652,1.01235,0.0
2008-04-29,1.01235,1.01632,1.01077,1.0124,0.0
2008-04-30,1.01275,1.01412,1.00372,1.00761,0.0
2008-05-01,1.00761,1.0235,1.00594,1.01878,0.0
2008-05-02,1.01939,1.0241,1.01458,1.01915,0.0
2008-05-05,1.01926,1.01975,1.01197,1.01235,0.0
2008-05-06,1.01245,1.01437,0.99972,1.00212,0.0
2008-05-07,1.00247,1.00972,1.00054,1.00917,0.0
2008-05-08,1.00924,1.01763,1.00788,1.01695,0.0
2008-05-09,1.01725,1.01745,1.00382,1.00495,0.0
2008-05-12,1.0057,1.01059,1.00237,1.00395,0.0
2008-05-13,1.0037,1.00932,0.99832,1.00343,0.0
2008-05-14,1.00361,1.00653,0.99615,1.00345,0.0
2008-05-15,1.00335,1.00612,0.99899,0.99952,0.0
2008-05-16,0.99952,1.0019,0.99417,0.99898,0.0
2008-05-19,0.9996,0.99985,0.98975,0.99125,0.0
2008-05-20,0.99107,0.99581,0.98742,0.99215,0.0
2008-05-21,0.99205,0.99252,0.9818,0.98355,0.0
2008-05-22,0.98385,0.98742,0.9826,0.98435,0.0
2008-05-23,0.9845,0.98972,0.98323,0.98963,0.0
2008-05-26,0.98868,0.99314,0.98595,0.99083,0.0
2008-05-27,0.99093,0.9946,0.98676,0.99352,0.0
2008-05-28,0.99327,0.99581,0.98878,0.98973,0.0
2008-05-29,0.98938,0.99192,0.98229,0.98748,0.0
2008-05-30,0.98757,0.99782,0.9871,0.99308,0.0
2008-06-02,0.99478,1.00262,0.99261,1.00113,0.0
2008-06-03,1.00113,1.00945,0.9967,1.0086,0.0
2008-06-04,1.0085,1.01892,1.00787,1.0163,0.0
2008-06-05,1.0164,1.02191,1.01402,1.01768,0.0
2008-06-06,1.01748,1.02143,1.01607,1.01933,0.0
2008-06-09,1.01833,1.02414,1.01522,1.02313,0.0
2008-06-10,1.02317,1.03215,1.0195,1.02184,0.0
2008-06-11,1.02194,1.0245,1.01528,1.01958,0.0
2008-06-12,1.01948,1.02765,1.01909,1.02378,0.0
2008-06-13,1.02393,1.02953,1.02147,1.02912,0.0
2008-06-16,1.02827,1.02967,1.01956,1.02341,0.0
2008-06-17,1.02336,1.02462,1.01663,1.01843,0.0
2008-06-18,1.01853,1.02106,1.01657,1.01688,0.0
2008-06-19,1.01683,1.01855,1.01086,1.01533,0.0
2008-06-20,1.01598,1.01952,1.00993,1.01608,0.0
2008-06-23,1.01663,1.01904,1.01275,1.01558,0.0
2008-06-24,1.01548,1.01712,1.01089,1.01089,0.0
2008-06-25,1.01094,1.01417,1.00865,1.00928,0.0
2008-06-26,1.00943,1.01401,1.00806,1.01391,0.0
2008-06-27,1.01411,1.01422,1.00465,1.01075,0.0
2008-06-30,1.0106,1.0216,1.00605,1.02133,0.0
2008-07-01,1.02083,1.02376,1.01413,1.02183,0.0
2008-07-02,1.02188,1.0227,1.00875,1.01213,0.0
2008-07-03,1.01213,1.02168,1.01086,1.01769,0.0
2008-07-04,1.01769,1.0202,1.01393,1.01939,0.0
2008-07-07,1.01922,1.02304,1.01488,1.01655,0.0
2008-07-08,1.0165,1.02306,1.01558,1.01893,0.0
2008-07-09,1.01878,1.01968,1.00964,1.01138,0.0
2008-07-10,1.01148,1.01352,1.0075,1.00898,0.0
2008-07-11,1.00903,1.01766,1.00671,1.00898,0.0
2008-07-14,1.00778,1.01384,1.00426,1.00616,0.0
2008-07-15,1.00576,1.00692,0.99736,1.00155,0.0
2008-07-16,1.00115,1.00472,0.99947,1.00169,0.0
2008-07-17,1.00169,1.00783,0.99777,1.00549,0.0
2008-07-18,1.00564,1.00775,1.00209,1.00541,0.0
2008-07-21,1.00541,1.00687,0.99956,0.99961,0.0
2008-07-22,0.99966,1.01154,0.99906,1.00769,0.0
2008-07-23,1.00759,1.01168,1.00558,1.01014,0.0
2008-07-24,1.00989,1.01481,1.00768,1.01448,0.0
2008-07-25,1.01518,1.02058,1.01266,1.01943,0.0
2008-07-28,1.01916,1.02424,1.01736,1.02232,0.0
2008-07-29,1.02242,1.02713,1.02038,1.02349,0.0
2008-07-30,1.02359,1.02687,1.02171,1.02282,0.0
2008-07-31,1.02297,1.02651,1.02121,1.0244,0.0
2008-08-01,1.02382,1.02943,1.02235,1.02678,0.0
2008-08-04,1.02649,1.03674,1.02588,1.03634,0.0
2008-08-05,1.03639,1.04517,1.03591,1.04309,0.0
2008-08-06,1.04324,1.04943,1.04001,1.04904,0.0
2008-08-07,1.04914,1.05338,1.04483,1.05278,0.0
2008-08-08,1.05284,1.0695,1.05149,1.06648,0.0
2008-08-11,1.06731,1.07147,1.06109,1.06892,0.0
2008-08-12,1.06895,1.07263,1.06141,1.06354,0.0
2008-08-13,1.06358,1.0715,1.06128,1.06248,0.0
2008-08-14,1.06243,1.06538,1.05618,1.06337,0.0
2008-08-15,1.06362,1.06923,1.05808,1.059,0.0
2008-08-18,1.05943,1.06463,1.05427,1.06434,0.0
2008-08-19,1.06434,1.06668,1.05925,1.06097,0.0
2008-08-20,1.06109,1.06508,1.05682,1.05973,0.0
2008-08-21,1.05974,1.06067,1.04221,1.04274,0.0
2008-08-22,1.04278,1.04868,1.04183,1.04678,0.0
2008-08-25,1.04629,1.0514,1.04394,1.05109,0.0
2008-08-26,1.05114,1.05611,1.04106,1.04827,0.0
2008-08-27,1.04802,1.04954,1.0426,1.04569,0.0
2008-08-28,1.04609,1.05369,1.04303,1.05079,0.0
2008-08-29,1.05064,1.06438,1.04697,1.06373,0.0
2008-09-01,1.06176,1.06909,1.06101,1.06646,0.0
2008-09-02,1.06621,1.07473,1.0659,1.06699,0.0
2008-09-03,1.06709,1.07754,1.05777,1.06239,0.0
2008-09-04,1.06239,1.06994,1.05403,1.06939,0.0
2008-09-05,1.06904,1.07255,1.0601,1.06214,0.0
2008-09-08,1.05804,1.07123,1.05493,1.06469,0.0
2008-09-09,1.06444,1.07154,1.06016,1.07101,0.0
2008-09-10,1.07115,1.07415,1.0656,1.07121,0.0
2008-09-11,1.07069,1.08195,1.06984,1.075,0.0
2008-09-12,1.07485,1.07623,1.05859,1.05978,0.0
2008-09-15,1.06303,1.07477,1.0567,1.07016,0.0
2008-09-16,1.07004,1.07462,1.0666,1.06802,0.0
2008-09-17,1.06803,1.08055,1.06133,1.07216,0.0
2008-09-18,1.0722,1.07327,1.05761,1.06036,0.0
2008-09-19,1.05938,1.06657,1.04297,1.04673,0.0
2008-09-22,1.04648,1.05128,1.03137,1.0356,0.0
2008-09-23,1.0357,1.03978,1.0304,1.03821,0.0
2008-09-24,1.03839,1.03907,1.03125,1.03826,0.0
2008-09-25,1.03828,1.03871,1.02967,1.0344,0.0
2008-09-26,1.03441,1.03723,1.0314,1.033,0.0
2008-09-29,1.03378,1.04541,1.03337,1.04532,0.0
2008-09-30,1.04537,1.06623,1.04376,1.06407,0.0
2008-10-01,1.06464,1.06583,1.05454,1.06246,0.0
2008-10-02,1.06177,1.08079,1.06111,1.07835,0.0
2008-10-03,1.07898,1.08422,1.0724,1.08226,0.0
2008-10-06,1.08223,1.10867,1.08118,1.09911,0.0
2008-10-07,1.09907,1.10842,1.09483,1.10545,0.0
2008-10-08,1.10545,1.12776,1.09929,1.12776,0.0
2008-10-09,1.12731,1.15051,1.11853,1.14974,0.0
2008-10-10,1.14949,1.212,1.14464,1.1725,0.0
2008-10-13,1.16665,1.17948,1.14672,1.14672,0.0
2008-10-14,1.14697,1.16503,1.13031,1.16218,0.0
2008-10-15,1.16203,1.19103,1.15323,1.19053,0.0
2008-10-16,1.19038,1.19938,1.17808,1.17808,0.0
2008-10-17,1.17753,1.19287,1.17522,1.18223,0.0
2008-10-20,1.18109,1.19794,1.1739,1.19073,0.0
2008-10-21,1.1914,1.22064,1.18948,1.21388,0.0
2008-10-22,1.21358,1.25981,1.21044,1.25346,0.0
2008-10-23,1.25366,1.27401,1.24477,1.24673,0.0
2008-10-24,1.24691,1.28383,1.24287,1.27709,0.0
2008-10-27,1.27634,1.2969,1.26993,1.29491,0.0
2008-10-28,1.29418,1.30146,1.27199,1.27276,0.0
2008-10-29,1.27296,1.28675,1.21243,1.22253,0.0
2008-10-30,1.2188,1.22561,1.1897,1.20003,0.0
2008-10-31,1.19998,1.23775,1.19409,1.21152,0.0
2008-11-03,1.20872,1.21156,1.17921,1.18062,0.0
2008-11-04,1.18018,1.1892,1.14697,1.14993,0.0
2008-11-05,1.14888,1.16951,1.1459,1.16932,0.0
2008-11-06,1.16918,1.19843,1.16128,1.1974,0.0
2008-11-07,1.19732,1.20227,1.16677,1.18883,0.0
2008-11-10,1.17706,1.19905,1.16546,1.19403,0.0
2008-11-11,1.19396,1.20971,1.18885,1.20745,0.0
2008-11-12,1.20565,1.23852,1.198,1.23717,0.0
2008-11-13,1.23822,1.24449,1.20955,1.21067,0.0
2008-11-14,1.21062,1.23649,1.20837,1.23624,0.0
2008-11-17,1.23812,1.24192,1.21092,1.22552,0.0
2008-11-18,1.22607,1.23846,1.21787,1.23059,0.0
2008-11-19,1.23094,1.25505,1.22841,1.25437,0.0
2008-11-20,1.25435,1.29755,1.25088,1.29654,0.0
2008-11-21,1.29642,1.29814,1.26616,1.26633,0.0
2008-11-24,1.26723,1.2773,1.2239,1.23176,0.0
2008-11-25,1.23081,1.2477,1.21263,1.22447,0.0
2008-11-26,1.22462,1.24107,1.21564,1.23273,0.0
2008-11-27,1.23109,1.23699,1.22331,1.23126,0.0
2008-11-28,1.23116,1.24647,1.23069,1.23987,0.0
2008-12-01,1.23637,1.25128,1.23016,1.24792,0.0
2008-12-02,1.24777,1.25815,1.23808,1.24616,0.0
2008-12-03,1.24673,1.26653,1.24411,1.25194,0.0
2008-12-04,1.25301,1.28043,1.25133,1.27558,0.0
2008-12-05,1.27466,1.30065,1.26531,1.27081,0.0
2008-12-08,1.27041,1.27525,1.24462,1.25007,0.0
2008-12-09,1.2499,1.27425,1.24943,1.26237,0.0
2008-12-10,1.26218,1.2666,1.24857,1.25682,0.0
2008-12-11,1.25678,1.26045,1.21571,1.23601,0.0
2008-12-12,1.23486,1.25116,1.22829,1.24793,0.0
2008-12-15,1.24598,1.24625,1.22282,1.23346,0.0
2008-12-16,1.23383,1.23763,1.19831,1.20178,0.0
2008-12-17,1.20401,1.21213,1.19083,1.19118,0.0
2008-12-18,1.19101,1.21145,1.18136,1.20405,0.0
2008-12-19,1.2043,1.23957,1.20284,1.21483,0.0
2008-12-22,1.21543,1.22179,1.19849,1.22104,0.0
2008-12-23,1.22088,1.22497,1.20453,1.21873,0.0
2008-12-24,1.21863,1.22086,1.20751,1.21548,0.0
2008-12-25,1.21548,1.21548,1.21548,1.21548,0.0
2008-12-26,1.21698,1.22203,1.21643,1.22036,0.0
2008-12-29,1.21943,1.22252,1.20687,1.22002,0.0
2008-12-30,1.22023,1.23378,1.21364,1.21624,0.0
2008-12-31,1.21599,1.23691,1.2104,1.21641,0.0
2009-01-02,1.22134,1.22707,1.20408,1.20418,0.0
2009-01-05,1.20513,1.2225,1.18656,1.18874,0.0
2009-01-06,1.18876,1.1999,1.17591,1.18393,0.0
2009-01-07,1.18394,1.19992,1.1773,1.19347,0.0
2009-01-08,1.19382,1.207,1.17684,1.17955,0.0
2009-01-09,1.17959,1.19676,1.17908,1.18466,0.0
2009-01-12,1.187,1.21939,1.187,1.21724,0.0
2009-01-13,1.21828,1.23254,1.21503,1.22387,0.0
2009-01-14,1.22407,1.24911,1.21034,1.24797,0.0
2009-01-15,1.24797,1.26739,1.24123,1.25239,0.0
2009-01-16,1.25118,1.25746,1.23133,1.24175,0.0
2009-01-19,1.24289,1.25712,1.23708,1.25343,0.0
2009-01-20,1.25338,1.26951,1.2529,1.26672,0.0
2009-01-21,1.26647,1.27637,1.25433,1.25497,0.0
2009-01-22,1.25536,1.27384,1.25159,1.25302,0.0
2009-01-23,1.25317,1.26475,1.22632,1.23057,0.0
2009-01-26,1.23167,1.23843,1.21401,1.22233,0.0
2009-01-27,1.22268,1.23309,1.21502,1.23005,0.0
2009-01-28,1.22968,1.2305,1.20239,1.21067,0.0
2009-01-29,1.21082,1.22635,1.20882,1.22615,0.0
2009-01-30,1.2261,1.24162,1.22103,1.22913,0.0
2009-02-02,1.22793,1.24654,1.22498,1.24451,0.0
2009-02-03,1.24471,1.25214,1.22895,1.22896,0.0
2009-02-04,1.22914,1.24363,1.22249,1.2319,0.0
2009-02-05,1.23195,1.23803,1.22237,1.23199,0.0
2009-02-06,1.23229,1.25404,1.21841,1.21891,0.0
2009-02-09,1.22186,1.22974,1.21275,1.21705,0.0
2009-02-10,1.21697,1.24916,1.21456,1.24355,0.0
2009-02-11,1.2432,1.25311,1.23848,1.23858,0.0
2009-02-12,1.23908,1.25465,1.23854,1.2434,0.0
2009-02-13,1.24388,1.24617,1.22793,1.23498,0.0
2009-02-16,1.2405,1.24869,1.23885,1.24214,0.0
2009-02-17,1.24269,1.26724,1.2411,1.26513,0.0
2009-02-18,1.26514,1.26539,1.25301,1.2607,0.0
2009-02-19,1.261,1.2617,1.24658,1.2575,0.0
2009-02-20,1.2573,1.26497,1.24213,1.25176,0.0
2009-02-23,1.25105,1.25538,1.23533,1.25013,0.0
2009-02-24,1.25008,1.25385,1.23947,1.24141,0.0
2009-02-25,1.24236,1.26105,1.23974,1.25696,0.0
2009-02-26,1.25732,1.25752,1.23944,1.25353,0.0
2009-02-27,1.25332,1.27536,1.25163,1.27536,0.0
2009-03-02,1.27685,1.29308,1.27215,1.29308,0.0
2009-03-03,1.29297,1.29745,1.28055,1.2927,0.0
2009-03-04,1.29345,1.29653,1.27115,1.27292,0.0
2009-03-05,1.27287,1.29107,1.27243,1.29085,0.0
2009-03-06,1.29035,1.2907,1.27644,1.28655,0.0
2009-03-09,1.28516,1.30623,1.28148,1.30088,0.0
2009-03-10,1.30065,1.30143,1.27244,1.2787,0.0
2009-03-11,1.27955,1.29027,1.27505,1.28482,0.0
2009-03-12,1.28533,1.29566,1.27662,1.27772,0.0
2009-03-13,1.27728,1.28424,1.26244,1.2713,0.0
2009-03-16,1.27157,1.2787,1.26337,1.27158,0.0
2009-03-17,1.27202,1.27657,1.2675,1.26981,0.0
2009-03-18,1.26971,1.27502,1.24282,1.24628,0.0
2009-03-19,1.24659,1.25044,1.21899,1.23893,0.0
2009-03-20,1.23908,1.2445,1.22892,1.24015,0.0
2009-03-23,1.23905,1.23965,1.22011,1.22241,0.0
2009-03-24,1.2223,1.23214,1.22,1.23174,0.0
2009-03-25,1.23163,1.23542,1.22183,1.23143,0.0
2009-03-26,1.23105,1.23352,1.22391,1.23051,0.0
2009-03-27,1.23024,1.24432,1.22637,1.2414,0.0
2009-03-30,1.23808,1.26466,1.23808,1.26196,0.0
2009-03-31,1.262,1.26513,1.25013,1.26,0.0
2009-04-01,1.26008,1.27128,1.25728,1.25987,0.0
2009-04-02,1.26018,1.26096,1.23354,1.23701,0.0
2009-04-03,1.23705,1.24561,1.22915,1.22955,0.0
2009-04-06,1.22901,1.24395,1.22232,1.23792,0.0
2009-04-07,1.23774,1.24822,1.23299,1.23681,0.0
2009-04-08,1.2375,1.2465,1.23065,1.23621,0.0
2009-04-09,1.23605,1.23994,1.22103,1.22338,0.0
2009-04-10,1.22375,1.22962,1.22305,1.22505,0.0
2009-04-13,1.22493,1.22965,1.21629,1.21961,0.0
2009-04-14,1.21939,1.22411,1.20616,1.21492,0.0
2009-04-15,1.2148,1.21843,1.2013,1.20301,0.0
2009-04-16,1.20267,1.21465,1.1981,1.20723,0.0
2009-04-17,1.2071,1.21768,1.2071,1.21311,0.0
2009-04-20,1.21381,1.23951,1.212,1.23879,0.0
2009-04-21,1.23865,1.25072,1.2325,1.23559,0.0
2009-04-22,1.23535,1.24723,1.2327,1.23948,0.0
2009-04-23,1.23974,1.24128,1.22249,1.22282,0.0
2009-04-24,1.2225,1.2266,1.20708,1.20915,0.0
2009-04-27,1.21095,1.22158,1.20743,1.2201,0.0
2009-04-28,1.2203,1.22648,1.21624,1.21884,0.0
2009-04-29,1.21886,1.22165,1.19891,1.2022,0.0
2009-04-30,1.20221,1.2047,1.18597,1.19238,0.0
2009-05-01,1.19242,1.19508,1.18293,1.18521,0.0
2009-05-04,1.18721,1.18985,1.17215,1.17215,0.0
2009-05-05,1.17216,1.17894,1.16763,1.17487,0.0
2009-05-06,1.17475,1.18231,1.16524,1.1655,0.0
2009-05-07,1.1652,1.1762,1.16282,1.16965,0.0
2009-05-08,1.16968,1.17302,1.14867,1.14955,0.0
2009-05-11,1.1498,1.16698,1.14745,1.16637,0.0
2009-05-12,1.16653,1.16958,1.15397,1.1622,0.0
2009-05-13,1.16206,1.17763,1.15515,1.17378,0.0
2009-05-14,1.17382,1.17889,1.16828,1.16912,0.0
2009-05-15,1.17015,1.18048,1.16469,1.17746,0.0
2009-05-18,1.1777,1.18132,1.16061,1.163,0.0
2009-05-19,1.16312,1.16592,1.15216,1.15551,0.0
2009-05-20,1.15571,1.15821,1.1361,1.14149,0.0
2009-05-21,1.14115,1.14811,1.13467,1.13675,0.0
2009-05-22,1.13641,1.13692,1.1186,1.11915,0.0
2009-05-25,1.12093,1.12775,1.11908,1.12364,0.0
2009-05-26,1.12382,1.13548,1.11532,1.11627,0.0
2009-05-27,1.11652,1.12206,1.10969,1.12181,0.0
2009-05-28,1.12271,1.12565,1.11057,1.11317,0.0
2009-05-29,1.11307,1.11562,1.089,1.08995,0.0
2009-06-01,1.0901,1.0945,1.07833,1.09261,0.0
2009-06-02,1.09245,1.09715,1.07902,1.08099,0.0
2009-06-03,1.08101,1.1117,1.0794,1.11008,0.0
2009-06-04,1.10935,1.11575,1.09272,1.09662,0.0
2009-06-05,1.09662,1.121,1.09605,1.1187,0.0
2009-06-08,1.11955,1.12903,1.11393,1.11546,0.0
2009-06-09,1.11546,1.11942,1.09809,1.1042,0.0
2009-06-10,1.1042,1.11631,1.09405,1.1083,0.0
2009-06-11,1.10902,1.11023,1.09476,1.10207,0.0
2009-06-12,1.10245,1.12473,1.10053,1.11875,0.0
2009-06-15,1.1193,1.13752,1.11813,1.1335,0.0
2009-06-16,1.13304,1.13717,1.12206,1.13511,0.0
2009-06-17,1.13465,1.1448,1.1275,1.1315,0.0
2009-06-18,1.1315,1.13635,1.1232,1.13205,0.0
2009-06-19,1.13215,1.13628,1.12495,1.1351,0.0
2009-06-22,1.13338,1.15547,1.13241,1.15441,0.0
2009-06-23,1.1546,1.1583,1.14628,1.1495,0.0
2009-06-24,1.14943,1.15794,1.14177,1.15739,0.0
2009-06-25,1.15739,1.16368,1.1524,1.15438,0.0
2009-06-26,1.15438,1.15613,1.14437,1.15215,0.0
2009-06-29,1.15165,1.15993,1.15073,1.1562,0.0
2009-06-30,1.15624,1.16381,1.15088,1.16215,0.0
2009-07-01,1.16248,1.16537,1.14372,1.1494,0.0
2009-07-02,1.14952,1.1632,1.14703,1.16315,0.0
2009-07-03,1.16275,1.16375,1.15605,1.1605,0.0
2009-07-06,1.16153,1.16793,1.15855,1.1591,0.0
2009-07-07,1.1589,1.16731,1.15414,1.1663,0.0
2009-07-08,1.16655,1.17235,1.15861,1.1665,0.0
2009-07-09,1.167,1.16782,1.15461,1.16215,0.0
2009-07-10,1.16195,1.16752,1.15965,1.16353,0.0
2009-07-13,1.16188,1.167,1.15036,1.15036,0.0
2009-07-14,1.15038,1.15302,1.1321,1.13278,0.0
2009-07-15,1.13285,1.13475,1.11165,1.1122,0.0
2009-07-16,1.1126,1.12243,1.11224,1.11693,0.0
2009-07-17,1.11683,1.11992,1.1129,1.11335,0.0
2009-07-20,1.1159,1.1161,1.1018,1.10591,0.0
2009-07-21,1.1059,1.11144,1.09644,1.10343,0.0
2009-07-22,1.10353,1.10885,1.09496,1.09954,0.0
2009-07-23,1.09954,1.10095,1.08402,1.08913,0.0
2009-07-24,1.08904,1.09227,1.07931,1.0865,0.0
2009-07-27,1.08503,1.08785,1.07773,1.08095,0.0
2009-07-28,1.0809,1.09046,1.07479,1.08105,0.0
2009-07-29,1.08125,1.09328,1.07903,1.08856,0.0
2009-07-30,1.08836,1.09115,1.08031,1.0833,0.0
2009-07-31,1.08311,1.08564,1.07623,1.07711,0.0
2009-08-03,1.0762,1.07894,1.06413,1.0657,0.0
2009-08-04,1.06562,1.07649,1.06305,1.07222,0.0
2009-08-05,1.07206,1.07845,1.06775,1.07036,0.0
2009-08-06,1.07016,1.07978,1.06758,1.07755,0.0
2009-08-07,1.0775,1.08656,1.07546,1.08135,0.0
2009-08-10,1.08303,1.1015,1.07943,1.08915,0.0
2009-08-11,1.0883,1.10454,1.08647,1.1015,0.0
2009-08-12,1.10138,1.10747,1.08484,1.08915,0.0
2009-08-13,1.08866,1.0908,1.07916,1.08696,0.0
2009-08-14,1.08708,1.10218,1.08129,1.09792,0.0
2009-08-17,1.09958,1.1124,1.09894,1.10785,0.0
2009-08-18,1.10801,1.11058,1.1001,1.10088,0.0
2009-08-19,1.10088,1.11126,1.09407,1.09513,0.0
2009-08-20,1.09484,1.09944,1.08622,1.08672,0.0
2009-08-21,1.08767,1.09417,1.07614,1.081,0.0
2009-08-24,1.08105,1.0824,1.0725,1.07605,0.0
2009-08-25,1.076,1.08683,1.07181,1.08663,0.0
2009-08-26,1.08655,1.09997,1.08292,1.09715,0.0
2009-08-27,1.09715,1.10196,1.08298,1.08743,0.0
2009-08-28,1.08744,1.09358,1.079,1.09145,0.0
2009-08-31,1.0912,1.10908,1.08852,1.09362,0.0
2009-09-01,1.09372,1.10667,1.08715,1.10405,0.0
2009-09-02,1.10411,1.11013,1.10055,1.10493,0.0
2009-09-03,1.10495,1.10736,1.09663,1.10181,0.0
2009-09-04,1.10175,1.10357,1.08223,1.08795,0.0
2009-09-07,1.0862,1.0867,1.07398,1.07782,0.0
2009-09-08,1.07742,1.08216,1.06729,1.07878,0.0
2009-09-09,1.0784,1.08346,1.07446,1.07823,0.0
2009-09-10,1.07846,1.08787,1.07686,1.07706,0.0
2009-09-11,1.07698,1.07924,1.07143,1.07653,0.0
2009-09-14,1.07711,1.09255,1.07643,1.08203,0.0
2009-09-15,1.08235,1.08693,1.07108,1.07242,0.0
2009-09-16,1.073,1.07349,1.06426,1.06609,0.0
2009-09-17,1.06587,1.06747,1.05894,1.06455,0.0
2009-09-18,1.06452,1.07674,1.0645,1.06875,0.0
2009-09-21,1.06905,1.08521,1.06768,1.07913,0.0
2009-09-22,1.07854,1.07881,1.06596,1.06894,0.0
2009-09-23,1.06894,1.07763,1.0661,1.07434,0.0
2009-09-24,1.07453,1.09464,1.07064,1.08908,0.0
2009-09-25,1.08911,1.09821,1.08591,1.09045,0.0
2009-09-28,1.09064,1.09912,1.08311,1.08494,0.0
2009-09-29,1.0849,1.09226,1.07933,1.0844,0.0
2009-09-30,1.08453,1.08516,1.06715,1.06948,0.0
2009-10-01,1.0694,1.08448,1.06717,1.08371,0.0
2009-10-02,1.08385,1.09577,1.0788,1.07953,0.0
2009-10-05,1.07915,1.0821,1.06926,1.06989,0.0
2009-10-06,1.06957,1.07134,1.05456,1.05905,0.0
2009-10-07,1.059,1.06478,1.05273,1.06107,0.0
2009-10-08,1.06088,1.06303,1.05051,1.05163,0.0
2009-10-09,1.05121,1.055,1.04103,1.04196,0.0
2009-10-12,1.0431,1.04507,1.03168,1.0346,0.0
2009-10-13,1.03455,1.03731,1.02648,1.03187,0.0
2009-10-14,1.0316,1.03247,1.02324,1.02349,0.0
2009-10-15,1.0237,1.03698,1.02053,1.03373,0.0
2009-10-16,1.03352,1.04348,1.02884,1.03727,0.0
2009-10-19,1.03863,1.04202,1.02782,1.02825,0.0
2009-10-20,1.02785,1.05263,1.02653,1.04921,0.0
2009-10-21,1.04919,1.05574,1.03774,1.04257,0.0
2009-10-22,1.04267,1.05431,1.04155,1.04741,0.0
2009-10-23,1.04746,1.05444,1.04486,1.05327,0.0
2009-10-26,1.05178,1.06972,1.05014,1.06887,0.0
2009-10-27,1.06852,1.07174,1.06266,1.0646,0.0
2009-10-28,1.0645,1.08121,1.06369,1.0809,0.0
2009-10-29,1.081,1.08205,1.06544,1.06608,0.0
2009-10-30,1.06703,1.08461,1.06516,1.08396,0.0
2009-11-02,1.08429,1.08697,1.07121,1.07653,0.0
2009-11-03,1.07754,1.08524,1.06547,1.06573,0.0
2009-11-04,1.06565,1.06825,1.05925,1.06269,0.0
2009-11-05,1.06287,1.06812,1.06043,1.06484,0.0
2009-11-06,1.06506,1.07795,1.0608,1.07503,0.0
2009-11-09,1.07168,1.07462,1.05423,1.05509,0.0
2009-11-10,1.05506,1.06064,1.04736,1.05088,0.0
2009-11-11,1.04939,1.05027,1.04315,1.04472,0.0
2009-11-12,1.04473,1.0576,1.04164,1.05571,0.0
2009-11-13,1.05532,1.05654,1.04714,1.05177,0.0
2009-11-16,1.05351,1.05368,1.04255,1.04736,0.0
2009-11-17,1.04773,1.06183,1.04647,1.05088,0.0
2009-11-18,1.05086,1.05832,1.04485,1.0547,0.0
2009-11-19,1.05457,1.06896,1.05448,1.06352,0.0
2009-11-20,1.06316,1.073,1.06137,1.07016,0.0
2009-11-23,1.06967,1.07034,1.05384,1.05546,0.0
2009-11-24,1.05559,1.06419,1.05524,1.05779,0.0
2009-11-25,1.05749,1.05819,1.04488,1.04506,0.0
2009-11-26,1.04503,1.06197,1.04499,1.05858,0.0
2009-11-27,1.05905,1.07478,1.05795,1.0615,0.0
2009-11-30,1.05734,1.06143,1.05327,1.05614,0.0
2009-12-01,1.05592,1.05772,1.04047,1.04604,0.0
2009-12-02,1.04602,1.05142,1.0431,1.0509,0.0
2009-12-03,1.05097,1.05829,1.04609,1.05707,0.0
2009-12-04,1.05692,1.05947,1.04325,1.05774,0.0
2009-12-07,1.05575,1.06489,1.04816,1.05122,0.0
2009-12-08,1.05166,1.06708,1.04861,1.06365,0.0
2009-12-09,1.06305,1.066,1.05142,1.05437,0.0
2009-12-10,1.05446,1.06108,1.04779,1.05148,0.0
2009-12-11,1.05147,1.0622,1.04828,1.05965,0.0
2009-12-14,1.06,1.06615,1.0566,1.05852,0.0
2009-12-15,1.05859,1.06517,1.05515,1.06099,0.0
2009-12-16,1.06097,1.06419,1.05702,1.06108,0.0
2009-12-17,1.06117,1.07453,1.06081,1.07094,0.0
2009-12-18,1.07109,1.07249,1.06274,1.06602,0.0
2009-12-21,1.06654,1.06977,1.05346,1.06206,0.0
2009-12-22,1.06194,1.06341,1.05404,1.05729,0.0
2009-12-23,1.05725,1.0577,1.04693,1.04863,0.0
2009-12-24,1.04833,1.05063,1.04472,1.04934,0.0
2009-12-28,1.04871,1.04993,1.04173,1.04272,0.0
2009-12-29,1.04264,1.0443,1.03651,1.04318,0.0
2009-12-30,1.04275,1.05769,1.0424,1.05514,0.0
2009-12-31,1.05523,1.05588,1.04542,1.05287,0.0
2010-01-04,1.05173,1.05179,1.03501,1.04129,0.0
2010-01-05,1.04119,1.04188,1.0335,1.03878,0.0
2010-01-06,1.03881,1.04086,1.03111,1.03219,0.0
2010-01-07,1.03244,1.03726,1.02905,1.03434,0.0
2010-01-08,1.03427,1.03827,1.0294,1.02951,0.0
2010-01-11,1.02772,1.03428,1.02511,1.0333,0.0
2010-01-12,1.03344,1.04129,1.03121,1.03885,0.0
2010-01-13,1.03884,1.04108,1.0289,1.03071,0.0
2010-01-14,1.03026,1.03212,1.02236,1.02327,0.0
2010-01-15,1.02333,1.03127,1.02303,1.0288,0.0
2010-01-18,1.03002,1.03132,1.0247,1.02597,0.0
2010-01-19,1.02586,1.03473,1.02466,1.03126,0.0
2010-01-20,1.03082,1.0488,1.03013,1.04626,0.0
2010-01-21,1.04627,1.05247,1.04377,1.05232,0.0
2010-01-22,1.05232,1.06017,1.04638,1.05739,0.0
2010-01-25,1.0579,1.0612,1.05314,1.05751,0.0
2010-01-26,1.05727,1.0691,1.05454,1.06247,0.0
2010-01-27,1.06237,1.06867,1.06082,1.06412,0.0
2010-01-28,1.06382,1.06697,1.05556,1.06618,0.0
2010-01-29,1.06628,1.0704,1.06222,1.07034,0.0
2010-02-01,1.07051,1.07201,1.06077,1.06079,0.0
2010-02-02,1.06111,1.06401,1.05643,1.05694,0.0
2010-02-03,1.0573,1.06351,1.05449,1.06244,0.0
2010-02-04,1.06269,1.07521,1.05963,1.07413,0.0
2010-02-05,1.07383,1.07795,1.0643,1.07085,0.0
2010-02-08,1.07092,1.07569,1.06559,1.07568,0.0
2010-02-09,1.07556,1.0765,1.06434,1.06546,0.0
2010-02-10,1.06517,1.07068,1.0596,1.06195,0.0
2010-02-11,1.06193,1.06277,1.04781,1.0501,0.0
2010-02-12,1.04994,1.0578,1.04881,1.0501,0.0
2010-02-15,1.05066,1.05308,1.04617,1.04909,0.0
2010-02-16,1.04929,1.04975,1.04087,1.04342,0.0
2010-02-17,1.04397,1.04703,1.04108,1.04616,0.0
2010-02-18,1.04611,1.04969,1.03957,1.0469,0.0
2010-02-19,1.0469,1.05289,1.03868,1.03901,0.0
2010-02-22,1.03819,1.04396,1.03688,1.04286,0.0
2010-02-23,1.04286,1.05786,1.03806,1.05623,0.0
2010-02-24,1.05667,1.05926,1.05083,1.05355,0.0
2010-02-25,1.0534,1.06793,1.05125,1.06076,0.0
2010-02-26,1.05984,1.06172,1.05095,1.05157,0.0
2010-03-01,1.05441,1.05726,1.04089,1.04133,0.0
2010-03-02,1.04154,1.04413,1.03077,1.03549,0.0
2010-03-03,1.03549,1.03643,1.02727,1.03177,0.0
2010-03-04,1.03157,1.03385,1.02694,1.03151,0.0
2010-03-05,1.03133,1.03303,1.026,1.02926,0.0
2010-03-08,1.0274,1.02932,1.02496,1.02721,0.0
2010-03-09,1.02727,1.03187,1.02344,1.02594,0.0
2010-03-10,1.02624,1.02913,1.02154,1.02481,0.0
2010-03-11,1.02459,1.03212,1.02277,1.02392,0.0
2010-03-12,1.02394,1.02498,1.01537,1.01908,0.0
2010-03-15,1.01726,1.02308,1.01634,1.01916,0.0
2010-03-16,1.01906,1.0202,1.01332,1.01391,0.0
2010-03-17,1.01381,1.01452,1.00699,1.01021,0.0
2010-03-18,1.00996,1.01417,1.00881,1.01389,0.0
2010-03-19,1.01391,1.01876,1.00603,1.01709,0.0
2010-03-22,1.01543,1.02424,1.01459,1.01878,0.0
2010-03-23,1.01878,1.02277,1.01511,1.01588,0.0
2010-03-24,1.01568,1.0281,1.01542,1.02645,0.0
2010-03-25,1.02683,1.02688,1.01687,1.02394,0.0
2010-03-26,1.02434,1.03017,1.02037,1.02643,0.0
2010-03-29,1.02526,1.02704,1.01751,1.02113,0.0
2010-03-30,1.02133,1.02209,1.01558,1.01983,0.0
2010-03-31,1.01983,1.0202,1.01263,1.01521,0.0
2010-04-01,1.01501,1.01617,1.00659,1.00844,0.0
2010-04-02,1.00844,1.01289,1.00797,1.0109,0.0
2010-04-05,1.00825,1.00887,1.00075,1.00207,0.0
2010-04-06,1.00124,1.00457,0.99869,1.0014,0.0
2010-04-07,1.0016,1.00609,0.99751,1.00609,0.0
2010-04-08,1.00584,1.01042,1.00168,1.00187,0.0
2010-04-09,1.00202,1.0082,0.99898,1.00265,0.0
2010-04-12,1.00205,1.00871,1.00097,1.00236,0.0
2010-04-13,1.00208,1.00646,1.00037,1.0009,0.0
2010-04-14,1.00095,1.00209,0.99519,0.99839,0.0
2010-04-15,0.99884,1.0035,0.99629,1.00182,0.0
2010-04-16,1.00169,1.01625,1.00025,1.01273,0.0
2010-04-19,1.01439,1.0215,1.01344,1.01424,0.0
2010-04-20,1.01439,1.01629,0.997,0.99861,0.0
2010-04-21,0.99811,1.00127,0.99291,0.99958,0.0
2010-04-22,0.99961,1.00386,0.996,1.00018,0.0
2010-04-23,0.99993,1.00639,0.99676,0.99884,0.0
2010-04-26,0.99956,1.00221,0.99694,1.00083,0.0
2010-04-27,1.00055,1.01801,0.9999,1.01743,0.0
2010-04-28,1.01736,1.0196,1.00728,1.00942,0.0
2010-04-29,1.00956,1.01125,1.00126,1.00493,0.0
2010-04-30,1.00539,1.01773,1.0015,1.01766,0.0
2010-05-03,1.01618,1.01848,1.00993,1.0106,0.0
2010-05-04,1.01061,1.02556,1.01007,1.02413,0.0
2010-05-05,1.02349,1.03537,1.02305,1.03046,0.0
2010-05-06,1.03102,1.07378,1.02804,1.05204,0.0
2010-05-07,1.05099,1.05702,1.03366,1.04379,0.0
2010-05-10,1.03416,1.039,1.02088,1.02301,0.0
2010-05-11,1.02309,1.02872,1.01478,1.02155,0.0
2010-05-12,1.02146,1.0246,1.01522,1.01915,0.0
2010-05-13,1.01918,1.02082,1.01095,1.0194,0.0
2010-05-14,1.01965,1.0377,1.01949,1.03504,0.0
2010-05-17,1.03329,1.04368,1.03173,1.03245,0.0
2010-05-18,1.03159,1.04098,1.02448,1.03913,0.0
2010-05-19,1.03896,1.05373,1.03783,1.04338,0.0
2010-05-20,1.04406,1.07185,1.04018,1.06995,0.0
2010-05-21,1.06873,1.07491,1.05498,1.05917,0.0
2010-05-24,1.06028,1.06596,1.05329,1.06244,0.0
2010-05-25,1.06239,1.08529,1.06215,1.06724,0.0
2010-05-26,1.06716,1.07435,1.05791,1.07071,0.0
2010-05-27,1.07078,1.07172,1.04791,1.04793,0.0
2010-05-28,1.04814,1.05582,1.04429,1.05452,0.0
2010-05-31,1.05217,1.05506,1.04129,1.04429,0.0
2010-06-01,1.04327,1.05614,1.04192,1.05526,0.0
2010-06-02,1.05511,1.05727,1.03711,1.03815,0.0
2010-06-03,1.03821,1.04622,1.03331,1.04002,0.0
2010-06-04,1.03971,1.06252,1.03664,1.06238,0.0
2010-06-07,1.06247,1.06777,1.05141,1.06147,0.0
2010-06-08,1.06074,1.06163,1.04682,1.04727,0.0
2010-06-09,1.04707,1.05149,1.03628,1.0444,0.0
2010-06-10,1.04432,1.04522,1.02863,1.02965,0.0
2010-06-11,1.02992,1.03881,1.02971,1.03183,0.0
2010-06-14,1.03175,1.03475,1.02233,1.03367,0.0
2010-06-15,1.03462,1.03598,1.02404,1.02528,0.0
2010-06-16,1.02534,1.03228,1.02233,1.02412,0.0
2010-06-17,1.0247,1.03369,1.02232,1.02801,0.0
2010-06-18,1.02766,1.03118,1.02062,1.02154,0.0
2010-06-21,1.01817,1.02598,1.01374,1.02409,0.0
2010-06-22,1.02416,1.0295,1.01803,1.0295,0.0
2010-06-23,1.02917,1.04583,1.02716,1.0395,0.0
2010-06-24,1.03959,1.04687,1.03734,1.04279,0.0
2010-06-25,1.04276,1.0442,1.03395,1.03494,0.0
2010-06-28,1.03386,1.03713,1.03198,1.03559,0.0
2010-06-29,1.03569,1.05761,1.03415,1.05578,0.0
2010-06-30,1.05503,1.06472,1.04655,1.06371,0.0
2010-07-01,1.06399,1.0673,1.05765,1.05949,0.0
2010-07-02,1.05952,1.06671,1.0555,1.06217,0.0
2010-07-05,1.06146,1.06757,1.05754,1.06312,0.0
2010-07-06,1.06415,1.06759,1.04845,1.05426,0.0
2010-07-07,1.05408,1.06053,1.04629,1.04634,0.0
2010-07-08,1.04656,1.04858,1.03784,1.04178,0.0
2010-07-09,1.04223,1.04537,1.02951,1.03359,0.0
2010-07-12,1.03182,1.03855,1.02994,1.03706,0.0
2010-07-13,1.03699,1.0385,1.02753,1.02979,0.0
2010-07-14,1.03039,1.037,1.02847,1.03242,0.0
2010-07-15,1.03198,1.04418,1.0279,1.03807,0.0
2010-07-16,1.03862,1.05802,1.03779,1.05787,0.0
2010-07-19,1.05609,1.05796,1.04976,1.0548,0.0
2010-07-20,1.05456,1.05849,1.04291,1.0431,0.0
2010-07-21,1.04298,1.05008,1.03502,1.04891,0.0
2010-07-22,1.04882,1.05023,1.03548,1.03703,0.0
2010-07-23,1.03651,1.04345,1.03451,1.03543,0.0
2010-07-26,1.03781,1.03846,1.03015,1.03207,0.0
2010-07-27,1.032,1.03938,1.02549,1.0352,0.0
2010-07-28,1.03503,1.03895,1.02969,1.03848,0.0
2010-07-29,1.03789,1.03901,1.03019,1.03609,0.0
2010-07-30,1.03565,1.03748,1.02628,1.02939,0.0
2010-08-02,1.02832,1.02983,1.0203,1.02277,0.0
2010-08-03,1.02284,1.02732,1.0218,1.02325,0.0
2010-08-04,1.02324,1.02701,1.01629,1.0179,0.0
2010-08-05,1.0179,1.01861,1.01066,1.0166,0.0
2010-08-06,1.01662,1.03052,1.01459,1.02704,0.0
2010-08-09,1.02658,1.02987,1.02552,1.0269,0.0
2010-08-10,1.02685,1.03872,1.0268,1.03096,0.0
2010-08-11,1.03086,1.04739,1.03015,1.04635,0.0
2010-08-12,1.0464,1.0493,1.042,1.04221,0.0
2010-08-13,1.04245,1.0438,1.03493,1.0417,0.0
2010-08-16,1.04093,1.0464,1.03698,1.04329,0.0
2010-08-17,1.04304,1.04374,1.03079,1.03191,0.0
2010-08-18,1.03173,1.03404,1.02697,1.02936,0.0
2010-08-19,1.02946,1.04145,1.02469,1.04019,0.0
2010-08-20,1.04015,1.05133,1.03812,1.04722,0.0
2010-08-23,1.04901,1.05288,1.04436,1.05203,0.0
2010-08-24,1.05196,1.06628,1.051,1.0614,0.0
2010-08-25,1.06115,1.06666,1.05733,1.0595,0.0
2010-08-26,1.05925,1.06041,1.05207,1.05774,0.0
2010-08-27,1.05798,1.06478,1.0504,1.05047,0.0
2010-08-30,1.04906,1.06031,1.04713,1.05998,0.0
2010-08-31,1.05968,1.0672,1.05744,1.06536,0.0
2010-09-01,1.06528,1.06549,1.04832,1.04958,0.0
2010-09-02,1.04953,1.05554,1.04708,1.05218,0.0
2010-09-03,1.05228,1.05678,1.03809,1.03863,0.0
2010-09-06,1.03941,1.04043,1.03388,1.03518,0.0
2010-09-07,1.03472,1.04808,1.03468,1.04775,0.0
2010-09-08,1.04771,1.05082,1.03452,1.03732,0.0
2010-09-09,1.0371,1.03934,1.03004,1.03377,0.0
2010-09-10,1.03387,1.0373,1.0286,1.03677,0.0
2010-09-13,1.03318,1.03448,1.02645,1.027,0.0
2010-09-14,1.0271,1.03055,1.02145,1.02743,0.0
2010-09-15,1.02728,1.03193,1.02511,1.02602,0.0
2010-09-16,1.026,1.02896,1.02384,1.02642,0.0
2010-09-17,1.02637,1.03486,1.02152,1.03274,0.0
2010-09-20,1.03205,1.03456,1.02604,1.02808,0.0
2010-09-21,1.02808,1.03299,1.02155,1.02669,0.0
2010-09-22,1.02641,1.03573,1.01904,1.03051,0.0
2010-09-23,1.03023,1.03788,1.02837,1.03418,0.0
2010-09-24,1.03406,1.0354,1.02246,1.02389,0.0
2010-09-27,1.02409,1.02976,1.02219,1.02901,0.0
2010-09-28,1.02898,1.0361,1.02835,1.02951,0.0
2010-09-29,1.02945,1.03403,1.02396,1.03234,0.0
2010-09-30,1.03227,1.03446,1.02296,1.02906,0.0
2010-10-01,1.02916,1.03126,1.01866,1.01935,0.0
2010-10-04,1.0186,1.02438,1.01793,1.02378,0.0
2010-10-05,1.02295,1.02726,1.01534,1.01569,0.0
2010-10-06,1.01574,1.01652,1.00616,1.01094,0.0
2010-10-07,1.01099,1.02098,1.0077,1.01733,0.0
2010-10-08,1.01737,1.02325,1.00911,1.01073,0.0
2010-10-11,1.00984,1.01492,1.00911,1.01375,0.0
2010-10-12,1.0136,1.01822,1.00887,1.00998,0.0
2010-10-13,1.01,1.01045,1.00104,1.00316,0.0
2010-10-14,1.00333,1.00729,0.99792,1.00382,0.0
2010-10-15,1.00387,1.01385,1.00117,1.00996,0.0
2010-10-18,1.01158,1.02267,1.01153,1.01705,0.0
2010-10-19,1.01698,1.03728,1.01609,1.03344,0.0
2010-10-20,1.03301,1.03484,1.02065,1.02081,0.0
2010-10-21,1.02071,1.03013,1.01671,1.02656,0.0
2010-10-22,1.02646,1.03015,1.02222,1.02579,0.0
2010-10-25,1.02509,1.02673,1.01537,1.01983,0.0
2010-10-26,1.01955,1.02658,1.01808,1.02362,0.0
2010-10-27,1.02358,1.03384,1.02247,1.0279,0.0
2010-10-28,1.0278,1.02856,1.01802,1.02088,0.0
2010-10-29,1.02098,1.02471,1.01679,1.01922,0.0
2010-11-01,1.01871,1.02017,1.01258,1.01505,0.0
2010-11-02,1.01486,1.01671,1.00795,1.00795,0.0
2010-11-03,1.00802,1.01553,1.00456,1.00508,0.0
2010-11-04,1.00516,1.0119,1.00092,1.00205,0.0
2010-11-05,1.00217,1.00886,0.99904,0.99983,0.0
2010-11-08,1.0,1.00547,0.99928,1.00349,0.0
2010-11-09,1.00357,1.00934,0.99791,1.00785,0.0
2010-11-10,1.00784,1.00915,0.9992,1.0006,0.0
2010-11-11,1.00091,1.0071,0.9977,1.00304,0.0
2010-11-12,1.00307,1.01452,1.00258,1.01196,0.0
2010-11-15,1.01051,1.01384,1.00561,1.00969,0.0
2010-11-16,1.00968,1.02543,1.00693,1.02216,0.0
2010-11-17,1.02203,1.02612,1.01798,1.02443,0.0
2010-11-18,1.02459,1.02464,1.01545,1.019,0.0
2010-11-19,1.01903,1.02331,1.01632,1.0166,0.0
2010-11-22,1.01631,1.02164,1.01204,1.01852,0.0
2010-11-23,1.01852,1.02632,1.01604,1.02452,0.0
2010-11-24,1.02374,1.02421,1.00907,1.0098,0.0
2010-11-25,1.00987,1.01229,1.00754,1.00879,0.0
2010-11-26,1.00899,1.02463,1.00834,1.02097,0.0
2010-11-29,1.01646,1.02573,1.01634,1.01792,0.0
2010-11-30,1.01827,1.02856,1.01704,1.0263,0.0
2010-12-01,1.02627,1.02706,1.0141,1.01688,0.0
2010-12-02,1.01722,1.0189,1.00247,1.00247,0.0
2010-12-03,1.00243,1.00795,1.00023,1.00371,0.0
2010-12-06,1.00316,1.0082,1.00202,1.00547,0.0
2010-12-07,1.00554,1.01244,1.00107,1.01227,0.0
2010-12-08,1.01235,1.014,1.00633,1.01101,0.0
2010-12-09,1.01097,1.0125,1.00658,1.01043,0.0
2010-12-10,1.01047,1.0115,1.00827,1.00906,0.0
2010-12-13,1.01011,1.01061,1.0027,1.00731,0.0
2010-12-14,1.00723,1.011,1.00279,1.00606,0.0
2010-12-15,1.00613,1.0094,1.00005,1.00482,0.0
2010-12-16,1.00402,1.00744,1.00314,1.0059,0.0
2010-12-17,1.00506,1.01459,1.00371,1.01385,0.0
2010-12-20,1.01194,1.02076,1.01014,1.0166,0.0
2010-12-21,1.01656,1.02053,1.01503,1.01699,0.0
2010-12-22,1.01694,1.01776,1.01096,1.01303,0.0
2010-12-23,1.01303,1.01645,1.00702,1.00905,0.0
2010-12-24,1.00914,1.01073,1.00493,1.00719,0.0
2010-12-27,1.0077,1.01092,1.00569,1.00667,0.0
2010-12-28,1.00671,1.00704,0.99744,1.00088,0.0
2010-12-29,1.00079,1.00556,0.9974,1.00066,0.0
2010-12-30,1.00067,1.00214,0.99902,0.99982,0.0
2010-12-31,0.99984,1.00059,0.99246,0.99558,0.0
2011-01-03,0.99457,0.9951,0.98874,0.99362,0.0
2011-01-04,0.9935,1.00336,0.99154,0.99824,0.0
2011-01-05,0.99832,1.00226,0.99328,0.99534,0.0
2011-01-06,0.99553,0.99929,0.99246,0.99646,0.0
2011-01-07,0.99649,1.00038,0.9898,0.99321,0.0
2011-01-10,0.9929,0.99835,0.991,0.99325,0.0
2011-01-11,0.99311,0.9949,0.98915,0.99039,0.0
2011-01-12,0.99027,0.99109,0.98476,0.98557,0.0
2011-01-13,0.98566,0.99079,0.98528,0.98901,0.0
2011-01-14,0.98901,0.99762,0.98851,0.99048,0.0
2011-01-17,0.98805,0.99012,0.98558,0.98692,0.0
2011-01-18,0.98685,0.99337,0.98367,0.99116,0.0
2011-01-19,0.99123,0.99654,0.9888,0.99558,0.0
2011-01-20,0.99552,1.00302,0.9948,0.99718,0.0
2011-01-21,0.99725,0.99869,0.99074,0.99304,0.0
2011-01-24,0.99308,0.99817,0.99175,0.99345,0.0
2011-01-25,0.99347,1.00034,0.99108,0.99652,0.0
2011-01-26,0.99667,0.998,0.99363,0.99384,0.0
2011-01-27,0.994,0.99866,0.99256,0.99327,0.0
2011-01-28,0.99352,1.0016,0.99337,1.00117,0.0
2011-01-31,1.00137,1.00574,0.99617,1.00084,0.0
2011-02-01,1.00077,1.00092,0.98993,0.99043,0.0
2011-02-02,0.99037,0.9915,0.98595,0.9878,0.0
2011-02-03,0.98772,0.99213,0.9865,0.99097,0.0
2011-02-04,0.99099,0.992,0.98311,0.98708,0.0
2011-02-07,0.98768,0.9911,0.98571,0.99074,0.0
2011-02-08,0.99042,0.99768,0.98681,0.99505,0.0
2011-02-09,0.99522,0.99554,0.99147,0.99369,0.0
2011-02-10,0.99377,0.99868,0.9931,0.99509,0.0
2011-02-11,0.99516,0.99853,0.98619,0.98723,0.0
2011-02-14,0.98928,0.9901,0.985,0.9889,0.0
2011-02-15,0.98901,0.99013,0.98505,0.98965,0.0
2011-02-16,0.98956,0.99024,0.98451,0.98469,0.0
2011-02-17,0.98472,0.9858,0.98146,0.98431,0.0
2011-02-18,0.98412,0.98737,0.98177,0.98641,0.0
2011-02-21,0.98518,0.9871,0.98213,0.98274,0.0
2011-02-22,0.98283,0.99188,0.98229,0.99057,0.0
2011-02-23,0.99057,0.99586,0.9857,0.98938,0.0
2011-02-24,0.98892,0.99014,0.98157,0.98251,0.0
2011-02-25,0.98237,0.98311,0.97717,0.97755,0.0
2011-02-28,0.97829,0.97885,0.97093,0.97151,0.0
2011-03-01,0.97155,0.97546,0.96828,0.97458,0.0
2011-03-02,0.97392,0.97756,0.97076,0.97289,0.0
2011-03-03,0.97323,0.97516,0.97138,0.97175,0.0
2011-03-04,0.97227,0.9742,0.96989,0.97321,0.0
2011-03-07,0.97302,0.97425,0.96993,0.97322,0.0
2011-03-08,0.97267,0.97474,0.97069,0.9713,0.0
2011-03-09,0.97127,0.97144,0.96666,0.96834,0.0
2011-03-10,0.96852,0.97666,0.96817,0.97593,0.0
2011-03-11,0.97572,0.98016,0.97048,0.97294,0.0
2011-03-14,0.97285,0.9763,0.97094,0.97361,0.0
2011-03-15,0.97361,0.99735,0.97321,0.98562,0.0
2011-03-16,0.98536,0.99666,0.98062,0.99116,0.0
2011-03-17,0.99186,0.99489,0.98336,0.98486,0.0
2011-03-18,0.98516,0.98633,0.98033,0.98393,0.0
2011-03-21,0.98462,0.98534,0.97485,0.9775,0.0
2011-03-22,0.97762,0.98123,0.9746,0.98076,0.0
2011-03-23,0.98048,0.98425,0.97911,0.98146,0.0
2011-03-24,0.98146,0.98234,0.97307,0.97516,0.0
2011-03-25,0.97538,0.98263,0.97413,0.98052,0.0
2011-03-28,0.97995,0.98215,0.97406,0.97776,0.0
2011-03-29,0.97771,0.97839,0.97382,0.9743,0.0
2011-03-30,0.9743,0.97523,0.96861,0.97076,0.0
2011-03-31,0.97091,0.97284,0.96824,0.97042,0.0
2011-04-01,0.97011,0.97056,0.96254,0.9629,0.0
2011-04-04,0.96353,0.9687,0.96153,0.96679,0.0
2011-04-05,0.96682,0.96923,0.96266,0.96374,0.0
2011-04-06,0.96369,0.96407,0.95684,0.96059,0.0
2011-04-07,0.96029,0.96233,0.95697,0.95837,0.0
2011-04-08,0.95732,0.95936,0.9526,0.95513,0.0
2011-04-11,0.95369,0.95767,0.95369,0.95646,0.0
2011-04-12,0.95634,0.96568,0.95556,0.96324,0.0
2011-04-13,0.96277,0.96545,0.95841,0.96204,0.0
2011-04-14,0.96214,0.96694,0.95945,0.96095,0.0
2011-04-15,0.96098,0.96488,0.95862,0.95862,0.0
2011-04-18,0.95873,0.97208,0.95853,0.96394,0.0
2011-04-19,0.96454,0.96663,0.95476,0.95584,0.0
2011-04-20,0.95579,0.95627,0.94966,0.95224,0.0
2011-04-21,0.95209,0.95369,0.94533,0.95284,0.0
2011-04-22,0.95306,0.95454,0.9519,0.95394,0.0
2011-04-25,0.95169,0.95601,0.95026,0.95414,0.0
2011-04-26,0.95404,0.95615,0.94953,0.95075,0.0
2011-04-27,0.9508,0.95753,0.94869,0.94954,0.0
2011-04-28,0.9491,0.95204,0.94643,0.9499,0.0
2011-04-29,0.94985,0.95488,0.94442,0.94443,0.0
2011-05-02,0.94504,0.95178,0.94444,0.94983,0.0
2011-05-03,0.95044,0.95412,0.94582,0.9518,0.0
2011-05-04,0.95226,0.96031,0.9504,0.9583,0.0
2011-05-05,0.9582,0.97122,0.95675,0.96625,0.0
2011-05-06,0.9661,0.97015,0.95726,0.96598,0.0
2011-05-09,0.966,0.96953,0.96035,0.96186,0.0
2011-05-10,0.9612,0.96525,0.95675,0.9568,0.0
2011-05-11,0.95657,0.96381,0.95126,0.96112,0.0
2011-05-12,0.9615,0.96939,0.95987,0.96231,0.0
2011-05-13,0.96215,0.97434,0.96036,0.96837,0.0
2011-05-16,0.96861,0.97696,0.96831,0.97551,0.0
2011-05-17,0.9752,0.97928,0.97161,0.97205,0.0
2011-05-18,0.97105,0.9759,0.96957,0.96999,0.0
2011-05-19,0.96888,0.97134,0.96535,0.96751,0.0
2011-05-20,0.96683,0.97712,0.96405,0.97347,0.0
2011-05-23,0.9736,0.98096,0.973,0.97773,0.0
2011-05-24,0.97724,0.97924,0.97534,0.9765,0.0
2011-05-25,0.97605,0.98155,0.97432,0.9774,0.0
2011-05-26,0.97735,0.98151,0.97557,0.97793,0.0
2011-05-27,0.97745,0.97972,0.97525,0.97591,0.0
2011-05-30,0.97762,0.97866,0.97509,0.97693,0.0
2011-05-31,0.97667,0.97703,0.96544,0.96853,0.0
2011-06-01,0.9682,0.97671,0.96664,0.97663,0.0
2011-06-02,0.9767,0.98092,0.97436,0.97562,0.0
2011-06-03,0.97555,0.98514,0.97442,0.97746,0.0
2011-06-06,0.97755,0.98167,0.97668,0.9806,0.0
2011-06-07,0.9804,0.98091,0.97308,0.97436,0.0
2011-06-08,0.9743,0.98204,0.97366,0.97928,0.0
2011-06-09,0.9788,0.98122,0.97232,0.97275,0.0
2011-06-10,0.97294,0.97965,0.97116,0.97957,0.0
2011-06-13,0.97901,0.97975,0.97514,0.976,0.0
2011-06-14,0.9759,0.97711,0.96742,0.96882,0.0
2011-06-15,0.96824,0.98285,0.96697,0.97871,0.0
2011-06-16,0.9787,0.98975,0.97722,0.98126,0.0
2011-06-17,0.98154,0.98683,0.97749,0.97919,0.0
2011-06-20,0.97919,0.98489,0.97809,0.97949,0.0
2011-06-21,0.97961,0.98047,0.97117,0.97144,0.0
2011-06-22,0.97048,0.97527,0.97,0.97326,0.0
2011-06-23,0.97334,0.98235,0.97125,0.97867,0.0
2011-06-24,0.97832,0.98857,0.97699,0.98804,0.0
2011-06-27,0.98669,0.99123,0.98573,0.98628,0.0
2011-06-28,0.98537,0.98838,0.98117,0.98122,0.0
2011-06-29,0.98048,0.9824,0.96887,0.96979,0.0
2011-06-30,0.96881,0.97005,0.9624,0.96328,0.0
2011-07-01,0.9627,0.96506,0.95783,0.95783,0.0
2011-07-04,0.95933,0.96172,0.95782,0.96034,0.0
2011-07-05,0.96036,0.96414,0.95931,0.96263,0.0
2011-07-06,0.96276,0.96941,0.96138,0.96461,0.0
2011-07-07,0.96466,0.96657,0.95687,0.95805,0.0
2011-07-08,0.95794,0.96647,0.95588,0.96185,0.0
2011-07-11,0.96103,0.96951,0.96103,0.96811,0.0
2011-07-12,0.9679,0.97781,0.96255,0.96574,0.0
2011-07-13,0.96578,0.96662,0.95747,0.95747,0.0
2011-07-14,0.9575,0.96164,0.95482,0.95971,0.0
2011-07-15,0.95992,0.96235,0.95195,0.9524,0.0
2011-07-18,0.95425,0.9635,0.95335,0.959,0.0
2011-07-19,0.9589,0.96012,0.94816,0.94937,0.0
2011-07-20,0.9495,0.95125,0.94565,0.94731,0.0
2011-07-21,0.94733,0.94926,0.94225,0.94306,0.0
2011-07-22,0.94308,0.95299,0.94198,0.94753,0.0
2011-07-25,0.94785,0.95243,0.94341,0.94683,0.0
2011-07-26,0.94693,0.94742,0.94058,0.9441,0.0
2011-07-27,0.94433,0.95054,0.94097,0.94962,0.0
2011-07-28,0.94933,0.95224,0.94575,0.9492,0.0
2011-07-29,0.94925,0.95897,0.94856,0.955,0.0
2011-08-01,0.953,0.96051,0.94907,0.95691,0.0
2011-08-02,0.95685,0.96179,0.95472,0.96108,0.0
2011-08-03,0.96112,0.96465,0.95676,0.96204,0.0
2011-08-04,0.96208,0.98146,0.9602,0.98128,0.0
2011-08-05,0.98122,0.98529,0.97416,0.98181,0.0
2011-08-08,0.9812,0.99441,0.97814,0.9942,0.0
2011-08-09,0.99421,1.00094,0.97683,0.97715,0.0
2011-08-10,0.97695,0.99538,0.9763,0.99477,0.0
2011-08-11,0.99468,0.99681,0.98391,0.98391,0.0
2011-08-12,0.98398,0.99184,0.98331,0.98669,0.0
2011-08-15,0.98711,0.99056,0.97906,0.97906,0.0
2011-08-16,0.97901,0.98717,0.9789,0.98214,0.0
2011-08-17,0.98216,0.98455,0.97743,0.98052,0.0
2011-08-18,0.98059,0.99378,0.97983,0.99027,0.0
2011-08-19,0.99007,0.99259,0.98259,0.98967,0.0
2011-08-22,0.98908,0.99186,0.98286,0.99034,0.0
2011-08-23,0.9903,0.99095,0.98489,0.98725,0.0
2011-08-24,0.98727,0.99054,0.98392,0.98712,0.0
2011-08-25,0.98682,0.98868,0.97909,0.98817,0.0
2011-08-26,0.98809,0.99236,0.9808,0.98091,0.0
2011-08-29,0.97941,0.98324,0.97397,0.97686,0.0
2011-08-30,0.97653,0.98167,0.9757,0.97786,0.0
2011-08-31,0.97774,0.98009,0.97248,0.97755,0.0
2011-09-01,0.97757,0.97959,0.97357,0.97666,0.0
2011-09-02,0.97656,0.98567,0.97531,0.98501,0.0
2011-09-05,0.9858,0.99326,0.9853,0.98981,0.0
2011-09-06,0.98983,0.99651,0.98633,0.99036,0.0
2011-09-07,0.99011,0.99109,0.98305,0.98323,0.0
2011-09-08,0.98319,0.98965,0.98295,0.98927,0.0
2011-09-09,0.98917,0.99792,0.98681,0.996,0.0
2011-09-12,0.99723,1.00261,0.99147,0.99253,0.0
2011-09-13,0.99258,0.99762,0.98499,0.98559,0.0
2011-09-14,0.98561,0.99396,0.9846,0.98903,0.0
2011-09-15,0.98899,0.99494,0.98295,0.98349,0.0
2011-09-16,0.98356,0.98606,0.97756,0.97766,0.0
2011-09-19,0.98158,0.99227,0.98053,0.98993,0.0
2011-09-20,0.9905,0.99482,0.98819,0.99244,0.0
2011-09-21,0.99243,1.0088,0.99087,1.00788,0.0
2011-09-22,1.00791,1.03609,1.00515,1.02826,0.0
2011-09-23,1.02816,1.03483,1.0224,1.02772,0.0
2011-09-26,1.0275,1.03851,1.02491,1.02491,0.0
2011-09-27,1.02496,1.02803,1.01433,1.01929,0.0
2011-09-28,1.01924,1.03369,1.0185,1.03324,0.0
2011-09-29,1.03325,1.04015,1.02559,1.03559,0.0
2011-09-30,1.03578,1.05024,1.03508,1.04955,0.0
2011-10-03,1.04859,1.05466,1.04316,1.05461,0.0
2011-10-04,1.05449,1.06573,1.05107,1.05139,0.0
2011-10-05,1.05113,1.05712,1.03956,1.04055,0.0
2011-10-06,1.04017,1.04821,1.03697,1.03732,0.0
2011-10-07,1.03712,1.04183,1.02339,1.03895,0.0
2011-10-10,1.0384,1.0391,1.02505,1.02651,0.0
2011-10-11,1.02561,1.0338,1.02556,1.02979,0.0
2011-10-12,1.02938,1.0328,1.01325,1.01751,0.0
2011-10-13,1.01688,1.02719,1.01633,1.02099,0.0
2011-10-14,1.02073,1.0234,1.00963,1.0097,0.0
2011-10-17,1.00617,1.02368,1.00431,1.02355,0.0
2011-10-18,1.02329,1.02631,1.01105,1.01413,0.0
2011-10-19,1.01413,1.02162,1.00846,1.01991,0.0
2011-10-20,1.02058,1.02459,1.01311,1.01536,0.0
2011-10-21,1.01543,1.01872,1.0066,1.00697,0.0
2011-10-24,1.00895,1.0098,1.00212,1.00287,0.0
2011-10-25,1.0036,1.02121,0.99902,1.01659,0.0
2011-10-26,1.01642,1.01762,1.00362,1.00375,0.0
2011-10-27,1.00415,1.00504,0.98916,0.99036,0.0
2011-10-28,0.99066,0.99697,0.98944,0.99152,0.0
2011-10-31,0.99138,1.00265,0.99117,1.00043,0.0
2011-11-01,1.00045,1.02077,0.99736,1.02005,0.0
2011-11-02,1.02003,1.02223,1.01057,1.0143,0.0
2011-11-03,1.01318,1.02156,1.00538,1.00708,0.0
2011-11-04,1.00652,1.02278,1.00644,1.0178,0.0
2011-11-07,1.01638,1.02031,1.01228,1.01238,0.0
2011-11-08,1.01248,1.01815,1.00759,1.00901,0.0
2011-11-09,1.0088,1.02381,1.00782,1.02371,0.0
2011-11-10,1.02418,1.02652,1.01632,1.01719,0.0
2011-11-11,1.01681,1.02314,1.01064,1.01094,0.0
2011-11-14,1.00791,1.01939,1.00791,1.01616,0.0
2011-11-15,1.01669,1.02621,1.01581,1.02083,0.0
2011-11-16,1.02073,1.0287,1.01716,1.02404,0.0
2011-11-17,1.02449,1.02944,1.02074,1.02918,0.0
2011-11-18,1.02842,1.03013,1.01986,1.0272,0.0
2011-11-21,1.02565,1.04181,1.02565,1.03927,0.0
2011-11-22,1.03956,1.04124,1.03455,1.03819,0.0
2011-11-23,1.0378,1.04967,1.03633,1.0477,0.0
2011-11-24,1.04826,1.04914,1.04377,1.0467,0.0
2011-11-25,1.04653,1.05227,1.04381,1.04807,0.0
2011-11-28,1.04273,1.04502,1.03037,1.03442,0.0
2011-11-29,1.03388,1.03634,1.02579,1.03168,0.0
2011-11-30,1.03159,1.03625,1.01229,1.01809,0.0
2011-12-01,1.01717,1.0223,1.01358,1.01374,0.0
2011-12-02,1.01365,1.01966,1.00788,1.01924,0.0
2011-12-05,1.01622,1.01931,1.01181,1.01667,0.0
2011-12-06,1.01632,1.02065,1.00842,1.00946,0.0
2011-12-07,1.00974,1.01325,1.00655,1.00918,0.0
2011-12-08,1.00893,1.02334,1.00516,1.02281,0.0
2011-12-09,1.02281,1.02618,1.01698,1.01706,0.0
2011-12-12,1.0184,1.02849,1.01826,1.0267,0.0
2011-12-13,1.02695,1.03486,1.02313,1.034,0.0
2011-12-14,1.03401,1.04231,1.03261,1.03933,0.0
2011-12-15,1.03941,1.04048,1.03197,1.0346,0.0
2011-12-16,1.03489,1.04062,1.02969,1.03842,0.0
2011-12-19,1.03631,1.04144,1.03336,1.03841,0.0
2011-12-20,1.03863,1.03873,1.02627,1.02999,0.0
2011-12-21,1.0293,1.03088,1.02085,1.02612,0.0
2011-12-22,1.02601,1.02803,1.02008,1.02057,0.0
2011-12-23,1.01988,1.02138,1.01804,1.01985,0.0
2011-12-27,1.01956,1.02152,1.01766,1.01855,0.0
2011-12-28,1.01836,1.02505,1.01259,1.0244,0.0
2011-12-29,1.02393,1.02681,1.01999,1.01999,0.0
2011-12-30,1.01968,1.02196,1.01567,1.02029,0.0
2012-01-02,1.01948,1.0211,1.01758,1.01862,0.0
2012-01-03,1.01745,1.01979,1.00757,1.01064,0.0
2012-01-04,1.01008,1.01617,1.01008,1.01258,0.0
2012-01-05,1.01231,1.02254,1.01203,1.01948,0.0
2012-01-06,1.01936,1.02857,1.01695,1.0278,0.0
2012-01-09,1.02707,1.03188,1.02249,1.02343,0.0
2012-01-10,1.02315,1.02399,1.01539,1.0156,0.0
2012-01-11,1.01528,1.02096,1.0139,1.01911,0.0
2012-01-12,1.01924,1.02108,1.01397,1.01869,0.0
2012-01-13,1.01889,1.0283,1.01626,1.023,0.0
2012-01-16,1.02385,1.02523,1.01639,1.01769,0.0
2012-01-17,1.01766,1.01874,1.0112,1.01526,0.0
2012-01-18,1.01495,1.01769,1.01101,1.01112,0.0
2012-01-19,1.01111,1.01271,1.00704,1.01127,0.0
2012-01-20,1.01061,1.01603,1.01061,1.01206,0.0
2012-01-23,1.0142,1.01614,1.00519,1.00826,0.0
2012-01-24,1.00816,1.01405,1.00715,1.00893,0.0
2012-01-25,1.00882,1.01474,1.00277,1.00441,0.0
2012-01-26,1.00422,1.00476,0.99809,1.00166,0.0
2012-01-27,1.00149,1.00407,0.99874,1.0016,0.0
2012-01-30,1.00092,1.00698,1.00089,1.00137,0.0
2012-01-31,1.00126,1.00529,0.9965,1.0024,0.0
2012-02-01,1.00234,1.00477,0.99631,0.99859,0.0
2012-02-02,0.99842,1.00099,0.99674,0.99928,0.0
2012-02-03,0.99927,1.0033,0.99274,0.99322,0.0
2012-02-06,0.99394,0.99928,0.99283,0.99563,0.0
2012-02-07,0.99586,0.99945,0.99403,0.9945,0.0
2012-02-08,0.99466,0.99896,0.99347,0.99583,0.0
2012-02-09,0.9957,0.99795,0.99246,0.99479,0.0
2012-02-10,0.99488,1.00383,0.99442,1.00107,0.0
2012-02-13,0.99988,1.00146,0.99714,0.99955,0.0
2012-02-14,0.99959,1.00265,0.99783,0.99858,0.0
2012-02-15,0.99887,1.00031,0.99377,0.99959,0.0
2012-02-16,0.99969,1.00508,0.99529,0.99646,0.0
2012-02-17,0.9963,0.99838,0.99407,0.99597,0.0
2012-02-20,0.99258,0.9942,0.99063,0.99317,0.0
2012-02-21,0.99322,0.99755,0.99241,0.99679,0.0
2012-02-22,0.99651,1.00191,0.99538,0.9996,0.0
2012-02-23,0.99959,1.00099,0.99529,0.99733,0.0
2012-02-24,0.99726,1.00028,0.99657,0.99923,0.0
2012-02-27,0.99779,1.00489,0.9976,0.99859,0.0
2012-02-28,0.99874,0.99936,0.99412,0.99509,0.0
2012-02-29,0.99511,0.99569,0.98441,0.98963,0.0
2012-03-01,0.9897,0.99004,0.98415,0.98567,0.0
2012-03-02,0.98527,0.98964,0.98478,0.98876,0.0
2012-03-05,0.98893,0.99592,0.98849,0.99432,0.0
2012-03-06,0.9944,1.00279,0.99362,1.00166,0.0
2012-03-07,1.00181,1.00248,0.99736,0.99753,0.0
2012-03-08,0.99721,0.99897,0.98927,0.99027,0.0
2012-03-09,0.99017,0.99314,0.9872,0.99096,0.0
2012-03-12,0.99013,0.99468,0.98983,0.99227,0.0
2012-03-13,0.99225,0.99305,0.98848,0.98852,0.0
2012-03-14,0.98839,0.9944,0.98802,0.99255,0.0
2012-03-15,0.99249,0.99482,0.99054,0.99207,0.0
2012-03-16,0.9915,0.99403,0.99002,0.99151,0.0
2012-03-19,0.99103,0.99299,0.98599,0.98685,0.0
2012-03-20,0.9868,0.99685,0.98631,0.99142,0.0
2012-03-21,0.99132,0.99346,0.9874,0.99196,0.0
2012-03-22,0.99206,1.00079,0.99113,0.99859,0.0
2012-03-23,0.99901,1.00337,0.99702,0.9974,0.0
2012-03-26,0.99799,0.99985,0.99068,0.99094,0.0
2012-03-27,0.99035,0.99554,0.98998,0.99516,0.0
2012-03-28,0.9948,0.99997,0.99458,0.99825,0.0
2012-03-29,0.99809,1.00184,0.99623,0.99665,0.0
2012-03-30,0.99627,0.99983,0.99523,0.99698,0.0
2012-04-02,0.99524,0.99899,0.9888,0.99048,0.0
2012-04-03,0.99037,0.99281,0.98877,0.99074,0.0
2012-04-04,0.99097,0.9973,0.99017,0.99599,0.0
2012-04-05,0.99596,0.99975,0.99064,0.99309,0.0
2012-04-06,0.99251,0.99847,0.99165,0.99674,0.0
2012-04-09,0.99683,1.00011,0.99428,0.99739,0.0
2012-04-10,0.99733,1.00441,0.99497,1.00413,0.0
2012-04-11,1.00409,1.00522,1.0008,1.00368,0.0
2012-04-12,1.00358,1.00399,0.99399,0.9943,0.0
2012-04-13,0.99411,0.99939,0.99263,0.99915,0.0
2012-04-16,0.99845,1.00321,0.9973,0.99927,0.0
2012-04-17,0.99915,1.0011,0.98643,0.99003,0.0
2012-04-18,0.99007,0.99234,0.98813,0.99112,0.0
2012-04-19,0.99109,0.99633,0.98794,0.99547,0.0
2012-04-20,0.99523,0.99586,0.98965,0.99173,0.0
2012-04-23,0.99164,0.99781,0.99045,0.99083,0.0
2012-04-24,0.99058,0.99277,0.98688,0.98704,0.0
2012-04-25,0.98641,0.98797,0.98225,0.98311,0.0
2012-04-26,0.98312,0.98465,0.98057,0.98437,0.0
2012-04-27,0.98402,0.98697,0.97994,0.98041,0.0
2012-04-30,0.98083,0.98938,0.98031,0.98707,0.0
2012-05-01,0.98695,0.98974,0.98323,0.98577,0.0
2012-05-02,0.98479,0.99033,0.98479,0.98642,0.0
2012-05-03,0.98605,0.98919,0.98278,0.98846,0.0
2012-05-04,0.98816,0.99627,0.98607,0.99508,0.0
2012-05-07,0.99558,0.99866,0.9926,0.99305,0.0
2012-05-08,0.99283,1.00221,0.9923,0.99872,0.0
2012-05-09,0.99839,1.00627,0.99821,1.00225,0.0
2012-05-10,1.00219,1.00304,0.99765,1.00187,0.0
2012-05-11,1.00176,1.00541,0.99531,0.99968,0.0
2012-05-14,0.9996,1.00522,0.99897,1.00348,0.0
2012-05-15,1.00321,1.0073,0.99893,1.00711,0.0
2012-05-16,1.00683,1.01318,1.00533,1.01207,0.0
2012-05-17,1.01192,1.01946,1.0104,1.01923,0.0
2012-05-18,1.01925,1.02266,1.01379,1.02192,0.0
2012-05-21,1.02202,1.02458,1.01645,1.01716,0.0
2012-05-22,1.01737,1.0234,1.01515,1.02074,0.0
2012-05-23,1.02027,1.02956,1.01975,1.02495,0.0
2012-05-24,1.02495,1.02952,1.02254,1.02623,0.0
2012-05-25,1.02649,1.03113,1.02465,1.02902,0.0
2012-05-28,1.02588,1.02709,1.02228,1.02359,0.0
2012-05-29,1.02363,1.02693,1.02067,1.02218,0.0
2012-05-30,1.02176,1.03105,1.02157,1.02996,0.0
2012-05-31,1.02968,1.03653,1.02614,1.0327,0.0
2012-06-01,1.03259,1.04422,1.03175,1.04065,0.0
2012-06-04,1.03808,1.04458,1.03685,1.03908,0.0
2012-06-05,1.03877,1.0425,1.03607,1.03765,0.0
2012-06-06,1.03789,1.0383,1.02699,1.02738,0.0
2012-06-07,1.02744,1.02952,1.02096,1.02759,0.0
2012-06-08,1.02765,1.0354,1.02611,1.02711,0.0
2012-06-11,1.02115,1.03156,1.02007,1.03114,0.0
2012-06-12,1.03132,1.03256,1.02559,1.02618,0.0
2012-06-13,1.02609,1.03008,1.0241,1.03002,0.0
2012-06-14,1.0298,1.0301,1.02254,1.02264,0.0
2012-06-15,1.02223,1.02557,1.0215,1.02163,0.0
2012-06-18,1.01985,1.02784,1.01919,1.0242,0.0
2012-06-19,1.02393,1.02433,1.01661,1.01776,0.0
2012-06-20,1.01739,1.02313,1.01589,1.01832,0.0
2012-06-21,1.01795,1.02952,1.01759,1.02912,0.0
2012-06-22,1.02949,1.02995,1.02408,1.02408,0.0
2012-06-25,1.02689,1.03172,1.02481,1.02899,0.0
2012-06-26,1.02928,1.02959,1.02325,1.0238,0.0
2012-06-27,1.02348,1.0267,1.02322,1.02516,0.0
2012-06-28,1.0246,1.03622,1.02315,1.033,0.0
2012-06-29,1.03291,1.03411,1.01647,1.01652,0.0
2012-07-02,1.01633,1.02008,1.01551,1.0172,0.0
2012-07-03,1.01684,1.01721,1.01206,1.01215,0.0
2012-07-04,1.01196,1.01415,1.0119,1.01318,0.0
2012-07-05,1.01261,1.01567,1.01002,1.01417,0.0
2012-07-06,1.0138,1.02073,1.01378,1.01894,0.0
2012-07-09,1.02033,1.02205,1.01826,1.01933,0.0
2012-07-10,1.01883,1.02299,1.01654,1.02239,0.0
2012-07-11,1.02224,1.02304,1.01727,1.01968,0.0
2012-07-12,1.01819,1.02496,1.01745,1.01885,0.0
2012-07-13,1.01886,1.02028,1.0129,1.01415,0.0
2012-07-16,1.01242,1.01726,1.01242,1.01486,0.0
2012-07-17,1.01461,1.01691,1.01187,1.01206,0.0
2012-07-18,1.01153,1.01486,1.01002,1.01012,0.0
2012-07-19,1.00989,1.01065,1.00654,1.00723,0.0
2012-07-20,1.00715,1.01302,1.00682,1.01231,0.0
2012-07-23,1.01347,1.02041,1.01312,1.01866,0.0
2012-07-24,1.01855,1.02264,1.01575,1.02205,0.0
2012-07-25,1.02171,1.02314,1.01387,1.01548,0.0
2012-07-26,1.01516,1.01657,1.00625,1.00978,0.0
2012-07-27,1.0099,1.01055,1.00305,1.00305,0.0
2012-07-30,1.00374,1.0053,1.0013,1.00148,0.0
2012-07-31,1.00146,1.00427,1.00029,1.00314,0.0
2012-08-01,1.00266,1.00563,1.00033,1.00529,0.0
2012-08-02,1.00516,1.00844,1.00016,1.0072,0.0
2012-08-03,1.00723,1.00755,0.99798,1.00136,0.0
2012-08-06,1.00134,1.00199,0.99831,1.00019,0.0
2012-08-07,1.00004,1.00114,0.99621,0.99684,0.0
2012-08-08,0.99666,0.99883,0.9936,0.99416,0.0
2012-08-09,0.9941,0.99501,0.99096,0.99097,0.0
2012-08-10,0.99088,0.99698,0.99056,0.99083,0.0
2012-08-13,0.99069,0.99396,0.99052,0.99247,0.0
2012-08-14,0.99231,0.99402,0.99062,0.99214,0.0
2012-08-15,0.99206,0.99346,0.98861,0.98915,0.0
2012-08-16,0.98917,0.98995,0.98597,0.98662,0.0
2012-08-17,0.98633,0.99005,0.98613,0.98933,0.0
2012-08-20,0.98845,0.99012,0.9875,0.98846,0.0
2012-08-21,0.98809,0.98988,0.98416,0.9889,0.0
2012-08-22,0.98866,0.99468,0.9885,0.99132,0.0
2012-08-23,0.99121,0.99481,0.98847,0.99377,0.0
2012-08-24,0.9936,0.99472,0.99042,0.99182,0.0
2012-08-27,0.99142,0.99246,0.98895,0.99065,0.0
2012-08-28,0.99025,0.99171,0.98421,0.988,0.0
2012-08-29,0.98788,0.98985,0.98657,0.9894,0.0
2012-08-30,0.98908,0.99313,0.98886,0.99229,0.0
2012-08-31,0.99197,0.99303,0.98515,0.98614,0.0
2012-09-03,0.98729,0.98777,0.98513,0.98573,0.0
2012-09-04,0.98492,0.98745,0.98421,0.98588,0.0
2012-09-05,0.98566,0.99178,0.98562,0.9903,0.0
2012-09-06,0.98999,0.9914,0.98083,0.98257,0.0
2012-09-07,0.98229,0.98343,0.97649,0.97839,0.0
2012-09-10,0.9769,0.97884,0.9754,0.97747,0.0
2012-09-11,0.9773,0.9777,0.9713,0.97321,0.0
2012-09-12,0.97258,0.97681,0.97148,0.97604,0.0
2012-09-13,0.97563,0.97736,0.96647,0.96836,0.0
2012-09-14,0.968,0.97187,0.96327,0.97166,0.0
2012-09-17,0.97013,0.97598,0.96928,0.97469,0.0
2012-09-18,0.97428,0.97653,0.973,0.97426,0.0
2012-09-19,0.97396,0.97637,0.97251,0.97461,0.0
2012-09-20,0.97449,0.98158,0.97448,0.97671,0.0
2012-09-21,0.97665,0.97793,0.97311,0.97658,0.0
2012-09-24,0.97548,0.98176,0.9754,0.97838,0.0
2012-09-25,0.97856,0.98113,0.97559,0.98048,0.0
2012-09-26,0.98029,0.98596,0.98001,0.98546,0.0
2012-09-27,0.98513,0.98552,0.97911,0.98052,0.0
2012-09-28,0.98006,0.98514,0.97807,0.9831,0.0
2012-10-01,0.98379,0.98536,0.97975,0.98239,0.0
2012-10-02,0.98189,0.98427,0.98111,0.98414,0.0
2012-10-03,0.98399,0.98839,0.98391,0.98752,0.0
2012-10-04,0.9876,0.98768,0.97997,0.98029,0.0
2012-10-05,0.97991,0.98116,0.97346,0.97858,0.0
2012-10-08,0.97721,0.98002,0.97509,0.97687,0.0
2012-10-09,0.97661,0.98072,0.97441,0.97804,0.0
2012-10-10,0.97808,0.98158,0.97681,0.98158,0.0
2012-10-11,0.98151,0.98346,0.9763,0.97871,0.0
2012-10-12,0.97849,0.98083,0.97676,0.97947,0.0
2012-10-15,0.97778,0.98108,0.97686,0.98062,0.0
2012-10-16,0.98051,0.98789,0.98018,0.98635,0.0
2012-10-17,0.98616,0.98705,0.9772,0.97799,0.0
2012-10-18,0.97764,0.98588,0.97638,0.98517,0.0
2012-10-19,0.98505,0.99396,0.98441,0.99248,0.0
2012-10-22,0.99433,0.99636,0.99164,0.99206,0.0
2012-10-23,0.99241,0.99755,0.99004,0.99237,0.0
2012-10-24,0.99224,0.9958,0.98885,0.99358,0.0
2012-10-25,0.99346,0.99542,0.99022,0.99478,0.0
2012-10-26,0.99472,0.99936,0.99416,0.99733,0.0
2012-10-29,0.9972,1.00106,0.99714,1.00097,0.0
2012-10-30,1.00043,1.00188,0.9983,0.99935,0.0
2012-10-31,0.99896,1.00135,0.99597,0.99963,0.0
2012-11-01,0.99919,1.00126,0.99597,0.99653,0.0
2012-11-02,0.99647,0.99841,0.99212,0.99495,0.0
2012-11-05,0.99492,0.99765,0.99401,0.99628,0.0
2012-11-06,0.99619,0.99669,0.99108,0.99197,0.0
2012-11-07,0.99186,0.99827,0.98742,0.99653,0.0
2012-11-08,0.99648,1.00037,0.99471,1.00015,0.0
2012-11-09,1.00012,1.00328,0.99824,1.0012,0.0
2012-11-12,0.9993,1.0006,0.99845,0.99977,0.0
2012-11-13,0.99956,1.00348,0.99906,1.00236,0.0
2012-11-14,1.00203,1.00404,0.99978,1.00356,0.0
2012-11-15,1.00374,1.0041,1.00046,1.00086,0.0
2012-11-16,1.0007,1.00562,0.99965,1.00087,0.0
2012-11-19,1.00005,1.00173,0.9954,0.99612,0.0
2012-11-20,0.99611,0.99905,0.99554,0.99685,0.0
2012-11-21,0.99668,0.99914,0.99575,0.9963,0.0
2012-11-22,0.99613,0.99817,0.99522,0.99689,0.0
2012-11-23,0.99668,0.99811,0.9915,0.99254,0.0
2012-11-26,0.99145,0.99597,0.99145,0.9933,0.0
2012-11-27,0.99315,0.99478,0.99054,0.99423,0.0
2012-11-28,0.99427,0.99608,0.99177,0.99184,0.0
2012-11-29,0.99205,0.99384,0.99117,0.9924,0.0
2012-11-30,0.99228,0.99508,0.99212,0.99434,0.0
2012-12-03,0.99275,0.99523,0.99146,0.99506,0.0
2012-12-04,0.99483,0.99538,0.99148,0.99284,0.0
2012-12-05,0.99256,0.99409,0.99077,0.99185,0.0
2012-12-06,0.9914,0.99264,0.98918,0.99118,0.0
2012-12-07,0.99118,0.9933,0.98759,0.98933,0.0
2012-12-10,0.98698,0.98879,0.98628,0.98649,0.0
2012-12-11,0.98621,0.98798,0.9857,0.98614,0.0
2012-12-12,0.98603,0.98653,0.98257,0.98445,0.0
2012-12-13,0.98424,0.98553,0.98246,0.98468,0.0
2012-12-14,0.98428,0.98658,0.98319,0.98562,0.0
2012-12-17,0.98598,0.98809,0.98331,0.9836,0.0
2012-12-18,0.98327,0.98588,0.98322,0.98564,0.0
2012-12-19,0.98554,0.98869,0.98492,0.98866,0.0
2012-12-20,0.98831,0.98959,0.98691,0.98753,0.0
2012-12-21,0.98745,0.99527,0.98721,0.99321,0.0
2012-12-24,0.99273,0.99446,0.99065,0.99259,0.0
2012-12-26,0.9913,0.99505,0.99095,0.9941,0.0
2012-12-27,0.99412,0.99582,0.99081,0.99506,0.0
2012-12-28,0.995,0.99705,0.99385,0.9969,0.0
2012-12-31,0.99547,0.99704,0.99171,0.99194,0.0
2013-01-02,0.99281,0.99431,0.98363,0.98495,0.0
2013-01-03,0.98528,0.98834,0.98425,0.9874,0.0
2013-01-04,0.98768,0.99227,0.98477,0.98727,0.0
2013-01-07,0.98568,0.98843,0.98534,0.9859,0.0
2013-01-08,0.9857,0.98821,0.98427,0.98656,0.0
2013-01-09,0.9865,0.98804,0.98547,0.98766,0.0
2013-01-10,0.98746,0.988,0.98315,0.98324,0.0
2013-01-11,0.9833,0.98534,0.98149,0.98491,0.0
2013-01-14,0.9835,0.98656,0.98315,0.9836,0.0
2013-01-15,0.98337,0.98663,0.98314,0.98419,0.0
2013-01-16,0.98399,0.98768,0.98373,0.98574,0.0
2013-01-17,0.98575,0.9885,0.98427,0.98554,0.0
2013-01-18,0.98551,0.99457,0.98526,0.99158,0.0
2013-01-21,0.9905,0.99383,0.9905,0.99277,0.0
2013-01-22,0.99245,0.99449,0.99082,0.99188,0.0
2013-01-23,0.99194,1.00035,0.99029,0.99902,0.0
2013-01-24,0.99899,1.00353,0.99883,1.00234,0.0
2013-01-25,1.00236,1.00992,1.00206,1.00577,0.0
2013-01-28,1.0063,1.00993,1.00604,1.00605,0.0
2013-01-29,1.00606,1.00657,1.00073,1.00077,0.0
2013-01-30,1.00075,1.00525,1.00075,1.00119,0.0
2013-01-31,1.00104,1.0034,0.99568,0.99725,0.0
2013-02-01,0.99711,1.00036,0.99633,0.99633,0.0
2013-02-04,0.99587,0.99923,0.99474,0.99862,0.0
2013-02-05,0.99866,0.99938,0.99537,0.99544,0.0
2013-02-06,0.99534,0.99881,0.99479,0.99545,0.0
2013-02-07,0.99526,0.99937,0.9932,0.99761,0.0
2013-02-08,0.99763,1.00345,0.997,1.00284,0.0
2013-02-11,1.0025,1.00831,1.0025,1.00469,0.0
2013-02-12,1.00441,1.00864,1.00197,1.00212,0.0
2013-02-13,1.00201,1.00433,1.00117,1.00141,0.0
2013-02-14,1.00161,1.00234,0.99988,1.00084,0.0
2013-02-15,1.0005,1.00814,1.00014,1.00623,0.0
2013-02-18,1.0067,1.01206,1.00569,1.01055,0.0
2013-02-19,1.01028,1.01367,1.01011,1.01148,0.0
2013-02-20,1.0113,1.01846,1.0109,1.01643,0.0
2013-02-21,1.01634,1.02067,1.01624,1.01843,0.0
2013-02-22,1.01838,1.02554,1.01584,1.01993,0.0
2013-02-25,1.0215,1.02766,1.0215,1.02591,0.0
2013-02-26,1.02561,1.03024,1.02402,1.02575,0.0
2013-02-27,1.02595,1.02763,1.02271,1.02315,0.0
2013-02-28,1.02278,1.03124,1.02159,1.03053,0.0
2013-03-01,1.0304,1.03416,1.02616,1.02666,0.0
2013-03-04,1.02702,1.03087,1.02684,1.02727,0.0
2013-03-05,1.02687,1.02932,1.02554,1.02686,0.0
2013-03-06,1.02696,1.03362,1.02542,1.03198,0.0
2013-03-07,1.03181,1.03288,1.02842,1.02926,0.0
2013-03-08,1.0286,1.03139,1.02331,1.02842,0.0
2013-03-11,1.02855,1.02937,1.02541,1.02572,0.0
2013-03-12,1.02533,1.02827,1.02482,1.02547,0.0
2013-03-13,1.0251,1.02947,1.02455,1.0277,0.0
2013-03-14,1.02712,1.02828,1.0211,1.022,0.0
2013-03-15,1.02138,1.02303,1.01798,1.01929,0.0
2013-03-18,1.02211,1.02496,1.0203,1.02164,0.0
2013-03-19,1.02132,1.02834,1.02132,1.02675,0.0
2013-03-20,1.02653,1.02776,1.02374,1.02574,0.0
2013-03-21,1.02597,1.02633,1.02002,1.02463,0.0
2013-03-22,1.02478,1.02634,1.02194,1.02259,0.0
2013-03-25,1.02309,1.02342,1.01868,1.02123,0.0
2013-03-26,1.02117,1.02201,1.01581,1.01592,0.0
2013-03-27,1.01594,1.01945,1.01491,1.01612,0.0
2013-03-28,1.01581,1.01732,1.01446,1.01597,0.0
2013-03-29,1.01631,1.01802,1.01562,1.01702,0.0
2013-04-01,1.01757,1.01817,1.01593,1.01648,0.0
2013-04-02,1.01664,1.01673,1.01242,1.01447,0.0
2013-04-03,1.01458,1.01543,1.0124,1.01443,0.0
2013-04-04,1.01408,1.01657,1.01036,1.01268,0.0
2013-04-05,1.01274,1.02348,1.01226,1.01712,0.0
2013-04-08,1.01773,1.02133,1.01552,1.01673,0.0
2013-04-09,1.01659,1.01746,1.01333,1.01624,0.0
2013-04-10,1.01588,1.01669,1.01383,1.01413,0.0
2013-04-11,1.01393,1.01555,1.00824,1.01023,0.0
2013-04-12,1.01022,1.01445,1.00933,1.01345,0.0
2013-04-15,1.01402,1.02585,1.01327,1.02501,0.0
2013-04-16,1.0252,1.02566,1.02025,1.02115,0.0
2013-04-17,1.0209,1.0293,1.02062,1.02627,0.0
2013-04-18,1.02645,1.02764,1.02294,1.02579,0.0
2013-04-19,1.02564,1.02686,1.02312,1.02656,0.0
2013-04-22,1.02514,1.02845,1.0247,1.02563,0.0
2013-04-23,1.02545,1.02841,1.02498,1.02585,0.0
2013-04-24,1.02593,1.02773,1.02457,1.02535,0.0
2013-04-25,1.02538,1.02583,1.01845,1.01995,0.0
2013-04-26,1.01973,1.02133,1.01567,1.01703,0.0
2013-04-29,1.01667,1.01706,1.01071,1.01139,0.0
2013-04-30,1.0112,1.01223,1.00537,1.00714,0.0
2013-05-01,1.00713,1.0099,1.00503,1.00803,0.0
2013-05-02,1.00796,1.01087,1.00583,1.01028,0.0
2013-05-03,1.01011,1.01313,1.00754,1.00804,0.0
2013-05-06,1.00722,1.00951,1.00633,1.00677,0.0
2013-05-07,1.00665,1.00821,1.00355,1.00417,0.0
2013-05-08,1.00438,1.00578,1.00167,1.00311,0.0
2013-05-09,1.00303,1.00886,1.00128,1.00668,0.0
2013-05-10,1.00664,1.01515,1.00595,1.01051,0.0
2013-05-13,1.01118,1.01321,1.00812,1.01054,0.0
2013-05-14,1.01052,1.01812,1.00887,1.0179,0.0
2013-05-15,1.01778,1.02182,1.01559,1.01567,0.0
2013-05-16,1.01573,1.02065,1.01479,1.01901,0.0
2013-05-17,1.019,1.03119,1.01789,1.02743,0.0
2013-05-20,1.02812,1.02949,1.02162,1.02392,0.0
2013-05-21,1.02403,1.03203,1.02343,1.02673,0.0
2013-05-22,1.02675,1.03867,1.02497,1.0366,0.0
2013-05-23,1.03682,1.03924,1.02852,1.02985,0.0
2013-05-24,1.02994,1.03547,1.02978,1.0318,0.0
2013-05-27,1.0308,1.03432,1.03062,1.0338,0.0
2013-05-28,1.03373,1.0407,1.03235,1.03977,0.0
2013-05-29,1.0401,1.04195,1.03447,1.03487,0.0
2013-05-30,1.03465,1.03871,1.02952,1.02955,0.0
2013-05-31,1.02959,1.03803,1.02938,1.03675,0.0
2013-06-03,1.03701,1.0374,1.02606,1.02788,0.0
2013-06-04,1.02741,1.03606,1.02735,1.03402,0.0
2013-06-05,1.03416,1.0379,1.03263,1.03429,0.0
2013-06-06,1.03396,1.03663,1.02001,1.02625,0.0
2013-06-07,1.02617,1.02868,1.01679,1.01946,0.0
2013-06-10,1.02147,1.02224,1.01671,1.01927,0.0
2013-06-11,1.01903,1.02505,1.01742,1.0189,0.0
2013-06-12,1.01875,1.02163,1.01544,1.02102,0.0
2013-06-13,1.02057,1.02252,1.01466,1.01549,0.0
2013-06-14,1.01541,1.01861,1.01361,1.0174,0.0
2013-06-17,1.01712,1.02045,1.0149,1.01847,0.0
2013-06-18,1.01848,1.02159,1.01757,1.02128,0.0
2013-06-19,1.0211,1.02855,1.01726,1.02704,0.0
2013-06-20,1.02701,1.03929,1.02665,1.03785,0.0
2013-06-21,1.03836,1.04875,1.03619,1.04579,0.0
2013-06-24,1.04789,1.05552,1.04694,1.04982,0.0
2013-06-25,1.0499,1.05465,1.04568,1.05152,0.0
2013-06-26,1.05114,1.05266,1.04568,1.04744,0.0
2013-06-27,1.04673,1.05034,1.04231,1.04758,0.0
2013-06-28,1.04767,1.05526,1.0453,1.05175,0.0
2013-07-01,1.05252,1.05333,1.04862,1.04942,0.0
2013-07-02,1.04946,1.05768,1.04902,1.05429,0.0
2013-07-03,1.05436,1.05636,1.05022,1.05026,0.0
2013-07-04,1.05016,1.05565,1.04711,1.05148,0.0
2013-07-05,1.05122,1.06081,1.05106,1.05699,0.0
2013-07-08,1.05799,1.05846,1.05457,1.05567,0.0
2013-07-09,1.05553,1.05731,1.05127,1.05269,0.0
2013-07-10,1.0523,1.05393,1.0446,1.04663,0.0
2013-07-11,1.04659,1.04711,1.03251,1.03633,0.0
2013-07-12,1.03672,1.04033,1.03574,1.03956,0.0
2013-07-15,1.0385,1.04323,1.03788,1.04255,0.0
2013-07-16,1.04242,1.04412,1.03626,1.03685,0.0
2013-07-17,1.03641,1.0438,1.03548,1.04058,0.0
2013-07-18,1.04055,1.04382,1.03742,1.03748,0.0
2013-07-19,1.03767,1.03925,1.03546,1.03651,0.0
2013-07-22,1.03617,1.03681,1.03204,1.03328,0.0
2013-07-23,1.03323,1.03481,1.02766,1.02854,0.0
2013-07-24,1.02858,1.0324,1.02617,1.03119,0.0
2013-07-25,1.03108,1.03185,1.02544,1.02784,0.0
2013-07-26,1.02775,1.03019,1.0261,1.02756,0.0
2013-07-29,1.02802,1.0284,1.02517,1.02655,0.0
2013-07-30,1.02626,1.03095,1.02574,1.03041,0.0
2013-07-31,1.03027,1.0335,1.02447,1.02747,0.0
2013-08-01,1.02749,1.03499,1.02641,1.03442,0.0
2013-08-02,1.03435,1.04016,1.03377,1.03916,0.0
2013-08-05,1.03863,1.04025,1.03584,1.0362,0.0
2013-08-06,1.03578,1.03895,1.0347,1.03712,0.0
2013-08-07,1.03756,1.04444,1.03668,1.04217,0.0
2013-08-08,1.04214,1.043,1.03025,1.03264,0.0
2013-08-09,1.03256,1.0352,1.02743,1.02853,0.0
2013-08-12,1.02947,1.03156,1.02793,1.03034,0.0
2013-08-13,1.03032,1.03476,1.03004,1.0343,0.0
2013-08-14,1.03388,1.03686,1.03174,1.03377,0.0
2013-08-15,1.03376,1.03634,1.02994,1.03053,0.0
2013-08-16,1.0304,1.03592,1.02924,1.03372,0.0
2013-08-19,1.03394,1.03472,1.03148,1.03442,0.0
2013-08-20,1.03436,1.04006,1.03358,1.03923,0.0
2013-08-21,1.0389,1.04814,1.03879,1.04693,0.0
2013-08-22,1.04723,1.05293,1.04686,1.05168,0.0
2013-08-23,1.05139,1.05674,1.04953,1.04964,0.0
2013-08-26,1.05107,1.05326,1.04972,1.05016,0.0
2013-08-27,1.0498,1.05392,1.0471,1.04744,0.0
2013-08-28,1.04725,1.05103,1.04725,1.04869,0.0
2013-08-29,1.04866,1.05399,1.04788,1.05356,0.0
2013-08-30,1.05346,1.05571,1.05077,1.05302,0.0
2013-09-02,1.05264,1.0557,1.05154,1.05473,0.0
2013-09-03,1.05455,1.05586,1.05082,1.05325,0.0
2013-09-04,1.05317,1.05414,1.04745,1.04947,0.0
2013-09-05,1.04906,1.05152,1.04751,1.05027,0.0
2013-09-06,1.04965,1.05041,1.03806,1.04094,0.0
2013-09-09,1.04122,1.04181,1.03588,1.03749,0.0
2013-09-10,1.03681,1.03787,1.03295,1.03465,0.0
2013-09-11,1.03475,1.03641,1.03126,1.03163,0.0
2013-09-12,1.03166,1.0335,1.03049,1.03225,0.0
2013-09-13,1.03207,1.03547,1.03207,1.03531,0.0
2013-09-16,1.03116,1.03256,1.02816,1.03216,0.0
2013-09-17,1.03207,1.03336,1.02736,1.02961,0.0
2013-09-18,1.02953,1.03173,1.02005,1.02221,0.0
2013-09-19,1.0226,1.02661,1.01814,1.02635,0.0
2013-09-20,1.02638,1.03096,1.02613,1.03036,0.0
2013-09-23,1.03033,1.03094,1.02738,1.0283,0.0
2013-09-24,1.02807,1.03097,1.02681,1.02998,0.0
2013-09-25,1.02993,1.03184,1.02853,1.03128,0.0
2013-09-26,1.03122,1.03395,1.03018,1.03085,0.0
2013-09-27,1.03071,1.03312,1.02972,1.03027,0.0
2013-09-30,1.03156,1.03176,1.02743,1.03027,0.0
2013-10-01,1.03126,1.03357,1.02867,1.03252,0.0
2013-10-02,1.03226,1.03556,1.03222,1.03351,0.0
2013-10-03,1.0335,1.03386,1.03119,1.03298,0.0
2013-10-04,1.03305,1.03393,1.0289,1.02939,0.0
2013-10-07,1.02932,1.03326,1.02915,1.03106,0.0
2013-10-08,1.03079,1.03726,1.03064,1.03694,0.0
2013-10-09,1.03669,1.04063,1.03522,1.0393,0.0
2013-10-10,1.03904,1.04186,1.03709,1.0396,0.0
2013-10-11,1.03962,1.04112,1.03391,1.0357,0.0
2013-10-14,1.03666,1.03688,1.03412,1.03518,0.0
2013-10-15,1.03476,1.03902,1.03306,1.03799,0.0
2013-10-16,1.03803,1.03842,1.03254,1.03261,0.0
2013-10-17,1.03254,1.03312,1.02798,1.02918,0.0
2013-10-18,1.02912,1.03005,1.02765,1.02908,0.0
2013-10-21,1.02897,1.03027,1.02883,1.03017,0.0
2013-10-22,1.03009,1.03089,1.02701,1.02879,0.0
2013-10-23,1.02853,1.03959,1.02815,1.03834,0.0
2013-10-24,1.03809,1.04368,1.03652,1.04184,0.0
2013-10-25,1.04166,1.04596,1.04093,1.04492,0.0
2013-10-28,1.04464,1.04506,1.04279,1.04433,0.0
2013-10-29,1.04425,1.04702,1.04266,1.04674,0.0
2013-10-30,1.04654,1.04956,1.04398,1.04779,0.0
2013-10-31,1.04729,1.04887,1.04113,1.04305,0.0
2013-11-01,1.04307,1.04528,1.04107,1.04217,0.0
2013-11-04,1.04165,1.0427,1.0397,1.04199,0.0
2013-11-05,1.04219,1.04611,1.04158,1.04533,0.0
2013-11-06,1.04493,1.0458,1.04109,1.04176,0.0
2013-11-07,1.0417,1.04621,1.04047,1.04563,0.0
2013-11-08,1.04561,1.05026,1.04445,1.04764,0.0
2013-11-11,1.04824,1.04852,1.04643,1.04734,0.0
2013-11-12,1.04736,1.05076,1.04627,1.0493,0.0
2013-11-13,1.04906,1.04954,1.04508,1.04557,0.0
2013-11-14,1.04526,1.05248,1.04392,1.04637,0.0
2013-11-15,1.04627,1.04836,1.04367,1.04369,0.0
2013-11-18,1.04354,1.04416,1.04139,1.0428,0.0
2013-11-19,1.04271,1.04841,1.04145,1.04684,0.0
2013-11-20,1.0462,1.04729,1.04352,1.0446,0.0
2013-11-21,1.04489,1.05255,1.04489,1.05177,0.0
2013-11-22,1.05163,1.05681,1.05146,1.05172,0.0
2013-11-25,1.05304,1.05821,1.05218,1.05425,0.0
2013-11-26,1.05391,1.05575,1.05193,1.05397,0.0
2013-11-27,1.05385,1.06016,1.05305,1.05928,0.0
2013-11-28,1.05924,1.05968,1.05701,1.05803,0.0
2013-11-29,1.05797,1.06273,1.05582,1.06126,0.0
2013-12-02,1.06212,1.06531,1.06128,1.06403,0.0
2013-12-03,1.06407,1.06715,1.06301,1.0647,0.0
2013-12-04,1.0646,1.07061,1.06371,1.06818,0.0
2013-12-05,1.06782,1.06982,1.06239,1.06505,0.0
2013-12-06,1.0649,1.07072,1.06212,1.0632,0.0
2013-12-09,1.06408,1.06691,1.06256,1.06256,0.0
2013-12-10,1.06269,1.06445,1.06001,1.0601,0.0
2013-12-11,1.06015,1.06191,1.05837,1.05877,0.0
2013-12-12,1.05876,1.06551,1.05599,1.06392,0.0
2013-12-13,1.06379,1.0668,1.05796,1.05807,0.0
2013-12-16,1.05922,1.05935,1.05715,1.05926,0.0
2013-12-17,1.05927,1.06168,1.05752,1.06057,0.0
2013-12-18,1.06035,1.07023,1.06005,1.06959,0.0
2013-12-19,1.07017,1.07268,1.06596,1.06626,0.0
2013-12-20,1.06633,1.07364,1.06268,1.06355,0.0
2013-12-23,1.06393,1.06521,1.05806,1.06094,0.0
2013-12-24,1.06049,1.0634,1.06039,1.06324,0.0
2013-12-26,1.06241,1.06486,1.06152,1.06464,0.0
2013-12-27,1.06455,1.07178,1.06184,1.07053,0.0
2013-12-30,1.07014,1.07264,1.06354,1.0648,0.0
2013-12-31,1.06451,1.06557,1.06159,1.06211,0.0
2014-01-02,1.06402,1.06773,1.05874,1.06673,0.0
2014-01-03,1.0663,1.06708,1.06016,1.06329,0.0
2014-01-06,1.06338,1.06797,1.06078,1.06527,0.0
2014-01-07,1.06534,1.07805,1.06501,1.07661,0.0
2014-01-08,1.07646,1.0829,1.07603,1.08216,0.0
2014-01-09,1.082,1.08736,1.0817,1.08433,0.0
2014-01-10,1.08393,1.09448,1.08361,1.08951,0.0
2014-01-13,1.09062,1.09283,1.08415,1.08578,0.0
2014-01-14,1.08614,1.09581,1.08584,1.09469,0.0
2014-01-15,1.0947,1.09902,1.09194,1.09355,0.0
2014-01-16,1.09376,1.09618,1.09043,1.09301,0.0
2014-01-17,1.09294,1.09825,1.09252,1.09615,0.0
2014-01-20,1.09642,1.09712,1.09287,1.09447,0.0
2014-01-21,1.09427,1.10179,1.09413,1.09665,0.0
2014-01-22,1.09658,1.1091,1.09525,1.1086,0.0
2014-01-23,1.10857,1.11726,1.10809,1.10994,0.0
2014-01-24,1.10974,1.11364,1.1051,1.10813,0.0
2014-01-27,1.10658,1.1116,1.10306,1.11137,0.0
2014-01-28,1.11149,1.1176,1.10774,1.11519,0.0
2014-01-29,1.11414,1.11858,1.11015,1.1169,0.0
2014-01-30,1.11673,1.11979,1.11497,1.11593,0.0
2014-01-31,1.11604,1.12232,1.10866,1.11319,0.0
2014-02-03,1.11162,1.11324,1.10403,1.11141,0.0
2014-02-04,1.1115,1.11225,1.10473,1.10808,0.0
2014-02-05,1.10739,1.11203,1.1036,1.10823,0.0
2014-02-06,1.10824,1.11213,1.10495,1.10703,0.0
2014-02-07,1.10696,1.10781,1.09669,1.10342,0.0
2014-02-10,1.10338,1.10612,1.10175,1.10574,0.0
2014-02-11,1.10538,1.10893,1.10022,1.10066,0.0
2014-02-12,1.10073,1.10241,1.09753,1.10007,0.0
2014-02-13,1.1001,1.10252,1.09534,1.09767,0.0
2014-02-14,1.09777,1.09891,1.09395,1.09803,0.0
2014-02-17,1.09837,1.09867,1.0952,1.09636,0.0
2014-02-18,1.09639,1.09756,1.09391,1.09486,0.0
2014-02-19,1.09489,1.10855,1.09094,1.10765,0.0
2014-02-20,1.10769,1.11117,1.10596,1.10995,0.0
2014-02-21,1.10991,1.1193,1.10927,1.11213,0.0
2014-02-24,1.11091,1.11419,1.10536,1.10629,0.0
2014-02-25,1.10609,1.10951,1.10532,1.10847,0.0
2014-02-26,1.10836,1.11435,1.10722,1.113,0.0
2014-02-27,1.11296,1.11589,1.11167,1.11245,0.0
2014-02-28,1.11246,1.11343,1.10394,1.10584,0.0
2014-03-03,1.10747,1.11094,1.1038,1.1075,0.0
2014-03-04,1.10759,1.11168,1.10612,1.10924,0.0
2014-03-05,1.10902,1.10987,1.10275,1.10295,0.0
2014-03-06,1.10299,1.10452,1.09543,1.09853,0.0
2014-03-07,1.09851,1.10997,1.09795,1.10861,0.0
2014-03-10,1.10918,1.11295,1.1086,1.11013,0.0
2014-03-11,1.11024,1.11298,1.10709,1.11038,0.0
2014-03-12,1.11039,1.11528,1.10894,1.11186,0.0
2014-03-13,1.11191,1.11215,1.10425,1.10685,0.0
2014-03-14,1.10662,1.11098,1.10638,1.10972,0.0
2014-03-17,1.1093,1.11067,1.10439,1.10524,0.0
2014-03-18,1.10528,1.11455,1.10247,1.11356,0.0
2014-03-19,1.11386,1.12705,1.11212,1.12364,0.0
2014-03-20,1.12365,1.12774,1.12331,1.12394,0.0
2014-03-21,1.12414,1.12616,1.11729,1.12202,0.0
2014-03-24,1.12064,1.12453,1.11825,1.11917,0.0
2014-03-25,1.11916,1.12096,1.11542,1.11648,0.0
2014-03-26,1.11622,1.11694,1.10798,1.11011,0.0
2014-03-27,1.11018,1.11055,1.10128,1.10291,0.0
2014-03-28,1.10304,1.10767,1.1,1.10582,0.0
2014-03-31,1.10613,1.10662,1.10014,1.10493,0.0
2014-04-01,1.10499,1.1069,1.10116,1.10278,0.0
2014-04-02,1.1026,1.10465,1.10036,1.10324,0.0
2014-04-03,1.10325,1.10444,1.10051,1.10358,0.0
2014-04-04,1.1034,1.10408,1.09559,1.09789,0.0
2014-04-07,1.09783,1.10086,1.09609,1.09693,0.0
2014-04-08,1.09707,1.09768,1.09116,1.09225,0.0
2014-04-09,1.09234,1.09413,1.08572,1.088,0.0
2014-04-10,1.08791,1.09337,1.08669,1.09333,0.0
2014-04-11,1.09334,1.09834,1.09176,1.09795,0.0
2014-04-14,1.09749,1.09917,1.09413,1.09613,0.0
2014-04-15,1.0959,1.10126,1.09576,1.09758,0.0
2014-04-16,1.09813,1.10326,1.09587,1.10115,0.0
2014-04-17,1.10125,1.10185,1.09825,1.10071,0.0
2014-04-18,1.10078,1.10273,1.09971,1.10204,0.0
2014-04-21,1.10228,1.103,1.10072,1.10118,0.0
2014-04-22,1.10132,1.10411,1.09996,1.10254,0.0
2014-04-23,1.10266,1.10521,1.10167,1.10309,0.0
2014-04-24,1.10316,1.10375,1.10144,1.10209,0.0
2014-04-25,1.10211,1.10462,1.10133,1.10361,0.0
2014-04-28,1.10386,1.10404,1.10164,1.10261,0.0
2014-04-29,1.10277,1.10285,1.09424,1.09453,0.0
2014-04-30,1.09452,1.09784,1.0942,1.09597,0.0
2014-05-01,1.09536,1.09945,1.09515,1.09598,0.0
2014-05-02,1.09575,1.10012,1.09349,1.09782,0.0
2014-05-05,1.09763,1.09881,1.0948,1.09547,0.0
2014-05-06,1.09519,1.09599,1.08733,1.08885,0.0
2014-05-07,1.08924,1.09064,1.0875,1.0898,0.0
2014-05-08,1.08976,1.09031,1.08133,1.08285,0.0
2014-05-09,1.08267,1.09149,1.08159,1.08983,0.0
2014-05-12,1.08998,1.09033,1.08735,1.08936,0.0
2014-05-13,1.08937,1.09253,1.08864,1.09043,0.0
2014-05-14,1.09065,1.09206,1.08688,1.0888,0.0
2014-05-15,1.08864,1.08903,1.0851,1.08801,0.0
2014-05-16,1.08808,1.08875,1.08548,1.08627,0.0
2014-05-19,1.08603,1.08746,1.08495,1.08738,0.0
2014-05-20,1.08723,1.09157,1.08701,1.09053,0.0
2014-05-21,1.09025,1.09407,1.08927,1.09129,0.0
2014-05-22,1.09136,1.09299,1.08834,1.08889,0.0
2014-05-23,1.08914,1.09079,1.0862,1.08678,0.0
2014-05-26,1.08701,1.0872,1.08522,1.08568,0.0
2014-05-27,1.08578,1.08736,1.08349,1.0857,0.0
2014-05-28,1.08594,1.08855,1.08426,1.08755,0.0
2014-05-29,1.08737,1.08771,1.08245,1.08354,0.0
2014-05-30,1.0836,1.08671,1.08215,1.08457,0.0
2014-06-02,1.08404,1.09107,1.08404,1.08983,0.0
2014-06-03,1.08977,1.09209,1.08898,1.09054,0.0
2014-06-04,1.09105,1.09541,1.09063,1.09392,0.0
2014-06-05,1.09388,1.09595,1.09158,1.09239,0.0
2014-06-06,1.09237,1.09471,1.09017,1.09272,0.0
2014-06-09,1.0925,1.094,1.08999,1.09039,0.0
2014-06-10,1.09042,1.09204,1.08902,1.09018,0.0
2014-06-11,1.09033,1.09062,1.08605,1.08654,0.0
2014-06-12,1.08657,1.08688,1.08407,1.08533,0.0
2014-06-13,1.08504,1.08695,1.08469,1.08535,0.0
2014-06-16,1.0854,1.0881,1.08346,1.08423,0.0
2014-06-17,1.08433,1.08739,1.08395,1.08596,0.0
2014-06-18,1.08598,1.08922,1.08353,1.08355,0.0
2014-06-19,1.08369,1.08414,1.08092,1.08163,0.0
2014-06-20,1.08188,1.0825,1.07507,1.07541,0.0
2014-06-23,1.07531,1.07567,1.07161,1.07303,0.0
2014-06-24,1.07291,1.07444,1.07149,1.07429,0.0
2014-06-25,1.07414,1.07508,1.07164,1.07185,0.0
2014-06-26,1.07186,1.07237,1.0682,1.06889,0.0
2014-06-27,1.06886,1.06955,1.06589,1.06656,0.0
2014-06-30,1.06643,1.06955,1.06455,1.06674,0.0
2014-07-01,1.06678,1.06769,1.063,1.06303,0.0
2014-07-02,1.0629,1.06696,1.0626,1.06648,0.0
2014-07-03,1.06643,1.06793,1.06196,1.0634,0.0
2014-07-04,1.06343,1.06578,1.06294,1.06497,0.0
2014-07-07,1.06451,1.06821,1.06304,1.06819,0.0
2014-07-08,1.06809,1.06933,1.06611,1.06761,0.0
2014-07-09,1.06765,1.06826,1.06401,1.06512,0.0
2014-07-10,1.06499,1.06749,1.06436,1.06475,0.0
2014-07-11,1.06492,1.07359,1.06296,1.07303,0.0
2014-07-14,1.07347,1.07461,1.07092,1.07101,0.0
2014-07-15,1.07112,1.07685,1.07098,1.07572,0.0
2014-07-16,1.07585,1.07933,1.07222,1.07434,0.0
2014-07-17,1.07409,1.07624,1.0727,1.076,0.0
2014-07-18,1.07589,1.07652,1.07074,1.07341,0.0
2014-07-21,1.07305,1.07514,1.07251,1.07369,0.0
2014-07-22,1.07383,1.07584,1.07298,1.07375,0.0
2014-07-23,1.07355,1.07446,1.07095,1.07259,0.0
2014-07-24,1.07256,1.0751,1.07168,1.07427,0.0
2014-07-25,1.07419,1.08201,1.07375,1.08156,0.0
2014-07-28,1.08143,1.08174,1.07969,1.07977,0.0
2014-07-29,1.07976,1.08649,1.07955,1.08503,0.0
2014-07-30,1.08517,1.09158,1.08481,1.09006,0.0
2014-07-31,1.09,1.09284,1.08755,1.0902,0.0
2014-08-01,1.09036,1.09432,1.08837,1.09205,0.0
2014-08-04,1.09159,1.09329,1.09038,1.09046,0.0
2014-08-05,1.09048,1.09756,1.09035,1.09601,0.0
2014-08-06,1.09603,1.0985,1.09114,1.09158,0.0
2014-08-07,1.09132,1.09374,1.09025,1.09221,0.0
2014-08-08,1.09229,1.09829,1.09079,1.09715,0.0
2014-08-11,1.09687,1.09763,1.09175,1.09224,0.0
2014-08-12,1.09211,1.09518,1.09125,1.09235,0.0
2014-08-13,1.0923,1.09392,1.09054,1.09118,0.0
2014-08-14,1.09119,1.09201,1.08861,1.09015,0.0
2014-08-15,1.09013,1.09181,1.08593,1.08932,0.0
2014-08-18,1.08853,1.08981,1.08744,1.08852,0.0
2014-08-19,1.08853,1.09485,1.08852,1.09395,0.0
2014-08-20,1.09405,1.0973,1.09312,1.09673,0.0
2014-08-21,1.09654,1.09854,1.09393,1.09412,0.0
2014-08-22,1.09405,1.09786,1.09271,1.09458,0.0
2014-08-25,1.0963,1.09851,1.09419,1.09826,0.0
2014-08-26,1.09834,1.09968,1.09402,1.09508,0.0
2014-08-27,1.09521,1.0955,1.08275,1.08641,0.0
2014-08-28,1.08636,1.08679,1.08356,1.086,0.0
2014-08-29,1.08562,1.08787,1.08098,1.08756,0.0
2014-09-01,1.08732,1.08774,1.08554,1.08693,0.0
2014-09-02,1.08695,1.09342,1.08661,1.09275,0.0
2014-09-03,1.09247,1.09416,1.087,1.08854,0.0
2014-09-04,1.08861,1.09084,1.08198,1.08736,0.0
2014-09-05,1.08733,1.09017,1.08388,1.08821,0.0
2014-09-08,1.08805,1.09817,1.088,1.09717,0.0
2014-09-09,1.09718,1.10307,1.09635,1.0981,0.0
2014-09-10,1.09803,1.10132,1.09328,1.09349,0.0
2014-09-11,1.0936,1.10579,1.09347,1.10332,0.0
2014-09-12,1.10327,1.10969,1.10276,1.10899,0.0
2014-09-15,1.10825,1.10977,1.10345,1.10502,0.0
2014-09-16,1.10521,1.10707,1.09651,1.0972,0.0
2014-09-17,1.09689,1.10195,1.09257,1.09949,0.0
2014-09-18,1.10043,1.10225,1.09275,1.09355,0.0
2014-09-19,1.0934,1.09789,1.08859,1.09506,0.0
2014-09-22,1.09634,1.10418,1.09255,1.10416,0.0
2014-09-23,1.10415,1.10825,1.09854,1.10766,0.0
2014-09-24,1.10754,1.11213,1.10522,1.10586,0.0
2014-09-25,1.10554,1.11264,1.10554,1.11078,0.0
2014-09-26,1.11073,1.11677,1.10915,1.11555,0.0
2014-09-29,1.11521,1.11773,1.11305,1.1161,0.0
2014-09-30,1.11586,1.12184,1.11339,1.11942,0.0
2014-10-01,1.11948,1.12221,1.11597,1.11603,0.0
2014-10-02,1.11628,1.11767,1.10705,1.11554,0.0
2014-10-03,1.11559,1.12693,1.11537,1.12473,0.0
2014-10-06,1.12517,1.12644,1.11105,1.11332,0.0
2014-10-07,1.11286,1.11951,1.11273,1.11708,0.0
2014-10-08,1.1174,1.12095,1.10922,1.11072,0.0
2014-10-09,1.1106,1.11878,1.10809,1.11837,0.0
2014-10-10,1.11836,1.12211,1.11591,1.12051,0.0
2014-10-13,1.11874,1.12185,1.1181,1.11951,0.0
2014-10-14,1.11965,1.13125,1.11887,1.12949,0.0
2014-10-15,1.12948,1.13845,1.12255,1.12507,0.0
2014-10-16,1.12483,1.13603,1.12259,1.1256,0.0
2014-10-17,1.12546,1.12785,1.12097,1.12744,0.0
2014-10-20,1.12836,1.12922,1.12495,1.12847,0.0
2014-10-21,1.1282,1.12952,1.12017,1.12205,0.0
2014-10-22,1.12206,1.1291,1.11832,1.12324,0.0
2014-10-23,1.12339,1.1263,1.12064,1.12301,0.0
2014-10-24,1.12309,1.12421,1.11937,1.12392,0.0
2014-10-27,1.12274,1.1254,1.12115,1.12465,0.0
2014-10-28,1.12462,1.12522,1.11646,1.1166,0.0
2014-10-29,1.11664,1.12238,1.11211,1.11839,0.0
2014-10-30,1.11849,1.12218,1.11642,1.11871,0.0
2014-10-31,1.11852,1.13315,1.11822,1.12591,0.0
2014-11-03,1.12828,1.13762,1.12623,1.13572,0.0
2014-11-04,1.13563,1.14261,1.13386,1.14076,0.0
2014-11-05,1.14069,1.14657,1.13699,1.13863,0.0
2014-11-06,1.13874,1.14429,1.13777,1.14221,0.0
2014-11-07,1.14224,1.14474,1.13111,1.13302,0.0
2014-11-10,1.13238,1.13835,1.12992,1.13794,0.0
2014-11-11,1.13792,1.14007,1.13169,1.13342,0.0
2014-11-12,1.13329,1.1358,1.12802,1.1317,0.0
2014-11-13,1.13151,1.13906,1.12983,1.13684,0.0
2014-11-14,1.13721,1.13921,1.12632,1.12884,0.0
2014-11-17,1.12822,1.13273,1.12674,1.13062,0.0
2014-11-18,1.13025,1.13228,1.12592,1.12972,0.0
2014-11-19,1.12978,1.13583,1.12969,1.1339,0.0
2014-11-20,1.13388,1.13682,1.12917,1.13038,0.0
2014-11-21,1.13025,1.13251,1.11901,1.12288,0.0
2014-11-24,1.12328,1.13113,1.12239,1.12823,0.0
2014-11-25,1.12825,1.13157,1.12313,1.12566,0.0
2014-11-26,1.12559,1.12961,1.12272,1.12468,0.0
2014-11-27,1.12443,1.13535,1.12343,1.13329,0.0
2014-11-28,1.13303,1.14431,1.13268,1.14182,0.0
2014-12-01,1.14289,1.14581,1.13122,1.13258,0.0
2014-12-02,1.13249,1.14232,1.13174,1.14056,0.0
2014-12-03,1.14077,1.14171,1.13459,1.13664,0.0
2014-12-04,1.13662,1.13963,1.13393,1.13813,0.0
2014-12-05,1.13823,1.14751,1.13799,1.14339,0.0
2014-12-08,1.14346,1.14846,1.14258,1.14762,0.0
2014-12-09,1.14802,1.15,1.13963,1.14431,0.0
2014-12-10,1.14442,1.15013,1.14349,1.14801,0.0
2014-12-11,1.14778,1.15488,1.14472,1.15204,0.0
2014-12-12,1.152,1.15902,1.15151,1.15698,0.0
2014-12-15,1.15865,1.1672,1.15473,1.16684,0.0
2014-12-16,1.16657,1.16678,1.1606,1.1625,0.0
2014-12-17,1.16255,1.16706,1.15593,1.16355,0.0
2014-12-18,1.16299,1.1647,1.15683,1.15748,0.0
2014-12-19,1.15828,1.16283,1.15663,1.15996,0.0
2014-12-22,1.16024,1.16448,1.15772,1.16259,0.0
2014-12-23,1.16307,1.1666,1.1598,1.16143,0.0
2014-12-24,1.16145,1.164,1.1589,1.1622,0.0
2014-12-26,1.16232,1.16289,1.16024,1.16281,0.0
2014-12-29,1.16164,1.16475,1.16043,1.16347,0.0
2014-12-30,1.16327,1.165,1.15959,1.16077,0.0
2014-12-31,1.16071,1.16171,1.15638,1.16134,0.0
2015-01-02,1.16418,1.17834,1.16418,1.17796,0.0
2015-01-05,1.17865,1.18399,1.17424,1.17594,0.0
2015-01-06,1.1761,1.1839,1.17301,1.1833,0.0
2015-01-07,1.18344,1.1873,1.18121,1.18175,0.0
2015-01-08,1.18183,1.1843,1.17958,1.18286,0.0
2015-01-09,1.18315,1.18891,1.18038,1.18628,0.0
2015-01-12,1.18547,1.19726,1.18343,1.19725,0.0
2015-01-13,1.19749,1.19926,1.19251,1.19548,0.0
2015-01-14,1.19544,1.20165,1.19281,1.19496,0.0
2015-01-15,1.19462,1.19947,1.18017,1.1954,0.0
2015-01-16,1.19539,1.20457,1.19482,1.1972,0.0
2015-01-19,1.1976,1.19844,1.19333,1.1938,0.0
2015-01-20,1.19375,1.21139,1.19365,1.21113,0.0
2015-01-21,1.21102,1.23931,1.20608,1.23375,0.0
2015-01-22,1.23351,1.24186,1.23122,1.23815,0.0
2015-01-23,1.23816,1.24558,1.2359,1.24305,0.0
2015-01-26,1.24364,1.2488,1.24036,1.24731,0.0
2015-01-27,1.24743,1.24994,1.23789,1.23891,0.0
2015-01-28,1.23944,1.2536,1.23875,1.25291,0.0
2015-01-29,1.25342,1.26765,1.25107,1.26179,0.0
2015-01-30,1.26221,1.27983,1.26067,1.27095,0.0
2015-02-02,1.26966,1.27718,1.25561,1.25673,0.0
2015-02-03,1.25728,1.26434,1.23506,1.24153,0.0
2015-02-04,1.24115,1.25911,1.23893,1.25744,0.0
2015-02-05,1.25638,1.25854,1.23927,1.24347,0.0
2015-02-06,1.24323,1.25453,1.23737,1.2512,0.0
2015-02-09,1.25354,1.25389,1.24276,1.24685,0.0
2015-02-10,1.2469,1.26236,1.245,1.25887,0.0
2015-02-11,1.25853,1.26969,1.25712,1.26235,0.0
2015-02-12,1.26201,1.26446,1.24367,1.25098,0.0
2015-02-13,1.25064,1.25356,1.24209,1.24458,0.0
2015-02-16,1.24425,1.24896,1.242,1.24645,0.0
2015-02-17,1.2457,1.24773,1.23615,1.23868,0.0
2015-02-18,1.23861,1.24648,1.238,1.24527,0.0
2015-02-19,1.2451,1.25456,1.24358,1.24944,0.0
2015-02-20,1.2495,1.25636,1.24212,1.25353,0.0
2015-02-23,1.25296,1.26233,1.25229,1.25713,0.0
2015-02-24,1.25695,1.26625,1.24777,1.24878,0.0
2015-02-25,1.24896,1.24964,1.23999,1.24386,0.0
2015-02-26,1.24338,1.25337,1.23866,1.25138,0.0
2015-02-27,1.25202,1.25294,1.24476,1.24985,0.0
2015-03-02,1.25049,1.25643,1.24752,1.25344,0.0
2015-03-03,1.2537,1.25422,1.24319,1.24905,0.0
2015-03-04,1.24923,1.25411,1.24059,1.24209,0.0
2015-03-05,1.24243,1.25172,1.24056,1.24856,0.0
2015-03-06,1.24875,1.26258,1.2455,1.26189,0.0
2015-03-09,1.26181,1.26253,1.25722,1.26039,0.0
2015-03-10,1.26004,1.26875,1.25968,1.26866,0.0
2015-03-11,1.26843,1.27962,1.26632,1.27477,0.0
2015-03-12,1.27457,1.27674,1.26162,1.26829,0.0
2015-03-13,1.26876,1.28226,1.26801,1.27811,0.0
2015-03-16,1.27917,1.28173,1.2734,1.27757,0.0
2015-03-17,1.27732,1.27964,1.27482,1.27863,0.0
2015-03-18,1.27852,1.28339,1.24475,1.25677,0.0
2015-03-19,1.25548,1.27572,1.25064,1.27105,0.0
2015-03-20,1.27128,1.27223,1.2544,1.25579,0.0
2015-03-23,1.2553,1.26144,1.24943,1.25208,0.0
2015-03-24,1.25198,1.2545,1.24267,1.24926,0.0
2015-03-25,1.24952,1.25393,1.24722,1.25145,0.0
2015-03-26,1.25143,1.25318,1.2409,1.24778,0.0
2015-03-27,1.24746,1.26197,1.24668,1.26159,0.0
2015-03-30,1.2603,1.27054,1.25943,1.26762,0.0
2015-03-31,1.26776,1.27829,1.26512,1.26798,0.0
2015-04-01,1.26806,1.27088,1.25751,1.26212,0.0
2015-04-02,1.26174,1.26548,1.25562,1.25576,0.0
2015-04-03,1.256,1.25733,1.24275,1.24853,0.0
2015-04-06,1.2459,1.25056,1.24361,1.24808,0.0
2015-04-07,1.24805,1.25216,1.2454,1.25072,0.0
2015-04-08,1.25018,1.25573,1.23863,1.25457,0.0
2015-04-09,1.25441,1.26127,1.25075,1.25819,0.0
2015-04-10,1.25865,1.26658,1.25698,1.25725,0.0
2015-04-13,1.2577,1.26447,1.25614,1.25925,0.0
2015-04-14,1.25944,1.26022,1.2444,1.2483,0.0
2015-04-15,1.24857,1.25691,1.22795,1.22925,0.0
2015-04-16,1.22938,1.23268,1.21417,1.21878,0.0
2015-04-17,1.21815,1.22706,1.20873,1.2241,0.0
2015-04-20,1.22096,1.22584,1.21786,1.22295,0.0
2015-04-21,1.22276,1.23045,1.2213,1.22788,0.0
2015-04-22,1.22815,1.22864,1.221,1.22391,0.0
2015-04-23,1.22364,1.22678,1.212,1.21427,0.0
2015-04-24,1.2143,1.21829,1.21019,1.21799,0.0
2015-04-27,1.21852,1.21942,1.20792,1.20873,0.0
2015-04-28,1.20865,1.21161,1.2014,1.20328,0.0
2015-04-29,1.20243,1.20724,1.19436,1.20109,0.0
2015-04-30,1.20096,1.21311,1.19958,1.20694,0.0
2015-05-01,1.20697,1.22041,1.20618,1.2166,0.0
2015-05-04,1.2155,1.218,1.20868,1.20908,0.0
2015-05-05,1.20911,1.21305,1.20014,1.20664,0.0
2015-05-06,1.20625,1.20867,1.19393,1.20429,0.0
2015-05-07,1.20415,1.21622,1.20328,1.21235,0.0
2015-05-08,1.21181,1.21445,1.20441,1.20794,0.0
2015-05-11,1.20806,1.21435,1.20638,1.20963,0.0
2015-05-12,1.20976,1.21059,1.19774,1.20166,0.0
2015-05-13,1.20171,1.20275,1.19278,1.19563,0.0
2015-05-14,1.19558,1.20051,1.19187,1.19825,0.0
2015-05-15,1.1984,1.20663,1.19793,1.20148,0.0
2015-05-18,1.20055,1.217,1.20055,1.21581,0.0
2015-05-19,1.21595,1.22491,1.21284,1.22301,0.0
2015-05-20,1.22284,1.22553,1.21659,1.22073,0.0
2015-05-21,1.22015,1.22415,1.21702,1.21999,0.0
2015-05-22,1.21964,1.23213,1.21716,1.22818,0.0
2015-05-25,1.22842,1.23174,1.22745,1.23136,0.0
2015-05-26,1.23134,1.24465,1.23039,1.24322,0.0
2015-05-27,1.24314,1.2491,1.23943,1.24516,0.0
2015-05-28,1.24528,1.25373,1.24212,1.24322,0.0
2015-05-29,1.24324,1.25264,1.24098,1.24404,0.0
2015-06-01,1.24393,1.25622,1.24377,1.25226,0.0
2015-06-02,1.25214,1.2534,1.23666,1.24035,0.0
2015-06-03,1.2403,1.25082,1.23842,1.24499,0.0
2015-06-04,1.245,1.25027,1.24353,1.24993,0.0
2015-06-05,1.2499,1.25615,1.24259,1.24277,0.0
2015-06-08,1.24399,1.24716,1.23822,1.24094,0.0
2015-06-09,1.2407,1.24405,1.23064,1.23338,0.0
2015-06-10,1.23332,1.23511,1.22013,1.22567,0.0
2015-06-11,1.22574,1.23533,1.22566,1.22945,0.0
2015-06-12,1.22913,1.23462,1.22764,1.23065,0.0
2015-06-15,1.23087,1.23595,1.22963,1.23205,0.0
2015-06-16,1.23212,1.23456,1.22824,1.22873,0.0
2015-06-17,1.22857,1.23449,1.22198,1.22277,0.0
2015-06-18,1.22301,1.22496,1.21266,1.22231,0.0
2015-06-19,1.22229,1.22947,1.22143,1.22684,0.0
2015-06-22,1.22514,1.23282,1.22171,1.23082,0.0
2015-06-23,1.23102,1.23817,1.23092,1.23281,0.0
2015-06-24,1.23279,1.24219,1.22756,1.23834,0.0
2015-06-25,1.23838,1.23985,1.23111,1.23232,0.0
2015-06-26,1.23237,1.23964,1.23104,1.23136,0.0
2015-06-29,1.23334,1.24116,1.23027,1.24013,0.0
2015-06-30,1.24007,1.24991,1.23621,1.24953,0.0
2015-07-01,1.24892,1.25967,1.24744,1.25884,0.0
2015-07-02,1.25892,1.26323,1.2537,1.25418,0.0
2015-07-03,1.25419,1.26015,1.25386,1.25624,0.0
2015-07-06,1.25989,1.2663,1.25622,1.26506,0.0
2015-07-07,1.26491,1.27788,1.26442,1.27097,0.0
2015-07-08,1.27075,1.27674,1.26875,1.27445,0.0
2015-07-09,1.27395,1.2743,1.26651,1.2704,0.0
2015-07-10,1.27034,1.27525,1.26621,1.26719,0.0
2015-07-13,1.26997,1.27892,1.26794,1.27387,0.0
2015-07-14,1.27378,1.2804,1.27157,1.27306,0.0
2015-07-15,1.27267,1.29574,1.2722,1.29132,0.0
2015-07-16,1.29113,1.29687,1.29041,1.29639,0.0
2015-07-17,1.29581,1.3007,1.29467,1.2972,0.0
2015-07-20,1.29764,1.30233,1.29517,1.29942,0.0
2015-07-21,1.29966,1.30117,1.29158,1.2944,0.0
2015-07-22,1.29458,1.30517,1.29359,1.303,0.0
2015-07-23,1.30299,1.30469,1.29443,1.30347,0.0
2015-07-24,1.30358,1.31019,1.30162,1.30403,0.0
2015-07-27,1.30393,1.30535,1.29783,1.30377,0.0
2015-07-28,1.30354,1.30419,1.29106,1.29232,0.0
2015-07-29,1.29212,1.29664,1.286,1.29431,0.0
2015-07-30,1.29445,1.30428,1.2942,1.30014,0.0
2015-07-31,1.30058,1.3091,1.29396,1.30901,0.0
2015-08-03,1.30858,1.31751,1.30782,1.31527,0.0
2015-08-04,1.31546,1.32006,1.31043,1.31891,0.0
2015-08-05,1.3189,1.32123,1.31092,1.31791,0.0
2015-08-06,1.31784,1.31962,1.3093,1.31081,0.0
2015-08-07,1.31093,1.31828,1.30474,1.31339,0.0
2015-08-10,1.31195,1.31813,1.29898,1.3001,0.0
2015-08-11,1.30023,1.31489,1.29942,1.31145,0.0
2015-08-12,1.31107,1.31562,1.29514,1.29801,0.0
2015-08-13,1.29788,1.30897,1.29582,1.30586,0.0
2015-08-14,1.30592,1.3096,1.30155,1.30916,0.0
2015-08-17,1.30903,1.3151,1.3059,1.30821,0.0
2015-08-18,1.30828,1.31255,1.30396,1.30549,0.0
2015-08-19,1.30544,1.3177,1.30234,1.31259,0.0
2015-08-20,1.31238,1.31753,1.30591,1.30835,0.0
2015-08-21,1.30823,1.31928,1.30636,1.31778,0.0
2015-08-24,1.31813,1.32878,1.31526,1.32823,0.0
2015-08-25,1.32856,1.33524,1.31432,1.33386,0.0
2015-08-26,1.33391,1.3348,1.325,1.32954,0.0
2015-08-27,1.32975,1.3304,1.31781,1.31972,0.0
2015-08-28,1.31957,1.32995,1.31662,1.32091,0.0
2015-08-31,1.32142,1.3326,1.31158,1.31383,0.0
2015-09-01,1.31393,1.32564,1.31174,1.32539,0.0
2015-09-02,1.32535,1.33238,1.31982,1.32671,0.0
2015-09-03,1.32654,1.32886,1.31362,1.3179,0.0
2015-09-04,1.31781,1.32884,1.31613,1.32727,0.0
2015-09-07,1.32512,1.33089,1.32439,1.33057,0.0
2015-09-08,1.33063,1.33078,1.31841,1.32084,0.0
2015-09-09,1.32073,1.32608,1.31537,1.32528,0.0
2015-09-10,1.32484,1.3287,1.31757,1.32524,0.0
2015-09-11,1.32381,1.33091,1.32143,1.32608,0.0
2015-09-14,1.32509,1.32792,1.32235,1.32611,0.0
2015-09-15,1.32612,1.32712,1.32259,1.32439,0.0
2015-09-16,1.32458,1.32564,1.31593,1.31703,0.0
2015-09-17,1.31753,1.32044,1.30725,1.31773,0.0
2015-09-18,1.31756,1.32282,1.30115,1.3219,0.0
2015-09-21,1.32297,1.3264,1.3175,1.32496,0.0
2015-09-22,1.32508,1.32971,1.3218,1.32682,0.0
2015-09-23,1.32687,1.33562,1.32322,1.33213,0.0
2015-09-24,1.33212,1.34156,1.32908,1.33026,0.0
2015-09-25,1.33131,1.33539,1.32967,1.33293,0.0
2015-09-28,1.33333,1.33937,1.33163,1.33863,0.0
2015-09-29,1.33953,1.34558,1.33708,1.34205,0.0
2015-09-30,1.34227,1.34295,1.33058,1.33067,0.0
2015-10-01,1.33152,1.33306,1.32174,1.32652,0.0
2015-10-02,1.32644,1.32676,1.31506,1.31518,0.0
2015-10-05,1.31495,1.3174,1.30634,1.30907,0.0
2015-10-06,1.30842,1.31332,1.30248,1.30328,0.0
2015-10-07,1.30337,1.30709,1.29707,1.30557,0.0
2015-10-08,1.30587,1.30731,1.29778,1.30147,0.0
2015-10-09,1.30108,1.30199,1.28998,1.29403,0.0
2015-10-12,1.29548,1.30099,1.29003,1.29949,0.0
2015-10-13,1.29957,1.30792,1.29553,1.30369,0.0
2015-10-14,1.30356,1.30356,1.29103,1.29333,0.0
2015-10-15,1.29357,1.29474,1.28308,1.28622,0.0
2015-10-16,1.28575,1.29384,1.28502,1.29142,0.0
2015-10-19,1.29042,1.30273,1.29006,1.30207,0.0
2015-10-20,1.30165,1.30463,1.29343,1.29764,0.0
2015-10-21,1.2977,1.31408,1.29674,1.3139,0.0
2015-10-22,1.31376,1.31585,1.30829,1.30876,0.0
2015-10-23,1.30887,1.31971,1.30393,1.31695,0.0
2015-10-26,1.31602,1.31828,1.312,1.31513,0.0
2015-10-27,1.31529,1.32712,1.31529,1.3265,0.0
2015-10-28,1.32679,1.32787,1.30887,1.3189,0.0
2015-10-29,1.31911,1.32372,1.31321,1.31715,0.0
2015-10-30,1.31694,1.31921,1.30547,1.30652,0.0
2015-11-02,1.30741,1.31156,1.30632,1.30942,0.0
2015-11-03,1.30958,1.3164,1.30368,1.30595,0.0
2015-11-04,1.30615,1.31907,1.3044,1.31481,0.0
2015-11-05,1.31512,1.31852,1.31399,1.31668,0.0
2015-11-06,1.31687,1.33167,1.31559,1.32987,0.0
2015-11-09,1.33009,1.3309,1.32448,1.3285,0.0
2015-11-10,1.32783,1.32963,1.32438,1.32733,0.0
2015-11-11,1.32749,1.32826,1.32311,1.32615,0.0
2015-11-12,1.32614,1.334,1.32237,1.32895,0.0
2015-11-13,1.32855,1.33483,1.32659,1.33237,0.0
2015-11-16,1.33032,1.33697,1.32892,1.333,0.0
2015-11-17,1.33313,1.33432,1.32964,1.33205,0.0
2015-11-18,1.33152,1.33675,1.32972,1.33011,0.0
2015-11-19,1.33022,1.33126,1.32457,1.32811,0.0
2015-11-20,1.32838,1.33549,1.32695,1.33508,0.0
2015-11-23,1.33324,1.3435,1.3332,1.33638,0.0
2015-11-24,1.33582,1.33763,1.32833,1.33049,0.0
2015-11-25,1.33031,1.33381,1.32789,1.32885,0.0
2015-11-26,1.32902,1.33235,1.3283,1.32904,0.0
2015-11-27,1.32879,1.33742,1.32879,1.33736,0.0
2015-11-30,1.33634,1.3392,1.3311,1.33593,0.0
2015-12-01,1.3359,1.33867,1.33087,1.33579,0.0
2015-12-02,1.33587,1.34067,1.33072,1.33387,0.0
2015-12-03,1.33406,1.33989,1.32922,1.33529,0.0
2015-12-04,1.33524,1.34152,1.33164,1.33623,0.0
2015-12-07,1.33697,1.35228,1.33647,1.34966,0.0
2015-12-08,1.34983,1.36215,1.3496,1.35839,0.0
2015-12-09,1.35781,1.36192,1.35158,1.35737,0.0
2015-12-10,1.3573,1.36388,1.3531,1.36237,0.0
2015-12-11,1.36247,1.37566,1.3622,1.37504,0.0
2015-12-14,1.37178,1.37798,1.36756,1.37279,0.0
2015-12-15,1.37288,1.37651,1.36719,1.37323,0.0
2015-12-16,1.37318,1.38464,1.37265,1.3783,0.0
2015-12-17,1.3782,1.39856,1.37763,1.39368,0.0
2015-12-18,1.39363,1.40001,1.38533,1.39459,0.0
2015-12-21,1.39335,1.39927,1.3912,1.39602,0.0
2015-12-22,1.3957,1.39647,1.3915,1.39192,0.0
2015-12-23,1.39217,1.39334,1.38346,1.38532,0.0
2015-12-24,1.3845,1.38732,1.38167,1.38167,0.0
2015-12-28,1.3815,1.39148,1.3815,1.39036,0.0
2015-12-29,1.39026,1.39391,1.38148,1.38411,0.0
2015-12-30,1.38383,1.39262,1.38275,1.38801,0.0
2015-12-31,1.38742,1.3902,1.38202,1.38347,0.0
2016-01-04,1.38155,1.39822,1.38155,1.395,0.0
2016-01-05,1.39472,1.4018,1.38969,1.39943,0.0
2016-01-06,1.39884,1.41077,1.39721,1.40737,0.0
2016-01-07,1.40745,1.41688,1.40492,1.41142,0.0
2016-01-08,1.41078,1.41766,1.40573,1.41722,0.0
2016-01-11,1.41662,1.42445,1.40642,1.42137,0.0
2016-01-12,1.42077,1.43141,1.41755,1.42587,0.0
2016-01-13,1.42588,1.43792,1.41864,1.43412,0.0
2016-01-14,1.43414,1.43963,1.43334,1.4368,0.0
2016-01-15,1.43661,1.45528,1.43419,1.45319,0.0
2016-01-18,1.4601,1.46033,1.44852,1.45551,0.0
2016-01-19,1.45577,1.45881,1.44308,1.45772,0.0
2016-01-20,1.45805,1.46888,1.44729,1.45019,0.0
2016-01-21,1.45007,1.45396,1.42268,1.42661,0.0
2016-01-22,1.42667,1.4299,1.41136,1.41276,0.0
2016-01-25,1.41436,1.42917,1.41252,1.42892,0.0
2016-01-26,1.42845,1.43246,1.40435,1.41178,0.0
2016-01-27,1.41176,1.41556,1.40268,1.40922,0.0
2016-01-28,1.40992,1.41218,1.39468,1.40253,0.0
2016-01-29,1.40318,1.41082,1.39665,1.39703,0.0
2016-02-01,1.39697,1.40609,1.39067,1.39464,0.0
2016-02-02,1.39419,1.40809,1.39378,1.40522,0.0
2016-02-03,1.40502,1.41008,1.3756,1.37786,0.0
2016-02-04,1.37745,1.37967,1.36382,1.37498,0.0
2016-02-05,1.37514,1.39176,1.37085,1.39161,0.0
2016-02-08,1.38996,1.39774,1.38397,1.39257,0.0
2016-02-09,1.39326,1.39596,1.37855,1.3864,0.0
2016-02-10,1.38701,1.39976,1.38192,1.39245,0.0
2016-02-11,1.39295,1.40157,1.38817,1.3934,0.0
2016-02-12,1.39322,1.39641,1.3812,1.38551,0.0
2016-02-15,1.38521,1.38594,1.37969,1.38292,0.0
2016-02-16,1.38352,1.39107,1.37057,1.38619,0.0
2016-02-17,1.38702,1.38977,1.36663,1.36695,0.0
2016-02-18,1.36718,1.37505,1.36524,1.37237,0.0
2016-02-19,1.37268,1.38455,1.37137,1.37707,0.0
2016-02-22,1.37737,1.37916,1.3661,1.37044,0.0
2016-02-23,1.37041,1.382,1.36936,1.37928,0.0
2016-02-24,1.37864,1.38582,1.36765,1.37011,0.0
2016-02-25,1.36999,1.37344,1.3516,1.35282,0.0
2016-02-26,1.35356,1.35633,1.3504,1.35173,0.0
2016-02-29,1.35205,1.35862,1.34801,1.35454,0.0
2016-03-01,1.35426,1.35504,1.33849,1.34072,0.0
2016-03-02,1.34111,1.34977,1.34095,1.34142,0.0
2016-03-03,1.3417,1.34719,1.33703,1.34044,0.0
2016-03-04,1.34029,1.34701,1.33114,1.33114,0.0
2016-03-07,1.33308,1.33768,1.32604,1.32806,0.0
2016-03-08,1.32796,1.34244,1.32776,1.34076,0.0
2016-03-09,1.34076,1.34456,1.32275,1.32465,0.0
2016-03-10,1.32446,1.33967,1.3231,1.33432,0.0
2016-03-11,1.3343,1.33558,1.31665,1.32148,0.0
2016-03-14,1.32197,1.33075,1.32102,1.32603,0.0
2016-03-15,1.32614,1.34016,1.32597,1.33511,0.0
2016-03-16,1.33521,1.34042,1.30915,1.3095,0.0
2016-03-17,1.30956,1.31316,1.29434,1.29746,0.0
2016-03-18,1.29757,1.30419,1.29222,1.29998,0.0
2016-03-21,1.30188,1.31006,1.30116,1.30996,0.0
2016-03-22,1.30995,1.31373,1.30273,1.30416,0.0
2016-03-23,1.30471,1.32187,1.3036,1.32043,0.0
2016-03-24,1.32049,1.32955,1.31981,1.3247,0.0
2016-03-25,1.32477,1.3283,1.32218,1.3265,0.0
2016-03-28,1.32696,1.32838,1.31662,1.31861,0.0
2016-03-29,1.31848,1.32149,1.30497,1.30742,0.0
2016-03-30,1.30686,1.30803,1.29111,1.29629,0.0
2016-03-31,1.29647,1.30098,1.28564,1.30025,0.0
2016-04-01,1.30025,1.31466,1.2967,1.30094,0.0
2016-04-04,1.30315,1.30863,1.30017,1.30855,0.0
2016-04-05,1.30836,1.32184,1.30654,1.31372,0.0
2016-04-06,1.31365,1.31855,1.3062,1.30895,0.0
2016-04-07,1.30895,1.31799,1.30178,1.31469,0.0
2016-04-08,1.31439,1.31551,1.29515,1.29843,0.0
2016-04-11,1.29801,1.30148,1.28842,1.2897,0.0
2016-04-12,1.28908,1.29192,1.27495,1.27635,0.0
2016-04-13,1.27609,1.28272,1.27428,1.28164,0.0
2016-04-14,1.2815,1.28965,1.27809,1.28462,0.0
2016-04-15,1.28407,1.29013,1.27961,1.28132,0.0
2016-04-18,1.29548,1.29889,1.27747,1.27858,0.0
2016-04-19,1.27811,1.27959,1.26292,1.26692,0.0
2016-04-20,1.26677,1.27292,1.25924,1.26535,0.0
2016-04-21,1.26527,1.2749,1.26267,1.27321,0.0
2016-04-22,1.27333,1.2757,1.26211,1.26632,0.0
2016-04-25,1.26566,1.27162,1.26481,1.26763,0.0
2016-04-26,1.26692,1.26851,1.2594,1.26023,0.0
2016-04-27,1.25999,1.26934,1.25705,1.25979,0.0
2016-04-28,1.25953,1.26052,1.25144,1.2552,0.0
2016-04-29,1.25531,1.25865,1.24964,1.25506,0.0
2016-05-02,1.25529,1.25619,1.25126,1.25283,0.0
2016-05-03,1.2523,1.27308,1.246,1.27237,0.0
2016-05-04,1.27201,1.28848,1.26961,1.28695,0.0
2016-05-05,1.28638,1.28746,1.27846,1.28525,0.0
2016-05-06,1.28513,1.29509,1.28339,1.29061,0.0
2016-05-09,1.29487,1.30144,1.2905,1.29618,0.0
2016-05-10,1.29612,1.2979,1.29074,1.29088,0.0
2016-05-11,1.2909,1.29412,1.28292,1.28509,0.0
2016-05-12,1.28435,1.28775,1.27709,1.28437,0.0
2016-05-13,1.284,1.29566,1.28349,1.29367,0.0
2016-05-16,1.29424,1.29617,1.28741,1.28932,0.0
2016-05-17,1.28935,1.29547,1.28362,1.29096,0.0
2016-05-18,1.29056,1.3036,1.28928,1.30317,0.0
2016-05-19,1.30321,1.31534,1.30095,1.3095,0.0
2016-05-20,1.30953,1.31614,1.30757,1.31086,0.0
2016-05-23,1.31101,1.3173,1.3098,1.31413,0.0
2016-05-24,1.31427,1.31871,1.30853,1.31211,0.0
2016-05-25,1.31258,1.31327,1.30135,1.30183,0.0
2016-05-26,1.3014,1.30358,1.29103,1.29761,0.0
2016-05-27,1.2974,1.30675,1.29658,1.30258,0.0
2016-05-30,1.30229,1.30932,1.30216,1.30459,0.0
2016-05-31,1.30419,1.31335,1.3016,1.30915,0.0
2016-06-01,1.30901,1.31215,1.30412,1.3076,0.0
2016-06-02,1.30714,1.31434,1.30547,1.30962,0.0
2016-06-03,1.30959,1.31051,1.29146,1.29339,0.0
2016-06-06,1.29397,1.29816,1.28023,1.28162,0.0
2016-06-07,1.28158,1.28386,1.27354,1.27359,0.0
2016-06-08,1.27342,1.27602,1.2654,1.26895,0.0
2016-06-09,1.26915,1.2766,1.26698,1.27222,0.0
2016-06-10,1.27178,1.27804,1.26593,1.27753,0.0
2016-06-13,1.27884,1.2838,1.27491,1.2838,0.0
2016-06-14,1.28319,1.28718,1.28113,1.28698,0.0
2016-06-15,1.28702,1.29419,1.28253,1.29097,0.0
2016-06-16,1.29065,1.30851,1.28937,1.29682,0.0
2016-06-17,1.29607,1.29633,1.28285,1.28909,0.0
2016-06-20,1.28417,1.28576,1.27717,1.2802,0.0
2016-06-21,1.28043,1.28258,1.27615,1.28157,0.0
2016-06-22,1.28148,1.28519,1.27411,1.28422,0.0
2016-06-23,1.28415,1.28427,1.26768,1.27711,0.0
2016-06-24,1.27481,1.3098,1.27088,1.29959,0.0
2016-06-27,1.30374,1.31193,1.29924,1.30766,0.0
2016-06-28,1.30688,1.3107,1.29654,1.30252,0.0
2016-06-29,1.30203,1.30415,1.29296,1.29328,0.0
2016-06-30,1.29332,1.30146,1.29135,1.2923,0.0
2016-07-01,1.29242,1.29738,1.28643,1.29054,0.0
2016-07-04,1.29139,1.29182,1.28306,1.28425,0.0
2016-07-05,1.2837,1.30165,1.2837,1.29805,0.0
2016-07-06,1.29774,1.30551,1.29456,1.29577,0.0
2016-07-07,1.29617,1.30199,1.28755,1.30008,0.0
2016-07-08,1.29995,1.30896,1.29872,1.3034,0.0
2016-07-11,1.30422,1.31387,1.30288,1.31164,0.0
2016-07-12,1.31143,1.31319,1.29795,1.30403,0.0
2016-07-13,1.304,1.30825,1.29344,1.29744,0.0
2016-07-14,1.29733,1.2985,1.28614,1.28889,0.0
2016-07-15,1.28872,1.29868,1.28599,1.29628,0.0
2016-07-18,1.29391,1.30213,1.29255,1.29433,0.0
2016-07-19,1.29426,1.30531,1.29369,1.30205,0.0
2016-07-20,1.30194,1.30948,1.30124,1.30581,0.0
2016-07-21,1.30564,1.31002,1.3022,1.30858,0.0
2016-07-22,1.30831,1.31846,1.30535,1.3126,0.0
2016-07-25,1.31227,1.32411,1.31219,1.32167,0.0
2016-07-26,1.32138,1.32431,1.31731,1.31839,0.0
2016-07-27,1.31848,1.32515,1.31563,1.31843,0.0
2016-07-28,1.31847,1.31915,1.30998,1.31554,0.0
2016-07-29,1.31496,1.31854,1.29994,1.30372,0.0
2016-08-01,1.30275,1.3126,1.30237,1.31228,0.0
2016-08-02,1.31193,1.31406,1.30044,1.31103,0.0
2016-08-03,1.31066,1.31466,1.30626,1.3064,0.0
2016-08-04,1.30641,1.30881,1.29944,1.30149,0.0
2016-08-05,1.30173,1.31997,1.30079,1.31713,0.0
2016-08-08,1.31739,1.31877,1.31352,1.31577,0.0
2016-08-09,1.31498,1.31889,1.3108,1.31159,0.0
2016-08-10,1.31169,1.31205,1.29891,1.3057,0.0
2016-08-11,1.3053,1.30786,1.29567,1.29926,0.0
2016-08-12,1.29895,1.29914,1.29232,1.29542,0.0
2016-08-15,1.29537,1.29746,1.29009,1.29227,0.0
2016-08-16,1.29203,1.2933,1.27972,1.2861,0.0
2016-08-17,1.28551,1.29167,1.283,1.28427,0.0
2016-08-18,1.28453,1.28554,1.27629,1.27803,0.0
2016-08-19,1.27783,1.28905,1.27715,1.28613,0.0
2016-08-22,1.28905,1.29646,1.28709,1.29443,0.0
2016-08-23,1.29431,1.29449,1.28576,1.29111,0.0
2016-08-24,1.29083,1.29569,1.29008,1.29261,0.0
2016-08-25,1.29192,1.29387,1.28976,1.29205,0.0
2016-08-26,1.2917,1.30104,1.28298,1.30005,0.0
2016-08-29,1.29887,1.30467,1.29847,1.30102,0.0
2016-08-30,1.30084,1.31025,1.30072,1.30969,0.0
2016-08-31,1.30949,1.31445,1.30789,1.31033,0.0
2016-09-01,1.31028,1.31468,1.3082,1.3101,0.0
2016-09-02,1.31007,1.31133,1.29797,1.29829,0.0
2016-09-05,1.29234,1.29947,1.29055,1.29246,0.0
2016-09-06,1.29234,1.29319,1.28263,1.2843,0.0
2016-09-07,1.28432,1.29128,1.28208,1.28851,0.0
2016-09-08,1.28824,1.29357,1.28504,1.29356,0.0
2016-09-09,1.29302,1.30523,1.29097,1.30458,0.0
2016-09-12,1.30475,1.31225,1.30299,1.30373,0.0
2016-09-13,1.30396,1.31892,1.30288,1.31752,0.0
2016-09-14,1.31689,1.32078,1.31276,1.31945,0.0
2016-09-15,1.319,1.32345,1.31301,1.31533,0.0
2016-09-16,1.31523,1.32471,1.31409,1.32111,0.0
2016-09-19,1.3219,1.32196,1.31341,1.32021,0.0
2016-09-20,1.32009,1.32422,1.31828,1.31889,0.0
2016-09-21,1.31839,1.32349,1.30986,1.30992,0.0
2016-09-22,1.30973,1.31011,1.29997,1.30411,0.0
2016-09-23,1.30412,1.31799,1.30286,1.31638,0.0
2016-09-26,1.31569,1.32428,1.31348,1.32258,0.0
2016-09-27,1.32221,1.32799,1.31627,1.31969,0.0
2016-09-28,1.31975,1.32688,1.3075,1.30769,0.0
2016-09-29,1.30756,1.3183,1.30474,1.31462,0.0
2016-09-30,1.31395,1.31941,1.30853,1.31237,0.0
2016-10-03,1.31192,1.31432,1.30671,1.31189,0.0
2016-10-04,1.31161,1.32149,1.31089,1.319,0.0
2016-10-05,1.31835,1.32314,1.31602,1.31743,0.0
2016-10-06,1.31737,1.32481,1.31737,1.3217,0.0
2016-10-07,1.32121,1.33121,1.31851,1.3293,0.0
2016-10-10,1.32351,1.32776,1.31383,1.31738,0.0
2016-10-11,1.31734,1.32718,1.31613,1.32627,0.0
2016-10-12,1.32569,1.3287,1.32081,1.3274,0.0
2016-10-13,1.32638,1.3306,1.31852,1.31915,0.0
2016-10-14,1.31925,1.32183,1.30984,1.31367,0.0
2016-10-17,1.31143,1.31821,1.31132,1.31276,0.0
2016-10-18,1.31226,1.3139,1.30537,1.31073,0.0
2016-10-19,1.31072,1.31407,1.30052,1.31115,0.0
2016-10-20,1.31118,1.32315,1.31113,1.32282,0.0
2016-10-21,1.32238,1.3354,1.32219,1.33331,0.0
2016-10-24,1.33241,1.33967,1.32842,1.32862,0.0
2016-10-25,1.32813,1.33706,1.32759,1.33504,0.0
2016-10-26,1.33462,1.3384,1.3313,1.33801,0.0
2016-10-27,1.33724,1.34061,1.33514,1.3386,0.0
2016-10-28,1.33823,1.34324,1.33518,1.33917,0.0
2016-10-31,1.34236,1.34237,1.33743,1.34075,0.0
2016-11-01,1.3406,1.34244,1.33526,1.33884,0.0
2016-11-02,1.33839,1.34224,1.33575,1.33907,0.0
2016-11-03,1.33909,1.34017,1.33606,1.33951,0.0
2016-11-04,1.33931,1.34643,1.3383,1.33992,0.0
2016-11-07,1.33381,1.34163,1.3338,1.33626,0.0
2016-11-08,1.33602,1.33901,1.32847,1.32868,0.0
2016-11-09,1.32847,1.35234,1.32622,1.34205,0.0
2016-11-10,1.34195,1.35082,1.33857,1.34689,0.0
2016-11-11,1.34672,1.3547,1.34547,1.35356,0.0
2016-11-14,1.34999,1.35876,1.34983,1.3559,0.0
2016-11-15,1.35523,1.3555,1.34432,1.3445,0.0
2016-11-16,1.34464,1.3505,1.34039,1.34457,0.0
2016-11-17,1.34428,1.35245,1.33986,1.35234,0.0
2016-11-18,1.35165,1.35636,1.34913,1.35004,0.0
2016-11-21,1.34926,1.35125,1.33855,1.34177,0.0
2016-11-22,1.34181,1.34664,1.33769,1.34397,0.0
2016-11-23,1.34348,1.35158,1.34229,1.34851,0.0
2016-11-24,1.34844,1.35344,1.34753,1.34868,0.0
2016-11-25,1.34881,1.35335,1.34527,1.35144,0.0
2016-11-28,1.34932,1.35359,1.33958,1.34081,0.0
2016-11-29,1.34014,1.348,1.33991,1.34294,0.0
2016-11-30,1.34268,1.34627,1.33548,1.34357,0.0
2016-12-01,1.34308,1.34365,1.32997,1.33194,0.0
2016-12-02,1.33117,1.3318,1.32531,1.32842,0.0
2016-12-05,1.3286,1.33546,1.32353,1.32697,0.0
2016-12-06,1.32668,1.33105,1.32515,1.32776,0.0
2016-12-07,1.32745,1.32954,1.3222,1.32343,0.0
2016-12-08,1.32285,1.32499,1.3183,1.31876,0.0
2016-12-09,1.31869,1.32118,1.31511,1.31768,0.0
2016-12-12,1.31386,1.31606,1.31072,1.31299,0.0
2016-12-13,1.31234,1.31389,1.31016,1.31281,0.0
2016-12-14,1.31292,1.32937,1.3078,1.32829,0.0
2016-12-15,1.32825,1.34166,1.32638,1.33317,0.0
2016-12-16,1.33317,1.33915,1.33176,1.33362,0.0
2016-12-19,1.33343,1.34219,1.33167,1.34076,0.0
2016-12-20,1.34015,1.34331,1.33594,1.33663,0.0
2016-12-21,1.3364,1.34263,1.33569,1.3412,0.0
2016-12-22,1.34093,1.35195,1.34093,1.34806,0.0
2016-12-23,1.34796,1.3556,1.34781,1.35334,0.0
2016-12-27,1.35158,1.35789,1.35128,1.35745,0.0
2016-12-28,1.35729,1.35978,1.3538,1.35561,0.0
2016-12-29,1.35542,1.35588,1.34802,1.35015,0.0
2016-12-30,1.35,1.35061,1.34001,1.34381,0.0
2017-01-03,1.34421,1.34597,1.33975,1.34223,0.0
2017-01-04,1.34231,1.3456,1.3281,1.32975,0.0
2017-01-05,1.32954,1.33121,1.31901,1.32227,0.0
2017-01-06,1.32219,1.32672,1.31767,1.32371,0.0
2017-01-09,1.3244,1.3276,1.31964,1.32141,0.0
2017-01-10,1.32137,1.32564,1.31913,1.32291,0.0
2017-01-11,1.32262,1.32934,1.31177,1.31784,0.0
2017-01-12,1.31744,1.31822,1.30279,1.31429,0.0
2017-01-13,1.31418,1.31673,1.31081,1.31128,0.0
2017-01-16,1.31344,1.31866,1.31176,1.31731,0.0
2017-01-17,1.31726,1.31882,1.30176,1.30388,0.0
2017-01-18,1.30366,1.32701,1.30366,1.32689,0.0
2017-01-19,1.32669,1.33527,1.32516,1.3317,0.0
2017-01-20,1.33143,1.33866,1.32833,1.33104,0.0
2017-01-23,1.33225,1.33338,1.32194,1.32354,0.0
2017-01-24,1.32317,1.3298,1.31052,1.31555,0.0
2017-01-25,1.31555,1.31619,1.30604,1.30686,0.0
2017-01-26,1.30675,1.31296,1.30524,1.30954,0.0
2017-01-27,1.30892,1.31516,1.30797,1.31499,0.0
2017-01-30,1.31316,1.31682,1.30753,1.31168,0.0
2017-01-31,1.31166,1.31227,1.29671,1.30287,0.0
2017-02-01,1.30271,1.31018,1.30262,1.30509,0.0
2017-02-02,1.30446,1.30515,1.29791,1.30264,0.0
2017-02-03,1.30224,1.30716,1.29917,1.30224,0.0
2017-02-06,1.30219,1.31348,1.30064,1.30857,0.0
2017-02-07,1.30764,1.32114,1.30724,1.31865,0.0
2017-02-08,1.31808,1.31995,1.31338,1.3143,0.0
2017-02-09,1.31413,1.31673,1.30937,1.31468,0.0
2017-02-10,1.31431,1.31572,1.30586,1.3081,0.0
2017-02-13,1.30841,1.31203,1.30529,1.30707,0.0
2017-02-14,1.30688,1.31063,1.30241,1.30709,0.0
2017-02-15,1.3071,1.31193,1.30634,1.30812,0.0
2017-02-16,1.30755,1.30793,1.30083,1.30704,0.0
2017-02-17,1.30681,1.31255,1.30595,1.30881,0.0
2017-02-20,1.30956,1.31186,1.30733,1.31035,0.0
2017-02-21,1.30998,1.31641,1.30977,1.31432,0.0
2017-02-22,1.31371,1.3209,1.31086,1.31625,0.0
2017-02-23,1.31626,1.31692,1.30819,1.31026,0.0
2017-02-24,1.31043,1.31179,1.30418,1.30953,0.0
2017-02-27,1.30939,1.31798,1.30827,1.31784,0.0
2017-02-28,1.31749,1.33133,1.31635,1.32997,0.0
2017-03-01,1.32946,1.33572,1.32829,1.33255,0.0
2017-03-02,1.33263,1.34014,1.33222,1.33893,0.0
2017-03-03,1.339,1.3436,1.33704,1.33726,0.0
2017-03-06,1.33756,1.34241,1.33714,1.34086,0.0
2017-03-07,1.3404,1.34348,1.33825,1.34109,0.0
2017-03-08,1.34106,1.34996,1.33963,1.34916,0.0
2017-03-09,1.34905,1.35339,1.3481,1.351,0.0
2017-03-10,1.35063,1.35142,1.34205,1.34642,0.0
2017-03-13,1.34489,1.34758,1.34295,1.34449,0.0
2017-03-14,1.34425,1.34945,1.34377,1.34783,0.0
2017-03-15,1.34782,1.34834,1.32952,1.33033,0.0
2017-03-16,1.3305,1.33521,1.3276,1.3318,0.0
2017-03-17,1.33181,1.33775,1.33032,1.33425,0.0
2017-03-20,1.33418,1.33715,1.33033,1.33526,0.0
2017-03-21,1.33492,1.33637,1.32627,1.33526,0.0
2017-03-22,1.33512,1.34085,1.33192,1.33291,0.0
2017-03-23,1.3329,1.33562,1.33149,1.33499,0.0
2017-03-24,1.33502,1.33854,1.33379,1.33775,0.0
2017-03-27,1.33555,1.34029,1.33202,1.33762,0.0
2017-03-28,1.33731,1.3414,1.33533,1.33817,0.0
2017-03-29,1.33808,1.34003,1.33215,1.33266,0.0
2017-03-30,1.33243,1.3351,1.32771,1.33471,0.0
2017-03-31,1.33384,1.33663,1.32835,1.3319,0.0
2017-04-03,1.33023,1.33993,1.32884,1.33825,0.0
2017-04-04,1.33783,1.34549,1.33718,1.34032,0.0
2017-04-05,1.33999,1.3439,1.3377,1.34381,0.0
2017-04-06,1.34297,1.34501,1.33976,1.3412,0.0
2017-04-07,1.34135,1.34301,1.33409,1.34049,0.0
2017-04-10,1.33987,1.34254,1.33216,1.33252,0.0
2017-04-11,1.33249,1.33565,1.33091,1.33271,0.0
2017-04-12,1.33194,1.33383,1.32342,1.32452,0.0
2017-04-13,1.32348,1.33374,1.3223,1.33254,0.0
2017-04-14,1.33237,1.33366,1.33025,1.33227,0.0
2017-04-17,1.3311,1.33219,1.32616,1.33141,0.0
2017-04-18,1.33153,1.33991,1.33112,1.3381,0.0
2017-04-19,1.33771,1.34895,1.33737,1.34844,0.0
2017-04-20,1.34814,1.34993,1.34554,1.34688,0.0
2017-04-21,1.34658,1.35251,1.34574,1.34937,0.0
2017-04-24,1.34583,1.35209,1.34099,1.34978,0.0
2017-04-25,1.35018,1.36257,1.34926,1.35725,0.0
2017-04-26,1.35691,1.36213,1.35417,1.36206,0.0
2017-04-27,1.36092,1.36701,1.35284,1.36328,0.0
2017-04-28,1.3625,1.36961,1.36234,1.3643,0.0
2017-05-01,1.36591,1.36859,1.36363,1.36793,0.0
2017-05-02,1.36729,1.37568,1.3649,1.37068,0.0
2017-05-03,1.37089,1.37394,1.36776,1.37313,0.0
2017-05-04,1.37174,1.37759,1.36994,1.37505,0.0
2017-05-05,1.37469,1.37923,1.36406,1.36459,0.0
2017-05-08,1.3649,1.37332,1.36424,1.36918,0.0
2017-05-09,1.3688,1.37529,1.36695,1.3718,0.0
2017-05-10,1.37168,1.37315,1.3647,1.36526,0.0
2017-05-11,1.36522,1.37697,1.36448,1.36958,0.0
2017-05-12,1.36945,1.3741,1.36642,1.37087,0.0
2017-05-15,1.36918,1.37212,1.36006,1.36331,0.0
2017-05-16,1.3628,1.36579,1.35742,1.36044,0.0
2017-05-17,1.35999,1.3641,1.35704,1.36029,0.0
2017-05-18,1.35986,1.36689,1.35782,1.36013,0.0
2017-05-19,1.36032,1.361,1.35072,1.35092,0.0
2017-05-22,1.35106,1.35403,1.34842,1.35007,0.0
2017-05-23,1.34952,1.35245,1.34549,1.35111,0.0
2017-05-24,1.35131,1.35391,1.34046,1.34064,0.0
2017-05-25,1.34073,1.34928,1.3386,1.34864,0.0
2017-05-26,1.34811,1.34966,1.34324,1.34462,0.0
2017-05-29,1.34461,1.34663,1.34267,1.34541,0.0
2017-05-30,1.34515,1.35057,1.34472,1.3459,0.0
2017-05-31,1.34521,1.35221,1.34334,1.34996,0.0
2017-06-01,1.34968,1.35266,1.34708,1.35157,0.0
2017-06-02,1.35156,1.35461,1.34786,1.3479,0.0
2017-06-05,1.34843,1.35004,1.34581,1.34719,0.0
2017-06-06,1.34621,1.34857,1.3436,1.34522,0.0
2017-06-07,1.34485,1.35254,1.34259,1.35084,0.0
2017-06-08,1.35091,1.35206,1.34841,1.35052,0.0
2017-06-09,1.34998,1.35352,1.34222,1.34633,0.0
2017-06-12,1.34499,1.347,1.33186,1.33235,0.0
2017-06-13,1.33221,1.33238,1.32107,1.32407,0.0
2017-06-14,1.32386,1.32711,1.31641,1.32468,0.0
2017-06-15,1.32446,1.33075,1.32244,1.32676,0.0
2017-06-16,1.32654,1.3273,1.32094,1.32116,0.0
2017-06-19,1.32111,1.32567,1.31905,1.32176,0.0
2017-06-20,1.32154,1.32846,1.32032,1.32666,0.0
2017-06-21,1.32632,1.33471,1.32615,1.33293,0.0
2017-06-22,1.33309,1.33373,1.32075,1.32343,0.0
2017-06-23,1.32243,1.3307,1.32101,1.32683,0.0
2017-06-26,1.3255,1.32693,1.32117,1.3247,0.0
2017-06-27,1.3239,1.326,1.31469,1.3198,0.0
2017-06-28,1.31941,1.31967,1.30128,1.30425,0.0
2017-06-29,1.30396,1.30428,1.29855,1.30025,0.0
2017-06-30,1.29966,1.30097,1.29453,1.29625,0.0
2017-07-03,1.2968,1.30107,1.29642,1.30064,0.0
2017-07-04,1.30059,1.30135,1.29115,1.29334,0.0
2017-07-05,1.29301,1.30141,1.29268,1.29558,0.0
2017-07-06,1.29569,1.29828,1.29224,1.29778,0.0
2017-07-07,1.29772,1.29932,1.28592,1.28762,0.0
2017-07-10,1.28751,1.29318,1.28683,1.28887,0.0
2017-07-11,1.28871,1.29428,1.28836,1.29141,0.0
2017-07-12,1.29141,1.29392,1.26793,1.27507,0.0
2017-07-13,1.27467,1.27705,1.27207,1.27222,0.0
2017-07-14,1.27219,1.27465,1.26435,1.26469,0.0
2017-07-17,1.26427,1.26984,1.26266,1.26974,0.0
2017-07-18,1.26927,1.27006,1.258,1.26273,0.0
2017-07-19,1.26253,1.26522,1.25779,1.26033,0.0
2017-07-20,1.26071,1.26402,1.25398,1.25916,0.0
2017-07-21,1.2581,1.26081,1.25216,1.254,0.0
2017-07-24,1.25348,1.2551,1.2483,1.25088,0.0
2017-07-25,1.25067,1.25322,1.24806,1.25061,0.0
2017-07-26,1.2506,1.25433,1.24133,1.24446,0.0
2017-07-27,1.2443,1.2575,1.24131,1.25519,0.0
2017-07-28,1.25535,1.2567,1.24185,1.24327,0.0
2017-07-31,1.24362,1.25283,1.24263,1.2477,0.0
2017-08-01,1.24695,1.25531,1.24501,1.25382,0.0
2017-08-02,1.25414,1.2592,1.25314,1.25691,0.0
2017-08-03,1.25705,1.26179,1.25521,1.25858,0.0
2017-08-04,1.25784,1.26674,1.25502,1.26448,0.0
2017-08-07,1.26478,1.27142,1.26278,1.26783,0.0
2017-08-08,1.26739,1.27052,1.265,1.26665,0.0
2017-08-09,1.26629,1.2721,1.26593,1.26953,0.0
2017-08-10,1.26942,1.27446,1.26724,1.27425,0.0
2017-08-11,1.27397,1.27525,1.2652,1.26779,0.0
2017-08-14,1.26642,1.27299,1.26609,1.27225,0.0
2017-08-15,1.27224,1.27777,1.27174,1.27557,0.0
2017-08-16,1.27569,1.27698,1.26128,1.26188,0.0
2017-08-17,1.26157,1.26826,1.25873,1.26811,0.0
2017-08-18,1.26767,1.26903,1.25561,1.2581,0.0
2017-08-21,1.25652,1.26059,1.25526,1.25574,0.0
2017-08-22,1.25583,1.25944,1.25249,1.25618,0.0
2017-08-23,1.25599,1.2598,1.25402,1.25491,0.0
2017-08-24,1.25477,1.25608,1.25133,1.25186,0.0
2017-08-25,1.25157,1.25388,1.24653,1.24805,0.0
2017-08-28,1.24752,1.25097,1.24434,1.2506,0.0
2017-08-29,1.25065,1.25497,1.24396,1.25091,0.0
2017-08-30,1.25064,1.2636,1.24998,1.26197,0.0
2017-08-31,1.26153,1.26625,1.2476,1.24828,0.0
2017-09-01,1.24838,1.24908,1.23391,1.23939,0.0
2017-09-04,1.24189,1.24259,1.23743,1.24133,0.0
2017-09-05,1.24117,1.24171,1.23349,1.23727,0.0
2017-09-06,1.23737,1.24142,1.21252,1.22263,0.0
2017-09-07,1.22201,1.22408,1.21095,1.2116,0.0
2017-09-08,1.21168,1.21649,1.20612,1.21532,0.0
2017-09-11,1.2156,1.21698,1.20973,1.21094,0.0
2017-09-12,1.21122,1.21889,1.20813,1.21847,0.0
2017-09-13,1.21788,1.22192,1.213,1.21741,0.0
2017-09-14,1.21671,1.22386,1.21559,1.21621,0.0
2017-09-15,1.21595,1.22168,1.21164,1.21916,0.0
2017-09-18,1.21851,1.23371,1.21707,1.22904,0.0
2017-09-19,1.22923,1.2308,1.22541,1.22911,0.0
2017-09-20,1.22859,1.239,1.21884,1.23236,0.0
2017-09-21,1.23248,1.23675,1.23198,1.2326,0.0
2017-09-22,1.23247,1.23506,1.22506,1.23359,0.0
2017-09-25,1.23296,1.23845,1.23121,1.23688,0.0
2017-09-26,1.23676,1.24124,1.23289,1.23443,0.0
2017-09-27,1.23392,1.2482,1.23344,1.24767,0.0
2017-09-28,1.24736,1.25188,1.24155,1.24262,0.0
2017-09-29,1.24246,1.25312,1.24161,1.24645,0.0
2017-10-02,1.24824,1.2524,1.24636,1.25083,0.0
2017-10-03,1.25078,1.2538,1.24797,1.24847,0.0
2017-10-04,1.2486,1.2498,1.24478,1.24754,0.0
2017-10-05,1.24712,1.25842,1.24612,1.25653,0.0
2017-10-06,1.25649,1.25976,1.2525,1.25289,0.0
2017-10-09,1.25279,1.25583,1.25246,1.25496,0.0
2017-10-10,1.25405,1.25547,1.24829,1.25145,0.0
2017-10-11,1.25083,1.25303,1.24518,1.246,0.0
2017-10-12,1.24541,1.249,1.24321,1.24729,0.0
2017-10-13,1.24741,1.25193,1.24509,1.24668,0.0
2017-10-16,1.2471,1.25571,1.24606,1.25183,0.0
2017-10-17,1.25157,1.25899,1.25119,1.25204,0.0
2017-10-18,1.25216,1.25334,1.24572,1.2465,0.0
2017-10-19,1.24645,1.24939,1.245,1.24839,0.0
2017-10-20,1.24802,1.26296,1.24701,1.26241,0.0
2017-10-23,1.26158,1.26592,1.26129,1.26453,0.0
2017-10-24,1.26432,1.26916,1.26209,1.26745,0.0
2017-10-25,1.26725,1.28162,1.26311,1.27958,0.0
2017-10-26,1.27917,1.28571,1.27754,1.28455,0.0
2017-10-27,1.28422,1.2916,1.28007,1.28058,0.0
2017-10-30,1.28153,1.28603,1.28109,1.28325,0.0
2017-10-31,1.28285,1.29142,1.2822,1.28879,0.0
2017-11-01,1.2886,1.29095,1.2853,1.28642,0.0
2017-11-02,1.28619,1.28752,1.27985,1.28082,0.0
2017-11-03,1.28061,1.2835,1.27145,1.27609,0.0
2017-11-06,1.27611,1.2782,1.27029,1.27032,0.0
2017-11-07,1.27029,1.28188,1.27022,1.27769,0.0
2017-11-08,1.27749,1.27773,1.27148,1.27264,0.0
2017-11-09,1.27184,1.27403,1.26673,1.26814,0.0
2017-11-10,1.2682,1.26951,1.26654,1.26855,0.0
2017-11-13,1.26831,1.27412,1.26775,1.27323,0.0
2017-11-14,1.273,1.27724,1.26999,1.27296,0.0
2017-11-15,1.27307,1.27888,1.27125,1.27631,0.0
2017-11-16,1.27614,1.27827,1.27277,1.27551,0.0
2017-11-17,1.27497,1.28232,1.27125,1.27644,0.0
2017-11-20,1.27654,1.28203,1.27543,1.2819,0.0
2017-11-21,1.28171,1.28362,1.27482,1.27778,0.0
2017-11-22,1.27809,1.27864,1.2693,1.26964,0.0
2017-11-23,1.2693,1.27242,1.26715,1.27152,0.0
2017-11-24,1.27075,1.27469,1.26899,1.27015,0.0
2017-11-27,1.27012,1.27699,1.26792,1.27678,0.0
2017-11-28,1.27688,1.2824,1.27532,1.28151,0.0
2017-11-29,1.2814,1.28733,1.28045,1.28643,0.0
2017-11-30,1.28604,1.29082,1.28497,1.28957,0.0
2017-12-01,1.28929,1.29009,1.26755,1.26788,0.0
2017-12-04,1.26948,1.27261,1.26552,1.26732,0.0
2017-12-05,1.26736,1.2704,1.26166,1.26902,0.0
2017-12-06,1.26869,1.28065,1.2652,1.27869,0.0
2017-12-07,1.27884,1.28677,1.27843,1.28526,0.0
2017-12-08,1.28525,1.28787,1.28027,1.2843,0.0
2017-12-11,1.28512,1.28684,1.283,1.28555,0.0
2017-12-12,1.28545,1.28916,1.28123,1.28652,0.0
2017-12-13,1.28671,1.28799,1.27912,1.2813,0.0
2017-12-14,1.28128,1.28654,1.27129,1.27953,0.0
2017-12-15,1.27903,1.28932,1.27381,1.28696,0.0
2017-12-18,1.28595,1.28806,1.28421,1.28628,0.0
2017-12-19,1.28616,1.292,1.28496,1.28786,0.0
2017-12-20,1.28758,1.288,1.28176,1.28338,0.0
2017-12-21,1.28277,1.28387,1.2698,1.27383,0.0
2017-12-22,1.27403,1.27953,1.26974,1.2717,0.0
2017-12-26,1.27132,1.27329,1.26839,1.26853,0.0
2017-12-27,1.26812,1.26952,1.26268,1.26531,0.0
2017-12-28,1.26513,1.26601,1.25654,1.25681,0.0
2017-12-29,1.25667,1.25878,1.25143,1.25803,0.0
2018-01-02,1.2574,1.2574,1.24991,1.25107,0.0
2018-01-03,1.25115,1.2553,1.2498,1.25354,0.0
2018-01-04,1.25356,1.25549,1.24832,1.24871,0.0
2018-01-05,1.24833,1.25124,1.2354,1.24095,0.0
2018-01-08,1.2409,1.24489,1.23773,1.2419,0.0
2018-01-09,1.24207,1.24773,1.23972,1.24615,0.0
2018-01-10,1.24572,1.25828,1.24263,1.25456,0.0
2018-01-11,1.25451,1.25893,1.25145,1.252,0.0
2018-01-12,1.25194,1.25556,1.24514,1.24567,0.0
2018-01-15,1.2457,1.24709,1.24017,1.24276,0.0
2018-01-16,1.24243,1.24518,1.23962,1.24349,0.0
2018-01-17,1.24255,1.25339,1.23547,1.2434,0.0
2018-01-18,1.24373,1.24864,1.24131,1.24161,0.0
2018-01-19,1.24158,1.25075,1.23988,1.24924,0.0
2018-01-22,1.24748,1.24963,1.24339,1.24439,0.0
2018-01-23,1.24454,1.24903,1.24176,1.24187,0.0
2018-01-24,1.24187,1.24267,1.23155,1.23427,0.0
2018-01-25,1.23394,1.2391,1.22813,1.23718,0.0
2018-01-26,1.23762,1.23899,1.22897,1.23116,0.0
2018-01-29,1.23099,1.23608,1.23076,1.23372,0.0
2018-01-30,1.23348,1.23787,1.23084,1.23374,0.0
2018-01-31,1.23326,1.23472,1.22455,1.23138,0.0
2018-02-01,1.23142,1.23312,1.22571,1.22656,0.0
2018-02-02,1.2265,1.24357,1.22546,1.24214,0.0
2018-02-05,1.24337,1.2542,1.23967,1.25381,0.0
2018-02-06,1.25327,1.25661,1.24915,1.24937,0.0
2018-02-07,1.24907,1.25769,1.24904,1.25657,0.0
2018-02-08,1.25561,1.26133,1.25456,1.2602,0.0
2018-02-09,1.25994,1.26836,1.25591,1.25779,0.0
2018-02-12,1.25851,1.26228,1.2555,1.25804,0.0
2018-02-13,1.25792,1.26245,1.25653,1.25927,0.0
2018-02-14,1.25882,1.26484,1.24899,1.24912,0.0
2018-02-15,1.24924,1.2537,1.24645,1.24804,0.0
2018-02-16,1.24799,1.25671,1.24496,1.25549,0.0
2018-02-19,1.25539,1.2592,1.25262,1.25595,0.0
2018-02-20,1.25598,1.2648,1.25539,1.26476,0.0
2018-02-21,1.26474,1.27023,1.26241,1.27019,0.0
2018-02-22,1.27017,1.27518,1.26709,1.27051,0.0
2018-02-23,1.27031,1.27251,1.26084,1.26278,0.0
2018-02-26,1.26346,1.2711,1.26138,1.26842,0.0
2018-02-27,1.26782,1.27771,1.26675,1.27726,0.0
2018-02-28,1.27761,1.28408,1.27611,1.28307,0.0
2018-03-01,1.28275,1.28943,1.28083,1.28331,0.0
2018-03-02,1.28313,1.29146,1.28187,1.28802,0.0
2018-03-05,1.28681,1.3,1.28579,1.29644,0.0
2018-03-06,1.29617,1.29942,1.28612,1.28751,0.0
2018-03-07,1.28744,1.30004,1.28738,1.29105,0.0
2018-03-08,1.29029,1.29606,1.28661,1.28963,0.0
2018-03-09,1.28938,1.29084,1.28059,1.28093,0.0
2018-03-12,1.28102,1.28447,1.28021,1.28418,0.0
2018-03-13,1.28412,1.29831,1.28291,1.29656,0.0
2018-03-14,1.2961,1.2975,1.292,1.29538,0.0
2018-03-15,1.29531,1.30668,1.29426,1.30525,0.0
2018-03-16,1.3048,1.30977,1.30443,1.30949,0.0
2018-03-19,1.30857,1.31243,1.30462,1.3076,0.0
2018-03-20,1.30758,1.31029,1.30516,1.30702,0.0
2018-03-21,1.30712,1.30763,1.28892,1.29007,0.0
2018-03-22,1.28976,1.29477,1.2829,1.29387,0.0
2018-03-23,1.29283,1.29377,1.28237,1.28939,0.0
2018-03-26,1.28876,1.29219,1.28393,1.28424,0.0
2018-03-27,1.28435,1.29026,1.28137,1.28866,0.0
2018-03-28,1.28823,1.29333,1.28621,1.29207,0.0
2018-03-29,1.29196,1.29369,1.28602,1.2885,0.0
2018-03-30,1.28804,1.28997,1.28596,1.28924,0.0
2018-04-02,1.2894,1.29429,1.28621,1.2912,0.0
2018-04-03,1.29095,1.29233,1.27806,1.28059,0.0
2018-04-04,1.28054,1.28473,1.27568,1.27638,0.0
2018-04-05,1.27684,1.28062,1.27438,1.27512,0.0
2018-04-06,1.27469,1.27953,1.27294,1.27784,0.0
2018-04-09,1.27634,1.2818,1.26863,1.26962,0.0
2018-04-10,1.26993,1.27072,1.25873,1.25984,0.0
2018-04-11,1.25992,1.26225,1.25437,1.25769,0.0
2018-04-12,1.25661,1.26215,1.25607,1.25879,0.0
2018-04-13,1.25895,1.26169,1.25512,1.26103,0.0
2018-04-16,1.25928,1.26229,1.25638,1.25639,0.0
2018-04-17,1.25645,1.25785,1.2527,1.25509,0.0
2018-04-18,1.2546,1.26586,1.25428,1.2626,0.0
2018-04-19,1.2628,1.26757,1.25846,1.26694,0.0
2018-04-20,1.26689,1.27617,1.26288,1.27617,0.0
2018-04-23,1.27484,1.2857,1.27406,1.28487,0.0
2018-04-24,1.28447,1.28606,1.28115,1.28304,0.0
2018-04-25,1.28268,1.28966,1.28195,1.28461,0.0
2018-04-26,1.28375,1.28846,1.282,1.28737,0.0
2018-04-27,1.28649,1.28989,1.28237,1.28254,0.0
2018-04-30,1.28335,1.28742,1.28042,1.28401,0.0
2018-05-01,1.28405,1.29134,1.28193,1.28488,0.0
2018-05-02,1.28437,1.28875,1.28026,1.28815,0.0
2018-05-03,1.28749,1.29083,1.28154,1.28463,0.0
2018-05-04,1.28491,1.29167,1.28353,1.28441,0.0
2018-05-07,1.28415,1.28983,1.28381,1.28807,0.0
2018-05-08,1.28825,1.29966,1.28755,1.29511,0.0
2018-05-09,1.2947,1.29746,1.28247,1.28542,0.0
2018-05-10,1.28509,1.28598,1.27414,1.27678,0.0
2018-05-11,1.2767,1.27986,1.27251,1.27907,0.0
2018-05-14,1.27845,1.28245,1.27437,1.28105,0.0
2018-05-15,1.28135,1.29316,1.27861,1.28754,0.0
2018-05-16,1.28769,1.28849,1.27714,1.27921,0.0
2018-05-17,1.27902,1.28271,1.27437,1.28096,0.0
2018-05-18,1.2808,1.29182,1.27845,1.28855,0.0
2018-05-21,1.28745,1.29065,1.27763,1.27873,0.0
2018-05-22,1.27884,1.28304,1.27389,1.28172,0.0
2018-05-23,1.28187,1.29232,1.28005,1.28385,0.0
2018-05-24,1.28355,1.29232,1.28238,1.288,0.0
2018-05-25,1.28822,1.29921,1.287,1.29728,0.0
2018-05-28,1.29625,1.30285,1.28982,1.29935,0.0
2018-05-29,1.29936,1.30514,1.2954,1.30215,0.0
2018-05-30,1.30128,1.30429,1.28355,1.28735,0.0
2018-05-31,1.28736,1.29905,1.28175,1.29562,0.0
2018-06-01,1.29576,1.3008,1.288,1.29535,0.0
2018-06-04,1.29565,1.29685,1.28995,1.29335,0.0
2018-06-05,1.29313,1.30719,1.29099,1.2965,0.0
2018-06-06,1.29703,1.29803,1.2852,1.29435,0.0
2018-06-07,1.29445,1.3002,1.29283,1.29718,0.0
2018-06-08,1.29725,1.3037,1.29166,1.29312,0.0
2018-06-11,1.3002,1.3031,1.29395,1.298,0.0
2018-06-12,1.29795,1.3031,1.29719,1.30175,0.0
2018-06-13,1.30145,1.30518,1.29534,1.29837,0.0
2018-06-14,1.29867,1.31113,1.2945,1.31055,0.0
2018-06-15,1.31055,1.321,1.30942,1.32055,0.0
2018-06-18,1.3187,1.32433,1.31527,1.32027,0.0
2018-06-19,1.32029,1.32961,1.31909,1.32855,0.0
2018-06-20,1.32864,1.33298,1.32608,1.33119,0.0
2018-06-21,1.33111,1.33369,1.32857,1.33207,0.0
2018-06-22,1.33155,1.33822,1.32591,1.32622,0.0
2018-06-25,1.3269,1.3328,1.3264,1.32972,0.0
2018-06-26,1.32955,1.33369,1.32749,1.33015,0.0
2018-06-27,1.33043,1.33865,1.32765,1.33425,0.0
2018-06-28,1.33418,1.33529,1.32415,1.32525,0.0
2018-06-29,1.32475,1.32767,1.31234,1.31344,0.0
2018-07-02,1.3152,1.32275,1.3139,1.31865,0.0
2018-07-03,1.3185,1.32118,1.31251,1.31397,0.0
2018-07-04,1.31394,1.31683,1.31062,1.31425,0.0
2018-07-05,1.31435,1.31683,1.31079,1.3136,0.0
2018-07-06,1.31326,1.31579,1.30753,1.30943,0.0
2018-07-09,1.30905,1.31235,1.30655,1.31104,0.0
2018-07-10,1.31072,1.31465,1.31005,1.31113,0.0
2018-07-11,1.31136,1.32151,1.30645,1.32104,0.0
2018-07-12,1.32078,1.32185,1.31485,1.31575,0.0
2018-07-13,1.3156,1.32095,1.31495,1.31525,0.0
2018-07-16,1.31553,1.31745,1.31095,1.31375,0.0
2018-07-17,1.31359,1.32187,1.31105,1.3193,0.0
2018-07-18,1.31908,1.32605,1.31615,1.31681,0.0
2018-07-19,1.31686,1.32915,1.31595,1.3268,0.0
2018-07-20,1.32729,1.32905,1.31145,1.3143,0.0
2018-07-23,1.31395,1.31805,1.31135,1.31728,0.0
2018-07-24,1.31715,1.31915,1.31355,1.31554,0.0
2018-07-25,1.31555,1.31675,1.30245,1.30465,0.0
2018-07-26,1.30465,1.30935,1.30245,1.3078,0.0
2018-07-27,1.3078,1.30815,1.3042,1.30605,0.0
2018-07-30,1.3055,1.30805,1.29935,1.30356,0.0
2018-07-31,1.30366,1.30963,1.29833,1.3012,0.0
2018-08-01,1.3006,1.30345,1.29745,1.29985,0.0
2018-08-02,1.30015,1.30405,1.29935,1.30245,0.0
2018-08-03,1.30226,1.304,1.29675,1.29897,0.0
2018-08-06,1.2995,1.30396,1.29875,1.30025,0.0
2018-08-07,1.30041,1.30755,1.29615,1.30542,0.0
2018-08-08,1.30531,1.31203,1.30065,1.30225,0.0
2018-08-09,1.30228,1.30645,1.3,1.30495,0.0
2018-08-10,1.30505,1.31545,1.3031,1.3145,0.0
2018-08-13,1.31665,1.31706,1.31035,1.31341,0.0
2018-08-14,1.3134,1.31375,1.30555,1.30572,0.0
2018-08-15,1.30584,1.31755,1.305,1.31402,0.0
2018-08-16,1.314,1.31746,1.31125,1.31588,0.0
2018-08-17,1.31575,1.31695,1.30515,1.30605,0.0
2018-08-20,1.3063,1.30927,1.30395,1.30412,0.0
2018-08-21,1.3043,1.30585,1.30135,1.30401,0.0
2018-08-22,1.30371,1.30465,1.29865,1.29986,0.0
2018-08-23,1.29967,1.31005,1.29925,1.30815,0.0
2018-08-24,1.3082,1.31045,1.30105,1.30285,0.0
2018-08-27,1.3018,1.30685,1.29535,1.29655,0.0
2018-08-28,1.2968,1.29835,1.28875,1.29299,0.0
2018-08-29,1.29325,1.2962,1.29025,1.29093,0.0
2018-08-30,1.29075,1.3001,1.29025,1.29815,0.0
2018-08-31,1.29852,1.30886,1.29714,1.30425,0.0
2018-09-03,1.30735,1.31035,1.30445,1.30986,0.0
2018-09-04,1.30941,1.32085,1.309,1.31885,0.0
2018-09-05,1.31875,1.32075,1.31595,1.31805,0.0
2018-09-06,1.31779,1.32265,1.3128,1.31425,0.0
2018-09-07,1.31428,1.31908,1.31105,1.31657,0.0
2018-09-10,1.31655,1.31985,1.31505,1.31623,0.0
2018-09-11,1.31645,1.31746,1.30424,1.3066,0.0
2018-09-12,1.30675,1.30795,1.29795,1.29995,0.0
2018-09-13,1.29995,1.30265,1.29755,1.2995,0.0
2018-09-14,1.29971,1.30555,1.29825,1.30335,0.0
2018-09-17,1.30385,1.30505,1.30025,1.30413,0.0
2018-09-18,1.30428,1.30646,1.29715,1.29805,0.0
2018-09-19,1.29725,1.30005,1.29,1.29205,0.0
2018-09-20,1.29294,1.2934,1.28845,1.2905,0.0
2018-09-21,1.29036,1.2944,1.28865,1.29145,0.0
2018-09-24,1.29275,1.29565,1.29085,1.29565,0.0
2018-09-25,1.29557,1.29735,1.29355,1.29525,0.0
2018-09-26,1.29545,1.3026,1.29445,1.30206,0.0
2018-09-27,1.30191,1.30815,1.30135,1.30425,0.0
2018-09-28,1.30431,1.3049,1.29055,1.2908,0.0
2018-10-01,1.2849,1.28745,1.27815,1.28165,0.0
2018-10-02,1.28136,1.28425,1.27985,1.28236,0.0
2018-10-03,1.28231,1.28865,1.28075,1.2872,0.0
2018-10-04,1.28685,1.29395,1.28565,1.29268,0.0
2018-10-05,1.2925,1.2956,1.28906,1.29445,0.0
2018-10-08,1.2946,1.30115,1.29385,1.29595,0.0
2018-10-09,1.2967,1.30045,1.29365,1.29486,0.0
2018-10-10,1.29485,1.30705,1.29265,1.30673,0.0
2018-10-11,1.30678,1.30725,1.30153,1.30365,0.0
2018-10-12,1.3033,1.30525,1.30025,1.30233,0.0
2018-10-15,1.30185,1.30515,1.29545,1.29915,0.0
2018-10-16,1.29909,1.30005,1.29155,1.29332,0.0
2018-10-17,1.29338,1.30265,1.29315,1.30248,0.0
2018-10-18,1.30204,1.30885,1.3013,1.30857,0.0
2018-10-19,1.30852,1.31335,1.30275,1.31023,0.0
2018-10-22,1.3099,1.31275,1.30785,1.3102,0.0
2018-10-23,1.31011,1.31225,1.30755,1.30844,0.0
2018-10-24,1.30842,1.31005,1.29695,1.30543,0.0
2018-10-25,1.30561,1.30986,1.30145,1.30688,0.0
2018-10-26,1.30726,1.31595,1.3068,1.31065,0.0
2018-10-29,1.3093,1.31505,1.30805,1.31332,0.0
2018-10-30,1.31343,1.31495,1.31005,1.31111,0.0
2018-10-31,1.31106,1.31705,1.31065,1.31585,0.0
2018-11-01,1.31575,1.31705,1.30675,1.30865,0.0
2018-11-02,1.3086,1.31195,1.30485,1.31026,0.0
2018-11-05,1.30945,1.31175,1.30705,1.31105,0.0
2018-11-06,1.31103,1.31455,1.31025,1.31251,0.0
2018-11-07,1.31238,1.31595,1.30555,1.31149,0.0
2018-11-08,1.31127,1.31835,1.30865,1.31545,0.0
2018-11-09,1.31565,1.32333,1.31405,1.32087,0.0
2018-11-12,1.3205,1.32505,1.31825,1.32488,0.0
2018-11-13,1.32481,1.32645,1.32145,1.32341,0.0
2018-11-14,1.32357,1.32645,1.32075,1.32421,0.0
2018-11-15,1.32414,1.32555,1.31555,1.31765,0.0
2018-11-16,1.3178,1.31875,1.31265,1.31492,0.0
2018-11-19,1.31545,1.32025,1.31405,1.31715,0.0
2018-11-20,1.31725,1.33195,1.31545,1.33092,0.0
2018-11-21,1.33062,1.33185,1.32275,1.32324,0.0
2018-11-22,1.32315,1.32465,1.31825,1.31906,0.0
2018-11-23,1.31902,1.32595,1.31845,1.32365,0.0
2018-11-26,1.32235,1.32625,1.31865,1.32535,0.0
2018-11-27,1.32507,1.33295,1.32359,1.32983,0.0
2018-11-28,1.32942,1.33605,1.32415,1.32775,0.0
2018-11-29,1.32763,1.33126,1.32525,1.32845,0.0
2018-11-30,1.32828,1.33335,1.32725,1.32893,0.0
2018-12-03,1.3237,1.32695,1.31595,1.31981,0.0
2018-12-04,1.31965,1.32675,1.31635,1.32648,0.0
2018-12-05,1.32635,1.34,1.32525,1.33561,0.0
2018-12-06,1.33548,1.34448,1.33545,1.33825,0.0
2018-12-07,1.33815,1.34005,1.32525,1.33228,0.0
2018-12-10,1.33345,1.34165,1.32925,1.34009,0.0
2018-12-11,1.33974,1.34245,1.33775,1.33895,0.0
2018-12-12,1.33908,1.33995,1.33225,1.33516,0.0
2018-12-13,1.33504,1.3384,1.33375,1.33555,0.0
2018-12-14,1.33543,1.34025,1.33465,1.33875,0.0
2018-12-17,1.33845,1.34225,1.33715,1.34087,0.0
2018-12-18,1.34074,1.34965,1.33905,1.34665,0.0
2018-12-19,1.34674,1.35075,1.34145,1.3477,0.0
2018-12-20,1.3478,1.35315,1.34455,1.35035,0.0
2018-12-21,1.3506,1.36035,1.34925,1.36,0.0
2018-12-24,1.36005,1.36215,1.35645,1.36045,0.0
2018-12-26,1.35909,1.3618,1.35675,1.35735,0.0
2018-12-27,1.35747,1.36615,1.35645,1.36183,0.0
2018-12-28,1.36235,1.36625,1.35945,1.36369,0.0
2018-12-31,1.3638,1.36647,1.36085,1.36395,0.0
2019-01-02,1.36495,1.36635,1.35685,1.3584,0.0
2019-01-03,1.35815,1.36565,1.34685,1.34873,0.0
2019-01-04,1.34884,1.34975,1.33708,1.33745,0.0
2019-01-07,1.33805,1.33895,1.32785,1.33015,0.0
2019-01-08,1.32991,1.33235,1.32675,1.32735,0.0
2019-01-09,1.32733,1.32815,1.31795,1.3212,0.0
2019-01-10,1.32095,1.32605,1.3202,1.32375,0.0
2019-01-11,1.32356,1.32795,1.31825,1.32655,0.0
2019-01-14,1.32625,1.32985,1.3252,1.32815,0.0
2019-01-15,1.32854,1.32955,1.3226,1.32675,0.0
2019-01-16,1.32655,1.32855,1.32345,1.32579,0.0
2019-01-17,1.3258,1.33205,1.32475,1.32801,0.0
2019-01-18,1.32788,1.32855,1.32345,1.3266,0.0
2019-01-21,1.32665,1.33185,1.32535,1.32965,0.0
2019-01-22,1.32915,1.33585,1.32915,1.33565,0.0
2019-01-23,1.3355,1.33705,1.3298,1.33446,0.0
2019-01-24,1.33431,1.33753,1.33295,1.33555,0.0
2019-01-25,1.33504,1.3362,1.3212,1.32163,0.0
2019-01-28,1.32215,1.3286,1.32025,1.32615,0.0
2019-01-29,1.32615,1.32865,1.32425,1.32696,0.0
2019-01-30,1.32685,1.32845,1.31175,1.31539,0.0
2019-01-31,1.31487,1.31655,1.312,1.31236,0.0
2019-02-01,1.31251,1.31605,1.30685,1.31,0.0
2019-02-04,1.3097,1.31475,1.30845,1.31115,0.0
2019-02-05,1.31103,1.31531,1.31015,1.31271,0.0
2019-02-06,1.31255,1.32165,1.31235,1.32125,0.0
2019-02-07,1.32128,1.33185,1.3204,1.33085,0.0
2019-02-08,1.33079,1.33305,1.32315,1.32775,0.0
2019-02-11,1.32705,1.33195,1.32605,1.3302,0.0
2019-02-12,1.33023,1.33155,1.32325,1.32356,0.0
2019-02-13,1.32376,1.32615,1.31955,1.32555,0.0
2019-02-14,1.32543,1.33405,1.32294,1.32954,0.0
2019-02-15,1.32949,1.33135,1.3241,1.32469,0.0
2019-02-18,1.3251,1.32585,1.32245,1.3242,0.0
2019-02-19,1.32404,1.32815,1.32045,1.32135,0.0
2019-02-20,1.32112,1.32195,1.31495,1.3177,0.0
2019-02-21,1.31845,1.32375,1.31615,1.32295,0.0
2019-02-22,1.32335,1.32455,1.31335,1.31355,0.0
2019-02-25,1.3134,1.31974,1.31125,1.31875,0.0
2019-02-26,1.31863,1.32375,1.31545,1.31685,0.0
2019-02-27,1.31698,1.3182,1.31175,1.3156,0.0
2019-02-28,1.31563,1.32075,1.31395,1.31754,0.0
2019-03-01,1.3171,1.33084,1.31295,1.32995,0.0
2019-03-04,1.3277,1.33385,1.32745,1.33054,0.0
2019-03-05,1.3303,1.33615,1.33015,1.33525,0.0
2019-03-06,1.33504,1.3457,1.33485,1.34385,0.0
2019-03-07,1.344,1.34685,1.34135,1.34555,0.0
2019-03-08,1.34575,1.34665,1.33905,1.34198,0.0
2019-03-11,1.34195,1.34405,1.33915,1.33945,0.0
2019-03-12,1.33935,1.34175,1.33515,1.33554,0.0
2019-03-13,1.33541,1.33712,1.32895,1.32997,0.0
2019-03-14,1.33005,1.33485,1.3286,1.33355,0.0
2019-03-15,1.33349,1.33725,1.32885,1.33366,0.0
2019-03-18,1.3333,1.33665,1.33015,1.33355,0.0
2019-03-19,1.3334,1.33485,1.32505,1.33248,0.0
2019-03-20,1.3324,1.33485,1.32565,1.3304,0.0
2019-03-21,1.33051,1.34001,1.32755,1.33642,0.0
2019-03-22,1.33649,1.34335,1.33522,1.34284,0.0
2019-03-25,1.34175,1.3445,1.33985,1.34015,0.0
2019-03-26,1.34035,1.34147,1.33715,1.33815,0.0
2019-03-27,1.33804,1.34405,1.33765,1.3414,0.0
2019-03-28,1.34115,1.34545,1.33965,1.34425,0.0
2019-03-29,1.34366,1.34455,1.33415,1.33505,0.0
2019-04-01,1.33505,1.33707,1.32975,1.33075,0.0
2019-04-02,1.33065,1.3374,1.33053,1.33365,0.0
2019-04-03,1.33374,1.33535,1.32964,1.33455,0.0
2019-04-04,1.33461,1.33735,1.33365,1.33615,0.0
2019-04-05,1.33595,1.34035,1.33485,1.33851,0.0
2019-04-08,1.3383,1.33915,1.33045,1.33165,0.0
2019-04-09,1.3314,1.33335,1.32835,1.33315,0.0
2019-04-10,1.33296,1.33605,1.33055,1.33195,0.0
2019-04-11,1.33182,1.33975,1.33132,1.33833,0.0
2019-04-12,1.33852,1.33895,1.33135,1.33286,0.0
2019-04-15,1.3337,1.33904,1.32965,1.33672,0.0
2019-04-16,1.33675,1.34035,1.33455,1.33501,0.0
2019-04-17,1.33505,1.33725,1.32745,1.33395,0.0
2019-04-18,1.3342,1.34005,1.33367,1.33826,0.0
2019-04-19,1.33759,1.3401,1.33655,1.33925,0.0
2019-04-22,1.3387,1.34005,1.33355,1.3347,0.0
2019-04-23,1.3348,1.34435,1.33425,1.34233,0.0
2019-04-24,1.34227,1.35202,1.34175,1.34975,0.0
2019-04-25,1.34933,1.35185,1.34825,1.34835,0.0
2019-04-26,1.34856,1.34985,1.34515,1.34565,0.0
2019-04-29,1.3459,1.34805,1.3439,1.34585,0.0
2019-04-30,1.34585,1.34815,1.33813,1.33895,0.0
2019-05-01,1.3389,1.34616,1.33705,1.3437,0.0
2019-05-02,1.3439,1.34775,1.34305,1.34736,0.0
2019-05-03,1.34754,1.34905,1.34055,1.34213,0.0
2019-05-06,1.3463,1.34955,1.34325,1.34485,0.0
2019-05-07,1.34487,1.34905,1.34095,1.34755,0.0
2019-05-08,1.34735,1.34875,1.34445,1.34775,0.0
2019-05-09,1.34769,1.35054,1.34585,1.34765,0.0
2019-05-10,1.3476,1.34847,1.33795,1.34148,0.0
2019-05-13,1.34245,1.34855,1.3416,1.34845,0.0
2019-05-14,1.34764,1.34915,1.34555,1.34655,0.0
2019-05-15,1.34622,1.3494,1.34265,1.34375,0.0
2019-05-16,1.34371,1.34705,1.33995,1.3462,0.0
2019-05-17,1.34605,1.35145,1.34345,1.34662,0.0
2019-05-20,1.34455,1.34565,1.34155,1.34305,0.0
2019-05-21,1.34295,1.34445,1.33955,1.34035,0.0
2019-05-22,1.34055,1.34405,1.33565,1.34382,0.0
2019-05-23,1.34352,1.35025,1.34305,1.34726,0.0
2019-05-24,1.34737,1.34835,1.34295,1.34425,0.0
2019-05-27,1.34405,1.34535,1.34285,1.34435,0.0
2019-05-28,1.34445,1.35005,1.34325,1.34937,0.0
2019-05-29,1.34944,1.35467,1.3481,1.35201,0.0
2019-05-30,1.35177,1.35215,1.34795,1.35004,0.0
2019-05-31,1.34997,1.35655,1.34925,1.35181,0.0
2019-06-03,1.3521,1.35435,1.34355,1.34415,0.0
2019-06-04,1.34386,1.34525,1.33815,1.33928,0.0
2019-06-05,1.33954,1.34295,1.33625,1.3418,0.0
2019-06-06,1.34145,1.34315,1.33595,1.33626,0.0
2019-06-07,1.33615,1.33705,1.32625,1.32714,0.0
2019-06-10,1.3242,1.32875,1.32405,1.32692,0.0
2019-06-11,1.32691,1.33085,1.32495,1.32837,0.0
2019-06-12,1.32845,1.3346,1.32735,1.33438,0.0
2019-06-13,1.33437,1.33455,1.32995,1.33245,0.0
2019-06-14,1.33263,1.34245,1.33235,1.34113,0.0
2019-06-17,1.34095,1.34205,1.33932,1.34135,0.0
2019-06-18,1.3413,1.34335,1.33745,1.3377,0.0
2019-06-19,1.33765,1.33995,1.32785,1.32805,0.0
2019-06-20,1.32815,1.32885,1.31505,1.31933,0.0
2019-06-21,1.31895,1.32315,1.3162,1.32251,0.0
2019-06-24,1.32135,1.32166,1.31775,1.31805,0.0
2019-06-25,1.31775,1.32085,1.31515,1.31675,0.0
2019-06-26,1.31696,1.31952,1.31065,1.31277,0.0
2019-06-27,1.31275,1.31395,1.30915,1.30956,0.0
2019-06-28,1.30949,1.31075,1.30599,1.30958,0.0
2019-07-01,1.30869,1.31452,1.30792,1.31328,0.0
2019-07-02,1.31329,1.31388,1.30967,1.3105,0.0
2019-07-03,1.31067,1.312,1.3058,1.30586,0.0
2019-07-04,1.30586,1.30791,1.30378,1.30503,0.0
2019-07-05,1.30488,1.3137,1.30445,1.30783,0.0
2019-07-08,1.30662,1.31032,1.30494,1.30964,0.0
2019-07-09,1.30954,1.31415,1.30902,1.31297,0.0
2019-07-10,1.31316,1.3144,1.30625,1.3081,0.0
2019-07-11,1.30812,1.30918,1.30421,1.30684,0.0
2019-07-12,1.30668,1.30771,1.30182,1.30282,0.0
2019-07-15,1.30282,1.30538,1.30213,1.30494,0.0
2019-07-16,1.3049,1.30917,1.30228,1.30882,0.0
2019-07-17,1.30871,1.30934,1.30355,1.30551,0.0
2019-07-18,1.30546,1.30958,1.30255,1.30269,0.0
2019-07-19,1.30266,1.31098,1.3016,1.30594,0.0
2019-07-22,1.30592,1.31198,1.30407,1.3119,0.0
2019-07-23,1.31188,1.31641,1.31158,1.31356,0.0
2019-07-24,1.31363,1.3151,1.31192,1.31397,0.0
2019-07-25,1.3141,1.31675,1.31156,1.31648,0.0
2019-07-26,1.31634,1.31992,1.31568,1.31666,0.0
2019-07-29,1.31708,1.31828,1.31492,1.31626,0.0
2019-07-30,1.3162,1.31923,1.31438,1.31523,0.0
2019-07-31,1.31516,1.3215,1.31055,1.3189,0.0
2019-08-01,1.31893,1.32478,1.31826,1.32122,0.0
2019-08-02,1.32106,1.32663,1.31998,1.3203,0.0
2019-08-05,1.32018,1.32475,1.31776,1.32139,0.0
2019-08-06,1.32151,1.32915,1.31874,1.32736,0.0
2019-08-07,1.32732,1.3345,1.32678,1.33026,0.0
2019-08-08,1.33024,1.33144,1.32218,1.3229,0.0
2019-08-09,1.32318,1.32746,1.31966,1.32215,0.0
2019-08-12,1.32185,1.32506,1.32023,1.32415,0.0
2019-08-13,1.32411,1.32934,1.31847,1.32236,0.0
2019-08-14,1.32238,1.3326,1.32111,1.33182,0.0
2019-08-15,1.3319,1.33394,1.32857,1.33125,0.0
2019-08-16,1.33145,1.33252,1.32617,1.3267,0.0
2019-08-19,1.32735,1.33376,1.32514,1.33232,0.0
2019-08-20,1.33239,1.33461,1.33087,1.33202,0.0
2019-08-21,1.33204,1.33263,1.32558,1.32925,0.0
2019-08-22,1.32926,1.33154,1.32754,1.33024,0.0
2019-08-23,1.33023,1.3339,1.32769,1.32863,0.0
2019-08-26,1.3293,1.33197,1.32471,1.32556,0.0
2019-08-27,1.32554,1.33008,1.32252,1.32848,0.0
2019-08-28,1.32848,1.33184,1.3281,1.33066,0.0
2019-08-29,1.33067,1.33192,1.3273,1.32914,0.0
2019-08-30,1.32912,1.33334,1.3248,1.33116,0.0
2019-09-02,1.33185,1.33614,1.3311,1.33248,0.0
2019-09-03,1.3326,1.33827,1.33222,1.33386,0.0
2019-09-04,1.33383,1.33446,1.3219,1.32243,0.0
2019-09-05,1.32236,1.32465,1.31917,1.32279,0.0
2019-09-06,1.32278,1.32355,1.31585,1.31668,0.0
2019-09-09,1.31738,1.318,1.31393,1.31687,0.0
2019-09-10,1.31686,1.31918,1.31339,1.31505,0.0
2019-09-11,1.31508,1.32145,1.31401,1.31941,0.0
2019-09-12,1.31942,1.3221,1.3177,1.32105,0.0
2019-09-13,1.32107,1.32873,1.32059,1.32873,0.0
2019-09-16,1.32229,1.32712,1.32116,1.32418,0.0
2019-09-17,1.32414,1.32994,1.32335,1.32456,0.0
2019-09-18,1.32456,1.33101,1.32395,1.32913,0.0
2019-09-19,1.32914,1.33075,1.32422,1.32662,0.0
2019-09-20,1.32663,1.33009,1.32546,1.3268,0.0
2019-09-23,1.3262,1.3305,1.32546,1.32603,0.0
2019-09-24,1.32602,1.32748,1.32322,1.32438,0.0
2019-09-25,1.3244,1.32884,1.32365,1.32696,0.0
2019-09-26,1.32692,1.32765,1.32323,1.32666,0.0
2019-09-27,1.3267,1.32786,1.32144,1.32376,0.0
2019-09-30,1.32415,1.32599,1.32244,1.32408,0.0
2019-10-01,1.32439,1.32902,1.32102,1.3223,0.0
2019-10-02,1.32232,1.33258,1.3206,1.33256,0.0
2019-10-03,1.33255,1.33478,1.33101,1.33346,0.0
2019-10-04,1.33392,1.33392,1.32994,1.33162,0.0
2019-10-07,1.33255,1.33308,1.32904,1.33096,0.0
2019-10-08,1.33102,1.33368,1.3288,1.33246,0.0
2019-10-09,1.33276,1.33382,1.32953,1.33358,0.0
2019-10-10,1.33311,1.33458,1.3269,1.3289,0.0
2019-10-11,1.32882,1.33004,1.31712,1.31976,0.0
2019-10-14,1.3198,1.32392,1.3192,1.32349,0.0
2019-10-15,1.32274,1.32396,1.31958,1.31986,0.0
2019-10-16,1.31986,1.32342,1.31849,1.31997,0.0
2019-10-17,1.32028,1.32118,1.3131,1.31361,0.0
2019-10-18,1.31362,1.31458,1.31196,1.31263,0.0
2019-10-21,1.3136,1.31387,1.30822,1.30894,0.0
2019-10-22,1.30878,1.3123,1.30714,1.30905,0.0
2019-10-23,1.30961,1.31096,1.30687,1.30717,0.0
2019-10-24,1.30733,1.3093,1.30531,1.30707,0.0
2019-10-25,1.30708,1.30768,1.30562,1.30605,0.0
2019-10-28,1.30629,1.30786,1.30496,1.30556,0.0
2019-10-29,1.3054,1.31001,1.30422,1.30875,0.0
2019-10-30,1.30889,1.32085,1.3075,1.31624,0.0
2019-10-31,1.31608,1.31782,1.31356,1.31654,0.0
2019-11-01,1.31646,1.31962,1.31394,1.3141,0.0
2019-11-04,1.31372,1.31604,1.31304,1.31518,0.0
2019-11-05,1.315,1.31784,1.31154,1.3156,0.0
2019-11-06,1.3155,1.3193,1.31442,1.31844,0.0
2019-11-07,1.31836,1.31973,1.316,1.31738,0.0
2019-11-08,1.31734,1.32369,1.31725,1.32271,0.0
2019-11-11,1.3226,1.32351,1.32128,1.32327,0.0
2019-11-12,1.32323,1.32576,1.32166,1.32374,0.0
2019-11-13,1.32328,1.32682,1.32316,1.32527,0.0
2019-11-14,1.32537,1.32706,1.32441,1.32502,0.0
2019-11-15,1.32486,1.32518,1.32171,1.3224,0.0
2019-11-18,1.32249,1.32354,1.32003,1.32046,0.0
2019-11-19,1.32178,1.32724,1.31909,1.32676,0.0
2019-11-20,1.32676,1.33277,1.32629,1.3304,0.0
2019-11-21,1.33033,1.3325,1.327,1.32844,0.0
2019-11-22,1.32834,1.33018,1.32545,1.33006,0.0
2019-11-25,1.32908,1.33188,1.32852,1.32998,0.0
2019-11-26,1.3298,1.33162,1.32696,1.32707,0.0
2019-11-27,1.32708,1.32899,1.32603,1.32809,0.0
2019-11-28,1.3283,1.3299,1.32774,1.32811,0.0
2019-11-29,1.32816,1.33137,1.32728,1.32768,0.0
2019-12-02,1.32745,1.33079,1.32732,1.33048,0.0
2019-12-03,1.3306,1.3321,1.32836,1.32958,0.0
2019-12-04,1.32942,1.3298,1.31924,1.31996,0.0
2019-12-05,1.31998,1.32032,1.31586,1.31812,0.0
2019-12-06,1.31784,1.327,1.31716,1.32563,0.0
2019-12-09,1.32535,1.32652,1.32228,1.32364,0.0
2019-12-10,1.3235,1.32499,1.32244,1.32304,0.0
2019-12-11,1.32308,1.32399,1.31622,1.31751,0.0
2019-12-12,1.3174,1.31943,1.31629,1.31856,0.0
2019-12-13,1.318,1.3205,1.3151,1.31731,0.0
2019-12-16,1.31759,1.31865,1.31152,1.31641,0.0
2019-12-17,1.31609,1.31852,1.31456,1.31616,0.0
2019-12-18,1.31591,1.3176,1.31026,1.31131,0.0
2019-12-19,1.31154,1.31382,1.3108,1.31241,0.0
2019-12-20,1.31254,1.31813,1.31226,1.3155,0.0
2019-12-23,1.3154,1.31768,1.31405,1.31491,0.0
2019-12-24,1.31549,1.31678,1.31401,1.31597,0.0
2019-12-26,1.3162,1.317,1.31038,1.31122,0.0
2019-12-27,1.31152,1.31208,1.30644,1.30829,0.0
2019-12-30,1.30778,1.30848,1.30505,1.30702,0.0
2019-12-31,1.30658,1.30698,1.29516,1.29854,0.0
2020-01-02,1.29866,1.30084,1.29688,1.29875,0.0
2020-01-03,1.29831,1.30053,1.29611,1.30006,0.0
2020-01-06,1.29887,1.3,1.29604,1.29628,0.0
2020-01-07,1.29669,1.30296,1.2957,1.30021,0.0
2020-01-08,1.3004,1.30439,1.29763,1.30372,0.0
2020-01-09,1.30389,1.31048,1.30263,1.30554,0.0
2020-01-10,1.30564,1.30758,1.30292,1.30538,0.0
2020-01-13,1.30536,1.30679,1.3032,1.30566,0.0
2020-01-14,1.30532,1.30796,1.30471,1.30625,0.0
2020-01-15,1.30567,1.30783,1.30352,1.30432,0.0
2020-01-16,1.30433,1.30564,1.30323,1.30442,0.0
2020-01-17,1.30411,1.30753,1.30341,1.30709,0.0
2020-01-20,1.30599,1.30725,1.3044,1.3048,0.0
2020-01-21,1.30484,1.308,1.30448,1.30708,0.0
2020-01-22,1.30713,1.31527,1.30361,1.3134,0.0
2020-01-23,1.31374,1.31717,1.31243,1.3127,0.0
2020-01-24,1.31276,1.3153,1.31189,1.31476,0.0
2020-01-27,1.31539,1.31998,1.3148,1.31936,0.0
2020-01-28,1.31936,1.32058,1.31552,1.31553,0.0
2020-01-29,1.3156,1.32098,1.31558,1.32014,0.0
2020-01-30,1.31977,1.32267,1.31906,1.32014,0.0
2020-01-31,1.32049,1.32535,1.31955,1.32292,0.0
2020-02-03,1.32391,1.33039,1.3229,1.32912,0.0
2020-02-04,1.32898,1.33016,1.32638,1.32775,0.0
2020-02-05,1.32776,1.3303,1.32632,1.32818,0.0
2020-02-06,1.32832,1.3309,1.32704,1.32853,0.0
2020-02-07,1.32852,1.33204,1.32802,1.33073,0.0
2020-02-10,1.3305,1.33294,1.32886,1.33194,0.0
2020-02-11,1.33182,1.33202,1.32766,1.32876,0.0
2020-02-12,1.329,1.3296,1.3236,1.3255,0.0
2020-02-13,1.32532,1.32711,1.32406,1.32674,0.0
2020-02-14,1.32679,1.32692,1.3236,1.32515,0.0
2020-02-17,1.326,1.326,1.32252,1.3237,0.0
2020-02-18,1.32356,1.32786,1.32324,1.32576,0.0
2020-02-19,1.32606,1.32618,1.32154,1.32214,0.0
2020-02-20,1.32232,1.32689,1.3212,1.32592,0.0
2020-02-21,1.32571,1.32686,1.32023,1.3225,0.0
2020-02-24,1.32526,1.33076,1.32454,1.32906,0.0
2020-02-25,1.32925,1.33057,1.32675,1.32788,0.0
2020-02-26,1.32783,1.33332,1.32715,1.33322,0.0
2020-02-27,1.33302,1.33928,1.33168,1.33898,0.0
2020-02-28,1.33903,1.34646,1.33781,1.33972,0.0
2020-03-02,1.34375,1.34394,1.33152,1.33254,0.0
2020-03-03,1.33312,1.33912,1.33192,1.33894,0.0
2020-03-04,1.33832,1.34314,1.33302,1.33856,0.0
2020-03-05,1.3386,1.34386,1.33832,1.34082,0.0
2020-03-06,1.34084,1.34397,1.33799,1.3423,0.0
2020-03-09,1.35502,1.37594,1.35178,1.36976,0.0
2020-03-10,1.37048,1.3796,1.3609,1.37354,0.0
2020-03-11,1.3722,1.37948,1.36815,1.37938,0.0
2020-03-12,1.37848,1.39619,1.37078,1.3944,0.0
2020-03-13,1.39328,1.39951,1.37826,1.38062,0.0
2020-03-16,1.3805,1.40173,1.37318,1.40068,0.0
2020-03-17,1.40121,1.42768,1.39611,1.41866,0.0
2020-03-18,1.42048,1.4651,1.41672,1.45284,0.0
2020-03-19,1.4529,1.46686,1.44205,1.44898,0.0
2020-03-20,1.45072,1.45366,1.41498,1.43361,0.0
2020-03-23,1.43605,1.456,1.43373,1.45336,0.0
2020-03-24,1.45081,1.4532,1.4375,1.445,0.0
2020-03-25,1.4462,1.44845,1.41788,1.41892,0.0
2020-03-26,1.4202,1.4276,1.40106,1.4021,0.0
2020-03-27,1.40239,1.41545,1.39224,1.40017,0.0
2020-03-30,1.40187,1.4184,1.4001,1.41732,0.0
2020-03-31,1.41619,1.43492,1.40121,1.40448,0.0
2020-04-01,1.40625,1.42719,1.40625,1.41686,0.0
2020-04-02,1.41916,1.42982,1.40793,1.4141,0.0
2020-04-03,1.41418,1.42242,1.40946,1.4204,0.0
2020-04-06,1.42254,1.42618,1.40822,1.4115,0.0
2020-04-07,1.41102,1.41433,1.39454,1.39952,0.0
2020-04-08,1.3993,1.40814,1.3987,1.40198,0.0
2020-04-09,1.40202,1.4078,1.39314,1.39784,0.0
2020-04-10,1.39765,1.4009,1.39463,1.39576,0.0
2020-04-13,1.39274,1.40016,1.3856,1.38894,0.0
2020-04-14,1.3894,1.3925,1.3863,1.38796,0.0
2020-04-15,1.3886,1.41326,1.38768,1.41065,0.0
2020-04-16,1.41096,1.41826,1.40632,1.41048,0.0
2020-04-17,1.40856,1.41183,1.40054,1.40096,0.0
2020-04-20,1.40169,1.41456,1.40164,1.41444,0.0
2020-04-21,1.41425,1.42652,1.4114,1.42057,0.0
2020-04-22,1.4211,1.4238,1.41153,1.41626,0.0
2020-04-23,1.41629,1.41984,1.40006,1.40798,0.0
2020-04-24,1.40749,1.41202,1.40238,1.4096,0.0
2020-04-27,1.41135,1.41172,1.40294,1.40386,0.0
2020-04-28,1.40332,1.40729,1.3936,1.39984,0.0
2020-04-29,1.39958,1.4004,1.38784,1.3882,0.0
2020-04-30,1.38817,1.39588,1.38506,1.39504,0.0
2020-05-01,1.39502,1.41096,1.39325,1.40855,0.0
2020-05-04,1.40849,1.41522,1.40514,1.40964,0.0
2020-05-05,1.40941,1.4095,1.40082,1.40494,0.0
2020-05-06,1.40496,1.41574,1.4023,1.4149,0.0
2020-05-07,1.41478,1.41733,1.39529,1.39819,0.0
2020-05-08,1.3979,1.39955,1.3909,1.39306,0.0
2020-05-11,1.39328,1.40428,1.39002,1.40128,0.0
2020-05-12,1.40182,1.40795,1.39726,1.40788,0.0
2020-05-13,1.40782,1.4115,1.40067,1.4103,0.0
2020-05-14,1.41028,1.41402,1.40326,1.40445,0.0
2020-05-15,1.40438,1.41169,1.40185,1.4112,0.0
2020-05-18,1.41031,1.41156,1.39422,1.3943,0.0
2020-05-19,1.39419,1.39697,1.38667,1.3939,0.0
2020-05-20,1.39428,1.39608,1.38682,1.3901,0.0
2020-05-21,1.39019,1.39704,1.38917,1.39552,0.0
2020-05-22,1.39534,1.40484,1.39416,1.40042,0.0
2020-05-25,1.39895,1.4008,1.39688,1.39826,0.0
2020-05-26,1.39814,1.39862,1.37575,1.3778,0.0
2020-05-27,1.3776,1.38226,1.37278,1.375,0.0
2020-05-28,1.37554,1.37902,1.37344,1.37649,0.0
2020-05-29,1.37664,1.3833,1.37147,1.37636,0.0
2020-06-01,1.37778,1.38014,1.35586,1.35754,0.0
2020-06-02,1.35746,1.35854,1.34842,1.35196,0.0
2020-06-03,1.35158,1.35725,1.34802,1.34959,0.0
2020-06-04,1.34968,1.35414,1.34679,1.34965,0.0
2020-06-05,1.34993,1.3513,1.33916,1.34262,0.0
2020-06-08,1.34114,1.34369,1.33568,1.33807,0.0
2020-06-09,1.3383,1.3488,1.33601,1.34143,0.0
2020-06-10,1.34168,1.34379,1.33158,1.34098,0.0
2020-06-11,1.34108,1.3632,1.33988,1.36259,0.0
2020-06-12,1.36275,1.36668,1.35276,1.35843,0.0
2020-06-15,1.36065,1.36862,1.35465,1.357,0.0
2020-06-16,1.35724,1.3623,1.35052,1.35442,0.0
2020-06-17,1.35481,1.35947,1.35125,1.35636,0.0
2020-06-18,1.35686,1.36163,1.35218,1.35983,0.0
2020-06-19,1.36049,1.36174,1.35477,1.36048,0.0
2020-06-22,1.36132,1.36302,1.35186,1.35236,0.0
2020-06-23,1.35244,1.3571,1.3486,1.35532,0.0
2020-06-24,1.35515,1.36404,1.35279,1.36339,0.0
2020-06-25,1.36361,1.36702,1.36078,1.36416,0.0
2020-06-26,1.36394,1.37156,1.36283,1.36896,0.0
2020-06-29,1.36814,1.37052,1.36476,1.366,0.0
2020-06-30,1.36624,1.36997,1.35702,1.35726,0.0
2020-07-01,1.35791,1.36016,1.35458,1.35858,0.0
2020-07-02,1.3587,1.36244,1.35604,1.35656,0.0
2020-07-03,1.35667,1.35817,1.35448,1.35509,0.0
2020-07-06,1.3561,1.3564,1.35198,1.35432,0.0
2020-07-07,1.35408,1.36098,1.35247,1.36034,0.0
2020-07-08,1.36013,1.36242,1.34934,1.35122,0.0
2020-07-09,1.3512,1.35945,1.3491,1.3582,0.0
2020-07-10,1.35866,1.36318,1.35752,1.35976,0.0
2020-07-13,1.35925,1.36123,1.35367,1.36074,0.0
2020-07-14,1.36083,1.36463,1.35976,1.36168,0.0
2020-07-15,1.36165,1.36186,1.3505,1.35096,0.0
2020-07-16,1.35102,1.35812,1.35018,1.35719,0.0
2020-07-17,1.35708,1.35888,1.35653,1.35838,0.0
2020-07-20,1.35734,1.36004,1.35259,1.35345,0.0
2020-07-21,1.35368,1.35368,1.34253,1.34608,0.0
2020-07-22,1.346,1.3483,1.33998,1.34164,0.0
2020-07-23,1.34188,1.34275,1.33514,1.34068,0.0
2020-07-24,1.34024,1.34453,1.33774,1.3415,0.0
2020-07-27,1.34205,1.34311,1.33543,1.33562,0.0
2020-07-28,1.3359,1.34074,1.33312,1.33792,0.0
2020-07-29,1.33742,1.33871,1.33328,1.33394,0.0
2020-07-30,1.33366,1.34597,1.33338,1.34187,0.0
2020-07-31,1.34288,1.34398,1.33724,1.34168,0.0
2020-08-03,1.34061,1.34513,1.33804,1.33911,0.0
2020-08-04,1.3391,1.34206,1.33192,1.33218,0.0
2020-08-05,1.33274,1.33308,1.32337,1.32658,0.0
2020-08-06,1.32658,1.33231,1.3244,1.33047,0.0
2020-08-07,1.33032,1.33986,1.32978,1.3386,0.0
2020-08-10,1.33926,1.33945,1.33342,1.33532,0.0
2020-08-11,1.33542,1.3361,1.32706,1.32956,0.0
2020-08-12,1.3305,1.33472,1.32295,1.32504,0.0
2020-08-13,1.32435,1.32586,1.31921,1.32198,0.0
2020-08-14,1.3219,1.32717,1.32064,1.3264,0.0
2020-08-17,1.3264,1.32642,1.31923,1.3209,0.0
2020-08-18,1.32117,1.3232,1.31521,1.31656,0.0
2020-08-19,1.31694,1.32272,1.31333,1.3223,0.0
2020-08-20,1.32168,1.32447,1.31686,1.31822,0.0
2020-08-21,1.31879,1.32343,1.31591,1.31892,0.0
2020-08-24,1.31787,1.32382,1.31346,1.32162,0.0
2020-08-25,1.32166,1.32396,1.31679,1.31706,0.0
2020-08-26,1.31728,1.32053,1.31321,1.31486,0.0
2020-08-27,1.31438,1.31667,1.3102,1.31258,0.0
2020-08-28,1.3121,1.3133,1.30474,1.30966,0.0
2020-08-31,1.30985,1.31068,1.30204,1.30476,0.0
2020-09-01,1.30472,1.3087,1.29943,1.30693,0.0
2020-09-02,1.30662,1.30957,1.30376,1.30436,0.0
2020-09-03,1.3046,1.31616,1.30392,1.31248,0.0
2020-09-04,1.31271,1.31408,1.30445,1.30592,0.0
2020-09-07,1.30501,1.31162,1.305,1.30957,0.0
2020-09-08,1.3096,1.32376,1.30868,1.3237,0.0
2020-09-09,1.32356,1.32596,1.31463,1.31472,0.0
2020-09-10,1.31472,1.32022,1.3119,1.31938,0.0
2020-09-11,1.31875,1.32077,1.31511,1.31826,0.0
2020-09-14,1.3184,1.31969,1.31532,1.31782,0.0
2020-09-15,1.31783,1.32021,1.31351,1.3186,0.0
2020-09-16,1.31856,1.32007,1.31278,1.31803,0.0
2020-09-17,1.31778,1.32473,1.31502,1.3164,0.0
2020-09-18,1.31638,1.32088,1.31374,1.32027,0.0
2020-09-21,1.31999,1.33205,1.31714,1.33012,0.0
2020-09-22,1.33062,1.33459,1.32839,1.3302,0.0
2020-09-23,1.33028,1.33849,1.32944,1.33828,0.0
2020-09-24,1.33822,1.34184,1.33255,1.33586,0.0
2020-09-25,1.33574,1.34184,1.3339,1.33874,0.0
2020-09-28,1.3387,1.34037,1.33544,1.33712,0.0
2020-09-29,1.3374,1.34187,1.33522,1.33896,0.0
2020-09-30,1.33906,1.34208,1.33019,1.33198,0.0
2020-10-01,1.33212,1.33256,1.3268,1.32872,0.0
2020-10-02,1.32864,1.33314,1.32768,1.33056,0.0
2020-10-05,1.32978,1.3305,1.32576,1.32581,0.0
2020-10-06,1.32614,1.3317,1.32426,1.33156,0.0
2020-10-07,1.33062,1.33409,1.32556,1.32566,0.0
2020-10-08,1.3263,1.32668,1.31952,1.31962,0.0
2020-10-09,1.3199,1.32018,1.311,1.31146,0.0
2020-10-12,1.31317,1.31431,1.31014,1.31098,0.0
2020-10-13,1.31128,1.31465,1.30995,1.31364,0.0
2020-10-14,1.31394,1.31632,1.31166,1.31505,0.0
2020-10-15,1.31528,1.32592,1.31414,1.32219,0.0
2020-10-16,1.32238,1.32378,1.31774,1.31954,0.0
2020-10-19,1.3191,1.31961,1.31508,1.31881,0.0
2020-10-20,1.31892,1.3204,1.31046,1.31296,0.0
2020-10-21,1.31294,1.31524,1.30811,1.31458,0.0
2020-10-22,1.31456,1.31774,1.3124,1.31348,0.0
2020-10-23,1.31339,1.31604,1.31095,1.31254,0.0
2020-10-26,1.31331,1.32253,1.31259,1.32132,0.0
2020-10-27,1.32086,1.32122,1.31425,1.31862,0.0
2020-10-28,1.31865,1.33339,1.31796,1.33234,0.0
2020-10-29,1.33252,1.33896,1.32782,1.33279,0.0
2020-10-30,1.33248,1.33484,1.328,1.33256,0.0
2020-11-02,1.3325,1.33704,1.32206,1.32224,0.0
2020-11-03,1.32205,1.32342,1.31041,1.31392,0.0
2020-11-04,1.31372,1.32997,1.30958,1.31344,0.0
2020-11-05,1.31337,1.31778,1.30284,1.3052,0.0
2020-11-06,1.30454,1.30968,1.30196,1.3061,0.0
2020-11-09,1.3041,1.306,1.29283,1.30084,0.0
2020-11-10,1.30067,1.3051,1.29858,1.3036,0.0
2020-11-11,1.30242,1.30775,1.30088,1.30639,0.0
2020-11-12,1.30598,1.31498,1.30566,1.31444,0.0
2020-11-13,1.3141,1.31722,1.31164,1.31356,0.0
2020-11-16,1.31357,1.3141,1.30656,1.3073,0.0
2020-11-17,1.30754,1.31164,1.30638,1.31014,0.0
2020-11-18,1.31027,1.31178,1.30344,1.30826,0.0
2020-11-19,1.30821,1.31232,1.30526,1.30678,0.0
2020-11-20,1.30692,1.3097,1.30392,1.30931,0.0
2020-11-23,1.3092,1.31126,1.30462,1.30856,0.0
2020-11-24,1.30816,1.30908,1.29952,1.29988,0.0
2020-11-25,1.29927,1.30293,1.29864,1.30051,0.0
2020-11-26,1.30034,1.30228,1.29907,1.30177,0.0
2020-11-27,1.3018,1.3025,1.29722,1.29927,0.0
2020-11-30,1.30004,1.30092,1.29235,1.30082,0.0
2020-12-01,1.30056,1.3009,1.29284,1.29405,0.0
2020-12-02,1.29384,1.29586,1.29104,1.29227,0.0
2020-12-03,1.29196,1.29411,1.28524,1.28658,0.0
2020-12-04,1.28621,1.28741,1.27726,1.27846,0.0
2020-12-07,1.27795,1.28331,1.2775,1.28025,0.0
2020-12-08,1.28016,1.28254,1.27679,1.28191,0.0
2020-12-09,1.28178,1.28334,1.27697,1.28198,0.0
2020-12-10,1.28174,1.28294,1.27072,1.27422,0.0
2020-12-11,1.27401,1.27926,1.27196,1.27649,0.0
2020-12-14,1.27556,1.27898,1.27203,1.27666,0.0
2020-12-15,1.27638,1.27716,1.26882,1.26999,0.0
2020-12-16,1.27005,1.27898,1.26967,1.27378,0.0
2020-12-17,1.27402,1.27505,1.26892,1.27234,0.0
2020-12-18,1.27224,1.27986,1.27176,1.2783,0.0
2020-12-21,1.2799,1.29566,1.2782,1.28592,0.0
2020-12-22,1.28502,1.29336,1.28436,1.2909,0.0
2020-12-23,1.29078,1.2915,1.28343,1.28462,0.0
2020-12-24,1.28487,1.28804,1.28133,1.287,0.0
2020-12-28,1.2814,1.28759,1.28137,1.28468,0.0
2020-12-29,1.28524,1.2856,1.27801,1.28186,0.0
2020-12-30,1.28184,1.28274,1.27497,1.2751,0.0
2020-12-31,1.27561,1.27699,1.27143,1.2735,0.0
2021-01-04,1.27214,1.2798,1.26653,1.27825,0.0
2021-01-05,1.27833,1.2792,1.26562,1.26689,0.0
2021-01-06,1.26707,1.27237,1.26302,1.26795,0.0
2021-01-07,1.26752,1.27338,1.26638,1.26881,0.0
2021-01-08,1.26889,1.27433,1.26589,1.26938,0.0
2021-01-11,1.27063,1.28353,1.26934,1.27848,0.0
2021-01-12,1.27728,1.27917,1.27086,1.2714,0.0
2021-01-13,1.27142,1.27467,1.26806,1.27039,0.0
2021-01-14,1.27006,1.27078,1.26249,1.26433,0.0
2021-01-15,1.26391,1.27645,1.26364,1.27404,0.0
2021-01-18,1.2736,1.27994,1.27265,1.27503,0.0
2021-01-19,1.27583,1.27643,1.27156,1.27327,0.0
2021-01-20,1.27291,1.27422,1.26064,1.26327,0.0
2021-01-21,1.2636,1.26473,1.25896,1.26371,0.0
2021-01-22,1.26404,1.27405,1.2635,1.27326,0.0
2021-01-25,1.27151,1.2779,1.26876,1.27438,0.0
2021-01-26,1.27415,1.27823,1.26904,1.26931,0.0
2021-01-27,1.26929,1.28227,1.26856,1.28038,0.0
2021-01-28,1.27995,1.28812,1.27868,1.28295,0.0
2021-01-29,1.28299,1.28746,1.2738,1.27796,0.0
2021-02-01,1.27894,1.28646,1.27616,1.28552,0.0
2021-02-02,1.28508,1.28699,1.27819,1.27833,0.0
2021-02-03,1.27838,1.28115,1.27636,1.2787,0.0
2021-02-04,1.2784,1.28451,1.27772,1.2826,0.0
2021-02-05,1.28263,1.2833,1.2761,1.27622,0.0
2021-02-08,1.276,1.27828,1.27353,1.27362,0.0
2021-02-09,1.27392,1.27658,1.26922,1.26947,0.0
2021-02-10,1.26945,1.27107,1.26676,1.26987,0.0
2021-02-11,1.27004,1.27113,1.26608,1.2704,0.0
2021-02-12,1.26999,1.27631,1.26771,1.26926,0.0
2021-02-15,1.26835,1.2692,1.26312,1.26464,0.0
2021-02-16,1.26388,1.27026,1.26099,1.26911,0.0
2021-02-17,1.26899,1.27462,1.2685,1.27001,0.0
2021-02-18,1.27016,1.27308,1.26654,1.26771,0.0
2021-02-19,1.2677,1.27138,1.25945,1.26165,0.0
2021-02-22,1.2616,1.26539,1.25807,1.26172,0.0
2021-02-23,1.26112,1.26472,1.25791,1.25896,0.0
2021-02-24,1.25874,1.25984,1.25053,1.25132,0.0
2021-02-25,1.25134,1.26146,1.24682,1.26117,0.0
2021-02-26,1.26114,1.27417,1.25874,1.27323,0.0
2021-03-01,1.27309,1.27388,1.26409,1.26416,0.0
2021-03-02,1.26465,1.26982,1.26004,1.26386,0.0
2021-03-03,1.2636,1.26585,1.25934,1.26552,0.0
2021-03-04,1.26561,1.26942,1.25754,1.26682,0.0
2021-03-05,1.26635,1.27374,1.26458,1.2652,0.0
2021-03-08,1.26535,1.27,1.26227,1.26658,0.0
2021-03-09,1.26678,1.26856,1.25906,1.26415,0.0
2021-03-10,1.26356,1.26834,1.26098,1.26193,0.0
2021-03-11,1.26167,1.26255,1.25208,1.25366,0.0
2021-03-12,1.2532,1.25733,1.24622,1.24765,0.0
2021-03-15,1.24786,1.25132,1.2441,1.24722,0.0
2021-03-16,1.24698,1.25004,1.24362,1.24449,0.0
2021-03-17,1.24464,1.24934,1.24008,1.24022,0.0
2021-03-18,1.24068,1.25267,1.23653,1.24868,0.0
2021-03-19,1.24866,1.25478,1.24621,1.2506,0.0
2021-03-22,1.25225,1.25411,1.24736,1.25236,0.0
2021-03-23,1.25244,1.25948,1.25155,1.2587,0.0
2021-03-24,1.25856,1.2609,1.2543,1.25838,0.0
2021-03-25,1.25785,1.26288,1.25467,1.26103,0.0
2021-03-26,1.26114,1.26117,1.25613,1.25702,0.0
2021-03-29,1.25751,1.2627,1.257,1.25938,0.0
2021-03-30,1.25929,1.26474,1.25806,1.26267,0.0
2021-03-31,1.26294,1.26338,1.25395,1.25612,0.0
2021-04-01,1.25599,1.26021,1.25435,1.25508,0.0
2021-04-02,1.25464,1.25771,1.25283,1.25695,0.0
2021-04-05,1.2575,1.25947,1.25022,1.25226,0.0
2021-04-06,1.2527,1.2583,1.25169,1.25684,0.0
2021-04-07,1.25688,1.26349,1.25634,1.2608,0.0
2021-04-08,1.26087,1.26272,1.25583,1.25614,0.0
2021-04-09,1.25638,1.26111,1.25262,1.25324,0.0
2021-04-12,1.2543,1.25742,1.25286,1.25655,0.0
2021-04-13,1.25587,1.26289,1.25272,1.25348,0.0
2021-04-14,1.25351,1.25764,1.25002,1.25205,0.0
2021-04-15,1.25182,1.25585,1.2477,1.25473,0.0
2021-04-16,1.2543,1.25596,1.24944,1.25067,0.0
2021-04-19,1.25076,1.25441,1.24714,1.25306,0.0
2021-04-20,1.25326,1.26234,1.24789,1.26151,0.0
2021-04-21,1.2611,1.26533,1.24602,1.2496,0.0
2021-04-22,1.24964,1.2535,1.24731,1.25024,0.0
2021-04-23,1.2506,1.25092,1.24612,1.24771,0.0
2021-04-26,1.248,1.24908,1.23844,1.23908,0.0
2021-04-27,1.23992,1.24188,1.23887,1.2402,0.0
2021-04-28,1.24041,1.24179,1.23106,1.23152,0.0
2021-04-29,1.23177,1.23244,1.22755,1.22798,0.0
2021-04-30,1.22832,1.23225,1.22664,1.22944,0.0
2021-05-03,1.22922,1.23183,1.22669,1.22789,0.0
2021-05-04,1.2278,1.2351,1.2275,1.23029,0.0
2021-05-05,1.23076,1.2314,1.22519,1.22642,0.0
2021-05-06,1.22692,1.22884,1.21422,1.21497,0.0
2021-05-07,1.21507,1.21936,1.21258,1.21278,0.0
2021-05-10,1.21229,1.2136,1.20789,1.21038,0.0
2021-05-11,1.21006,1.21262,1.20792,1.21006,0.0
2021-05-12,1.2101,1.2133,1.20465,1.21324,0.0
2021-05-13,1.21312,1.22026,1.21042,1.21606,0.0
2021-05-14,1.2162,1.2179,1.20809,1.21064,0.0
2021-05-17,1.21135,1.21365,1.2061,1.20678,0.0
2021-05-18,1.20668,1.20814,1.20133,1.2062,0.0
2021-05-19,1.20658,1.21433,1.20545,1.21334,0.0
2021-05-20,1.21248,1.21444,1.20496,1.20582,0.0
2021-05-21,1.20604,1.2095,1.20276,1.20658,0.0
2021-05-24,1.20708,1.20857,1.20409,1.2046,0.0
2021-05-25,1.20502,1.20784,1.20295,1.20634,0.0
2021-05-26,1.20626,1.21278,1.20434,1.21263,0.0
2021-05-27,1.21212,1.21418,1.20569,1.20682,0.0
2021-05-28,1.20677,1.212,1.20632,1.20784,0.0
2021-05-31,1.207,1.20916,1.20476,1.20656,0.0
2021-06-01,1.20624,1.20777,1.2007,1.2074,0.0
2021-06-02,1.20697,1.20916,1.20296,1.20348,0.0
2021-06-03,1.20356,1.21198,1.20303,1.2108,0.0
2021-06-04,1.21078,1.21332,1.20706,1.20732,0.0
2021-06-07,1.20765,1.21067,1.20572,1.20827,0.0
2021-06-08,1.20813,1.21175,1.20713,1.21152,0.0
2021-06-09,1.21104,1.21177,1.20584,1.21126,0.0
2021-06-10,1.21116,1.21254,1.20705,1.20962,0.0
2021-06-11,1.20956,1.21773,1.20803,1.21662,0.0
2021-06-14,1.21612,1.21714,1.21282,1.21471,0.0
2021-06-15,1.21434,1.22038,1.21299,1.21834,0.0
2021-06-16,1.21829,1.22838,1.2157,1.22827,0.0
2021-06-17,1.2277,1.23783,1.22626,1.23558,0.0
2021-06-18,1.23584,1.24808,1.23392,1.24692,0.0
2021-06-21,1.24676,1.24871,1.23534,1.23628,0.0
2021-06-22,1.2363,1.24033,1.23019,1.23058,0.0
2021-06-23,1.23058,1.23288,1.22526,1.23056,0.0
2021-06-24,1.23055,1.23408,1.22827,1.23234,0.0
2021-06-25,1.2323,1.23298,1.22722,1.22992,0.0
2021-06-28,1.22946,1.23479,1.22879,1.23424,0.0
2021-06-29,1.23362,1.24031,1.23316,1.2403,0.0
2021-06-30,1.24029,1.24237,1.23557,1.23958,0.0
2021-07-01,1.23959,1.24456,1.23648,1.24377,0.0
2021-07-02,1.2438,1.24498,1.23092,1.23283,0.0
2021-07-05,1.232,1.23716,1.23191,1.23422,0.0
2021-07-06,1.23418,1.24949,1.23028,1.24619,0.0
2021-07-07,1.2462,1.25193,1.24234,1.2484,0.0
2021-07-08,1.24843,1.25903,1.24766,1.25295,0.0
2021-07-09,1.25297,1.2557,1.24434,1.24517,0.0
2021-07-12,1.24563,1.25145,1.24468,1.24517,0.0
2021-07-13,1.2453,1.25393,1.24426,1.25144,0.0
2021-07-14,1.25134,1.25262,1.24265,1.25118,0.0
2021-07-15,1.25074,1.26136,1.25018,1.25946,0.0
2021-07-16,1.25919,1.26204,1.25613,1.26184,0.0
2021-07-19,1.26088,1.28076,1.26087,1.27461,0.0
2021-07-20,1.27485,1.27869,1.26748,1.2678,0.0
2021-07-21,1.26799,1.27303,1.25262,1.25609,0.0
2021-07-22,1.25548,1.25943,1.25295,1.25631,0.0
2021-07-23,1.25635,1.26073,1.25553,1.25668,0.0
2021-07-26,1.25603,1.25904,1.25283,1.2548,0.0
2021-07-27,1.25493,1.2604,1.25384,1.26035,0.0
2021-07-28,1.26025,1.26047,1.2516,1.25221,0.0
2021-07-29,1.25246,1.25305,1.24323,1.24472,0.0
2021-07-30,1.2447,1.24913,1.24227,1.24638,0.0
2021-08-02,1.2485,1.25149,1.24532,1.25044,0.0
2021-08-03,1.25058,1.25758,1.24896,1.2535,0.0
2021-08-04,1.25394,1.25627,1.25156,1.25424,0.0
2021-08-05,1.25411,1.25479,1.24751,1.25001,0.0
2021-08-06,1.24955,1.25809,1.24944,1.25563,0.0
2021-08-09,1.25533,1.25878,1.25318,1.25797,0.0
2021-08-10,1.25812,1.25894,1.2521,1.2523,0.0
2021-08-11,1.25198,1.25483,1.24896,1.25071,0.0
2021-08-12,1.2504,1.25334,1.25012,1.25233,0.0
2021-08-13,1.25265,1.25321,1.25018,1.25151,0.0
2021-08-16,1.2518,1.25842,1.25122,1.25759,0.0
2021-08-17,1.25719,1.2649,1.25679,1.26253,0.0
2021-08-18,1.26249,1.26617,1.25988,1.266,0.0
2021-08-19,1.26569,1.28302,1.26492,1.28297,0.0
2021-08-20,1.28254,1.29486,1.28145,1.2824,0.0
2021-08-23,1.28259,1.28377,1.26428,1.26516,0.0
2021-08-24,1.26481,1.2658,1.25793,1.25888,0.0
2021-08-25,1.25954,1.26436,1.25879,1.25904,0.0
2021-08-26,1.25928,1.26953,1.25864,1.26833,0.0
2021-08-27,1.26865,1.27084,1.26059,1.26148,0.0
2021-08-30,1.26226,1.26342,1.25739,1.26087,0.0
2021-08-31,1.26075,1.26537,1.25696,1.26159,0.0
2021-09-01,1.26127,1.26372,1.25809,1.262,0.0
2021-09-02,1.26188,1.26384,1.25481,1.25504,0.0
2021-09-03,1.25522,1.25592,1.24942,1.25302,0.0
2021-09-06,1.25286,1.25591,1.2517,1.25349,0.0
2021-09-07,1.25354,1.26559,1.25199,1.26468,0.0
2021-09-08,1.26465,1.27622,1.26265,1.26912,0.0
2021-09-09,1.26897,1.27277,1.2623,1.26616,0.0
2021-09-10,1.26638,1.26908,1.25828,1.26895,0.0
2021-09-13,1.26878,1.26949,1.26384,1.26438,0.0
2021-09-14,1.2648,1.26985,1.26016,1.26922,0.0
2021-09-15,1.26949,1.27086,1.2625,1.26268,0.0
2021-09-16,1.26293,1.26997,1.26168,1.26842,0.0
2021-09-17,1.26786,1.2772,1.26369,1.27716,0.0
2021-09-20,1.27638,1.28956,1.2751,1.28191,0.0
2021-09-21,1.28255,1.28482,1.27429,1.2811,0.0
2021-09-22,1.2822,1.28283,1.26986,1.27775,0.0
2021-09-23,1.27722,1.27958,1.26336,1.26567,0.0
2021-09-24,1.2658,1.27307,1.26412,1.26558,0.0
2021-09-27,1.26494,1.26721,1.26104,1.26287,0.0
2021-09-28,1.26296,1.27074,1.25944,1.26811,0.0
2021-09-29,1.26865,1.27744,1.26686,1.27577,0.0
2021-09-30,1.2759,1.27631,1.26302,1.26824,0.0
2021-10-01,1.26819,1.27385,1.2628,1.26403,0.0
2021-10-04,1.26445,1.26541,1.25581,1.25888,0.0
2021-10-05,1.25913,1.26296,1.25456,1.25776,0.0
2021-10-06,1.25788,1.26481,1.25754,1.25902,0.0
2021-10-07,1.25915,1.25995,1.25405,1.25502,0.0
2021-10-08,1.25508,1.25622,1.24519,1.24745,0.0
2021-10-11,1.24797,1.24918,1.24466,1.24807,0.0
2021-10-12,1.24823,1.24988,1.24349,1.24645,0.0
2021-10-13,1.24629,1.24788,1.24309,1.24435,0.0
2021-10-14,1.24493,1.24493,1.2355,1.23697,0.0
2021-10-15,1.23679,1.23974,1.23368,1.23628,0.0
2021-10-18,1.2372,1.24091,1.23493,1.23784,0.0
2021-10-19,1.2375,1.2383,1.23116,1.23636,0.0
2021-10-20,1.23678,1.23685,1.23076,1.23175,0.0
2021-10-21,1.23203,1.23838,1.22885,1.237,0.0
2021-10-22,1.23695,1.23899,1.2321,1.23675,0.0
2021-10-25,1.2369,1.23997,1.23384,1.23833,0.0
2021-10-26,1.23815,1.23966,1.23504,1.23892,0.0
2021-10-27,1.23885,1.24316,1.23016,1.23617,0.0
2021-10-28,1.23585,1.23827,1.23305,1.23439,0.0
2021-10-29,1.2345,1.2408,1.23282,1.23838,0.0
2021-11-01,1.23855,1.24034,1.2352,1.23707,0.0
2021-11-02,1.2372,1.24247,1.23681,1.24104,0.0
2021-11-03,1.24123,1.24571,1.23818,1.23936,0.0
2021-11-04,1.23894,1.24716,1.23776,1.24605,0.0
2021-11-05,1.2458,1.24796,1.24363,1.24568,0.0
2021-11-08,1.245,1.24656,1.2436,1.24414,0.0
2021-11-09,1.2443,1.24854,1.24287,1.24374,0.0
2021-11-10,1.24419,1.25035,1.23874,1.24977,0.0
2021-11-11,1.24893,1.25964,1.24763,1.25818,0.0
2021-11-12,1.25794,1.26045,1.25415,1.25498,0.0
2021-11-15,1.25454,1.25562,1.25018,1.25095,0.0
2021-11-16,1.25164,1.25681,1.2493,1.25628,0.0
2021-11-17,1.25592,1.26225,1.25407,1.2607,0.0
2021-11-18,1.2613,1.26469,1.25932,1.25994,0.0
2021-11-19,1.26015,1.26623,1.25849,1.26448,0.0
2021-11-22,1.2644,1.27056,1.2628,1.27011,0.0
2021-11-23,1.26994,1.27446,1.26605,1.26695,0.0
2021-11-24,1.26681,1.271,1.26513,1.26648,0.0
2021-11-25,1.26626,1.26772,1.2641,1.26483,0.0
2021-11-26,1.2648,1.27994,1.2648,1.27929,0.0
2021-11-29,1.2759,1.27933,1.27211,1.2738,0.0
2021-11-30,1.27469,1.28369,1.27307,1.27815,0.0
2021-12-01,1.27783,1.283,1.27136,1.28199,0.0
2021-12-02,1.28198,1.28375,1.27786,1.28049,0.0
2021-12-03,1.2803,1.28543,1.27441,1.28496,0.0
2021-12-06,1.28342,1.28429,1.27541,1.27556,0.0
2021-12-07,1.27563,1.27674,1.26354,1.26402,0.0
2021-12-08,1.26446,1.26666,1.26085,1.26516,0.0
2021-12-09,1.2652,1.2722,1.26498,1.27113,0.0
2021-12-10,1.27113,1.27383,1.268,1.27249,0.0
2021-12-13,1.27298,1.28212,1.27059,1.28072,0.0
2021-12-14,1.28075,1.28653,1.27976,1.2864,0.0
2021-12-15,1.2861,1.29371,1.28323,1.28331,0.0
2021-12-16,1.28355,1.28578,1.27637,1.27741,0.0
2021-12-17,1.278,1.2902,1.27725,1.28964,0.0
2021-12-20,1.28915,1.29638,1.28847,1.2945,0.0
2021-12-21,1.29435,1.29476,1.29126,1.29138,0.0
2021-12-22,1.29135,1.29245,1.28326,1.2836,0.0
2021-12-23,1.2836,1.28536,1.27983,1.28089,0.0
2021-12-24,1.28083,1.28348,1.27866,1.28068,0.0
2021-12-27,1.28113,1.28474,1.2779,1.27852,0.0
2021-12-28,1.27872,1.28319,1.27818,1.28159,0.0
2021-12-29,1.28158,1.28352,1.27884,1.27941,0.0
2021-12-30,1.27943,1.28127,1.27342,1.2739,0.0
2021-12-31,1.27388,1.27507,1.26207,1.26402,0.0
2022-01-03,1.2638,1.27786,1.26314,1.27455,0.0
2022-01-04,1.27481,1.27662,1.26676,1.27049,0.0
2022-01-05,1.27049,1.27665,1.26918,1.27603,0.0
2022-01-06,1.27603,1.28136,1.2707,1.27265,0.0
2022-01-07,1.27278,1.27311,1.2632,1.26441,0.0
2022-01-10,1.26469,1.26978,1.26104,1.26743,0.0
2022-01-11,1.2674,1.26808,1.25675,1.25728,0.0
2022-01-12,1.25732,1.25799,1.24958,1.25049,0.0
2022-01-13,1.25052,1.252,1.24536,1.25184,0.0
2022-01-14,1.25182,1.25706,1.24711,1.25456,0.0
2022-01-17,1.25401,1.25572,1.25004,1.25175,0.0
2022-01-18,1.25152,1.25636,1.24861,1.25127,0.0
2022-01-19,1.2515,1.25246,1.24513,1.25146,0.0
2022-01-20,1.25123,1.25165,1.24532,1.2502,0.0
2022-01-21,1.25039,1.25875,1.24985,1.25855,0.0
2022-01-24,1.25806,1.27019,1.25546,1.26364,0.0
2022-01-25,1.26363,1.26691,1.25978,1.26287,0.0
2022-01-26,1.26271,1.26882,1.25596,1.26633,0.0
2022-01-27,1.2663,1.27477,1.26506,1.27415,0.0
2022-01-28,1.27413,1.27968,1.27131,1.27656,0.0
2022-01-31,1.27696,1.27897,1.26822,1.27053,0.0
2022-02-01,1.27054,1.27265,1.26556,1.26825,0.0
2022-02-02,1.26872,1.27059,1.26506,1.26712,0.0
2022-02-03,1.26719,1.27155,1.26583,1.26774,0.0
2022-02-04,1.26777,1.27876,1.26632,1.27616,0.0
2022-02-07,1.27477,1.27564,1.2658,1.26685,0.0
2022-02-08,1.26685,1.27208,1.26645,1.27044,0.0
2022-02-09,1.27095,1.27153,1.26654,1.2671,0.0
2022-02-10,1.2671,1.2728,1.26362,1.27221,0.0
2022-02-11,1.27205,1.2754,1.26694,1.27334,0.0
2022-02-14,1.27358,1.2784,1.272,1.27255,0.0
2022-02-15,1.27279,1.27744,1.27013,1.27162,0.0
2022-02-16,1.27164,1.27259,1.26638,1.26897,0.0
2022-02-17,1.26915,1.27343,1.26756,1.27086,0.0
2022-02-18,1.27072,1.27609,1.2674,1.27553,0.0
2022-02-21,1.27475,1.27621,1.2722,1.27529,0.0
2022-02-22,1.27513,1.27828,1.27189,1.27706,0.0
2022-02-23,1.27693,1.27708,1.26819,1.27354,0.0
2022-02-24,1.27348,1.28777,1.27283,1.28184,0.0
2022-02-25,1.28128,1.28203,1.26956,1.27006,0.0
2022-02-28,1.27692,1.28097,1.266,1.26727,0.0
2022-03-01,1.2673,1.275,1.26538,1.27418,0.0
2022-03-02,1.27412,1.2745,1.26282,1.26324,0.0
2022-03-03,1.26325,1.26926,1.25871,1.26788,0.0
2022-03-04,1.26787,1.27922,1.267,1.27357,0.0
2022-03-07,1.27369,1.28208,1.26858,1.28177,0.0
2022-03-08,1.28198,1.29008,1.27964,1.2889,0.0
2022-03-09,1.2889,1.28946,1.28039,1.2807,0.0
2022-03-10,1.28071,1.28418,1.27506,1.27699,0.0
2022-03-11,1.27753,1.2794,1.26941,1.27442,0.0
2022-03-14,1.27329,1.28266,1.2727,1.28243,0.0
2022-03-15,1.28254,1.28713,1.27617,1.2765,0.0
2022-03-16,1.27669,1.27777,1.26751,1.26775,0.0
2022-03-17,1.26794,1.26985,1.2613,1.26288,0.0
2022-03-18,1.2623,1.26468,1.25894,1.26032,0.0
2022-03-21,1.26378,1.26378,1.25653,1.25921,0.0
2022-03-22,1.25932,1.26241,1.25674,1.25686,0.0
2022-03-23,1.25684,1.26056,1.25424,1.25631,0.0
2022-03-24,1.25626,1.25863,1.25098,1.2526,0.0
2022-03-25,1.25325,1.25533,1.24656,1.24768,0.0
2022-03-28,1.24855,1.25929,1.24735,1.25171,0.0
2022-03-29,1.25213,1.253,1.24699,1.25023,0.0
2022-03-30,1.25038,1.25087,1.24298,1.24836,0.0
2022-03-31,1.24821,1.25334,1.24642,1.25068,0.0
2022-04-01,1.25073,1.25394,1.24809,1.25145,0.0
2022-04-04,1.25181,1.2529,1.24682,1.24875,0.0
2022-04-05,1.24848,1.24981,1.24029,1.24863,0.0
2022-04-06,1.24905,1.2558,1.24796,1.25452,0.0
2022-04-07,1.2546,1.26116,1.25353,1.25921,0.0
2022-04-08,1.25891,1.2619,1.2565,1.25721,0.0
2022-04-11,1.25679,1.26409,1.25657,1.26337,0.0
2022-04-12,1.26346,1.26616,1.25817,1.26427,0.0
2022-04-13,1.26422,1.26762,1.2555,1.25631,0.0
2022-04-14,1.25616,1.26421,1.25216,1.26055,0.0
2022-04-15,1.26041,1.26223,1.25909,1.26159,0.0
2022-04-18,1.26129,1.26446,1.26034,1.26097,0.0
2022-04-19,1.26115,1.26463,1.25683,1.26224,0.0
2022-04-20,1.26166,1.26245,1.24723,1.24948,0.0
2022-04-21,1.24955,1.25905,1.24591,1.2583,0.0
2022-04-22,1.25837,1.27264,1.25678,1.27095,0.0
2022-04-25,1.27213,1.27771,1.27055,1.27359,0.0
2022-04-26,1.27377,1.28279,1.26846,1.28261,0.0
2022-04-27,1.28232,1.28541,1.27783,1.28166,0.0
2022-04-28,1.2818,1.28798,1.27912,1.28076,0.0
2022-04-29,1.28059,1.28609,1.27189,1.28593,0.0
2022-05-02,1.28397,1.2914,1.28397,1.28791,0.0
2022-05-03,1.28779,1.28938,1.28255,1.28406,0.0
2022-05-04,1.28378,1.2853,1.27305,1.27375,0.0
2022-05-05,1.27371,1.28682,1.27137,1.28365,0.0
2022-05-06,1.28372,1.29157,1.2814,1.29094,0.0
2022-05-09,1.29041,1.30166,1.29037,1.30141,0.0
2022-05-10,1.30143,1.30525,1.2962,1.30281,0.0
2022-05-11,1.30296,1.30395,1.29212,1.29929,0.0
2022-05-12,1.29936,1.30767,1.2977,1.30455,0.0
2022-05-13,1.30464,1.30506,1.29023,1.29079,0.0
2022-05-16,1.29271,1.29815,1.28367,1.28464,0.0
2022-05-17,1.28439,1.28587,1.28068,1.28092,0.0
2022-05-18,1.28094,1.28959,1.27956,1.28933,0.0
2022-05-19,1.28897,1.28955,1.27832,1.28225,0.0
2022-05-20,1.282,1.28682,1.27769,1.28385,0.0
2022-05-23,1.2844,1.28489,1.27673,1.27707,0.0
2022-05-24,1.27707,1.28726,1.27624,1.28211,0.0
2022-05-25,1.28199,1.28851,1.28027,1.28184,0.0
2022-05-26,1.28171,1.28488,1.27688,1.27706,0.0
2022-05-27,1.27701,1.27839,1.27179,1.2721,0.0
2022-05-30,1.2731,1.27357,1.26509,1.26542,0.0
2022-05-31,1.2654,1.26867,1.26294,1.26509,0.0
2022-06-01,1.26511,1.26769,1.26075,1.26572,0.0
2022-06-02,1.26571,1.26863,1.25644,1.25695,0.0
2022-06-03,1.25698,1.26048,1.25515,1.25951,0.0
2022-06-06,1.25953,1.26012,1.2535,1.25797,0.0
2022-06-07,1.25812,1.26186,1.25237,1.25321,0.0
2022-06-08,1.2533,1.25654,1.25181,1.25576,0.0
2022-06-09,1.25596,1.27052,1.2549,1.26986,0.0
2022-06-10,1.26984,1.28124,1.26814,1.27875,0.0
2022-06-13,1.27814,1.29005,1.2779,1.28983,0.0
2022-06-14,1.28978,1.29748,1.28662,1.29557,0.0
2022-06-15,1.29566,1.29955,1.28634,1.28915,0.0
2022-06-16,1.28907,1.29705,1.2861,1.29477,0.0
2022-06-17,1.29515,1.30791,1.29395,1.30285,0.0
2022-06-20,1.30385,1.30402,1.2979,1.29806,0.0
2022-06-21,1.29805,1.29885,1.2906,1.2918,0.0
2022-06-22,1.29291,1.29967,1.29126,1.29473,0.0
2022-06-23,1.29478,1.30175,1.29368,1.29963,0.0
2022-06-24,1.29956,1.30081,1.28896,1.28957,0.0
2022-06-27,1.28936,1.29167,1.28645,1.28742,0.0
2022-06-28,1.28748,1.28947,1.28193,1.2877,0.0
2022-06-29,1.28742,1.29002,1.28439,1.28961,0.0
2022-06-30,1.28949,1.29336,1.28615,1.28733,0.0
2022-07-01,1.28728,1.29665,1.28669,1.28841,0.0
2022-07-04,1.2885,1.2903,1.28375,1.28602,0.0
2022-07-05,1.28597,1.30837,1.28438,1.30294,0.0
2022-07-06,1.30311,1.30782,1.30121,1.3037,0.0
2022-07-07,1.30375,1.30559,1.29632,1.29665,0.0
2022-07-08,1.2967,1.30355,1.29362,1.29373,0.0
2022-07-11,1.29564,1.30518,1.2942,1.30044,0.0
2022-07-12,1.30042,1.30505,1.29843,1.30225,0.0
2022-07-13,1.30236,1.30606,1.29369,1.29795,0.0
2022-07-14,1.29692,1.32235,1.29669,1.31162,0.0
2022-07-15,1.31188,1.31356,1.30138,1.30227,0.0
2022-07-18,1.30192,1.3025,1.28986,1.29848,0.0
2022-07-19,1.29822,1.29899,1.28675,1.28711,0.0
2022-07-20,1.28693,1.29071,1.28548,1.28812,0.0
2022-07-21,1.28846,1.29372,1.28601,1.28653,0.0
2022-07-22,1.28688,1.2928,1.28225,1.29154,0.0
2022-07-25,1.29214,1.29467,1.28345,1.28466,0.0
2022-07-26,1.28509,1.29013,1.28165,1.28855,0.0
2022-07-27,1.28931,1.29116,1.28084,1.28245,0.0
2022-07-28,1.2831,1.28693,1.27952,1.28064,0.0
2022-07-29,1.28038,1.2855,1.2789,1.27959,0.0
2022-08-01,1.28135,1.28561,1.27675,1.28386,0.0
2022-08-02,1.28385,1.28871,1.28339,1.28795,0.0
2022-08-03,1.2879,1.28919,1.28329,1.28408,0.0
2022-08-04,1.28395,1.28762,1.28183,1.28639,0.0
2022-08-05,1.28642,1.29847,1.28623,1.29373,0.0
2022-08-08,1.29323,1.29502,1.2839,1.28563,0.0
2022-08-09,1.2846,1.29004,1.28436,1.28851,0.0
2022-08-10,1.28861,1.28975,1.27514,1.27761,0.0
2022-08-11,1.27738,1.27967,1.27279,1.27615,0.0
2022-08-12,1.27687,1.2803,1.27395,1.27765,0.0
2022-08-15,1.27736,1.2934,1.2763,1.29041,0.0
2022-08-16,1.29039,1.29287,1.28312,1.28425,0.0
2022-08-17,1.28465,1.29365,1.28275,1.29149,0.0
2022-08-18,1.29107,1.2967,1.28809,1.29465,0.0
2022-08-19,1.29459,1.30091,1.29358,1.29924,0.0
2022-08-22,1.29885,1.3061,1.29716,1.30532,0.0
2022-08-23,1.30573,1.30634,1.29338,1.29583,0.0
2022-08-24,1.29532,1.30187,1.29532,1.2971,0.0
2022-08-25,1.29684,1.29785,1.28953,1.29234,0.0
2022-08-26,1.2926,1.30438,1.29045,1.30379,0.0
2022-08-29,1.30341,1.3076,1.29908,1.30125,0.0
2022-08-30,1.30117,1.31084,1.29723,1.30929,0.0
2022-08-31,1.30905,1.3141,1.30635,1.31335,0.0
2022-09-01,1.31318,1.3208,1.31165,1.31537,0.0
2022-09-02,1.31544,1.31699,1.30748,1.31259,0.0
2022-09-05,1.31304,1.31737,1.31278,1.31418,0.0
2022-09-06,1.3143,1.31702,1.30967,1.31495,0.0
2022-09-07,1.31549,1.32089,1.31107,1.31196,0.0
2022-09-08,1.31197,1.31592,1.30773,1.30895,0.0
2022-09-09,1.30919,1.31122,1.29822,1.30197,0.0
2022-09-12,1.3045,1.30501,1.29637,1.29838,0.0
2022-09-13,1.29918,1.31761,1.2954,1.31744,0.0
2022-09-14,1.31735,1.32063,1.31393,1.31666,0.0
2022-09-15,1.3168,1.32402,1.31542,1.32285,0.0
2022-09-16,1.32255,1.33079,1.32109,1.32635,0.0
2022-09-19,1.3268,1.33441,1.32454,1.32529,0.0
2022-09-20,1.32511,1.3375,1.32275,1.33681,0.0
2022-09-21,1.33671,1.34685,1.33578,1.34677,0.0
2022-09-22,1.3462,1.35443,1.34092,1.34877,0.0
2022-09-23,1.34863,1.36126,1.34682,1.35893,0.0
2022-09-26,1.36065,1.38085,1.35597,1.37394,0.0
2022-09-27,1.37388,1.37756,1.36397,1.37244,0.0
2022-09-28,1.3724,1.3833,1.36025,1.3604,0.0
2022-09-29,1.36193,1.37556,1.36037,1.36849,0.0
2022-09-30,1.36884,1.38399,1.36584,1.38314,0.0
2022-10-03,1.38192,1.38258,1.36204,1.36226,0.0
2022-10-04,1.36241,1.36644,1.35031,1.35093,0.0
2022-10-05,1.35279,1.36956,1.35038,1.36205,0.0
2022-10-06,1.36181,1.37552,1.35648,1.37472,0.0
2022-10-07,1.37504,1.37604,1.36759,1.37335,0.0
2022-10-10,1.37335,1.37825,1.3703,1.37805,0.0
2022-10-11,1.37773,1.38553,1.37149,1.37954,0.0
2022-10-12,1.38017,1.38306,1.37608,1.3817,0.0
2022-10-13,1.38199,1.39771,1.3707,1.37555,0.0
2022-10-14,1.37509,1.38984,1.3704,1.38817,0.0
2022-10-17,1.38732,1.38806,1.36994,1.37155,0.0
2022-10-18,1.37164,1.38105,1.36577,1.37332,0.0
2022-10-19,1.37356,1.38096,1.37185,1.37641,0.0
2022-10-20,1.37665,1.3807,1.36517,1.37636,0.0
2022-10-21,1.37675,1.38547,1.36302,1.36443,0.0
2022-10-24,1.3639,1.37746,1.36066,1.37057,0.0
2022-10-25,1.37066,1.37477,1.36014,1.3607,0.0
2022-10-26,1.36073,1.36512,1.35083,1.35555,0.0
2022-10-27,1.35535,1.36268,1.34958,1.35675,0.0
2022-10-28,1.35651,1.36347,1.35255,1.36075,0.0
2022-10-31,1.36141,1.36852,1.36009,1.36228,0.0
2022-11-01,1.36241,1.36682,1.35303,1.36307,0.0
2022-11-02,1.36305,1.37155,1.35487,1.37122,0.0
2022-11-03,1.3713,1.38082,1.36827,1.37464,0.0
2022-11-04,1.37459,1.37515,1.34698,1.34798,0.0
2022-11-07,1.35363,1.35526,1.34655,1.34912,0.0
2022-11-08,1.34911,1.3527,1.33879,1.34267,0.0
2022-11-09,1.34273,1.3542,1.34109,1.35257,0.0
2022-11-10,1.3525,1.35711,1.33085,1.33215,0.0
2022-11-11,1.33198,1.33609,1.32363,1.32531,0.0
2022-11-14,1.32835,1.33175,1.32394,1.33166,0.0
2022-11-15,1.33136,1.33362,1.32265,1.32801,0.0
2022-11-16,1.32778,1.33471,1.32284,1.33279,0.0
2022-11-17,1.33275,1.34012,1.3305,1.33266,0.0
2022-11-18,1.33298,1.3409,1.33006,1.33872,0.0
2022-11-21,1.33727,1.3495,1.33727,1.34524,0.0
2022-11-22,1.34526,1.34671,1.33654,1.33725,0.0
2022-11-23,1.33743,1.34399,1.33451,1.33544,0.0
2022-11-24,1.33548,1.33623,1.33166,1.33375,0.0
2022-11-25,1.33379,1.33986,1.33173,1.33805,0.0
2022-11-28,1.3401,1.35048,1.3386,1.3496,0.0
2022-11-29,1.34977,1.36458,1.3409,1.35793,0.0
2022-11-30,1.35804,1.35955,1.34144,1.34169,0.0
2022-12-01,1.34324,1.34708,1.33955,1.34324,0.0
2022-12-02,1.34327,1.35206,1.3421,1.34745,0.0
2022-12-05,1.34668,1.36053,1.33854,1.35883,0.0
2022-12-06,1.35888,1.36757,1.35709,1.36524,0.0
2022-12-07,1.36498,1.37001,1.35897,1.36529,0.0
2022-12-08,1.36539,1.36892,1.35614,1.35935,0.0
2022-12-09,1.35945,1.36912,1.35693,1.36454,0.0
2022-12-12,1.36459,1.36831,1.36188,1.36337,0.0
2022-12-13,1.36337,1.36441,1.35222,1.35447,0.0
2022-12-14,1.35446,1.36122,1.35186,1.35449,0.0
2022-12-15,1.35518,1.36743,1.35389,1.36415,0.0
2022-12-16,1.36503,1.37051,1.36177,1.3697,0.0
2022-12-19,1.36804,1.36944,1.36235,1.36509,0.0
2022-12-20,1.36509,1.3704,1.35801,1.36124,0.0
2022-12-21,1.36096,1.3638,1.35893,1.36128,0.0
2022-12-22,1.36111,1.36849,1.35711,1.36457,0.0
2022-12-23,1.36673,1.36687,1.3563,1.36055,0.0
2022-12-26,1.36082,1.36365,1.35747,1.35842,0.0
2022-12-27,1.35824,1.36175,1.34845,1.35233,0.0
2022-12-28,1.35232,1.36116,1.34859,1.36055,0.0
2022-12-29,1.36065,1.36135,1.35384,1.3548,0.0
2022-12-30,1.35467,1.35818,1.35143,1.35475,0.0
2023-01-02,1.35549,1.35897,1.35236,1.35768,0.0
2023-01-03,1.35739,1.36852,1.35232,1.36695,0.0
2023-01-04,1.36705,1.36807,1.34755,1.34781,0.0
2023-01-05,1.34777,1.35956,1.34701,1.35699,0.0
2023-01-06,1.35742,1.36648,1.34335,1.34459,0.0
2023-01-09,1.3445,1.34482,1.33573,1.33906,0.0
2023-01-10,1.33893,1.34454,1.33763,1.34273,0.0
2023-01-11,1.34264,1.34451,1.3405,1.34249,0.0
2023-01-12,1.34232,1.34486,1.33455,1.33695,0.0
2023-01-13,1.33621,1.34397,1.33219,1.3395,0.0
2023-01-16,1.33901,1.34183,1.3353,1.34079,0.0
2023-01-17,1.34066,1.34372,1.3369,1.33895,0.0
2023-01-18,1.33905,1.35002,1.3351,1.34931,0.0
2023-01-19,1.34939,1.35206,1.34469,1.34676,0.0
2023-01-20,1.34602,1.3498,1.33736,1.33806,0.0
2023-01-23,1.3388,1.34178,1.33421,1.33673,0.0
2023-01-24,1.3367,1.34133,1.33467,1.3368,0.0
2023-01-25,1.33711,1.34282,1.33404,1.33922,0.0
2023-01-26,1.33892,1.3408,1.33036,1.33218,0.0
2023-01-27,1.3327,1.33466,1.33004,1.33104,0.0
2023-01-30,1.33174,1.33892,1.33,1.33868,0.0
2023-01-31,1.33872,1.34716,1.3299,1.33059,0.0
2023-02-01,1.33041,1.33798,1.32669,1.3291,0.0
2023-02-02,1.32879,1.33471,1.3262,1.33166,0.0
2023-02-03,1.3316,1.34256,1.3313,1.3403,0.0
2023-02-06,1.34115,1.34755,1.33967,1.34466,0.0
2023-02-07,1.3447,1.34689,1.33803,1.33984,0.0
2023-02-08,1.34002,1.34508,1.33604,1.34472,0.0
2023-02-09,1.3443,1.34632,1.33726,1.34552,0.0
2023-02-10,1.34553,1.34724,1.3334,1.33486,0.0
2023-02-13,1.3347,1.33798,1.3325,1.33314,0.0
2023-02-14,1.33314,1.339,1.32744,1.33365,0.0
2023-02-15,1.33372,1.344,1.3333,1.3394,0.0
2023-02-16,1.3391,1.34792,1.33575,1.34572,0.0
2023-02-17,1.34566,1.35374,1.34488,1.34746,0.0
2023-02-20,1.34823,1.34947,1.34416,1.34538,0.0
2023-02-21,1.34742,1.35493,1.34416,1.35368,0.0
2023-02-22,1.35393,1.35683,1.35143,1.35516,0.0
2023-02-23,1.35482,1.35813,1.3516,1.35484,0.0
2023-02-24,1.35402,1.36651,1.35274,1.36074,0.0
2023-02-27,1.36139,1.36242,1.3534,1.35753,0.0
2023-02-28,1.35768,1.36485,1.3561,1.36458,0.0
2023-03-01,1.36464,1.36591,1.35844,1.35908,0.0
2023-03-02,1.35954,1.36414,1.35827,1.35962,0.0
2023-03-03,1.35962,1.36441,1.35554,1.35983,0.0
2023-03-06,1.3604,1.3629,1.35822,1.3613,0.0
2023-03-07,1.36156,1.37612,1.35999,1.37542,0.0
2023-03-08,1.37531,1.38148,1.37439,1.38037,0.0
2023-03-09,1.3806,1.38372,1.37528,1.38276,0.0
2023-03-10,1.38246,1.38619,1.37615,1.3824,0.0
2023-03-13,1.38152,1.38168,1.36777,1.37303,0.0
2023-03-14,1.37278,1.37504,1.36516,1.36844,0.0
2023-03-15,1.3685,1.38143,1.36602,1.37684,0.0
2023-03-16,1.37675,1.3788,1.37144,1.3721,0.0
2023-03-17,1.37208,1.37733,1.3678,1.37282,0.0
2023-03-20,1.37331,1.37472,1.36518,1.36643,0.0
2023-03-21,1.36609,1.37372,1.36444,1.37127,0.0
2023-03-22,1.3717,1.37446,1.36572,1.37308,0.0
2023-03-23,1.37324,1.3738,1.36308,1.37146,0.0
2023-03-24,1.37167,1.38046,1.37088,1.37453,0.0
2023-03-27,1.37391,1.37451,1.36498,1.36596,0.0
2023-03-28,1.36602,1.36951,1.3592,1.35976,0.0
2023-03-29,1.36036,1.36168,1.35566,1.35579,0.0
2023-03-30,1.35575,1.35812,1.35161,1.3523,0.0
2023-03-31,1.35229,1.3565,1.35078,1.35177,0.0
2023-04-03,1.34954,1.35366,1.34117,1.34357,0.0
2023-04-04,1.34374,1.34674,1.34069,1.34442,0.0
2023-04-05,1.3446,1.34829,1.34261,1.34574,0.0
2023-04-06,1.34688,1.35059,1.34474,1.34931,0.0
2023-04-07,1.34919,1.35301,1.34788,1.35154,0.0
2023-04-10,1.35144,1.35537,1.34852,1.35096,0.0
2023-04-11,1.3517,1.352,1.34624,1.34646,0.0
2023-04-12,1.34671,1.34893,1.3428,1.34416,0.0
2023-04-13,1.34398,1.34483,1.33334,1.33395,0.0
2023-04-14,1.33381,1.33955,1.33016,1.33607,0.0
2023-04-17,1.33619,1.342,1.33428,1.33938,0.0
2023-04-18,1.3395,1.3402,1.33597,1.33882,0.0
2023-04-19,1.33873,1.34671,1.33851,1.34594,0.0
2023-04-20,1.34607,1.34896,1.34489,1.34775,0.0
2023-04-21,1.34741,1.35632,1.3472,1.35399,0.0
2023-04-24,1.35346,1.35674,1.35231,1.35416,0.0
2023-04-25,1.35409,1.36478,1.3525,1.36268,0.0
2023-04-26,1.36268,1.3651,1.35995,1.36361,0.0
2023-04-27,1.36371,1.3647,1.35892,1.35912,0.0
2023-04-28,1.35922,1.36679,1.3536,1.35493,0.0
2023-05-01,1.3535,1.35832,1.35305,1.35434,0.0
2023-05-02,1.35422,1.36375,1.35286,1.3626,0.0
2023-05-03,1.36238,1.36395,1.35822,1.36144,0.0
2023-05-04,1.36164,1.36328,1.35195,1.35386,0.0
2023-05-05,1.35383,1.3544,1.33714,1.33753,0.0
2023-05-08,1.33865,1.33872,1.33152,1.33726,0.0
2023-05-09,1.33743,1.34064,1.3365,1.33836,0.0
2023-05-10,1.33855,1.34148,1.33351,1.33716,0.0
2023-05-11,1.33715,1.34956,1.33631,1.34895,0.0
2023-05-12,1.34928,1.35652,1.34802,1.35577,0.0
2023-05-15,1.3546,1.35676,1.34594,1.34668,0.0
2023-05-16,1.34689,1.34937,1.34046,1.34783,0.0
2023-05-17,1.3474,1.35359,1.34374,1.34549,0.0
2023-05-18,1.34545,1.3525,1.3449,1.3502,0.0
2023-05-19,1.35022,1.35235,1.34689,1.34973,0.0
2023-05-22,1.35056,1.3519,1.34856,1.35056,0.0
2023-05-23,1.35059,1.35488,1.34846,1.35024,0.0
2023-05-24,1.35034,1.36054,1.34958,1.3595,0.0
2023-05-25,1.35962,1.3646,1.35866,1.36436,0.0
2023-05-26,1.36426,1.36545,1.3601,1.3615,0.0
2023-05-29,1.3611,1.36256,1.35832,1.359,0.0
2023-05-30,1.359,1.36134,1.35676,1.35998,0.0
2023-05-31,1.36034,1.3653,1.3569,1.35748,0.0
2023-06-01,1.3576,1.35852,1.34367,1.34483,0.0
2023-06-02,1.34536,1.3456,1.3407,1.34282,0.0
2023-06-05,1.3424,1.34618,1.34175,1.34443,0.0
2023-06-06,1.34454,1.34524,1.33904,1.34022,0.0
2023-06-07,1.34046,1.34267,1.33219,1.33712,0.0
2023-06-08,1.33687,1.33876,1.3334,1.3358,0.0
2023-06-09,1.33534,1.3372,1.33133,1.33412,0.0
2023-06-12,1.33391,1.3384,1.33154,1.33678,0.0
2023-06-13,1.33678,1.33784,1.32862,1.33144,0.0
2023-06-14,1.33194,1.33527,1.32722,1.33233,0.0
2023-06-15,1.33234,1.33547,1.32102,1.32206,0.0
2023-06-16,1.32256,1.32396,1.31776,1.31983,0.0
2023-06-19,1.3197,1.32288,1.31793,1.321,0.0
2023-06-20,1.32103,1.327,1.32058,1.32338,0.0
2023-06-21,1.32371,1.32457,1.31574,1.31644,0.0
2023-06-22,1.31634,1.31793,1.31392,1.31504,0.0
2023-06-23,1.3152,1.32259,1.31432,1.31814,0.0
2023-06-26,1.31841,1.31849,1.31362,1.31559,0.0
2023-06-27,1.31545,1.31922,1.3117,1.3192,0.0
2023-06-28,1.31924,1.32765,1.31896,1.32594,0.0
2023-06-29,1.32588,1.32856,1.32392,1.32525,0.0
2023-06-30,1.32521,1.32843,1.32068,1.32486,0.0
2023-07-03,1.32417,1.3274,1.32303,1.32506,0.0
2023-07-04,1.32475,1.32569,1.32033,1.3223,0.0
2023-07-05,1.32249,1.32932,1.322,1.3283,0.0
2023-07-06,1.32805,1.33728,1.32752,1.3368,0.0
2023-07-07,1.33675,1.3387,1.3266,1.32772,0.0
2023-07-10,1.32735,1.33046,1.32684,1.32793,0.0
2023-07-11,1.3281,1.3296,1.32305,1.32309,0.0
2023-07-12,1.32309,1.324,1.31438,1.31874,0.0
2023-07-13,1.3188,1.3195,1.31038,1.31098,0.0
2023-07-14,1.31092,1.3227,1.30928,1.32176,0.0
2023-07-17,1.32168,1.32323,1.3161,1.31998,0.0
2023-07-18,1.31987,1.32432,1.3167,1.31682,0.0
2023-07-19,1.31692,1.31934,1.31555,1.3164,0.0
2023-07-20,1.31639,1.31945,1.31195,1.31728,0.0
2023-07-21,1.31709,1.32265,1.31535,1.3224,0.0
2023-07-24,1.32199,1.3229,1.315,1.31684,0.0
2023-07-25,1.31674,1.32096,1.31472,1.31722,0.0
2023-07-26,1.31726,1.3239,1.3168,1.32074,0.0
2023-07-27,1.32092,1.32434,1.31584,1.32245,0.0
2023-07-28,1.32298,1.32527,1.32016,1.32527,0.0
2023-07-31,1.32403,1.32617,1.31512,1.3189,0.0
2023-08-01,1.31893,1.33,1.31828,1.32824,0.0
2023-08-02,1.32826,1.3354,1.32654,1.335,0.0
2023-08-03,1.33496,1.3378,1.3329,1.33534,0.0
2023-08-04,1.33532,1.33942,1.33198,1.3381,0.0
2023-08-07,1.33669,1.33994,1.3356,1.33684,0.0
2023-08-08,1.33693,1.35023,1.33644,1.34174,0.0
2023-08-09,1.34264,1.34542,1.34044,1.3423,0.0
2023-08-10,1.34219,1.34515,1.3373,1.34475,0.0
2023-08-11,1.34472,1.34659,1.34127,1.34446,0.0
2023-08-14,1.34374,1.348,1.34367,1.34606,0.0
2023-08-15,1.34627,1.35025,1.344,1.34989,0.0
2023-08-16,1.34999,1.35452,1.34755,1.3532,0.0
2023-08-17,1.35307,1.35545,1.34965,1.35465,0.0
2023-08-18,1.3537,1.3575,1.35246,1.35526,0.0
2023-08-21,1.35471,1.35729,1.34964,1.35465,0.0
2023-08-22,1.35448,1.35651,1.35132,1.35505,0.0
2023-08-23,1.35505,1.36039,1.35203,1.35255,0.0
2023-08-24,1.35285,1.3589,1.35101,1.35827,0.0
2023-08-25,1.35825,1.36401,1.35694,1.36051,0.0
2023-08-28,1.35905,1.36121,1.35703,1.35982,0.0
2023-08-29,1.35996,1.36375,1.35504,1.35511,0.0
2023-08-30,1.35523,1.3577,1.35132,1.35318,0.0
2023-08-31,1.35317,1.35579,1.35044,1.35079,0.0
2023-09-01,1.35235,1.36129,1.34895,1.3592,0.0
2023-09-04,1.35945,1.36047,1.35757,1.35924,0.0
2023-09-05,1.35897,1.36697,1.35879,1.36433,0.0
2023-09-06,1.36435,1.36765,1.36226,1.36354,0.0
2023-09-07,1.36354,1.36947,1.36324,1.36871,0.0
2023-09-08,1.36846,1.36915,1.36082,1.36402,0.0
2023-09-11,1.36338,1.36388,1.35614,1.35757,0.0
2023-09-12,1.35686,1.35933,1.35438,1.35532,0.0
2023-09-13,1.35542,1.35869,1.3521,1.35488,0.0
2023-09-14,1.35495,1.35565,1.34935,1.35061,0.0
2023-09-15,1.35079,1.35496,1.34943,1.3527,0.0
2023-09-18,1.35201,1.35285,1.34719,1.34861,0.0
2023-09-19,1.34856,1.34925,1.33845,1.34477,0.0
2023-09-20,1.34479,1.34785,1.33958,1.34624,0.0
2023-09-21,1.34623,1.35237,1.3449,1.34835,0.0
2023-09-22,1.3483,1.34918,1.34238,1.34833,0.0
2023-09-25,1.34747,1.34918,1.34535,1.34546,0.0
2023-09-26,1.34565,1.35281,1.3449,1.35176,0.0
2023-09-27,1.3518,1.3543,1.34953,1.34973,0.0
2023-09-28,1.34979,1.35164,1.34707,1.34863,0.0
2023-09-29,1.34868,1.35847,1.34171,1.35796,0.0
2023-10-02,1.35756,1.36796,1.35614,1.36758,0.0
2023-10-03,1.36755,1.37358,1.36613,1.37095,0.0
2023-10-04,1.37085,1.37796,1.36905,1.37454,0.0
2023-10-05,1.37514,1.37855,1.37036,1.37049,0.0
2023-10-06,1.37118,1.37459,1.3644,1.36631,0.0
2023-10-09,1.36735,1.36797,1.35812,1.35896,0.0
2023-10-10,1.35896,1.36171,1.35695,1.35821,0.0
2023-10-11,1.35842,1.36238,1.35717,1.35943,0.0
2023-10-12,1.35926,1.37006,1.35786,1.36914,0.0
2023-10-13,1.36902,1.36947,1.36366,1.36579,0.0
2023-10-16,1.36615,1.36659,1.36066,1.36093,0.0
2023-10-17,1.36102,1.3703,1.36066,1.36484,0.0
2023-10-18,1.36504,1.37175,1.36173,1.37156,0.0
2023-10-19,1.37126,1.37408,1.36795,1.37201,0.0
2023-10-20,1.37199,1.37342,1.36701,1.37153,0.0
2023-10-23,1.37105,1.37366,1.36676,1.36902,0.0
2023-10-24,1.36905,1.37546,1.36612,1.37413,0.0
2023-10-25,1.37351,1.381,1.37306,1.37992,0.0
2023-10-26,1.37974,1.38439,1.379,1.38315,0.0
2023-10-27,1.38311,1.38807,1.37963,1.38742,0.0
2023-10-30,1.38589,1.38732,1.38134,1.3827,0.0
2023-10-31,1.38247,1.38922,1.38139,1.38745,0.0
2023-11-01,1.38673,1.3899,1.38413,1.38556,0.0
2023-11-02,1.38612,1.38612,1.3736,1.37372,0.0
2023-11-03,1.37398,1.37605,1.36534,1.36573,0.0
2023-11-06,1.36607,1.37035,1.36295,1.36996,0.0
2023-11-07,1.36858,1.37826,1.36832,1.37662,0.0
2023-11-08,1.37673,1.38146,1.37553,1.37923,0.0
2023-11-09,1.37935,1.38165,1.37469,1.38061,0.0
2023-11-10,1.38087,1.38547,1.37915,1.3796,0.0
2023-11-13,1.38017,1.38318,1.37772,1.38066,0.0
2023-11-14,1.38017,1.38436,1.36847,1.36931,0.0
2023-11-15,1.36921,1.37099,1.36548,1.36831,0.0
2023-11-16,1.36795,1.3777,1.36778,1.37553,0.0
2023-11-17,1.37608,1.3771,1.37083,1.37237,0.0
2023-11-20,1.37167,1.37496,1.36901,1.37259,0.0
2023-11-21,1.37242,1.37313,1.36813,1.37022,0.0
2023-11-22,1.37025,1.37655,1.36855,1.36867,0.0
2023-11-23,1.36874,1.37112,1.36511,1.36964,0.0
2023-11-24,1.36961,1.37135,1.35942,1.36345,0.0
2023-11-27,1.36383,1.36625,1.36139,1.36159,0.0
2023-11-28,1.36189,1.36235,1.35603,1.35724,0.0
2023-11-29,1.35722,1.36151,1.35413,1.35897,0.0
2023-11-30,1.35879,1.36265,1.35523,1.35594,0.0
2023-12-01,1.35605,1.35785,1.34873,1.34971,0.0
2023-12-04,1.35039,1.3562,1.34805,1.35374,0.0
2023-12-05,1.35385,1.35965,1.35333,1.35921,0.0
2023-12-06,1.35923,1.35995,1.35491,1.35942,0.0
2023-12-07,1.35942,1.36194,1.35839,1.36009,0.0
2023-12-08,1.35981,1.36096,1.35508,1.35822,0.0
2023-12-11,1.35849,1.36046,1.35504,1.35744,0.0
2023-12-12,1.35758,1.36185,1.35453,1.35914,0.0
2023-12-13,1.35903,1.36083,1.34945,1.35183,0.0
2023-12-14,1.35181,1.35227,1.33943,1.34067,0.0
2023-12-15,1.34069,1.3415,1.33503,1.33807,0.0
2023-12-18,1.33736,1.34093,1.33499,1.33991,0.0
2023-12-19,1.33989,1.34039,1.33324,1.33328,0.0
2023-12-20,1.3333,1.33704,1.3312,1.33682,0.0
2023-12-21,1.33688,1.33753,1.32762,1.32812,0.0
2023-12-22,1.32837,1.32945,1.32194,1.32678,0.0
2023-12-25,1.32686,1.32951,1.3234,1.32558,0.0
2023-12-26,1.32427,1.32655,1.31951,1.31955,0.0
2023-12-27,1.31952,1.32195,1.31773,1.32086,0.0
2023-12-28,1.32109,1.32356,1.31826,1.32292,0.0
2023-12-29,1.32294,1.32651,1.31784,1.32481,0.0
2024-01-02,1.32407,1.3334,1.32288,1.3322,0.0
2024-01-03,1.33245,1.3372,1.3318,1.3353,0.0
2024-01-04,1.3352,1.3366,1.33173,1.33493,0.0
2024-01-05,1.33521,1.3399,1.32875,1.33615,0.0
2024-01-08,1.33533,1.34052,1.33452,1.33483,0.0
2024-01-09,1.33462,1.34147,1.33407,1.33904,0.0
2024-01-10,1.33942,1.34016,1.33656,1.33798,0.0
2024-01-11,1.33806,1.34429,1.3351,1.33944,0.0
2024-01-12,1.33942,1.34119,1.33433,1.34065,0.0
2024-01-15,1.33985,1.34482,1.33821,1.34275,0.0
2024-01-16,1.34276,1.35019,1.34242,1.34948,0.0
2024-01-17,1.34951,1.35419,1.34805,1.35052,0.0
2024-01-18,1.35119,1.35265,1.34808,1.34874,0.0
2024-01-19,1.34871,1.35022,1.34273,1.34287,0.0
2024-01-22,1.34431,1.34827,1.34151,1.34788,0.0
2024-01-23,1.3478,1.34919,1.34535,1.34623,0.0
2024-01-24,1.34617,1.35286,1.34302,1.35235,0.0
2024-01-25,1.35237,1.35346,1.34684,1.34748,0.0
2024-01-26,1.34747,1.34835,1.34144,1.34533,0.0
2024-01-29,1.34606,1.34653,1.34099,1.34152,0.0
2024-01-30,1.3423,1.34464,1.33959,1.33981,0.0
2024-01-31,1.33997,1.34463,1.33588,1.34348,0.0
2024-02-01,1.34348,1.34643,1.33678,1.33866,0.0
2024-02-02,1.33867,1.34755,1.3366,1.34671,0.0
2024-02-05,1.34645,1.35439,1.34606,1.35414,0.0
2024-02-06,1.35381,1.35493,1.34765,1.34925,0.0
2024-02-07,1.34929,1.34975,1.34551,1.34619,0.0
2024-02-08,1.34624,1.3493,1.34481,1.34586,0.0
2024-02-09,1.34581,1.34817,1.3413,1.34567,0.0
2024-02-12,1.34653,1.34753,1.34304,1.34513,0.0
2024-02-13,1.34508,1.35861,1.34396,1.35642,0.0
2024-02-14,1.35641,1.35793,1.35311,1.35437,0.0
2024-02-15,1.35436,1.35515,1.34637,1.34647,0.0
2024-02-16,1.34647,1.35078,1.34599,1.34846,0.0
2024-02-19,1.34825,1.34975,1.34681,1.34904,0.0
2024-02-20,1.34925,1.35298,1.34725,1.35233,0.0
2024-02-21,1.35237,1.35363,1.34944,1.35051,0.0
2024-02-22,1.35072,1.3509,1.34409,1.34822,0.0
2024-02-23,1.34817,1.35176,1.34618,1.35102,0.0
2024-02-26,1.3495,1.35286,1.34949,1.35053,0.0
2024-02-27,1.35053,1.35394,1.34847,1.35289,0.0
2024-02-28,1.35309,1.36062,1.35238,1.3578,0.0
2024-02-29,1.35796,1.35976,1.35412,1.35803,0.0
2024-03-01,1.35732,1.36018,1.35452,1.35603,0.0
2024-03-04,1.35535,1.3584,1.35458,1.3575,0.0
2024-03-05,1.35738,1.36052,1.35558,1.35915,0.0
2024-03-06,1.35907,1.36005,1.3499,1.35135,0.0
2024-03-07,1.35133,1.35256,1.34544,1.34593,0.0
2024-03-08,1.34592,1.34981,1.34204,1.34883,0.0
2024-03-11,1.3486,1.35098,1.34697,1.34828,0.0
2024-03-12,1.34833,1.35257,1.34669,1.3491,0.0
2024-03-13,1.34909,1.34995,1.34592,1.34698,0.0
2024-03-14,1.34707,1.35414,1.34597,1.35328,0.0
2024-03-15,1.35325,1.3552,1.35102,1.35432,0.0
2024-03-18,1.35421,1.35519,1.3521,1.35343,0.0
2024-03-19,1.35339,1.36135,1.35285,1.35662,0.0
2024-03-20,1.35686,1.36065,1.34823,1.34925,0.0
2024-03-21,1.34924,1.35418,1.34562,1.35307,0.0
2024-03-22,1.35305,1.36142,1.35198,1.36063,0.0
2024-03-25,1.36027,1.36143,1.35707,1.35859,0.0
2024-03-26,1.35865,1.35906,1.35528,1.35838,0.0
2024-03-27,1.35842,1.36085,1.35655,1.35673,0.0
2024-03-28,1.35678,1.36139,1.35251,1.3541,0.0
2024-03-29,1.35396,1.35625,1.353,1.35427,0.0
2024-04-01,1.35445,1.35875,1.35151,1.35708,0.0
2024-04-02,1.35717,1.35845,1.35567,1.35661,0.0
2024-04-03,1.35685,1.35891,1.35119,1.35267,0.0
2024-04-04,1.35276,1.35592,1.34782,1.35438,0.0
2024-04-05,1.35426,1.36475,1.35398,1.35913,0.0
2024-04-08,1.35948,1.3617,1.35696,1.35728,0.0
2024-04-09,1.35713,1.35987,1.35472,1.35712,0.0
2024-04-10,1.35741,1.37028,1.3556,1.36819,0.0
2024-04-11,1.36819,1.37257,1.36611,1.36889,0.0
2024-04-12,1.36887,1.37873,1.36823,1.37735,0.0
2024-04-15,1.378,1.37945,1.37254,1.37879,0.0
2024-04-16,1.37882,1.38459,1.37742,1.38292,0.0
2024-04-17,1.38239,1.38377,1.37598,1.3773,0.0
2024-04-18,1.37719,1.37854,1.37421,1.37678,0.0
2024-04-19,1.37674,1.38046,1.37237,1.37502,0.0
2024-04-22,1.37483,1.37533,1.36871,1.3699,0.0
2024-04-23,1.36998,1.37165,1.36562,1.36635,0.0
2024-04-24,1.3663,1.37291,1.36549,1.37033,0.0
2024-04-25,1.37033,1.37312,1.36503,1.36587,0.0
2024-04-26,1.36544,1.36958,1.36344,1.36697,0.0
2024-04-29,1.36785,1.36785,1.36321,1.36607,0.0
2024-04-30,1.36614,1.37848,1.36553,1.37782,0.0
2024-05-01,1.37632,1.37835,1.37036,1.37383,0.0
2024-05-02,1.37392,1.37465,1.36697,1.36745,0.0
2024-05-03,1.36737,1.36917,1.36098,1.36862,0.0
2024-05-06,1.36798,1.36973,1.36483,1.36653,0.0
2024-05-07,1.36655,1.37414,1.36597,1.37251,0.0
2024-05-08,1.37263,1.37625,1.37143,1.37233,0.0
2024-05-09,1.3722,1.3746,1.36742,1.36762,0.0
2024-05-10,1.36768,1.36921,1.36354,1.36727,0.0
2024-05-13,1.36698,1.36898,1.3661,1.36667,0.0
2024-05-14,1.36674,1.36918,1.36328,1.36504,0.0
2024-05-15,1.36492,1.36609,1.35904,1.36029,0.0
2024-05-16,1.36028,1.36413,1.35902,1.36178,0.0
2024-05-17,1.36134,1.36437,1.36013,1.36117,0.0
2024-05-20,1.3617,1.36353,1.35963,1.36242,0.0
2024-05-21,1.36245,1.36756,1.36151,1.36544,0.0
2024-05-22,1.36545,1.36982,1.3624,1.36944,0.0
2024-05-23,1.36944,1.37436,1.36569,1.37295,0.0
2024-05-24,1.37294,1.37405,1.3648,1.36641,0.0
2024-05-27,1.36683,1.36744,1.36185,1.36336,0.0
2024-05-28,1.36317,1.36537,1.36149,1.36464,0.0
2024-05-29,1.36447,1.37215,1.36401,1.37187,0.0
2024-05-30,1.37176,1.37348,1.36603,1.36822,0.0
2024-05-31,1.36784,1.36898,1.36192,1.36269,0.0
2024-06-03,1.36321,1.3669,1.36025,1.36281,0.0
2024-06-04,1.36281,1.36991,1.36208,1.36754,0.0
2024-06-05,1.368,1.37418,1.36655,1.36941,0.0
2024-06-06,1.3695,1.371,1.36644,1.36714,0.0
2024-06-07,1.36705,1.37678,1.36633,1.3765,0.0
2024-06-10,1.37595,1.37818,1.3754,1.37572,0.0
2024-06-11,1.3758,1.37919,1.37483,1.37583,0.0
2024-06-12,1.37585,1.37625,1.36802,1.37237,0.0
2024-06-13,1.37202,1.37637,1.37104,1.37389,0.0
2024-06-14,1.37435,1.37795,1.37275,1.37333,0.0
2024-06-17,1.37435,1.37645,1.37209,1.37237,0.0
2024-06-18,1.3724,1.37569,1.37093,1.37182,0.0
2024-06-19,1.37173,1.37258,1.36983,1.37067,0.0
2024-06-20,1.37068,1.3721,1.36824,1.36887,0.0
2024-06-21,1.36893,1.37247,1.36745,1.3694,0.0
2024-06-24,1.36925,1.37084,1.365,1.36585,0.0
2024-06-25,1.36571,1.36809,1.36317,1.36578,0.0
2024-06-26,1.3653,1.37079,1.36465,1.37022,0.0
2024-06-27,1.37014,1.37124,1.36762,1.37006,0.0
2024-06-28,1.36953,1.37345,1.36552,1.36789,0.0
2024-07-01,1.36734,1.3749,1.36633,1.37361,0.0
2024-07-02,1.37362,1.37565,1.36677,1.36789,0.0
2024-07-03,1.36782,1.36868,1.36175,1.36395,0.0
2024-07-04,1.36358,1.36435,1.36082,1.36129,0.0
2024-07-05,1.36153,1.36534,1.36025,1.36428,0.0
2024-07-08,1.36465,1.36485,1.36243,1.36341,0.0
2024-07-09,1.36351,1.36483,1.36255,1.36349,0.0
2024-07-10,1.36364,1.3643,1.36082,1.36192,0.0
2024-07-11,1.36195,1.36481,1.3589,1.36325,0.0
2024-07-12,1.36329,1.36437,1.36114,1.36348,0.0
2024-07-15,1.36445,1.3689,1.36312,1.36828,0.0
2024-07-16,1.36852,1.37081,1.36676,1.36737,0.0
2024-07-17,1.36733,1.37018,1.36566,1.36832,0.0
2024-07-18,1.36826,1.37185,1.36703,1.37058,0.0
2024-07-19,1.37071,1.37479,1.36986,1.37292,0.0
2024-07-22,1.37175,1.37749,1.37052,1.37573,0.0
2024-07-23,1.37578,1.37865,1.37512,1.37847,0.0
2024-07-24,1.37853,1.38165,1.37785,1.38077,0.0
2024-07-25,1.38098,1.38489,1.37968,1.38255,0.0
2024-07-26,1.38248,1.38494,1.38072,1.38383,0.0
2024-07-29,1.38325,1.38652,1.38165,1.38523,0.0
2024-07-30,1.38558,1.38647,1.38381,1.38504,0.0
2024-07-31,1.38485,1.38588,1.37873,1.38082,0.0
2024-08-01,1.38079,1.38893,1.3796,1.38734,0.0
2024-08-02,1.38835,1.38917,1.38343,1.3873,0.0
2024-08-05,1.38697,1.39466,1.38095,1.38269,0.0
2024-08-06,1.38246,1.3856,1.37567,1.37848,0.0
2024-08-07,1.37844,1.37908,1.3721,1.37572,0.0
2024-08-08,1.37575,1.37657,1.37263,1.37351,0.0
2024-08-09,1.37329,1.37532,1.37182,1.37292,0.0
2024-08-12,1.3736,1.37479,1.37186,1.37426,0.0
2024-08-13,1.37486,1.37529,1.37055,1.3706,0.0
2024-08-14,1.37053,1.37247,1.3689,1.37144,0.0
2024-08-15,1.37153,1.37385,1.36955,1.37298,0.0
2024-08-16,1.37306,1.37371,1.36776,1.36778,0.0
2024-08-19,1.36832,1.3686,1.36299,1.36339,0.0
2024-08-20,1.36337,1.36415,1.36052,1.36195,0.0
2024-08-21,1.36205,1.36408,1.35757,1.35942,0.0
2024-08-22,1.35918,1.36188,1.35719,1.36154,0.0
2024-08-23,1.36148,1.36195,1.34987,1.35084,0.0
2024-08-26,1.35101,1.35248,1.34631,1.34853,0.0
2024-08-27,1.34877,1.3498,1.3443,1.34436,0.0
2024-08-28,1.34436,1.34882,1.34412,1.34808,0.0
2024-08-29,1.3481,1.34913,1.34501,1.34838,0.0
2024-08-30,1.34885,1.35096,1.34656,1.34943,0.0
2024-09-02,1.34875,1.35055,1.34846,1.34947,0.0
2024-09-03,1.34945,1.35626,1.34909,1.35505,0.0
2024-09-04,1.35511,1.35655,1.35001,1.35041,0.0
2024-09-05,1.35053,1.35253,1.34977,1.35033,0.0
2024-09-06,1.35036,1.35827,1.34664,1.35718,0.0
2024-09-09,1.35648,1.35773,1.35465,1.35592,0.0
2024-09-10,1.35578,1.36157,1.35532,1.36104,0.0
2024-09-11,1.36068,1.36229,1.3567,1.35756,0.0
2024-09-12,1.35751,1.36047,1.3565,1.35808,0.0
2024-09-13,1.35802,1.36004,1.35654,1.35856,0.0
2024-09-16,1.35977,1.36075,1.3567,1.3587,0.0
2024-09-17,1.35872,1.36172,1.35804,1.35975,0.0
2024-09-18,1.35971,1.3623,1.3541,1.36063,0.0
2024-09-19,1.36041,1.36476,1.35329,1.35579,0.0
2024-09-20,1.35577,1.35898,1.35419,1.35698,0.0
2024-09-23,1.35632,1.35824,1.34872,1.35438,0.0
2024-09-24,1.35406,1.35572,1.34308,1.3431,0.0
2024-09-25,1.34315,1.34915,1.34197,1.3485,0.0
2024-09-26,1.34801,1.34999,1.34575,1.34653,0.0
2024-09-27,1.34709,1.35266,1.34636,1.35154,0.0
2024-09-30,1.35116,1.35378,1.34896,1.35253,0.0
2024-10-01,1.35254,1.35397,1.34813,1.34896,0.0
2024-10-02,1.34907,1.35099,1.34725,1.35016,0.0
2024-10-03,1.35029,1.35597,1.34873,1.35553,0.0
2024-10-04,1.35558,1.35912,1.3527,1.35764,0.0
2024-10-07,1.35701,1.36396,1.35637,1.36216,0.0
2024-10-08,1.36179,1.36754,1.36111,1.36467,0.0
2024-10-09,1.36473,1.37189,1.3643,1.37111,0.0
2024-10-10,1.37119,1.37756,1.36887,1.37408,0.0
2024-10-11,1.37415,1.37839,1.37253,1.37636,0.0
2024-10-14,1.37586,1.38055,1.3757,1.37966,0.0
2024-10-15,1.37875,1.38388,1.37702,1.37747,0.0
2024-10-16,1.37746,1.37934,1.37497,1.37504,0.0
2024-10-17,1.37514,1.38014,1.37468,1.37954,0.0
2024-10-18,1.37953,1.38149,1.37858,1.38018,0.0
2024-10-21,1.38024,1.38496,1.37995,1.38317,0.0
2024-10-22,1.38312,1.38441,1.38138,1.38161,0.0
2024-10-23,1.38212,1.3863,1.38161,1.38372,0.0
2024-10-24,1.38361,1.38691,1.38127,1.3856,0.0
2024-10-25,1.38549,1.38976,1.38382,1.38923,0.0
2024-10-28,1.38873,1.39084,1.38824,1.38896,0.0
2024-10-29,1.38898,1.39298,1.38768,1.3916,0.0
2024-10-30,1.39141,1.39405,1.38952,1.39037,0.0
2024-10-31,1.3904,1.39454,1.38911,1.39342,0.0
2024-11-01,1.39338,1.39593,1.39027,1.39541,0.0
2024-11-04,1.39238,1.39283,1.38751,1.39025,0.0
2024-11-05,1.39012,1.39075,1.38226,1.38238,0.0
2024-11-06,1.38255,1.39587,1.38169,1.39383,0.0
2024-11-07,1.39387,1.39485,1.38423,1.38605,0.0
2024-11-08,1.38609,1.39282,1.38573,1.39086,0.0
2024-11-11,1.39125,1.39508,1.39052,1.39254,0.0
2024-11-12,1.39248,1.39677,1.39171,1.39442,0.0
2024-11-13,1.39444,1.40045,1.39302,1.39981,0.0
2024-11-14,1.39977,1.40646,1.39883,1.40604,0.0
2024-11-15,1.40558,1.41054,1.40334,1.40877,0.0
2024-11-18,1.40936,1.41027,1.40044,1.40145,0.0
2024-11-19,1.40144,1.40366,1.39555,1.39559,0.0
2024-11-20,1.39615,1.40145,1.39507,1.39754,0.0
2024-11-21,1.39754,1.39805,1.39314,1.39758,0.0
2024-11-22,1.39737,1.40209,1.39579,1.39796,0.0
2024-11-25,1.39529,1.40073,1.39278,1.39857,0.0
2024-11-26,1.39868,1.4178,1.3971,1.40547,0.0
2024-11-27,1.40539,1.40781,1.40095,1.403,0.0
2024-11-28,1.40304,1.40421,1.39986,1.40149,0.0
2024-11-29,1.40155,1.40457,1.39808,1.40022,0.0
2024-12-02,1.39905,1.40897,1.39895,1.40464,0.0
2024-12-03,1.40476,1.40759,1.40095,1.40696,0.0
2024-12-04,1.4068,1.40833,1.40522,1.40737,0.0
2024-12-05,1.40735,1.40834,1.40106,1.40244,0.0
2024-12-06,1.4017,1.41647,1.40112,1.41566,0.0
2024-12-09,1.41573,1.41751,1.40932,1.41721,0.0
2024-12-10,1.41715,1.41948,1.41557,1.41822,0.0
2024-12-11,1.41816,1.41937,1.412,1.41592,0.0
2024-12-12,1.41588,1.42279,1.41311,1.42215,0.0
2024-12-13,1.4219,1.42451,1.42029,1.4235,0.0
2024-12-16,1.42334,1.42725,1.4217,1.42436,0.0
2024-12-17,1.42404,1.43238,1.42322,1.43105,0.0
2024-12-18,1.43103,1.44496,1.43041,1.44482,0.0
2024-12-19,1.44476,1.44671,1.43445,1.44,0.0
2024-12-20,1.43991,1.44358,1.43358,1.43744,0.0
2024-12-23,1.43662,1.44336,1.43494,1.43729,0.0
2024-12-24,1.43703,1.44205,1.43477,1.43566,0.0
2024-12-25,1.43575,1.44315,1.429,1.43968,0.0
2024-12-26,1.4372,1.44209,1.43502,1.44072,0.0
2024-12-27,1.44073,1.44496,1.43751,1.44153,0.0
2024-12-30,1.44127,1.44328,1.43453,1.4355,0.0
2024-12-31,1.43643,1.44095,1.43383,1.4396,0.0
2025-01-01,1.43964,1.4433,1.43454,1.44025,0.0
2025-01-02,1.43861,1.44421,1.43695,1.44032,0.0
2025-01-03,1.44078,1.44637,1.43834,1.44485,0.0
2025-01-06,1.44482,1.44517,1.42801,1.43324,0.0
2025-01-07,1.43518,1.4373,1.4298,1.43708,0.0
2025-01-08,1.43664,1.44096,1.43393,1.43759,0.0
2025-01-09,1.43812,1.44047,1.43655,1.43937,0.0
2025-01-10,1.43945,1.44427,1.43758,1.44277,0.0
2025-01-13,1.44273,1.44474,1.43755,1.43785,0.0
2025-01-14,1.4378,1.44104,1.43433,1.4349,0.0
2025-01-15,1.43493,1.43668,1.43021,1.43399,0.0
2025-01-16,1.43463,1.44032,1.43124,1.43942,0.0
2025-01-17,1.4394,1.44845,1.43713,1.44808,0.0
2025-01-20,1.44649,1.4486,1.42614,1.43109,0.0
2025-01-21,1.43074,1.45172,1.42895,1.43244,0.0
2025-01-22,1.43214,1.43913,1.43014,1.43782,0.0
2025-01-23,1.43778,1.44137,1.43344,1.43854,0.0
2025-01-24,1.43827,1.43855,1.43153,1.43454,0.0
2025-01-27,1.43669,1.44016,1.43337,1.43728,0.0
2025-01-28,1.43725,1.44199,1.43586,1.44019,0.0
2025-01-29,1.4403,1.44719,1.43897,1.442,0.0
2025-01-30,1.44195,1.45959,1.43931,1.44902,0.0
2025-01-31,1.44915,1.45606,1.4373,1.45303,0.0
2025-02-03,1.4739,1.47935,1.43901,1.44331,0.0
2025-02-04,1.44244,1.45032,1.43017,1.43165,0.0
2025-02-05,1.43235,1.43445,1.42702,1.43149,0.0
2025-02-06,1.43125,1.43669,1.43013,1.43047,0.0
2025-02-07,1.43056,1.43453,1.42737,1.42925,0.0
2025-02-10,1.4363,1.43812,1.43052,1.43162,0.0
2025-02-11,1.43167,1.43459,1.42792,1.42841,0.0
2025-02-12,1.42865,1.43426,1.42557,1.43099,0.0
2025-02-13,1.43095,1.43103,1.41834,1.41934,0.0
2025-02-14,1.41925,1.42018,1.41511,1.41796,0.0
2025-02-17,1.41715,1.41942,1.416,1.4184,0.0
2025-02-18,1.41843,1.42129,1.41784,1.4194,0.0
2025-02-19,1.41985,1.42456,1.41754,1.42403,0.0
2025-02-20,1.42375,1.42448,1.41667,1.41755,0.0
2025-02-21,1.41753,1.42364,1.41685,1.42252,0.0
2025-02-24,1.42271,1.4268,1.41823,1.42587,0.0
2025-02-25,1.42606,1.43191,1.42402,1.43191,0.0
2025-02-26,1.43143,1.43685,1.42944,1.43364,0.0
2025-02-27,1.43405,1.4449,1.43221,1.44363,0.0
2025-02-28,1.44375,1.44725,1.44002,1.44655,0.0
2025-03-03,1.44473,1.45418,1.43703,1.44824,0.0
2025-03-04,1.44808,1.45425,1.43705,1.4397,0.0
2025-03-05,1.43917,1.44501,1.43307,1.43435,0.0
2025-03-06,1.43378,1.43768,1.42393,1.42944,0.0
2025-03-07,1.42953,1.44266,1.42795,1.43803,0.0
2025-03-10,1.43683,1.44727,1.43527,1.44392,0.0
2025-03-11,1.44373,1.45211,1.43801,1.44353,0.0
2025-03-12,1.44355,1.4485,1.43535,1.43726,0.0
2025-03-13,1.43703,1.44518,1.43593,1.44429,0.0
2025-03-14,1.44383,1.44743,1.43553,1.43673,0.0
2025-03-17,1.43796,1.43851,1.42757,1.42849,0.0
2025-03-18,1.42877,1.43195,1.42689,1.42985,0.0
2025-03-19,1.43044,1.43494,1.42957,1.43268,0.0
2025-03-20,1.43263,1.44017,1.43129,1.43225,0.0
2025-03-21,1.4325,1.43727,1.43138,1.43562,0.0
2025-03-24,1.4355,1.43555,1.42891,1.43198,0.0
2025-03-25,1.43179,1.43328,1.42714,1.42774,0.0
2025-03-26,1.42821,1.42986,1.42355,1.42689,0.0
2025-03-27,1.42663,1.43293,1.42598,1.4305,0.0
2025-03-28,1.43059,1.43332,1.42765,1.4319,0.0
2025-03-31,1.43089,1.4396,1.42993,1.43893,0.0
2025-04-01,1.43885,1.44154,1.42986,1.43044,0.0
2025-04-02,1.43035,1.43658,1.42312,1.42465,0.0
2025-04-03,1.42354,1.43194,1.40276,1.40982,0.0
2025-04-04,1.40973,1.42588,1.4054,1.42312,0.0
2025-04-07,1.42643,1.42964,1.41799,1.4249,0.0
2025-04-08,1.42473,1.42721,1.41438,1.42626,0.0
2025-04-09,1.42665,1.42742,1.40752,1.40775,0.0
2025-04-10,1.4082,1.4111,1.39513,1.39843,0.0
2025-04-11,1.39809,1.40001,1.38392,1.38609,0.0
2025-04-14,1.386,1.39106,1.38288,1.38733,0.0
2025-04-15,1.38745,1.39775,1.38499,1.3962,0.0
2025-04-16,1.39527,1.39751,1.38555,1.38573,0.0
2025-04-17,1.3859,1.3906,1.38287,1.38342,0.0
2025-04-18,1.38317,1.38694,1.38317,1.38503,0.0
2025-04-21,1.38506,1.3852,1.37816,1.38409,0.0
2025-04-22,1.3843,1.38615,1.37934,1.38149,0.0
2025-04-23,1.38125,1.39048,1.37981,1.38814,0.0
2025-04-24,1.38815,1.38987,1.38398,1.38542,0.0
2025-04-25,1.38555,1.38927,1.38435,1.38531,0.0
2025-04-28,1.3868,1.38925,1.38167,1.38277,0.0
2025-04-29,1.38295,1.38717,1.38087,1.38335,0.0
2025-04-30,1.38357,1.3858,1.37703,1.37978,0.0
2025-05-01,1.3797,1.38625,1.37844,1.38539,0.0
2025-05-02,1.38538,1.38618,1.37602,1.38174,0.0
2025-05-05,1.37987,1.38297,1.37867,1.38245,0.0
2025-05-06,1.38243,1.38451,1.37506,1.37759,0.0
2025-05-07,1.37765,1.3839,1.37637,1.38387,0.0
2025-05-08,1.38349,1.39332,1.38138,1.3923,0.0
2025-05-09,1.3923,1.39448,1.39067,1.39386,0.0
2025-05-12,1.38998,1.40159,1.38975,1.39747,0.0
2025-05-13,1.39745,1.40163,1.39311,1.39364,0.0
2025-05-14,1.39363,1.39863,1.39022,1.39834,0.0
2025-05-15,1.39839,1.40049,1.39558,1.39593,0.0
2025-05-16,1.39606,1.39957,1.39353,1.39687,0.0
2025-05-19,1.3973,1.39738,1.39174,1.39505,0.0
2025-05-20,1.39425,1.39688,1.39089,1.39157,0.0
2025-05-21,1.39172,1.39235,1.38142,1.38593,0.0
2025-05-22,1.38615,1.38895,1.38463,1.38576,0.0
2025-05-23,1.38565,1.38685,1.37095,1.37345,0.0
2025-05-26,1.37329,1.37433,1.36864,1.37367,0.0
2025-05-27,1.37375,1.38361,1.37222,1.38139,0.0
2025-05-28,1.38095,1.38447,1.38016,1.38378,0.0
2025-05-29,1.38356,1.3862,1.37855,1.38079,0.0
2025-05-30,1.38086,1.38301,1.37139,1.37439,0.0
2025-06-02,1.37397,1.37419,1.36743,1.37125,0.0
2025-06-03,1.37125,1.37429,1.37011,1.37206,0.0
2025-06-04,1.372,1.37317,1.36527,1.36798,0.0
2025-06-05,1.3677,1.36843,1.36346,1.3675,0.0
2025-06-06,1.36761,1.37044,1.36604,1.36942,0.0
2025-06-09,1.36948,1.37076,1.36697,1.36992,0.0
2025-06-10,1.37015,1.37287,1.36681,1.36706,0.0
2025-06-11,1.36716,1.36902,1.36499,1.36722,0.0
2025-06-12,1.36735,1.36771,1.35995,1.36025,0.0
2025-06-13,1.3603,1.36519,1.35666,1.35838,0.0
2025-06-16,1.3588,1.36071,1.354,1.35709,0.0
2025-06-17,1.35693,1.36937,1.35569,1.36798,0.0
2025-06-18,1.36654,1.37033,1.36346,1.36919,0.0
2025-06-19,1.36896,1.37464,1.36825,1.37008,0.0
2025-06-20,1.37121,1.37474,1.36875,1.37345,0.0
2025-06-23,1.37561,1.37986,1.37251,1.37355,0.0
2025-06-24,1.37338,1.37391,1.36789,1.37252,0.0
2025-06-25,1.37207,1.37547,1.37013,1.37256,0.0
2025-06-26,1.37214,1.37314,1.36179,1.36409,0.0
2025-06-27,1.36427,1.37588,1.36278,1.36801,0.0
2025-06-30,1.36935,1.36994,1.36002,1.36075,0.0
2025-07-01,1.36053,1.36672,1.35914,1.36467,0.0
2025-07-02,1.36457,1.36591,1.35837,1.35932,0.0
2025-07-03,1.35864,1.36244,1.35574,1.35854,0.0
2025-07-04,1.35826,1.36173,1.35667,1.36037,0.0
2025-07-07,1.35959,1.36856,1.35933,1.36832,0.0
2025-07-08,1.36814,1.36945,1.36388,1.36627,0.0
2025-07-09,1.36611,1.37102,1.36599,1.36864,0.0
2025-07-10,1.36885,1.37084,1.36543,1.36545,0.0
2025-07-11,1.36554,1.37308,1.36523,1.369,0.0
2025-07-14,1.37025,1.37095,1.367,1.37047,0.0
2025-07-15,1.37042,1.37299,1.36716,1.37226,0.0
2025-07-16,1.37229,1.37554,1.36801,1.36808,0.0
2025-07-17,1.36845,1.37745,1.36805,1.37532,0.0
2025-07-18,1.37528,1.3758,1.36957,1.37231,0.0
2025-07-21,1.37166,1.37348,1.36777,1.36822,0.0
2025-07-22,1.3682,1.36956,1.3603,1.36058,0.0
2025-07-23,1.36063,1.36291,1.35757,1.35967,0.0
2025-07-24,1.35968,1.36547,1.35917,1.36381,0.0
2025-07-25,1.36363,1.37257,1.3635,1.3704,0.0
2025-07-28,1.37101,1.37425,1.36889,1.37386,0.0
2025-07-29,1.3739,1.37885,1.37291,1.37718,0.0
2025-07-30,1.37685,1.38452,1.37588,1.38312,0.0
2025-07-31,1.38286,1.38586,1.38138,1.38569,0.0
2025-08-01,1.38499,1.38794,1.37633,1.37887,0.0
2025-08-04,1.37799,1.37952,1.37585,1.37792,0.0
2025-08-05,1.37795,1.38105,1.37636,1.37715,0.0
2025-08-06,1.3773,1.37805,1.37356,1.37403,0.0
2025-08-07,1.37412,1.37739,1.37219,1.3749,0.0
2025-08-08,1.37471,1.37643,1.37258,1.37551,0.0
2025-08-11,1.37531,1.37956,1.37452,1.37776,0.0
2025-08-12,1.37799,1.38061,1.37542,1.37725,0.0
2025-08-13,1.37719,1.37818,1.37519,1.37586,0.0
2025-08-14,1.37586,1.38205,1.37447,1.38175,0.0
2025-08-15,1.38169,1.38225,1.37877,1.38194,0.0
2025-08-18,1.38135,1.38313,1.37832,1.38026,0.0
2025-08-19,1.38035,1.38705,1.37966,1.38685,0.0
2025-08-20,1.38685,1.38836,1.38537,1.38744,0.0
2025-08-21,1.38748,1.39126,1.3869,1.39104,0.0
2025-08-22,1.39106,1.39249,1.38147,1.38272,0.0
2025-08-25,1.3824,1.3864,1.38171,1.38599,0.0
2025-08-26,1.38585,1.38679,1.38224,1.38398,0.0
2025-08-27,1.38378,1.38578,1.37829,1.37926,0.0
2025-08-28,1.37935,1.37941,1.37414,1.37491,0.0
2025-08-29,1.37485,1.37793,1.37268,1.3743,0.0
2025-09-01,1.3737,1.3762,1.37326,1.37505,0.0
2025-09-02,1.37515,1.3815,1.37456,1.37829,0.0
2025-09-03,1.37805,1.38079,1.37765,1.37931,0.0
2025-09-04,1.37925,1.38454,1.37915,1.38191,0.0
2025-09-05,1.38195,1.38544,1.37587,1.38286,0.0
2025-09-08,1.38344,1.38446,1.37884,1.38035,0.0
2025-09-09,1.3803,1.386,1.37936,1.38437,0.0
2025-09-10,1.38442,1.38701,1.38308,1.38645,0.0
2025-09-11,1.38655,1.38911,1.38262,1.38335,0.0
2025-09-12,1.38323,1.38637,1.38312,1.38465,0.0
2025-09-15,1.38413,1.38475,1.37671,1.37783,0.0
2025-09-16,1.37783,1.37831,1.37343,1.37389,0.0
2025-09-17,1.37402,1.37869,1.37269,1.37742,0.0
2025-09-18,1.37735,1.38099,1.37663,1.37967,0.0
2025-09-19,1.37955,1.38253,1.37692,1.37799,0.0
2025-09-22,1.37817,1.38319,1.37787,1.38178,0.0
2025-09-23,1.38185,1.38501,1.38118,1.38352,0.0
2025-09-24,1.3836,1.3907,1.38319,1.38962,0.0
2025-09-25,1.38967,1.39496,1.38853,1.39403,0.0
2025-09-26,1.39333,1.39587,1.39121,1.39446,0.0
2025-09-29,1.39345,1.39475,1.39035,1.39147,0.0
2025-09-30,1.39147,1.39357,1.38966,1.39205,0.0
2025-10-01,1.39203,1.39568,1.39071,1.39348,0.0
2025-10-02,1.39384,1.39864,1.39326,1.39674,0.0
2025-10-03,1.39682,1.39725,1.39397,1.39494,0.0
2025-10-06,1.39555,1.39681,1.39399,1.39425,0.0
2025-10-07,1.39435,1.39628,1.3939,1.39502,0.0
2025-10-08,1.39489,1.3971,1.39318,1.39526,0.0
2025-10-09,1.39526,1.4034,1.39337,1.4021,0.0
2025-10-10,1.40226,1.40341,1.39764,1.40034,0.0
2025-10-13,1.39948,1.40395,1.39831,1.40395,0.0
2025-10-14,1.40353,1.40801,1.40252,1.40455,0.0
2025-10-15,1.40444,1.40599,1.40268,1.40424,0.0
2025-10-16,1.40435,1.40608,1.40226,1.40549,0.0
2025-10-17,1.40555,1.40673,1.4008,1.4023,0.0
2025-10-20,1.40195,1.4051,1.40058,1.40395,0.0
2025-10-21,1.40361,1.40658,1.40034,1.40235,0.0
2025-10-22,1.40222,1.40323,1.39759,1.39953,0.0
2025-10-23,1.39958,1.40048,1.39799,1.39935,0.0
2025-10-24,1.39924,1.4039,1.39735,1.40026,0.0
2025-10-27,1.4008,1.40108,1.39704,1.39901,0.0
2025-10-28,1.399,1.40055,1.39335,1.39462,0.0
2025-10-29,1.39462,1.39551,1.38881,1.39424,0.0
2025-10-30,1.39429,1.40144,1.39273,1.39851,0.0
2025-10-31,1.39856,1.40354,1.39792,1.40108,0.0
2025-11-03,1.4015,1.40755,1.40087,1.40565,0.0
2025-11-04,1.40577,1.41078,1.40543,1.41045,0.0
2025-11-05,1.41055,1.41405,1.40992,1.41087,0.0
2025-11-06,1.41095,1.41401,1.40903,1.41173,0.0
2025-11-07,1.41178,1.41265,1.40275,1.40449,0.0
2025-11-10,1.4057,1.40575,1.40012,1.40215,0.0
2025-11-11,1.40225,1.40412,1.40021,1.40196,0.0
2025-11-12,1.40193,1.40225,1.39902,1.40061,0.0
2025-11-13,1.40054,1.40379,1.39854,1.40355,0.0
2025-11-14,1.40305,1.40454,1.40143,1.40237,0.0
2025-11-17,1.40226,1.40598,1.40164,1.40555,0.0
2025-11-18,1.40516,1.40623,1.39714,1.39915,0.0
2025-11-19,1.39905,1.40654,1.39831,1.40505,0.0
2025-11-20,1.405,1.41072,1.40401,1.40995,0.0
2025-11-21,1.40965,1.41309,1.40817,1.41013,0.0
2025-11-24,1.40985,1.41186,1.40917,1.41071,0.0
2025-11-25,1.411,1.41249,1.409,1.40988,0.0
2025-11-26,1.4098,1.41065,1.40348,1.40425,0.0
2025-11-27,1.4044,1.40509,1.4028,1.40313,0.0
2025-11-28,1.40306,1.40515,1.39383,1.39797,0.0
2025-12-01,1.3978,1.40017,1.39548,1.39982,0.0
2025-12-02,1.39989,1.40147,1.39674,1.39687,0.0
2025-12-03,1.39686,1.39765,1.39386,1.39501,0.0
2025-12-04,1.395,1.39772,1.39256,1.39585,0.0
2025-12-05,1.39578,1.39616,1.38178,1.38179,0.0
2025-12-08,1.38305,1.38597,1.38001,1.38585,0.0
2025-12-09,1.38551,1.38611,1.38236,1.38465,0.0
2025-12-10,1.38453,1.38716,1.37839,1.3793,0.0
2025-12-11,1.37915,1.3823,1.37567,1.37702,0.0
2025-12-12,1.37705,1.37948,1.37535,1.37707,0.0
2025-12-15,1.37695,1.37886,1.37478,1.37678,0.0
2025-12-16,1.37689,1.37813,1.37305,1.37534,0.0
2025-12-17,1.37535,1.37982,1.37508,1.37872,0.0
2025-12-18,1.37862,1.37963,1.37562,1.37789,0.0
2025-12-19,1.3777,1.3806,1.37553,1.38015,0.0
2025-12-22,1.37965,1.38063,1.37359,1.37485,0.0
2025-12-23,1.37479,1.3762,1.36859,1.36875,0.0
2025-12-24,1.36865,1.36997,1.36652,1.36764,0.0
2025-12-25,1.3677,1.37015,1.36642,1.36985,0.0
2025-12-26,1.37015,1.37035,1.36425,1.36709,0.0
2025-12-29,1.36642,1.37013,1.36577,1.36905,0.0
2025-12-30,1.3692,1.37088,1.36787,1.36975,0.0
2025-12-31,1.36968,1.37283,1.36883,1.37256,0.0
2026-01-01,1.3714,1.37256,1.37135,1.37167,0.0
2026-01-02,1.37165,1.37478,1.37005,1.37326,0.0
2026-01-05,1.37376,1.38155,1.3736,1.37725,0.0
2026-01-06,1.37745,1.38172,1.37517,1.38139,0.0
2026-01-07,1.38151,1.38629,1.37903,1.3861,0.0
2026-01-08,1.38639,1.38886,1.38509,1.38665,0.0
2026-01-09,1.38655,1.39199,1.38617,1.39158,0.0
2026-01-12,1.3915,1.3918,1.38674,1.38815,0.0
2026-01-13,1.38805,1.38982,1.38557,1.3891,0.0
2026-01-14,1.3889,1.38978,1.38664,1.38835,0.0
2026-01-15,1.38818,1.39197,1.38748,1.38915,0.0
2026-01-16,1.38885,1.39288,1.38844,1.39157,0.0
2026-01-19,1.39145,1.39184,1.38599,1.38699,0.0
2026-01-20,1.38698,1.38792,1.38144,1.3838,0.0
2026-01-21,1.38334,1.3843,1.37857,1.38345,0.0
2026-01-22,1.38355,1.38449,1.3783,1.37865,0.0
2026-01-23,1.37875,1.37998,1.3694,1.3701,0.0
2026-01-26,1.36985,1.37199,1.36717,1.37105,0.0
2026-01-27,1.37046,1.37395,1.35592,1.35785,0.0
2026-01-28,1.35755,1.36148,1.3536,1.35583,0.0
2026-01-29,1.35575,1.35815,1.34847,1.34905,0.0
2026-01-30,1.34901,1.36246,1.34813,1.36186,0.0
2026-02-02,1.3611,1.37028,1.36051,1.36814,0.0
2026-02-03,1.36815,1.36861,1.36326,1.36419,0.0
2026-02-04,1.36425,1.36843,1.36288,1.3664,0.0
2026-02-05,1.36621,1.37125,1.36525,1.37125,0.0
2026-02-06,1.37135,1.37247,1.36245,1.36748,0.0
2026-02-09,1.3675,1.36755,1.35528,1.35564,0.0
2026-02-10,1.35584,1.3581,1.35234,1.35525,0.0
2026-02-11,1.35573,1.36189,1.35044,1.35775,0.0
2026-02-12,1.35765,1.36359,1.35558,1.36082,0.0
2026-02-13,1.36101,1.36376,1.35936,1.36181,0.0
2026-02-16,1.361,1.36405,1.36037,1.36367,0.0
2026-02-17,1.36364,1.36928,1.36288,1.36355,0.0
2026-02-18,1.36375,1.37005,1.36325,1.3696,0.0
2026-02-19,1.36958,1.37148,1.36687,1.36825,0.0
2026-02-20,1.36805,1.37108,1.36692,1.36813,0.0
2026-02-23,1.36745,1.3704,1.36488,1.36966,0.0
2026-02-24,1.36968,1.37249,1.36916,1.3699,0.0
2026-02-25,1.36998,1.37077,1.36729,1.36749,0.0
2026-02-26,1.36785,1.37125,1.36594,1.36815,0.0
2026-02-27,1.36761,1.36885,1.36253,1.36421,0.0
2026-03-02,1.3653,1.37188,1.36368,1.36758,0.0
2026-03-03,1.36771,1.37528,1.36534,1.36808,0.0
2026-03-04,1.36789,1.37003,1.3627,1.36426,0.0
2026-03-05,1.36454,1.37165,1.36151,1.36771,0.0
2026-03-06,1.36752,1.36827,1.35665,1.35731,0.0
2026-03-09,1.36016,1.36072,1.35256,1.35874,0.0
2026-03-10,1.35876,1.36036,1.35419,1.35803,0.0
2026-03-11,1.35807,1.36055,1.3555,1.35932,0.0
2026-03-12,1.35931,1.36429,1.35768,1.3641,0.0
2026-03-13,1.36416,1.37429,1.36212,1.37335,0.0
2026-03-16,1.37255,1.37311,1.36532,1.36866,0.0
2026-03-17,1.36862,1.37226,1.36802,1.36911,0.0
2026-03-18,1.36921,1.37391,1.36863,1.37324,0.0
2026-03-19,1.37318,1.37486,1.37033,1.37389,0.0
2026-03-20,1.37389,1.37486,1.36997,1.37259,0.0
2026-03-23,1.372,1.37561,1.36703,1.37265,0.0
2026-03-24,1.37268,1.37875,1.37146,1.37646,0.0
2026-03-25,1.37637,1.38207,1.37495,1.3811,0.0
2026-03-26,1.38109,1.38677,1.38023,1.38615,0.0
2026-03-27,1.38612,1.38995,1.38454,1.38947,0.0
2026-03-30,1.38831,1.3946,1.38809,1.39266,0.0
2026-03-31,1.39247,1.39665,1.39053,1.39147,0.0
2026-04-01,1.39159,1.39208,1.38722,1.38764,0.0
2026-04-02,1.38744,1.39344,1.38691,1.39208,0.0
2026-04-03,1.39193,1.39607,1.38995,1.3946,0.0
2026-04-06,1.394,1.39499,1.39025,1.39112,0.0
2026-04-07,1.3913,1.39315,1.38841,1.38855,0.0
2026-04-08,1.38855,1.39001,1.38236,1.38461,0.0
2026-04-09,1.38463,1.3861,1.38047,1.38154,0.0
2026-04-10,1.38165,1.38456,1.37993,1.38437,0.0
2026-04-13,1.38635,1.38783,1.37862,1.37921,0.0
2026-04-14,1.37941,1.37988,1.37311,1.37685,0.0
2026-04-15,1.37667,1.37884,1.37259,1.3741,0.0
2026-04-16,1.37402,1.37438,1.36955,1.37038,0.0
2026-04-17,1.37048,1.37118,1.36491,1.36922,0.0
2026-04-20,1.3685,1.37109,1.36342,1.36465,0.0
2026-04-21,1.36441,1.36771,1.36317,1.3664,0.0
2026-04-22,1.36621,1.36752,1.36435,1.36715,0.0
2026-04-23,1.36717,1.37144,1.36603,1.37005,0.0
2026-04-24,1.37006,1.37156,1.36621,1.36715,0.0
2026-04-27,1.36816,1.36827,1.35971,1.36267,0.0
2026-04-28,1.36275,1.36921,1.36119,1.36822,0.0
2026-04-29,1.36848,1.3711,1.36674,1.36856,0.0
2026-04-30,1.36846,1.36945,1.35803,1.35816,0.0
2026-05-01,1.35813,1.35953,1.35506,1.35916,0.0
2026-05-04,1.359,1.36277,1.35792,1.36259,0.0
2026-05-05,1.3625,1.36314,1.36036,1.36195,0.0
2026-05-06,1.36187,1.36426,1.35786,1.3634,0.0
2026-05-07,1.36297,1.36677,1.36194,1.36656,0.0
2026-05-08,1.36655,1.37109,1.36429,1.36761,0.0
2026-05-11,1.368,1.36968,1.36472,1.36771,0.0
2026-05-12,1.36789,1.37259,1.36635,1.36965,0.0
2026-05-13,1.36963,1.37193,1.36836,1.37071,0.0
2026-05-14,1.3709,1.37391,1.37014,1.37196,0.0
2026-05-15,1.37212,1.37684,1.37153,1.37505,0.0
2026-05-18,1.37503,1.37646,1.37324,1.37398,0.0
2026-05-19,1.374,1.37751,1.37363,1.37444,0.0
2026-05-20,1.37463,1.37808,1.37311,1.37454,0.0
2026-05-21,1.37457,1.38017,1.37291,1.3777,0.0
2026-05-22,1.3775,1.38265,1.37722,1.38207,0.0
2026-05-25,1.38095,1.38217,1.37941,1.38029,0.0
2026-05-26,1.38029,1.38217,1.37893,1.38125,0.0
2026-05-27,1.38121,1.38524,1.38036,1.38401,0.0
2026-05-28,1.38388,1.38716,1.37731,1.37839,0.0
2026-05-29,1.37854,1.38295,1.37703,1.37979,0.0
2026-06-01,1.38002,1.38504,1.37893,1.38414,0.0
2026-06-02,1.38341,1.38552,1.38151,1.38392,0.0
2026-06-03,1.38394,1.39005,1.38322,1.38975,0.0
2026-06-04,1.38968,1.39266,1.38812,1.39092,0.0
2026-06-05,1.39105,1.39519,1.38669,1.39392,0.0
2026-06-08,1.39375,1.39613,1.39265,1.39537,0.0
2026-06-09,1.39529,1.39695,1.39192,1.39502,0.0
2026-06-10,1.39432,1.39596,1.38992,1.39432,0.0
2026-06-11,1.39435,1.4024,1.39315,1.39675,0.0
2026-06-12,1.39619,1.39968,1.39516,1.399,0.0
2026-06-15,1.39915,1.39958,1.39508,1.3991,0.0
2026-06-16,1.39883,1.40204,1.39802,1.39955,0.0
2026-06-17,1.39965,1.4123,1.39874,1.41004,0.0
2026-06-18,1.41014,1.41473,1.40944,1.41378,0.0
2026-06-19,1.41301,1.41844,1.41034,1.41531,0.0
2026-06-22,1.4166,1.41935,1.41453,1.41593,0.0
2026-06-23,1.41596,1.42187,1.41511,1.42104,0.0
2026-06-24,1.42099,1.42481,1.41824,1.42359,0.0
2026-06-25,1.42336,1.42483,1.41776,1.42017,0.0
2026-06-26,1.42019,1.42101,1.41693,1.41955,0.0
2026-06-29,1.4193,1.42197,1.41754,1.42107,0.0
2026-06-30,1.42109,1.42477,1.41786,1.41973,0.0
2026-07-01,1.41945,1.42369,1.41886,1.42161,0.0
2026-07-02,1.42157,1.42359,1.41503,1.41818,0.0
2026-07-03,1.41844,1.42116,1.41593,1.41995,0.0
2026-07-06,1.4194,1.4239,1.41905,1.42049,0.0
2026-07-07,1.42058,1.42268,1.41834,1.42007,0.0
2026-07-08,1.42004,1.42137,1.41543,1.41732,0.0
2026-07-09,1.41665,1.41896,1.41503,1.41687,0.0
2026-07-10,1.4167,1.41824,1.41173,1.41543,0.0
2026-07-13,1.41575,1.41754,1.41252,1.41567,0.0
2026-07-14,1.41555,1.41593,1.40478,1.40601,0.0
2026-07-15,1.40664,1.40845,1.40248,1.40413,0.0
2026-07-16,1.40361,1.40598,1.40106,1.40421,0.0
2026-07-17,1.4042,1.40588,1.40056,1.40213,0.0
2026-07-20,1.40145,1.40735,1.40034,1.40699,0.0
2026-07-21,1.40701,1.41123,1.40545,1.41081,0.0
2026-07-22,1.41096,1.41135,1.40767,1.40874,0.0
2026-07-23,1.40875,1.41004,1.40567,1.4085,0.0
2026-07-24,1.40849,1.41146,1.40664,1.40944,0.0
2026-07-27,1.40896,1.41277,1.40707,1.41246,0.0
2026-07-28,1.41244,1.41305,1.40862,1.41076,0.0
2026-07-29,1.41057,1.41114,1.40234,1.4048,0.0
2026-07-30,1.40478,1.40687,1.39909,1.40106,0.0
2026-07-31,1.40135,1.40587,1.40026,1.40223,0.0
2026-08-03,1.40128,1.40548,1.39958,1.40463,0.0
2026-08-04,1.40464,1.40806,1.40351,1.40618,0.0
2026-08-05,1.40628,1.40815,1.40049,1.40116,0.0
2026-08-06,1.4011,1.40381,1.39906,1.40138,0.0
2026-08-07,1.40137,1.40305,1.39257,1.39412,0.0
2026-08-10,1.39505,1.39655,1.39267,1.39405,0.0
2026-08-11,1.39406,1.3948,1.3915,1.39252,0.0
2026-08-12,1.39238,1.3948,1.39072,1.39399,0.0
2026-08-13,1.39425,1.39587,1.39281,1.39315,0.0
2026-08-14,1.39325,1.39402,1.38644,1.38744,0.0
2026-08-17,1.38755,1.38783,1.38448,1.38755,0.0
2026-08-18,1.38753,1.39111,1.3861,1.38985,0.0
2026-08-19,1.38976,1.39092,1.38035,1.38085,0.0
2026-08-20,1.38074,1.38151,1.3756,1.37896,0.0
2026-08-21,1.37915,1.37925,1.37322,1.37675,0.0
2026-08-24,1.38105,1.3861,1.3783,1.38437,0.0
2026-08-25,1.38455,1.38677,1.38255,1.38405,0.0
2026-08-26,1.38337,1.38937,1.38322,1.38765,0.0
2026-08-27,1.38775,1.38918,1.38524,1.38543,0.0
2026-08-28,1.38553,1.39111,1.38429,1.39034,0.0
2026-08-31,1.39115,1.3915,1.3853,1.38543,0.0
2026-09-01,1.38562,1.39082,1.38454,1.38962,0.0
2026-09-02,1.3896,1.39412,1.38341,1.38438,0.0
2026-09-03,1.3844,1.38495,1.37653,1.3796,0.0
2026-09-04,1.37941,1.38725,1.37851,1.38361,0.0
2026-09-07,1.38358,1.38428,1.3805,1.38151,0.0
2026-09-08,1.38145,1.38226,1.37598,1.37838,0.0
2026-09-09,1.37836,1.38207,1.37661,1.38045,0.0
2026-09-10,1.38064,1.38408,1.37992,1.38329,0.0
2026-09-11,1.38332,1.3886,1.38257,1.38725,0.0
2026-09-14,1.38635,1.39305,1.38635,1.39013,0.0
2026-09-15,1.39035,1.39296,1.38973,1.39196,0.0
2026-09-16,1.39215,1.39968,1.39148,1.3987,0.0
2026-09-17,1.399,1.40036,1.39733,1.39919,0.0
2026-09-18,1.39912,1.40155,1.39762,1.39851,0.0
2026-09-21,1.399,1.40401,1.39821,1.40341,0.0
2026-09-22,1.40361,1.40855,1.40204,1.40654,0.0
2026-09-23,1.40637,1.41104,1.40577,1.41029,0.0
2026-09-24,1.41014,1.41503,1.40959,1.41378,0.0
2026-09-25,1.41363,1.41563,1.41193,1.41433,0.0
2026-09-28,1.41425,1.41786,1.41414,1.41744,0.0
2026-09-29,1.41745,1.41764,1.41663,1.41725,0.0
