date,open,high,low,close,volume
2006-10-09,1.2602,1.2619,1.259,1.2612,0.0
2006-10-10,1.2617,1.2704,1.2598,1.2695,0.0
2006-10-11,1.2697,1.2743,1.2687,1.2725,0.0
2006-10-12,1.2725,1.2733,1.2676,1.2687,0.0
2006-10-13,1.2687,1.2768,1.2665,1.2727,0.0
2006-10-16,1.2732,1.2753,1.2692,1.2704,0.0
2006-10-17,1.2706,1.271,1.2638,1.2679,0.0
2006-10-18,1.2681,1.2739,1.2656,1.2701,0.0
2006-10-19,1.2701,1.2704,1.2547,1.2574,0.0
2006-10-20,1.2576,1.2601,1.2555,1.2586,0.0
2006-10-23,1.2575,1.2687,1.2574,1.2663,0.0
2006-10-24,1.2663,1.2701,1.264,1.2666,0.0
2006-10-25,1.2667,1.2674,1.2623,1.2648,0.0
2006-10-26,1.2649,1.2651,1.2521,1.2531,0.0
2006-10-27,1.2533,1.2569,1.2465,1.2483,0.0
2006-10-30,1.2487,1.2506,1.2468,1.2483,0.0
2006-10-31,1.2482,1.2527,1.2413,1.2438,0.0
2006-11-01,1.2438,1.2459,1.2403,1.2454,0.0
2006-11-02,1.2454,1.2475,1.243,1.2451,0.0
2006-11-03,1.2452,1.257,1.2445,1.2533,0.0
2006-11-06,1.2533,1.2577,1.2525,1.2553,0.0
2006-11-07,1.2554,1.2554,1.2439,1.2493,0.0
2006-11-08,1.2492,1.2521,1.245,1.2511,0.0
2006-11-09,1.251,1.2519,1.2403,1.2428,0.0
2006-11-10,1.2428,1.243,1.2345,1.2414,0.0
2006-11-13,1.2392,1.2458,1.2356,1.2445,0.0
2006-11-14,1.2446,1.2469,1.2384,1.2435,0.0
2006-11-15,1.2437,1.2519,1.243,1.2455,0.0
2006-11-16,1.2455,1.2491,1.2439,1.2477,0.0
2006-11-17,1.2476,1.2535,1.242,1.2435,0.0
2006-11-20,1.2437,1.2449,1.2395,1.2439,0.0
2006-11-21,1.2439,1.245,1.2397,1.241,0.0
2006-11-22,1.2411,1.2412,1.2254,1.2264,0.0
2006-11-23,1.2265,1.2278,1.2206,1.224,0.0
2006-11-24,1.2243,1.2245,1.2071,1.2087,0.0
2006-11-27,1.2026,1.2109,1.2024,1.2065,0.0
2006-11-28,1.2063,1.2091,1.2014,1.2026,0.0
2006-11-29,1.2025,1.2117,1.201,1.2095,0.0
2006-11-30,1.2094,1.2103,1.1959,1.1979,0.0
2006-12-01,1.1981,1.2005,1.1898,1.1931,0.0
2006-12-04,1.194,1.1987,1.1927,1.1928,0.0
2006-12-05,1.193,1.1964,1.1877,1.1922,0.0
2006-12-06,1.1922,1.1987,1.1907,1.1957,0.0
2006-12-07,1.1958,1.1966,1.1915,1.1952,0.0
2006-12-08,1.1953,1.2059,1.188,1.2048,0.0
2006-12-11,1.2065,1.2096,1.1998,1.2028,0.0
2006-12-12,1.2028,1.2056,1.1983,1.1994,0.0
2006-12-13,1.1994,1.2082,1.1988,1.2064,0.0
2006-12-14,1.2063,1.2158,1.2026,1.2144,0.0
2006-12-15,1.2144,1.2229,1.2115,1.2208,0.0
2006-12-18,1.2213,1.2268,1.2183,1.2223,0.0
2006-12-19,1.2224,1.2229,1.2117,1.214,0.0
2006-12-20,1.2137,1.2191,1.211,1.2177,0.0
2006-12-21,1.2175,1.2203,1.2138,1.2164,0.0
2006-12-22,1.2163,1.2222,1.2116,1.2183,0.0
2006-12-26,1.2189,1.2235,1.2183,1.2231,0.0
2006-12-27,1.2233,1.2266,1.216,1.2266,0.0
2006-12-28,1.2265,1.227,1.2166,1.2214,0.0
2006-12-29,1.2215,1.2224,1.2181,1.2186,0.0
2007-01-02,1.2148,1.2158,1.2111,1.2134,0.0
2007-01-03,1.2134,1.2293,1.212,1.2259,0.0
2007-01-04,1.2258,1.2333,1.224,1.2328,0.0
2007-01-05,1.2327,1.2392,1.2271,1.2353,0.0
2007-01-08,1.2347,1.241,1.233,1.2361,0.0
2007-01-09,1.2362,1.243,1.2337,1.241,0.0
2007-01-10,1.2409,1.2478,1.24,1.2461,0.0
2007-01-11,1.246,1.2505,1.2408,1.2494,0.0
2007-01-12,1.2495,1.2528,1.2445,1.2476,0.0
2007-01-15,1.2474,1.2496,1.2443,1.2483,0.0
2007-01-16,1.2484,1.2496,1.2415,1.2478,0.0
2007-01-17,1.248,1.2514,1.2452,1.2469,0.0
2007-01-18,1.247,1.2547,1.2431,1.2466,0.0
2007-01-19,1.2463,1.253,1.2449,1.2477,0.0
2007-01-22,1.2478,1.2524,1.2469,1.2489,0.0
2007-01-23,1.2489,1.2514,1.2375,1.2423,0.0
2007-01-24,1.2422,1.2496,1.241,1.2475,0.0
2007-01-25,1.2474,1.2498,1.2419,1.2483,0.0
2007-01-26,1.2484,1.2569,1.2473,1.2532,0.0
2007-01-29,1.2529,1.2559,1.2509,1.2531,0.0
2007-01-30,1.253,1.2543,1.2496,1.2512,0.0
2007-01-31,1.2511,1.2571,1.2426,1.244,0.0
2007-02-01,1.2439,1.2459,1.239,1.2432,0.0
2007-02-02,1.2433,1.2491,1.2375,1.2472,0.0
2007-02-05,1.2478,1.2517,1.2468,1.2483,0.0
2007-02-06,1.2483,1.2496,1.2387,1.2397,0.0
2007-02-07,1.2397,1.2422,1.2378,1.2411,0.0
2007-02-08,1.241,1.251,1.2399,1.2456,0.0
2007-02-09,1.2455,1.252,1.2454,1.2483,0.0
2007-02-12,1.2485,1.2548,1.2458,1.2532,0.0
2007-02-13,1.2533,1.2536,1.2442,1.2468,0.0
2007-02-14,1.2467,1.2476,1.2367,1.2397,0.0
2007-02-15,1.2401,1.2406,1.2332,1.2344,0.0
2007-02-16,1.2343,1.2381,1.2331,1.2339,0.0
2007-02-19,1.2325,1.2349,1.2313,1.2324,0.0
2007-02-20,1.2323,1.239,1.231,1.2363,0.0
2007-02-21,1.2362,1.2412,1.2338,1.2378,0.0
2007-02-22,1.2377,1.2435,1.2371,1.2378,0.0
2007-02-23,1.238,1.2408,1.2293,1.233,0.0
2007-02-26,1.2324,1.2331,1.2285,1.2299,0.0
2007-02-27,1.2297,1.2304,1.2141,1.2171,0.0
2007-02-28,1.2172,1.2242,1.2169,1.2194,0.0
2007-03-01,1.2193,1.2234,1.2145,1.2216,0.0
2007-03-02,1.2217,1.2261,1.2143,1.2163,0.0
2007-03-05,1.2163,1.224,1.2106,1.2204,0.0
2007-03-06,1.2203,1.2253,1.219,1.223,0.0
2007-03-07,1.2231,1.2247,1.2164,1.2171,0.0
2007-03-08,1.2172,1.2295,1.2159,1.2274,0.0
2007-03-09,1.2273,1.2354,1.2254,1.2341,0.0
2007-03-12,1.2311,1.235,1.2234,1.2244,0.0
2007-03-13,1.2244,1.2258,1.2167,1.2177,0.0
2007-03-14,1.2176,1.2197,1.2103,1.2164,0.0
2007-03-15,1.2164,1.2213,1.2133,1.2173,0.0
2007-03-16,1.2172,1.2173,1.2027,1.2067,0.0
2007-03-19,1.2052,1.2144,1.2044,1.2119,0.0
2007-03-20,1.212,1.216,1.2107,1.2115,0.0
2007-03-21,1.2116,1.2165,1.2084,1.2094,0.0
2007-03-22,1.2093,1.218,1.2075,1.2141,0.0
2007-03-23,1.2142,1.219,1.2111,1.2188,0.0
2007-03-26,1.2188,1.2225,1.2116,1.2156,0.0
2007-03-27,1.2154,1.2167,1.2116,1.2129,0.0
2007-03-28,1.2131,1.2178,1.2081,1.2162,0.0
2007-03-29,1.2161,1.2185,1.2133,1.2174,0.0
2007-03-30,1.2175,1.2238,1.2083,1.2153,0.0
2007-04-02,1.2134,1.2173,1.2118,1.2153,0.0
2007-04-03,1.2152,1.223,1.2145,1.2223,0.0
2007-04-04,1.2222,1.223,1.2173,1.2198,0.0
2007-04-05,1.2199,1.2211,1.2122,1.215,0.0
2007-04-06,1.2151,1.2227,1.2147,1.2219,0.0
2007-04-09,1.222,1.2281,1.2216,1.2267,0.0
2007-04-10,1.2266,1.227,1.2142,1.2165,0.0
2007-04-11,1.2164,1.2223,1.2163,1.2205,0.0
2007-04-12,1.2205,1.2243,1.2131,1.217,0.0
2007-04-13,1.2171,1.2187,1.2066,1.2144,0.0
2007-04-16,1.2127,1.2146,1.2114,1.2141,0.0
2007-04-17,1.2141,1.215,1.2064,1.2083,0.0
2007-04-18,1.2083,1.2089,1.2022,1.2037,0.0
2007-04-19,1.2036,1.2062,1.2,1.2045,0.0
2007-04-20,1.2043,1.2089,1.2037,1.2083,0.0
2007-04-23,1.2072,1.2126,1.2056,1.2095,0.0
2007-04-24,1.2094,1.2104,1.2007,1.2014,0.0
2007-04-25,1.2013,1.2057,1.1993,1.2045,0.0
2007-04-26,1.2044,1.2097,1.203,1.2084,0.0
2007-04-27,1.2083,1.2105,1.2004,1.2056,0.0
2007-04-30,1.2046,1.2102,1.2029,1.2071,0.0
2007-05-01,1.2071,1.2163,1.2049,1.2144,0.0
2007-05-02,1.2145,1.2187,1.2114,1.2134,0.0
2007-05-03,1.2133,1.2168,1.2091,1.2157,0.0
2007-05-04,1.2157,1.2164,1.2099,1.2116,0.0
2007-05-07,1.2101,1.2117,1.208,1.2112,0.0
2007-05-08,1.2111,1.2195,1.2101,1.218,0.0
2007-05-09,1.218,1.2192,1.2139,1.2187,0.0
2007-05-10,1.2186,1.2221,1.2157,1.2197,0.0
2007-05-11,1.2196,1.2211,1.2168,1.2187,0.0
2007-05-14,1.2173,1.2205,1.2168,1.2188,0.0
2007-05-15,1.2189,1.2202,1.2124,1.2153,0.0
2007-05-16,1.2154,1.2244,1.2137,1.2232,0.0
2007-05-17,1.2231,1.2281,1.2193,1.227,0.0
2007-05-18,1.227,1.2279,1.2243,1.2272,0.0
2007-05-21,1.2265,1.2329,1.2263,1.2303,0.0
2007-05-22,1.2304,1.2328,1.2281,1.2298,0.0
2007-05-23,1.2297,1.2311,1.2239,1.2276,0.0
2007-05-24,1.2276,1.2312,1.2264,1.2277,0.0
2007-05-25,1.2276,1.2291,1.2255,1.228,0.0
2007-05-28,1.2272,1.2285,1.2264,1.2284,0.0
2007-05-29,1.2284,1.2305,1.2197,1.2254,0.0
2007-05-30,1.2253,1.2277,1.2235,1.2253,0.0
2007-05-31,1.2252,1.227,1.2231,1.2252,0.0
2007-06-01,1.2251,1.2328,1.2247,1.2297,0.0
2007-06-04,1.2298,1.2305,1.2214,1.2235,0.0
2007-06-05,1.2234,1.2241,1.2159,1.2178,0.0
2007-06-06,1.2176,1.2187,1.2145,1.2159,0.0
2007-06-07,1.2159,1.2266,1.2158,1.2237,0.0
2007-06-08,1.2237,1.2364,1.2234,1.235,0.0
2007-06-11,1.2346,1.2398,1.2346,1.2381,0.0
2007-06-12,1.2381,1.2429,1.2372,1.2424,0.0
2007-06-13,1.2425,1.2467,1.2416,1.2445,0.0
2007-06-14,1.2444,1.2476,1.2431,1.2461,0.0
2007-06-15,1.2462,1.2465,1.241,1.2412,0.0
2007-06-18,1.2416,1.2423,1.2387,1.242,0.0
2007-06-19,1.2421,1.2425,1.2389,1.2406,0.0
2007-06-20,1.2406,1.2408,1.2353,1.2371,0.0
2007-06-21,1.2371,1.2424,1.2369,1.2413,0.0
2007-06-22,1.2413,1.2419,1.2285,1.2292,0.0
2007-06-25,1.2286,1.2309,1.2268,1.2282,0.0
2007-06-26,1.2281,1.2305,1.2258,1.2277,0.0
2007-06-27,1.2278,1.2302,1.2272,1.2291,0.0
2007-06-28,1.229,1.2341,1.2264,1.2311,0.0
2007-06-29,1.231,1.2332,1.2206,1.2212,0.0
2007-07-02,1.22067,1.22248,1.20947,1.21062,0.0
2007-07-03,1.21062,1.21772,1.2091,1.21566,0.0
2007-07-04,1.21567,1.21682,1.21442,1.21622,0.0
2007-07-05,1.21622,1.2198,1.21002,1.2172,0.0
2007-07-06,1.2172,1.22322,1.21617,1.21778,0.0
2007-07-09,1.21737,1.21917,1.21527,1.21662,0.0
2007-07-10,1.21652,1.21932,1.20202,1.20202,0.0
2007-07-11,1.20202,1.20676,1.1992,1.20636,0.0
2007-07-12,1.20636,1.20656,1.20039,1.20298,0.0
2007-07-13,1.20298,1.20548,1.19842,1.20254,0.0
2007-07-16,1.20187,1.20367,1.19934,1.20337,0.0
2007-07-17,1.20337,1.20367,1.19725,1.20277,0.0
2007-07-18,1.20277,1.20487,1.19597,1.20077,0.0
2007-07-19,1.20077,1.20505,1.19852,1.20322,0.0
2007-07-20,1.20322,1.20642,1.19802,1.20062,0.0
2007-07-23,1.20075,1.20786,1.19831,1.20566,0.0
2007-07-24,1.20576,1.20756,1.20105,1.20292,0.0
2007-07-25,1.20292,1.21652,1.20219,1.21332,0.0
2007-07-26,1.21342,1.21492,1.20206,1.20354,0.0
2007-07-27,1.20359,1.21312,1.20243,1.20844,0.0
2007-07-30,1.20864,1.20989,1.20054,1.20259,0.0
2007-07-31,1.20259,1.20644,1.20067,1.20107,0.0
2007-08-01,1.20087,1.20502,1.19786,1.2043,0.0
2007-08-02,1.20434,1.20832,1.2023,1.20453,0.0
2007-08-03,1.20443,1.20707,1.18677,1.19057,0.0
2007-08-06,1.18582,1.1925,1.18144,1.1914,0.0
2007-08-07,1.1914,1.19841,1.18924,1.19711,0.0
2007-08-08,1.19721,1.19952,1.19122,1.19642,0.0
2007-08-09,1.19642,1.19938,1.1919,1.19622,0.0
2007-08-10,1.19612,1.20169,1.19289,1.19865,0.0
2007-08-13,1.1986,1.20635,1.19723,1.20542,0.0
2007-08-14,1.20532,1.21167,1.2027,1.21087,0.0
2007-08-15,1.21087,1.21985,1.21037,1.21898,0.0
2007-08-16,1.21898,1.22149,1.21322,1.21619,0.0
2007-08-17,1.21614,1.21782,1.19932,1.20783,0.0
2007-08-20,1.20623,1.20883,1.20493,1.20575,0.0
2007-08-21,1.20575,1.20727,1.20115,1.20597,0.0
2007-08-22,1.20597,1.21112,1.20406,1.20624,0.0
2007-08-23,1.20624,1.21054,1.20476,1.20708,0.0
2007-08-24,1.20708,1.20778,1.19902,1.20045,0.0
2007-08-27,1.20035,1.20459,1.19992,1.20272,0.0
2007-08-28,1.20272,1.20409,1.19595,1.20043,0.0
2007-08-29,1.20043,1.20383,1.19826,1.19977,0.0
2007-08-30,1.19977,1.20662,1.19847,1.20462,0.0
2007-08-31,1.20462,1.20887,1.19872,1.20845,0.0
2007-09-03,1.20807,1.20992,1.20612,1.20804,0.0
2007-09-04,1.20804,1.21512,1.20746,1.21242,0.0
2007-09-05,1.21242,1.21372,1.20206,1.20389,0.0
2007-09-06,1.20385,1.20624,1.19924,1.20134,0.0
2007-09-07,1.20134,1.20254,1.18604,1.18821,0.0
2007-09-10,1.18755,1.18795,1.18415,1.18635,0.0
2007-09-11,1.18631,1.18981,1.18375,1.18876,0.0
2007-09-12,1.18876,1.1896,1.18174,1.18487,0.0
2007-09-13,1.18487,1.18889,1.18012,1.18589,0.0
2007-09-14,1.18589,1.1922,1.18378,1.18938,0.0
2007-09-17,1.18958,1.18994,1.18472,1.18691,0.0
2007-09-18,1.18691,1.18936,1.18042,1.18124,0.0
2007-09-19,1.18124,1.18778,1.17928,1.18401,0.0
2007-09-20,1.184,1.18441,1.16854,1.17231,0.0
2007-09-21,1.17231,1.17712,1.1677,1.17206,0.0
2007-09-24,1.17165,1.17562,1.16859,1.17252,0.0
2007-09-25,1.17252,1.17453,1.16372,1.16623,0.0
2007-09-26,1.16623,1.17192,1.16446,1.17042,0.0
2007-09-27,1.17042,1.17413,1.16762,1.17372,0.0
2007-09-28,1.17372,1.17396,1.16249,1.1638,0.0
2007-10-01,1.1624,1.17185,1.16227,1.16827,0.0
2007-10-02,1.16827,1.17777,1.16757,1.17471,0.0
2007-10-03,1.17467,1.18077,1.17114,1.18037,0.0
2007-10-04,1.18037,1.18137,1.17387,1.17442,0.0
2007-10-05,1.17442,1.18556,1.17406,1.17818,0.0
2007-10-08,1.17662,1.18695,1.17589,1.18632,0.0
2007-10-09,1.18632,1.18942,1.18236,1.18312,0.0
2007-10-10,1.18312,1.1845,1.17851,1.183,0.0
2007-10-11,1.183,1.18443,1.17692,1.18177,0.0
2007-10-12,1.18178,1.18793,1.18054,1.18453,0.0
2007-10-15,1.18459,1.18582,1.17767,1.18062,0.0
2007-10-16,1.1806,1.18445,1.17868,1.18244,0.0
2007-10-17,1.18232,1.18334,1.17774,1.17988,0.0
2007-10-18,1.17984,1.18034,1.16619,1.16957,0.0
2007-10-19,1.16961,1.17362,1.16561,1.16602,0.0
2007-10-22,1.16301,1.17847,1.15993,1.17753,0.0
2007-10-23,1.17753,1.17837,1.17029,1.17319,0.0
2007-10-24,1.17319,1.17749,1.17078,1.1717,0.0
2007-10-25,1.1717,1.17334,1.16341,1.1657,0.0
2007-10-26,1.1657,1.16633,1.16192,1.16395,0.0
2007-10-29,1.16222,1.16702,1.16062,1.16433,0.0
2007-10-30,1.16433,1.16712,1.15804,1.15847,0.0
2007-10-31,1.15847,1.16259,1.15566,1.15801,0.0
2007-11-01,1.15801,1.16401,1.15531,1.15818,0.0
2007-11-02,1.15818,1.15874,1.14886,1.15371,0.0
2007-11-05,1.15301,1.15568,1.15084,1.15377,0.0
2007-11-06,1.15367,1.15413,1.14208,1.14447,0.0
2007-11-07,1.14437,1.14483,1.12565,1.1334,0.0
2007-11-08,1.13328,1.13443,1.12523,1.12773,0.0
2007-11-09,1.12778,1.12783,1.11878,1.12236,0.0
2007-11-12,1.12223,1.12993,1.12166,1.12828,0.0
2007-11-13,1.12841,1.12978,1.12268,1.12753,0.0
2007-11-14,1.12723,1.12744,1.11762,1.12402,0.0
2007-11-15,1.12432,1.12607,1.11992,1.12247,0.0
2007-11-16,1.12243,1.12462,1.11591,1.11753,0.0
2007-11-19,1.11694,1.12007,1.11495,1.11496,0.0
2007-11-20,1.11504,1.11724,1.10532,1.10557,0.0
2007-11-21,1.1056,1.10789,1.10139,1.10159,0.0
2007-11-22,1.10155,1.10382,1.10037,1.10089,0.0
2007-11-23,1.10089,1.10489,1.08855,1.10192,0.0
2007-11-26,1.10337,1.10714,1.09557,1.0967,0.0
2007-11-27,1.0967,1.10682,1.09547,1.10516,0.0
2007-11-28,1.10505,1.11955,1.104,1.11063,0.0
2007-11-29,1.11083,1.12085,1.11035,1.11772,0.0
2007-11-30,1.11774,1.13265,1.11597,1.13179,0.0
2007-12-03,1.13056,1.13095,1.12508,1.12718,0.0
2007-12-04,1.12718,1.13188,1.11598,1.11652,0.0
2007-12-05,1.11665,1.12861,1.11532,1.12731,0.0
2007-12-06,1.12731,1.13528,1.12651,1.12958,0.0
2007-12-07,1.1298,1.13322,1.12774,1.1278,0.0
2007-12-10,1.1279,1.13006,1.12345,1.12805,0.0
2007-12-11,1.12825,1.13622,1.12541,1.13066,0.0
2007-12-12,1.13048,1.14003,1.12742,1.13445,0.0
2007-12-13,1.13448,1.1451,1.12965,1.14092,0.0
2007-12-14,1.14092,1.15463,1.14005,1.15231,0.0
2007-12-17,1.15585,1.15738,1.14791,1.14895,0.0
2007-12-18,1.14898,1.15345,1.14839,1.15162,0.0
2007-12-19,1.15162,1.15862,1.15112,1.15522,0.0
2007-12-20,1.15502,1.1591,1.15422,1.15802,0.0
2007-12-21,1.15802,1.15942,1.15132,1.15471,0.0
2007-12-24,1.15582,1.15792,1.15382,1.15669,0.0
2007-12-26,1.15602,1.15612,1.14912,1.15132,0.0
2007-12-27,1.15132,1.15232,1.13713,1.13894,0.0
2007-12-28,1.13892,1.14128,1.12589,1.12597,0.0
2007-12-31,1.12798,1.13712,1.12262,1.13342,0.0
2008-01-02,1.1315,1.13312,1.11472,1.11951,0.0
2008-01-03,1.11908,1.12004,1.11049,1.11087,0.0
2008-01-04,1.1108,1.11632,1.1018,1.10821,0.0
2008-01-07,1.10736,1.11902,1.10665,1.11618,0.0
2008-01-08,1.11638,1.11898,1.11173,1.11238,0.0
2008-01-09,1.11248,1.11694,1.11028,1.11641,0.0
2008-01-10,1.11651,1.11721,1.10045,1.10347,0.0
2008-01-11,1.10338,1.10485,1.09779,1.10142,0.0
2008-01-14,1.10082,1.10109,1.08844,1.09284,0.0
2008-01-15,1.09288,1.09434,1.08529,1.09261,0.0
2008-01-16,1.09268,1.10234,1.08363,1.10027,0.0
2008-01-17,1.10051,1.10868,1.09525,1.1008,0.0
2008-01-18,1.10103,1.1063,1.09776,1.09792,0.0
2008-01-21,1.09946,1.11102,1.09915,1.10797,0.0
2008-01-22,1.10792,1.11218,1.09467,1.09472,0.0
2008-01-23,1.09448,1.09895,1.08705,1.09142,0.0
2008-01-24,1.09152,1.09357,1.08456,1.08772,0.0
2008-01-25,1.08772,1.09882,1.08613,1.09653,0.0
2008-01-28,1.09558,1.09652,1.08715,1.08907,0.0
2008-01-29,1.08922,1.09602,1.08834,1.0937,0.0
2008-01-30,1.09382,1.09492,1.08142,1.08322,0.0
2008-01-31,1.08318,1.08587,1.07571,1.08128,0.0
2008-02-01,1.08112,1.08992,1.07282,1.08922,0.0
2008-02-04,1.08842,1.09231,1.08618,1.08787,0.0
2008-02-05,1.0878,1.10568,1.08732,1.09956,0.0
2008-02-06,1.09938,1.10038,1.09508,1.09808,0.0
2008-02-07,1.09778,1.11034,1.09327,1.10385,0.0
2008-02-08,1.10349,1.10807,1.10088,1.10323,0.0
2008-02-11,1.102,1.10466,1.09454,1.10226,0.0
2008-02-12,1.10209,1.10409,1.09796,1.10182,0.0
2008-02-13,1.10167,1.11052,1.10078,1.10802,0.0
2008-02-14,1.10785,1.10972,1.0964,1.09747,0.0
2008-02-15,1.09744,1.09862,1.0885,1.09306,0.0
2008-02-18,1.09321,1.10447,1.09301,1.10187,0.0
2008-02-19,1.10173,1.10237,1.09077,1.0939,0.0
2008-02-20,1.09372,1.10242,1.09343,1.09942,0.0
2008-02-21,1.09933,1.10325,1.08652,1.08952,0.0
2008-02-22,1.08952,1.09162,1.0835,1.08484,0.0
2008-02-25,1.0849,1.09273,1.08485,1.08912,0.0
2008-02-26,1.08894,1.0917,1.07455,1.07535,0.0
2008-02-27,1.07565,1.07625,1.06106,1.06313,0.0
2008-02-28,1.06305,1.06436,1.04846,1.05187,0.0
2008-02-29,1.05166,1.0527,1.0401,1.04091,0.0
2008-03-03,1.03938,1.0458,1.03072,1.04222,0.0
2008-03-04,1.04225,1.04306,1.03352,1.03737,0.0
2008-03-05,1.03748,1.04268,1.0337,1.03652,0.0
2008-03-06,1.03669,1.03812,1.0213,1.02251,0.0
2008-03-07,1.02278,1.02847,1.01337,1.02509,0.0
2008-03-10,1.02297,1.02548,1.01712,1.0192,0.0
2008-03-11,1.01915,1.03488,1.01484,1.03315,0.0
2008-03-12,1.03302,1.03517,1.01279,1.01457,0.0
2008-03-13,1.01453,1.01682,1.00457,1.0099,0.0
2008-03-14,1.00974,1.01429,0.99721,0.99823,0.0
2008-03-17,0.99705,0.99712,0.96474,0.9843,0.0
2008-03-18,0.98425,1.00351,0.97856,1.00236,0.0
2008-03-19,1.00236,1.00511,0.98682,0.99801,0.0
2008-03-20,0.99828,1.0166,0.9953,1.00936,0.0
2008-03-21,1.00936,1.01012,1.00496,1.00895,0.0
2008-03-24,1.00895,1.02489,1.00895,1.02019,0.0
2008-03-25,1.0201,1.02219,1.00381,1.00501,0.0
2008-03-26,1.0051,1.01112,0.98862,0.98884,0.0
2008-03-27,0.98887,0.99881,0.98829,0.99402,0.0
2008-03-28,0.99395,0.99968,0.99115,0.99469,0.0
2008-03-31,0.99352,0.99916,0.98711,0.99297,0.0
2008-04-01,0.99306,1.01392,0.99301,1.01218,0.0
2008-04-02,1.01242,1.01642,1.0067,1.0085,0.0
2008-04-03,1.00845,1.0216,1.00691,1.00997,0.0
2008-04-04,1.01012,1.01282,1.00123,1.00552,0.0
2008-04-07,1.00548,1.01707,1.00542,1.01279,0.0
2008-04-08,1.01294,1.01562,1.00654,1.01366,0.0
2008-04-09,1.01398,1.01672,0.99756,1.00176,0.0
2008-04-10,1.00172,1.0087,0.98874,1.00811,0.0
2008-04-11,1.008,1.0089,0.9965,1.00118,0.0
2008-04-14,1.00568,1.00762,0.99264,0.99868,0.0
2008-04-15,0.99874,1.0087,0.99569,1.00635,0.0
2008-04-16,1.00624,1.01084,0.99404,1.00018,0.0
2008-04-17,1.00008,1.00927,0.99583,1.00598,0.0
2008-04-18,1.00612,1.02833,1.0037,1.018,0.0
2008-04-21,1.01803,1.02051,1.00642,1.00848,0.0
2008-04-22,1.00857,1.01299,0.99973,1.00307,0.0
2008-04-23,1.00282,1.01695,1.0022,1.01507,0.0
2008-04-24,1.01484,1.03842,1.01422,1.03541,0.0
2008-04-25,1.03541,1.04302,1.03005,1.03414,0.0
2008-04-28,1.03533,1.03668,1.03004,1.03369,0.0
2008-04-29,1.03373,1.03982,1.03153,1.03742,0.0
2008-04-30,1.03741,1.04422,1.03267,1.03433,0.0
2008-05-01,1.03439,1.05085,1.03343,1.04829,0.0
2008-05-02,1.04829,1.06073,1.0464,1.0572,0.0
2008-05-05,1.05533,1.05968,1.05102,1.05352,0.0
2008-05-06,1.05334,1.055,1.0427,1.05182,0.0
2008-05-07,1.05198,1.05934,1.05117,1.05505,0.0
2008-05-08,1.05476,1.06237,1.04807,1.05091,0.0
2008-05-09,1.051,1.05137,1.03892,1.0409,0.0
2008-05-12,1.04173,1.05102,1.04053,1.04342,0.0
2008-05-13,1.04342,1.05553,1.04172,1.05268,0.0
2008-05-14,1.05267,1.05982,1.05116,1.05442,0.0
2008-05-15,1.05432,1.05931,1.04839,1.05685,0.0
2008-05-16,1.05704,1.05874,1.04312,1.04747,0.0
2008-05-19,1.04565,1.05724,1.04144,1.0533,0.0
2008-05-20,1.05319,1.05349,1.03566,1.0373,0.0
2008-05-21,1.03752,1.03909,1.02487,1.02492,0.0
2008-05-22,1.02497,1.03527,1.02326,1.03042,0.0
2008-05-23,1.03022,1.03351,1.02142,1.02396,0.0
2008-05-26,1.02423,1.02764,1.02302,1.0242,0.0
2008-05-27,1.02427,1.03463,1.02222,1.03365,0.0
2008-05-28,1.03368,1.04223,1.02595,1.03781,0.0
2008-05-29,1.0378,1.05228,1.03638,1.04916,0.0
2008-05-30,1.04926,1.05266,1.04129,1.04202,0.0
2008-06-02,1.04112,1.04471,1.03244,1.03729,0.0
2008-06-03,1.03728,1.04884,1.02743,1.04208,0.0
2008-06-04,1.04197,1.04448,1.03608,1.04217,0.0
2008-06-05,1.04203,1.05208,1.03513,1.03783,0.0
2008-06-06,1.03789,1.04076,1.01835,1.01842,0.0
2008-06-09,1.01816,1.02952,1.01472,1.02729,0.0
2008-06-10,1.02717,1.0438,1.02685,1.04178,0.0
2008-06-11,1.04176,1.04473,1.03085,1.0314,0.0
2008-06-12,1.03138,1.04892,1.03015,1.04146,0.0
2008-06-13,1.04142,1.05401,1.03863,1.0468,0.0
2008-06-16,1.04482,1.05192,1.03786,1.04466,0.0
2008-06-17,1.04463,1.04588,1.03766,1.04162,0.0
2008-06-18,1.04159,1.04669,1.03548,1.03597,0.0
2008-06-19,1.03602,1.04733,1.03184,1.04526,0.0
2008-06-20,1.04529,1.04554,1.03032,1.03571,0.0
2008-06-23,1.03426,1.04925,1.03304,1.04528,0.0
2008-06-24,1.04536,1.04706,1.03483,1.04158,0.0
2008-06-25,1.04163,1.04452,1.03402,1.03478,0.0
2008-06-26,1.03468,1.03906,1.02191,1.02363,0.0
2008-06-27,1.02388,1.02677,1.01641,1.01834,0.0
2008-06-30,1.01859,1.02162,1.01304,1.02085,0.0
2008-07-01,1.02085,1.02273,1.01374,1.01953,0.0
2008-07-02,1.01953,1.02315,1.01303,1.01399,0.0
2008-07-03,1.01368,1.02793,1.01095,1.02613,0.0
2008-07-04,1.02613,1.0277,1.0231,1.02502,0.0
2008-07-07,1.02474,1.03417,1.02251,1.02677,0.0
2008-07-08,1.02677,1.03481,1.02181,1.03351,0.0
2008-07-09,1.03353,1.03519,1.02758,1.02803,0.0
2008-07-10,1.02794,1.03366,1.02535,1.02776,0.0
2008-07-11,1.02774,1.03024,1.01354,1.01596,0.0
2008-07-14,1.01328,1.02496,1.01323,1.01599,0.0
2008-07-15,1.01604,1.01759,1.00101,1.00905,0.0
2008-07-16,1.00915,1.01865,1.00281,1.01719,0.0
2008-07-17,1.01715,1.02576,1.01344,1.01919,0.0
2008-07-18,1.01922,1.02511,1.01734,1.0223,0.0
2008-07-21,1.02237,1.02409,1.01691,1.0175,0.0
2008-07-22,1.01768,1.03338,1.01367,1.03059,0.0
2008-07-23,1.03079,1.03996,1.02883,1.03748,0.0
2008-07-24,1.03759,1.04035,1.03509,1.03702,0.0
2008-07-25,1.03727,1.04061,1.03152,1.03608,0.0
2008-07-28,1.03622,1.03868,1.0324,1.03438,0.0
2008-07-29,1.03439,1.04772,1.03172,1.0466,0.0
2008-07-30,1.04665,1.05209,1.04396,1.04819,0.0
2008-07-31,1.04808,1.04953,1.04025,1.04695,0.0
2008-08-01,1.04696,1.0516,1.04598,1.0495,0.0
2008-08-04,1.04935,1.05056,1.04331,1.0481,0.0
2008-08-05,1.0481,1.05582,1.04805,1.05438,0.0
2008-08-06,1.05439,1.06091,1.0502,1.05994,0.0
2008-08-07,1.05994,1.06372,1.0523,1.06231,0.0
2008-08-08,1.06233,1.08354,1.06071,1.08233,0.0
2008-08-11,1.08512,1.08803,1.07413,1.08586,0.0
2008-08-12,1.0859,1.09243,1.08288,1.08648,0.0
2008-08-13,1.08682,1.09218,1.08227,1.08522,0.0
2008-08-14,1.0853,1.09809,1.0835,1.09267,0.0
2008-08-15,1.09268,1.10085,1.09256,1.09581,0.0
2008-08-18,1.09693,1.10033,1.09109,1.09728,0.0
2008-08-19,1.09725,1.1032,1.09027,1.09204,0.0
2008-08-20,1.09203,1.10402,1.08947,1.09885,0.0
2008-08-21,1.09889,1.10002,1.08424,1.08582,0.0
2008-08-22,1.08563,1.09982,1.08536,1.09845,0.0
2008-08-25,1.09775,1.10312,1.09224,1.09574,0.0
2008-08-26,1.09582,1.10857,1.0953,1.09937,0.0
2008-08-27,1.0993,1.10233,1.09157,1.09743,0.0
2008-08-28,1.09734,1.10123,1.08832,1.09847,0.0
2008-08-29,1.09845,1.10379,1.09236,1.10118,0.0
2008-09-01,1.09844,1.10459,1.09478,1.10124,0.0
2008-09-02,1.10115,1.113,1.10082,1.10647,0.0
2008-09-03,1.1064,1.11709,1.10421,1.10596,0.0
2008-09-04,1.10601,1.11285,1.10081,1.10908,0.0
2008-09-05,1.10927,1.11887,1.10675,1.11855,0.0
2008-09-08,1.12027,1.13724,1.11283,1.1315,0.0
2008-09-09,1.13103,1.1363,1.12135,1.1268,0.0
2008-09-10,1.12653,1.13715,1.12416,1.13643,0.0
2008-09-11,1.13669,1.14167,1.13347,1.13791,0.0
2008-09-12,1.13688,1.1399,1.12894,1.13047,0.0
2008-09-15,1.11979,1.12748,1.10543,1.11534,0.0
2008-09-16,1.11509,1.12483,1.10466,1.12223,0.0
2008-09-17,1.1224,1.12488,1.09916,1.10263,0.0
2008-09-18,1.1026,1.11093,1.08987,1.10422,0.0
2008-09-19,1.10439,1.12795,1.1006,1.10512,0.0
2008-09-22,1.10481,1.10511,1.06906,1.07434,0.0
2008-09-23,1.07471,1.08874,1.0723,1.08619,0.0
2008-09-24,1.08637,1.09182,1.08035,1.09141,0.0
2008-09-25,1.09135,1.09415,1.08008,1.0904,0.0
2008-09-26,1.09045,1.09134,1.08293,1.08999,0.0
2008-09-29,1.09321,1.10891,1.08127,1.08892,0.0
2008-09-30,1.08922,1.12458,1.08843,1.12188,0.0
2008-10-01,1.12184,1.12906,1.11442,1.12535,0.0
2008-10-02,1.12562,1.14123,1.12377,1.1355,0.0
2008-10-03,1.13515,1.14016,1.12169,1.12858,0.0
2008-10-06,1.13521,1.14855,1.12772,1.14759,0.0
2008-10-07,1.1481,1.14864,1.1358,1.13908,0.0
2008-10-08,1.13908,1.14397,1.12095,1.12619,0.0
2008-10-09,1.12623,1.13418,1.12289,1.12929,0.0
2008-10-10,1.12949,1.14112,1.11271,1.13858,0.0
2008-10-13,1.12828,1.1439,1.12448,1.13703,0.0
2008-10-14,1.13656,1.13836,1.12654,1.13709,0.0
2008-10-15,1.13711,1.14051,1.12969,1.13162,0.0
2008-10-16,1.13174,1.14886,1.1283,1.1377,0.0
2008-10-17,1.13718,1.13928,1.12914,1.13682,0.0
2008-10-20,1.13518,1.15225,1.13221,1.14926,0.0
2008-10-21,1.14947,1.15893,1.14727,1.15129,0.0
2008-10-22,1.15192,1.17115,1.15066,1.16283,0.0
2008-10-23,1.16236,1.16971,1.15841,1.15842,0.0
2008-10-24,1.15835,1.1748,1.14809,1.16528,0.0
2008-10-27,1.16975,1.17094,1.15163,1.15514,0.0
2008-10-28,1.15521,1.1654,1.15367,1.15931,0.0
2008-10-29,1.15953,1.15958,1.12436,1.13056,0.0
2008-10-30,1.12944,1.14785,1.11963,1.139,0.0
2008-10-31,1.13903,1.16848,1.13557,1.15821,0.0
2008-11-03,1.15732,1.1747,1.14738,1.17456,0.0
2008-11-04,1.17457,1.17999,1.15668,1.16226,0.0
2008-11-05,1.16244,1.17449,1.155,1.15674,0.0
2008-11-06,1.15755,1.17935,1.15674,1.1778,0.0
2008-11-07,1.17757,1.17966,1.16785,1.17834,0.0
2008-11-10,1.1727,1.18024,1.17114,1.1786,0.0
2008-11-11,1.17867,1.1877,1.17237,1.18748,0.0
2008-11-12,1.18744,1.18967,1.17616,1.18656,0.0
2008-11-13,1.18638,1.20008,1.18241,1.18719,0.0
2008-11-14,1.18809,1.19907,1.18391,1.19479,0.0
2008-11-17,1.19965,1.20033,1.18883,1.19847,0.0
2008-11-18,1.19847,1.2046,1.19667,1.20298,0.0
2008-11-19,1.20301,1.21446,1.19418,1.21368,0.0
2008-11-20,1.21353,1.22809,1.20997,1.22461,0.0
2008-11-21,1.22345,1.22985,1.21731,1.22241,0.0
2008-11-24,1.22176,1.22249,1.19234,1.19354,0.0
2008-11-25,1.19369,1.20608,1.18296,1.18353,0.0
2008-11-26,1.18393,1.20774,1.18332,1.20342,0.0
2008-11-27,1.20348,1.20366,1.1954,1.19998,0.0
2008-11-28,1.19988,1.21994,1.19607,1.21385,0.0
2008-12-01,1.21248,1.21511,1.20198,1.20605,0.0
2008-12-02,1.20594,1.20965,1.19943,1.2062,0.0
2008-12-03,1.2062,1.21688,1.20508,1.20921,0.0
2008-12-04,1.20918,1.21887,1.19235,1.19509,0.0
2008-12-05,1.19535,1.2252,1.19273,1.22018,0.0
2008-12-08,1.21932,1.22127,1.20177,1.20334,0.0
2008-12-09,1.20322,1.2176,1.20065,1.20513,0.0
2008-12-10,1.2051,1.20833,1.19255,1.19866,0.0
2008-12-11,1.1984,1.2001,1.17893,1.18381,0.0
2008-12-12,1.1839,1.18679,1.17396,1.17677,0.0
2008-12-15,1.17643,1.17663,1.1564,1.15929,0.0
2008-12-16,1.15878,1.15945,1.11418,1.12388,0.0
2008-12-17,1.12451,1.12455,1.07148,1.07171,0.0
2008-12-18,1.07188,1.08679,1.04122,1.08374,0.0
2008-12-19,1.08309,1.11331,1.07398,1.10348,0.0
2008-12-22,1.10156,1.10489,1.08799,1.09364,0.0
2008-12-23,1.09367,1.09443,1.08299,1.08867,0.0
2008-12-24,1.08889,1.0892,1.07131,1.07328,0.0
2008-12-25,1.07328,1.07328,1.07328,1.07328,0.0
2008-12-26,1.07578,1.07587,1.06659,1.06982,0.0
2008-12-29,1.06736,1.06739,1.0371,1.06181,0.0
2008-12-30,1.06258,1.06378,1.04848,1.0599,0.0
2008-12-31,1.05981,1.07412,1.05403,1.06664,0.0
2009-01-02,1.07466,1.08453,1.06138,1.07923,0.0
2009-01-05,1.07953,1.11236,1.07032,1.10869,0.0
2009-01-06,1.10866,1.12784,1.10721,1.1138,0.0
2009-01-07,1.114,1.12085,1.08684,1.1012,0.0
2009-01-08,1.10075,1.10834,1.08637,1.09274,0.0
2009-01-09,1.09277,1.1188,1.08872,1.11294,0.0
2009-01-12,1.11164,1.12401,1.10971,1.11455,0.0
2009-01-13,1.11396,1.12533,1.11356,1.11876,0.0
2009-01-14,1.11906,1.12382,1.11224,1.1158,0.0
2009-01-15,1.11615,1.12893,1.11349,1.12465,0.0
2009-01-16,1.1245,1.12478,1.11086,1.11872,0.0
2009-01-19,1.11446,1.13454,1.11214,1.13417,0.0
2009-01-20,1.1342,1.15179,1.13125,1.14599,0.0
2009-01-21,1.14649,1.16144,1.1381,1.1532,0.0
2009-01-22,1.15309,1.15955,1.15077,1.15259,0.0
2009-01-23,1.1527,1.1714,1.1506,1.15443,0.0
2009-01-26,1.15401,1.16429,1.1344,1.13722,0.0
2009-01-27,1.13717,1.14339,1.1313,1.14248,0.0
2009-01-28,1.14194,1.15641,1.13296,1.15109,0.0
2009-01-29,1.1513,1.15804,1.14061,1.15292,0.0
2009-01-30,1.15295,1.16587,1.15129,1.16005,0.0
2009-02-02,1.16239,1.16843,1.15768,1.16118,0.0
2009-02-03,1.16123,1.16672,1.14002,1.14221,0.0
2009-02-04,1.14222,1.16354,1.14101,1.15821,0.0
2009-02-05,1.15802,1.17217,1.1572,1.17036,0.0
2009-02-06,1.17019,1.17415,1.15906,1.16104,0.0
2009-02-09,1.15976,1.16779,1.15015,1.16397,0.0
2009-02-10,1.16341,1.17799,1.15048,1.1562,0.0
2009-02-11,1.15634,1.16327,1.15109,1.1583,0.0
2009-02-12,1.15803,1.17141,1.15588,1.16315,0.0
2009-02-13,1.16298,1.16584,1.15608,1.16054,0.0
2009-02-16,1.16473,1.17056,1.15809,1.15942,0.0
2009-02-17,1.15934,1.17777,1.15883,1.16917,0.0
2009-02-18,1.16934,1.18257,1.16513,1.17829,0.0
2009-02-19,1.17833,1.17992,1.17019,1.17341,0.0
2009-02-20,1.17344,1.18843,1.14613,1.15601,0.0
2009-02-23,1.15837,1.16971,1.14606,1.16844,0.0
2009-02-24,1.16859,1.17124,1.15304,1.16006,0.0
2009-02-25,1.16012,1.17425,1.15484,1.16979,0.0
2009-02-26,1.17011,1.1728,1.15954,1.16425,0.0
2009-02-27,1.16429,1.17597,1.16121,1.16988,0.0
2009-03-02,1.17086,1.17956,1.16908,1.17544,0.0
2009-03-03,1.17547,1.17874,1.16824,1.17564,0.0
2009-03-04,1.17519,1.18238,1.16709,1.16746,0.0
2009-03-05,1.16764,1.18088,1.16456,1.17131,0.0
2009-03-06,1.17087,1.1717,1.14848,1.15862,0.0
2009-03-09,1.1588,1.16813,1.15328,1.15826,0.0
2009-03-10,1.15817,1.16496,1.14308,1.16057,0.0
2009-03-11,1.16023,1.16756,1.1519,1.15285,0.0
2009-03-12,1.15299,1.19653,1.14957,1.18479,0.0
2009-03-13,1.18477,1.19333,1.18346,1.185,0.0
2009-03-16,1.18859,1.19108,1.18039,1.18478,0.0
2009-03-17,1.1852,1.19013,1.18113,1.18192,0.0
2009-03-18,1.18191,1.18304,1.13781,1.1408,0.0
2009-03-19,1.14091,1.14571,1.1158,1.12351,0.0
2009-03-20,1.12347,1.12975,1.11691,1.1272,0.0
2009-03-23,1.12467,1.13409,1.11688,1.12462,0.0
2009-03-24,1.12467,1.1324,1.12075,1.13159,0.0
2009-03-25,1.13191,1.13278,1.11677,1.12121,0.0
2009-03-26,1.12096,1.12878,1.11812,1.12696,0.0
2009-03-27,1.12679,1.14791,1.12223,1.14394,0.0
2009-03-30,1.14726,1.15483,1.14398,1.1485,0.0
2009-03-31,1.14845,1.15156,1.13562,1.13934,0.0
2009-04-01,1.13953,1.15059,1.13692,1.14522,0.0
2009-04-02,1.14584,1.14861,1.13061,1.13376,0.0
2009-04-03,1.13373,1.13896,1.12964,1.1308,0.0
2009-04-06,1.12946,1.14062,1.12402,1.13617,0.0
2009-04-07,1.13617,1.14825,1.13453,1.14234,0.0
2009-04-08,1.14224,1.15181,1.1414,1.1468,0.0
2009-04-09,1.14687,1.16031,1.14264,1.15596,0.0
2009-04-10,1.15595,1.16215,1.15405,1.15466,0.0
2009-04-13,1.15426,1.16066,1.1303,1.1329,0.0
2009-04-14,1.13302,1.14474,1.13201,1.13845,0.0
2009-04-15,1.13831,1.14864,1.13613,1.14265,0.0
2009-04-16,1.14265,1.15194,1.13982,1.14642,0.0
2009-04-17,1.14643,1.16875,1.14568,1.16495,0.0
2009-04-20,1.1651,1.17405,1.1651,1.16853,0.0
2009-04-21,1.16861,1.17175,1.16353,1.16752,0.0
2009-04-22,1.16727,1.17209,1.15956,1.16335,0.0
2009-04-23,1.16334,1.1673,1.15007,1.1503,0.0
2009-04-24,1.15033,1.1525,1.13477,1.13892,0.0
2009-04-27,1.13832,1.1603,1.13589,1.15566,0.0
2009-04-28,1.1558,1.15964,1.14181,1.1426,0.0
2009-04-29,1.14259,1.14462,1.13005,1.13609,0.0
2009-04-30,1.13606,1.14324,1.12703,1.14036,0.0
2009-05-01,1.14041,1.14146,1.13336,1.13598,0.0
2009-05-04,1.13596,1.14204,1.1252,1.12642,0.0
2009-05-05,1.12644,1.13605,1.12441,1.13203,0.0
2009-05-06,1.13225,1.13857,1.12832,1.13116,0.0
2009-05-07,1.13118,1.14248,1.12521,1.13024,0.0
2009-05-08,1.13052,1.13358,1.10481,1.1055,0.0
2009-05-11,1.1041,1.11056,1.10193,1.10918,0.0
2009-05-12,1.10918,1.11049,1.10033,1.10545,0.0
2009-05-13,1.10534,1.10986,1.09763,1.10656,0.0
2009-05-14,1.10645,1.11218,1.10253,1.10403,0.0
2009-05-15,1.1039,1.12503,1.10367,1.12144,0.0
2009-05-18,1.12223,1.12652,1.11374,1.11397,0.0
2009-05-19,1.11383,1.11625,1.10695,1.10916,0.0
2009-05-20,1.10911,1.11283,1.0968,1.10002,0.0
2009-05-21,1.10009,1.10548,1.09142,1.09347,0.0
2009-05-22,1.09334,1.09348,1.08102,1.08519,0.0
2009-05-25,1.08386,1.08712,1.08148,1.08259,0.0
2009-05-26,1.08254,1.09254,1.08108,1.08362,0.0
2009-05-27,1.08371,1.09324,1.08097,1.09297,0.0
2009-05-28,1.09274,1.09533,1.08021,1.08402,0.0
2009-05-29,1.08387,1.08587,1.06553,1.06679,0.0
2009-06-01,1.06676,1.07235,1.06175,1.0701,0.0
2009-06-02,1.06984,1.07425,1.05902,1.06155,0.0
2009-06-03,1.06148,1.07458,1.0601,1.06994,0.0
2009-06-04,1.07018,1.07644,1.06404,1.06901,0.0
2009-06-05,1.06895,1.09051,1.06617,1.08528,0.0
2009-06-08,1.0859,1.09863,1.08344,1.09135,0.0
2009-06-09,1.09145,1.09526,1.0762,1.07849,0.0
2009-06-10,1.07842,1.0857,1.07189,1.08049,0.0
2009-06-11,1.08069,1.08384,1.06486,1.07028,0.0
2009-06-12,1.07013,1.08459,1.06861,1.07892,0.0
2009-06-15,1.08002,1.09487,1.07815,1.09136,0.0
2009-06-16,1.09156,1.09551,1.08215,1.08842,0.0
2009-06-17,1.08833,1.0923,1.07627,1.0798,0.0
2009-06-18,1.07969,1.08973,1.07608,1.08618,0.0
2009-06-19,1.08615,1.08923,1.07646,1.0807,0.0
2009-06-22,1.0805,1.08956,1.07914,1.08629,0.0
2009-06-23,1.08635,1.08818,1.0642,1.06671,0.0
2009-06-24,1.06672,1.10205,1.06318,1.09779,0.0
2009-06-25,1.09787,1.10169,1.09204,1.09389,0.0
2009-06-26,1.09368,1.0946,1.0795,1.08308,0.0
2009-06-29,1.08247,1.09114,1.0808,1.08219,0.0
2009-06-30,1.0825,1.08894,1.07761,1.08622,0.0
2009-07-01,1.08622,1.0885,1.0706,1.07504,0.0
2009-07-02,1.07511,1.08663,1.074,1.08422,0.0
2009-07-03,1.08422,1.08997,1.08287,1.08632,0.0
2009-07-06,1.08789,1.09554,1.08373,1.08434,0.0
2009-07-07,1.08434,1.0914,1.07989,1.08864,0.0
2009-07-08,1.08889,1.0941,1.08754,1.09017,0.0
2009-07-09,1.0899,1.09163,1.07497,1.07838,0.0
2009-07-10,1.0783,1.09239,1.0778,1.08597,0.0
2009-07-13,1.08485,1.08887,1.08077,1.08288,0.0
2009-07-14,1.08287,1.09381,1.08062,1.08861,0.0
2009-07-15,1.0887,1.08918,1.07222,1.0744,0.0
2009-07-16,1.07408,1.07896,1.07026,1.07283,0.0
2009-07-17,1.07273,1.08163,1.07264,1.07649,0.0
2009-07-20,1.07721,1.07727,1.06551,1.06786,0.0
2009-07-21,1.06792,1.07155,1.06224,1.06575,0.0
2009-07-22,1.06576,1.07138,1.06305,1.06563,0.0
2009-07-23,1.06544,1.07715,1.06323,1.07496,0.0
2009-07-24,1.07487,1.07599,1.06727,1.07159,0.0
2009-07-27,1.06972,1.07411,1.06534,1.07071,0.0
2009-07-28,1.07054,1.07959,1.06562,1.0753,0.0
2009-07-29,1.07526,1.09069,1.07303,1.08695,0.0
2009-07-30,1.08685,1.09333,1.08406,1.08739,0.0
2009-07-31,1.08737,1.08906,1.066,1.0683,0.0
2009-08-03,1.06761,1.0733,1.05626,1.05933,0.0
2009-08-04,1.05923,1.06452,1.05758,1.05982,0.0
2009-08-05,1.05975,1.06586,1.05844,1.06178,0.0
2009-08-06,1.06186,1.06792,1.06019,1.06534,0.0
2009-08-07,1.06527,1.08433,1.05826,1.08114,0.0
2009-08-10,1.08155,1.08822,1.07769,1.07769,0.0
2009-08-11,1.08528,1.08637,1.07903,1.08172,0.0
2009-08-12,1.08169,1.08464,1.0731,1.07769,0.0
2009-08-13,1.07771,1.07899,1.06743,1.06975,0.0
2009-08-14,1.06986,1.0751,1.06701,1.07164,0.0
2009-08-17,1.07402,1.08339,1.0727,1.07787,0.0
2009-08-18,1.07782,1.08011,1.07418,1.07555,0.0
2009-08-19,1.07553,1.07809,1.06225,1.06589,0.0
2009-08-20,1.06587,1.06842,1.06185,1.0628,0.0
2009-08-21,1.06278,1.06554,1.05523,1.05826,0.0
2009-08-24,1.05741,1.06291,1.05619,1.0612,0.0
2009-08-25,1.06113,1.06396,1.05654,1.06149,0.0
2009-08-26,1.06138,1.07144,1.05797,1.06785,0.0
2009-08-27,1.0678,1.07037,1.0529,1.05925,0.0
2009-08-28,1.05916,1.06177,1.05388,1.05947,0.0
2009-08-31,1.05923,1.06346,1.05551,1.05887,0.0
2009-09-01,1.05886,1.07042,1.05432,1.06529,0.0
2009-09-02,1.0654,1.06851,1.05808,1.06071,0.0
2009-09-03,1.06067,1.06352,1.05454,1.06244,0.0
2009-09-04,1.06233,1.06977,1.0577,1.0604,0.0
2009-09-07,1.0603,1.06085,1.05557,1.0598,0.0
2009-09-08,1.05975,1.06019,1.0431,1.04719,0.0
2009-09-09,1.04715,1.04881,1.03827,1.04093,0.0
2009-09-10,1.04105,1.04566,1.03582,1.03833,0.0
2009-09-11,1.0383,1.03982,1.0339,1.03823,0.0
2009-09-14,1.03588,1.04225,1.03275,1.03447,0.0
2009-09-15,1.03457,1.0418,1.03226,1.03454,0.0
2009-09-16,1.03462,1.03678,1.02964,1.03175,0.0
2009-09-17,1.03176,1.03563,1.02745,1.0281,0.0
2009-09-18,1.02806,1.03458,1.02752,1.02925,0.0
2009-09-21,1.02971,1.03887,1.02897,1.032,0.0
2009-09-22,1.03202,1.0327,1.02151,1.02352,0.0
2009-09-23,1.02364,1.02739,1.01861,1.02661,0.0
2009-09-24,1.02661,1.0323,1.02079,1.02969,0.0
2009-09-25,1.02962,1.03409,1.02425,1.02718,0.0
2009-09-28,1.02668,1.03749,1.02491,1.0324,0.0
2009-09-29,1.03241,1.04045,1.03119,1.03604,0.0
2009-09-30,1.03619,1.04463,1.02823,1.03614,0.0
2009-10-01,1.03618,1.04521,1.03367,1.04053,0.0
2009-10-02,1.04072,1.04362,1.0307,1.03478,0.0
2009-10-05,1.03264,1.03573,1.03062,1.03207,0.0
2009-10-06,1.03215,1.03229,1.02362,1.02674,0.0
2009-10-07,1.02677,1.03587,1.02572,1.03266,0.0
2009-10-08,1.03299,1.03332,1.02269,1.02585,0.0
2009-10-09,1.02575,1.03514,1.02568,1.03146,0.0
2009-10-12,1.03132,1.03521,1.02322,1.02686,0.0
2009-10-13,1.02688,1.02773,1.01926,1.0214,0.0
2009-10-14,1.02149,1.02264,1.01279,1.01508,0.0
2009-10-15,1.01465,1.01954,1.01166,1.01457,0.0
2009-10-16,1.01455,1.0223,1.01291,1.01809,0.0
2009-10-19,1.01894,1.02281,1.0112,1.01132,0.0
2009-10-20,1.01049,1.01673,1.00819,1.0115,0.0
2009-10-21,1.01183,1.0129,1.00338,1.00576,0.0
2009-10-22,1.00566,1.01215,1.00399,1.00435,0.0
2009-10-23,1.0048,1.01009,1.00319,1.0086,0.0
2009-10-26,1.00881,1.02017,1.00505,1.01798,0.0
2009-10-27,1.01807,1.02503,1.01489,1.02169,0.0
2009-10-28,1.02186,1.02773,1.01912,1.02693,0.0
2009-10-29,1.02683,1.02851,1.01676,1.01883,0.0
2009-10-30,1.0188,1.02748,1.01553,1.02609,0.0
2009-11-02,1.02457,1.02781,1.01645,1.02168,0.0
2009-11-03,1.0219,1.03373,1.01941,1.0257,0.0
2009-11-04,1.02588,1.02765,1.01271,1.01593,0.0
2009-11-05,1.01567,1.01926,1.01313,1.01597,0.0
2009-11-06,1.01614,1.0201,1.01258,1.01719,0.0
2009-11-09,1.01458,1.0173,1.00539,1.00762,0.0
2009-11-10,1.00777,1.01087,1.00603,1.00743,0.0
2009-11-11,1.00767,1.00985,1.00346,1.0078,0.0
2009-11-12,1.00796,1.01928,1.00585,1.01729,0.0
2009-11-13,1.01742,1.01852,1.01012,1.0127,0.0
2009-11-16,1.01195,1.01424,1.00455,1.00754,0.0
2009-11-17,1.00735,1.02081,1.00602,1.01598,0.0
2009-11-18,1.01595,1.01686,1.00761,1.00965,0.0
2009-11-19,1.00984,1.01949,1.00942,1.01274,0.0
2009-11-20,1.01269,1.0222,1.01214,1.01784,0.0
2009-11-23,1.01739,1.01803,1.00712,1.00991,0.0
2009-11-24,1.00993,1.01516,1.00749,1.00863,0.0
2009-11-25,1.00859,1.00944,0.99553,0.99631,0.0
2009-11-26,0.99626,1.00695,0.99182,1.00263,0.0
2009-11-27,1.00364,1.01761,1.0022,1.00546,0.0
2009-11-30,1.0043,1.00757,0.99934,1.00527,0.0
2009-12-01,1.00527,1.00745,0.99692,0.99938,0.0
2009-12-02,0.99924,1.00251,0.99771,1.00178,0.0
2009-12-03,1.00166,1.00182,0.99599,1.00105,0.0
2009-12-04,1.00166,1.019,0.99764,1.01597,0.0
2009-12-07,1.01657,1.02436,1.01363,1.01954,0.0
2009-12-08,1.01954,1.02855,1.01636,1.02693,0.0
2009-12-09,1.02689,1.02993,1.02188,1.02663,0.0
2009-12-10,1.02653,1.0301,1.02368,1.02595,0.0
2009-12-11,1.02569,1.03674,1.02345,1.03437,0.0
2009-12-14,1.03419,1.03592,1.02948,1.03151,0.0
2009-12-15,1.03122,1.04287,1.031,1.04025,0.0
2009-12-16,1.04035,1.04247,1.03451,1.03829,0.0
2009-12-17,1.03813,1.05074,1.03806,1.04751,0.0
2009-12-18,1.04755,1.04959,1.03861,1.04281,0.0
2009-12-21,1.03941,1.04809,1.03852,1.04626,0.0
2009-12-22,1.04619,1.0503,1.04416,1.0488,0.0
2009-12-23,1.0488,1.04969,1.03589,1.03873,0.0
2009-12-24,1.0388,1.03987,1.03199,1.03707,0.0
2009-12-28,1.0348,1.03877,1.03278,1.03465,0.0
2009-12-29,1.03459,1.03845,1.02783,1.03653,0.0
2009-12-30,1.03653,1.04212,1.03507,1.03656,0.0
2009-12-31,1.03656,1.03855,1.02852,1.03548,0.0
2010-01-04,1.03673,1.042,1.02625,1.02976,0.0
2010-01-05,1.02996,1.03597,1.02509,1.03368,0.0
2010-01-06,1.03357,1.03789,1.02486,1.02754,0.0
2010-01-07,1.02747,1.03703,1.02418,1.03399,0.0
2010-01-08,1.03379,1.0384,1.02153,1.02363,0.0
2010-01-11,1.0222,1.02398,1.01299,1.01634,0.0
2010-01-12,1.01587,1.02075,1.0144,1.01843,0.0
2010-01-13,1.01832,1.02179,1.01372,1.01806,0.0
2010-01-14,1.01806,1.02343,1.01594,1.01866,0.0
2010-01-15,1.01862,1.02862,1.01799,1.02508,0.0
2010-01-18,1.02749,1.02908,1.02355,1.02467,0.0
2010-01-19,1.02472,1.03543,1.02258,1.03258,0.0
2010-01-20,1.03225,1.0462,1.0317,1.04399,0.0
2010-01-21,1.04392,1.04949,1.04021,1.0427,0.0
2010-01-22,1.0428,1.04452,1.03743,1.0408,0.0
2010-01-25,1.04003,1.04235,1.03671,1.03957,0.0
2010-01-26,1.03946,1.04914,1.03777,1.04627,0.0
2010-01-27,1.04623,1.05258,1.04472,1.05024,0.0
2010-01-28,1.04997,1.05552,1.0476,1.05213,0.0
2010-01-29,1.05219,1.06424,1.04817,1.06062,0.0
2010-02-01,1.06016,1.06246,1.05526,1.05621,0.0
2010-02-02,1.05591,1.06065,1.05405,1.05482,0.0
2010-02-03,1.05478,1.05996,1.04968,1.05942,0.0
2010-02-04,1.0595,1.06746,1.058,1.06675,0.0
2010-02-05,1.06647,1.07944,1.06455,1.07231,0.0
2010-02-08,1.07513,1.07723,1.06827,1.07319,0.0
2010-02-09,1.07322,1.07463,1.06079,1.06369,0.0
2010-02-10,1.06375,1.07199,1.06175,1.06752,0.0
2010-02-11,1.06743,1.07825,1.06265,1.07027,0.0
2010-02-12,1.07039,1.08261,1.06968,1.07542,0.0
2010-02-15,1.07652,1.08033,1.07528,1.0776,0.0
2010-02-16,1.07745,1.07887,1.06527,1.06599,0.0
2010-02-17,1.06595,1.07994,1.06463,1.07834,0.0
2010-02-18,1.07843,1.08498,1.07471,1.0837,0.0
2010-02-19,1.08309,1.08969,1.07489,1.07556,0.0
2010-02-22,1.07414,1.07874,1.07384,1.07609,0.0
2010-02-23,1.07602,1.08477,1.07142,1.08387,0.0
2010-02-24,1.08356,1.08416,1.07379,1.08085,0.0
2010-02-25,1.08059,1.08775,1.07835,1.08004,0.0
2010-02-26,1.07992,1.08159,1.06937,1.07334,0.0
2010-03-01,1.07377,1.08701,1.07192,1.07914,0.0
2010-03-02,1.07908,1.08853,1.07425,1.07468,0.0
2010-03-03,1.07469,1.07626,1.06477,1.0677,0.0
2010-03-04,1.06762,1.07945,1.06684,1.077,0.0
2010-03-05,1.0768,1.08093,1.0734,1.07416,0.0
2010-03-08,1.07303,1.0748,1.06747,1.0731,0.0
2010-03-09,1.0731,1.08035,1.0726,1.07494,0.0
2010-03-10,1.07505,1.07934,1.0684,1.06974,0.0
2010-03-11,1.06984,1.07313,1.06804,1.06817,0.0
2010-03-12,1.06853,1.06956,1.05761,1.05768,0.0
2010-03-15,1.05751,1.06416,1.05736,1.06173,0.0
2010-03-16,1.06194,1.06259,1.05325,1.05472,0.0
2010-03-17,1.05454,1.05644,1.05064,1.05399,0.0
2010-03-18,1.0539,1.06461,1.05323,1.05789,0.0
2010-03-19,1.05763,1.06344,1.05389,1.06139,0.0
2010-03-22,1.06093,1.06605,1.05613,1.05803,0.0
2010-03-23,1.05816,1.06384,1.0546,1.0573,0.0
2010-03-24,1.05729,1.07385,1.05576,1.07288,0.0
2010-03-25,1.07294,1.07507,1.0672,1.0742,0.0
2010-03-26,1.07408,1.07444,1.06351,1.06507,0.0
2010-03-29,1.0586,1.06903,1.05794,1.06221,0.0
2010-03-30,1.06224,1.06798,1.05864,1.06644,0.0
2010-03-31,1.06648,1.06833,1.0488,1.05387,0.0
2010-04-01,1.05356,1.06101,1.04342,1.05394,0.0
2010-04-02,1.05429,1.06434,1.05361,1.06077,0.0
2010-04-05,1.0613,1.06432,1.0583,1.06211,0.0
2010-04-06,1.06215,1.07216,1.06127,1.06874,0.0
2010-04-07,1.06868,1.07444,1.06793,1.07376,0.0
2010-04-08,1.07365,1.07849,1.07144,1.07281,0.0
2010-04-09,1.07278,1.07617,1.06542,1.06572,0.0
2010-04-12,1.05322,1.06159,1.05322,1.05907,0.0
2010-04-13,1.05901,1.06029,1.05335,1.05354,0.0
2010-04-14,1.05377,1.056,1.05014,1.05169,0.0
2010-04-15,1.0517,1.06115,1.05063,1.05629,0.0
2010-04-16,1.05611,1.06328,1.05559,1.06137,0.0
2010-04-19,1.06353,1.06897,1.06136,1.06298,0.0
2010-04-20,1.0629,1.069,1.06013,1.06849,0.0
2010-04-21,1.06846,1.07236,1.06583,1.07033,0.0
2010-04-22,1.07033,1.08031,1.06726,1.07794,0.0
2010-04-23,1.07838,1.08498,1.07142,1.07256,0.0
2010-04-26,1.07483,1.07868,1.07128,1.07274,0.0
2010-04-27,1.0718,1.0882,1.0699,1.08769,0.0
2010-04-28,1.08798,1.09233,1.08135,1.08431,0.0
2010-04-29,1.08466,1.08683,1.0806,1.08365,0.0
2010-04-30,1.08392,1.08458,1.07464,1.07757,0.0
2010-05-03,1.0745,1.08884,1.07432,1.08561,0.0
2010-05-04,1.08583,1.10337,1.08402,1.1028,0.0
2010-05-05,1.103,1.11865,1.10217,1.11814,0.0
2010-05-06,1.11942,1.12465,1.10165,1.11376,0.0
2010-05-07,1.11361,1.11764,1.10497,1.10808,0.0
2010-05-10,1.10066,1.11163,1.09232,1.10978,0.0
2010-05-11,1.10958,1.11331,1.10353,1.11151,0.0
2010-05-12,1.11187,1.11403,1.10584,1.11139,0.0
2010-05-13,1.11123,1.11883,1.10766,1.11749,0.0
2010-05-14,1.11737,1.13363,1.115,1.1333,0.0
2010-05-17,1.1346,1.14461,1.1297,1.13103,0.0
2010-05-18,1.13088,1.1515,1.12667,1.14749,0.0
2010-05-19,1.14816,1.15857,1.14179,1.15036,0.0
2010-05-20,1.14987,1.15737,1.14515,1.15045,0.0
2010-05-21,1.15027,1.15804,1.14491,1.14941,0.0
2010-05-24,1.15028,1.16098,1.14891,1.15897,0.0
2010-05-25,1.15915,1.16954,1.15601,1.15693,0.0
2010-05-26,1.15669,1.16236,1.15141,1.16034,0.0
2010-05-27,1.16014,1.16549,1.14845,1.15084,0.0
2010-05-28,1.14999,1.15965,1.14803,1.15886,0.0
2010-05-31,1.15892,1.15927,1.15334,1.15458,0.0
2010-06-01,1.15451,1.17304,1.14687,1.15665,0.0
2010-06-02,1.15639,1.16019,1.15272,1.15475,0.0
2010-06-03,1.15444,1.15733,1.14958,1.15639,0.0
2010-06-04,1.15648,1.16429,1.14199,1.16255,0.0
2010-06-07,1.16424,1.16729,1.15834,1.16296,0.0
2010-06-08,1.1633,1.16403,1.14851,1.15244,0.0
2010-06-09,1.15214,1.15545,1.14149,1.14821,0.0
2010-06-10,1.14824,1.15035,1.13969,1.14179,0.0
2010-06-11,1.14244,1.15455,1.14046,1.14899,0.0
2010-06-14,1.1478,1.14882,1.13493,1.14184,0.0
2010-06-15,1.14198,1.14795,1.12921,1.13299,0.0
2010-06-16,1.13311,1.13387,1.12492,1.131,0.0
2010-06-17,1.13113,1.13292,1.10944,1.11181,0.0
2010-06-18,1.11197,1.113,1.10802,1.10833,0.0
2010-06-21,1.10448,1.11367,1.09952,1.11221,0.0
2010-06-22,1.11143,1.11205,1.10349,1.10725,0.0
2010-06-23,1.10754,1.11369,1.10192,1.10514,0.0
2010-06-24,1.10509,1.10663,1.09834,1.10292,0.0
2010-06-25,1.10187,1.10465,1.09211,1.09265,0.0
2010-06-28,1.09307,1.09419,1.0816,1.08677,0.0
2010-06-29,1.08682,1.0902,1.08012,1.08205,0.0
2010-06-30,1.08168,1.08545,1.07513,1.07718,0.0
2010-07-01,1.0775,1.07888,1.05777,1.05903,0.0
2010-07-02,1.05862,1.06959,1.05847,1.06251,0.0
2010-07-05,1.06332,1.06731,1.06187,1.06443,0.0
2010-07-06,1.06444,1.06665,1.05611,1.05901,0.0
2010-07-07,1.05889,1.06363,1.05078,1.0517,0.0
2010-07-08,1.05222,1.0563,1.04809,1.04902,0.0
2010-07-09,1.04896,1.05917,1.04877,1.0575,0.0
2010-07-12,1.05734,1.06751,1.05459,1.06027,0.0
2010-07-13,1.06046,1.06451,1.05138,1.05447,0.0
2010-07-14,1.05455,1.06173,1.0524,1.05245,0.0
2010-07-15,1.05257,1.0546,1.04004,1.04074,0.0
2010-07-16,1.04084,1.05413,1.03986,1.05023,0.0
2010-07-19,1.04872,1.05593,1.04455,1.0549,0.0
2010-07-20,1.05476,1.05569,1.04519,1.05263,0.0
2010-07-21,1.05257,1.0542,1.04838,1.05142,0.0
2010-07-22,1.05124,1.05132,1.03931,1.0428,0.0
2010-07-23,1.04244,1.05636,1.04068,1.05428,0.0
2010-07-26,1.05456,1.05554,1.04594,1.04837,0.0
2010-07-27,1.04838,1.06397,1.04805,1.06045,0.0
2010-07-28,1.06019,1.06225,1.05361,1.05658,0.0
2010-07-29,1.05639,1.05797,1.03731,1.0407,0.0
2010-07-30,1.0406,1.04655,1.03608,1.04088,0.0
2010-08-02,1.04013,1.04755,1.0347,1.03873,0.0
2010-08-03,1.03879,1.04133,1.03467,1.03902,0.0
2010-08-04,1.03903,1.05534,1.03786,1.05282,0.0
2010-08-05,1.05297,1.05415,1.04121,1.04591,0.0
2010-08-06,1.04598,1.05078,1.03308,1.03872,0.0
2010-08-09,1.03728,1.04983,1.03713,1.04916,0.0
2010-08-10,1.04916,1.0617,1.04597,1.04823,0.0
2010-08-11,1.04878,1.06011,1.04742,1.0599,0.0
2010-08-12,1.05957,1.06256,1.04645,1.04963,0.0
2010-08-13,1.04958,1.05478,1.04812,1.05079,0.0
2010-08-16,1.05049,1.05336,1.035,1.03924,0.0
2010-08-17,1.0393,1.04473,1.03614,1.04324,0.0
2010-08-18,1.04324,1.0452,1.03844,1.04239,0.0
2010-08-19,1.04244,1.04641,1.02571,1.03185,0.0
2010-08-20,1.03151,1.03922,1.02856,1.03384,0.0
2010-08-23,1.03455,1.04121,1.03002,1.04063,0.0
2010-08-24,1.04075,1.04503,1.0286,1.03268,0.0
2010-08-25,1.03246,1.03413,1.02468,1.03027,0.0
2010-08-26,1.03029,1.03175,1.02211,1.02402,0.0
2010-08-27,1.02386,1.03043,1.02196,1.02777,0.0
2010-08-30,1.02737,1.03082,1.02365,1.02613,0.0
2010-08-31,1.02608,1.02639,1.01349,1.01497,0.0
2010-09-01,1.01489,1.01814,1.00637,1.01567,0.0
2010-09-02,1.01564,1.01842,1.00947,1.01258,0.0
2010-09-03,1.01258,1.02381,1.01202,1.01633,0.0
2010-09-06,1.01626,1.01827,1.01078,1.01214,0.0
2010-09-07,1.01213,1.01471,1.00776,1.0112,0.0
2010-09-08,1.01126,1.01392,1.00596,1.01128,0.0
2010-09-09,1.01127,1.01663,1.00992,1.01491,0.0
2010-09-10,1.01487,1.02771,1.01351,1.01961,0.0
2010-09-13,1.01979,1.02067,1.00703,1.00733,0.0
2010-09-14,1.00734,1.00857,0.99316,0.99583,0.0
2010-09-15,0.99577,1.00482,0.99462,1.00313,0.0
2010-09-16,1.00314,1.01704,0.99978,1.01573,0.0
2010-09-17,1.01575,1.01822,1.00679,1.00961,0.0
2010-09-20,1.00875,1.01184,1.00288,1.00475,0.0
2010-09-21,1.00473,1.00746,0.99608,0.99622,0.0
2010-09-22,0.99622,0.99823,0.98376,0.98601,0.0
2010-09-23,0.98595,0.9899,0.98035,0.98541,0.0
2010-09-24,0.98517,0.98817,0.97781,0.98285,0.0
2010-09-27,0.98194,0.98707,0.98142,0.98508,0.0
2010-09-28,0.98523,0.98774,0.97363,0.97556,0.0
2010-09-29,0.97542,0.98141,0.97331,0.9769,0.0
2010-09-30,0.97697,0.9839,0.97073,0.98236,0.0
2010-10-01,0.98228,0.98431,0.97208,0.9735,0.0
2010-10-04,0.97392,0.97886,0.97039,0.97132,0.0
2010-10-05,0.97134,0.97493,0.96438,0.96609,0.0
2010-10-06,0.96569,0.96838,0.95984,0.96143,0.0
2010-10-07,0.96099,0.97003,0.95541,0.96609,0.0
2010-10-08,0.96613,0.96966,0.95902,0.96253,0.0
2010-10-11,0.96053,0.96626,0.95837,0.96469,0.0
2010-10-12,0.96471,0.97275,0.95536,0.95679,0.0
2010-10-13,0.9567,0.9641,0.95439,0.9582,0.0
2010-10-14,0.95825,0.95871,0.94619,0.95285,0.0
2010-10-15,0.95286,0.96013,0.94838,0.95867,0.0
2010-10-18,0.95776,0.96486,0.95408,0.95927,0.0
2010-10-19,0.95957,0.97564,0.9577,0.97167,0.0
2010-10-20,0.97147,0.97167,0.95708,0.96164,0.0
2010-10-21,0.96164,0.96813,0.96107,0.96762,0.0
2010-10-22,0.96763,0.98039,0.96593,0.97682,0.0
2010-10-25,0.97427,0.9783,0.96623,0.97074,0.0
2010-10-26,0.97074,0.98814,0.97019,0.98423,0.0
2010-10-27,0.98414,0.99283,0.98379,0.99029,0.0
2010-10-28,0.9904,0.99069,0.98031,0.98325,0.0
2010-10-29,0.98321,0.99097,0.98196,0.9821,0.0
2010-11-01,0.98212,0.99704,0.98117,0.99171,0.0
2010-11-02,0.99145,0.99319,0.97571,0.97931,0.0
2010-11-03,0.9791,0.9823,0.96915,0.97057,0.0
2010-11-04,0.97057,0.97366,0.95677,0.95819,0.0
2010-11-05,0.95824,0.96403,0.95471,0.96115,0.0
2010-11-08,0.96156,0.96807,0.9601,0.96586,0.0
2010-11-09,0.96574,0.96956,0.95863,0.96819,0.0
2010-11-10,0.96785,0.97665,0.96723,0.97058,0.0
2010-11-11,0.97061,0.97859,0.96699,0.97493,0.0
2010-11-12,0.97508,0.98128,0.97224,0.98073,0.0
2010-11-15,0.97855,0.98709,0.97615,0.98438,0.0
2010-11-16,0.98452,0.99769,0.98281,0.99575,0.0
2010-11-17,0.99578,0.99748,0.98813,0.99117,0.0
2010-11-18,0.99138,0.99974,0.98546,0.99583,0.0
2010-11-19,0.99572,0.99966,0.98751,0.99209,0.0
2010-11-22,0.9921,0.99405,0.98761,0.98933,0.0
2010-11-23,0.98928,0.99743,0.98481,0.99718,0.0
2010-11-24,0.99681,0.99883,0.98978,0.99585,0.0
2010-11-25,0.99558,1.00197,0.99428,1.00037,0.0
2010-11-26,1.00039,1.00531,0.9983,1.00298,0.0
2010-11-29,1.00248,1.00451,0.99874,0.99998,0.0
2010-11-30,1.00028,1.00424,0.99252,1.00331,0.0
2010-12-01,1.00314,1.00653,0.99846,1.00216,0.0
2010-12-02,1.00213,1.00532,0.98869,0.99251,0.0
2010-12-03,0.99294,0.995,0.9725,0.97348,0.0
2010-12-06,0.97528,0.98736,0.97252,0.98151,0.0
2010-12-07,0.98137,0.98839,0.97561,0.98745,0.0
2010-12-08,0.98746,0.99148,0.9848,0.986,0.0
2010-12-09,0.98609,0.98946,0.98083,0.98331,0.0
2010-12-10,0.98333,0.98408,0.97944,0.98094,0.0
2010-12-13,0.98384,0.98502,0.96483,0.96768,0.0
2010-12-14,0.96775,0.96896,0.956,0.95933,0.0
2010-12-15,0.95944,0.96953,0.9574,0.96806,0.0
2010-12-16,0.96781,0.97332,0.96402,0.9641,0.0
2010-12-17,0.96413,0.97189,0.95575,0.96866,0.0
2010-12-20,0.96799,0.97196,0.96308,0.96467,0.0
2010-12-21,0.96474,0.96538,0.95621,0.95793,0.0
2010-12-22,0.95789,0.95899,0.95024,0.95192,0.0
2010-12-23,0.95167,0.96646,0.94969,0.95844,0.0
2010-12-24,0.95843,0.96338,0.95547,0.96282,0.0
2010-12-27,0.96141,0.96459,0.95746,0.95999,0.0
2010-12-28,0.96011,0.96055,0.94338,0.95205,0.0
2010-12-29,0.95179,0.95321,0.94537,0.94557,0.0
2010-12-30,0.94546,0.94588,0.93491,0.93491,0.0
2010-12-31,0.93498,0.93961,0.92995,0.93339,0.0
2011-01-03,0.93432,0.93828,0.93188,0.93326,0.0
2011-01-04,0.93327,0.95166,0.93256,0.94846,0.0
2011-01-05,0.94848,0.96849,0.94684,0.96579,0.0
2011-01-06,0.96561,0.97071,0.96096,0.96535,0.0
2011-01-07,0.96536,0.969,0.96025,0.967,0.0
2011-01-10,0.96885,0.97266,0.963,0.96736,0.0
2011-01-11,0.96733,0.97838,0.96592,0.97348,0.0
2011-01-12,0.97349,0.97551,0.96606,0.96652,0.0
2011-01-13,0.96666,0.97634,0.96118,0.96365,0.0
2011-01-14,0.96364,0.96863,0.9604,0.96325,0.0
2011-01-17,0.9624,0.96758,0.96236,0.96443,0.0
2011-01-18,0.96441,0.96555,0.95503,0.96316,0.0
2011-01-19,0.96331,0.96463,0.95195,0.95467,0.0
2011-01-20,0.9547,0.9684,0.95266,0.96722,0.0
2011-01-21,0.96727,0.96864,0.9572,0.95807,0.0
2011-01-24,0.95584,0.96222,0.94708,0.94909,0.0
2011-01-25,0.94906,0.9522,0.94028,0.94223,0.0
2011-01-26,0.94179,0.94642,0.93998,0.94163,0.0
2011-01-27,0.94125,0.94811,0.93892,0.94527,0.0
2011-01-28,0.9451,0.94702,0.94028,0.94165,0.0
2011-01-31,0.94123,0.94486,0.9368,0.94385,0.0
2011-02-01,0.94383,0.94562,0.9336,0.93513,0.0
2011-02-02,0.93514,0.94415,0.93279,0.93994,0.0
2011-02-03,0.94012,0.95246,0.93948,0.94542,0.0
2011-02-04,0.94524,0.95934,0.94487,0.9549,0.0
2011-02-07,0.95744,0.95974,0.9529,0.95531,0.0
2011-02-08,0.95539,0.9643,0.95229,0.96306,0.0
2011-02-09,0.96301,0.96601,0.95516,0.95767,0.0
2011-02-10,0.95773,0.97022,0.95727,0.96888,0.0
2011-02-11,0.96896,0.97748,0.9678,0.9729,0.0
2011-02-14,0.97423,0.97436,0.96906,0.9698,0.0
2011-02-15,0.96989,0.97286,0.96486,0.9669,0.0
2011-02-16,0.96683,0.97383,0.95528,0.95923,0.0
2011-02-17,0.95921,0.96014,0.94772,0.94951,0.0
2011-02-18,0.94953,0.95387,0.94352,0.94437,0.0
2011-02-21,0.94322,0.94883,0.94322,0.94659,0.0
2011-02-22,0.94638,0.95052,0.93655,0.93864,0.0
2011-02-23,0.93851,0.93913,0.93072,0.93288,0.0
2011-02-24,0.93292,0.93342,0.9233,0.92623,0.0
2011-02-25,0.92644,0.93177,0.92349,0.92807,0.0
2011-02-28,0.92812,0.93057,0.92583,0.92861,0.0
2011-03-01,0.92861,0.93215,0.92736,0.92838,0.0
2011-03-02,0.92843,0.92908,0.92013,0.92348,0.0
2011-03-03,0.92347,0.93267,0.92318,0.93141,0.0
2011-03-04,0.9316,0.9329,0.92233,0.92425,0.0
2011-03-07,0.92533,0.92748,0.92353,0.92648,0.0
2011-03-08,0.92646,0.93628,0.92606,0.93498,0.0
2011-03-09,0.93499,0.93686,0.9268,0.92943,0.0
2011-03-10,0.92947,0.93624,0.928,0.93188,0.0
2011-03-11,0.93174,0.9358,0.92674,0.9295,0.0
2011-03-14,0.92735,0.93157,0.92288,0.92425,0.0
2011-03-15,0.92422,0.92504,0.914,0.91642,0.0
2011-03-16,0.91614,0.91975,0.90701,0.90782,0.0
2011-03-17,0.90748,0.90826,0.89003,0.89834,0.0
2011-03-18,0.89831,0.90892,0.89624,0.90083,0.0
2011-03-21,0.89925,0.90741,0.89922,0.90434,0.0
2011-03-22,0.9044,0.90562,0.90121,0.90326,0.0
2011-03-23,0.90335,0.90875,0.89778,0.90833,0.0
2011-03-24,0.90826,0.91231,0.90285,0.9083,0.0
2011-03-25,0.90842,0.92141,0.90737,0.91981,0.0
2011-03-28,0.92127,0.92333,0.9151,0.91662,0.0
2011-03-29,0.91657,0.92233,0.91393,0.9199,0.0
2011-03-30,0.91994,0.92741,0.9175,0.9182,0.0
2011-03-31,0.91836,0.91976,0.91255,0.91884,0.0
2011-04-01,0.91905,0.93399,0.91798,0.92361,0.0
2011-04-04,0.9239,0.92615,0.9191,0.92297,0.0
2011-04-05,0.92289,0.92728,0.92045,0.92528,0.0
2011-04-06,0.9251,0.92944,0.91298,0.91883,0.0
2011-04-07,0.91866,0.91996,0.91522,0.9163,0.0
2011-04-08,0.91629,0.91704,0.90573,0.90612,0.0
2011-04-11,0.90585,0.91045,0.90462,0.90642,0.0
2011-04-12,0.90639,0.90747,0.89414,0.89672,0.0
2011-04-13,0.89673,0.89906,0.89282,0.89615,0.0
2011-04-14,0.89614,0.89692,0.88955,0.89224,0.0
2011-04-15,0.89226,0.89591,0.89149,0.89193,0.0
2011-04-18,0.89247,0.89991,0.89045,0.89615,0.0
2011-04-19,0.89628,0.90074,0.89451,0.89965,0.0
2011-04-20,0.89972,0.9014,0.88743,0.8878,0.0
2011-04-21,0.88772,0.88922,0.878,0.8859,0.0
2011-04-22,0.88585,0.88776,0.88445,0.88586,0.0
2011-04-25,0.88459,0.88731,0.8771,0.88095,0.0
2011-04-26,0.881,0.88525,0.87449,0.87453,0.0
2011-04-27,0.87454,0.88337,0.8669,0.87447,0.0
2011-04-28,0.87397,0.8759,0.86886,0.87301,0.0
2011-04-29,0.87296,0.87474,0.86254,0.8645,0.0
2011-05-02,0.86454,0.86959,0.86245,0.86455,0.0
2011-05-03,0.8645,0.86729,0.85952,0.86048,0.0
2011-05-04,0.86058,0.86494,0.85515,0.86069,0.0
2011-05-05,0.8607,0.87124,0.85561,0.86982,0.0
2011-05-06,0.86981,0.87978,0.86763,0.87761,0.0
2011-05-09,0.87857,0.87873,0.87088,0.87157,0.0
2011-05-10,0.87105,0.88224,0.8707,0.87971,0.0
2011-05-11,0.87955,0.88832,0.87828,0.88747,0.0
2011-05-12,0.88674,0.89035,0.88252,0.88395,0.0
2011-05-13,0.88345,0.89454,0.87971,0.89243,0.0
2011-05-16,0.89238,0.89382,0.87987,0.88434,0.0
2011-05-17,0.88386,0.88819,0.87971,0.8801,0.0
2011-05-18,0.8795,0.88438,0.87827,0.88082,0.0
2011-05-19,0.88008,0.88789,0.87644,0.88045,0.0
2011-05-20,0.88001,0.88551,0.87469,0.87693,0.0
2011-05-23,0.87861,0.88484,0.87552,0.88359,0.0
2011-05-24,0.88311,0.88929,0.87817,0.8799,0.0
2011-05-25,0.87922,0.88135,0.87084,0.87258,0.0
2011-05-26,0.87245,0.87324,0.86495,0.86557,0.0
2011-05-27,0.865,0.86617,0.84522,0.84871,0.0
2011-05-30,0.84841,0.85304,0.84838,0.85204,0.0
2011-05-31,0.85194,0.85459,0.84648,0.85365,0.0
2011-06-01,0.85367,0.85424,0.83822,0.84173,0.0
2011-06-02,0.84119,0.84522,0.84013,0.8422,0.0
2011-06-03,0.84206,0.84454,0.83304,0.83343,0.0
2011-06-06,0.83479,0.83854,0.83268,0.8344,0.0
2011-06-07,0.83385,0.83904,0.83261,0.83629,0.0
2011-06-08,0.83597,0.83796,0.83462,0.83588,0.0
2011-06-09,0.83574,0.84454,0.83544,0.84147,0.0
2011-06-10,0.84115,0.84393,0.83961,0.84339,0.0
2011-06-13,0.84281,0.84675,0.83525,0.83694,0.0
2011-06-14,0.83695,0.84565,0.83468,0.84537,0.0
2011-06-15,0.84516,0.85507,0.84419,0.8527,0.0
2011-06-16,0.8526,0.85491,0.8474,0.84762,0.0
2011-06-17,0.84706,0.85095,0.84416,0.84831,0.0
2011-06-20,0.84898,0.85159,0.84061,0.84614,0.0
2011-06-21,0.84598,0.84614,0.83997,0.84034,0.0
2011-06-22,0.84,0.8432,0.83399,0.83899,0.0
2011-06-23,0.83851,0.8438,0.83637,0.83853,0.0
2011-06-24,0.83807,0.83945,0.83088,0.83225,0.0
2011-06-27,0.83192,0.83836,0.83174,0.83512,0.0
2011-06-28,0.83434,0.83575,0.82747,0.83168,0.0
2011-06-29,0.83088,0.83676,0.82964,0.83426,0.0
2011-06-30,0.83335,0.84639,0.83045,0.84044,0.0
2011-07-01,0.84014,0.85257,0.83965,0.84723,0.0
2011-07-04,0.84749,0.85026,0.84618,0.84727,0.0
2011-07-05,0.84729,0.85063,0.83829,0.83979,0.0
2011-07-06,0.83955,0.84425,0.83628,0.83922,0.0
2011-07-07,0.83817,0.84944,0.83789,0.84349,0.0
2011-07-08,0.84347,0.85195,0.83518,0.83518,0.0
2011-07-11,0.83832,0.83868,0.83296,0.83506,0.0
2011-07-12,0.83504,0.83972,0.82816,0.82977,0.0
2011-07-13,0.82983,0.83299,0.8171,0.8171,0.0
2011-07-14,0.81643,0.81989,0.80811,0.81526,0.0
2011-07-15,0.81535,0.81911,0.81201,0.81393,0.0
2011-07-18,0.80833,0.8193,0.80833,0.81686,0.0
2011-07-19,0.81725,0.82773,0.81511,0.82341,0.0
2011-07-20,0.82311,0.82547,0.81772,0.81945,0.0
2011-07-21,0.81948,0.82364,0.81361,0.81493,0.0
2011-07-22,0.81484,0.82466,0.8131,0.81861,0.0
2011-07-25,0.81108,0.81545,0.802,0.8058,0.0
2011-07-26,0.80582,0.80683,0.79978,0.80112,0.0
2011-07-27,0.80113,0.80463,0.79955,0.80141,0.0
2011-07-28,0.80143,0.80458,0.79894,0.80089,0.0
2011-07-29,0.8009,0.80314,0.78496,0.78555,0.0
2011-08-01,0.79135,0.79524,0.77295,0.7834,0.0
2011-08-02,0.78336,0.78557,0.76214,0.76215,0.0
2011-08-03,0.76213,0.77875,0.76081,0.77006,0.0
2011-08-04,0.77008,0.78015,0.76245,0.76349,0.0
2011-08-05,0.76348,0.77398,0.75779,0.76613,0.0
2011-08-08,0.75752,0.76511,0.74819,0.75476,0.0
2011-08-09,0.75481,0.7592,0.70663,0.72046,0.0
2011-08-10,0.72051,0.73295,0.718,0.72651,0.0
2011-08-11,0.72652,0.76866,0.72372,0.76166,0.0
2011-08-12,0.76032,0.77852,0.75478,0.77699,0.0
2011-08-15,0.78328,0.79966,0.77873,0.7841,0.0
2011-08-16,0.78341,0.79586,0.7769,0.79575,0.0
2011-08-17,0.79574,0.8016,0.78236,0.7898,0.0
2011-08-18,0.78976,0.79887,0.78569,0.79384,0.0
2011-08-19,0.79392,0.79599,0.78064,0.78444,0.0
2011-08-22,0.78995,0.79061,0.78389,0.7901,0.0
2011-08-23,0.79002,0.79314,0.7852,0.7922,0.0
2011-08-24,0.79214,0.79599,0.78743,0.79584,0.0
2011-08-25,0.79582,0.79885,0.79095,0.7929,0.0
2011-08-26,0.79288,0.81567,0.7892,0.80588,0.0
2011-08-29,0.80655,0.82404,0.80655,0.81556,0.0
2011-08-30,0.81554,0.82321,0.81203,0.81996,0.0
2011-08-31,0.81966,0.82083,0.7993,0.80471,0.0
2011-09-01,0.80509,0.80875,0.79254,0.79547,0.0
2011-09-02,0.79548,0.79598,0.77101,0.78805,0.0
2011-09-05,0.78633,0.79117,0.78203,0.78656,0.0
2011-09-06,0.78662,0.86257,0.78398,0.86157,0.0
2011-09-07,0.86168,0.86256,0.85384,0.85724,0.0
2011-09-08,0.85727,0.87687,0.85705,0.87537,0.0
2011-09-09,0.87535,0.88638,0.87051,0.88302,0.0
2011-09-12,0.88703,0.89273,0.87977,0.87987,0.0
2011-09-13,0.87968,0.8879,0.8758,0.88005,0.0
2011-09-14,0.88001,0.88534,0.87283,0.87517,0.0
2011-09-15,0.87518,0.87968,0.86468,0.86918,0.0
2011-09-16,0.86886,0.8777,0.86859,0.87436,0.0
2011-09-19,0.88012,0.88744,0.8792,0.88185,0.0
2011-09-20,0.88177,0.89216,0.87897,0.88686,0.0
2011-09-21,0.88687,0.90087,0.88307,0.89986,0.0
2011-09-22,0.89987,0.9182,0.89756,0.90844,0.0
2011-09-23,0.90836,0.90848,0.89956,0.90426,0.0
2011-09-26,0.90363,0.91426,0.90056,0.90116,0.0
2011-09-27,0.90112,0.90572,0.89243,0.89596,0.0
2011-09-28,0.89593,0.9003,0.89255,0.89995,0.0
2011-09-29,0.89901,0.9021,0.89175,0.89694,0.0
2011-09-30,0.89674,0.90852,0.89624,0.90748,0.0
2011-10-03,0.91008,0.92166,0.90767,0.92146,0.0
2011-10-04,0.92146,0.92615,0.91449,0.91559,0.0
2011-10-05,0.91617,0.92497,0.91509,0.92304,0.0
2011-10-06,0.92289,0.93148,0.91849,0.9205,0.0
2011-10-07,0.92048,0.9287,0.91458,0.92649,0.0
2011-10-10,0.92668,0.92719,0.90019,0.90347,0.0
2011-10-11,0.90344,0.91216,0.90245,0.90845,0.0
2011-10-12,0.90848,0.91109,0.89172,0.89506,0.0
2011-10-13,0.89448,0.90391,0.8927,0.89778,0.0
2011-10-14,0.89803,0.90088,0.89028,0.89095,0.0
2011-10-17,0.89157,0.89968,0.88806,0.89905,0.0
2011-10-18,0.89883,0.90478,0.89447,0.8984,0.0
2011-10-19,0.89823,0.90379,0.89495,0.90268,0.0
2011-10-20,0.90188,0.90824,0.89283,0.89367,0.0
2011-10-21,0.8936,0.89518,0.88052,0.88207,0.0
2011-10-24,0.88431,0.88773,0.87909,0.88066,0.0
2011-10-25,0.88076,0.88467,0.87711,0.87779,0.0
2011-10-26,0.87751,0.88585,0.87282,0.88093,0.0
2011-10-27,0.88062,0.88241,0.8567,0.85984,0.0
2011-10-28,0.85969,0.86509,0.85935,0.86248,0.0
2011-10-31,0.86247,0.8786,0.86101,0.87674,0.0
2011-11-01,0.87685,0.89598,0.87624,0.88693,0.0
2011-11-02,0.88691,0.89047,0.87935,0.88383,0.0
2011-11-03,0.88388,0.8893,0.8761,0.87774,0.0
2011-11-04,0.87769,0.89047,0.87685,0.88465,0.0
2011-11-07,0.88685,0.90304,0.88677,0.90039,0.0
2011-11-08,0.89971,0.9067,0.8922,0.89479,0.0
2011-11-09,0.89446,0.91097,0.89222,0.90931,0.0
2011-11-10,0.90929,0.9152,0.90177,0.90619,0.0
2011-11-11,0.90541,0.9083,0.89528,0.89988,0.0
2011-11-14,0.89833,0.90921,0.89606,0.90819,0.0
2011-11-15,0.90818,0.91979,0.90762,0.91487,0.0
2011-11-16,0.91457,0.92223,0.91386,0.91918,0.0
2011-11-17,0.91893,0.92355,0.91514,0.92188,0.0
2011-11-18,0.92174,0.92228,0.90845,0.91563,0.0
2011-11-21,0.91642,0.92089,0.91396,0.91702,0.0
2011-11-22,0.91699,0.91853,0.91069,0.91411,0.0
2011-11-23,0.9137,0.92131,0.91271,0.91958,0.0
2011-11-24,0.91848,0.92153,0.91531,0.91953,0.0
2011-11-25,0.91914,0.93298,0.91884,0.92983,0.0
2011-11-28,0.92704,0.93065,0.91749,0.92238,0.0
2011-11-29,0.92123,0.92435,0.91388,0.9206,0.0
2011-11-30,0.92065,0.92511,0.90651,0.91305,0.0
2011-12-01,0.91299,0.91821,0.90703,0.91558,0.0
2011-12-02,0.91522,0.9242,0.91091,0.92032,0.0
2011-12-05,0.92053,0.92307,0.91645,0.92049,0.0
2011-12-06,0.91995,0.92958,0.91916,0.92575,0.0
2011-12-07,0.92572,0.92878,0.92268,0.92348,0.0
2011-12-08,0.92346,0.929,0.9176,0.92588,0.0
2011-12-09,0.92576,0.92841,0.91812,0.92286,0.0
2011-12-12,0.92498,0.93879,0.92472,0.93709,0.0
2011-12-13,0.93686,0.94775,0.93415,0.94555,0.0
2011-12-14,0.94544,0.95375,0.94288,0.95342,0.0
2011-12-15,0.95335,0.95469,0.9388,0.94002,0.0
2011-12-16,0.93936,0.94142,0.93508,0.93571,0.0
2011-12-19,0.93604,0.93991,0.93467,0.93725,0.0
2011-12-20,0.93712,0.93803,0.92669,0.93156,0.0
2011-12-21,0.93146,0.93929,0.92425,0.93561,0.0
2011-12-22,0.9353,0.93993,0.93061,0.93596,0.0
2011-12-23,0.93566,0.93877,0.93336,0.93595,0.0
2011-12-27,0.93397,0.93767,0.9332,0.93394,0.0
2011-12-28,0.93379,0.94411,0.93198,0.94232,0.0
2011-12-29,0.94235,0.94699,0.93922,0.94009,0.0
2011-12-30,0.93993,0.94273,0.9341,0.93831,0.0
2012-01-02,0.93737,0.9411,0.93598,0.93957,0.0
2012-01-03,0.93843,0.93996,0.93047,0.93205,0.0
2012-01-04,0.93195,0.94489,0.93054,0.94131,0.0
2012-01-05,0.94152,0.95378,0.94097,0.95216,0.0
2012-01-06,0.95205,0.95782,0.95052,0.955,0.0
2012-01-09,0.95685,0.95946,0.94895,0.94932,0.0
2012-01-10,0.94939,0.95111,0.94647,0.94909,0.0
2012-01-11,0.94892,0.95669,0.9482,0.95415,0.0
2012-01-12,0.95372,0.95455,0.94111,0.94438,0.0
2012-01-13,0.94435,0.95745,0.94062,0.95145,0.0
2012-01-16,0.95427,0.95657,0.95249,0.954,0.0
2012-01-17,0.95389,0.95743,0.94473,0.94926,0.0
2012-01-18,0.94926,0.94962,0.93824,0.93934,0.0
2012-01-19,0.93936,0.94117,0.93168,0.93184,0.0
2012-01-20,0.93187,0.93695,0.93058,0.93414,0.0
2012-01-23,0.93676,0.93787,0.92511,0.9273,0.0
2012-01-24,0.92735,0.93113,0.92344,0.92742,0.0
2012-01-25,0.92728,0.93389,0.92037,0.92148,0.0
2012-01-26,0.92144,0.9228,0.91558,0.92026,0.0
2012-01-27,0.92025,0.92281,0.91138,0.91172,0.0
2012-01-30,0.91168,0.9209,0.91165,0.91701,0.0
2012-01-31,0.91643,0.92276,0.9122,0.92015,0.0
2012-02-01,0.91978,0.92498,0.9114,0.91523,0.0
2012-02-02,0.91505,0.92072,0.91298,0.91664,0.0
2012-02-03,0.91624,0.92338,0.91261,0.91751,0.0
2012-02-06,0.91943,0.92625,0.91781,0.91853,0.0
2012-02-07,0.91848,0.92263,0.91098,0.91151,0.0
2012-02-08,0.91149,0.91492,0.91062,0.91238,0.0
2012-02-09,0.91204,0.9151,0.90886,0.91159,0.0
2012-02-10,0.91155,0.92,0.91021,0.91593,0.0
2012-02-13,0.91353,0.91656,0.91024,0.91635,0.0
2012-02-14,0.91622,0.92291,0.91424,0.91946,0.0
2012-02-15,0.91914,0.92507,0.91547,0.92333,0.0
2012-02-16,0.9219,0.92998,0.91749,0.91892,0.0
2012-02-17,0.9189,0.9206,0.9159,0.9194,0.0
2012-02-20,0.9175,0.91783,0.90846,0.91137,0.0
2012-02-21,0.91112,0.91484,0.90823,0.91218,0.0
2012-02-22,0.91209,0.91375,0.90965,0.90997,0.0
2012-02-23,0.90983,0.91136,0.90087,0.90129,0.0
2012-02-24,0.90112,0.90265,0.89306,0.89578,0.0
2012-02-27,0.89482,0.90106,0.89357,0.89927,0.0
2012-02-28,0.89917,0.90016,0.89443,0.89503,0.0
2012-02-29,0.89527,0.90517,0.89353,0.90434,0.0
2012-03-01,0.90432,0.90718,0.90208,0.90575,0.0
2012-03-02,0.90583,0.91489,0.90457,0.91417,0.0
2012-03-05,0.91395,0.91616,0.91053,0.91224,0.0
2012-03-06,0.91172,0.9196,0.91139,0.91857,0.0
2012-03-07,0.91851,0.92014,0.91561,0.91647,0.0
2012-03-08,0.91651,0.91749,0.90705,0.908,0.0
2012-03-09,0.90788,0.92064,0.90769,0.91851,0.0
2012-03-12,0.91908,0.9218,0.91619,0.91637,0.0
2012-03-13,0.91636,0.92491,0.91396,0.92307,0.0
2012-03-14,0.92289,0.93309,0.92277,0.93048,0.0
2012-03-15,0.93026,0.93342,0.9201,0.92281,0.0
2012-03-16,0.92271,0.92537,0.91503,0.91526,0.0
2012-03-19,0.91554,0.91779,0.9091,0.91116,0.0
2012-03-20,0.91107,0.91528,0.90992,0.91155,0.0
2012-03-21,0.91155,0.91482,0.90766,0.91208,0.0
2012-03-22,0.91208,0.91784,0.90946,0.91319,0.0
2012-03-23,0.91269,0.91392,0.90659,0.9078,0.0
2012-03-26,0.90755,0.9136,0.90216,0.90275,0.0
2012-03-27,0.90277,0.90527,0.90155,0.90488,0.0
2012-03-28,0.90498,0.90813,0.90158,0.90499,0.0
2012-03-29,0.90499,0.90926,0.90321,0.90618,0.0
2012-03-30,0.90604,0.9066,0.90082,0.90175,0.0
2012-04-02,0.9007,0.90709,0.90012,0.9037,0.0
2012-04-03,0.90349,0.91142,0.90032,0.90964,0.0
2012-04-04,0.90885,0.91824,0.90885,0.91581,0.0
2012-04-05,0.91527,0.92217,0.91425,0.91961,0.0
2012-04-06,0.91955,0.92054,0.91574,0.91574,0.0
2012-04-09,0.91615,0.92161,0.91504,0.91698,0.0
2012-04-10,0.91708,0.92101,0.91454,0.9184,0.0
2012-04-11,0.91815,0.91939,0.91283,0.91722,0.0
2012-04-12,0.91706,0.91782,0.90907,0.91107,0.0
2012-04-13,0.91075,0.92016,0.9103,0.91915,0.0
2012-04-16,0.9196,0.9251,0.91395,0.91448,0.0
2012-04-17,0.91415,0.91819,0.91243,0.91527,0.0
2012-04-18,0.915,0.92097,0.91429,0.91578,0.0
2012-04-19,0.91546,0.91951,0.91271,0.91498,0.0
2012-04-20,0.91488,0.91544,0.90823,0.90865,0.0
2012-04-23,0.91079,0.91715,0.90948,0.91324,0.0
2012-04-24,0.9127,0.91411,0.90901,0.91043,0.0
2012-04-25,0.90997,0.9121,0.90781,0.90903,0.0
2012-04-26,0.90809,0.91021,0.90576,0.90847,0.0
2012-04-27,0.90834,0.91329,0.90514,0.90669,0.0
2012-04-30,0.90697,0.90962,0.90554,0.90735,0.0
2012-05-01,0.90721,0.90992,0.9042,0.90766,0.0
2012-05-02,0.90755,0.91567,0.90706,0.91294,0.0
2012-05-03,0.91284,0.91734,0.91139,0.91339,0.0
2012-05-04,0.91324,0.91838,0.91146,0.91796,0.0
2012-05-07,0.92265,0.92703,0.91944,0.92046,0.0
2012-05-08,0.92023,0.92507,0.91951,0.92332,0.0
2012-05-09,0.92314,0.93012,0.92314,0.92876,0.0
2012-05-10,0.92861,0.92927,0.92558,0.92833,0.0
2012-05-11,0.92816,0.93063,0.92707,0.92955,0.0
2012-05-14,0.93047,0.93665,0.93047,0.93638,0.0
2012-05-15,0.93628,0.94402,0.93336,0.94346,0.0
2012-05-16,0.9432,0.94701,0.94133,0.94436,0.0
2012-05-17,0.94427,0.9481,0.94199,0.94571,0.0
2012-05-18,0.94461,0.94998,0.9386,0.93992,0.0
2012-05-21,0.94041,0.94377,0.93669,0.93716,0.0
2012-05-22,0.93702,0.94872,0.93686,0.94696,0.0
2012-05-23,0.94629,0.95722,0.94629,0.95453,0.0
2012-05-24,0.95293,0.95949,0.95293,0.9584,0.0
2012-05-25,0.95804,0.96108,0.95402,0.95958,0.0
2012-05-28,0.9552,0.95951,0.95285,0.95825,0.0
2012-05-29,0.95786,0.96372,0.95584,0.96046,0.0
2012-05-30,0.96032,0.97136,0.95952,0.97095,0.0
2012-05-31,0.97073,0.97356,0.96657,0.9714,0.0
2012-06-01,0.97094,0.9771,0.96384,0.96623,0.0
2012-06-04,0.96411,0.96954,0.95971,0.96071,0.0
2012-06-05,0.96047,0.96763,0.95763,0.96442,0.0
2012-06-06,0.96402,0.9653,0.954,0.95426,0.0
2012-06-07,0.95417,0.95773,0.95131,0.95604,0.0
2012-06-08,0.9555,0.96572,0.95496,0.95955,0.0
2012-06-11,0.95008,0.96219,0.9475,0.96204,0.0
2012-06-12,0.96178,0.96498,0.95843,0.96047,0.0
2012-06-13,0.96032,0.96276,0.95214,0.9564,0.0
2012-06-14,0.95501,0.95733,0.95043,0.95066,0.0
2012-06-15,0.95035,0.95371,0.94692,0.94724,0.0
2012-06-18,0.94456,0.95632,0.94203,0.95502,0.0
2012-06-19,0.95453,0.95544,0.94323,0.94658,0.0
2012-06-20,0.94643,0.95009,0.94234,0.94529,0.0
2012-06-21,0.94459,0.95827,0.94351,0.95758,0.0
2012-06-22,0.95723,0.95913,0.95426,0.95546,0.0
2012-06-25,0.95637,0.96288,0.9562,0.96036,0.0
2012-06-26,0.95998,0.96517,0.95841,0.96102,0.0
2012-06-27,0.9611,0.96497,0.95998,0.9632,0.0
2012-06-28,0.96278,0.96782,0.95903,0.96506,0.0
2012-06-29,0.96483,0.96592,0.94628,0.949,0.0
2012-07-02,0.94689,0.95586,0.94689,0.95498,0.0
2012-07-03,0.95456,0.95632,0.9512,0.95251,0.0
2012-07-04,0.95238,0.96043,0.95175,0.9587,0.0
2012-07-05,0.95706,0.97148,0.957,0.9693,0.0
2012-07-06,0.96828,0.9794,0.96775,0.97727,0.0
2012-07-09,0.97909,0.97992,0.97443,0.97523,0.0
2012-07-10,0.97493,0.98147,0.97371,0.98026,0.0
2012-07-11,0.97991,0.98311,0.97665,0.98108,0.0
2012-07-12,0.98046,0.98698,0.97922,0.98395,0.0
2012-07-13,0.98363,0.98727,0.97979,0.9807,0.0
2012-07-16,0.978,0.9863,0.97723,0.97855,0.0
2012-07-17,0.97833,0.98517,0.97507,0.97703,0.0
2012-07-18,0.97678,0.98292,0.97598,0.97783,0.0
2012-07-19,0.97766,0.98201,0.97453,0.97791,0.0
2012-07-20,0.97778,0.9887,0.97764,0.9874,0.0
2012-07-23,0.99049,0.99511,0.98876,0.99102,0.0
2012-07-24,0.98997,0.99714,0.98941,0.99567,0.0
2012-07-25,0.99562,0.99629,0.98675,0.98817,0.0
2012-07-26,0.98656,0.99101,0.97409,0.97759,0.0
2012-07-27,0.97727,0.98086,0.96945,0.97463,0.0
2012-07-30,0.97413,0.98232,0.97413,0.97962,0.0
2012-07-31,0.97946,0.98048,0.97406,0.97621,0.0
2012-08-01,0.97625,0.98334,0.97369,0.98255,0.0
2012-08-02,0.98245,0.9898,0.96904,0.98616,0.0
2012-08-03,0.98586,0.98727,0.96946,0.97008,0.0
2012-08-06,0.96863,0.9739,0.96561,0.96885,0.0
2012-08-07,0.96846,0.97057,0.96573,0.96867,0.0
2012-08-08,0.96866,0.9744,0.96856,0.97138,0.0
2012-08-09,0.97019,0.97897,0.96973,0.97594,0.0
2012-08-10,0.97567,0.98092,0.97451,0.97682,0.0
2012-08-13,0.97692,0.97942,0.97056,0.97378,0.0
2012-08-14,0.97358,0.97508,0.96967,0.97458,0.0
2012-08-15,0.9746,0.97917,0.9731,0.97739,0.0
2012-08-16,0.97656,0.97989,0.97059,0.97198,0.0
2012-08-17,0.97104,0.97727,0.96994,0.97387,0.0
2012-08-20,0.97188,0.97671,0.971,0.97282,0.0
2012-08-21,0.97207,0.97363,0.96182,0.96276,0.0
2012-08-22,0.96228,0.96593,0.95776,0.95859,0.0
2012-08-23,0.9579,0.95893,0.95379,0.95583,0.0
2012-08-24,0.95525,0.96212,0.9552,0.95956,0.0
2012-08-27,0.95866,0.96148,0.958,0.96084,0.0
2012-08-28,0.96063,0.96351,0.95475,0.95575,0.0
2012-08-29,0.95547,0.95925,0.95498,0.9584,0.0
2012-08-30,0.95778,0.96168,0.95581,0.96018,0.0
2012-08-31,0.95996,0.96114,0.95018,0.95483,0.0
2012-09-03,0.95508,0.95606,0.95214,0.95338,0.0
2012-09-04,0.95323,0.95657,0.95084,0.9559,0.0
2012-09-05,0.95574,0.96075,0.95293,0.95553,0.0
2012-09-06,0.95548,0.95967,0.9518,0.95352,0.0
2012-09-07,0.95334,0.95799,0.94339,0.94443,0.0
2012-09-10,0.94131,0.94832,0.94131,0.94621,0.0
2012-09-11,0.946,0.9468,0.93782,0.93891,0.0
2012-09-12,0.93863,0.94041,0.93409,0.93707,0.0
2012-09-13,0.93698,0.94197,0.93468,0.93519,0.0
2012-09-14,0.93505,0.93557,0.9238,0.92699,0.0
2012-09-17,0.92604,0.9296,0.92456,0.92732,0.0
2012-09-18,0.92732,0.92968,0.92448,0.92847,0.0
2012-09-19,0.92857,0.93066,0.92577,0.92739,0.0
2012-09-20,0.92738,0.93555,0.92618,0.93315,0.0
2012-09-21,0.933,0.93438,0.92844,0.93288,0.0
2012-09-24,0.9326,0.93913,0.9319,0.93564,0.0
2012-09-25,0.93536,0.93839,0.93276,0.93749,0.0
2012-09-26,0.93734,0.94171,0.93667,0.93941,0.0
2012-09-27,0.93896,0.94169,0.93599,0.93718,0.0
2012-09-28,0.93672,0.94145,0.93348,0.94025,0.0
2012-10-01,0.93769,0.94377,0.93516,0.93808,0.0
2012-10-02,0.93785,0.93881,0.9332,0.93614,0.0
2012-10-03,0.93485,0.93981,0.93485,0.93839,0.0
2012-10-04,0.93854,0.93885,0.92947,0.93042,0.0
2012-10-05,0.93013,0.9323,0.9275,0.92922,0.0
2012-10-08,0.92955,0.93572,0.92943,0.9331,0.0
2012-10-09,0.93282,0.94155,0.93223,0.94034,0.0
2012-10-10,0.94,0.94315,0.9374,0.93929,0.0
2012-10-11,0.93904,0.94185,0.93361,0.93471,0.0
2012-10-12,0.93451,0.93564,0.93056,0.93274,0.0
2012-10-15,0.93275,0.93713,0.93159,0.93309,0.0
2012-10-16,0.93293,0.93356,0.92558,0.9259,0.0
2012-10-17,0.92566,0.92615,0.92138,0.92221,0.0
2012-10-18,0.92209,0.9256,0.92148,0.92457,0.0
2012-10-19,0.92461,0.92895,0.92382,0.92758,0.0
2012-10-22,0.92745,0.92881,0.92487,0.92696,0.0
2012-10-23,0.9266,0.93425,0.92597,0.93217,0.0
2012-10-24,0.93224,0.93612,0.93136,0.93238,0.0
2012-10-25,0.93238,0.93561,0.92905,0.93522,0.0
2012-10-26,0.93511,0.9386,0.93327,0.93475,0.0
2012-10-29,0.93039,0.93802,0.93039,0.93648,0.0
2012-10-30,0.9358,0.93745,0.92998,0.93238,0.0
2012-10-31,0.93225,0.93326,0.92759,0.9315,0.0
2012-11-01,0.93136,0.93417,0.9295,0.93175,0.0
2012-11-02,0.93134,0.94139,0.93126,0.9404,0.0
2012-11-05,0.94063,0.94484,0.93987,0.94355,0.0
2012-11-06,0.9434,0.94557,0.94192,0.94264,0.0
2012-11-07,0.9425,0.9471,0.93807,0.94475,0.0
2012-11-08,0.94466,0.94814,0.94402,0.94577,0.0
2012-11-09,0.94564,0.94982,0.94284,0.94857,0.0
2012-11-12,0.94799,0.9495,0.94675,0.94815,0.0
2012-11-13,0.94798,0.95123,0.94647,0.9473,0.0
2012-11-14,0.94735,0.94763,0.94226,0.94498,0.0
2012-11-15,0.94481,0.94631,0.9403,0.94209,0.0
2012-11-16,0.94189,0.94907,0.94179,0.94537,0.0
2012-11-19,0.94294,0.94555,0.93936,0.93969,0.0
2012-11-20,0.93936,0.94286,0.93914,0.9399,0.0
2012-11-21,0.93974,0.94579,0.93811,0.93863,0.0
2012-11-22,0.9385,0.93881,0.93372,0.93473,0.0
2012-11-23,0.93488,0.93581,0.92654,0.92751,0.0
2012-11-26,0.92489,0.92998,0.92489,0.92755,0.0
2012-11-27,0.92759,0.93245,0.92528,0.9303,0.0
2012-11-28,0.92995,0.93407,0.92916,0.92917,0.0
2012-11-29,0.92865,0.9303,0.92527,0.92752,0.0
2012-11-30,0.92723,0.92916,0.92455,0.92803,0.0
2012-12-03,0.92738,0.92786,0.92405,0.92554,0.0
2012-12-04,0.92521,0.9293,0.92443,0.9262,0.0
2012-12-05,0.92641,0.9299,0.92497,0.92641,0.0
2012-12-06,0.92592,0.93395,0.92555,0.93221,0.0
2012-12-07,0.93218,0.93824,0.93195,0.93447,0.0
2012-12-10,0.93685,0.93693,0.9326,0.93344,0.0
2012-12-11,0.93336,0.93687,0.93161,0.93209,0.0
2012-12-12,0.93211,0.93259,0.92431,0.92618,0.0
2012-12-13,0.92608,0.92748,0.92251,0.92364,0.0
2012-12-14,0.92348,0.92473,0.91663,0.91765,0.0
2012-12-17,0.91504,0.91942,0.91504,0.91758,0.0
2012-12-18,0.91742,0.91858,0.91234,0.91281,0.0
2012-12-19,0.91282,0.91368,0.90872,0.91331,0.0
2012-12-20,0.91319,0.91534,0.90832,0.91142,0.0
2012-12-21,0.91125,0.91787,0.91058,0.91637,0.0
2012-12-24,0.9154,0.91709,0.91254,0.91584,0.0
2012-12-26,0.9141,0.91669,0.91109,0.91316,0.0
2012-12-27,0.91335,0.91566,0.90953,0.91321,0.0
2012-12-28,0.91293,0.91815,0.91169,0.91336,0.0
2012-12-31,0.91304,0.91661,0.912,0.9153,0.0
2013-01-02,0.9138,0.91991,0.9077,0.91783,0.0
2013-01-03,0.91765,0.9268,0.91701,0.92666,0.0
2013-01-04,0.9265,0.93026,0.92309,0.92445,0.0
2013-01-07,0.92414,0.92863,0.92103,0.92116,0.0
2013-01-08,0.92108,0.92566,0.92005,0.92408,0.0
2013-01-09,0.92385,0.9273,0.92314,0.92526,0.0
2013-01-10,0.92502,0.92684,0.91333,0.91424,0.0
2013-01-11,0.9139,0.9178,0.91099,0.91347,0.0
2013-01-14,0.91099,0.92285,0.91097,0.92185,0.0
2013-01-15,0.92184,0.93325,0.92113,0.93173,0.0
2013-01-16,0.93178,0.93285,0.92851,0.93082,0.0
2013-01-17,0.93067,0.93594,0.92968,0.93236,0.0
2013-01-18,0.93243,0.9388,0.93029,0.93437,0.0
2013-01-21,0.93223,0.9349,0.93072,0.93234,0.0
2013-01-22,0.93235,0.93461,0.92743,0.92923,0.0
2013-01-23,0.929,0.93148,0.92765,0.92943,0.0
2013-01-24,0.92912,0.93239,0.92791,0.92853,0.0
2013-01-25,0.92867,0.9306,0.92211,0.92668,0.0
2013-01-28,0.92541,0.92916,0.92541,0.92612,0.0
2013-01-29,0.92596,0.92669,0.91924,0.92124,0.0
2013-01-30,0.92123,0.92261,0.90924,0.91065,0.0
2013-01-31,0.91082,0.91197,0.90749,0.91022,0.0
2013-02-01,0.91021,0.91082,0.90212,0.90731,0.0
2013-02-04,0.90779,0.91166,0.90714,0.90825,0.0
2013-02-05,0.9077,0.91153,0.90718,0.90822,0.0
2013-02-06,0.90766,0.91487,0.90556,0.91001,0.0
2013-02-07,0.90988,0.92002,0.90643,0.91815,0.0
2013-02-08,0.91802,0.91951,0.91531,0.91666,0.0
2013-02-11,0.91701,0.9203,0.91558,0.92011,0.0
2013-02-12,0.92005,0.92138,0.91487,0.91699,0.0
2013-02-13,0.91674,0.91956,0.91515,0.91678,0.0
2013-02-14,0.91659,0.9245,0.91651,0.92106,0.0
2013-02-15,0.92036,0.92404,0.91995,0.92143,0.0
2013-02-18,0.92107,0.92571,0.92089,0.92311,0.0
2013-02-19,0.92318,0.92482,0.92145,0.92244,0.0
2013-02-20,0.92239,0.9285,0.91837,0.92659,0.0
2013-02-21,0.92685,0.93318,0.92639,0.93081,0.0
2013-02-22,0.93061,0.93278,0.92825,0.92938,0.0
2013-02-25,0.92915,0.93379,0.92307,0.93201,0.0
2013-02-26,0.93176,0.93343,0.92855,0.9318,0.0
2013-02-27,0.93132,0.93314,0.92845,0.92951,0.0
2013-02-28,0.92941,0.93727,0.92792,0.93641,0.0
2013-03-01,0.9363,0.94622,0.93506,0.94327,0.0
2013-03-04,0.94189,0.94397,0.94068,0.94071,0.0
2013-03-05,0.94057,0.94326,0.93925,0.94072,0.0
2013-03-06,0.94046,0.94889,0.94017,0.94881,0.0
2013-03-07,0.94834,0.9488,0.9409,0.94246,0.0
2013-03-08,0.94231,0.95514,0.94167,0.95128,0.0
2013-03-11,0.95156,0.95288,0.9465,0.9471,0.0
2013-03-12,0.94666,0.95038,0.94353,0.94704,0.0
2013-03-13,0.94685,0.95319,0.94286,0.95227,0.0
2013-03-14,0.95217,0.95662,0.94504,0.94707,0.0
2013-03-15,0.94688,0.94757,0.93786,0.93866,0.0
2013-03-18,0.94394,0.94864,0.94157,0.94589,0.0
2013-03-19,0.94588,0.94907,0.94247,0.94663,0.0
2013-03-20,0.94655,0.94803,0.94097,0.94492,0.0
2013-03-21,0.94502,0.94813,0.94376,0.9462,0.0
2013-03-22,0.94574,0.94739,0.93954,0.94013,0.0
2013-03-25,0.94297,0.94961,0.93497,0.94845,0.0
2013-03-26,0.94815,0.9504,0.94712,0.94792,0.0
2013-03-27,0.94778,0.9553,0.94762,0.95372,0.0
2013-03-28,0.95382,0.95474,0.94649,0.94959,0.0
2013-03-29,0.94958,0.95105,0.94802,0.94871,0.0
2013-04-01,0.94988,0.95262,0.9455,0.94632,0.0
2013-04-02,0.94652,0.94963,0.94436,0.94885,0.0
2013-04-03,0.94819,0.95195,0.94409,0.94509,0.0
2013-04-04,0.94495,0.95254,0.93813,0.9396,0.0
2013-04-05,0.93949,0.94327,0.93121,0.93386,0.0
2013-04-08,0.93454,0.93604,0.93273,0.93491,0.0
2013-04-09,0.93476,0.93657,0.93067,0.93241,0.0
2013-04-10,0.932,0.93358,0.92943,0.93246,0.0
2013-04-11,0.93206,0.93393,0.92779,0.93071,0.0
2013-04-12,0.93077,0.93317,0.92634,0.9272,0.0
2013-04-15,0.927,0.93269,0.92665,0.93113,0.0
2013-04-16,0.93096,0.93264,0.9207,0.92242,0.0
2013-04-17,0.92228,0.9338,0.92053,0.93253,0.0
2013-04-18,0.93243,0.9334,0.92885,0.93233,0.0
2013-04-19,0.93258,0.93419,0.92756,0.93374,0.0
2013-04-22,0.93162,0.937,0.9314,0.934,0.0
2013-04-23,0.93395,0.94558,0.93266,0.94521,0.0
2013-04-24,0.94458,0.9498,0.94427,0.94675,0.0
2013-04-25,0.94673,0.94836,0.94215,0.9447,0.0
2013-04-26,0.94461,0.94557,0.94014,0.94229,0.0
2013-04-29,0.94092,0.94291,0.93539,0.93636,0.0
2013-04-30,0.93613,0.93834,0.9278,0.92923,0.0
2013-05-01,0.92884,0.93085,0.92462,0.92713,0.0
2013-05-02,0.92727,0.93617,0.9264,0.93474,0.0
2013-05-03,0.93465,0.93982,0.93005,0.93494,0.0
2013-05-06,0.93418,0.93963,0.93373,0.93824,0.0
2013-05-07,0.9382,0.9436,0.93658,0.94017,0.0
2013-05-08,0.94023,0.94105,0.93361,0.93538,0.0
2013-05-09,0.93533,0.94981,0.93329,0.94811,0.0
2013-05-10,0.94798,0.96271,0.94755,0.9571,0.0
2013-05-13,0.95915,0.95951,0.95462,0.95745,0.0
2013-05-14,0.9574,0.96706,0.95202,0.96693,0.0
2013-05-15,0.96686,0.97467,0.96419,0.96466,0.0
2013-05-16,0.9646,0.97077,0.95772,0.96437,0.0
2013-05-17,0.96397,0.97601,0.96359,0.97218,0.0
2013-05-20,0.97002,0.97179,0.96472,0.96687,0.0
2013-05-21,0.96693,0.97499,0.96538,0.97007,0.0
2013-05-22,0.97013,0.98379,0.96786,0.97808,0.0
2013-05-23,0.97805,0.98169,0.9633,0.96876,0.0
2013-05-24,0.96834,0.97161,0.95897,0.96062,0.0
2013-05-27,0.96152,0.96475,0.95914,0.96276,0.0
2013-05-28,0.9628,0.97797,0.9621,0.97677,0.0
2013-05-29,0.97673,0.97893,0.95994,0.9618,0.0
2013-05-30,0.96151,0.96499,0.95256,0.95291,0.0
2013-05-31,0.95288,0.96239,0.95106,0.95548,0.0
2013-06-03,0.95564,0.96237,0.94066,0.94695,0.0
2013-06-04,0.94686,0.95195,0.94523,0.94673,0.0
2013-06-05,0.94645,0.94932,0.93947,0.94195,0.0
2013-06-06,0.94199,0.94381,0.9227,0.92906,0.0
2013-06-07,0.92925,0.93734,0.92482,0.93577,0.0
2013-06-10,0.9364,0.94176,0.93175,0.93344,0.0
2013-06-11,0.93341,0.93486,0.92219,0.92448,0.0
2013-06-12,0.92436,0.92858,0.91725,0.92036,0.0
2013-06-13,0.92033,0.92581,0.91298,0.92196,0.0
2013-06-14,0.92156,0.9269,0.91949,0.92058,0.0
2013-06-17,0.92121,0.92708,0.92069,0.92244,0.0
2013-06-18,0.92252,0.92614,0.91746,0.9196,0.0
2013-06-19,0.91992,0.93209,0.91794,0.92777,0.0
2013-06-20,0.92801,0.93602,0.92501,0.92737,0.0
2013-06-21,0.92673,0.93673,0.92411,0.9339,0.0
2013-06-24,0.93605,0.93797,0.93116,0.93316,0.0
2013-06-25,0.9329,0.9407,0.93148,0.93783,0.0
2013-06-26,0.93764,0.94424,0.93718,0.94289,0.0
2013-06-27,0.94272,0.94871,0.94054,0.94497,0.0
2013-06-28,0.94496,0.94741,0.94103,0.94443,0.0
2013-07-01,0.94491,0.95028,0.94379,0.94515,0.0
2013-07-02,0.94506,0.95286,0.9444,0.95038,0.0
2013-07-03,0.95041,0.95223,0.94454,0.94647,0.0
2013-07-04,0.94618,0.95834,0.94576,0.95605,0.0
2013-07-05,0.95597,0.96598,0.95574,0.96309,0.0
2013-07-08,0.96517,0.96656,0.96246,0.96343,0.0
2013-07-09,0.9633,0.975,0.96307,0.97292,0.0
2013-07-10,0.97244,0.97442,0.95808,0.95831,0.0
2013-07-11,0.95835,0.95928,0.94037,0.94688,0.0
2013-07-12,0.94677,0.95132,0.94371,0.94585,0.0
2013-07-15,0.94514,0.95334,0.94485,0.94797,0.0
2013-07-16,0.94803,0.94978,0.93777,0.93898,0.0
2013-07-17,0.93886,0.94449,0.93568,0.94087,0.0
2013-07-18,0.94081,0.9477,0.94046,0.94454,0.0
2013-07-19,0.94436,0.94607,0.9396,0.94126,0.0
2013-07-22,0.94084,0.94142,0.93214,0.93596,0.0
2013-07-23,0.93594,0.94056,0.93414,0.9346,0.0
2013-07-24,0.93454,0.93875,0.93394,0.93724,0.0
2013-07-25,0.93733,0.93939,0.92826,0.92979,0.0
2013-07-26,0.92965,0.93044,0.92632,0.92816,0.0
2013-07-29,0.928,0.93214,0.92691,0.93093,0.0
2013-07-30,0.93078,0.93236,0.92725,0.9296,0.0
2013-07-31,0.92954,0.93362,0.92272,0.92604,0.0
2013-08-01,0.92599,0.93716,0.92523,0.93649,0.0
2013-08-02,0.93651,0.93887,0.92732,0.92929,0.0
2013-08-05,0.92888,0.93319,0.92673,0.92716,0.0
2013-08-06,0.92703,0.92952,0.92373,0.92572,0.0
2013-08-07,0.92573,0.92879,0.92066,0.92166,0.0
2013-08-08,0.92133,0.92288,0.9174,0.92007,0.0
2013-08-09,0.91997,0.92286,0.91898,0.9221,0.0
2013-08-12,0.92385,0.92836,0.92156,0.92549,0.0
2013-08-13,0.92558,0.93475,0.92549,0.9328,0.0
2013-08-14,0.93268,0.93766,0.93228,0.93538,0.0
2013-08-15,0.93513,0.93956,0.92462,0.9261,0.0
2013-08-16,0.92578,0.92868,0.92162,0.92631,0.0
2013-08-19,0.92565,0.92842,0.92273,0.92386,0.0
2013-08-20,0.92372,0.92501,0.91461,0.91725,0.0
2013-08-21,0.91691,0.92343,0.91616,0.92219,0.0
2013-08-22,0.92207,0.92887,0.92179,0.92298,0.0
2013-08-23,0.92299,0.92627,0.91888,0.92164,0.0
2013-08-26,0.92096,0.92456,0.92036,0.92288,0.0
2013-08-27,0.92251,0.92281,0.917,0.91739,0.0
2013-08-28,0.91718,0.92341,0.91698,0.92197,0.0
2013-08-29,0.92179,0.93202,0.9216,0.93077,0.0
2013-08-30,0.93069,0.93315,0.92881,0.92971,0.0
2013-09-02,0.93141,0.93481,0.9308,0.93417,0.0
2013-09-03,0.93414,0.93817,0.93395,0.93637,0.0
2013-09-04,0.93624,0.93816,0.93469,0.93522,0.0
2013-09-05,0.93517,0.9454,0.93508,0.9448,0.0
2013-09-06,0.94472,0.94547,0.93451,0.93727,0.0
2013-09-09,0.9388,0.93911,0.93003,0.93232,0.0
2013-09-10,0.93213,0.93657,0.93154,0.9347,0.0
2013-09-11,0.93453,0.937,0.92841,0.93034,0.0
2013-09-12,0.93025,0.93349,0.92708,0.93039,0.0
2013-09-13,0.93023,0.93402,0.92795,0.92944,0.0
2013-09-16,0.92353,0.92772,0.92329,0.92719,0.0
2013-09-17,0.92726,0.92781,0.92508,0.92578,0.0
2013-09-18,0.92566,0.92675,0.91082,0.91199,0.0
2013-09-19,0.9119,0.91368,0.90891,0.91038,0.0
2013-09-20,0.91031,0.9126,0.9088,0.91064,0.0
2013-09-23,0.90857,0.9129,0.90835,0.91079,0.0
2013-09-24,0.91073,0.91323,0.90981,0.9126,0.0
2013-09-25,0.91254,0.91367,0.90776,0.90909,0.0
2013-09-26,0.90922,0.91164,0.90865,0.91013,0.0
2013-09-27,0.91008,0.91098,0.90201,0.90593,0.0
2013-09-30,0.90613,0.90675,0.9024,0.90462,0.0
2013-10-01,0.90434,0.90743,0.89917,0.90537,0.0
2013-10-02,0.90534,0.90764,0.89935,0.90255,0.0
2013-10-03,0.90249,0.90324,0.89666,0.89926,0.0
2013-10-04,0.89925,0.90808,0.89773,0.90716,0.0
2013-10-07,0.90638,0.90688,0.90151,0.90269,0.0
2013-10-08,0.90264,0.90649,0.90219,0.90374,0.0
2013-10-09,0.90375,0.91269,0.90145,0.91007,0.0
2013-10-10,0.90985,0.913,0.90813,0.9114,0.0
2013-10-11,0.91129,0.91313,0.9069,0.91196,0.0
2013-10-14,0.90917,0.91214,0.90632,0.91019,0.0
2013-10-15,0.91018,0.91771,0.90919,0.91245,0.0
2013-10-16,0.91232,0.91744,0.9097,0.9133,0.0
2013-10-17,0.91332,0.91455,0.90068,0.90229,0.0
2013-10-18,0.90218,0.90359,0.90035,0.90165,0.0
2013-10-21,0.9017,0.9044,0.90049,0.90186,0.0
2013-10-22,0.90185,0.90385,0.89391,0.89458,0.0
2013-10-23,0.89454,0.89651,0.89099,0.89222,0.0
2013-10-24,0.89208,0.89273,0.88892,0.89221,0.0
2013-10-25,0.89204,0.89643,0.88918,0.89241,0.0
2013-10-28,0.89228,0.8962,0.89191,0.89562,0.0
2013-10-29,0.89552,0.90017,0.89427,0.89878,0.0
2013-10-30,0.89869,0.90232,0.89492,0.89909,0.0
2013-10-31,0.8991,0.90748,0.89886,0.90681,0.0
2013-11-01,0.90673,0.9137,0.90648,0.91202,0.0
2013-11-04,0.91179,0.91511,0.90905,0.90965,0.0
2013-11-05,0.90969,0.91465,0.90934,0.91338,0.0
2013-11-06,0.91341,0.91385,0.90971,0.91202,0.0
2013-11-07,0.9118,0.92493,0.91081,0.91568,0.0
2013-11-08,0.91536,0.9246,0.91513,0.92145,0.0
2013-11-11,0.92256,0.92308,0.91882,0.9193,0.0
2013-11-12,0.91913,0.92254,0.9154,0.91745,0.0
2013-11-13,0.91732,0.91998,0.9125,0.91333,0.0
2013-11-14,0.91387,0.91877,0.91231,0.91615,0.0
2013-11-15,0.91648,0.91904,0.91291,0.91454,0.0
2013-11-18,0.91428,0.91607,0.90946,0.91267,0.0
2013-11-19,0.91277,0.91434,0.91019,0.91098,0.0
2013-11-20,0.91072,0.91905,0.90778,0.91599,0.0
2013-11-21,0.91619,0.91877,0.91277,0.91287,0.0
2013-11-22,0.91261,0.91488,0.90658,0.90675,0.0
2013-11-25,0.90727,0.91304,0.90603,0.91172,0.0
2013-11-26,0.91168,0.91182,0.90606,0.90631,0.0
2013-11-27,0.90651,0.90917,0.90397,0.90744,0.0
2013-11-28,0.90748,0.90855,0.90403,0.90545,0.0
2013-11-29,0.90519,0.90707,0.90274,0.906,0.0
2013-12-02,0.90585,0.91095,0.90423,0.90857,0.0
2013-12-03,0.90852,0.91,0.90196,0.90428,0.0
2013-12-04,0.90421,0.90754,0.90123,0.90228,0.0
2013-12-05,0.90229,0.90485,0.8956,0.89652,0.0
2013-12-06,0.89648,0.89832,0.89116,0.89171,0.0
2013-12-09,0.89161,0.89333,0.88942,0.89026,0.0
2013-12-10,0.89014,0.89076,0.88495,0.88735,0.0
2013-12-11,0.88728,0.88855,0.88388,0.88628,0.0
2013-12-12,0.88617,0.89083,0.88472,0.8892,0.0
2013-12-13,0.88892,0.89164,0.88803,0.88896,0.0
2013-12-16,0.89011,0.89043,0.88454,0.8871,0.0
2013-12-17,0.88708,0.88942,0.88313,0.88482,0.0
2013-12-18,0.88486,0.89483,0.8839,0.89365,0.0
2013-12-19,0.89361,0.89858,0.89335,0.89763,0.0
2013-12-20,0.89771,0.90004,0.89308,0.8959,0.0
2013-12-23,0.89582,0.89664,0.8922,0.89362,0.0
2013-12-24,0.89232,0.89712,0.89193,0.8954,0.0
2013-12-26,0.89549,0.89682,0.89485,0.89638,0.0
2013-12-27,0.89643,0.89644,0.87984,0.89136,0.0
2013-12-30,0.89049,0.89308,0.88594,0.88763,0.0
2013-12-31,0.88771,0.89295,0.88653,0.89192,0.0
2014-01-02,0.89163,0.90276,0.89075,0.89889,0.0
2014-01-03,0.89899,0.90567,0.8988,0.90513,0.0
2014-01-06,0.90461,0.90694,0.9019,0.90391,0.0
2014-01-07,0.90365,0.9098,0.90347,0.90905,0.0
2014-01-08,0.90886,0.91261,0.90756,0.91113,0.0
2014-01-09,0.91105,0.91233,0.90626,0.90693,0.0
2014-01-10,0.90649,0.90894,0.90038,0.90262,0.0
2014-01-13,0.90125,0.9047,0.89855,0.89887,0.0
2014-01-14,0.89914,0.9031,0.89856,0.90241,0.0
2014-01-15,0.90235,0.91071,0.90218,0.90854,0.0
2014-01-16,0.90868,0.91025,0.90311,0.90466,0.0
2014-01-17,0.90483,0.91188,0.9043,0.91014,0.0
2014-01-20,0.91007,0.91315,0.90884,0.90965,0.0
2014-01-21,0.90962,0.91555,0.90835,0.90989,0.0
2014-01-22,0.90992,0.91214,0.90873,0.91145,0.0
2014-01-23,0.91148,0.91329,0.89627,0.89717,0.0
2014-01-24,0.89725,0.89904,0.89022,0.89389,0.0
2014-01-27,0.89455,0.89835,0.8931,0.89615,0.0
2014-01-28,0.89629,0.90091,0.89537,0.89722,0.0
2014-01-29,0.89734,0.90086,0.89345,0.89432,0.0
2014-01-30,0.89445,0.90468,0.89413,0.90242,0.0
2014-01-31,0.9027,0.90789,0.90071,0.9061,0.0
2014-02-03,0.90638,0.90805,0.9003,0.90063,0.0
2014-02-04,0.90072,0.90609,0.90066,0.9036,0.0
2014-02-05,0.9037,0.90559,0.90028,0.90355,0.0
2014-02-06,0.90357,0.90628,0.89672,0.90083,0.0
2014-02-07,0.90077,0.90212,0.8958,0.89768,0.0
2014-02-10,0.89845,0.89928,0.89584,0.89683,0.0
2014-02-11,0.8967,0.8987,0.89389,0.89821,0.0
2014-02-12,0.89822,0.90373,0.8967,0.90047,0.0
2014-02-13,0.90052,0.9009,0.89176,0.8933,0.0
2014-02-14,0.89313,0.894,0.89025,0.89244,0.0
2014-02-17,0.89124,0.89252,0.88995,0.89133,0.0
2014-02-18,0.89128,0.89279,0.88682,0.88798,0.0
2014-02-19,0.88771,0.88946,0.88554,0.88847,0.0
2014-02-20,0.88833,0.89138,0.88582,0.88939,0.0
2014-02-21,0.8894,0.89101,0.88668,0.88735,0.0
2014-02-24,0.88749,0.89097,0.88518,0.88878,0.0
2014-02-25,0.88875,0.88906,0.88534,0.88668,0.0
2014-02-26,0.88657,0.89294,0.88648,0.89059,0.0
2014-02-27,0.89045,0.89184,0.88704,0.88818,0.0
2014-02-28,0.88813,0.88886,0.87765,0.8797,0.0
2014-03-03,0.87984,0.88352,0.87812,0.883,0.0
2014-03-04,0.88303,0.88774,0.88238,0.88725,0.0
2014-03-05,0.88723,0.88947,0.88589,0.88715,0.0
2014-03-06,0.88684,0.88904,0.87938,0.88031,0.0
2014-03-07,0.88008,0.88152,0.87553,0.87767,0.0
2014-03-10,0.87715,0.87925,0.87602,0.87759,0.0
2014-03-11,0.87764,0.8804,0.87655,0.87804,0.0
2014-03-12,0.87798,0.87875,0.87334,0.87389,0.0
2014-03-13,0.87382,0.87638,0.86981,0.87442,0.0
2014-03-14,0.87435,0.87606,0.87025,0.87218,0.0
2014-03-17,0.8721,0.87552,0.8713,0.87308,0.0
2014-03-18,0.873,0.87685,0.87229,0.87305,0.0
2014-03-19,0.87297,0.88285,0.87271,0.8806,0.0
2014-03-20,0.88063,0.88682,0.87991,0.88363,0.0
2014-03-21,0.88367,0.88414,0.8814,0.88203,0.0
2014-03-24,0.88149,0.88652,0.87859,0.88066,0.0
2014-03-25,0.88071,0.88782,0.88002,0.88263,0.0
2014-03-26,0.88257,0.8869,0.88231,0.8848,0.0
2014-03-27,0.88478,0.88727,0.88398,0.88641,0.0
2014-03-28,0.88644,0.88982,0.88478,0.88659,0.0
2014-03-31,0.8857,0.88884,0.88237,0.8844,0.0
2014-04-01,0.88435,0.88483,0.88134,0.88342,0.0
2014-04-02,0.88327,0.88742,0.88179,0.8865,0.0
2014-04-03,0.88653,0.89267,0.88424,0.89084,0.0
2014-04-04,0.89108,0.89518,0.89034,0.89202,0.0
2014-04-07,0.89226,0.89249,0.88718,0.88777,0.0
2014-04-08,0.88772,0.88784,0.88249,0.88311,0.0
2014-04-09,0.8832,0.88451,0.87881,0.87946,0.0
2014-04-10,0.87941,0.88044,0.87501,0.87623,0.0
2014-04-11,0.87628,0.87706,0.87424,0.8759,0.0
2014-04-14,0.87697,0.88048,0.87625,0.87964,0.0
2014-04-15,0.87959,0.88179,0.87823,0.88003,0.0
2014-04-16,0.88007,0.88259,0.878,0.88169,0.0
2014-04-17,0.88168,0.88351,0.8777,0.88307,0.0
2014-04-18,0.88297,0.88347,0.88224,0.88317,0.0
2014-04-21,0.8832,0.88513,0.88182,0.88491,0.0
2014-04-22,0.88475,0.88608,0.88319,0.88494,0.0
2014-04-23,0.88482,0.88522,0.88064,0.88321,0.0
2014-04-24,0.8833,0.88552,0.88123,0.88159,0.0
2014-04-25,0.88162,0.88199,0.88012,0.88152,0.0
2014-04-28,0.88048,0.88255,0.87694,0.88014,0.0
2014-04-29,0.88002,0.88452,0.87857,0.88331,0.0
2014-04-30,0.88333,0.88507,0.87905,0.8803,0.0
2014-05-01,0.88027,0.88039,0.87818,0.87918,0.0
2014-05-02,0.8791,0.88402,0.87718,0.87807,0.0
2014-05-05,0.8767,0.87802,0.87647,0.87761,0.0
2014-05-06,0.8776,0.87791,0.872,0.87412,0.0
2014-05-07,0.87401,0.8762,0.8733,0.8761,0.0
2014-05-08,0.87605,0.88041,0.87023,0.87997,0.0
2014-05-09,0.88002,0.88722,0.87989,0.88629,0.0
2014-05-12,0.88618,0.88807,0.88577,0.88768,0.0
2014-05-13,0.88769,0.89074,0.88647,0.89003,0.0
2014-05-14,0.88991,0.89038,0.88822,0.8897,0.0
2014-05-15,0.88975,0.89592,0.88816,0.89082,0.0
2014-05-16,0.8908,0.8925,0.88973,0.89233,0.0
2014-05-19,0.89219,0.89236,0.89034,0.89209,0.0
2014-05-20,0.89214,0.8939,0.89128,0.89189,0.0
2014-05-21,0.89186,0.89649,0.88963,0.89311,0.0
2014-05-22,0.89317,0.8951,0.89228,0.89404,0.0
2014-05-23,0.89392,0.89711,0.89389,0.89518,0.0
2014-05-26,0.89587,0.89658,0.89389,0.89448,0.0
2014-05-27,0.89463,0.89807,0.89365,0.89655,0.0
2014-05-28,0.89656,0.89892,0.89636,0.89835,0.0
2014-05-29,0.89824,0.89831,0.89544,0.89775,0.0
2014-05-30,0.89769,0.89823,0.8932,0.8951,0.0
2014-06-02,0.89453,0.89943,0.89453,0.89855,0.0
2014-06-03,0.89853,0.89945,0.89498,0.89626,0.0
2014-06-04,0.89622,0.8981,0.8948,0.89708,0.0
2014-06-05,0.89701,0.90357,0.8907,0.89121,0.0
2014-06-06,0.8911,0.89506,0.89086,0.89337,0.0
2014-06-09,0.89324,0.89782,0.89186,0.89696,0.0
2014-06-10,0.89704,0.90068,0.89634,0.89906,0.0
2014-06-11,0.89907,0.90107,0.89792,0.89983,0.0
2014-06-12,0.89984,0.90111,0.89692,0.8983,0.0
2014-06-13,0.89824,0.90104,0.89591,0.90005,0.0
2014-06-16,0.89939,0.90121,0.89648,0.89701,0.0
2014-06-17,0.89705,0.9004,0.89639,0.89927,0.0
2014-06-18,0.89921,0.8998,0.89539,0.89563,0.0
2014-06-19,0.89574,0.89658,0.89096,0.89398,0.0
2014-06-20,0.89389,0.89735,0.89234,0.89491,0.0
2014-06-23,0.89483,0.89669,0.89392,0.89418,0.0
2014-06-24,0.89419,0.89573,0.8924,0.89363,0.0
2014-06-25,0.89366,0.89446,0.89069,0.89265,0.0
2014-06-26,0.89272,0.89557,0.89209,0.89345,0.0
2014-06-27,0.89344,0.89373,0.89052,0.89081,0.0
2014-06-30,0.89089,0.89138,0.88612,0.88672,0.0
2014-07-01,0.88671,0.88778,0.88553,0.8874,0.0
2014-07-02,0.88726,0.88977,0.88724,0.88868,0.0
2014-07-03,0.88876,0.89418,0.88859,0.89313,0.0
2014-07-04,0.89311,0.89503,0.89297,0.89424,0.0
2014-07-07,0.89421,0.89582,0.89288,0.89339,0.0
2014-07-08,0.8934,0.8945,0.89204,0.8929,0.0
2014-07-09,0.89283,0.89365,0.89043,0.8908,0.0
2014-07-10,0.89078,0.8933,0.89014,0.89217,0.0
2014-07-11,0.89214,0.89324,0.89112,0.89192,0.0
2014-07-14,0.89243,0.8931,0.88973,0.89174,0.0
2014-07-15,0.89171,0.89615,0.89103,0.89557,0.0
2014-07-16,0.89552,0.89883,0.89542,0.89827,0.0
2014-07-17,0.89823,0.89862,0.89681,0.89725,0.0
2014-07-18,0.89726,0.90027,0.8969,0.89816,0.0
2014-07-21,0.8982,0.89887,0.89702,0.8979,0.0
2014-07-22,0.89789,0.9026,0.8977,0.90228,0.0
2014-07-23,0.90226,0.90306,0.90149,0.90205,0.0
2014-07-24,0.90207,0.90368,0.9007,0.90246,0.0
2014-07-25,0.90235,0.90509,0.9017,0.90462,0.0
2014-07-28,0.90436,0.90505,0.90341,0.90381,0.0
2014-07-29,0.90385,0.90733,0.90356,0.90684,0.0
2014-07-30,0.90685,0.91056,0.90641,0.90863,0.0
2014-07-31,0.9086,0.91024,0.90751,0.90871,0.0
2014-08-01,0.90877,0.90956,0.90396,0.90576,0.0
2014-08-04,0.90526,0.90714,0.90517,0.90659,0.0
2014-08-05,0.90657,0.91104,0.90638,0.90901,0.0
2014-08-06,0.90903,0.9114,0.90694,0.90745,0.0
2014-08-07,0.90736,0.91042,0.90652,0.90879,0.0
2014-08-08,0.90867,0.90973,0.90317,0.9052,0.0
2014-08-11,0.90552,0.90665,0.90532,0.90646,0.0
2014-08-12,0.90647,0.91028,0.90638,0.90747,0.0
2014-08-13,0.90745,0.90976,0.90407,0.90741,0.0
2014-08-14,0.90728,0.90846,0.9034,0.90641,0.0
2014-08-15,0.90646,0.90701,0.90227,0.90236,0.0
2014-08-18,0.90257,0.90686,0.90235,0.90638,0.0
2014-08-19,0.90639,0.90935,0.90581,0.90911,0.0
2014-08-20,0.90915,0.91373,0.9089,0.91328,0.0
2014-08-21,0.91333,0.91449,0.911,0.91132,0.0
2014-08-22,0.91131,0.91533,0.91025,0.91358,0.0
2014-08-25,0.91718,0.91775,0.91412,0.91525,0.0
2014-08-26,0.91526,0.91797,0.91368,0.91738,0.0
2014-08-27,0.9174,0.91844,0.91371,0.91469,0.0
2014-08-28,0.91463,0.91604,0.91251,0.915,0.0
2014-08-29,0.91497,0.91834,0.91379,0.91792,0.0
2014-09-01,0.91905,0.9197,0.9176,0.91945,0.0
2014-09-02,0.91935,0.92113,0.91871,0.91887,0.0
2014-09-03,0.91892,0.91996,0.91744,0.91752,0.0
2014-09-04,0.91756,0.93283,0.91743,0.93183,0.0
2014-09-05,0.93165,0.93344,0.92855,0.93108,0.0
2014-09-08,0.93061,0.93577,0.93059,0.93535,0.0
2014-09-09,0.93552,0.93788,0.93138,0.93266,0.0
2014-09-10,0.93265,0.93951,0.9318,0.93659,0.0
2014-09-11,0.93653,0.93752,0.93358,0.93578,0.0
2014-09-12,0.93592,0.93673,0.9319,0.93357,0.0
2014-09-15,0.93209,0.93717,0.932,0.93509,0.0
2014-09-16,0.93506,0.9362,0.92994,0.93248,0.0
2014-09-17,0.93232,0.94234,0.93216,0.94086,0.0
2014-09-18,0.9411,0.9432,0.9331,0.93372,0.0
2014-09-19,0.93358,0.94088,0.93332,0.9408,0.0
2014-09-22,0.94048,0.94202,0.93739,0.93976,0.0
2014-09-23,0.93982,0.9402,0.93522,0.93954,0.0
2014-09-24,0.93968,0.94573,0.93879,0.94534,0.0
2014-09-25,0.94535,0.95142,0.94513,0.94644,0.0
2014-09-26,0.94643,0.952,0.94586,0.95127,0.0
2014-09-29,0.95153,0.95309,0.94876,0.95108,0.0
2014-09-30,0.95113,0.95956,0.94982,0.95486,0.0
2014-10-01,0.9549,0.95949,0.95442,0.95579,0.0
2014-10-02,0.95597,0.95798,0.95163,0.95392,0.0
2014-10-03,0.95374,0.96826,0.95309,0.96705,0.0
2014-10-06,0.96819,0.9684,0.95661,0.95829,0.0
2014-10-07,0.95817,0.96236,0.95545,0.95668,0.0
2014-10-08,0.95663,0.95999,0.95091,0.95167,0.0
2014-10-09,0.9517,0.95582,0.94683,0.95443,0.0
2014-10-10,0.95423,0.95916,0.95259,0.95709,0.0
2014-10-13,0.95679,0.95749,0.94697,0.94787,0.0
2014-10-14,0.9478,0.95541,0.94675,0.95359,0.0
2014-10-15,0.95358,0.95612,0.93594,0.93988,0.0
2014-10-16,0.93999,0.94898,0.93995,0.94238,0.0
2014-10-17,0.94256,0.94741,0.94047,0.94631,0.0
2014-10-20,0.9467,0.94793,0.94138,0.94263,0.0
2014-10-21,0.94254,0.94912,0.93969,0.94896,0.0
2014-10-22,0.94899,0.95416,0.94713,0.95365,0.0
2014-10-23,0.95362,0.95582,0.95166,0.95407,0.0
2014-10-24,0.95386,0.95451,0.94964,0.95216,0.0
2014-10-27,0.95111,0.95203,0.94757,0.94941,0.0
2014-10-28,0.94926,0.95102,0.94444,0.94706,0.0
2014-10-29,0.94705,0.95485,0.94407,0.95477,0.0
2014-10-30,0.95471,0.96099,0.9541,0.95582,0.0
2014-10-31,0.95586,0.96618,0.95552,0.96238,0.0
2014-11-03,0.96426,0.96901,0.96339,0.96587,0.0
2014-11-04,0.9655,0.96578,0.9579,0.95989,0.0
2014-11-05,0.95995,0.96608,0.95823,0.96381,0.0
2014-11-06,0.96392,0.97374,0.96021,0.97311,0.0
2014-11-07,0.97323,0.97407,0.965,0.96607,0.0
2014-11-10,0.96441,0.96836,0.96154,0.96807,0.0
2014-11-11,0.96805,0.96995,0.96238,0.96448,0.0
2014-11-12,0.96442,0.9679,0.96215,0.96633,0.0
2014-11-13,0.96647,0.96729,0.96211,0.9634,0.0
2014-11-14,0.96344,0.96879,0.95725,0.9592,0.0
2014-11-17,0.95866,0.96537,0.95516,0.96475,0.0
2014-11-18,0.96469,0.96533,0.95734,0.95818,0.0
2014-11-19,0.95831,0.95997,0.95302,0.95687,0.0
2014-11-20,0.95694,0.96051,0.9552,0.95833,0.0
2014-11-21,0.95824,0.97082,0.95624,0.96934,0.0
2014-11-24,0.97243,0.97262,0.96619,0.96632,0.0
2014-11-25,0.96644,0.96969,0.96332,0.96397,0.0
2014-11-26,0.96394,0.96647,0.95939,0.96108,0.0
2014-11-27,0.96104,0.96425,0.95979,0.96398,0.0
2014-11-28,0.96395,0.96697,0.96203,0.96569,0.0
2014-12-01,0.9665,0.96867,0.9614,0.96456,0.0
2014-12-02,0.96461,0.97286,0.96405,0.9721,0.0
2014-12-03,0.97207,0.9782,0.97138,0.97744,0.0
2014-12-04,0.97743,0.97943,0.96483,0.9712,0.0
2014-12-05,0.97119,0.97987,0.97017,0.97832,0.0
2014-12-08,0.97862,0.98168,0.9737,0.97588,0.0
2014-12-09,0.97605,0.97765,0.96527,0.97125,0.0
2014-12-10,0.9712,0.9722,0.96623,0.96624,0.0
2014-12-11,0.96626,0.97097,0.96264,0.96771,0.0
2014-12-12,0.96782,0.96982,0.96178,0.96401,0.0
2014-12-15,0.96306,0.96729,0.96231,0.96544,0.0
2014-12-16,0.96563,0.9657,0.95521,0.95973,0.0
2014-12-17,0.9597,0.9745,0.95938,0.97284,0.0
2014-12-18,0.97287,0.98471,0.97207,0.97972,0.0
2014-12-19,0.97968,0.9845,0.97834,0.98381,0.0
2014-12-22,0.98384,0.98487,0.9804,0.98354,0.0
2014-12-23,0.98384,0.98853,0.98247,0.98771,0.0
2014-12-24,0.98781,0.98807,0.98389,0.98633,0.0
2014-12-26,0.98455,0.9883,0.98358,0.98747,0.0
2014-12-29,0.9869,0.99068,0.98421,0.98954,0.0
2014-12-30,0.98951,0.99187,0.98669,0.98883,0.0
2014-12-31,0.9887,0.99379,0.98787,0.99375,0.0
2015-01-02,0.99744,1.00137,0.99603,1.00126,0.0
2015-01-05,1.01139,1.01139,1.00319,1.00674,0.0
2015-01-06,1.0067,1.01084,1.00403,1.00994,0.0
2015-01-07,1.01,1.01746,1.00936,1.01425,0.0
2015-01-08,1.01441,1.02157,1.01358,1.01815,0.0
2015-01-09,1.01829,1.02084,1.01372,1.01453,0.0
2015-01-12,1.01327,1.01887,1.01168,1.01471,0.0
2015-01-13,1.01477,1.0217,1.01253,1.02005,0.0
2015-01-14,1.0201,1.02394,1.01369,1.01861,0.0
2015-01-15,1.01866,1.02198,0.85507,0.85507,0.0
2015-01-16,0.84484,0.88081,0.84484,0.8592,0.0
2015-01-19,0.86029,0.87963,0.8537,0.8792,0.0
2015-01-20,0.87908,0.8834,0.86827,0.87541,0.0
2015-01-21,0.8737,0.87709,0.84986,0.85882,0.0
2015-01-22,0.85856,0.87486,0.85226,0.87047,0.0
2015-01-23,0.87057,0.88149,0.86778,0.88044,0.0
2015-01-26,0.87979,0.90408,0.87608,0.90272,0.0
2015-01-27,0.90231,0.91654,0.89332,0.90231,0.0
2015-01-28,0.90221,0.90899,0.89818,0.90472,0.0
2015-01-29,0.90455,0.92518,0.90423,0.92359,0.0
2015-01-30,0.92324,0.92882,0.9168,0.9184,0.0
2015-02-02,0.92555,0.93442,0.91998,0.92756,0.0
2015-02-03,0.92778,0.92953,0.91836,0.92329,0.0
2015-02-04,0.92331,0.92773,0.92056,0.92612,0.0
2015-02-05,0.92626,0.93115,0.9204,0.9209,0.0
2015-02-06,0.9207,0.92879,0.91745,0.92575,0.0
2015-02-09,0.92624,0.92849,0.91942,0.92336,0.0
2015-02-10,0.92333,0.92768,0.92127,0.92611,0.0
2015-02-11,0.92646,0.92987,0.92282,0.92814,0.0
2015-02-12,0.92639,0.93361,0.92553,0.93063,0.0
2015-02-13,0.93065,0.93346,0.92677,0.93196,0.0
2015-02-16,0.93145,0.93267,0.92822,0.93168,0.0
2015-02-17,0.93143,0.93732,0.92902,0.93681,0.0
2015-02-18,0.93656,0.94508,0.93137,0.9421,0.0
2015-02-19,0.94197,0.94981,0.93834,0.94927,0.0
2015-02-20,0.94926,0.95341,0.93722,0.93764,0.0
2015-02-23,0.94051,0.95251,0.93868,0.94974,0.0
2015-02-24,0.94969,0.95214,0.94676,0.95021,0.0
2015-02-25,0.95031,0.95095,0.94641,0.94829,0.0
2015-02-26,0.94805,0.95454,0.94486,0.9524,0.0
2015-02-27,0.95252,0.95452,0.94493,0.95363,0.0
2015-03-02,0.95356,0.95969,0.9529,0.95823,0.0
2015-03-03,0.95699,0.9617,0.95567,0.96107,0.0
2015-03-04,0.96117,0.96797,0.95915,0.96311,0.0
2015-03-05,0.96325,0.97484,0.96264,0.97395,0.0
2015-03-06,0.97359,0.98642,0.97211,0.9861,0.0
2015-03-09,0.98624,0.98731,0.98238,0.98569,0.0
2015-03-10,0.98554,0.99983,0.98516,0.99916,0.0
2015-03-11,0.9994,1.01066,0.99679,1.00874,0.0
2015-03-12,1.00917,1.0128,0.99805,1.00214,0.0
2015-03-13,1.00229,1.01108,1.00214,1.00502,0.0
2015-03-16,1.00663,1.00816,1.00224,1.00742,0.0
2015-03-17,1.0065,1.00904,1.00088,1.00585,0.0
2015-03-18,1.00604,1.00684,0.9625,0.97785,0.0
2015-03-19,0.97742,0.99819,0.97595,0.98984,0.0
2015-03-20,0.98987,0.99038,0.97287,0.97435,0.0
2015-03-23,0.97447,0.98109,0.964,0.96597,0.0
2015-03-24,0.9658,0.96926,0.95353,0.9578,0.0
2015-03-25,0.95798,0.9619,0.95532,0.95968,0.0
2015-03-26,0.95958,0.96554,0.94897,0.96277,0.0
2015-03-27,0.96299,0.96913,0.95571,0.96139,0.0
2015-03-30,0.96143,0.96878,0.96031,0.9669,0.0
2015-03-31,0.96706,0.97555,0.96556,0.97238,0.0
2015-04-01,0.97257,0.97411,0.96432,0.96687,0.0
2015-04-02,0.96662,0.96745,0.95614,0.95924,0.0
2015-04-03,0.95927,0.96082,0.94793,0.95168,0.0
2015-04-06,0.95141,0.96051,0.94989,0.95847,0.0
2015-04-07,0.95808,0.96713,0.95559,0.96591,0.0
2015-04-08,0.96588,0.96736,0.95963,0.96628,0.0
2015-04-09,0.96608,0.97883,0.96581,0.97751,0.0
2015-04-10,0.97736,0.98356,0.97499,0.97919,0.0
2015-04-13,0.98028,0.98614,0.97585,0.97774,0.0
2015-04-14,0.97747,0.97936,0.96715,0.9722,0.0
2015-04-15,0.97215,0.97697,0.96342,0.96415,0.0
2015-04-16,0.96428,0.97099,0.95386,0.95576,0.0
2015-04-17,0.95564,0.95831,0.94934,0.95143,0.0
2015-04-20,0.95088,0.95981,0.94992,0.95622,0.0
2015-04-21,0.95593,0.9624,0.95043,0.95487,0.0
2015-04-22,0.9548,0.97143,0.94992,0.97138,0.0
2015-04-23,0.97112,0.97186,0.95292,0.95458,0.0
2015-04-24,0.95397,0.95729,0.95091,0.95321,0.0
2015-04-27,0.95408,0.95829,0.94915,0.95466,0.0
2015-04-28,0.95515,0.95975,0.95024,0.9555,0.0
2015-04-29,0.95434,0.95713,0.93391,0.93924,0.0
2015-04-30,0.93955,0.94461,0.93067,0.9322,0.0
2015-05-01,0.93227,0.9351,0.92761,0.93236,0.0
2015-05-04,0.93295,0.93838,0.93119,0.93311,0.0
2015-05-05,0.9335,0.94122,0.92371,0.92629,0.0
2015-05-06,0.9263,0.9279,0.91126,0.91602,0.0
2015-05-07,0.91563,0.92263,0.90708,0.92149,0.0
2015-05-08,0.92098,0.93228,0.92011,0.93176,0.0
2015-05-11,0.93137,0.93538,0.9296,0.93393,0.0
2015-05-12,0.93394,0.93577,0.92102,0.92914,0.0
2015-05-13,0.92929,0.92939,0.91525,0.9166,0.0
2015-05-14,0.91644,0.91764,0.90776,0.91199,0.0
2015-05-15,0.91193,0.92543,0.91135,0.91527,0.0
2015-05-18,0.91574,0.92621,0.91463,0.92612,0.0
2015-05-19,0.92606,0.93828,0.9245,0.93675,0.0
2015-05-20,0.93676,0.94045,0.93352,0.93675,0.0
2015-05-21,0.93676,0.93809,0.93052,0.93651,0.0
2015-05-22,0.93639,0.94557,0.92854,0.94285,0.0
2015-05-25,0.94286,0.94556,0.94042,0.94493,0.0
2015-05-26,0.94484,0.95354,0.94465,0.95325,0.0
2015-05-27,0.95314,0.95422,0.94661,0.94934,0.0
2015-05-28,0.94938,0.95114,0.94167,0.94377,0.0
2015-05-29,0.94438,0.9478,0.93478,0.94001,0.0
2015-06-01,0.93943,0.9483,0.93847,0.9458,0.0
2015-06-02,0.94489,0.94619,0.93079,0.93281,0.0
2015-06-03,0.93317,0.94221,0.93016,0.93368,0.0
2015-06-04,0.93359,0.93701,0.92767,0.93345,0.0
2015-06-05,0.93342,0.9501,0.92977,0.93886,0.0
2015-06-08,0.94054,0.94283,0.9255,0.92714,0.0
2015-06-09,0.92726,0.93316,0.92454,0.93083,0.0
2015-06-10,0.93056,0.93239,0.92322,0.9314,0.0
2015-06-11,0.93043,0.94059,0.92959,0.9334,0.0
2015-06-12,0.93251,0.93898,0.92402,0.92839,0.0
2015-06-15,0.92991,0.93834,0.92735,0.92933,0.0
2015-06-16,0.92923,0.93339,0.92706,0.93203,0.0
2015-06-17,0.93212,0.93238,0.91956,0.92175,0.0
2015-06-18,0.92137,0.9245,0.915,0.92109,0.0
2015-06-19,0.92121,0.92482,0.91622,0.91807,0.0
2015-06-22,0.91667,0.92243,0.9156,0.92114,0.0
2015-06-23,0.92137,0.93866,0.92089,0.93377,0.0
2015-06-24,0.9339,0.93686,0.92799,0.93354,0.0
2015-06-25,0.93328,0.94143,0.93241,0.93597,0.0
2015-06-26,0.93576,0.93729,0.92991,0.93341,0.0
2015-06-29,0.9382,0.94279,0.92421,0.92478,0.0
2015-06-30,0.92468,0.93802,0.9246,0.93518,0.0
2015-07-01,0.93529,0.94884,0.9341,0.94819,0.0
2015-07-02,0.94807,0.95026,0.94177,0.9436,0.0
2015-07-03,0.94324,0.94401,0.93982,0.93983,0.0
2015-07-06,0.9434,0.94708,0.9407,0.94252,0.0
2015-07-07,0.94248,0.95143,0.94198,0.94655,0.0
2015-07-08,0.94654,0.95089,0.94075,0.94532,0.0
2015-07-09,0.94524,0.95143,0.94237,0.94772,0.0
2015-07-10,0.94726,0.94882,0.93286,0.93827,0.0
2015-07-13,0.94118,0.95018,0.93667,0.94993,0.0
2015-07-14,0.95004,0.95313,0.9405,0.94472,0.0
2015-07-15,0.94432,0.95464,0.94432,0.9518,0.0
2015-07-16,0.95176,0.95829,0.95138,0.95767,0.0
2015-07-17,0.95718,0.96184,0.95561,0.96144,0.0
2015-07-20,0.96077,0.96475,0.95991,0.96449,0.0
2015-07-21,0.96437,0.96477,0.9559,0.95837,0.0
2015-07-22,0.95714,0.96311,0.95599,0.95965,0.0
2015-07-23,0.95984,0.96014,0.95244,0.95981,0.0
2015-07-24,0.95859,0.96343,0.95726,0.96248,0.0
2015-07-27,0.96132,0.96317,0.95292,0.96265,0.0
2015-07-28,0.96198,0.96731,0.96036,0.96242,0.0
2015-07-29,0.9622,0.96883,0.9598,0.96777,0.0
2015-07-30,0.96739,0.9718,0.96666,0.96916,0.0
2015-07-31,0.96917,0.96937,0.95475,0.96516,0.0
2015-08-03,0.96563,0.97018,0.96429,0.96898,0.0
2015-08-04,0.96885,0.9789,0.96672,0.97834,0.0
2015-08-05,0.97791,0.98206,0.97584,0.97893,0.0
2015-08-06,0.97897,0.98465,0.97661,0.98083,0.0
2015-08-07,0.98072,0.98826,0.97866,0.98388,0.0
2015-08-10,0.98177,0.98898,0.98023,0.9835,0.0
2015-08-11,0.98331,0.9902,0.98008,0.98803,0.0
2015-08-12,0.98814,0.98888,0.96763,0.97513,0.0
2015-08-13,0.97545,0.9793,0.97285,0.97617,0.0
2015-08-14,0.97608,0.97858,0.97266,0.97593,0.0
2015-08-17,0.97565,0.97974,0.97409,0.97851,0.0
2015-08-18,0.97875,0.97947,0.97505,0.9773,0.0
2015-08-19,0.97723,0.97765,0.96427,0.96546,0.0
2015-08-20,0.96493,0.96705,0.9584,0.95842,0.0
2015-08-21,0.95877,0.95938,0.94588,0.94625,0.0
2015-08-24,0.94629,0.94804,0.9257,0.92999,0.0
2015-08-25,0.93022,0.95041,0.92973,0.93879,0.0
2015-08-26,0.93889,0.95508,0.93825,0.95458,0.0
2015-08-27,0.9547,0.96708,0.95113,0.96638,0.0
2015-08-28,0.9662,0.96659,0.95775,0.96241,0.0
2015-08-31,0.96087,0.96886,0.9586,0.96722,0.0
2015-09-01,0.96712,0.9673,0.95682,0.95878,0.0
2015-09-02,0.95826,0.96988,0.95821,0.96927,0.0
2015-09-03,0.96912,0.97698,0.96812,0.97297,0.0
2015-09-04,0.97326,0.97692,0.96974,0.97165,0.0
2015-09-07,0.97145,0.97627,0.97062,0.97494,0.0
2015-09-08,0.97418,0.98202,0.96983,0.97889,0.0
2015-09-09,0.97894,0.98227,0.97148,0.97547,0.0
2015-09-10,0.97524,0.97921,0.97001,0.97302,0.0
2015-09-11,0.97294,0.9795,0.96813,0.96844,0.0
2015-09-14,0.96916,0.97182,0.96663,0.96827,0.0
2015-09-15,0.96811,0.97623,0.9669,0.97386,0.0
2015-09-16,0.97384,0.97615,0.96685,0.9711,0.0
2015-09-17,0.97097,0.97237,0.95904,0.95973,0.0
2015-09-18,0.95936,0.97039,0.95264,0.96797,0.0
2015-09-21,0.96964,0.97387,0.96414,0.97154,0.0
2015-09-22,0.97152,0.97522,0.97064,0.97474,0.0
2015-09-23,0.97503,0.98001,0.97344,0.97969,0.0
2015-09-24,0.97958,0.98032,0.96665,0.97516,0.0
2015-09-25,0.97488,0.98423,0.97421,0.97798,0.0
2015-09-28,0.97768,0.98149,0.9721,0.97362,0.0
2015-09-29,0.97359,0.97482,0.96859,0.97141,0.0
2015-09-30,0.97117,0.97749,0.97056,0.97335,0.0
2015-10-01,0.97322,0.97878,0.97209,0.97718,0.0
2015-10-02,0.97713,0.97935,0.96438,0.9714,0.0
2015-10-05,0.97099,0.97666,0.9685,0.97539,0.0
2015-10-06,0.97545,0.97658,0.96635,0.96675,0.0
2015-10-07,0.9663,0.97386,0.96473,0.97346,0.0
2015-10-08,0.97333,0.97362,0.96216,0.96599,0.0
2015-10-09,0.96546,0.96743,0.95855,0.96118,0.0
2015-10-12,0.96082,0.96298,0.9594,0.96242,0.0
2015-10-13,0.96258,0.96452,0.95535,0.95766,0.0
2015-10-14,0.95753,0.95843,0.94827,0.94917,0.0
2015-10-15,0.94915,0.95517,0.94752,0.95036,0.0
2015-10-16,0.95019,0.95524,0.94959,0.95365,0.0
2015-10-19,0.95255,0.95772,0.95203,0.95601,0.0
2015-10-20,0.95536,0.95696,0.94927,0.95598,0.0
2015-10-21,0.95604,0.961,0.95269,0.95944,0.0
2015-10-22,0.95941,0.97379,0.9579,0.97295,0.0
2015-10-23,0.97301,0.97999,0.97108,0.97864,0.0
2015-10-26,0.97859,0.98379,0.97559,0.98305,0.0
2015-10-27,0.98341,0.98726,0.98047,0.9865,0.0
2015-10-28,0.98648,0.99563,0.98158,0.99404,0.0
2015-10-29,0.99397,0.99547,0.98844,0.9893,0.0
2015-10-30,0.98913,0.99097,0.98446,0.98742,0.0
2015-11-02,0.9854,0.98908,0.98348,0.98695,0.0
2015-11-03,0.98583,0.99242,0.9843,0.9908,0.0
2015-11-04,0.99094,0.99506,0.98842,0.9931,0.0
2015-11-05,0.99314,0.9978,0.99207,0.99526,0.0
2015-11-06,0.9951,1.00751,0.9943,1.00582,0.0
2015-11-09,1.0048,1.00608,0.99965,1.00332,0.0
2015-11-10,1.00321,1.00858,1.00186,1.00626,0.0
2015-11-11,1.00627,1.0071,1.00281,1.00452,0.0
2015-11-12,1.00445,1.00841,0.99884,1.00001,0.0
2015-11-13,0.99993,1.00937,0.99978,1.00616,0.0
2015-11-16,1.0063,1.0102,1.00428,1.00951,0.0
2015-11-17,1.00947,1.01698,1.00916,1.0144,0.0
2015-11-18,1.01437,1.02188,1.01268,1.01976,0.0
2015-11-19,1.01972,1.02006,1.01208,1.01275,0.0
2015-11-20,1.0127,1.01967,1.01212,1.01859,0.0
2015-11-23,1.01925,1.0225,1.01742,1.01788,0.0
2015-11-24,1.01794,1.01928,1.01429,1.01648,0.0
2015-11-25,1.01655,1.02591,1.01428,1.02192,0.0
2015-11-26,1.02092,1.0252,1.02038,1.02353,0.0
2015-11-27,1.02335,1.03272,1.02247,1.02923,0.0
2015-11-30,1.02973,1.03189,1.02571,1.02871,0.0
2015-12-01,1.02883,1.03007,1.02533,1.02575,0.0
2015-12-02,1.02584,1.03067,1.01784,1.01821,0.0
2015-12-03,1.01813,1.02542,0.98739,0.99312,0.0
2015-12-04,0.99321,1.00329,0.99103,0.99608,0.0
2015-12-07,0.99706,1.00306,0.99602,0.99978,0.0
2015-12-08,0.99982,1.00093,0.99162,0.9923,0.0
2015-12-09,0.99218,0.99433,0.98188,0.98293,0.0
2015-12-10,0.98283,0.99069,0.98276,0.98772,0.0
2015-12-11,0.98775,0.98975,0.98021,0.98215,0.0
2015-12-14,0.98311,0.9871,0.97855,0.98518,0.0
2015-12-15,0.98411,0.99234,0.97972,0.99135,0.0
2015-12-16,0.99132,0.99191,0.98091,0.9899,0.0
2015-12-17,0.98921,0.99896,0.98819,0.99639,0.0
2015-12-18,0.99591,0.99748,0.9914,0.99178,0.0
2015-12-21,0.99222,0.99677,0.98961,0.99221,0.0
2015-12-22,0.99219,0.99363,0.98559,0.9872,0.0
2015-12-23,0.9863,0.99441,0.9863,0.9905,0.0
2015-12-24,0.99013,0.99144,0.98517,0.98591,0.0
2015-12-28,0.98537,0.99012,0.98537,0.98804,0.0
2015-12-29,0.98787,0.99422,0.98605,0.99314,0.0
2015-12-30,0.99282,0.99282,0.98563,0.98851,0.0
2015-12-31,0.98831,1.00278,0.98712,1.00248,0.0
2016-01-04,1.00071,1.00615,0.9923,1.00187,0.0
2016-01-05,1.00194,1.01233,1.00064,1.00844,0.0
2016-01-06,1.00849,1.01121,1.00561,1.00702,0.0
2016-01-07,1.00716,1.00791,0.99208,0.99339,0.0
2016-01-08,0.99342,1.00511,0.99342,0.9945,0.0
2016-01-11,0.9944,1.00219,0.98794,1.00123,0.0
2016-01-12,1.00128,1.00453,0.99654,1.00199,0.0
2016-01-13,1.00214,1.01053,1.00204,1.00609,0.0
2016-01-14,1.00583,1.0091,1.00086,1.00483,0.0
2016-01-15,1.00493,1.00592,0.99574,1.00128,0.0
2016-01-18,1.00146,1.0072,1.00034,1.005,0.0
2016-01-19,1.00516,1.00807,1.00006,1.00332,0.0
2016-01-20,1.00317,1.00569,0.99893,1.00489,0.0
2016-01-21,1.0036,1.01451,1.00115,1.00722,0.0
2016-01-22,1.00725,1.01644,1.00653,1.01599,0.0
2016-01-25,1.01552,1.01667,1.01236,1.01275,0.0
2016-01-26,1.01276,1.01977,1.01165,1.0168,0.0
2016-01-27,1.01677,1.01878,1.01292,1.01491,0.0
2016-01-28,1.01494,1.01763,1.01095,1.01365,0.0
2016-01-29,1.01366,1.0255,1.01318,1.02289,0.0
2016-02-01,1.02164,1.02485,1.01545,1.01964,0.0
2016-02-02,1.01946,1.02231,1.01692,1.0184,0.0
2016-02-03,1.01828,1.01926,0.99864,1.00411,0.0
2016-02-04,1.00397,1.00728,0.99205,0.9927,0.0
2016-02-05,0.99277,0.99839,0.98798,0.99155,0.0
2016-02-08,0.99152,0.9972,0.984,0.98692,0.0
2016-02-09,0.98691,0.98731,0.96937,0.97257,0.0
2016-02-10,0.97281,0.98184,0.97082,0.97333,0.0
2016-02-11,0.97354,0.97599,0.96598,0.97248,0.0
2016-02-12,0.97176,0.97897,0.97129,0.97713,0.0
2016-02-15,0.97743,0.98882,0.97659,0.98664,0.0
2016-02-16,0.98658,0.98952,0.98457,0.98842,0.0
2016-02-17,0.98838,0.99407,0.98518,0.99228,0.0
2016-02-18,0.99247,0.99676,0.99033,0.99313,0.0
2016-02-19,0.9927,0.99664,0.9887,0.98905,0.0
2016-02-22,0.98956,1.0002,0.98899,0.99925,0.0
2016-02-23,0.99929,0.99999,0.98943,0.99115,0.0
2016-02-24,0.99114,0.99515,0.98514,0.98873,0.0
2016-02-25,0.98869,0.99508,0.9876,0.99022,0.0
2016-02-26,0.99009,0.99877,0.98703,0.99625,0.0
2016-02-29,0.99727,1.00367,0.99483,0.99819,0.0
2016-03-01,0.99795,1.00082,0.99588,0.99734,0.0
2016-03-02,0.99715,1.0008,0.9954,0.99649,0.0
2016-03-03,0.99639,0.99811,0.98909,0.99221,0.0
2016-03-04,0.99188,0.99871,0.98776,0.99293,0.0
2016-03-07,0.99282,1.00111,0.99256,0.99538,0.0
2016-03-08,0.99479,0.99691,0.99008,0.99555,0.0
2016-03-09,0.99474,1.00358,0.99382,0.99726,0.0
2016-03-10,0.99707,1.00916,0.9809,0.98493,0.0
2016-03-11,0.98477,0.98895,0.98022,0.98225,0.0
2016-03-14,0.98256,0.98808,0.98142,0.98719,0.0
2016-03-15,0.98689,0.98947,0.98485,0.98691,0.0
2016-03-16,0.98682,0.99125,0.97491,0.97671,0.0
2016-03-17,0.9772,0.97849,0.965,0.96734,0.0
2016-03-18,0.96747,0.97162,0.96539,0.96891,0.0
2016-03-21,0.96955,0.97293,0.96745,0.96976,0.0
2016-03-22,0.96957,0.97355,0.96877,0.97259,0.0
2016-03-23,0.97247,0.97652,0.97247,0.97498,0.0
2016-03-24,0.97489,0.97725,0.9736,0.97563,0.0
2016-03-25,0.97533,0.97862,0.9748,0.97698,0.0
2016-03-28,0.97707,0.9785,0.97221,0.97386,0.0
2016-03-29,0.97327,0.97616,0.96569,0.96634,0.0
2016-03-30,0.96642,0.96692,0.95919,0.96484,0.0
2016-03-31,0.96463,0.96621,0.95708,0.96168,0.0
2016-04-01,0.96119,0.9625,0.95517,0.95755,0.0
2016-04-04,0.95747,0.96143,0.95698,0.95888,0.0
2016-04-05,0.95854,0.96035,0.95455,0.95589,0.0
2016-04-06,0.95575,0.96208,0.95293,0.95564,0.0
2016-04-07,0.9555,0.95803,0.95209,0.95592,0.0
2016-04-08,0.95527,0.95815,0.95243,0.9534,0.0
2016-04-11,0.95274,0.95695,0.95018,0.95416,0.0
2016-04-12,0.95395,0.95927,0.94978,0.95519,0.0
2016-04-13,0.95472,0.96708,0.95463,0.96665,0.0
2016-04-14,0.96667,0.96871,0.96369,0.9667,0.0
2016-04-15,0.96669,0.96873,0.96472,0.96781,0.0
2016-04-18,0.96475,0.96779,0.96274,0.96418,0.0
2016-04-19,0.96375,0.96492,0.95841,0.96176,0.0
2016-04-20,0.96174,0.97318,0.96018,0.97213,0.0
2016-04-21,0.9715,0.97517,0.96467,0.97506,0.0
2016-04-22,0.97501,0.9796,0.97315,0.97823,0.0
2016-04-25,0.97872,0.97874,0.97354,0.97489,0.0
2016-04-26,0.97446,0.97656,0.97006,0.97323,0.0
2016-04-27,0.97319,0.97515,0.96787,0.97098,0.0
2016-04-28,0.97077,0.97321,0.96559,0.96652,0.0
2016-04-29,0.96652,0.96701,0.95668,0.95897,0.0
2016-05-02,0.95791,0.96044,0.95344,0.95433,0.0
2016-05-03,0.95411,0.95531,0.94435,0.95445,0.0
2016-05-04,0.9536,0.9589,0.95321,0.95746,0.0
2016-05-05,0.95746,0.9695,0.95674,0.96758,0.0
2016-05-06,0.9676,0.97281,0.96464,0.97239,0.0
2016-05-09,0.97171,0.97351,0.96836,0.97099,0.0
2016-05-10,0.97104,0.97621,0.96976,0.97581,0.0
2016-05-11,0.97578,0.97597,0.96979,0.97081,0.0
2016-05-12,0.97084,0.97248,0.96627,0.9704,0.0
2016-05-13,0.96986,0.97734,0.96986,0.97534,0.0
2016-05-16,0.97496,0.97835,0.9744,0.97754,0.0
2016-05-17,0.97761,0.98074,0.97507,0.98041,0.0
2016-05-18,0.9803,0.98793,0.97978,0.98765,0.0
2016-05-19,0.98731,0.99217,0.98619,0.99066,0.0
2016-05-20,0.9905,0.9926,0.98954,0.9898,0.0
2016-05-23,0.99051,0.99226,0.98823,0.98926,0.0
2016-05-24,0.98924,0.99369,0.9886,0.9931,0.0
2016-05-25,0.99298,0.99338,0.98958,0.99103,0.0
2016-05-26,0.991,0.99255,0.98714,0.9893,0.0
2016-05-27,0.98911,0.99481,0.98844,0.99453,0.0
2016-05-30,0.99412,0.99552,0.99189,0.9921,0.0
2016-05-31,0.99197,0.99502,0.98861,0.9938,0.0
2016-06-01,0.99336,0.99499,0.9861,0.98798,0.0
2016-06-02,0.98707,0.99097,0.9858,0.99041,0.0
2016-06-03,0.98979,0.99195,0.97532,0.97537,0.0
2016-06-06,0.9763,0.97749,0.9681,0.97041,0.0
2016-06-07,0.9702,0.97135,0.96442,0.96496,0.0
2016-06-08,0.96515,0.96582,0.95805,0.95912,0.0
2016-06-09,0.95884,0.96556,0.95772,0.96439,0.0
2016-06-10,0.96433,0.96573,0.96157,0.96409,0.0
2016-06-13,0.96372,0.96774,0.96284,0.9642,0.0
2016-06-14,0.96386,0.96679,0.96198,0.9632,0.0
2016-06-15,0.96313,0.96627,0.95902,0.9612,0.0
2016-06-16,0.96125,0.96859,0.95709,0.96479,0.0
2016-06-17,0.96484,0.96582,0.95877,0.95946,0.0
2016-06-20,0.95873,0.96387,0.95708,0.96171,0.0
2016-06-21,0.96155,0.96229,0.95716,0.96208,0.0
2016-06-22,0.96197,0.96274,0.95497,0.9585,0.0
2016-06-23,0.95806,0.96003,0.95206,0.9583,0.0
2016-06-24,0.95768,0.97996,0.95455,0.97203,0.0
2016-06-27,0.97451,0.98183,0.97042,0.97831,0.0
2016-06-28,0.97789,0.98361,0.97618,0.98161,0.0
2016-06-29,0.98163,0.98226,0.97792,0.97961,0.0
2016-06-30,0.97915,0.98195,0.97271,0.9759,0.0
2016-07-01,0.97533,0.978,0.97092,0.97245,0.0
2016-07-04,0.97323,0.97576,0.97015,0.97031,0.0
2016-07-05,0.96975,0.97734,0.96839,0.97659,0.0
2016-07-06,0.97657,0.98056,0.97393,0.97484,0.0
2016-07-07,0.97464,0.97915,0.974,0.97893,0.0
2016-07-08,0.97808,0.98649,0.97589,0.9826,0.0
2016-07-11,0.98158,0.98566,0.98129,0.98274,0.0
2016-07-12,0.98257,0.98933,0.97948,0.98899,0.0
2016-07-13,0.98845,0.98932,0.9821,0.98532,0.0
2016-07-14,0.98487,0.98509,0.97636,0.98074,0.0
2016-07-15,0.98061,0.98463,0.97817,0.98186,0.0
2016-07-18,0.98181,0.98459,0.981,0.98243,0.0
2016-07-19,0.98216,0.98769,0.98144,0.98541,0.0
2016-07-20,0.98519,0.99036,0.98499,0.98711,0.0
2016-07-21,0.98699,0.99056,0.98397,0.9857,0.0
2016-07-22,0.98545,0.98945,0.98428,0.98656,0.0
2016-07-25,0.98703,0.98935,0.98488,0.98579,0.0
2016-07-26,0.98574,0.99268,0.98343,0.99237,0.0
2016-07-27,0.99223,0.9949,0.98569,0.98584,0.0
2016-07-28,0.98522,0.98652,0.97929,0.98083,0.0
2016-07-29,0.98025,0.9809,0.96348,0.96917,0.0
2016-08-01,0.9688,0.9702,0.96633,0.96813,0.0
2016-08-02,0.96807,0.96936,0.96328,0.96413,0.0
2016-08-03,0.96394,0.97375,0.96365,0.97304,0.0
2016-08-04,0.97308,0.97489,0.97201,0.97399,0.0
2016-08-05,0.97387,0.98294,0.97261,0.98056,0.0
2016-08-08,0.97946,0.98409,0.97878,0.9824,0.0
2016-08-09,0.98188,0.98429,0.98107,0.98132,0.0
2016-08-10,0.98083,0.98173,0.97456,0.97507,0.0
2016-08-11,0.97474,0.97651,0.97108,0.97529,0.0
2016-08-12,0.97529,0.97651,0.97073,0.97447,0.0
2016-08-15,0.97386,0.97579,0.97126,0.97272,0.0
2016-08-16,0.97308,0.9733,0.95872,0.96174,0.0
2016-08-17,0.96094,0.96559,0.95955,0.96184,0.0
2016-08-18,0.96185,0.96225,0.95366,0.9542,0.0
2016-08-19,0.95379,0.961,0.95377,0.95993,0.0
2016-08-22,0.96195,0.9648,0.95894,0.96201,0.0
2016-08-23,0.9623,0.96325,0.95929,0.96286,0.0
2016-08-24,0.96278,0.96829,0.9623,0.96691,0.0
2016-08-25,0.96684,0.96868,0.96404,0.96754,0.0
2016-08-26,0.96743,0.97917,0.96309,0.9779,0.0
2016-08-29,0.97805,0.98058,0.97639,0.97822,0.0
2016-08-30,0.97745,0.98434,0.97717,0.98375,0.0
2016-08-31,0.98298,0.98621,0.98169,0.98373,0.0
2016-09-01,0.98346,0.98838,0.97849,0.97994,0.0
2016-09-02,0.97991,0.98182,0.97382,0.97994,0.0
2016-09-05,0.97974,0.98129,0.97714,0.97977,0.0
2016-09-06,0.97974,0.98096,0.96927,0.96941,0.0
2016-09-07,0.96948,0.97083,0.96682,0.96985,0.0
2016-09-08,0.96975,0.97369,0.96482,0.97242,0.0
2016-09-09,0.97232,0.97833,0.97095,0.97495,0.0
2016-09-12,0.97412,0.97622,0.96893,0.97196,0.0
2016-09-13,0.97126,0.97836,0.97065,0.97665,0.0
2016-09-14,0.97619,0.97888,0.97057,0.97313,0.0
2016-09-15,0.9728,0.97668,0.96918,0.97175,0.0
2016-09-16,0.97157,0.98175,0.97106,0.97997,0.0
2016-09-19,0.97987,0.9818,0.97825,0.98013,0.0
2016-09-20,0.9796,0.98095,0.97614,0.97912,0.0
2016-09-21,0.97882,0.98133,0.9719,0.97344,0.0
2016-09-22,0.97331,0.97405,0.96592,0.96875,0.0
2016-09-23,0.96826,0.97413,0.96822,0.96974,0.0
2016-09-26,0.96959,0.97081,0.96604,0.96907,0.0
2016-09-27,0.9688,0.9728,0.96606,0.97076,0.0
2016-09-28,0.97069,0.97361,0.96906,0.9709,0.0
2016-09-29,0.97013,0.97225,0.96392,0.96607,0.0
2016-09-30,0.96561,0.97509,0.96469,0.97094,0.0
2016-10-03,0.97154,0.97437,0.96947,0.97352,0.0
2016-10-04,0.97289,0.98281,0.97246,0.97891,0.0
2016-10-05,0.97862,0.97905,0.97326,0.97403,0.0
2016-10-06,0.97403,0.98177,0.97335,0.98049,0.0
2016-10-07,0.98033,0.98383,0.97665,0.97726,0.0
2016-10-10,0.97845,0.98382,0.97671,0.98243,0.0
2016-10-11,0.98225,0.98926,0.98172,0.98862,0.0
2016-10-12,0.98825,0.99089,0.98735,0.99065,0.0
2016-10-13,0.9892,0.99088,0.98587,0.98604,0.0
2016-10-14,0.98605,0.99041,0.98552,0.99017,0.0
2016-10-17,0.98996,0.99057,0.98707,0.98889,0.0
2016-10-18,0.9891,0.99137,0.98659,0.98967,0.0
2016-10-19,0.98953,0.99046,0.98745,0.98912,0.0
2016-10-20,0.98799,0.99322,0.98404,0.99253,0.0
2016-10-21,0.99202,0.99609,0.99201,0.99324,0.0
2016-10-24,0.99436,0.99554,0.99151,0.99352,0.0
2016-10-25,0.99294,0.99978,0.99294,0.9944,0.0
2016-10-26,0.99392,0.99577,0.99026,0.99336,0.0
2016-10-27,0.99302,0.99501,0.9911,0.99368,0.0
2016-10-28,0.99333,0.99495,0.98574,0.9872,0.0
2016-10-31,0.98669,0.99067,0.9865,0.98888,0.0
2016-11-01,0.98829,0.98975,0.97273,0.97521,0.0
2016-11-02,0.97528,0.97533,0.96943,0.97313,0.0
2016-11-03,0.97302,0.97595,0.96948,0.97377,0.0
2016-11-04,0.97374,0.97571,0.96785,0.96791,0.0
2016-11-07,0.97719,0.97886,0.9729,0.97409,0.0
2016-11-08,0.97394,0.97889,0.97346,0.97773,0.0
2016-11-09,0.97639,0.98468,0.95485,0.98434,0.0
2016-11-10,0.98417,0.98957,0.98196,0.9867,0.0
2016-11-11,0.98628,0.98925,0.9831,0.98744,0.0
2016-11-14,0.98894,1.00012,0.98787,0.99742,0.0
2016-11-15,0.99698,1.00235,0.99285,1.00173,0.0
2016-11-16,1.00156,1.00574,0.99828,1.00189,0.0
2016-11-17,1.00138,1.00726,0.99939,1.00716,0.0
2016-11-18,1.00679,1.01223,1.00592,1.00974,0.0
2016-11-21,1.01026,1.01159,1.00741,1.00867,0.0
2016-11-22,1.00832,1.01335,1.00666,1.01114,0.0
2016-11-23,1.0109,1.01809,1.00914,1.01689,0.0
2016-11-24,1.01604,1.01909,1.01444,1.01627,0.0
2016-11-25,1.01658,1.01851,1.01044,1.01402,0.0
2016-11-28,1.01088,1.01672,1.00785,1.01276,0.0
2016-11-29,1.01229,1.01758,1.011,1.0115,0.0
2016-11-30,1.01109,1.0204,1.01057,1.01742,0.0
2016-12-01,1.01635,1.01778,1.00986,1.01048,0.0
2016-12-02,1.01003,1.01219,1.00701,1.00999,0.0
2016-12-05,1.01115,1.01808,1.00499,1.00642,0.0
2016-12-06,1.00559,1.01145,1.00487,1.01004,0.0
2016-12-07,1.00999,1.01086,1.00649,1.00718,0.0
2016-12-08,1.00708,1.01774,1.00186,1.01615,0.0
2016-12-09,1.01572,1.02127,1.01527,1.01666,0.0
2016-12-12,1.0186,1.01978,1.01234,1.01332,0.0
2016-12-13,1.01225,1.01449,1.00996,1.01192,0.0
2016-12-14,1.01172,1.0222,1.00828,1.02022,0.0
2016-12-15,1.02004,1.03429,1.01912,1.0298,0.0
2016-12-16,1.02941,1.03106,1.02405,1.02611,0.0
2016-12-19,1.02617,1.02823,1.02203,1.02701,0.0
2016-12-20,1.02701,1.03196,1.02591,1.02857,0.0
2016-12-21,1.02844,1.02947,1.02261,1.02668,0.0
2016-12-22,1.02587,1.02683,1.02173,1.02563,0.0
2016-12-23,1.02494,1.02798,1.02424,1.02608,0.0
2016-12-27,1.02658,1.02971,1.02622,1.02791,0.0
2016-12-28,1.02758,1.03204,1.02637,1.02809,0.0
2016-12-29,1.02793,1.02839,1.02062,1.02284,0.0
2016-12-30,1.02246,1.02306,1.00542,1.01793,0.0
2017-01-03,1.02335,1.03342,1.02098,1.02728,0.0
2017-01-04,1.02719,1.029,1.02,1.02094,0.0
2017-01-05,1.02097,1.02201,1.00861,1.00962,0.0
2017-01-06,1.00965,1.01821,1.00915,1.01749,0.0
2017-01-09,1.01677,1.01968,1.01408,1.01508,0.0
2017-01-10,1.01442,1.01772,1.011,1.01664,0.0
2017-01-11,1.01653,1.02474,1.01007,1.01386,0.0
2017-01-12,1.01362,1.01484,1.00556,1.01068,0.0
2017-01-13,1.01027,1.01209,1.00387,1.00847,0.0
2017-01-16,1.00993,1.01356,1.00873,1.01103,0.0
2017-01-17,1.01168,1.01172,0.99954,1.00166,0.0
2017-01-18,1.00139,1.00743,1.00059,1.00734,0.0
2017-01-19,1.0067,1.01216,1.0041,1.00617,0.0
2017-01-20,1.0053,1.00931,1.00128,1.00134,0.0
2017-01-23,1.00141,1.0024,0.99627,0.99642,0.0
2017-01-24,0.99602,1.00183,0.9957,1.00077,0.0
2017-01-25,1.00031,1.00252,0.99655,0.99913,0.0
2017-01-26,0.99858,1.00255,0.99678,1.00018,0.0
2017-01-27,0.99985,1.00266,0.99689,0.99886,0.0
2017-01-30,0.9966,1.00437,0.9933,0.99492,0.0
2017-01-31,0.99491,0.99654,0.98604,0.9894,0.0
2017-02-01,0.98871,0.99536,0.9883,0.99275,0.0
2017-02-02,0.99258,0.99372,0.98692,0.99263,0.0
2017-02-03,0.99205,0.99819,0.99052,0.99185,0.0
2017-02-06,0.99132,0.99607,0.99033,0.99066,0.0
2017-02-07,0.99038,1.00059,0.99014,0.99758,0.0
2017-02-08,0.99722,0.99992,0.99296,0.99456,0.0
2017-02-09,0.9937,1.00182,0.9936,1.00151,0.0
2017-02-10,1.00136,1.00616,1.00051,1.00209,0.0
2017-02-13,1.00278,1.00686,1.00183,1.00563,0.0
2017-02-14,1.00513,1.00837,1.00307,1.00612,0.0
2017-02-15,1.00608,1.01181,1.00468,1.00532,0.0
2017-02-16,1.00504,1.00553,0.99657,0.9968,0.0
2017-02-17,0.99679,1.00326,0.99661,1.00207,0.0
2017-02-20,1.00265,1.00437,1.0011,1.00268,0.0
2017-02-21,1.00249,1.01049,1.00221,1.0097,0.0
2017-02-22,1.00911,1.01398,1.00773,1.01034,0.0
2017-02-23,1.00992,1.01157,1.00535,1.0062,0.0
2017-02-24,1.00527,1.00797,1.00245,1.00733,0.0
2017-02-27,1.00693,1.00975,1.00453,1.00904,0.0
2017-02-28,1.0089,1.01005,1.00088,1.00579,0.0
2017-03-01,1.00548,1.01281,1.00522,1.00881,0.0
2017-03-02,1.00883,1.01456,1.00826,1.01315,0.0
2017-03-03,1.01311,1.01368,1.00726,1.00735,0.0
2017-03-06,1.00776,1.01289,1.00723,1.01186,0.0
2017-03-07,1.01184,1.01698,1.0106,1.0131,0.0
2017-03-08,1.01337,1.01539,1.01222,1.01463,0.0
2017-03-09,1.01449,1.01601,1.00913,1.01204,0.0
2017-03-10,1.01135,1.01346,1.0078,1.01069,0.0
2017-03-13,1.00937,1.01163,1.006,1.00717,0.0
2017-03-14,1.00693,1.01076,1.00679,1.01005,0.0
2017-03-15,1.01002,1.01059,0.99839,1.00014,0.0
2017-03-16,1.0002,1.00115,0.99506,0.99643,0.0
2017-03-17,0.99642,0.99857,0.99419,0.99783,0.0
2017-03-20,0.99756,0.99904,0.99567,0.9986,0.0
2017-03-21,0.99756,1.00013,0.99214,0.99372,0.0
2017-03-22,0.99378,0.99457,0.98814,0.99131,0.0
2017-03-23,0.99114,0.99417,0.99114,0.99324,0.0
2017-03-24,0.99313,0.99586,0.98883,0.99125,0.0
2017-03-27,0.98832,0.98951,0.98128,0.98531,0.0
2017-03-28,0.98542,0.99345,0.9831,0.99236,0.0
2017-03-29,0.9923,0.99755,0.99122,0.99617,0.0
2017-03-30,0.99621,1.00123,0.99477,1.00113,0.0
2017-03-31,1.00107,1.00289,0.99943,1.00264,0.0
2017-04-03,1.00187,1.00368,1.00071,1.00137,0.0
2017-04-04,1.00143,1.00367,1.00111,1.00171,0.0
2017-04-05,1.0018,1.00762,1.00058,1.00486,0.0
2017-04-06,1.00464,1.00666,1.00257,1.0049,0.0
2017-04-07,1.00462,1.00957,1.0022,1.00901,0.0
2017-04-10,1.00877,1.01069,1.0074,1.00862,0.0
2017-04-11,1.00847,1.00937,1.00556,1.00723,0.0
2017-04-12,1.00736,1.00887,1.00209,1.003,0.0
2017-04-13,1.00217,1.00664,1.00077,1.00557,0.0
2017-04-14,1.00581,1.00594,1.00235,1.00464,0.0
2017-04-17,1.0025,1.00551,1.00095,1.004,0.0
2017-04-18,1.00387,1.00469,0.99549,0.99598,0.0
2017-04-19,0.99586,0.99917,0.99556,0.99811,0.0
2017-04-20,0.99772,0.99872,0.99401,0.99854,0.0
2017-04-21,0.99814,0.99986,0.9952,0.99535,0.0
2017-04-24,0.9897,0.99794,0.98936,0.99565,0.0
2017-04-25,0.99543,0.99691,0.99183,0.99327,0.0
2017-04-26,0.99336,0.99681,0.99168,0.99314,0.0
2017-04-27,0.99302,0.9963,0.99194,0.99412,0.0
2017-04-28,0.99352,0.99573,0.98932,0.9947,0.0
2017-05-01,0.99356,0.99643,0.99275,0.9963,0.0
2017-05-02,0.99605,0.99626,0.99117,0.9915,0.0
2017-05-03,0.99206,0.99469,0.98901,0.99456,0.0
2017-05-04,0.99434,0.99566,0.9862,0.98621,0.0
2017-05-05,0.98632,0.99025,0.98553,0.98674,0.0
2017-05-08,0.98756,0.99903,0.98654,0.9988,0.0
2017-05-09,0.99834,1.009,0.99724,1.00735,0.0
2017-05-10,1.00722,1.00943,1.00475,1.00877,0.0
2017-05-11,1.00865,1.00995,1.0056,1.00773,0.0
2017-05-12,1.00762,1.00855,0.99871,1.00061,0.0
2017-05-15,0.99957,1.00182,0.99574,0.99653,0.0
2017-05-16,0.99629,0.99646,0.98466,0.98575,0.0
2017-05-17,0.9856,0.98591,0.97737,0.97857,0.0
2017-05-18,0.97852,0.98242,0.97589,0.97974,0.0
2017-05-19,0.97972,0.98046,0.97214,0.97216,0.0
2017-05-22,0.97317,0.97651,0.96911,0.97331,0.0
2017-05-23,0.97312,0.97624,0.97014,0.97593,0.0
2017-05-24,0.97559,0.97759,0.97279,0.97295,0.0
2017-05-25,0.97221,0.97374,0.96992,0.97299,0.0
2017-05-26,0.97179,0.97606,0.9696,0.97395,0.0
2017-05-29,0.97487,0.97744,0.97307,0.97711,0.0
2017-05-30,0.97748,0.9807,0.97364,0.97453,0.0
2017-05-31,0.97446,0.97604,0.96689,0.96773,0.0
2017-06-01,0.96695,0.97192,0.9663,0.97141,0.0
2017-06-02,0.97073,0.97184,0.96193,0.962,0.0
2017-06-05,0.96362,0.96635,0.96206,0.96513,0.0
2017-06-06,0.96458,0.96525,0.96129,0.96182,0.0
2017-06-07,0.96187,0.96772,0.96155,0.96454,0.0
2017-06-08,0.96522,0.96956,0.96283,0.96727,0.0
2017-06-09,0.96694,0.97267,0.96518,0.96923,0.0
2017-06-12,0.96813,0.96944,0.96693,0.96858,0.0
2017-06-13,0.96806,0.96999,0.96613,0.96871,0.0
2017-06-14,0.96823,0.97348,0.96401,0.97084,0.0
2017-06-15,0.97056,0.97702,0.9703,0.97529,0.0
2017-06-16,0.97527,0.97566,0.97262,0.9738,0.0
2017-06-19,0.97248,0.97586,0.96949,0.97555,0.0
2017-06-20,0.97529,0.97658,0.97251,0.97494,0.0
2017-06-21,0.97497,0.97529,0.97221,0.97224,0.0
2017-06-22,0.97204,0.97422,0.97118,0.97159,0.0
2017-06-23,0.97169,0.97208,0.96753,0.96917,0.0
2017-06-26,0.96858,0.97376,0.96801,0.97242,0.0
2017-06-27,0.97202,0.97325,0.95917,0.96034,0.0
2017-06-28,0.95967,0.96466,0.95783,0.95965,0.0
2017-06-29,0.95895,0.95987,0.95553,0.95584,0.0
2017-06-30,0.95561,0.95978,0.9552,0.95838,0.0
2017-07-03,0.95785,0.96423,0.95714,0.96351,0.0
2017-07-04,0.96317,0.96591,0.9621,0.96533,0.0
2017-07-05,0.96462,0.96875,0.96301,0.96391,0.0
2017-07-06,0.96373,0.96597,0.96003,0.96047,0.0
2017-07-07,0.96032,0.96537,0.95907,0.96355,0.0
2017-07-10,0.963,0.96748,0.96297,0.96554,0.0
2017-07-11,0.96547,0.96953,0.96232,0.96376,0.0
2017-07-12,0.96293,0.96617,0.96017,0.96527,0.0
2017-07-13,0.96529,0.96862,0.9615,0.96711,0.0
2017-07-14,0.96653,0.96999,0.96286,0.96342,0.0
2017-07-17,0.96276,0.96582,0.95942,0.96236,0.0
2017-07-18,0.96224,0.96339,0.95233,0.95492,0.0
2017-07-19,0.95409,0.95598,0.95283,0.95554,0.0
2017-07-20,0.95463,0.96192,0.94926,0.95123,0.0
2017-07-21,0.95091,0.9522,0.94382,0.94562,0.0
2017-07-24,0.94444,0.94749,0.94444,0.94644,0.0
2017-07-25,0.94507,0.9525,0.94507,0.95236,0.0
2017-07-26,0.95187,0.95947,0.94976,0.95072,0.0
2017-07-27,0.94977,0.96611,0.949,0.96483,0.0
2017-07-28,0.96408,0.9726,0.96326,0.96856,0.0
2017-07-31,0.96895,0.97116,0.96362,0.96675,0.0
2017-08-01,0.96566,0.96828,0.96306,0.96563,0.0
2017-08-02,0.9654,0.97129,0.96417,0.97108,0.0
2017-08-03,0.96993,0.97159,0.96713,0.96841,0.0
2017-08-04,0.96784,0.97635,0.96703,0.97265,0.0
2017-08-07,0.97229,0.97455,0.9711,0.97314,0.0
2017-08-08,0.97183,0.97725,0.97092,0.97403,0.0
2017-08-09,0.97426,0.97438,0.96108,0.96354,0.0
2017-08-10,0.96308,0.96746,0.96184,0.96238,0.0
2017-08-11,0.96229,0.96381,0.95823,0.96141,0.0
2017-08-14,0.96145,0.9732,0.96087,0.97203,0.0
2017-08-15,0.97052,0.97582,0.97019,0.97252,0.0
2017-08-16,0.97176,0.97652,0.96477,0.96563,0.0
2017-08-17,0.96519,0.96978,0.96048,0.96287,0.0
2017-08-18,0.96213,0.9669,0.95861,0.96479,0.0
2017-08-21,0.9646,0.96845,0.96003,0.96183,0.0
2017-08-22,0.96101,0.96877,0.96074,0.9682,0.0
2017-08-23,0.96693,0.96972,0.96412,0.96549,0.0
2017-08-24,0.96393,0.96681,0.96195,0.96534,0.0
2017-08-25,0.96492,0.966,0.95496,0.95633,0.0
2017-08-28,0.95435,0.9577,0.95263,0.95519,0.0
2017-08-29,0.95498,0.95598,0.94273,0.95522,0.0
2017-08-30,0.95493,0.96447,0.95377,0.96346,0.0
2017-08-31,0.96357,0.96788,0.95815,0.95855,0.0
2017-09-01,0.95854,0.96518,0.95453,0.96437,0.0
2017-09-04,0.95892,0.96167,0.95509,0.95737,0.0
2017-09-05,0.95694,0.9613,0.9534,0.95524,0.0
2017-09-06,0.95496,0.95818,0.95274,0.95674,0.0
2017-09-07,0.95623,0.9593,0.94931,0.95049,0.0
2017-09-08,0.95037,0.95065,0.94205,0.94389,0.0
2017-09-11,0.9466,0.95683,0.94564,0.95637,0.0
2017-09-12,0.95619,0.96177,0.95407,0.95994,0.0
2017-09-13,0.95993,0.96601,0.95831,0.96412,0.0
2017-09-14,0.96389,0.97043,0.96163,0.96332,0.0
2017-09-15,0.96311,0.96469,0.95645,0.95925,0.0
2017-09-18,0.96025,0.96401,0.95798,0.96169,0.0
2017-09-19,0.96129,0.96479,0.95943,0.96248,0.0
2017-09-20,0.96228,0.97171,0.95866,0.96968,0.0
2017-09-21,0.96953,0.97472,0.96844,0.97059,0.0
2017-09-22,0.97051,0.97088,0.96675,0.96908,0.0
2017-09-25,0.97022,0.97451,0.96419,0.96633,0.0
2017-09-26,0.96627,0.97255,0.96521,0.96853,0.0
2017-09-27,0.96819,0.97693,0.96818,0.97218,0.0
2017-09-28,0.97125,0.97582,0.96973,0.96996,0.0
2017-09-29,0.96975,0.97205,0.96695,0.96753,0.0
2017-10-02,0.96816,0.97545,0.96724,0.97475,0.0
2017-10-03,0.97445,0.9785,0.97279,0.97353,0.0
2017-10-04,0.97356,0.97611,0.97092,0.97499,0.0
2017-10-05,0.97488,0.97951,0.97395,0.97833,0.0
2017-10-06,0.97795,0.98361,0.97701,0.97737,0.0
2017-10-09,0.97762,0.9807,0.97697,0.97963,0.0
2017-10-10,0.97962,0.97985,0.97349,0.97505,0.0
2017-10-11,0.97429,0.97659,0.97163,0.97304,0.0
2017-10-12,0.97305,0.97631,0.97109,0.97526,0.0
2017-10-13,0.97529,0.97706,0.97042,0.97421,0.0
2017-10-16,0.97434,0.97687,0.97289,0.97544,0.0
2017-10-17,0.97511,0.98085,0.97422,0.9783,0.0
2017-10-18,0.97783,0.98361,0.97735,0.98147,0.0
2017-10-19,0.98142,0.98142,0.97359,0.97594,0.0
2017-10-20,0.97606,0.9852,0.97503,0.98363,0.0
2017-10-23,0.98483,0.98809,0.98308,0.98486,0.0
2017-10-24,0.98474,0.99106,0.98375,0.99088,0.0
2017-10-25,0.9906,0.99389,0.98685,0.98963,0.0
2017-10-26,0.98938,0.99785,0.98755,0.99771,0.0
2017-10-27,0.99712,1.00373,0.99599,0.99709,0.0
2017-10-30,0.99695,0.99956,0.9938,0.99428,0.0
2017-10-31,0.99425,0.99939,0.99381,0.99757,0.0
2017-11-01,0.99704,1.00369,0.99637,1.00333,0.0
2017-11-02,1.003,1.00334,0.99484,0.99927,0.0
2017-11-03,0.99926,1.00237,0.99383,1.0003,0.0
2017-11-06,0.99883,1.00284,0.99721,0.99732,0.0
2017-11-07,0.99691,1.00187,0.99646,1.00018,0.0
2017-11-08,0.99968,1.00059,0.99799,1.00018,0.0
2017-11-09,0.99989,1.00175,0.99209,0.99391,0.0
2017-11-10,0.99245,0.99681,0.99229,0.99549,0.0
2017-11-13,0.99548,0.99861,0.99357,0.99611,0.0
2017-11-14,0.99604,0.99698,0.98809,0.98943,0.0
2017-11-15,0.98912,0.99109,0.98459,0.98846,0.0
2017-11-16,0.98809,0.99451,0.98779,0.9943,0.0
2017-11-17,0.99364,0.99418,0.98752,0.9885,0.0
2017-11-20,0.98782,0.99367,0.98777,0.99341,0.0
2017-11-21,0.99325,0.99464,0.98983,0.99136,0.0
2017-11-22,0.99083,0.99139,0.9812,0.98183,0.0
2017-11-23,0.98116,0.98274,0.9794,0.98122,0.0
2017-11-24,0.98071,0.98265,0.97817,0.97891,0.0
2017-11-27,0.97849,0.98195,0.97755,0.98157,0.0
2017-11-28,0.98093,0.98517,0.98004,0.98378,0.0
2017-11-29,0.98362,0.98692,0.98182,0.98442,0.0
2017-11-30,0.98427,0.98813,0.98154,0.98352,0.0
2017-12-01,0.98327,0.98699,0.97348,0.97517,0.0
2017-12-04,0.98107,0.98665,0.97897,0.98498,0.0
2017-12-05,0.98448,0.98871,0.98366,0.98715,0.0
2017-12-06,0.98632,0.99089,0.98543,0.9898,0.0
2017-12-07,0.98875,0.99466,0.98702,0.99414,0.0
2017-12-08,0.99416,0.99772,0.99202,0.99202,0.0
2017-12-11,0.99346,0.9942,0.98969,0.99187,0.0
2017-12-12,0.9909,0.99349,0.98898,0.99138,0.0
2017-12-13,0.99133,0.99278,0.98413,0.9854,0.0
2017-12-14,0.98478,0.99037,0.98388,0.9888,0.0
2017-12-15,0.98881,0.99337,0.98727,0.98988,0.0
2017-12-18,0.98928,0.99164,0.98394,0.9856,0.0
2017-12-19,0.98518,0.98781,0.98338,0.98479,0.0
2017-12-20,0.98474,0.98845,0.98279,0.98667,0.0
2017-12-21,0.98663,0.99091,0.98507,0.98807,0.0
2017-12-22,0.98828,0.99109,0.98794,0.98859,0.0
2017-12-26,0.98886,0.99145,0.98774,0.98934,0.0
2017-12-27,0.98877,0.99028,0.98579,0.98622,0.0
2017-12-28,0.9853,0.986,0.97709,0.97857,0.0
2017-12-29,0.97824,0.97919,0.97331,0.97388,0.0
2018-01-02,0.97422,0.97489,0.96991,0.97157,0.0
2018-01-03,0.97087,0.97968,0.97076,0.97679,0.0
2018-01-04,0.97697,0.97801,0.97366,0.97466,0.0
2018-01-05,0.97441,0.97839,0.97356,0.97396,0.0
2018-01-08,0.97474,0.97834,0.97369,0.97722,0.0
2018-01-09,0.97629,0.98412,0.97579,0.98328,0.0
2018-01-10,0.98174,0.98445,0.97531,0.97831,0.0
2018-01-11,0.97762,0.98156,0.97318,0.97573,0.0
2018-01-12,0.97473,0.97697,0.9664,0.96694,0.0
2018-01-15,0.96784,0.96845,0.96027,0.96268,0.0
2018-01-16,0.9628,0.96647,0.95803,0.95945,0.0
2018-01-17,0.95948,0.96576,0.95712,0.96521,0.0
2018-01-18,0.96548,0.96647,0.95743,0.95882,0.0
2018-01-19,0.95799,0.96366,0.95348,0.9633,0.0
2018-01-22,0.96065,0.96396,0.9592,0.96192,0.0
2018-01-23,0.96131,0.96329,0.95661,0.95768,0.0
2018-01-24,0.95759,0.95801,0.94262,0.94532,0.0
2018-01-25,0.94393,0.94657,0.92884,0.94103,0.0
2018-01-26,0.94026,0.94252,0.93228,0.93323,0.0
2018-01-29,0.93368,0.93865,0.93207,0.93746,0.0
2018-01-30,0.9373,0.93922,0.93093,0.93394,0.0
2018-01-31,0.93426,0.93582,0.92886,0.93118,0.0
2018-02-01,0.93108,0.93408,0.92555,0.92629,0.0
2018-02-02,0.92619,0.93364,0.925,0.9307,0.0
2018-02-05,0.93185,0.93759,0.92865,0.93152,0.0
2018-02-06,0.93133,0.93973,0.93053,0.93608,0.0
2018-02-07,0.93589,0.94538,0.93385,0.94313,0.0
2018-02-08,0.94281,0.94692,0.93541,0.93601,0.0
2018-02-09,0.93561,0.94084,0.93475,0.939,0.0
2018-02-12,0.93961,0.94041,0.93633,0.93909,0.0
2018-02-13,0.93891,0.93977,0.9322,0.93485,0.0
2018-02-14,0.93364,0.93735,0.92841,0.92918,0.0
2018-02-15,0.92903,0.92915,0.92092,0.92191,0.0
2018-02-16,0.92188,0.92866,0.91865,0.927,0.0
2018-02-19,0.92722,0.93189,0.92624,0.92885,0.0
2018-02-20,0.92844,0.93683,0.92803,0.93594,0.0
2018-02-21,0.93598,0.93959,0.93421,0.93899,0.0
2018-02-22,0.93866,0.94087,0.93252,0.93272,0.0
2018-02-23,0.93258,0.93737,0.93197,0.93543,0.0
2018-02-26,0.93592,0.93905,0.93246,0.93792,0.0
2018-02-27,0.93795,0.94162,0.93578,0.93891,0.0
2018-02-28,0.93852,0.94579,0.93848,0.94447,0.0
2018-03-01,0.9438,0.94895,0.94096,0.94165,0.0
2018-03-02,0.94127,0.9424,0.9338,0.93729,0.0
2018-03-05,0.93547,0.94072,0.93412,0.93975,0.0
2018-03-06,0.93916,0.94188,0.93592,0.94042,0.0
2018-03-07,0.94042,0.94415,0.9357,0.94341,0.0
2018-03-08,0.94314,0.95193,0.94213,0.95105,0.0
2018-03-09,0.95096,0.95331,0.94871,0.95079,0.0
2018-03-12,0.94937,0.95123,0.94589,0.94752,0.0
2018-03-13,0.94646,0.94929,0.94287,0.9439,0.0
2018-03-14,0.94375,0.94798,0.94239,0.94482,0.0
2018-03-15,0.94484,0.95191,0.94329,0.95126,0.0
2018-03-16,0.95102,0.95472,0.94845,0.95146,0.0
2018-03-19,0.95145,0.95509,0.94939,0.95097,0.0
2018-03-20,0.95103,0.95687,0.95012,0.9563,0.0
2018-03-21,0.95637,0.95643,0.94832,0.94923,0.0
2018-03-22,0.9488,0.95143,0.94591,0.94902,0.0
2018-03-23,0.94923,0.94949,0.94438,0.94672,0.0
2018-03-26,0.94647,0.94883,0.94326,0.94535,0.0
2018-03-27,0.94532,0.95079,0.94337,0.94665,0.0
2018-03-28,0.94641,0.95772,0.94545,0.95639,0.0
2018-03-29,0.95611,0.9583,0.95472,0.95626,0.0
2018-03-30,0.95591,0.95627,0.95184,0.95329,0.0
2018-04-02,0.95249,0.95643,0.9521,0.9552,0.0
2018-04-03,0.95385,0.95966,0.95326,0.95858,0.0
2018-04-04,0.95815,0.96108,0.95505,0.96067,0.0
2018-04-05,0.96071,0.96391,0.95973,0.96328,0.0
2018-04-06,0.96336,0.96484,0.95773,0.95911,0.0
2018-04-09,0.95798,0.96091,0.95597,0.95606,0.0
2018-04-10,0.95579,0.95804,0.9534,0.95672,0.0
2018-04-11,0.95622,0.95957,0.95549,0.95764,0.0
2018-04-12,0.95762,0.96459,0.95619,0.96226,0.0
2018-04-13,0.96222,0.96379,0.95994,0.96178,0.0
2018-04-16,0.9613,0.96365,0.95766,0.95977,0.0
2018-04-17,0.95966,0.96777,0.95802,0.96614,0.0
2018-04-18,0.96594,0.96979,0.96498,0.96864,0.0
2018-04-19,0.96819,0.97233,0.96652,0.9712,0.0
2018-04-20,0.97118,0.97586,0.96998,0.97458,0.0
2018-04-23,0.97425,0.97877,0.97364,0.97811,0.0
2018-04-24,0.9781,0.98101,0.97671,0.97886,0.0
2018-04-25,0.97798,0.98474,0.97797,0.98308,0.0
2018-04-26,0.98291,0.9895,0.9816,0.98911,0.0
2018-04-27,0.98797,0.99197,0.98711,0.98777,0.0
2018-04-30,0.98715,0.99201,0.98675,0.99054,0.0
2018-05-01,0.98959,0.99694,0.9893,0.99663,0.0
2018-05-02,0.99572,0.99995,0.99354,0.9993,0.0
2018-05-03,0.99874,0.99988,0.9955,0.99755,0.0
2018-05-04,0.99726,1.00223,0.9962,0.99969,0.0
2018-05-07,0.9998,1.00557,0.99832,1.00257,0.0
2018-05-08,1.00144,1.00447,1.00019,1.00164,0.0
2018-05-09,1.00138,1.00552,1.00027,1.00515,0.0
2018-05-10,1.00442,1.00559,0.99937,1.00276,0.0
2018-05-11,1.00234,1.00396,0.99756,0.99963,0.0
2018-05-14,1.00032,1.0008,0.9957,1.0005,0.0
2018-05-15,1.0006,1.0042,0.9983,1.0014,0.0
2018-05-16,1.0013,1.002,0.9984,1.0011,0.0
2018-05-17,1.00126,1.00333,0.99863,1.00174,0.0
2018-05-18,1.00155,1.00215,0.995,0.99757,0.0
2018-05-21,0.99688,1.0002,0.99685,0.99725,0.0
2018-05-22,0.9973,0.9991,0.9918,0.9927,0.0
2018-05-23,0.99276,0.9979,0.9894,0.99578,0.0
2018-05-24,0.99581,0.99643,0.98855,0.9913,0.0
2018-05-25,0.99153,0.99372,0.9896,0.98996,0.0
2018-05-28,0.99158,0.9958,0.9898,0.9936,0.0
2018-05-29,0.9936,0.99833,0.98519,0.99135,0.0
2018-05-30,0.9913,0.9937,0.9878,0.9892,0.0
2018-05-31,0.98921,0.9902,0.9826,0.98586,0.0
2018-06-01,0.9858,0.99131,0.9841,0.98786,0.0
2018-06-04,0.98878,0.9895,0.9829,0.98807,0.0
2018-06-05,0.98802,0.9894,0.98305,0.9847,0.0
2018-06-06,0.98452,0.9887,0.9835,0.98661,0.0
2018-06-07,0.98642,0.9869,0.9788,0.9805,0.0
2018-06-08,0.98041,0.9888,0.9791,0.98502,0.0
2018-06-11,0.98465,0.9874,0.9838,0.98534,0.0
2018-06-12,0.9854,0.9884,0.983,0.9868,0.0
2018-06-13,0.98674,0.98952,0.984,0.9855,0.0
2018-06-14,0.9855,0.99733,0.9825,0.9972,0.0
2018-06-15,0.997,0.9989,0.9945,0.99764,0.0
2018-06-18,0.99623,0.99904,0.99358,0.9952,0.0
2018-06-19,0.9952,0.9978,0.9917,0.9941,0.0
2018-06-20,0.99409,0.9983,0.9936,0.99611,0.0
2018-06-21,0.99624,0.9986,0.98968,0.9919,0.0
2018-06-22,0.99195,0.99308,0.9872,0.9878,0.0
2018-06-25,0.98865,0.98925,0.9855,0.987,0.0
2018-06-26,0.98701,0.99233,0.9858,0.99058,0.0
2018-06-27,0.99067,0.9977,0.9891,0.99706,0.0
2018-06-28,0.99727,0.99928,0.99528,0.99756,0.0
2018-06-29,0.99754,0.99863,0.9892,0.9905,0.0
2018-07-02,0.99165,0.9966,0.98978,0.9936,0.0
2018-07-03,0.99357,0.9952,0.99125,0.9924,0.0
2018-07-04,0.99246,0.9941,0.9905,0.99272,0.0
2018-07-05,0.99299,0.9945,0.9908,0.99342,0.0
2018-07-06,0.99351,0.9945,0.98845,0.99004,0.0
2018-07-09,0.99025,0.9931,0.9858,0.99163,0.0
2018-07-10,0.99147,0.99619,0.9905,0.99201,0.0
2018-07-11,0.99191,0.9966,0.9905,0.99589,0.0
2018-07-12,0.99592,1.0028,0.99398,1.00242,0.0
2018-07-13,1.00239,1.0069,1.0012,1.00168,0.0
2018-07-16,1.00171,1.0033,0.9962,0.99674,0.0
2018-07-17,0.99676,1.0002,0.9927,1.00014,0.0
2018-07-18,1.00013,1.0036,0.9978,0.99899,0.0
2018-07-19,0.99899,1.00433,0.9959,0.99923,0.0
2018-07-20,0.99911,1.0011,0.9912,0.99264,0.0
2018-07-23,0.9925,0.9943,0.99008,0.99284,0.0
2018-07-24,0.99242,0.9955,0.99125,0.99377,0.0
2018-07-25,0.99364,0.99495,0.9907,0.99165,0.0
2018-07-26,0.99184,0.9951,0.99025,0.9943,0.0
2018-07-27,0.99415,0.9979,0.99275,0.99462,0.0
2018-07-30,0.9947,0.9957,0.9877,0.9883,0.0
2018-07-31,0.98815,0.9907,0.98673,0.99048,0.0
2018-08-01,0.99027,0.9935,0.9899,0.99204,0.0
2018-08-02,0.99209,0.9957,0.99138,0.99546,0.0
2018-08-03,0.9954,0.9966,0.99208,0.99445,0.0
2018-08-06,0.9936,0.9986,0.99303,0.9965,0.0
2018-08-07,0.99656,0.99778,0.993,0.9955,0.0
2018-08-08,0.99564,0.99705,0.9927,0.99318,0.0
2018-08-09,0.99331,0.99513,0.9894,0.99368,0.0
2018-08-10,0.9935,0.9975,0.9921,0.99535,0.0
2018-08-13,0.99418,0.99545,0.992,0.9931,0.0
2018-08-14,0.99328,0.9951,0.9901,0.99426,0.0
2018-08-15,0.99417,0.9983,0.9925,0.9938,0.0
2018-08-16,0.99359,0.99746,0.9915,0.99683,0.0
2018-08-17,0.99686,0.9979,0.9932,0.9957,0.0
2018-08-20,0.99553,0.9969,0.9909,0.9913,0.0
2018-08-21,0.99131,0.9924,0.9842,0.98465,0.0
2018-08-22,0.98499,0.9858,0.9807,0.98313,0.0
2018-08-23,0.98304,0.9867,0.9822,0.9859,0.0
2018-08-24,0.98609,0.9866,0.9811,0.98337,0.0
2018-08-27,0.98395,0.9846,0.9787,0.9796,0.0
2018-08-28,0.97971,0.981,0.97448,0.97636,0.0
2018-08-29,0.9761,0.9779,0.9701,0.97044,0.0
2018-08-30,0.97053,0.9723,0.9686,0.9694,0.0
2018-08-31,0.96915,0.9707,0.96523,0.96886,0.0
2018-09-03,0.97005,0.9708,0.9683,0.9693,0.0
2018-09-04,0.96929,0.9768,0.9686,0.97424,0.0
2018-09-05,0.97449,0.9754,0.9708,0.9718,0.0
2018-09-06,0.97179,0.97245,0.965,0.9652,0.0
2018-09-07,0.96516,0.97,0.9641,0.96924,0.0
2018-09-10,0.96898,0.9756,0.96758,0.97485,0.0
2018-09-11,0.9751,0.976,0.9719,0.9724,0.0
2018-09-12,0.9722,0.975,0.9695,0.97045,0.0
2018-09-13,0.97085,0.97173,0.9651,0.9657,0.0
2018-09-14,0.96541,0.9676,0.9634,0.9675,0.0
2018-09-17,0.96777,0.96835,0.9611,0.96233,0.0
2018-09-18,0.96258,0.9657,0.9599,0.9646,0.0
2018-09-19,0.96453,0.97008,0.96268,0.9674,0.0
2018-09-20,0.9672,0.9685,0.9589,0.959,0.0
2018-09-21,0.95901,0.95997,0.9542,0.9584,0.0
2018-09-24,0.9592,0.9651,0.95788,0.96502,0.0
2018-09-25,0.96489,0.9672,0.9629,0.9651,0.0
2018-09-26,0.965,0.97018,0.9623,0.9658,0.0
2018-09-27,0.96602,0.9783,0.96455,0.97732,0.0
2018-09-28,0.97726,0.982,0.97375,0.9819,0.0
2018-10-01,0.9809,0.9856,0.97995,0.9836,0.0
2018-10-02,0.9842,0.9864,0.9823,0.98403,0.0
2018-10-03,0.98392,0.99254,0.9833,0.9924,0.0
2018-10-04,0.99236,0.99342,0.9891,0.99175,0.0
2018-10-05,0.9917,0.99551,0.991,0.992,0.0
2018-10-08,0.99285,0.99449,0.9907,0.9925,0.0
2018-10-09,0.9925,0.9957,0.9911,0.9918,0.0
2018-10-10,0.99207,0.9935,0.98955,0.9901,0.0
2018-10-11,0.99013,0.9923,0.9856,0.98955,0.0
2018-10-12,0.98948,0.99308,0.9882,0.99161,0.0
2018-10-15,0.99195,0.99206,0.9847,0.98688,0.0
2018-10-16,0.98718,0.9909,0.98588,0.99066,0.0
2018-10-17,0.99065,0.9955,0.9898,0.9952,0.0
2018-10-18,0.99529,0.99753,0.9919,0.99561,0.0
2018-10-19,0.99562,0.9979,0.9949,0.99623,0.0
2018-10-22,0.9957,0.9981,0.994,0.99613,0.0
2018-10-23,0.9959,0.9971,0.9938,0.99476,0.0
2018-10-24,0.9949,0.999,0.9941,0.9978,0.0
2018-10-25,0.9978,1.00183,0.9955,0.9998,0.0
2018-10-26,0.99971,1.0027,0.9964,0.99711,0.0
2018-10-29,0.9973,1.0025,0.99675,1.00199,0.0
2018-10-30,1.00188,1.0053,1.0008,1.00521,0.0
2018-10-31,1.00526,1.01,1.0033,1.00839,0.0
2018-11-01,1.0084,1.00918,1.0,1.0022,0.0
2018-11-02,1.00209,1.0049,0.9968,1.0035,0.0
2018-11-05,1.003,1.00696,1.0024,1.00445,0.0
2018-11-06,1.00448,1.0057,1.0021,1.00245,0.0
2018-11-07,1.0026,1.00512,0.9952,1.0026,0.0
2018-11-08,1.00234,1.0071,1.0007,1.0062,0.0
2018-11-09,1.00597,1.0086,1.0043,1.00552,0.0
2018-11-12,1.0053,1.0112,1.0053,1.01093,0.0
2018-11-13,1.01094,1.0129,1.0069,1.007,0.0
2018-11-14,1.0068,1.0105,1.0042,1.0061,0.0
2018-11-15,1.0062,1.00791,1.00359,1.0067,0.0
2018-11-16,1.0067,1.0088,0.9991,1.0,0.0
2018-11-19,1.00065,1.0008,0.9924,0.9937,0.0
2018-11-20,0.99356,0.99588,0.99085,0.995,0.0
2018-11-21,0.99512,0.9959,0.9928,0.9945,0.0
2018-11-22,0.99472,0.9957,0.9921,0.99513,0.0
2018-11-23,0.99493,0.9981,0.99345,0.99735,0.0
2018-11-26,0.99711,0.9994,0.9954,0.99868,0.0
2018-11-27,0.99852,1.0004,0.9975,0.9986,0.0
2018-11-28,0.99864,1.0006,0.9925,0.9936,0.0
2018-11-29,0.99395,0.99772,0.9917,0.99595,0.0
2018-11-30,0.99594,1.00045,0.9951,0.99891,0.0
2018-12-03,0.9994,0.99982,0.9964,0.99797,0.0
2018-12-04,0.99787,0.9991,0.993,0.9974,0.0
2018-12-05,0.99747,1.00086,0.99668,0.9976,0.0
2018-12-06,0.9975,0.99902,0.98948,0.9929,0.0
2018-12-07,0.99274,0.9944,0.98893,0.98989,0.0
2018-12-10,0.99125,0.99145,0.9868,0.9903,0.0
2018-12-11,0.9902,0.9939,0.9862,0.9931,0.0
2018-12-12,0.99313,0.99665,0.99128,0.99343,0.0
2018-12-13,0.99342,0.9955,0.9912,0.99379,0.0
2018-12-14,0.9941,0.9991,0.99283,0.99809,0.0
2018-12-17,0.99727,0.99873,0.9917,0.9931,0.0
2018-12-18,0.99305,0.9947,0.9899,0.99286,0.0
2018-12-19,0.99264,0.99561,0.9906,0.99458,0.0
2018-12-20,0.99458,0.9956,0.984,0.98802,0.0
2018-12-21,0.988,0.9961,0.98608,0.99533,0.0
2018-12-24,0.99429,0.9952,0.9853,0.98616,0.0
2018-12-26,0.9875,0.9964,0.98518,0.99563,0.0
2018-12-27,0.99578,0.99595,0.98403,0.9877,0.0
2018-12-28,0.98774,0.98995,0.97904,0.98453,0.0
2018-12-31,0.98421,0.98753,0.9809,0.9815,0.0
2019-01-02,0.98178,0.99208,0.9796,0.99,0.0
2019-01-03,0.9902,0.99265,0.9846,0.98674,0.0
2019-01-04,0.98679,0.99088,0.9852,0.9866,0.0
2019-01-07,0.98693,0.98813,0.97879,0.97966,0.0
2019-01-08,0.97965,0.9835,0.9788,0.9814,0.0
2019-01-09,0.98131,0.9821,0.97324,0.97443,0.0
2019-01-10,0.97436,0.985,0.9716,0.9844,0.0
2019-01-11,0.98445,0.98562,0.9813,0.98414,0.0
2019-01-14,0.98479,0.9851,0.9799,0.98089,0.0
2019-01-15,0.98098,0.9895,0.9801,0.98756,0.0
2019-01-16,0.98786,0.9911,0.9872,0.99043,0.0
2019-01-17,0.99033,0.9955,0.98893,0.9943,0.0
2019-01-18,0.99429,0.996,0.9931,0.9956,0.0
2019-01-21,0.99484,0.9988,0.9933,0.99734,0.0
2019-01-22,0.99735,0.9987,0.9961,0.9974,0.0
2019-01-23,0.9973,0.99903,0.9939,0.9949,0.0
2019-01-24,0.99478,0.99769,0.9934,0.99623,0.0
2019-01-25,0.99634,0.9975,0.9922,0.9931,0.0
2019-01-28,0.9931,0.99455,0.9905,0.99197,0.0
2019-01-29,0.9919,0.9958,0.9907,0.9948,0.0
2019-01-30,0.99458,0.99953,0.9931,0.9942,0.0
2019-01-31,0.99418,0.99533,0.99075,0.99449,0.0
2019-02-01,0.99416,0.99631,0.9921,0.99557,0.0
2019-02-04,0.9945,0.9995,0.99398,0.9979,0.0
2019-02-05,0.99783,1.0021,0.9972,0.99998,0.0
2019-02-06,0.99982,1.0028,0.99865,1.0025,0.0
2019-02-07,1.00235,1.003,1.0,1.0025,0.0
2019-02-08,1.00218,1.0029,0.9995,1.00031,0.0
2019-02-11,1.0006,1.0054,0.9986,1.00413,0.0
2019-02-12,1.00395,1.0093,1.0034,1.0063,0.0
2019-02-13,1.00673,1.0094,1.0043,1.00934,0.0
2019-02-14,1.0092,1.01016,1.0044,1.005,0.0
2019-02-15,1.00494,1.00898,1.0044,1.005,0.0
2019-02-18,1.0053,1.0057,1.0023,1.0051,0.0
2019-02-19,1.0047,1.0061,1.0001,1.0013,0.0
2019-02-20,1.00098,1.0024,0.9981,1.001,0.0
2019-02-21,0.99958,1.0024,0.9991,1.0013,0.0
2019-02-22,1.001,1.0025,0.9987,1.00016,0.0
2019-02-25,1.00022,1.0013,0.9983,1.0005,0.0
2019-02-26,1.00074,1.002,0.9987,1.00015,0.0
2019-02-27,0.99885,1.0016,0.9962,1.00142,0.0
2019-02-28,1.00158,1.0017,0.9926,0.99799,0.0
2019-03-01,0.99813,1.001,0.9963,0.99911,0.0
2019-03-04,0.99805,1.0021,0.99748,0.99894,0.0
2019-03-05,0.9989,1.0056,0.9982,1.0044,0.0
2019-03-06,1.00404,1.0057,1.0028,1.005,0.0
2019-03-07,1.00492,1.0127,1.00305,1.01135,0.0
2019-03-08,1.0112,1.0119,1.0069,1.008,0.0
2019-03-11,1.00765,1.012,1.00695,1.0107,0.0
2019-03-12,1.01067,1.0114,1.0063,1.0078,0.0
2019-03-13,1.00777,1.0085,1.0027,1.0037,0.0
2019-03-14,1.00387,1.0052,1.00269,1.0036,0.0
2019-03-15,1.00377,1.0053,1.001,1.0022,0.0
2019-03-18,1.0024,1.0029,0.9996,1.0009,0.0
2019-03-19,1.00142,1.0017,0.9984,0.99917,0.0
2019-03-20,0.9992,1.0011,0.98948,0.9927,0.0
2019-03-21,0.99258,0.9946,0.9903,0.992,0.0
2019-03-22,0.99199,0.9971,0.9914,0.99353,0.0
2019-03-25,0.99409,0.9951,0.991,0.99238,0.0
2019-03-26,0.99245,0.9953,0.9918,0.99455,0.0
2019-03-27,0.99445,0.9967,0.9905,0.99492,0.0
2019-03-28,0.9949,0.9974,0.994,0.99561,0.0
2019-03-29,0.9957,0.9975,0.9944,0.9951,0.0
2019-04-01,0.99503,0.9996,0.99315,0.99906,0.0
2019-04-02,0.99895,1.0002,0.99723,0.9981,0.0
2019-04-03,0.99807,0.9988,0.9953,0.9982,0.0
2019-04-04,0.99828,1.0004,0.99671,1.0001,0.0
2019-04-05,1.00012,1.0013,0.99823,1.00025,0.0
2019-04-08,1.0002,1.0006,0.9977,0.999,0.0
2019-04-09,0.99882,1.001,0.998,0.99979,0.0
2019-04-10,1.00022,1.0034,0.99912,1.0025,0.0
2019-04-11,1.00256,1.0047,1.0009,1.00333,0.0
2019-04-12,1.003,1.0037,0.9997,1.0027,0.0
2019-04-15,1.0019,1.0047,1.0009,1.0042,0.0
2019-04-16,1.00399,1.0083,1.0032,1.0077,0.0
2019-04-17,1.00785,1.0111,1.00625,1.01067,0.0
2019-04-18,1.01058,1.016,1.0092,1.01555,0.0
2019-04-19,1.0155,1.0157,1.013,1.0146,0.0
2019-04-22,1.0139,1.0161,1.0134,1.0157,0.0
2019-04-23,1.01549,1.0231,1.0151,1.0199,0.0
2019-04-24,1.02018,1.0221,1.0169,1.0204,0.0
2019-04-25,1.02028,1.0228,1.0192,1.02036,0.0
2019-04-26,1.02028,1.02372,1.0184,1.0198,0.0
2019-04-29,1.0194,1.0216,1.0184,1.0197,0.0
2019-04-30,1.0197,1.02044,1.0174,1.01914,0.0
2019-05-01,1.01923,1.0199,1.0126,1.01782,0.0
2019-05-02,1.01805,1.0204,1.0168,1.01935,0.0
2019-05-03,1.01937,1.0215,1.016,1.0165,0.0
2019-05-06,1.0158,1.0197,1.0151,1.01783,0.0
2019-05-07,1.01804,1.0227,1.016,1.0194,0.0
2019-05-08,1.01952,1.0209,1.0168,1.02043,0.0
2019-05-09,1.02039,1.0214,1.01235,1.01519,0.0
2019-05-10,1.01501,1.01615,1.0101,1.01187,0.0
2019-05-13,1.01185,1.01205,1.005,1.00622,0.0
2019-05-14,1.00635,1.0097,1.005,1.0087,0.0
2019-05-15,1.0087,1.0098,1.0055,1.0087,0.0
2019-05-16,1.00873,1.01075,1.0072,1.0101,0.0
2019-05-17,1.00984,1.0122,1.0085,1.011,0.0
2019-05-20,1.0108,1.0122,1.008,1.0086,0.0
2019-05-21,1.00862,1.012,1.0079,1.01109,0.0
2019-05-22,1.011,1.012,1.0066,1.00966,0.0
2019-05-23,1.0096,1.01,1.0023,1.0034,0.0
2019-05-24,1.00331,1.0044,1.00085,1.0017,0.0
2019-05-27,1.0024,1.00631,1.00125,1.00388,0.0
2019-05-28,1.00382,1.0099,1.0033,1.0077,0.0
2019-05-29,1.0078,1.00865,1.0049,1.0082,0.0
2019-05-30,1.00813,1.0099,1.0069,1.00793,0.0
2019-05-31,1.00785,1.0083,1.0,1.00068,0.0
2019-06-03,1.0015,1.0025,0.99103,0.9924,0.0
2019-06-04,0.99256,0.99565,0.9902,0.99225,0.0
2019-06-05,0.99212,0.9951,0.98547,0.99475,0.0
2019-06-06,0.99477,0.99608,0.98793,0.99138,0.0
2019-06-07,0.9913,0.995,0.9858,0.98791,0.0
2019-06-10,0.98947,0.9921,0.98845,0.98995,0.0
2019-06-11,0.9897,0.9937,0.9889,0.9925,0.0
2019-06-12,0.9925,0.996,0.9902,0.99556,0.0
2019-06-13,0.9954,0.99608,0.9917,0.9937,0.0
2019-06-14,0.99383,0.9996,0.99255,0.99857,0.0
2019-06-17,0.99845,0.9999,0.99658,0.999,0.0
2019-06-18,0.99913,1.00131,0.9965,1.00013,0.0
2019-06-19,1.00043,1.0016,0.9916,0.9941,0.0
2019-06-20,0.99426,0.9951,0.97918,0.98186,0.0
2019-06-21,0.9815,0.9839,0.9756,0.9763,0.0
2019-06-24,0.9764,0.9784,0.971,0.97203,0.0
2019-06-25,0.9721,0.9777,0.9693,0.97556,0.0
2019-06-26,0.9755,0.9785,0.97413,0.9779,0.0
2019-06-27,0.9781,0.9815,0.9759,0.97656,0.0
2019-06-28,0.97653,0.97746,0.97386,0.97631,0.0
2019-07-01,0.97839,0.98842,0.97831,0.98775,0.0
2019-07-02,0.98775,0.98894,0.98356,0.98626,0.0
2019-07-03,0.98623,0.98733,0.98346,0.98635,0.0
2019-07-04,0.98658,0.98712,0.98477,0.98494,0.0
2019-07-05,0.98501,0.99322,0.98446,0.99184,0.0
2019-07-08,0.99196,0.99473,0.98987,0.99394,0.0
2019-07-09,0.99392,0.99518,0.9923,0.99359,0.0
2019-07-10,0.99366,0.99417,0.98876,0.98956,0.0
2019-07-11,0.98952,0.99117,0.98468,0.99028,0.0
2019-07-12,0.99028,0.99083,0.9836,0.9842,0.0
2019-07-15,0.98424,0.98548,0.98176,0.9845,0.0
2019-07-16,0.98454,0.98942,0.98359,0.9879,0.0
2019-07-17,0.98786,0.99079,0.98648,0.98741,0.0
2019-07-18,0.98754,0.9892,0.9809,0.98142,0.0
2019-07-19,0.98141,0.98473,0.9806,0.98177,0.0
2019-07-22,0.98176,0.98412,0.98037,0.98206,0.0
2019-07-23,0.98207,0.98597,0.98164,0.9853,0.0
2019-07-24,0.98532,0.98744,0.98366,0.98484,0.0
2019-07-25,0.9848,0.99176,0.98441,0.99087,0.0
2019-07-26,0.99086,0.99463,0.99003,0.99346,0.0
2019-07-29,0.99334,0.99384,0.99091,0.99168,0.0
2019-07-30,0.9916,0.99227,0.9891,0.99021,0.0
2019-07-31,0.9902,0.99496,0.98854,0.99388,0.0
2019-08-01,0.9938,0.99754,0.98878,0.99036,0.0
2019-08-02,0.99044,0.99078,0.98146,0.98239,0.0
2019-08-05,0.98237,0.98416,0.97166,0.97339,0.0
2019-08-06,0.97344,0.97927,0.97038,0.97618,0.0
2019-08-07,0.97612,0.97974,0.96925,0.97538,0.0
2019-08-08,0.97532,0.9787,0.97376,0.97488,0.0
2019-08-09,0.9749,0.97605,0.97094,0.97261,0.0
2019-08-12,0.97264,0.97542,0.96823,0.96923,0.0
2019-08-13,0.96914,0.97682,0.96597,0.9766,0.0
2019-08-14,0.97652,0.97724,0.97054,0.97344,0.0
2019-08-15,0.9734,0.97768,0.9722,0.97636,0.0
2019-08-16,0.9762,0.98094,0.9759,0.97841,0.0
2019-08-19,0.97865,0.98212,0.97681,0.98163,0.0
2019-08-20,0.98163,0.98183,0.97752,0.97782,0.0
2019-08-21,0.97779,0.98313,0.97725,0.98266,0.0
2019-08-22,0.98266,0.98447,0.98141,0.98376,0.0
2019-08-23,0.98376,0.98772,0.97358,0.9749,0.0
2019-08-26,0.97305,0.98166,0.97141,0.97917,0.0
2019-08-27,0.97913,0.98374,0.97756,0.98123,0.0
2019-08-28,0.98122,0.98287,0.98016,0.98148,0.0
2019-08-29,0.9814,0.98754,0.98005,0.98662,0.0
2019-08-30,0.98664,0.99179,0.98592,0.98976,0.0
2019-09-02,0.9901,0.99194,0.98892,0.99071,0.0
2019-09-03,0.9907,0.99292,0.98638,0.98674,0.0
2019-09-04,0.98676,0.98844,0.97984,0.98097,0.0
2019-09-05,0.98098,0.98736,0.98044,0.98602,0.0
2019-09-06,0.98578,0.99176,0.98546,0.98774,0.0
2019-09-09,0.98785,0.99232,0.98726,0.9921,0.0
2019-09-10,0.99209,0.9932,0.9889,0.99192,0.0
2019-09-11,0.9919,0.99434,0.9912,0.99287,0.0
2019-09-12,0.99284,0.99464,0.98808,0.99034,0.0
2019-09-13,0.99034,0.99111,0.98546,0.99024,0.0
2019-09-16,0.98775,0.994,0.98652,0.99273,0.0
2019-09-17,0.99274,0.99685,0.99134,0.99308,0.0
2019-09-18,0.99308,0.99834,0.99262,0.99764,0.0
2019-09-19,0.99763,0.99836,0.99002,0.99316,0.0
2019-09-20,0.99317,0.99362,0.98896,0.99105,0.0
2019-09-23,0.9918,0.99225,0.98903,0.98988,0.0
2019-09-24,0.98988,0.99144,0.98438,0.98574,0.0
2019-09-25,0.98574,0.99252,0.9852,0.99223,0.0
2019-09-26,0.99221,0.99486,0.99061,0.99376,0.0
2019-09-27,0.99374,0.9949,0.98983,0.99105,0.0
2019-09-30,0.99098,0.9988,0.99038,0.99797,0.0
2019-10-01,0.99798,1.00168,0.99233,0.99302,0.0
2019-10-02,0.99301,1.00266,0.99214,0.99692,0.0
2019-10-03,0.99702,1.0028,0.99526,0.99903,0.0
2019-10-04,0.999,1.00081,0.99284,0.99543,0.0
2019-10-07,0.99423,0.99656,0.99268,0.99478,0.0
2019-10-08,0.99472,0.99587,0.99052,0.99318,0.0
2019-10-09,0.99246,0.99634,0.99163,0.99604,0.0
2019-10-10,0.9947,0.99728,0.99143,0.99674,0.0
2019-10-11,0.99698,0.99908,0.99579,0.9967,0.0
2019-10-14,0.99753,0.99837,0.99446,0.9974,0.0
2019-10-15,0.99712,0.99961,0.99635,0.99878,0.0
2019-10-16,0.99878,0.99907,0.99457,0.99489,0.0
2019-10-17,0.99504,0.99533,0.98668,0.98788,0.0
2019-10-18,0.98798,0.98915,0.98417,0.98432,0.0
2019-10-21,0.98472,0.98762,0.98418,0.98589,0.0
2019-10-22,0.98576,0.9897,0.98555,0.9896,0.0
2019-10-23,0.98948,0.99146,0.98859,0.99072,0.0
2019-10-24,0.9905,0.99292,0.98915,0.99231,0.0
2019-10-25,0.99214,0.99549,0.99078,0.99454,0.0
2019-10-28,0.99477,0.99702,0.99393,0.9946,0.0
2019-10-29,0.99462,0.9965,0.99333,0.99404,0.0
2019-10-30,0.99402,0.9945,0.98886,0.98946,0.0
2019-10-31,0.98925,0.98952,0.98598,0.98645,0.0
2019-11-01,0.98632,0.98946,0.98512,0.98572,0.0
2019-11-04,0.98621,0.98892,0.98531,0.98768,0.0
2019-11-05,0.98794,0.99357,0.98745,0.99268,0.0
2019-11-06,0.993,0.994,0.99155,0.99276,0.0
2019-11-07,0.99223,0.99753,0.99114,0.99482,0.0
2019-11-08,0.99501,0.99788,0.99434,0.99727,0.0
2019-11-11,0.9972,0.99773,0.99288,0.99339,0.0
2019-11-12,0.9934,0.99646,0.99226,0.99307,0.0
2019-11-13,0.99314,0.99375,0.98838,0.98986,0.0
2019-11-14,0.98982,0.99082,0.98703,0.98829,0.0
2019-11-15,0.98796,0.9911,0.98796,0.98966,0.0
2019-11-18,0.98941,0.99141,0.98685,0.98946,0.0
2019-11-19,0.9895,0.99188,0.98884,0.9905,0.0
2019-11-20,0.99068,0.9937,0.98989,0.99108,0.0
2019-11-21,0.99078,0.99349,0.98906,0.99315,0.0
2019-11-22,0.99312,0.99802,0.99248,0.99719,0.0
2019-11-25,0.998,0.99857,0.99602,0.9968,0.0
2019-11-26,0.99639,0.99867,0.99624,0.99742,0.0
2019-11-27,0.99728,1.00002,0.99702,0.99964,0.0
2019-11-28,0.99936,0.9996,0.99818,0.99866,0.0
2019-11-29,0.9987,1.00235,0.99814,1.00009,0.0
2019-12-02,1.00011,1.00088,0.99116,0.99128,0.0
2019-12-03,0.99132,0.99264,0.98575,0.98727,0.0
2019-12-04,0.98706,0.98998,0.98556,0.98896,0.0
2019-12-05,0.98855,0.98954,0.98684,0.98713,0.0
2019-12-06,0.98729,0.99176,0.98649,0.9901,0.0
2019-12-09,0.99069,0.99112,0.98754,0.98772,0.0
2019-12-10,0.98802,0.98828,0.98339,0.9842,0.0
2019-12-11,0.98448,0.98638,0.98145,0.98299,0.0
2019-12-12,0.98257,0.98762,0.98088,0.98482,0.0
2019-12-13,0.98284,0.98628,0.98058,0.98429,0.0
2019-12-16,0.98374,0.9847,0.98201,0.98264,0.0
2019-12-17,0.98224,0.9844,0.9796,0.98004,0.0
2019-12-18,0.98042,0.9821,0.97956,0.9802,0.0
2019-12-19,0.98042,0.9812,0.97706,0.97856,0.0
2019-12-20,0.97818,0.98329,0.97791,0.98263,0.0
2019-12-23,0.9826,0.98282,0.98013,0.98176,0.0
2019-12-24,0.98214,0.98316,0.97976,0.97978,0.0
2019-12-26,0.9803,0.98187,0.9795,0.98147,0.0
2019-12-27,0.98123,0.98182,0.97304,0.9747,0.0
2019-12-30,0.97506,0.97613,0.9674,0.96929,0.0
2019-12-31,0.96938,0.96978,0.96464,0.96773,0.0
2020-01-02,0.9672,0.97329,0.96688,0.97118,0.0
2020-01-03,0.9714,0.97438,0.96883,0.97246,0.0
2020-01-06,0.97062,0.97169,0.9676,0.96778,0.0
2020-01-07,0.96831,0.97294,0.96792,0.97061,0.0
2020-01-08,0.97024,0.97398,0.96655,0.97386,0.0
2020-01-09,0.97368,0.97484,0.97114,0.97327,0.0
2020-01-10,0.9732,0.97622,0.97201,0.97285,0.0
2020-01-13,0.97305,0.97367,0.96944,0.97098,0.0
2020-01-14,0.97097,0.97134,0.96656,0.96751,0.0
2020-01-15,0.96726,0.96803,0.96306,0.96407,0.0
2020-01-16,0.9641,0.96524,0.96132,0.9651,0.0
2020-01-17,0.96474,0.96958,0.96454,0.96772,0.0
2020-01-20,0.96772,0.96995,0.9676,0.96814,0.0
2020-01-21,0.96836,0.96901,0.96613,0.96874,0.0
2020-01-22,0.96867,0.9729,0.96778,0.9679,0.0
2020-01-23,0.96784,0.97036,0.9669,0.96904,0.0
2020-01-24,0.96896,0.97182,0.96885,0.97125,0.0
2020-01-27,0.9705,0.97194,0.9682,0.96956,0.0
2020-01-28,0.96952,0.97416,0.9679,0.97312,0.0
2020-01-29,0.973,0.97668,0.97266,0.97356,0.0
2020-01-30,0.97334,0.9738,0.968,0.96958,0.0
2020-01-31,0.96947,0.97132,0.96294,0.96337,0.0
2020-02-03,0.96325,0.96724,0.963,0.96618,0.0
2020-02-04,0.96597,0.97043,0.96543,0.96937,0.0
2020-02-05,0.96928,0.97478,0.96782,0.97362,0.0
2020-02-06,0.97358,0.97566,0.97313,0.97471,0.0
2020-02-07,0.97475,0.97814,0.97398,0.9776,0.0
2020-02-10,0.97697,0.97838,0.97632,0.97747,0.0
2020-02-11,0.97731,0.97891,0.9751,0.97576,0.0
2020-02-12,0.97586,0.97854,0.97412,0.97843,0.0
2020-02-13,0.97812,0.9795,0.97608,0.97948,0.0
2020-02-14,0.97932,0.98223,0.97896,0.98218,0.0
2020-02-17,0.98182,0.98271,0.9808,0.98093,0.0
2020-02-18,0.98092,0.98393,0.97967,0.98304,0.0
2020-02-19,0.98322,0.98448,0.98263,0.98384,0.0
2020-02-20,0.98384,0.98486,0.98155,0.9843,0.0
2020-02-21,0.98433,0.98453,0.97709,0.97824,0.0
2020-02-24,0.97995,0.9816,0.97651,0.9791,0.0
2020-02-25,0.97902,0.98048,0.97512,0.97594,0.0
2020-02-26,0.9762,0.97786,0.9729,0.97684,0.0
2020-02-27,0.97677,0.97712,0.96752,0.96809,0.0
2020-02-28,0.9677,0.96959,0.96104,0.96542,0.0
2020-03-02,0.96325,0.96554,0.95438,0.95947,0.0
2020-03-03,0.95924,0.95974,0.9516,0.95622,0.0
2020-03-04,0.95632,0.95974,0.95326,0.95719,0.0
2020-03-05,0.95716,0.95741,0.94467,0.94524,0.0
2020-03-06,0.9455,0.94668,0.93184,0.9375,0.0
2020-03-09,0.93283,0.93406,0.91822,0.92499,0.0
2020-03-10,0.92542,0.94116,0.92454,0.93983,0.0
2020-03-11,0.93955,0.94026,0.93249,0.93796,0.0
2020-03-12,0.93876,0.95516,0.93218,0.94477,0.0
2020-03-13,0.94447,0.95694,0.9423,0.95146,0.0
2020-03-16,0.95362,0.95367,0.93923,0.9472,0.0
2020-03-17,0.94716,0.96486,0.94538,0.9612,0.0
2020-03-18,0.96135,0.97502,0.95669,0.96827,0.0
2020-03-19,0.96832,0.98782,0.96395,0.986,0.0
2020-03-20,0.98626,0.99011,0.97444,0.9857,0.0
2020-03-23,0.98575,0.99007,0.97904,0.98436,0.0
2020-03-24,0.98476,0.98522,0.97188,0.98084,0.0
2020-03-25,0.98239,0.98345,0.9755,0.97688,0.0
2020-03-26,0.97712,0.97762,0.96034,0.96332,0.0
2020-03-27,0.96392,0.96552,0.95062,0.95084,0.0
2020-03-30,0.95415,0.96109,0.95026,0.95909,0.0
2020-03-31,0.95834,0.96857,0.95812,0.96172,0.0
2020-04-01,0.96073,0.96914,0.96029,0.96559,0.0
2020-04-02,0.96557,0.97504,0.96511,0.97372,0.0
2020-04-03,0.97322,0.97956,0.97289,0.97644,0.0
2020-04-06,0.9765,0.97973,0.97589,0.97847,0.0
2020-04-07,0.9784,0.97932,0.96857,0.96958,0.0
2020-04-08,0.96946,0.97433,0.96881,0.97231,0.0
2020-04-09,0.97201,0.9734,0.96482,0.96602,0.0
2020-04-10,0.96648,0.96766,0.96402,0.96578,0.0
2020-04-13,0.96625,0.96869,0.96302,0.9677,0.0
2020-04-14,0.96725,0.96812,0.95963,0.96044,0.0
2020-04-15,0.96034,0.97004,0.95952,0.96448,0.0
2020-04-16,0.96467,0.97156,0.96453,0.97017,0.0
2020-04-17,0.97036,0.9724,0.96564,0.96712,0.0
2020-04-20,0.96767,0.97002,0.96556,0.96786,0.0
2020-04-21,0.96791,0.97274,0.96704,0.96973,0.0
2020-04-22,0.96939,0.97321,0.96688,0.97179,0.0
2020-04-23,0.97147,0.97726,0.97059,0.97608,0.0
2020-04-24,0.9758,0.98025,0.97274,0.97312,0.0
2020-04-27,0.97295,0.97671,0.97126,0.97562,0.0
2020-04-28,0.97562,0.97999,0.97206,0.97496,0.0
2020-04-29,0.97506,0.97678,0.97127,0.97405,0.0
2020-04-30,0.9736,0.97592,0.96387,0.96538,0.0
2020-05-01,0.96539,0.96695,0.95888,0.96118,0.0
2020-05-04,0.96172,0.96629,0.9612,0.96566,0.0
2020-05-05,0.96565,0.97348,0.9646,0.97302,0.0
2020-05-06,0.97264,0.97588,0.97213,0.97493,0.0
2020-05-07,0.97526,0.9784,0.97292,0.97302,0.0
2020-05-08,0.97306,0.97384,0.96814,0.97106,0.0
2020-05-11,0.97187,0.97366,0.97006,0.97228,0.0
2020-05-12,0.97298,0.975,0.9665,0.96962,0.0
2020-05-13,0.96938,0.97263,0.96656,0.97225,0.0
2020-05-14,0.97221,0.97554,0.97137,0.97331,0.0
2020-05-15,0.97308,0.97446,0.96982,0.97194,0.0
2020-05-18,0.97217,0.9761,0.9677,0.9714,0.0
2020-05-19,0.97122,0.97311,0.96986,0.97158,0.0
2020-05-20,0.97112,0.97165,0.96382,0.96476,0.0
2020-05-21,0.96478,0.97131,0.96448,0.97053,0.0
2020-05-22,0.9704,0.9733,0.96972,0.97122,0.0
2020-05-25,0.97179,0.97362,0.97046,0.97162,0.0
2020-05-26,0.97182,0.97208,0.96467,0.96554,0.0
2020-05-27,0.96552,0.97284,0.96521,0.96816,0.0
2020-05-28,0.96864,0.97193,0.96306,0.96392,0.0
2020-05-29,0.96432,0.965,0.96018,0.96118,0.0
2020-06-01,0.96048,0.9625,0.9579,0.96112,0.0
2020-06-02,0.96092,0.96376,0.95736,0.96244,0.0
2020-06-03,0.96232,0.96479,0.96068,0.96112,0.0
2020-06-04,0.96146,0.9624,0.95439,0.95558,0.0
2020-06-05,0.95553,0.96506,0.9542,0.96232,0.0
2020-06-08,0.96158,0.96394,0.95556,0.95768,0.0
2020-06-09,0.9577,0.95854,0.94824,0.95078,0.0
2020-06-10,0.95066,0.95148,0.9425,0.9437,0.0
2020-06-11,0.9444,0.94604,0.93764,0.94427,0.0
2020-06-12,0.94432,0.95534,0.94336,0.95202,0.0
2020-06-15,0.95423,0.9547,0.94803,0.94914,0.0
2020-06-16,0.94914,0.95231,0.94636,0.95117,0.0
2020-06-17,0.9509,0.95292,0.94812,0.94861,0.0
2020-06-18,0.94864,0.9525,0.94824,0.95145,0.0
2020-06-19,0.95107,0.95307,0.94878,0.95248,0.0
2020-06-22,0.95193,0.95273,0.94653,0.94741,0.0
2020-06-23,0.94733,0.9494,0.94203,0.94486,0.0
2020-06-24,0.94444,0.94862,0.94332,0.94807,0.0
2020-06-25,0.9477,0.95081,0.94748,0.94844,0.0
2020-06-26,0.94852,0.94999,0.94677,0.94828,0.0
2020-06-29,0.9472,0.9525,0.94418,0.9512,0.0
2020-06-30,0.95162,0.95327,0.94616,0.94737,0.0
2020-07-01,0.94693,0.94939,0.9445,0.94583,0.0
2020-07-02,0.946,0.94652,0.94268,0.94532,0.0
2020-07-03,0.94592,0.94702,0.94412,0.94476,0.0
2020-07-06,0.94575,0.94575,0.93846,0.94222,0.0
2020-07-07,0.94214,0.94528,0.94086,0.9426,0.0
2020-07-08,0.9424,0.94326,0.93701,0.93833,0.0
2020-07-09,0.9384,0.94104,0.93626,0.94038,0.0
2020-07-10,0.94054,0.94312,0.9385,0.94134,0.0
2020-07-13,0.94062,0.94376,0.93925,0.94175,0.0
2020-07-14,0.94194,0.94246,0.938,0.94007,0.0
2020-07-15,0.93952,0.94574,0.93704,0.9444,0.0
2020-07-16,0.94467,0.94679,0.94295,0.94556,0.0
2020-07-17,0.94582,0.94587,0.93802,0.93886,0.0
2020-07-20,0.94062,0.94104,0.93741,0.93884,0.0
2020-07-21,0.9395,0.93982,0.93214,0.93342,0.0
2020-07-22,0.93321,0.93516,0.92869,0.92972,0.0
2020-07-23,0.92953,0.93017,0.92454,0.92558,0.0
2020-07-24,0.92537,0.92606,0.9208,0.92082,0.0
2020-07-27,0.92152,0.92302,0.91664,0.92,0.0
2020-07-28,0.91998,0.9228,0.91554,0.9179,0.0
2020-07-29,0.91849,0.91878,0.91169,0.91267,0.0
2020-07-30,0.9123,0.91515,0.90886,0.90917,0.0
2020-07-31,0.90897,0.9149,0.90564,0.91389,0.0
2020-08-03,0.91402,0.92401,0.9128,0.91766,0.0
2020-08-04,0.91766,0.91885,0.91305,0.91327,0.0
2020-08-05,0.91335,0.91391,0.90506,0.90842,0.0
2020-08-06,0.90834,0.91291,0.90657,0.90992,0.0
2020-08-07,0.90928,0.91582,0.90916,0.91259,0.0
2020-08-10,0.91284,0.91844,0.91212,0.91562,0.0
2020-08-11,0.9157,0.91779,0.91054,0.9169,0.0
2020-08-12,0.91695,0.9198,0.90972,0.91208,0.0
2020-08-13,0.9118,0.91226,0.90823,0.90964,0.0
2020-08-14,0.9101,0.91228,0.90871,0.90922,0.0
2020-08-17,0.9092,0.90968,0.90514,0.90644,0.0
2020-08-18,0.90634,0.90678,0.90098,0.90318,0.0
2020-08-19,0.90335,0.91544,0.9019,0.91498,0.0
2020-08-20,0.91535,0.91617,0.90726,0.90763,0.0
2020-08-21,0.9075,0.91399,0.90612,0.91174,0.0
2020-08-24,0.91212,0.91281,0.90747,0.91187,0.0
2020-08-25,0.91198,0.91263,0.90741,0.90766,0.0
2020-08-26,0.90814,0.91208,0.90723,0.90844,0.0
2020-08-27,0.908,0.91238,0.90366,0.9091,0.0
2020-08-28,0.90863,0.90998,0.90243,0.90405,0.0
2020-08-31,0.90524,0.90532,0.89988,0.90381,0.0
2020-09-01,0.9038,0.91009,0.89992,0.90939,0.0
2020-09-02,0.90908,0.91366,0.90896,0.91068,0.0
2020-09-03,0.91077,0.91422,0.90827,0.90942,0.0
2020-09-04,0.90915,0.91635,0.90905,0.91342,0.0
2020-09-07,0.91336,0.91698,0.91209,0.91618,0.0
2020-09-08,0.91618,0.91999,0.91562,0.918,0.0
2020-09-09,0.91779,0.91906,0.91202,0.91224,0.0
2020-09-10,0.91282,0.91301,0.9049,0.91054,0.0
2020-09-11,0.91068,0.91077,0.90796,0.90895,0.0
2020-09-14,0.90944,0.90987,0.90584,0.9085,0.0
2020-09-15,0.90846,0.9089,0.90515,0.90818,0.0
2020-09-16,0.9082,0.91108,0.90549,0.90962,0.0
2020-09-17,0.90946,0.91394,0.90809,0.90853,0.0
2020-09-18,0.90854,0.91134,0.9075,0.9113,0.0
2020-09-21,0.91064,0.91714,0.9087,0.91454,0.0
2020-09-22,0.9145,0.92078,0.91366,0.91976,0.0
2020-09-23,0.91954,0.92436,0.919,0.92371,0.0
2020-09-24,0.92423,0.92802,0.92161,0.92688,0.0
2020-09-25,0.92671,0.92964,0.92508,0.92896,0.0
2020-09-28,0.929,0.92956,0.92412,0.9245,0.0
2020-09-29,0.92451,0.92494,0.9191,0.91934,0.0
2020-09-30,0.92004,0.92448,0.91628,0.92104,0.0
2020-10-01,0.92101,0.92146,0.91646,0.91858,0.0
2020-10-02,0.91909,0.92186,0.91814,0.92057,0.0
2020-10-05,0.91993,0.9205,0.91452,0.915,0.0
2020-10-06,0.91535,0.91799,0.91333,0.91771,0.0
2020-10-07,0.91806,0.91847,0.91597,0.91721,0.0
2020-10-08,0.91738,0.91976,0.91573,0.91718,0.0
2020-10-09,0.91696,0.91765,0.9094,0.90962,0.0
2020-10-12,0.91059,0.91237,0.90876,0.9092,0.0
2020-10-13,0.9092,0.91548,0.90894,0.91476,0.0
2020-10-14,0.91459,0.91628,0.91134,0.91333,0.0
2020-10-15,0.9133,0.91558,0.91268,0.91441,0.0
2020-10-16,0.91464,0.91624,0.91232,0.91496,0.0
2020-10-19,0.91488,0.91656,0.90903,0.91004,0.0
2020-10-20,0.9104,0.911,0.90554,0.90702,0.0
2020-10-21,0.90706,0.9072,0.90306,0.90536,0.0
2020-10-22,0.90538,0.90804,0.90432,0.90722,0.0
2020-10-23,0.9072,0.90922,0.90344,0.9043,0.0
2020-10-26,0.90519,0.90806,0.90403,0.90783,0.0
2020-10-27,0.90756,0.90978,0.90618,0.90858,0.0
2020-10-28,0.90862,0.91276,0.90852,0.91042,0.0
2020-10-29,0.91052,0.91728,0.90891,0.9159,0.0
2020-10-30,0.91521,0.91729,0.91383,0.91677,0.0
2020-11-02,0.9168,0.92075,0.91568,0.91934,0.0
2020-11-03,0.91853,0.91918,0.91174,0.91196,0.0
2020-11-04,0.9131,0.91964,0.90905,0.91202,0.0
2020-11-05,0.91144,0.9134,0.9037,0.90404,0.0
2020-11-06,0.90493,0.90566,0.89824,0.9003,0.0
2020-11-09,0.89946,0.91432,0.89841,0.914,0.0
2020-11-10,0.91325,0.91752,0.91154,0.91507,0.0
2020-11-11,0.91439,0.91919,0.91386,0.91699,0.0
2020-11-12,0.91701,0.91727,0.91316,0.91515,0.0
2020-11-13,0.91501,0.9159,0.91259,0.91265,0.0
2020-11-16,0.91286,0.91515,0.90978,0.91246,0.0
2020-11-17,0.91266,0.91286,0.90883,0.91156,0.0
2020-11-18,0.91136,0.91228,0.9092,0.91102,0.0
2020-11-19,0.91164,0.91396,0.91002,0.9105,0.0
2020-11-20,0.9107,0.91234,0.90918,0.91093,0.0
2020-11-23,0.9109,0.9148,0.90764,0.91234,0.0
2020-11-24,0.91275,0.91363,0.90978,0.91124,0.0
2020-11-25,0.91098,0.91391,0.90782,0.90843,0.0
2020-11-26,0.90838,0.90935,0.9061,0.90669,0.0
2020-11-27,0.90684,0.90828,0.90406,0.90488,0.0
2020-11-30,0.90427,0.90932,0.90194,0.90918,0.0
2020-12-01,0.90794,0.909,0.89942,0.90002,0.0
2020-12-02,0.89962,0.90135,0.89437,0.89486,0.0
2020-12-03,0.89462,0.89539,0.88914,0.89076,0.0
2020-12-04,0.89198,0.89231,0.88857,0.89188,0.0
2020-12-07,0.89117,0.89468,0.88756,0.89092,0.0
2020-12-08,0.89068,0.89142,0.88816,0.88896,0.0
2020-12-09,0.88884,0.89146,0.8871,0.88936,0.0
2020-12-10,0.8892,0.89017,0.88522,0.88618,0.0
2020-12-11,0.88607,0.89092,0.88515,0.8896,0.0
2020-12-14,0.88872,0.8896,0.88502,0.88684,0.0
2020-12-15,0.88666,0.88808,0.88504,0.88545,0.0
2020-12-16,0.88597,0.88921,0.88262,0.885,0.0
2020-12-17,0.88521,0.8858,0.88225,0.88402,0.0
2020-12-18,0.88446,0.88683,0.88257,0.8832,0.0
2020-12-21,0.88517,0.8919,0.88421,0.88581,0.0
2020-12-22,0.886,0.89048,0.88456,0.8894,0.0
2020-12-23,0.88974,0.89115,0.88677,0.8884,0.0
2020-12-24,0.88838,0.89182,0.88688,0.891,0.0
2020-12-28,0.8914,0.8919,0.88763,0.88867,0.0
2020-12-29,0.88931,0.88966,0.88306,0.88403,0.0
2020-12-30,0.88441,0.88546,0.88145,0.88156,0.0
2020-12-31,0.88147,0.88586,0.87948,0.88487,0.0
2021-01-04,0.8854,0.8854,0.87849,0.88096,0.0
2021-01-05,0.88128,0.88166,0.87759,0.87839,0.0
2021-01-06,0.87846,0.88216,0.87578,0.87852,0.0
2021-01-07,0.87838,0.88608,0.87746,0.8855,0.0
2021-01-08,0.88497,0.88844,0.88226,0.88535,0.0
2021-01-11,0.88596,0.89204,0.88513,0.89032,0.0
2021-01-12,0.89048,0.89162,0.88611,0.8863,0.0
2021-01-13,0.88666,0.88896,0.88495,0.88764,0.0
2021-01-14,0.88772,0.89174,0.8856,0.88822,0.0
2021-01-15,0.88829,0.89148,0.88694,0.89138,0.0
2021-01-18,0.89057,0.89258,0.88984,0.89115,0.0
2021-01-19,0.8909,0.89168,0.88642,0.88862,0.0
2021-01-20,0.88873,0.89205,0.88672,0.88966,0.0
2021-01-21,0.88997,0.89002,0.88479,0.8851,0.0
2021-01-22,0.88506,0.88664,0.88386,0.88517,0.0
2021-01-25,0.88552,0.88929,0.8848,0.88806,0.0
2021-01-26,0.88842,0.8896,0.8861,0.88653,0.0
2021-01-27,0.88678,0.89174,0.88616,0.88864,0.0
2021-01-28,0.88879,0.89187,0.887,0.88858,0.0
2021-01-29,0.88862,0.8912,0.88745,0.89096,0.0
2021-02-01,0.8902,0.89729,0.89006,0.8972,0.0
2021-02-02,0.89664,0.89953,0.89472,0.89752,0.0
2021-02-03,0.8975,0.90026,0.89705,0.89898,0.0
2021-02-04,0.89911,0.90448,0.89837,0.90436,0.0
2021-02-05,0.90421,0.9046,0.89892,0.89906,0.0
2021-02-08,0.89933,0.90199,0.89822,0.89894,0.0
2021-02-09,0.89878,0.89908,0.89196,0.89222,0.0
2021-02-10,0.89234,0.89315,0.88904,0.89032,0.0
2021-02-11,0.89048,0.89104,0.88922,0.8899,0.0
2021-02-12,0.88992,0.89398,0.88973,0.89192,0.0
2021-02-15,0.8917,0.89251,0.88978,0.8904,0.0
2021-02-16,0.89026,0.89302,0.88714,0.89256,0.0
2021-02-17,0.89247,0.89922,0.89241,0.89882,0.0
2021-02-18,0.89868,0.89957,0.89574,0.89595,0.0
2021-02-19,0.89606,0.89726,0.8934,0.89659,0.0
2021-02-22,0.8966,0.90238,0.89486,0.89636,0.0
2021-02-23,0.89604,0.9057,0.8949,0.90535,0.0
2021-02-24,0.90388,0.90946,0.90388,0.90652,0.0
2021-02-25,0.90657,0.90814,0.90282,0.90482,0.0
2021-02-26,0.90482,0.9102,0.90269,0.90866,0.0
2021-03-01,0.90887,0.91593,0.90711,0.91484,0.0
2021-03-02,0.91503,0.91937,0.91364,0.9144,0.0
2021-03-03,0.91466,0.91998,0.91406,0.91998,0.0
2021-03-04,0.91983,0.92979,0.91896,0.92897,0.0
2021-03-05,0.92872,0.93191,0.92579,0.93129,0.0
2021-03-08,0.92863,0.93698,0.92863,0.93692,0.0
2021-03-09,0.93588,0.93757,0.92779,0.92806,0.0
2021-03-10,0.92863,0.93228,0.9276,0.92986,0.0
2021-03-11,0.92964,0.93092,0.92346,0.92459,0.0
2021-03-12,0.92432,0.9325,0.92416,0.92955,0.0
2021-03-15,0.929,0.93126,0.9267,0.92735,0.0
2021-03-16,0.92798,0.92872,0.92425,0.92467,0.0
2021-03-17,0.9248,0.92962,0.92138,0.9223,0.0
2021-03-18,0.92249,0.93057,0.92192,0.92746,0.0
2021-03-19,0.92764,0.93198,0.92516,0.92924,0.0
2021-03-22,0.9307,0.93111,0.92226,0.92318,0.0
2021-03-23,0.92308,0.9347,0.92298,0.93398,0.0
2021-03-24,0.93398,0.93694,0.93374,0.93568,0.0
2021-03-25,0.93564,0.94016,0.93497,0.94012,0.0
2021-03-26,0.93968,0.94181,0.93826,0.93884,0.0
2021-03-29,0.9393,0.94046,0.93704,0.93937,0.0
2021-03-30,0.93916,0.94389,0.93854,0.942,0.0
2021-03-31,0.94234,0.94587,0.94038,0.94413,0.0
2021-04-01,0.94412,0.94729,0.9405,0.9418,0.0
2021-04-02,0.942,0.94345,0.94052,0.94238,0.0
2021-04-05,0.94307,0.9439,0.93541,0.93633,0.0
2021-04-06,0.9365,0.9396,0.93028,0.9307,0.0
2021-04-07,0.9315,0.93211,0.92682,0.9296,0.0
2021-04-08,0.92985,0.93025,0.92324,0.92406,0.0
2021-04-09,0.92438,0.92818,0.92368,0.92454,0.0
2021-04-12,0.92634,0.92684,0.9213,0.92228,0.0
2021-04-13,0.92426,0.92598,0.9198,0.92068,0.0
2021-04-14,0.92055,0.9234,0.9187,0.92286,0.0
2021-04-15,0.92258,0.92456,0.92065,0.92226,0.0
2021-04-16,0.92256,0.92354,0.91794,0.91994,0.0
2021-04-19,0.91991,0.92154,0.9129,0.91536,0.0
2021-04-20,0.91482,0.91697,0.91352,0.91561,0.0
2021-04-21,0.91613,0.91956,0.91534,0.91688,0.0
2021-04-22,0.91704,0.9191,0.91437,0.91694,0.0
2021-04-23,0.91778,0.91778,0.91283,0.91374,0.0
2021-04-26,0.91408,0.9166,0.91219,0.91386,0.0
2021-04-27,0.91386,0.9172,0.91236,0.91382,0.0
2021-04-28,0.91344,0.91817,0.90886,0.90932,0.0
2021-04-29,0.90963,0.91196,0.90804,0.90891,0.0
2021-04-30,0.90871,0.91404,0.90805,0.91308,0.0
2021-05-03,0.91322,0.91478,0.90937,0.91126,0.0
2021-05-04,0.9106,0.91604,0.91054,0.91322,0.0
2021-05-05,0.91376,0.91646,0.91214,0.9131,0.0
2021-05-06,0.91326,0.9145,0.90721,0.90762,0.0
2021-05-07,0.90781,0.90937,0.90047,0.90054,0.0
2021-05-10,0.90127,0.90197,0.89858,0.90143,0.0
2021-05-11,0.90116,0.90394,0.90016,0.90368,0.0
2021-05-12,0.90366,0.9094,0.90301,0.90887,0.0
2021-05-13,0.9092,0.90934,0.90512,0.90584,0.0
2021-05-14,0.90636,0.90638,0.90128,0.90166,0.0
2021-05-17,0.90101,0.9033,0.90024,0.90314,0.0
2021-05-18,0.90331,0.90349,0.89606,0.89766,0.0
2021-05-19,0.89774,0.90475,0.89684,0.9035,0.0
2021-05-20,0.90373,0.90473,0.89752,0.89759,0.0
2021-05-21,0.89736,0.90006,0.89539,0.89776,0.0
2021-05-24,0.89818,0.90026,0.89571,0.89697,0.0
2021-05-25,0.89699,0.89746,0.89308,0.89537,0.0
2021-05-26,0.89524,0.89874,0.8942,0.89782,0.0
2021-05-27,0.89781,0.90087,0.8961,0.89694,0.0
2021-05-28,0.89706,0.90298,0.89695,0.90021,0.0
2021-05-31,0.89856,0.90128,0.89842,0.89891,0.0
2021-06-01,0.89895,0.89988,0.8947,0.89752,0.0
2021-06-02,0.89722,0.90244,0.89671,0.89812,0.0
2021-06-03,0.89782,0.90519,0.89775,0.90356,0.0
2021-06-04,0.9035,0.90538,0.89824,0.89915,0.0
2021-06-07,0.89975,0.90103,0.89674,0.89759,0.0
2021-06-08,0.8976,0.89894,0.8952,0.89689,0.0
2021-06-09,0.89682,0.89718,0.89264,0.8958,0.0
2021-06-10,0.89561,0.8991,0.89407,0.8946,0.0
2021-06-11,0.89456,0.89999,0.8933,0.89809,0.0
2021-06-14,0.8988,0.90016,0.89782,0.89968,0.0
2021-06-15,0.89979,0.90078,0.89656,0.89837,0.0
2021-06-16,0.89809,0.90884,0.89774,0.90869,0.0
2021-06-17,0.90862,0.9188,0.9076,0.91782,0.0
2021-06-18,0.9177,0.92391,0.91688,0.92346,0.0
2021-06-21,0.92304,0.9237,0.91755,0.91796,0.0
2021-06-22,0.91798,0.92128,0.91733,0.91844,0.0
2021-06-23,0.91842,0.91998,0.91544,0.91824,0.0
2021-06-24,0.9183,0.92002,0.91739,0.91808,0.0
2021-06-25,0.91792,0.91828,0.91427,0.91686,0.0
2021-06-28,0.91799,0.92146,0.91669,0.92,0.0
2021-06-29,0.91956,0.92332,0.91898,0.92122,0.0
2021-06-30,0.92121,0.92622,0.92063,0.9251,0.0
2021-07-01,0.92508,0.92717,0.9236,0.92552,0.0
2021-07-02,0.9256,0.92746,0.92004,0.92074,0.0
2021-07-05,0.92132,0.92327,0.9204,0.92236,0.0
2021-07-06,0.92232,0.92514,0.91937,0.92458,0.0
2021-07-07,0.92458,0.92676,0.92228,0.92569,0.0
2021-07-08,0.92567,0.92613,0.91336,0.91484,0.0
2021-07-09,0.9155,0.9175,0.91361,0.91384,0.0
2021-07-12,0.9149,0.91711,0.91326,0.91513,0.0
2021-07-13,0.91514,0.92007,0.91433,0.91869,0.0
2021-07-14,0.91876,0.91988,0.91423,0.9143,0.0
2021-07-15,0.9155,0.91931,0.9118,0.91781,0.0
2021-07-16,0.91784,0.92037,0.91722,0.91948,0.0
2021-07-19,0.91875,0.92218,0.91632,0.91797,0.0
2021-07-20,0.91737,0.92328,0.91731,0.92129,0.0
2021-07-21,0.92162,0.92311,0.91699,0.91764,0.0
2021-07-22,0.91737,0.92016,0.91553,0.91927,0.0
2021-07-23,0.91902,0.92218,0.91866,0.91974,0.0
2021-07-26,0.91982,0.9203,0.91487,0.91576,0.0
2021-07-27,0.91605,0.91866,0.91294,0.91466,0.0
2021-07-28,0.91428,0.91674,0.91,0.91008,0.0
2021-07-29,0.91006,0.91011,0.90546,0.90619,0.0
2021-07-30,0.9062,0.90755,0.90396,0.90524,0.0
2021-08-02,0.90609,0.90676,0.90378,0.9052,0.0
2021-08-03,0.90566,0.90577,0.9023,0.90415,0.0
2021-08-04,0.90383,0.9076,0.90186,0.90641,0.0
2021-08-05,0.90669,0.90779,0.90516,0.90672,0.0
2021-08-06,0.90699,0.91562,0.90654,0.91509,0.0
2021-08-09,0.91484,0.92068,0.91382,0.92065,0.0
2021-08-10,0.91991,0.92343,0.91952,0.92289,0.0
2021-08-11,0.92278,0.92422,0.92031,0.92178,0.0
2021-08-12,0.92196,0.92398,0.9212,0.92333,0.0
2021-08-13,0.92339,0.92391,0.91513,0.91528,0.0
2021-08-16,0.91625,0.91687,0.91095,0.91251,0.0
2021-08-17,0.91219,0.91516,0.91001,0.91492,0.0
2021-08-18,0.91439,0.91968,0.91272,0.91675,0.0
2021-08-19,0.91697,0.92071,0.91456,0.91876,0.0
2021-08-20,0.919,0.919,0.91591,0.91698,0.0
2021-08-23,0.91695,0.91784,0.91226,0.91246,0.0
2021-08-24,0.91245,0.91391,0.91107,0.91287,0.0
2021-08-25,0.91252,0.9158,0.91248,0.91375,0.0
2021-08-26,0.91377,0.91923,0.91278,0.91802,0.0
2021-08-27,0.91769,0.91998,0.91064,0.91112,0.0
2021-08-30,0.91182,0.91853,0.91016,0.91736,0.0
2021-08-31,0.91664,0.91736,0.91145,0.91533,0.0
2021-09-01,0.91503,0.91895,0.91395,0.91573,0.0
2021-09-02,0.91544,0.91676,0.91404,0.91433,0.0
2021-09-03,0.91476,0.91596,0.91155,0.91401,0.0
2021-09-06,0.91363,0.91686,0.91358,0.91525,0.0
2021-09-07,0.91515,0.91989,0.91328,0.9196,0.0
2021-09-08,0.91962,0.92348,0.91837,0.92198,0.0
2021-09-09,0.9217,0.92232,0.91613,0.91661,0.0
2021-09-10,0.91668,0.91848,0.91502,0.91817,0.0
2021-09-13,0.91852,0.9241,0.91804,0.92235,0.0
2021-09-14,0.92185,0.92281,0.91814,0.92006,0.0
2021-09-15,0.91969,0.92055,0.91639,0.91979,0.0
2021-09-16,0.91976,0.92778,0.91924,0.92777,0.0
2021-09-17,0.92765,0.93248,0.92598,0.93231,0.0
2021-09-20,0.93208,0.93331,0.92711,0.92769,0.0
2021-09-21,0.92756,0.92835,0.92254,0.92359,0.0
2021-09-22,0.92328,0.9273,0.92155,0.92638,0.0
2021-09-23,0.92562,0.92738,0.92177,0.92448,0.0
2021-09-24,0.92439,0.92609,0.92225,0.9244,0.0
2021-09-27,0.92465,0.92909,0.92423,0.92577,0.0
2021-09-28,0.92581,0.93018,0.92556,0.92934,0.0
2021-09-29,0.92933,0.93553,0.92804,0.93468,0.0
2021-09-30,0.93434,0.93685,0.93153,0.93175,0.0
2021-10-01,0.93172,0.93372,0.92816,0.93052,0.0
2021-10-04,0.9303,0.93112,0.92306,0.92454,0.0
2021-10-05,0.92524,0.9288,0.92401,0.92824,0.0
2021-10-06,0.92804,0.93078,0.92715,0.92738,0.0
2021-10-07,0.92787,0.92925,0.9253,0.92895,0.0
2021-10-08,0.92815,0.93057,0.92593,0.92718,0.0
2021-10-11,0.92793,0.92878,0.92503,0.92774,0.0
2021-10-12,0.9277,0.93134,0.92572,0.93069,0.0
2021-10-13,0.93066,0.93088,0.92356,0.92411,0.0
2021-10-14,0.92431,0.92442,0.91944,0.92361,0.0
2021-10-15,0.92354,0.92641,0.92221,0.92343,0.0
2021-10-18,0.92486,0.92732,0.92236,0.92378,0.0
2021-10-19,0.92397,0.92397,0.91853,0.923,0.0
2021-10-20,0.92299,0.92524,0.91865,0.91891,0.0
2021-10-21,0.91895,0.92062,0.91707,0.91836,0.0
2021-10-22,0.91826,0.91857,0.91515,0.91615,0.0
2021-10-25,0.91649,0.92026,0.91502,0.91992,0.0
2021-10-26,0.91987,0.92262,0.91875,0.91979,0.0
2021-10-27,0.92032,0.92039,0.91647,0.91813,0.0
2021-10-28,0.91816,0.91948,0.91154,0.91187,0.0
2021-10-29,0.91176,0.9176,0.91025,0.91515,0.0
2021-11-01,0.91636,0.91716,0.90887,0.9092,0.0
2021-11-02,0.90914,0.91504,0.90884,0.91463,0.0
2021-11-03,0.91451,0.91511,0.91052,0.91176,0.0
2021-11-04,0.91214,0.91448,0.91117,0.91248,0.0
2021-11-05,0.91288,0.9175,0.91128,0.91217,0.0
2021-11-08,0.91298,0.91578,0.91192,0.91352,0.0
2021-11-09,0.91319,0.91539,0.91022,0.91109,0.0
2021-11-10,0.91125,0.91863,0.91088,0.91824,0.0
2021-11-11,0.91806,0.92248,0.9177,0.92096,0.0
2021-11-12,0.92072,0.92379,0.92023,0.92123,0.0
2021-11-15,0.92119,0.92572,0.91873,0.92503,0.0
2021-11-16,0.92519,0.93118,0.92374,0.93031,0.0
2021-11-17,0.93032,0.93297,0.92763,0.92807,0.0
2021-11-18,0.92817,0.92921,0.9251,0.92554,0.0
2021-11-19,0.92583,0.92904,0.92504,0.92888,0.0
2021-11-22,0.92857,0.93348,0.92669,0.93309,0.0
2021-11-23,0.93222,0.93445,0.93015,0.93332,0.0
2021-11-24,0.93331,0.93736,0.93279,0.93405,0.0
2021-11-25,0.93458,0.93617,0.93246,0.93582,0.0
2021-11-26,0.93603,0.93603,0.92175,0.92429,0.0
2021-11-29,0.92412,0.92728,0.92253,0.92281,0.0
2021-11-30,0.9228,0.92669,0.91578,0.91835,0.0
2021-12-01,0.9191,0.9218,0.91695,0.92053,0.0
2021-12-02,0.91976,0.92217,0.91783,0.92038,0.0
2021-12-03,0.92036,0.92178,0.9166,0.91795,0.0
2021-12-06,0.91782,0.92691,0.91707,0.92547,0.0
2021-12-07,0.92551,0.92751,0.9231,0.92478,0.0
2021-12-08,0.92479,0.92541,0.91953,0.92052,0.0
2021-12-09,0.92027,0.92649,0.92006,0.92384,0.0
2021-12-10,0.92353,0.92537,0.91992,0.92065,0.0
2021-12-13,0.92191,0.92564,0.92043,0.92234,0.0
2021-12-14,0.92286,0.92451,0.91885,0.92422,0.0
2021-12-15,0.92364,0.92945,0.92338,0.9245,0.0
2021-12-16,0.92488,0.92566,0.91899,0.91938,0.0
2021-12-17,0.91922,0.9246,0.91747,0.92425,0.0
2021-12-20,0.92238,0.92507,0.91927,0.92145,0.0
2021-12-21,0.92093,0.92543,0.91952,0.92367,0.0
2021-12-22,0.92386,0.92525,0.91904,0.9195,0.0
2021-12-23,0.92001,0.92193,0.91757,0.91831,0.0
2021-12-24,0.91903,0.92135,0.9168,0.92014,0.0
2021-12-27,0.91902,0.92002,0.91726,0.91759,0.0
2021-12-28,0.91763,0.91906,0.91599,0.91726,0.0
2021-12-29,0.91763,0.92016,0.91269,0.91475,0.0
2021-12-30,0.91461,0.91811,0.91323,0.91395,0.0
2021-12-31,0.91364,0.9148,0.9103,0.91199,0.0
2022-01-03,0.91285,0.92001,0.91129,0.91888,0.0
2022-01-04,0.91943,0.91943,0.91369,0.91633,0.0
2022-01-05,0.91634,0.91836,0.91413,0.91736,0.0
2022-01-06,0.91694,0.92241,0.91679,0.92131,0.0
2022-01-07,0.92128,0.92324,0.91823,0.91845,0.0
2022-01-10,0.91893,0.92753,0.91862,0.92718,0.0
2022-01-11,0.92743,0.9278,0.92331,0.92351,0.0
2022-01-12,0.92348,0.92444,0.91303,0.91427,0.0
2022-01-13,0.91434,0.91484,0.90921,0.91129,0.0
2022-01-14,0.91114,0.91419,0.90948,0.91383,0.0
2022-01-17,0.91281,0.91588,0.9122,0.91428,0.0
2022-01-18,0.91427,0.91794,0.9132,0.91726,0.0
2022-01-19,0.91753,0.91776,0.91448,0.91567,0.0
2022-01-20,0.91585,0.91813,0.91394,0.91725,0.0
2022-01-21,0.91726,0.91744,0.91084,0.91212,0.0
2022-01-24,0.91164,0.91587,0.91093,0.91407,0.0
2022-01-25,0.91387,0.92036,0.91363,0.91801,0.0
2022-01-26,0.9174,0.92463,0.91717,0.92419,0.0
2022-01-27,0.92419,0.9338,0.92353,0.93104,0.0
2022-01-28,0.93084,0.93297,0.92903,0.93107,0.0
2022-01-31,0.93007,0.93432,0.92518,0.92689,0.0
2022-02-01,0.92717,0.92774,0.92042,0.92103,0.0
2022-02-02,0.9215,0.92221,0.91792,0.91897,0.0
2022-02-03,0.9187,0.92358,0.91772,0.92037,0.0
2022-02-04,0.91987,0.92587,0.91932,0.9256,0.0
2022-02-07,0.92583,0.92619,0.92217,0.92359,0.0
2022-02-08,0.92417,0.92629,0.9226,0.92518,0.0
2022-02-09,0.92492,0.92547,0.9222,0.92421,0.0
2022-02-10,0.92443,0.92971,0.9227,0.92533,0.0
2022-02-11,0.92534,0.92871,0.92393,0.92434,0.0
2022-02-14,0.92518,0.92724,0.92381,0.9245,0.0
2022-02-15,0.9244,0.92739,0.9227,0.9252,0.0
2022-02-16,0.92541,0.92609,0.92065,0.92215,0.0
2022-02-17,0.92228,0.92292,0.91888,0.92017,0.0
2022-02-18,0.92022,0.92181,0.91919,0.92127,0.0
2022-02-21,0.92092,0.92212,0.91504,0.91583,0.0
2022-02-22,0.91586,0.92279,0.91516,0.92165,0.0
2022-02-23,0.92114,0.92188,0.91685,0.91837,0.0
2022-02-24,0.91777,0.92889,0.91727,0.92546,0.0
2022-02-25,0.92558,0.92842,0.9229,0.92544,0.0
2022-02-28,0.92709,0.9279,0.91667,0.91683,0.0
2022-03-01,0.91684,0.92054,0.91503,0.91888,0.0
2022-03-02,0.91889,0.92397,0.91668,0.92036,0.0
2022-03-03,0.92027,0.92169,0.9175,0.91751,0.0
2022-03-04,0.91727,0.92103,0.91644,0.91694,0.0
2022-03-07,0.91725,0.92723,0.91698,0.92549,0.0
2022-03-08,0.92567,0.93068,0.92491,0.92911,0.0
2022-03-09,0.92857,0.93031,0.92504,0.92658,0.0
2022-03-10,0.92658,0.93088,0.92553,0.93029,0.0
2022-03-11,0.93028,0.935,0.92909,0.93489,0.0
2022-03-14,0.934,0.93869,0.93209,0.93865,0.0
2022-03-15,0.93865,0.94312,0.93727,0.94134,0.0
2022-03-16,0.94164,0.94602,0.93904,0.94084,0.0
2022-03-17,0.94059,0.94312,0.93362,0.93701,0.0
2022-03-18,0.93696,0.93824,0.93142,0.93185,0.0
2022-03-21,0.93345,0.93526,0.92942,0.93367,0.0
2022-03-22,0.93364,0.93757,0.93142,0.93276,0.0
2022-03-23,0.93289,0.93577,0.93015,0.93065,0.0
2022-03-24,0.9305,0.93451,0.92949,0.93018,0.0
2022-03-25,0.93023,0.93135,0.92604,0.93065,0.0
2022-03-28,0.9308,0.93816,0.93007,0.93455,0.0
2022-03-29,0.93475,0.93741,0.92979,0.93092,0.0
2022-03-30,0.93073,0.93197,0.92202,0.9233,0.0
2022-03-31,0.92323,0.92591,0.91952,0.92254,0.0
2022-04-01,0.92289,0.928,0.9213,0.9254,0.0
2022-04-04,0.92625,0.92811,0.92451,0.92651,0.0
2022-04-05,0.92652,0.92984,0.92377,0.92947,0.0
2022-04-06,0.92948,0.935,0.92912,0.93328,0.0
2022-04-07,0.93314,0.93479,0.93178,0.93431,0.0
2022-04-08,0.93407,0.93739,0.93274,0.93423,0.0
2022-04-11,0.93229,0.93719,0.93039,0.93116,0.0
2022-04-12,0.93116,0.9345,0.92868,0.9328,0.0
2022-04-13,0.93287,0.93565,0.93142,0.93479,0.0
2022-04-14,0.93471,0.94336,0.93243,0.94245,0.0
2022-04-15,0.94235,0.94438,0.94104,0.94313,0.0
2022-04-18,0.94231,0.94536,0.94193,0.94463,0.0
2022-04-19,0.94482,0.95244,0.94321,0.95226,0.0
2022-04-20,0.95232,0.95364,0.94549,0.94841,0.0
2022-04-21,0.94857,0.95533,0.94573,0.95352,0.0
2022-04-22,0.95352,0.95929,0.95284,0.957,0.0
2022-04-25,0.95722,0.95973,0.95473,0.95967,0.0
2022-04-26,0.95955,0.96277,0.9565,0.96251,0.0
2022-04-27,0.96257,0.97015,0.96149,0.96889,0.0
2022-04-28,0.96905,0.97589,0.96733,0.97191,0.0
2022-04-29,0.972,0.97368,0.96712,0.97346,0.0
2022-05-02,0.97139,0.97894,0.9709,0.97764,0.0
2022-05-03,0.97769,0.97997,0.97205,0.97889,0.0
2022-05-04,0.97887,0.98522,0.97188,0.97188,0.0
2022-05-05,0.97251,0.989,0.971,0.98497,0.0
2022-05-06,0.98503,0.98924,0.98276,0.9886,0.0
2022-05-09,0.98742,0.99658,0.98622,0.99388,0.0
2022-05-10,0.99388,0.99749,0.99059,0.99594,0.0
2022-05-11,0.99603,0.99644,0.98722,0.994,0.0
2022-05-12,0.9939,1.00493,0.99294,1.00303,0.0
2022-05-13,1.00292,1.00473,0.99924,1.0019,0.0
2022-05-16,1.00175,1.00644,1.00084,1.00188,0.0
2022-05-17,1.00099,1.00292,0.99187,0.99399,0.0
2022-05-18,0.99363,0.99848,0.98608,0.98843,0.0
2022-05-19,0.98815,0.99,0.96971,0.97283,0.0
2022-05-20,0.97273,0.97643,0.96941,0.97435,0.0
2022-05-23,0.97516,0.97521,0.96311,0.96548,0.0
2022-05-24,0.9656,0.96701,0.95741,0.96063,0.0
2022-05-25,0.96064,0.96425,0.95968,0.96231,0.0
2022-05-26,0.96212,0.96329,0.9583,0.95886,0.0
2022-05-27,0.95889,0.96042,0.9545,0.9576,0.0
2022-05-30,0.95688,0.96064,0.95542,0.95724,0.0
2022-05-31,0.95734,0.96204,0.95636,0.96004,0.0
2022-06-01,0.95934,0.9659,0.9584,0.96307,0.0
2022-06-02,0.96331,0.9639,0.95739,0.95791,0.0
2022-06-03,0.95757,0.96429,0.95569,0.96271,0.0
2022-06-06,0.96244,0.97144,0.96055,0.97064,0.0
2022-06-07,0.97066,0.97791,0.96923,0.97233,0.0
2022-06-08,0.97268,0.97893,0.97077,0.97859,0.0
2022-06-09,0.97849,0.98177,0.97244,0.98018,0.0
2022-06-10,0.98023,0.98982,0.97663,0.98717,0.0
2022-06-13,0.98836,0.99946,0.98742,0.99703,0.0
2022-06-14,0.99716,1.00369,0.98738,1.00182,0.0
2022-06-15,1.0015,1.00496,0.99315,0.99414,0.0
2022-06-16,0.99425,0.99894,0.96304,0.96669,0.0
2022-06-17,0.96658,0.97328,0.96194,0.97019,0.0
2022-06-20,0.96953,0.9715,0.96221,0.96756,0.0
2022-06-21,0.96727,0.96839,0.96324,0.96612,0.0
2022-06-22,0.96629,0.96898,0.95809,0.96145,0.0
2022-06-23,0.96171,0.96786,0.95686,0.96149,0.0
2022-06-24,0.96075,0.96327,0.9522,0.9579,0.0
2022-06-27,0.95708,0.96204,0.95431,0.95631,0.0
2022-06-28,0.95626,0.9587,0.95344,0.95751,0.0
2022-06-29,0.95671,0.95785,0.94954,0.95509,0.0
2022-06-30,0.95472,0.96052,0.95299,0.95491,0.0
2022-07-01,0.95494,0.96419,0.95413,0.95949,0.0
2022-07-04,0.96086,0.96191,0.95726,0.96115,0.0
2022-07-05,0.96123,0.97048,0.9593,0.96872,0.0
2022-07-06,0.96851,0.97438,0.96718,0.97088,0.0
2022-07-07,0.97069,0.97486,0.96819,0.97408,0.0
2022-07-08,0.97409,0.97978,0.97221,0.97673,0.0
2022-07-11,0.97667,0.98429,0.97624,0.98332,0.0
2022-07-12,0.98303,0.98585,0.98041,0.98167,0.0
2022-07-13,0.98313,0.98353,0.97569,0.97886,0.0
2022-07-14,0.97895,0.9886,0.97783,0.98387,0.0
2022-07-15,0.98352,0.98463,0.97588,0.97608,0.0
2022-07-18,0.97885,0.97899,0.9731,0.97742,0.0
2022-07-19,0.97733,0.97867,0.96545,0.96878,0.0
2022-07-20,0.96894,0.97361,0.96758,0.97109,0.0
2022-07-21,0.97146,0.97393,0.96635,0.96666,0.0
2022-07-22,0.96672,0.97041,0.96004,0.96153,0.0
2022-07-25,0.96295,0.96604,0.96123,0.96467,0.0
2022-07-26,0.96505,0.96677,0.96157,0.96308,0.0
2022-07-27,0.96314,0.96594,0.95839,0.95963,0.0
2022-07-28,0.96003,0.96319,0.95448,0.95488,0.0
2022-07-29,0.95464,0.95942,0.95019,0.95149,0.0
2022-08-01,0.95282,0.9537,0.94824,0.94961,0.0
2022-08-02,0.95001,0.95759,0.94708,0.95734,0.0
2022-08-03,0.95712,0.96515,0.95426,0.96048,0.0
2022-08-04,0.96035,0.9623,0.9544,0.955,0.0
2022-08-05,0.95499,0.96498,0.9538,0.96174,0.0
2022-08-08,0.96275,0.96441,0.95222,0.95543,0.0
2022-08-09,0.9553,0.95614,0.95115,0.95352,0.0
2022-08-10,0.95358,0.95453,0.93939,0.94271,0.0
2022-08-11,0.94336,0.94461,0.93708,0.94142,0.0
2022-08-12,0.94278,0.94504,0.94072,0.94133,0.0
2022-08-15,0.9418,0.94714,0.94097,0.94631,0.0
2022-08-16,0.94636,0.95141,0.94527,0.94962,0.0
2022-08-17,0.94912,0.95437,0.94833,0.9517,0.0
2022-08-18,0.95159,0.95716,0.94981,0.95694,0.0
2022-08-19,0.95695,0.95984,0.95533,0.95853,0.0
2022-08-22,0.95891,0.96588,0.95742,0.96428,0.0
2022-08-23,0.96457,0.96924,0.96034,0.96426,0.0
2022-08-24,0.96399,0.9688,0.96079,0.96725,0.0
2022-08-25,0.96667,0.96782,0.96133,0.96326,0.0
2022-08-26,0.9634,0.96709,0.95785,0.96593,0.0
2022-08-29,0.96568,0.97078,0.96537,0.96828,0.0
2022-08-30,0.96844,0.97623,0.9666,0.97438,0.0
2022-08-31,0.97437,0.98074,0.9727,0.97776,0.0
2022-09-01,0.97794,0.9861,0.97446,0.98161,0.0
2022-09-02,0.9817,0.98593,0.97838,0.98132,0.0
2022-09-05,0.98212,0.98378,0.97946,0.97952,0.0
2022-09-06,0.97985,0.98614,0.97658,0.98436,0.0
2022-09-07,0.98429,0.98697,0.97602,0.97644,0.0
2022-09-08,0.97631,0.97821,0.97005,0.97064,0.0
2022-09-09,0.97021,0.97134,0.95474,0.96017,0.0
2022-09-12,0.95924,0.96098,0.95093,0.95394,0.0
2022-09-13,0.95337,0.96327,0.948,0.96192,0.0
2022-09-14,0.96124,0.96366,0.95894,0.96243,0.0
2022-09-15,0.9623,0.96421,0.95564,0.96165,0.0
2022-09-16,0.96149,0.96614,0.96008,0.96452,0.0
2022-09-19,0.96409,0.96953,0.96263,0.96439,0.0
2022-09-20,0.96416,0.96825,0.96243,0.9641,0.0
2022-09-21,0.96447,0.97003,0.96205,0.96635,0.0
2022-09-22,0.96664,0.98506,0.96221,0.97718,0.0
2022-09-23,0.97713,0.984,0.97541,0.98178,0.0
2022-09-26,0.98348,0.99657,0.97917,0.99386,0.0
2022-09-27,0.99321,0.99717,0.98493,0.99147,0.0
2022-09-28,0.99114,0.99657,0.97462,0.976,0.0
2022-09-29,0.97581,0.98562,0.97497,0.97529,0.0
2022-09-30,0.97504,0.98769,0.97375,0.98688,0.0
2022-10-03,0.98497,0.995,0.98328,0.99246,0.0
2022-10-04,0.99239,0.99417,0.97853,0.97976,0.0
2022-10-05,0.97953,0.98888,0.97852,0.98346,0.0
2022-10-06,0.98352,0.99138,0.97809,0.99051,0.0
2022-10-07,0.99045,0.99536,0.98749,0.99475,0.0
2022-10-10,0.994,1.00105,0.99323,0.99997,0.0
2022-10-11,0.9997,1.0021,0.99163,0.9969,0.0
2022-10-12,0.99699,1.00044,0.99312,0.99784,0.0
2022-10-13,0.99767,1.00736,0.996,1.00142,0.0
2022-10-14,1.00134,1.00662,0.99652,1.00567,0.0
2022-10-17,1.00508,1.00556,0.99438,0.99573,0.0
2022-10-18,0.9959,0.99791,0.99195,0.99453,0.0
2022-10-19,0.99543,1.00632,0.99288,1.00466,0.0
2022-10-20,1.00347,1.00686,0.99948,1.00317,0.0
2022-10-21,1.00292,1.01478,0.99623,0.9979,0.0
2022-10-24,0.99649,1.00315,0.99457,1.00112,0.0
2022-10-25,1.00147,1.00316,0.99401,0.9945,0.0
2022-10-26,0.99462,0.99625,0.98526,0.98621,0.0
2022-10-27,0.98621,0.99281,0.98417,0.99067,0.0
2022-10-28,0.99164,0.99798,0.98829,0.99589,0.0
2022-10-31,0.99759,1.00325,0.99581,1.00172,0.0
2022-11-01,1.00196,1.00223,0.99153,1.00017,0.0
2022-11-02,1.00031,1.00408,0.9911,1.00331,0.0
2022-11-03,1.0036,1.01474,1.00044,1.01349,0.0
2022-11-04,1.01329,1.01446,0.99318,0.99417,0.0
2022-11-07,0.99868,0.99891,0.98754,0.98837,0.0
2022-11-08,0.98859,0.9927,0.9837,0.98588,0.0
2022-11-09,0.9855,0.98742,0.98004,0.984,0.0
2022-11-10,0.98404,0.98993,0.96308,0.96357,0.0
2022-11-11,0.96377,0.96816,0.93976,0.94123,0.0
2022-11-14,0.94195,0.94892,0.94053,0.94315,0.0
2022-11-15,0.94294,0.94756,0.93569,0.94467,0.0
2022-11-16,0.94472,0.94697,0.93863,0.9447,0.0
2022-11-17,0.94496,0.95573,0.94335,0.95217,0.0
2022-11-18,0.95207,0.95525,0.94986,0.95487,0.0
2022-11-21,0.95417,0.95986,0.95318,0.95906,0.0
2022-11-22,0.95927,0.95928,0.95096,0.95198,0.0
2022-11-23,0.95168,0.95333,0.94123,0.9426,0.0
2022-11-24,0.94248,0.9446,0.93875,0.94315,0.0
2022-11-25,0.94335,0.95001,0.94228,0.94604,0.0
2022-11-28,0.94738,0.94979,0.94055,0.94896,0.0
2022-11-29,0.94892,0.95456,0.94604,0.95404,0.0
2022-11-30,0.95414,0.95475,0.94318,0.94545,0.0
2022-12-01,0.94546,0.94685,0.93654,0.93691,0.0
2022-12-02,0.93691,0.94396,0.93266,0.93677,0.0
2022-12-05,0.93849,0.94356,0.93307,0.94266,0.0
2022-12-06,0.94262,0.94561,0.9381,0.94213,0.0
2022-12-07,0.94205,0.94379,0.93638,0.9408,0.0
2022-12-08,0.9409,0.94269,0.93438,0.9363,0.0
2022-12-09,0.93625,0.93812,0.93123,0.93477,0.0
2022-12-12,0.93386,0.938,0.93135,0.93606,0.0
2022-12-13,0.93596,0.93752,0.92322,0.9285,0.0
2022-12-14,0.92875,0.92988,0.92161,0.92437,0.0
2022-12-15,0.92424,0.93173,0.92274,0.92852,0.0
2022-12-16,0.92842,0.93453,0.92542,0.93416,0.0
2022-12-19,0.93348,0.93478,0.92845,0.9287,0.0
2022-12-20,0.92916,0.93077,0.9242,0.92616,0.0
2022-12-21,0.92604,0.92896,0.92389,0.92678,0.0
2022-12-22,0.92676,0.93214,0.9227,0.93085,0.0
2022-12-23,0.93097,0.93445,0.92858,0.93313,0.0
2022-12-26,0.93408,0.93445,0.93077,0.93241,0.0
2022-12-27,0.93184,0.93316,0.92698,0.92933,0.0
2022-12-28,0.92947,0.93072,0.92457,0.92887,0.0
2022-12-29,0.92896,0.9295,0.9211,0.92329,0.0
2022-12-30,0.92317,0.9268,0.92008,0.92442,0.0
2023-01-02,0.92031,0.92615,0.92031,0.92481,0.0
2023-01-03,0.92488,0.93987,0.92303,0.9358,0.0
2023-01-04,0.93597,0.938,0.92536,0.92972,0.0
2023-01-05,0.9298,0.93779,0.92609,0.93622,0.0
2023-01-06,0.93621,0.94098,0.92704,0.92766,0.0
2023-01-09,0.92776,0.9284,0.91671,0.92128,0.0
2023-01-10,0.92134,0.92522,0.91955,0.92272,0.0
2023-01-11,0.92295,0.93312,0.9205,0.93139,0.0
2023-01-12,0.93132,0.93598,0.92664,0.92731,0.0
2023-01-13,0.92761,0.93169,0.92564,0.92649,0.0
2023-01-16,0.92674,0.92885,0.9219,0.92626,0.0
2023-01-17,0.92589,0.92761,0.91876,0.92207,0.0
2023-01-18,0.9221,0.9245,0.90854,0.91666,0.0
2023-01-19,0.91622,0.91896,0.91476,0.91599,0.0
2023-01-20,0.91628,0.9235,0.91415,0.92028,0.0
2023-01-23,0.91917,0.92414,0.91602,0.9218,0.0
2023-01-24,0.92229,0.92796,0.91922,0.92248,0.0
2023-01-25,0.92258,0.92451,0.91729,0.91797,0.0
2023-01-26,0.91817,0.92254,0.91586,0.92035,0.0
2023-01-27,0.92004,0.924,0.91891,0.92114,0.0
2023-01-30,0.92102,0.92566,0.9182,0.92498,0.0
2023-01-31,0.92385,0.92881,0.91508,0.91607,0.0
2023-02-01,0.91596,0.91826,0.90702,0.90851,0.0
2023-02-02,0.90898,0.91394,0.90604,0.91316,0.0
2023-02-03,0.91277,0.92692,0.9106,0.92589,0.0
2023-02-06,0.92721,0.92908,0.92276,0.92823,0.0
2023-02-07,0.92827,0.92898,0.91922,0.92197,0.0
2023-02-08,0.92112,0.9231,0.91786,0.92094,0.0
2023-02-09,0.92134,0.92287,0.91606,0.92221,0.0
2023-02-10,0.92135,0.92531,0.91984,0.92371,0.0
2023-02-13,0.92357,0.92598,0.91908,0.9194,0.0
2023-02-14,0.91958,0.9234,0.91381,0.92174,0.0
2023-02-15,0.92128,0.92627,0.92082,0.92367,0.0
2023-02-16,0.92381,0.92721,0.92142,0.92574,0.0
2023-02-17,0.92606,0.9332,0.92404,0.92414,0.0
2023-02-20,0.92573,0.92633,0.9221,0.92301,0.0
2023-02-21,0.92395,0.92828,0.92326,0.92783,0.0
2023-02-22,0.92829,0.93188,0.9253,0.93131,0.0
2023-02-23,0.93091,0.93485,0.92899,0.93396,0.0
2023-02-24,0.93386,0.94126,0.93264,0.94108,0.0
2023-02-27,0.941,0.94292,0.93444,0.93581,0.0
2023-02-28,0.93563,0.94233,0.93416,0.94216,0.0
2023-03-01,0.94121,0.94286,0.93505,0.93965,0.0
2023-03-02,0.93977,0.94404,0.93907,0.94238,0.0
2023-03-03,0.94308,0.9431,0.93592,0.93611,0.0
2023-03-06,0.93657,0.93732,0.93055,0.93099,0.0
2023-03-07,0.93238,0.94255,0.92859,0.94212,0.0
2023-03-08,0.94328,0.94386,0.9389,0.94146,0.0
2023-03-09,0.94106,0.94277,0.9324,0.93255,0.0
2023-03-10,0.93275,0.9344,0.91751,0.92127,0.0
2023-03-13,0.91931,0.9208,0.90714,0.91187,0.0
2023-03-14,0.9119,0.91646,0.90962,0.91416,0.0
2023-03-15,0.91434,0.93385,0.91234,0.93347,0.0
2023-03-16,0.93328,0.9343,0.92302,0.92928,0.0
2023-03-17,0.92936,0.93019,0.924,0.92648,0.0
2023-03-20,0.92605,0.93124,0.92404,0.92922,0.0
2023-03-21,0.92919,0.93174,0.92098,0.9224,0.0
2023-03-22,0.92225,0.92458,0.9148,0.91733,0.0
2023-03-23,0.9175,0.91824,0.91194,0.91655,0.0
2023-03-24,0.91625,0.92172,0.91498,0.91991,0.0
2023-03-27,0.91893,0.91996,0.91541,0.91556,0.0
2023-03-28,0.91632,0.92227,0.91369,0.91962,0.0
2023-03-29,0.9199,0.92233,0.91656,0.9184,0.0
2023-03-30,0.91807,0.92004,0.91262,0.91344,0.0
2023-03-31,0.91339,0.91778,0.9116,0.91524,0.0
2023-04-03,0.9157,0.91961,0.91156,0.91268,0.0
2023-04-04,0.91266,0.91428,0.90555,0.9062,0.0
2023-04-05,0.90637,0.9076,0.90149,0.9067,0.0
2023-04-06,0.90718,0.90792,0.9036,0.90468,0.0
2023-04-07,0.90449,0.90814,0.90345,0.90591,0.0
2023-04-10,0.90453,0.91204,0.9037,0.90949,0.0
2023-04-11,0.91031,0.91031,0.90278,0.90326,0.0
2023-04-12,0.90336,0.90396,0.8944,0.89634,0.0
2023-04-13,0.89639,0.89747,0.886,0.88951,0.0
2023-04-14,0.88901,0.89589,0.88674,0.894,0.0
2023-04-17,0.89475,0.89964,0.89222,0.8987,0.0
2023-04-18,0.89821,0.89926,0.89546,0.89624,0.0
2023-04-19,0.89652,0.9003,0.8958,0.89763,0.0
2023-04-20,0.89796,0.89867,0.89204,0.89238,0.0
2023-04-21,0.89239,0.89543,0.8908,0.89246,0.0
2023-04-24,0.89271,0.893,0.88759,0.88764,0.0
2023-04-25,0.88754,0.89276,0.88609,0.89199,0.0
2023-04-26,0.89168,0.8926,0.88521,0.89136,0.0
2023-04-27,0.89114,0.89764,0.89033,0.89432,0.0
2023-04-28,0.89465,0.89754,0.8896,0.89442,0.0
2023-05-01,0.8916,0.89668,0.89156,0.89561,0.0
2023-05-02,0.89552,0.8995,0.8924,0.89332,0.0
2023-05-03,0.893,0.89339,0.88326,0.88418,0.0
2023-05-04,0.88498,0.88912,0.88204,0.88595,0.0
2023-05-05,0.88598,0.89733,0.88346,0.89063,0.0
2023-05-08,0.89072,0.89124,0.88681,0.8895,0.0
2023-05-09,0.8895,0.89429,0.88884,0.89046,0.0
2023-05-10,0.89094,0.89272,0.88684,0.88973,0.0
2023-05-11,0.88931,0.89582,0.8886,0.89432,0.0
2023-05-12,0.89443,0.89879,0.88972,0.89844,0.0
2023-05-15,0.8982,0.8988,0.89428,0.89558,0.0
2023-05-16,0.89576,0.89706,0.89198,0.89632,0.0
2023-05-17,0.89672,0.90256,0.89493,0.89851,0.0
2023-05-18,0.89842,0.90626,0.89762,0.90512,0.0
2023-05-19,0.90511,0.90592,0.8975,0.89952,0.0
2023-05-22,0.899,0.89975,0.89411,0.8978,0.0
2023-05-23,0.89837,0.90296,0.89746,0.9014,0.0
2023-05-24,0.90209,0.9067,0.90053,0.90515,0.0
2023-05-25,0.9051,0.90734,0.90379,0.90576,0.0
2023-05-26,0.90583,0.90746,0.9019,0.90502,0.0
2023-05-29,0.90572,0.90621,0.90275,0.90448,0.0
2023-05-30,0.90476,0.90843,0.9014,0.90589,0.0
2023-05-31,0.90594,0.91476,0.905,0.91065,0.0
2023-06-01,0.9105,0.9117,0.9054,0.90558,0.0
2023-06-02,0.90542,0.90929,0.90349,0.90888,0.0
2023-06-05,0.90829,0.91197,0.9052,0.90625,0.0
2023-06-06,0.90595,0.90982,0.90337,0.90764,0.0
2023-06-07,0.90769,0.91073,0.90436,0.91022,0.0
2023-06-08,0.91,0.91076,0.89887,0.89906,0.0
2023-06-09,0.89924,0.90394,0.89846,0.9032,0.0
2023-06-12,0.90262,0.91092,0.90157,0.90896,0.0
2023-06-13,0.90928,0.90948,0.9032,0.90514,0.0
2023-06-14,0.90516,0.90603,0.89656,0.9011,0.0
2023-06-15,0.90121,0.90564,0.89074,0.89172,0.0
2023-06-16,0.89174,0.89492,0.89018,0.89398,0.0
2023-06-19,0.89328,0.89748,0.89308,0.89572,0.0
2023-06-20,0.89543,0.90012,0.89517,0.89772,0.0
2023-06-21,0.89793,0.8998,0.89199,0.89312,0.0
2023-06-22,0.89308,0.8973,0.89079,0.89486,0.0
2023-06-23,0.89478,0.90132,0.89365,0.89698,0.0
2023-06-26,0.89644,0.89762,0.89124,0.89574,0.0
2023-06-27,0.89577,0.89704,0.8924,0.8937,0.0
2023-06-28,0.89301,0.89872,0.89294,0.89697,0.0
2023-06-29,0.8979,0.90018,0.89432,0.89958,0.0
2023-06-30,0.89964,0.90167,0.89356,0.89534,0.0
2023-07-03,0.89452,0.90042,0.8941,0.89621,0.0
2023-07-04,0.89653,0.89771,0.8946,0.89717,0.0
2023-07-05,0.89705,0.89948,0.89624,0.89881,0.0
2023-07-06,0.89884,0.89986,0.89509,0.89532,0.0
2023-07-07,0.89528,0.89704,0.88759,0.88915,0.0
2023-07-10,0.88867,0.89181,0.88507,0.88534,0.0
2023-07-11,0.88558,0.88776,0.87934,0.87954,0.0
2023-07-12,0.87956,0.88022,0.86598,0.86761,0.0
2023-07-13,0.86692,0.86777,0.85826,0.85876,0.0
2023-07-14,0.85875,0.86315,0.85664,0.86202,0.0
2023-07-17,0.86182,0.86304,0.85786,0.86027,0.0
2023-07-18,0.86057,0.86079,0.8556,0.85762,0.0
2023-07-19,0.85757,0.86136,0.8567,0.85838,0.0
2023-07-20,0.85963,0.86841,0.85609,0.86666,0.0
2023-07-21,0.86705,0.86793,0.86412,0.86584,0.0
2023-07-24,0.86604,0.87014,0.86376,0.86963,0.0
2023-07-25,0.86959,0.87024,0.86373,0.86384,0.0
2023-07-26,0.86381,0.86564,0.85978,0.8608,0.0
2023-07-27,0.8609,0.86988,0.85527,0.8693,0.0
2023-07-28,0.8693,0.87364,0.86612,0.87048,0.0
2023-07-31,0.86822,0.87299,0.86658,0.87178,0.0
2023-08-01,0.87203,0.8778,0.87053,0.87511,0.0
2023-08-02,0.87576,0.88054,0.8718,0.8775,0.0
2023-08-03,0.87761,0.87988,0.87332,0.87416,0.0
2023-08-04,0.87353,0.87826,0.86996,0.8729,0.0
2023-08-07,0.87199,0.87738,0.87162,0.87288,0.0
2023-08-08,0.87404,0.8783,0.87178,0.8754,0.0
2023-08-09,0.87615,0.87829,0.8732,0.87722,0.0
2023-08-10,0.8774,0.87784,0.86906,0.87683,0.0
2023-08-11,0.87728,0.87807,0.87355,0.87641,0.0
2023-08-14,0.8765,0.88279,0.87524,0.87819,0.0
2023-08-15,0.87858,0.87967,0.87443,0.87851,0.0
2023-08-16,0.87836,0.88143,0.87746,0.87999,0.0
2023-08-17,0.87915,0.88098,0.87607,0.87846,0.0
2023-08-18,0.87871,0.88282,0.87653,0.88238,0.0
2023-08-21,0.88184,0.8828,0.87804,0.87841,0.0
2023-08-22,0.87832,0.88095,0.87655,0.88049,0.0
2023-08-23,0.87997,0.88172,0.87741,0.87793,0.0
2023-08-24,0.87769,0.88516,0.87603,0.88445,0.0
2023-08-25,0.88446,0.88763,0.88219,0.88457,0.0
2023-08-28,0.88516,0.88591,0.88185,0.88386,0.0
2023-08-29,0.88391,0.88589,0.87752,0.87842,0.0
2023-08-30,0.87843,0.88036,0.8745,0.87852,0.0
2023-08-31,0.87868,0.8846,0.87715,0.88335,0.0
2023-09-01,0.88345,0.88639,0.87955,0.88571,0.0
2023-09-04,0.88564,0.88621,0.88327,0.88448,0.0
2023-09-05,0.88491,0.89034,0.88392,0.88945,0.0
2023-09-06,0.88955,0.89448,0.88813,0.89109,0.0
2023-09-07,0.89113,0.89403,0.89087,0.89276,0.0
2023-09-08,0.89293,0.89371,0.88954,0.89304,0.0
2023-09-11,0.89228,0.89266,0.8897,0.8909,0.0
2023-09-12,0.8919,0.89341,0.89019,0.89141,0.0
2023-09-13,0.89162,0.89521,0.89005,0.89366,0.0
2023-09-14,0.89369,0.89708,0.89148,0.89568,0.0
2023-09-15,0.89563,0.89788,0.89459,0.89767,0.0
2023-09-18,0.89615,0.89825,0.89541,0.89704,0.0
2023-09-19,0.89712,0.89851,0.8948,0.89778,0.0
2023-09-20,0.89827,0.89962,0.8932,0.8987,0.0
2023-09-21,0.89892,0.90786,0.89798,0.90457,0.0
2023-09-22,0.90451,0.90757,0.90335,0.90701,0.0
2023-09-25,0.90634,0.91357,0.90601,0.91208,0.0
2023-09-26,0.91256,0.91604,0.91157,0.91585,0.0
2023-09-27,0.91582,0.92254,0.91423,0.92128,0.0
2023-09-28,0.92136,0.92171,0.91474,0.91493,0.0
2023-09-29,0.9151,0.91635,0.90911,0.91513,0.0
2023-10-02,0.91515,0.91948,0.91104,0.91828,0.0
2023-10-03,0.91852,0.92443,0.91732,0.9211,0.0
2023-10-04,0.92096,0.92326,0.9144,0.91727,0.0
2023-10-05,0.91672,0.91822,0.91206,0.91235,0.0
2023-10-06,0.913,0.9176,0.90731,0.90993,0.0
2023-10-09,0.90949,0.91237,0.9049,0.90665,0.0
2023-10-10,0.90531,0.9083,0.90343,0.90472,0.0
2023-10-11,0.90499,0.90546,0.90021,0.90201,0.0
2023-10-12,0.90166,0.90882,0.89871,0.90845,0.0
2023-10-13,0.90896,0.90926,0.90023,0.90234,0.0
2023-10-16,0.90143,0.90425,0.89959,0.90017,0.0
2023-10-17,0.8997,0.90323,0.899,0.9003,0.0
2023-10-18,0.90028,0.9017,0.89543,0.89906,0.0
2023-10-19,0.89826,0.90019,0.8909,0.89149,0.0
2023-10-20,0.89137,0.89353,0.89027,0.89244,0.0
2023-10-23,0.89313,0.89588,0.89059,0.89114,0.0
2023-10-24,0.8911,0.89527,0.88883,0.89307,0.0
2023-10-25,0.89334,0.89708,0.8921,0.89691,0.0
2023-10-26,0.89645,0.90047,0.89542,0.89893,0.0
2023-10-27,0.89891,0.9036,0.89786,0.90263,0.0
2023-10-30,0.90118,0.90489,0.90078,0.90201,0.0
2023-10-31,0.90187,0.9109,0.90098,0.9104,0.0
2023-11-01,0.91059,0.91125,0.90704,0.90793,0.0
2023-11-02,0.90804,0.90842,0.90178,0.90593,0.0
2023-11-03,0.90604,0.90742,0.89656,0.89942,0.0
2023-11-06,0.89817,0.89966,0.89538,0.89946,0.0
2023-11-07,0.89949,0.90188,0.89829,0.90015,0.0
2023-11-08,0.89893,0.90241,0.89771,0.89936,0.0
2023-11-09,0.89954,0.90414,0.89804,0.90292,0.0
2023-11-10,0.903,0.90462,0.90025,0.90148,0.0
2023-11-13,0.90211,0.90525,0.90072,0.90164,0.0
2023-11-14,0.90196,0.903,0.88787,0.88909,0.0
2023-11-15,0.88901,0.89041,0.88552,0.88803,0.0
2023-11-16,0.8877,0.89002,0.88546,0.88864,0.0
2023-11-17,0.88889,0.8894,0.88527,0.88559,0.0
2023-11-20,0.88572,0.88701,0.88263,0.88505,0.0
2023-11-21,0.88496,0.88521,0.88197,0.88367,0.0
2023-11-22,0.88356,0.88748,0.88204,0.88387,0.0
2023-11-23,0.88383,0.88581,0.88171,0.88423,0.0
2023-11-24,0.8841,0.88501,0.88111,0.88274,0.0
2023-11-27,0.882,0.88289,0.87952,0.88037,0.0
2023-11-28,0.88046,0.88191,0.87615,0.87805,0.0
2023-11-29,0.87806,0.87839,0.87206,0.87388,0.0
2023-11-30,0.87395,0.87709,0.86847,0.87523,0.0
2023-12-01,0.87527,0.87683,0.86794,0.86908,0.0
2023-12-04,0.86986,0.87554,0.86671,0.87276,0.0
2023-12-05,0.87242,0.87663,0.87144,0.87497,0.0
2023-12-06,0.87495,0.876,0.87291,0.8748,0.0
2023-12-07,0.87504,0.87824,0.87286,0.8752,0.0
2023-12-08,0.87597,0.88208,0.87414,0.88013,0.0
2023-12-11,0.88034,0.88162,0.8779,0.87842,0.0
2023-12-12,0.87833,0.87932,0.87236,0.87528,0.0
2023-12-13,0.87544,0.87803,0.86906,0.87165,0.0
2023-12-14,0.87154,0.87318,0.86306,0.86762,0.0
2023-12-15,0.86706,0.87125,0.86521,0.87021,0.0
2023-12-18,0.86979,0.87117,0.86666,0.86711,0.0
2023-12-19,0.86705,0.86874,0.8593,0.86096,0.0
2023-12-20,0.85989,0.86512,0.85963,0.86275,0.0
2023-12-21,0.86274,0.8638,0.85595,0.85626,0.0
2023-12-22,0.85615,0.85758,0.8514,0.856,0.0
2023-12-25,0.85608,0.87674,0.85044,0.85678,0.0
2023-12-26,0.8554,0.85817,0.85305,0.8537,0.0
2023-12-27,0.85326,0.8549,0.8409,0.84305,0.0
2023-12-28,0.84315,0.84532,0.8333,0.84488,0.0
2023-12-29,0.84498,0.84564,0.83568,0.84154,0.0
2024-01-02,0.84025,0.85085,0.83897,0.85029,0.0
2024-01-03,0.84954,0.85548,0.84866,0.84908,0.0
2024-01-04,0.84913,0.85288,0.84775,0.85024,0.0
2024-01-05,0.85038,0.8577,0.84555,0.85029,0.0
2024-01-08,0.84909,0.85239,0.84605,0.84804,0.0
2024-01-09,0.84804,0.85318,0.84645,0.85238,0.0
2024-01-10,0.85265,0.85374,0.85067,0.85089,0.0
2024-01-11,0.85097,0.85661,0.849,0.85198,0.0
2024-01-12,0.85216,0.85509,0.84889,0.85254,0.0
2024-01-15,0.8515,0.85681,0.8515,0.85575,0.0
2024-01-16,0.85585,0.86197,0.85547,0.86158,0.0
2024-01-17,0.86147,0.86854,0.86054,0.86441,0.0
2024-01-18,0.86444,0.86959,0.86333,0.86807,0.0
2024-01-19,0.86822,0.87039,0.86698,0.86813,0.0
2024-01-22,0.86867,0.87008,0.86663,0.86906,0.0
2024-01-23,0.86904,0.87284,0.86502,0.87025,0.0
2024-01-24,0.87024,0.87101,0.86067,0.86284,0.0
2024-01-25,0.86363,0.86851,0.8626,0.86708,0.0
2024-01-26,0.86702,0.86851,0.86166,0.864,0.0
2024-01-29,0.86391,0.86581,0.86072,0.86133,0.0
2024-01-30,0.86098,0.86432,0.86064,0.86181,0.0
2024-01-31,0.86178,0.86438,0.85511,0.86135,0.0
2024-02-01,0.86124,0.86497,0.85713,0.85773,0.0
2024-02-02,0.85727,0.86808,0.8553,0.86693,0.0
2024-02-05,0.86662,0.87187,0.86573,0.87064,0.0
2024-02-06,0.87057,0.87412,0.86904,0.86977,0.0
2024-02-07,0.86966,0.87533,0.86885,0.87469,0.0
2024-02-08,0.87448,0.87611,0.87245,0.87373,0.0
2024-02-09,0.87359,0.87621,0.87315,0.87484,0.0
2024-02-12,0.87486,0.87728,0.87268,0.87574,0.0
2024-02-13,0.87609,0.8881,0.87482,0.88709,0.0
2024-02-14,0.88708,0.88859,0.88477,0.88575,0.0
2024-02-15,0.88618,0.88657,0.8783,0.87998,0.0
2024-02-16,0.87945,0.88393,0.87924,0.88088,0.0
2024-02-19,0.88061,0.88358,0.87969,0.88236,0.0
2024-02-20,0.88236,0.8838,0.87859,0.88191,0.0
2024-02-21,0.88193,0.88223,0.8789,0.87957,0.0
2024-02-22,0.88007,0.88216,0.87428,0.88023,0.0
2024-02-23,0.88039,0.88199,0.87813,0.88111,0.0
2024-02-26,0.87996,0.88223,0.87883,0.88001,0.0
2024-02-27,0.8804,0.88106,0.87842,0.87858,0.0
2024-02-28,0.8785,0.88177,0.87842,0.87878,0.0
2024-02-29,0.87908,0.88482,0.87795,0.88472,0.0
2024-03-01,0.88416,0.88927,0.88296,0.8833,0.0
2024-03-04,0.88423,0.88643,0.88059,0.88493,0.0
2024-03-05,0.88466,0.8869,0.88258,0.88342,0.0
2024-03-06,0.88352,0.88574,0.88045,0.8821,0.0
2024-03-07,0.8818,0.88292,0.87728,0.87773,0.0
2024-03-08,0.87769,0.87837,0.873,0.87773,0.0
2024-03-11,0.87625,0.87951,0.87551,0.87744,0.0
2024-03-12,0.87747,0.87949,0.87473,0.87731,0.0
2024-03-13,0.87725,0.87917,0.87664,0.87885,0.0
2024-03-14,0.87891,0.88428,0.87755,0.88378,0.0
2024-03-15,0.88375,0.88529,0.88192,0.88352,0.0
2024-03-18,0.88358,0.8887,0.88216,0.88786,0.0
2024-03-19,0.88788,0.88987,0.8867,0.88814,0.0
2024-03-20,0.88807,0.89189,0.88595,0.88682,0.0
2024-03-21,0.88687,0.89943,0.88393,0.89753,0.0
2024-03-22,0.89748,0.90206,0.89647,0.89745,0.0
2024-03-25,0.89748,0.89962,0.89692,0.8994,0.0
2024-03-26,0.89943,0.90435,0.89879,0.90397,0.0
2024-03-27,0.90404,0.90715,0.9027,0.90384,0.0
2024-03-28,0.90378,0.90668,0.89998,0.90175,0.0
2024-03-29,0.90183,0.90292,0.90068,0.90184,0.0
2024-04-01,0.90205,0.90581,0.90056,0.90441,0.0
2024-04-02,0.9041,0.90912,0.9041,0.90798,0.0
2024-04-03,0.90796,0.90958,0.90269,0.90282,0.0
2024-04-04,0.90282,0.90768,0.90091,0.90134,0.0
2024-04-05,0.90139,0.90713,0.8998,0.90192,0.0
2024-04-08,0.90108,0.90659,0.90028,0.9054,0.0
2024-04-09,0.90456,0.90658,0.90129,0.90355,0.0
2024-04-10,0.90341,0.91475,0.90217,0.91287,0.0
2024-04-11,0.91264,0.91467,0.90745,0.90995,0.0
2024-04-12,0.90999,0.91457,0.9087,0.91437,0.0
2024-04-15,0.91156,0.91522,0.91119,0.91149,0.0
2024-04-16,0.91178,0.91527,0.91117,0.91307,0.0
2024-04-17,0.91331,0.91412,0.90939,0.91093,0.0
2024-04-18,0.91056,0.91256,0.90811,0.91238,0.0
2024-04-19,0.91236,0.91346,0.90108,0.91054,0.0
2024-04-22,0.91024,0.91241,0.90963,0.91198,0.0
2024-04-23,0.9114,0.91321,0.9087,0.91193,0.0
2024-04-24,0.91218,0.91538,0.9108,0.91512,0.0
2024-04-25,0.91496,0.91693,0.91175,0.91226,0.0
2024-04-26,0.91181,0.91503,0.90963,0.91448,0.0
2024-04-29,0.91345,0.91534,0.90885,0.91057,0.0
2024-04-30,0.91118,0.91974,0.90938,0.91956,0.0
2024-05-01,0.91916,0.92245,0.91462,0.91583,0.0
2024-05-02,0.91609,0.91736,0.9098,0.9107,0.0
2024-05-03,0.90975,0.91088,0.90064,0.90503,0.0
2024-05-06,0.90545,0.90692,0.90357,0.90625,0.0
2024-05-07,0.9063,0.90943,0.90545,0.90843,0.0
2024-05-08,0.90838,0.90959,0.90735,0.90799,0.0
2024-05-09,0.90802,0.90989,0.90544,0.90592,0.0
2024-05-10,0.90562,0.90854,0.90491,0.9065,0.0
2024-05-13,0.90636,0.90879,0.90457,0.90831,0.0
2024-05-14,0.90862,0.91024,0.90553,0.9066,0.0
2024-05-15,0.90654,0.90712,0.9015,0.90224,0.0
2024-05-16,0.90197,0.90644,0.89886,0.90622,0.0
2024-05-17,0.90626,0.90991,0.90511,0.90913,0.0
2024-05-20,0.90907,0.91104,0.9079,0.91058,0.0
2024-05-21,0.91025,0.91165,0.90872,0.91092,0.0
2024-05-22,0.91091,0.9159,0.90977,0.91571,0.0
2024-05-23,0.91563,0.91587,0.91265,0.91437,0.0
2024-05-24,0.9145,0.91588,0.9133,0.91473,0.0
2024-05-27,0.91432,0.91547,0.91317,0.9137,0.0
2024-05-28,0.91373,0.91483,0.90857,0.91247,0.0
2024-05-29,0.912,0.91437,0.9113,0.91327,0.0
2024-05-30,0.91346,0.91464,0.90306,0.90335,0.0
2024-05-31,0.90353,0.90693,0.90026,0.90243,0.0
2024-06-03,0.90348,0.9041,0.89508,0.89579,0.0
2024-06-04,0.89612,0.89723,0.88846,0.89012,0.0
2024-06-05,0.89031,0.89489,0.8891,0.89348,0.0
2024-06-06,0.89353,0.89476,0.88916,0.8893,0.0
2024-06-07,0.88907,0.89729,0.88813,0.89647,0.0
2024-06-10,0.89755,0.89847,0.89545,0.89658,0.0
2024-06-11,0.89673,0.89934,0.89521,0.89767,0.0
2024-06-12,0.89758,0.89835,0.88931,0.89436,0.0
2024-06-13,0.89429,0.8968,0.89265,0.89385,0.0
2024-06-14,0.89401,0.89646,0.88948,0.89015,0.0
2024-06-17,0.89055,0.89325,0.88949,0.88956,0.0
2024-06-18,0.88969,0.89101,0.88269,0.88415,0.0
2024-06-19,0.88435,0.88546,0.8834,0.88455,0.0
2024-06-20,0.88414,0.89263,0.88324,0.89137,0.0
2024-06-21,0.89153,0.89459,0.89051,0.89427,0.0
2024-06-24,0.89384,0.89464,0.8922,0.89292,0.0
2024-06-25,0.89301,0.89536,0.89134,0.89476,0.0
2024-06-26,0.89497,0.89832,0.89433,0.89743,0.0
2024-06-27,0.89832,0.89899,0.89575,0.89886,0.0
2024-06-28,0.89777,0.90099,0.89737,0.89865,0.0
2024-07-01,0.8983,0.90448,0.8974,0.90279,0.0
2024-07-02,0.90276,0.90508,0.90247,0.90391,0.0
2024-07-03,0.90393,0.90549,0.89857,0.90147,0.0
2024-07-04,0.90186,0.90395,0.89917,0.90025,0.0
2024-07-05,0.89985,0.90071,0.89536,0.89575,0.0
2024-07-08,0.89578,0.8977,0.89437,0.89761,0.0
2024-07-09,0.89782,0.89906,0.8965,0.89782,0.0
2024-07-10,0.8976,0.90017,0.89642,0.89959,0.0
2024-07-11,0.89971,0.90034,0.89153,0.89653,0.0
2024-07-12,0.89555,0.89707,0.89324,0.89437,0.0
2024-07-15,0.89485,0.89723,0.89343,0.89575,0.0
2024-07-16,0.89585,0.89788,0.8934,0.89385,0.0
2024-07-17,0.89368,0.89516,0.88274,0.88339,0.0
2024-07-18,0.88301,0.88792,0.88203,0.88778,0.0
2024-07-19,0.88706,0.89019,0.88614,0.88902,0.0
2024-07-22,0.88772,0.89022,0.88713,0.88966,0.0
2024-07-23,0.88945,0.89241,0.88845,0.8914,0.0
2024-07-24,0.89124,0.89228,0.88288,0.88521,0.0
2024-07-25,0.88511,0.88594,0.87769,0.88165,0.0
2024-07-26,0.88262,0.88442,0.88029,0.88368,0.0
2024-07-29,0.88368,0.88716,0.88205,0.88614,0.0
2024-07-30,0.88595,0.88759,0.88255,0.88272,0.0
2024-07-31,0.8828,0.88399,0.87704,0.87803,0.0
2024-08-01,0.87807,0.879,0.87262,0.87293,0.0
2024-08-02,0.87296,0.87399,0.85739,0.85795,0.0
2024-08-05,0.85839,0.86018,0.84325,0.85238,0.0
2024-08-06,0.85199,0.85719,0.85012,0.85133,0.0
2024-08-07,0.85156,0.86622,0.8509,0.86174,0.0
2024-08-08,0.86151,0.86744,0.85601,0.86668,0.0
2024-08-09,0.86693,0.86729,0.86322,0.86519,0.0
2024-08-12,0.86511,0.87119,0.86381,0.86523,0.0
2024-08-13,0.86517,0.86803,0.86372,0.86477,0.0
2024-08-14,0.86471,0.86612,0.86171,0.8651,0.0
2024-08-15,0.86541,0.87486,0.86465,0.87259,0.0
2024-08-16,0.87296,0.87341,0.86601,0.86609,0.0
2024-08-19,0.8657,0.86777,0.86158,0.86289,0.0
2024-08-20,0.86264,0.86363,0.85376,0.85408,0.0
2024-08-21,0.85399,0.85615,0.84953,0.85174,0.0
2024-08-22,0.85174,0.85342,0.84893,0.85224,0.0
2024-08-23,0.85223,0.85424,0.84707,0.84773,0.0
2024-08-26,0.84782,0.84858,0.8456,0.84728,0.0
2024-08-27,0.84729,0.84845,0.84092,0.84159,0.0
2024-08-28,0.84155,0.84605,0.84097,0.84224,0.0
2024-08-29,0.8422,0.84938,0.84004,0.84738,0.0
2024-08-30,0.84679,0.85107,0.84611,0.85004,0.0
2024-09-02,0.84924,0.85375,0.84851,0.8517,0.0
2024-09-03,0.85109,0.85376,0.84783,0.85021,0.0
2024-09-04,0.85017,0.85188,0.8463,0.8465,0.0
2024-09-05,0.8464,0.8491,0.8434,0.84404,0.0
2024-09-06,0.84396,0.84759,0.83749,0.84322,0.0
2024-09-09,0.84461,0.84945,0.84269,0.84937,0.0
2024-09-10,0.84884,0.85011,0.84564,0.84696,0.0
2024-09-11,0.84711,0.85299,0.8422,0.85224,0.0
2024-09-12,0.85218,0.85498,0.85063,0.85119,0.0
2024-09-13,0.8512,0.85471,0.84438,0.8491,0.0
2024-09-16,0.84769,0.84877,0.84348,0.84481,0.0
2024-09-17,0.84476,0.84772,0.843,0.84725,0.0
2024-09-18,0.84719,0.84801,0.83909,0.84629,0.0
2024-09-19,0.84584,0.85151,0.84492,0.84772,0.0
2024-09-20,0.84796,0.85171,0.84517,0.85035,0.0
2024-09-23,0.84989,0.85183,0.84565,0.8476,0.0
2024-09-24,0.848,0.84902,0.84306,0.84337,0.0
2024-09-25,0.8438,0.85073,0.84153,0.85037,0.0
2024-09-26,0.8504,0.85162,0.84531,0.84617,0.0
2024-09-27,0.84608,0.84934,0.8402,0.8405,0.0
2024-09-30,0.84151,0.84739,0.84031,0.84567,0.0
2024-10-01,0.84568,0.8482,0.84318,0.84657,0.0
2024-10-02,0.84664,0.85079,0.84439,0.84977,0.0
2024-10-03,0.84978,0.85429,0.84913,0.85293,0.0
2024-10-04,0.85242,0.86078,0.85002,0.85813,0.0
2024-10-07,0.85937,0.85981,0.85344,0.85447,0.0
2024-10-08,0.85491,0.85841,0.85302,0.8573,0.0
2024-10-09,0.85781,0.86104,0.85648,0.86081,0.0
2024-10-10,0.86054,0.86129,0.85584,0.85621,0.0
2024-10-11,0.85722,0.859,0.85565,0.85727,0.0
2024-10-14,0.85723,0.86419,0.85704,0.86251,0.0
2024-10-15,0.86274,0.86385,0.86067,0.86223,0.0
2024-10-16,0.86223,0.86581,0.8611,0.86548,0.0
2024-10-17,0.86568,0.86698,0.863,0.86603,0.0
2024-10-18,0.86519,0.86696,0.86459,0.8647,0.0
2024-10-21,0.8652,0.86641,0.86334,0.86617,0.0
2024-10-22,0.86633,0.8668,0.86404,0.86533,0.0
2024-10-23,0.86586,0.86862,0.86469,0.86643,0.0
2024-10-24,0.86627,0.86776,0.86498,0.86575,0.0
2024-10-25,0.8655,0.86745,0.86481,0.86681,0.0
2024-10-28,0.8682,0.87,0.8647,0.86533,0.0
2024-10-29,0.86521,0.86983,0.86436,0.86735,0.0
2024-10-30,0.86737,0.86939,0.86539,0.86657,0.0
2024-10-31,0.86676,0.86703,0.8633,0.86348,0.0
2024-11-01,0.86349,0.87114,0.86288,0.86982,0.0
2024-11-04,0.86748,0.86809,0.86152,0.86413,0.0
2024-11-05,0.86412,0.86491,0.86162,0.8632,0.0
2024-11-06,0.86278,0.87736,0.86202,0.87664,0.0
2024-11-07,0.87684,0.87744,0.87096,0.8724,0.0
2024-11-08,0.87233,0.87692,0.87012,0.8757,0.0
2024-11-11,0.8762,0.88111,0.87514,0.8809,0.0
2024-11-12,0.87991,0.88363,0.87709,0.88174,0.0
2024-11-13,0.88168,0.88642,0.87984,0.88604,0.0
2024-11-14,0.88547,0.89177,0.88474,0.89042,0.0
2024-11-15,0.89024,0.89079,0.88594,0.88814,0.0
2024-11-18,0.88827,0.88894,0.88291,0.8832,0.0
2024-11-19,0.88311,0.88815,0.88011,0.88236,0.0
2024-11-20,0.88141,0.88624,0.88137,0.88422,0.0
2024-11-21,0.88401,0.88716,0.88211,0.88676,0.0
2024-11-22,0.88657,0.89577,0.88516,0.89428,0.0
2024-11-25,0.89118,0.8919,0.88488,0.88628,0.0
2024-11-26,0.88666,0.8895,0.88425,0.88652,0.0
2024-11-27,0.88653,0.88736,0.87978,0.88198,0.0
2024-11-28,0.88189,0.88481,0.88063,0.88306,0.0
2024-11-29,0.88299,0.88375,0.87957,0.8811,0.0
2024-12-02,0.8814,0.88897,0.88013,0.88652,0.0
2024-12-03,0.88679,0.8889,0.883,0.88642,0.0
2024-12-04,0.88614,0.88797,0.88268,0.88448,0.0
2024-12-05,0.88431,0.8853,0.87793,0.87853,0.0
2024-12-06,0.87847,0.88184,0.87363,0.87875,0.0
2024-12-09,0.87907,0.88042,0.87589,0.87879,0.0
2024-12-10,0.87888,0.88335,0.87676,0.88291,0.0
2024-12-11,0.88267,0.88543,0.88114,0.88424,0.0
2024-12-12,0.8841,0.89283,0.88166,0.89239,0.0
2024-12-13,0.89185,0.8946,0.89059,0.8928,0.0
2024-12-16,0.89368,0.89502,0.88989,0.89452,0.0
2024-12-17,0.89413,0.8975,0.89149,0.89273,0.0
2024-12-18,0.89287,0.90206,0.89176,0.90111,0.0
2024-12-19,0.90116,0.9028,0.8952,0.89885,0.0
2024-12-20,0.89858,0.89945,0.89138,0.89302,0.0
2024-12-23,0.89235,0.9002,0.89173,0.89861,0.0
2024-12-24,0.89858,0.90147,0.89614,0.90031,0.0
2024-12-25,0.9002,0.91009,0.89628,0.89935,0.0
2024-12-26,0.89971,0.90104,0.89847,0.89876,0.0
2024-12-27,0.8992,0.90276,0.89852,0.90211,0.0
2024-12-30,0.9017,0.90743,0.90101,0.90372,0.0
2024-12-31,0.90382,0.90807,0.90166,0.90186,0.0
2025-01-01,0.90203,0.90811,0.90095,0.90658,0.0
2025-01-02,0.90591,0.91374,0.90392,0.91238,0.0
2025-01-03,0.91268,0.91307,0.90803,0.90844,0.0
2025-01-06,0.91011,0.91052,0.90086,0.9045,0.0
2025-01-07,0.90558,0.90981,0.90229,0.90974,0.0
2025-01-08,0.9098,0.91285,0.90768,0.91114,0.0
2025-01-09,0.91027,0.91318,0.90955,0.91219,0.0
2025-01-10,0.91204,0.91889,0.91092,0.91645,0.0
2025-01-13,0.91655,0.9201,0.91546,0.91714,0.0
2025-01-14,0.91692,0.91755,0.9122,0.91243,0.0
2025-01-15,0.91139,0.91529,0.90848,0.91271,0.0
2025-01-16,0.91322,0.91399,0.91002,0.91084,0.0
2025-01-17,0.91012,0.91561,0.90961,0.91479,0.0
2025-01-20,0.91357,0.91526,0.90556,0.9067,0.0
2025-01-21,0.90671,0.91217,0.90518,0.9057,0.0
2025-01-22,0.90594,0.90839,0.90329,0.90679,0.0
2025-01-23,0.90732,0.91086,0.90568,0.90742,0.0
2025-01-24,0.9072,0.90848,0.90276,0.90603,0.0
2025-01-27,0.90633,0.90732,0.89653,0.90203,0.0
2025-01-28,0.90119,0.90708,0.90119,0.90406,0.0
2025-01-29,0.90415,0.90953,0.90318,0.90686,0.0
2025-01-30,0.90685,0.91038,0.90592,0.90971,0.0
2025-01-31,0.9097,0.91157,0.90701,0.91118,0.0
2025-02-03,0.91637,0.91968,0.90928,0.91032,0.0
2025-02-04,0.91037,0.91478,0.90458,0.90512,0.0
2025-02-05,0.9048,0.90642,0.90018,0.90175,0.0
2025-02-06,0.90195,0.90622,0.90031,0.90504,0.0
2025-02-07,0.90485,0.91062,0.90429,0.90993,0.0
2025-02-10,0.9106,0.91225,0.90939,0.91139,0.0
2025-02-11,0.91137,0.91432,0.91008,0.9133,0.0
2025-02-12,0.91244,0.91559,0.91029,0.9136,0.0
2025-02-13,0.91374,0.91428,0.90279,0.90304,0.0
2025-02-14,0.90322,0.90794,0.89724,0.89993,0.0
2025-02-17,0.89792,0.90181,0.89725,0.90075,0.0
2025-02-18,0.90055,0.90413,0.89957,0.9034,0.0
2025-02-19,0.90334,0.90547,0.90223,0.90459,0.0
2025-02-20,0.90416,0.90539,0.89757,0.89795,0.0
2025-02-21,0.89793,0.90048,0.8968,0.89778,0.0
2025-02-24,0.89771,0.89982,0.89537,0.89714,0.0
2025-02-25,0.89716,0.89825,0.89124,0.8929,0.0
2025-02-26,0.8926,0.89648,0.89164,0.89466,0.0
2025-02-27,0.89402,0.90056,0.8936,0.89965,0.0
2025-02-28,0.8995,0.90369,0.89827,0.90304,0.0
2025-03-03,0.90294,0.90319,0.89604,0.89679,0.0
2025-03-04,0.89712,0.89813,0.88719,0.88953,0.0
2025-03-05,0.88918,0.89146,0.88558,0.89079,0.0
2025-03-06,0.8909,0.89259,0.88256,0.8837,0.0
2025-03-07,0.8845,0.88586,0.87675,0.88002,0.0
2025-03-10,0.88064,0.88218,0.87581,0.88076,0.0
2025-03-11,0.88112,0.88356,0.87729,0.8826,0.0
2025-03-12,0.88281,0.88526,0.87941,0.88174,0.0
2025-03-13,0.88202,0.8855,0.88035,0.88206,0.0
2025-03-14,0.88334,0.88642,0.88159,0.88512,0.0
2025-03-17,0.88526,0.88558,0.87978,0.88091,0.0
2025-03-18,0.88084,0.88198,0.87592,0.87673,0.0
2025-03-19,0.8767,0.88095,0.87615,0.87761,0.0
2025-03-20,0.87753,0.88427,0.87557,0.88176,0.0
2025-03-21,0.88189,0.8841,0.87966,0.88313,0.0
2025-03-24,0.88325,0.88461,0.87998,0.88294,0.0
2025-03-25,0.88332,0.88489,0.88004,0.88261,0.0
2025-03-26,0.88275,0.88505,0.88139,0.88376,0.0
2025-03-27,0.8837,0.88525,0.88039,0.88174,0.0
2025-03-28,0.88153,0.88345,0.87998,0.8808,0.0
2025-03-31,0.88037,0.88555,0.87812,0.88439,0.0
2025-04-01,0.88434,0.8852,0.8817,0.8837,0.0
2025-04-02,0.88316,0.88488,0.88127,0.88193,0.0
2025-04-03,0.88152,0.88343,0.85476,0.85926,0.0
2025-04-04,0.85873,0.86254,0.84769,0.86078,0.0
2025-04-07,0.85514,0.86746,0.84514,0.86057,0.0
2025-04-08,0.85969,0.86206,0.84559,0.84777,0.0
2025-04-09,0.84761,0.85837,0.83594,0.85795,0.0
2025-04-10,0.85735,0.85786,0.82315,0.82381,0.0
2025-04-11,0.82449,0.82669,0.80996,0.81519,0.0
2025-04-14,0.8192,0.82684,0.81189,0.81491,0.0
2025-04-15,0.81488,0.82396,0.81298,0.82344,0.0
2025-04-16,0.8184,0.82348,0.81213,0.81338,0.0
2025-04-17,0.81352,0.82316,0.81229,0.81958,0.0
2025-04-18,0.8195,0.82078,0.81566,0.81634,0.0
2025-04-21,0.81745,0.81826,0.80399,0.80903,0.0
2025-04-22,0.80916,0.81915,0.80647,0.81896,0.0
2025-04-23,0.81866,0.83115,0.81717,0.83072,0.0
2025-04-24,0.83022,0.83085,0.82397,0.82702,0.0
2025-04-25,0.8268,0.83346,0.82601,0.82761,0.0
2025-04-28,0.82948,0.83191,0.81979,0.81996,0.0
2025-04-29,0.82001,0.82643,0.81935,0.82389,0.0
2025-04-30,0.82402,0.8273,0.82141,0.82646,0.0
2025-05-01,0.82503,0.83333,0.82416,0.82957,0.0
2025-05-02,0.83023,0.83185,0.82057,0.82663,0.0
2025-05-05,0.82577,0.8275,0.82143,0.82233,0.0
2025-05-06,0.82168,0.82656,0.8213,0.82212,0.0
2025-05-07,0.822,0.82721,0.81858,0.82383,0.0
2025-05-08,0.82385,0.83325,0.82239,0.8318,0.0
2025-05-09,0.83175,0.83414,0.82697,0.83143,0.0
2025-05-12,0.8348,0.84762,0.8331,0.84568,0.0
2025-05-13,0.84553,0.8462,0.83871,0.8395,0.0
2025-05-14,0.84003,0.8436,0.83247,0.84213,0.0
2025-05-15,0.8423,0.84272,0.83461,0.83586,0.0
2025-05-16,0.83649,0.84012,0.8327,0.83754,0.0
2025-05-19,0.8371,0.83785,0.83187,0.83483,0.0
2025-05-20,0.83493,0.83629,0.82816,0.82832,0.0
2025-05-21,0.82819,0.82895,0.82098,0.82518,0.0
2025-05-22,0.82443,0.83067,0.82339,0.82894,0.0
2025-05-23,0.82943,0.8298,0.82044,0.82125,0.0
2025-05-26,0.82094,0.8233,0.81928,0.82102,0.0
2025-05-27,0.8207,0.82802,0.8188,0.82734,0.0
2025-05-28,0.82767,0.82911,0.8245,0.8271,0.0
2025-05-29,0.82698,0.83477,0.82179,0.82285,0.0
2025-05-30,0.8232,0.82494,0.81994,0.82289,0.0
2025-06-02,0.82323,0.82397,0.81569,0.81711,0.0
2025-06-03,0.817,0.82477,0.81587,0.82406,0.0
2025-06-04,0.82404,0.82503,0.81704,0.8185,0.0
2025-06-05,0.8185,0.82147,0.81722,0.81974,0.0
2025-06-06,0.81969,0.82484,0.81906,0.82204,0.0
2025-06-09,0.82171,0.82298,0.81925,0.82167,0.0
2025-06-10,0.82183,0.8242,0.82034,0.82275,0.0
2025-06-11,0.8221,0.82385,0.8185,0.82044,0.0
2025-06-12,0.82051,0.82094,0.81023,0.81033,0.0
2025-06-13,0.81035,0.81486,0.8056,0.81115,0.0
2025-06-16,0.8118,0.81474,0.80888,0.81395,0.0
2025-06-17,0.81398,0.81719,0.81205,0.81651,0.0
2025-06-18,0.81646,0.81995,0.81291,0.81873,0.0
2025-06-19,0.81934,0.82157,0.81561,0.81666,0.0
2025-06-20,0.81666,0.8185,0.81524,0.8181,0.0
2025-06-23,0.81736,0.81952,0.81152,0.81266,0.0
2025-06-24,0.81266,0.81355,0.80348,0.80519,0.0
2025-06-25,0.80559,0.80805,0.80398,0.80476,0.0
2025-06-26,0.80459,0.80528,0.79786,0.80031,0.0
2025-06-27,0.80015,0.80179,0.7958,0.79887,0.0
2025-06-30,0.79867,0.79947,0.79294,0.79298,0.0
2025-07-01,0.79297,0.79439,0.78725,0.79127,0.0
2025-07-02,0.79117,0.79414,0.79018,0.7921,0.0
2025-07-03,0.79106,0.79866,0.79009,0.79531,0.0
2025-07-04,0.79526,0.79596,0.79221,0.7938,0.0
2025-07-07,0.79448,0.79908,0.79356,0.79823,0.0
2025-07-08,0.79857,0.7995,0.79534,0.79555,0.0
2025-07-09,0.79677,0.7979,0.79394,0.79433,0.0
2025-07-10,0.79426,0.79877,0.79197,0.79691,0.0
2025-07-11,0.79692,0.7982,0.79539,0.79665,0.0
2025-07-14,0.79765,0.79849,0.79551,0.79804,0.0
2025-07-15,0.79889,0.80247,0.79536,0.80156,0.0
2025-07-16,0.80147,0.80616,0.79473,0.8009,0.0
2025-07-17,0.80088,0.80643,0.80039,0.8044,0.0
2025-07-18,0.80488,0.80565,0.79852,0.80167,0.0
2025-07-21,0.80142,0.80226,0.79657,0.79809,0.0
2025-07-22,0.79785,0.79924,0.79201,0.7922,0.0
2025-07-23,0.79285,0.79497,0.7911,0.79254,0.0
2025-07-24,0.79252,0.79608,0.79157,0.79557,0.0
2025-07-25,0.79538,0.79796,0.7945,0.79507,0.0
2025-07-28,0.79743,0.80387,0.79447,0.80356,0.0
2025-07-29,0.80356,0.80793,0.80108,0.80611,0.0
2025-07-30,0.80615,0.81516,0.80383,0.81498,0.0
2025-07-31,0.81473,0.81548,0.8112,0.81234,0.0
2025-08-01,0.81236,0.81714,0.80266,0.80405,0.0
2025-08-04,0.80524,0.80969,0.8029,0.80843,0.0
2025-08-05,0.80722,0.81181,0.8065,0.80738,0.0
2025-08-06,0.80796,0.80941,0.80489,0.80639,0.0
2025-08-07,0.80636,0.80894,0.8043,0.80667,0.0
2025-08-08,0.8063,0.80891,0.80519,0.8084,0.0
2025-08-11,0.80859,0.81321,0.80612,0.81244,0.0
2025-08-12,0.81265,0.81272,0.80619,0.8065,0.0
2025-08-13,0.80654,0.80751,0.8022,0.80555,0.0
2025-08-14,0.80498,0.80927,0.80378,0.80754,0.0
2025-08-15,0.80775,0.80822,0.79694,0.80683,0.0
2025-08-18,0.80557,0.80811,0.80521,0.80746,0.0
2025-08-19,0.80734,0.80859,0.80472,0.80777,0.0
2025-08-20,0.80779,0.80932,0.80312,0.80417,0.0
2025-08-21,0.80422,0.80923,0.80329,0.80876,0.0
2025-08-22,0.80807,0.81042,0.80004,0.80151,0.0
2025-08-25,0.80145,0.80714,0.80062,0.80577,0.0
2025-08-26,0.80588,0.80725,0.80258,0.80345,0.0
2025-08-27,0.80398,0.80764,0.80155,0.80227,0.0
2025-08-28,0.80236,0.80433,0.79942,0.8014,0.0
2025-08-29,0.80075,0.80369,0.79857,0.80072,0.0
2025-09-01,0.79955,0.80172,0.79863,0.80042,0.0
2025-09-02,0.80041,0.80609,0.79998,0.80466,0.0
2025-09-03,0.80455,0.80681,0.80272,0.80436,0.0
2025-09-04,0.80389,0.80721,0.80269,0.80559,0.0
2025-09-05,0.80581,0.80631,0.79561,0.79799,0.0
2025-09-08,0.7985,0.79958,0.79278,0.7932,0.0
2025-09-09,0.79331,0.7981,0.79156,0.79757,0.0
2025-09-10,0.79774,0.79948,0.79589,0.79928,0.0
2025-09-11,0.79877,0.80077,0.79486,0.79583,0.0
2025-09-12,0.79578,0.79867,0.79518,0.79626,0.0
2025-09-15,0.79644,0.79736,0.79365,0.79469,0.0
2025-09-16,0.79463,0.7949,0.78559,0.78586,0.0
2025-09-17,0.78574,0.78938,0.78292,0.7889,0.0
2025-09-18,0.78837,0.7938,0.78716,0.79248,0.0
2025-09-19,0.79131,0.79663,0.7905,0.79543,0.0
2025-09-22,0.79452,0.7974,0.79218,0.79242,0.0
2025-09-23,0.79329,0.79518,0.79094,0.7913,0.0
2025-09-24,0.79143,0.79576,0.79073,0.79516,0.0
2025-09-25,0.7952,0.80141,0.79405,0.79962,0.0
2025-09-26,0.79978,0.80076,0.79732,0.79809,0.0
2025-09-29,0.79764,0.79875,0.79519,0.79772,0.0
2025-09-30,0.79791,0.79861,0.79392,0.79645,0.0
2025-10-01,0.7964,0.79904,0.79285,0.79705,0.0
2025-10-02,0.79764,0.80003,0.79514,0.79791,0.0
2025-10-03,0.79781,0.7987,0.7947,0.79536,0.0
2025-10-06,0.79655,0.7994,0.79465,0.79484,0.0
2025-10-07,0.79581,0.79916,0.79478,0.79823,0.0
2025-10-08,0.79811,0.80291,0.79771,0.80192,0.0
2025-10-09,0.80091,0.80763,0.80028,0.80632,0.0
2025-10-10,0.80701,0.80762,0.79888,0.79932,0.0
2025-10-13,0.80131,0.80579,0.80002,0.80423,0.0
2025-10-14,0.80389,0.805,0.80029,0.80109,0.0
2025-10-15,0.80126,0.80159,0.79567,0.7967,0.0
2025-10-16,0.79671,0.79849,0.79241,0.79286,0.0
2025-10-17,0.79304,0.79381,0.78731,0.79361,0.0
2025-10-20,0.792,0.79435,0.79063,0.79259,0.0
2025-10-21,0.79205,0.79669,0.79146,0.79641,0.0
2025-10-22,0.79646,0.79739,0.79486,0.79603,0.0
2025-10-23,0.7957,0.7987,0.79495,0.7952,0.0
2025-10-24,0.79533,0.79685,0.79353,0.79576,0.0
2025-10-27,0.7965,0.7973,0.79453,0.79538,0.0
2025-10-28,0.79534,0.79671,0.79251,0.79343,0.0
2025-10-29,0.79343,0.80202,0.79257,0.79982,0.0
2025-10-30,0.79987,0.80372,0.79758,0.80192,0.0
2025-10-31,0.80192,0.8054,0.80091,0.80471,0.0
2025-11-03,0.80504,0.80917,0.80326,0.80809,0.0
2025-11-04,0.80816,0.8109,0.80673,0.8105,0.0
2025-11-05,0.81058,0.81244,0.80795,0.81024,0.0
2025-11-06,0.80995,0.81055,0.80591,0.80623,0.0
2025-11-07,0.80639,0.80845,0.80322,0.80512,0.0
2025-11-10,0.8058,0.8073,0.80439,0.80498,0.0
2025-11-11,0.80503,0.80673,0.79861,0.80056,0.0
2025-11-12,0.80077,0.80115,0.79676,0.79792,0.0
2025-11-13,0.79792,0.79942,0.79085,0.79286,0.0
2025-11-14,0.79299,0.79481,0.78781,0.79416,0.0
2025-11-17,0.79398,0.79663,0.7932,0.79618,0.0
2025-11-18,0.79608,0.80007,0.7938,0.79968,0.0
2025-11-19,0.79992,0.80672,0.79858,0.80557,0.0
2025-11-20,0.80552,0.80775,0.80489,0.80598,0.0
2025-11-21,0.80589,0.80988,0.80356,0.80838,0.0
2025-11-24,0.80755,0.81018,0.80606,0.80839,0.0
2025-11-25,0.80838,0.8102,0.80578,0.80775,0.0
2025-11-26,0.80766,0.80836,0.80388,0.80431,0.0
2025-11-27,0.80422,0.80694,0.80265,0.80475,0.0
2025-11-28,0.80482,0.80723,0.80266,0.80375,0.0
2025-12-01,0.80417,0.80499,0.79963,0.80479,0.0
2025-12-02,0.80499,0.80531,0.80273,0.80291,0.0
2025-12-03,0.80295,0.80418,0.79918,0.79955,0.0
2025-12-04,0.79943,0.80401,0.79909,0.80379,0.0
2025-12-05,0.80368,0.80552,0.80024,0.80456,0.0
2025-12-08,0.80408,0.80859,0.80281,0.80676,0.0
2025-12-09,0.80686,0.80828,0.80501,0.80618,0.0
2025-12-10,0.80626,0.80753,0.79923,0.79999,0.0
2025-12-11,0.79978,0.80054,0.79244,0.79544,0.0
2025-12-12,0.79552,0.7965,0.79409,0.79598,0.0
2025-12-15,0.79572,0.79737,0.79384,0.79619,0.0
2025-12-16,0.79611,0.7971,0.79263,0.79522,0.0
2025-12-17,0.79519,0.79877,0.79352,0.79569,0.0
2025-12-18,0.79508,0.79662,0.79286,0.79395,0.0
2025-12-19,0.79412,0.79624,0.79391,0.79586,0.0
2025-12-22,0.79551,0.79594,0.7916,0.79185,0.0
2025-12-23,0.79188,0.79425,0.78668,0.78762,0.0
2025-12-24,0.78763,0.7918,0.78616,0.78824,0.0
2025-12-25,0.78897,0.79037,0.78676,0.78711,0.0
2025-12-26,0.78625,0.79034,0.78567,0.78968,0.0
2025-12-29,0.78875,0.79161,0.78734,0.78914,0.0
2025-12-30,0.78902,0.79242,0.78762,0.7918,0.0
2025-12-31,0.79197,0.79424,0.79152,0.79243,0.0
2026-01-01,0.79285,0.79317,0.79209,0.79283,0.0
2026-01-02,0.79267,0.79412,0.79013,0.79237,0.0
2026-01-05,0.79188,0.79678,0.79125,0.79155,0.0
2026-01-06,0.79141,0.79597,0.79063,0.79587,0.0
2026-01-07,0.79578,0.79793,0.79441,0.79782,0.0
2026-01-08,0.79787,0.80001,0.79609,0.79883,0.0
2026-01-09,0.79876,0.8018,0.79817,0.80116,0.0
2026-01-12,0.80069,0.80183,0.7956,0.79769,0.0
2026-01-13,0.79787,0.8016,0.79677,0.8011,0.0
2026-01-14,0.80111,0.80277,0.79837,0.8,0.0
2026-01-15,0.80015,0.80409,0.79818,0.80325,0.0
2026-01-16,0.80318,0.80395,0.80062,0.8031,0.0
2026-01-19,0.80121,0.80239,0.79625,0.79752,0.0
2026-01-20,0.79738,0.79849,0.78785,0.78995,0.0
2026-01-21,0.78996,0.79692,0.78827,0.79559,0.0
2026-01-22,0.7956,0.79663,0.78893,0.78901,0.0
2026-01-23,0.78933,0.79194,0.77886,0.78013,0.0
2026-01-26,0.77546,0.77938,0.77308,0.77695,0.0
2026-01-27,0.77711,0.77842,0.76036,0.76127,0.0
2026-01-28,0.76109,0.77274,0.76109,0.76849,0.0
2026-01-29,0.76837,0.7706,0.76402,0.76429,0.0
2026-01-30,0.76427,0.77322,0.76366,0.77292,0.0
2026-02-02,0.77254,0.78177,0.77146,0.77975,0.0
2026-02-03,0.77967,0.78044,0.77386,0.7752,0.0
2026-02-04,0.77513,0.77761,0.77449,0.77742,0.0
2026-02-05,0.77684,0.77875,0.77421,0.7782,0.0
2026-02-06,0.7783,0.77868,0.77509,0.77617,0.0
2026-02-09,0.77639,0.77727,0.76578,0.76625,0.0
2026-02-10,0.76636,0.76879,0.76292,0.76818,0.0
2026-02-11,0.76792,0.77304,0.76484,0.77189,0.0
2026-02-12,0.77151,0.77252,0.76668,0.76922,0.0
2026-02-13,0.76945,0.77186,0.76677,0.76757,0.0
2026-02-16,0.76819,0.77045,0.76739,0.76964,0.0
2026-02-17,0.76973,0.77401,0.76868,0.77008,0.0
2026-02-18,0.7701,0.7733,0.7697,0.77323,0.0
2026-02-19,0.77318,0.77628,0.77205,0.77504,0.0
2026-02-20,0.775,0.77723,0.77307,0.77587,0.0
2026-02-23,0.77452,0.77683,0.77104,0.77489,0.0
2026-02-24,0.77479,0.77663,0.77305,0.77415,0.0
2026-02-25,0.77392,0.77579,0.77188,0.77283,0.0
2026-02-26,0.7726,0.77539,0.77106,0.77397,0.0
2026-02-27,0.77426,0.77503,0.76716,0.76922,0.0
2026-03-02,0.76755,0.78137,0.76718,0.7794,0.0
2026-03-03,0.77938,0.78788,0.77844,0.7818,0.0
2026-03-04,0.78201,0.78592,0.77865,0.77912,0.0
2026-03-05,0.77938,0.78394,0.77822,0.78089,0.0
2026-03-06,0.7817,0.78291,0.77578,0.77607,0.0
2026-03-09,0.7796,0.78316,0.77692,0.77739,0.0
2026-03-10,0.77745,0.7793,0.77467,0.77863,0.0
2026-03-11,0.77846,0.78103,0.77649,0.78023,0.0
2026-03-12,0.78025,0.78651,0.77941,0.78606,0.0
2026-03-13,0.7862,0.79187,0.78464,0.79133,0.0
2026-03-16,0.79017,0.79237,0.78637,0.78774,0.0
2026-03-17,0.78775,0.79016,0.78419,0.78472,0.0
2026-03-18,0.78464,0.79377,0.78378,0.79317,0.0
2026-03-19,0.79319,0.79591,0.78571,0.78821,0.0
2026-03-20,0.78826,0.79058,0.78548,0.7879,0.0
2026-03-23,0.78845,0.79404,0.78345,0.78634,0.0
2026-03-24,0.78634,0.7925,0.78593,0.78826,0.0
2026-03-25,0.78816,0.79264,0.78692,0.79167,0.0
2026-03-26,0.79165,0.79605,0.79125,0.79529,0.0
2026-03-27,0.79529,0.79942,0.79404,0.79891,0.0
2026-03-30,0.79658,0.80136,0.79639,0.79957,0.0
2026-03-31,0.79965,0.80427,0.79743,0.79939,0.0
2026-04-01,0.79937,0.80106,0.79053,0.79432,0.0
2026-04-02,0.7943,0.80101,0.79281,0.79883,0.0
2026-04-03,0.79852,0.80136,0.7976,0.79992,0.0
2026-04-06,0.8002,0.802,0.79614,0.79831,0.0
2026-04-07,0.79807,0.80123,0.79723,0.79774,0.0
2026-04-08,0.79787,0.79977,0.78683,0.7914,0.0
2026-04-09,0.7914,0.79237,0.78783,0.79057,0.0
2026-04-10,0.79042,0.79155,0.78543,0.78929,0.0
2026-04-13,0.79058,0.79343,0.7829,0.78385,0.0
2026-04-14,0.78389,0.78429,0.779,0.78091,0.0
2026-04-15,0.78107,0.78324,0.77978,0.7819,0.0
2026-04-16,0.78209,0.78467,0.77981,0.78366,0.0
2026-04-17,0.78357,0.78416,0.77753,0.78158,0.0
2026-04-20,0.78139,0.78403,0.77754,0.77841,0.0
2026-04-21,0.77839,0.78274,0.77789,0.78077,0.0
2026-04-22,0.78105,0.78514,0.77919,0.78463,0.0
2026-04-23,0.78407,0.78747,0.7831,0.78634,0.0
2026-04-24,0.78623,0.78785,0.78457,0.78488,0.0
2026-04-27,0.787,0.7873,0.783,0.78561,0.0
2026-04-28,0.78532,0.7913,0.78432,0.78929,0.0
2026-04-29,0.78926,0.79253,0.78831,0.79158,0.0
2026-04-30,0.79155,0.79243,0.78058,0.78153,0.0
2026-05-01,0.78123,0.78333,0.7779,0.78176,0.0
2026-05-04,0.78015,0.78489,0.77957,0.78409,0.0
2026-05-05,0.78425,0.78496,0.7812,0.78325,0.0
2026-05-06,0.78308,0.78424,0.77715,0.7788,0.0
2026-05-07,0.77877,0.78091,0.77646,0.78058,0.0
2026-05-08,0.78056,0.78103,0.77608,0.77646,0.0
2026-05-11,0.77795,0.77968,0.7767,0.77793,0.0
2026-05-12,0.77806,0.78243,0.77709,0.78052,0.0
2026-05-13,0.78074,0.78331,0.78001,0.78219,0.0
2026-05-14,0.78218,0.78422,0.78075,0.78378,0.0
2026-05-15,0.78377,0.78746,0.7832,0.7869,0.0
2026-05-18,0.78663,0.7878,0.78393,0.78444,0.0
2026-05-19,0.78442,0.79076,0.78367,0.78895,0.0
2026-05-20,0.78904,0.79083,0.78572,0.78717,0.0
2026-05-21,0.78732,0.7905,0.7857,0.78648,0.0
2026-05-22,0.78664,0.7877,0.78375,0.78472,0.0
2026-05-25,0.78435,0.78479,0.78062,0.78278,0.0
2026-05-26,0.78282,0.78658,0.78207,0.78585,0.0
2026-05-27,0.78566,0.78759,0.7843,0.78712,0.0
2026-05-28,0.78715,0.79012,0.78334,0.78394,0.0
2026-05-29,0.78392,0.7849,0.77953,0.78094,0.0
2026-06-01,0.781,0.7885,0.781,0.78641,0.0
2026-06-02,0.78673,0.7885,0.78439,0.78724,0.0
2026-06-03,0.78727,0.7928,0.78656,0.79216,0.0
2026-06-04,0.79215,0.79242,0.78674,0.78965,0.0
2026-06-05,0.7896,0.79695,0.78715,0.79603,0.0
2026-06-08,0.79607,0.79881,0.79456,0.79789,0.0
2026-06-09,0.79782,0.79922,0.79484,0.79835,0.0
2026-06-10,0.7982,0.80035,0.7965,0.79998,0.0
2026-06-11,0.79966,0.80146,0.79407,0.79494,0.0
2026-06-12,0.79491,0.79782,0.79416,0.79692,0.0
2026-06-15,0.79644,0.7968,0.79199,0.79483,0.0
2026-06-16,0.79471,0.79615,0.7921,0.79319,0.0
2026-06-17,0.79354,0.80156,0.7909,0.79957,0.0
2026-06-18,0.79968,0.80633,0.79807,0.80461,0.0
2026-06-19,0.80478,0.8093,0.804,0.80726,0.0
2026-06-22,0.80728,0.80986,0.80681,0.80864,0.0
2026-06-23,0.80877,0.81084,0.80746,0.80963,0.0
2026-06-24,0.80962,0.8141,0.80918,0.81225,0.0
2026-06-25,0.81225,0.81364,0.80889,0.8102,0.0
2026-06-26,0.81018,0.81129,0.80662,0.80998,0.0
2026-06-29,0.81011,0.81066,0.807,0.80756,0.0
2026-06-30,0.80765,0.81029,0.8063,0.80852,0.0
2026-07-01,0.80828,0.81216,0.8076,0.80956,0.0
2026-07-02,0.80923,0.81014,0.80102,0.8036,0.0
2026-07-03,0.80354,0.80483,0.801,0.80354,0.0
2026-07-06,0.80318,0.80741,0.80297,0.80521,0.0
2026-07-07,0.80523,0.80878,0.80445,0.80822,0.0
2026-07-08,0.80762,0.81091,0.8063,0.80857,0.0
2026-07-09,0.80845,0.80907,0.8052,0.80683,0.0
2026-07-10,0.80701,0.80912,0.80305,0.80895,0.0
2026-07-13,0.81024,0.81509,0.80737,0.8148,0.0
2026-07-14,0.81476,0.81525,0.80599,0.80918,0.0
2026-07-15,0.80916,0.81154,0.80331,0.80551,0.0
2026-07-16,0.80532,0.80982,0.80421,0.8087,0.0
2026-07-17,0.80871,0.80952,0.80592,0.80724,0.0
2026-07-20,0.80855,0.81094,0.806,0.81014,0.0
2026-07-21,0.81026,0.81338,0.80896,0.81279,0.0
2026-07-22,0.81254,0.81519,0.81136,0.81433,0.0
2026-07-23,0.81456,0.81804,0.8129,0.81676,0.0
2026-07-24,0.81692,0.81892,0.8153,0.81819,0.0
2026-07-27,0.81623,0.8196,0.81379,0.81948,0.0
2026-07-28,0.81933,0.82064,0.81669,0.81935,0.0
2026-07-29,0.81843,0.82085,0.81323,0.81382,0.0
2026-07-30,0.81342,0.81775,0.8039,0.80516,0.0
2026-07-31,0.80501,0.81294,0.80427,0.80752,0.0
2026-08-03,0.80662,0.81163,0.8056,0.81049,0.0
2026-08-04,0.8103,0.81086,0.80788,0.809,0.0
2026-08-05,0.80907,0.8103,0.8064,0.80726,0.0
2026-08-06,0.807,0.8136,0.8059,0.81227,0.0
2026-08-07,0.81238,0.81307,0.80562,0.80798,0.0
2026-08-10,0.80774,0.81065,0.80672,0.81028,0.0
2026-08-11,0.81054,0.81254,0.8093,0.81089,0.0
2026-08-12,0.81096,0.81415,0.8095,0.81356,0.0
2026-08-13,0.81342,0.81511,0.81123,0.81424,0.0
2026-08-14,0.8142,0.81466,0.81035,0.81334,0.0
2026-08-17,0.81256,0.81354,0.80715,0.81077,0.0
2026-08-18,0.81085,0.81313,0.80995,0.81236,0.0
2026-08-19,0.81224,0.81292,0.79683,0.79729,0.0
2026-08-20,0.79725,0.80117,0.79487,0.80018,0.0
2026-08-21,0.80048,0.80209,0.79824,0.8012,0.0
2026-08-24,0.80169,0.80316,0.79957,0.80248,0.0
2026-08-25,0.80243,0.80437,0.80082,0.80143,0.0
2026-08-26,0.80147,0.80642,0.80093,0.80533,0.0
2026-08-27,0.80544,0.80628,0.80294,0.80428,0.0
2026-08-28,0.80419,0.80999,0.8031,0.80947,0.0
2026-08-31,0.80985,0.80994,0.8068,0.80831,0.0
2026-09-01,0.80839,0.81264,0.80785,0.81165,0.0
2026-09-02,0.81164,0.81585,0.81098,0.81289,0.0
2026-09-03,0.81291,0.81356,0.80515,0.8075,0.0
2026-09-04,0.80751,0.81267,0.8065,0.80997,0.0
2026-09-07,0.8092,0.81122,0.8084,0.80959,0.0
2026-09-08,0.80951,0.81214,0.80775,0.80952,0.0
2026-09-09,0.80963,0.81107,0.80668,0.81019,0.0
2026-09-10,0.81028,0.81476,0.80835,0.81286,0.0
2026-09-11,0.8128,0.81718,0.8123,0.81594,0.0
2026-09-14,0.81612,0.81971,0.81529,0.81742,0.0
2026-09-15,0.81732,0.82001,0.81646,0.81872,0.0
2026-09-16,0.81862,0.82657,0.81763,0.82613,0.0
2026-09-17,0.82556,0.82671,0.82221,0.82456,0.0
2026-09-18,0.82434,0.82609,0.82153,0.8223,0.0
2026-09-21,0.82261,0.82402,0.82054,0.82135,0.0
2026-09-22,0.8213,0.82254,0.81825,0.82095,0.0
2026-09-23,0.82064,0.82609,0.81981,0.82514,0.0
2026-09-24,0.82535,0.82973,0.82286,0.82778,0.0
2026-09-25,0.82781,0.82994,0.82708,0.82941,0.0
2026-09-28,0.82846,0.83293,0.82741,0.83197,0.0
2026-09-29,0.83216,0.8326,0.83105,0.83209,0.0
