date,open,high,low,close,volume
2006-10-09,118.88,119.27,118.83,119.08,0.0
2006-10-10,119.11,119.75,118.89,119.7,0.0
2006-10-11,119.69,119.83,119.34,119.75,0.0
2006-10-12,119.76,119.76,119.25,119.34,0.0
2006-10-13,119.36,119.87,119.07,119.64,0.0
2006-10-16,119.65,119.78,119.01,119.04,0.0
2006-10-17,119.04,119.12,118.53,118.71,0.0
2006-10-18,118.72,119.16,118.31,118.88,0.0
2006-10-19,118.87,118.99,118.05,118.14,0.0
2006-10-20,118.14,118.77,118.11,118.65,0.0
2006-10-23,118.74,119.37,118.55,119.32,0.0
2006-10-24,119.32,119.63,119.08,119.34,0.0
2006-10-25,119.33,119.42,118.86,119.1,0.0
2006-10-26,119.1,119.15,118.26,118.37,0.0
2006-10-27,118.37,118.7,117.16,117.53,0.0
2006-10-30,117.47,117.59,117.19,117.47,0.0
2006-10-31,117.47,118.02,116.62,116.95,0.0
2006-11-01,116.89,117.16,116.57,117.03,0.0
2006-11-02,117.03,117.36,116.66,117.12,0.0
2006-11-03,117.12,118.18,116.97,118.02,0.0
2006-11-06,118.06,118.44,117.79,118.29,0.0
2006-11-07,118.28,118.31,117.25,117.66,0.0
2006-11-08,117.66,117.98,117.38,117.84,0.0
2006-11-09,117.83,118.58,117.7,117.92,0.0
2006-11-10,117.91,117.94,117.18,117.59,0.0
2006-11-13,117.55,118.28,117.13,118.13,0.0
2006-11-14,118.14,118.16,117.25,117.58,0.0
2006-11-15,117.6,118.19,117.5,118.02,0.0
2006-11-16,117.99,118.32,117.74,118.18,0.0
2006-11-17,118.18,118.44,117.51,117.67,0.0
2006-11-20,117.84,118.17,117.77,118.02,0.0
2006-11-21,118.02,118.24,117.74,117.88,0.0
2006-11-22,117.87,117.9,116.36,116.71,0.0
2006-11-23,116.72,116.81,116.02,116.26,0.0
2006-11-24,116.27,116.46,115.56,115.83,0.0
2006-11-27,115.5,116.39,115.38,116.08,0.0
2006-11-28,116.07,116.38,115.88,116.15,0.0
2006-11-29,116.15,116.44,115.56,116.38,0.0
2006-11-30,116.34,116.54,115.53,115.76,0.0
2006-12-01,115.78,116.36,114.95,115.42,0.0
2006-12-04,115.54,115.81,115.24,115.25,0.0
2006-12-05,115.26,115.41,114.43,114.89,0.0
2006-12-06,114.88,115.29,114.52,115.23,0.0
2006-12-07,115.22,115.36,114.74,115.24,0.0
2006-12-08,115.24,116.47,114.9,116.35,0.0
2006-12-11,116.4,117.25,116.14,116.97,0.0
2006-12-12,116.96,117.23,116.68,116.77,0.0
2006-12-13,116.76,117.63,116.65,117.57,0.0
2006-12-14,117.55,117.88,117.25,117.82,0.0
2006-12-15,117.8,118.32,117.44,118.16,0.0
2006-12-18,117.97,118.26,117.68,118.14,0.0
2006-12-19,118.15,118.29,117.81,118.1,0.0
2006-12-20,118.07,118.49,117.95,118.44,0.0
2006-12-21,118.43,118.5,117.93,118.31,0.0
2006-12-22,118.31,118.94,118.2,118.77,0.0
2006-12-26,118.94,119.22,118.77,119.11,0.0
2006-12-27,119.12,119.19,118.27,118.84,0.0
2006-12-28,118.79,119.02,118.52,118.9,0.0
2006-12-29,118.9,119.15,118.73,119.01,0.0
2007-01-02,118.59,118.91,118.49,118.82,0.0
2007-01-03,118.81,119.68,118.66,119.37,0.0
2007-01-04,119.34,119.49,118.99,119.04,0.0
2007-01-05,119.05,119.05,117.98,118.59,0.0
2007-01-08,118.63,118.81,118.1,118.78,0.0
2007-01-09,118.79,119.51,118.66,119.37,0.0
2007-01-10,119.38,119.76,119.14,119.62,0.0
2007-01-11,119.61,120.62,119.48,120.47,0.0
2007-01-12,120.46,120.71,120.16,120.35,0.0
2007-01-15,120.4,120.58,120.06,120.42,0.0
2007-01-16,120.41,120.76,120.22,120.64,0.0
2007-01-17,120.64,120.86,120.34,120.64,0.0
2007-01-18,120.62,121.57,120.46,121.21,0.0
2007-01-19,121.22,121.46,121.09,121.23,0.0
2007-01-22,121.24,121.77,121.2,121.63,0.0
2007-01-23,121.64,121.74,121.09,121.62,0.0
2007-01-24,121.61,121.77,120.63,121.16,0.0
2007-01-25,121.15,121.28,120.19,121.24,0.0
2007-01-26,121.25,121.62,121.2,121.54,0.0
2007-01-29,121.44,122.17,121.41,121.73,0.0
2007-01-30,121.72,121.97,121.47,121.59,0.0
2007-01-31,121.6,121.73,120.61,120.67,0.0
2007-02-01,120.66,120.89,120.08,120.79,0.0
2007-02-02,120.78,121.34,120.62,121.08,0.0
2007-02-05,121.06,121.17,120.24,120.31,0.0
2007-02-06,120.3,120.55,119.96,120.09,0.0
2007-02-07,120.1,120.79,119.99,120.67,0.0
2007-02-08,120.68,121.41,120.56,121.03,0.0
2007-02-09,121.02,121.72,120.98,121.63,0.0
2007-02-12,121.78,122.08,121.58,121.92,0.0
2007-02-13,121.92,121.93,121.08,121.15,0.0
2007-02-14,121.15,121.34,120.62,120.79,0.0
2007-02-15,120.78,120.78,119.16,119.25,0.0
2007-02-16,119.24,119.54,118.97,119.29,0.0
2007-02-19,119.36,119.71,119.21,119.56,0.0
2007-02-20,119.56,120.32,119.54,120.0,0.0
2007-02-21,119.99,121.17,119.68,120.93,0.0
2007-02-22,120.91,121.63,120.81,121.58,0.0
2007-02-23,121.58,121.61,120.93,121.0,0.0
2007-02-26,121.03,121.06,120.33,120.62,0.0
2007-02-27,120.63,120.74,117.46,117.91,0.0
2007-02-28,117.9,118.81,117.9,118.52,0.0
2007-03-01,118.43,118.85,116.94,117.6,0.0
2007-03-02,117.59,117.82,116.4,116.77,0.0
2007-03-05,116.65,116.73,115.14,115.53,0.0
2007-03-06,115.52,116.72,115.2,116.58,0.0
2007-03-07,116.59,116.89,115.97,116.05,0.0
2007-03-08,116.04,117.45,115.53,117.17,0.0
2007-03-09,117.16,118.35,117.06,118.29,0.0
2007-03-12,118.28,118.48,117.2,117.7,0.0
2007-03-13,117.71,117.77,116.2,116.27,0.0
2007-03-14,116.28,117.11,115.76,117.06,0.0
2007-03-15,117.05,117.75,116.99,117.55,0.0
2007-03-16,117.56,117.57,116.5,116.68,0.0
2007-03-19,116.42,117.74,116.25,117.52,0.0
2007-03-20,117.51,118.02,116.92,117.27,0.0
2007-03-21,117.26,117.92,117.14,117.52,0.0
2007-03-22,117.51,118.3,117.22,118.1,0.0
2007-03-23,118.09,118.24,117.39,118.08,0.0
2007-03-26,118.04,118.42,117.61,118.11,0.0
2007-03-27,118.1,118.38,117.7,117.8,0.0
2007-03-28,117.76,117.98,116.37,116.83,0.0
2007-03-29,116.81,118.08,116.64,118.04,0.0
2007-03-30,118.03,118.39,117.17,117.82,0.0
2007-04-02,117.51,118.05,117.45,117.83,0.0
2007-04-03,117.82,118.97,117.71,118.93,0.0
2007-04-04,118.94,119.08,118.55,118.72,0.0
2007-04-05,118.71,118.97,118.43,118.69,0.0
2007-04-06,118.71,119.36,118.65,119.27,0.0
2007-04-09,119.26,119.38,119.18,119.3,0.0
2007-04-10,119.32,119.34,118.74,119.05,0.0
2007-04-11,119.06,119.52,118.87,119.37,0.0
2007-04-12,119.36,119.5,118.78,119.13,0.0
2007-04-13,119.13,119.55,118.2,119.21,0.0
2007-04-16,119.36,119.85,118.96,119.73,0.0
2007-04-17,119.73,119.81,118.79,118.89,0.0
2007-04-18,118.9,119.0,118.09,118.68,0.0
2007-04-19,118.67,118.67,117.6,118.45,0.0
2007-04-20,118.46,118.95,118.23,118.68,0.0
2007-04-23,118.71,119.03,118.22,118.63,0.0
2007-04-24,118.62,118.93,118.24,118.58,0.0
2007-04-25,118.59,118.84,118.26,118.74,0.0
2007-04-26,118.73,119.63,118.52,119.53,0.0
2007-04-27,119.52,119.74,118.89,119.6,0.0
2007-04-30,119.31,119.75,119.15,119.52,0.0
2007-05-01,119.45,119.85,119.07,119.84,0.0
2007-05-02,119.83,120.28,119.52,120.14,0.0
2007-05-03,120.15,120.44,119.96,120.43,0.0
2007-05-04,120.43,120.46,119.9,120.18,0.0
2007-05-07,120.06,120.18,119.77,120.06,0.0
2007-05-08,120.07,120.12,119.52,120.03,0.0
2007-05-09,120.02,120.12,119.62,120.07,0.0
2007-05-10,120.05,120.53,119.83,119.89,0.0
2007-05-11,119.89,120.2,119.46,120.17,0.0
2007-05-14,120.23,120.43,120.02,120.32,0.0
2007-05-15,120.33,120.57,120.11,120.26,0.0
2007-05-16,120.26,120.81,120.15,120.8,0.0
2007-05-17,120.81,121.35,120.65,121.28,0.0
2007-05-18,121.27,121.38,120.67,121.12,0.0
2007-05-21,121.11,121.6,121.01,121.44,0.0
2007-05-22,121.44,121.57,121.2,121.54,0.0
2007-05-23,121.54,121.86,121.31,121.64,0.0
2007-05-24,121.63,121.66,121.23,121.39,0.0
2007-05-25,121.39,121.88,120.85,121.78,0.0
2007-05-28,121.71,121.79,121.59,121.7,0.0
2007-05-29,121.7,121.78,121.18,121.64,0.0
2007-05-30,121.65,121.75,121.29,121.63,0.0
2007-05-31,121.62,121.98,121.45,121.69,0.0
2007-06-01,121.68,122.13,121.67,122.06,0.0
2007-06-04,122.05,122.1,121.54,121.76,0.0
2007-06-05,121.75,121.91,121.12,121.37,0.0
2007-06-06,121.36,121.46,120.86,121.05,0.0
2007-06-07,121.06,121.55,120.75,120.97,0.0
2007-06-08,120.98,121.81,120.76,121.71,0.0
2007-06-11,121.7,121.8,121.49,121.69,0.0
2007-06-12,121.69,121.83,121.57,121.67,0.0
2007-06-13,121.68,122.74,121.47,122.69,0.0
2007-06-14,122.69,123.11,122.53,122.91,0.0
2007-06-15,122.9,123.63,122.87,123.43,0.0
2007-06-18,123.44,123.73,123.3,123.65,0.0
2007-06-19,123.64,123.71,123.33,123.35,0.0
2007-06-20,123.34,123.65,123.09,123.55,0.0
2007-06-21,123.5,123.74,123.41,123.7,0.0
2007-06-22,123.7,124.13,123.67,123.88,0.0
2007-06-25,123.78,123.93,123.31,123.66,0.0
2007-06-26,123.65,123.7,122.79,123.25,0.0
2007-06-27,123.25,123.26,122.23,122.83,0.0
2007-06-28,122.82,123.36,122.76,123.17,0.0
2007-06-29,123.19,123.55,122.94,123.16,0.0
2007-07-02,123.124,123.277,122.094,122.402,0.0
2007-07-03,122.402,122.67,122.125,122.456,0.0
2007-07-04,122.451,122.701,122.206,122.701,0.0
2007-07-05,122.691,123.014,122.326,122.932,0.0
2007-07-06,122.932,123.545,122.852,123.322,0.0
2007-07-09,123.362,123.662,123.212,123.389,0.0
2007-07-10,123.399,123.47,121.716,121.717,0.0
2007-07-11,121.717,122.517,120.973,122.484,0.0
2007-07-12,122.462,122.578,121.833,122.397,0.0
2007-07-13,122.397,122.607,121.906,121.921,0.0
2007-07-16,121.926,122.178,121.55,121.884,0.0
2007-07-17,121.884,122.402,121.689,122.322,0.0
2007-07-18,122.332,122.332,121.581,121.932,0.0
2007-07-19,121.942,122.173,121.743,121.996,0.0
2007-07-20,121.996,122.425,120.86,121.289,0.0
2007-07-23,121.604,121.689,120.802,121.087,0.0
2007-07-24,121.087,121.135,120.029,120.249,0.0
2007-07-25,120.241,120.633,119.812,120.483,0.0
2007-07-26,120.463,120.731,118.517,118.663,0.0
2007-07-27,118.668,119.3,118.011,118.59,0.0
2007-07-30,118.47,119.155,118.01,119.041,0.0
2007-07-31,119.041,119.496,118.434,118.564,0.0
2007-08-01,118.514,118.985,117.588,118.938,0.0
2007-08-02,118.935,119.367,118.334,119.19,0.0
2007-08-03,119.2,119.303,117.951,118.051,0.0
2007-08-06,117.536,119.096,117.175,118.872,0.0
2007-08-07,118.862,118.975,117.962,118.816,0.0
2007-08-08,118.824,119.826,118.712,119.713,0.0
2007-08-09,119.688,119.755,118.148,118.152,0.0
2007-08-10,118.152,118.738,117.213,118.373,0.0
2007-08-13,118.21,118.553,117.675,118.235,0.0
2007-08-14,118.225,118.515,117.55,117.557,0.0
2007-08-15,117.55,117.649,116.566,116.592,0.0
2007-08-16,116.586,116.739,111.996,113.871,0.0
2007-08-17,113.872,114.895,111.591,114.364,0.0
2007-08-20,114.164,115.499,113.679,114.876,0.0
2007-08-21,114.876,115.236,114.005,114.418,0.0
2007-08-22,114.418,115.453,113.979,115.321,0.0
2007-08-23,115.311,117.123,115.291,116.177,0.0
2007-08-24,116.167,116.492,115.525,116.433,0.0
2007-08-27,116.408,116.743,115.847,115.849,0.0
2007-08-28,115.849,115.859,114.202,114.253,0.0
2007-08-29,114.248,116.24,113.857,116.155,0.0
2007-08-30,116.15,116.23,115.205,115.84,0.0
2007-08-31,115.84,116.606,115.492,115.767,0.0
2007-09-03,115.697,116.105,115.655,115.955,0.0
2007-09-04,115.955,116.417,115.327,116.319,0.0
2007-09-05,116.319,116.461,114.988,115.276,0.0
2007-09-06,115.276,115.551,114.801,115.363,0.0
2007-09-07,115.363,115.633,113.124,113.374,0.0
2007-09-10,113.064,113.988,112.59,113.702,0.0
2007-09-11,113.702,114.365,113.372,114.254,0.0
2007-09-12,114.254,114.375,113.774,114.232,0.0
2007-09-13,114.237,115.477,114.094,115.071,0.0
2007-09-14,115.071,115.385,114.352,115.326,0.0
2007-09-17,115.225,115.37,114.655,115.105,0.0
2007-09-18,115.105,116.374,114.785,116.066,0.0
2007-09-19,116.066,116.313,115.653,116.086,0.0
2007-09-20,116.086,116.086,113.985,114.744,0.0
2007-09-21,114.729,115.85,114.544,115.532,0.0
2007-09-24,115.396,115.406,114.649,114.853,0.0
2007-09-25,114.853,114.978,114.024,114.76,0.0
2007-09-26,114.76,115.73,114.53,115.535,0.0
2007-09-27,115.535,115.879,115.108,115.617,0.0
2007-09-28,115.617,115.647,114.67,114.794,0.0
2007-10-01,114.755,116.056,114.715,115.73,0.0
2007-10-02,115.73,115.992,115.279,115.749,0.0
2007-10-03,115.749,116.757,115.55,116.725,0.0
2007-10-04,116.725,116.748,116.385,116.441,0.0
2007-10-05,116.441,117.285,116.339,116.981,0.0
2007-10-08,116.991,117.607,116.945,117.402,0.0
2007-10-09,117.402,117.492,116.795,117.123,0.0
2007-10-10,117.123,117.521,116.952,117.24,0.0
2007-10-11,117.23,117.788,117.01,117.26,0.0
2007-10-12,117.27,117.699,117.137,117.597,0.0
2007-10-15,117.522,117.929,117.099,117.379,0.0
2007-10-16,117.379,117.459,116.444,116.914,0.0
2007-10-17,116.914,117.176,116.168,116.67,0.0
2007-10-18,116.67,116.67,115.231,115.606,0.0
2007-10-19,115.606,115.717,114.501,114.501,0.0
2007-10-22,114.119,114.624,113.237,114.534,0.0
2007-10-23,114.534,115.038,114.171,114.762,0.0
2007-10-24,114.76,114.954,113.814,114.251,0.0
2007-10-25,114.251,114.571,113.767,114.158,0.0
2007-10-26,114.158,114.565,113.916,114.198,0.0
2007-10-29,114.125,114.899,114.02,114.647,0.0
2007-10-30,114.647,115.006,114.372,114.627,0.0
2007-10-31,114.627,115.492,114.522,115.433,0.0
2007-11-01,115.433,115.911,114.461,114.65,0.0
2007-11-02,114.65,115.407,114.368,114.827,0.0
2007-11-05,114.752,114.808,113.995,114.531,0.0
2007-11-06,114.531,114.783,114.233,114.713,0.0
2007-11-07,114.708,114.783,112.6,112.61,0.0
2007-11-08,112.59,113.367,112.061,112.595,0.0
2007-11-09,112.54,112.882,110.499,110.675,0.0
2007-11-12,110.274,110.784,109.115,109.399,0.0
2007-11-13,109.307,110.976,109.219,110.9,0.0
2007-11-14,110.84,111.759,110.745,111.315,0.0
2007-11-15,111.279,111.687,110.202,110.279,0.0
2007-11-16,110.264,111.331,109.774,111.088,0.0
2007-11-19,110.843,111.073,109.74,109.75,0.0
2007-11-20,109.75,110.581,109.51,109.97,0.0
2007-11-21,109.925,109.98,108.235,108.412,0.0
2007-11-22,108.45,109.17,108.285,108.419,0.0
2007-11-23,108.429,108.606,107.539,108.299,0.0
2007-11-26,108.389,108.775,107.202,107.395,0.0
2007-11-27,107.38,109.153,107.276,108.962,0.0
2007-11-28,108.962,110.475,108.262,110.038,0.0
2007-11-29,110.009,110.309,109.46,110.038,0.0
2007-11-30,109.938,111.223,109.648,111.215,0.0
2007-12-03,111.013,111.016,110.125,110.444,0.0
2007-12-04,110.46,110.522,109.557,109.849,0.0
2007-12-05,109.839,110.959,109.707,110.875,0.0
2007-12-06,110.849,111.462,110.63,111.316,0.0
2007-12-07,111.293,111.776,111.165,111.677,0.0
2007-12-10,111.448,111.877,111.338,111.693,0.0
2007-12-11,111.71,112.139,110.475,110.644,0.0
2007-12-12,110.659,112.469,110.62,112.239,0.0
2007-12-13,112.189,112.449,111.394,112.201,0.0
2007-12-14,112.209,113.593,112.194,113.242,0.0
2007-12-17,113.459,113.488,112.806,112.917,0.0
2007-12-18,112.942,113.531,112.729,113.381,0.0
2007-12-19,113.371,113.485,112.727,113.416,0.0
2007-12-20,113.363,113.378,112.782,113.129,0.0
2007-12-21,113.154,114.203,112.938,114.018,0.0
2007-12-24,114.122,114.477,113.974,114.275,0.0
2007-12-26,114.16,114.34,113.964,114.315,0.0
2007-12-27,114.23,114.652,113.56,113.7,0.0
2007-12-28,113.68,114.006,112.279,112.279,0.0
2007-12-31,112.539,112.669,111.319,111.683,0.0
2008-01-02,111.843,111.921,109.202,109.659,0.0
2008-01-03,109.658,109.759,108.229,109.309,0.0
2008-01-04,109.292,109.583,107.871,108.61,0.0
2008-01-07,108.503,109.715,108.467,109.172,0.0
2008-01-08,109.172,109.815,108.861,108.891,0.0
2008-01-09,108.893,110.105,108.791,110.018,0.0
2008-01-10,109.968,110.092,109.108,109.322,0.0
2008-01-11,109.34,109.71,108.638,108.844,0.0
2008-01-14,108.625,108.95,107.366,108.149,0.0
2008-01-15,108.131,108.329,106.598,106.779,0.0
2008-01-16,106.742,107.92,105.914,107.62,0.0
2008-01-17,107.565,107.876,106.539,106.539,0.0
2008-01-18,106.549,107.588,106.35,106.844,0.0
2008-01-21,106.697,106.974,105.67,105.953,0.0
2008-01-22,105.973,107.032,105.61,106.432,0.0
2008-01-23,106.394,107.371,104.965,106.701,0.0
2008-01-24,106.653,107.176,105.932,107.161,0.0
2008-01-25,107.141,107.881,106.711,106.731,0.0
2008-01-28,106.743,107.031,105.991,106.883,0.0
2008-01-29,106.893,107.208,106.378,107.097,0.0
2008-01-30,107.102,107.452,106.208,106.243,0.0
2008-01-31,106.223,106.865,105.705,106.443,0.0
2008-02-01,106.421,106.724,105.763,106.478,0.0
2008-02-04,106.513,107.083,106.493,106.699,0.0
2008-02-05,106.679,107.718,106.58,106.806,0.0
2008-02-06,106.788,106.851,106.171,106.531,0.0
2008-02-07,106.441,107.815,105.913,107.489,0.0
2008-02-08,107.414,107.729,107.126,107.329,0.0
2008-02-11,107.315,107.648,106.324,106.963,0.0
2008-02-12,106.943,107.531,106.772,107.309,0.0
2008-02-13,107.249,108.359,106.992,108.331,0.0
2008-02-14,108.286,108.591,107.759,107.859,0.0
2008-02-15,107.864,108.299,107.207,107.78,0.0
2008-02-18,107.823,108.32,107.748,108.22,0.0
2008-02-19,108.21,108.281,107.208,107.756,0.0
2008-02-20,107.772,108.351,107.472,108.106,0.0
2008-02-21,108.076,108.32,107.124,107.4,0.0
2008-02-22,107.387,107.571,106.725,107.129,0.0
2008-02-25,107.302,108.222,107.152,108.041,0.0
2008-02-26,108.021,108.135,107.191,107.278,0.0
2008-02-27,107.261,107.392,105.953,106.472,0.0
2008-02-28,106.467,106.632,105.077,105.356,0.0
2008-02-29,105.341,105.376,103.686,103.723,0.0
2008-03-03,103.608,103.692,102.615,103.477,0.0
2008-03-04,103.494,103.578,102.642,103.352,0.0
2008-03-05,103.332,104.18,103.281,104.0,0.0
2008-03-06,103.972,103.991,102.55,102.663,0.0
2008-03-07,102.69,103.228,101.402,102.672,0.0
2008-03-10,102.507,102.527,101.549,101.75,0.0
2008-03-11,101.76,103.577,101.413,103.397,0.0
2008-03-12,103.419,103.514,101.632,101.805,0.0
2008-03-13,101.761,101.761,99.774,100.64,0.0
2008-03-14,100.61,101.137,98.891,99.112,0.0
2008-03-17,99.099,99.099,95.715,97.331,0.0
2008-03-18,97.411,99.945,96.86,99.842,0.0
2008-03-19,99.812,100.438,97.659,99.038,0.0
2008-03-20,99.047,100.2,98.452,99.52,0.0
2008-03-21,99.511,99.736,98.998,99.555,0.0
2008-03-24,99.398,100.88,99.31,100.725,0.0
2008-03-25,100.737,101.033,99.635,99.975,0.0
2008-03-26,99.982,100.323,98.881,99.178,0.0
2008-03-27,99.188,100.143,98.558,99.621,0.0
2008-03-28,99.606,100.387,99.101,99.224,0.0
2008-03-31,99.12,100.191,98.811,99.679,0.0
2008-04-01,99.684,102.159,99.595,101.832,0.0
2008-04-02,101.846,102.831,101.51,102.347,0.0
2008-04-03,102.344,102.945,102.065,102.264,0.0
2008-04-04,102.279,102.69,101.433,101.448,0.0
2008-04-07,101.5,102.855,101.475,102.385,0.0
2008-04-08,102.385,102.687,101.761,102.638,0.0
2008-04-09,102.648,102.828,101.482,101.785,0.0
2008-04-10,101.778,102.038,100.024,101.928,0.0
2008-04-11,101.915,102.26,100.624,101.004,0.0
2008-04-14,101.406,101.491,100.299,101.077,0.0
2008-04-15,101.072,101.834,100.788,101.81,0.0
2008-04-16,101.812,101.927,100.818,101.809,0.0
2008-04-17,101.799,102.707,101.693,102.464,0.0
2008-04-18,102.464,104.644,102.253,103.674,0.0
2008-04-21,103.898,104.055,102.965,103.264,0.0
2008-04-22,103.259,103.546,102.666,103.006,0.0
2008-04-23,102.994,103.781,102.758,103.362,0.0
2008-04-24,103.348,104.542,103.305,104.235,0.0
2008-04-25,104.215,104.815,103.887,104.407,0.0
2008-04-28,104.442,104.82,104.079,104.168,0.0
2008-04-29,104.143,104.36,103.204,104.012,0.0
2008-04-30,104.027,104.876,103.701,103.897,0.0
2008-05-01,103.847,104.587,103.535,104.422,0.0
2008-05-02,104.435,105.7,104.326,105.392,0.0
2008-05-05,105.205,105.618,104.736,104.848,0.0
2008-05-06,104.853,105.106,104.013,104.751,0.0
2008-05-07,104.756,105.586,104.598,104.726,0.0
2008-05-08,104.721,104.941,103.404,103.738,0.0
2008-05-09,103.713,103.963,102.614,102.806,0.0
2008-05-12,103.031,104.04,102.568,103.729,0.0
2008-05-13,103.714,104.913,103.387,104.736,0.0
2008-05-14,104.736,105.429,104.573,105.032,0.0
2008-05-15,105.022,105.287,104.423,104.723,0.0
2008-05-16,104.72,105.09,103.515,104.074,0.0
2008-05-19,104.011,104.682,103.636,104.318,0.0
2008-05-20,104.328,104.464,103.456,103.673,0.0
2008-05-21,103.644,103.691,102.956,103.03,0.0
2008-05-22,103.015,104.373,102.728,104.062,0.0
2008-05-23,104.052,104.237,103.059,103.373,0.0
2008-05-26,103.253,103.483,103.124,103.4,0.0
2008-05-27,103.413,104.334,103.257,104.217,0.0
2008-05-28,104.247,105.306,103.883,104.678,0.0
2008-05-29,104.678,105.868,104.6,105.485,0.0
2008-05-30,105.483,105.733,105.245,105.5,0.0
2008-06-02,105.497,105.535,104.004,104.414,0.0
2008-06-03,104.419,105.548,103.875,105.061,0.0
2008-06-04,105.068,105.349,104.53,105.209,0.0
2008-06-05,105.224,106.424,105.181,105.955,0.0
2008-06-06,105.936,106.33,104.888,104.903,0.0
2008-06-09,104.65,106.36,104.411,106.303,0.0
2008-06-10,106.287,107.441,106.231,107.427,0.0
2008-06-11,107.417,107.763,106.56,106.958,0.0
2008-06-12,106.939,108.075,106.783,107.951,0.0
2008-06-13,107.953,108.384,107.641,108.17,0.0
2008-06-16,108.033,108.566,107.913,108.213,0.0
2008-06-17,108.221,108.383,107.598,107.921,0.0
2008-06-18,107.911,108.425,107.704,107.869,0.0
2008-06-19,107.829,108.055,107.415,107.995,0.0
2008-06-20,107.986,108.056,107.116,107.32,0.0
2008-06-23,107.125,108.056,107.1,107.836,0.0
2008-06-24,107.826,108.227,107.358,107.809,0.0
2008-06-25,107.807,108.411,107.658,107.795,0.0
2008-06-26,107.87,108.177,106.614,106.8,0.0
2008-06-27,106.795,107.205,105.838,106.119,0.0
2008-06-30,106.171,106.461,104.994,106.208,0.0
2008-07-01,106.185,106.383,105.229,106.113,0.0
2008-07-02,106.108,106.753,105.763,105.87,0.0
2008-07-03,105.915,106.918,105.772,106.706,0.0
2008-07-04,106.724,106.879,106.594,106.773,0.0
2008-07-07,106.734,107.746,106.654,107.178,0.0
2008-07-08,107.167,107.539,106.248,107.495,0.0
2008-07-09,107.495,107.653,106.684,106.748,0.0
2008-07-10,106.712,107.411,106.271,107.058,0.0
2008-07-11,107.043,107.3,105.64,106.271,0.0
2008-07-14,105.995,106.81,105.995,106.129,0.0
2008-07-15,106.149,106.267,104.144,104.7,0.0
2008-07-16,104.755,105.186,103.761,105.118,0.0
2008-07-17,105.098,107.082,104.742,106.264,0.0
2008-07-18,106.212,106.978,105.979,106.956,0.0
2008-07-21,106.879,107.159,106.366,106.448,0.0
2008-07-22,106.457,107.433,106.056,107.306,0.0
2008-07-23,107.343,107.962,107.162,107.878,0.0
2008-07-24,107.916,107.977,107.178,107.32,0.0
2008-07-25,107.295,107.937,106.585,107.847,0.0
2008-07-28,107.756,108.075,107.342,107.446,0.0
2008-07-29,107.458,108.284,107.292,108.088,0.0
2008-07-30,108.093,108.334,107.688,108.13,0.0
2008-07-31,108.107,108.367,107.57,107.903,0.0
2008-08-01,107.85,107.886,107.291,107.677,0.0
2008-08-04,107.687,108.288,107.456,108.265,0.0
2008-08-05,108.255,108.394,107.653,108.338,0.0
2008-08-06,108.338,109.873,108.207,109.779,0.0
2008-08-07,109.762,109.779,109.126,109.434,0.0
2008-08-08,109.424,110.366,109.284,110.17,0.0
2008-08-11,110.284,110.395,109.546,110.043,0.0
2008-08-12,110.04,110.35,109.222,109.264,0.0
2008-08-13,109.249,109.745,108.355,109.521,0.0
2008-08-14,109.482,109.977,109.029,109.726,0.0
2008-08-15,109.714,110.647,109.606,110.482,0.0
2008-08-18,110.529,110.558,109.945,110.119,0.0
2008-08-19,110.125,110.333,109.536,109.71,0.0
2008-08-20,109.713,110.267,109.608,109.857,0.0
2008-08-21,109.83,109.867,108.124,108.425,0.0
2008-08-22,108.388,110.137,108.321,110.095,0.0
2008-08-25,109.857,110.282,108.98,109.298,0.0
2008-08-26,109.303,109.935,109.132,109.595,0.0
2008-08-27,109.583,109.886,108.688,109.486,0.0
2008-08-28,109.474,109.722,108.779,109.48,0.0
2008-08-29,109.504,109.568,108.424,108.792,0.0
2008-09-01,108.393,108.671,107.609,108.093,0.0
2008-09-02,108.122,109.174,107.76,108.603,0.0
2008-09-03,108.6,109.098,108.096,108.288,0.0
2008-09-04,108.32,108.555,106.963,107.071,0.0
2008-09-05,107.095,107.723,105.524,107.723,0.0
2008-09-08,108.678,109.064,107.741,108.269,0.0
2008-09-09,108.23,108.403,106.657,106.81,0.0
2008-09-10,106.774,107.932,106.596,107.686,0.0
2008-09-11,107.696,107.856,106.063,107.15,0.0
2008-09-12,107.103,107.982,106.721,107.915,0.0
2008-09-15,105.736,106.908,104.508,104.659,0.0
2008-09-16,104.63,106.376,103.531,105.629,0.0
2008-09-17,105.631,106.696,104.381,104.65,0.0
2008-09-18,104.566,105.765,104.011,105.422,0.0
2008-09-19,105.537,108.009,105.385,107.423,0.0
2008-09-22,106.793,107.153,105.142,105.495,0.0
2008-09-23,105.499,106.065,105.155,105.556,0.0
2008-09-24,105.466,106.344,105.357,106.101,0.0
2008-09-25,106.103,107.008,105.479,106.541,0.0
2008-09-26,106.507,106.553,105.029,106.006,0.0
2008-09-29,106.059,106.97,104.003,104.151,0.0
2008-09-30,104.106,106.496,103.504,106.102,0.0
2008-10-01,106.115,106.513,105.328,105.709,0.0
2008-10-02,105.717,106.282,105.066,105.321,0.0
2008-10-03,105.338,106.133,104.469,105.309,0.0
2008-10-06,104.908,105.146,100.216,101.806,0.0
2008-10-07,101.795,103.283,101.069,101.451,0.0
2008-10-08,101.436,101.716,98.581,99.121,0.0
2008-10-09,99.019,101.475,98.899,99.802,0.0
2008-10-10,99.805,100.695,97.893,100.648,0.0
2008-10-13,100.728,102.16,99.558,101.999,0.0
2008-10-14,101.983,103.054,101.481,102.062,0.0
2008-10-15,102.054,102.233,99.863,99.952,0.0
2008-10-16,99.945,101.707,99.255,101.558,0.0
2008-10-17,101.57,101.816,100.608,101.633,0.0
2008-10-20,101.563,102.408,101.349,101.849,0.0
2008-10-21,101.869,102.157,100.086,100.132,0.0
2008-10-22,100.149,100.556,97.187,97.647,0.0
2008-10-23,97.606,98.31,95.951,97.302,0.0
2008-10-24,97.426,98.06,90.888,94.282,0.0
2008-10-27,93.554,94.482,91.87,92.768,0.0
2008-10-28,92.743,98.436,92.453,97.999,0.0
2008-10-29,98.046,99.699,96.071,97.366,0.0
2008-10-30,97.362,99.116,97.201,98.586,0.0
2008-10-31,98.583,99.11,96.338,98.439,0.0
2008-11-03,98.614,99.647,98.202,99.1,0.0
2008-11-04,99.07,100.542,98.367,99.708,0.0
2008-11-05,99.683,99.915,97.863,97.921,0.0
2008-11-06,97.906,98.67,97.488,97.725,0.0
2008-11-07,97.71,98.677,96.748,98.228,0.0
2008-11-10,99.265,99.469,97.6,97.998,0.0
2008-11-11,97.985,98.297,97.309,97.632,0.0
2008-11-12,97.637,98.07,94.477,94.991,0.0
2008-11-13,94.867,98.267,94.508,97.681,0.0
2008-11-14,97.692,98.077,96.064,97.081,0.0
2008-11-17,95.903,97.54,95.85,96.411,0.0
2008-11-18,96.436,97.405,96.02,97.009,0.0
2008-11-19,97.015,97.144,95.654,95.709,0.0
2008-11-20,95.66,96.231,93.546,93.699,0.0
2008-11-21,93.702,95.974,93.648,95.913,0.0
2008-11-24,95.825,97.348,94.916,97.326,0.0
2008-11-25,97.391,97.418,94.943,95.231,0.0
2008-11-26,95.218,95.945,94.605,95.653,0.0
2008-11-27,95.631,95.709,94.996,95.23,0.0
2008-11-28,95.229,95.74,95.108,95.517,0.0
2008-12-01,95.477,95.573,93.046,93.19,0.0
2008-12-02,93.213,93.817,92.627,93.161,0.0
2008-12-03,93.126,93.618,92.529,93.28,0.0
2008-12-04,93.295,93.453,92.063,92.217,0.0
2008-12-05,92.217,93.382,91.587,92.872,0.0
2008-12-08,92.831,93.903,92.564,92.806,0.0
2008-12-09,92.796,93.058,91.928,92.111,0.0
2008-12-10,92.135,93.026,92.071,92.751,0.0
2008-12-11,92.751,92.876,91.159,91.401,0.0
2008-12-12,91.429,91.85,88.58,91.117,0.0
2008-12-15,91.313,91.35,90.252,90.641,0.0
2008-12-16,90.636,90.731,88.629,89.046,0.0
2008-12-17,89.025,89.211,87.093,87.224,0.0
2008-12-18,87.219,90.02,87.172,89.435,0.0
2008-12-19,89.44,89.811,88.416,89.298,0.0
2008-12-22,89.101,90.471,89.094,90.248,0.0
2008-12-23,90.219,90.969,89.897,90.96,0.0
2008-12-24,90.952,90.968,90.225,90.385,0.0
2008-12-25,90.385,90.385,90.385,90.385,0.0
2008-12-26,90.432,90.768,90.353,90.756,0.0
2008-12-29,90.69,90.734,89.753,90.664,0.0
2008-12-30,90.662,90.966,90.012,90.327,0.0
2008-12-31,90.327,90.923,90.116,90.703,0.0
2009-01-02,90.694,92.406,90.653,91.813,0.0
2009-01-05,91.891,93.584,91.792,93.349,0.0
2009-01-06,93.364,94.625,92.836,93.624,0.0
2009-01-07,93.659,94.139,92.331,92.647,0.0
2009-01-08,92.637,92.915,90.844,91.186,0.0
2009-01-09,91.181,91.65,90.148,90.376,0.0
2009-01-12,90.108,90.258,88.881,89.212,0.0
2009-01-13,89.19,89.875,88.782,89.363,0.0
2009-01-14,89.358,89.958,88.598,89.037,0.0
2009-01-15,89.042,90.018,88.468,89.838,0.0
2009-01-16,89.794,90.914,89.728,90.722,0.0
2009-01-19,90.946,91.288,90.148,90.628,0.0
2009-01-20,90.617,90.967,89.679,89.728,0.0
2009-01-21,89.748,90.155,87.109,89.467,0.0
2009-01-22,89.447,89.544,88.06,88.893,0.0
2009-01-23,88.873,89.619,87.986,88.728,0.0
2009-01-26,88.706,89.684,88.243,89.078,0.0
2009-01-27,89.075,90.06,88.424,88.955,0.0
2009-01-28,88.975,90.761,88.888,90.315,0.0
2009-01-29,90.21,90.655,89.468,89.993,0.0
2009-01-30,90.006,90.142,89.146,89.974,0.0
2009-02-02,89.986,89.991,88.806,89.436,0.0
2009-02-03,89.421,89.97,88.586,89.418,0.0
2009-02-04,89.422,89.781,88.819,89.417,0.0
2009-02-05,89.405,92.247,89.216,91.21,0.0
2009-02-06,91.155,92.216,90.733,91.886,0.0
2009-02-09,91.759,92.418,90.893,91.452,0.0
2009-02-10,91.447,91.654,90.124,90.465,0.0
2009-02-11,90.45,90.753,89.69,90.381,0.0
2009-02-12,90.39,91.108,89.81,90.925,0.0
2009-02-13,90.933,92.134,90.53,91.919,0.0
2009-02-16,91.707,92.071,91.42,91.736,0.0
2009-02-17,91.711,92.744,91.557,92.397,0.0
2009-02-18,92.405,93.963,92.083,93.777,0.0
2009-02-19,93.772,94.458,93.298,94.183,0.0
2009-02-20,94.175,94.381,92.509,93.326,0.0
2009-02-23,93.326,94.95,92.759,94.602,0.0
2009-02-24,94.591,96.927,94.257,96.634,0.0
2009-02-25,96.635,97.781,96.34,97.385,0.0
2009-02-26,97.39,98.723,97.312,98.505,0.0
2009-02-27,98.497,98.605,96.854,97.571,0.0
2009-03-02,97.72,97.906,96.911,97.433,0.0
2009-03-03,97.44,98.587,96.991,98.144,0.0
2009-03-04,98.136,99.407,98.131,99.148,0.0
2009-03-05,99.128,99.677,97.714,98.066,0.0
2009-03-06,98.046,98.502,96.574,98.268,0.0
2009-03-09,98.32,99.184,97.894,98.842,0.0
2009-03-10,98.851,99.131,97.898,98.649,0.0
2009-03-11,98.659,98.845,97.052,97.267,0.0
2009-03-12,97.235,98.511,95.654,97.705,0.0
2009-03-13,97.691,98.654,97.131,97.995,0.0
2009-03-16,98.08,98.643,97.551,98.168,0.0
2009-03-17,98.17,98.968,98.058,98.589,0.0
2009-03-18,98.555,98.84,95.657,96.207,0.0
2009-03-19,96.211,96.605,93.529,94.532,0.0
2009-03-20,94.474,96.26,94.146,95.928,0.0
2009-03-23,95.605,97.338,95.413,96.932,0.0
2009-03-24,96.935,98.561,96.911,97.852,0.0
2009-03-25,97.916,98.351,96.911,97.521,0.0
2009-03-26,97.498,98.851,97.433,98.695,0.0
2009-03-27,98.691,98.854,97.099,97.854,0.0
2009-03-30,98.067,98.319,95.952,97.243,0.0
2009-03-31,97.243,99.362,97.22,98.956,0.0
2009-04-01,98.914,99.458,98.201,98.504,0.0
2009-04-02,98.499,99.898,98.385,99.513,0.0
2009-04-03,99.498,100.371,99.344,100.309,0.0
2009-04-06,100.194,101.443,100.139,100.972,0.0
2009-04-07,100.954,101.094,99.85,100.414,0.0
2009-04-08,100.409,100.864,99.311,99.754,0.0
2009-04-09,99.754,100.562,99.633,100.41,0.0
2009-04-10,100.42,100.721,100.199,100.203,0.0
2009-04-13,100.331,100.72,99.855,100.088,0.0
2009-04-14,100.086,100.426,98.737,98.984,0.0
2009-04-15,98.968,99.656,98.149,99.366,0.0
2009-04-16,99.379,99.511,98.532,99.263,0.0
2009-04-17,99.225,99.749,98.706,99.137,0.0
2009-04-20,99.195,99.406,97.655,97.91,0.0
2009-04-21,97.907,98.908,97.72,98.726,0.0
2009-04-22,98.704,98.739,97.55,97.999,0.0
2009-04-23,97.988,98.437,97.626,97.949,0.0
2009-04-24,97.949,98.139,96.634,97.142,0.0
2009-04-27,96.783,97.108,96.426,96.748,0.0
2009-04-28,96.728,96.76,95.618,96.442,0.0
2009-04-29,96.428,97.969,96.371,97.631,0.0
2009-04-30,97.6,98.986,97.139,98.623,0.0
2009-05-01,98.631,99.573,98.517,99.124,0.0
2009-05-04,99.26,99.565,98.72,98.781,0.0
2009-05-05,98.789,99.21,98.606,98.803,0.0
2009-05-06,98.84,99.072,97.931,98.304,0.0
2009-05-07,98.293,99.746,98.258,99.101,0.0
2009-05-08,99.102,99.557,98.329,98.46,0.0
2009-05-11,98.63,98.828,97.257,97.473,0.0
2009-05-12,97.478,97.838,96.105,96.441,0.0
2009-05-13,96.427,96.698,95.136,95.295,0.0
2009-05-14,95.32,95.856,95.113,95.778,0.0
2009-05-15,95.802,96.183,94.73,95.215,0.0
2009-05-18,94.836,96.456,94.543,96.305,0.0
2009-05-19,96.286,96.695,95.909,95.957,0.0
2009-05-20,95.962,96.219,94.685,94.876,0.0
2009-05-21,94.914,95.265,93.967,94.407,0.0
2009-05-22,94.406,94.911,93.837,94.769,0.0
2009-05-25,94.621,95.203,94.422,94.816,0.0
2009-05-26,94.819,95.139,94.502,95.018,0.0
2009-05-27,94.978,95.499,94.65,95.328,0.0
2009-05-28,95.353,97.232,95.211,96.849,0.0
2009-05-29,96.836,97.002,95.016,95.297,0.0
2009-06-01,95.13,96.8,94.446,96.615,0.0
2009-06-02,96.536,96.646,95.327,95.76,0.0
2009-06-03,95.759,96.411,95.373,95.98,0.0
2009-06-04,95.98,96.967,95.854,96.561,0.0
2009-06-05,96.576,98.886,96.502,98.652,0.0
2009-06-08,98.575,98.855,98.192,98.472,0.0
2009-06-09,98.464,98.567,97.246,97.38,0.0
2009-06-10,97.345,98.438,97.09,98.11,0.0
2009-06-11,98.112,98.554,97.279,97.63,0.0
2009-06-12,97.6,98.428,97.464,98.405,0.0
2009-06-15,98.411,98.569,97.578,97.811,0.0
2009-06-16,97.809,97.886,96.079,96.382,0.0
2009-06-17,96.377,96.771,95.514,95.734,0.0
2009-06-18,95.744,96.684,95.623,96.525,0.0
2009-06-19,96.507,97.176,96.0,96.25,0.0
2009-06-22,96.165,96.298,95.718,95.854,0.0
2009-06-23,95.842,95.955,94.871,95.215,0.0
2009-06-24,95.199,96.033,95.021,95.627,0.0
2009-06-25,95.63,96.568,95.611,95.947,0.0
2009-06-26,95.903,96.038,95.04,95.199,0.0
2009-06-29,95.122,96.164,95.122,96.064,0.0
2009-06-30,96.053,96.508,95.309,96.343,0.0
2009-07-01,96.354,96.982,96.167,96.648,0.0
2009-07-02,96.649,96.878,95.691,95.93,0.0
2009-07-03,95.925,96.111,95.7,96.021,0.0
2009-07-06,96.106,96.121,94.659,95.343,0.0
2009-07-07,95.35,95.458,94.709,94.884,0.0
2009-07-08,94.86,94.879,91.799,92.875,0.0
2009-07-09,92.86,93.595,92.376,92.98,0.0
2009-07-10,92.985,93.188,91.773,92.537,0.0
2009-07-13,92.357,93.025,91.735,92.915,0.0
2009-07-14,92.905,93.752,92.71,93.496,0.0
2009-07-15,93.524,94.457,93.257,94.224,0.0
2009-07-16,94.23,94.447,93.266,93.92,0.0
2009-07-17,93.916,94.37,93.48,94.218,0.0
2009-07-20,94.24,94.782,94.126,94.181,0.0
2009-07-21,94.195,94.39,93.286,93.734,0.0
2009-07-22,93.736,93.866,93.08,93.65,0.0
2009-07-23,93.618,95.289,93.527,94.932,0.0
2009-07-24,94.941,95.166,94.59,94.835,0.0
2009-07-27,94.841,95.378,94.672,95.173,0.0
2009-07-28,95.166,95.268,94.036,94.538,0.0
2009-07-29,94.537,95.355,94.007,94.978,0.0
2009-07-30,94.995,95.881,94.826,95.55,0.0
2009-07-31,95.552,95.827,94.497,94.647,0.0
2009-08-03,94.752,95.423,94.584,95.258,0.0
2009-08-04,95.263,95.459,94.357,95.219,0.0
2009-08-05,95.229,95.395,94.628,94.956,0.0
2009-08-06,94.96,95.8,94.772,95.449,0.0
2009-08-07,95.423,97.775,95.05,97.546,0.0
2009-08-10,97.692,97.742,96.908,97.098,0.0
2009-08-11,97.134,97.159,95.753,95.979,0.0
2009-08-12,95.953,96.751,95.121,96.04,0.0
2009-08-13,96.036,96.488,95.037,95.466,0.0
2009-08-14,95.379,95.463,94.42,94.938,0.0
2009-08-17,94.695,94.863,94.2,94.494,0.0
2009-08-18,94.51,95.285,94.338,94.678,0.0
2009-08-19,94.673,94.961,93.673,94.064,0.0
2009-08-20,94.074,94.552,93.852,94.175,0.0
2009-08-21,94.184,94.709,93.422,94.39,0.0
2009-08-24,94.362,95.059,94.274,94.549,0.0
2009-08-25,94.549,94.626,93.787,94.171,0.0
2009-08-26,94.169,94.563,93.871,94.259,0.0
2009-08-27,94.267,94.286,93.207,93.502,0.0
2009-08-28,93.503,94.068,93.406,93.587,0.0
2009-08-31,93.262,93.553,92.546,93.109,0.0
2009-09-01,93.071,93.436,92.808,92.918,0.0
2009-09-02,92.908,93.07,92.099,92.199,0.0
2009-09-03,92.206,92.768,91.94,92.618,0.0
2009-09-04,92.618,93.245,92.287,92.996,0.0
2009-09-07,92.93,93.296,92.813,93.053,0.0
2009-09-08,93.055,93.082,92.022,92.319,0.0
2009-09-09,92.33,92.589,91.609,92.028,0.0
2009-09-10,92.033,92.25,91.401,91.722,0.0
2009-09-11,91.733,91.783,90.206,90.704,0.0
2009-09-14,90.282,91.13,90.196,90.93,0.0
2009-09-15,90.932,91.637,90.783,91.043,0.0
2009-09-16,91.053,91.361,90.13,90.921,0.0
2009-09-17,90.918,91.619,90.506,91.075,0.0
2009-09-18,91.051,91.537,90.989,91.277,0.0
2009-09-21,91.305,92.528,91.305,91.92,0.0
2009-09-22,91.92,92.099,90.933,91.091,0.0
2009-09-23,91.101,91.536,90.483,91.3,0.0
2009-09-24,91.298,91.625,90.359,91.274,0.0
2009-09-25,91.273,91.359,89.501,89.625,0.0
2009-09-28,89.554,89.776,88.231,89.634,0.0
2009-09-29,89.614,90.356,89.596,90.08,0.0
2009-09-30,90.084,90.404,89.352,89.689,0.0
2009-10-01,89.684,90.162,89.408,89.585,0.0
2009-10-02,89.61,89.922,88.599,89.785,0.0
2009-10-05,89.35,89.978,89.349,89.514,0.0
2009-10-06,89.514,89.648,88.617,88.819,0.0
2009-10-07,88.81,89.386,87.992,88.604,0.0
2009-10-08,88.591,88.714,88.136,88.39,0.0
2009-10-09,88.388,89.872,88.351,89.753,0.0
2009-10-12,89.523,90.443,89.523,89.814,0.0
2009-10-13,89.828,90.18,89.433,89.702,0.0
2009-10-14,89.687,89.897,88.824,89.444,0.0
2009-10-15,89.384,90.769,89.27,90.551,0.0
2009-10-16,90.552,91.317,90.503,90.888,0.0
2009-10-19,90.985,91.129,90.375,90.537,0.0
2009-10-20,90.521,91.063,90.083,90.761,0.0
2009-10-21,90.71,91.203,90.624,90.967,0.0
2009-10-22,90.97,91.705,90.768,91.285,0.0
2009-10-23,91.317,92.113,91.276,92.044,0.0
2009-10-26,92.13,92.277,91.569,92.173,0.0
2009-10-27,92.174,92.322,91.706,91.791,0.0
2009-10-28,91.78,91.811,90.554,90.71,0.0
2009-10-29,90.732,91.611,90.244,91.411,0.0
2009-10-30,91.409,91.575,89.92,90.096,0.0
2009-11-02,89.678,90.691,89.184,90.22,0.0
2009-11-03,90.228,90.57,89.872,90.329,0.0
2009-11-04,90.322,91.316,90.042,90.751,0.0
2009-11-05,90.718,90.858,89.988,90.723,0.0
2009-11-06,90.74,90.856,89.607,89.879,0.0
2009-11-09,89.99,90.25,89.701,89.925,0.0
2009-11-10,89.961,90.172,89.684,89.812,0.0
2009-11-11,89.818,90.035,89.284,89.839,0.0
2009-11-12,89.844,90.604,89.642,90.348,0.0
2009-11-13,90.35,90.409,89.458,89.649,0.0
2009-11-16,89.537,89.707,88.754,89.045,0.0
2009-11-17,89.047,89.533,88.731,89.251,0.0
2009-11-18,89.239,89.478,89.009,89.301,0.0
2009-11-19,89.296,89.434,88.639,88.959,0.0
2009-11-20,88.977,89.131,88.68,88.85,0.0
2009-11-23,88.923,89.186,88.563,88.965,0.0
2009-11-24,88.96,89.055,88.351,88.497,0.0
2009-11-25,88.489,88.632,87.209,87.333,0.0
2009-11-26,87.329,87.48,86.289,86.575,0.0
2009-11-27,86.553,87.013,84.832,86.467,0.0
2009-11-30,86.647,87.025,85.859,86.415,0.0
2009-12-01,86.331,87.528,86.158,86.68,0.0
2009-12-02,86.667,87.487,86.588,87.376,0.0
2009-12-03,87.38,88.473,87.363,88.257,0.0
2009-12-04,88.279,90.769,87.992,90.524,0.0
2009-12-07,90.171,90.368,89.041,89.502,0.0
2009-12-08,89.474,89.479,88.172,88.42,0.0
2009-12-09,88.419,88.683,87.349,87.862,0.0
2009-12-10,87.904,88.458,87.721,88.195,0.0
2009-12-11,88.19,89.797,88.189,89.048,0.0
2009-12-14,88.924,89.318,88.313,88.6,0.0
2009-12-15,88.59,89.944,88.565,89.612,0.0
2009-12-16,89.59,89.976,89.381,89.772,0.0
2009-12-17,89.798,90.363,89.56,89.959,0.0
2009-12-18,89.951,90.902,88.97,90.449,0.0
2009-12-21,90.312,91.225,90.237,91.168,0.0
2009-12-22,91.176,91.862,90.998,91.823,0.0
2009-12-23,91.82,91.869,91.305,91.624,0.0
2009-12-24,91.664,91.77,91.121,91.533,0.0
2009-12-28,91.408,91.761,91.392,91.619,0.0
2009-12-29,91.627,92.072,91.52,91.989,0.0
2009-12-30,91.971,92.755,91.898,92.432,0.0
2009-12-31,92.417,93.14,91.902,93.006,0.0
2010-01-04,92.96,93.202,92.183,92.507,0.0
2010-01-05,92.513,92.542,91.242,91.697,0.0
2010-01-06,91.704,92.732,91.516,92.309,0.0
2010-01-07,92.316,93.395,92.102,93.332,0.0
2010-01-08,93.3,93.766,92.278,92.645,0.0
2010-01-11,92.584,92.655,91.805,92.077,0.0
2010-01-12,92.058,92.42,90.718,90.969,0.0
2010-01-13,90.993,91.558,90.898,91.368,0.0
2010-01-14,91.369,92.032,90.836,91.201,0.0
2010-01-15,91.206,91.316,90.601,90.826,0.0
2010-01-18,90.76,91.058,90.62,90.781,0.0
2010-01-19,90.764,91.259,90.309,91.14,0.0
2010-01-20,91.12,91.457,90.785,91.235,0.0
2010-01-21,91.221,91.866,90.106,90.43,0.0
2010-01-22,90.4,90.556,89.778,89.809,0.0
2010-01-25,90.204,90.334,89.814,90.271,0.0
2010-01-26,90.266,90.547,89.338,89.644,0.0
2010-01-27,89.682,90.08,89.134,90.001,0.0
2010-01-28,89.982,90.546,89.625,89.912,0.0
2010-01-29,89.919,90.92,89.58,90.265,0.0
2010-02-01,89.892,90.94,89.877,90.612,0.0
2010-02-02,90.606,90.913,90.257,90.376,0.0
2010-02-03,90.379,91.269,90.068,90.978,0.0
2010-02-04,90.988,91.072,88.548,89.016,0.0
2010-02-05,88.971,89.886,88.82,89.235,0.0
2010-02-08,89.37,89.56,89.138,89.253,0.0
2010-02-09,89.248,89.801,89.201,89.687,0.0
2010-02-10,89.717,90.061,89.239,89.932,0.0
2010-02-11,89.959,90.137,89.569,89.76,0.0
2010-02-12,89.76,90.409,89.585,89.965,0.0
2010-02-15,90.104,90.227,89.907,90.006,0.0
2010-02-16,90.001,90.508,89.7,90.134,0.0
2010-02-17,90.144,91.381,90.126,91.245,0.0
2010-02-18,91.247,91.817,90.561,91.802,0.0
2010-02-19,91.771,92.142,91.483,91.506,0.0
2010-02-22,91.479,91.902,91.017,91.14,0.0
2010-02-23,91.117,91.296,89.894,90.221,0.0
2010-02-24,90.209,90.36,89.763,90.141,0.0
2010-02-25,90.147,90.317,88.805,89.085,0.0
2010-02-26,89.079,89.5,88.741,88.913,0.0
2010-03-01,88.846,89.474,88.812,89.12,0.0
2010-03-02,89.119,89.369,88.551,88.835,0.0
2010-03-03,88.839,88.991,88.317,88.455,0.0
2010-03-04,88.452,89.251,88.136,89.032,0.0
2010-03-05,89.013,90.587,88.973,90.275,0.0
2010-03-08,90.383,90.68,90.151,90.302,0.0
2010-03-09,90.307,90.327,89.628,89.956,0.0
2010-03-10,89.941,90.817,89.837,90.514,0.0
2010-03-11,90.509,90.712,90.206,90.502,0.0
2010-03-12,90.511,91.08,90.168,90.551,0.0
2010-03-15,90.826,90.831,90.348,90.516,0.0
2010-03-16,90.521,90.731,89.982,90.302,0.0
2010-03-17,90.307,90.711,90.023,90.293,0.0
2010-03-18,90.29,90.797,89.756,90.374,0.0
2010-03-19,90.399,90.711,90.328,90.54,0.0
2010-03-22,90.481,90.769,89.828,90.136,0.0
2010-03-23,90.118,90.47,90.054,90.392,0.0
2010-03-24,90.416,92.399,90.343,92.301,0.0
2010-03-25,92.276,92.952,91.758,92.722,0.0
2010-03-26,92.727,92.89,92.302,92.488,0.0
2010-03-29,92.428,92.783,92.333,92.459,0.0
2010-03-30,92.443,93.02,92.123,92.756,0.0
2010-03-31,92.781,93.632,92.748,93.452,0.0
2010-04-01,93.467,94.039,93.274,93.812,0.0
2010-04-02,93.84,94.688,93.669,94.61,0.0
2010-04-05,94.669,94.771,94.079,94.361,0.0
2010-04-06,94.361,94.377,93.66,93.789,0.0
2010-04-07,93.778,94.264,93.148,93.346,0.0
2010-04-08,93.321,93.48,92.83,93.368,0.0
2010-04-09,93.385,93.78,93.105,93.175,0.0
2010-04-12,92.905,93.61,92.889,93.248,0.0
2010-04-13,93.228,93.41,92.57,93.194,0.0
2010-04-14,93.206,93.719,92.825,93.227,0.0
2010-04-15,93.244,93.516,92.861,93.031,0.0
2010-04-16,93.035,93.136,91.9,92.166,0.0
2010-04-19,91.853,92.464,91.591,92.394,0.0
2010-04-20,92.422,93.387,92.392,93.213,0.0
2010-04-21,93.228,93.441,92.933,93.18,0.0
2010-04-22,93.176,93.608,92.74,93.475,0.0
2010-04-23,93.458,94.323,93.306,93.958,0.0
2010-04-26,93.982,94.352,93.927,93.953,0.0
2010-04-27,93.952,94.037,92.819,93.258,0.0
2010-04-28,93.263,94.315,92.989,94.026,0.0
2010-04-29,94.039,94.257,93.848,94.035,0.0
2010-04-30,94.015,94.581,93.831,93.841,0.0
2010-05-03,93.936,94.784,93.84,94.526,0.0
2010-05-04,94.531,94.974,94.32,94.537,0.0
2010-05-05,94.571,94.98,93.539,93.813,0.0
2010-05-06,93.864,93.973,88.248,90.585,0.0
2010-05-07,90.619,93.091,90.002,91.597,0.0
2010-05-10,92.427,93.537,91.667,93.304,0.0
2010-05-11,93.284,93.387,92.21,92.636,0.0
2010-05-12,92.631,93.279,92.441,93.232,0.0
2010-05-13,93.247,93.639,92.586,92.742,0.0
2010-05-14,92.703,93.091,91.797,92.442,0.0
2010-05-17,92.235,92.687,91.764,92.582,0.0
2010-05-18,92.544,92.962,92.098,92.232,0.0
2010-05-19,92.206,92.224,90.94,91.686,0.0
2010-05-20,91.623,91.871,88.96,89.668,0.0
2010-05-21,89.681,90.47,89.022,89.995,0.0
2010-05-24,90.295,90.613,89.745,90.284,0.0
2010-05-25,90.229,90.307,89.259,90.23,0.0
2010-05-26,90.218,90.663,89.822,89.901,0.0
2010-05-27,89.888,91.082,89.811,91.034,0.0
2010-05-28,91.046,91.408,90.598,91.048,0.0
2010-05-31,90.998,91.614,90.908,91.251,0.0
2010-06-01,91.252,91.45,90.537,90.943,0.0
2010-06-02,90.902,92.347,90.894,92.118,0.0
2010-06-03,92.123,92.8,92.039,92.696,0.0
2010-06-04,92.664,92.878,91.421,91.896,0.0
2010-06-07,91.736,92.077,90.973,91.361,0.0
2010-06-08,91.359,91.921,90.83,91.45,0.0
2010-06-09,91.503,91.669,91.056,91.296,0.0
2010-06-10,91.227,91.465,90.849,91.324,0.0
2010-06-11,91.334,91.773,91.264,91.633,0.0
2010-06-14,91.816,92.109,91.412,91.573,0.0
2010-06-15,91.569,91.69,91.078,91.451,0.0
2010-06-16,91.42,91.821,91.088,91.434,0.0
2010-06-17,91.429,91.437,90.506,91.003,0.0
2010-06-18,91.015,91.03,90.443,90.702,0.0
2010-06-21,90.27,91.475,90.246,91.103,0.0
2010-06-22,91.044,91.098,90.331,90.559,0.0
2010-06-23,90.574,90.58,89.728,89.804,0.0
2010-06-24,89.832,89.977,89.223,89.599,0.0
2010-06-25,89.594,89.775,89.221,89.23,0.0
2010-06-28,89.255,89.464,89.061,89.362,0.0
2010-06-29,89.344,89.411,88.283,88.594,0.0
2010-06-30,88.588,88.766,88.364,88.423,0.0
2010-07-01,88.38,88.561,86.964,87.592,0.0
2010-07-02,87.567,88.201,87.317,87.724,0.0
2010-07-05,87.702,88.003,87.631,87.759,0.0
2010-07-06,87.759,87.978,87.343,87.516,0.0
2010-07-07,87.508,87.77,87.018,87.697,0.0
2010-07-08,87.702,88.638,87.654,88.343,0.0
2010-07-09,88.326,88.698,88.321,88.608,0.0
2010-07-12,88.716,89.147,88.388,88.612,0.0
2010-07-13,88.636,88.858,88.024,88.727,0.0
2010-07-14,88.681,89.104,88.068,88.398,0.0
2010-07-15,88.43,88.498,87.229,87.387,0.0
2010-07-16,87.432,87.5,86.26,86.574,0.0
2010-07-19,86.508,87.215,86.482,86.686,0.0
2010-07-20,86.671,87.567,86.662,87.493,0.0
2010-07-21,87.453,87.5,86.865,87.035,0.0
2010-07-22,87.024,87.203,86.337,86.911,0.0
2010-07-23,86.907,87.495,86.735,87.45,0.0
2010-07-26,87.476,87.711,86.819,86.878,0.0
2010-07-27,86.869,87.966,86.828,87.886,0.0
2010-07-28,87.886,88.114,87.247,87.459,0.0
2010-07-29,87.464,87.507,86.568,86.784,0.0
2010-07-30,86.79,86.975,85.94,86.452,0.0
2010-08-02,86.327,86.881,86.317,86.493,0.0
2010-08-03,86.493,86.656,85.67,85.785,0.0
2010-08-04,85.785,86.377,85.322,86.263,0.0
2010-08-05,86.273,86.452,85.71,85.802,0.0
2010-08-06,85.831,86.179,85.025,85.482,0.0
2010-08-09,85.388,85.947,85.297,85.924,0.0
2010-08-10,85.929,86.226,85.175,85.436,0.0
2010-08-11,85.435,85.467,84.726,85.316,0.0
2010-08-12,85.313,85.977,84.927,85.878,0.0
2010-08-13,85.882,86.367,85.564,86.185,0.0
2010-08-16,86.154,86.219,85.21,85.32,0.0
2010-08-17,85.326,85.671,85.112,85.516,0.0
2010-08-18,85.517,85.68,85.189,85.449,0.0
2010-08-19,85.42,85.912,84.894,85.381,0.0
2010-08-20,85.403,85.815,85.191,85.608,0.0
2010-08-23,85.571,85.713,85.096,85.157,0.0
2010-08-24,85.162,85.189,83.59,83.893,0.0
2010-08-25,83.918,84.824,83.9,84.566,0.0
2010-08-26,84.556,84.881,84.328,84.445,0.0
2010-08-27,84.449,85.446,84.274,85.203,0.0
2010-08-30,85.302,85.902,84.51,84.627,0.0
2010-08-31,84.632,84.665,83.835,84.186,0.0
2010-09-01,84.175,84.654,83.666,84.436,0.0
2010-09-02,84.429,84.549,83.992,84.27,0.0
2010-09-03,84.258,85.226,84.165,84.284,0.0
2010-09-06,84.133,84.491,84.046,84.2,0.0
2010-09-07,84.21,84.255,83.511,83.829,0.0
2010-09-08,83.83,84.039,83.348,83.864,0.0
2010-09-09,83.864,84.023,83.496,83.777,0.0
2010-09-10,83.786,84.373,83.749,84.162,0.0
2010-09-13,84.216,84.356,83.501,83.708,0.0
2010-09-14,83.701,83.755,82.922,83.03,0.0
2010-09-15,83.022,85.764,82.875,85.73,0.0
2010-09-16,85.725,85.925,85.22,85.772,0.0
2010-09-17,85.767,85.93,85.594,85.846,0.0
2010-09-20,85.725,85.797,85.506,85.69,0.0
2010-09-21,85.697,85.77,84.975,85.085,0.0
2010-09-22,85.085,85.185,84.27,84.482,0.0
2010-09-23,84.477,84.67,84.248,84.372,0.0
2010-09-24,84.364,85.388,84.113,84.203,0.0
2010-09-27,84.229,84.388,84.11,84.281,0.0
2010-09-28,84.288,84.337,83.692,83.869,0.0
2010-09-29,83.862,84.078,83.5,83.699,0.0
2010-09-30,83.689,83.808,83.167,83.521,0.0
2010-10-01,83.513,83.574,83.16,83.218,0.0
2010-10-04,83.237,83.867,83.178,83.351,0.0
2010-10-05,83.369,83.975,82.958,83.216,0.0
2010-10-06,83.246,83.27,82.751,82.931,0.0
2010-10-07,82.93,83.031,82.103,82.409,0.0
2010-10-08,82.388,82.56,81.724,81.915,0.0
2010-10-11,81.937,82.178,81.361,82.067,0.0
2010-10-12,82.072,82.349,81.664,81.713,0.0
2010-10-13,81.72,82.001,81.669,81.804,0.0
2010-10-14,81.783,81.841,80.855,81.477,0.0
2010-10-15,81.478,81.619,80.871,81.452,0.0
2010-10-18,81.362,81.48,81.123,81.266,0.0
2010-10-19,81.267,81.918,81.142,81.583,0.0
2010-10-20,81.586,81.659,80.839,81.081,0.0
2010-10-21,81.086,81.822,80.914,81.324,0.0
2010-10-22,81.324,81.499,80.987,81.359,0.0
2010-10-25,81.265,81.446,80.406,80.815,0.0
2010-10-26,80.811,81.649,80.609,81.433,0.0
2010-10-27,81.456,81.978,81.313,81.749,0.0
2010-10-28,81.751,81.776,80.861,81.019,0.0
2010-10-29,81.006,81.07,80.365,80.387,0.0
2010-11-01,80.289,81.419,80.24,80.497,0.0
2010-11-02,80.499,80.958,80.454,80.616,0.0
2010-11-03,80.638,81.58,80.592,81.075,0.0
2010-11-04,81.069,81.218,80.582,80.753,0.0
2010-11-05,80.75,81.467,80.618,81.262,0.0
2010-11-08,81.218,81.434,81.001,81.175,0.0
2010-11-09,81.183,81.957,80.53,81.685,0.0
2010-11-10,81.685,82.791,81.548,82.27,0.0
2010-11-11,82.317,82.602,82.038,82.48,0.0
2010-11-12,82.48,82.653,81.651,82.511,0.0
2010-11-15,82.457,83.257,82.39,83.073,0.0
2010-11-16,83.086,83.588,82.845,83.292,0.0
2010-11-17,83.27,83.547,83.031,83.175,0.0
2010-11-18,83.185,83.779,83.098,83.516,0.0
2010-11-19,83.515,83.639,83.136,83.538,0.0
2010-11-22,83.5,83.555,83.227,83.332,0.0
2010-11-23,83.314,83.839,82.785,83.154,0.0
2010-11-24,83.125,83.657,82.94,83.524,0.0
2010-11-25,83.504,83.691,83.399,83.583,0.0
2010-11-26,83.594,84.182,83.561,84.054,0.0
2010-11-29,84.035,84.399,83.818,84.25,0.0
2010-11-30,84.277,84.308,83.418,83.684,0.0
2010-12-01,83.666,84.386,83.374,84.179,0.0
2010-12-02,84.184,84.358,83.481,83.809,0.0
2010-12-03,83.799,83.888,82.521,82.53,0.0
2010-12-06,82.655,82.989,82.565,82.65,0.0
2010-12-07,82.676,83.657,82.337,83.485,0.0
2010-12-08,83.527,84.299,83.457,84.033,0.0
2010-12-09,84.007,84.109,83.509,83.754,0.0
2010-12-10,83.734,84.012,83.449,83.939,0.0
2010-12-13,83.986,84.349,83.103,83.382,0.0
2010-12-14,83.384,83.775,82.838,83.655,0.0
2010-12-15,83.659,84.507,83.598,84.232,0.0
2010-12-16,84.239,84.448,83.884,83.899,0.0
2010-12-17,83.919,84.203,83.689,83.966,0.0
2010-12-20,83.937,84.117,83.627,83.765,0.0
2010-12-21,83.762,83.9,83.497,83.734,0.0
2010-12-22,83.734,83.848,83.411,83.566,0.0
2010-12-23,83.554,83.574,82.854,82.902,0.0
2010-12-24,82.902,83.173,82.858,82.865,0.0
2010-12-27,82.763,82.97,82.648,82.795,0.0
2010-12-28,82.819,82.844,81.811,82.374,0.0
2010-12-29,82.377,82.462,81.607,81.611,0.0
2010-12-30,81.608,81.848,81.285,81.517,0.0
2010-12-31,81.502,81.539,80.937,81.185,0.0
2011-01-03,81.209,81.743,80.925,81.731,0.0
2011-01-04,81.722,82.277,81.608,82.029,0.0
2011-01-05,82.02,83.373,81.88,83.239,0.0
2011-01-06,83.245,83.389,82.879,83.333,0.0
2011-01-07,83.312,83.676,82.849,83.13,0.0
2011-01-10,83.217,83.275,82.662,82.703,0.0
2011-01-11,82.704,83.49,82.677,83.233,0.0
2011-01-12,83.218,83.457,82.803,82.988,0.0
2011-01-13,83.001,83.147,82.545,82.803,0.0
2011-01-14,82.801,83.06,82.405,82.851,0.0
2011-01-17,82.784,83.007,82.348,82.666,0.0
2011-01-18,82.662,82.822,82.328,82.548,0.0
2011-01-19,82.546,82.686,81.848,82.01,0.0
2011-01-20,81.998,83.12,81.998,82.992,0.0
2011-01-21,82.963,83.087,82.528,82.551,0.0
2011-01-24,82.535,82.915,82.299,82.518,0.0
2011-01-25,82.517,82.66,81.973,82.238,0.0
2011-01-26,82.213,82.606,81.977,82.165,0.0
2011-01-27,82.163,83.213,82.017,82.905,0.0
2011-01-28,82.907,82.921,81.982,82.115,0.0
2011-01-31,81.998,82.253,81.907,82.033,0.0
2011-02-01,82.033,82.148,81.308,81.346,0.0
2011-02-02,81.355,81.852,81.348,81.545,0.0
2011-02-03,81.541,82.057,81.397,81.614,0.0
2011-02-04,81.626,82.465,81.102,82.166,0.0
2011-02-07,82.165,82.464,82.155,82.313,0.0
2011-02-08,82.303,82.419,81.77,82.367,0.0
2011-02-09,82.338,82.664,82.197,82.35,0.0
2011-02-10,82.355,83.369,82.334,83.217,0.0
2011-02-11,83.228,83.67,83.217,83.418,0.0
2011-02-14,83.473,83.52,83.089,83.316,0.0
2011-02-15,83.317,83.91,83.196,83.763,0.0
2011-02-16,83.787,83.97,83.485,83.671,0.0
2011-02-17,83.624,83.745,83.151,83.302,0.0
2011-02-18,83.309,83.527,83.028,83.166,0.0
2011-02-21,83.073,83.258,83.015,83.13,0.0
2011-02-22,83.131,83.526,82.577,82.754,0.0
2011-02-23,82.773,82.887,82.315,82.506,0.0
2011-02-24,82.501,82.512,81.619,81.885,0.0
2011-02-25,81.887,82.062,81.639,81.665,0.0
2011-02-28,81.681,81.977,81.618,81.772,0.0
2011-03-01,81.771,82.235,81.728,81.849,0.0
2011-03-02,81.851,82.11,81.569,81.863,0.0
2011-03-03,81.871,82.517,81.719,82.437,0.0
2011-03-04,82.429,83.062,82.211,82.298,0.0
2011-03-07,82.316,82.383,81.948,82.235,0.0
2011-03-08,82.233,82.85,82.206,82.66,0.0
2011-03-09,82.655,82.928,82.574,82.727,0.0
2011-03-10,82.744,83.167,82.695,82.977,0.0
2011-03-11,82.999,83.292,81.648,81.842,0.0
2011-03-14,81.644,82.462,80.593,81.618,0.0
2011-03-15,81.621,82.038,80.603,80.711,0.0
2011-03-16,80.711,81.164,79.558,79.577,0.0
2011-03-17,79.322,79.735,76.374,78.878,0.0
2011-03-18,78.873,81.978,78.819,80.563,0.0
2011-03-21,80.862,81.311,80.712,81.012,0.0
2011-03-22,81.01,81.278,80.841,80.963,0.0
2011-03-23,80.952,81.066,80.697,80.904,0.0
2011-03-24,80.896,81.048,80.759,80.965,0.0
2011-03-25,80.963,81.488,80.866,81.336,0.0
2011-03-28,81.388,81.84,81.297,81.682,0.0
2011-03-29,81.694,82.47,81.538,82.463,0.0
2011-03-30,82.465,83.177,82.36,82.876,0.0
2011-03-31,82.863,83.215,82.559,83.118,0.0
2011-04-01,83.133,84.726,83.122,84.05,0.0
2011-04-04,84.174,84.378,83.853,84.05,0.0
2011-04-05,84.049,84.869,84.029,84.86,0.0
2011-04-06,84.866,85.52,84.839,85.493,0.0
2011-04-07,85.483,85.498,84.588,84.905,0.0
2011-04-08,84.86,85.391,84.677,84.751,0.0
2011-04-11,84.846,85.152,84.508,84.586,0.0
2011-04-12,84.575,84.776,83.456,83.56,0.0
2011-04-13,83.54,84.257,83.497,83.82,0.0
2011-04-14,83.819,83.927,82.951,83.484,0.0
2011-04-15,83.483,83.777,82.953,83.108,0.0
2011-04-18,83.206,83.255,82.18,82.641,0.0
2011-04-19,82.645,82.756,82.314,82.571,0.0
2011-04-20,82.569,83.094,82.251,82.545,0.0
2011-04-21,82.55,82.588,81.584,81.838,0.0
2011-04-22,81.84,82.105,81.66,81.842,0.0
2011-04-25,81.789,82.42,81.661,81.815,0.0
2011-04-26,81.823,81.968,81.483,81.487,0.0
2011-04-27,81.489,82.781,81.257,82.142,0.0
2011-04-28,82.085,82.271,81.395,81.475,0.0
2011-04-29,81.465,81.645,81.037,81.136,0.0
2011-05-02,81.093,81.683,80.993,81.21,0.0
2011-05-03,81.201,81.269,80.691,80.875,0.0
2011-05-04,80.919,81.187,80.427,80.509,0.0
2011-05-05,80.515,80.685,79.56,80.049,0.0
2011-05-06,80.053,80.934,80.048,80.588,0.0
2011-05-09,80.611,80.839,80.178,80.339,0.0
2011-05-10,80.295,80.902,80.151,80.872,0.0
2011-05-11,80.818,81.32,80.611,81.041,0.0
2011-05-12,81.06,81.333,80.704,80.935,0.0
2011-05-13,80.874,81.083,80.334,80.781,0.0
2011-05-16,80.86,81.06,80.627,80.781,0.0
2011-05-17,80.72,81.766,80.71,81.408,0.0
2011-05-18,81.347,81.717,80.934,81.665,0.0
2011-05-19,81.586,82.227,81.467,81.605,0.0
2011-05-20,81.546,81.858,81.474,81.681,0.0
2011-05-23,81.775,82.036,81.315,81.98,0.0
2011-05-24,81.951,82.208,81.611,81.943,0.0
2011-05-25,81.885,82.166,81.79,81.962,0.0
2011-05-26,81.96,82.083,81.149,81.279,0.0
2011-05-27,81.282,81.405,80.694,80.797,0.0
2011-05-30,80.734,80.976,80.717,80.926,0.0
2011-05-31,80.92,81.768,80.709,81.518,0.0
2011-06-01,81.513,81.565,80.633,80.939,0.0
2011-06-02,80.93,81.319,80.541,80.886,0.0
2011-06-03,80.885,81.009,80.045,80.249,0.0
2011-06-06,80.196,80.388,79.971,80.097,0.0
2011-06-07,80.026,80.328,79.979,80.094,0.0
2011-06-08,80.065,80.274,79.692,79.877,0.0
2011-06-09,79.87,80.417,79.832,80.355,0.0
2011-06-10,80.345,80.46,79.962,80.233,0.0
2011-06-13,80.262,80.685,79.992,80.232,0.0
2011-06-14,80.245,80.619,80.082,80.482,0.0
2011-06-15,80.455,81.054,80.378,80.963,0.0
2011-06-16,80.923,81.045,80.478,80.655,0.0
2011-06-17,80.62,80.669,80.004,80.032,0.0
2011-06-20,80.122,80.362,80.019,80.235,0.0
2011-06-21,80.252,80.339,80.047,80.191,0.0
2011-06-22,80.14,80.378,80.008,80.282,0.0
2011-06-23,80.232,80.791,80.232,80.503,0.0
2011-06-24,80.44,80.598,80.131,80.394,0.0
2011-06-27,80.312,80.977,80.288,80.891,0.0
2011-06-28,80.829,81.263,80.656,81.111,0.0
2011-06-29,81.056,81.179,80.55,80.771,0.0
2011-06-30,80.716,80.861,80.258,80.561,0.0
2011-07-01,80.504,81.141,80.49,80.763,0.0
2011-07-04,80.76,80.905,80.531,80.735,0.0
2011-07-05,80.734,81.181,80.695,81.005,0.0
2011-07-06,81.003,81.119,80.764,80.901,0.0
2011-07-07,80.847,81.409,80.789,81.229,0.0
2011-07-08,81.18,81.47,80.496,80.66,0.0
2011-07-11,80.527,80.825,80.103,80.254,0.0
2011-07-12,80.2,80.369,79.168,79.246,0.0
2011-07-13,79.175,79.569,78.451,79.0,0.0
2011-07-14,78.878,79.598,78.461,79.129,0.0
2011-07-15,79.065,79.27,78.885,79.095,0.0
2011-07-18,79.08,79.175,78.945,79.03,0.0
2011-07-19,79.041,79.272,78.815,79.166,0.0
2011-07-20,79.127,79.313,78.703,78.766,0.0
2011-07-21,78.774,79.025,78.27,78.287,0.0
2011-07-22,78.285,78.724,78.202,78.523,0.0
2011-07-25,78.274,78.551,78.049,78.27,0.0
2011-07-26,78.284,78.698,77.825,77.871,0.0
2011-07-27,77.884,78.165,77.568,77.968,0.0
2011-07-28,77.964,78.02,77.625,77.645,0.0
2011-07-29,77.653,77.861,76.73,76.752,0.0
2011-08-01,77.104,78.042,76.29,77.167,0.0
2011-08-02,77.186,77.823,76.955,77.13,0.0
2011-08-03,77.122,77.399,76.776,77.056,0.0
2011-08-04,77.048,80.234,76.959,78.835,0.0
2011-08-05,78.867,79.41,78.312,78.378,0.0
2011-08-08,77.877,78.464,77.497,77.773,0.0
2011-08-09,77.744,77.851,76.697,76.942,0.0
2011-08-10,76.945,77.302,76.342,76.854,0.0
2011-08-11,76.845,77.239,76.301,76.822,0.0
2011-08-12,76.826,77.014,76.508,76.688,0.0
2011-08-15,76.788,77.091,76.587,76.828,0.0
2011-08-16,76.798,76.923,76.648,76.795,0.0
2011-08-17,76.787,76.834,76.404,76.573,0.0
2011-08-18,76.598,76.708,76.444,76.575,0.0
2011-08-19,76.57,76.966,75.94,76.527,0.0
2011-08-22,76.723,77.2,76.553,76.795,0.0
2011-08-23,76.78,76.931,76.465,76.645,0.0
2011-08-24,76.631,77.069,76.457,76.972,0.0
2011-08-25,76.973,77.689,76.838,77.458,0.0
2011-08-26,77.449,77.519,76.496,76.654,0.0
2011-08-29,76.727,77.011,76.57,76.821,0.0
2011-08-30,76.824,76.976,76.601,76.73,0.0
2011-08-31,76.725,76.838,76.419,76.657,0.0
2011-09-01,76.64,77.236,76.571,76.903,0.0
2011-09-02,76.909,76.965,76.531,76.786,0.0
2011-09-05,76.884,76.972,76.688,76.874,0.0
2011-09-06,76.874,77.722,76.712,77.648,0.0
2011-09-07,77.648,77.707,77.065,77.232,0.0
2011-09-08,77.25,77.591,77.136,77.501,0.0
2011-09-09,77.492,77.853,77.092,77.541,0.0
2011-09-12,77.439,77.58,76.75,77.218,0.0
2011-09-13,77.191,77.247,76.8,76.937,0.0
2011-09-14,76.942,77.061,76.598,76.627,0.0
2011-09-15,76.616,77.312,76.555,76.694,0.0
2011-09-16,76.689,76.966,76.649,76.766,0.0
2011-09-19,76.911,76.974,76.322,76.594,0.0
2011-09-20,76.554,76.757,76.351,76.44,0.0
2011-09-21,76.433,76.731,76.111,76.454,0.0
2011-09-22,76.45,76.965,76.101,76.199,0.0
2011-09-23,76.228,76.881,76.145,76.499,0.0
2011-09-26,76.445,76.755,76.217,76.347,0.0
2011-09-27,76.344,76.929,76.259,76.798,0.0
2011-09-28,76.807,76.871,76.331,76.594,0.0
2011-09-29,76.591,77.02,76.408,76.827,0.0
2011-09-30,76.823,77.194,76.492,76.986,0.0
2011-10-03,77.08,77.257,76.507,76.634,0.0
2011-10-04,76.61,76.976,76.523,76.793,0.0
2011-10-05,76.799,77.071,76.608,76.779,0.0
2011-10-06,76.778,76.834,76.557,76.708,0.0
2011-10-07,76.704,76.905,76.568,76.729,0.0
2011-10-10,76.778,76.848,76.567,76.688,0.0
2011-10-11,76.66,76.752,76.597,76.648,0.0
2011-10-12,76.626,77.481,76.308,77.255,0.0
2011-10-13,77.217,77.286,76.67,76.894,0.0
2011-10-14,76.867,77.444,76.818,77.176,0.0
2011-10-17,77.047,77.449,76.598,76.821,0.0
2011-10-18,76.807,76.907,76.622,76.81,0.0
2011-10-19,76.799,76.857,76.654,76.799,0.0
2011-10-20,76.807,77.088,76.676,76.773,0.0
2011-10-21,76.789,76.909,75.785,76.193,0.0
2011-10-24,76.183,76.479,75.983,76.082,0.0
2011-10-25,76.089,76.296,75.731,76.076,0.0
2011-10-26,76.066,76.318,75.707,76.15,0.0
2011-10-27,76.165,76.287,75.656,75.93,0.0
2011-10-28,75.943,75.997,75.67,75.812,0.0
2011-10-31,75.635,79.531,75.566,78.16,0.0
2011-11-01,78.16,78.985,78.011,78.376,0.0
2011-11-02,78.369,78.405,77.939,78.048,0.0
2011-11-03,78.033,78.157,77.888,78.049,0.0
2011-11-04,78.051,78.262,77.964,78.224,0.0
2011-11-07,78.149,78.18,77.979,78.05,0.0
2011-11-08,78.026,78.093,77.592,77.719,0.0
2011-11-09,77.702,77.881,77.538,77.809,0.0
2011-11-10,77.803,77.87,77.502,77.638,0.0
2011-11-11,77.637,77.679,77.047,77.11,0.0
2011-11-14,77.238,77.264,76.809,77.058,0.0
2011-11-15,77.068,77.498,76.904,77.023,0.0
2011-11-16,77.027,77.145,76.85,77.05,0.0
2011-11-17,77.027,77.089,76.91,76.975,0.0
2011-11-18,76.964,77.027,76.569,76.93,0.0
2011-11-21,76.813,76.988,76.759,76.868,0.0
2011-11-22,76.866,77.325,76.831,76.964,0.0
2011-11-23,76.941,77.576,76.921,77.306,0.0
2011-11-24,77.283,77.33,77.009,77.107,0.0
2011-11-25,77.096,77.785,77.095,77.711,0.0
2011-11-28,77.528,78.235,77.45,77.985,0.0
2011-11-29,77.96,78.28,77.618,77.919,0.0
2011-11-30,77.917,78.15,77.285,77.611,0.0
2011-12-01,77.599,77.806,77.48,77.689,0.0
2011-12-02,77.688,78.073,77.674,77.953,0.0
2011-12-05,77.979,78.106,77.687,77.813,0.0
2011-12-06,77.807,77.851,77.632,77.721,0.0
2011-12-07,77.715,77.786,77.62,77.676,0.0
2011-12-08,77.662,77.79,77.125,77.633,0.0
2011-12-09,77.63,77.776,77.487,77.627,0.0
2011-12-12,77.629,77.994,77.509,77.899,0.0
2011-12-13,77.909,78.016,77.637,77.992,0.0
2011-12-14,77.986,78.153,77.918,78.054,0.0
2011-12-15,78.058,78.136,77.731,77.847,0.0
2011-12-16,77.841,77.957,77.612,77.785,0.0
2011-12-19,77.749,78.158,77.698,78.034,0.0
2011-12-20,78.025,78.052,77.71,77.878,0.0
2011-12-21,77.869,78.108,77.684,78.057,0.0
2011-12-22,78.048,78.199,77.998,78.162,0.0
2011-12-23,78.158,78.218,77.998,78.029,0.0
2011-12-27,77.947,78.02,77.789,77.868,0.0
2011-12-28,77.848,78.034,77.559,77.944,0.0
2011-12-29,77.922,77.976,77.597,77.62,0.0
2011-12-30,77.628,77.735,76.863,76.865,0.0
2012-01-02,76.911,77.184,76.859,76.883,0.0
2012-01-03,76.862,76.959,76.619,76.738,0.0
2012-01-04,76.717,76.829,76.603,76.694,0.0
2012-01-05,76.704,77.24,76.653,77.099,0.0
2012-01-06,77.096,77.333,76.952,76.964,0.0
2012-01-09,76.85,77.004,76.766,76.826,0.0
2012-01-10,76.809,76.9,76.771,76.835,0.0
2012-01-11,76.836,77.037,76.809,76.861,0.0
2012-01-12,76.839,76.976,76.665,76.752,0.0
2012-01-13,76.75,77.001,76.657,76.942,0.0
2012-01-16,77.032,77.037,76.696,76.769,0.0
2012-01-17,76.758,76.875,76.549,76.819,0.0
2012-01-18,76.813,76.868,76.649,76.821,0.0
2012-01-19,76.824,77.315,76.693,77.099,0.0
2012-01-20,77.097,77.3,76.911,76.996,0.0
2012-01-23,76.933,77.078,76.862,77.012,0.0
2012-01-24,77.008,77.848,76.952,77.672,0.0
2012-01-25,77.662,78.278,77.556,77.769,0.0
2012-01-26,77.763,77.809,77.288,77.442,0.0
2012-01-27,77.43,77.479,76.644,76.668,0.0
2012-01-30,76.669,76.772,76.21,76.326,0.0
2012-01-31,76.325,76.416,76.154,76.257,0.0
2012-02-01,76.254,76.348,76.021,76.215,0.0
2012-02-02,76.189,76.236,76.04,76.216,0.0
2012-02-03,76.195,76.732,76.137,76.571,0.0
2012-02-06,76.589,76.797,76.49,76.539,0.0
2012-02-07,76.529,76.961,76.514,76.756,0.0
2012-02-08,76.745,77.181,76.702,77.039,0.0
2012-02-09,77.011,77.723,77.007,77.649,0.0
2012-02-10,77.641,77.802,77.515,77.62,0.0
2012-02-13,77.533,77.776,77.389,77.564,0.0
2012-02-14,77.553,78.541,77.359,78.433,0.0
2012-02-15,78.426,78.659,78.18,78.421,0.0
2012-02-16,78.42,78.96,78.355,78.927,0.0
2012-02-17,78.914,79.607,78.79,79.514,0.0
2012-02-20,79.553,79.883,79.357,79.623,0.0
2012-02-21,79.613,79.845,79.542,79.734,0.0
2012-02-22,79.717,80.398,79.665,80.284,0.0
2012-02-23,80.275,80.347,79.851,79.981,0.0
2012-02-24,79.984,81.196,79.925,81.189,0.0
2012-02-27,81.25,81.655,80.127,80.609,0.0
2012-02-28,80.595,80.781,80.012,80.45,0.0
2012-02-29,80.444,81.305,80.248,81.14,0.0
2012-03-01,81.133,81.392,80.833,81.095,0.0
2012-03-02,81.095,81.867,81.079,81.783,0.0
2012-03-05,81.741,81.86,81.151,81.536,0.0
2012-03-06,81.544,81.579,80.582,80.883,0.0
2012-03-07,80.88,81.218,80.581,81.08,0.0
2012-03-08,81.079,81.726,81.072,81.557,0.0
2012-03-09,81.54,82.64,81.466,82.445,0.0
2012-03-12,82.48,82.528,82.108,82.223,0.0
2012-03-13,82.219,83.079,81.96,82.933,0.0
2012-03-14,82.917,83.826,82.858,83.736,0.0
2012-03-15,83.716,84.173,83.19,83.552,0.0
2012-03-16,83.558,83.937,83.179,83.446,0.0
2012-03-19,83.379,83.562,83.016,83.338,0.0
2012-03-20,83.329,83.827,83.313,83.713,0.0
2012-03-21,83.682,84.09,83.288,83.404,0.0
2012-03-22,83.395,83.464,82.319,82.533,0.0
2012-03-23,82.531,82.946,81.969,82.367,0.0
2012-03-26,82.385,82.998,82.362,82.804,0.0
2012-03-27,82.809,83.38,82.634,83.16,0.0
2012-03-28,83.154,83.21,82.604,82.881,0.0
2012-03-29,82.885,82.964,81.901,82.453,0.0
2012-03-30,82.448,82.88,81.826,82.772,0.0
2012-04-02,83.009,83.299,81.871,82.066,0.0
2012-04-03,82.062,82.988,81.541,82.8,0.0
2012-04-04,82.796,82.929,82.091,82.445,0.0
2012-04-05,82.427,82.468,81.821,82.336,0.0
2012-04-06,82.253,82.549,81.307,81.525,0.0
2012-04-09,81.482,81.666,81.193,81.468,0.0
2012-04-10,81.478,81.858,80.641,80.661,0.0
2012-04-11,80.656,81.117,80.566,80.849,0.0
2012-04-12,80.847,81.127,80.732,80.88,0.0
2012-04-13,80.872,81.193,80.818,80.875,0.0
2012-04-16,80.829,80.994,80.29,80.391,0.0
2012-04-17,80.394,80.922,80.328,80.829,0.0
2012-04-18,80.832,81.56,80.824,81.247,0.0
2012-04-19,81.233,81.731,81.164,81.583,0.0
2012-04-20,81.582,81.775,81.472,81.53,0.0
2012-04-23,81.495,81.657,80.968,81.171,0.0
2012-04-24,81.17,81.387,80.851,81.307,0.0
2012-04-25,81.294,81.689,81.068,81.331,0.0
2012-04-26,81.314,81.42,80.661,80.971,0.0
2012-04-27,80.973,81.436,80.228,80.266,0.0
2012-04-30,80.236,80.383,79.732,79.816,0.0
2012-05-01,79.802,80.297,79.638,80.082,0.0
2012-05-02,80.074,80.608,80.039,80.132,0.0
2012-05-03,80.126,80.548,80.093,80.179,0.0
2012-05-04,80.171,80.39,79.794,79.855,0.0
2012-05-07,79.763,79.998,79.637,79.875,0.0
2012-05-08,79.901,80.075,79.705,79.858,0.0
2012-05-09,79.847,79.936,79.425,79.627,0.0
2012-05-10,79.609,80.014,79.6,79.91,0.0
2012-05-11,79.91,79.988,79.723,79.922,0.0
2012-05-14,79.959,80.18,79.678,79.847,0.0
2012-05-15,79.818,80.331,79.796,80.18,0.0
2012-05-16,80.16,80.547,80.144,80.32,0.0
2012-05-17,80.311,80.389,79.129,79.28,0.0
2012-05-18,79.249,79.459,78.993,78.993,0.0
2012-05-21,79.098,79.443,79.095,79.294,0.0
2012-05-22,79.297,80.143,79.264,79.949,0.0
2012-05-23,79.949,80.07,79.207,79.468,0.0
2012-05-24,79.466,79.629,79.338,79.589,0.0
2012-05-25,79.591,79.817,79.495,79.655,0.0
2012-05-28,79.702,79.71,79.33,79.469,0.0
2012-05-29,79.45,79.637,79.359,79.488,0.0
2012-05-30,79.464,79.564,78.862,79.053,0.0
2012-05-31,79.053,79.125,78.209,78.309,0.0
2012-06-01,78.307,78.711,77.658,78.02,0.0
2012-06-04,78.061,78.452,77.982,78.334,0.0
2012-06-05,78.329,78.965,78.098,78.726,0.0
2012-06-06,78.709,79.275,78.607,79.179,0.0
2012-06-07,79.181,79.788,79.146,79.612,0.0
2012-06-08,79.612,79.75,79.105,79.461,0.0
2012-06-11,79.593,79.718,79.352,79.427,0.0
2012-06-12,79.429,79.689,79.163,79.481,0.0
2012-06-13,79.505,79.742,79.293,79.465,0.0
2012-06-14,79.461,79.475,79.154,79.339,0.0
2012-06-15,79.333,79.506,78.607,78.705,0.0
2012-06-18,78.729,79.3,78.729,79.1,0.0
2012-06-19,79.089,79.13,78.839,78.934,0.0
2012-06-20,78.935,79.698,78.788,79.535,0.0
2012-06-21,79.518,80.328,79.384,80.276,0.0
2012-06-22,80.252,80.564,80.003,80.421,0.0
2012-06-25,80.407,80.615,79.434,79.665,0.0
2012-06-26,79.65,79.782,79.228,79.496,0.0
2012-06-27,79.495,79.863,79.349,79.725,0.0
2012-06-28,79.691,79.75,79.217,79.444,0.0
2012-06-29,79.433,79.985,79.128,79.792,0.0
2012-07-02,79.842,79.975,79.307,79.501,0.0
2012-07-03,79.49,79.926,79.407,79.776,0.0
2012-07-04,79.763,79.884,79.588,79.862,0.0
2012-07-05,79.807,80.092,79.555,79.91,0.0
2012-07-06,79.899,80.016,79.492,79.667,0.0
2012-07-09,79.55,79.77,79.419,79.563,0.0
2012-07-10,79.549,79.593,79.208,79.414,0.0
2012-07-11,79.409,79.786,79.13,79.744,0.0
2012-07-12,79.738,79.951,79.172,79.295,0.0
2012-07-13,79.284,79.39,79.065,79.186,0.0
2012-07-16,79.264,79.274,78.683,78.849,0.0
2012-07-17,78.845,79.168,78.788,79.058,0.0
2012-07-18,79.052,79.149,78.755,78.787,0.0
2012-07-19,78.784,78.818,78.405,78.572,0.0
2012-07-20,78.585,78.797,78.446,78.479,0.0
2012-07-23,78.409,78.53,77.938,78.384,0.0
2012-07-24,78.367,78.388,78.096,78.179,0.0
2012-07-25,78.143,78.274,78.066,78.145,0.0
2012-07-26,78.156,78.312,77.993,78.198,0.0
2012-07-27,78.178,78.673,78.072,78.462,0.0
2012-07-30,78.442,78.536,78.115,78.167,0.0
2012-07-31,78.167,78.299,78.036,78.116,0.0
2012-08-01,78.107,78.498,77.905,78.434,0.0
2012-08-02,78.406,78.536,78.113,78.216,0.0
2012-08-03,78.229,78.769,78.067,78.447,0.0
2012-08-06,78.584,78.638,78.139,78.235,0.0
2012-08-07,78.232,78.733,78.154,78.591,0.0
2012-08-08,78.589,78.658,78.23,78.434,0.0
2012-08-09,78.415,78.788,78.286,78.559,0.0
2012-08-10,78.552,78.64,78.156,78.251,0.0
2012-08-13,78.191,78.372,78.159,78.308,0.0
2012-08-14,78.314,78.931,78.297,78.722,0.0
2012-08-15,78.721,79.046,78.585,78.955,0.0
2012-08-16,78.978,79.402,78.908,79.353,0.0
2012-08-17,79.323,79.571,79.228,79.539,0.0
2012-08-20,79.542,79.656,79.315,79.42,0.0
2012-08-21,79.411,79.52,79.218,79.286,0.0
2012-08-22,79.253,79.372,78.28,78.58,0.0
2012-08-23,78.566,78.691,78.356,78.488,0.0
2012-08-24,78.479,78.718,78.443,78.673,0.0
2012-08-27,78.699,78.837,78.625,78.738,0.0
2012-08-28,78.728,78.768,78.452,78.505,0.0
2012-08-29,78.494,78.785,78.478,78.701,0.0
2012-08-30,78.69,78.743,78.493,78.623,0.0
2012-08-31,78.595,78.65,78.183,78.336,0.0
2012-09-03,78.3,78.396,78.19,78.248,0.0
2012-09-04,78.215,78.466,78.213,78.406,0.0
2012-09-05,78.398,78.531,78.298,78.388,0.0
2012-09-06,78.373,79.031,78.373,78.855,0.0
2012-09-07,78.854,79.017,78.011,78.216,0.0
2012-09-10,78.179,78.327,78.179,78.273,0.0
2012-09-11,78.269,78.28,77.699,77.768,0.0
2012-09-12,77.757,77.963,77.734,77.828,0.0
2012-09-13,77.841,77.865,77.123,77.478,0.0
2012-09-14,77.454,78.389,77.451,78.365,0.0
2012-09-17,78.338,78.922,78.162,78.705,0.0
2012-09-18,78.693,78.872,78.482,78.814,0.0
2012-09-19,78.797,79.213,78.252,78.357,0.0
2012-09-20,78.36,78.456,78.017,78.238,0.0
2012-09-21,78.243,78.366,78.106,78.127,0.0
2012-09-24,78.14,78.189,77.8,77.839,0.0
2012-09-25,77.833,77.925,77.657,77.795,0.0
2012-09-26,77.777,77.904,77.585,77.731,0.0
2012-09-27,77.721,77.752,77.578,77.589,0.0
2012-09-28,77.588,78.103,77.433,77.88,0.0
2012-10-01,77.953,78.145,77.786,77.991,0.0
2012-10-02,77.982,78.21,77.971,78.15,0.0
2012-10-03,78.145,78.581,78.111,78.478,0.0
2012-10-04,78.501,78.713,78.297,78.471,0.0
2012-10-05,78.458,78.868,78.271,78.649,0.0
2012-10-08,78.637,78.757,78.076,78.329,0.0
2012-10-09,78.326,78.43,78.148,78.246,0.0
2012-10-10,78.254,78.367,78.118,78.187,0.0
2012-10-11,78.167,78.585,77.942,78.336,0.0
2012-10-12,78.32,78.53,78.282,78.421,0.0
2012-10-15,78.443,78.856,78.323,78.64,0.0
2012-10-16,78.63,78.963,78.625,78.884,0.0
2012-10-17,78.881,79.047,78.611,78.935,0.0
2012-10-18,78.924,79.461,78.909,79.27,0.0
2012-10-19,79.262,79.427,79.135,79.304,0.0
2012-10-22,79.264,79.955,79.211,79.94,0.0
2012-10-23,79.925,80.004,79.708,79.838,0.0
2012-10-24,79.853,79.922,79.686,79.799,0.0
2012-10-25,79.824,80.338,79.763,80.288,0.0
2012-10-26,80.278,80.374,79.492,79.632,0.0
2012-10-29,79.592,79.839,79.522,79.795,0.0
2012-10-30,79.768,80.123,79.273,79.61,0.0
2012-10-31,79.6,79.958,79.515,79.774,0.0
2012-11-01,79.769,80.202,79.763,80.133,0.0
2012-11-02,80.107,80.67,80.107,80.465,0.0
2012-11-05,80.429,80.559,80.146,80.29,0.0
2012-11-06,80.273,80.438,79.957,80.35,0.0
2012-11-07,80.338,80.417,79.752,79.984,0.0
2012-11-08,79.948,80.005,79.317,79.477,0.0
2012-11-09,79.448,79.606,79.071,79.458,0.0
2012-11-12,79.479,79.558,79.352,79.485,0.0
2012-11-13,79.473,79.636,79.21,79.379,0.0
2012-11-14,79.375,80.303,79.375,80.242,0.0
2012-11-15,80.229,81.456,80.121,81.161,0.0
2012-11-16,81.163,81.436,80.891,81.323,0.0
2012-11-19,81.361,81.586,81.083,81.4,0.0
2012-11-20,81.399,81.754,81.133,81.681,0.0
2012-11-21,81.682,82.548,81.649,82.517,0.0
2012-11-22,82.506,82.831,82.257,82.466,0.0
2012-11-23,82.426,82.504,82.058,82.363,0.0
2012-11-26,82.326,82.617,81.918,82.059,0.0
2012-11-27,82.06,82.311,81.855,82.15,0.0
2012-11-28,82.12,82.207,81.683,82.068,0.0
2012-11-29,82.068,82.212,81.908,82.108,0.0
2012-11-30,82.108,82.743,82.042,82.449,0.0
2012-12-03,82.381,82.499,81.99,82.241,0.0
2012-12-04,82.208,82.248,81.715,81.888,0.0
2012-12-05,81.877,82.475,81.791,82.46,0.0
2012-12-06,82.444,82.612,82.195,82.384,0.0
2012-12-07,82.381,82.823,82.172,82.464,0.0
2012-12-10,82.515,82.635,82.112,82.357,0.0
2012-12-11,82.339,82.572,82.301,82.497,0.0
2012-12-12,82.489,83.291,82.478,83.26,0.0
2012-12-13,83.238,83.667,83.123,83.639,0.0
2012-12-14,83.63,83.955,83.313,83.495,0.0
2012-12-17,84.27,84.313,83.608,83.881,0.0
2012-12-18,83.865,84.265,83.818,84.195,0.0
2012-12-19,84.155,84.611,84.155,84.39,0.0
2012-12-20,84.375,84.449,83.855,84.382,0.0
2012-12-21,84.362,84.439,83.855,84.233,0.0
2012-12-24,84.33,84.93,84.315,84.93,0.0
2012-12-26,84.752,85.724,84.743,85.606,0.0
2012-12-27,85.582,86.145,85.472,86.096,0.0
2012-12-28,86.085,86.629,85.941,86.004,0.0
2012-12-31,85.708,86.779,85.65,86.746,0.0
2013-01-02,86.696,87.336,86.535,87.33,0.0
2013-01-03,87.33,87.352,86.764,87.23,0.0
2013-01-04,87.233,88.407,87.233,88.141,0.0
2013-01-07,88.117,88.37,87.62,87.783,0.0
2013-01-08,87.804,87.816,86.895,87.027,0.0
2013-01-09,87.082,88.011,86.825,87.87,0.0
2013-01-10,87.863,88.782,87.855,88.748,0.0
2013-01-11,88.773,89.442,88.677,89.149,0.0
2013-01-14,89.287,89.666,89.079,89.472,0.0
2013-01-15,89.463,89.625,88.282,88.76,0.0
2013-01-16,88.789,88.864,87.784,88.366,0.0
2013-01-17,88.373,90.123,88.125,89.855,0.0
2013-01-18,89.799,90.199,89.624,90.056,0.0
2013-01-21,90.068,90.238,89.331,89.63,0.0
2013-01-22,89.591,90.116,88.354,88.697,0.0
2013-01-23,88.718,88.783,88.051,88.607,0.0
2013-01-24,88.611,90.546,88.407,90.321,0.0
2013-01-25,90.313,91.188,90.28,90.877,0.0
2013-01-28,91.029,91.25,90.558,90.802,0.0
2013-01-29,90.831,91.007,90.32,90.709,0.0
2013-01-30,90.718,91.396,90.651,91.075,0.0
2013-01-31,91.075,91.771,90.736,91.729,0.0
2013-02-01,91.672,92.95,91.599,92.771,0.0
2013-02-04,92.662,93.172,92.199,92.362,0.0
2013-02-05,92.342,93.642,91.97,93.638,0.0
2013-02-06,93.602,94.049,93.264,93.635,0.0
2013-02-07,93.601,93.907,93.072,93.624,0.0
2013-02-08,93.662,93.729,92.161,92.673,0.0
2013-02-11,92.683,94.45,92.353,94.311,0.0
2013-02-12,94.314,94.398,92.939,93.46,0.0
2013-02-13,93.464,93.771,92.814,93.425,0.0
2013-02-14,93.371,93.702,92.667,92.855,0.0
2013-02-15,92.85,93.831,92.216,93.44,0.0
2013-02-18,93.735,94.208,93.701,93.954,0.0
2013-02-19,93.947,93.95,93.284,93.551,0.0
2013-02-20,93.552,94.03,93.129,93.549,0.0
2013-02-21,93.499,93.856,92.764,93.112,0.0
2013-02-22,93.056,93.505,92.914,93.326,0.0
2013-02-25,94.368,94.446,90.857,91.818,0.0
2013-02-26,91.799,92.738,91.117,91.962,0.0
2013-02-27,91.968,92.427,91.128,92.207,0.0
2013-02-28,92.261,92.841,92.002,92.552,0.0
2013-03-01,92.574,93.675,92.433,93.521,0.0
2013-03-04,93.543,93.715,93.161,93.458,0.0
2013-03-05,93.46,93.528,92.907,93.278,0.0
2013-03-06,93.288,94.108,92.987,94.065,0.0
2013-03-07,94.004,95.085,93.782,94.814,0.0
2013-03-08,94.778,96.55,94.772,96.017,0.0
2013-03-11,95.962,96.357,95.933,96.278,0.0
2013-03-12,96.282,96.704,95.631,96.081,0.0
2013-03-13,96.047,96.25,95.437,96.107,0.0
2013-03-14,96.108,96.583,95.676,96.099,0.0
2013-03-15,96.091,96.267,95.07,95.293,0.0
2013-03-18,94.303,95.588,94.067,95.21,0.0
2013-03-19,95.165,95.737,94.715,95.16,0.0
2013-03-20,95.127,96.124,94.819,96.0,0.0
2013-03-21,96.003,96.101,94.527,94.887,0.0
2013-03-22,94.915,95.124,94.182,94.456,0.0
2013-03-25,94.359,94.952,93.523,94.15,0.0
2013-03-26,94.161,94.609,93.857,94.439,0.0
2013-03-27,94.433,94.898,94.009,94.443,0.0
2013-03-28,94.442,94.475,93.867,94.139,0.0
2013-03-29,94.141,94.293,93.922,94.205,0.0
2013-04-01,94.251,94.364,93.154,93.226,0.0
2013-04-02,93.262,93.55,92.557,93.416,0.0
2013-04-03,93.419,93.678,92.705,93.03,0.0
2013-04-04,93.045,96.405,92.725,96.322,0.0
2013-04-05,96.32,97.821,95.793,97.519,0.0
2013-04-08,98.221,99.376,98.065,99.36,0.0
2013-04-09,99.352,99.653,98.579,99.006,0.0
2013-04-10,99.012,99.865,98.905,99.787,0.0
2013-04-11,99.768,99.937,99.104,99.667,0.0
2013-04-12,99.642,99.795,98.091,98.351,0.0
2013-04-15,98.24,98.703,96.346,96.709,0.0
2013-04-16,96.733,98.148,95.787,97.535,0.0
2013-04-17,97.561,98.423,97.202,98.109,0.0
2013-04-18,98.082,98.521,97.622,98.131,0.0
2013-04-19,98.147,99.675,98.098,99.515,0.0
2013-04-22,99.792,99.876,98.971,99.227,0.0
2013-04-23,99.252,99.525,98.474,99.44,0.0
2013-04-24,99.456,99.752,99.18,99.482,0.0
2013-04-25,99.489,99.554,98.974,99.235,0.0
2013-04-26,99.245,99.406,97.549,98.06,0.0
2013-04-29,97.93,98.191,97.341,97.759,0.0
2013-04-30,97.721,98.115,96.997,97.402,0.0
2013-05-01,97.443,97.667,97.016,97.381,0.0
2013-05-02,97.391,98.384,97.08,97.931,0.0
2013-05-03,97.975,99.259,97.887,99.016,0.0
2013-05-06,99.15,99.445,99.05,99.309,0.0
2013-05-07,99.315,99.424,98.819,98.99,0.0
2013-05-08,98.982,99.142,98.572,99.004,0.0
2013-05-09,98.982,100.782,98.638,100.609,0.0
2013-05-10,100.563,101.973,100.531,101.62,0.0
2013-05-13,101.873,102.143,101.507,101.806,0.0
2013-05-14,101.835,102.395,101.255,102.363,0.0
2013-05-15,102.381,102.755,101.844,102.236,0.0
2013-05-16,102.239,102.675,101.823,102.248,0.0
2013-05-17,102.22,103.299,102.071,103.175,0.0
2013-05-20,102.851,102.929,101.931,102.261,0.0
2013-05-21,102.254,102.878,102.068,102.482,0.0
2013-05-22,102.465,103.728,102.34,103.151,0.0
2013-05-23,103.134,103.562,100.824,102.004,0.0
2013-05-24,101.988,102.578,100.656,101.259,0.0
2013-05-27,101.056,101.29,100.738,100.929,0.0
2013-05-28,100.974,102.496,100.974,102.325,0.0
2013-05-29,102.373,102.517,100.707,101.115,0.0
2013-05-30,101.126,101.795,100.461,100.703,0.0
2013-05-31,100.68,101.273,100.216,100.408,0.0
2013-06-03,100.407,100.716,98.854,99.518,0.0
2013-06-04,99.537,100.412,99.325,100.062,0.0
2013-06-05,100.003,100.455,98.959,99.044,0.0
2013-06-06,99.062,99.46,95.898,96.972,0.0
2013-06-07,96.97,97.778,94.985,97.513,0.0
2013-06-10,97.836,99.276,97.702,98.735,0.0
2013-06-11,98.695,99.048,95.587,96.007,0.0
2013-06-12,96.006,97.011,95.13,95.984,0.0
2013-06-13,96.019,96.092,93.783,95.361,0.0
2013-06-14,95.299,95.792,93.977,94.15,0.0
2013-06-17,94.155,95.208,94.097,94.482,0.0
2013-06-18,94.488,95.758,94.431,95.317,0.0
2013-06-19,95.302,97.024,94.826,96.451,0.0
2013-06-20,96.46,98.278,96.195,97.232,0.0
2013-06-21,97.252,98.128,96.855,97.833,0.0
2013-06-24,97.894,98.693,97.213,97.705,0.0
2013-06-25,97.7,98.057,96.955,97.838,0.0
2013-06-26,97.805,98.228,97.229,97.756,0.0
2013-06-27,97.687,98.562,97.557,98.337,0.0
2013-06-28,98.331,99.442,98.331,99.133,0.0
2013-07-01,99.227,99.854,99.17,99.661,0.0
2013-07-02,99.632,100.719,99.502,100.618,0.0
2013-07-03,100.627,100.848,99.249,99.886,0.0
2013-07-04,99.852,100.153,99.486,100.026,0.0
2013-07-05,100.027,101.216,99.882,101.147,0.0
2013-07-08,101.244,101.525,100.781,100.972,0.0
2013-07-09,100.929,101.292,100.761,101.146,0.0
2013-07-10,101.144,101.208,99.397,99.662,0.0
2013-07-11,99.705,99.893,98.234,98.942,0.0
2013-07-12,98.938,99.687,98.668,99.233,0.0
2013-07-15,99.338,100.477,99.062,99.832,0.0
2013-07-16,99.836,100.06,98.887,99.09,0.0
2013-07-17,99.083,99.94,99.034,99.557,0.0
2013-07-18,99.568,100.648,99.455,100.409,0.0
2013-07-19,100.393,100.859,99.798,100.593,0.0
2013-07-22,100.416,100.612,99.28,99.658,0.0
2013-07-23,99.655,100.175,99.136,99.43,0.0
2013-07-24,99.419,100.432,99.377,100.242,0.0
2013-07-25,100.272,100.446,98.881,99.274,0.0
2013-07-26,99.278,99.398,97.953,98.282,0.0
2013-07-29,98.064,98.333,97.626,97.944,0.0
2013-07-30,97.939,98.456,97.751,98.026,0.0
2013-07-31,98.015,98.51,97.578,97.896,0.0
2013-08-01,97.875,99.565,97.649,99.54,0.0
2013-08-02,99.52,99.941,98.656,98.943,0.0
2013-08-05,98.89,99.144,98.184,98.28,0.0
2013-08-06,98.269,98.578,97.503,97.735,0.0
2013-08-07,97.738,97.802,96.318,96.326,0.0
2013-08-08,96.371,96.929,95.801,96.704,0.0
2013-08-09,96.702,96.963,96.12,96.242,0.0
2013-08-12,96.342,96.928,95.918,96.898,0.0
2013-08-13,96.93,98.335,96.848,98.197,0.0
2013-08-14,98.207,98.42,97.858,98.118,0.0
2013-08-15,98.111,98.644,97.051,97.373,0.0
2013-08-16,97.368,97.766,97.044,97.591,0.0
2013-08-19,97.546,98.117,97.351,97.56,0.0
2013-08-20,97.587,97.856,96.905,97.256,0.0
2013-08-21,97.251,97.975,97.116,97.692,0.0
2013-08-22,97.663,98.803,97.578,98.703,0.0
2013-08-23,98.696,99.142,98.382,98.72,0.0
2013-08-26,98.558,98.837,98.262,98.495,0.0
2013-08-27,98.507,98.524,96.979,97.03,0.0
2013-08-28,97.005,97.831,96.81,97.624,0.0
2013-08-29,97.637,98.516,97.444,98.337,0.0
2013-08-30,98.328,98.469,97.877,98.111,0.0
2013-09-02,98.41,99.425,98.27,99.314,0.0
2013-09-03,99.323,99.853,99.161,99.565,0.0
2013-09-04,99.569,99.805,99.314,99.742,0.0
2013-09-05,99.741,100.189,99.56,100.092,0.0
2013-09-06,100.093,100.217,98.535,99.105,0.0
2013-09-09,99.698,100.099,99.329,99.573,0.0
2013-09-10,99.578,100.459,99.467,100.389,0.0
2013-09-11,100.39,100.602,99.787,99.887,0.0
2013-09-12,99.873,99.985,99.005,99.516,0.0
2013-09-13,99.515,99.971,99.186,99.338,0.0
2013-09-16,98.688,99.176,98.448,99.045,0.0
2013-09-17,99.054,99.375,99.001,99.113,0.0
2013-09-18,99.127,99.329,97.755,97.916,0.0
2013-09-19,97.868,99.621,97.868,99.466,0.0
2013-09-20,99.423,99.661,99.167,99.354,0.0
2013-09-23,99.213,99.351,98.642,98.842,0.0
2013-09-24,98.819,99.168,98.467,98.737,0.0
2013-09-25,98.731,98.809,98.377,98.422,0.0
2013-09-26,98.425,99.127,98.26,98.985,0.0
2013-09-27,98.975,99.032,98.088,98.227,0.0
2013-09-30,97.744,98.454,97.491,98.214,0.0
2013-10-01,98.258,98.721,97.65,98.009,0.0
2013-10-02,97.971,98.077,97.136,97.341,0.0
2013-10-03,97.336,97.865,96.923,97.251,0.0
2013-10-04,97.234,97.474,96.946,97.458,0.0
2013-10-07,97.218,97.326,96.662,96.701,0.0
2013-10-08,96.702,97.242,96.561,96.862,0.0
2013-10-09,96.869,97.636,96.818,97.351,0.0
2013-10-10,97.348,98.264,97.33,98.151,0.0
2013-10-11,98.157,98.587,97.915,98.541,0.0
2013-10-14,98.32,98.578,98.086,98.573,0.0
2013-10-15,98.641,98.697,97.988,98.172,0.0
2013-10-16,98.161,98.963,98.127,98.748,0.0
2013-10-17,98.738,98.997,97.731,97.901,0.0
2013-10-18,97.908,98.149,97.551,97.767,0.0
2013-10-21,97.843,98.234,97.77,98.166,0.0
2013-10-22,98.186,98.477,97.868,98.123,0.0
2013-10-23,98.134,98.187,97.151,97.372,0.0
2013-10-24,97.361,97.608,97.166,97.275,0.0
2013-10-25,97.299,97.484,96.936,97.39,0.0
2013-10-28,97.729,97.782,97.439,97.672,0.0
2013-10-29,97.666,98.272,97.455,98.175,0.0
2013-10-30,98.176,98.672,98.045,98.506,0.0
2013-10-31,98.515,98.564,98.08,98.353,0.0
2013-11-01,98.355,98.842,97.802,98.691,0.0
2013-11-04,98.776,98.837,98.529,98.604,0.0
2013-11-05,98.612,98.666,98.161,98.492,0.0
2013-11-06,98.484,98.749,98.399,98.648,0.0
2013-11-07,98.654,99.403,97.607,98.069,0.0
2013-11-08,98.075,99.213,97.968,99.078,0.0
2013-11-11,99.183,99.291,98.916,99.155,0.0
2013-11-12,99.156,99.79,99.097,99.623,0.0
2013-11-13,99.626,99.665,99.097,99.212,0.0
2013-11-14,99.221,100.143,99.127,100.007,0.0
2013-11-15,100.013,100.426,99.93,100.171,0.0
2013-11-18,100.25,100.383,99.781,99.996,0.0
2013-11-19,99.974,100.249,99.563,100.12,0.0
2013-11-20,100.148,100.234,99.782,100.024,0.0
2013-11-21,100.047,101.154,99.998,101.15,0.0
2013-11-22,101.164,101.346,100.949,101.25,0.0
2013-11-25,101.294,101.91,101.132,101.671,0.0
2013-11-26,101.68,101.708,101.139,101.26,0.0
2013-11-27,101.263,102.186,101.176,102.143,0.0
2013-11-28,102.161,102.366,101.929,102.299,0.0
2013-11-29,102.307,102.602,102.11,102.436,0.0
2013-12-02,102.47,103.121,102.218,102.927,0.0
2013-12-03,102.946,103.372,101.97,102.506,0.0
2013-12-04,102.522,102.829,101.812,102.338,0.0
2013-12-05,102.354,102.434,101.618,101.788,0.0
2013-12-06,101.772,102.956,101.626,102.836,0.0
2013-12-09,102.994,103.322,102.883,103.276,0.0
2013-12-10,103.282,103.387,102.568,102.832,0.0
2013-12-11,102.809,102.942,102.146,102.415,0.0
2013-12-12,102.402,103.424,102.381,103.356,0.0
2013-12-13,103.37,103.915,102.985,103.203,0.0
2013-12-16,103.173,103.283,102.637,103.016,0.0
2013-12-17,103.004,103.101,102.495,102.648,0.0
2013-12-18,102.686,104.347,102.556,104.275,0.0
2013-12-19,104.26,104.355,103.773,104.226,0.0
2013-12-20,104.259,104.627,103.85,104.08,0.0
2013-12-23,104.011,104.115,103.766,104.098,0.0
2013-12-24,104.106,104.404,104.099,104.277,0.0
2013-12-26,104.38,104.833,104.376,104.788,0.0
2013-12-27,104.793,105.176,104.643,105.15,0.0
2013-12-30,105.186,105.405,104.969,105.122,0.0
2013-12-31,105.112,105.319,104.856,105.279,0.0
2014-01-02,105.306,105.434,104.539,104.788,0.0
2014-01-03,104.78,104.873,104.069,104.841,0.0
2014-01-06,104.837,104.94,103.903,104.206,0.0
2014-01-07,104.216,104.728,104.162,104.591,0.0
2014-01-08,104.633,105.117,104.587,104.858,0.0
2014-01-09,104.845,105.051,104.569,104.817,0.0
2014-01-10,104.826,105.333,103.823,104.163,0.0
2014-01-13,104.02,104.125,102.847,102.997,0.0
2014-01-14,103.016,104.275,102.985,104.197,0.0
2014-01-15,104.186,104.686,104.085,104.545,0.0
2014-01-16,104.552,104.915,104.143,104.337,0.0
2014-01-17,104.346,104.467,104.189,104.305,0.0
2014-01-20,104.232,104.313,103.857,104.165,0.0
2014-01-21,104.155,104.741,104.019,104.292,0.0
2014-01-22,104.286,104.57,103.963,104.514,0.0
2014-01-23,104.52,104.834,102.967,103.275,0.0
2014-01-24,103.24,103.576,101.994,102.25,0.0
2014-01-27,102.15,102.924,101.766,102.538,0.0
2014-01-28,102.552,103.245,102.476,102.936,0.0
2014-01-29,103.193,103.435,101.836,102.248,0.0
2014-01-30,102.268,102.884,102.074,102.704,0.0
2014-01-31,102.711,102.927,101.948,102.097,0.0
2014-02-03,101.991,102.402,100.771,100.946,0.0
2014-02-04,100.985,101.667,100.749,101.63,0.0
2014-02-05,101.638,101.757,100.796,101.451,0.0
2014-02-06,101.457,102.165,101.236,102.111,0.0
2014-02-07,102.096,102.572,101.434,102.322,0.0
2014-02-10,102.49,102.636,101.987,102.256,0.0
2014-02-11,102.245,102.695,102.069,102.625,0.0
2014-02-12,102.623,102.673,102.218,102.523,0.0
2014-02-13,102.5,102.557,101.691,102.153,0.0
2014-02-14,102.185,102.402,101.562,101.824,0.0
2014-02-17,101.658,101.981,101.379,101.91,0.0
2014-02-18,101.911,102.735,101.752,102.348,0.0
2014-02-19,102.346,102.46,101.844,102.297,0.0
2014-02-20,102.311,102.413,101.663,102.266,0.0
2014-02-21,102.278,102.82,102.26,102.51,0.0
2014-02-24,102.516,102.673,102.16,102.48,0.0
2014-02-25,102.497,102.619,102.001,102.226,0.0
2014-02-26,102.225,102.602,102.097,102.365,0.0
2014-02-27,102.379,102.437,101.715,102.109,0.0
2014-02-28,102.134,102.286,101.547,101.799,0.0
2014-03-03,101.64,101.655,101.194,101.435,0.0
2014-03-04,101.432,102.279,101.393,102.195,0.0
2014-03-05,102.232,102.543,102.11,102.292,0.0
2014-03-06,102.287,103.161,102.264,103.059,0.0
2014-03-07,103.079,103.754,102.834,103.266,0.0
2014-03-10,103.027,103.4,102.928,103.274,0.0
2014-03-11,103.249,103.418,102.839,103.002,0.0
2014-03-12,102.974,103.093,102.543,102.747,0.0
2014-03-13,102.768,102.856,101.534,101.815,0.0
2014-03-14,101.8,101.871,101.201,101.383,0.0
2014-03-17,101.267,101.863,101.267,101.744,0.0
2014-03-18,101.739,101.934,101.272,101.429,0.0
2014-03-19,101.415,102.674,101.293,102.324,0.0
2014-03-20,102.309,102.54,102.205,102.385,0.0
2014-03-21,102.388,102.446,102.01,102.214,0.0
2014-03-24,102.126,102.64,102.093,102.235,0.0
2014-03-25,102.232,102.48,102.089,102.25,0.0
2014-03-26,102.245,102.467,101.865,102.032,0.0
2014-03-27,102.037,102.424,101.713,102.171,0.0
2014-03-28,102.172,102.97,102.027,102.823,0.0
2014-03-31,102.93,103.432,102.786,103.221,0.0
2014-04-01,103.204,103.705,103.082,103.653,0.0
2014-04-02,103.656,103.927,103.579,103.866,0.0
2014-04-03,103.867,104.106,103.805,103.925,0.0
2014-04-04,103.915,104.121,103.192,103.246,0.0
2014-04-07,103.265,103.382,102.987,103.088,0.0
2014-04-08,103.083,103.11,101.543,101.801,0.0
2014-04-09,101.824,102.153,101.712,101.989,0.0
2014-04-10,101.966,102.129,101.324,101.519,0.0
2014-04-11,101.54,101.86,101.318,101.637,0.0
2014-04-14,101.595,102.004,101.41,101.836,0.0
2014-04-15,101.83,101.987,101.494,101.915,0.0
2014-04-16,101.919,102.358,101.802,102.229,0.0
2014-04-17,102.225,102.458,101.858,102.385,0.0
2014-04-18,102.399,102.564,102.318,102.417,0.0
2014-04-21,102.44,102.698,102.385,102.588,0.0
2014-04-22,102.592,102.718,102.406,102.607,0.0
2014-04-23,102.596,102.686,102.159,102.528,0.0
2014-04-24,102.546,102.638,102.081,102.315,0.0
2014-04-25,102.302,102.489,101.954,102.186,0.0
2014-04-28,102.183,102.618,102.04,102.481,0.0
2014-04-29,102.483,102.774,102.459,102.638,0.0
2014-04-30,102.629,102.648,102.022,102.231,0.0
2014-05-01,102.214,102.354,102.121,102.319,0.0
2014-05-02,102.311,103.013,102.125,102.184,0.0
2014-05-05,102.165,102.253,101.857,102.139,0.0
2014-05-06,102.128,102.181,101.491,101.672,0.0
2014-05-07,101.668,102.001,101.424,101.89,0.0
2014-05-08,101.9,101.949,101.454,101.645,0.0
2014-05-09,101.648,101.846,101.539,101.782,0.0
2014-05-12,101.864,102.177,101.796,102.117,0.0
2014-05-13,102.121,102.355,102.054,102.251,0.0
2014-05-14,102.264,102.271,101.713,101.885,0.0
2014-05-15,101.862,102.11,101.306,101.574,0.0
2014-05-16,101.559,101.665,101.354,101.525,0.0
2014-05-19,101.54,101.59,101.095,101.495,0.0
2014-05-20,101.491,101.592,101.182,101.313,0.0
2014-05-21,101.321,101.611,100.816,101.354,0.0
2014-05-22,101.392,101.808,101.35,101.723,0.0
2014-05-23,101.729,101.999,101.587,101.951,0.0
2014-05-26,101.932,102.044,101.832,101.927,0.0
2014-05-27,101.924,102.134,101.719,101.967,0.0
2014-05-28,101.974,102.024,101.63,101.83,0.0
2014-05-29,101.839,101.852,101.421,101.777,0.0
2014-05-30,101.778,101.839,101.487,101.734,0.0
2014-06-02,101.857,102.475,101.746,102.369,0.0
2014-06-03,102.365,102.544,102.263,102.502,0.0
2014-06-04,102.51,102.788,102.433,102.73,0.0
2014-06-05,102.736,102.745,102.331,102.403,0.0
2014-06-06,102.407,102.604,102.106,102.48,0.0
2014-06-09,102.504,102.642,102.369,102.516,0.0
2014-06-10,102.517,102.565,102.207,102.338,0.0
2014-06-11,102.347,102.385,101.855,102.052,0.0
2014-06-12,102.049,102.134,101.598,101.705,0.0
2014-06-13,101.707,102.129,101.65,101.979,0.0
2014-06-16,102.062,102.062,101.714,101.822,0.0
2014-06-17,101.823,102.235,101.809,102.132,0.0
2014-06-18,102.147,102.346,101.873,101.914,0.0
2014-06-19,101.912,101.993,101.733,101.931,0.0
2014-06-20,101.953,102.188,101.808,102.043,0.0
2014-06-23,102.106,102.128,101.81,101.941,0.0
2014-06-24,101.925,102.16,101.811,101.962,0.0
2014-06-25,101.955,101.962,101.617,101.857,0.0
2014-06-26,101.854,101.854,101.481,101.708,0.0
2014-06-27,101.719,101.719,101.307,101.458,0.0
2014-06-30,101.41,101.464,101.23,101.316,0.0
2014-07-01,101.315,101.584,101.286,101.513,0.0
2014-07-02,101.517,101.835,101.403,101.768,0.0
2014-07-03,101.771,102.258,101.755,102.184,0.0
2014-07-04,102.181,102.214,101.964,102.076,0.0
2014-07-07,102.06,102.193,101.779,101.864,0.0
2014-07-08,101.86,101.889,101.48,101.562,0.0
2014-07-09,101.55,101.85,101.439,101.637,0.0
2014-07-10,101.643,101.654,101.058,101.336,0.0
2014-07-11,101.337,101.38,101.21,101.292,0.0
2014-07-14,101.368,101.616,101.324,101.53,0.0
2014-07-15,101.532,101.741,101.428,101.679,0.0
2014-07-16,101.654,101.785,101.627,101.678,0.0
2014-07-17,101.687,101.689,101.131,101.165,0.0
2014-07-18,101.178,101.44,101.082,101.32,0.0
2014-07-21,101.351,101.389,101.191,101.386,0.0
2014-07-22,101.38,101.597,101.327,101.448,0.0
2014-07-23,101.454,101.54,101.309,101.475,0.0
2014-07-24,101.497,101.853,101.409,101.805,0.0
2014-07-25,101.793,101.93,101.708,101.835,0.0
2014-07-28,101.775,101.898,101.742,101.852,0.0
2014-07-29,101.848,102.151,101.816,102.113,0.0
2014-07-30,102.114,103.077,102.029,102.784,0.0
2014-07-31,102.802,102.999,102.717,102.786,0.0
2014-08-01,102.789,103.022,102.33,102.558,0.0
2014-08-04,102.532,102.721,102.398,102.581,0.0
2014-08-05,102.556,102.918,102.454,102.585,0.0
2014-08-06,102.583,102.634,101.776,102.099,0.0
2014-08-07,102.098,102.452,101.99,102.08,0.0
2014-08-08,102.062,102.136,101.504,102.002,0.0
2014-08-11,102.153,102.22,102.016,102.185,0.0
2014-08-12,102.187,102.357,102.084,102.245,0.0
2014-08-13,102.257,102.537,102.216,102.412,0.0
2014-08-14,102.418,102.649,102.302,102.441,0.0
2014-08-15,102.439,102.709,102.131,102.35,0.0
2014-08-18,102.315,102.589,102.241,102.555,0.0
2014-08-19,102.556,102.92,102.513,102.904,0.0
2014-08-20,102.912,103.84,102.885,103.757,0.0
2014-08-21,103.762,103.952,103.592,103.835,0.0
2014-08-22,103.842,104.186,103.494,103.868,0.0
2014-08-25,104.232,104.266,103.856,104.043,0.0
2014-08-26,104.045,104.164,103.741,104.052,0.0
2014-08-27,104.055,104.155,103.771,103.871,0.0
2014-08-28,103.867,103.914,103.547,103.72,0.0
2014-08-29,103.723,104.1,103.648,104.046,0.0
2014-09-01,104.178,104.344,104.094,104.342,0.0
2014-09-02,104.334,105.206,104.292,105.082,0.0
2014-09-03,105.092,105.303,104.734,104.787,0.0
2014-09-04,104.779,105.359,104.752,105.238,0.0
2014-09-05,105.242,105.699,104.677,105.077,0.0
2014-09-08,105.069,106.08,104.984,106.021,0.0
2014-09-09,106.036,106.466,105.937,106.192,0.0
2014-09-10,106.179,106.878,106.033,106.858,0.0
2014-09-11,106.863,107.191,106.633,107.084,0.0
2014-09-12,107.056,107.386,106.962,107.355,0.0
2014-09-15,107.192,107.356,107.002,107.175,0.0
2014-09-16,107.184,107.324,106.803,107.128,0.0
2014-09-17,107.102,108.382,107.092,108.34,0.0
2014-09-18,108.344,108.952,108.31,108.671,0.0
2014-09-19,108.678,109.45,108.586,109.055,0.0
2014-09-22,109.071,109.186,108.657,108.806,0.0
2014-09-23,108.814,108.985,108.245,108.859,0.0
2014-09-24,108.892,109.143,108.454,109.035,0.0
2014-09-25,109.033,109.367,108.515,108.751,0.0
2014-09-26,108.731,109.53,108.47,109.262,0.0
2014-09-29,109.286,109.737,109.125,109.491,0.0
2014-09-30,109.482,109.839,109.178,109.641,0.0
2014-10-01,109.621,110.083,108.861,108.872,0.0
2014-10-02,108.896,109.109,108.001,108.424,0.0
2014-10-03,108.423,109.895,108.345,109.769,0.0
2014-10-06,109.748,109.842,108.644,108.774,0.0
2014-10-07,108.779,109.225,107.811,108.016,0.0
2014-10-08,108.012,108.734,107.747,108.098,0.0
2014-10-09,108.073,108.308,107.521,107.832,0.0
2014-10-10,107.837,108.147,107.614,107.634,0.0
2014-10-13,107.554,107.6,106.766,106.837,0.0
2014-10-14,106.817,107.303,106.664,107.042,0.0
2014-10-15,107.043,107.488,105.191,105.905,0.0
2014-10-16,105.924,106.454,105.499,106.324,0.0
2014-10-17,106.323,106.934,106.126,106.869,0.0
2014-10-20,107.179,107.384,106.774,106.934,0.0
2014-10-21,106.935,107.012,106.244,106.988,0.0
2014-10-22,107.002,107.366,106.781,107.144,0.0
2014-10-23,107.135,108.347,107.097,108.254,0.0
2014-10-24,108.262,108.302,107.778,108.135,0.0
2014-10-27,108.316,108.32,107.598,107.798,0.0
2014-10-28,107.799,108.179,107.686,108.138,0.0
2014-10-29,108.146,108.955,107.935,108.902,0.0
2014-10-30,108.874,109.458,108.741,109.192,0.0
2014-10-31,109.217,112.468,109.167,112.306,0.0
2014-11-03,112.919,114.207,112.566,114.043,0.0
2014-11-04,113.981,114.002,113.158,113.603,0.0
2014-11-05,113.595,114.84,113.406,114.653,0.0
2014-11-06,114.629,115.509,114.055,115.19,0.0
2014-11-07,115.237,115.576,114.245,114.616,0.0
2014-11-10,114.43,114.901,113.85,114.856,0.0
2014-11-11,114.825,116.096,114.628,115.801,0.0
2014-11-12,115.756,116.003,114.879,115.467,0.0
2014-11-13,115.509,115.875,115.302,115.749,0.0
2014-11-14,115.76,116.817,115.716,116.297,0.0
2014-11-17,116.468,117.045,115.449,116.584,0.0
2014-11-18,116.631,117.04,116.331,116.829,0.0
2014-11-19,116.857,118.07,116.807,117.959,0.0
2014-11-20,117.938,118.971,117.733,118.226,0.0
2014-11-21,118.155,118.361,117.348,117.799,0.0
2014-11-24,117.89,118.476,117.573,118.262,0.0
2014-11-25,118.274,118.567,117.684,117.963,0.0
2014-11-26,117.968,117.971,117.432,117.729,0.0
2014-11-27,117.72,117.875,117.23,117.705,0.0
2014-11-28,117.733,118.768,117.711,118.595,0.0
2014-12-01,118.723,119.135,117.858,118.394,0.0
2014-12-02,118.362,119.28,118.216,119.213,0.0
2014-12-03,119.246,119.858,119.124,119.784,0.0
2014-12-04,119.76,120.243,119.332,119.778,0.0
2014-12-05,119.77,121.677,119.697,121.431,0.0
2014-12-08,121.6,121.838,120.196,120.679,0.0
2014-12-09,120.7,120.995,117.939,119.697,0.0
2014-12-10,119.687,119.908,117.702,117.815,0.0
2014-12-11,117.83,119.55,117.433,118.65,0.0
2014-12-12,118.701,119.193,118.045,118.796,0.0
2014-12-15,118.643,119.05,117.556,117.807,0.0
2014-12-16,117.835,118.001,115.556,116.391,0.0
2014-12-17,116.403,118.893,116.296,118.646,0.0
2014-12-18,118.658,119.305,118.252,118.833,0.0
2014-12-19,118.825,119.615,118.812,119.438,0.0
2014-12-22,119.525,120.078,119.303,120.035,0.0
2014-12-23,120.031,120.817,119.957,120.672,0.0
2014-12-24,120.662,120.753,120.269,120.454,0.0
2014-12-26,120.31,120.453,120.144,120.368,0.0
2014-12-29,120.343,120.723,120.166,120.637,0.0
2014-12-30,120.627,120.68,118.856,119.464,0.0
2014-12-31,119.462,119.929,119.241,119.825,0.0
2015-01-02,120.393,120.734,119.805,120.461,0.0
2015-01-05,120.55,120.638,119.366,119.626,0.0
2015-01-06,119.605,119.622,118.046,118.363,0.0
2015-01-07,118.437,119.64,118.416,119.244,0.0
2015-01-08,119.235,119.954,119.151,119.645,0.0
2015-01-09,119.67,119.871,118.412,118.505,0.0
2015-01-12,118.246,119.31,118.093,118.342,0.0
2015-01-13,118.332,118.842,117.531,117.918,0.0
2015-01-14,117.83,117.954,116.064,117.331,0.0
2015-01-15,117.325,117.935,116.145,116.16,0.0
2015-01-16,116.161,117.755,115.845,117.464,0.0
2015-01-19,117.442,117.775,116.915,117.551,0.0
2015-01-20,117.572,118.861,117.571,118.771,0.0
2015-01-21,118.813,118.82,117.173,117.95,0.0
2015-01-22,117.958,118.659,117.243,118.469,0.0
2015-01-23,118.505,118.807,117.53,117.74,0.0
2015-01-26,117.493,118.492,117.255,118.442,0.0
2015-01-27,118.444,118.652,117.331,117.859,0.0
2015-01-28,117.82,118.254,117.245,117.533,0.0
2015-01-29,117.541,118.48,117.375,118.26,0.0
2015-01-30,118.295,118.452,117.293,117.561,0.0
2015-02-02,117.077,117.872,117.003,117.605,0.0
2015-02-03,117.562,117.736,116.869,117.555,0.0
2015-02-04,117.594,117.99,117.067,117.255,0.0
2015-02-05,117.264,117.591,117.016,117.513,0.0
2015-02-06,117.52,119.213,117.164,119.022,0.0
2015-02-09,119.026,119.092,118.325,118.623,0.0
2015-02-10,118.613,119.612,118.391,119.416,0.0
2015-02-11,119.428,120.475,119.277,120.429,0.0
2015-02-12,120.418,120.459,118.503,119.043,0.0
2015-02-13,119.022,119.191,118.404,118.74,0.0
2015-02-16,118.559,118.767,118.272,118.478,0.0
2015-02-17,118.472,119.406,118.227,119.233,0.0
2015-02-18,119.227,119.406,118.537,118.775,0.0
2015-02-19,118.726,119.172,118.428,118.934,0.0
2015-02-20,118.925,119.18,118.294,119.012,0.0
2015-02-23,119.024,119.347,118.733,118.798,0.0
2015-02-24,118.773,119.83,118.755,118.966,0.0
2015-02-25,118.931,119.056,118.618,118.852,0.0
2015-02-26,118.829,119.493,118.671,119.4,0.0
2015-02-27,119.389,119.789,119.108,119.559,0.0
2015-03-02,119.742,120.181,119.621,120.124,0.0
2015-03-03,120.146,120.257,119.372,119.731,0.0
2015-03-04,119.709,119.818,119.46,119.698,0.0
2015-03-05,119.679,120.39,119.62,120.112,0.0
2015-03-06,120.123,121.273,119.894,120.781,0.0
2015-03-09,120.825,121.407,120.604,121.14,0.0
2015-03-10,121.138,122.016,120.913,121.134,0.0
2015-03-11,121.079,121.62,120.844,121.443,0.0
2015-03-12,121.446,121.662,120.654,121.268,0.0
2015-03-13,121.262,121.565,121.127,121.429,0.0
2015-03-16,121.365,121.45,121.084,121.335,0.0
2015-03-17,121.376,121.511,121.106,121.363,0.0
2015-03-18,121.343,121.401,119.301,120.094,0.0
2015-03-19,120.078,121.026,119.666,120.761,0.0
2015-03-20,120.795,121.193,119.892,120.074,0.0
2015-03-23,119.882,120.158,119.578,119.711,0.0
2015-03-24,119.701,119.976,119.213,119.744,0.0
2015-03-25,119.739,119.818,119.227,119.479,0.0
2015-03-26,119.469,119.567,118.322,119.182,0.0
2015-03-27,119.169,119.486,118.925,119.137,0.0
2015-03-30,119.206,120.22,119.107,120.031,0.0
2015-03-31,120.073,120.358,119.77,120.111,0.0
2015-04-01,120.053,120.322,119.407,119.735,0.0
2015-04-02,119.727,119.887,119.445,119.699,0.0
2015-04-03,119.712,119.849,118.711,118.957,0.0
2015-04-06,118.899,119.674,118.792,119.532,0.0
2015-04-07,119.462,120.44,119.428,120.273,0.0
2015-04-08,120.325,120.346,119.634,120.125,0.0
2015-04-09,120.117,120.731,119.851,120.569,0.0
2015-04-10,120.564,120.618,120.048,120.306,0.0
2015-04-13,120.313,120.84,119.71,120.138,0.0
2015-04-14,120.119,120.166,119.063,119.383,0.0
2015-04-15,119.38,119.738,118.783,119.134,0.0
2015-04-16,119.129,119.464,118.788,118.984,0.0
2015-04-17,119.024,119.256,118.561,118.917,0.0
2015-04-20,119.004,119.427,118.524,119.215,0.0
2015-04-21,119.192,119.826,119.158,119.657,0.0
2015-04-22,119.673,119.954,119.338,119.896,0.0
2015-04-23,119.919,120.085,119.417,119.572,0.0
2015-04-24,119.571,119.651,118.82,118.997,0.0
2015-04-27,118.887,119.426,118.768,119.029,0.0
2015-04-28,118.968,119.19,118.767,118.861,0.0
2015-04-29,118.855,119.353,118.603,119.022,0.0
2015-04-30,119.021,119.887,118.486,119.365,0.0
2015-05-01,119.376,120.278,119.373,120.118,0.0
2015-05-04,120.224,120.267,119.989,120.124,0.0
2015-05-05,120.107,120.498,119.719,119.855,0.0
2015-05-06,119.835,120.039,119.197,119.453,0.0
2015-05-07,119.426,119.854,119.048,119.731,0.0
2015-05-08,119.674,120.229,119.579,119.735,0.0
2015-05-11,119.672,120.144,119.67,120.069,0.0
2015-05-12,120.093,120.269,119.781,119.847,0.0
2015-05-13,119.872,120.012,119.027,119.132,0.0
2015-05-14,119.134,119.33,118.879,119.159,0.0
2015-05-15,119.154,119.921,119.147,119.388,0.0
2015-05-18,119.261,120.031,119.251,119.972,0.0
2015-05-19,119.981,120.731,119.823,120.677,0.0
2015-05-20,120.675,121.47,120.577,121.295,0.0
2015-05-21,121.32,121.372,120.837,121.044,0.0
2015-05-22,121.015,121.564,120.634,121.546,0.0
2015-05-25,121.482,121.769,121.439,121.547,0.0
2015-05-26,121.549,123.314,121.492,123.105,0.0
2015-05-27,123.087,124.061,122.769,123.66,0.0
2015-05-28,123.658,124.45,123.485,123.935,0.0
2015-05-29,123.971,124.177,123.599,124.111,0.0
2015-06-01,124.096,124.909,123.853,124.788,0.0
2015-06-02,124.78,125.044,123.745,124.09,0.0
2015-06-03,124.118,124.674,123.783,124.22,0.0
2015-06-04,124.246,124.673,123.772,124.351,0.0
2015-06-05,124.352,125.847,124.345,125.565,0.0
2015-06-08,125.592,125.67,124.286,124.497,0.0
2015-06-09,124.498,124.729,123.853,124.353,0.0
2015-06-10,124.318,124.613,122.45,122.669,0.0
2015-06-11,122.684,124.149,122.628,123.423,0.0
2015-06-12,123.428,123.808,123.134,123.411,0.0
2015-06-15,123.143,123.652,123.132,123.383,0.0
2015-06-16,123.407,123.79,123.284,123.345,0.0
2015-06-17,123.352,124.434,123.203,123.414,0.0
2015-06-18,123.396,123.598,122.473,122.943,0.0
2015-06-19,122.95,123.209,122.551,122.674,0.0
2015-06-22,122.943,123.411,122.552,123.358,0.0
2015-06-23,123.359,124.177,123.336,123.928,0.0
2015-06-24,123.931,124.367,123.711,123.858,0.0
2015-06-25,123.864,123.948,123.312,123.62,0.0
2015-06-26,123.638,123.979,123.218,123.846,0.0
2015-06-29,122.651,123.184,122.1,122.541,0.0
2015-06-30,122.499,122.718,121.933,122.491,0.0
2015-07-01,122.502,123.23,122.358,123.164,0.0
2015-07-02,123.16,123.707,122.946,123.043,0.0
2015-07-03,123.056,123.176,122.592,122.887,0.0
2015-07-06,121.988,122.921,121.85,122.549,0.0
2015-07-07,122.562,122.873,122.001,122.549,0.0
2015-07-08,122.55,122.563,120.405,120.71,0.0
2015-07-09,120.679,121.569,120.456,121.304,0.0
2015-07-10,121.33,122.869,121.269,122.747,0.0
2015-07-13,122.266,123.526,122.247,123.404,0.0
2015-07-14,123.412,123.722,122.914,123.386,0.0
2015-07-15,123.384,123.962,123.254,123.787,0.0
2015-07-16,123.749,124.171,123.73,124.122,0.0
2015-07-17,124.118,124.222,123.908,124.049,0.0
2015-07-20,124.035,124.371,124.027,124.298,0.0
2015-07-21,124.293,124.468,123.753,123.898,0.0
2015-07-22,123.854,124.144,123.564,123.955,0.0
2015-07-23,123.944,124.179,123.667,123.883,0.0
2015-07-24,123.871,124.088,123.589,123.808,0.0
2015-07-27,123.746,123.828,123.002,123.236,0.0
2015-07-28,123.245,123.786,123.068,123.546,0.0
2015-07-29,123.555,124.014,123.323,123.931,0.0
2015-07-30,123.933,124.574,123.869,124.131,0.0
2015-07-31,124.128,124.367,123.511,123.93,0.0
2015-08-03,123.876,124.265,123.848,124.017,0.0
2015-08-04,124.016,124.396,123.792,124.35,0.0
2015-08-05,124.368,125.004,124.012,124.883,0.0
2015-08-06,124.861,124.955,124.533,124.72,0.0
2015-08-07,124.716,125.061,124.096,124.226,0.0
2015-08-10,124.147,124.775,124.141,124.613,0.0
2015-08-11,124.566,125.197,124.512,125.11,0.0
2015-08-12,125.131,125.272,123.782,124.214,0.0
2015-08-13,124.217,124.619,124.061,124.431,0.0
2015-08-14,124.418,124.524,124.047,124.313,0.0
2015-08-17,124.202,124.566,124.201,124.383,0.0
2015-08-18,124.381,124.506,124.175,124.402,0.0
2015-08-19,124.395,124.462,123.681,123.817,0.0
2015-08-20,123.785,124.149,123.325,123.399,0.0
2015-08-21,123.384,123.488,121.807,122.046,0.0
2015-08-24,121.884,122.02,116.164,118.413,0.0
2015-08-25,118.399,120.387,118.244,118.88,0.0
2015-08-26,118.84,120.011,118.442,119.928,0.0
2015-08-27,119.932,121.391,119.784,121.011,0.0
2015-08-28,121.016,121.584,120.642,121.575,0.0
2015-08-31,121.574,121.628,120.872,121.211,0.0
2015-09-01,121.213,121.257,119.244,119.368,0.0
2015-09-02,119.334,120.455,119.219,120.323,0.0
2015-09-03,120.331,120.691,119.638,120.054,0.0
2015-09-04,120.06,120.178,118.753,119.015,0.0
2015-09-07,118.911,119.58,118.79,119.266,0.0
2015-09-08,119.265,120.219,118.847,119.807,0.0
2015-09-09,119.813,121.189,119.804,120.527,0.0
2015-09-10,120.5,121.318,119.972,120.613,0.0
2015-09-11,120.611,120.96,120.354,120.594,0.0
2015-09-14,120.501,120.833,119.843,120.218,0.0
2015-09-15,120.183,120.644,119.393,120.406,0.0
2015-09-16,120.43,120.719,120.1,120.555,0.0
2015-09-17,120.563,120.982,119.786,120.002,0.0
2015-09-18,119.992,120.406,119.047,119.964,0.0
2015-09-21,120.104,120.652,119.719,120.551,0.0
2015-09-22,120.546,120.603,119.687,120.125,0.0
2015-09-23,120.124,120.535,119.617,120.267,0.0
2015-09-24,120.254,120.383,119.218,120.044,0.0
2015-09-25,120.209,121.226,120.015,120.481,0.0
2015-09-28,120.484,120.583,119.689,119.916,0.0
2015-09-29,119.932,120.153,119.241,119.737,0.0
2015-09-30,119.705,120.341,119.542,119.878,0.0
2015-10-01,119.874,120.268,119.486,119.906,0.0
2015-10-02,119.911,120.396,118.676,119.873,0.0
2015-10-05,119.988,120.544,119.862,120.45,0.0
2015-10-06,120.436,120.559,120.101,120.22,0.0
2015-10-07,120.199,120.353,119.74,119.995,0.0
2015-10-08,120.006,120.1,119.617,119.924,0.0
2015-10-09,119.903,120.339,119.828,120.199,0.0
2015-10-12,120.169,120.256,119.885,120.026,0.0
2015-10-13,120.017,120.071,119.545,119.711,0.0
2015-10-14,119.719,119.795,118.623,118.821,0.0
2015-10-15,118.815,119.161,118.055,118.88,0.0
2015-10-16,118.879,119.654,118.822,119.467,0.0
2015-10-19,119.379,119.6,119.131,119.489,0.0
2015-10-20,119.477,119.955,119.406,119.835,0.0
2015-10-21,119.834,120.084,119.751,119.924,0.0
2015-10-22,119.902,120.764,119.607,120.677,0.0
2015-10-23,120.699,121.466,120.219,121.453,0.0
2015-10-26,121.454,121.496,120.591,121.067,0.0
2015-10-27,121.077,121.083,120.152,120.448,0.0
2015-10-28,120.424,121.252,120.239,121.083,0.0
2015-10-29,121.082,121.176,120.578,121.109,0.0
2015-10-30,121.108,121.479,120.271,120.642,0.0
2015-11-02,120.395,120.804,120.249,120.746,0.0
2015-11-03,120.769,121.222,120.59,121.056,0.0
2015-11-04,121.058,121.71,120.994,121.539,0.0
2015-11-05,121.538,121.996,121.38,121.738,0.0
2015-11-06,121.75,123.26,121.623,123.144,0.0
2015-11-09,123.288,123.596,122.968,123.175,0.0
2015-11-10,123.17,123.428,123.02,123.153,0.0
2015-11-11,123.144,123.217,122.732,122.847,0.0
2015-11-12,122.842,123.064,122.548,122.604,0.0
2015-11-13,122.586,122.979,122.429,122.621,0.0
2015-11-16,122.333,123.271,122.217,123.163,0.0
2015-11-17,123.179,123.481,123.166,123.426,0.0
2015-11-18,123.427,123.748,123.212,123.591,0.0
2015-11-19,123.626,123.626,122.614,122.86,0.0
2015-11-20,122.854,123.043,122.716,122.816,0.0
2015-11-23,122.862,123.252,122.774,122.817,0.0
2015-11-24,122.829,122.952,122.299,122.519,0.0
2015-11-25,122.525,122.927,122.25,122.681,0.0
2015-11-26,122.702,122.73,122.492,122.624,0.0
2015-11-27,122.572,122.871,122.297,122.822,0.0
2015-11-30,122.81,123.333,122.677,123.1,0.0
2015-12-01,123.052,123.269,122.632,122.859,0.0
2015-12-02,122.841,123.662,122.819,123.234,0.0
2015-12-03,123.237,123.554,122.288,122.585,0.0
2015-12-04,122.567,123.366,122.468,123.096,0.0
2015-12-07,123.201,123.468,123.145,123.361,0.0
2015-12-08,123.366,123.384,122.714,122.946,0.0
2015-12-09,122.901,123.039,121.065,121.416,0.0
2015-12-10,121.45,121.857,121.236,121.607,0.0
2015-12-11,121.563,122.221,120.573,120.843,0.0
2015-12-14,121.051,121.345,120.334,121.005,0.0
2015-12-15,121.039,121.783,120.566,121.689,0.0
2015-12-16,121.651,122.421,121.377,122.198,0.0
2015-12-17,122.206,122.869,122.192,122.545,0.0
2015-12-18,122.54,123.536,121.048,121.232,0.0
2015-12-21,121.226,121.496,120.835,121.201,0.0
2015-12-22,121.18,121.303,120.713,121.058,0.0
2015-12-23,121.057,121.126,120.805,120.901,0.0
2015-12-24,120.919,120.972,120.242,120.397,0.0
2015-12-28,120.146,120.623,120.141,120.38,0.0
2015-12-29,120.379,120.499,120.227,120.454,0.0
2015-12-30,120.439,120.646,120.343,120.517,0.0
2015-12-31,120.502,120.572,119.995,120.111,0.0
2016-01-04,120.209,120.457,118.693,119.435,0.0
2016-01-05,119.428,119.693,118.787,119.053,0.0
2016-01-06,119.048,119.162,118.243,118.47,0.0
2016-01-07,118.469,118.749,117.32,117.656,0.0
2016-01-08,117.651,118.741,117.311,117.421,0.0
2016-01-11,117.173,118.019,116.684,117.754,0.0
2016-01-12,117.751,118.063,117.219,117.638,0.0
2016-01-13,117.644,118.371,117.634,117.678,0.0
2016-01-14,117.645,118.273,117.285,118.052,0.0
2016-01-15,118.051,118.263,116.5,116.931,0.0
2016-01-18,116.831,117.431,116.718,117.319,0.0
2016-01-19,117.329,118.107,117.224,117.623,0.0
2016-01-20,117.638,117.673,115.965,116.944,0.0
2016-01-21,116.928,117.804,116.462,117.676,0.0
2016-01-22,117.75,118.869,117.531,118.759,0.0
2016-01-25,118.697,118.847,118.163,118.288,0.0
2016-01-26,118.297,118.613,117.647,118.401,0.0
2016-01-27,118.424,119.061,118.036,118.693,0.0
2016-01-28,118.642,118.983,118.405,118.807,0.0
2016-01-29,118.794,121.678,118.515,121.091,0.0
2016-02-01,121.213,121.48,120.671,120.979,0.0
2016-02-02,121.023,121.025,119.828,119.946,0.0
2016-02-03,119.948,120.037,117.044,117.858,0.0
2016-02-04,117.889,118.232,116.518,116.762,0.0
2016-02-05,116.766,117.421,116.277,116.823,0.0
2016-02-08,116.826,117.517,115.164,115.834,0.0
2016-02-09,115.833,115.839,114.199,115.126,0.0
2016-02-10,115.122,115.25,113.108,113.334,0.0
2016-02-11,113.367,113.583,110.972,112.418,0.0
2016-02-12,112.372,113.532,111.642,113.245,0.0
2016-02-15,113.386,114.721,113.265,114.592,0.0
2016-02-16,114.598,114.865,113.586,114.09,0.0
2016-02-17,114.066,114.497,113.366,114.074,0.0
2016-02-18,114.073,114.316,113.134,113.252,0.0
2016-02-19,113.245,113.37,112.299,112.552,0.0
2016-02-22,112.591,113.379,112.419,112.912,0.0
2016-02-23,112.902,113.043,111.764,112.089,0.0
2016-02-24,112.077,112.258,111.034,112.161,0.0
2016-02-25,112.155,113.016,111.887,112.972,0.0
2016-02-26,112.988,113.98,112.552,113.97,0.0
2016-02-29,113.947,113.974,112.643,112.678,0.0
2016-03-01,112.719,114.176,112.149,114.002,0.0
2016-03-02,114.039,114.55,113.207,113.457,0.0
2016-03-03,113.467,114.262,113.288,113.683,0.0
2016-03-04,113.665,114.248,113.117,113.759,0.0
2016-03-07,113.882,113.914,113.22,113.434,0.0
2016-03-08,113.394,113.51,112.414,112.617,0.0
2016-03-09,112.626,113.448,112.217,113.334,0.0
2016-03-10,113.34,114.441,112.591,113.197,0.0
2016-03-11,113.137,113.912,112.744,113.798,0.0
2016-03-14,113.925,114.001,113.501,113.801,0.0
2016-03-15,113.79,114.103,112.623,113.159,0.0
2016-03-16,113.093,113.811,112.322,112.553,0.0
2016-03-17,112.556,112.95,110.657,111.394,0.0
2016-03-18,111.366,111.754,110.81,111.529,0.0
2016-03-21,111.502,111.97,111.213,111.955,0.0
2016-03-22,111.939,112.484,111.371,112.347,0.0
2016-03-23,112.273,112.898,112.136,112.379,0.0
2016-03-24,112.321,112.998,112.287,112.865,0.0
2016-03-25,112.865,113.312,112.74,113.003,0.0
2016-03-28,113.147,113.68,113.07,113.433,0.0
2016-03-29,113.418,113.796,112.606,112.746,0.0
2016-03-30,112.637,112.796,112.009,112.434,0.0
2016-03-31,112.394,112.652,112.102,112.564,0.0
2016-04-01,112.545,112.576,111.563,111.586,0.0
2016-04-04,111.58,111.79,111.091,111.327,0.0
2016-04-05,111.257,111.339,109.929,110.312,0.0
2016-04-06,110.302,110.634,109.332,109.783,0.0
2016-04-07,109.753,109.897,107.655,108.177,0.0
2016-04-08,108.188,109.094,108.039,108.056,0.0
2016-04-11,107.929,108.433,107.616,107.942,0.0
2016-04-12,107.909,108.781,107.865,108.548,0.0
2016-04-13,108.503,109.398,108.499,109.349,0.0
2016-04-14,109.304,109.541,108.888,109.388,0.0
2016-04-15,109.366,109.726,108.592,108.722,0.0
2016-04-18,108.136,108.979,107.832,108.814,0.0
2016-04-19,108.79,109.483,108.72,109.213,0.0
2016-04-20,109.151,109.873,108.758,109.839,0.0
2016-04-21,109.813,109.891,109.313,109.456,0.0
2016-04-22,109.438,111.801,109.253,111.781,0.0
2016-04-25,111.815,111.86,110.835,111.189,0.0
2016-04-26,111.198,111.47,110.663,111.296,0.0
2016-04-27,111.303,111.746,111.021,111.45,0.0
2016-04-28,111.419,111.879,107.855,108.074,0.0
2016-04-29,108.07,108.193,106.256,106.304,0.0
2016-05-02,106.194,106.814,106.131,106.399,0.0
2016-05-03,106.389,106.671,105.543,106.597,0.0
2016-05-04,106.568,107.426,106.238,106.989,0.0
2016-05-05,106.977,107.492,106.795,107.248,0.0
2016-05-06,107.249,107.412,106.429,107.095,0.0
2016-05-09,107.036,108.597,107.03,108.316,0.0
2016-05-10,108.312,109.345,108.268,109.26,0.0
2016-05-11,109.251,109.363,108.361,108.418,0.0
2016-05-12,108.395,109.39,108.22,108.997,0.0
2016-05-13,108.985,109.534,108.509,108.625,0.0
2016-05-16,108.606,109.09,108.456,109.02,0.0
2016-05-17,109.005,109.647,108.831,109.146,0.0
2016-05-18,109.114,110.253,108.714,110.185,0.0
2016-05-19,110.141,110.378,109.691,109.954,0.0
2016-05-20,109.946,110.582,109.842,110.084,0.0
2016-05-23,110.095,110.23,109.104,109.226,0.0
2016-05-24,109.235,110.117,109.166,109.985,0.0
2016-05-25,109.946,110.443,109.856,110.2,0.0
2016-05-26,110.142,110.216,109.409,109.754,0.0
2016-05-27,109.716,110.443,109.465,110.224,0.0
2016-05-30,110.359,111.444,110.352,111.094,0.0
2016-05-31,111.126,111.344,110.495,110.723,0.0
2016-06-01,110.65,110.825,109.044,109.529,0.0
2016-06-02,109.532,109.575,108.52,108.87,0.0
2016-06-03,108.841,109.129,106.501,106.521,0.0
2016-06-06,106.539,107.648,106.339,107.537,0.0
2016-06-07,107.552,107.898,107.146,107.373,0.0
2016-06-08,107.336,107.383,106.579,106.976,0.0
2016-06-09,106.965,107.171,106.247,107.12,0.0
2016-06-10,107.049,107.25,106.547,106.903,0.0
2016-06-13,106.805,106.839,105.725,106.271,0.0
2016-06-14,106.162,106.416,105.623,106.078,0.0
2016-06-15,106.083,106.392,105.419,105.999,0.0
2016-06-16,105.996,106.018,103.536,104.244,0.0
2016-06-17,104.193,104.822,104.069,104.104,0.0
2016-06-20,104.663,104.837,103.774,103.934,0.0
2016-06-21,103.869,105.042,103.57,104.743,0.0
2016-06-22,104.709,104.842,104.305,104.428,0.0
2016-06-23,104.416,106.141,103.979,106.135,0.0
2016-06-24,106.099,106.789,98.887,102.143,0.0
2016-06-27,101.509,102.465,101.387,101.987,0.0
2016-06-28,101.915,102.837,101.545,102.748,0.0
2016-06-29,102.727,102.928,102.163,102.801,0.0
2016-06-30,102.8,103.288,102.344,103.175,0.0
2016-07-01,103.128,103.382,102.434,102.461,0.0
2016-07-04,102.593,102.795,102.412,102.528,0.0
2016-07-05,102.505,102.582,101.443,101.728,0.0
2016-07-06,101.669,101.752,100.19,101.303,0.0
2016-07-07,101.298,101.393,100.589,100.778,0.0
2016-07-08,100.696,101.269,99.983,100.552,0.0
2016-07-11,100.596,102.885,100.5,102.784,0.0
2016-07-12,102.77,104.98,102.442,104.66,0.0
2016-07-13,104.671,104.873,103.894,104.48,0.0
2016-07-14,104.372,105.927,103.957,105.342,0.0
2016-07-15,105.305,106.308,104.615,104.808,0.0
2016-07-18,105.316,106.256,105.259,106.144,0.0
2016-07-19,106.143,106.527,105.635,106.129,0.0
2016-07-20,106.078,107.013,105.823,106.878,0.0
2016-07-21,106.843,107.486,105.401,105.799,0.0
2016-07-22,105.825,106.395,105.56,106.037,0.0
2016-07-25,106.089,106.716,105.733,105.797,0.0
2016-07-26,105.775,105.884,103.984,104.615,0.0
2016-07-27,104.626,106.534,104.607,105.385,0.0
2016-07-28,105.387,105.498,104.449,105.25,0.0
2016-07-29,105.231,105.592,101.961,102.022,0.0
2016-08-01,102.283,102.676,101.965,102.394,0.0
2016-08-02,102.388,102.824,100.675,100.882,0.0
2016-08-03,100.849,101.565,100.74,101.23,0.0
2016-08-04,101.194,101.66,100.854,101.205,0.0
2016-08-05,101.17,102.057,100.865,101.786,0.0
2016-08-08,101.951,102.649,101.837,102.444,0.0
2016-08-09,102.355,102.521,101.782,101.877,0.0
2016-08-10,101.843,101.95,100.961,101.261,0.0
2016-08-11,101.22,102.05,100.981,101.947,0.0
2016-08-12,101.918,102.261,100.818,101.285,0.0
2016-08-15,101.135,101.447,100.862,101.248,0.0
2016-08-16,101.248,101.286,99.506,100.295,0.0
2016-08-17,100.233,101.16,100.032,100.26,0.0
2016-08-18,100.229,100.482,99.634,99.87,0.0
2016-08-19,99.874,100.453,99.845,100.169,0.0
2016-08-22,100.732,100.927,100.207,100.311,0.0
2016-08-23,100.305,100.381,99.933,100.236,0.0
2016-08-24,100.217,100.602,100.082,100.44,0.0
2016-08-25,100.434,100.612,100.299,100.52,0.0
2016-08-26,100.506,101.936,100.052,101.792,0.0
2016-08-29,102.03,102.388,101.823,101.909,0.0
2016-08-30,101.882,103.129,101.741,102.95,0.0
2016-08-31,102.926,103.525,102.85,103.407,0.0
2016-09-01,103.422,103.992,103.053,103.219,0.0
2016-09-02,103.199,104.316,102.795,103.914,0.0
2016-09-05,103.377,104.122,103.141,103.419,0.0
2016-09-06,103.377,103.8,101.92,102.009,0.0
2016-09-07,102.019,102.123,101.179,101.735,0.0
2016-09-08,101.715,102.59,101.402,102.492,0.0
2016-09-09,102.38,103.049,101.955,102.686,0.0
2016-09-12,102.535,102.655,101.544,101.835,0.0
2016-09-13,101.819,102.742,101.41,102.538,0.0
2016-09-14,102.562,103.351,102.241,102.425,0.0
2016-09-15,102.404,102.75,101.863,102.074,0.0
2016-09-16,102.011,102.456,101.703,102.256,0.0
2016-09-19,102.131,102.41,101.576,101.913,0.0
2016-09-20,101.896,102.057,101.524,101.712,0.0
2016-09-21,101.673,102.775,100.284,100.301,0.0
2016-09-22,100.307,100.927,100.088,100.76,0.0
2016-09-23,100.711,101.239,100.67,100.971,0.0
2016-09-26,100.977,101.071,100.239,100.306,0.0
2016-09-27,100.287,100.983,100.071,100.413,0.0
2016-09-28,100.369,100.811,100.25,100.67,0.0
2016-09-29,100.652,101.834,100.636,101.03,0.0
2016-09-30,100.986,101.766,100.738,101.318,0.0
2016-10-03,101.191,101.659,101.138,101.635,0.0
2016-10-04,101.616,102.962,101.557,102.9,0.0
2016-10-05,102.833,103.661,102.662,103.509,0.0
2016-10-06,103.484,104.155,103.343,103.948,0.0
2016-10-07,103.954,104.02,102.851,102.906,0.0
2016-10-10,103.253,103.781,102.804,103.601,0.0
2016-10-11,103.593,104.066,103.162,103.516,0.0
2016-10-12,103.474,104.474,103.271,104.197,0.0
2016-10-13,104.229,104.629,103.323,103.695,0.0
2016-10-14,103.679,104.467,103.601,104.166,0.0
2016-10-17,104.341,104.366,103.779,103.884,0.0
2016-10-18,103.851,104.196,103.676,103.857,0.0
2016-10-19,103.813,103.94,103.157,103.44,0.0
2016-10-20,103.433,104.1,103.331,103.944,0.0
2016-10-21,103.928,104.197,103.514,103.81,0.0
2016-10-24,103.808,104.316,103.717,104.175,0.0
2016-10-25,104.104,104.867,104.101,104.208,0.0
2016-10-26,104.208,104.614,104.013,104.468,0.0
2016-10-27,104.441,105.343,104.282,105.278,0.0
2016-10-28,105.258,105.526,104.443,104.683,0.0
2016-10-31,104.385,105.226,104.37,104.808,0.0
2016-11-01,104.811,105.111,103.787,104.14,0.0
2016-11-02,104.118,104.158,103.009,103.299,0.0
2016-11-03,103.289,103.436,102.533,102.962,0.0
2016-11-04,102.98,103.349,102.825,103.063,0.0
2016-11-07,104.051,104.623,103.729,104.474,0.0
2016-11-08,104.439,105.185,104.29,105.15,0.0
2016-11-09,105.15,105.882,101.179,105.654,0.0
2016-11-10,105.661,106.94,104.945,106.793,0.0
2016-11-11,106.75,106.923,106.023,106.615,0.0
2016-11-14,106.869,108.537,106.721,108.421,0.0
2016-11-15,108.374,109.329,107.761,109.181,0.0
2016-11-16,109.144,109.751,108.786,109.072,0.0
2016-11-17,109.059,110.169,108.542,110.132,0.0
2016-11-18,110.133,110.942,109.791,110.908,0.0
2016-11-21,110.854,111.357,110.446,110.828,0.0
2016-11-22,110.745,111.349,110.252,111.136,0.0
2016-11-23,111.115,112.967,110.847,112.491,0.0
2016-11-24,112.496,113.526,112.322,113.313,0.0
2016-11-25,113.274,113.889,112.544,113.179,0.0
2016-11-28,112.766,112.966,111.348,111.907,0.0
2016-11-29,111.932,113.332,111.608,112.382,0.0
2016-11-30,112.353,114.534,112.045,114.455,0.0
2016-12-01,114.393,114.82,113.821,114.105,0.0
2016-12-02,114.072,114.198,113.322,113.467,0.0
2016-12-05,113.27,114.771,112.828,113.842,0.0
2016-12-06,113.809,114.179,113.496,114.027,0.0
2016-12-07,114.0,114.396,113.405,113.751,0.0
2016-12-08,113.776,114.37,113.105,114.024,0.0
2016-12-09,114.01,115.363,113.996,115.291,0.0
2016-12-12,115.392,116.117,114.846,115.017,0.0
2016-12-13,114.997,115.471,114.714,115.169,0.0
2016-12-14,115.157,117.382,114.764,117.027,0.0
2016-12-15,117.019,118.658,116.998,118.165,0.0
2016-12-16,118.157,118.422,117.456,117.908,0.0
2016-12-19,117.942,117.956,116.542,117.088,0.0
2016-12-20,117.075,118.237,116.982,117.839,0.0
2016-12-21,117.818,118.061,117.098,117.54,0.0
2016-12-22,117.519,117.873,117.262,117.529,0.0
2016-12-23,117.491,117.597,117.164,117.287,0.0
2016-12-27,117.041,117.61,117.041,117.417,0.0
2016-12-28,117.399,117.808,117.044,117.254,0.0
2016-12-29,117.09,117.167,116.226,116.533,0.0
2016-12-30,116.521,117.191,116.032,116.979,0.0
2017-01-03,117.251,118.601,117.198,117.73,0.0
2017-01-04,117.72,118.178,117.047,117.22,0.0
2017-01-05,117.216,117.424,115.206,115.345,0.0
2017-01-06,115.29,117.174,115.057,116.94,0.0
2017-01-09,117.001,117.525,115.943,116.065,0.0
2017-01-10,115.659,116.338,115.188,115.748,0.0
2017-01-11,115.741,116.866,114.233,115.395,0.0
2017-01-12,115.321,115.5,113.743,114.712,0.0
2017-01-13,114.67,115.441,114.122,114.453,0.0
2017-01-16,114.297,114.453,113.606,114.176,0.0
2017-01-17,114.139,114.275,112.597,112.601,0.0
2017-01-18,112.559,114.754,112.559,114.634,0.0
2017-01-19,114.604,115.615,114.395,114.845,0.0
2017-01-20,114.805,115.379,114.201,114.553,0.0
2017-01-23,114.216,114.413,112.693,112.708,0.0
2017-01-24,112.632,113.888,112.511,113.787,0.0
2017-01-25,113.73,113.984,113.027,113.27,0.0
2017-01-26,113.2,114.851,113.042,114.509,0.0
2017-01-27,114.521,115.369,114.386,115.047,0.0
2017-01-30,114.706,114.947,113.439,113.778,0.0
2017-01-31,113.737,113.957,112.067,112.783,0.0
2017-02-01,112.785,113.944,112.622,113.245,0.0
2017-02-02,113.186,113.356,112.046,112.789,0.0
2017-02-03,112.777,113.437,112.307,112.551,0.0
2017-02-06,112.436,112.772,111.615,111.726,0.0
2017-02-07,111.706,112.572,111.583,112.378,0.0
2017-02-08,112.348,112.537,111.624,111.935,0.0
2017-02-09,111.912,113.341,111.717,113.226,0.0
2017-02-10,113.227,113.852,112.843,113.164,0.0
2017-02-13,113.496,114.162,113.401,113.743,0.0
2017-02-14,113.724,114.492,113.246,114.249,0.0
2017-02-15,114.209,114.95,113.842,114.167,0.0
2017-02-16,114.115,114.299,113.073,113.226,0.0
2017-02-17,113.22,113.495,112.613,112.789,0.0
2017-02-20,112.865,113.233,112.782,113.091,0.0
2017-02-21,113.067,113.774,113.061,113.673,0.0
2017-02-22,113.637,113.724,112.902,113.31,0.0
2017-02-23,113.303,113.453,112.544,112.62,0.0
2017-02-24,112.573,112.947,111.926,112.098,0.0
2017-02-27,112.115,112.836,111.91,112.701,0.0
2017-02-28,112.666,112.894,111.679,112.752,0.0
2017-03-01,112.712,114.044,112.695,113.723,0.0
2017-03-02,113.723,114.584,113.669,114.409,0.0
2017-03-03,114.375,114.747,113.801,113.994,0.0
2017-03-06,113.856,114.131,113.551,113.878,0.0
2017-03-07,113.852,114.151,113.725,113.976,0.0
2017-03-08,113.97,114.756,113.604,114.382,0.0
2017-03-09,114.293,114.995,114.281,114.932,0.0
2017-03-10,114.908,115.501,114.642,114.738,0.0
2017-03-13,114.704,114.918,114.473,114.871,0.0
2017-03-14,114.875,115.186,114.51,114.742,0.0
2017-03-15,114.749,114.882,113.16,113.36,0.0
2017-03-16,113.368,113.535,112.888,113.286,0.0
2017-03-17,113.299,113.49,112.558,112.616,0.0
2017-03-20,112.632,112.894,112.444,112.561,0.0
2017-03-21,112.551,112.864,111.529,111.707,0.0
2017-03-22,111.709,111.783,110.728,111.158,0.0
2017-03-23,111.133,111.572,110.62,110.91,0.0
2017-03-24,110.92,111.48,110.616,111.306,0.0
2017-03-27,110.899,111.041,110.1,110.663,0.0
2017-03-28,110.642,111.198,110.176,111.125,0.0
2017-03-29,111.124,111.313,110.702,111.042,0.0
2017-03-30,111.016,111.94,110.932,111.927,0.0
2017-03-31,111.868,112.194,111.233,111.394,0.0
2017-04-03,111.394,111.581,110.846,110.904,0.0
2017-04-04,110.895,110.928,110.26,110.734,0.0
2017-04-05,110.741,111.446,110.528,110.69,0.0
2017-04-06,110.686,111.134,110.28,110.801,0.0
2017-04-07,110.78,111.364,110.085,111.04,0.0
2017-04-10,111.036,111.576,110.798,110.919,0.0
2017-04-11,110.924,110.926,109.595,109.601,0.0
2017-04-12,109.605,109.859,108.949,108.978,0.0
2017-04-13,109.013,109.39,108.721,109.091,0.0
2017-04-14,109.114,109.223,108.525,108.606,0.0
2017-04-17,108.701,109.05,108.122,108.904,0.0
2017-04-18,108.875,109.218,108.313,108.43,0.0
2017-04-19,108.372,109.175,108.359,108.846,0.0
2017-04-20,108.853,109.486,108.712,109.31,0.0
2017-04-21,109.312,109.42,108.872,109.03,0.0
2017-04-24,110.561,110.581,109.655,109.757,0.0
2017-04-25,109.763,111.186,109.584,111.08,0.0
2017-04-26,111.042,111.777,110.861,111.05,0.0
2017-04-27,111.052,111.593,110.971,111.253,0.0
2017-04-28,111.233,111.715,111.062,111.489,0.0
2017-05-01,111.231,111.918,111.203,111.824,0.0
2017-05-02,111.802,112.302,111.767,111.989,0.0
2017-05-03,111.973,112.773,111.947,112.759,0.0
2017-05-04,112.742,113.045,112.307,112.459,0.0
2017-05-05,112.429,112.795,112.085,112.667,0.0
2017-05-08,112.889,113.291,112.385,113.247,0.0
2017-05-09,113.234,114.326,113.126,113.986,0.0
2017-05-10,113.935,114.367,113.617,114.283,0.0
2017-05-11,114.253,114.365,113.452,113.858,0.0
2017-05-12,113.804,113.949,113.198,113.323,0.0
2017-05-15,113.153,113.85,113.107,113.787,0.0
2017-05-16,113.743,113.78,112.92,113.108,0.0
2017-05-17,113.079,113.126,110.779,110.805,0.0
2017-05-18,110.778,111.731,110.233,111.472,0.0
2017-05-19,111.491,111.691,111.022,111.248,0.0
2017-05-22,111.008,111.603,110.921,111.292,0.0
2017-05-23,111.285,111.85,110.856,111.774,0.0
2017-05-24,111.744,112.125,111.469,111.476,0.0
2017-05-25,111.468,111.944,111.461,111.822,0.0
2017-05-26,111.738,111.846,110.871,111.309,0.0
2017-05-29,111.226,111.459,111.124,111.264,0.0
2017-05-30,111.222,111.305,110.654,110.836,0.0
2017-05-31,110.811,111.222,110.473,110.757,0.0
2017-06-01,110.722,111.476,110.62,111.362,0.0
2017-06-02,111.312,111.703,110.321,110.421,0.0
2017-06-05,110.326,110.725,110.301,110.47,0.0
2017-06-06,110.444,110.507,109.218,109.4,0.0
2017-06-07,109.371,109.88,109.111,109.816,0.0
2017-06-08,109.796,110.382,109.37,110.023,0.0
2017-06-09,109.99,110.809,109.702,110.318,0.0
2017-06-12,110.293,110.429,109.623,109.928,0.0
2017-06-13,109.924,110.268,109.765,110.062,0.0
2017-06-14,110.036,110.34,108.788,109.562,0.0
2017-06-15,109.571,110.975,109.261,110.935,0.0
2017-06-16,110.934,111.414,110.636,110.852,0.0
2017-06-19,110.875,111.595,110.713,111.523,0.0
2017-06-20,111.512,111.786,111.306,111.442,0.0
2017-06-21,111.435,111.736,111.06,111.357,0.0
2017-06-22,111.357,111.444,110.944,111.31,0.0
2017-06-23,111.29,111.427,111.15,111.255,0.0
2017-06-26,111.142,111.941,111.116,111.857,0.0
2017-06-27,111.824,112.458,111.459,112.341,0.0
2017-06-28,112.315,112.408,111.821,112.322,0.0
2017-06-29,112.278,112.922,111.802,112.157,0.0
2017-06-30,112.145,112.6,111.718,112.36,0.0
2017-07-03,112.081,113.468,112.054,113.375,0.0
2017-07-04,113.352,113.442,112.723,113.273,0.0
2017-07-05,113.263,113.683,112.815,113.252,0.0
2017-07-06,113.244,113.462,112.883,113.201,0.0
2017-07-07,113.155,114.176,113.099,113.897,0.0
2017-07-10,113.856,114.294,113.856,114.03,0.0
2017-07-11,114.019,114.492,113.708,113.939,0.0
2017-07-12,113.922,113.959,112.92,113.163,0.0
2017-07-13,113.144,113.524,112.856,113.283,0.0
2017-07-14,113.26,113.569,112.25,112.513,0.0
2017-07-17,112.452,112.858,112.325,112.62,0.0
2017-07-18,112.604,112.674,111.677,112.046,0.0
2017-07-19,112.065,112.229,111.547,111.928,0.0
2017-07-20,111.91,112.415,111.477,111.889,0.0
2017-07-21,111.884,112.074,111.008,111.117,0.0
2017-07-24,111.088,111.313,110.617,111.095,0.0
2017-07-25,111.086,111.951,110.823,111.875,0.0
2017-07-26,111.882,112.19,111.056,111.167,0.0
2017-07-27,111.153,111.706,110.776,111.26,0.0
2017-07-28,111.245,111.318,110.542,110.659,0.0
2017-07-31,110.623,110.766,110.209,110.25,0.0
2017-08-01,110.245,110.581,109.909,110.376,0.0
2017-08-02,110.345,110.978,110.254,110.736,0.0
2017-08-03,110.65,110.821,109.846,110.041,0.0
2017-08-04,110.024,111.045,109.837,110.664,0.0
2017-08-07,110.678,110.915,110.641,110.724,0.0
2017-08-08,110.724,110.823,110.241,110.329,0.0
2017-08-09,110.306,110.353,109.554,110.053,0.0
2017-08-10,110.048,110.173,109.142,109.207,0.0
2017-08-11,109.173,109.399,108.716,109.153,0.0
2017-08-14,109.145,109.793,109.02,109.644,0.0
2017-08-15,109.634,110.843,109.598,110.668,0.0
2017-08-16,110.636,110.944,110.024,110.183,0.0
2017-08-17,110.188,110.365,109.441,109.557,0.0
2017-08-18,109.497,109.594,108.597,109.192,0.0
2017-08-21,109.336,109.416,108.632,108.957,0.0
2017-08-22,108.96,109.647,108.837,109.548,0.0
2017-08-23,109.553,109.819,108.915,109.026,0.0
2017-08-24,109.021,109.598,108.841,109.536,0.0
2017-08-25,109.533,109.837,109.106,109.323,0.0
2017-08-28,109.158,109.408,109.017,109.246,0.0
2017-08-29,109.236,109.896,108.248,109.744,0.0
2017-08-30,109.616,110.434,109.533,110.225,0.0
2017-08-31,110.23,110.663,109.874,109.96,0.0
2017-09-01,109.954,110.471,109.557,110.236,0.0
2017-09-04,109.478,109.925,109.377,109.686,0.0
2017-09-05,109.664,109.829,108.625,108.802,0.0
2017-09-06,108.784,109.391,108.441,109.231,0.0
2017-09-07,109.171,109.256,108.039,108.457,0.0
2017-09-08,108.445,108.48,107.312,107.837,0.0
2017-09-11,108.153,109.5,108.087,109.367,0.0
2017-09-12,109.363,110.248,109.233,110.159,0.0
2017-09-13,110.143,110.685,109.898,110.481,0.0
2017-09-14,110.434,111.03,110.055,110.227,0.0
2017-09-15,110.213,111.327,109.528,110.823,0.0
2017-09-18,111.04,111.656,110.988,111.56,0.0
2017-09-19,111.558,111.875,111.194,111.589,0.0
2017-09-20,111.571,112.525,111.08,112.169,0.0
2017-09-21,112.191,112.711,112.13,112.479,0.0
2017-09-22,112.455,112.549,111.647,111.98,0.0
2017-09-25,112.196,112.523,111.463,111.712,0.0
2017-09-26,111.654,112.468,111.492,112.225,0.0
2017-09-27,112.204,113.251,112.196,112.797,0.0
2017-09-28,112.813,113.201,112.248,112.332,0.0
2017-09-29,112.273,112.729,112.206,112.456,0.0
2017-10-02,112.601,113.054,112.407,112.751,0.0
2017-10-03,112.742,113.19,112.599,112.831,0.0
2017-10-04,112.766,112.933,112.316,112.753,0.0
2017-10-05,112.721,112.915,112.407,112.813,0.0
2017-10-06,112.793,113.433,112.599,112.624,0.0
2017-10-09,112.531,112.739,112.324,112.675,0.0
2017-10-10,112.641,112.823,111.984,112.445,0.0
2017-10-11,112.426,112.579,112.074,112.489,0.0
2017-10-12,112.466,112.513,112.12,112.29,0.0
2017-10-13,112.257,112.299,111.681,111.828,0.0
2017-10-16,111.713,112.284,111.646,112.18,0.0
2017-10-17,112.161,112.474,112.03,112.187,0.0
2017-10-18,112.175,113.045,112.128,112.924,0.0
2017-10-19,112.918,113.141,112.289,112.537,0.0
2017-10-20,112.497,113.563,112.493,113.495,0.0
2017-10-23,113.833,114.092,113.238,113.428,0.0
2017-10-24,113.41,114.016,113.242,113.903,0.0
2017-10-25,113.894,114.238,113.475,113.728,0.0
2017-10-26,113.734,114.07,113.335,113.981,0.0
2017-10-27,113.959,114.443,113.632,113.668,0.0
2017-10-30,113.696,113.83,113.019,113.17,0.0
2017-10-31,113.159,113.728,112.95,113.631,0.0
2017-11-01,113.617,114.274,113.592,114.173,0.0
2017-11-02,114.165,114.21,113.529,114.078,0.0
2017-11-03,114.069,114.421,113.582,114.032,0.0
2017-11-06,113.977,114.728,113.685,113.699,0.0
2017-11-07,113.699,114.334,113.691,113.976,0.0
2017-11-08,113.983,113.997,113.389,113.866,0.0
2017-11-09,113.853,114.062,113.083,113.461,0.0
2017-11-10,113.456,113.631,113.215,113.513,0.0
2017-11-13,113.431,113.708,113.238,113.619,0.0
2017-11-14,113.603,113.906,113.304,113.443,0.0
2017-11-15,113.431,113.49,112.469,112.868,0.0
2017-11-16,112.866,113.323,112.726,113.051,0.0
2017-11-17,112.98,113.138,111.941,112.058,0.0
2017-11-20,112.102,112.711,111.879,112.608,0.0
2017-11-21,112.608,112.699,112.169,112.434,0.0
2017-11-22,112.422,112.487,111.135,111.216,0.0
2017-11-23,111.14,111.374,111.062,111.206,0.0
2017-11-24,111.164,111.615,111.164,111.486,0.0
2017-11-27,111.463,111.684,110.836,111.089,0.0
2017-11-28,111.126,111.633,110.925,111.47,0.0
2017-11-29,111.389,112.143,111.344,111.931,0.0
2017-11-30,111.846,112.632,111.728,112.526,0.0
2017-12-01,112.518,112.869,111.383,112.162,0.0
2017-12-04,112.745,113.083,112.358,112.395,0.0
2017-12-05,112.396,112.861,112.371,112.58,0.0
2017-12-06,112.581,112.619,111.984,112.281,0.0
2017-12-07,112.233,113.152,112.214,113.076,0.0
2017-12-08,113.068,113.583,113.068,113.459,0.0
2017-12-11,113.509,113.684,113.237,113.546,0.0
2017-12-12,113.505,113.745,113.366,113.543,0.0
2017-12-13,113.537,113.569,112.451,112.529,0.0
2017-12-14,112.528,112.878,112.056,112.397,0.0
2017-12-15,112.357,112.738,112.027,112.585,0.0
2017-12-18,112.701,112.824,112.303,112.534,0.0
2017-12-19,112.52,113.072,112.505,112.879,0.0
2017-12-20,112.854,113.461,112.832,113.379,0.0
2017-12-21,113.37,113.631,113.194,113.316,0.0
2017-12-22,113.303,113.44,113.219,113.252,0.0
2017-12-26,113.214,113.347,113.114,113.228,0.0
2017-12-27,113.201,113.369,113.126,113.324,0.0
2017-12-28,113.17,113.26,112.658,112.858,0.0
2017-12-29,112.859,112.963,112.467,112.646,0.0
2018-01-02,112.626,112.786,112.05,112.281,0.0
2018-01-03,112.246,112.601,112.166,112.503,0.0
2018-01-04,112.497,112.859,112.455,112.743,0.0
2018-01-05,112.723,113.301,112.708,113.039,0.0
2018-01-08,113.112,113.381,112.877,113.084,0.0
2018-01-09,113.063,113.174,112.36,112.641,0.0
2018-01-10,112.633,112.78,111.264,111.424,0.0
2018-01-11,111.404,111.869,111.037,111.26,0.0
2018-01-12,111.185,111.689,110.906,110.997,0.0
2018-01-15,111.057,111.179,110.32,110.526,0.0
2018-01-16,110.506,110.977,110.241,110.464,0.0
2018-01-17,110.444,111.339,110.186,111.297,0.0
2018-01-18,111.248,111.477,110.683,111.097,0.0
2018-01-19,111.029,111.124,110.483,110.801,0.0
2018-01-22,110.526,111.218,110.492,110.931,0.0
2018-01-23,110.879,111.173,110.246,110.281,0.0
2018-01-24,110.287,110.331,108.961,109.211,0.0
2018-01-25,109.182,109.693,108.494,109.397,0.0
2018-01-26,109.396,109.761,108.277,108.614,0.0
2018-01-29,108.664,109.196,108.502,108.946,0.0
2018-01-30,108.928,109.199,108.408,108.773,0.0
2018-01-31,108.756,109.44,108.589,109.175,0.0
2018-02-01,109.171,109.745,109.087,109.395,0.0
2018-02-02,109.388,110.477,109.275,110.137,0.0
2018-02-05,110.162,110.274,108.983,109.133,0.0
2018-02-06,109.081,109.646,108.45,109.553,0.0
2018-02-07,109.513,109.707,108.912,109.326,0.0
2018-02-08,109.322,109.778,108.574,108.746,0.0
2018-02-09,108.708,109.303,108.04,108.757,0.0
2018-02-12,108.838,108.881,108.431,108.651,0.0
2018-02-13,108.612,108.774,107.402,107.809,0.0
2018-02-14,107.772,107.895,106.715,107.006,0.0
2018-02-15,106.93,106.986,106.03,106.141,0.0
2018-02-16,106.093,106.391,105.54,106.287,0.0
2018-02-19,106.294,106.722,106.088,106.582,0.0
2018-02-20,106.562,107.37,106.549,107.318,0.0
2018-02-21,107.32,107.898,107.258,107.766,0.0
2018-02-22,107.746,107.761,106.588,106.752,0.0
2018-02-23,106.739,107.128,106.507,106.847,0.0
2018-02-26,107.173,107.173,106.369,106.943,0.0
2018-02-27,106.901,107.67,106.773,107.316,0.0
2018-02-28,107.31,107.521,106.558,106.674,0.0
2018-03-01,106.634,107.199,106.154,106.231,0.0
2018-03-02,106.198,106.292,105.243,105.711,0.0
2018-03-05,105.412,106.233,105.344,106.191,0.0
2018-03-06,106.192,106.457,105.848,106.111,0.0
2018-03-07,106.109,106.215,105.449,106.055,0.0
2018-03-08,106.049,106.308,105.887,106.193,0.0
2018-03-09,106.168,107.042,106.152,106.803,0.0
2018-03-12,106.612,106.966,106.3,106.407,0.0
2018-03-13,106.381,107.286,106.248,106.57,0.0
2018-03-14,106.548,106.743,106.059,106.32,0.0
2018-03-15,106.27,106.408,105.779,106.334,0.0
2018-03-16,106.334,106.363,105.597,105.952,0.0
2018-03-19,105.884,106.302,105.672,106.086,0.0
2018-03-20,106.084,106.601,105.922,106.53,0.0
2018-03-21,106.527,106.634,105.871,106.037,0.0
2018-03-22,106.014,106.081,105.255,105.274,0.0
2018-03-23,105.294,105.325,104.623,104.717,0.0
2018-03-26,104.62,105.474,104.6,105.389,0.0
2018-03-27,105.375,105.897,105.313,105.319,0.0
2018-03-28,105.299,107.005,105.299,106.842,0.0
2018-03-29,106.817,106.927,106.259,106.418,0.0
2018-03-30,106.397,106.526,106.115,106.26,0.0
2018-04-02,106.199,106.444,105.652,105.892,0.0
2018-04-03,105.853,106.651,105.687,106.598,0.0
2018-04-04,106.585,106.842,105.982,106.769,0.0
2018-04-05,106.767,107.486,106.705,107.376,0.0
2018-04-06,107.371,107.454,106.77,106.913,0.0
2018-04-09,106.926,107.198,106.611,106.738,0.0
2018-04-10,106.743,107.393,106.613,107.194,0.0
2018-04-11,107.178,107.241,106.645,106.783,0.0
2018-04-12,106.779,107.424,106.695,107.338,0.0
2018-04-13,107.282,107.774,107.199,107.333,0.0
2018-04-16,107.473,107.601,107.03,107.103,0.0
2018-04-17,107.079,107.206,106.878,107.0,0.0
2018-04-18,106.967,107.38,106.967,107.218,0.0
2018-04-19,107.195,107.511,107.146,107.361,0.0
2018-04-20,107.351,107.851,107.347,107.623,0.0
2018-04-23,107.748,108.748,107.652,108.694,0.0
2018-04-24,108.697,109.195,108.537,108.805,0.0
2018-04-25,108.781,109.448,108.76,109.419,0.0
2018-04-26,109.391,109.458,109.06,109.295,0.0
2018-04-27,109.256,109.533,108.896,109.045,0.0
2018-04-30,109.048,109.446,108.967,109.318,0.0
2018-05-01,109.28,109.884,109.218,109.856,0.0
2018-05-02,109.854,110.028,109.588,109.836,0.0
2018-05-03,109.82,109.877,108.923,109.187,0.0
2018-05-04,109.171,109.267,108.641,109.035,0.0
2018-05-07,109.076,109.392,108.751,109.082,0.0
2018-05-08,108.995,109.346,108.822,109.126,0.0
2018-05-09,109.119,109.828,108.991,109.732,0.0
2018-05-10,109.696,110.012,109.291,109.384,0.0
2018-05-11,109.386,109.561,109.146,109.352,0.0
2018-05-14,109.34,109.673,109.18,109.646,0.0
2018-05-15,109.656,110.461,109.637,110.352,0.0
2018-05-16,110.35,110.406,110.035,110.406,0.0
2018-05-17,110.396,110.865,110.07,110.774,0.0
2018-05-18,110.768,111.085,110.607,110.759,0.0
2018-05-21,110.9,111.396,110.755,111.045,0.0
2018-05-22,111.049,111.185,110.791,110.899,0.0
2018-05-23,110.902,110.944,109.55,110.083,0.0
2018-05-24,110.081,110.115,108.955,109.251,0.0
2018-05-25,109.258,109.743,109.126,109.385,0.0
2018-05-28,109.76,109.902,109.23,109.418,0.0
2018-05-29,109.416,109.481,108.114,108.771,0.0
2018-05-30,108.763,109.075,108.35,108.902,0.0
2018-05-31,108.908,109.003,108.395,108.808,0.0
2018-06-01,108.817,109.745,108.724,109.519,0.0
2018-06-04,109.435,109.89,109.37,109.818,0.0
2018-06-05,109.814,110.04,109.47,109.8,0.0
2018-06-06,109.79,110.27,109.77,110.187,0.0
2018-06-07,110.186,110.193,109.479,109.703,0.0
2018-06-08,109.702,109.855,109.179,109.539,0.0
2018-06-11,109.33,110.118,109.315,110.033,0.0
2018-06-12,110.036,110.494,109.966,110.374,0.0
2018-06-13,110.377,110.85,110.27,110.342,0.0
2018-06-14,110.344,110.694,109.91,110.626,0.0
2018-06-15,110.634,110.905,110.389,110.662,0.0
2018-06-18,110.675,110.745,110.301,110.551,0.0
2018-06-19,110.549,110.61,109.55,110.062,0.0
2018-06-20,110.057,110.451,109.852,110.355,0.0
2018-06-21,110.358,110.767,109.842,109.969,0.0
2018-06-22,109.999,110.219,109.801,109.986,0.0
2018-06-25,109.865,110.095,109.37,109.764,0.0
2018-06-26,109.773,110.23,109.36,110.021,0.0
2018-06-27,110.04,110.49,109.688,110.272,0.0
2018-06-28,110.262,110.68,109.968,110.497,0.0
2018-06-29,110.492,110.943,110.37,110.687,0.0
2018-07-02,110.66,111.062,110.605,110.888,0.0
2018-07-03,110.899,111.14,110.504,110.578,0.0
2018-07-04,110.601,110.62,110.28,110.506,0.0
2018-07-05,110.497,110.719,110.29,110.662,0.0
2018-07-06,110.633,110.791,110.37,110.481,0.0
2018-07-09,110.445,110.905,110.35,110.843,0.0
2018-07-10,110.842,111.354,110.795,111.05,0.0
2018-07-11,110.997,112.173,110.764,111.998,0.0
2018-07-12,112.006,112.63,111.915,112.527,0.0
2018-07-13,112.548,112.82,112.27,112.349,0.0
2018-07-16,112.323,112.564,112.22,112.276,0.0
2018-07-17,112.295,112.93,112.224,112.881,0.0
2018-07-18,112.877,113.138,112.693,112.845,0.0
2018-07-19,112.852,113.21,112.05,112.469,0.0
2018-07-20,112.471,112.63,111.385,111.462,0.0
2018-07-23,111.362,111.543,110.75,111.357,0.0
2018-07-24,111.347,111.515,110.958,111.2,0.0
2018-07-25,111.197,111.385,110.666,110.966,0.0
2018-07-26,110.973,111.25,110.588,111.227,0.0
2018-07-27,111.23,111.26,110.79,111.016,0.0
2018-07-30,110.925,111.165,110.89,111.067,0.0
2018-07-31,111.06,111.959,110.765,111.871,0.0
2018-08-01,111.871,112.152,111.39,111.71,0.0
2018-08-02,111.721,111.755,111.317,111.646,0.0
2018-08-03,111.657,111.861,111.095,111.273,0.0
2018-08-06,111.23,111.56,111.15,111.41,0.0
2018-08-07,111.405,111.479,110.99,111.376,0.0
2018-08-08,111.38,111.438,110.83,110.952,0.0
2018-08-09,110.983,111.19,110.71,111.084,0.0
2018-08-10,111.083,111.17,110.513,110.933,0.0
2018-08-13,110.475,110.934,110.1,110.73,0.0
2018-08-14,110.725,111.313,110.589,111.15,0.0
2018-08-15,111.15,111.432,110.43,110.743,0.0
2018-08-16,110.745,111.115,110.462,110.898,0.0
2018-08-17,110.901,111.054,110.31,110.506,0.0
2018-08-20,110.585,110.69,109.97,110.072,0.0
2018-08-21,110.068,110.55,109.77,110.271,0.0
2018-08-22,110.285,110.617,109.98,110.557,0.0
2018-08-23,110.56,111.316,110.51,111.3,0.0
2018-08-24,111.29,111.49,111.105,111.268,0.0
2018-08-27,111.325,111.35,110.93,111.074,0.0
2018-08-28,111.08,111.356,110.95,111.197,0.0
2018-08-29,111.194,111.83,111.077,111.679,0.0
2018-08-30,111.678,111.757,110.95,111.024,0.0
2018-08-31,110.996,111.136,110.685,111.109,0.0
2018-09-03,111.115,111.19,110.845,111.096,0.0
2018-09-04,111.066,111.534,110.9,111.481,0.0
2018-09-05,111.401,111.77,111.378,111.529,0.0
2018-09-06,111.531,111.537,110.523,110.73,0.0
2018-09-07,110.756,111.251,110.379,111.083,0.0
2018-09-10,111.035,111.25,110.85,111.119,0.0
2018-09-11,111.135,111.644,111.045,111.598,0.0
2018-09-12,111.631,111.65,111.115,111.25,0.0
2018-09-13,111.265,111.999,111.149,111.927,0.0
2018-09-14,111.927,112.17,111.75,112.072,0.0
2018-09-17,112.045,112.125,111.759,111.861,0.0
2018-09-18,111.852,112.42,111.665,112.357,0.0
2018-09-19,112.366,112.45,112.155,112.301,0.0
2018-09-20,112.276,112.59,112.048,112.498,0.0
2018-09-21,112.491,112.875,112.43,112.548,0.0
2018-09-24,112.435,112.833,112.41,112.814,0.0
2018-09-25,112.783,112.978,112.735,112.972,0.0
2018-09-26,112.973,113.132,112.63,112.743,0.0
2018-09-27,112.731,113.47,112.555,113.406,0.0
2018-09-28,113.391,113.71,113.315,113.685,0.0
2018-10-01,113.74,114.11,113.688,113.981,0.0
2018-10-02,113.93,114.05,113.53,113.683,0.0
2018-10-03,113.662,114.58,113.522,114.543,0.0
2018-10-04,114.536,114.55,113.634,113.944,0.0
2018-10-05,113.927,114.103,113.555,113.725,0.0
2018-10-08,113.805,113.95,112.815,113.237,0.0
2018-10-09,113.235,113.393,112.87,112.959,0.0
2018-10-10,112.958,113.286,112.258,112.258,0.0
2018-10-11,112.275,112.536,111.83,112.165,0.0
2018-10-12,112.164,112.497,111.875,112.231,0.0
2018-10-15,112.225,112.236,111.622,111.773,0.0
2018-10-16,111.772,112.339,111.725,112.244,0.0
2018-10-17,112.248,112.675,112.01,112.665,0.0
2018-10-18,112.649,112.73,111.955,112.192,0.0
2018-10-19,112.208,112.649,112.143,112.534,0.0
2018-10-22,112.54,112.885,112.35,112.822,0.0
2018-10-23,112.822,112.87,111.954,112.5,0.0
2018-10-24,112.444,112.743,112.09,112.251,0.0
2018-10-25,112.256,112.674,111.822,112.396,0.0
2018-10-26,112.41,112.45,111.37,111.895,0.0
2018-10-29,111.875,112.56,111.775,112.381,0.0
2018-10-30,112.378,113.09,112.306,113.082,0.0
2018-10-31,113.08,113.384,112.804,112.985,0.0
2018-11-01,112.945,113.029,112.605,112.7,0.0
2018-11-02,112.707,113.32,112.52,113.2,0.0
2018-11-05,113.175,113.338,113.07,113.196,0.0
2018-11-06,113.194,113.53,113.103,113.452,0.0
2018-11-07,113.432,113.819,112.944,113.565,0.0
2018-11-08,113.524,114.11,113.475,114.047,0.0
2018-11-09,114.067,114.087,113.643,113.811,0.0
2018-11-12,113.81,114.21,113.663,113.836,0.0
2018-11-13,113.839,114.15,113.575,113.806,0.0
2018-11-14,113.813,114.007,113.29,113.634,0.0
2018-11-15,113.63,113.73,113.095,113.626,0.0
2018-11-16,113.64,113.66,112.643,112.813,0.0
2018-11-19,112.79,112.875,112.419,112.553,0.0
2018-11-20,112.552,112.846,112.306,112.744,0.0
2018-11-21,112.769,113.18,112.644,113.05,0.0
2018-11-22,113.065,113.196,112.875,112.948,0.0
2018-11-23,112.936,113.011,112.655,112.971,0.0
2018-11-26,112.975,113.652,112.878,113.603,0.0
2018-11-27,113.589,113.843,113.41,113.774,0.0
2018-11-28,113.785,114.037,113.449,113.685,0.0
2018-11-29,113.68,113.69,113.19,113.476,0.0
2018-11-30,113.483,113.715,113.34,113.477,0.0
2018-12-03,113.7,113.825,113.37,113.638,0.0
2018-12-04,113.66,113.67,112.575,112.783,0.0
2018-12-05,112.78,113.25,112.645,113.187,0.0
2018-12-06,113.19,113.23,112.235,112.675,0.0
2018-12-07,112.673,112.93,112.55,112.707,0.0
2018-12-10,112.62,113.37,112.243,113.317,0.0
2018-12-11,113.339,113.47,112.975,113.385,0.0
2018-12-12,113.385,113.521,113.135,113.272,0.0
2018-12-13,113.288,113.71,113.192,113.612,0.0
2018-12-14,113.631,113.676,113.205,113.394,0.0
2018-12-17,113.355,113.53,112.683,112.831,0.0
2018-12-18,112.831,112.87,112.25,112.525,0.0
2018-12-19,112.522,112.665,112.088,112.483,0.0
2018-12-20,112.476,112.61,110.81,111.289,0.0
2018-12-21,111.284,111.47,110.93,111.206,0.0
2018-12-24,110.965,111.24,110.27,110.452,0.0
2018-12-26,110.314,111.43,110.132,111.363,0.0
2018-12-27,111.367,111.379,110.45,110.992,0.0
2018-12-28,110.98,111.035,110.143,110.294,0.0
2018-12-31,110.32,110.476,109.555,109.603,0.0
2019-01-02,109.71,109.748,108.706,108.881,0.0
2019-01-03,108.879,108.92,105.18,107.639,0.0
2019-01-04,107.666,108.595,107.51,108.52,0.0
2019-01-07,108.54,108.75,108.024,108.712,0.0
2019-01-08,108.719,109.09,108.444,108.74,0.0
2019-01-09,108.75,109.0,107.973,108.13,0.0
2019-01-10,108.17,108.517,107.77,108.427,0.0
2019-01-11,108.432,108.61,108.146,108.562,0.0
2019-01-14,108.555,108.575,107.989,108.164,0.0
2019-01-15,108.163,108.77,108.115,108.7,0.0
2019-01-16,108.691,109.197,108.37,109.097,0.0
2019-01-17,109.09,109.399,108.687,109.244,0.0
2019-01-18,109.26,109.891,109.05,109.774,0.0
2019-01-21,109.71,109.765,109.47,109.664,0.0
2019-01-22,109.668,109.695,109.145,109.365,0.0
2019-01-23,109.375,109.998,109.316,109.635,0.0
2019-01-24,109.604,109.801,109.415,109.638,0.0
2019-01-25,109.637,109.95,109.45,109.545,0.0
2019-01-28,109.545,109.58,109.16,109.335,0.0
2019-01-29,109.353,109.546,109.13,109.377,0.0
2019-01-30,109.4,109.75,108.81,109.046,0.0
2019-01-31,109.04,109.074,108.495,108.865,0.0
2019-02-01,108.889,109.585,108.725,109.505,0.0
2019-02-04,109.525,110.162,109.43,109.907,0.0
2019-02-05,109.888,110.042,109.783,109.965,0.0
2019-02-06,109.965,110.053,109.555,109.976,0.0
2019-02-07,109.976,110.089,109.606,109.822,0.0
2019-02-08,109.825,109.897,109.646,109.762,0.0
2019-02-11,109.775,110.47,109.755,110.384,0.0
2019-02-12,110.379,110.654,110.345,110.486,0.0
2019-02-13,110.48,111.056,110.425,111.005,0.0
2019-02-14,111.009,111.13,110.465,110.484,0.0
2019-02-15,110.486,110.65,110.255,110.467,0.0
2019-02-18,110.465,110.653,110.43,110.611,0.0
2019-02-19,110.604,110.825,110.45,110.606,0.0
2019-02-20,110.633,110.95,110.542,110.852,0.0
2019-02-21,110.849,110.9,110.57,110.708,0.0
2019-02-22,110.701,110.91,110.55,110.669,0.0
2019-02-25,110.66,111.236,110.579,111.06,0.0
2019-02-26,111.061,111.09,110.38,110.581,0.0
2019-02-27,110.587,111.076,110.35,110.994,0.0
2019-02-28,110.989,111.494,110.655,111.385,0.0
2019-03-01,111.388,112.077,111.33,111.933,0.0
2019-03-04,111.845,112.013,111.639,111.746,0.0
2019-03-05,111.748,112.138,111.718,111.885,0.0
2019-03-06,111.89,111.92,111.61,111.775,0.0
2019-03-07,111.768,111.858,111.484,111.585,0.0
2019-03-08,111.573,111.651,110.788,111.17,0.0
2019-03-11,111.005,111.305,110.87,111.213,0.0
2019-03-12,111.203,111.47,111.105,111.347,0.0
2019-03-13,111.361,111.47,111.003,111.144,0.0
2019-03-14,111.175,111.85,111.145,111.685,0.0
2019-03-15,111.707,111.94,111.35,111.469,0.0
2019-03-18,111.48,111.63,111.295,111.43,0.0
2019-03-19,111.432,111.476,111.14,111.411,0.0
2019-03-20,111.399,111.7,110.536,110.702,0.0
2019-03-21,110.696,110.959,110.295,110.818,0.0
2019-03-22,110.823,110.898,109.71,109.919,0.0
2019-03-25,109.93,110.241,109.715,109.964,0.0
2019-03-26,109.965,110.691,109.93,110.631,0.0
2019-03-27,110.635,110.713,110.23,110.512,0.0
2019-03-28,110.515,110.833,110.015,110.654,0.0
2019-03-29,110.634,110.98,110.52,110.844,0.0
2019-04-01,111.04,111.443,110.81,111.358,0.0
2019-04-02,111.347,111.456,111.25,111.318,0.0
2019-04-03,111.325,111.576,111.205,111.492,0.0
2019-04-04,111.49,111.665,111.33,111.642,0.0
2019-04-05,111.658,111.823,111.587,111.718,0.0
2019-04-08,111.71,111.76,111.275,111.498,0.0
2019-04-09,111.475,111.579,110.98,111.153,0.0
2019-04-10,111.144,111.281,110.843,111.013,0.0
2019-04-11,111.014,111.71,110.902,111.663,0.0
2019-04-12,111.663,112.092,111.55,112.013,0.0
2019-04-15,111.975,112.097,111.885,112.035,0.0
2019-04-16,112.035,112.08,111.848,112.016,0.0
2019-04-17,112.005,112.17,111.915,112.077,0.0
2019-04-18,112.06,112.085,111.767,111.977,0.0
2019-04-19,111.986,112.01,111.89,111.936,0.0
2019-04-22,111.88,111.991,111.85,111.938,0.0
2019-04-23,111.944,112.034,111.65,111.86,0.0
2019-04-24,111.866,112.405,111.683,112.185,0.0
2019-04-25,112.19,112.239,111.365,111.617,0.0
2019-04-26,111.631,112.017,111.43,111.575,0.0
2019-04-29,111.575,111.898,111.545,111.64,0.0
2019-04-30,111.645,111.728,111.21,111.435,0.0
2019-05-01,111.424,111.612,111.05,111.39,0.0
2019-05-02,111.388,111.665,111.345,111.509,0.0
2019-05-03,111.507,111.7,111.065,111.109,0.0
2019-05-06,110.63,110.96,110.26,110.87,0.0
2019-05-07,110.8,110.88,110.16,110.246,0.0
2019-05-08,110.259,110.311,109.895,110.105,0.0
2019-05-09,110.1,110.12,109.47,109.763,0.0
2019-05-10,109.773,110.05,109.475,109.948,0.0
2019-05-13,109.77,109.859,109.01,109.307,0.0
2019-05-14,109.304,109.774,109.145,109.606,0.0
2019-05-15,109.609,109.705,109.15,109.588,0.0
2019-05-16,109.603,109.97,109.33,109.845,0.0
2019-05-17,109.843,110.19,109.495,110.068,0.0
2019-05-20,110.14,110.319,109.81,110.063,0.0
2019-05-21,110.064,110.677,110.015,110.485,0.0
2019-05-22,110.495,110.63,110.23,110.353,0.0
2019-05-23,110.354,110.37,109.455,109.594,0.0
2019-05-24,109.61,109.745,109.27,109.295,0.0
2019-05-27,109.32,109.583,109.278,109.528,0.0
2019-05-28,109.506,109.632,109.21,109.36,0.0
2019-05-29,109.375,109.7,109.147,109.592,0.0
2019-05-30,109.594,109.93,109.469,109.629,0.0
2019-05-31,109.625,109.63,108.256,108.287,0.0
2019-06-03,108.3,108.45,107.886,108.068,0.0
2019-06-04,108.073,108.37,107.844,108.15,0.0
2019-06-05,108.147,108.49,107.81,108.46,0.0
2019-06-06,108.462,108.564,108.03,108.393,0.0
2019-06-07,108.403,108.614,107.85,108.204,0.0
2019-06-10,108.48,108.717,108.328,108.448,0.0
2019-06-11,108.446,108.805,108.345,108.522,0.0
2019-06-12,108.516,108.585,108.215,108.504,0.0
2019-06-13,108.508,108.539,108.165,108.393,0.0
2019-06-14,108.379,108.59,108.15,108.563,0.0
2019-06-17,108.495,108.728,108.47,108.532,0.0
2019-06-18,108.554,108.7,108.059,108.444,0.0
2019-06-19,108.46,108.618,107.907,108.095,0.0
2019-06-20,108.102,108.143,107.21,107.305,0.0
2019-06-21,107.299,107.736,107.045,107.309,0.0
2019-06-24,107.305,107.535,107.245,107.298,0.0
2019-06-25,107.298,107.41,106.775,107.165,0.0
2019-06-26,107.182,107.85,107.089,107.785,0.0
2019-06-27,107.794,108.161,107.65,107.787,0.0
2019-06-28,107.795,107.943,107.555,107.929,0.0
2019-07-01,108.231,108.534,108.103,108.433,0.0
2019-07-02,108.432,108.476,107.767,107.915,0.0
2019-07-03,107.918,108.048,107.534,107.831,0.0
2019-07-04,107.835,107.844,107.709,107.825,0.0
2019-07-05,107.804,108.639,107.783,108.474,0.0
2019-07-08,108.48,108.805,108.281,108.728,0.0
2019-07-09,108.728,108.964,108.613,108.861,0.0
2019-07-10,108.856,108.991,108.347,108.465,0.0
2019-07-11,108.465,108.534,107.86,108.495,0.0
2019-07-12,108.491,108.61,107.806,107.901,0.0
2019-07-15,108.054,108.111,107.799,107.913,0.0
2019-07-16,107.904,108.375,107.823,108.233,0.0
2019-07-17,108.242,108.328,107.944,107.944,0.0
2019-07-18,107.967,108.015,107.212,107.303,0.0
2019-07-19,107.302,107.979,107.218,107.761,0.0
2019-07-22,107.74,108.07,107.699,107.868,0.0
2019-07-23,107.869,108.287,107.828,108.222,0.0
2019-07-24,108.219,108.278,107.939,108.179,0.0
2019-07-25,108.177,108.755,108.045,108.639,0.0
2019-07-26,108.636,108.83,108.562,108.677,0.0
2019-07-29,108.665,108.9,108.422,108.786,0.0
2019-07-30,108.786,108.949,108.454,108.603,0.0
2019-07-31,108.6,109.001,108.491,108.766,0.0
2019-08-01,108.772,109.318,107.259,107.337,0.0
2019-08-02,107.361,107.569,106.507,106.604,0.0
2019-08-05,106.589,106.682,105.788,105.949,0.0
2019-08-06,105.952,107.086,105.524,106.465,0.0
2019-08-07,106.466,106.484,105.497,106.276,0.0
2019-08-08,106.271,106.304,105.896,106.083,0.0
2019-08-09,106.07,106.077,105.27,105.69,0.0
2019-08-12,105.665,105.696,105.049,105.299,0.0
2019-08-13,105.29,106.976,105.067,106.744,0.0
2019-08-14,106.742,106.782,105.654,105.911,0.0
2019-08-15,105.911,106.781,105.703,106.12,0.0
2019-08-16,106.108,106.495,106.028,106.323,0.0
2019-08-19,106.356,106.699,106.247,106.63,0.0
2019-08-20,106.628,106.693,106.171,106.237,0.0
2019-08-21,106.233,106.647,106.228,106.61,0.0
2019-08-22,106.61,106.654,106.251,106.439,0.0
2019-08-23,106.438,106.735,105.257,105.42,0.0
2019-08-26,104.948,106.419,104.463,106.122,0.0
2019-08-27,106.12,106.169,105.592,105.772,0.0
2019-08-28,105.77,106.229,105.653,106.036,0.0
2019-08-29,106.034,106.682,105.831,106.511,0.0
2019-08-30,106.51,106.545,106.108,106.272,0.0
2019-09-02,106.118,106.4,105.924,106.212,0.0
2019-09-03,106.215,106.386,105.743,105.955,0.0
2019-09-04,105.954,106.446,105.831,106.414,0.0
2019-09-05,106.415,107.231,106.327,106.942,0.0
2019-09-06,106.943,107.102,106.623,106.914,0.0
2019-09-09,106.849,107.274,106.764,107.235,0.0
2019-09-10,107.234,107.582,107.185,107.531,0.0
2019-09-11,107.532,107.858,107.501,107.837,0.0
2019-09-12,107.836,108.189,107.524,108.11,0.0
2019-09-13,108.108,108.26,107.922,108.089,0.0
2019-09-16,107.55,108.168,107.498,108.151,0.0
2019-09-17,108.151,108.37,108.023,108.117,0.0
2019-09-18,108.117,108.478,108.087,108.451,0.0
2019-09-19,108.452,108.473,107.789,108.054,0.0
2019-09-20,108.055,108.088,107.529,107.561,0.0
2019-09-23,107.72,107.767,107.311,107.543,0.0
2019-09-24,107.54,107.793,106.963,107.107,0.0
2019-09-25,107.108,107.884,107.002,107.762,0.0
2019-09-26,107.761,107.959,107.429,107.844,0.0
2019-09-27,107.845,108.18,107.658,107.938,0.0
2019-09-30,107.962,108.18,107.745,108.067,0.0
2019-10-01,108.067,108.467,107.627,107.75,0.0
2019-10-02,107.748,107.894,107.048,107.181,0.0
2019-10-03,107.18,107.299,106.485,106.908,0.0
2019-10-04,106.922,107.134,106.583,106.912,0.0
2019-10-07,106.905,107.464,106.661,107.255,0.0
2019-10-08,107.255,107.445,106.809,107.086,0.0
2019-10-09,107.066,107.625,106.935,107.482,0.0
2019-10-10,107.467,108.018,107.036,107.933,0.0
2019-10-11,107.982,108.626,107.85,108.427,0.0
2019-10-14,108.425,108.523,108.033,108.399,0.0
2019-10-15,108.411,108.899,108.158,108.863,0.0
2019-10-16,108.856,108.869,108.566,108.76,0.0
2019-10-17,108.765,108.939,108.47,108.642,0.0
2019-10-18,108.67,108.723,108.388,108.408,0.0
2019-10-21,108.449,108.664,108.293,108.602,0.0
2019-10-22,108.593,108.728,108.444,108.489,0.0
2019-10-23,108.483,108.705,108.251,108.691,0.0
2019-10-24,108.678,108.754,108.497,108.637,0.0
2019-10-25,108.616,108.774,108.511,108.674,0.0
2019-10-28,108.719,109.039,108.659,108.961,0.0
2019-10-29,108.977,109.068,108.755,108.887,0.0
2019-10-30,108.893,109.287,108.723,108.844,0.0
2019-10-31,108.842,108.9,107.928,108.023,0.0
2019-11-01,108.034,108.325,107.891,108.191,0.0
2019-11-04,108.249,108.651,108.18,108.578,0.0
2019-11-05,108.585,109.243,108.558,109.167,0.0
2019-11-06,109.171,109.191,108.819,108.982,0.0
2019-11-07,108.961,109.488,108.651,109.277,0.0
2019-11-08,109.305,109.477,109.08,109.243,0.0
2019-11-11,109.24,109.255,108.897,109.046,0.0
2019-11-12,109.061,109.293,108.924,109.029,0.0
2019-11-13,109.027,109.15,108.656,108.808,0.0
2019-11-14,108.812,108.863,108.244,108.417,0.0
2019-11-15,108.411,108.856,108.383,108.785,0.0
2019-11-18,108.802,109.072,108.513,108.679,0.0
2019-11-19,108.678,108.838,108.453,108.541,0.0
2019-11-20,108.545,108.74,108.35,108.617,0.0
2019-11-21,108.562,108.698,108.28,108.607,0.0
2019-11-22,108.621,108.732,108.477,108.652,0.0
2019-11-25,108.696,108.978,108.631,108.926,0.0
2019-11-26,108.941,109.207,108.875,109.067,0.0
2019-11-27,109.045,109.609,109.017,109.535,0.0
2019-11-28,109.563,109.566,109.333,109.511,0.0
2019-11-29,109.519,109.669,109.398,109.51,0.0
2019-12-02,109.529,109.728,108.926,108.967,0.0
2019-12-03,108.984,109.208,108.488,108.629,0.0
2019-12-04,108.613,108.963,108.43,108.875,0.0
2019-12-05,108.867,108.997,108.656,108.751,0.0
2019-12-06,108.755,108.92,108.526,108.575,0.0
2019-12-09,108.648,108.677,108.431,108.557,0.0
2019-12-10,108.589,108.769,108.515,108.744,0.0
2019-12-11,108.75,108.851,108.468,108.559,0.0
2019-12-12,108.539,109.45,108.458,109.298,0.0
2019-12-13,109.391,109.708,109.184,109.354,0.0
2019-12-16,109.314,109.676,109.299,109.567,0.0
2019-12-17,109.548,109.635,109.443,109.497,0.0
2019-12-18,109.511,109.628,109.401,109.58,0.0
2019-12-19,109.567,109.681,109.183,109.36,0.0
2019-12-20,109.372,109.526,109.257,109.457,0.0
2019-12-23,109.455,109.539,109.341,109.38,0.0
2019-12-24,109.393,109.442,109.328,109.359,0.0
2019-12-26,109.359,109.685,109.336,109.659,0.0
2019-12-27,109.578,109.596,109.39,109.464,0.0
2019-12-30,109.475,109.495,108.77,108.877,0.0
2019-12-31,108.88,108.887,108.471,108.66,0.0
2020-01-02,108.757,108.866,108.213,108.544,0.0
2020-01-03,108.568,108.632,107.844,108.116,0.0
2020-01-06,107.852,108.505,107.773,108.377,0.0
2020-01-07,108.354,108.63,108.263,108.488,0.0
2020-01-08,108.452,109.244,107.652,109.141,0.0
2020-01-09,109.1,109.581,109.014,109.524,0.0
2020-01-10,109.528,109.688,109.438,109.507,0.0
2020-01-13,109.547,109.947,109.508,109.938,0.0
2020-01-14,109.93,110.214,109.856,110.002,0.0
2020-01-15,109.976,110.013,109.79,109.908,0.0
2020-01-16,109.892,110.179,109.856,110.169,0.0
2020-01-17,110.159,110.291,110.047,110.17,0.0
2020-01-20,110.096,110.218,110.096,110.178,0.0
2020-01-21,110.183,110.223,109.762,109.861,0.0
2020-01-22,109.866,110.097,109.834,109.848,0.0
2020-01-23,109.832,109.865,109.267,109.478,0.0
2020-01-24,109.491,109.654,109.173,109.288,0.0
2020-01-27,108.938,109.138,108.733,108.898,0.0
2020-01-28,108.898,109.203,108.757,109.154,0.0
2020-01-29,109.155,109.266,108.977,109.039,0.0
2020-01-30,109.013,109.093,108.585,108.959,0.0
2020-01-31,108.953,109.134,108.313,108.357,0.0
2020-02-03,108.448,108.798,108.317,108.691,0.0
2020-02-04,108.695,109.545,108.55,109.521,0.0
2020-02-05,109.484,109.846,109.305,109.834,0.0
2020-02-06,109.813,110.004,109.739,109.987,0.0
2020-02-07,109.991,110.024,109.534,109.782,0.0
2020-02-10,109.703,109.879,109.563,109.773,0.0
2020-02-11,109.779,109.962,109.728,109.788,0.0
2020-02-12,109.787,110.134,109.769,110.112,0.0
2020-02-13,110.08,110.097,109.62,109.826,0.0
2020-02-14,109.82,109.91,109.701,109.784,0.0
2020-02-17,109.86,109.961,109.72,109.889,0.0
2020-02-18,109.882,109.948,109.659,109.879,0.0
2020-02-19,109.88,111.593,109.853,111.355,0.0
2020-02-20,111.346,112.226,111.113,112.107,0.0
2020-02-21,112.107,112.186,111.474,111.575,0.0
2020-02-24,111.352,111.683,110.334,110.723,0.0
2020-02-25,110.68,111.041,109.891,110.19,0.0
2020-02-26,110.159,110.702,110.131,110.415,0.0
2020-02-27,110.413,110.457,109.617,109.663,0.0
2020-02-28,109.577,109.68,107.511,108.065,0.0
2020-03-02,107.411,108.579,107.375,108.345,0.0
2020-03-03,108.317,108.535,106.942,107.106,0.0
2020-03-04,107.133,107.686,106.851,107.553,0.0
2020-03-05,107.55,107.742,105.971,106.145,0.0
2020-03-06,106.147,106.345,104.995,105.354,0.0
2020-03-09,104.254,104.597,101.185,102.426,0.0
2020-03-10,102.349,105.919,102.017,105.601,0.0
2020-03-11,105.65,105.651,104.096,104.469,0.0
2020-03-12,104.493,106.1,103.095,104.666,0.0
2020-03-13,104.655,108.502,104.509,108.019,0.0
2020-03-16,108.02,108.02,105.147,105.976,0.0
2020-03-17,105.966,107.862,105.871,107.632,0.0
2020-03-18,107.66,108.654,106.757,108.073,0.0
2020-03-19,108.074,110.954,107.899,110.613,0.0
2020-03-20,110.691,111.507,109.333,110.871,0.0
2020-03-23,110.852,111.597,109.67,111.258,0.0
2020-03-24,111.19,111.715,110.092,111.245,0.0
2020-03-25,111.239,111.681,110.754,111.203,0.0
2020-03-26,111.207,111.294,109.209,109.594,0.0
2020-03-27,109.586,109.716,107.761,107.977,0.0
2020-03-30,107.701,108.294,107.124,107.913,0.0
2020-03-31,107.742,108.728,107.462,107.511,0.0
2020-04-01,107.558,107.942,106.921,107.17,0.0
2020-04-02,107.151,108.094,107.016,107.866,0.0
2020-04-03,107.873,108.677,107.802,108.468,0.0
2020-04-06,108.401,109.381,108.375,109.204,0.0
2020-04-07,109.226,109.279,108.675,108.796,0.0
2020-04-08,108.832,109.098,108.507,108.855,0.0
2020-04-09,108.854,109.064,108.211,108.5,0.0
2020-04-10,108.475,108.595,108.331,108.467,0.0
2020-04-13,108.448,108.528,107.502,107.752,0.0
2020-04-14,107.762,107.764,106.982,107.212,0.0
2020-04-15,107.177,107.864,106.931,107.437,0.0
2020-04-16,107.431,108.083,107.165,107.864,0.0
2020-04-17,107.925,108.082,107.301,107.554,0.0
2020-04-20,107.543,107.948,107.491,107.64,0.0
2020-04-21,107.635,107.894,107.285,107.761,0.0
2020-04-22,107.775,107.938,107.515,107.724,0.0
2020-04-23,107.789,108.042,107.348,107.628,0.0
2020-04-24,107.614,107.76,107.37,107.494,0.0
2020-04-27,107.533,107.625,106.994,107.26,0.0
2020-04-28,107.226,107.339,106.563,106.863,0.0
2020-04-29,106.872,106.895,106.36,106.59,0.0
2020-04-30,106.592,107.5,106.411,107.162,0.0
2020-05-01,107.161,107.406,106.607,106.912,0.0
2020-05-04,106.905,107.07,106.636,106.723,0.0
2020-05-05,106.725,106.896,106.42,106.536,0.0
2020-05-06,106.53,106.627,105.987,106.088,0.0
2020-05-07,106.123,106.656,105.992,106.265,0.0
2020-05-08,106.298,106.75,106.223,106.692,0.0
2020-05-11,106.543,107.77,106.525,107.627,0.0
2020-05-12,107.676,107.694,107.124,107.149,0.0
2020-05-13,107.157,107.279,106.744,107.034,0.0
2020-05-14,107.04,107.365,106.777,107.236,0.0
2020-05-15,107.263,107.434,106.858,107.17,0.0
2020-05-18,107.101,107.503,107.069,107.304,0.0
2020-05-19,107.328,108.088,107.296,107.713,0.0
2020-05-20,107.703,107.984,107.337,107.549,0.0
2020-05-21,107.562,107.848,107.52,107.599,0.0
2020-05-22,107.634,107.763,107.324,107.615,0.0
2020-05-25,107.603,107.782,107.575,107.729,0.0
2020-05-26,107.69,107.924,107.402,107.55,0.0
2020-05-27,107.581,107.948,107.368,107.72,0.0
2020-05-28,107.722,107.901,107.575,107.618,0.0
2020-05-29,107.649,107.897,107.084,107.793,0.0
2020-06-01,107.695,107.858,107.38,107.583,0.0
2020-06-02,107.577,108.772,107.515,108.677,0.0
2020-06-03,108.682,108.983,108.423,108.923,0.0
2020-06-04,108.9,109.197,108.618,109.167,0.0
2020-06-05,109.154,109.849,109.046,109.595,0.0
2020-06-08,109.601,109.694,108.238,108.443,0.0
2020-06-09,108.444,108.545,107.622,107.741,0.0
2020-06-10,107.744,107.875,106.99,107.143,0.0
2020-06-11,107.118,107.235,106.578,106.867,0.0
2020-06-12,106.885,107.554,106.59,107.353,0.0
2020-06-15,107.34,107.571,107.001,107.356,0.0
2020-06-16,107.325,107.641,107.213,107.296,0.0
2020-06-17,107.328,107.442,106.957,107.004,0.0
2020-06-18,106.979,107.129,106.671,106.979,0.0
2020-06-19,106.994,107.059,106.767,106.874,0.0
2020-06-22,106.803,107.011,106.77,106.87,0.0
2020-06-23,106.916,107.221,106.074,106.534,0.0
2020-06-24,106.505,107.072,106.386,107.061,0.0
2020-06-25,107.059,107.452,106.981,107.177,0.0
2020-06-26,107.234,107.359,106.802,107.221,0.0
2020-06-29,107.119,107.886,107.043,107.582,0.0
2020-06-30,107.577,107.983,107.523,107.934,0.0
2020-07-01,107.947,108.164,107.364,107.456,0.0
2020-07-02,107.477,107.725,107.334,107.498,0.0
2020-07-03,107.552,107.568,107.437,107.5,0.0
2020-07-06,107.504,107.774,107.258,107.396,0.0
2020-07-07,107.365,107.791,107.247,107.535,0.0
2020-07-08,107.582,107.711,107.204,107.254,0.0
2020-07-09,107.275,107.398,107.1,107.204,0.0
2020-07-10,107.213,107.265,106.646,106.917,0.0
2020-07-13,106.895,107.319,106.788,107.289,0.0
2020-07-14,107.285,107.427,107.12,107.24,0.0
2020-07-15,107.22,107.309,106.667,106.941,0.0
2020-07-16,106.945,107.4,106.834,107.278,0.0
2020-07-17,107.275,107.363,106.942,107.026,0.0
2020-07-20,107.12,107.529,107.015,107.286,0.0
2020-07-21,107.201,107.367,106.688,106.807,0.0
2020-07-22,106.787,107.289,106.712,107.159,0.0
2020-07-23,107.152,107.23,106.712,106.867,0.0
2020-07-24,106.858,106.899,105.684,106.135,0.0
2020-07-27,106.045,106.11,105.119,105.376,0.0
2020-07-28,105.426,105.687,104.958,105.091,0.0
2020-07-29,105.071,105.244,104.774,104.944,0.0
2020-07-30,104.915,105.294,104.682,104.736,0.0
2020-07-31,104.742,106.056,104.189,105.935,0.0
2020-08-03,105.798,106.473,105.582,105.957,0.0
2020-08-04,106.013,106.195,105.639,105.737,0.0
2020-08-05,105.756,105.873,105.321,105.585,0.0
2020-08-06,105.611,105.699,105.302,105.53,0.0
2020-08-07,105.534,106.055,105.483,105.923,0.0
2020-08-10,105.899,106.198,105.709,105.963,0.0
2020-08-11,105.952,106.685,105.925,106.497,0.0
2020-08-12,106.528,107.015,106.443,106.88,0.0
2020-08-13,106.877,107.05,106.567,106.92,0.0
2020-08-14,106.926,107.039,106.438,106.571,0.0
2020-08-17,106.565,106.663,105.945,106.001,0.0
2020-08-18,105.982,106.053,105.284,105.4,0.0
2020-08-19,105.432,106.152,105.104,106.121,0.0
2020-08-20,106.133,106.217,105.746,105.788,0.0
2020-08-21,105.795,106.072,105.443,105.824,0.0
2020-08-24,105.775,105.998,105.69,105.99,0.0
2020-08-25,105.981,106.578,105.873,106.397,0.0
2020-08-26,106.38,106.557,105.957,105.986,0.0
2020-08-27,106.011,106.701,105.605,106.574,0.0
2020-08-28,106.561,106.948,105.203,105.349,0.0
2020-08-31,105.446,106.097,105.289,105.904,0.0
2020-09-01,105.904,106.154,105.596,105.957,0.0
2020-09-02,105.975,106.302,105.854,106.194,0.0
2020-09-03,106.156,106.55,106.003,106.184,0.0
2020-09-04,106.174,106.506,106.058,106.243,0.0
2020-09-07,106.276,106.385,106.135,106.288,0.0
2020-09-08,106.285,106.382,105.864,106.029,0.0
2020-09-09,106.048,106.275,105.798,106.186,0.0
2020-09-10,106.213,106.304,105.985,106.136,0.0
2020-09-11,106.15,106.259,106.06,106.147,0.0
2020-09-14,106.119,106.166,105.551,105.733,0.0
2020-09-15,105.709,105.816,105.303,105.449,0.0
2020-09-16,105.382,105.441,104.802,104.982,0.0
2020-09-17,104.923,105.175,104.526,104.729,0.0
2020-09-18,104.753,104.871,104.273,104.567,0.0
2020-09-21,104.528,104.884,104.002,104.671,0.0
2020-09-22,104.698,105.078,104.408,104.954,0.0
2020-09-23,104.965,105.495,104.877,105.36,0.0
2020-09-24,105.396,105.529,105.207,105.424,0.0
2020-09-25,105.412,105.701,105.241,105.557,0.0
2020-09-28,105.555,105.665,105.265,105.507,0.0
2020-09-29,105.506,105.734,105.345,105.683,0.0
2020-09-30,105.634,105.805,105.406,105.44,0.0
2020-10-01,105.505,105.728,105.406,105.561,0.0
2020-10-02,105.539,105.667,104.944,105.335,0.0
2020-10-05,105.341,105.795,105.283,105.738,0.0
2020-10-06,105.734,105.785,105.472,105.64,0.0
2020-10-07,105.612,106.109,105.604,105.979,0.0
2020-10-08,105.976,106.106,105.926,106.037,0.0
2020-10-09,106.032,106.041,105.582,105.63,0.0
2020-10-12,105.72,105.799,105.242,105.335,0.0
2020-10-13,105.347,105.628,105.283,105.478,0.0
2020-10-14,105.496,105.516,105.036,105.151,0.0
2020-10-15,105.149,105.494,105.091,105.416,0.0
2020-10-16,105.446,105.459,105.192,105.405,0.0
2020-10-19,105.396,105.504,105.303,105.428,0.0
2020-10-20,105.397,105.748,105.391,105.502,0.0
2020-10-21,105.47,105.525,104.342,104.585,0.0
2020-10-22,104.585,104.923,104.477,104.89,0.0
2020-10-23,104.868,104.938,104.548,104.703,0.0
2020-10-26,104.696,105.055,104.657,104.831,0.0
2020-10-27,104.839,104.89,104.391,104.441,0.0
2020-10-28,104.422,104.557,104.114,104.33,0.0
2020-10-29,104.353,104.729,104.026,104.619,0.0
2020-10-30,104.609,104.743,104.126,104.672,0.0
2020-11-02,104.665,104.949,104.556,104.759,0.0
2020-11-03,104.769,104.815,104.437,104.53,0.0
2020-11-04,104.505,105.344,104.152,104.505,0.0
2020-11-05,104.527,104.545,103.444,103.523,0.0
2020-11-06,103.488,103.762,103.178,103.37,0.0
2020-11-09,103.329,105.647,103.196,105.388,0.0
2020-11-10,105.338,105.489,104.822,105.241,0.0
2020-11-11,105.31,105.677,105.007,105.432,0.0
2020-11-12,105.428,105.48,105.071,105.124,0.0
2020-11-13,105.157,105.162,104.564,104.616,0.0
2020-11-16,104.742,105.131,104.364,104.565,0.0
2020-11-17,104.595,104.596,104.072,104.185,0.0
2020-11-18,104.207,104.214,103.653,103.792,0.0
2020-11-19,103.827,104.217,103.719,103.747,0.0
2020-11-20,103.739,103.911,103.704,103.837,0.0
2020-11-23,103.835,104.638,103.685,104.535,0.0
2020-11-24,104.503,104.762,104.148,104.448,0.0
2020-11-25,104.432,104.599,104.26,104.465,0.0
2020-11-26,104.465,104.48,104.22,104.253,0.0
2020-11-27,104.287,104.288,103.91,104.114,0.0
2020-11-30,104.05,104.41,103.834,104.353,0.0
2020-12-01,104.298,104.579,104.183,104.323,0.0
2020-12-02,104.33,104.751,104.226,104.419,0.0
2020-12-03,104.424,104.536,103.673,103.85,0.0
2020-12-04,103.885,104.244,103.739,104.191,0.0
2020-12-07,104.138,104.313,103.923,104.045,0.0
2020-12-08,104.059,104.207,103.956,104.159,0.0
2020-12-09,104.181,104.406,104.056,104.236,0.0
2020-12-10,104.233,104.58,104.173,104.221,0.0
2020-12-11,104.247,104.285,103.827,104.049,0.0
2020-12-14,103.951,104.102,103.513,104.014,0.0
2020-12-15,104.069,104.152,103.608,103.641,0.0
2020-12-16,103.68,103.917,103.263,103.422,0.0
2020-12-17,103.471,103.561,102.887,103.076,0.0
2020-12-18,103.127,103.595,103.1,103.313,0.0
2020-12-21,103.581,103.89,103.254,103.305,0.0
2020-12-22,103.325,103.736,103.282,103.605,0.0
2020-12-23,103.629,103.653,103.357,103.542,0.0
2020-12-24,103.556,103.769,103.504,103.659,0.0
2020-12-28,103.549,103.899,103.405,103.792,0.0
2020-12-29,103.807,103.831,103.465,103.534,0.0
2020-12-30,103.59,103.61,102.963,103.216,0.0
2020-12-31,103.166,103.308,102.996,103.305,0.0
2021-01-04,103.15,103.318,102.714,103.152,0.0
2021-01-05,103.111,103.19,102.606,102.718,0.0
2021-01-06,102.693,103.444,102.594,103.072,0.0
2021-01-07,103.0,103.957,102.953,103.815,0.0
2021-01-08,103.797,104.093,103.605,103.966,0.0
2021-01-11,103.806,104.398,103.806,104.233,0.0
2021-01-12,104.219,104.333,103.721,103.744,0.0
2021-01-13,103.794,103.995,103.525,103.892,0.0
2021-01-14,103.883,104.198,103.565,103.79,0.0
2021-01-15,103.749,103.914,103.619,103.873,0.0
2021-01-18,103.85,103.932,103.639,103.69,0.0
2021-01-19,103.691,104.086,103.653,103.905,0.0
2021-01-20,103.916,103.942,103.448,103.547,0.0
2021-01-21,103.538,103.669,103.329,103.485,0.0
2021-01-22,103.501,103.887,103.485,103.773,0.0
2021-01-25,103.8,103.938,103.675,103.768,0.0
2021-01-26,103.76,103.83,103.556,103.616,0.0
2021-01-27,103.685,104.201,103.588,104.1,0.0
2021-01-28,104.164,104.462,104.067,104.254,0.0
2021-01-29,104.226,104.94,104.225,104.73,0.0
2021-02-01,104.85,105.036,104.61,104.947,0.0
2021-02-02,104.916,105.174,104.83,104.993,0.0
2021-02-03,104.968,105.105,104.923,105.03,0.0
2021-02-04,105.018,105.566,104.976,105.552,0.0
2021-02-05,105.537,105.768,105.336,105.386,0.0
2021-02-08,105.35,105.672,105.151,105.219,0.0
2021-02-09,105.227,105.264,104.5,104.573,0.0
2021-02-10,104.617,104.843,104.41,104.606,0.0
2021-02-11,104.591,104.805,104.552,104.735,0.0
2021-02-12,104.748,105.182,104.737,104.922,0.0
2021-02-15,104.979,105.419,104.915,105.367,0.0
2021-02-16,105.372,106.004,105.181,105.994,0.0
2021-02-17,106.021,106.224,105.78,105.866,0.0
2021-02-18,105.874,105.925,105.599,105.676,0.0
2021-02-19,105.701,105.741,105.241,105.424,0.0
2021-02-22,105.42,105.846,104.985,105.075,0.0
2021-02-23,105.078,105.43,104.923,105.266,0.0
2021-02-24,105.227,106.106,105.194,105.842,0.0
2021-02-25,105.875,106.4,105.841,106.243,0.0
2021-02-26,106.217,106.693,105.849,106.549,0.0
2021-03-01,106.553,106.889,106.367,106.765,0.0
2021-03-02,106.716,106.957,106.678,106.688,0.0
2021-03-03,106.684,107.154,106.681,107.013,0.0
2021-03-04,106.984,107.983,106.968,107.983,0.0
2021-03-05,107.963,108.643,107.821,108.391,0.0
2021-03-08,108.368,108.943,108.31,108.923,0.0
2021-03-09,108.878,109.233,108.417,108.498,0.0
2021-03-10,108.481,108.919,108.34,108.395,0.0
2021-03-11,108.413,108.813,108.359,108.501,0.0
2021-03-12,108.528,109.165,108.492,109.036,0.0
2021-03-15,109.05,109.362,108.915,109.129,0.0
2021-03-16,109.15,109.287,108.773,109.006,0.0
2021-03-17,108.998,109.326,108.745,108.856,0.0
2021-03-18,108.85,109.298,108.628,108.895,0.0
2021-03-19,108.934,109.13,108.61,108.885,0.0
2021-03-22,108.643,108.955,108.591,108.825,0.0
2021-03-23,108.839,108.873,108.407,108.593,0.0
2021-03-24,108.606,108.957,108.452,108.726,0.0
2021-03-25,108.732,109.237,108.729,109.192,0.0
2021-03-26,109.183,109.848,109.132,109.681,0.0
2021-03-29,109.736,109.846,109.375,109.841,0.0
2021-03-30,109.811,110.428,109.75,110.347,0.0
2021-03-31,110.357,110.967,110.275,110.704,0.0
2021-04-01,110.72,110.848,110.546,110.608,0.0
2021-04-02,110.601,110.747,110.376,110.664,0.0
2021-04-05,110.651,110.75,109.963,110.179,0.0
2021-04-06,110.206,110.553,109.67,109.742,0.0
2021-04-07,109.758,109.942,109.58,109.83,0.0
2021-04-08,109.838,109.904,109.0,109.264,0.0
2021-04-09,109.255,109.961,109.215,109.659,0.0
2021-04-12,109.75,109.771,109.247,109.393,0.0
2021-04-13,109.395,109.753,109.019,109.062,0.0
2021-04-14,109.062,109.096,108.753,108.934,0.0
2021-04-15,108.967,108.986,108.615,108.763,0.0
2021-04-16,108.735,108.966,108.613,108.793,0.0
2021-04-19,108.76,108.838,108.01,108.137,0.0
2021-04-20,108.145,108.548,107.976,108.085,0.0
2021-04-21,108.106,108.282,107.876,108.055,0.0
2021-04-22,108.084,108.233,107.816,107.973,0.0
2021-04-23,107.953,108.146,107.479,107.877,0.0
2021-04-26,107.939,108.197,107.644,108.093,0.0
2021-04-27,108.08,108.775,108.076,108.746,0.0
2021-04-28,108.714,109.076,108.572,108.616,0.0
2021-04-29,108.598,109.222,108.435,108.919,0.0
2021-04-30,108.93,109.343,108.714,109.334,0.0
2021-05-03,109.278,109.698,108.896,109.075,0.0
2021-05-04,109.081,109.488,109.03,109.291,0.0
2021-05-05,109.352,109.479,109.145,109.197,0.0
2021-05-06,109.198,109.428,109.002,109.081,0.0
2021-05-07,109.082,109.289,108.337,108.603,0.0
2021-05-10,108.567,109.054,108.469,108.85,0.0
2021-05-11,108.825,108.982,108.352,108.62,0.0
2021-05-12,108.653,109.688,108.591,109.688,0.0
2021-05-13,109.653,109.786,109.407,109.448,0.0
2021-05-14,109.464,109.655,109.201,109.367,0.0
2021-05-17,109.35,109.502,109.075,109.243,0.0
2021-05-18,109.216,109.285,108.835,108.903,0.0
2021-05-19,108.897,109.337,108.573,109.192,0.0
2021-05-20,109.22,109.308,108.749,108.793,0.0
2021-05-21,108.767,109.005,108.613,108.949,0.0
2021-05-24,108.914,108.996,108.697,108.77,0.0
2021-05-25,108.742,109.065,108.561,108.771,0.0
2021-05-26,108.783,109.179,108.724,109.131,0.0
2021-05-27,109.124,109.924,109.038,109.837,0.0
2021-05-28,109.82,110.2,109.745,109.874,0.0
2021-05-31,109.824,109.936,109.356,109.555,0.0
2021-06-01,109.58,109.708,109.331,109.497,0.0
2021-06-02,109.493,109.885,109.411,109.573,0.0
2021-06-03,109.553,110.323,109.545,110.307,0.0
2021-06-04,110.286,110.33,109.364,109.527,0.0
2021-06-07,109.585,109.637,109.192,109.256,0.0
2021-06-08,109.254,109.558,109.199,109.484,0.0
2021-06-09,109.498,109.657,109.226,109.631,0.0
2021-06-10,109.635,109.796,109.308,109.323,0.0
2021-06-11,109.326,109.841,109.318,109.687,0.0
2021-06-14,109.65,110.1,109.613,110.084,0.0
2021-06-15,110.065,110.168,109.988,110.067,0.0
2021-06-16,110.065,110.721,109.806,110.71,0.0
2021-06-17,110.668,110.823,110.167,110.234,0.0
2021-06-18,110.204,110.484,109.943,110.215,0.0
2021-06-21,110.251,110.349,109.717,110.32,0.0
2021-06-22,110.322,110.79,110.212,110.671,0.0
2021-06-23,110.672,111.101,110.626,110.964,0.0
2021-06-24,110.965,111.117,110.691,110.881,0.0
2021-06-25,110.856,110.985,110.482,110.782,0.0
2021-06-28,110.811,110.975,110.498,110.624,0.0
2021-06-29,110.622,110.759,110.433,110.55,0.0
2021-06-30,110.549,111.121,110.42,111.113,0.0
2021-07-01,111.108,111.639,111.028,111.535,0.0
2021-07-02,111.531,111.659,110.952,111.027,0.0
2021-07-05,110.999,111.191,110.797,110.979,0.0
2021-07-06,110.97,110.98,110.521,110.623,0.0
2021-07-07,110.625,110.816,110.397,110.624,0.0
2021-07-08,110.624,110.691,109.535,109.763,0.0
2021-07-09,109.763,110.259,109.74,110.103,0.0
2021-07-12,110.178,110.404,109.98,110.35,0.0
2021-07-13,110.392,110.65,110.199,110.643,0.0
2021-07-14,110.629,110.698,109.937,109.938,0.0
2021-07-15,109.984,110.089,109.715,109.832,0.0
2021-07-16,109.85,110.342,109.734,110.086,0.0
2021-07-19,110.045,110.1,109.066,109.455,0.0
2021-07-20,109.448,109.956,109.33,109.859,0.0
2021-07-21,109.872,110.387,109.802,110.288,0.0
2021-07-22,110.289,110.356,110.014,110.18,0.0
2021-07-23,110.156,110.591,110.091,110.551,0.0
2021-07-26,110.465,110.584,110.121,110.382,0.0
2021-07-27,110.395,110.402,109.585,109.813,0.0
2021-07-28,109.755,110.285,109.748,109.911,0.0
2021-07-29,109.917,109.953,109.423,109.489,0.0
2021-07-30,109.478,109.828,109.363,109.663,0.0
2021-08-02,109.65,109.771,109.188,109.323,0.0
2021-08-03,109.311,109.34,108.878,109.031,0.0
2021-08-04,109.065,109.676,108.722,109.483,0.0
2021-08-05,109.486,109.788,109.405,109.781,0.0
2021-08-06,109.782,110.353,109.702,110.226,0.0
2021-08-09,110.34,110.355,110.027,110.344,0.0
2021-08-10,110.319,110.6,110.279,110.58,0.0
2021-08-11,110.574,110.8,110.313,110.436,0.0
2021-08-12,110.419,110.544,110.317,110.433,0.0
2021-08-13,110.424,110.456,109.547,109.603,0.0
2021-08-16,109.65,109.752,109.114,109.266,0.0
2021-08-17,109.277,109.657,109.122,109.59,0.0
2021-08-18,109.567,110.067,109.48,109.765,0.0
2021-08-19,109.825,110.222,109.484,109.781,0.0
2021-08-20,109.751,109.883,109.574,109.791,0.0
2021-08-23,109.794,110.147,109.654,109.689,0.0
2021-08-24,109.68,109.881,109.415,109.686,0.0
2021-08-25,109.669,110.125,109.64,109.992,0.0
2021-08-26,109.997,110.226,109.928,110.083,0.0
2021-08-27,110.025,110.266,109.781,109.856,0.0
2021-08-30,109.872,109.96,109.704,109.932,0.0
2021-08-31,109.945,110.078,109.59,109.998,0.0
2021-09-01,110.012,110.42,109.881,110.041,0.0
2021-09-02,110.023,110.119,109.917,109.939,0.0
2021-09-03,109.935,110.074,109.597,109.708,0.0
2021-09-06,109.75,109.947,109.7,109.855,0.0
2021-09-07,109.853,110.319,109.69,110.289,0.0
2021-09-08,110.289,110.448,110.144,110.271,0.0
2021-09-09,110.245,110.285,109.622,109.734,0.0
2021-09-10,109.726,109.988,109.699,109.912,0.0
2021-09-13,109.891,110.159,109.845,110.008,0.0
2021-09-14,109.996,110.162,109.528,109.683,0.0
2021-09-15,109.658,109.743,109.113,109.373,0.0
2021-09-16,109.377,109.827,109.214,109.742,0.0
2021-09-17,109.726,110.079,109.669,109.975,0.0
2021-09-20,109.95,110.038,109.324,109.38,0.0
2021-09-21,109.373,109.706,109.185,109.218,0.0
2021-09-22,109.227,109.901,109.122,109.813,0.0
2021-09-23,109.757,110.348,109.753,110.331,0.0
2021-09-24,110.306,110.792,110.256,110.743,0.0
2021-09-27,110.726,111.066,110.536,111.013,0.0
2021-09-28,111.002,111.638,110.935,111.511,0.0
2021-09-29,111.493,112.049,111.209,111.982,0.0
2021-09-30,111.963,112.078,111.241,111.28,0.0
2021-10-01,111.262,111.487,110.906,111.073,0.0
2021-10-04,110.927,111.301,110.826,110.92,0.0
2021-10-05,110.93,111.559,110.873,111.466,0.0
2021-10-06,111.472,111.785,111.201,111.431,0.0
2021-10-07,111.4,111.652,111.233,111.639,0.0
2021-10-08,111.64,112.256,111.514,112.232,0.0
2021-10-11,112.15,113.411,112.15,113.327,0.0
2021-10-12,113.315,113.788,113.005,113.606,0.0
2021-10-13,113.587,113.802,113.232,113.254,0.0
2021-10-14,113.277,113.717,113.213,113.681,0.0
2021-10-15,113.672,114.461,113.667,114.259,0.0
2021-10-18,114.25,114.452,114.017,114.321,0.0
2021-10-19,114.313,114.399,113.885,114.391,0.0
2021-10-20,114.351,114.694,114.082,114.336,0.0
2021-10-21,114.277,114.415,113.651,114.017,0.0
2021-10-22,114.002,114.204,113.415,113.495,0.0
2021-10-25,113.573,113.921,113.465,113.721,0.0
2021-10-26,113.714,114.31,113.69,114.147,0.0
2021-10-27,114.153,114.221,113.388,113.825,0.0
2021-10-28,113.836,113.866,113.256,113.552,0.0
2021-10-29,113.573,114.097,113.397,113.966,0.0
2021-11-01,114.062,114.443,113.941,113.995,0.0
2021-11-02,113.985,114.135,113.463,113.953,0.0
2021-11-03,113.985,114.216,113.721,114.018,0.0
2021-11-04,114.002,114.278,113.511,113.755,0.0
2021-11-05,113.736,114.024,113.301,113.398,0.0
2021-11-08,113.376,113.667,113.083,113.22,0.0
2021-11-09,113.247,113.292,112.728,112.88,0.0
2021-11-10,112.867,114.011,112.777,113.904,0.0
2021-11-11,113.916,114.148,113.809,114.065,0.0
2021-11-12,114.075,114.3,113.762,113.925,0.0
2021-11-15,113.955,114.211,113.758,114.136,0.0
2021-11-16,114.13,114.849,114.104,114.834,0.0
2021-11-17,114.801,114.969,113.939,114.098,0.0
2021-11-18,114.105,114.481,113.88,114.244,0.0
2021-11-19,114.28,114.54,113.592,114.023,0.0
2021-11-22,113.95,114.96,113.94,114.87,0.0
2021-11-23,114.87,115.174,114.491,115.132,0.0
2021-11-24,115.152,115.519,114.826,115.422,0.0
2021-11-25,115.434,115.459,115.243,115.375,0.0
2021-11-26,115.346,115.373,113.055,113.343,0.0
2021-11-29,113.552,113.958,112.994,113.536,0.0
2021-11-30,113.535,113.892,112.539,113.136,0.0
2021-12-01,113.123,113.628,112.674,112.789,0.0
2021-12-02,112.753,113.327,112.711,113.191,0.0
2021-12-03,113.071,113.612,112.56,112.837,0.0
2021-12-06,112.845,113.553,112.843,113.498,0.0
2021-12-07,113.499,113.779,113.403,113.556,0.0
2021-12-08,113.577,113.95,113.312,113.699,0.0
2021-12-09,113.684,113.812,113.276,113.46,0.0
2021-12-10,113.466,113.79,113.225,113.392,0.0
2021-12-13,113.291,113.727,113.273,113.581,0.0
2021-12-14,113.565,113.758,113.429,113.755,0.0
2021-12-15,113.708,114.262,113.63,114.053,0.0
2021-12-16,114.036,114.248,113.561,113.693,0.0
2021-12-17,113.696,113.854,113.148,113.715,0.0
2021-12-20,113.65,113.731,113.328,113.627,0.0
2021-12-21,113.61,114.222,113.554,114.098,0.0
2021-12-22,114.136,114.371,113.952,114.117,0.0
2021-12-23,114.098,114.468,114.079,114.417,0.0
2021-12-24,114.389,114.512,114.303,114.398,0.0
2021-12-27,114.35,114.915,114.313,114.888,0.0
2021-12-28,114.873,114.95,114.709,114.819,0.0
2021-12-29,114.815,115.039,114.672,114.983,0.0
2021-12-30,114.959,115.207,114.942,115.074,0.0
2021-12-31,115.074,115.197,115.005,115.114,0.0
2022-01-03,115.1,115.365,114.95,115.352,0.0
2022-01-04,115.328,116.345,115.294,116.143,0.0
2022-01-05,116.129,116.243,115.623,116.113,0.0
2022-01-06,116.113,116.185,115.632,115.856,0.0
2022-01-07,115.856,116.042,115.54,115.562,0.0
2022-01-10,115.65,115.851,115.051,115.207,0.0
2022-01-11,115.2,115.68,115.128,115.291,0.0
2022-01-12,115.297,115.47,114.384,114.643,0.0
2022-01-13,114.635,114.705,114.001,114.166,0.0
2022-01-14,114.179,114.266,113.489,114.206,0.0
2022-01-17,114.159,114.648,114.149,114.612,0.0
2022-01-18,114.626,115.056,114.454,114.586,0.0
2022-01-19,114.585,114.788,114.209,114.315,0.0
2022-01-20,114.337,114.547,113.965,114.138,0.0
2022-01-21,114.101,114.157,113.608,113.699,0.0
2022-01-24,113.67,114.0,113.472,113.977,0.0
2022-01-25,113.95,114.157,113.671,113.852,0.0
2022-01-26,113.881,114.695,113.78,114.671,0.0
2022-01-27,114.656,115.489,114.476,115.367,0.0
2022-01-28,115.278,115.686,115.124,115.24,0.0
2022-01-31,115.285,115.593,114.925,115.123,0.0
2022-02-01,115.117,115.194,114.568,114.698,0.0
2022-02-02,114.69,114.803,114.162,114.433,0.0
2022-02-03,114.421,114.985,114.328,114.984,0.0
2022-02-04,114.939,115.427,114.778,115.193,0.0
2022-02-07,115.25,115.378,114.915,115.095,0.0
2022-02-08,115.112,115.626,115.056,115.55,0.0
2022-02-09,115.548,115.682,115.324,115.545,0.0
2022-02-10,115.527,116.339,115.484,116.001,0.0
2022-02-11,116.018,116.176,115.018,115.44,0.0
2022-02-14,115.321,115.747,115.013,115.542,0.0
2022-02-15,115.546,115.864,115.26,115.608,0.0
2022-02-16,115.618,115.788,115.357,115.449,0.0
2022-02-17,115.486,115.538,114.848,114.932,0.0
2022-02-18,114.921,115.298,114.792,115.051,0.0
2022-02-21,115.034,115.122,114.723,114.755,0.0
2022-02-22,114.758,115.243,114.501,115.074,0.0
2022-02-23,115.073,115.201,114.927,115.029,0.0
2022-02-24,115.007,115.694,114.412,115.53,0.0
2022-02-25,115.535,115.762,115.15,115.535,0.0
2022-02-28,115.25,115.78,114.87,114.963,0.0
2022-03-01,114.964,115.29,114.702,114.897,0.0
2022-03-02,114.899,115.688,114.796,115.516,0.0
2022-03-03,115.53,115.806,115.385,115.458,0.0
2022-03-04,115.468,115.556,114.651,114.86,0.0
2022-03-07,114.95,115.473,114.831,115.318,0.0
2022-03-08,115.303,115.792,115.266,115.665,0.0
2022-03-09,115.676,115.943,115.561,115.857,0.0
2022-03-10,115.857,116.196,115.817,116.137,0.0
2022-03-11,116.113,117.357,116.11,117.289,0.0
2022-03-14,117.35,118.218,117.301,118.213,0.0
2022-03-15,118.202,118.451,117.716,118.292,0.0
2022-03-16,118.283,119.119,118.177,118.76,0.0
2022-03-17,118.761,119.027,118.369,118.595,0.0
2022-03-18,118.607,119.399,118.473,119.155,0.0
2022-03-21,119.384,119.5,119.1,119.472,0.0
2022-03-22,119.485,121.034,119.441,120.811,0.0
2022-03-23,120.82,121.415,120.595,121.145,0.0
2022-03-24,121.145,122.409,120.955,122.36,0.0
2022-03-25,122.353,122.437,121.181,122.093,0.0
2022-03-28,122.07,125.101,122.025,123.912,0.0
2022-03-29,123.928,124.305,121.989,122.898,0.0
2022-03-30,122.886,123.207,121.32,121.828,0.0
2022-03-31,121.825,122.451,121.284,121.7,0.0
2022-04-01,121.709,123.033,121.67,122.554,0.0
2022-04-04,122.635,122.95,122.267,122.773,0.0
2022-04-05,122.758,123.669,122.378,123.6,0.0
2022-04-06,123.598,124.052,123.474,123.79,0.0
2022-04-07,123.806,124.002,123.472,123.973,0.0
2022-04-08,123.972,124.677,123.67,124.28,0.0
2022-04-11,124.05,125.772,124.033,125.4,0.0
2022-04-12,125.392,125.757,124.773,125.397,0.0
2022-04-13,125.403,126.32,125.35,125.661,0.0
2022-04-14,125.662,126.001,125.089,125.889,0.0
2022-04-15,125.887,126.684,125.865,126.444,0.0
2022-04-18,126.45,126.999,126.246,126.997,0.0
2022-04-19,126.995,128.974,126.965,128.891,0.0
2022-04-20,128.893,129.4,127.463,127.874,0.0
2022-04-21,127.84,128.705,127.806,128.378,0.0
2022-04-22,128.369,129.112,127.74,128.563,0.0
2022-04-25,128.615,128.867,127.525,128.13,0.0
2022-04-26,128.13,128.23,127.029,127.218,0.0
2022-04-27,127.243,128.585,126.945,128.427,0.0
2022-04-28,128.414,131.249,128.343,130.839,0.0
2022-04-29,130.865,130.954,129.317,129.86,0.0
2022-05-02,129.766,130.479,129.615,130.18,0.0
2022-05-03,130.152,130.292,129.701,130.133,0.0
2022-05-04,130.138,130.383,128.632,129.1,0.0
2022-05-05,129.12,130.561,128.755,130.185,0.0
2022-05-06,130.173,130.809,130.096,130.546,0.0
2022-05-09,130.491,131.348,130.119,130.33,0.0
2022-05-10,130.329,130.58,129.803,130.438,0.0
2022-05-11,130.453,130.813,129.453,129.976,0.0
2022-05-12,130.002,130.057,127.52,128.328,0.0
2022-05-13,128.302,129.455,128.264,129.264,0.0
2022-05-16,129.244,129.63,128.716,129.11,0.0
2022-05-17,129.2,129.782,128.83,129.36,0.0
2022-05-18,129.364,129.537,128.008,128.235,0.0
2022-05-19,128.25,128.946,127.027,127.83,0.0
2022-05-20,127.824,128.298,127.531,127.941,0.0
2022-05-23,127.93,128.064,127.153,127.894,0.0
2022-05-24,127.9,128.077,126.362,126.866,0.0
2022-05-25,126.859,127.497,126.656,127.312,0.0
2022-05-26,127.277,127.582,126.554,127.084,0.0
2022-05-27,127.066,127.248,126.678,127.11,0.0
2022-05-30,127.036,127.822,126.864,127.612,0.0
2022-05-31,127.604,128.89,127.532,128.694,0.0
2022-06-01,128.705,130.188,128.65,130.167,0.0
2022-06-02,130.154,130.242,129.513,129.901,0.0
2022-06-03,129.855,130.981,129.687,130.838,0.0
2022-06-06,130.91,132.012,130.432,131.892,0.0
2022-06-07,131.901,133.0,131.865,132.634,0.0
2022-06-08,132.554,134.469,132.551,134.261,0.0
2022-06-09,134.25,134.555,133.185,134.38,0.0
2022-06-10,134.358,134.484,133.368,134.43,0.0
2022-06-13,134.34,135.202,133.595,134.416,0.0
2022-06-14,134.446,135.462,133.878,135.46,0.0
2022-06-15,135.441,135.599,133.51,133.806,0.0
2022-06-16,133.859,134.68,131.495,132.244,0.0
2022-06-17,132.186,135.425,132.166,135.014,0.0
2022-06-20,134.953,135.438,134.538,135.11,0.0
2022-06-21,135.092,136.709,134.925,136.67,0.0
2022-06-22,136.655,136.715,135.686,136.23,0.0
2022-06-23,136.211,136.3,134.269,134.965,0.0
2022-06-24,134.945,135.397,134.355,135.216,0.0
2022-06-27,135.088,135.548,134.523,135.477,0.0
2022-06-28,135.48,136.382,135.113,136.168,0.0
2022-06-29,136.162,137.004,135.79,136.601,0.0
2022-06-30,136.597,136.811,135.555,135.713,0.0
2022-07-01,135.692,135.987,134.75,135.24,0.0
2022-07-04,135.31,135.775,134.786,135.703,0.0
2022-07-05,135.706,136.364,135.531,135.865,0.0
2022-07-06,135.878,136.005,134.954,135.919,0.0
2022-07-07,135.94,136.223,135.553,135.991,0.0
2022-07-08,135.997,136.566,135.333,136.093,0.0
2022-07-11,135.969,137.752,135.969,137.42,0.0
2022-07-12,137.41,137.534,136.475,136.867,0.0
2022-07-13,136.852,137.866,136.696,137.446,0.0
2022-07-14,137.433,139.389,137.283,138.961,0.0
2022-07-15,138.932,139.125,138.388,138.483,0.0
2022-07-18,138.51,138.6,137.894,138.132,0.0
2022-07-19,138.131,138.395,137.384,138.198,0.0
2022-07-20,138.184,138.374,137.903,138.275,0.0
2022-07-21,138.278,138.877,137.3,137.348,0.0
2022-07-22,137.333,137.955,135.567,136.079,0.0
2022-07-25,136.11,136.79,135.89,136.658,0.0
2022-07-26,136.655,136.969,136.279,136.93,0.0
2022-07-27,136.96,137.459,136.328,136.615,0.0
2022-07-28,136.419,136.621,134.204,134.236,0.0
2022-07-29,134.224,134.673,132.504,133.235,0.0
2022-08-01,133.28,133.561,131.602,131.616,0.0
2022-08-02,131.615,133.175,130.412,133.172,0.0
2022-08-03,133.121,134.546,132.287,133.863,0.0
2022-08-04,133.88,134.423,132.764,132.921,0.0
2022-08-05,132.966,135.496,132.526,135.043,0.0
2022-08-08,135.264,135.568,134.361,135.043,0.0
2022-08-09,134.984,135.203,134.671,135.138,0.0
2022-08-10,135.156,135.306,132.031,132.885,0.0
2022-08-11,132.882,133.314,131.734,132.981,0.0
2022-08-12,133.016,133.893,132.886,133.488,0.0
2022-08-15,133.441,133.596,132.559,133.311,0.0
2022-08-16,133.307,134.68,132.955,134.245,0.0
2022-08-17,134.242,135.499,133.908,135.073,0.0
2022-08-18,135.086,135.903,134.65,135.886,0.0
2022-08-19,135.881,137.231,135.72,136.919,0.0
2022-08-22,136.839,137.651,136.703,137.457,0.0
2022-08-23,137.527,137.71,135.81,136.753,0.0
2022-08-24,136.745,137.245,136.177,137.137,0.0
2022-08-25,137.122,137.203,136.32,136.506,0.0
2022-08-26,136.497,137.555,136.267,137.523,0.0
2022-08-29,137.65,138.999,137.576,138.713,0.0
2022-08-30,138.724,139.073,138.054,138.796,0.0
2022-08-31,138.807,139.007,138.272,138.963,0.0
2022-09-01,138.967,140.23,138.769,140.207,0.0
2022-09-02,140.206,140.804,139.875,140.206,0.0
2022-09-05,140.153,140.664,140.12,140.579,0.0
2022-09-06,140.605,143.071,140.251,142.798,0.0
2022-09-07,142.8,144.991,142.679,143.763,0.0
2022-09-08,143.764,144.556,143.321,144.109,0.0
2022-09-09,144.085,144.129,141.507,142.56,0.0
2022-09-12,142.136,143.496,142.105,142.829,0.0
2022-09-13,142.832,144.682,141.657,144.558,0.0
2022-09-14,144.544,144.959,142.556,143.17,0.0
2022-09-15,143.173,143.803,142.798,143.51,0.0
2022-09-16,143.48,143.692,142.842,142.938,0.0
2022-09-19,142.906,143.643,142.646,143.226,0.0
2022-09-20,143.206,143.924,142.936,143.716,0.0
2022-09-21,143.752,144.699,143.347,144.085,0.0
2022-09-22,144.045,145.9,140.353,142.372,0.0
2022-09-23,142.395,143.463,141.768,143.366,0.0
2022-09-26,143.631,144.788,143.231,144.729,0.0
2022-09-27,144.714,144.905,144.063,144.834,0.0
2022-09-28,144.847,144.87,143.909,144.12,0.0
2022-09-29,144.301,144.813,144.079,144.431,0.0
2022-09-30,144.465,144.807,144.206,144.74,0.0
2022-10-03,144.738,145.268,144.16,144.566,0.0
2022-10-04,144.566,144.936,143.899,144.157,0.0
2022-10-05,144.163,144.846,143.529,144.687,0.0
2022-10-06,144.661,145.142,144.388,145.137,0.0
2022-10-07,145.136,145.444,144.724,145.389,0.0
2022-10-10,145.35,145.791,145.117,145.73,0.0
2022-10-11,145.693,145.898,145.428,145.862,0.0
2022-10-12,145.849,146.967,145.727,146.893,0.0
2022-10-13,146.92,147.665,146.47,147.229,0.0
2022-10-14,147.223,148.862,147.057,148.758,0.0
2022-10-17,148.612,149.086,148.429,149.031,0.0
2022-10-18,149.036,149.379,148.661,149.23,0.0
2022-10-19,149.234,149.91,149.11,149.906,0.0
2022-10-20,149.887,150.288,149.555,150.148,0.0
2022-10-21,150.152,151.945,146.205,147.614,0.0
2022-10-24,147.829,149.711,145.578,149.008,0.0
2022-10-25,149.014,149.102,147.518,147.948,0.0
2022-10-26,147.94,148.413,146.227,146.395,0.0
2022-10-27,146.379,146.937,145.113,146.289,0.0
2022-10-28,146.317,147.862,145.989,147.475,0.0
2022-10-31,147.812,148.849,147.549,148.751,0.0
2022-11-01,148.746,148.824,146.992,148.235,0.0
2022-11-02,148.28,148.375,145.682,147.914,0.0
2022-11-03,147.929,148.451,147.114,148.265,0.0
2022-11-04,148.276,148.404,146.556,146.669,0.0
2022-11-07,147.25,147.569,146.097,146.634,0.0
2022-11-08,146.647,146.936,145.313,145.672,0.0
2022-11-09,145.676,146.797,145.177,146.393,0.0
2022-11-10,146.399,146.591,140.208,140.964,0.0
2022-11-11,140.975,142.48,138.468,138.776,0.0
2022-11-14,139.196,140.798,138.811,139.916,0.0
2022-11-15,139.908,140.607,137.684,139.315,0.0
2022-11-16,139.344,140.292,138.733,139.534,0.0
2022-11-17,139.572,140.737,138.879,140.22,0.0
2022-11-18,140.192,140.5,139.635,140.366,0.0
2022-11-21,140.293,142.254,140.164,142.117,0.0
2022-11-22,142.107,142.242,141.087,141.22,0.0
2022-11-23,141.218,141.608,139.173,139.592,0.0
2022-11-24,139.604,139.645,138.059,138.641,0.0
2022-11-25,138.627,139.597,138.38,139.151,0.0
2022-11-28,139.25,139.445,137.499,138.911,0.0
2022-11-29,138.913,139.355,137.867,138.703,0.0
2022-11-30,138.684,139.895,137.654,138.086,0.0
2022-12-01,138.095,138.109,135.214,135.349,0.0
2022-12-02,135.335,135.979,133.635,134.335,0.0
2022-12-05,134.535,136.859,134.136,136.756,0.0
2022-12-06,136.783,137.43,135.974,137.043,0.0
2022-12-07,137.046,137.855,136.221,136.598,0.0
2022-12-08,136.6,137.244,136.247,136.681,0.0
2022-12-09,136.685,136.905,135.607,136.592,0.0
2022-12-12,136.561,137.85,136.529,137.652,0.0
2022-12-13,137.628,137.966,134.666,135.587,0.0
2022-12-14,135.577,135.99,134.519,135.455,0.0
2022-12-15,135.482,138.173,135.242,137.795,0.0
2022-12-16,137.801,137.867,136.296,136.742,0.0
2022-12-19,135.987,137.161,135.753,136.91,0.0
2022-12-20,136.921,137.476,130.566,131.725,0.0
2022-12-21,131.705,132.528,131.508,132.466,0.0
2022-12-22,132.404,132.713,131.642,132.375,0.0
2022-12-23,132.344,133.141,132.161,132.806,0.0
2022-12-26,132.79,133.254,132.275,132.88,0.0
2022-12-27,132.921,133.596,132.637,133.505,0.0
2022-12-28,133.488,134.5,133.376,134.482,0.0
2022-12-29,134.458,134.462,132.882,133.017,0.0
2022-12-30,133.025,133.096,130.779,131.114,0.0
2023-01-02,130.95,131.083,130.624,130.672,0.0
2023-01-03,130.682,131.411,129.518,130.985,0.0
2023-01-04,131.021,132.716,129.928,132.663,0.0
2023-01-05,132.673,134.054,131.686,133.427,0.0
2023-01-06,133.442,134.776,132.0,132.1,0.0
2023-01-09,131.95,132.657,131.311,131.889,0.0
2023-01-10,131.877,132.479,131.395,132.242,0.0
2023-01-11,132.233,132.872,132.067,132.496,0.0
2023-01-12,132.505,132.511,128.87,129.326,0.0
2023-01-13,129.34,129.426,127.459,127.859,0.0
2023-01-16,127.825,128.865,127.227,128.52,0.0
2023-01-17,128.6,129.155,127.993,128.159,0.0
2023-01-18,128.133,131.578,127.573,128.909,0.0
2023-01-19,128.914,128.955,127.769,128.428,0.0
2023-01-20,128.432,130.613,128.352,129.571,0.0
2023-01-23,129.45,130.889,129.046,130.685,0.0
2023-01-24,130.549,131.116,129.73,130.179,0.0
2023-01-25,130.171,130.585,129.27,129.591,0.0
2023-01-26,129.6,130.619,129.028,130.229,0.0
2023-01-27,130.214,130.268,129.503,129.859,0.0
2023-01-30,129.816,130.569,129.207,130.447,0.0
2023-01-31,130.422,130.532,129.747,130.105,0.0
2023-02-01,130.089,130.412,128.548,128.967,0.0
2023-02-02,128.952,129.127,128.085,128.687,0.0
2023-02-03,128.665,131.203,128.331,131.192,0.0
2023-02-06,132.485,132.9,131.514,132.63,0.0
2023-02-07,132.655,132.709,130.477,131.074,0.0
2023-02-08,131.075,131.54,130.599,131.443,0.0
2023-02-09,131.406,131.827,130.342,131.52,0.0
2023-02-10,131.541,131.882,129.814,131.435,0.0
2023-02-13,131.276,132.91,131.25,132.415,0.0
2023-02-14,132.422,133.317,131.516,133.102,0.0
2023-02-15,133.12,134.358,132.547,134.169,0.0
2023-02-16,134.143,134.464,133.606,133.944,0.0
2023-02-17,133.943,135.102,133.935,134.148,0.0
2023-02-20,134.277,134.538,133.928,134.291,0.0
2023-02-21,134.382,135.227,134.309,135.023,0.0
2023-02-22,135.016,135.062,134.367,134.913,0.0
2023-02-23,134.849,135.366,134.494,134.682,0.0
2023-02-24,134.681,136.517,134.062,136.495,0.0
2023-02-27,136.45,136.551,135.921,136.231,0.0
2023-02-28,136.203,136.918,135.741,136.239,0.0
2023-03-01,136.223,136.471,135.26,136.196,0.0
2023-03-02,136.195,137.097,136.025,136.755,0.0
2023-03-03,136.772,136.798,135.747,135.822,0.0
2023-03-06,136.05,136.191,135.374,135.925,0.0
2023-03-07,135.927,137.194,135.543,137.16,0.0
2023-03-08,137.164,137.911,136.482,137.358,0.0
2023-03-09,137.362,137.378,135.948,136.153,0.0
2023-03-10,136.144,136.993,134.116,135.07,0.0
2023-03-13,134.6,135.028,132.289,133.259,0.0
2023-03-14,133.215,134.898,133.035,134.208,0.0
2023-03-15,134.225,135.11,132.22,133.434,0.0
2023-03-16,133.422,133.827,131.722,133.761,0.0
2023-03-17,133.745,133.775,131.563,131.888,0.0
2023-03-20,131.75,132.65,130.544,131.309,0.0
2023-03-21,131.323,132.629,131.037,132.454,0.0
2023-03-22,132.49,133.002,131.007,131.52,0.0
2023-03-23,131.399,131.663,130.322,130.852,0.0
2023-03-24,130.845,130.942,129.641,130.721,0.0
2023-03-27,130.55,131.758,130.49,131.573,0.0
2023-03-28,131.566,131.606,130.409,130.9,0.0
2023-03-29,130.88,132.887,130.761,132.869,0.0
2023-03-30,132.866,132.966,132.209,132.692,0.0
2023-03-31,132.714,133.595,132.589,132.796,0.0
2023-04-03,133.35,133.756,132.207,132.415,0.0
2023-04-04,132.265,133.168,131.524,131.727,0.0
2023-04-05,131.721,131.845,130.633,131.335,0.0
2023-04-06,131.317,131.897,130.78,131.779,0.0
2023-04-07,131.787,132.374,131.526,132.164,0.0
2023-04-10,132.15,133.872,131.832,133.602,0.0
2023-04-11,133.625,133.807,132.976,133.696,0.0
2023-04-12,133.676,134.044,132.741,133.147,0.0
2023-04-13,133.115,133.393,132.023,132.583,0.0
2023-04-14,132.586,133.837,132.171,133.766,0.0
2023-04-17,133.823,134.572,133.713,134.474,0.0
2023-04-18,134.457,134.706,133.865,134.105,0.0
2023-04-19,134.12,135.13,133.956,134.714,0.0
2023-04-20,134.716,134.976,134.015,134.249,0.0
2023-04-21,134.239,134.494,133.552,134.126,0.0
2023-04-24,133.994,134.732,133.893,134.257,0.0
2023-04-25,134.233,134.463,133.367,133.716,0.0
2023-04-26,133.735,133.963,133.017,133.661,0.0
2023-04-27,133.667,134.196,133.241,133.987,0.0
2023-04-28,134.008,136.563,133.604,136.313,0.0
2023-05-01,136.306,137.539,136.15,137.469,0.0
2023-05-02,137.492,137.774,136.319,136.56,0.0
2023-05-03,136.547,136.651,134.735,134.777,0.0
2023-05-04,134.685,134.877,133.503,134.279,0.0
2023-05-05,134.297,135.117,133.887,134.838,0.0
2023-05-08,134.826,135.296,134.647,135.12,0.0
2023-05-09,135.08,135.356,134.724,135.236,0.0
2023-05-10,135.183,135.47,134.114,134.377,0.0
2023-05-11,134.359,134.845,133.75,134.567,0.0
2023-05-12,134.557,135.755,134.404,135.752,0.0
2023-05-15,135.65,136.325,135.65,136.104,0.0
2023-05-16,136.114,136.685,135.686,136.39,0.0
2023-05-17,136.362,137.713,136.307,137.71,0.0
2023-05-18,137.686,138.746,137.29,138.711,0.0
2023-05-19,138.716,138.735,137.43,137.952,0.0
2023-05-22,137.986,138.686,137.498,138.59,0.0
2023-05-23,138.601,138.907,138.249,138.576,0.0
2023-05-24,138.591,139.475,138.235,139.474,0.0
2023-05-25,139.464,140.229,138.841,140.039,0.0
2023-05-26,140.057,140.727,139.497,140.611,0.0
2023-05-29,140.631,140.918,140.115,140.456,0.0
2023-05-30,140.449,140.933,139.575,139.79,0.0
2023-05-31,139.795,140.375,139.236,139.348,0.0
2023-06-01,139.342,139.948,138.464,138.796,0.0
2023-06-02,138.777,140.069,138.608,139.968,0.0
2023-06-05,139.991,140.454,139.251,139.583,0.0
2023-06-06,139.581,139.994,139.1,139.635,0.0
2023-06-07,139.633,140.249,139.03,140.179,0.0
2023-06-08,140.145,140.224,138.81,138.92,0.0
2023-06-09,138.922,139.726,138.767,139.374,0.0
2023-06-12,139.35,139.768,139.066,139.614,0.0
2023-06-13,139.608,140.307,139.012,140.229,0.0
2023-06-14,140.203,140.276,139.286,140.096,0.0
2023-06-15,140.096,141.503,139.944,140.275,0.0
2023-06-16,140.315,141.916,139.854,141.808,0.0
2023-06-19,141.74,142.055,141.443,141.996,0.0
2023-06-20,141.974,142.253,141.216,141.431,0.0
2023-06-21,141.457,142.362,141.286,141.903,0.0
2023-06-22,141.881,143.227,141.614,143.111,0.0
2023-06-23,143.111,143.872,142.761,143.716,0.0
2023-06-26,143.55,143.723,142.948,143.511,0.0
2023-06-27,143.504,144.17,143.286,144.07,0.0
2023-06-28,144.074,144.617,143.733,144.489,0.0
2023-06-29,144.488,144.899,144.135,144.791,0.0
2023-06-30,144.775,145.069,144.208,144.319,0.0
2023-07-03,144.404,144.915,143.989,144.68,0.0
2023-07-04,144.709,144.709,144.208,144.477,0.0
2023-07-05,144.45,144.734,144.081,144.667,0.0
2023-07-06,144.659,144.662,143.558,144.067,0.0
2023-07-07,144.073,144.195,142.073,142.16,0.0
2023-07-10,142.189,143.006,141.28,141.327,0.0
2023-07-11,141.332,141.464,140.161,140.356,0.0
2023-07-12,140.378,140.395,138.169,138.522,0.0
2023-07-13,138.511,138.952,137.926,138.051,0.0
2023-07-14,138.054,139.155,137.244,138.792,0.0
2023-07-17,138.748,139.404,138.001,138.725,0.0
2023-07-18,138.709,139.136,137.716,138.843,0.0
2023-07-19,138.834,139.994,138.768,139.679,0.0
2023-07-20,139.676,140.498,139.117,140.075,0.0
2023-07-21,140.069,141.956,139.752,141.796,0.0
2023-07-24,141.65,141.814,140.754,141.48,0.0
2023-07-25,141.475,141.731,140.857,140.912,0.0
2023-07-26,140.91,141.186,139.936,140.247,0.0
2023-07-27,140.245,141.319,138.771,139.489,0.0
2023-07-28,139.455,141.182,138.069,141.173,0.0
2023-07-31,140.935,142.682,140.696,142.27,0.0
2023-08-01,142.269,143.546,142.209,143.337,0.0
2023-08-02,143.335,143.471,142.237,143.332,0.0
2023-08-03,143.326,143.892,142.069,142.527,0.0
2023-08-04,142.533,142.884,141.554,141.782,0.0
2023-08-07,141.683,142.582,141.522,142.478,0.0
2023-08-08,142.476,143.495,142.406,143.385,0.0
2023-08-09,143.383,143.748,143.001,143.73,0.0
2023-08-10,143.724,144.817,143.282,144.753,0.0
2023-08-11,144.753,145.0,144.424,144.957,0.0
2023-08-14,144.836,145.58,144.662,145.544,0.0
2023-08-15,145.553,145.868,145.108,145.584,0.0
2023-08-16,145.576,146.407,145.309,146.351,0.0
2023-08-17,146.351,146.558,145.621,145.852,0.0
2023-08-18,145.835,145.885,144.928,145.394,0.0
2023-08-21,145.35,146.402,145.146,146.238,0.0
2023-08-22,146.223,146.401,145.497,145.889,0.0
2023-08-23,145.88,145.895,144.543,144.854,0.0
2023-08-24,144.847,145.956,144.604,145.848,0.0
2023-08-25,145.885,146.633,145.73,146.421,0.0
2023-08-28,146.465,146.746,146.275,146.536,0.0
2023-08-29,146.535,147.369,145.67,145.885,0.0
2023-08-30,145.883,146.537,145.56,146.257,0.0
2023-08-31,146.245,146.275,145.353,145.539,0.0
2023-09-01,145.54,146.294,144.45,146.223,0.0
2023-09-04,146.146,146.5,146.025,146.491,0.0
2023-09-05,146.48,147.803,146.4,147.726,0.0
2023-09-06,147.725,147.818,147.024,147.678,0.0
2023-09-07,147.658,147.874,147.045,147.292,0.0
2023-09-08,147.3,147.87,146.584,147.818,0.0
2023-09-11,147.029,147.273,145.91,146.587,0.0
2023-09-12,146.586,147.235,146.449,147.083,0.0
2023-09-13,147.076,147.74,147.02,147.475,0.0
2023-09-14,147.469,147.569,147.02,147.468,0.0
2023-09-15,147.47,147.951,147.341,147.852,0.0
2023-09-18,147.738,147.88,147.56,147.602,0.0
2023-09-19,147.637,147.923,147.509,147.873,0.0
2023-09-20,147.843,148.362,147.475,148.352,0.0
2023-09-21,148.346,148.459,147.323,147.564,0.0
2023-09-22,147.711,148.416,147.493,148.38,0.0
2023-09-25,148.305,148.961,148.242,148.893,0.0
2023-09-26,148.887,149.186,148.707,149.068,0.0
2023-09-27,149.064,149.708,148.863,149.649,0.0
2023-09-28,149.635,149.701,149.148,149.299,0.0
2023-09-29,149.308,149.502,148.531,149.356,0.0
2023-10-02,149.65,149.88,149.44,149.865,0.0
2023-10-03,149.866,150.161,148.343,149.05,0.0
2023-10-04,149.03,149.32,148.737,149.127,0.0
2023-10-05,149.085,149.128,148.26,148.509,0.0
2023-10-06,148.494,149.536,148.358,149.275,0.0
2023-10-09,149.1,149.242,148.438,148.512,0.0
2023-10-10,148.506,149.098,148.164,148.71,0.0
2023-10-11,148.727,149.325,148.426,149.174,0.0
2023-10-12,149.155,149.83,148.959,149.813,0.0
2023-10-13,149.807,149.83,149.453,149.581,0.0
2023-10-16,149.391,149.765,149.35,149.522,0.0
2023-10-17,149.522,149.851,149.168,149.811,0.0
2023-10-18,149.817,149.939,149.486,149.928,0.0
2023-10-19,149.931,149.965,149.668,149.801,0.0
2023-10-20,149.796,149.994,149.66,149.852,0.0
2023-10-23,149.853,149.991,149.555,149.712,0.0
2023-10-24,149.712,149.931,149.324,149.908,0.0
2023-10-25,149.914,150.317,149.796,150.23,0.0
2023-10-26,150.227,150.778,149.84,150.405,0.0
2023-10-27,150.38,150.423,149.462,149.644,0.0
2023-10-30,149.589,149.854,148.806,149.06,0.0
2023-10-31,149.09,151.723,149.03,151.637,0.0
2023-11-01,151.635,151.698,150.664,150.945,0.0
2023-11-02,150.963,150.978,149.847,150.465,0.0
2023-11-03,150.459,150.548,149.204,149.356,0.0
2023-11-06,149.35,150.082,149.342,150.078,0.0
2023-11-07,149.925,150.692,149.925,150.43,0.0
2023-11-08,150.374,151.059,150.325,150.979,0.0
2023-11-09,150.977,151.387,150.771,151.342,0.0
2023-11-10,151.349,151.603,151.225,151.527,0.0
2023-11-13,151.45,151.909,151.204,151.723,0.0
2023-11-14,151.723,151.783,150.156,150.388,0.0
2023-11-15,150.369,151.422,150.053,151.394,0.0
2023-11-16,151.382,151.432,150.287,150.734,0.0
2023-11-17,150.729,150.776,149.204,149.556,0.0
2023-11-20,149.724,149.981,148.106,148.4,0.0
2023-11-21,148.37,148.595,147.155,148.399,0.0
2023-11-22,148.392,149.75,148.022,149.539,0.0
2023-11-23,149.541,149.69,148.89,149.574,0.0
2023-11-24,149.545,149.713,149.201,149.445,0.0
2023-11-27,149.431,149.675,148.545,148.685,0.0
2023-11-28,148.689,148.828,147.323,147.47,0.0
2023-11-29,147.473,147.905,146.674,147.23,0.0
2023-11-30,147.245,148.521,146.847,148.22,0.0
2023-12-01,148.197,148.345,146.664,146.805,0.0
2023-12-04,146.765,147.452,146.231,147.219,0.0
2023-12-05,147.215,147.39,146.563,147.15,0.0
2023-12-06,147.276,147.499,146.902,147.304,0.0
2023-12-07,147.3,147.335,141.666,144.136,0.0
2023-12-08,144.121,145.213,142.499,144.876,0.0
2023-12-11,144.95,146.584,144.813,146.161,0.0
2023-12-12,146.143,146.19,144.741,145.469,0.0
2023-12-13,145.452,145.994,142.64,142.899,0.0
2023-12-14,142.885,142.909,140.96,141.885,0.0
2023-12-15,141.875,142.467,141.434,142.161,0.0
2023-12-18,142.011,143.158,142.011,142.798,0.0
2023-12-19,142.769,144.956,142.25,143.837,0.0
2023-12-20,143.814,144.099,143.265,143.56,0.0
2023-12-21,143.574,143.615,142.048,142.12,0.0
2023-12-22,142.119,142.664,141.879,142.46,0.0
2023-12-25,142.365,142.571,142.132,142.325,0.0
2023-12-26,142.315,142.632,142.096,142.375,0.0
2023-12-27,142.367,142.847,141.553,141.836,0.0
2023-12-28,141.833,141.833,140.255,141.413,0.0
2023-12-29,141.41,141.915,140.801,141.028,0.0
2024-01-02,140.85,142.219,140.813,141.993,0.0
2024-01-03,141.905,143.733,141.841,143.299,0.0
2024-01-04,143.207,144.853,142.857,144.633,0.0
2024-01-05,144.626,145.978,143.811,144.623,0.0
2024-01-08,144.621,144.92,143.665,144.236,0.0
2024-01-09,144.23,144.624,143.423,144.483,0.0
2024-01-10,144.48,145.831,144.322,145.768,0.0
2024-01-11,145.737,146.412,145.14,145.284,0.0
2024-01-12,145.284,145.567,144.353,144.916,0.0
2024-01-15,144.835,145.942,144.835,145.77,0.0
2024-01-16,145.725,147.312,145.587,147.187,0.0
2024-01-17,147.216,148.523,147.1,148.153,0.0
2024-01-18,148.157,148.322,147.659,148.166,0.0
2024-01-19,148.162,148.806,147.841,148.181,0.0
2024-01-22,148.35,148.35,147.622,148.119,0.0
2024-01-23,148.105,148.698,146.985,148.367,0.0
2024-01-24,148.333,148.455,146.651,147.52,0.0
2024-01-25,147.51,147.902,147.084,147.666,0.0
2024-01-26,147.606,148.21,147.415,148.166,0.0
2024-01-29,148.13,148.338,147.255,147.496,0.0
2024-01-30,147.506,147.929,147.1,147.599,0.0
2024-01-31,147.587,147.897,146.013,146.97,0.0
2024-02-01,146.942,147.117,145.899,146.426,0.0
2024-02-02,146.365,148.585,146.243,148.363,0.0
2024-02-05,148.4,148.896,148.272,148.682,0.0
2024-02-06,148.68,148.794,147.822,147.947,0.0
2024-02-07,147.945,148.26,147.632,148.181,0.0
2024-02-08,148.184,149.479,147.935,149.32,0.0
2024-02-09,149.34,149.575,149.018,149.28,0.0
2024-02-12,149.35,149.479,148.929,149.355,0.0
2024-02-13,149.345,150.885,149.243,150.799,0.0
2024-02-14,150.815,150.885,150.352,150.594,0.0
2024-02-15,150.578,150.578,149.551,149.935,0.0
2024-02-16,149.921,150.647,149.832,150.21,0.0
2024-02-19,150.15,150.25,149.876,150.136,0.0
2024-02-20,150.15,150.439,149.686,149.996,0.0
2024-02-21,149.946,150.394,149.855,150.286,0.0
2024-02-22,150.311,150.689,150.018,150.539,0.0
2024-02-23,150.55,150.77,150.293,150.513,0.0
2024-02-26,150.5,150.839,150.294,150.708,0.0
2024-02-27,150.72,150.72,150.076,150.527,0.0
2024-02-28,150.5,150.846,150.374,150.703,0.0
2024-02-29,150.696,150.71,149.209,150.0,0.0
2024-03-01,149.966,150.723,149.954,150.1,0.0
2024-03-04,150.0,150.57,149.842,150.523,0.0
2024-03-05,150.531,150.555,149.705,150.062,0.0
2024-03-06,150.038,150.086,149.096,149.407,0.0
2024-03-07,149.362,149.392,147.592,148.031,0.0
2024-03-08,148.045,148.117,146.485,147.073,0.0
2024-03-11,147.075,147.17,146.487,146.952,0.0
2024-03-12,146.871,148.042,146.622,147.669,0.0
2024-03-13,147.677,148.048,147.236,147.754,0.0
2024-03-14,147.758,148.357,147.438,148.307,0.0
2024-03-15,148.333,149.166,148.036,149.052,0.0
2024-03-18,148.985,149.33,148.913,149.152,0.0
2024-03-19,149.147,150.967,149.002,150.852,0.0
2024-03-20,150.879,151.818,150.727,151.244,0.0
2024-03-21,151.254,151.756,150.269,151.638,0.0
2024-03-22,151.617,151.865,151.006,151.453,0.0
2024-03-25,151.356,151.57,151.055,151.424,0.0
2024-03-26,151.421,151.605,151.208,151.553,0.0
2024-03-27,151.557,151.973,151.029,151.324,0.0
2024-03-28,151.328,151.546,151.153,151.387,0.0
2024-03-29,151.38,151.503,151.172,151.346,0.0
2024-04-01,151.25,151.773,151.225,151.661,0.0
2024-04-02,151.671,151.801,151.462,151.558,0.0
2024-04-03,151.555,151.955,151.444,151.699,0.0
2024-04-04,151.694,151.769,151.123,151.347,0.0
2024-04-05,151.342,151.754,150.809,151.63,0.0
2024-04-08,151.656,151.945,151.531,151.848,0.0
2024-04-09,151.805,151.938,151.569,151.779,0.0
2024-04-10,151.763,153.236,151.598,153.151,0.0
2024-04-11,153.178,153.323,152.764,153.279,0.0
2024-04-12,153.271,153.388,152.594,153.267,0.0
2024-04-15,153.05,154.446,152.957,154.273,0.0
2024-04-16,154.274,154.787,153.925,154.731,0.0
2024-04-17,154.7,154.763,154.161,154.379,0.0
2024-04-18,154.378,154.682,153.962,154.653,0.0
2024-04-19,154.641,154.676,153.594,154.638,0.0
2024-04-22,154.6,154.85,154.437,154.84,0.0
2024-04-23,154.836,154.877,154.56,154.833,0.0
2024-04-24,154.802,155.375,154.713,155.348,0.0
2024-04-25,155.348,155.75,155.197,155.649,0.0
2024-04-26,155.62,158.446,154.98,158.342,0.0
2024-04-29,157.875,159.983,154.524,156.344,0.0
2024-04-30,156.338,157.848,156.068,157.823,0.0
2024-05-01,157.78,157.991,153.001,154.398,0.0
2024-05-02,154.546,156.286,153.061,153.642,0.0
2024-05-03,153.659,153.843,151.865,152.976,0.0
2024-05-06,152.95,154.011,152.786,153.896,0.0
2024-05-07,153.898,154.747,153.847,154.692,0.0
2024-05-08,154.696,155.685,154.485,155.493,0.0
2024-05-09,155.467,155.95,155.163,155.498,0.0
2024-05-10,155.481,155.906,155.267,155.763,0.0
2024-05-13,155.7,156.251,155.52,156.221,0.0
2024-05-14,156.217,156.767,156.076,156.438,0.0
2024-05-15,156.41,156.559,154.695,154.895,0.0
2024-05-16,154.876,155.535,153.601,155.392,0.0
2024-05-17,155.392,155.98,155.254,155.668,0.0
2024-05-20,155.65,156.306,155.497,156.281,0.0
2024-05-21,156.253,156.548,155.846,156.165,0.0
2024-05-22,156.159,156.841,156.096,156.809,0.0
2024-05-23,156.793,157.278,156.532,156.939,0.0
2024-05-24,156.94,157.146,156.82,156.995,0.0
2024-05-27,156.95,157.035,156.667,156.896,0.0
2024-05-28,156.889,157.201,156.583,157.19,0.0
2024-05-29,157.155,157.71,156.925,157.673,0.0
2024-05-30,157.624,157.686,156.376,156.813,0.0
2024-05-31,156.82,157.366,156.561,157.283,0.0
2024-06-03,157.199,157.479,155.951,156.079,0.0
2024-06-04,156.088,156.487,154.548,154.891,0.0
2024-06-05,154.887,156.485,154.644,156.119,0.0
2024-06-06,156.108,156.444,155.37,155.625,0.0
2024-06-07,155.608,157.077,155.125,156.774,0.0
2024-06-10,156.85,157.196,156.615,157.034,0.0
2024-06-11,157.032,157.406,156.806,157.136,0.0
2024-06-12,157.092,157.373,155.721,156.733,0.0
2024-06-13,156.718,157.314,156.581,157.011,0.0
2024-06-14,157.031,158.267,156.772,157.458,0.0
2024-06-17,157.374,157.961,157.156,157.728,0.0
2024-06-18,157.742,158.232,157.517,157.852,0.0
2024-06-19,157.851,158.123,157.606,158.095,0.0
2024-06-20,158.093,158.938,157.908,158.925,0.0
2024-06-21,158.929,159.871,158.672,159.789,0.0
2024-06-24,159.75,159.923,158.765,159.619,0.0
2024-06-25,159.631,159.757,159.19,159.69,0.0
2024-06-26,159.7,160.868,159.61,160.822,0.0
2024-06-27,160.81,160.826,160.284,160.776,0.0
2024-06-28,160.776,161.278,160.266,160.906,0.0
2024-07-01,160.75,161.73,160.74,161.471,0.0
2024-07-02,161.454,161.813,161.271,161.473,0.0
2024-07-03,161.43,161.952,160.769,161.708,0.0
2024-07-04,161.656,161.69,160.949,161.274,0.0
2024-07-05,161.271,161.396,160.329,160.793,0.0
2024-07-08,160.761,161.122,160.265,160.833,0.0
2024-07-09,160.82,161.515,160.731,161.301,0.0
2024-07-10,161.325,161.808,161.259,161.707,0.0
2024-07-11,161.655,161.764,157.426,158.911,0.0
2024-07-12,158.822,159.451,157.356,157.907,0.0
2024-07-15,158.15,158.425,157.181,158.024,0.0
2024-07-16,158.061,158.856,157.914,158.406,0.0
2024-07-17,158.353,158.624,156.067,156.173,0.0
2024-07-18,156.17,157.404,155.371,157.378,0.0
2024-07-19,157.372,157.731,156.965,157.431,0.0
2024-07-22,157.41,157.614,156.286,157.069,0.0
2024-07-23,157.035,157.104,155.563,155.58,0.0
2024-07-24,155.591,155.992,153.109,153.902,0.0
2024-07-25,153.882,154.32,151.945,153.945,0.0
2024-07-26,153.918,154.738,153.106,153.702,0.0
2024-07-29,153.75,154.355,153.016,154.033,0.0
2024-07-30,154.02,155.218,152.649,152.751,0.0
2024-07-31,152.789,153.908,149.612,149.968,0.0
2024-08-01,149.968,150.894,148.515,149.349,0.0
2024-08-02,149.376,149.784,146.417,146.571,0.0
2024-08-05,146.57,146.65,141.693,144.159,0.0
2024-08-06,144.177,146.371,143.629,144.366,0.0
2024-08-07,144.33,147.903,144.276,146.714,0.0
2024-08-08,146.686,147.55,145.437,147.285,0.0
2024-08-09,147.202,147.823,146.288,146.563,0.0
2024-08-12,146.65,148.223,146.541,147.211,0.0
2024-08-13,147.206,147.947,146.598,146.84,0.0
2024-08-14,146.828,147.589,146.078,147.322,0.0
2024-08-15,147.332,149.386,147.057,149.283,0.0
2024-08-16,149.289,149.402,147.573,147.625,0.0
2024-08-19,147.586,148.055,145.189,146.605,0.0
2024-08-20,146.597,147.344,145.197,145.272,0.0
2024-08-21,145.268,146.898,144.457,145.282,0.0
2024-08-22,145.195,146.528,144.85,146.309,0.0
2024-08-23,146.276,146.485,144.05,144.245,0.0
2024-08-26,144.261,144.657,143.45,144.527,0.0
2024-08-27,144.53,145.177,143.918,143.947,0.0
2024-08-28,143.987,145.04,143.687,144.592,0.0
2024-08-29,144.584,145.553,144.224,144.976,0.0
2024-08-30,144.976,146.25,144.656,146.157,0.0
2024-09-02,146.082,147.173,145.779,146.921,0.0
2024-09-03,146.914,147.209,145.159,145.461,0.0
2024-09-04,145.484,145.618,143.712,143.731,0.0
2024-09-05,143.727,144.231,142.853,143.453,0.0
2024-09-06,143.445,143.894,141.774,142.315,0.0
2024-09-09,142.308,143.798,141.95,143.168,0.0
2024-09-10,143.171,143.708,142.197,142.454,0.0
2024-09-11,142.436,142.549,140.713,142.358,0.0
2024-09-12,142.34,143.045,141.73,141.82,0.0
2024-09-13,141.821,141.892,140.283,140.79,0.0
2024-09-16,140.817,140.927,139.581,140.612,0.0
2024-09-17,140.614,142.467,140.323,142.426,0.0
2024-09-18,142.394,142.706,140.442,142.252,0.0
2024-09-19,142.261,143.952,141.887,142.635,0.0
2024-09-20,142.624,144.494,141.741,143.926,0.0
2024-09-23,143.95,144.46,143.165,143.601,0.0
2024-09-24,143.58,144.682,143.115,143.222,0.0
2024-09-25,143.223,144.844,142.906,144.752,0.0
2024-09-26,144.778,145.213,144.112,144.808,0.0
2024-09-27,144.811,146.491,142.068,142.169,0.0
2024-09-30,142.35,143.916,141.649,143.627,0.0
2024-10-01,143.65,144.536,142.976,143.565,0.0
2024-10-02,143.569,146.516,143.422,146.461,0.0
2024-10-03,146.471,147.243,146.209,146.964,0.0
2024-10-04,146.934,149.003,145.923,148.755,0.0
2024-10-07,148.75,149.133,147.848,148.192,0.0
2024-10-08,148.166,148.38,147.345,148.197,0.0
2024-10-09,148.197,149.36,148.013,149.315,0.0
2024-10-10,149.284,149.546,148.263,148.573,0.0
2024-10-11,148.547,149.286,148.407,149.108,0.0
2024-10-14,149.05,149.98,149.034,149.761,0.0
2024-10-15,149.766,149.907,148.851,149.219,0.0
2024-10-16,149.206,149.808,148.871,149.647,0.0
2024-10-17,149.637,150.324,149.243,150.232,0.0
2024-10-18,150.197,150.285,149.366,149.56,0.0
2024-10-21,149.471,150.887,149.092,150.843,0.0
2024-10-22,150.817,151.197,150.498,151.085,0.0
2024-10-23,151.082,153.188,150.998,152.77,0.0
2024-10-24,152.762,152.837,151.558,151.815,0.0
2024-10-25,151.821,152.38,151.439,152.274,0.0
2024-10-28,153.216,153.884,152.411,153.296,0.0
2024-10-29,153.288,153.868,152.755,153.378,0.0
2024-10-30,153.331,153.519,152.783,153.409,0.0
2024-10-31,153.414,153.595,151.835,152.044,0.0
2024-11-01,152.033,153.093,151.792,152.94,0.0
2024-11-04,152.228,152.568,151.536,152.135,0.0
2024-11-05,152.095,152.545,151.337,151.612,0.0
2024-11-06,151.628,154.701,151.289,154.622,0.0
2024-11-07,154.635,154.714,152.697,152.897,0.0
2024-11-08,152.935,153.371,152.143,152.645,0.0
2024-11-11,152.758,153.954,152.635,153.738,0.0
2024-11-12,153.712,154.924,153.411,154.628,0.0
2024-11-13,154.616,155.624,154.343,155.477,0.0
2024-11-14,155.457,156.416,155.34,156.272,0.0
2024-11-15,156.266,156.75,153.861,154.289,0.0
2024-11-18,154.35,155.358,153.843,154.684,0.0
2024-11-19,154.659,154.801,153.286,154.659,0.0
2024-11-20,154.661,155.888,154.53,155.427,0.0
2024-11-21,155.442,155.446,153.912,154.551,0.0
2024-11-22,154.544,155.029,153.97,154.739,0.0
2024-11-25,154.15,154.723,153.553,154.175,0.0
2024-11-26,154.202,154.492,152.991,153.113,0.0
2024-11-27,153.073,153.236,150.458,151.111,0.0
2024-11-28,151.115,151.949,150.869,151.556,0.0
2024-11-29,151.551,151.71,149.469,149.715,0.0
2024-12-02,149.595,150.748,149.079,149.594,0.0
2024-12-03,149.59,150.238,148.649,149.585,0.0
2024-12-04,149.627,151.227,149.522,150.62,0.0
2024-12-05,150.62,150.777,149.658,150.107,0.0
2024-12-06,150.101,150.701,149.365,149.967,0.0
2024-12-09,149.95,151.349,149.692,151.23,0.0
2024-12-10,151.183,152.186,150.901,151.971,0.0
2024-12-11,151.947,152.845,151.009,152.472,0.0
2024-12-12,152.443,152.775,151.803,152.657,0.0
2024-12-13,152.644,153.803,152.459,153.637,0.0
2024-12-16,153.65,154.48,153.327,154.16,0.0
2024-12-17,154.122,154.344,153.161,153.487,0.0
2024-12-18,153.501,154.873,153.27,154.834,0.0
2024-12-19,154.815,157.807,154.438,157.433,0.0
2024-12-20,157.446,157.926,155.957,156.46,0.0
2024-12-23,156.35,157.271,156.335,157.172,0.0
2024-12-24,157.169,157.395,156.894,157.162,0.0
2024-12-25,157.166,158.316,155.215,157.225,0.0
2024-12-26,157.192,158.085,156.987,158.025,0.0
2024-12-27,157.964,157.999,157.354,157.878,0.0
2024-12-30,157.75,158.074,156.673,156.855,0.0
2024-12-31,156.833,157.903,156.023,157.872,0.0
2025-01-01,157.892,158.073,156.681,157.395,0.0
2025-01-02,157.233,157.851,156.44,157.516,0.0
2025-01-03,157.479,157.569,156.873,157.295,0.0
2025-01-06,157.25,157.963,156.241,157.645,0.0
2025-01-07,157.595,158.426,157.38,158.073,0.0
2025-01-08,158.047,158.552,157.899,158.357,0.0
2025-01-09,158.34,158.399,157.58,158.147,0.0
2025-01-10,158.147,158.887,157.229,157.694,0.0
2025-01-13,157.75,157.969,156.916,157.478,0.0
2025-01-14,157.522,158.199,157.12,157.97,0.0
2025-01-15,157.937,158.13,155.942,156.467,0.0
2025-01-16,156.458,156.655,155.101,155.123,0.0
2025-01-17,155.217,156.375,154.983,156.295,0.0
2025-01-20,156.25,156.583,155.418,155.635,0.0
2025-01-21,155.641,156.241,154.775,155.51,0.0
2025-01-22,155.496,156.709,155.354,156.53,0.0
2025-01-23,156.498,156.874,155.745,156.072,0.0
2025-01-24,156.061,156.577,154.845,155.998,0.0
2025-01-27,155.75,156.249,153.714,154.506,0.0
2025-01-28,154.512,155.98,154.383,155.535,0.0
2025-01-29,155.585,155.789,154.942,155.252,0.0
2025-01-30,155.237,155.364,153.793,154.282,0.0
2025-01-31,154.29,155.221,153.918,155.199,0.0
2025-02-03,154.735,155.887,154.015,154.799,0.0
2025-02-04,154.761,155.521,154.175,154.343,0.0
2025-02-05,154.342,154.464,152.117,152.599,0.0
2025-02-06,152.618,152.894,151.243,151.454,0.0
2025-02-07,151.458,152.416,150.891,151.407,0.0
2025-02-10,151.316,152.539,151.197,151.995,0.0
2025-02-11,151.998,152.612,151.651,152.502,0.0
2025-02-12,152.498,154.803,152.37,154.409,0.0
2025-02-13,154.375,154.669,152.705,152.809,0.0
2025-02-14,152.8,153.159,152.026,152.292,0.0
2025-02-17,152.25,152.456,151.286,151.509,0.0
2025-02-18,151.499,152.219,151.235,152.075,0.0
2025-02-19,152.065,152.314,151.247,151.485,0.0
2025-02-20,151.44,151.483,149.398,149.621,0.0
2025-02-21,149.666,150.737,148.923,149.279,0.0
2025-02-24,149.242,149.875,148.846,149.715,0.0
2025-02-25,149.695,150.301,148.568,149.028,0.0
2025-02-26,149.045,149.889,148.626,149.091,0.0
2025-02-27,149.098,150.163,148.747,149.799,0.0
2025-02-28,149.875,150.991,149.104,150.632,0.0
2025-03-03,150.719,151.303,149.1,149.498,0.0
2025-03-04,149.504,149.878,148.094,149.805,0.0
2025-03-05,149.765,150.186,148.398,148.872,0.0
2025-03-06,148.889,149.334,147.308,147.994,0.0
2025-03-07,147.984,148.202,146.946,148.037,0.0
2025-03-10,148.014,148.014,146.632,147.265,0.0
2025-03-11,147.273,148.117,146.541,147.774,0.0
2025-03-12,147.783,149.191,147.599,148.262,0.0
2025-03-13,148.248,148.375,147.411,147.81,0.0
2025-03-14,147.813,149.024,147.711,148.632,0.0
2025-03-17,148.75,149.284,148.271,149.214,0.0
2025-03-18,149.21,149.938,149.016,149.286,0.0
2025-03-19,149.27,150.148,148.606,148.692,0.0
2025-03-20,148.81,148.963,148.182,148.781,0.0
2025-03-21,148.781,149.666,148.588,149.315,0.0
2025-03-24,149.387,150.758,149.35,150.7,0.0
2025-03-25,150.703,150.945,149.549,149.917,0.0
2025-03-26,149.91,150.748,149.832,150.598,0.0
2025-03-27,150.575,151.158,150.063,151.04,0.0
2025-03-28,151.05,151.211,149.684,149.807,0.0
2025-03-31,149.828,150.267,148.703,149.966,0.0
2025-04-01,149.965,150.146,148.975,149.616,0.0
2025-04-02,149.62,150.49,149.103,149.34,0.0
2025-04-03,149.255,149.31,145.19,146.077,0.0
2025-04-04,146.045,147.432,144.551,147.029,0.0
2025-04-07,145.55,148.149,144.825,147.919,0.0
2025-04-08,147.711,148.124,145.967,146.278,0.0
2025-04-09,146.28,148.285,143.998,147.76,0.0
2025-04-10,147.766,147.86,144.011,144.437,0.0
2025-04-11,144.44,144.724,142.071,143.533,0.0
2025-04-14,143.95,144.087,142.234,143.022,0.0
2025-04-15,142.995,143.595,142.599,143.259,0.0
2025-04-16,143.225,143.355,141.645,141.897,0.0
2025-04-17,141.855,143.085,141.612,142.479,0.0
2025-04-18,142.457,142.543,142.005,142.173,0.0
2025-04-21,142.15,142.15,140.476,140.858,0.0
2025-04-22,140.865,141.669,139.887,141.603,0.0
2025-04-23,141.485,143.575,141.449,143.442,0.0
2025-04-24,143.395,143.446,142.282,142.62,0.0
2025-04-25,142.65,144.031,142.573,143.673,0.0
2025-04-28,143.618,143.896,141.988,142.024,0.0
2025-04-29,142.015,142.76,141.905,142.352,0.0
2025-04-30,142.275,143.187,142.162,143.067,0.0
2025-05-01,143.064,145.735,142.88,145.389,0.0
2025-05-02,145.402,145.921,143.732,144.962,0.0
2025-05-05,144.707,144.993,143.542,143.7,0.0
2025-05-06,143.735,144.272,142.356,142.405,0.0
2025-05-07,142.495,143.998,142.385,143.832,0.0
2025-05-08,143.82,146.179,143.45,145.906,0.0
2025-05-09,145.905,146.19,144.825,145.376,0.0
2025-05-12,146.25,148.654,145.705,148.459,0.0
2025-05-13,148.485,148.535,147.377,147.475,0.0
2025-05-14,147.478,147.67,145.608,146.745,0.0
2025-05-15,146.753,146.807,145.415,145.685,0.0
2025-05-16,145.665,146.1,144.923,145.645,0.0
2025-05-19,145.286,145.465,144.661,144.861,0.0
2025-05-20,144.86,145.514,144.091,144.499,0.0
2025-05-21,144.507,144.615,143.284,143.668,0.0
2025-05-22,143.677,144.405,142.805,144.022,0.0
2025-05-23,144.05,144.215,142.425,142.568,0.0
2025-05-26,142.521,143.084,142.227,142.844,0.0
2025-05-27,142.905,144.459,142.115,144.351,0.0
2025-05-28,144.35,145.079,143.852,144.874,0.0
2025-05-29,144.835,146.285,143.964,144.188,0.0
2025-05-30,144.181,144.444,143.441,144.05,0.0
2025-06-02,143.85,143.991,142.544,142.697,0.0
2025-06-03,142.71,144.113,142.381,144.007,0.0
2025-06-04,143.885,144.39,142.608,142.735,0.0
2025-06-05,142.782,143.976,142.533,143.58,0.0
2025-06-06,143.546,145.092,143.361,144.843,0.0
2025-06-09,144.875,144.95,143.974,144.605,0.0
2025-06-10,144.596,145.29,144.403,144.897,0.0
2025-06-11,144.876,145.469,144.326,144.596,0.0
2025-06-12,144.55,144.568,143.186,143.497,0.0
2025-06-13,143.475,144.484,142.8,144.087,0.0
2025-06-16,144.023,144.877,143.653,144.788,0.0
2025-06-17,144.758,145.378,144.395,145.289,0.0
2025-06-18,145.25,145.442,144.331,145.12,0.0
2025-06-19,145.15,145.767,144.739,145.458,0.0
2025-06-20,145.5,146.216,145.124,146.103,0.0
2025-06-23,146.735,148.024,146.013,146.144,0.0
2025-06-24,146.155,146.218,144.514,144.907,0.0
2025-06-25,144.895,145.95,144.61,145.253,0.0
2025-06-26,145.195,145.303,143.754,144.39,0.0
2025-06-27,144.399,144.946,144.181,144.646,0.0
2025-06-30,144.354,144.767,143.782,144.029,0.0
2025-07-01,144.07,144.27,142.684,143.405,0.0
2025-07-02,143.401,144.246,143.321,143.665,0.0
2025-07-03,143.685,145.234,143.446,144.924,0.0
2025-07-04,144.934,145.002,144.185,144.482,0.0
2025-07-07,144.144,146.243,144.144,146.066,0.0
2025-07-08,146.079,146.976,145.832,146.57,0.0
2025-07-09,146.615,147.18,146.254,146.31,0.0
2025-07-10,146.333,146.786,145.761,146.248,0.0
2025-07-11,146.25,147.524,146.137,147.421,0.0
2025-07-14,147.207,147.782,146.856,147.732,0.0
2025-07-15,147.724,149.024,147.553,148.848,0.0
2025-07-16,148.905,149.186,146.908,147.886,0.0
2025-07-17,147.876,149.09,147.728,148.607,0.0
2025-07-18,148.611,148.885,148.187,148.837,0.0
2025-07-21,147.95,148.666,147.084,147.339,0.0
2025-07-22,147.35,147.945,146.31,146.644,0.0
2025-07-23,146.636,147.211,146.113,146.527,0.0
2025-07-24,146.506,147.022,145.856,146.998,0.0
2025-07-25,146.997,147.939,146.836,147.667,0.0
2025-07-28,147.755,148.577,147.521,148.551,0.0
2025-07-29,148.455,148.807,148.158,148.47,0.0
2025-07-30,148.505,149.545,147.806,149.544,0.0
2025-07-31,149.475,150.843,148.59,150.767,0.0
2025-08-01,150.771,150.918,147.291,147.417,0.0
2025-08-04,147.262,148.089,146.866,147.113,0.0
2025-08-05,147.155,147.837,146.623,147.558,0.0
2025-08-06,147.609,147.885,146.978,147.363,0.0
2025-08-07,147.362,147.712,146.694,147.152,0.0
2025-08-08,147.128,147.903,146.722,147.728,0.0
2025-08-11,147.563,148.253,147.351,148.141,0.0
2025-08-12,148.166,148.519,147.58,147.849,0.0
2025-08-13,147.775,148.17,147.093,147.382,0.0
2025-08-14,147.386,147.961,146.216,147.746,0.0
2025-08-15,147.766,147.955,146.741,147.157,0.0
2025-08-18,147.2,147.985,147.079,147.854,0.0
2025-08-19,147.805,148.114,147.447,147.671,0.0
2025-08-20,147.605,147.817,146.871,147.303,0.0
2025-08-21,147.326,148.407,147.255,148.382,0.0
2025-08-22,148.371,148.778,146.579,146.941,0.0
2025-08-25,146.95,147.939,146.806,147.749,0.0
2025-08-26,147.772,147.938,146.989,147.426,0.0
2025-08-27,147.422,148.184,147.294,147.422,0.0
2025-08-28,147.401,147.515,146.661,146.933,0.0
2025-08-29,146.875,147.409,146.766,147.054,0.0
2025-09-01,147.1,147.378,146.787,147.176,0.0
2025-09-02,147.195,148.943,147.046,148.34,0.0
2025-09-03,148.325,149.139,147.881,148.111,0.0
2025-09-04,148.114,148.779,147.791,148.469,0.0
2025-09-05,148.545,148.573,146.82,147.398,0.0
2025-09-08,148.15,148.578,147.341,147.525,0.0
2025-09-09,147.516,147.588,146.31,147.407,0.0
2025-09-10,147.408,147.645,147.161,147.461,0.0
2025-09-11,147.467,148.184,146.989,147.226,0.0
2025-09-12,147.22,148.072,147.027,147.644,0.0
2025-09-15,147.75,147.809,147.233,147.404,0.0
2025-09-16,147.413,147.541,146.279,146.458,0.0
2025-09-17,146.464,147.052,145.486,147.0,0.0
2025-09-18,147.002,148.268,146.771,147.997,0.0
2025-09-19,147.989,148.285,147.199,147.965,0.0
2025-09-22,147.95,148.378,147.658,147.736,0.0
2025-09-23,147.721,147.928,147.461,147.661,0.0
2025-09-24,147.651,148.917,147.519,148.908,0.0
2025-09-25,148.899,149.932,148.56,149.798,0.0
2025-09-26,149.824,149.958,149.407,149.494,0.0
2025-09-29,149.685,149.685,148.473,148.598,0.0
2025-09-30,148.675,148.849,147.652,147.936,0.0
2025-10-01,147.855,148.227,146.593,147.084,0.0
2025-10-02,147.073,147.516,146.602,147.26,0.0
2025-10-03,147.261,147.819,147.093,147.493,0.0
2025-10-06,149.55,150.478,149.053,150.371,0.0
2025-10-07,150.305,152.046,150.221,151.892,0.0
2025-10-08,151.93,152.999,151.736,152.698,0.0
2025-10-09,152.735,153.234,152.116,153.086,0.0
2025-10-10,153.016,153.274,151.155,151.179,0.0
2025-10-13,151.875,152.449,151.722,152.304,0.0
2025-10-14,152.275,152.616,151.607,151.811,0.0
2025-10-15,151.839,151.875,150.903,151.062,0.0
2025-10-16,151.061,151.398,150.214,150.435,0.0
2025-10-17,150.405,150.64,149.38,150.629,0.0
2025-10-20,150.45,151.203,150.277,150.756,0.0
2025-10-21,150.747,152.176,150.471,151.933,0.0
2025-10-22,151.932,152.046,151.492,151.974,0.0
2025-10-23,151.964,152.798,151.824,152.59,0.0
2025-10-24,152.587,153.062,152.332,152.881,0.0
2025-10-27,152.85,153.256,152.567,152.874,0.0
2025-10-28,152.878,152.899,151.761,152.113,0.0
2025-10-29,152.11,153.061,151.539,152.735,0.0
2025-10-30,152.728,154.446,152.163,154.155,0.0
2025-10-31,154.13,154.411,153.655,154.008,0.0
2025-11-03,154.05,154.297,153.912,154.217,0.0
2025-11-04,154.235,154.483,153.318,153.663,0.0
2025-11-05,153.663,154.356,152.963,154.118,0.0
2025-11-06,154.113,154.142,152.832,153.07,0.0
2025-11-07,152.995,153.598,152.823,153.431,0.0
2025-11-10,153.75,154.249,153.463,154.132,0.0
2025-11-11,154.137,154.493,153.667,154.157,0.0
2025-11-12,154.163,155.046,154.051,154.815,0.0
2025-11-13,154.812,155.015,154.129,154.53,0.0
2025-11-14,154.575,154.764,153.618,154.539,0.0
2025-11-17,154.035,155.303,154.035,155.263,0.0
2025-11-18,155.263,155.734,154.818,155.524,0.0
2025-11-19,155.512,157.183,155.214,157.159,0.0
2025-11-20,157.154,157.894,156.885,157.458,0.0
2025-11-21,157.457,157.545,156.204,156.416,0.0
2025-11-24,156.35,157.19,156.35,156.927,0.0
2025-11-25,156.917,156.985,155.805,156.074,0.0
2025-11-26,156.058,156.737,155.654,156.454,0.0
2025-11-27,156.474,156.499,155.724,156.298,0.0
2025-11-28,156.307,156.585,155.981,156.175,0.0
2025-12-01,156.15,156.155,154.665,155.478,0.0
2025-12-02,155.479,156.179,155.433,155.865,0.0
2025-12-03,155.87,155.931,155.013,155.232,0.0
2025-12-04,155.248,155.542,154.508,155.112,0.0
2025-12-05,155.12,155.494,154.346,155.383,0.0
2025-12-08,155.25,155.985,154.904,155.926,0.0
2025-12-09,155.923,156.955,155.744,156.895,0.0
2025-12-10,156.892,156.938,155.796,156.038,0.0
2025-12-11,156.016,156.166,154.947,155.565,0.0
2025-12-12,155.585,156.129,155.453,155.82,0.0
2025-12-15,155.85,155.986,154.839,155.212,0.0
2025-12-16,155.213,155.343,154.399,154.722,0.0
2025-12-17,154.724,155.751,154.517,155.695,0.0
2025-12-18,155.698,155.978,155.283,155.556,0.0
2025-12-19,155.552,157.783,155.495,157.704,0.0
2025-12-22,157.695,157.709,156.707,157.031,0.0
2025-12-23,157.043,157.085,155.656,156.25,0.0
2025-12-24,156.234,156.295,155.559,155.897,0.0
2025-12-25,155.799,155.845,155.661,155.745,0.0
2025-12-26,155.785,156.735,155.758,156.562,0.0
2025-12-29,156.55,156.582,155.917,156.036,0.0
2025-12-30,156.059,156.567,155.745,156.435,0.0
2025-12-31,156.413,156.998,156.332,156.706,0.0
2026-01-01,156.826,156.826,156.744,156.745,0.0
2026-01-02,156.735,157.0,156.52,156.839,0.0
2026-01-05,156.75,157.297,156.117,156.402,0.0
2026-01-06,156.4,156.8,156.164,156.669,0.0
2026-01-07,156.677,156.807,156.296,156.76,0.0
2026-01-08,156.769,157.072,156.457,156.883,0.0
2026-01-09,156.874,158.185,156.691,157.923,0.0
2026-01-12,158.1,158.202,157.519,158.166,0.0
2026-01-13,158.162,159.193,157.9,159.171,0.0
2026-01-14,159.159,159.458,158.105,158.43,0.0
2026-01-15,158.457,158.879,158.204,158.625,0.0
2026-01-16,158.631,158.706,157.823,158.083,0.0
2026-01-19,157.915,158.168,157.426,158.123,0.0
2026-01-20,158.137,158.605,157.468,158.15,0.0
2026-01-21,158.159,158.535,157.748,158.302,0.0
2026-01-22,158.314,158.895,158.183,158.416,0.0
2026-01-23,158.424,159.228,155.623,155.72,0.0
2026-01-26,154.7,155.346,153.307,154.21,0.0
2026-01-27,154.204,154.878,152.094,152.221,0.0
2026-01-28,152.202,154.046,152.185,153.403,0.0
2026-01-29,153.419,153.536,152.691,153.119,0.0
2026-01-30,153.094,154.803,152.869,154.77,0.0
2026-02-02,154.95,155.789,154.552,155.612,0.0
2026-02-03,155.635,156.084,155.304,155.769,0.0
2026-02-04,155.771,156.947,155.64,156.876,0.0
2026-02-05,156.835,157.339,156.535,157.042,0.0
2026-02-06,157.044,157.278,156.52,157.236,0.0
2026-02-09,157.594,157.661,155.523,155.894,0.0
2026-02-10,155.879,156.295,154.057,154.383,0.0
2026-02-11,154.418,154.653,152.555,153.274,0.0
2026-02-12,153.262,153.759,152.272,152.751,0.0
2026-02-13,152.737,153.666,152.598,152.704,0.0
2026-02-16,152.65,153.639,152.637,153.52,0.0
2026-02-17,153.425,153.921,152.701,153.296,0.0
2026-02-18,153.285,154.868,153.071,154.821,0.0
2026-02-19,154.817,155.343,154.543,155.002,0.0
2026-02-20,154.998,155.644,154.716,155.074,0.0
2026-02-23,154.95,155.045,154.0,154.666,0.0
2026-02-24,154.667,156.281,154.529,155.904,0.0
2026-02-25,155.905,156.827,155.348,156.376,0.0
2026-02-26,156.372,156.553,155.712,156.134,0.0
2026-02-27,156.133,156.235,155.537,156.069,0.0
2026-03-02,156.0,157.751,155.969,157.358,0.0
2026-03-03,157.361,157.971,157.154,157.69,0.0
2026-03-04,157.738,157.867,156.857,157.045,0.0
2026-03-05,157.065,157.851,156.456,157.557,0.0
2026-03-06,157.563,158.088,157.385,157.802,0.0
2026-03-09,158.051,158.901,157.63,157.665,0.0
2026-03-10,157.71,158.229,157.233,158.05,0.0
2026-03-11,158.054,158.977,157.873,158.96,0.0
2026-03-12,158.952,159.431,158.569,159.357,0.0
2026-03-13,159.352,159.75,158.983,159.735,0.0
2026-03-16,159.594,159.745,158.852,159.045,0.0
2026-03-17,159.06,159.496,158.72,159.005,0.0
2026-03-18,159.016,159.933,158.568,159.89,0.0
2026-03-19,159.88,159.917,157.51,157.713,0.0
2026-03-20,157.709,159.389,157.586,159.23,0.0
2026-03-23,159.321,159.657,157.979,158.428,0.0
2026-03-24,158.445,159.191,158.229,158.713,0.0
2026-03-25,158.697,159.499,158.479,159.471,0.0
2026-03-26,159.466,159.848,159.288,159.772,0.0
2026-03-27,159.804,160.408,159.456,160.295,0.0
2026-03-30,160.25,160.463,159.237,159.75,0.0
2026-03-31,159.695,160.0,158.61,158.729,0.0
2026-04-01,158.724,159.009,158.222,158.784,0.0
2026-04-02,158.828,159.745,158.479,159.598,0.0
2026-04-03,159.594,159.76,159.432,159.673,0.0
2026-04-06,159.648,159.815,159.312,159.683,0.0
2026-04-07,159.685,160.024,159.47,159.632,0.0
2026-04-08,159.622,159.745,157.885,158.574,0.0
2026-04-09,158.579,159.3,158.46,158.999,0.0
2026-04-10,158.97,159.49,158.905,159.303,0.0
2026-04-13,159.65,159.862,159.293,159.45,0.0
2026-04-14,159.453,159.533,158.602,158.807,0.0
2026-04-15,158.8,159.237,158.653,158.972,0.0
2026-04-16,158.977,159.306,158.229,159.145,0.0
2026-04-17,159.155,159.52,157.59,158.618,0.0
2026-04-20,158.795,159.203,158.552,158.82,0.0
2026-04-21,158.808,159.745,158.675,159.395,0.0
2026-04-22,159.4,159.575,159.107,159.465,0.0
2026-04-23,159.489,159.88,159.296,159.75,0.0
2026-04-24,159.595,159.84,159.237,159.375,0.0
2026-04-27,159.588,159.65,159.095,159.424,0.0
2026-04-28,159.427,159.79,158.962,159.614,0.0
2026-04-29,159.563,160.477,159.479,160.448,0.0
2026-04-30,160.414,160.725,155.556,156.623,0.0
2026-05-01,156.619,157.331,155.522,157.058,0.0
2026-05-04,156.791,157.301,155.73,157.245,0.0
2026-05-05,157.225,157.921,157.085,157.894,0.0
2026-05-06,157.883,157.979,155.035,156.38,0.0
2026-05-07,156.382,156.958,156.02,156.938,0.0
2026-05-08,156.938,156.992,156.434,156.683,0.0
2026-05-11,156.55,157.274,156.51,157.226,0.0
2026-05-12,157.219,157.766,156.987,157.615,0.0
2026-05-13,157.621,157.926,157.481,157.891,0.0
2026-05-14,157.851,158.425,157.481,158.394,0.0
2026-05-15,158.37,158.846,158.229,158.772,0.0
2026-05-18,158.75,159.081,158.575,158.855,0.0
2026-05-19,158.839,159.253,158.664,159.087,0.0
2026-05-20,159.07,159.169,158.593,158.95,0.0
2026-05-21,158.917,159.348,158.69,158.991,0.0
2026-05-22,158.993,159.237,158.731,159.206,0.0
2026-05-25,159.21,159.21,158.731,158.926,0.0
2026-05-26,158.878,159.49,158.731,159.3,0.0
2026-05-27,159.316,159.583,159.177,159.521,0.0
2026-05-28,159.492,159.654,159.137,159.248,0.0
2026-05-29,159.237,159.38,159.102,159.266,0.0
2026-06-01,159.305,159.763,159.273,159.673,0.0
2026-06-02,159.65,159.989,159.49,159.933,0.0
2026-06-03,159.875,160.1,159.375,160.092,0.0
2026-06-04,160.08,160.095,159.745,160.026,0.0
2026-06-05,160.018,160.35,159.831,160.33,0.0
2026-06-08,160.33,160.396,159.887,160.177,0.0
2026-06-09,160.182,160.514,160.0,160.369,0.0
2026-06-10,160.365,160.585,160.239,160.56,0.0
2026-06-11,160.559,160.6,159.664,159.973,0.0
2026-06-12,159.96,160.373,159.872,160.222,0.0
2026-06-15,160.222,160.396,159.738,160.352,0.0
2026-06-16,160.334,160.485,160.049,160.466,0.0
2026-06-17,160.434,160.796,160.116,160.659,0.0
2026-06-18,160.649,161.798,160.505,161.415,0.0
2026-06-19,161.377,161.551,161.0,161.31,0.0
2026-06-22,161.28,161.926,161.031,161.613,0.0
2026-06-23,161.541,161.741,161.278,161.577,0.0
2026-06-24,161.505,161.842,161.47,161.8,0.0
2026-06-25,161.766,161.95,161.551,161.804,0.0
2026-06-26,161.783,161.848,161.532,161.745,0.0
2026-06-29,161.739,161.982,161.719,161.939,0.0
2026-06-30,161.946,162.67,161.813,162.584,0.0
2026-07-01,162.561,162.84,162.3,162.607,0.0
2026-07-02,162.57,162.61,160.631,161.115,0.0
2026-07-03,161.042,161.551,160.514,161.372,0.0
2026-07-06,161.3,162.422,161.248,162.092,0.0
2026-07-07,162.091,162.339,161.654,162.12,0.0
2026-07-08,162.062,162.709,161.997,162.637,0.0
2026-07-09,162.606,162.72,162.249,162.393,0.0
2026-07-10,162.39,162.602,161.287,161.7,0.0
2026-07-13,161.72,162.488,161.692,162.462,0.0
2026-07-14,162.459,162.602,161.626,162.266,0.0
2026-07-15,162.075,162.423,161.895,162.192,0.0
2026-07-16,162.205,162.602,161.986,162.35,0.0
2026-07-17,162.401,162.522,162.075,162.408,0.0
2026-07-20,162.443,162.602,162.203,162.503,0.0
2026-07-21,162.494,163.241,162.339,163.198,0.0
2026-07-22,163.174,163.225,162.602,163.15,0.0
2026-07-23,163.151,163.988,163.001,163.864,0.0
2026-07-24,163.855,163.939,163.651,163.851,0.0
2026-07-27,163.61,163.854,163.333,163.75,0.0
2026-07-28,163.75,163.951,163.582,163.867,0.0
2026-07-29,163.869,163.935,163.239,163.441,0.0
2026-07-30,163.398,163.741,157.971,159.552,0.0
2026-07-31,159.502,160.876,157.233,157.45,0.0
2026-08-03,157.15,157.885,155.23,157.18,0.0
2026-08-04,157.172,157.979,157.108,157.743,0.0
2026-08-05,157.775,157.876,157.309,157.769,0.0
2026-08-06,157.752,158.555,157.561,158.455,0.0
2026-08-07,158.447,158.575,156.771,157.784,0.0
2026-08-10,157.714,159.365,157.638,159.31,0.0
2026-08-11,159.297,159.39,158.953,159.288,0.0
2026-08-12,159.286,159.548,158.685,159.424,0.0
2026-08-13,159.426,159.568,159.025,159.519,0.0
2026-08-14,159.491,159.55,158.617,159.32,0.0
2026-08-17,159.305,159.598,158.856,159.473,0.0
2026-08-18,159.494,159.781,159.237,159.629,0.0
2026-08-19,159.615,159.655,157.979,158.152,0.0
2026-08-20,158.135,159.183,157.979,159.068,0.0
2026-08-21,159.025,159.237,158.355,159.0,0.0
2026-08-24,159.001,159.284,158.545,159.101,0.0
2026-08-25,159.088,159.493,158.983,159.204,0.0
2026-08-26,159.18,159.446,158.881,159.311,0.0
2026-08-27,159.307,159.528,159.115,159.403,0.0
2026-08-28,159.395,160.204,159.237,160.098,0.0
2026-08-31,160.023,160.202,159.479,159.737,0.0
2026-09-01,159.743,160.275,159.644,160.2,0.0
2026-09-02,160.177,160.392,158.229,158.723,0.0
2026-09-03,158.715,158.961,155.28,155.807,0.0
2026-09-04,155.805,156.753,155.28,156.25,0.0
2026-09-07,156.025,156.272,154.061,154.351,0.0
2026-09-08,154.37,154.416,152.891,153.998,0.0
2026-09-09,153.993,154.084,152.906,153.558,0.0
2026-09-10,153.555,154.666,153.299,154.493,0.0
2026-09-11,154.428,154.613,153.244,153.514,0.0
2026-09-14,153.568,155.0,153.375,154.342,0.0
2026-09-15,154.332,155.241,154.212,155.112,0.0
2026-09-16,155.115,156.42,154.887,156.312,0.0
2026-09-17,156.262,156.317,155.28,155.962,0.0
2026-09-18,155.973,158.054,155.87,156.88,0.0
2026-09-21,156.866,157.53,156.579,157.383,0.0
2026-09-22,157.233,157.775,156.835,157.392,0.0
2026-09-23,157.394,158.479,157.233,158.34,0.0
2026-09-24,158.305,159.037,157.729,158.865,0.0
2026-09-25,158.857,158.983,156.945,157.3,0.0
2026-09-28,157.245,157.856,156.513,157.393,0.0
2026-09-29,157.393,157.475,157.364,157.402,0.0
