date,SPY,QQQ,IWM,EFA,EEM,TLT,IEF,GLD,SLV,USO,DBC,EURUSD,GBPUSD,USDJPY,AUDUSD,USDCAD,USDCHF,NZDUSD
1993-04,,,,,,,,,,,,,,,,,,
1993-05,,,,,,,,,,,,,,,,,,
1993-06,,,,,,,,,,,,,,,,,,
1993-07,,,,,,,,,,,,,,,,,,
1993-08,,,,,,,,,,,,,,,,,,
1993-09,,,,,,,,,,,,,,,,,,
1993-10,,,,,,,,,,,,,,,,,,
1993-11,,,,,,,,,,,,,,,,,,
1993-12,,,,,,,,,,,,,,,,,,
1994-01,,,,,,,,,,,,,,,,,,
1994-02,,,,,,,,,,,,,,,,,,
1994-03,,,,,,,,,,,,,,,,,,
1994-04,,,,,,,,,,,,,,,,,,
1994-05,,,,,,,,,,,,,,,,,,
1994-06,,,,,,,,,,,,,,,,,,
1994-07,,,,,,,,,,,,,,,,,,
1994-08,,,,,,,,,,,,,,,,,,
1994-09,,,,,,,,,,,,,,,,,,
1994-10,,,,,,,,,,,,,,,,,,
1994-11,,,,,,,,,,,,,,,,,,
1994-12,,,,,,,,,,,,,,,,,,
1995-01,,,,,,,,,,,,,,,,,,
1995-02,,,,,,,,,,,,,,,,,,
1995-03,,,,,,,,,,,,,,,,,,
1995-04,,,,,,,,,,,,,,,,,,
1995-05,,,,,,,,,,,,,,,,,,
1995-06,,,,,,,,,,,,,,,,,,
1995-07,,,,,,,,,,,,,,,,,,
1995-08,,,,,,,,,,,,,,,,,,
1995-09,,,,,,,,,,,,,,,,,,
1995-10,,,,,,,,,,,,,,,,,,
1995-11,,,,,,,,,,,,,,,,,,
1995-12,,,,,,,,,,,,,,,,,,
1996-01,,,,,,,,,,,,,,,,,,
1996-02,,,,,,,,,,,,,,,,,,
1996-03,,,,,,,,,,,,,,,,,,
1996-04,,,,,,,,,,,,,,,,,,
1996-05,,,,,,,,,,,,,,,,,,
1996-06,,,,,,,,,,,,,,,,,,
1996-07,,,,,,,,,,,,,,,,,,
1996-08,,,,,,,,,,,,,,,,,,
1996-09,,,,,,,,,,,,,,,,,,
1996-10,,,,,,,,,,,,,,,,,,
1996-11,,,,,,,,,,,,,,,,,,
1996-12,,,,,,,,,,,,,,,,,,
1997-01,,,,,,,,,,,,,,,,,,
1997-02,,,,,,,,,,,,,,,,,,
1997-03,,,,,,,,,,,,,,,,,,
1997-04,,,,,,,,,,,,,,,,,,
1997-05,,,,,,,,,,,,,,,,,,
1997-06,,,,,,,,,,,,,,,,,,
1997-07,,,,,,,,,,,,,,,,,,
1997-08,,,,,,,,,,,,,,,,,,
1997-09,,,,,,,,,,,,,,,,,,
1997-10,,,,,,,,,,,,,,,,,,
1997-11,,,,,,,,,,,,,,,,,,
1997-12,,,,,,,,,,,,,,,,,,
1998-01,,,,,,,,,,,,,,,,,,
1998-02,,,,,,,,,,,,,,,,,,
1998-03,,,,,,,,,,,,,,,,,,
1998-04,,,,,,,,,,,,,,,,,,
1998-05,,,,,,,,,,,,,,,,,,
1998-06,,,,,,,,,,,,,,,,,,
1998-07,,,,,,,,,,,,,,,,,,
1998-08,,,,,,,,,,,,,,,,,,
1998-09,,,,,,,,,,,,,,,,,,
1998-10,,,,,,,,,,,,,,,,,,
1998-11,,,,,,,,,,,,,,,,,,
1998-12,,,,,,,,,,,,,,,,,,
1999-01,,,,,,,,,,,,,,,,,,
1999-02,,,,,,,,,,,,,,,,,,
1999-03,,,,,,,,,,,,,,,,,,
1999-04,,,,,,,,,,,,,,,,,,
1999-05,,,,,,,,,,,,,,,,,,
1999-06,,,,,,,,,,,,,,,,,,
1999-07,,,,,,,,,,,,,,,,,,
1999-08,,,,,,,,,,,,,,,,,,
1999-09,,,,,,,,,,,,,,,,,,
1999-10,,,,,,,,,,,,,,,,,,
1999-11,,,,,,,,,,,,,,,,,,
1999-12,,,,,,,,,,,,,,,,,,
2000-01,,,,,,,,,,,,,,,,,,
2000-02,,,,,,,,,,,,,,,,,,
2000-03,,,,,,,,,,,,,,,,,,
2000-04,,,,,,,,,,,,,,,,,,
2000-05,,,,,,,,,,,,,,,,,,
2000-06,,,,,,,,,,,,,,,,,,
2000-07,,,,,,,,,,,,,,,,,,
2000-08,,,,,,,,,,,,,,,,,,
2000-09,,,,,,,,,,,,,,,,,,
2000-10,,,,,,,,,,,,,,,,,,
2000-11,,,,,,,,,,,,,,,,,,
2000-12,,,,,,,,,,,,,,,,,,
2001-01,,,,,,,,,,,,,,,,,,
2001-02,,,,,,,,,,,,,,,,,,
2001-03,,,,,,,,,,,,,,,,,,
2001-04,,,,,,,,,,,,,,,,,,
2001-05,,,,,,,,,,,,,,,,,,
2001-06,,,,,,,,,,,,,,,,,,
2001-07,,,,,,,,,,,,,,,,,,
2001-08,,,,,,,,,,,,,,,,,,
2001-09,,,,,,,,,,,,,,,,,,
2001-10,,,,,,,,,,,,,,,,,,
2001-11,,,,,,,,,,,,,,,,,,
2001-12,,,,,,,,,,,,,,,,,,
2002-01,,,,,,,,,,,,,,,,,,
2002-02,,,,,,,,,,,,,,,,,,
2002-03,,,,,,,,,,,,,,,,,,
2002-04,,,,,,,,,,,,,,,,,,
2002-05,,,,,,,,,,,,,,,,,,
2002-06,,,,,,,,,,,,,,,,,,
2002-07,,,,,,,,,,,,,,,,,,
2002-08,,,,,,,,,,,,,,,,,,
2002-09,,,,,,,,,,,,,,,,,,
2002-10,-0.048113347549899745,,-0.04438133761482589,-0.05621830782579017,,,,,,,,0.11149174626900502,0.13092200875971147,0.09807372348804036,0.11239700636642283,-0.1454716507534492,-0.11638816511916987,0.10396451247932585
2002-11,-0.049859035140035715,,-0.043678746095688295,-0.053944490749648265,,,,,,,,0.11271313574343164,0.1386042724429274,-0.09848283969784657,0.11947721166438093,-0.14652680192797363,-0.116310044024554,0.10335910670272101
2002-12,-0.048827864384798345,,-0.04454418619780427,-0.05285585615776818,,,,,,,,0.10133075555610771,0.13147322658436453,-0.13165118414300261,0.12667787726596602,-0.14943190772783815,-0.09781096613087244,0.09832949175045073
2003-01,-0.04888694728281838,,-0.04468098517281482,-0.05376140296292198,,,,,,,,0.12244324981717536,0.15944856204079616,-0.1433201603625737,0.11656542857284224,-0.1358897117567313,-0.11754261307018632,0.09876097439925338
2003-02,-0.04885823475340703,,-0.04469494496056205,-0.05431188966978503,,,,,,,,0.12094969643839178,0.11733230734359223,-0.1429704001413081,0.11292826313219559,-0.13283794976132635,-0.11713751929935301,0.09935179794936642
2003-03,-0.05040994461786803,,-0.04972254594696293,-0.0598972952182187,,,,,,,,0.12263400660509867,0.11730619925516383,-0.14210996483684774,0.11332536786090239,-0.13247664963104971,-0.11509369292052737,0.09687034847920319
2003-04,-0.04523722656050052,,-0.04221400609869187,-0.04857383022075319,,,,,,,,0.12449130963615593,0.1191502207865526,-0.1469665816103627,0.10976263728676419,-0.12953114181696745,-0.11644855456603957,0.09660873806160811
2003-05,-0.043323138211860665,,-0.03766819152953848,-0.045400806077854725,,,,,,,,0.11464733141854169,0.11772924077555069,-0.16192931679659092,0.11389204689273975,-0.1192998719405716,-0.11176763826032807,0.11259177174576532
2003-06,-0.045944905542983396,,-0.038664841953311886,-0.04534719618237128,,,,,,,,0.12110962878801348,0.13899182715030456,0.2013244717644782,0.11487402974301242,-0.11904069868840614,-0.10721410282579051,0.11259102509995995
2003-07,0.04169342944080903,,0.03800422377541874,0.042087098821972375,,0.05245320048102468,0.08797642734442189,,,,,0.09587586449510836,0.10757951094582352,0.1660917618524365,0.09720377307387,-0.10246640771682936,-0.08728613413281107,0.12742781698933023
2003-08,0.041624888879768056,,0.03795520291181464,0.04177707591326426,,-0.05625026882225015,-0.09153961015075489,,,,,0.08896960826208085,0.10315733352491574,-0.1403049910813239,0.09497645559358031,-0.10281929030736114,-0.08423579827176059,0.11945296379550974
2003-09,0.053189683261366964,,0.042827293491118516,0.05234882864786659,,-0.05415078153528503,-0.08925584645577632,,,,,0.0773600246195443,0.08589412121147848,-0.12749862916011004,0.09174040427645565,-0.1087965121943442,-0.07388231213471633,0.12011018685597297
2003-10,0.05706511110483347,,0.04097492128274303,0.0505271093208344,,-0.0547311275772415,-0.08774935443016933,,,,,0.0758326626533915,0.08534126691596089,-0.13002232788670284,0.09034402059051888,-0.1080005793968495,-0.0718971389280796,0.12252607916186671
2003-11,0.06081993510661223,,0.04272704191807022,0.05192838663830296,,-0.05496886358722244,0.09090408191493819,,,,,0.07478243813837522,0.08600449875392498,-0.13125506427549763,0.09114917271291034,-0.11137676059620348,-0.07022246475209222,0.11655313282173448
2003-12,0.06666923810319861,0.05598080996198053,0.045046490184907584,0.0517007506007021,,-0.052361112084111254,-0.08723330421747139,,,,,0.07052790788830283,0.07881694750912228,-0.12790124779469017,0.08523569624687889,-0.10516483934857809,-0.07235350187680688,0.12221039072821054
2004-01,0.07347066752659506,0.057209721752075844,0.04797062670389241,0.05961498047016573,,-0.05188113560527948,0.0868826796950999,,,,,0.06905957375013455,0.07888399135270302,-0.13438275279516254,0.08789891884435147,-0.09585720648771406,-0.07074573044826632,0.1288210637871245
2004-02,0.07892924848630531,0.05355480895410969,0.05260647271379267,0.0663346080370598,,-0.052418223816373434,-0.08797539347358711,,,,,0.06894511179791404,0.09756671959618758,-0.10872169372862392,0.08868780129942219,-0.09472328070835566,-0.07059472199684519,0.13072516318101396
2004-03,0.07465264848249004,0.05100998195703621,0.05345064738324869,0.0736496384212333,,0.05270885918287383,0.08773629569597144,,,,,0.06698878778260925,0.09309148086656828,-0.09574154716235779,0.08698028604037322,-0.09372726369710566,-0.07042766300500797,0.11073723425049767
2004-04,0.08081243054622123,0.04830355653914289,0.045293996801792746,0.06954617044336063,0.03824581744653554,-0.044502069812865544,-0.0715639820244802,,,,,0.059651112431707405,0.07379996145177656,-0.06735246258112558,0.06080374700834933,-0.07312317504012973,-0.06333440131595237,0.06740153673553614
2004-05,0.09184335467824754,0.053170045004732665,0.054226615688770345,0.07523408058955262,0.040192474486721703,-0.049079820981593726,-0.07790580336756495,,,,,0.06590250351114203,0.07294824036119345,-0.06765258977151332,0.06295198423851198,-0.08177991153527457,-0.06530098304964867,0.06852255985153516
2004-06,0.09215299767694783,0.053173798913946746,0.054082955531987845,0.07481457509700547,0.0400922953658529,-0.049013379235088014,-0.0776239683125289,,,,,0.06820703095737854,0.07195653060260432,-0.0680066938293771,0.062285265100292364,-0.08038686575303289,-0.072157170866471,0.06882424195998875
2004-07,0.0796143366402938,0.04553938120717482,0.04674181499904985,0.06132964284555594,0.0386199412688249,0.06993954934783705,0.09831992248113784,,,,,0.06993442287942905,0.07746577751266434,-0.06562019315473853,0.06698413453311183,-0.09430009580001102,-0.06969336929315989,0.06944577886102637
2004-08,0.08018097517531124,0.04668035512540631,0.047530482106087714,0.06179647911006627,0.04104426733890209,0.06607092817901052,0.09334508121587445,,,,,0.07349531511781797,0.08116081973527699,-0.0672583664939259,0.06725948906996801,-0.09407192635031103,-0.07292066381826744,0.06913100483288807
2004-09,0.0833450831336221,0.047117036059251,0.046981705173759124,0.06221179686361427,0.03960779346705382,0.07647635385515002,-0.11022506986762456,,,,,0.09073369654349518,0.0968126221897534,-0.07363221684508651,0.07320980624516334,-0.08818672276734109,-0.08793873584321497,0.068870142636739
2004-10,0.09998098180145475,0.05309577802719585,0.054792913331174135,0.06836522061955783,0.043674982256385206,0.08309897998415373,0.11859200238961591,,,,,0.0891328058358394,0.09788990241428093,-0.06883518271695209,0.07480258062577506,-0.08462158563121722,-0.08437934130496186,0.06992166111024695
2004-11,0.0896621490430042,0.04895727280697692,0.04672771204948688,0.06248620796524572,0.03888638428220643,0.07778861618725555,0.10978868065534564,,,,,0.0882711443513585,0.08945794897928318,-0.06716079006430577,0.07307471652804608,-0.08294798468162712,-0.08147153562963502,0.06937555099300385
2004-12,0.09957264846763272,0.049400868048673365,0.0466760374512155,0.07131311941068624,0.04151400934525978,0.0765645014854056,0.10965640711803908,,,,,0.10290821637268828,0.09708363961756115,-0.06800043727774562,0.07837279817367747,-0.08105365375596076,-0.08750419215381688,0.07021684884784941
2005-01,0.09411120163957735,0.04431800563136893,0.04509480838694934,0.0677546859852188,0.0411629995417991,0.0730349880043567,0.11002763163376657,,,,,0.08782036527795511,0.0948290733719714,-0.06800284811480475,0.07881753496980194,-0.0776760292921335,-0.07638959392560137,0.07104480843161017
2005-02,0.09241489252549996,0.04450652715189909,0.045017828240653694,0.06599206844607607,0.03747439936806173,0.07209627390825428,-0.10931514646897665,,,,,0.087193084129963,0.09613021962930511,-0.07181955708659755,0.07772030766237281,-0.07879703089216121,-0.0754486659979526,0.07068555772245165
2005-03,0.09033916343478794,0.04461051644337525,0.04364123851250471,0.06236991146193223,0.033166068355908664,-0.07213506770622533,-0.11150386552612387,,,,,0.08566136602559718,0.09471752523056422,0.07827099362140864,0.07517278660970403,-0.07900300086150322,-0.07096485748444141,0.0721671620317723
2005-04,0.09040551552281108,0.043610470390176514,0.04347741319566477,0.06594899673992596,0.03942247105552756,0.09708299743975116,0.14587865646033266,,,,,0.09256674926045129,0.11482552943131076,-0.10356866164489988,0.10489529910258223,-0.08377954613637562,-0.07432423530608112,0.10931090341557184
2005-05,0.0859240631867628,0.03963842214144039,0.04089502347681441,0.0648238232692784,0.039428658755020884,0.09667201843399995,0.14542988411296273,,,,,0.07875904479037496,-0.09353793286955958,-0.0897819439847589,0.0918374718999185,-0.08369037687342963,-0.0687301162451432,0.08693759839346041
2005-06,0.0863592068478394,-0.039398322406391864,0.04095673868754803,0.06655609018409075,0.03940440010481915,0.09659277828720207,0.14528535053541902,,,,,-0.07735166494233901,-0.09230372843596664,0.08694639392949095,0.09945432813452819,-0.0832787488893751,0.06670160997339812,0.0844598659076881
2005-07,0.08996827858547275,0.04048167545393166,0.04404867583964939,0.07660135716878036,0.04091928745686214,0.08023172641320862,0.12643298725557187,,,,,0.07853757383286411,-0.09002610087553467,0.0894733579336403,0.0974707804576117,-0.08330132386329815,0.0687372127116883,0.07899823781623293
2005-08,0.08776550251543215,0.040952513873099596,0.04372670925711498,0.0742578020983035,0.040616826442027035,0.08223215147366371,0.13420269946671898,,,,,0.07784544254495088,0.0851556123143133,0.090354582490962,0.0968975697281407,-0.08068680620426856,-0.06671630284219406,0.08025079005213198
2005-09,0.08765708093531345,0.041300340899958175,0.04454110105042787,0.07266432379762704,0.039593264022704765,0.0721829114457774,-0.12474118506496405,,,,,-0.07689478904163709,-0.08251430727224505,0.08643654421406553,0.10514894155911299,-0.08581138913860409,0.06465762325815835,0.08539399195978906
2005-10,0.08188490952517491,0.04229575824100966,0.04236501674500614,0.06619306598792221,0.034808305921589434,0.06953784673094726,-0.12277061265644185,,,,,-0.08253262464847506,-0.08383366181965678,0.09927680328862296,-0.1089352872730625,-0.08896397357624856,0.07153389069006019,0.08508086732357267
2005-11,0.07541493632314542,0.03941090448848291,0.04359882639442203,0.06998540636341585,0.03455681076924651,0.0681349992235897,-0.12287293313918239,0.050805429200659426,,,,-0.09117688484099372,-0.09107475490845253,0.10401776492992093,-0.11811915750076718,-0.0859132219126027,0.08030901723920489,-0.09456768763921972
2005-12,0.07716193802405046,0.03918653486166264,0.043612753008987926,0.06990804481797866,0.034286046940795005,0.0678062091377529,-0.12243172012120357,0.05091169845893507,,,,-0.09886883619406059,-0.09240901342664463,0.0973487043201161,-0.12284976737659359,-0.08738729118837978,0.08020007772463596,-0.08882687889984907
2006-01,0.07928654681496022,0.04238404077868764,0.040578997935129126,0.06587937094547831,0.029836156856853115,-0.07178254873374462,-0.12417602070659645,0.046482776074380595,,,,-0.09553325580006083,-0.081385344901569,0.09428149975628788,-0.10062817376696787,-0.0984052860150618,0.07915103746393873,-0.08820124880277076
2006-02,0.08068176557160826,0.04166636774028328,0.04050428050585871,0.06638440341264941,0.029685563701129018,0.07321912631496794,-0.1296470906714825,0.04509559481580795,,,,-0.09889258971700267,-0.08573003903121193,0.08973416415953743,-0.10416008905997001,-0.09814775067424267,0.08284612061049114,-0.08523713698489116
2006-03,0.08643349346190038,0.042333646098623244,0.04171635944807672,0.0703906856855823,0.034384256671596475,-0.06405101172594332,-0.12453822660916344,0.046874998176784054,,,,-0.09471792467358085,-0.08630615497868904,0.09130298659790084,-0.09758431705156537,-0.08943237373112592,0.08416850231814293,-0.0668295499207902
2006-04,0.09347620320479103,0.045622761681960736,0.04809910459123786,0.07287279331358053,0.03523348239574785,-0.06699569207444575,-0.1414521631438535,0.0394558271916783,,,,-0.07829988922652219,-0.0699609912918026,0.08511132492859479,-0.0703674928064477,-0.0954897179038226,0.06780711243463763,-0.06417849802949314
2006-05,0.08558725967617019,0.045277491969787136,0.04371383047472863,0.06278941198981394,0.027455539515248,-0.07248733048583889,-0.15905527585765744,0.04217513430026466,,,,0.09238216167583296,0.07820460028562051,0.09107968886688109,-0.07468033819581306,-0.09594219869089368,-0.07505789352426753,-0.06658613012075082
2006-06,0.08562621586545943,0.04703473820003672,0.04419231516626492,0.06165436378405066,0.027347472997939676,-0.0748152502126938,-0.1611069136457762,0.0372731301495051,,,,0.0963602781839462,0.07880117247049188,0.0926916576647536,-0.0745529543756872,-0.09372585216811814,-0.07979145530607691,-0.06348649149254315
2006-07,0.09618522557725431,-0.05321180862705367,0.04674245276663687,0.06176275829147409,0.028103820896892714,-0.0753950433567013,-0.165306592663506,0.03871974229403092,,,,0.09596877867309625,0.08190123951412259,0.0940686067111196,0.07036640756266568,-0.08934084819352235,-0.07954385204191694,-0.06241081855384513
2006-08,0.09484086562585828,-0.04927023250018334,0.04674721493829373,0.06292624449325371,0.028112912771526284,-0.0770732771143589,-0.17214302952071447,0.037496226348061754,,,,0.09825874569218494,0.08349051829217659,0.09393448899652929,0.07033510283933025,-0.09119691097090256,-0.08363024107359698,-0.053655372869902816
2006-09,0.09226464428410577,0.04672518289987813,0.046837658611919304,0.0639791248387088,0.029325897286218296,-0.08227007135869133,-0.18865271343042758,0.03583956200450021,,,,0.10745278479141068,0.0852937340019215,0.09896150077443368,-0.06828290515580154,-0.09092099411929642,-0.09091186431987179,-0.053660497263960945
2006-10,0.09865485875997686,0.045134531174878756,0.0473181525604659,0.07092078481996458,0.03065030796294714,0.08672834767876211,0.2098012144845786,0.036266689578331936,,,,0.10827980507555245,0.08406639844766148,0.10418871776649791,0.06450747343959166,-0.09459273256055147,-0.09087166022560486,-0.052520839547057475
2006-11,0.11349296659413728,0.04786952722882694,0.04980437998340998,0.07042399366754884,0.03059628181382192,0.0842088916895644,0.20188969357193592,0.03577739864813692,,,,0.10412876272446574,0.08805644315098565,-0.1182590597788267,0.06492789136828912,-0.09211166696650266,-0.08780032893638216,-0.05165041110333547
2006-12,0.11926033477026668,0.04788137699467164,0.05041026169786922,0.07096957137315577,0.03073951450333027,-0.07993501339174552,-0.17677214523221524,0.035383880008008496,,,,0.10224931031266579,0.08802964278641721,0.1076370281991527,0.06525122796000739,0.08776038053877408,-0.08356647768801963,0.05165295564802861
2007-01,0.12276960739703655,0.049187609556267525,0.06176385159513271,0.08005252855996908,0.03815646512387582,-0.0803198292462927,-0.17853336619433538,0.03989219271633861,,,,0.10120551323518076,0.09225874361008304,0.10627675993885734,0.06670082719862669,0.09145467918617552,-0.08286016174866448,0.0509378164832522
2007-02,0.10090911901228812,0.04643108024092957,0.0574111801091137,0.07643047229384385,0.035675193569652645,-0.07043668399684601,0.1519316396445695,0.03775715651444483,,,0.043934873285844805,0.1036005929894187,0.09095370838342498,0.09707482496850506,0.06436112649404507,0.08525566621874903,-0.08231866906732282,0.050406530518441926
2007-03,0.10121763155944752,0.04679179364047415,0.06239926917016705,0.07958108539470368,0.03432611008913873,0.08281646286437656,0.16815680442510628,0.03770064053501034,,,0.04446904587422137,0.1044984096836648,0.09434646556244783,0.09965538953241704,0.07060219527659353,-0.0903507318251136,-0.08227640568269536,0.0670405673678104
2007-04,0.07733787864106562,0.0387765009353974,0.05512816333033975,0.07471264431075735,0.031615002283796455,0.0835723781962905,0.15795426865785642,0.047428498057939056,-0.017729196854240778,-0.02720341896887181,-0.045582971530055,0.11232008061038032,0.1091979235496573,0.1056690495880526,0.07671388964049501,-0.08562321441118168,-0.09562816392495227,0.059671988185351674
2007-05,0.0923807994211088,0.04922162557728635,0.06839831172702548,0.11214953361366518,0.04838231288887921,0.07609523169533006,0.13846956573646593,0.04667152678661281,0.01858464732842636,-0.027062401070103905,-0.04560168502921829,0.10515572227997916,0.11061645342437376,0.10767225925570988,0.07838103069241852,-0.07552242188292746,0.09517079114470714,0.05974563795745421
2007-06,0.08244199465642414,0.049596021111772165,0.06550874328779638,0.10966132758657439,0.049475907299771846,0.07442983555161603,0.13440861741071541,0.05071770109727506,0.019672148135649548,-0.02455398276120112,0.04569810624053974,0.10578247631323823,0.11592883463561354,0.10916940311377406,0.0801202272681921,-0.07711673906642041,-0.09509159610485324,0.06999091861477325
2007-07,0.06844196820432266,0.05975256934038534,0.04924491254507748,0.08584878041903848,0.04858485997319886,0.07096583247401189,0.12767587001468347,0.05158939664304994,0.01961560901234165,-0.02148499881138354,0.0458945596818943,0.10638040560763001,0.11564170828324032,0.08283998345462296,0.08358221311646338,-0.08011120790127188,-0.09247882555570804,0.0644432464547196
2007-08,0.06911274466866325,0.06263229425836665,0.04988443011050905,0.082898210694605,0.048268893858143,0.07416777573184298,0.1226256349547329,0.052356795140686946,-0.021333027149639004,-0.02183522651226103,0.04733278042478165,0.10457202786722726,0.1162504263445692,-0.0820008269643389,0.06770762705822679,-0.08374791812237663,-0.09165771972880944,0.04709402853899203
2007-09,0.06694711095829882,0.06112449999770732,0.04982210522561518,0.07213500363948934,0.04030480518854625,-0.07572095965888019,0.12324978945225173,0.042517406388576276,0.020862454695438376,0.021946949170086386,0.04028728172680171,0.08651681072822263,0.132244613233,-0.0822118355709685,0.05163831759431591,-0.06626922946303321,-0.08329205967285142,0.04021727441679399
2007-10,0.06933089486777187,0.05502743617625781,0.05531416536047484,0.07065863617757132,0.03529147755178455,0.07437584665521785,0.12213849996272404,0.03968786850631094,0.02116182246325706,0.020028693240621172,0.035885740774167084,0.08636555129562151,0.13467450970253927,-0.08243721448977002,0.04977701409972302,-0.060756712345096754,-0.08328658942054686,0.04033966167630039
2007-11,0.05997237322829444,0.04139983238074924,-0.04483840968483192,0.05955570490632521,0.02852819226909366,0.0633799683273347,0.09660267744094757,0.04099101330089076,-0.02428830829467749,0.019351148011940638,0.037432583953876164,0.09680667784607046,0.15355989579782367,-0.07314036494554771,0.04231319477672447,-0.04887561016483772,-0.0915308151306886,0.039831667884973006
2007-12,0.058481796915071334,0.04263208064059507,-0.04475532803548215,0.04867191429955756,0.02745508683754413,0.06896076818941049,0.10423914423730546,0.04009209044835145,0.025659373648357672,0.019908558474601448,0.04133900118500594,0.09678399445824955,0.10533944625792314,-0.08090516136801654,0.04187709885734329,-0.05096929728119772,-0.09852550908968138,0.040289566524613754
2008-01,-0.049100366611777906,0.029635848831261382,-0.040443381500411206,-0.039252375660709965,0.023962458518336997,0.0690798350462513,0.09330462466658015,0.03412053967667396,0.022084521876060106,0.020441081778562985,0.044502321828839064,0.10456730292711117,0.10541798798676952,-0.07238554433268897,0.042614706177971466,-0.0514798947199027,-0.09074931445614057,0.040868624408553364
2008-02,-0.04865314832278869,-0.028657101679136536,-0.040001708223729025,-0.03917719413683531,0.024874592644699753,0.0715589876915296,0.09451004463044003,0.0338321280796435,0.019015109565431454,0.019757904079222552,0.03714629067877521,0.10289294851857031,0.10549360252206047,-0.0712520273770917,0.041746356413216106,-0.05159834652196074,-0.08399833830414608,0.04087211523716606
2008-03,-0.048791459251664386,0.02854405203319911,-0.040442146979596166,-0.04019244602498763,0.024553372565558628,0.07536198662340018,0.09679676333743008,0.030139855573465338,0.017039719163507362,0.01965033572559674,0.03640573245107829,0.09117726924277703,0.10524036279322126,-0.06727489714656307,0.040758600026319515,-0.04657922125826833,-0.07627048127845394,0.040176361542296875
2008-04,-0.04809582970541026,0.02731135370151787,-0.03782880512232192,-0.03844850258029555,0.023289100449012414,0.06767599815646523,0.08214241918496662,0.02817849654604768,0.016934959516261602,0.019527733397996377,0.036237575065267806,0.0855344662554337,-0.11082147067104357,-0.05760570838260147,0.0404350092332006,-0.04813087923900127,-0.0596404996582048,0.04101560291252223
2008-05,-0.05053259559270516,0.0265186882116583,-0.037530610403041474,-0.03895478619250199,0.02347338755210682,0.0663559276803259,0.08061505026336173,0.02901408431822992,0.016911602884066262,0.02067367476140798,0.036712240884659596,0.09065420494324945,0.11307696482102661,-0.05813162936957482,0.04068684628136598,-0.04988919447589363,-0.0610484876266747,0.041133488936324354
2008-06,-0.0406286154301465,-0.02373757812492936,-0.03424463438559081,-0.03179158462606699,0.021090805060405865,0.06677136140740428,0.08275698750794716,0.02991734050680965,0.01791664106509527,0.020515511160289976,0.03488751495507251,0.09110072634263407,-0.11827897433017452,-0.05893436580366892,0.04082992989447945,-0.04769159810964829,-0.06132546776271296,-0.042791715136231284
2008-07,-0.04108218820390144,-0.023720804223708942,-0.035655634911453994,-0.031613154076484865,-0.020563987746125716,0.06898420925833287,0.08422855284851617,0.029058874123979592,0.017895636784076654,0.0170525247159853,0.02577159888648666,0.08548043887627049,-0.12293550307274989,-0.059313907764679215,0.04004255357514027,-0.04765925762888219,-0.056137605761126995,-0.041364894278704635
2008-08,-0.040923672994580454,-0.023877762117617166,-0.03490418353040456,-0.031224773779565465,-0.02005641073075716,0.06740913989456464,0.08567490105954607,0.024556705788434875,0.013791446835740764,0.016612859844475705,0.023813460003659657,0.058003818044927616,-0.06026235512792282,-0.059673562750767774,0.03390148103654337,0.04511976706026886,-0.04766306109636225,-0.047799781244668334
2008-09,-0.03641653547180464,-0.02053998598167889,-0.03197762202106566,-0.02995389549672876,-0.020174373794990957,0.06750545725717648,0.08535361040241933,0.026700892633003046,-0.013963792991726363,0.015392444214088117,0.021371275065145343,-0.05846258143585654,-0.062028105556868184,-0.05836300577295769,-0.03532737039265022,0.053405894147602745,-0.048585058786400064,-0.06463821142386728
2008-10,-0.027276507530451237,-0.019681895875593904,-0.021681535508087872,-0.02314685364584813,-0.017909843957804296,0.06456461264832841,0.08264909729866697,-0.021212663267397576,-0.012839408187999168,-0.011866659257582755,-0.015321800565266183,-0.04181320590690741,-0.04673805257180204,-0.04850827668093639,-0.027394163225033064,0.0364461807388989,0.04650106980894006,-0.03882127719406168
2008-11,-0.026922167360804952,-0.019047075289588534,-0.020680039241793742,-0.023172680086962563,-0.01779584828096921,0.03547308582359781,0.06008731536305534,0.019015330649107612,-0.012554765653736814,-0.010653427588632074,-0.01462090094279274,-0.04229880882175413,-0.04608595944543551,-0.04909197278413762,-0.027686805071390628,0.037738446497300966,0.04435055742231548,-0.037960681794245006
2008-12,-0.02654269473389647,-0.01875321615443396,-0.019957584351238025,-0.020434544077882574,-0.016091756665060856,0.028747977506614446,0.056482576373263225,0.01884640197257232,-0.012321718142003495,-0.010375418383703273,-0.014821063747670334,-0.03213569898099535,-0.04508323811685906,-0.0472146517441062,-0.024279711033186997,0.03677250957078025,-0.031012080555742012,-0.03181357064189186
2009-01,-0.026092316527645654,-0.019582908898955143,-0.0195543943107098,-0.019401680693777238,-0.016070337772822536,0.022531826149941876,0.05221564514857952,-0.019889660188641533,-0.012585028984232959,-0.010308969915421465,-0.015013696207241316,-0.0294764787272682,-0.04541870712798006,-0.04912467045242155,-0.023068279106736884,0.036881645284328614,0.028639943041667552,-0.02795689945676774
2009-02,-0.024955348152515152,-0.01956030532532678,-0.01874639866175877,-0.019264565215321286,-0.01649639333787595,0.02244214325245437,0.05179329337923071,-0.020234802332983005,-0.013993661446950075,-0.01099814797630392,-0.016586117868376275,-0.030002071819076517,-0.046462871368681435,-0.03747792209765176,-0.023862053189188208,0.037728672537309126,0.029586123059187022,-0.02880033275234119
2009-03,-0.0219804566484109,-0.017779774054084495,-0.017504497635622864,-0.017581109730751877,-0.013660153924934136,0.02230032214116134,0.050246195001368094,-0.020695810692013858,-0.014615586711417043,-0.010672792027820068,-0.01604440463954266,-0.02968485120689192,-0.04616746293667609,-0.038547752633900235,-0.021534395542285516,0.037050629259051976,0.030505391525135317,-0.02249200087961563
2009-04,-0.020112296778670807,-0.016553426782318983,-0.01531357340238341,-0.016227178520855614,-0.012810047027529666,0.02135849416431854,0.04983801113132928,0.020801351726278432,-0.01457653389025531,-0.011705987287806759,-0.01675773500346102,-0.02963051003628196,-0.0421887746193769,-0.04067128678880766,-0.02119252347376494,0.03403598987074834,0.030928587737232463,-0.02232536571782967
2009-05,-0.01929894737872325,-0.01686886584228266,-0.01541462891247018,-0.014533181059084981,-0.01175650069870947,0.021225290821137624,0.04950890892484734,0.019498733703552013,-0.0116335040381549,-0.009855382258455184,-0.014719093773519591,-0.027087951631020474,-0.03143009839814795,-0.04027081073111696,-0.019233992910425397,0.029136593934170382,0.028591123167172168,-0.018907315970302832
2009-06,-0.019723389329804678,-0.017207789786931292,-0.015475574924585147,-0.014840727972135564,-0.011945231432607568,0.021276929341940316,0.04923153173401956,-0.01923334516189,-0.011224851479314225,-0.010168878939168052,-0.016139134515220532,-0.027227634315528444,-0.031112486112521796,-0.04011045739069838,-0.019218409280246648,0.02799677127368824,0.028787278365905736,-0.018877792096305454
2009-07,-0.018614642184899322,-0.01644939845508149,-0.014943790808351553,-0.014049166047443738,-0.011565481189266032,0.021301407231040376,0.04922005165698227,0.01923306981902745,-0.01121207699878417,-0.010179738125428849,-0.016035243296531797,-0.027042446487584804,-0.030708745340893993,-0.04073239264110329,-0.01897474774385825,0.025701688976879977,0.028774285253829992,-0.01885223700169177
2009-08,-0.018410486202472195,-0.016448642912918938,-0.014980197340949988,-0.013929356816473745,-0.01166131527384634,0.021327810021750805,0.04938233932144564,0.02071128455357925,0.01282107616658777,-0.01014248419184988,-0.01608299311720075,-0.028207030991163333,-0.03355184068752395,-0.041158672601694375,-0.019920532699762405,0.02601001308132188,-0.029902387106316708,-0.018916760138791587
2009-09,-0.019157158651027573,0.018575665135068562,-0.015028863070241143,-0.014473614247691061,0.012124526642185598,0.0212899841343183,0.04945013978020138,0.02052454030019575,0.013202949184245805,-0.01013301040711805,-0.016351826524037952,0.02876167707020573,-0.033612281227220084,-0.040635452286264175,0.020734028771521144,0.025817709709333208,-0.02998826063855492,0.01891825404393548
2009-10,0.0238593771855252,0.022826669085574947,0.018229798412796604,0.017908157529383774,0.0156438548001072,0.021210453428612205,0.04986155790199724,0.02925083588383358,0.01591350964016756,-0.01163072195295133,-0.021964715109260638,0.035016903996183533,0.0406874496337765,-0.04582324864636103,0.028697168313500672,-0.035333235073826956,-0.030752783331963757,0.022090999606872816
2009-11,0.025020975567361978,0.028646028152918897,0.02043597980620678,0.01869396060352435,0.017131737108811173,-0.025464989097057165,-0.06698489818613634,0.029074105107718066,0.01551147601307122,-0.01351977616413674,0.02527608565139846,0.03522326575300408,0.04378903399593258,-0.044794968440295374,0.029633960099480543,-0.03605708674261736,-0.032716312375267835,0.02323658970707546
2009-12,0.025097516944743783,0.028669707606795634,0.020068507609895408,0.01891863429859154,0.017204468713978557,-0.03277022749162231,-0.06997753853274684,0.026450725269892155,0.014567268170312949,0.016405534059023567,0.026305162732428018,0.0404423480131348,0.04868364803387046,0.0396464285197595,0.03043516403951406,-0.03603906601739081,-0.043291575175844074,0.02376136761413988
2010-01,0.027459441830693133,0.02618017462366821,0.021846345358874853,0.02198952913317317,0.017583288933091093,-0.04356029055295632,-0.07124032222739363,0.026651760546384917,0.014702884160090086,0.016903841195144285,0.024817957983398527,0.05082748271944025,0.04814436035379563,0.03870465896992879,0.04285323621225265,-0.035794830473774,-0.061632268942740015,0.031673445169976416
2010-02,0.03874807783626928,0.029416638752611062,0.028234485751944594,0.0263359040129196,0.018855757546342722,-0.04368682762069598,-0.07151862526698767,0.026545276963555367,0.014693226866274466,0.01748398036815208,0.02612120475940863,0.05029367529351716,0.04407194858276082,-0.04989822382100807,0.0434334784607501,-0.03803214778834694,-0.06113710925213218,0.03223122324242857
2010-03,0.04006206881765074,0.030636462034254044,0.028081282739495297,0.02683846199351601,0.02059289041651196,-0.047268934936205764,-0.0801488028348514,0.02699139663308871,0.014668556906067054,0.01764529413934388,0.026237812425417825,0.05427423309392257,0.04398576560288275,-0.04465385836070062,0.04866451456708894,-0.03771843084169505,-0.06216778796780008,0.03883227831467989
2010-04,0.04661981622033153,0.03670605503692825,0.03521950738180341,0.02834903819520225,0.022583678640550955,-0.05280982639464744,-0.0835286055989155,0.027549910844992687,0.014980515089401965,0.0178607027423792,0.026182884629270972,0.053464102922954886,0.04524072026186513,-0.04455318923492815,0.049727658956446076,-0.03894166274827875,-0.059273315292507504,0.038959212100119794
2010-05,0.036175999704983086,0.029998344545009253,0.028946655156464423,0.027735974218319262,0.023530344252049543,0.05070807617668468,0.0818543140269986,0.0302574595585558,0.0200629956484379,-0.02166811252327924,-0.031176728842577734,-0.05620018314119952,-0.06640823961989142,-0.04508651839682148,0.04724978582857679,-0.04547978975636976,0.057207187336840826,0.051607148945827366
2010-06,0.03297096809410423,0.027181301260557747,0.02552597220462098,0.02765129512464349,0.023712214782358323,0.045806350010544644,0.07773159021636608,0.03339430975673922,0.024854615141603822,-0.022071710962821758,-0.03135050678988871,-0.05611566095527497,-0.06305066812171364,-0.04439344040646213,0.04705340946993793,-0.05556871918252637,-0.04596828145006046,0.051648091662156476
2010-07,0.03346880366058255,0.027760619573959824,0.026420265754482388,0.026499010785156818,0.023749213732138997,0.045253702623966406,0.07771112756273116,0.030349697589152944,0.02393125364232107,-0.021829404250321663,-0.02961112953415839,-0.04490159404237974,-0.05386476390021629,-0.04420316265949674,0.04110125281787253,-0.07321098257978027,-0.04460022056611874,0.04635963205338011
2010-08,0.03234920242415473,0.026357869882024876,0.024430436834331437,-0.02665707782678058,0.02342585680142659,0.03864838656036152,0.07300532312181632,0.02995018505434248,0.023707662132573644,-0.020440878301096355,0.02995959749553098,-0.04453281017954115,-0.05430013739640887,-0.04378684004139593,0.04055479235805656,-0.06663532849850098,-0.04388161135307851,0.04490456265879035
2010-09,0.029496949321408044,0.023121376715933378,0.02206161315472485,0.02419152661224716,0.022770180280230905,0.03750277037566312,0.07247921565244284,0.030252912981865585,0.023462321241509074,-0.019209587047193517,0.027296338751388816,-0.03736115808801442,-0.05304429573103772,-0.04520058663953759,0.03595972914325308,-0.06363132705778321,-0.04315363666700355,0.04571309608825845
2010-10,0.02953660674701789,0.023215907841204374,0.023291252329743085,0.024146889275505443,0.02329546733829249,0.036019885857324054,0.07269320213768321,0.03025849560979626,0.02177536410838161,-0.020276278176800014,0.02821852541480762,-0.036782907132315495,-0.05425203719410397,-0.04396482935435148,0.035976184946744295,-0.06490211123680624,-0.04319589065830935,0.04345351758151378
2010-11,0.030773294649720315,0.023552796181842056,0.023271801130632,-0.02378520442595032,0.023782930095980242,0.035587709394974194,0.0711629153299254,0.03864394630175273,0.02157485010770111,-0.020147204946059424,0.02885603359112983,-0.03431482757645692,-0.05234425308021217,-0.042665172343146866,0.035289852664329435,-0.06683828173521432,-0.04296832470841502,0.04179670975270244
2010-12,0.02948676389248509,0.023624838736643387,0.023257847032057535,0.022719362477081475,0.023202016953111748,0.03839756229173483,0.07719465927562846,0.05102187112013305,0.024860250057751068,-0.01922892036786232,0.025845899101481738,-0.03429509455551675,-0.052733265318189795,-0.05531857207702459,0.033356638267083766,-0.0633684728069027,-0.03906061669082382,0.03964372759517547
2011-01,0.030660278630143842,0.02556365208739652,0.023929469657645433,0.0234809433217327,0.024585424522622145,-0.03792509054187818,0.08040160960966804,0.0410093649034861,0.022027919795707278,0.02054883900360828,0.02891462179553212,-0.0344374028632565,0.05107484337900647,-0.0553886262430584,0.03292182354486891,-0.065035748845522,-0.03980043100944687,0.04114956897037067
2011-02,0.030601361498074377,0.02569689002020215,0.023797834663427133,0.02340388005342256,0.02451338736122048,0.0378351047284823,0.07997647834033925,0.0393017483523817,0.0188980805955761,0.02167139529254439,0.028909584803583285,0.03463353689836346,0.05763028599313223,-0.055531901662499314,0.032865026137923685,-0.06310757321411285,-0.040313123634539566,0.039919872148698694
2011-03,0.031364128955017403,0.026502160218614266,0.02461542603186433,0.02374287344179329,0.025075367634854222,0.0384718115854218,0.08200719755723676,0.03998015935830663,0.018676766629085215,0.020730136498891525,0.02920892529423301,0.03439006674907379,0.056644293847898076,-0.06709434483057367,0.032961804464568784,-0.06735306411318265,-0.04037284661736485,0.040028789212807864
2011-04,0.031218415220110804,0.02646476567575264,0.02498784424990342,0.023639485111460357,0.025113119449079527,0.038923997469315116,0.0815601637598888,0.03685607250954082,0.0153620007251571,0.020376501579437503,0.02910306700091337,0.03376216403554258,0.052903300169018154,-0.06732937154621722,0.03158035924325025,-0.06511296320366185,-0.03958230387020529,0.0372182673175704
2011-05,0.036963659893740924,0.02951285333901394,0.02740994711968668,0.028344114815829824,0.02866134513313587,0.040358410131403524,0.08312732317345385,0.035556072700739655,0.0122651082837829,0.024895512592308624,0.03491931286984702,0.038670065573232944,0.06174669562614951,-0.06768120399769892,0.03780372269426613,-0.06531551147603182,-0.054316858886772214,0.04410174686219793
2011-06,0.04123259769528987,0.03244600454103108,0.030910083446954426,0.02864792120660592,0.028706795173810376,-0.043839911148060136,0.08972389592668668,0.034214786788421415,0.01153680071256316,0.02284801285190753,0.032957208013654725,0.039031688668655744,0.05912333507610507,-0.0706192206398524,0.03824871331644632,-0.06878263700162537,-0.06087875865722033,0.044108925303595205
2011-07,0.04272322165499701,0.0340507096943075,0.029984787552783904,0.03275253530420227,0.032660422167036116,-0.04127971902074137,0.08141500672722717,0.03527029847241012,0.01166429050332126,0.02306570183844102,0.03352718665146869,0.042095010521951005,0.06619990338208966,-0.06364231429584301,0.04183063935394631,-0.072760465521363,-0.05484168423041638,0.04409331620685141
2011-08,0.04107271978248006,0.03412780915879724,0.028699821825134905,0.029051046251034694,0.028362598797343787,-0.038776476357317936,0.07390679166710745,0.030419512931044064,0.011631441151502274,0.02389203600406909,0.0351261800735914,0.043973620121494666,0.06864742451813788,-0.06485680805519298,0.04082908909051037,-0.07899551468436623,-0.049763481657271486,0.045414248126368274
2011-09,-0.040385350288186905,0.04451990393368501,-0.027936311433379928,-0.0285638495449396,-0.02375915934513193,0.029431721719605213,0.07248237780998157,0.02405259430998545,0.009381228938696811,-0.022734147457106238,0.02511232398136113,-0.04329230662813442,-0.061750853044277215,-0.06425590551086949,-0.03564299360941314,0.055071326830871244,-0.030435981550232964,0.03246729814025455
2011-10,0.03214559466237487,0.037086728634085374,0.022302538012449018,-0.025536207310873898,-0.018920200397086695,0.02982854122365848,0.0703551621675576,0.023766836878719597,0.009313249392576422,0.018251495994957564,0.02423201622159982,-0.042298596004877925,0.059337359763047846,-0.06794377985259971,0.0309572744779725,-0.04968095384336536,-0.030096128013422336,0.03146901044866886
2011-11,0.032108508669080466,0.036069154942420745,0.022463323456656952,-0.026031571799851997,-0.018960164073571106,0.030411865196576668,0.07200438143038844,0.023761407065952714,0.009374464146869203,0.017664704348634794,0.024242323254290765,0.04900471254424402,0.06061151908894342,-0.08303331505250651,0.03101378243578034,-0.04909154563640129,-0.02938097151688264,0.031402160791990444
2011-12,-0.03428325658789174,0.037315047395404984,-0.023688797501519723,-0.028050968138127765,-0.019448575421530882,0.0325470594797811,0.09226003580742834,0.020857969872079708,-0.00905254895525411,-0.01820580039242645,-0.026446229528953688,-0.04784899527465595,-0.06009239414658315,-0.08969746704362849,-0.033339221943430974,0.05124316092160335,0.031149377934767353,-0.03253597188214836
2012-01,0.03324596583005357,0.0328957388522384,0.02258491266609342,-0.026946717845864415,-0.01790941711194578,0.03399999441210464,0.0938143419139177,0.020453696994716924,0.00879358663808283,-0.01821114813658876,-0.026414871856558622,-0.048908782024882545,-0.06220822257774291,-0.09286841808606233,0.033033750158235536,0.05043132813530781,-0.03100624920772211,0.030661235350353096
2012-02,0.03284827745397139,0.03138367696018324,-0.02306428014767631,-0.026508497193666988,-0.017622890335990297,0.032369384910111605,0.08956019161209866,0.020285521701515954,0.00923941108132447,0.017614095694953227,-0.026056806063959752,-0.0482284766833112,-0.06283642515904907,-0.060261645595309526,0.0331705977307117,0.05219434991587701,-0.030989149318662448,0.031297860629994664
2012-03,0.03257488150475793,0.030856793145937738,-0.023077166100251376,-0.026561409308026657,-0.017972120073287898,0.03040612726103225,0.08329147572480726,0.020156626293383346,-0.009312826968861505,-0.01815461748792938,-0.026212843839249367,-0.04992304204258005,-0.0634545136534284,-0.05974671680708277,0.032318455658816664,0.05215874856637795,-0.031037530061994986,0.03089074369285593
2012-04,0.03286197788162986,0.03066198981417381,-0.023189664914204655,-0.028042388951496616,-0.018097935777234096,0.030056938406717873,0.08173530022657957,0.021070362789261235,-0.010758093788202815,-0.018589507814549638,-0.02706021540888297,-0.05726624683143157,-0.07256068732166311,-0.05728927211153245,-0.03491152741866074,0.05409842975102153,0.03324131726169765,0.03280178388390643
2012-05,-0.03081830341364759,0.028011997958410098,-0.02244364598203066,-0.02505808171602377,-0.017269738487478634,0.028224397460028652,0.08043103560846712,0.02040492755549718,-0.011333835061124519,-0.016701145367203116,-0.024492185494898577,-0.0497399047311685,-0.061495052587277485,-0.05650708448524899,-0.032635987790124436,0.0508351076842413,0.031228383195821347,-0.02974356106477258
2012-06,0.030508591746373753,0.028158171849283944,-0.022053317748708952,-0.02408813413140802,-0.017024745483003853,0.02853335100401301,0.08100295411565003,0.020496081504554484,-0.011528690896435758,-0.01709600359405737,-0.0245222999631452,-0.04794825727055825,-0.06112219490384552,-0.055498503216268834,-0.030865232312646564,0.050093890940395416,0.03097876402197133,-0.02788308740500605
2012-07,0.030808758575282487,0.028170618517984254,-0.022271405695871896,-0.024079000853655122,-0.017014084758711353,0.028583091249315178,0.08485166859095869,-0.02152704948728121,-0.012295594344929859,-0.017004900143222937,-0.024141227193472295,-0.04749343671628029,-0.06400801979212839,0.06201836612415352,-0.0308585884511853,0.04977944869265469,0.034947080938302726,-0.029510839686153548
2012-08,0.03308812793430809,0.02944577665256556,0.024059566836870074,-0.02545992858840935,-0.017673079153128463,0.03037517758858214,0.10364911621654181,-0.024225385477078854,-0.011690502873089415,0.01670726247265654,-0.023276386310455737,-0.04566688766323043,-0.06329957673690761,0.06205771102515642,-0.031048709326106292,0.049858996419055626,0.03387935530384999,-0.02976689059993245
2012-09,0.04018752669164346,0.03171266306274903,0.029950962873272684,0.029961443821392694,0.022027562517305768,0.039815443709080356,0.10762541383192727,0.027462322159409223,0.014659404165327877,0.017846791503779824,0.030908281172411282,-0.05165459976944294,0.07101288568637591,0.061849345987563566,0.03828155380972112,-0.07071215281808771,0.050139926541845195,0.0373952876014194
2012-10,0.05337592069813703,0.03338675479423961,0.04381894697700749,0.03471992977439415,0.02850727728020696,0.042137681401889,0.11368040527697389,-0.028112249221710517,-0.015671441075478538,-0.02080033944093928,-0.032643145895615545,-0.05538783693846946,0.07764079506132118,0.060517657169109826,-0.04908563477348411,-0.08332380399921238,0.05325815791930567,0.04048360246611729
2012-11,0.05390769686848776,0.03446656028066956,0.044051225946908794,0.03486347926664173,0.028675198564495685,0.04226997657474993,0.11311365821544046,-0.028207427865524912,0.01574045210689298,-0.02215886836832599,0.03245779566904338,-0.05741327523189191,0.08257305132456366,0.05769606495811514,0.05028591502188182,-0.086834598634769,0.057366296539991285,0.04203489251938862
2012-12,0.053802870032376694,0.034458202852025104,0.04380295679853606,0.035917007673351056,0.029159939230780148,-0.041790450788811453,0.1120481881642719,0.03412014053844468,0.017111321569798228,-0.02193561110969238,0.03296651712769076,0.06152846625612894,0.08309699252797027,0.05282560933082141,0.05040367519949464,-0.08703383951411056,-0.05940033260331971,0.04213460671023725
2013-01,0.0528334358332634,0.03893201234043789,0.045379403848114584,0.036782960144482284,0.03476409514227093,-0.04059203611996841,-0.10910945293856567,-0.04924451853606678,-0.021702061103555867,-0.021232182100386472,0.033392244398302046,0.05902969236976338,0.07813018586531593,0.04929783933379391,-0.054386276367444704,-0.08974279348353725,-0.0605890798370403,0.04752159720811728
2013-02,0.055959110238596184,0.04299887849848131,0.04576860489841591,0.03779623206330517,-0.03632180672186528,0.04142692572209246,0.11141693403060374,-0.04632229138975051,-0.020791932005478065,-0.022206114269895858,-0.033996469734210256,-0.05494321824920346,-0.06710976246640696,0.05566667829240814,-0.053967187093759215,0.08098838776312851,0.05903505950586433,-0.04710489145135404
2013-03,0.055215603102153,0.045266427756873666,0.04421618824962367,0.03776040948465395,-0.03706485285400468,0.04446344915167638,0.12268265355215943,-0.046114315679172464,-0.021255324240840326,-0.021649862905487652,-0.034036046149639156,-0.054243479726896984,-0.06745454763405487,0.055772455664890606,0.05599058215168356,0.07893205967618852,0.05889232316040186,0.04753887721559817
2013-04,0.05586370560291203,0.04490268092246185,0.045093468485222506,0.037118505585450545,0.03728552789295208,0.04459635056351017,0.13369647962834205,-0.039573899679363665,-0.018895307487666296,-0.021500302128679007,-0.03332628127882328,-0.05217971774583562,-0.06550362395134017,0.06355045936832067,-0.056063975656364215,0.0789778629263124,0.05694341159327142,0.04682068334314255
2013-05,0.08975459303272856,0.058865864209515464,0.0612235627835132,0.06649531133492442,0.05170198206675319,-0.05128922461126015,-0.12218416900854215,-0.039736847682694684,-0.019253480046565467,0.0,0.04571390186105349,0.06894313888565544,-0.07856680247685931,0.07044032634348975,-0.05212860606245792,0.09255975001576165,-0.078516418287554,0.04915137278196222
2013-06,0.08059790118859578,0.05547982381452318,0.06095604284206799,0.055153669233754,-0.044708516156525234,-0.04997362235423333,-0.10768315931994049,-0.03328567845391315,-0.018211057764347525,0.029453620175918238,-0.04498301150842974,0.07136610370356318,-0.08267474731013566,0.06469213257135568,-0.05678806045556135,0.09458190773312952,-0.0820008933196354,-0.05751549832373375
2013-07,0.07082882952100508,0.048735215681587875,0.05714008642158784,0.05152001914492963,-0.044425429669660246,-0.05563866303096118,-0.11507904448390444,-0.029124075626145156,-0.018281837937778014,0.026858513541201532,-0.04967104373964229,0.07653873883157696,-0.08261323410540003,0.0678106999484636,-0.061442637927848,0.08898330079150603,-0.0892791852054474,-0.05452450804493122
2013-08,0.061162865273414746,0.05197965100746535,0.050143282662873594,0.04966331556484285,-0.04355829598429282,-0.055636574279165206,-0.11308148657962636,-0.02897286138983164,-0.01672667570720979,0.02981185333896694,-0.05672749617400706,0.0775741323797685,-0.08013050360499155,0.06769680912064083,-0.061473840598860456,0.08890952094783088,-0.09331460915219951,-0.05206801844356765
2013-09,0.06061012957707917,0.04924737727479201,0.046716870290762685,0.04283677645692629,-0.04028674641416963,-0.05526619202998733,-0.10182576718126131,-0.03059216495694075,-0.017727552722195523,0.03016517103477997,-0.05462406075191098,0.07724372286772797,0.06841651308857417,0.06940639322050716,-0.05174323417896812,0.08191539513089924,-0.08763460452221547,0.043350183379465904
2013-10,0.06159952825460925,0.05986837835687569,0.05080565813298446,0.042559062566115746,0.03857255465800851,-0.05377468589766728,-0.09977125000668119,-0.030452144558219835,-0.017676332484656453,0.03088366478689716,-0.057724918359880854,0.07738437364820382,-0.0679541067969775,0.06785296915601086,-0.050747069487532395,0.08284821542227655,-0.0878783044510371,0.04343391429579437
2013-11,0.062010858364481454,0.05942415679635979,0.05144225852015201,0.04253626152864329,0.038714411376756325,-0.054676240587950925,-0.10235680102824225,-0.03009942625346405,-0.017847007563907728,0.030199447982039218,-0.06016415593975975,0.07731726600708172,0.06622081157744607,0.06621020149593433,-0.04950082696654679,0.08220870957246625,-0.08790162916293648,-0.043083489155784006
2013-12,0.06370114964977847,0.0644144849546339,0.05116465856702937,0.04293360023959268,-0.04326556855359974,-0.054928525112340726,-0.09725505640978012,-0.030026535907091964,-0.018166770798413154,0.02920811216146875,-0.05968795623505588,0.07793919432268474,0.06659406352607905,0.07264812257724201,-0.049485850196994176,0.08262575681795853,-0.08735065032596227,-0.04305282867451145
2014-01,0.05667698174106095,0.05709088102527571,0.04884530402233341,0.039007882120642226,-0.036473425300482344,-0.044579231796962666,-0.08235819951270368,-0.02866162173235988,-0.018686761166759786,-0.03043048292888303,-0.0622436259270392,-0.08071260337414243,0.06998411344003244,0.07358902065232148,-0.04995194545142884,0.07000416752148429,-0.08434042441033479,-0.042969357950478286
2014-02,0.05415977920283576,0.0559646156230414,0.04765443542397538,0.03699089355667754,-0.03515441667240443,-0.04488120920152834,-0.08386631952825363,-0.02663390544470357,-0.01733308360018776,0.03150774365949705,-0.05626634789696107,0.09508237093821129,0.09001839495963737,0.07265931964794839,-0.04780852929616436,0.07288978954743541,-0.087512137775503,0.04139658076166838
2014-03,0.05451696575518637,0.0488696502425304,0.04695223976001895,0.036731584818023744,-0.0338230900693655,-0.044685540609320645,-0.08408138745227048,-0.026747490557348017,-0.017216241626503252,0.0325193777216535,-0.056541071295465956,0.10371450978494835,0.08842068326731978,0.07307910209505088,-0.04544907520666215,0.07528933578206702,-0.09033887686664872,0.04037687216953053
2014-04,0.05440055152175518,0.04785631402657524,0.04292113744491579,0.03816312953189019,-0.03389847099162949,-0.04823999728728993,-0.08667640510619704,-0.028037249876438044,-0.018769837644814966,0.03420854330971713,0.06081448020704656,0.11458233770360073,0.0909657499844589,0.07705774484862865,-0.045264157418528864,0.07568274276752623,-0.0936432332809907,0.04078617091823706
2014-05,0.0544216559081615,0.047137170850875515,0.04379713811600561,0.03991223759886657,0.03500044057305659,-0.05669730337641291,-0.09288754434826392,-0.029005959141064422,-0.019405944547569928,0.034241268233977086,0.06096821394738039,0.11095277425729269,0.1011929885913086,0.08376422361942072,-0.05682091991335617,0.0781696217161408,-0.10430869903567457,0.049570560440024974
2014-06,0.05808673675296504,0.05224412985031049,0.04256368131953998,0.043461881077725875,0.03975196094910402,0.06134437755539896,0.10480423590776704,0.03334697461930974,0.019184743685815003,0.034897166033132525,0.06369832020619502,0.11118262490001099,0.10007465803418704,0.08561182143667802,0.06438223579334862,0.07633026196163456,-0.10477475583539106,0.0509533715334505
2014-07,0.06036701831608445,0.056909676536610415,0.039379769147980234,0.04380076891064252,0.039749316470684234,0.06498502957026021,0.10498832360531239,-0.036033547510177115,0.018990279875113095,-0.03709720057792242,-0.05778945957014647,0.10640385012303061,0.09345325803029117,0.08688791435981787,0.06484432828812653,0.07917787082515357,-0.09546837500420677,0.04901853318020102
2014-08,0.06647044079395119,0.056566664281647666,0.039663184042021245,0.045030616833588735,0.04116448910151993,0.06134633315854433,0.10740900805683214,-0.03890050995280637,-0.024861379242370165,-0.03800629503324941,-0.06121307908272585,-0.10016846201874781,0.08776284966764474,0.08629152915241445,0.06563069494280058,0.08288064411440471,-0.09394252890414921,0.05134191875689797
2014-09,0.06170121680370751,0.055106455765052534,0.03763880453662919,0.05146739364680606,0.03747105315325721,0.05758195846451433,0.10718531628684784,-0.03757824997255614,-0.02280352546232641,-0.03832293913302439,-0.05040409371585165,-0.09125626830075291,0.10219453918010521,0.06910474053300657,-0.05862030996730458,0.08407125436311616,0.08577653510175233,-0.053501003026641264
2014-10,0.06637992867691597,0.05801756906814515,0.03481581455821119,-0.05433799581265561,-0.03891134619056429,0.05663536053357267,0.10467211173234106,-0.03715060191070952,-0.022787131027830334,-0.032265663688085956,-0.048778507787079754,-0.09267056195967105,-0.10046958194115135,0.06845978041410533,-0.05952483682693255,0.08438837835923862,0.0857464664481388,-0.05348343943722112
2014-11,0.06670746583011933,0.056556854326750776,0.03572478640617108,-0.054491623877918643,-0.03868180012044497,0.061550201026736286,0.10686519706388313,-0.03939646790685148,-0.02366333521590545,-0.0239450611071844,-0.040990304072679104,-0.09342451280018502,-0.10259452043829399,0.06311478070478832,-0.06015758434067067,0.08505930083365366,0.0861387706019065,-0.05364993397463338
2014-12,0.06550888184890827,0.051762349147196324,0.03548993197802805,-0.05035811157670397,-0.03638556899657006,0.06926920117684156,0.12926521060563487,-0.04044229742383451,-0.02342228291515051,-0.0198269368341516,-0.036141006130484495,-0.0947285241820694,-0.10775707135210583,0.06425965767686809,-0.05684115628788359,0.0843614791652333,0.08673886808660332,-0.05421436394534003
2015-01,0.06798153541919272,0.05150779867708392,0.03522263474390657,-0.055757535743141635,0.04478754026826424,0.05270130583400248,0.10735136595754374,0.03464776107498653,-0.02110255405207017,-0.019148763443644724,-0.03543815100874741,-0.06784564089197037,-0.0942239114077425,0.06848456472663822,-0.052507844185064254,0.05404797314749655,0.052551532637270686,-0.04595787165095278
2015-02,0.06360936879207131,0.04738790192687304,0.034360978575326356,-0.05495137653240197,0.043651275905786796,0.04129565360827125,0.0905532399745903,-0.03531663538077525,-0.02355308545275013,-0.020089594181359152,-0.03617543131139359,-0.0775574391156264,-0.08952202132853176,0.06984896661653923,-0.05440792666512728,0.05282537734894835,0.05246946460343562,-0.045391814153584724
2015-03,0.06007323770312932,0.04801656265987428,0.034476905314080514,-0.05459118274192587,-0.045477349245176574,0.04138467737446559,0.0924631731848933,-0.03562906621904949,-0.0240306509090966,-0.020475393156766,-0.03627036311382373,-0.07583332433012617,-0.07901723369345807,0.06939775928428313,-0.0627055765057992,0.05318484577810344,0.05212785586552117,-0.048997951833270686
2015-04,0.06008025593306258,0.04883439421937301,0.035158335107625,-0.05154387362648518,0.03947513207109601,0.038608940658646444,0.09026449004972806,-0.03571344409216712,-0.02402241786374127,-0.014342994288955802,-0.030566675183917202,-0.0582037068391391,-0.06823130012598344,0.0702513901692422,-0.05371603347498819,0.046515697431094086,0.047384855128762886,-0.04725395120989266
2015-05,0.06085933811122235,0.05044868786452773,0.035004515430305014,-0.05232937290854159,-0.038491250926579484,0.03773300865613948,0.09139618917088957,-0.03614962717221239,-0.0235282438673826,-0.014629887191806116,-0.03068182571606109,-0.058166384417236,-0.06818357025929939,0.06899510875554998,-0.05350262121385524,0.046536961489919336,0.04762852904777604,-0.04236233275869712
2015-06,0.05759449957791053,0.04742348488475221,0.03671300115057377,-0.048427882616172216,-0.037869997790047384,0.03579815807471623,0.08692872005869204,-0.041023503324073195,-0.028554551878552326,-0.014946467082178942,-0.03092380806567933,-0.05661323505060616,-0.06589718809150719,0.06652267428747043,-0.05426437625248345,0.048008647815844525,0.04782403731308957,-0.044519754436530584
2015-07,0.05796058224917733,0.04552630686258831,0.041512279651448596,-0.04826827702977143,-0.03582223234971132,0.034695487692621554,0.08582291559577113,-0.038390768313001394,-0.027981919923007643,-0.013630889730277256,-0.027325279782216168,-0.056699517745262384,-0.0660998835434839,0.06643781330919794,-0.05119568906963837,0.046125862595059394,0.04718721651575238,-0.044605999232255424
2015-08,-0.050128781489941376,0.03960651524251288,-0.038525717035055466,-0.04091646180470334,-0.033686507198885635,0.03576487316244658,0.08829616385139832,-0.03644263857568488,-0.02802361330368205,-0.013442781374413768,-0.02713511557039472,-0.053126095428939174,-0.0659747781799801,0.060475763779380416,-0.05271782489152239,0.046458090008487433,0.047213716343977044,-0.04420512195136093
2015-09,-0.04891881139102465,0.03894952074136797,-0.039707723075203046,-0.04049253105074353,-0.0360338599854191,0.03624951148272487,0.08921255785354683,-0.039090280867500174,-0.03411597936465017,-0.0134539313057897,-0.027641696368107035,-0.05502095048021992,-0.06723792906804339,0.0669318403298007,-0.05818812920129842,0.04677277802937422,0.049927352621334145,-0.046660877554460606
2015-10,0.039200654577346505,0.030851045396990993,-0.04108332450969665,-0.03553534519695677,-0.03219300344054517,0.036526138006341656,0.08932257690649575,-0.03907671058880549,-0.03183020623559031,-0.013388168894321246,-0.027215572872424414,-0.054940241671675244,-0.06474776942227183,0.0685800667741468,-0.0560744938520439,0.04511470474500051,0.04967439804152922,-0.039603474903066545
2015-11,0.039890071115032275,0.031568948642433314,0.03992136066337945,-0.03553187407298182,-0.03213089322994801,-0.03695569804784519,0.09001255542993031,-0.035447160605487665,-0.02884963298577932,-0.013706239865877254,-0.02785912879648526,-0.05283943948398496,-0.06432667671468557,0.08824822827055585,-0.054793833809857445,0.04498118355085672,0.04687218455870959,-0.039673526473046776
2015-12,-0.03935117584350847,0.03180948135869954,-0.0376637087799633,-0.03662111740031652,-0.032144017698308595,-0.0377154870468453,-0.08930423200849447,-0.035785097271757584,-0.029057001670774723,-0.014404988444359881,-0.029460587088814313,-0.05001399037256529,-0.06288890073913939,0.08167762937715332,-0.056193638971346785,0.04429351442889657,0.04652294683510843,-0.03730676871583394
2016-01,-0.03776238005185242,0.029332068154741833,-0.03327607140685424,-0.03467344141447948,-0.031575067251988664,-0.0466985431276562,-0.10057862190796307,-0.0410048383787643,-0.03501046389849178,-0.014422048894133193,-0.029777628648995795,-0.06144062644360889,-0.06290543257179289,0.08551049609467488,-0.06071395173092799,0.06102485961651083,0.06489135482569179,-0.03906909575736484
2016-02,-0.04175517570141641,-0.031833512903495016,-0.03702205247716317,-0.039151553624575376,-0.03412648553223288,0.05250192346540101,0.11266087956632144,0.032559733417841005,-0.03333873832594099,-0.014617774311495397,-0.03205503492176694,-0.06137974624336554,-0.06618749606100906,-0.05860001873937547,-0.060521440410073395,0.05783585505566234,0.06514070301791733,-0.04125884969029556
2016-03,-0.03749397241354591,0.029975033267710022,-0.03194147165800227,-0.03398605489944336,-0.024835924721225613,-0.052635197455650436,0.11288476909568128,0.03285730762438167,-0.032372392986074944,-0.013880219818668556,-0.030445003083827877,0.060504791505443065,-0.06518157466006713,-0.05886663129368164,0.04685729107390614,0.05221107977093869,-0.06016716821893792,-0.037794010990743504
2016-04,-0.03756745054842867,-0.02957886544542478,-0.03182896183909998,-0.034773918071745645,-0.02679990929282905,0.056364920646758146,0.11472734783949333,0.031694126676688306,0.023850758329732172,-0.01521468172847897,-0.028122918725168852,0.06870101663657562,-0.07152820242387356,-0.05186726081632955,-0.05003375059150528,0.055495660069625835,0.0684514526470349,-0.03815687555419244
2016-05,-0.0374527871478684,0.028967304885961092,-0.03182769550932299,-0.034817560101855265,-0.026863215545085722,0.05935673293304385,0.115804028842702,0.02943891145246781,-0.021589448223373428,-0.014776989009126487,-0.027992597437084196,0.06677791494358216,-0.07140597451349476,-0.051428980975182434,-0.04753797287164056,0.053200679423766994,0.0632325097168785,-0.041809339848921
2016-06,0.03810531316262243,0.029008355375365558,-0.03191169358246355,-0.03500108525512405,-0.026195767843753638,0.057537008838176217,0.11205021649904436,0.026946204960577487,0.018308249509580377,-0.014784070577026208,-0.027136864751812602,-0.0675777531266246,-0.05483030761359748,-0.045071955233864085,-0.0457505162301114,0.052463400774780664,0.06147058625594906,0.04100698615418974
2016-07,0.0374007030185994,0.027832116477941173,-0.03033611012693859,-0.03390647502185101,-0.02614950192740477,0.06063929114636132,0.1131126903393934,0.029560309966392972,0.018775362621536614,-0.01592013670415672,-0.03155591390503068,0.06861178096244719,-0.05489691582944315,-0.04621548535599229,0.05061675646396979,-0.05867872713195968,0.0650686960682667,0.042302269775564914
2016-08,0.04236179869739026,0.030296378094312452,0.03265494886118715,-0.03772019959713706,0.029310524783130027,0.06012855778327028,0.10759870035160907,0.02873662830709573,0.01758481836735933,-0.015502462091234273,-0.031453934908294186,-0.07102456524660777,-0.054850029954330894,-0.04504084054649548,0.05223366231308477,-0.0586360238616577,0.064157123695638,0.045809614658282996
2016-09,0.0443832529053386,0.030957305876182013,0.03524802554105847,0.03964304127075649,0.02999479892925632,0.05754780021278757,0.10994051863993032,0.0291521351346781,0.01769439018098625,-0.015265753901660122,-0.03086535978625519,0.07077551314634226,-0.05485962892591437,-0.04496197773286993,0.05288170161856847,-0.05925018759490278,-0.06340811519783146,0.04572847539867834
2016-10,0.05685945466118133,0.03857459783112848,0.034879716247151867,-0.044855703296499,0.03133828441652043,0.05030112751483059,0.10451376656936479,0.028442877758464793,0.017159845832295028,-0.015306766917301805,-0.030863985057440677,-0.06898401214726436,-0.053609650436184514,-0.0422847573413689,0.052708821340647735,0.05898921351003894,0.06282860887514993,0.04919838970282364
2016-11,0.053573856977962374,0.03858114600212689,0.029095872058410584,-0.04458824706073985,0.030539713077635224,-0.039066312907492434,-0.07907883784614324,0.027389188085810943,0.017429920994836978,-0.01593834286376488,0.03363821790104155,0.07084038088218679,-0.05010754726525785,-0.033622542522759834,0.05015793921942609,0.06063381466025927,-0.06728910593227148,0.0512621534496347
2016-12,0.05594091165252571,0.03913385776585115,0.03123122358426106,-0.04533016724837911,0.03224362583328482,-0.039031248951824,-0.07940066932631643,0.027174116857427575,0.017299206710561246,0.017322195030571044,0.03661811709677115,-0.07631649377095923,-0.050209188517434146,-0.033500810237152887,-0.04888721531967276,-0.06658633413466233,0.07122788584646939,0.05209161974470034
2017-01,0.07233321565318217,0.04532783926180981,0.03952496201996033,0.050016595293683436,0.032939712108605,-0.042971984362762415,-0.09295914481341379,0.027171430657641008,0.01672100876344084,0.01903415476872135,0.03966312514259552,-0.07095026790457827,-0.04911966591873393,-0.03288231930797316,0.04585290254594094,-0.06401243098667875,-0.06925752538315935,0.05376728356126489
2017-02,0.07035398023974672,0.046142322266232196,0.04030260018572923,0.054342217875034356,0.03341195290345801,-0.04413450816135048,-0.09589826892540838,0.031711577946535556,0.016722525201242025,0.020027300191774008,0.03968310694041835,-0.06882399896176461,-0.049424187145067126,0.03618541727957858,0.045839455168826954,-0.06470304448065055,0.07071872716633215,0.05224449816312594
2017-03,0.08662598092698694,0.050507209755087074,0.04337252462555307,0.06409410362427612,0.04684772039890847,-0.04413547068188044,-0.09579147361026989,0.031749601538934094,0.01668305596828203,0.019479585587733477,0.03808756027366114,-0.0889946274937193,-0.05225450232459653,-0.036056485185331874,-0.057013244676232984,0.07438599567849606,0.08229171942925535,0.054793334737754266
2017-04,0.08731737207838056,0.05752035306680752,0.0433040703396938,0.06380109278033533,0.04695340170023908,-0.04365010037939332,-0.09342805902416546,-0.03312125902915159,-0.01836660719670025,-0.023847016301783465,0.047517297830276764,-0.08204445181987916,-0.04988993650302348,0.03921131252417234,-0.0560982224387199,0.08469772104948134,0.08142044102783737,-0.05390180489209487
2017-05,0.08755925937315445,0.05817157599210679,0.041561831228711286,0.061255317175762554,0.052718829593478844,-0.04318584246551418,-0.09232186421163253,0.0360010822603595,0.019855440709280383,-0.024662471931685,-0.047217824763098964,0.07797410202349118,-0.04982971190050203,0.040820608449878074,0.06571688352786548,0.10192693229986766,-0.08676457438416638,0.05422318043432949
2017-06,0.08849902539194204,0.058026524093745376,0.04152386331355414,0.07485151413531264,0.05334433818860015,-0.05319690619756715,-0.1116067975704657,-0.04473917715666459,-0.025823798289564364,-0.02441815147764023,-0.05157037571174455,0.07648914843927099,-0.06884135363460114,0.04885705824030685,0.06448204738723548,0.08183930353505464,-0.08920155488664744,0.05976083035740238
2017-07,0.09597962354412092,0.06780513011017121,0.04320746264450397,0.07922237407827168,0.05243173751831436,-0.05550506212625059,-0.11123985417066422,-0.04446616857230471,-0.028832395326523368,0.02984333406142523,0.06166939025353613,0.06918983677908805,-0.0678285082723476,0.04817366782787412,0.0597191868988795,-0.07231375003293487,-0.08857008872318578,0.058209795720251124
2017-08,0.09645975925492896,0.06818768862566087,0.04238237276109323,0.0782784126985689,0.052494921969971256,-0.05113726254924544,-0.10639892801157949,0.04303722096428779,-0.029913599876093704,-0.02968901320858838,0.061711410627784256,0.06947140382001288,-0.06579599584485815,0.04812073393295727,0.06010452854499894,-0.07270998924925888,-0.09116660375113328,-0.05195448704086794
2017-09,0.10107666157004042,0.06528795728995651,0.03970916008082115,0.07718713507955288,0.051953719847078306,-0.050600191959552704,-0.103513635917927,-0.04161793968975052,-0.029422455874651168,-0.027966846426849726,0.06797252578607353,0.06852868360851011,0.061129715104339094,0.04919733263241493,0.059719782988983616,-0.07287403089632419,-0.09160838933472516,-0.05199121714823181
2017-10,0.12372080353233939,0.0679053847729498,0.044967833584633896,0.09069732505906436,0.052990668932948515,-0.05461875583539305,-0.10690139789377923,-0.04262361123270451,-0.031117365360067793,0.027673715799386565,0.06216023715656067,0.07100920112024751,0.08458360793048923,0.05070264060910725,0.05789945983715708,-0.0680963741383313,0.08426438409284906,-0.04783514231484068
2017-11,0.13199251053610017,0.06986118579362638,0.07298436501113052,0.10995005553433362,0.06606619423572636,0.10581266747679825,0.20228403163242736,0.059444093810493884,-0.03444340389655762,0.027349477914074546,0.0626250466589195,0.08469690332761733,0.08548334920195176,-0.09358658761312164,0.06086200669774641,-0.0681708877428201,-0.09297162951071704,-0.047922164611743714
2017-12,0.12933430858347594,0.06895364181678665,0.07151016603739467,0.10539821666960994,0.0746806765867863,0.10785902356320008,0.20510793721352216,0.06190882141663957,0.034931934001706744,0.028413144929616926,0.06646797964327698,0.08792315154957017,0.08934138591965939,-0.10323518532876629,0.06138543342912858,-0.06607674161633813,-0.09252500594104227,0.046378752131361195
2018-01,0.09295081086053572,0.05548555900194539,0.07071616872869525,0.09145194449207505,0.06509650969390372,0.0871707204316746,-0.1594534960009135,0.06921276756396619,-0.04503147792761168,0.027107723352059965,0.06430855108398807,0.08451785229300174,0.07365751644994119,-0.10981688198565814,0.06870472178382003,-0.0681588706019394,-0.08103190752625557,0.04952851415365797
2018-02,0.07291180145650916,0.052767736832017124,0.0597799057741579,0.061589934916545235,0.045887405782847446,-0.07849032053470768,-0.15811620013275063,0.06869887117512685,-0.04502570803347074,0.02600965080388977,0.05938825640979993,0.08635704333695177,0.06758749887740473,-0.10217626291848265,0.061182325161793484,-0.06113412748308827,-0.08192522757528493,0.0491034755400541
2018-03,0.06406467889357974,0.04504681306186939,0.06020718075980717,0.061781811885892775,0.0461222943304338,0.07338317150182865,-0.14869838758600074,0.06914216899751571,-0.044980161801500086,0.027762546989636646,0.06499371273230471,0.08660275187400918,0.06718346485094895,-0.10336914968695834,0.06069364188375189,-0.06098116967594431,-0.080135157856309,0.05089523620105983
2018-04,0.06398747863950287,0.0450855260542403,0.060234310101064024,0.0625802648703918,0.04310220976769444,-0.07132537906346383,-0.1498948239582424,0.06911177939230256,-0.04927825416588951,0.02882326622042164,0.07066242210630713,0.07907253833738767,0.06679298953552978,-0.08836551958221125,0.0605828306873354,-0.06436178278853932,-0.06831092496859978,0.05004052098269346
2018-05,0.0630918889111433,0.0433259336207983,0.05522663390799501,0.06332914328309817,0.04156557183456423,-0.07106888089028973,-0.14831087501711965,0.06801335153140553,-0.049291403159245184,0.02921947602004516,0.07640314925227992,0.07300002563248105,0.06047363341943915,-0.08856121080593628,0.06083121691056132,-0.0637786210021141,0.07297539786078372,-0.052301881096775894
2018-06,0.06307394167850008,0.04621615974751815,0.05620956387528268,0.05850848343440562,0.037792565068487584,-0.07121591765876653,-0.14817632918326304,0.06358604602781032,-0.05197234929253696,0.02940153989660407,0.07187379157667424,0.0741177254053235,0.0604552804703298,-0.08741145815204994,-0.06428688078405687,0.07071582994009742,0.07395105033459334,-0.054057370195837284
2018-07,0.06057116050301851,0.046928102907750215,0.05647286643598014,0.05816192265890804,0.03982975456991442,-0.07019891519133126,-0.14944735270823353,-0.06422451626614983,-0.050345099176401835,0.027279115199173528,0.06708688265446107,-0.08573376598210061,-0.060974757534161435,0.09046927873254819,-0.07649501530445572,0.08206833668038603,0.07417154870944576,-0.056592648111151486
2018-08,0.059483122949827986,0.04446630214624172,0.05673856045419545,0.05624445994533597,-0.03887300559448334,-0.07763485165850416,-0.15870165618441404,-0.07652964062648385,-0.05139058311891834,0.03138313914557915,0.06732039804651548,-0.08589888327665178,0.062123646490646056,0.08982963808013317,-0.07210056894175762,0.08215482108427598,0.07112886423763559,-0.05986334248336494
2018-09,0.05899132513124843,0.044508873350019865,0.05823764312828288,-0.05773277309798181,-0.038867128426907906,-0.07556417007664282,-0.16157025670855207,-0.08277188613316339,-0.054900055871951875,0.03244861826088583,0.06525263324757727,-0.08630435437400982,-0.0684577021312493,0.08955847604907934,-0.0716929599008713,0.08057929845776604,0.07060817649783492,-0.060013628716248046
2018-10,0.04500944428247736,0.034541635751435824,0.03600246255600814,-0.04500000401004938,-0.03474080665922003,-0.07119438125927342,-0.16159466242512788,-0.07674811098329679,-0.05520608203623976,0.024808753969361677,0.053182135560953525,-0.08222852078066717,-0.06693868724680756,-0.09032031833004735,-0.072118787166417,0.08800980858044995,0.07205495814218792,-0.06809660622517416
2018-11,0.045812877716789144,0.03451811087779952,-0.03646138065257867,-0.045089993709246025,-0.03239672553717398,-0.06906493682444198,-0.14730091017317648,-0.07676836467980055,-0.055176837456896395,-0.016965424591627497,-0.037828142131108404,-0.08917178212848502,-0.06972075646769393,0.09141839767620662,-0.06418631045626057,0.08734272331781788,0.07287788005670609,0.05481553219124773
2018-12,-0.0357969562537688,-0.029487036447538986,-0.028331060192306953,-0.041483518468918804,-0.03221686264932917,-0.05608204192783629,-0.11983421583626969,-0.06383522652833497,-0.040089108415525126,-0.016501492401240055,-0.03706251720478483,-0.08748293820944902,-0.0696320585482546,-0.07924130796023894,-0.06629938531011655,0.09232395889782187,0.07137942918960971,-0.05798365245590184
2019-01,-0.03332236773607817,-0.029285732646429634,-0.0241804351537088,-0.03883844361484997,-0.029910646423499568,-0.05919849372788086,0.13548303330847997,-0.06488875484500715,-0.038983346877756446,-0.014766012149236995,-0.033307397132930294,-0.11479228122179269,-0.0867282246165102,-0.08799353676504114,-0.0667205699392318,0.07922508947683354,0.0907749222103888,-0.060745130156059535
2019-02,0.033531826781256525,0.02906205875349556,0.02396551128264691,-0.03911459237270228,-0.031059795779668792,0.06242313213532348,0.138971351280408,-0.06672010011596996,-0.041161876274490534,-0.014717706290819152,-0.03300168166604651,-0.11854447759271479,-0.09182448644469793,0.08995934739937142,-0.06979913515945232,0.09616199439456051,0.09184699066635481,-0.061369220161747
2019-03,0.03439629537330411,0.02979288689387213,0.023787877624549317,-0.038882878614831834,-0.030953259455081674,0.05517460550969202,0.12188239689226313,-0.06591986279580836,-0.04037460875851968,-0.014786535992371782,-0.03344529266533081,-0.12636449910048875,-0.09742428345984813,0.08975704892113304,-0.0696075449511801,0.09451129290292198,0.09151002068832342,-0.06154530599119571
2019-04,0.03367155129762237,0.029029749536315336,0.02358301885371207,-0.038120846752511275,-0.030735027592381073,0.05531459482251072,0.12890448507825913,-0.06609500392710616,-0.04037400614915812,-0.014728985137853527,-0.03431078001778618,-0.13050683109358108,-0.09981267169905407,0.09983780052831703,-0.07070618440792655,0.09533510589586774,0.10579375804058515,-0.06285442403746277
2019-05,0.0309526723295561,0.026684302627080735,-0.02311382885015661,-0.03643645828401937,-0.028824440483148677,0.047065566744341016,0.11161249641181424,0.06503424472522606,-0.0402058993953334,-0.013458560896248008,-0.0335230820719613,-0.17441148516938826,-0.10302582792557408,-0.08804860606693901,-0.07089030631858359,0.09523754488961686,0.09902757176763932,-0.061693885866018996
2019-06,0.029271709331273696,0.025282136091773627,-0.022122723305164297,-0.03589837087729321,-0.02839170378746306,0.04708872386284309,0.11185473705074206,0.051755914979197175,-0.03713387862615939,-0.013716721521107266,-0.03197728004239356,-0.14401881113759946,-0.1016833850546694,-0.09235955771758121,-0.07043247106044322,-0.08339530632285276,-0.09036238991570097,-0.061205990157891826
2019-07,0.029651328663863035,0.025327028392622887,-0.022150167588387046,-0.036472909767103226,-0.028712385468694986,0.04817413259761077,0.114966136508793,0.05439428032395614,0.035096878478101175,-0.013793698006668928,-0.03212566802043048,-0.12350340725712286,-0.08254799073226327,-0.09330024038069691,-0.06855447102690519,0.08397814469483675,0.08628817474969544,-0.05965375192621251
2019-08,0.029814191391010277,0.025973144289108435,-0.022260931499064635,-0.036560398966763885,-0.0287081199038097,0.03652634605685608,0.0964955267252925,0.04832679722861376,0.030635837146767177,-0.013806882190031592,-0.03153091396595044,-0.12348189616432004,-0.08268922952365997,-0.08820182955968864,-0.07198963213625052,0.0833686289115223,0.09260933226834606,-0.05756150944277246
2019-09,0.029744643222155216,0.025983023039949617,-0.02219879036687665,-0.03567822582765365,-0.02853614140160818,0.03671529280549705,0.09687767382386535,0.044520402887216974,0.02731541771720038,-0.014051831119716631,-0.032370280168507605,-0.12384076355391677,-0.08141709255816933,-0.09208445257895874,-0.07214178360189888,0.08439981825598293,0.09396883378228828,-0.05757331201110272
2019-10,0.03271320683303199,0.028758838635323723,0.02472162023309078,0.04174343392434114,0.03172884517280664,0.03810891452008312,0.09894598253710221,0.04444932012309816,0.027178434345129916,-0.014523727163610521,-0.033122075079615385,-0.1175355418469023,0.06426989959513373,-0.0919968927341303,-0.06993766069724713,0.08756188517184131,-0.10430748520390029,-0.05587662883337544
2019-11,0.03237000909688639,0.028639466929887322,0.024438453821698743,0.04173068789437501,0.03279375203058853,0.03756374580181457,0.09444431366795705,0.041355731399730436,0.02543464713137493,0.018163097473698406,0.041129666017142276,-0.1147529523250699,0.06427699022508732,-0.08897636159496325,-0.07873704153294454,-0.08788165795529093,0.10164703137328981,-0.0713628198440542
2019-12,0.04362360897441824,0.03577121917738438,0.03118297903942386,0.05132497172489579,0.03353431493970418,0.03684636487643437,0.09393580963276937,0.042287431775964286,0.026876946071429753,0.018955110217027116,0.043656996463267914,-0.11044051870497149,0.062141503099117985,-0.10515198195557203,-0.0734786953574239,-0.0931089405941708,-0.09030559716089057,0.06070554338073711
2020-01,0.04971856077641397,0.03969914430839609,0.03669007675616552,0.05570050122061646,-0.03746822360837627,0.03374869785541997,0.08381325202554192,0.04137648541685228,0.02707975049587799,-0.0187338281847465,-0.039832545960714484,-0.10871199393263528,0.06506398070984365,-0.10585814560977813,-0.06905017014737984,0.10936538026671251,-0.09327949290492586,-0.05930354411212403
2020-02,0.038567835997494526,0.03417272814469041,-0.03267052379432631,-0.04347220930652112,-0.03648534891304303,0.03322925198805032,0.08251377105215392,0.0413616535507989,0.02520113227945383,-0.017590748138490195,-0.03774066680600599,-0.1088646169379615,-0.062091520943892226,-0.12120557505343602,-0.06853215701466736,0.10656675837331037,-0.0934954505673579,-0.05699932729950225
2020-03,-0.028146524517642088,0.030270930910289387,-0.020329898062076676,-0.02959875972539004,-0.025766341251650872,0.032843822329800175,0.07838999108974277,0.042264171347243334,-0.02017993203965248,-0.009013001195473765,-0.02555188339816307,-0.11191113108928502,-0.05964756036621104,-0.1211624643732479,-0.05910355799974639,0.07978984274567125,-0.09347653124228511,-0.05328987385856334
2020-04,-0.023647882766342034,0.024177915485856752,-0.017738851061877472,-0.028194360780620202,-0.02403740510536612,0.034173199005619645,0.0806160173892081,0.039794320879953556,-0.0194865313123624,-0.007965572384016024,-0.026040022506496053,-0.11115715558287703,-0.05862742582517909,-0.12329956036918827,-0.047038040290646684,0.07878493591250886,-0.10587042761418816,-0.050410831887262114
2020-05,0.024402991214192087,0.026604768448137816,-0.017745629878546863,-0.027418877839066505,-0.02473402426517021,0.034290277931302626,0.0829446194227943,0.03983354824134333,0.016390702767638266,-0.006690940522080669,-0.02344288166473196,-0.1062237690995529,-0.0607163046241734,-0.15245420702194304,-0.04580432497636763,0.07703690234430016,-0.1104229181333834,-0.050235516533899065
2020-06,0.025247554181220457,0.02695753127796109,-0.018104405089909133,-0.027812486947237314,-0.024545040820289906,0.034182885398758064,0.0820110125926166,0.04418453100843221,0.01646059984210258,-0.006691645283565195,-0.023297350378212258,-0.11078019074825914,-0.060779854712563565,0.15295427964450276,-0.04389582968004687,0.08517448826075301,-0.11922622600945695,-0.048317739161404624
2020-07,0.024554336870741877,0.026257453267125506,-0.018010982537056092,-0.02772096969495734,0.023125815168187278,0.03409778411705273,0.08307918677510506,0.03679640139476422,0.012064235296290188,-0.006661341592501441,-0.02237115058130985,0.08849764933301062,0.05795719110531069,-0.14028987988711344,0.04337745856425839,0.0833842119240798,-0.10812341999835048,0.047814896862631205
2020-08,0.02398089035107581,0.025446646965187968,0.018021467336341725,0.027103784508595866,0.023500582040000384,0.037392671167129216,0.0897806987749788,0.038769939390137925,0.011878693260711498,-0.006601233174067543,-0.022052756515709867,0.09009405926735675,0.057389244734404064,-0.17115582280005356,0.04306077110859284,-0.07722206978908502,-0.10798980726768508,0.05129385670338935
2020-09,0.02325234797680605,0.023354925859713677,-0.017858074653088064,-0.027242604019126718,0.023422666651087713,0.03885798498604351,0.0949691472225434,0.03785281456577953,0.010992520382510277,-0.006609239104272352,-0.021985348232693117,0.0854964839372584,0.05274952147853182,-0.20840548966270597,0.04137841061849038,0.0739657974264572,-0.09926560653530751,0.05048267740047381
2020-10,0.023009675394795766,0.02255822121077548,-0.01788049033849744,-0.027363662806880067,0.023685795947408397,0.03736335742905175,0.08954125353917884,0.03728808699974258,0.011006263970952791,-0.006616039121564839,-0.022084360570750115,0.0877363439092363,0.06075444515496621,-0.20510315507385732,0.041094819665762936,0.07428293191467267,-0.09970691497445117,0.051327381648106886
2020-11,0.021310570456994398,0.021357253076241752,0.015505103364556717,0.022050035720754077,0.0223410348839832,0.037602199454212754,0.09214024942383747,0.035052199334897574,0.011070712693781458,-0.006269203523400769,-0.020065122834692348,0.08712404992386168,0.058037376951102976,-0.2723094549954736,0.03994747110729317,-0.07098395750544106,-0.10815357106654497,0.045416848913235976
2020-12,0.021270830946946248,0.02133259582093689,0.015228128615880647,0.021860036137300767,0.02224638237507491,0.03916010595456767,0.09578432053227388,0.03338616574324036,0.010690926215609593,-0.006312730501201052,-0.019877666477674284,0.08504747970533429,0.05788122684381136,-0.26479878459596295,0.03922061992455661,-0.07122487461595878,-0.11413642614950531,0.04792182086839332
2021-01,0.021204309465234897,0.021164390752176927,0.015369221676855652,0.02205476419872849,0.023554014829894634,0.04225648074059127,0.10669774155762575,0.03240724342535959,0.010702302161652431,-0.006313548268816315,0.020858631084144912,0.08654195286232186,0.05800539016601523,-0.20076884433715417,0.04288445700483368,-0.07394076350372787,-0.10960155255237232,0.052858518422516224
2021-02,0.023017315734484598,0.02262777447634616,0.01633203651245975,0.02375513823471242,0.024420158806920087,-0.043663320684700524,-0.10846603912619684,0.02971654657908955,0.010961548896326194,-0.006196192677098842,0.020637993624241516,0.08674949890535631,0.06205314724664812,-0.1622093813476725,0.04530845076526298,-0.07585102565462117,-0.09799985253127745,0.05887926852700423
2021-03,0.031904646008897856,0.02586715734396154,0.02778961409042117,0.03505170466878091,0.04674192257041235,-0.05004353339391486,-0.14836327324736334,0.02958924992011651,0.011664364273821802,0.008248733127938822,0.03215123078318219,0.07564695898603674,0.06809014676762866,0.10622519873636797,0.054602374286941875,-0.12059419604873105,-0.07739661897548672,0.06327836953033496
2021-04,0.03800792526542765,0.030249558602620033,0.030458838984868716,0.03570311144284284,0.04835586798617085,-0.048297653724486495,-0.1392105341875042,0.03135690907147001,0.011671781808268666,0.012632585187335347,0.03428560005484973,0.07461479656328417,0.06802749216849108,0.10256529448190509,0.06093746713699685,-0.11698571204179722,-0.07120871359407523,0.0634450116032322
2021-05,0.03780021859801155,0.029666060665999656,0.029802198475825874,0.03625465961783219,0.04785344263924863,-0.04803187612693306,-0.13814461593197896,0.02914600604890048,0.01225755236401444,0.01735969050184332,0.03543264678297577,0.07429049720162133,0.07090116772271828,0.10291088631744466,0.06092904467336312,-0.11542425466060854,-0.07049674638448751,0.06342766845863719
2021-06,0.03793509312699965,0.029656465754412737,0.029576505236554102,0.034415638227932935,0.04841255486580448,-0.043395087903037685,-0.1301443380566223,-0.027066562570355147,0.011919304851233279,0.017260105809623075,0.03544334601326064,0.06635567565505163,0.06373374070680998,0.10015785854950258,0.05745717807674963,-0.09080702825475215,-0.06526934918677482,0.05740732114918141
2021-07,0.03894420794386876,0.030578841536422745,0.027338185947478878,0.0342699993132455,0.0424183467486354,-0.04448425678364074,-0.11683919187798623,-0.032272761597989495,0.016336552304312954,0.017163914881148722,0.035134913942551936,0.08017633140321076,0.07757921307873628,0.10396908747756735,0.05820835846115921,-0.08919714189405126,-0.06933962287688457,0.05871085258308547
2021-08,0.041299488349006465,0.03475488227886868,0.027431433798741064,0.0347652963163347,0.042685590276624934,-0.04763601532203932,-0.11832072980604111,-0.03226082104366807,-0.018304312239587592,0.016358226036363152,0.033512979094326635,-0.08173497936489113,0.0784257701527821,0.1042028910083278,-0.061968013005998204,-0.09272270787054435,0.06942284599468523,0.05908074197713589
2021-09,0.039962657562898705,0.03474534399452862,0.027657623685502904,0.0339790604164412,0.04000782805440243,-0.0471224863912341,-0.11477368065821773,-0.0326199576567983,-0.02163477254788828,0.017515847652025757,0.03699019081536658,-0.08115739359198343,0.08602220606326254,0.10439865876543902,0.06513680116581883,-0.10088109874935833,0.06965343434680532,0.0583809886099123
2021-10,0.04061002645195749,0.03519889293033271,0.027689371039106344,0.03632139077071048,0.04001256205282741,-0.046800279562887806,-0.11768794201828062,-0.032397900466917234,0.020708232306332102,0.02117952964074436,0.04253387187987758,-0.08147082384843687,0.08437178411879583,0.10136640168754403,0.061135206032187014,-0.09559104916395789,-0.06785486389983425,0.054787453044381235
2021-11,0.050377760921470574,0.0424467859834715,0.04063136450470459,0.055770916986222926,0.04688375050884582,-0.04583331968989885,-0.11363962158105398,-0.03417595338071756,0.020650547130347814,0.01858552905485366,0.03233756397032127,-0.0855050198036228,-0.08171965297113543,0.09951369512793923,-0.0571276174213364,-0.08445799002988535,0.06824703546649986,-0.05694586556388803
2021-12,0.0496134701789781,0.043114065117733615,0.047838184350542164,0.058380474169184474,-0.056012585358562156,-0.04544871353304124,-0.11330296244907512,-0.03732499661717972,-0.02733832059064713,0.017757065851286686,0.031898297849678695,-0.09601125275164966,-0.08567773328602774,0.10391338775697871,-0.06556904543630199,-0.08786074491111812,0.0728466241589975,-0.05945457506427206
2022-01,0.04234901642998315,0.03304128707323865,-0.037083781622705606,0.05353025803459937,-0.060807051041916416,-0.04514393679147552,-0.1074017208006797,-0.03798024046333912,-0.027468702789698568,0.016870892079052156,0.03072193694255304,-0.09542316036900143,-0.08557302997698134,0.1030214826663918,-0.06324398199832228,-0.0876745421149589,0.07177568912794488,-0.05577279702457543
2022-02,0.04014305217685529,0.03128745253139351,-0.0413862093257732,-0.05126324716962935,-0.0575940766460752,-0.05062536690739841,-0.11840364809959752,0.039092733165087865,-0.024567101107097648,0.018273183586207404,0.03281076727482872,-0.09506716839657726,-0.08982748755978114,0.10356607258568105,-0.0594645664124434,-0.08775166092571889,0.0726997854383041,-0.05256704940476526
2022-03,0.040606901037328044,0.03066945577788213,-0.04148577436006088,-0.05289884911262586,-0.05617318477715218,-0.050120798213382854,-0.09665188869320451,0.03957530844974094,0.026283708159138608,0.01854430735317806,0.031979158888797043,-0.10300769749100167,-0.08674688221457494,0.0814396567188099,-0.05623352058703327,-0.08785997784909119,-0.08581436646490627,-0.053527960483043556
2022-04,-0.03455567809557164,-0.024644956789045814,-0.034684850793373544,-0.047404939577512656,-0.05274364839662074,-0.039340270356023485,-0.08239336136101388,0.039436912300313036,-0.025606009244617197,0.018546023877539723,0.032733670008685614,-0.09487578027519664,-0.07455604063412269,0.06451934091400337,-0.049939955864658325,0.08599847522107866,0.07190956899656253,-0.04643375686889261
2022-05,-0.03458496202766011,-0.024625632039680434,-0.034704641661914726,-0.04969869440922306,-0.054507108749528,-0.03932492274423974,-0.08205543143123548,-0.04539675765331708,-0.02796239224655275,0.01824782441047443,0.03269204512443992,-0.0943117777339107,-0.0861553215025118,0.06274342498779968,-0.04901214554933937,0.08717981110807185,0.0723764365133926,-0.046909957163305656
2022-06,-0.03084429885326917,-0.024329143951425526,-0.032627471057333136,-0.03767745288384939,-0.053033051070536005,-0.043617049977258585,-0.08565527493688195,0.05630102383924285,-0.02810700151419657,0.017249130022443118,0.027188619572534597,-0.09763276697206197,-0.08313787412654701,0.05699019284286688,-0.04811195098154863,0.09182980680222315,0.07617325423889731,-0.04660185869154514
2022-07,-0.027112603374175284,-0.020809540027052226,-0.02611065014212809,-0.03433802540509681,-0.05683723728232526,-0.04564877474399072,-0.07980761976487388,-0.056320491403165626,-0.02792719500911409,0.016866989946094,0.02648908234798727,-0.09715543783375041,-0.08467301847211584,0.05591075106457867,-0.047966014112546564,0.09087613565458931,0.08111966895562844,-0.04622558406172593
2022-08,-0.027162103501021943,-0.02106960798824627,-0.026509624246905724,-0.03375754723743379,-0.06175640241068065,-0.044973563924829846,-0.0731986352104189,-0.05436050159516718,-0.02560639474454477,0.016677992071881427,0.026529885179899244,-0.09774697383778765,-0.07490354994615767,0.054801137180295015,-0.0474084741984562,0.08528215461594463,0.07699758288227357,-0.04637291318114684
2022-09,-0.02533754262802336,-0.02010981713963864,-0.024548594280404182,-0.030985250874863295,-0.043143639729650234,-0.040255850630379085,-0.0657972805260693,-0.0548589873035945,-0.025030860901209425,0.01554893044170164,0.024364531564450148,-0.09622256234349542,-0.0710029203847933,0.05389898624812249,-0.04218771868744698,0.06778029609880531,0.07817500970358324,-0.03935249459367757
2022-10,-0.02478986605391823,-0.0210892982688054,-0.02168869420854305,-0.029158406353233073,-0.045612707225024404,-0.04276927817938917,-0.06631798251858623,-0.055722953270948956,-0.02751390067352658,0.015473440401949442,0.024510416452600648,-0.0915206195985806,-0.06680805213629723,0.05383519630096493,-0.04611288889302462,0.07046242844984395,0.08286449681241151,-0.03942574911815902
2022-11,-0.023715220688494257,-0.020410171587549715,-0.02163808305244314,-0.02281734931207182,-0.024903872563930868,-0.03562343481173002,-0.05881831406002534,-0.04089646192180067,-0.021003218131823653,0.018375120887422415,0.0282024932602139,-0.06249267099299402,-0.05329151831623405,0.040269887040421545,-0.04187142846703187,0.07181829358661636,0.05988504430986173,-0.0332012550881185
2022-12,-0.023803485592909724,-0.019951191527568968,-0.02129187586305494,-0.023049088333344257,-0.024836137158030888,-0.035686496920352216,-0.05894312971963108,-0.041175111347819406,0.020182150186629746,0.019567993193971258,0.027960500260705692,-0.05822946540006487,-0.054626230105594954,0.036124075235457215,-0.04251206614755908,0.07345179447160423,0.05803262730345274,-0.03311701892982062
2023-01,-0.022964398551777683,-0.018435272984570036,-0.020609565471175147,-0.021371900345674176,-0.02227976040745605,-0.029399794879115426,-0.05217617112246912,0.03832972625675773,0.020373473293314445,0.022199602500502246,0.02980476761666888,-0.0573579434145804,-0.052783981593547566,0.03592757202093623,-0.04160353669771429,0.07003792763790284,-0.05860716928256862,-0.03378039685247707
2023-02,-0.02300445367766094,-0.01854695484852241,-0.02060161780795301,-0.021409185996803956,-0.0217104704240046,-0.029079472245840423,-0.050972752173823486,-0.03887378954192036,-0.019546051624547915,-0.023026552184354072,-0.03028356897721373,-0.05570428094620832,-0.05220850282157229,0.03518039194112829,-0.040431397179324785,0.06800493786763452,0.05653674409994601,-0.03368179056440344
2023-03,-0.023025658741114906,-0.017760746777225292,-0.020322759191711316,-0.021238232271042063,-0.021461841258956574,-0.027790992550016855,-0.048880080022086464,0.03370576944222944,-0.016993140015719495,-0.02558789280156176,-0.03595538460863442,-0.0537305204099447,-0.05019627046892795,0.035837535186106946,-0.04215926073719714,0.06875107032777523,-0.05397355502304019,-0.03407642498440283
2023-04,0.024734244438586586,0.019914056355370455,-0.021732557390699965,0.02204391840171452,-0.02200772514906145,-0.030777994201767318,-0.05212999631242597,0.03408732474956134,0.017574452122034286,-0.026152457615693257,-0.0401551767483416,0.060659338276557166,-0.053118923715633995,0.03883017882150769,-0.04583614910590681,0.07178950533949133,-0.06529242403397939,-0.03724105573281859
2023-05,0.024733477148856448,0.019352748325883764,-0.021730191273541744,0.02169265118459439,-0.021968809535011513,-0.03060853500339787,-0.05181849881388988,0.03487862622910021,0.017529090568730074,-0.02948717229812299,-0.04226979141616985,-0.057841969959908104,-0.05287620084693236,0.03879767496393181,-0.04653144860627599,0.07494411036434942,-0.06302781896627967,-0.03697090274318774
2023-06,0.026656342687497798,0.02085017728855372,0.02222984604690037,0.02456057311555205,-0.022300149248096396,-0.030595342283453883,-0.05161574127703464,0.03463645032711661,0.017842180821669676,-0.02799615576453027,-0.043979358781290286,0.05879169767543169,0.05534159586605397,0.040387847622157906,-0.046970788904247406,0.07064620908178561,-0.062377425669376624,-0.037880933164798965
2023-07,0.028881076412451284,0.022745100562652904,0.023641495490637085,0.024903334850303778,0.021708086287268624,-0.030960771882490856,-0.05463463175964699,0.0353161293146185,0.017392648840527748,-0.021376957405158277,-0.03463166962641837,0.062161730958076165,0.05527014806715427,0.04060009116775126,-0.04716718800982632,0.07079665095158436,-0.060701409445378066,-0.0378078239887585
2023-08,0.029750875246841595,0.023602049439488258,0.023070276783992278,0.025695933466423706,-0.02090974746612145,-0.03137234381389137,-0.05827850360825007,0.03616384601634878,0.019295759786243954,0.02200731716071712,-0.03473252235224924,0.06274417885016316,0.06378007195713309,0.04197398473704156,-0.046006300621433766,0.07143031346135455,-0.06414511050011916,-0.03710285105979546
2023-09,0.03432773887471557,0.026792227200574874,0.0246931633055936,0.028914823054138464,0.02345688222801397,-0.03153345020845141,-0.06268363712244178,0.03473224654249034,0.017945295671223965,0.02418003294912414,0.03901076969034814,0.06274637675606862,0.06471349275183297,0.04323160130141455,0.05492503367954756,-0.10043293247724107,-0.05783670580503878,0.04706424371623535
2023-10,0.037329755763013145,0.026226133839878634,-0.027013331853812588,0.028901373170880682,0.023250025573064454,-0.03176855684140902,-0.061978666071583165,0.032913383972897656,0.017935520341864724,0.02407978855425394,-0.04133349632879395,0.06260858966080309,0.06614478807021093,0.04391348007444726,-0.05421990496713754,0.09646779751272622,-0.059523168196327476,0.04747177512661246
2023-11,0.03369895329701407,0.024458974436737422,-0.024436289699796637,0.03418025670176597,0.028491576363992546,-0.029324990992836752,-0.059104609596621595,0.03644372556626705,0.019444722037268946,-0.023089109066105885,-0.041151008692157535,0.07165274672678973,0.07206140170364195,0.054234807624324435,-0.06080558451477188,0.09192867418509562,-0.06565585447499973,-0.05657617385712491
2023-12,0.03786047537548216,0.02957140808297009,0.02289688716019957,0.03424576846955563,0.02928371611017157,-0.026888507035193257,0.05641968426879129,0.036714871624859674,-0.01951285328483024,-0.02256821715697242,-0.03657604125366836,0.07533178413589717,0.0719454894128992,0.05486600937331886,-0.05718698718637657,-0.08676927393261355,-0.06213254008509453,-0.05455701834102106
2024-01,0.040041756645191454,0.03214317403101885,0.024248195913033878,0.040018789167239145,-0.03244548051658046,-0.02919902022348115,-0.061148538543090464,0.03858278543481228,-0.019309476605162232,0.021834114383709892,-0.036435790735790036,-0.07333691778400633,0.07304315853421811,0.052508772557274035,-0.058151218982945584,0.08789402117610612,-0.058735761889256936,-0.05278531990669309
2024-02,0.04092618167671821,0.032705716940843226,0.02374980464951318,0.04111060210925819,0.03512755314773076,-0.029941953483512154,-0.06388495766710006,0.04301078403999143,0.021582681648532387,0.021955554957334,-0.03765601449741063,0.07911778802653152,0.07824111830250491,0.05616335954366847,-0.06522392099090929,-0.09496635110382899,-0.059053564044138245,-0.05676633881546975
2024-03,0.04101311247688942,0.035006305414779657,0.024681471311795728,0.04097208605105207,0.035319028593532927,-0.03127759109608716,-0.07119946524999954,0.04154746462049208,0.02423598355830487,0.02141821687687493,-0.03563918506453742,-0.08488915759044094,0.0827332069102291,0.06047367318306655,-0.06519423419353063,0.09620935251831295,-0.05966224654154776,-0.05660737818712061
2024-04,0.03730796547537527,0.032045542701891576,0.023284191510189435,0.039698678956305196,0.03541391353272858,-0.029764073188527942,-0.0671073933257476,0.04112223765677122,0.023865421459289594,0.0213464323639725,-0.035447739517946844,-0.0870992114054062,-0.08484930522090688,0.05777401722997295,-0.06545161371301116,0.09222828653066996,0.06044777993824787,-0.056339154282667794
2024-05,0.03656678485571752,0.03303044552350662,0.02309892925738068,0.040375657080195845,0.036036897259887415,-0.02933342882361774,-0.06555246048933988,0.04202330075977776,0.021108074430528354,0.023364193777696697,0.03955053500946972,0.09426403747172202,0.08230476715632147,0.05740157857187952,0.06324633969969269,0.09031042270944306,-0.06006494261792597,0.05253023132141618
2024-06,0.03800369219577365,0.03296095938114082,0.02391039520759156,0.03847519834823897,0.03659662988580946,-0.02912051801704209,-0.06544637962745899,0.043599468413607644,0.020915959674335426,0.023118439977621072,0.04024590122157731,-0.09874841267915116,-0.08546438920024103,0.059112642963950995,0.06567644455867212,0.10024222644336117,0.06111675316391588,-0.053187431661772956
2024-07,0.03821473804970206,0.03229531571331193,0.022567704073084602,0.03851866161893583,0.03958726291618361,-0.028699717008101658,0.06245373330079605,0.04184834725465417,0.02156746364316441,0.028276974309801528,-0.052805200503675626,-0.09784182199544213,0.08376467632176535,0.04613746223472391,-0.0644571343364593,0.10068666248954304,0.06181890260274567,-0.05244784571845045
2024-08,0.03939445996230429,0.032974816758369344,0.023253030705107765,0.04064985735403004,0.04690046536458851,-0.029020487640183612,0.06265250645265999,0.04334245247957727,0.0216634765540827,-0.02760219878829785,-0.05240204014490131,0.09457860560649461,0.08208855271398784,0.045453259383267795,0.0652574425124362,-0.09860480141663237,-0.05889996287529331,0.050344374489963255
2024-09,0.046863743439893,0.03737843785232652,0.024800581516461452,0.044138819560896256,0.046775244601899114,0.03296299101487461,0.06979134840757574,0.05241665288916101,0.0237521543278449,-0.029129816081747965,-0.053208745756096264,0.1085947853336193,0.1045600765736751,-0.04624517054902954,0.06460423818132627,-0.09900411708148832,-0.06591629799578293,0.0500551303505418
2024-10,0.0489062809909101,0.03834986069517857,0.026969169632896587,0.04054230281042886,0.04716359266919023,0.03296487108082127,0.06432536439598027,0.05779134267529843,0.023673338366652186,-0.029958726998090577,-0.052226973612258205,0.09605701139017488,0.08166167319187827,0.04139929912067564,0.055511495071482314,0.09222449997701504,-0.06268283406131686,0.04470025787062018
2024-11,0.057247187790058184,0.04630680960998987,0.0260423148842308,0.047767554506818244,0.05338078359238765,0.03945669252857948,0.07304303401611234,0.04931179286427317,0.023273352807942505,0.0320134186921068,-0.052599566949379714,-0.09715686054573583,0.09416633478333297,0.0417686974932121,-0.06082623853382981,0.10154842004410292,0.06691794121543283,-0.05059130359780546
2024-12,0.0518111932517433,0.047624346960656504,0.025677544200930925,0.04614457315084854,0.04993671411006187,-0.04236214773274226,-0.07503650884699357,0.046963172888295074,0.023321254334795868,0.032588047712704404,-0.07076699523989682,-0.10010172815811728,-0.09312838822792753,0.042539739192011636,-0.06017747825034662,0.10628724833855838,0.0754600798334042,-0.049716584085497
2025-01,0.0516566447979476,0.04761647807969967,0.026457902096149077,0.0430679928717333,0.05642069064826315,-0.042382789567112666,-0.07451568106202079,0.046090972000205094,0.02341588577787888,0.03415589116312966,-0.06708412629281357,-0.10479045843828563,-0.0905930570918636,0.04336032665237254,-0.0640267472562608,0.10728292303237649,0.07787677627591552,-0.051021051242712084
2025-02,0.05279713644869158,0.04666147263063605,0.02586700143031642,0.04309097933392105,0.060346698330960104,-0.03903941730359813,0.07344458554032522,0.04688736076738423,0.023442049698317074,0.03350192208659492,0.06827080266496612,-0.10438785270553597,-0.0876351767768572,0.042317958098973235,-0.0641819900252149,0.10544075029085113,0.08155990785101397,-0.05102585250301119
2025-03,0.04425222871762899,0.03720014926364828,-0.024638816962620498,0.04440966721625172,0.06204337375311629,-0.03888852983330821,0.073536547345641,0.045225922250219736,0.023528241287904317,-0.03692655190972435,-0.07865222454589972,0.07915062159387684,0.08046790904278442,-0.042383636807781205,-0.06392235800302243,0.10449123049220248,-0.08089969688970361,-0.050496988345146016
2025-04,0.04772720269656557,0.039840734512959546,-0.025798745036364236,0.045104648704490206,0.0622255032173173,0.044235486252650204,0.08508252009313155,0.044298310074608806,0.022736380685464512,-0.023857880770254677,-0.05192086919139622,0.06697120050746466,0.07555137016949204,-0.042920480600931094,-0.060959423526618685,0.08112680358722331,-0.06192952033954234,0.04660371381389767
2025-05,0.04564076460340528,0.03605093127818439,-0.025737840096672873,0.045468001462029145,0.05849327755702068,-0.043430978127319296,0.08294245975791037,0.043181479509919914,0.028432955588903963,-0.023094645442084356,-0.050604652786953155,0.0677463935091402,0.07714914799723903,-0.042669456550423035,-0.06459264751786853,0.0822216625291622,-0.06235770137921751,-0.050448138057982594
2025-06,0.04409944619873928,0.036079739670002255,0.02516210741517276,0.04922185663273875,0.05135601719151141,-0.04292860741616169,0.08230714231551271,0.04362676360736843,0.027209008979648525,-0.022252353833051144,-0.045546206394655314,0.06406001644104378,0.0768184991191205,-0.043937063218554506,-0.061895792252532916,-0.08132678461488811,-0.05939235864229686,0.049422143539505095
2025-07,0.04390599735417972,0.03683098916353858,-0.0284857096389147,0.047876056629009865,0.05132766971819497,-0.044881252501014074,-0.08825800165637308,0.04296498934347641,0.027464333906524793,0.020956396546672286,-0.04499123670472445,0.05822894582295533,0.06578742620852181,0.04648045872817009,-0.06109658322564769,0.07909707500326227,-0.05653039308425099,-0.04809930704154993
2025-08,0.04399067872904342,0.03681569026680155,0.026885819353379657,0.04643601404148561,0.050780852839857615,-0.04590926793899136,-0.0874278284084218,0.042248188348534985,0.026405812838287603,0.020672617892314123,0.04553178515075012,0.057827649237560536,0.0654874141800535,0.04655313391324501,-0.06505129605221371,0.0836698092009107,-0.05863282365519556,-0.05460429167827732
2025-09,0.043429032431486686,0.03580624627553425,0.026747370884879537,0.04621047010110999,0.04782267848138938,-0.04431630717419229,-0.08889406445600229,0.035040794159597044,0.022155016370488063,0.021293141333261795,0.045304702961528394,0.057857451979182635,0.06686299176636895,0.04720434770766108,-0.0672550840953692,0.08249223041994849,-0.05863199018472206,-0.05566613275168871
2025-10,0.044114014827488404,0.03590712739242573,0.02693989219147062,0.05607532843492691,0.05175053638206308,-0.04901014228927899,0.11299883336321964,0.035114166109514545,0.022188633547286986,-0.021502869175899976,0.045253659997728096,0.05885254131103796,0.07155898666915059,0.05065375843146161,-0.08224308886601574,0.0917475836511402,-0.06028282686132247,-0.066982845654871
2025-11,0.04749848193849374,0.03577231796575439,0.03157254222996289,0.05698476755751796,0.0536909274061267,-0.049745266935939246,0.11309107816721646,0.038863040622352234,0.02173467329890396,-0.021499564581575006,0.046080435716218886,0.06374612858011747,0.07303527414189731,0.051115438088505036,0.08342560174835864,-0.09194741817842417,-0.06315727717083318,-0.0671874527986275
2025-12,0.0502885129032202,0.03543601307290625,0.03761462319088432,0.07440036262703142,0.06339890830483509,-0.060675402744303594,0.1377667620725408,0.04196589160264357,0.018714521588216702,-0.02195739173507807,0.04658978776991897,0.06638982037052293,0.07364614466106605,-0.05924671235903413,0.11071427649187086,-0.10221644705812295,-0.06829159332194129,0.08027248175731048
2026-01,0.05073755013058773,0.03545068660488711,0.036097704750514166,0.07397872895615355,0.05309881514545793,-0.06077355175822471,0.13694978022417664,0.03618930203105521,0.01789634207649703,0.018802743056390216,0.037675405456114315,0.06795353815923999,0.07690842164803496,-0.059742431986250844,0.0907580706380566,-0.10584790115295815,-0.07025217874495271,0.06771894965529489
2026-02,0.051173353263250704,0.0356845658064561,0.04046264671164566,0.07032171393929804,0.051798132983178244,-0.06544280747932145,0.14367909515515154,0.035879966988497665,0.018881325838108216,0.018967748969227576,0.03749970310618895,0.06738976379166625,0.07377329476174442,0.06355342279200904,0.09069555740771748,-0.1049130756882263,-0.06993209415298053,0.06809735475206585
2026-03,0.05343616975001372,0.039903311654314676,0.04459734015074704,0.04371535865404598,0.03385994299161457,-0.058398775439502434,0.11568334514102838,0.025520645117183847,0.013275959559382232,0.008998376137440593,0.02707299682982285,0.06843008359708676,0.07364640930822793,0.0631356979154385,0.07477520434094762,-0.09508293661240516,-0.05888816724118186,0.059223386803310456
2026-04,0.041007414544096524,0.028314415659965435,0.03660217109365065,0.0423516623467356,0.029000251385451523,-0.05878129776302051,-0.11677459922286272,0.024986689309911603,0.013489118788252907,0.009768792517447604,0.032172901116082064,0.08112024469599231,0.07505868012177203,0.07727330851800637,0.06866823144343503,-0.11664365742638713,-0.07594077307363754,-0.06411672910311544
2026-05,0.04192502888469799,0.02758452167953024,0.03684110713288305,0.04372237482190291,0.02843460266216395,-0.06334383687137284,0.1236068400750536,0.02468571188074669,0.013547213483974906,0.009190475797470146,0.028722536567397896,0.08038819796694557,-0.0744334536995073,0.07667841635389278,0.06796317017667206,0.11010455184528171,-0.07584396042857071,0.06346671435729707
2026-06,0.04170433198307516,0.02765753777737518,0.037284485871189744,0.04305910838389879,0.028177920183053637,-0.06565423695678488,-0.12976407944841917,0.020736182394550096,0.011024239696820355,0.008544119761806702,0.024182464377128905,-0.09289383122843778,-0.07693575581501146,0.0763897047428111,0.060330580552100756,0.09852989162310538,0.07514101126685846,-0.056565023871810394
2026-07,0.04147700372513617,0.025160547386002444,0.034648505774978,0.044976391330635315,0.025503339256356145,-0.05777666581713868,-0.12300403660323636,0.020820442147145,0.010934921134583454,0.00827957685657959,0.022647257215816438,0.1080860045705207,0.08847477362567019,0.07703753652281402,0.06380218685340111,0.09917331928804675,-0.07968966420405309,-0.05530542053739569
2026-08,0.04133970631779834,0.025051972217030163,0.03647880823622053,0.04649073843532169,0.025390113165593878,-0.05759963183644999,-0.13171557659439595,0.020037933320911746,0.01074927703212964,0.008419594155298214,0.02271117544444356,-0.1213292001988041,0.09444648138117473,0.08468730874427519,0.06355073080252999,0.0977704727528981,0.08167135528675021,0.055179661321145206
2026-09,0.04169013172704788,0.025247985374247814,0.0335251349874563,0.0446008144599475,0.025916524559383106,-0.05723899930582104,-0.10687547703754187,0.02034220699773871,0.010741998334375643,0.008464469778308437,0.022770120575487565,-0.11137572934427593,-0.0883829554171729,0.08038986216758857,0.06046224045317117,0.09242694868139995,0.07585084165316086,-0.05123591947248385
