,H1,H2,H3,H4
2017-01-02,0.0000676,-0.0001895,-0.0027983,0.0000000
2017-01-03,-0.0001045,-0.0004260,0.0000812,0.0000000
2017-01-04,0.0038726,0.0044352,-0.0040513,0.0000000
2017-01-05,-0.0019307,-0.0069783,-0.0097767,-0.0005767
2017-01-06,-0.0017908,-0.0034491,-0.0052636,0.0000000
2017-01-09,0.0021627,0.0048504,-0.0007769,0.0000000
2017-01-10,-0.0007429,0.0019040,-0.0053925,0.0000000
2017-01-11,0.0034412,-0.0047345,0.0139513,-0.0014926
2017-01-12,-0.0014641,-0.0005052,-0.0027275,0.0000000
2017-01-13,-0.0013182,0.0017422,0.0014208,0.0000000
2017-01-16,-0.0017679,-0.0011044,-0.0016572,0.0000000
2017-01-17,-0.0021353,0.0014392,0.0010653,0.0000000
2017-01-18,-0.0003638,0.0004734,-0.0097507,0.0000000
2017-01-19,-0.0023445,-0.0050007,0.0029016,0.0000000
2017-01-20,0.0002696,0.0001561,0.0011159,0.0000000
2017-01-23,-0.0001940,-0.0050161,-0.0009728,0.0000000
2017-01-24,0.0023827,-0.0006254,-0.0052990,0.0000000
2017-01-25,-0.0005674,-0.0002078,-0.0005089,0.0000000
2017-01-26,-0.0014772,-0.0075443,0.0022870,0.0000000
2017-01-27,0.0012865,-0.0014228,-0.0013222,0.0000000
2017-01-30,-0.0027103,-0.0066247,-0.0037380,0.0000000
2017-01-31,0.0001112,-0.0092989,-0.0060336,0.0000000
2017-02-01,-0.0015759,-0.0009994,0.0020392,-0.0002106
2017-02-02,-0.0006828,0.0005366,-0.0019844,0.0000000
2017-02-03,0.0013712,-0.0052397,-0.0054440,0.0000000
2017-02-06,-0.0024057,0.0012436,0.0020730,0.0000000
2017-02-07,-0.0018773,-0.0011457,-0.0010174,0.0000000
2017-02-08,-0.0011235,0.0025394,-0.0053160,0.0000000
2017-02-09,-0.0026675,-0.0049790,0.0014679,0.0000000
2017-02-10,-0.0010151,-0.0001891,-0.0017555,0.0000000
2017-02-13,-0.0040987,0.0015857,0.0007402,0.0000000
2017-02-14,-0.0044490,-0.0063563,0.0068269,0.0000000
2017-02-15,-0.0000645,-0.0014648,-0.0020957,0.0000000
2017-02-16,0.0004047,0.0018661,-0.0013374,0.0000000
2017-02-17,0.0026968,0.0023728,0.0002646,0.0000000
2017-02-20,0.0000455,-0.0005527,-0.0015517,0.0000000
2017-02-21,0.0009859,0.0006744,-0.0011019,0.0000000
2017-02-22,0.0004001,-0.0004949,0.0019288,-0.0002842
2017-02-23,0.0017951,0.0043536,-0.0027399,0.0000000
2017-02-24,-0.0030914,0.0019763,0.0017601,-0.0005658
2017-02-27,-0.0021249,-0.0014561,-0.0058651,0.0000000
2017-02-28,-0.0034166,-0.0042198,-0.0067302,0.0000000
2017-03-01,0.0007557,0.0026083,0.0002437,0.0000000
2017-03-02,0.0032248,0.0012993,-0.0027357,0.0000594
2017-03-03,-0.0020650,0.0011388,0.0041677,0.0000000
2017-03-06,-0.0018634,-0.0010162,0.0001935,0.0000000
2017-03-07,0.0003071,0.0004371,-0.0017035,0.0000000
2017-03-08,0.0024605,0.0055136,-0.0001291,0.0000000
2017-03-09,-0.0006568,-0.0002690,0.0028331,0.0000000
2017-03-10,-0.0021744,0.0034267,0.0019587,0.0000000
2017-03-13,0.0005688,-0.0001152,-0.0018151,0.0000000
2017-03-14,-0.0017365,0.0033550,-0.0050131,0.0000000
2017-03-15,0.0001663,-0.0006869,0.0118627,0.0000000
2017-03-16,-0.0017544,-0.0037702,-0.0014810,0.0000000
2017-03-17,0.0003806,0.0047225,0.0015060,0.0005068
2017-03-20,-0.0008968,-0.0013520,-0.0014535,0.0000000
2017-03-21,0.0036360,0.0067104,-0.0015436,0.0000000
2017-03-22,0.0005781,0.0015790,-0.0023413,0.0000000
2017-03-23,-0.0005600,-0.0007670,-0.0012579,0.0000000
2017-03-24,0.0001733,0.0010877,-0.0021277,0.0000000
2017-03-27,-0.0004796,-0.0024643,0.0003227,0.0000000
2017-03-28,0.0015881,0.0034651,-0.0067356,-0.0025301
2017-03-29,-0.0014245,0.0005952,0.0020205,-0.0002199
2017-03-30,-0.0024276,-0.0022095,-0.0060088,-0.0004352
2017-03-31,-0.0002069,0.0029363,0.0005322,0.0000000
2017-04-03,0.0007826,0.0036657,0.0015592,0.0000000
2017-04-04,-0.0008154,0.0003208,-0.0012137,0.0000000
2017-04-05,-0.0014418,-0.0053007,0.0008328,0.0000000
2017-04-06,-0.0023805,-0.0032379,-0.0013513,0.0000000
2017-04-07,0.0018835,0.0008471,-0.0029470,0.0000000
2017-04-10,-0.0022419,-0.0019378,-0.0022839,0.0000000
2017-04-11,-0.0005512,-0.0076849,-0.0019073,-0.0004814
2017-04-12,-0.0014895,-0.0017449,-0.0058537,0.0004741
2017-04-13,-0.0028526,-0.0021454,-0.0015439,0.0000000
2017-04-14,-0.0016019,-0.0038497,-0.0008392,0.0000000
2017-04-17,0.0022527,-0.0007113,-0.0077376,0.0005437
2017-04-18,0.0017007,0.0014392,0.0028722,0.0000000
2017-04-19,-0.0021598,0.0012908,-0.0009226,0.0000000
2017-04-20,-0.0011226,0.0017581,-0.0034782,0.0000000
2017-04-21,-0.0013630,0.0009348,0.0025783,0.0000000
2017-04-24,-0.0013679,0.0018434,-0.0005554,0.0000000
2017-04-25,0.0005487,0.0061276,-0.0016839,0.0000000
2017-04-26,-0.0025070,-0.0042571,-0.0006394,0.0000000
2017-04-27,0.0004018,0.0004842,0.0024672,0.0000000
2017-04-28,-0.0002573,0.0016038,0.0011797,0.0000000
2017-05-01,0.0023024,-0.0024975,-0.0023689,0.0000000
2017-05-02,-0.0006052,0.0002880,0.0010837,0.0000000
2017-05-03,0.0017177,0.0015404,-0.0022706,0.0000000
2017-05-04,-0.0021509,-0.0005170,0.0000674,0.0000000
2017-05-05,-0.0006092,0.0040880,-0.0015199,0.0000000
2017-05-08,0.0034339,-0.0027356,0.0001033,0.0000000
2017-05-09,0.0027306,0.0050598,-0.0057530,0.0000000
2017-05-10,0.0010909,-0.0018870,-0.0023665,0.0000000
2017-05-11,-0.0023454,-0.0056282,-0.0024287,-0.0007469
2017-05-12,0.0003764,0.0038210,0.0005989,0.0000000
2017-05-15,0.0004756,-0.0006865,0.0011267,0.0000000
2017-05-16,0.0011655,-0.0054033,-0.0006554,-0.0000235
2017-05-17,0.0008900,-0.0138458,-0.0056811,-0.0004416
2017-05-18,0.0004506,-0.0019861,-0.0046367,-0.0004886
2017-05-19,0.0044055,0.0004953,-0.0004381,0.0000000
2017-05-22,0.0022622,0.0023990,-0.0025924,0.0000000
2017-05-23,-0.0012562,-0.0013832,-0.0037802,0.0000000
2017-05-24,0.0011058,0.0007887,0.0023697,0.0000000
2017-05-25,-0.0005720,0.0001223,-0.0028975,0.0000000
2017-05-26,-0.0021791,-0.0000671,0.0009548,-0.0001642
2017-05-29,-0.0011807,-0.0003681,-0.0014537,0.0000000
2017-05-30,0.0001904,-0.0014084,-0.0018003,0.0000000
2017-05-31,0.0026960,0.0043203,-0.0032814,-0.0000999
2017-06-01,-0.0021212,0.0023833,-0.0036770,0.0000000
2017-06-02,-0.0031633,0.0122176,-0.0022133,-0.0007664
2017-06-05,-0.0000509,-0.0010680,-0.0021689,0.0000000
2017-06-06,0.0002957,-0.0028864,-0.0023710,0.0000000
2017-06-07,-0.0008232,-0.0004837,-0.0033608,0.0000000
2017-06-08,-0.0032454,0.0037902,0.0003938,0.0000000
2017-06-09,0.0018458,-0.0043084,-0.0016300,0.0000000
2017-06-12,-0.0019197,0.0041290,0.0016145,0.0000000
2017-06-13,-0.0017778,-0.0033422,-0.0017454,0.0000000
2017-06-14,-0.0042703,-0.0144748,-0.0083679,0.0008515
2017-06-15,0.0007816,-0.0128912,-0.0003494,0.0000000
2017-06-16,0.0013012,0.0049525,-0.0028742,0.0000000
2017-06-19,-0.0004584,0.0014569,-0.0028456,0.0000000
2017-06-20,-0.0001270,-0.0002844,0.0023315,0.0000000
2017-06-21,-0.0012321,-0.0049107,0.0015938,0.0000000
2017-06-22,-0.0024247,-0.0038947,-0.0010483,0.0000000
2017-06-23,-0.0003545,-0.0004085,-0.0030286,0.0000000
2017-06-26,0.0002626,-0.0005067,-0.0026077,0.0001918
2017-06-27,-0.0022458,-0.0064514,0.0028614,0.0000000
2017-06-28,-0.0008793,-0.0001385,-0.0021778,0.0000000
2017-06-29,0.0002938,0.0008414,-0.0034209,0.0000000
2017-06-30,-0.0014388,0.0028516,-0.0000105,0.0000000
2017-07-03,-0.0006358,0.0051644,0.0018241,0.0000000
2017-07-04,-0.0004062,-0.0000208,-0.0034055,0.0000000
2017-07-05,0.0020348,-0.0024377,0.0005710,0.0000000
2017-07-06,0.0016272,-0.0018987,0.0007306,0.0000000
2017-07-07,-0.0041860,-0.0033872,0.0003866,0.0000000
2017-07-10,-0.0017732,-0.0004392,0.0003739,0.0000000
2017-07-11,-0.0003805,-0.0019227,0.0046815,0.0000000
2017-07-12,-0.0022196,0.0042686,0.0008815,0.0000000
2017-07-13,-0.0024628,0.0028336,0.0011823,0.0000000
2017-07-14,0.0040681,-0.0077066,0.0008805,0.0000000
2017-07-17,0.0004922,-0.0025087,-0.0003982,-0.0000977
2017-07-18,-0.0036692,-0.0048378,-0.0020310,0.0000000
2017-07-19,0.0006646,-0.0054159,-0.0008898,0.0000000
2017-07-20,-0.0026008,-0.0062334,-0.0069716,0.0000000
2017-07-21,-0.0037047,0.0068083,0.0004028,0.0000000
2017-07-24,-0.0000445,-0.0032923,-0.0000739,0.0000000
2017-07-25,0.0007488,0.0045011,0.0001384,0.0004809
2017-07-26,-0.0034756,0.0014846,0.0089919,-0.0015646
2017-07-27,0.0056510,0.0040223,0.0017953,0.0000000
2017-07-28,0.0024133,-0.0019632,-0.0034242,-0.0003892
2017-07-31,-0.0006816,0.0011349,-0.0013202,0.0003358
2017-08-01,0.0000104,0.0004273,-0.0044435,0.0000000
2017-08-02,-0.0007447,-0.0049293,-0.0045917,-0.0004139
2017-08-03,-0.0018479,-0.0071461,-0.0049409,0.0000000
2017-08-04,-0.0002327,-0.0094194,0.0032485,0.0000000
2017-08-07,-0.0009440,0.0002113,-0.0008587,0.0000000
2017-08-08,-0.0024516,-0.0020882,0.0057165,0.0000000
2017-08-09,0.0002490,-0.0019234,0.0034363,0.0000000
2017-08-10,-0.0023836,-0.0086776,0.0004684,0.0000000
2017-08-11,-0.0025777,-0.0005969,0.0033791,0.0000000
2017-08-14,-0.0015830,-0.0035910,-0.0034599,0.0000000
2017-08-15,0.0025802,0.0023620,-0.0014783,0.0000000
2017-08-16,0.0004386,-0.0010547,0.0048199,0.0000000
2017-08-17,0.0017811,0.0001799,-0.0027165,0.0000000
2017-08-18,0.0004147,0.0028390,0.0005786,0.0000320
2017-08-21,0.0002465,0.0016488,-0.0031526,0.0000000
2017-08-22,-0.0004649,-0.0013783,-0.0022797,0.0000000
2017-08-23,-0.0014987,0.0000000,-0.0006031,0.0000000
2017-08-24,-0.0016346,-0.0010632,-0.0011044,0.0000000
2017-08-25,-0.0026497,-0.0048468,-0.0055438,0.0000000
2017-08-28,0.0003058,0.0004188,0.0004765,0.0000000
2017-08-29,-0.0002679,-0.0030759,-0.0043833,0.0000000
2017-08-30,-0.0030737,-0.0031668,-0.0010071,0.0000000
2017-08-31,0.0029003,-0.0049099,-0.0017514,0.0000000
2017-09-01,0.0025239,-0.0003369,-0.0004756,0.0000000
2017-09-04,-0.0013256,-0.0008084,-0.0033561,0.0000953
2017-09-05,0.0005436,-0.0071432,-0.0044083,0.0003416
2017-09-06,0.0027939,0.0001369,-0.0079415,0.0000000
2017-09-07,0.0065127,0.0064295,-0.0016097,0.0000000
2017-09-08,0.0047222,0.0018768,0.0041611,0.0000000
2017-09-11,0.0009707,-0.0059108,-0.0017863,0.0000000
2017-09-12,0.0032125,-0.0044984,-0.0032014,0.0000000
2017-09-13,-0.0065969,-0.0074144,0.0017004,0.0000000
2017-09-14,0.0024436,-0.0034480,0.0024094,0.0001439
2017-09-15,-0.0034612,0.0034461,0.0005770,0.0000000
2017-09-18,0.0007184,0.0014364,-0.0010392,0.0000000
2017-09-19,0.0010405,0.0020822,0.0006934,0.0000000
2017-09-20,0.0012462,-0.0005396,-0.0127390,0.0000000
2017-09-21,-0.0012077,0.0008147,-0.0012615,0.0000000
2017-09-22,-0.0025245,-0.0010082,-0.0020200,0.0000000
2017-09-25,-0.0005458,0.0040595,-0.0008851,0.0000000
2017-09-26,0.0030020,0.0053507,0.0035943,0.0000000
2017-09-27,-0.0014622,-0.0007222,-0.0039478,0.0000000
2017-09-28,-0.0059245,0.0007353,-0.0007416,0.0000000
2017-09-29,-0.0025067,-0.0013440,0.0010097,0.0007156
2017-10-02,0.0003035,-0.0030353,0.0012077,-0.0000960
2017-10-03,-0.0025435,-0.0037197,-0.0016547,0.0000000
2017-10-04,-0.0009274,-0.0024606,0.0002261,0.0000000
2017-10-05,-0.0005902,0.0003371,-0.0018688,0.0000000
2017-10-06,0.0000613,-0.0022902,-0.0025250,0.0000000
2017-10-09,-0.0002190,-0.0002463,0.0003636,0.0000000
2017-10-10,-0.0032649,0.0054474,-0.0053543,0.0000000
2017-10-11,-0.0017634,0.0000216,0.0018286,0.0000000
2017-10-12,0.0018882,-0.0008540,0.0007494,0.0000000
2017-10-13,0.0012069,-0.0011033,-0.0004809,0.0008503
2017-10-16,-0.0016735,-0.0003393,-0.0032774,0.0000000
2017-10-17,-0.0035171,-0.0025210,0.0021143,0.0004159
2017-10-18,-0.0017211,0.0047436,0.0009259,0.0000000
2017-10-19,0.0005551,0.0016439,-0.0054471,0.0000000
2017-10-20,0.0036425,0.0007957,0.0001971,0.0000000
2017-10-23,0.0007561,-0.0011352,-0.0014453,0.0000000
2017-10-24,0.0027246,0.0027282,0.0032887,0.0000000
2017-10-25,-0.0038197,-0.0026080,-0.0009280,0.0000000
2017-10-26,0.0016830,0.0015194,0.0022160,0.0000000
2017-10-27,-0.0013092,0.0025043,-0.0015934,0.0000000
2017-10-30,0.0015157,0.0038050,0.0002947,0.0000000
2017-10-31,-0.0005147,0.0044050,-0.0021832,0.0000000
2017-11-01,0.0018089,0.0005421,-0.0014405,0.0000000
2017-11-02,-0.0051302,-0.0024873,-0.0032442,0.0000000
2017-11-03,-0.0020355,-0.0021341,0.0029050,0.0000000
2017-11-06,0.0000737,-0.0001508,0.0034488,0.0000000
2017-11-07,-0.0013367,-0.0023556,0.0013082,0.0000000
2017-11-08,-0.0000114,0.0014478,0.0018554,0.0000000
2017-11-09,0.0002623,0.0013980,0.0021692,0.0000000
2017-11-10,0.0001609,0.0023886,-0.0034418,0.0000000
2017-11-13,0.0001124,-0.0011155,-0.0006211,0.0000000
2017-11-14,-0.0032487,-0.0048331,0.0025585,0.0000000
2017-11-15,-0.0028748,-0.0030758,0.0037664,-0.0006017
2017-11-16,0.0007785,0.0035328,-0.0025194,0.0000000
2017-11-17,-0.0000340,-0.0042686,0.0004743,0.0000000
2017-11-20,-0.0002676,0.0026686,-0.0022435,0.0000000
2017-11-21,-0.0026617,0.0003779,-0.0011058,0.0000085
2017-11-22,-0.0037549,0.0041382,-0.0001407,-0.0006866
2017-11-23,0.0003097,0.0001045,0.0000065,0.0000000
2017-11-24,-0.0020847,-0.0014051,-0.0028503,0.0000000
2017-11-27,0.0000754,0.0023475,-0.0000461,0.0000000
2017-11-28,-0.0033409,-0.0002572,0.0025281,0.0000000
2017-11-29,-0.0009225,-0.0063258,-0.0015927,0.0000000
2017-11-30,-0.0018702,-0.0063241,-0.0079973,0.0000000
2017-12-01,0.0025418,-0.0045778,0.0020367,0.0000000
2017-12-04,-0.0002541,0.0011536,0.0008660,0.0000000
2017-12-05,-0.0006586,-0.0030109,0.0003879,0.0000000
2017-12-06,0.0012442,0.0007809,0.0009583,0.0000000
2017-12-07,-0.0010389,0.0006144,-0.0013541,0.0000000
2017-12-08,-0.0027906,-0.0004409,0.0026878,0.0000000
2017-12-11,-0.0004081,0.0005769,-0.0043188,0.0000000
2017-12-12,-0.0016298,-0.0037731,0.0025882,0.0000000
2017-12-13,0.0005827,0.0037763,0.0034781,0.0000000
2017-12-14,-0.0024188,-0.0027148,0.0039988,0.0000000
2017-12-15,0.0031448,0.0065679,0.0022384,0.0000000
2017-12-18,-0.0011632,-0.0047027,-0.0045750,0.0000000
2017-12-19,-0.0013763,0.0058148,0.0035984,0.0003569
2017-12-20,-0.0015381,-0.0028505,-0.0023003,0.0000000
2017-12-21,0.0002337,0.0003583,-0.0003090,0.0000000
2017-12-22,-0.0002928,-0.0002612,0.0003520,0.0000000
2017-12-25,0.0000000,0.0000000,0.0000000,0.0000000
2017-12-26,-0.0004724,0.0006250,-0.0011566,0.0000000
2017-12-27,-0.0001047,0.0011936,0.0018125,-0.0004026
2017-12-28,-0.0013993,0.0012273,0.0000037,0.0000000
2017-12-29,0.0031065,-0.0010629,-0.0027859,-0.0001617
2018-01-01,0.0000000,0.0000000,0.0000000,0.0000000
2018-01-02,0.0004369,0.0031764,-0.0013796,0.0000000
2018-01-03,0.0015081,-0.0012296,0.0012505,0.0000000
2018-01-04,0.0001090,0.0018091,-0.0016844,0.0000000
2018-01-05,0.0014518,-0.0001573,0.0008279,0.0000000
2018-01-08,0.0009925,0.0044110,-0.0026507,0.0000000
2018-01-09,0.0010430,-0.0073336,-0.0012343,0.0000000
2018-01-10,0.0036335,0.0068876,-0.0042385,0.0000000
2018-01-11,-0.0019775,0.0045754,-0.0008569,0.0000000
2018-01-12,0.0028773,-0.0014691,-0.0006050,-0.0001946
2018-01-15,0.0016398,0.0018879,-0.0006805,0.0000000
2018-01-16,-0.0010189,-0.0007538,0.0004070,-0.0000903
2018-01-17,0.0015684,-0.0017435,-0.0005062,0.0009088
2018-01-18,0.0018634,0.0032559,0.0009046,0.0000000
2018-01-19,0.0018072,-0.0013666,-0.0000305,0.0000000
2018-01-22,0.0008068,-0.0006119,-0.0028252,0.0000000
2018-01-23,-0.0078703,0.0057872,-0.0041533,0.0000000
2018-01-24,0.0093817,0.0100493,-0.0011659,0.0000000
2018-01-25,-0.0015125,-0.0074165,-0.0141496,-0.0000631
2018-01-26,-0.0029786,0.0048760,-0.0017555,0.0000000
2018-01-29,-0.0016189,-0.0014087,0.0024663,0.0000000
2018-01-30,-0.0022720,-0.0021355,0.0027374,0.0000000
2018-01-31,-0.0011582,0.0057213,-0.0047826,0.0000000
2018-02-01,0.0024169,0.0017174,-0.0014368,0.0000000
2018-02-02,0.0094822,-0.0088627,0.0008345,0.0000000
2018-02-05,-0.0042434,-0.0039411,0.0014353,0.0000000
2018-02-06,-0.0036514,0.0000906,0.0005809,0.0000000
2018-02-07,0.0039511,-0.0033144,-0.0021369,0.0000000
2018-02-08,-0.0011409,-0.0060093,0.0013252,0.0000000
2018-02-09,-0.0003183,-0.0076684,0.0020643,0.0000000
2018-02-12,0.0000881,-0.0023556,0.0001430,0.0000000
2018-02-13,-0.0017628,0.0018946,-0.0023528,0.0000000
2018-02-14,0.0024568,0.0063146,-0.0078421,0.0000000
2018-02-15,0.0022349,-0.0025631,0.0038731,0.0000000
2018-02-16,-0.0075425,-0.0022524,-0.0047805,0.0000000
2018-02-19,-0.0026497,-0.0012704,-0.0018338,0.0000000
2018-02-20,-0.0003521,0.0007914,-0.0048072,0.0000000
2018-02-21,-0.0006312,-0.0011080,-0.0049869,0.0000000
2018-02-22,-0.0027464,0.0055221,-0.0011870,0.0000000
2018-02-23,0.0005925,0.0031522,-0.0001028,0.0000000
2018-02-26,-0.0055774,0.0043456,0.0022720,0.0000000
2018-02-27,-0.0051024,0.0059278,0.0038255,0.0000000
2018-02-28,0.0021673,-0.0064003,-0.0005012,0.0000000
2018-03-01,0.0016960,0.0030470,0.0065854,0.0007184
2018-03-02,-0.0025021,0.0021130,0.0019667,0.0000000
2018-03-05,0.0011939,0.0029193,-0.0025784,0.0000000
2018-03-06,0.0031054,-0.0002550,-0.0004979,0.0000000
2018-03-07,-0.0029873,0.0030624,0.0021549,0.0000000
2018-03-08,0.0055147,0.0011932,0.0032415,0.0000000
2018-03-09,0.0018909,0.0024271,-0.0020241,0.0000000
2018-03-12,-0.0007833,-0.0003477,0.0010886,0.0000000
2018-03-13,0.0001960,0.0032995,-0.0021599,0.0000099
2018-03-14,-0.0008386,-0.0059038,-0.0002653,0.0000000
2018-03-15,-0.0065124,-0.0004372,-0.0003916,0.0000000
2018-03-16,0.0046021,0.0039785,0.0007604,0.0000000
2018-03-19,0.0010153,-0.0000874,-0.0000822,0.0000000
2018-03-20,0.0019690,-0.0006085,-0.0021875,0.0000000
2018-03-21,-0.0016648,-0.0005781,0.0067553,0.0000000
2018-03-22,-0.0016735,-0.0058627,0.0013998,0.0000000
2018-03-23,0.0008236,0.0007879,-0.0024816,0.0000000
2018-03-26,0.0001705,-0.0010522,-0.0012406,0.0000000
2018-03-27,-0.0000320,-0.0033964,-0.0007158,0.0000000
2018-03-28,0.0015239,-0.0088960,-0.0022680,0.0000000
2018-03-29,0.0002097,0.0023403,-0.0002445,0.0000000
2018-03-30,-0.0006328,-0.0006764,-0.0002438,0.0000000
2018-04-02,0.0001805,0.0006659,0.0000296,0.0000000
2018-04-03,-0.0020160,0.0052223,0.0010830,0.0000000
2018-04-04,-0.0001778,-0.0020858,-0.0003818,0.0000000
2018-04-05,0.0019269,0.0035364,0.0014875,0.0000632
2018-04-06,-0.0014724,0.0029096,-0.0006597,0.0000000
2018-04-09,-0.0025969,0.0000334,-0.0003352,0.0000000
2018-04-10,-0.0032644,-0.0018884,-0.0008172,0.0000000
2018-04-11,-0.0018761,0.0034620,-0.0051307,0.0000000
2018-04-12,-0.0003254,0.0040725,-0.0008353,0.0000000
2018-04-13,-0.0004032,-0.0015051,-0.0004408,0.0000000
2018-04-16,0.0033370,-0.0000677,-0.0004576,0.0000000
2018-04-17,-0.0028077,0.0018459,-0.0004749,0.0001230
2018-04-18,-0.0020910,-0.0010788,-0.0020454,0.0000000
2018-04-19,-0.0027004,-0.0010014,-0.0035050,0.0000000
2018-04-20,-0.0027245,0.0016305,-0.0010010,0.0000000
2018-04-23,-0.0016595,0.0063080,-0.0001689,0.0000000
2018-04-24,-0.0006929,0.0032225,0.0020220,0.0000000
2018-04-25,0.0013896,-0.0018551,0.0007482,0.0000000
2018-04-26,0.0013841,0.0002869,0.0039757,0.0004000
2018-04-27,-0.0017578,-0.0034217,-0.0003569,0.0000000
2018-04-30,0.0015980,0.0019434,-0.0021175,0.0000000
2018-05-01,-0.0007435,0.0031877,0.0043224,0.0000000
2018-05-02,-0.0031680,-0.0026699,0.0043055,-0.0002694
2018-05-03,0.0002717,0.0067654,0.0043673,0.0000000
2018-05-04,-0.0014186,-0.0012172,0.0037316,0.0000000
2018-05-07,-0.0009696,-0.0007830,-0.0015343,0.0000000
2018-05-08,-0.0051431,-0.0035977,0.0006348,0.0002277
2018-05-09,-0.0003250,-0.0005066,0.0006208,0.0000000
2018-05-10,0.0014012,-0.0046210,0.0085603,0.0000000
2018-05-11,0.0008572,-0.0003506,0.0014272,0.0000000
2018-05-14,-0.0001806,-0.0011674,-0.0028423,0.0000000
2018-05-15,0.0019305,0.0051094,-0.0006471,0.0000000
2018-05-16,0.0000127,-0.0022941,-0.0021964,0.0000000
2018-05-17,0.0012632,0.0029103,0.0000965,0.0000000
2018-05-18,-0.0039002,-0.0024273,-0.0025393,0.0000000
2018-05-21,-0.0001969,0.0016806,0.0000290,0.0000000
2018-05-22,-0.0008504,0.0006055,-0.0009787,0.0000000
2018-05-23,0.0010895,0.0024478,-0.0005444,0.0000000
2018-05-24,-0.0011644,-0.0077449,-0.0011633,0.0000000
2018-05-25,0.0016858,-0.0021010,0.0001592,0.0000000
2018-05-28,0.0029025,0.0006674,-0.0003003,0.0000000
2018-05-29,-0.0013318,-0.0006639,0.0005894,0.0000000
2018-05-30,-0.0057303,-0.0025965,-0.0005789,0.0000000
2018-05-31,-0.0008492,-0.0011304,-0.0009526,0.0000000
2018-06-01,-0.0021263,0.0043840,-0.0030785,0.0006834
2018-06-04,-0.0007601,-0.0014937,0.0012139,0.0000000
2018-06-05,-0.0013574,-0.0006967,0.0046863,0.0006826
2018-06-06,0.0009056,-0.0010703,-0.0036899,0.0000000
2018-06-07,-0.0007497,-0.0008748,0.0005285,0.0000000
2018-06-08,-0.0030056,0.0011371,-0.0027859,0.0000000
2018-06-11,-0.0014042,0.0009492,-0.0025215,0.0000000
2018-06-12,-0.0007324,-0.0001449,-0.0026024,0.0001354
2018-06-13,0.0032174,-0.0029281,-0.0032404,0.0000000
2018-06-14,-0.0001082,-0.0044010,-0.0052644,0.0000000
2018-06-15,-0.0040968,0.0002514,-0.0013952,0.0000000
2018-06-18,-0.0027868,0.0008847,-0.0005409,0.0000000
2018-06-19,0.0001347,-0.0001153,-0.0009258,0.0000000
2018-06-20,-0.0018508,0.0003683,-0.0007746,0.0000000
2018-06-21,0.0070602,0.0086443,-0.0013350,0.0000000
2018-06-22,-0.0004980,-0.0042525,0.0030421,0.0000000
2018-06-25,-0.0014225,0.0028029,0.0023106,0.0000000
2018-06-26,-0.0029573,-0.0038519,-0.0005906,0.0000000
2018-06-27,-0.0011984,-0.0120328,-0.0029483,0.0000000
2018-06-28,-0.0032006,-0.0010141,-0.0036159,0.0000000
2018-06-29,-0.0043787,-0.0027446,-0.0032843,0.0000000
2018-07-02,0.0026016,-0.0017684,-0.0003747,0.0000000
2018-07-03,0.0000443,0.0046839,0.0011611,0.0000000
2018-07-04,0.0019674,0.0012818,0.0021382,0.0000000
2018-07-05,-0.0006294,-0.0020068,-0.0006606,0.0000000
2018-07-06,-0.0027834,0.0013067,-0.0028309,-0.0001029
2018-07-09,-0.0024827,-0.0041184,0.0012583,0.0000000
2018-07-10,0.0006052,0.0021945,-0.0005057,0.0000000
2018-07-11,-0.0006912,0.0034568,-0.0068143,-0.0003779
2018-07-12,-0.0003706,0.0005892,-0.0022471,0.0000000
2018-07-13,-0.0030794,-0.0060903,-0.0020952,0.0000000
2018-07-16,-0.0009181,-0.0023362,0.0005523,0.0000000
2018-07-17,-0.0035837,-0.0088058,-0.0010911,0.0000000
2018-07-18,0.0014356,0.0036927,-0.0006900,0.0000000
2018-07-19,0.0028424,-0.0013756,0.0002748,0.0000000
2018-07-20,-0.0052796,-0.0090689,0.0022760,0.0000000
2018-07-23,-0.0023334,-0.0063562,-0.0010787,0.0000000
2018-07-24,0.0037138,0.0018326,-0.0045351,0.0000000
2018-07-25,-0.0009448,-0.0051423,0.0048692,-0.0000561
2018-07-26,-0.0065006,0.0050504,-0.0005407,0.0000000
2018-07-27,-0.0003654,-0.0012094,-0.0027149,0.0000000
2018-07-30,0.0019642,0.0005652,-0.0037157,0.0000000
2018-07-31,0.0009233,0.0087138,0.0027570,-0.0005858
2018-08-01,0.0001170,0.0015655,0.0010609,0.0000000
2018-08-02,-0.0011438,0.0021438,-0.0022219,0.0000000
2018-08-03,0.0018217,-0.0085068,-0.0029387,-0.0001457
2018-08-06,-0.0025282,-0.0029459,-0.0021191,0.0000000
2018-08-07,-0.0001108,-0.0019109,0.0000960,0.0000000
2018-08-08,-0.0023244,-0.0013921,-0.0015463,0.0000000
2018-08-09,0.0023435,-0.0026694,-0.0016935,0.0000000
2018-08-10,-0.0014577,0.0007711,-0.0054791,0.0000000
2018-08-13,0.0016114,-0.0083542,-0.0042320,0.0000000
2018-08-14,-0.0010327,-0.0030140,-0.0032190,0.0000000
2018-08-15,-0.0027844,-0.0139245,0.0016046,0.0000000
2018-08-16,-0.0013661,-0.0020151,-0.0040822,0.0000000
2018-08-17,-0.0020273,0.0042010,0.0020334,0.0000000
2018-08-20,-0.0007506,-0.0031457,0.0021850,0.0000000
2018-08-21,-0.0024216,0.0058023,0.0022318,0.0000000
2018-08-22,0.0001180,-0.0008371,0.0007805,0.0000000
2018-08-23,-0.0023451,0.0052264,-0.0031934,0.0000000
2018-08-24,0.0018029,-0.0024233,-0.0040113,0.0000000
2018-08-27,0.0025454,-0.0013706,-0.0032156,0.0000000
2018-08-28,0.0017057,-0.0010455,-0.0009969,0.0000000
2018-08-29,0.0011535,-0.0076519,-0.0003873,0.0000000
2018-08-30,-0.0028939,0.0039221,0.0003019,0.0000000
2018-08-31,-0.0033047,-0.0016913,-0.0045121,-0.0005240
2018-09-03,-0.0013151,0.0012265,-0.0030764,0.0000000
2018-09-04,0.0009831,-0.0023339,0.0008164,0.0000000
2018-09-05,-0.0042884,0.0014308,-0.0048595,0.0000000
2018-09-06,-0.0014280,-0.0079296,0.0002535,0.0000000
2018-09-07,0.0026591,0.0056152,-0.0033491,0.0000000
2018-09-10,0.0044734,0.0015518,-0.0021502,0.0000000
2018-09-11,-0.0022243,-0.0011920,-0.0005316,0.0000000
2018-09-12,0.0042239,0.0032488,-0.0014599,-0.0001677
2018-09-13,-0.0001108,0.0051776,0.0033516,0.0000000
2018-09-14,-0.0019086,-0.0044591,-0.0014105,0.0000000
2018-09-17,0.0018438,-0.0007924,-0.0006588,0.0000000
2018-09-18,-0.0023374,-0.0056483,-0.0013560,0.0000000
2018-09-19,-0.0015317,0.0000000,-0.0013995,0.0000587
2018-09-20,0.0044747,0.0029499,0.0025669,0.0000000
2018-09-21,0.0005654,0.0019454,-0.0007487,0.0000000
2018-09-24,0.0005168,-0.0011138,-0.0044613,-0.0000272
2018-09-25,-0.0012845,-0.0009634,-0.0018458,0.0000000
2018-09-26,-0.0024800,-0.0038656,-0.0007288,-0.0004156
2018-09-27,0.0009444,-0.0095583,-0.0011050,0.0000000
2018-09-28,0.0000922,0.0015354,-0.0033306,0.0000000
2018-10-01,0.0007711,-0.0010293,0.0009797,0.0000000
2018-10-02,-0.0013922,0.0009920,-0.0027000,0.0000000
2018-10-03,0.0013214,0.0041962,-0.0040691,0.0000000
2018-10-04,0.0027036,0.0080604,-0.0049435,0.0000000
2018-10-05,-0.0013135,0.0012782,0.0014328,0.0001686
2018-10-08,0.0006675,0.0095990,-0.0008503,0.0000000
2018-10-09,-0.0006290,-0.0028109,0.0004141,0.0000000
2018-10-10,-0.0018350,-0.0056235,-0.0056637,0.0000000
2018-10-11,0.0008214,-0.0004074,0.0019217,0.0000000
2018-10-12,-0.0028116,0.0034691,-0.0002033,0.0000000
2018-10-15,0.0004149,-0.0004666,-0.0008243,0.0000000
2018-10-16,-0.0029906,-0.0021826,-0.0003189,0.0001501
2018-10-17,0.0010055,-0.0035747,-0.0033715,0.0000000
2018-10-18,0.0004705,-0.0018316,-0.0025230,0.0000000
2018-10-19,-0.0026518,0.0003313,-0.0015467,0.0000000
2018-10-22,-0.0058840,0.0016634,0.0007212,0.0000000
2018-10-23,-0.0018054,-0.0055983,0.0001366,0.0000000
2018-10-24,-0.0017130,0.0002433,-0.0026153,0.0000000
2018-10-25,0.0011836,0.0029880,0.0036544,0.0000000
2018-10-26,0.0029033,0.0094144,-0.0046599,0.0000000
2018-10-29,-0.0008794,0.0075060,-0.0018520,0.0000000
2018-10-30,-0.0019016,0.0003118,-0.0004955,-0.0002267
2018-10-31,-0.0001597,0.0029063,-0.0033457,-0.0001106
2018-11-01,-0.0004569,0.0006144,0.0008717,0.0000000
2018-11-02,0.0006116,-0.0031199,0.0026693,0.0000000
2018-11-05,-0.0012096,-0.0005701,-0.0007787,0.0000000
2018-11-06,-0.0007466,-0.0015340,-0.0002243,0.0000000
2018-11-07,0.0011889,0.0022118,0.0010072,0.0000000
2018-11-08,-0.0006659,-0.0022963,-0.0070318,-0.0002007
2018-11-09,0.0010345,0.0005799,-0.0039821,0.0000000
2018-11-12,-0.0005781,0.0031841,-0.0001419,0.0000000
2018-11-13,-0.0035274,-0.0032520,-0.0013803,0.0000000
2018-11-14,-0.0014626,-0.0013011,0.0011165,0.0000000
2018-11-15,-0.0035538,0.0031179,0.0001110,-0.0004579
2018-11-16,0.0035812,-0.0082656,-0.0008826,0.0000000
2018-11-19,-0.0000964,-0.0041790,-0.0038292,-0.0001691
2018-11-20,-0.0059184,-0.0041090,-0.0037657,-0.0004277
2018-11-21,0.0000246,-0.0024958,0.0008512,0.0000000
2018-11-22,0.0010125,-0.0010421,-0.0000109,0.0000000
2018-11-23,0.0018330,-0.0024505,-0.0006987,0.0000000
2018-11-26,0.0004358,0.0047712,0.0011775,0.0000000
2018-11-27,-0.0002153,-0.0035092,0.0014335,0.0000468
2018-11-28,-0.0017557,-0.0031344,0.0125851,0.0000000
2018-11-29,-0.0011027,-0.0010349,-0.0011790,0.0000000
2018-11-30,0.0009498,-0.0022935,-0.0003632,0.0001203
2018-12-03,0.0010747,-0.0027749,-0.0029341,0.0000000
2018-12-04,-0.0035209,-0.0012142,0.0005395,0.0000000
2018-12-05,0.0018963,-0.0026446,0.0027203,0.0000000
2018-12-06,0.0046063,0.0092532,-0.0041056,-0.0006314
2018-12-07,-0.0032320,-0.0028009,0.0002706,0.0002566
2018-12-10,-0.0053374,0.0040162,0.0024493,0.0000000
2018-12-11,-0.0022323,-0.0049937,0.0035001,0.0000000
2018-12-12,-0.0040929,-0.0039886,-0.0035193,0.0000000
2018-12-13,0.0008246,0.0030283,0.0008023,0.0000000
2018-12-14,-0.0006849,0.0018479,-0.0027596,0.0000000
2018-12-17,-0.0024635,0.0059957,0.0005386,0.0000000
2018-12-18,-0.0014688,0.0013116,0.0018621,0.0000000
2018-12-19,-0.0004365,0.0009158,-0.0084678,0.0000000
2018-12-20,-0.0003574,-0.0033738,0.0071926,0.0000000
2018-12-21,0.0017720,-0.0010818,-0.0055877,-0.0003942
2018-12-24,0.0015759,0.0072686,-0.0019641,0.0000000
2018-12-25,0.0000000,0.0000000,0.0000000,0.0000000
2018-12-26,0.0002452,-0.0031982,-0.0072760,0.0000000
2018-12-27,-0.0004952,0.0020226,0.0014551,0.0000000
2018-12-28,-0.0004845,-0.0011622,0.0020502,0.0000000
2018-12-31,0.0014562,0.0041392,0.0016600,0.0000000
2019-01-01,0.0000000,0.0000000,0.0000000,0.0000000
2019-01-02,0.0061827,-0.0058975,-0.0013594,0.0000000
2019-01-03,0.0028386,-0.0024372,-0.0010218,0.0000000
2019-01-04,0.0044027,0.0014048,-0.0072143,0.0005043
2019-01-07,-0.0017739,0.0025002,-0.0004516,0.0000000
2019-01-08,0.0001565,0.0039498,-0.0016602,0.0000000
2019-01-09,0.0005136,0.0081927,-0.0010149,0.0000000
2019-01-10,-0.0021331,0.0032202,-0.0032138,0.0000000
2019-01-11,-0.0005033,-0.0021729,0.0013564,0.0000000
2019-01-14,0.0008237,0.0013448,-0.0025784,0.0000000
2019-01-15,0.0012961,0.0011260,-0.0008372,0.0000000
2019-01-16,0.0006464,-0.0038002,-0.0011814,0.0000000
2019-01-17,-0.0005941,-0.0034591,0.0032130,0.0000000
2019-01-18,-0.0003296,0.0023245,-0.0008225,0.0000000
2019-01-21,-0.0000260,-0.0003128,-0.0019737,0.0000000
2019-01-22,0.0007634,-0.0002778,-0.0023073,0.0000000
2019-01-23,-0.0022095,-0.0008347,-0.0012406,0.0000000
2019-01-24,-0.0009076,0.0005132,-0.0036187,0.0000000
2019-01-25,-0.0069200,-0.0027757,-0.0034042,0.0000000
2019-01-28,-0.0006783,0.0011789,-0.0015943,0.0000000
2019-01-29,-0.0011350,0.0002461,-0.0004114,0.0000000
2019-01-30,-0.0001098,0.0027540,0.0066353,-0.0008952
2019-01-31,-0.0002878,0.0007654,-0.0037513,0.0000000
2019-02-01,-0.0002400,0.0049161,-0.0006710,0.0000000
2019-02-04,-0.0005052,0.0017254,-0.0000811,0.0000000
2019-02-05,0.0011778,-0.0001884,0.0006105,0.0000000
2019-02-06,0.0005063,-0.0028613,-0.0023504,0.0000000
2019-02-07,-0.0017545,-0.0033806,-0.0035100,0.0000000
2019-02-08,-0.0003982,-0.0013332,-0.0005441,0.0000000
2019-02-11,0.0008001,0.0045402,0.0018656,0.0000000
2019-02-12,0.0003507,-0.0019127,0.0002637,0.0000000
2019-02-13,0.0010604,0.0018777,-0.0031270,0.0002180
2019-02-14,0.0007765,0.0042188,0.0044731,0.0006915
2019-02-15,0.0019074,0.0022455,0.0011418,0.0000000
2019-02-18,-0.0004471,-0.0001618,0.0006680,0.0000000
2019-02-19,0.0014280,-0.0026397,-0.0018227,0.0000000
2019-02-20,-0.0009500,0.0010462,-0.0017444,0.0000000
2019-02-21,-0.0003844,0.0006054,-0.0007830,0.0000000
2019-02-22,-0.0007202,-0.0004036,-0.0015510,-0.0000703
2019-02-25,0.0002304,0.0024138,0.0003562,0.0000000
2019-02-26,-0.0019874,-0.0018298,0.0006355,0.0000000
2019-02-27,0.0011630,0.0056327,-0.0014003,0.0000000
2019-02-28,-0.0027393,0.0063102,-0.0011372,-0.0005879
2019-03-01,0.0008181,-0.0001884,-0.0035224,-0.0014675
2019-03-04,-0.0001457,0.0003357,0.0014597,-0.0000764
2019-03-05,0.0016137,-0.0006402,0.0025585,0.0000000
2019-03-06,-0.0016741,-0.0014839,-0.0007273,0.0000000
2019-03-07,0.0002435,0.0022747,-0.0035719,0.0000000
2019-03-08,-0.0043767,0.0006468,0.0011633,0.0000000
2019-03-11,-0.0019683,-0.0012598,0.0008284,0.0000000
2019-03-12,0.0013277,0.0001769,-0.0012084,0.0000000
2019-03-13,-0.0008073,-0.0014065,0.0014295,0.0000000
2019-03-14,0.0006335,0.0000505,-0.0012112,0.0000000
2019-03-15,-0.0010088,0.0015092,0.0001436,0.0000000
2019-03-18,-0.0013505,-0.0021685,0.0015681,0.0000000
2019-03-19,0.0002103,0.0006753,-0.0001035,0.0000000
2019-03-20,-0.0002677,0.0007658,0.0055114,0.0000000
2019-03-21,-0.0056453,-0.0049679,0.0040511,0.0000000
2019-03-22,-0.0016209,0.0072689,-0.0004876,0.0000000
2019-03-25,-0.0014152,-0.0028307,0.0000660,0.0000000
2019-03-26,0.0002069,0.0018113,-0.0028954,0.0000000
2019-03-27,0.0007556,0.0012900,-0.0030992,0.0000000
2019-03-28,-0.0028618,0.0046195,-0.0004256,0.0000000
2019-03-29,-0.0001488,0.0004297,-0.0005620,0.0000000
2019-04-01,-0.0015970,-0.0034342,-0.0006923,0.0000000
2019-04-02,0.0006252,0.0008102,0.0012990,0.0000000
2019-04-03,-0.0016967,-0.0001032,-0.0007152,0.0000000
2019-04-04,0.0027065,0.0028270,-0.0006375,0.0000000
2019-04-05,0.0020436,-0.0020082,0.0012979,0.0000000
2019-04-08,-0.0013996,-0.0009730,-0.0007016,0.0000000
2019-04-09,-0.0006484,0.0030929,0.0004241,0.0000000
2019-04-10,0.0001674,-0.0053346,-0.0001495,-0.0000683
2019-04-11,-0.0014329,0.0057430,-0.0036488,0.0000000
2019-04-12,0.0008097,0.0012803,-0.0018794,0.0000000
2019-04-15,-0.0006500,0.0008263,0.0004789,0.0001291
2019-04-16,-0.0002450,0.0007396,-0.0020967,0.0000000
2019-04-17,-0.0022986,-0.0002308,-0.0005523,-0.0000861
2019-04-18,0.0044697,-0.0000534,-0.0026347,0.0000000
2019-04-19,-0.0003014,-0.0003552,-0.0010302,0.0000000
2019-04-22,-0.0008458,-0.0000533,-0.0005183,-0.0002010
2019-04-23,0.0005241,-0.0005902,0.0005322,-0.0001791
2019-04-24,-0.0019753,-0.0019150,-0.0076852,0.0000462
2019-04-25,-0.0006622,0.0059286,-0.0050011,0.0000000
2019-04-26,-0.0020458,-0.0022839,-0.0024807,0.0000000
2019-04-29,-0.0008461,0.0007699,-0.0004315,0.0000000
2019-04-30,0.0009166,-0.0016235,0.0021571,0.0000000
2019-05-01,0.0016008,0.0050295,-0.0089620,0.0000000
2019-05-02,-0.0015687,-0.0018366,-0.0000671,0.0001511
2019-05-03,0.0008856,0.0045999,-0.0050328,0.0000000
2019-05-06,-0.0018558,0.0018277,-0.0010799,0.0000000
2019-05-07,0.0027389,0.0046024,0.0002370,-0.0004615
2019-05-08,0.0000886,0.0007460,-0.0036441,0.0000000
2019-05-09,0.0027544,0.0018561,-0.0034951,0.0000000
2019-05-10,-0.0012563,0.0030165,-0.0019047,0.0000000
2019-05-13,0.0021559,0.0100466,-0.0003590,0.0000000
2019-05-14,-0.0009027,-0.0026515,-0.0015162,0.0000000
2019-05-15,-0.0007207,0.0006865,-0.0029694,0.0002726
2019-05-16,0.0008907,-0.0096944,-0.0013448,0.0001876
2019-05-17,0.0019438,0.0041082,0.0009521,0.0000000
2019-05-20,0.0004920,0.0015874,-0.0017995,0.0000000
2019-05-21,-0.0020615,-0.0088569,-0.0044952,0.0002477
2019-05-22,0.0003032,0.0011303,0.0015449,0.0000000
2019-05-23,-0.0022396,0.0085965,-0.0015084,0.0000000
2019-05-24,0.0010282,0.0019144,-0.0000299,0.0000000
2019-05-27,-0.0001059,0.0000000,-0.0004223,0.0000000
2019-05-28,-0.0016763,-0.0020518,-0.0006105,0.0000000
2019-05-29,0.0007612,0.0020006,0.0018495,0.0000000
2019-05-30,0.0014368,0.0013419,0.0024525,0.0000000
2019-05-31,-0.0008207,0.0046373,0.0019841,0.0000000
2019-06-03,0.0012224,-0.0023759,0.0060094,0.0000000
2019-06-04,-0.0024013,0.0055704,0.0035816,0.0000000
2019-06-05,-0.0000141,-0.0044025,-0.0026504,0.0004317
2019-06-06,-0.0022218,-0.0005791,-0.0028655,0.0000000
2019-06-07,0.0097143,0.0070145,-0.0046007,0.0000000
2019-06-10,0.0000996,0.0022953,-0.0012216,0.0000000
2019-06-11,-0.0014815,-0.0003897,0.0006770,0.0000000
2019-06-12,0.0011567,0.0016751,-0.0056611,0.0000000
2019-06-13,-0.0022230,0.0000000,0.0014993,0.0000000
2019-06-14,-0.0040486,-0.0043036,-0.0033995,0.0000205
2019-06-17,-0.0008871,-0.0025792,0.0003311,0.0000000
2019-06-18,-0.0061413,-0.0051651,0.0000895,0.0000000
2019-06-19,-0.0020298,0.0001333,0.0019161,0.0000000
2019-06-20,0.0005724,-0.0026419,0.0029452,0.0000000
2019-06-21,-0.0012541,0.0040331,0.0044860,0.0000000
2019-06-24,-0.0022643,0.0003016,-0.0013224,0.0000000
2019-06-25,0.0016035,0.0005457,-0.0034800,0.0001434
2019-06-26,0.0008146,-0.0042511,-0.0032946,0.0000000
2019-06-27,0.0014639,0.0037327,-0.0011519,0.0000000
2019-06-28,0.0014310,-0.0025985,-0.0034894,0.0000000
2019-07-01,-0.0022464,0.0011282,-0.0017749,0.0000000
2019-07-02,-0.0000026,0.0030607,0.0004348,0.0000000
2019-07-03,-0.0035930,0.0012231,-0.0020083,0.0000000
2019-07-04,-0.0001170,-0.0004076,-0.0003437,0.0000000
2019-07-05,-0.0081362,0.0089597,0.0037730,0.0000000
2019-07-08,-0.0041338,0.0050207,0.0011334,0.0000000
2019-07-09,0.0000093,-0.0018621,-0.0009700,0.0000000
2019-07-10,-0.0034402,-0.0080444,0.0030928,0.0000000
2019-07-11,-0.0010740,0.0035827,0.0016307,0.0000000
2019-07-12,0.0019509,-0.0070361,-0.0004271,0.0000000
2019-07-15,0.0000026,0.0000713,0.0015726,0.0000000
2019-07-16,0.0010301,0.0028154,-0.0029029,0.0000000
2019-07-17,0.0012660,0.0017054,-0.0026056,0.0000000
2019-07-18,0.0003008,0.0010616,0.0056206,0.0000000
2019-07-19,-0.0039533,-0.0018276,-0.0015481,0.0004651
2019-07-22,-0.0009392,-0.0001058,-0.0026228,0.0000000
2019-07-23,0.0021548,-0.0007196,0.0001943,0.0000000
2019-07-24,0.0004093,-0.0013940,-0.0034335,0.0000000
2019-07-25,-0.0008837,-0.0091080,-0.0017101,0.0000000
2019-07-26,0.0027726,-0.0002049,0.0001922,0.0000000
2019-07-29,0.0022008,0.0026526,0.0016575,0.0000000
2019-07-30,-0.0023223,-0.0005178,0.0026372,0.0000000
2019-07-31,0.0002710,-0.0000351,-0.0088356,0.0000000
2019-08-01,0.0015562,0.0162235,-0.0036461,0.0000000
2019-08-02,0.0010282,0.0057081,-0.0022356,0.0000000
2019-08-05,-0.0050078,0.0017135,-0.0005375,0.0000000
2019-08-06,-0.0042199,0.0009639,-0.0030042,0.0000000
2019-08-07,0.0033558,0.0065248,-0.0044770,0.0000000
2019-08-08,-0.0011680,-0.0016633,-0.0003646,0.0000000
2019-08-09,-0.0011855,-0.0047728,-0.0005041,0.0000000
2019-08-12,-0.0012039,-0.0039532,-0.0018892,0.0000000
2019-08-13,-0.0004175,-0.0214210,0.0003726,-0.0028558
2019-08-14,0.0025645,0.0079043,-0.0025940,0.0000000
2019-08-15,-0.0003195,0.0004701,0.0006840,0.0000000
2019-08-16,-0.0002388,0.0023562,-0.0001047,0.0000000
2019-08-19,-0.0004012,0.0010757,-0.0032931,-0.0000797
2019-08-20,-0.0020179,0.0016192,-0.0019371,0.0000000
2019-08-21,0.0000222,0.0009455,-0.0014767,0.0000000
2019-08-22,-0.0035226,0.0001111,-0.0015498,0.0000000
2019-08-23,0.0036256,-0.0090932,-0.0054357,0.0000000
2019-08-26,0.0005235,0.0025039,-0.0037770,0.0000000
2019-08-27,-0.0009740,-0.0040545,0.0008453,0.0000000
2019-08-28,-0.0019682,-0.0021699,-0.0015087,0.0000000
2019-08-29,0.0006619,0.0044383,-0.0007054,-0.0003021
2019-08-30,-0.0020168,-0.0053836,-0.0025120,0.0000000
2019-09-02,0.0012134,-0.0004775,-0.0030831,0.0003819
2019-09-03,-0.0041212,0.0012754,-0.0060514,0.0000000
2019-09-04,0.0021384,-0.0006427,-0.0008526,0.0000000
2019-09-05,-0.0046434,0.0069193,0.0020066,0.0000000
2019-09-06,0.0009070,0.0026578,-0.0046732,0.0000000
2019-09-09,-0.0001015,0.0022379,-0.0011596,0.0000000
2019-09-10,-0.0004329,-0.0006185,-0.0019135,0.0002960
2019-09-11,0.0018660,-0.0007696,-0.0008212,0.0000000
2019-09-12,0.0010347,0.0001828,-0.0048367,0.0004133
2019-09-13,-0.0010288,0.0002917,-0.0029019,0.0000000
2019-09-16,0.0016113,0.0020448,0.0021193,0.0000000
2019-09-17,-0.0020723,-0.0009533,-0.0022334,0.0000000
2019-09-18,-0.0011630,-0.0004900,-0.0032458,-0.0001774
2019-09-19,-0.0025890,-0.0008945,0.0012650,0.0001088
2019-09-20,0.0004103,-0.0003591,0.0000385,0.0000000
2019-09-23,-0.0010999,0.0025667,-0.0022931,-0.0002286
2019-09-24,0.0007837,0.0017180,0.0026028,-0.0002494
2019-09-25,0.0000309,-0.0061708,0.0008631,0.0002979
2019-09-26,-0.0007169,-0.0005776,-0.0005912,0.0000000
2019-09-27,-0.0009973,0.0038405,-0.0031679,0.0000000
2019-09-30,-0.0006579,0.0027435,-0.0019891,0.0000000
2019-10-01,-0.0014734,-0.0076413,-0.0010631,0.0000000
2019-10-02,0.0031486,0.0041434,-0.0001327,0.0000000
2019-10-03,0.0024795,0.0074431,-0.0070785,0.0000000
2019-10-04,0.0003702,-0.0020378,-0.0017787,0.0000000
2019-10-07,-0.0004815,0.0004201,-0.0029796,0.0000000
2019-10-08,-0.0009094,0.0019353,0.0012831,0.0000000
2019-10-09,-0.0020101,0.0012954,-0.0009426,0.0000000
2019-10-10,-0.0009584,-0.0081483,0.0017648,0.0000000
2019-10-11,0.0027960,-0.0088898,-0.0022292,0.0000000
2019-10-14,-0.0019320,-0.0028365,-0.0008722,0.0000000
2019-10-15,-0.0018757,-0.0059606,-0.0045602,0.0000000
2019-10-16,-0.0029687,-0.0026619,0.0006006,0.0000000
2019-10-17,0.0064828,-0.0024872,-0.0011407,0.0000000
2019-10-18,0.0008505,-0.0017510,0.0006042,0.0000000
2019-10-21,-0.0017968,-0.0005091,0.0016528,0.0000000
2019-10-22,-0.0001665,-0.0007437,-0.0032282,0.0000000
2019-10-23,-0.0009942,0.0031925,0.0016346,0.0000000
2019-10-24,-0.0024493,-0.0023869,0.0033576,0.0000000
2019-10-25,0.0003925,0.0003735,-0.0023518,0.0000000
2019-10-28,-0.0010749,0.0035203,-0.0011327,0.0000000
2019-10-29,-0.0015697,-0.0002393,0.0004852,0.0000000
2019-10-30,0.0017786,0.0000611,0.0020078,0.0000000
2019-10-31,0.0018962,0.0041501,-0.0002377,0.0000000
2019-11-01,-0.0018312,0.0021799,-0.0003121,0.0000000
2019-11-04,0.0009817,0.0015643,-0.0048117,0.0000000
2019-11-05,-0.0025146,0.0036378,0.0031630,0.0001460
2019-11-06,-0.0004529,-0.0004006,-0.0005736,0.0000000
2019-11-07,0.0001907,0.0057109,0.0023672,-0.0002639
2019-11-08,-0.0027751,-0.0028460,-0.0016563,0.0000000
2019-11-11,-0.0024717,0.0011362,0.0000410,0.0000000
2019-11-12,-0.0007696,0.0011838,0.0010558,0.0000000
2019-11-13,-0.0019627,-0.0071057,-0.0019672,0.0000000
2019-11-14,0.0013409,0.0013199,0.0002018,-0.0003328
2019-11-15,0.0013165,-0.0034559,-0.0024742,0.0000000
2019-11-18,-0.0014399,-0.0080444,-0.0045667,-0.0003562
2019-11-19,0.0016284,-0.0046209,-0.0018733,0.0000000
2019-11-20,-0.0016616,-0.0043798,-0.0006723,0.0000000
2019-11-21,-0.0002748,-0.0009779,-0.0036132,0.0000000
2019-11-22,0.0016213,-0.0003700,0.0006736,0.0000000
2019-11-25,0.0013696,0.0008422,-0.0003090,0.0000000
2019-11-26,-0.0011244,-0.0038830,0.0016309,0.0000000
2019-11-27,-0.0008196,-0.0048769,0.0001735,-0.0001544
2019-11-28,-0.0008790,0.0017605,0.0005475,0.0000000
2019-11-29,-0.0008287,-0.0015186,-0.0032391,0.0000000
2019-12-02,-0.0004917,-0.0122078,-0.0039714,0.0000000
2019-12-03,-0.0003868,0.0000000,-0.0029015,0.0000000
2019-12-04,0.0022431,-0.0071232,-0.0006027,0.0000000
2019-12-05,-0.0018527,-0.0035554,-0.0006494,0.0000000
2019-12-06,-0.0024084,-0.0014218,0.0032061,0.0000000
2019-12-09,-0.0020895,-0.0021290,-0.0020181,0.0000000
2019-12-10,0.0019565,0.0010737,0.0007049,0.0000000
2019-12-11,0.0026793,-0.0012311,0.0041284,0.0000000
2019-12-12,-0.0025293,-0.0139210,0.0042567,0.0000000
2019-12-13,-0.0003068,0.0057189,-0.0003559,0.0000000
2019-12-16,-0.0003885,0.0023921,0.0019596,0.0000000
2019-12-17,-0.0016443,-0.0017563,-0.0038295,0.0000000
2019-12-18,0.0025227,0.0000000,-0.0033478,0.0000000
2019-12-19,-0.0024147,0.0050153,-0.0009411,0.0000000
2019-12-20,0.0014716,0.0010017,-0.0008572,0.0000000
2019-12-23,-0.0020672,-0.0005316,0.0005457,0.0000000
2019-12-24,0.0010021,-0.0015580,-0.0034067,0.0000000
2019-12-25,0.0000000,0.0000000,0.0000000,0.0000000
2019-12-26,-0.0015145,0.0013303,-0.0007392,0.0000000
2019-12-27,0.0026394,-0.0032110,-0.0003823,0.0000000
2019-12-30,0.0013079,-0.0041679,-0.0019999,0.0000000
2019-12-31,-0.0057533,-0.0008088,-0.0007485,0.0001823
2020-01-01,0.0000000,0.0000000,0.0000000,0.0000000
2020-01-02,-0.0018146,-0.0115749,-0.0078812,0.0000000
2020-01-03,-0.0011031,0.0009412,-0.0042912,0.0000000
2020-01-06,0.0014685,-0.0083801,0.0002467,0.0000000
2020-01-07,-0.0062576,0.0030607,0.0014069,0.0000000
2020-01-08,0.0024079,0.0039135,-0.0006753,0.0000000
2020-01-09,0.0029368,-0.0044382,0.0030355,0.0000000
2020-01-10,-0.0020421,-0.0007889,-0.0032492,0.0000000
2020-01-13,0.0016191,0.0044336,-0.0003719,0.0000000
2020-01-14,-0.0002350,-0.0023415,-0.0008565,0.0000000
2020-01-15,-0.0017966,0.0005992,-0.0012520,0.0000000
2020-01-16,-0.0019125,0.0011794,0.0006791,0.0000000
2020-01-17,-0.0007156,0.0004606,0.0002746,0.0000000
2020-01-20,0.0006587,-0.0005948,0.0004166,0.0000000
2020-01-21,-0.0025977,0.0004266,-0.0014788,0.0000000
2020-01-22,-0.0001699,0.0008502,0.0025871,0.0000000
2020-01-23,0.0014233,0.0023606,0.0021030,0.0000000
2020-01-24,-0.0024447,-0.0043741,0.0021708,0.0000000
2020-01-27,-0.0024371,-0.0037551,0.0001788,0.0000000
2020-01-28,-0.0021428,-0.0044230,0.0017882,0.0000000
2020-01-29,-0.0026056,-0.0021246,0.0013357,0.0000000
2020-01-30,-0.0014311,-0.0047181,-0.0021307,0.0000000
2020-01-31,-0.0014975,0.0131348,-0.0038780,0.0000000
2020-02-03,0.0008130,-0.0034005,0.0004728,0.0000000
2020-02-04,0.0002384,0.0057476,-0.0004486,0.0000000
2020-02-05,-0.0036302,0.0032703,0.0003846,-0.0001877
2020-02-06,0.0007197,0.0003853,0.0016016,0.0000000
2020-02-07,0.0005917,-0.0036484,-0.0036739,0.0000000
2020-02-10,0.0009359,-0.0005051,-0.0008311,0.0000000
2020-02-11,-0.0006272,-0.0009515,-0.0020187,0.0001465
2020-02-12,-0.0011119,-0.0025858,-0.0030459,0.0000000
2020-02-13,-0.0020990,0.0005268,-0.0022583,0.0000000
2020-02-14,0.0006104,-0.0010914,0.0006342,0.0000000
2020-02-17,-0.0008588,-0.0022983,0.0000844,0.0000000
2020-02-18,-0.0011283,0.0012805,-0.0057809,0.0000000
2020-02-19,-0.0022921,0.0148754,-0.0000282,0.0000000
2020-02-20,-0.0024087,0.0059730,-0.0055632,0.0000000
2020-02-21,0.0017442,-0.0005027,-0.0058762,0.0000000
2020-02-24,0.0001263,0.0119286,-0.0093277,0.0000000
2020-02-25,0.0008804,0.0067582,-0.0044869,0.0000000
2020-02-26,-0.0030729,-0.0039601,0.0018395,0.0000000
2020-02-27,0.0001446,-0.0015720,0.0000482,0.0000000
2020-02-28,-0.0058336,0.0129260,0.0078720,0.0000000
2020-03-02,-0.0007048,0.0037815,0.0050270,0.0000000
2020-03-03,0.0062759,-0.0082931,-0.0109358,-0.0000694
2020-03-04,-0.0023675,0.0009023,-0.0013120,0.0000000
2020-03-05,0.0046929,0.0072239,-0.0031986,0.0000000
2020-03-06,-0.0008076,0.0047029,0.0006946,0.0000000
2020-03-09,-0.0032287,-0.0058905,-0.0053850,0.0000000
2020-03-10,0.0039143,-0.0041797,0.0072633,0.0000000
2020-03-11,-0.0031072,0.0027554,0.0013355,0.0000000
2020-03-12,0.0097351,-0.0173251,-0.0104540,0.0000000
2020-03-13,-0.0054124,0.0174667,0.0103973,0.0000000
2020-03-16,0.0066343,0.0021385,-0.0061483,0.0000000
2020-03-17,0.0068033,-0.0095790,0.0060984,0.0000000
2020-03-18,0.0001646,-0.0080356,0.0123016,0.0000000
2020-03-19,-0.0022254,0.0092463,-0.0004299,0.0000000
2020-03-20,0.0102148,0.0090178,0.0068227,0.0000000
2020-03-23,-0.0017817,0.0038706,0.0037472,0.0001016
2020-03-24,-0.0028220,0.0045151,0.0008129,0.0000000
2020-03-25,0.0018984,0.0000291,-0.0005803,0.0000000
2020-03-26,-0.0004006,0.0038220,-0.0054245,0.0000000
2020-03-27,-0.0022607,0.0060223,-0.0056325,0.0000000
2020-03-30,-0.0014343,0.0003297,-0.0016985,0.0000000
2020-03-31,0.0003801,-0.0038076,0.0023744,0.0000000
2020-04-01,0.0002385,0.0024587,-0.0031999,0.0000000
2020-04-02,-0.0051977,-0.0048611,0.0000913,0.0000000
2020-04-03,0.0006534,0.0018697,-0.0014573,0.0000000
2020-04-06,-0.0007589,-0.0010241,0.0008846,0.0000000
2020-04-07,-0.0006904,0.0002634,0.0028222,0.0000000
2020-04-08,-0.0031911,-0.0011946,0.0002572,0.0000000
2020-04-09,0.0033959,0.0026015,-0.0033545,0.0000000
2020-04-10,0.0000174,0.0002000,-0.0005630,0.0000171
2020-04-13,0.0011305,-0.0009614,0.0022850,0.0000000
2020-04-14,0.0016174,-0.0036001,-0.0001508,0.0000000
2020-04-15,0.0026448,0.0015791,-0.0029552,0.0000000
2020-04-16,0.0010608,0.0015833,0.0027193,0.0000000
2020-04-17,-0.0029978,-0.0020686,-0.0015943,0.0000000
2020-04-20,-0.0003986,0.0003979,-0.0041118,0.0000000
2020-04-21,-0.0007208,-0.0022109,-0.0022098,0.0000000
2020-04-22,-0.0017490,-0.0016447,0.0015458,0.0000000
2020-04-23,-0.0044431,0.0010236,-0.0045996,0.0000000
2020-04-24,-0.0017763,-0.0020624,-0.0003162,0.0000000
2020-04-27,-0.0003137,-0.0001864,0.0000744,0.0000000
2020-04-28,0.0013636,0.0008403,0.0023892,0.0000000
2020-04-29,-0.0009955,-0.0011630,0.0004571,0.0000000
2020-04-30,-0.0041516,0.0020495,-0.0044360,0.0000000
2020-05-01,-0.0007905,0.0002527,-0.0018704,0.0000000
2020-05-04,-0.0004391,-0.0014108,0.0006284,0.0000000
2020-05-05,0.0010982,0.0007527,0.0003079,0.0001511
2020-05-06,-0.0022551,0.0015479,0.0002083,0.0000000
2020-05-07,-0.0012061,0.0012830,0.0034846,-0.0001853
2020-05-08,0.0016378,-0.0005140,-0.0042615,0.0000000
2020-05-11,0.0000036,0.0018575,-0.0013715,0.0000000
2020-05-12,-0.0010451,0.0021466,-0.0023951,0.0000000
2020-05-13,-0.0001810,-0.0008081,0.0009163,0.0000000
2020-05-14,-0.0007365,-0.0016775,-0.0021499,0.0000000
2020-05-15,-0.0026094,-0.0013136,0.0013677,0.0000000
2020-05-18,0.0014251,-0.0018081,-0.0014559,0.0000000
2020-05-19,-0.0016486,-0.0039164,-0.0005624,0.0000000
2020-05-20,0.0032371,0.0017379,-0.0019481,0.0000343
2020-05-21,-0.0000164,-0.0001157,0.0025546,0.0000000
2020-05-22,0.0004397,0.0001459,0.0000881,0.0000000
2020-05-25,-0.0007808,-0.0002399,-0.0002126,0.0000000
2020-05-26,0.0044593,0.0018398,0.0003633,0.0000000
2020-05-27,0.0007975,-0.0027118,0.0029748,0.0000000
2020-05-28,-0.0021857,-0.0018953,-0.0011963,0.0000000
2020-05-29,0.0014696,0.0034101,0.0017479,0.0000000
2020-06-01,-0.0000268,-0.0003320,-0.0029367,0.0000000
2020-06-02,0.0009505,0.0061454,-0.0029646,0.0000000
2020-06-03,-0.0006103,0.0001301,-0.0024004,0.0000000
2020-06-04,-0.0033288,0.0000693,-0.0038401,0.0000000
2020-06-05,0.0027425,0.0031004,-0.0024031,0.0000000
2020-06-08,-0.0023149,-0.0098422,-0.0013237,0.0000000
2020-06-09,-0.0009525,0.0010478,-0.0040067,0.0000000
2020-06-10,-0.0007418,-0.0013881,0.0019603,0.0000000
2020-06-11,0.0026294,0.0031771,-0.0051323,0.0000000
2020-06-12,-0.0015368,0.0021029,0.0035826,0.0000000
2020-06-15,0.0026533,0.0003134,0.0013189,0.0000000
2020-06-16,0.0034325,0.0000250,0.0073915,0.0000000
2020-06-17,-0.0030339,-0.0017632,0.0003676,0.0000000
2020-06-18,0.0018983,0.0016668,-0.0012186,0.0000000
2020-06-19,0.0007065,-0.0002801,0.0010207,0.0000000
2020-06-22,0.0023595,-0.0013885,-0.0009381,0.0000000
2020-06-23,0.0006505,0.0130249,-0.0046125,0.0000000
2020-06-24,0.0021380,-0.0048907,-0.0017971,0.0000000
2020-06-25,-0.0014684,-0.0022960,0.0000771,0.0000000
2020-06-26,-0.0041197,-0.0059162,0.0046524,0.0000000
2020-06-29,0.0030624,0.0079426,0.0027558,0.0000000
2020-06-30,-0.0032737,0.0023329,-0.0031455,0.0000000
2020-07-01,-0.0009534,0.0005911,-0.0036554,0.0000000
2020-07-02,-0.0020068,-0.0022013,0.0018898,0.0000000
2020-07-03,-0.0005188,0.0001083,-0.0004383,0.0000000
2020-07-06,0.0007258,0.0011458,-0.0009197,0.0000000
2020-07-07,-0.0022138,-0.0009790,-0.0026536,0.0000000
2020-07-08,0.0027263,-0.0008964,-0.0018687,0.0000000
2020-07-09,0.0017878,-0.0004006,0.0041789,0.0000000
2020-07-10,0.0020563,0.0008992,-0.0048613,0.0000000
2020-07-13,-0.0011093,0.0042416,-0.0055681,0.0000000
2020-07-14,-0.0028655,0.0004726,-0.0026262,0.0000000
2020-07-15,-0.0007024,0.0027776,-0.0016158,0.0000000
2020-07-16,0.0018513,-0.0030706,-0.0071237,0.0000000
2020-07-17,0.0010264,-0.0006602,0.0003610,0.0000000
2020-07-20,0.0001038,0.0004003,-0.0019083,0.0000000
2020-07-21,0.0027747,-0.0071358,-0.0004596,0.0000000
2020-07-22,-0.0029379,0.0039559,-0.0001972,0.0000000
2020-07-23,-0.0010386,-0.0026449,-0.0034714,0.0000000
2020-07-24,-0.0019284,0.0056113,-0.0025209,0.0000000
2020-07-27,-0.0050009,-0.0073720,-0.0055501,0.0000000
2020-07-28,-0.0006823,-0.0105722,-0.0012007,0.0000000
2020-07-29,0.0008568,-0.0043769,-0.0016320,0.0000000
2020-07-30,0.0008826,0.0001733,0.0029685,0.0000000
2020-07-31,0.0061955,0.0197443,-0.0008950,0.0000000
2020-08-03,-0.0013938,-0.0027455,0.0010606,0.0000000
2020-08-04,-0.0014820,-0.0011653,-0.0017546,0.0000000
2020-08-05,-0.0029542,-0.0012663,-0.0037829,0.0000000
2020-08-06,-0.0005344,-0.0009552,0.0007997,0.0000000
2020-08-07,-0.0035555,-0.0048350,0.0020728,0.0000000
2020-08-10,-0.0012693,-0.0031664,-0.0041238,0.0000000
2020-08-11,0.0007404,0.0034051,0.0007472,0.0000000
2020-08-12,0.0022662,0.0010974,-0.0040049,0.0000000
2020-08-13,-0.0018069,-0.0040894,-0.0031169,0.0000000
2020-08-14,-0.0011182,0.0047569,-0.0016892,0.0000000
2020-08-17,-0.0009310,0.0057947,-0.0021716,0.0000000
2020-08-18,0.0010925,0.0001067,0.0017350,0.0000000
2020-08-19,0.0023889,-0.0024690,-0.0027933,0.0000000
2020-08-20,-0.0011781,0.0007175,0.0015008,0.0000000
2020-08-21,0.0035577,-0.0066386,0.0021683,0.0000000
2020-08-24,-0.0005801,-0.0004102,0.0011652,0.0000000
2020-08-25,0.0009343,0.0050213,0.0025492,0.0000000
2020-08-26,0.0010171,0.0014816,-0.0049615,0.0000000
2020-08-27,-0.0014044,-0.0072193,0.0046579,0.0000000
2020-08-28,0.0013348,0.0100787,-0.0032120,0.0000000
2020-08-31,-0.0000089,0.0031859,-0.0054756,0.0000000
2020-09-01,0.0019591,0.0036262,-0.0026331,0.0000000
2020-09-02,0.0009228,0.0013215,-0.0005191,0.0000000
2020-09-03,-0.0007473,-0.0009071,-0.0008131,0.0000000
2020-09-04,-0.0021361,0.0016643,0.0088424,0.0000000
2020-09-07,-0.0016717,-0.0019714,-0.0022547,0.0003219
2020-09-08,0.0043029,-0.0052149,-0.0027405,0.0000000
2020-09-09,0.0058773,0.0045473,-0.0027651,0.0000000
2020-09-10,-0.0011405,-0.0021364,-0.0018319,0.0000000
2020-09-11,-0.0022942,-0.0002304,-0.0002983,0.0000000
2020-09-14,0.0010269,0.0049557,-0.0032914,0.0000000
2020-09-15,-0.0014989,0.0035059,0.0033375,0.0000000
2020-09-16,-0.0023911,0.0067953,-0.0034775,0.0000000
2020-09-17,0.0018149,-0.0001413,0.0007213,0.0000000
2020-09-18,0.0014859,0.0039215,-0.0036343,0.0000000
2020-09-21,0.0077520,-0.0061236,0.0048935,0.0000000
2020-09-22,0.0028003,0.0048265,0.0055680,0.0000000
2020-09-23,-0.0012536,-0.0055107,-0.0034185,0.0000000
2020-09-24,0.0000115,-0.0042238,0.0035967,0.0000000
2020-09-25,-0.0065214,0.0039190,0.0034661,0.0000000
2020-09-28,0.0005154,0.0032850,0.0023415,0.0000000
2020-09-29,-0.0027614,-0.0021663,0.0015465,0.0000000
2020-09-30,-0.0041495,0.0004086,-0.0052527,0.0000000
2020-10-01,0.0008174,0.0014476,0.0023654,0.0001417
2020-10-02,-0.0003130,0.0023017,-0.0019583,0.0000000
2020-10-05,-0.0003827,-0.0006124,-0.0032934,0.0000000
2020-10-06,-0.0011687,0.0000625,-0.0062575,0.0000000
2020-10-07,0.0002692,0.0013693,0.0006428,0.0000000
2020-10-08,-0.0001546,-0.0009006,0.0006907,0.0000000
2020-10-09,0.0016180,-0.0054196,-0.0008102,0.0000000
2020-10-12,-0.0018656,-0.0037432,-0.0024041,0.0000000
2020-10-13,0.0023382,0.0006429,0.0010017,0.0000000
2020-10-14,-0.0038756,0.0051066,-0.0029091,0.0000000
2020-10-15,0.0012137,-0.0018681,-0.0001289,0.0000000
2020-10-16,-0.0000834,-0.0019021,-0.0004064,0.0000000
2020-10-19,0.0031422,-0.0014128,-0.0033876,0.0000000
2020-10-20,-0.0012700,0.0001345,-0.0029259,0.0000000
2020-10-21,-0.0000512,0.0113671,-0.0037075,0.0000000
2020-10-22,-0.0019808,-0.0047616,-0.0014068,0.0000000
2020-10-23,-0.0014781,-0.0020072,0.0053120,0.0000000
2020-10-26,-0.0007877,-0.0002604,-0.0019925,0.0000000
2020-10-27,0.0010187,0.0031211,-0.0049057,0.0000000
2020-10-28,0.0018178,-0.0009763,-0.0033383,0.0000000
2020-10-29,-0.0022518,-0.0088088,0.0047304,0.0000000
2020-10-30,-0.0015225,-0.0037984,-0.0002502,0.0000000
2020-11-02,-0.0032013,-0.0026806,0.0019669,0.0000000
2020-11-03,0.0069000,-0.0007729,-0.0087255,0.0000000
2020-11-04,0.0032261,-0.0082028,-0.0009149,0.0000000
2020-11-05,0.0029020,-0.0128180,0.0005950,0.0000000
2020-11-06,-0.0019088,-0.0026734,-0.0006913,0.0000000
2020-11-09,-0.0077601,0.0316661,0.0065018,0.0000000
2020-11-10,-0.0010659,0.0017064,-0.0025196,0.0000000
2020-11-11,0.0010108,0.0014960,0.0023067,0.0000000
2020-11-12,-0.0006904,-0.0034726,-0.0023067,0.0000000
2020-11-13,-0.0024103,-0.0075318,0.0008409,0.0000000
2020-11-16,-0.0001393,-0.0026889,-0.0037365,0.0000000
2020-11-17,0.0009367,0.0012804,0.0004083,0.0000000
2020-11-18,-0.0004921,-0.0048534,-0.0044877,0.0000000
2020-11-19,-0.0010137,-0.0007024,0.0007739,0.0000000
2020-11-20,-0.0002191,0.0001415,-0.0009173,0.0000000
2020-11-23,-0.0033133,-0.0124491,0.0104201,-0.0003857
2020-11-24,-0.0029505,-0.0065025,-0.0020885,0.0000000
2020-11-25,-0.0007321,-0.0002855,-0.0004749,0.0000000
2020-11-26,-0.0001195,-0.0002534,0.0000145,0.0000000
2020-11-27,0.0001555,-0.0002877,-0.0028709,0.0000000
2020-11-30,0.0000000,0.0000000,0.0000000,0.0000000
2020-12-01,0.0018297,-0.0048398,-0.0004849,0.0000000
2020-12-02,-0.0010569,-0.0008007,0.0000812,0.0000000
2020-12-03,0.0006070,-0.0098277,-0.0048373,0.0000000
2020-12-04,0.0014129,0.0038874,-0.0005384,-0.0007359
2020-12-07,-0.0047267,-0.0030202,-0.0014519,0.0000000
2020-12-08,-0.0004285,-0.0012686,-0.0029540,0.0000000
2020-12-09,-0.0026346,-0.0006930,0.0018488,0.0000000
2020-12-10,0.0031782,-0.0027699,-0.0016775,0.0000000
2020-12-11,0.0008259,-0.0026573,-0.0003882,0.0000000
2020-12-14,-0.0021682,-0.0034474,0.0067983,0.0000000
2020-12-15,-0.0027200,-0.0067194,0.0010014,0.0005131
2020-12-16,-0.0017653,-0.0025876,-0.0000902,0.0006471
2020-12-17,0.0000371,-0.0033782,-0.0002473,0.0000000
2020-12-18,-0.0023870,-0.0024089,0.0016876,0.0000000
2020-12-21,0.0003176,-0.0002021,0.0025665,0.0000000
2020-12-22,0.0022181,-0.0058839,0.0054680,0.0000000
2020-12-23,-0.0027478,0.0023217,-0.0039318,0.0004823
2020-12-24,0.0005397,0.0003535,-0.0000090,0.0000000
2020-12-25,0.0000000,0.0000000,0.0000000,0.0000000
2020-12-28,-0.0017942,-0.0073665,0.0026789,0.0000000
2020-12-29,0.0004125,-0.0003408,-0.0007147,0.0000000
2020-12-30,-0.0005734,0.0009913,-0.0020902,0.0000000
2020-12-31,0.0014333,0.0010783,0.0013329,0.0000000
2021-01-04,-0.0053711,-0.0064260,0.0002487,0.0000000
2021-01-05,0.0012309,0.0019142,0.0004125,0.0000000
2021-01-06,0.0057642,0.0098167,0.0051320,0.0000000
2021-01-07,0.0023249,-0.0102539,0.0031235,0.0000000
2021-01-08,-0.0013611,0.0016569,-0.0026988,-0.0001374
2021-01-11,-0.0051485,-0.0039004,-0.0000135,0.0000000
2021-01-12,-0.0010495,-0.0002909,0.0033621,0.0000000
2021-01-13,0.0011345,0.0023376,0.0000977,0.0000000
2021-01-14,-0.0000759,0.0020418,-0.0021821,0.0000000
2021-01-15,0.0043960,-0.0031354,0.0029747,0.0000000
2021-01-18,-0.0004737,0.0005254,-0.0007942,0.0000000
2021-01-19,0.0010116,0.0009995,0.0002871,0.0000000
2021-01-20,-0.0011776,-0.0047953,-0.0017840,0.0000000
2021-01-21,0.0007957,-0.0012577,-0.0009184,0.0000000
2021-01-22,-0.0011709,-0.0033448,-0.0024033,0.0000000
2021-01-25,0.0038370,0.0005757,0.0027042,0.0000000
2021-01-26,0.0062739,0.0021832,-0.0013465,0.0000000
2021-01-27,0.0055719,0.0061281,-0.0016159,0.0000000
2021-01-28,-0.0043917,-0.0004800,-0.0004664,0.0000000
2021-01-29,0.0018694,0.0005769,-0.0013697,0.0000000
2021-02-01,0.0041673,0.0025599,0.0005380,0.0000000
2021-02-02,-0.0070937,-0.0043256,0.0028859,0.0000000
2021-02-03,0.0005917,-0.0014927,0.0004607,0.0000000
2021-02-04,-0.0027531,-0.0055252,0.0010651,0.0000000
2021-02-05,0.0033945,-0.0022180,-0.0032041,0.0000000
2021-02-08,-0.0051659,-0.0099388,-0.0053694,0.0000000
2021-02-09,-0.0004261,-0.0052187,0.0009827,0.0000000
2021-02-10,-0.0004210,-0.0047483,-0.0003692,0.0000000
2021-02-11,-0.0007349,0.0006515,0.0003562,0.0000000
2021-02-12,-0.0033785,-0.0012433,-0.0051248,0.0000000
2021-02-15,0.0001202,0.0017171,-0.0020185,0.0000000
2021-02-16,-0.0044494,-0.0055761,-0.0044954,0.0000000
2021-02-17,-0.0012606,-0.0006975,0.0000881,0.0000000
2021-02-18,-0.0009370,-0.0013445,0.0054385,0.0000000
2021-02-19,0.0028113,-0.0055486,0.0003435,0.0000000
2021-02-22,-0.0084771,-0.0161154,0.0001969,-0.0002671
2021-02-23,-0.0011578,-0.0021387,-0.0060474,0.0000000
2021-02-24,0.0013112,0.0054772,0.0016768,0.0000000
2021-02-25,0.0004771,0.0022675,-0.0063939,0.0000000
2021-02-26,-0.0069730,-0.0097712,-0.0043204,0.0000000
2021-03-01,-0.0012374,-0.0007165,-0.0036661,0.0000000
2021-03-02,0.0030866,-0.0031421,-0.0030222,0.0000000
2021-03-03,0.0009931,0.0009800,-0.0022777,0.0000000
2021-03-04,-0.0003903,0.0049152,-0.0099982,0.0000000
2021-03-05,0.0007436,-0.0035039,0.0017649,0.0003672
2021-03-08,-0.0011412,-0.0074780,0.0005507,0.0000000
2021-03-09,-0.0015100,-0.0015369,0.0025668,0.0000000
2021-03-10,0.0004545,-0.0023025,0.0047100,0.0000000
2021-03-11,-0.0005940,-0.0012239,0.0017082,0.0000000
2021-03-12,-0.0014472,-0.0027971,-0.0011103,0.0000000
2021-03-15,0.0014702,0.0010999,-0.0002350,0.0000000
2021-03-16,-0.0024641,0.0023626,-0.0004383,0.0000000
2021-03-17,-0.0027474,-0.0035267,0.0098122,-0.0021005
2021-03-18,-0.0021413,-0.0013128,-0.0011407,0.0000000
2021-03-19,0.0013628,0.0015384,-0.0023165,0.0000000
2021-03-22,-0.0022745,-0.0015833,-0.0025317,0.0000000
2021-03-23,0.0018691,0.0004446,-0.0011568,0.0000000
2021-03-24,-0.0002594,0.0026565,-0.0023396,0.0000000
2021-03-25,-0.0001938,-0.0021347,0.0009469,0.0000000
2021-03-26,-0.0006254,-0.0036316,-0.0010805,0.0000000
2021-03-29,-0.0021678,-0.0045246,0.0020094,0.0000000
2021-03-30,0.0021921,0.0010374,-0.0001944,0.0000000
2021-03-31,-0.0002149,-0.0038119,-0.0062219,0.0000000
2021-04-01,0.0026606,0.0011759,-0.0017494,0.0000000
2021-04-02,-0.0003042,0.0016787,0.0011688,0.0000000
2021-04-05,0.0018016,-0.0103103,-0.0032279,0.0000000
2021-04-06,0.0022133,0.0101993,-0.0029053,0.0000000
2021-04-07,-0.0006016,-0.0049175,-0.0070742,0.0000000
2021-04-08,-0.0000122,0.0058634,0.0014064,0.0000000
2021-04-09,0.0017819,0.0007776,-0.0023696,0.0000000
2021-04-12,0.0000594,0.0014059,-0.0003528,0.0000000
2021-04-13,0.0014117,0.0023157,0.0008009,0.0000000
2021-04-14,-0.0015422,-0.0005640,-0.0020280,0.0000000
2021-04-15,-0.0006809,0.0016421,-0.0020093,0.0000000
2021-04-16,0.0010979,-0.0027856,-0.0003857,0.0000000
2021-04-19,0.0048380,0.0057357,0.0000161,0.0000000
2021-04-20,-0.0026645,0.0029301,-0.0043169,0.0000000
2021-04-21,-0.0044880,-0.0010584,-0.0047483,0.0000000
2021-04-22,0.0018210,-0.0028879,-0.0001886,0.0000000
2021-04-23,-0.0018363,0.0031977,0.0068064,0.0000000
2021-04-26,0.0009538,-0.0060748,-0.0027655,0.0000000
2021-04-27,0.0006187,0.0027354,-0.0014564,0.0000000
2021-04-28,0.0034819,0.0012630,0.0001702,0.0000000
2021-04-29,-0.0015291,0.0011521,0.0030411,0.0000000
2021-04-30,0.0055662,0.0071081,0.0027884,0.0000000
2021-05-03,0.0022557,-0.0123955,-0.0065690,0.0000000
2021-05-04,-0.0021922,-0.0048591,-0.0025006,0.0000000
2021-05-05,-0.0031603,-0.0046847,-0.0029912,0.0000000
2021-05-06,0.0012331,-0.0044413,-0.0024789,0.0000000
2021-05-07,0.0043831,0.0099936,-0.0015090,-0.0010940
2021-05-10,-0.0041723,-0.0050422,-0.0010156,0.0000000
2021-05-11,0.0008473,0.0070255,-0.0004574,-0.0001591
2021-05-12,-0.0074381,-0.0117535,0.0033941,0.0002730
2021-05-13,-0.0006777,-0.0008475,-0.0013493,0.0000000
2021-05-14,-0.0008879,-0.0001948,0.0000974,0.0000000
2021-05-17,-0.0016708,-0.0011043,-0.0019641,0.0000000
2021-05-18,0.0005601,0.0013009,0.0006723,0.0000000
2021-05-19,0.0015867,-0.0084555,-0.0072762,-0.0002507
2021-05-20,0.0017185,0.0026448,-0.0020592,0.0000000
2021-05-21,-0.0006609,-0.0046011,0.0023015,0.0000000
2021-05-24,0.0000412,-0.0007914,-0.0015156,0.0002595
2021-05-25,0.0011986,0.0042946,0.0010519,0.0000000
2021-05-26,0.0007271,-0.0042733,-0.0004525,0.0000000
2021-05-27,-0.0009096,-0.0122072,-0.0013885,0.0000000
2021-05-28,-0.0010651,0.0011190,-0.0042077,0.0000000
2021-05-31,0.0000000,0.0000000,0.0000000,0.0000000
2021-06-01,0.0008391,-0.0022666,-0.0053955,0.0000000
2021-06-02,-0.0003166,0.0012064,-0.0017449,0.0000000
2021-06-03,-0.0002909,-0.0080967,0.0010017,0.0000000
2021-06-04,0.0018203,0.0122896,-0.0010900,0.0000000
2021-06-07,0.0026687,0.0033525,-0.0011467,0.0000000
2021-06-08,-0.0002674,-0.0018120,-0.0013169,0.0000000
2021-06-09,0.0006665,0.0019703,0.0009952,0.0001395
2021-06-10,-0.0025351,0.0009945,0.0016603,0.0000000
2021-06-11,-0.0028785,0.0056252,0.0021057,0.0000000
2021-06-14,0.0000863,0.0047144,-0.0022452,0.0000000
2021-06-15,-0.0041762,-0.0020044,-0.0013691,0.0000000
2021-06-16,-0.0002015,-0.0001070,-0.0120628,0.0000000
2021-06-17,0.0040789,0.0064692,-0.0045524,-0.0008581
2021-06-18,-0.0070185,0.0022580,0.0068390,0.0000000
2021-06-21,0.0007794,0.0036363,-0.0016534,0.0000000
2021-06-22,-0.0005815,0.0043000,0.0030959,0.0000000
2021-06-23,-0.0000946,-0.0017945,-0.0023416,0.0000000
2021-06-24,-0.0000514,-0.0004946,0.0034296,0.0000000
2021-06-25,-0.0012749,-0.0007257,-0.0019708,0.0000000
2021-06-28,-0.0025399,0.0000177,-0.0028462,0.0000000
2021-06-29,0.0016593,-0.0037373,-0.0025873,0.0000000
2021-06-30,0.0023506,0.0075726,-0.0020137,0.0000000
2021-07-01,-0.0011647,0.0048545,-0.0011681,0.0000000
2021-07-02,-0.0008917,0.0047272,0.0039135,-0.0003292
2021-07-05,-0.0007220,-0.0014607,-0.0001173,0.0000000
2021-07-06,0.0089928,0.0035087,0.0049364,0.0000000
2021-07-07,-0.0011892,-0.0009790,0.0046766,0.0000000
2021-07-08,0.0042661,0.0065758,-0.0029641,0.0000000
2021-07-09,0.0033799,-0.0022820,0.0021281,0.0000000
2021-07-12,-0.0020350,-0.0030517,-0.0043326,0.0000000
2021-07-13,-0.0026389,0.0002089,-0.0075053,0.0000000
2021-07-14,-0.0007970,-0.0074546,0.0005940,0.0000000
2021-07-15,0.0007177,-0.0043525,-0.0036170,0.0000000
2021-07-16,-0.0002773,-0.0015893,-0.0013505,0.0000000
2021-07-19,0.0045494,0.0075572,-0.0009992,0.0000000
2021-07-20,0.0000956,0.0034819,0.0029761,0.0000000
2021-07-21,-0.0004532,0.0035101,-0.0017846,0.0000000
2021-07-22,-0.0006135,-0.0019851,0.0009652,0.0000000
2021-07-23,0.0002142,0.0027337,0.0017620,0.0000000
2021-07-26,0.0029453,-0.0023890,-0.0065920,0.0000000
2021-07-27,-0.0044454,0.0032080,-0.0024419,0.0000000
2021-07-28,0.0006807,0.0036162,0.0024877,0.0000000
2021-07-29,0.0017153,-0.0044958,-0.0027343,0.0000000
2021-07-30,-0.0046964,-0.0048057,-0.0000853,0.0000000
2021-08-02,-0.0018825,-0.0077100,-0.0035065,0.0000000
2021-08-03,-0.0034816,-0.0039156,0.0032379,0.0000000
2021-08-04,0.0005856,0.0071044,0.0053886,0.0000000
2021-08-05,0.0005260,-0.0012507,-0.0023772,0.0000000
2021-08-06,0.0016135,-0.0104647,0.0041614,0.0000000
2021-08-09,-0.0032878,-0.0028364,0.0022902,0.0000000
2021-08-10,0.0014195,0.0013132,-0.0018323,0.0000000
2021-08-11,-0.0047526,-0.0051893,-0.0013983,0.0001378
2021-08-12,-0.0028172,0.0002064,-0.0004404,0.0000000
2021-08-13,0.0063325,0.0070033,-0.0040061,0.0000000
2021-08-16,0.0015945,0.0028680,-0.0024206,0.0000000
2021-08-17,-0.0055295,-0.0060128,0.0011881,0.0003869
2021-08-18,-0.0020776,-0.0056942,0.0014116,0.0000585
2021-08-19,0.0016057,0.0013264,-0.0000796,0.0000000
2021-08-20,-0.0025489,-0.0038618,-0.0003042,0.0000000
2021-08-23,-0.0035097,0.0014897,-0.0012582,0.0000000
2021-08-24,-0.0017095,0.0007376,-0.0030157,0.0000000
2021-08-25,-0.0008533,-0.0061253,0.0008096,0.0000000
2021-08-26,-0.0031679,-0.0029998,-0.0013712,0.0000000
2021-08-27,-0.0032302,-0.0024667,-0.0040502,0.0000000
2021-08-30,0.0011704,0.0007726,-0.0023735,0.0000000
2021-08-31,-0.0032451,-0.0012890,0.0043721,0.0000000
2021-09-01,-0.0015098,-0.0072440,-0.0017815,0.0000000
2021-09-02,-0.0002082,0.0007755,-0.0035527,0.0000000
2021-09-03,-0.0021970,-0.0073449,-0.0002445,0.0002044
2021-09-06,-0.0003402,-0.0010195,0.0006013,0.0000000
2021-09-07,-0.0071265,-0.0066058,0.0009259,0.0000000
2021-09-08,-0.0024229,-0.0022101,0.0039311,0.0000000
2021-09-09,0.0005298,0.0012574,-0.0008155,0.0000000
2021-09-10,-0.0015524,-0.0028903,-0.0008848,0.0000000
2021-09-13,0.0021907,0.0028885,-0.0053043,0.0000000
2021-09-14,-0.0016482,0.0058297,0.0014385,0.0003088
2021-09-15,-0.0003987,0.0034718,-0.0028414,0.0000000
2021-09-16,-0.0053812,-0.0068100,0.0020858,0.0000000
2021-09-17,-0.0030073,0.0005279,0.0044602,0.0000000
2021-09-20,0.0011866,0.0045789,-0.0028193,0.0000000
2021-09-21,-0.0044700,-0.0090676,0.0028839,0.0000000
2021-09-22,-0.0011857,-0.0035136,-0.0072673,0.0000000
2021-09-23,0.0028728,0.0023743,-0.0031795,0.0000000
2021-09-24,0.0009942,-0.0038923,-0.0012313,0.0000000
2021-09-27,-0.0009945,-0.0062585,-0.0011878,0.0000000
2021-09-28,0.0033842,-0.0042534,-0.0001648,0.0000000
2021-09-29,-0.0003270,-0.0106029,0.0031955,0.0000000
2021-09-30,0.0016318,0.0058000,-0.0031085,0.0000000
2021-10-01,-0.0037073,-0.0050071,0.0001908,0.0000000
2021-10-04,-0.0044492,-0.0045577,-0.0010373,0.0000000
2021-10-05,0.0003853,-0.0077035,0.0004030,0.0000000
2021-10-06,0.0012708,0.0066231,0.0004938,0.0000000
2021-10-07,-0.0021395,-0.0051377,-0.0040771,0.0000000
2021-10-08,0.0009357,0.0009549,-0.0008247,0.0000000
2021-10-11,0.0015294,0.0084130,-0.0042160,0.0000000
2021-10-12,0.0013891,0.0061714,-0.0023079,0.0000000
2021-10-13,0.0007032,-0.0042218,-0.0050971,0.0006891
2021-10-14,-0.0007218,-0.0057672,0.0010499,0.0000000
2021-10-15,-0.0004179,-0.0013685,-0.0063426,0.0000000
2021-10-18,0.0010620,0.0002486,-0.0009935,0.0000000
2021-10-19,0.0004737,0.0043306,-0.0015972,0.0000000
2021-10-20,-0.0026207,0.0017579,-0.0016992,0.0000000
2021-10-21,-0.0010223,-0.0035264,-0.0045746,0.0000000
2021-10-22,-0.0006178,0.0054177,-0.0028932,0.0000000
2021-10-25,-0.0036482,0.0004233,-0.0034676,0.0000000
2021-10-26,-0.0012425,0.0029129,0.0015725,0.0000696
2021-10-27,-0.0001669,0.0008215,-0.0005848,0.0000000
2021-10-28,0.0051643,0.0035237,-0.0075252,0.0000000
2021-10-29,-0.0086560,-0.0080756,0.0030189,0.0002573
2021-11-01,0.0010903,-0.0017502,-0.0000041,0.0000000
2021-11-02,0.0006798,0.0048539,0.0022127,0.0000000
2021-11-03,-0.0017051,-0.0043194,0.0023654,-0.0001147
2021-11-04,0.0030334,-0.0055981,0.0009134,0.0000000
2021-11-05,-0.0036836,-0.0073873,-0.0041801,0.0000000
2021-11-08,-0.0015906,0.0049159,-0.0030399,0.0000000
2021-11-09,-0.0005212,-0.0012941,0.0043545,0.0000000
2021-11-10,-0.0018788,-0.0145477,-0.0014810,0.0000000
2021-11-11,-0.0001997,0.0012420,-0.0028131,0.0000000
2021-11-12,-0.0013724,0.0004642,-0.0007708,0.0000000
2021-11-15,-0.0007897,-0.0006446,-0.0014968,0.0001826
2021-11-16,0.0004205,-0.0064510,-0.0009493,0.0000000
2021-11-17,-0.0008104,0.0043047,-0.0017211,0.0000000
2021-11-18,0.0004557,0.0010734,0.0015703,0.0000000
2021-11-19,0.0002412,-0.0090822,-0.0053434,-0.0002082
2021-11-22,-0.0053991,-0.0095255,0.0019252,0.0001012
2021-11-23,-0.0018802,-0.0060638,-0.0016799,0.0002234
2021-11-24,-0.0007496,0.0069073,0.0019049,0.0000000
2021-11-25,-0.0012215,-0.0010121,-0.0009685,0.0000000
2021-11-26,0.0013375,-0.0152991,-0.0027182,0.0000000
2021-11-29,0.0006407,-0.0038029,0.0026061,0.0000000
2021-11-30,-0.0046195,-0.0080920,0.0170732,0.0000000
2021-12-01,-0.0029995,-0.0068901,-0.0032801,0.0000000
2021-12-02,0.0006061,0.0028966,-0.0018438,0.0000000
2021-12-03,0.0010391,-0.0027230,0.0042422,-0.0001556
2021-12-06,0.0013991,0.0029601,0.0024806,0.0000000
2021-12-07,0.0004569,0.0000000,-0.0024466,0.0000000
2021-12-08,-0.0013065,0.0032546,0.0011928,0.0000000
2021-12-09,0.0016461,-0.0001022,0.0014421,0.0000000
2021-12-10,-0.0016112,-0.0029336,0.0001508,0.0000000
2021-12-13,0.0019636,-0.0011222,0.0030598,0.0000000
2021-12-14,-0.0005596,-0.0008760,-0.0000507,0.0000000
2021-12-15,-0.0023910,-0.0022591,0.0042753,0.0000000
2021-12-16,0.0005931,-0.0051169,0.0011336,0.0000000
2021-12-17,-0.0054302,-0.0012427,-0.0013323,0.0000000
2021-12-20,0.0013386,-0.0012491,-0.0013426,0.0000000
2021-12-21,-0.0032972,-0.0066972,0.0030079,0.0000000
2021-12-22,-0.0010168,-0.0002999,-0.0020938,0.0000000
2021-12-23,0.0008400,0.0012719,-0.0000524,0.0000000
2021-12-24,-0.0016481,-0.0002789,0.0000555,0.0000000
2021-12-27,-0.0016628,0.0030213,-0.0011325,0.0000000
2021-12-28,-0.0009554,0.0002506,0.0029991,0.0000000
2021-12-29,-0.0040829,-0.0007569,-0.0056600,0.0000000
2021-12-30,-0.0023307,-0.0006097,-0.0008845,0.0000000
2021-12-31,0.0041769,-0.0005708,-0.0030657,0.0000000
2022-01-03,-0.0070997,-0.0006965,0.0062906,0.0000000
2022-01-04,0.0027630,0.0038662,-0.0076655,0.0000000
2022-01-05,0.0021579,0.0015198,-0.0066458,-0.0000725
2022-01-06,-0.0016403,0.0002895,-0.0005556,0.0000000
2022-01-07,-0.0002175,0.0018430,-0.0025119,0.0000000
2022-01-10,0.0015232,0.0072278,-0.0007012,0.0000000
2022-01-11,-0.0009474,0.0017962,-0.0006364,0.0000000
2022-01-12,0.0003940,0.0067947,-0.0016588,-0.0020082
2022-01-13,-0.0021022,-0.0054129,-0.0011379,0.0000000
2022-01-14,-0.0052675,-0.0009781,-0.0015512,0.0000000
2022-01-17,-0.0033869,-0.0032536,-0.0009672,0.0000000
2022-01-18,0.0025800,0.0019126,0.0013018,0.0000000
2022-01-19,0.0008865,-0.0018477,0.0005057,0.0000000
2022-01-20,0.0018008,0.0039530,-0.0060122,0.0000000
2022-01-21,-0.0001614,-0.0050398,-0.0020706,0.0000000
2022-01-24,-0.0023626,-0.0052512,0.0028886,0.0000000
2022-01-25,-0.0007519,0.0004180,0.0019865,0.0000000
2022-01-26,-0.0011563,0.0021313,-0.0054780,0.0000000
2022-01-27,-0.0015593,0.0066411,-0.0016079,0.0000000
2022-01-28,-0.0009991,0.0043056,-0.0020460,0.0000000
2022-01-31,-0.0007551,-0.0034759,0.0040508,0.0000000
2022-02-01,-0.0030632,0.0011734,0.0001261,0.0000000
2022-02-02,0.0006206,0.0018513,0.0016246,0.0000000
2022-02-03,-0.0039719,0.0027360,-0.0043734,0.0000000
2022-02-04,0.0047514,-0.0028709,0.0000435,0.0000000
2022-02-07,-0.0014960,0.0003023,-0.0008832,0.0000000
2022-02-08,-0.0010866,-0.0033538,-0.0002257,0.0000000
2022-02-09,0.0002168,-0.0010885,-0.0000094,0.0000000
2022-02-10,-0.0013543,-0.0058750,-0.0136088,0.0023509
2022-02-11,0.0024060,-0.0026071,-0.0065003,-0.0001951
2022-02-14,-0.0023778,-0.0068153,-0.0001632,0.0001159
2022-02-15,-0.0027842,0.0020566,0.0029932,0.0000000
2022-02-16,-0.0027430,-0.0044749,0.0013887,0.0000000
2022-02-17,-0.0008873,0.0014373,-0.0021060,0.0000000
2022-02-18,-0.0053145,-0.0008638,0.0026048,0.0000000
2022-02-21,0.0004969,-0.0019962,-0.0035080,0.0000000
2022-02-22,0.0027531,0.0026205,-0.0016946,0.0000000
2022-02-23,-0.0017120,-0.0021903,0.0014923,0.0000000
2022-02-24,0.0153600,0.0161685,0.0158740,0.0000000
2022-02-25,-0.0054097,0.0041960,0.0002688,0.0000000
2022-02-28,-0.0107729,-0.0071813,-0.0038743,0.0000000
2022-03-01,0.0016749,0.0018052,-0.0009834,0.0000000
2022-03-02,0.0000086,0.0062033,0.0083543,0.0000000
2022-03-03,0.0009399,0.0006988,0.0016845,0.0000000
2022-03-04,0.0050689,0.0094271,-0.0008443,0.0000000
2022-03-07,0.0040693,-0.0074184,0.0011200,0.0000000
2022-03-08,-0.0024393,0.0002945,0.0012974,0.0000000
2022-03-09,0.0024992,-0.0002436,-0.0002873,0.0000000
2022-03-10,-0.0016655,-0.0017487,-0.0020965,0.0007678
2022-03-11,-0.0011662,0.0002295,-0.0039693,0.0000000
2022-03-14,-0.0032729,0.0005701,-0.0007497,0.0000000
2022-03-15,0.0001500,0.0046741,0.0022947,0.0000000
2022-03-16,-0.0000676,0.0033850,0.0035704,0.0004883
2022-03-17,-0.0000995,0.0028558,-0.0077490,0.0000000
2022-03-18,-0.0013378,0.0029364,-0.0025954,0.0000000
2022-03-21,-0.0016597,0.0000436,-0.0018411,0.0000000
2022-03-22,0.0011413,-0.0026002,0.0009550,0.0000000
2022-03-23,-0.0013488,0.0006193,-0.0017590,0.0000000
2022-03-24,0.0012666,0.0091380,0.0041557,0.0000000
2022-03-25,0.0017776,0.0048677,0.0004094,0.0000000
2022-03-28,-0.0006423,-0.0050143,0.0018621,0.0000000
2022-03-29,-0.0046053,-0.0098123,-0.0011436,0.0000000
2022-03-30,-0.0001502,-0.0017112,-0.0039400,0.0000000
2022-03-31,-0.0011863,-0.0030257,-0.0060212,0.0000000
2022-04-01,0.0004765,0.0019761,0.0018449,0.0000000
2022-04-04,-0.0009646,0.0006877,-0.0027208,0.0000000
2022-04-05,0.0002016,0.0040040,-0.0011309,0.0000000
2022-04-06,-0.0013322,0.0009756,-0.0012278,0.0000000
2022-04-07,-0.0028944,-0.0018389,-0.0005488,0.0000000
2022-04-08,0.0006756,-0.0040425,-0.0001969,0.0000000
2022-04-11,-0.0002801,-0.0032100,-0.0006831,0.0000000
2022-04-12,-0.0039637,0.0032645,-0.0028048,-0.0001273
2022-04-13,-0.0015819,0.0029917,0.0002715,0.0000000
2022-04-14,0.0065331,0.0055536,0.0058875,0.0000000
2022-04-15,-0.0010613,-0.0002592,-0.0000421,0.0000000
2022-04-18,-0.0012699,-0.0000522,-0.0011573,0.0000000
2022-04-19,-0.0024223,-0.0080728,0.0007128,0.0000000
2022-04-20,0.0045674,-0.0095368,-0.0052436,0.0000000
2022-04-21,-0.0031569,0.0043868,0.0008848,0.0000000
2022-04-22,0.0001958,0.0026590,0.0034184,0.0000000
2022-04-25,-0.0024548,-0.0033072,0.0026273,0.0000000
2022-04-26,0.0048688,-0.0066930,0.0008877,0.0000000
2022-04-27,0.0043185,0.0027567,0.0043683,0.0000000
2022-04-28,-0.0077689,0.0035224,-0.0010495,0.0000000
2022-04-29,-0.0033210,0.0027884,0.0001597,0.0000000
2022-05-02,-0.0013549,-0.0010970,-0.0017196,0.0000000
2022-05-03,-0.0010368,-0.0022602,0.0013776,0.0000000
2022-05-04,0.0002894,0.0006370,0.0105362,-0.0011939
2022-05-05,0.0000694,0.0041955,0.0015526,0.0000000
2022-05-06,0.0032766,0.0006525,-0.0058680,0.0000000
2022-05-09,0.0003256,0.0051007,0.0055245,0.0000000
2022-05-10,0.0006922,0.0009476,0.0022338,0.0000000
2022-05-11,0.0011559,-0.0023843,-0.0107238,0.0029785
2022-05-12,0.0018116,0.0056071,-0.0046901,0.0000000
2022-05-13,0.0008406,0.0041466,-0.0020960,0.0000000
2022-05-16,0.0012680,-0.0024045,0.0043018,0.0000000
2022-05-17,-0.0008877,-0.0009652,0.0004609,0.0000000
2022-05-18,-0.0030097,-0.0066959,-0.0045858,0.0000000
2022-05-19,0.0054502,0.0064912,-0.0020865,0.0000000
2022-05-20,-0.0012071,0.0002765,0.0014739,0.0000000
2022-05-23,-0.0031353,-0.0007168,-0.0010498,0.0000000
2022-05-24,-0.0014225,0.0057882,-0.0010177,0.0000000
2022-05-25,0.0012638,0.0017210,0.0003987,0.0000000
2022-05-26,-0.0012392,-0.0057478,0.0000284,0.0000000
2022-05-27,-0.0007998,-0.0002990,0.0009120,0.0000000
2022-05-30,0.0006164,0.0018965,-0.0022602,0.0000000
2022-05-31,-0.0033805,-0.0070687,-0.0034646,0.0000000
2022-06-01,0.0004132,0.0039328,0.0044562,0.0000000
2022-06-02,0.0019658,-0.0005482,0.0001403,0.0000000
2022-06-03,-0.0050290,-0.0062736,-0.0006051,0.0000000
2022-06-06,0.0010899,0.0039751,-0.0022404,0.0000000
2022-06-07,0.0006457,-0.0022562,-0.0051966,0.0000000
2022-06-08,-0.0006174,0.0017257,-0.0044335,0.0000000
2022-06-09,0.0019258,-0.0059482,0.0016734,0.0000000
2022-06-10,-0.0079597,-0.0045521,0.0014514,0.0000000
2022-06-13,0.0015285,0.0048089,0.0036054,0.0000000
2022-06-14,-0.0023840,-0.0015171,-0.0012183,0.0000000
2022-06-15,-0.0017080,-0.0010770,0.0034194,0.0000000
2022-06-16,-0.0006867,0.0113718,0.0050157,0.0000000
2022-06-17,-0.0087310,-0.0068262,0.0091617,0.0000000
2022-06-20,-0.0009096,-0.0020704,-0.0015047,0.0000000
2022-06-21,0.0005338,0.0059956,-0.0045685,0.0000000
2022-06-22,0.0009687,0.0024699,-0.0058273,0.0000000
2022-06-23,-0.0033587,0.0060122,-0.0047095,0.0000000
2022-06-24,-0.0011287,-0.0049210,-0.0037900,0.0000000
2022-06-27,-0.0004925,-0.0008274,-0.0049031,0.0000000
2022-06-28,0.0008844,0.0032727,0.0001174,0.0000000
2022-06-29,-0.0022095,0.0052168,0.0003509,0.0000000
2022-06-30,-0.0006684,0.0022904,0.0012814,0.0000000
2022-07-01,0.0033912,-0.0013696,0.0030661,0.0000000
2022-07-04,-0.0005117,0.0017686,0.0023932,0.0000000
2022-07-05,0.0087961,0.0002350,0.0049015,-0.0007590
2022-07-06,-0.0016664,0.0014921,0.0023330,0.0000000
2022-07-07,0.0002413,-0.0013702,-0.0019062,0.0000000
2022-07-08,-0.0062668,0.0013400,-0.0064783,0.0000000
2022-07-11,0.0005251,-0.0044549,-0.0010391,0.0000000
2022-07-12,-0.0030167,0.0044831,-0.0019740,0.0000000
2022-07-13,-0.0017086,-0.0009202,-0.0084452,0.0000000
2022-07-14,-0.0053640,0.0008796,0.0019222,0.0000000
2022-07-15,0.0033631,-0.0025328,-0.0017211,0.0000000
2022-07-18,0.0032293,0.0002122,-0.0069099,0.0000000
2022-07-19,0.0031560,-0.0010673,-0.0034777,0.0000000
2022-07-20,0.0002063,0.0001113,-0.0021424,0.0000000
2022-07-21,-0.0023111,-0.0054261,0.0001639,0.0004551
2022-07-22,-0.0052683,0.0111211,-0.0087612,0.0000000
2022-07-25,0.0010185,-0.0022895,0.0011608,0.0000000
2022-07-26,-0.0023429,0.0003515,-0.0034367,0.0000000
2022-07-27,-0.0001415,-0.0022235,0.0087933,0.0001675
2022-07-28,-0.0000621,-0.0081219,0.0023145,0.0000000
2022-07-29,0.0030847,0.0063364,-0.0015917,0.0000000
2022-08-01,0.0012672,-0.0054930,-0.0036789,0.0000000
2022-08-02,-0.0012414,-0.0064841,-0.0023402,0.0000000
2022-08-03,-0.0046255,0.0078101,0.0075594,0.0000000
2022-08-04,0.0005906,0.0068203,0.0018380,0.0000000
2022-08-05,0.0053895,0.0135978,-0.0015274,0.0000000
2022-08-08,0.0030245,0.0015566,-0.0044400,0.0000000
2022-08-09,-0.0004230,-0.0005764,-0.0011763,0.0000000
2022-08-10,0.0107694,0.0185578,-0.0089388,0.0000000
2022-08-11,0.0005854,-0.0011351,-0.0014884,0.0000000
2022-08-12,0.0022505,-0.0030690,0.0020481,0.0000000
2022-08-15,0.0009861,-0.0035345,-0.0026099,0.0000000
2022-08-16,-0.0010531,0.0043979,-0.0020653,0.0000000
2022-08-17,0.0034908,0.0041342,0.0034357,0.0002576
2022-08-18,-0.0002253,0.0004493,-0.0007656,0.0000000
2022-08-19,-0.0043647,0.0027541,0.0028134,0.0000000
2022-08-22,0.0002831,-0.0022517,0.0014256,0.0000000
2022-08-23,0.0035523,-0.0064181,-0.0110193,0.0000000
2022-08-24,-0.0002890,-0.0014940,-0.0047008,0.0000000
2022-08-25,-0.0002945,-0.0015590,-0.0002302,0.0000000
2022-08-26,0.0018214,-0.0018744,0.0002395,0.0000000
2022-08-29,0.0012957,-0.0003389,0.0016651,0.0000000
2022-08-30,-0.0048415,-0.0028272,0.0052947,0.0000000
2022-08-31,0.0000479,-0.0000124,-0.0025849,0.0000000
2022-09-01,-0.0061325,-0.0049985,0.0045859,0.0000000
2022-09-02,0.0035721,0.0011786,-0.0070290,0.0000000
2022-09-05,-0.0012522,-0.0002115,-0.0004364,0.0000000
2022-09-06,0.0005686,0.0070681,-0.0012689,0.0000000
2022-09-07,-0.0019218,-0.0035451,0.0002986,0.0000000
2022-09-08,-0.0000925,0.0006322,0.0010541,0.0000000
2022-09-09,-0.0035074,-0.0005589,0.0010993,0.0000000
2022-09-12,0.0007033,0.0021549,-0.0032409,0.0000000
2022-09-13,-0.0148972,-0.0123809,-0.0016803,-0.0008413
2022-09-14,0.0031850,0.0039822,-0.0060059,0.0000000
2022-09-15,-0.0008138,0.0004536,0.0005953,0.0000000
2022-09-16,-0.0022845,0.0028103,-0.0045884,0.0000000
2022-09-19,-0.0017468,-0.0013440,-0.0020892,0.0000000
2022-09-20,-0.0003499,0.0014454,-0.0021292,0.0000000
2022-09-21,-0.0013817,0.0018119,0.0032413,0.0000000
2022-09-22,-0.0018353,-0.0221517,0.0065405,0.0000000
2022-09-23,0.0091521,0.0057613,0.0026245,0.0000000
2022-09-26,-0.0045579,-0.0031592,-0.0020201,0.0000000
2022-09-27,-0.0011931,-0.0025876,-0.0020098,0.0000000
2022-09-28,0.0077164,-0.0002641,0.0025715,0.0000000
2022-09-29,-0.0063996,0.0003486,-0.0019778,0.0000000
2022-09-30,-0.0026484,-0.0025897,-0.0018813,0.0000000
2022-10-03,0.0049823,-0.0033183,-0.0037572,0.0000000
2022-10-04,0.0024659,0.0009995,-0.0006560,0.0000000
2022-10-05,0.0064119,0.0017610,0.0078142,0.0000000
2022-10-06,-0.0050284,0.0000000,0.0004940,0.0000000
2022-10-07,-0.0013357,-0.0014406,-0.0057773,0.0000000
2022-10-10,0.0010439,0.0015644,0.0029879,0.0000000
2022-10-11,0.0011969,-0.0007578,-0.0013202,0.0000000
2022-10-12,-0.0029968,0.0000000,-0.0013694,0.0006828
2022-10-13,-0.0008568,0.0000000,0.0040056,0.0005616
2022-10-14,0.0056064,0.0050012,0.0012198,0.0000000
2022-10-17,0.0048039,-0.0005421,-0.0030617,0.0000000
2022-10-18,0.0005296,0.0005240,0.0008272,0.0000000
2022-10-19,-0.0024822,-0.0022942,-0.0028861,0.0000000
2022-10-20,-0.0033262,0.0015943,-0.0103938,0.0000000
2022-10-21,0.0004960,-0.0025426,0.0024677,0.0000000
2022-10-24,-0.0005380,-0.0030850,-0.0007942,0.0001236
2022-10-25,0.0011344,0.0065430,-0.0069784,0.0000000
2022-10-26,0.0015213,0.0026834,-0.0026931,0.0000000
2022-10-27,-0.0020362,0.0016218,-0.0043923,0.0000000
2022-10-28,0.0001677,0.0024855,-0.0008091,0.0000000
2022-10-31,-0.0026557,0.0010125,-0.0008370,0.0000000
2022-11-01,-0.0011278,-0.0045104,0.0008908,-0.0002981
2022-11-02,0.0002972,0.0003378,-0.0047721,0.0028454
2022-11-03,-0.0014683,-0.0001145,0.0010176,0.0000000
2022-11-04,0.0082345,-0.0041833,0.0017604,0.0000000
2022-11-07,0.0025792,0.0024213,0.0015262,0.0000000
2022-11-08,0.0041721,0.0067203,-0.0071321,0.0000000
2022-11-09,-0.0057973,-0.0057732,-0.0019313,0.0000000
2022-11-10,0.0170217,0.0288910,-0.0070439,-0.0015743
2022-11-11,0.0057969,0.0085840,0.0004883,0.0000000
2022-11-14,-0.0002025,0.0030860,0.0006993,0.0000000
2022-11-15,-0.0013416,-0.0015625,0.0021809,0.0000000
2022-11-16,-0.0001442,-0.0016133,-0.0017080,0.0000000
2022-11-17,-0.0014571,0.0060985,0.0016697,0.0000000
2022-11-18,-0.0001549,-0.0017943,-0.0018235,0.0000000
2022-11-21,0.0004269,0.0040708,0.0022568,0.0000000
2022-11-22,-0.0003349,0.0016666,0.0001895,0.0000000
2022-11-23,-0.0059145,-0.0081723,-0.0035925,0.0000000
2022-11-24,0.0001598,0.0028324,-0.0006060,0.0000000
2022-11-25,-0.0012998,0.0019123,-0.0014880,0.0000000
2022-11-28,-0.0024435,-0.0056676,-0.0021192,0.0000000
2022-11-29,-0.0030139,-0.0013007,-0.0022616,0.0000000
2022-11-30,0.0001357,0.0046341,0.0096613,0.0000000
2022-12-01,0.0024673,0.0019092,-0.0007045,0.0000000
2022-12-02,-0.0048041,-0.0093593,0.0024280,0.0008433
2022-12-05,0.0026567,0.0055389,0.0004282,0.0000000
2022-12-06,0.0005732,-0.0002058,-0.0014024,0.0000000
2022-12-07,-0.0043222,-0.0041422,-0.0002192,0.0000000
2022-12-08,-0.0031708,-0.0014618,-0.0005771,0.0000000
2022-12-09,-0.0016725,-0.0019298,-0.0007028,0.0000000
2022-12-12,0.0005952,0.0027742,0.0016200,0.0000000
2022-12-13,-0.0019286,-0.0130939,-0.0019187,0.0000000
2022-12-14,0.0009990,0.0022849,-0.0008753,0.0000000
2022-12-15,0.0020625,0.0059766,0.0010747,0.0000000
2022-12-16,-0.0002787,0.0012102,0.0003901,0.0000000
2022-12-19,-0.0008969,0.0056143,0.0025089,0.0000000
2022-12-20,0.0002363,0.0044855,-0.0018149,0.0000000
2022-12-21,-0.0005988,-0.0020419,-0.0001700,0.0000000
2022-12-22,0.0023730,0.0010989,-0.0005697,0.0000000
2022-12-23,0.0002134,0.0010187,-0.0002447,0.0000000
2022-12-26,-0.0007442,0.0001747,-0.0004144,-0.0000154
2022-12-27,-0.0001849,0.0010513,-0.0018621,0.0000000
2022-12-28,0.0010614,0.0006061,0.0012621,0.0000000
2022-12-29,0.0007451,0.0017569,0.0000820,0.0000000
2022-12-30,-0.0005661,-0.0011023,0.0018302,0.0000000
2023-01-02,0.0002091,0.0006164,0.0002183,0.0000000
2023-01-03,-0.0011765,-0.0002785,-0.0006181,0.0000000
2023-01-04,0.0000505,0.0070145,0.0018766,0.0000000
2023-01-05,-0.0039664,0.0058435,0.0034959,0.0000000
2023-01-06,-0.0014028,-0.0088183,-0.0021318,0.0000000
2023-01-09,0.0019436,0.0008200,-0.0014201,0.0000000
2023-01-10,-0.0021803,-0.0016927,-0.0006489,0.0000000
2023-01-11,0.0005884,-0.0004919,0.0005000,0.0000000
2023-01-12,-0.0042786,-0.0088150,0.0050867,0.0000000
2023-01-13,-0.0019071,0.0037591,-0.0028986,0.0000000
2023-01-16,-0.0018612,-0.0009659,-0.0009907,0.0000000
2023-01-17,-0.0010917,0.0014095,-0.0026252,0.0000000
2023-01-18,0.0016653,0.0060373,-0.0031041,0.0000000
2023-01-19,-0.0007608,0.0011852,0.0022704,0.0000000
2023-01-20,0.0002395,0.0032501,-0.0020997,0.0000000
2023-01-23,-0.0010150,-0.0043572,-0.0026173,0.0000000
2023-01-24,0.0006144,0.0002758,-0.0016928,0.0000000
2023-01-25,-0.0001102,0.0030157,0.0011546,0.0000000
2023-01-26,0.0021188,0.0029299,0.0048684,0.0000000
2023-01-27,-0.0020382,-0.0004546,0.0018956,0.0000000
2023-01-30,-0.0007756,0.0007927,-0.0021787,0.0000000
2023-01-31,-0.0052581,-0.0017623,-0.0009784,0.0000000
2023-02-01,-0.0001112,0.0032245,0.0045621,0.0000000
2023-02-02,-0.0017605,-0.0023964,-0.0030918,0.0000000
2023-02-03,0.0054464,0.0122077,-0.0038368,0.0000000
2023-02-06,-0.0005831,0.0051722,0.0034137,0.0000000
2023-02-07,-0.0001734,0.0031638,0.0002049,0.0000000
2023-02-08,-0.0001614,-0.0032503,0.0001816,0.0000000
2023-02-09,0.0000289,0.0001521,-0.0002605,0.0000000
2023-02-10,-0.0021917,-0.0052218,-0.0001352,0.0000000
2023-02-13,-0.0013146,0.0017179,-0.0021491,0.0000000
2023-02-14,-0.0029270,-0.0042728,0.0037353,0.0000000
2023-02-15,-0.0017252,0.0041589,0.0010948,0.0000000
2023-02-16,0.0032174,0.0018014,0.0010224,0.0000000
2023-02-17,-0.0032778,-0.0027735,0.0004344,0.0000000
2023-02-20,-0.0004561,0.0000000,-0.0003567,0.0000000
2023-02-21,-0.0018899,0.0000000,-0.0016584,0.0000000
2023-02-22,0.0001270,-0.0017005,0.0003642,0.0000000
2023-02-23,0.0007456,0.0000000,0.0000019,0.0000000
2023-02-24,0.0048512,0.0068205,0.0016267,0.0000000
2023-02-27,-0.0006372,0.0000000,-0.0004298,0.0000000
2023-02-28,0.0006969,0.0025266,-0.0006626,-0.0000348
2023-03-01,-0.0016713,-0.0012689,-0.0007211,0.0000000
2023-03-02,-0.0008188,0.0000000,-0.0018998,0.0000000
2023-03-03,-0.0025119,0.0000000,0.0047050,0.0000000
2023-03-06,0.0000211,0.0001479,-0.0000815,0.0000000
2023-03-07,0.0030485,0.0000000,0.0009562,0.0000000
2023-03-08,-0.0002566,0.0000000,-0.0005590,0.0000000
2023-03-09,0.0011040,0.0002246,-0.0005607,0.0000000
2023-03-10,-0.0054819,-0.0128530,-0.0050451,0.0000000
2023-03-13,-0.0010053,0.0000000,0.0005184,0.0000000
2023-03-14,-0.0010249,0.0000000,-0.0004306,0.0000000
2023-03-15,0.0030836,0.0000000,0.0011193,0.0000000
2023-03-16,-0.0001685,0.0000000,-0.0004388,0.0000000
2023-03-17,0.0011704,0.0058019,-0.0001914,0.0000000
2023-03-20,-0.0011071,0.0000000,-0.0003321,0.0000000
2023-03-21,0.0006074,0.0000000,0.0004792,0.0000000
2023-03-22,-0.0003840,0.0000000,0.0012583,0.0000000
2023-03-23,-0.0002158,0.0000000,-0.0000875,0.0000000
2023-03-24,-0.0000107,0.0000000,0.0001601,0.0000000
2023-03-27,-0.0008426,-0.0038894,-0.0003762,0.0000000
2023-03-28,-0.0000436,-0.0012764,0.0004205,0.0000000
2023-03-29,-0.0000635,0.0000000,0.0005768,0.0000000
2023-03-30,0.0013285,0.0017107,-0.0000930,0.0000000
2023-03-31,-0.0003794,0.0001966,0.0004727,0.0000000
2023-04-03,0.0023149,0.0000000,-0.0004077,0.0000000
2023-04-04,0.0008961,0.0000000,-0.0013385,0.0000000
2023-04-05,0.0008417,0.0032845,-0.0002816,0.0000000
2023-04-06,-0.0021771,-0.0026587,-0.0006016,0.0000000
2023-04-07,0.0000000,0.0000000,0.0000000,0.0000000
2023-04-10,-0.0040695,-0.0126163,0.0009109,0.0000000
2023-04-11,0.0002726,0.0000000,-0.0000319,0.0000000
2023-04-12,-0.0005425,-0.0037976,0.0007218,0.0000000
2023-04-13,0.0012426,0.0039160,-0.0004844,0.0000000
2023-04-14,0.0026279,0.0000000,0.0002072,0.0000000
2023-04-17,0.0010299,0.0000000,0.0008371,0.0000000
2023-04-18,0.0001733,0.0015894,-0.0002240,0.0000000
2023-04-19,-0.0000947,-0.0008922,-0.0000758,0.0000000
2023-04-20,-0.0015732,0.0000000,-0.0007310,0.0000000
2023-04-21,0.0006474,0.0030880,0.0011321,0.0000000
2023-04-24,0.0010490,0.0012594,0.0004666,0.0000000
2023-04-25,0.0010344,0.0017752,0.0006942,0.0000000
2023-04-26,0.0000684,0.0000000,-0.0009563,0.0000000
2023-04-27,0.0005236,0.0000000,-0.0000671,0.0000000
2023-04-28,-0.0007405,0.0000000,-0.0011272,0.0000000
2023-05-01,-0.0003528,-0.0040133,0.0002102,0.0004952
2023-05-02,-0.0003347,-0.0082483,0.0002453,0.0000000
2023-05-03,-0.0002613,0.0000000,-0.0002744,0.0000000
2023-05-04,0.0008707,0.0000000,0.0002900,0.0000000
2023-05-05,-0.0020329,-0.0057183,-0.0018876,0.0000000
2023-05-08,-0.0001914,0.0000000,-0.0002013,0.0000000
2023-05-09,-0.0002096,0.0000000,0.0000000,0.0000000
2023-05-10,-0.0008487,0.0000000,0.0009869,0.0003679
2023-05-11,-0.0000058,0.0000000,0.0005070,0.0000000
2023-05-12,0.0012955,0.0000000,-0.0000521,0.0000000
2023-05-15,-0.0001950,-0.0013650,0.0000000,0.0000000
2023-05-16,-0.0022398,-0.0048289,0.0009876,0.0000000
2023-05-17,-0.0005974,0.0027641,0.0018034,0.0000000
2023-05-18,0.0002037,0.0000000,-0.0004598,0.0000000
2023-05-19,0.0000070,-0.0028066,0.0008420,0.0000000
2023-05-22,-0.0012242,-0.0053343,0.0008078,0.0000000
2023-05-23,0.0000284,0.0000000,-0.0021027,0.0000000
2023-05-24,0.0000000,0.0000000,0.0000000,0.0000000
2023-05-25,0.0002607,0.0000000,-0.0005287,0.0000821
2023-05-26,-0.0020092,-0.0065175,0.0015231,0.0000000
2023-05-29,-0.0002099,-0.0013557,-0.0001784,0.0000000
2023-05-30,-0.0008437,0.0000000,0.0000380,0.0000000
2023-05-31,0.0002424,0.0000000,0.0008214,0.0000000
2023-06-01,-0.0040391,-0.0066931,0.0004285,0.0000000
2023-06-02,0.0016006,0.0000000,0.0004553,0.0000000
2023-06-05,-0.0013341,-0.0052270,-0.0014009,0.0000000
2023-06-06,0.0011456,0.0000000,-0.0001608,0.0000000
2023-06-07,0.0011244,0.0000000,-0.0011124,0.0000000
2023-06-08,0.0013393,0.0000000,-0.0000081,0.0000000
2023-06-09,-0.0005132,0.0000000,-0.0002747,0.0000000
2023-06-12,-0.0004512,0.0000000,0.0005062,0.0000000
2023-06-13,0.0007811,0.0000000,-0.0005419,0.0006080
2023-06-14,0.0030648,0.0042133,-0.0027978,0.0000000
2023-06-15,0.0024092,0.0062433,-0.0015504,0.0000000
2023-06-16,-0.0004129,0.0000000,0.0003404,0.0000000
2023-06-19,-0.0004986,0.0000000,0.0001292,0.0000000
2023-06-20,-0.0008545,0.0000000,0.0003100,0.0000000
2023-06-21,0.0006861,0.0000000,0.0000862,0.0000000
2023-06-22,-0.0016376,0.0000000,0.0004681,0.0000000
2023-06-23,-0.0007197,-0.0068440,0.0008146,0.0000000
2023-06-26,-0.0006057,-0.0031240,0.0009677,0.0000000
2023-06-27,0.0001510,0.0000000,0.0004383,0.0000000
2023-06-28,-0.0020543,0.0034148,-0.0001711,0.0000000
2023-06-29,-0.0002591,0.0000000,-0.0005231,0.0000000
2023-06-30,0.0004405,-0.0025273,-0.0009608,0.0000000
2023-07-03,-0.0015753,0.0000000,-0.0001759,0.0000000
2023-07-04,-0.0008548,-0.0011545,0.0000126,0.0000000
2023-07-05,-0.0000768,0.0000000,-0.0005051,0.0000000
2023-07-06,0.0000572,0.0000000,0.0025422,0.0000000
2023-07-07,-0.0045274,0.0000000,-0.0003597,0.0000000
2023-07-10,0.0000676,0.0000000,0.0003013,0.0000000
2023-07-11,0.0004884,-0.0007261,0.0013830,0.0000000
2023-07-12,-0.0049336,-0.0091614,-0.0007147,-0.0012693
2023-07-13,0.0013804,0.0000000,-0.0003887,0.0000000
2023-07-14,-0.0006441,0.0000000,-0.0013633,0.0000000
2023-07-17,-0.0012837,0.0000000,-0.0002900,0.0000000
2023-07-18,-0.0007653,0.0000000,-0.0013292,0.0000000
2023-07-19,0.0009596,0.0007020,0.0017692,0.0000000
2023-07-20,0.0002136,0.0000000,0.0012725,0.0000000
2023-07-21,0.0005538,0.0000000,-0.0000754,0.0000000
2023-07-24,0.0010004,0.0018548,-0.0001988,0.0000000
2023-07-25,0.0009007,0.0016956,0.0008567,0.0000000
2023-07-26,0.0004150,0.0021220,0.0006323,0.0000000
2023-07-27,-0.0125023,-0.0109255,0.0037848,0.0000000
2023-07-28,-0.0003055,0.0044782,-0.0001980,0.0000000
2023-07-31,-0.0019510,-0.0011089,-0.0060064,0.0000000
2023-08-01,0.0030100,0.0041460,-0.0023563,0.0000000
2023-08-02,-0.0027751,0.0054798,0.0030429,0.0000000
2023-08-03,0.0007152,0.0046564,-0.0014790,0.0000000
2023-08-04,-0.0044733,-0.0068772,-0.0038807,0.0000000
2023-08-07,-0.0005628,-0.0019546,0.0017126,0.0000000
2023-08-08,0.0019903,0.0002884,0.0010628,0.0000000
2023-08-09,0.0020036,0.0034518,0.0004022,0.0000000
2023-08-10,-0.0007189,-0.0046301,-0.0002120,0.0000000
2023-08-11,-0.0003195,-0.0009791,-0.0055762,0.0000000
2023-08-14,-0.0040722,-0.0052386,-0.0013329,0.0000000
2023-08-15,-0.0033370,-0.0053264,-0.0065510,0.0000000
2023-08-16,-0.0015495,0.0032374,-0.0057808,-0.0000871
2023-08-17,-0.0020831,0.0014588,-0.0010862,0.0000000
2023-08-18,0.0001686,0.0007278,-0.0029073,0.0000000
2023-08-21,-0.0004511,0.0063602,0.0046699,0.0000000
2023-08-22,-0.0036296,-0.0009681,0.0004851,0.0000000
2023-08-23,0.0005387,0.0048366,-0.0043434,0.0000000
2023-08-24,0.0030469,0.0019095,-0.0046265,0.0000000
2023-08-25,-0.0031623,-0.0039904,0.0089231,0.0000000
2023-08-28,-0.0006589,0.0007304,0.0005687,0.0000000
2023-08-29,0.0000169,-0.0011346,-0.0014275,0.0000000
2023-08-30,-0.0008319,-0.0044171,-0.0019919,0.0000000
2023-08-31,0.0008031,0.0022487,0.0017983,0.0000000
2023-09-01,-0.0057639,-0.0048018,0.0046983,0.0000000
2023-09-04,-0.0000696,0.0001556,0.0006496,0.0000000
2023-09-05,0.0000470,-0.0062248,0.0014388,0.0000000
2023-09-06,0.0024786,0.0015931,0.0033890,0.0000000
2023-09-07,0.0000989,0.0023520,-0.0006829,0.0000000
2023-09-08,-0.0007219,0.0016807,-0.0030654,0.0000000
2023-09-11,-0.0004888,0.0016231,-0.0011405,0.0000000
2023-09-12,-0.0007949,-0.0032547,-0.0002024,0.0000000
2023-09-13,0.0010504,-0.0019873,-0.0032376,0.0000000
2023-09-14,0.0016276,-0.0013479,-0.0026711,0.0000000
2023-09-15,0.0000591,0.0006763,-0.0013305,0.0000000
2023-09-18,-0.0007781,-0.0005376,-0.0017197,0.0000000
2023-09-19,0.0003506,-0.0005781,-0.0012273,0.0000000
2023-09-20,0.0035999,-0.0037113,-0.0073729,0.0000000
2023-09-21,0.0008606,0.0064877,-0.0034507,0.0000000
2023-09-22,0.0007434,0.0012959,-0.0025631,0.0000000
2023-09-25,0.0030674,0.0036563,0.0038359,0.0000000
2023-09-26,-0.0000853,0.0001796,-0.0017245,0.0000000
2023-09-27,-0.0002501,-0.0037995,-0.0005820,0.0000000
2023-09-28,0.0005902,-0.0006689,-0.0033226,0.0000000
2023-09-29,-0.0044943,-0.0036270,0.0033545,0.0000000
2023-10-02,0.0047501,0.0005812,0.0020495,0.0000000
2023-10-03,-0.0006598,-0.0063878,-0.0009257,0.0000000
2023-10-04,-0.0015226,-0.0011742,0.0062485,0.0000000
2023-10-05,-0.0030855,-0.0042877,0.0006299,0.0000000
2023-10-06,-0.0031588,-0.0046213,0.0005354,0.0000000
2023-10-09,-0.0016368,0.0055093,0.0004397,0.0000000
2023-10-10,-0.0007693,-0.0012384,-0.0010617,0.0000000
2023-10-11,-0.0018059,-0.0035676,-0.0010004,0.0000000
2023-10-12,0.0091377,0.0047827,0.0015167,0.0000000
2023-10-13,-0.0035497,-0.0002595,0.0042769,0.0000000
2023-10-16,-0.0014247,-0.0008041,0.0007244,0.0000000
2023-10-17,0.0010886,-0.0011383,-0.0061923,0.0000000
2023-10-18,0.0008945,0.0001535,-0.0003439,0.0000000
2023-10-19,-0.0030484,0.0009749,0.0021216,0.0000000
2023-10-20,-0.0030766,-0.0009051,-0.0025382,0.0000000
2023-10-23,-0.0005454,0.0001572,0.0003463,0.0000000
2023-10-24,0.0055926,0.0039360,0.0010134,0.0000000
2023-10-25,0.0015238,0.0000437,-0.0035453,0.0000000
2023-10-26,0.0005780,-0.0016889,0.0015230,0.0000000
2023-10-27,0.0006771,0.0057193,-0.0026614,0.0000000
2023-10-30,-0.0008277,-0.0071538,0.0002828,0.0000000
2023-10-31,0.0009000,0.0112847,0.0031765,-0.0014227
2023-11-01,-0.0006229,-0.0018167,0.0069180,0.0000000
2023-11-02,-0.0024871,-0.0025955,0.0028572,0.0000000
2023-11-03,0.0135490,0.0100494,-0.0040025,0.0000000
2023-11-06,-0.0030285,-0.0027268,-0.0043023,0.0000000
2023-11-07,-0.0023349,-0.0019228,-0.0016533,0.0000000
2023-11-08,-0.0006548,0.0012314,-0.0032531,0.0000000
2023-11-09,-0.0024650,-0.0008986,-0.0090564,0.0000000
2023-11-10,0.0010364,0.0004817,0.0019072,0.0000000
2023-11-13,-0.0003033,-0.0014393,-0.0016187,0.0000000
2023-11-14,-0.0170259,-0.0096104,-0.0017569,0.0000000
2023-11-15,-0.0012917,-0.0044396,-0.0048549,0.0000000
2023-11-16,0.0009256,0.0091598,-0.0024414,0.0000000
2023-11-17,0.0013950,0.0022001,-0.0002294,0.0000000
2023-11-20,0.0011564,0.0030581,-0.0000764,0.0000000
2023-11-21,-0.0008322,-0.0037045,-0.0024536,0.0000000
2023-11-22,0.0019991,0.0034657,0.0054000,0.0000000
2023-11-23,-0.0001855,-0.0039175,-0.0013328,0.0000000
2023-11-24,0.0037665,-0.0005236,-0.0038801,0.0000000
2023-11-27,-0.0004914,-0.0019026,0.0022703,0.0000000
2023-11-28,-0.0029373,-0.0082093,-0.0020963,0.0000000
2023-11-29,-0.0007222,-0.0013866,-0.0010920,0.0000000
2023-11-30,-0.0015156,0.0063127,-0.0081219,0.0000000
2023-12-01,0.0018364,0.0024335,0.0008279,0.0001391
2023-12-04,-0.0036012,-0.0031392,0.0035151,0.0000000
2023-12-05,-0.0018717,0.0006183,-0.0028859,0.0000000
2023-12-06,-0.0012153,-0.0001359,-0.0030729,0.0000000
2023-12-07,-0.0003867,0.0132614,0.0002956,0.0000000
2023-12-08,-0.0020994,-0.0046569,-0.0015252,0.0000000
2023-12-11,-0.0016198,-0.0017556,0.0006312,0.0000000
2023-12-12,0.0008457,0.0005208,-0.0009335,0.0000000
2023-12-13,-0.0018879,-0.0058330,0.0120726,0.0000000
2023-12-14,0.0044434,0.0012332,-0.0030786,0.0000000
2023-12-15,0.0011952,-0.0004228,-0.0048079,0.0000000
2023-12-18,-0.0026599,-0.0059233,0.0021145,0.0000000
2023-12-19,0.0009459,-0.0063708,-0.0041293,0.0000000
2023-12-20,-0.0001127,0.0007780,-0.0040436,0.0000000
2023-12-21,-0.0038110,-0.0089635,-0.0008086,0.0000000
2023-12-22,-0.0001867,-0.0012827,0.0009435,0.0000000
2023-12-25,0.0000000,0.0000000,0.0000000,0.0000000
2023-12-26,-0.0023473,0.0015181,0.0015645,0.0000000
2023-12-27,0.0009805,0.0031143,-0.0033399,0.0000000
2023-12-28,-0.0006781,-0.0000909,-0.0094758,0.0000000
2023-12-29,0.0002952,-0.0039727,-0.0055900,0.0000000
2024-01-01,0.0000000,0.0000000,0.0000000,0.0000000
2024-01-02,-0.0084244,0.0026628,-0.0011110,0.0000000
2024-01-03,-0.0003041,0.0075150,0.0015248,0.0000000
2024-01-04,0.0027238,0.0077444,-0.0020863,0.0000000
2024-01-05,-0.0012591,0.0000000,-0.0116802,0.0000000
2024-01-08,-0.0043898,-0.0043065,-0.0042793,0.0000000
2024-01-09,0.0022184,-0.0021413,0.0033442,0.0000000
2024-01-10,0.0006472,0.0042817,-0.0009317,0.0000000
2024-01-11,0.0014211,0.0031493,0.0028125,0.0000000
2024-01-12,-0.0002878,0.0019134,-0.0026032,0.0000000
2024-01-15,-0.0025403,-0.0025824,-0.0005126,0.0000000
2024-01-16,-0.0000883,0.0017010,-0.0024590,0.0000000
2024-01-17,0.0008982,0.0036060,0.0018440,0.0000000
2024-01-18,0.0014525,0.0016764,-0.0007764,0.0000000
2024-01-19,-0.0006030,-0.0002868,0.0005686,0.0000000
2024-01-22,-0.0015499,-0.0027345,-0.0008521,0.0000000
2024-01-23,0.0029997,-0.0076090,0.0036650,0.0000000
2024-01-24,0.0006508,0.0041042,0.0001006,0.0000000
2024-01-25,0.0001894,0.0003699,0.0033757,0.0000000
2024-01-26,0.0024989,0.0017103,0.0001430,0.0000000
2024-01-29,-0.0019100,-0.0016276,0.0030305,0.0000000
2024-01-30,0.0025420,0.0027620,0.0031528,0.0000000
2024-01-31,0.0059385,0.0086890,-0.0124919,0.0000000
2024-02-01,-0.0001642,0.0019424,0.0000242,0.0000000
2024-02-02,-0.0067574,0.0106335,0.0014397,0.0000000
2024-02-05,0.0056407,0.0023762,0.0024684,0.0000000
2024-02-06,-0.0011494,-0.0038324,-0.0013212,-0.0004162
2024-02-07,0.0000322,-0.0009989,-0.0017506,0.0000000
2024-02-08,0.0019275,0.0043907,-0.0014184,0.0000000
2024-02-09,-0.0012453,-0.0007122,-0.0005506,0.0000000
2024-02-12,-0.0004749,0.0019677,-0.0016978,0.0000000
2024-02-13,0.0082539,0.0064833,-0.0032010,0.0000000
2024-02-14,-0.0013389,0.0003371,-0.0007117,0.0000000
2024-02-15,0.0019627,-0.0002830,0.0007862,0.0000000
2024-02-16,-0.0002959,-0.0001476,-0.0026729,0.0004360
2024-02-19,-0.0009597,-0.0015324,0.0010364,0.0000000
2024-02-20,0.0023685,0.0034729,-0.0035652,0.0000000
2024-02-21,0.0002467,0.0003658,0.0018312,0.0000030
2024-02-22,-0.0031199,0.0021794,0.0017323,0.0000000
2024-02-23,-0.0001591,-0.0008252,0.0019098,0.0000000
2024-02-26,0.0002693,0.0010025,0.0011836,0.0000000
2024-02-27,-0.0021679,-0.0020298,-0.0009012,0.0000000
2024-02-28,-0.0008138,0.0000141,-0.0008804,0.0000000
2024-02-29,-0.0024455,-0.0003347,-0.0028064,-0.0004682
2024-03-01,-0.0032462,-0.0043292,-0.0047348,-0.0002249
2024-03-04,-0.0013997,0.0006984,-0.0027170,0.0000000
2024-03-05,-0.0023910,-0.0039155,-0.0062719,0.0000000
2024-03-06,0.0035670,-0.0033008,-0.0039652,0.0000000
2024-03-07,0.0003202,-0.0020894,-0.0012420,0.0000000
2024-03-08,-0.0001996,0.0067344,-0.0024915,0.0000000
2024-03-11,-0.0011755,-0.0024566,-0.0015572,0.0000000
2024-03-12,-0.0028485,0.0022572,0.0000926,0.0000000
2024-03-13,-0.0033537,-0.0026988,-0.0020035,0.0000000
2024-03-14,-0.0082568,-0.0038609,-0.0004662,-0.0016302
2024-03-15,-0.0022809,0.0032142,0.0014536,0.0000000
2024-03-18,0.0010712,-0.0008359,0.0001745,0.0000000
2024-03-19,-0.0033617,0.0021861,-0.0011630,0.0000000
2024-03-20,-0.0038392,-0.0007531,0.0065530,0.0000000
2024-03-21,-0.0093392,-0.0055207,0.0016280,0.0000000
2024-03-22,0.0003605,-0.0021438,0.0011629,0.0000000
2024-03-25,0.0004356,0.0005312,0.0001585,0.0000000
2024-03-26,-0.0016716,0.0020099,-0.0006045,0.0000811
2024-03-27,-0.0003007,0.0002208,0.0001147,0.0000000
2024-03-28,-0.0040894,-0.0012805,-0.0027059,-0.0003378
2024-03-29,-0.0008114,0.0003944,0.0004045,0.0000000
2024-04-01,-0.0026178,-0.0035640,0.0033601,0.0000000
2024-04-02,0.0008410,0.0006692,-0.0030532,0.0000000
2024-04-03,-0.0021500,0.0008196,-0.0034368,-0.0020759
2024-04-04,0.0015813,0.0000000,-0.0029271,0.0000000
2024-04-05,-0.0025092,0.0016193,-0.0024077,0.0000000
2024-04-08,0.0000689,-0.0007834,-0.0014615,0.0000000
2024-04-09,-0.0013018,0.0022829,0.0013942,0.0002198
2024-04-10,0.0103824,0.0094425,0.0018365,0.0000000
2024-04-11,-0.0020192,-0.0016186,0.0077834,0.0004539
2024-04-12,0.0040022,0.0030689,-0.0021058,0.0000000
2024-04-15,0.0013592,0.0040799,0.0015889,0.0000000
2024-04-16,-0.0015831,-0.0022167,0.0007230,0.0000000
2024-04-17,0.0002193,0.0001879,0.0019826,0.0000198
2024-04-18,-0.0024849,-0.0038774,0.0004559,0.0000000
2024-04-19,0.0003921,0.0009368,-0.0032323,0.0000000
2024-04-22,-0.0004433,-0.0009073,0.0009011,0.0000000
2024-04-23,0.0020038,-0.0004645,-0.0026125,0.0001603
2024-04-24,0.0006154,-0.0012330,-0.0000993,0.0000000
2024-04-25,0.0005479,0.0004036,0.0012492,0.0000000
2024-04-26,0.0034453,0.0054790,0.0052657,0.0000000
2024-04-29,-0.0017148,-0.0108604,-0.0011798,0.0000000
2024-04-30,-0.0000077,0.0039472,-0.0028856,0.0000000
2024-05-01,0.0021428,0.0017156,0.0041762,0.0000000
2024-05-02,-0.0021315,-0.0116125,0.0058367,0.0000000
2024-05-03,0.0035242,-0.0032984,0.0047788,0.0000000
2024-05-06,-0.0000889,0.0007996,0.0005478,0.0000000
2024-05-07,-0.0000657,-0.0024930,-0.0050139,0.0000000
2024-05-08,0.0004211,0.0018513,-0.0022958,0.0000000
2024-05-09,-0.0005336,-0.0022725,-0.0006052,0.0000000
2024-05-10,-0.0008228,0.0012496,0.0019799,0.0001875
2024-05-13,0.0022438,0.0000912,-0.0009188,0.0000000
2024-05-14,-0.0024773,-0.0006806,-0.0030173,-0.0000598
2024-05-15,0.0018170,0.0058108,0.0038915,0.0000000
2024-05-16,-0.0025677,0.0063454,-0.0021742,0.0000000
2024-05-17,-0.0034161,-0.0031821,-0.0052609,0.0000000
2024-05-20,0.0002327,-0.0025614,-0.0030551,0.0000000
2024-05-21,-0.0005953,0.0018972,-0.0037490,0.0000000
2024-05-22,0.0023508,0.0007250,-0.0033237,0.0000000
2024-05-23,-0.0002218,0.0015290,-0.0011229,0.0000000
2024-05-24,0.0033609,-0.0006239,-0.0028340,0.0000000
2024-05-27,-0.0022848,-0.0014927,-0.0024107,0.0000000
2024-05-28,-0.0005096,-0.0003376,-0.0013118,0.0000000
2024-05-29,-0.0023863,0.0023587,0.0010978,0.0000000
2024-05-30,0.0054114,-0.0028924,-0.0030739,0.0000000
2024-05-31,-0.0042247,-0.0000369,0.0002952,0.0000000
2024-06-03,-0.0016156,0.0068814,-0.0035947,0.0000000
2024-06-04,0.0024914,0.0036057,-0.0027302,0.0000000
2024-06-05,-0.0021797,0.0010636,0.0055476,0.0003996
2024-06-06,0.0006227,-0.0019419,0.0016058,0.0000000
2024-06-07,-0.0040813,0.0103438,0.0015406,0.0000000
2024-06-10,-0.0008910,0.0005402,0.0009645,0.0000000
2024-06-11,0.0014879,-0.0002907,0.0048720,0.0000000
2024-06-12,0.0083871,0.0108722,-0.0064617,0.0000000
2024-06-13,-0.0026442,-0.0026328,0.0011788,0.0000000
2024-06-14,0.0000594,0.0020212,-0.0000371,0.0000000
2024-06-17,-0.0004843,0.0021199,0.0023808,0.0000000
2024-06-18,-0.0012199,-0.0013538,-0.0002904,-0.0001517
2024-06-19,-0.0003820,0.0009844,-0.0023411,0.0000000
2024-06-20,0.0005168,0.0032499,-0.0027057,-0.0001238
2024-06-21,-0.0004919,-0.0060995,0.0034383,0.0000000
2024-06-24,0.0016816,0.0000873,-0.0010232,0.0000000
2024-06-25,0.0013084,0.0013335,0.0011975,0.0000000
2024-06-26,0.0018712,0.0050165,-0.0003785,0.0000000
2024-06-27,-0.0001816,0.0001651,-0.0006999,0.0002593
2024-06-28,0.0024328,0.0005670,-0.0018570,0.0000000
2024-07-01,0.0037120,0.0044489,0.0028500,-0.0001361
2024-07-02,-0.0009545,0.0014117,-0.0018139,0.0000000
2024-07-03,0.0049022,0.0029434,-0.0079903,0.0000000
2024-07-04,-0.0001017,0.0014553,-0.0011502,0.0000000
2024-07-05,0.0002524,0.0012321,0.0024399,0.0000000
2024-07-08,0.0006040,-0.0021905,-0.0011794,0.0000000
2024-07-09,0.0004804,0.0030434,-0.0008347,0.0000352
2024-07-10,-0.0004304,0.0010421,-0.0009821,-0.0002589
2024-07-11,0.0059245,0.0221812,-0.0026505,0.0000000
2024-07-12,0.0021488,-0.0105407,-0.0047336,0.0000000
2024-07-15,0.0003032,0.0003059,-0.0036379,0.0000000
2024-07-16,-0.0023913,-0.0007714,0.0009841,0.0000000
2024-07-17,0.0012825,0.0037685,0.0022931,0.0000000
2024-07-18,-0.0007451,0.0032038,-0.0038829,0.0000000
2024-07-19,0.0001723,-0.0000065,-0.0027845,0.0000000
2024-07-22,-0.0000634,0.0003131,-0.0001883,0.0000000
2024-07-23,0.0008782,0.0002696,0.0006798,0.0000000
2024-07-24,0.0005275,-0.0099053,-0.0052461,0.0000000
2024-07-25,-0.0020956,-0.0110751,-0.0048020,0.0000000
2024-07-26,-0.0021950,-0.0034468,-0.0003688,0.0000000
2024-07-29,0.0033721,0.0032334,0.0012465,-0.0000884
2024-07-30,-0.0008571,0.0022088,-0.0008238,0.0000000
2024-07-31,-0.0017050,0.0037596,0.0027110,0.0000000
2024-08-01,0.0000573,-0.0015663,-0.0042319,0.0000000
2024-08-02,-0.0057950,-0.0192508,-0.0039763,0.0000000
2024-08-05,0.0004199,-0.0060646,-0.0023444,0.0000000
2024-08-06,-0.0011541,0.0052036,-0.0043580,0.0000000
2024-08-07,-0.0025432,0.0037547,-0.0022923,0.0000000
2024-08-08,-0.0040125,-0.0095064,-0.0011314,-0.0002835
2024-08-09,0.0007369,-0.0044900,-0.0040691,0.0000000
2024-08-12,0.0003000,-0.0044384,-0.0018653,0.0005617
2024-08-13,0.0004360,0.0054709,0.0022993,-0.0009641
2024-08-14,0.0003775,-0.0043341,-0.0070259,0.0000000
2024-08-15,-0.0003037,0.0118096,-0.0067546,0.0000000
2024-08-16,0.0009748,0.0062157,0.0041939,0.0000000
2024-08-19,-0.0037627,0.0015049,-0.0027592,0.0000000
2024-08-20,-0.0006247,0.0057971,-0.0008478,0.0000000
2024-08-21,-0.0030192,-0.0031891,0.0019690,0.0000000
2024-08-22,-0.0033020,-0.0062439,0.0019527,0.0000000
2024-08-23,-0.0092662,-0.0039235,-0.0071150,0.0000000
2024-08-26,-0.0019960,0.0014636,-0.0027264,0.0000000
2024-08-27,-0.0014120,-0.0046273,-0.0011717,-0.0001266
2024-08-28,-0.0008335,-0.0005853,-0.0042929,0.0000000
2024-08-29,0.0043848,0.0036809,0.0021312,0.0000000
2024-08-30,-0.0034259,-0.0041579,-0.0035190,-0.0001538
2024-09-02,-0.0014379,0.0028178,-0.0010025,0.0000000
2024-09-03,-0.0052373,0.0021519,0.0006602,-0.0000680
2024-09-04,-0.0021920,-0.0052725,-0.0069092,-0.0000623
2024-09-05,-0.0002076,0.0016995,0.0043822,0.0000000
2024-09-06,0.0028027,-0.0006313,-0.0002106,-0.0009138
2024-09-09,0.0000819,-0.0026199,-0.0015756,0.0000000
2024-09-10,0.0018778,-0.0053520,0.0026935,0.0000454
2024-09-11,0.0037231,0.0001129,0.0019412,0.0000000
2024-09-12,-0.0001953,-0.0017781,0.0020780,-0.0005393
2024-09-13,-0.0002591,0.0015263,-0.0028516,0.0000000
2024-09-16,0.0002729,0.0033485,0.0001782,0.0000000
2024-09-17,-0.0032445,-0.0067784,-0.0012615,0.0005036
2024-09-18,-0.0002298,0.0005894,0.0029722,0.0000000
2024-09-19,-0.0013441,0.0023048,0.0005935,0.0000000
2024-09-20,0.0036239,0.0045295,0.0072893,0.0000000
2024-09-23,-0.0075110,-0.0007271,-0.0030841,0.0000000
2024-09-24,-0.0011306,-0.0046366,0.0001810,0.0000000
2024-09-25,0.0030288,0.0026571,-0.0035927,0.0000000
2024-09-26,0.0003972,-0.0011893,0.0007898,0.0000000
2024-09-27,-0.0014401,-0.0020137,-0.0001918,0.0000000
2024-09-30,0.0008517,0.0035298,-0.0048060,0.0000000
2024-10-01,0.0018664,0.0029146,0.0002224,0.0000000
2024-10-02,-0.0003672,0.0112439,0.0005418,0.0000000
2024-10-03,0.0016867,-0.0016901,0.0004176,0.0000803
2024-10-04,0.0011975,0.0109496,-0.0026065,0.0000000
2024-10-07,0.0019478,0.0001621,-0.0001292,0.0000000
2024-10-08,-0.0018426,-0.0036517,0.0013067,0.0000000
2024-10-09,0.0014684,0.0028401,-0.0007040,-0.0002862
2024-10-10,-0.0003189,0.0014052,0.0019497,0.0000000
2024-10-11,-0.0000689,0.0023056,-0.0002159,0.0000000
2024-10-14,0.0006912,0.0022694,-0.0023967,0.0000000
2024-10-15,-0.0005673,-0.0000790,-0.0020627,0.0000000
2024-10-16,-0.0000985,0.0007842,-0.0007886,-0.0007203
2024-10-17,-0.0010806,0.0011447,-0.0006767,0.0000000
2024-10-18,-0.0015275,-0.0025813,-0.0000375,-0.0001157
2024-10-21,-0.0004921,0.0019074,0.0001855,0.0000000
2024-10-22,-0.0017693,-0.0002324,-0.0009738,0.0000000
2024-10-23,0.0010513,0.0031217,-0.0010574,0.0000000
2024-10-24,-0.0023114,-0.0011121,0.0016619,0.0000000
2024-10-25,-0.0001420,0.0002878,-0.0026907,0.0000000
2024-10-28,-0.0008732,-0.0018531,0.0014180,0.0000000
2024-10-29,-0.0036232,0.0006460,0.0016561,0.0000000
2024-10-30,0.0002317,0.0000054,-0.0020181,0.0000000
2024-10-31,0.0015723,0.0000000,0.0024547,0.0000000
2024-11-01,0.0006363,0.0005509,0.0006099,0.0000000
2024-11-04,0.0009756,0.0004301,-0.0027319,0.0000000
2024-11-05,0.0011951,0.0006958,-0.0000581,0.0000000
2024-11-06,-0.0019512,-0.0025647,-0.0039664,0.0000000
2024-11-07,0.0039082,-0.0057536,-0.0033703,-0.0004207
2024-11-08,0.0014163,-0.0005086,-0.0025697,0.0000000
2024-11-11,0.0007790,0.0004101,-0.0006526,0.0000000
2024-11-12,0.0013484,0.0030340,0.0004021,-0.0001844
2024-11-13,-0.0022902,0.0000109,0.0008465,-0.0011598
2024-11-14,-0.0013217,0.0000000,-0.0072678,0.0000000
2024-11-15,-0.0017460,0.0029800,-0.0006232,0.0000000
2024-11-18,0.0003271,0.0001083,0.0010829,0.0000000
2024-11-19,-0.0005479,-0.0012607,-0.0015987,0.0000000
2024-11-20,0.0026400,0.0004489,0.0023179,0.0000000
2024-11-21,-0.0003223,0.0005230,-0.0003570,0.0002066
2024-11-22,-0.0019119,-0.0022128,0.0012444,0.0000000
2024-11-25,0.0010745,-0.0018618,0.0045896,0.0000000
2024-11-26,-0.0020025,0.0026338,-0.0003630,0.0000000
2024-11-27,0.0026479,0.0039057,-0.0012302,0.0000000
2024-11-28,-0.0008034,-0.0018701,-0.0007737,0.0000000
2024-11-29,-0.0002566,-0.0001756,0.0010447,0.0000000
2024-12-02,0.0014555,0.0018256,0.0062842,0.0000000
2024-12-03,-0.0025486,0.0042116,0.0013081,0.0000000
2024-12-04,-0.0026581,-0.0003511,-0.0053938,0.0000000
2024-12-05,0.0005484,0.0002202,-0.0001880,0.0000000
2024-12-06,0.0029239,-0.0029393,0.0038840,0.0000000
2024-12-09,-0.0006657,0.0033526,-0.0054963,0.0000000
2024-12-10,0.0004315,0.0026410,0.0033216,-0.0000244
2024-12-11,-0.0006233,-0.0048200,0.0006231,0.0000000
2024-12-12,0.0018966,0.0011008,-0.0008083,0.0000000
2024-12-13,0.0004888,0.0026812,0.0029744,0.0000000
2024-12-16,0.0005315,0.0028946,-0.0028755,0.0000000
2024-12-17,-0.0003190,0.0018153,-0.0000490,0.0000000
2024-12-18,0.0006050,-0.0026665,-0.0098156,0.0000000
2024-12-19,-0.0007151,0.0045159,-0.0006523,0.0000000
2024-12-20,0.0002328,-0.0021247,0.0029961,0.0000000
2024-12-23,-0.0036395,-0.0032210,0.0019557,0.0000000
2024-12-24,-0.0019098,-0.0016654,0.0011814,0.0000000
2024-12-25,0.0000000,0.0000000,0.0000000,0.0000000
2024-12-26,0.0011950,-0.0044735,0.0008439,0.0000000
2024-12-27,-0.0015533,-0.0018119,-0.0001916,0.0000000
2024-12-30,0.0032665,-0.0045305,0.0020434,0.0000000
2024-12-31,0.0007710,-0.0063693,-0.0001335,0.0000000
2025-01-01,0.0000000,0.0000000,0.0000000,0.0000000
2025-01-02,0.0039031,0.0021735,0.0018655,0.0000000
2025-01-03,-0.0014882,0.0002854,0.0017994,0.0000000
2025-01-06,0.0021565,-0.0009414,0.0052150,0.0000000
2025-01-07,-0.0027365,-0.0033290,0.0015670,0.0000000
2025-01-08,0.0014506,0.0006444,0.0002538,0.0000000
2025-01-09,0.0000908,0.0008557,0.0008167,0.0000000
2025-01-10,-0.0017116,0.0015247,-0.0014308,0.0000000
2025-01-13,-0.0014297,-0.0006821,0.0021214,0.0000000
2025-01-14,-0.0012249,0.0015580,-0.0039868,0.0000000
2025-01-15,-0.0030800,-0.0053119,0.0020451,0.0000000
2025-01-16,-0.0005865,0.0028526,-0.0039997,0.0000000
2025-01-17,-0.0002878,0.0024171,-0.0055308,0.0000000
2025-01-20,-0.0086482,-0.0030699,0.0034779,-0.0002579
2025-01-21,-0.0027546,-0.0027250,-0.0023492,0.0000000
2025-01-22,-0.0020128,-0.0043943,0.0021432,0.0000000
2025-01-23,-0.0008788,0.0018710,0.0022825,0.0000000
2025-01-24,0.0009620,-0.0023778,-0.0056689,0.0000000
2025-01-27,0.0016570,0.0049470,0.0011270,0.0000000
2025-01-28,-0.0005022,-0.0000448,-0.0002607,0.0000000
2025-01-29,-0.0013836,0.0007807,-0.0036782,0.0000000
2025-01-30,-0.0007776,0.0022439,0.0000439,0.0000000
2025-01-31,-0.0016220,-0.0017962,-0.0052218,0.0000000
2025-02-03,0.0084874,0.0049273,-0.0073175,0.0000000
2025-02-04,-0.0011083,0.0038566,-0.0050678,0.0000000
2025-02-05,0.0015409,0.0063826,-0.0057455,0.0000000
2025-02-06,-0.0022869,-0.0067899,-0.0019953,0.0000000
2025-02-07,-0.0031758,0.0023235,0.0005051,0.0000000
2025-02-10,-0.0012915,-0.0058488,-0.0025896,0.0000000
2025-02-11,-0.0004124,-0.0047044,0.0000437,0.0000000
2025-02-12,-0.0008551,-0.0064644,-0.0026571,0.0000000
2025-02-13,-0.0016373,0.0060424,-0.0050481,0.0000000
2025-02-14,0.0034395,-0.0043968,-0.0031562,0.0000000
2025-02-17,-0.0000869,0.0026289,-0.0008807,0.0000000
2025-02-18,-0.0012965,0.0018905,-0.0035954,0.0001031
2025-02-19,-0.0012249,-0.0022631,0.0000547,0.0000000
2025-02-20,0.0011534,-0.0062322,-0.0023430,0.0000000
2025-02-21,0.0021773,0.0061340,-0.0001825,0.0000000
2025-02-24,0.0007422,0.0007336,-0.0002501,0.0000000
2025-02-25,-0.0008269,-0.0030014,0.0009594,0.0000000
2025-02-26,-0.0018133,-0.0015881,-0.0032549,0.0000000
2025-02-27,-0.0007434,0.0014824,-0.0004206,0.0000000
2025-02-28,0.0002235,0.0006653,-0.0031875,0.0000000
2025-03-03,-0.0043068,-0.0010311,-0.0057121,0.0000000
2025-03-04,-0.0016937,0.0051825,0.0053423,0.0000000
2025-03-05,0.0031950,0.0020765,0.0001513,0.0000000
2025-03-06,-0.0007577,-0.0007890,-0.0018771,0.0000000
2025-03-07,-0.0020086,-0.0014799,-0.0036037,0.0000000
2025-03-10,-0.0038795,0.0000515,0.0009145,0.0000000
2025-03-11,0.0001842,-0.0007413,-0.0009913,0.0000000
2025-03-12,-0.0026111,-0.0024028,-0.0013545,0.0000000
2025-03-13,-0.0015509,-0.0041800,-0.0005094,0.0000000
2025-03-14,-0.0025649,-0.0050883,-0.0011777,0.0000000
2025-03-17,0.0042725,-0.0007084,-0.0025070,0.0000000
2025-03-18,0.0000583,-0.0031062,-0.0023206,0.0000000
2025-03-19,0.0005293,0.0012654,0.0033651,0.0000000
2025-03-20,-0.0008509,-0.0001181,-0.0014547,0.0000000
2025-03-21,0.0009068,0.0009936,0.0009893,0.0000000
2025-03-24,-0.0008923,-0.0080323,0.0018480,0.0000000
2025-03-25,0.0026543,0.0052073,-0.0012577,0.0000000
2025-03-26,-0.0014453,-0.0035634,-0.0006004,0.0000000
2025-03-27,-0.0014065,0.0004318,-0.0011777,0.0000000
2025-03-28,-0.0012786,-0.0038667,-0.0006658,0.0000000
2025-03-31,0.0050569,0.0025955,0.0014160,0.0000000
2025-04-01,-0.0030709,0.0023149,-0.0057180,0.0000000
2025-04-02,-0.0021950,-0.0003202,-0.0016881,0.0000000
2025-04-03,-0.0132962,-0.0137695,-0.0108723,0.0000000
2025-04-04,0.0090727,-0.0054315,-0.0037906,0.0000000
2025-04-07,-0.0056192,0.0119704,0.0045977,0.0000000
2025-04-08,0.0014533,-0.0005070,0.0053611,0.0000000
2025-04-09,-0.0012277,-0.0054391,0.0036405,0.0000000
2025-04-10,0.0017243,0.0104201,-0.0036984,0.0000000
2025-04-11,0.0002359,-0.0044465,0.0048757,0.0000000
2025-04-14,0.0001809,0.0011481,-0.0036459,0.0000000
2025-04-15,-0.0008743,0.0034523,-0.0045180,0.0000000
2025-04-16,-0.0002247,-0.0027143,-0.0011867,0.0000000
2025-04-17,0.0009230,-0.0043874,0.0022528,0.0000000
2025-04-18,0.0000581,-0.0007585,-0.0000973,0.0000000
2025-04-21,-0.0018349,-0.0023241,0.0019122,0.0000000
2025-04-22,0.0004138,-0.0028815,-0.0035373,0.0000000
2025-04-23,0.0000903,0.0044265,-0.0009779,0.0000000
2025-04-24,0.0005258,0.0005050,-0.0002631,0.0000000
2025-04-25,-0.0007739,-0.0035910,0.0011086,0.0000000
2025-04-28,0.0029542,0.0044886,-0.0021093,0.0000000
2025-04-29,-0.0027227,-0.0000178,0.0022754,0.0000000
2025-04-30,-0.0008932,-0.0011403,-0.0020403,0.0000000
2025-05-01,0.0001076,-0.0059251,0.0009469,0.0000000
2025-05-02,-0.0003023,0.0062217,-0.0077620,0.0000000
2025-05-05,0.0010514,-0.0034756,-0.0005861,0.0000000
2025-05-06,0.0011497,0.0025931,0.0014473,0.0000000
2025-05-07,-0.0004724,0.0006290,-0.0041784,0.0000000
2025-05-08,-0.0008239,-0.0041095,-0.0030752,0.0000000
2025-05-09,0.0006783,0.0008277,-0.0019794,0.0000000
2025-05-12,0.0003251,0.0014384,-0.0016063,0.0000000
2025-05-13,0.0019536,-0.0000469,0.0005598,0.0000000
2025-05-14,-0.0008737,0.0033704,-0.0017090,0.0000000
2025-05-15,0.0008128,-0.0002684,0.0019767,0.0000000
2025-05-16,-0.0013759,0.0037105,0.0021703,0.0000000
2025-05-19,0.0011972,-0.0003528,-0.0023655,0.0000000
2025-05-20,-0.0014999,-0.0024414,-0.0006399,0.0000000
2025-05-21,-0.0014252,-0.0013710,-0.0017955,0.0000000
2025-05-22,-0.0014284,-0.0039463,0.0002111,0.0000000
2025-05-23,0.0028954,0.0034138,0.0006675,0.0000000
2025-05-26,0.0005050,-0.0007359,-0.0015644,0.0000000
2025-05-27,0.0016016,0.0034697,0.0006744,0.0000000
2025-05-28,-0.0017422,-0.0038681,-0.0012924,0.0000000
2025-05-29,0.0025208,0.0044632,0.0014637,0.0000000
2025-05-30,-0.0001352,0.0011746,-0.0001510,0.0000000
2025-06-02,0.0006188,0.0011190,-0.0019283,0.0000000
2025-06-03,-0.0021275,-0.0051994,-0.0017286,0.0000000
2025-06-04,0.0034224,-0.0051828,-0.0021782,0.0000000
2025-06-05,0.0015861,0.0004840,-0.0021791,0.0000000
2025-06-06,-0.0022863,-0.0053423,0.0010602,0.0000000
2025-06-09,-0.0010493,-0.0025616,-0.0003846,0.0000000
2025-06-10,-0.0017267,0.0001983,-0.0014776,0.0000000
2025-06-11,0.0016384,0.0015395,-0.0004544,0.0000000
2025-06-12,-0.0052824,-0.0008549,0.0012161,0.0000000
2025-06-13,0.0009006,0.0016107,-0.0029105,0.0000000
2025-06-16,0.0012953,0.0005730,-0.0023692,0.0000000
2025-06-17,0.0010369,-0.0036078,-0.0024337,-0.0001118
2025-06-18,-0.0003229,-0.0009373,-0.0027496,0.0000000
2025-06-19,-0.0000156,0.0015578,0.0025596,0.0000000
2025-06-20,-0.0008315,0.0025445,0.0011026,0.0000000
2025-06-23,-0.0004564,-0.0041269,-0.0033190,0.0000000
2025-06-24,-0.0027070,-0.0031661,-0.0020243,0.0000000
2025-06-25,-0.0011439,0.0019470,0.0008394,0.0000000
2025-06-26,-0.0016938,-0.0019557,-0.0007158,0.0000000
2025-06-27,0.0012395,0.0021148,0.0006353,0.0000000
2025-06-30,-0.0010581,0.0016858,0.0003653,0.0000000
2025-07-01,-0.0015767,-0.0022151,0.0019448,0.0000000
2025-07-02,0.0023587,0.0006355,0.0020184,0.0000000
2025-07-03,-0.0000540,0.0071761,-0.0023378,0.0006192
2025-07-04,0.0003877,0.0005947,-0.0002696,0.0000000
2025-07-07,-0.0005932,0.0036627,-0.0041334,0.0000000
2025-07-08,-0.0063720,-0.0055475,0.0052189,0.0000000
2025-07-09,-0.0001235,-0.0024523,0.0001579,0.0000000
2025-07-10,0.0022345,0.0013242,0.0018683,0.0000000
2025-07-11,-0.0025583,-0.0031642,0.0007287,0.0000000
2025-07-14,-0.0016729,0.0004352,-0.0010714,0.0000000
2025-07-15,-0.0045878,0.0065758,0.0057585,0.0000000
2025-07-16,0.0018294,-0.0027924,0.0020689,0.0000000
2025-07-17,-0.0007020,-0.0016687,-0.0011488,0.0000000
2025-07-18,-0.0003690,-0.0020318,-0.0020832,0.0000000
2025-07-21,-0.0029323,-0.0044692,-0.0024616,0.0000000
2025-07-22,0.0039578,0.0079549,-0.0020431,0.0000000
2025-07-23,0.0000791,0.0019939,0.0017346,0.0000000
2025-07-24,0.0003988,0.0022328,-0.0021492,0.0000000
2025-07-25,0.0010774,0.0022462,0.0005253,0.0000000
2025-07-28,0.0014716,-0.0002353,-0.0028366,0.0000000
2025-07-29,-0.0009229,-0.0008458,0.0002033,0.0000000
2025-07-30,0.0045171,0.0055796,-0.0039450,0.0000000
2025-07-31,0.0011531,0.0071479,-0.0027658,0.0000000
2025-08-01,-0.0061014,0.0164913,-0.0016590,0.0000000
2025-08-04,-0.0016541,-0.0042169,-0.0004269,0.0000000
2025-08-05,-0.0002613,0.0002673,-0.0025276,0.0000000
2025-08-06,-0.0018366,-0.0013220,0.0013714,0.0000000
2025-08-07,-0.0031307,-0.0049002,0.0028723,0.0000000
2025-08-08,-0.0010963,-0.0036159,-0.0015476,0.0000000
2025-08-11,0.0029876,-0.0047421,0.0016928,0.0000000
2025-08-12,0.0019603,0.0005568,-0.0004595,0.0000000
2025-08-13,0.0007477,0.0025500,-0.0036084,0.0000000
2025-08-14,0.0009576,0.0063903,-0.0015342,0.0000000
2025-08-15,0.0002256,0.0009393,-0.0030399,0.0000000
2025-08-18,-0.0041417,0.0033144,0.0027542,0.0000000
2025-08-19,0.0011442,0.0000141,-0.0006386,0.0000000
2025-08-20,-0.0002498,-0.0047221,-0.0013234,0.0000000
2025-08-21,-0.0025003,0.0039233,0.0005382,0.0000000
2025-08-22,0.0095439,-0.0127566,-0.0148844,0.0000000
2025-08-25,-0.0002363,0.0008790,-0.0057271,0.0000000
2025-08-26,0.0002180,0.0012635,-0.0019404,0.0000000
2025-08-27,-0.0017093,0.0006263,0.0003445,0.0000000
2025-08-28,-0.0017344,0.0013198,0.0005650,0.0000000
2025-08-29,0.0003560,0.0011834,-0.0059433,0.0000000
2025-09-01,-0.0006756,0.0015399,-0.0015444,0.0000000
2025-09-02,0.0003407,-0.0045124,-0.0079916,0.0000000
2025-09-03,-0.0037502,-0.0044014,-0.0031024,0.0000000
2025-09-04,0.0009300,0.0026470,0.0030117,0.0000000
2025-09-05,0.0050040,0.0085140,-0.0022039,0.0000000
2025-09-08,0.0002706,-0.0018098,0.0017723,0.0000000
2025-09-09,0.0014275,-0.0010205,-0.0015099,0.0000000
2025-09-10,0.0011643,0.0005661,-0.0051845,0.0000000
2025-09-11,-0.0032686,-0.0046850,-0.0016887,0.0000000
2025-09-12,0.0000711,0.0014532,-0.0005226,0.0000000
2025-09-15,-0.0004608,0.0002078,0.0020265,0.0000000
2025-09-16,0.0017697,0.0026495,-0.0018449,0.0000000
2025-09-17,-0.0011616,-0.0026760,-0.0005316,0.0000000
2025-09-18,-0.0072465,-0.0070886,0.0018000,0.0000000
2025-09-19,-0.0005099,-0.0005034,-0.0035684,0.0000000
2025-09-22,0.0001820,-0.0019725,0.0022842,0.0000000
2025-09-23,-0.0018924,0.0001076,-0.0001637,0.0000000
2025-09-24,-0.0025668,-0.0053148,-0.0014031,0.0000000
2025-09-25,0.0046368,0.0060065,0.0007673,0.0000000
2025-09-26,-0.0029541,-0.0027687,-0.0005239,0.0000000
2025-09-29,-0.0011513,-0.0007266,0.0001957,0.0000000
2025-09-30,-0.0019867,0.0027081,-0.0035383,0.0000000
2025-10-01,-0.0003041,0.0018629,0.0005736,0.0000000
2025-10-02,-0.0060137,-0.0021028,0.0049994,0.0000000
2025-10-03,0.0005202,-0.0004102,-0.0004145,0.0000000
2025-10-06,-0.0035398,0.0003480,-0.0032748,0.0000000
2025-10-07,-0.0009010,-0.0039921,-0.0023059,0.0000000
2025-10-08,0.0015477,-0.0003345,-0.0010100,0.0000000
2025-10-09,-0.0001962,-0.0002949,0.0022076,0.0000000
2025-10-10,0.0003801,-0.0028212,-0.0004278,0.0000000
2025-10-13,0.0012232,0.0003389,0.0004348,0.0000000
2025-10-14,-0.0050640,-0.0009992,-0.0034230,0.0000000
2025-10-15,-0.0000591,0.0009186,-0.0022276,0.0000000
2025-10-16,0.0000309,-0.0032633,-0.0021288,0.0000000
2025-10-17,0.0015931,0.0047426,0.0025920,0.0000867
2025-10-20,0.0000006,-0.0011562,-0.0024092,0.0000000
2025-10-21,-0.0014665,-0.0049828,-0.0015370,0.0000000
2025-10-22,-0.0003481,0.0002389,-0.0040431,0.0000000
2025-10-23,-0.0007365,-0.0009108,-0.0012022,0.0000000
2025-10-24,0.0002186,0.0002694,0.0029877,0.0000000
2025-10-27,-0.0014666,-0.0020405,-0.0014168,0.0000000
2025-10-28,0.0024565,-0.0016681,-0.0032969,0.0000000
2025-10-29,0.0025261,0.0004536,-0.0086139,0.0000000
2025-10-30,0.0002094,0.0022269,-0.0017291,0.0000000
2025-10-31,0.0004288,0.0000594,0.0007864,0.0000000
2025-11-03,0.0018204,-0.0002537,-0.0007661,0.0000000
2025-11-04,0.0026021,-0.0021669,-0.0040787,0.0000000
2025-11-05,-0.0006126,-0.0061842,0.0005928,0.0000000
2025-11-06,0.0020841,0.0037413,0.0038494,0.0000000
2025-11-07,-0.0007824,-0.0029234,0.0002298,0.0000000
2025-11-10,-0.0036039,-0.0012262,0.0044524,0.0000000
2025-11-11,-0.0001540,-0.0031845,-0.0000454,0.0000000
2025-11-12,-0.0003633,-0.0002946,-0.0031325,0.0000000
2025-11-13,-0.0012674,0.0022246,-0.0058500,0.0000000
2025-11-14,-0.0026294,0.0007956,0.0005226,0.0000000
2025-11-17,0.0010012,0.0035583,-0.0046258,0.0000000
2025-11-18,0.0000225,0.0009275,0.0043467,0.0000000
2025-11-19,0.0059017,0.0064719,0.0000687,0.0000000
2025-11-20,-0.0011804,-0.0040748,-0.0012400,0.0000000
2025-11-21,-0.0029511,-0.0029767,0.0057852,0.0000000
2025-11-24,-0.0007758,-0.0009034,-0.0002832,0.0000000
2025-11-25,-0.0009323,0.0023750,0.0022859,0.0000000
2025-11-26,-0.0016874,-0.0003715,-0.0049372,0.0000000
2025-11-27,-0.0017574,-0.0002614,-0.0015989,0.0000000
2025-11-28,-0.0006263,-0.0025632,-0.0064951,0.0000000
2025-12-01,-0.0022022,-0.0031174,-0.0032057,0.0000000
2025-12-02,-0.0007595,-0.0010850,-0.0005317,0.0000000
2025-12-03,0.0002308,0.0032328,-0.0008062,0.0000000
2025-12-04,0.0005159,0.0025252,-0.0058746,0.0000000
2025-12-05,0.0038799,0.0028262,-0.0015346,0.0000000
2025-12-08,0.0013038,0.0033515,0.0047707,0.0000000
2025-12-09,-0.0015435,0.0038589,-0.0002613,0.0000000
2025-12-10,-0.0009029,-0.0016367,0.0065367,0.0000000
2025-12-11,0.0072068,0.0051863,-0.0072750,0.0000000
2025-12-12,-0.0024853,0.0002043,0.0020625,0.0000000
2025-12-15,0.0007524,0.0000608,-0.0045461,0.0000000
2025-12-16,-0.0014019,0.0004984,0.0004251,0.0000000
2025-12-17,0.0027916,-0.0010066,-0.0044255,0.0000000
2025-12-18,0.0009121,0.0023651,-0.0012345,-0.0002821
2025-12-19,0.0002295,0.0039516,0.0016276,0.0000000
2025-12-22,0.0030841,-0.0042710,-0.0031717,-0.0002739
2025-12-23,-0.0012109,-0.0032817,0.0017530,0.0000000
2025-12-24,-0.0000469,-0.0005633,-0.0015420,0.0000000
2025-12-25,0.0000000,0.0000000,0.0000000,0.0000000
2025-12-26,-0.0020002,-0.0008481,-0.0004946,0.0000000
2025-12-29,-0.0000154,-0.0026675,-0.0025758,0.0000000
2025-12-30,-0.0013233,-0.0030080,-0.0026637,0.0000000
2025-12-31,-0.0003178,0.0009787,0.0005144,0.0000000
2026-01-01,0.0000000,0.0000000,0.0000000,0.0000000
2026-01-02,-0.0034442,-0.0026520,-0.0076979,0.0000000
2026-01-05,-0.0003749,0.0021220,-0.0048600,0.0000000
2026-01-06,0.0007441,-0.0026012,0.0016966,0.0000000
2026-01-07,-0.0000842,0.0012332,-0.0005387,0.0000000
2026-01-08,-0.0006975,0.0013329,-0.0033425,0.0000000
2026-01-09,0.0003781,0.0020071,0.0003866,0.0000000
2026-01-12,-0.0004645,-0.0020343,-0.0012590,0.0000000
2026-01-13,0.0010988,-0.0001416,0.0020977,0.0000000
2026-01-14,-0.0012617,0.0073831,-0.0062600,0.0000000
2026-01-15,-0.0020980,-0.0016423,-0.0020594,0.0000000
2026-01-16,-0.0013217,-0.0015738,0.0020265,0.0000000
2026-01-19,0.0016906,-0.0005162,-0.0023608,0.0000000
2026-01-20,-0.0009954,-0.0012538,-0.0046963,0.0000000
2026-01-21,-0.0000131,-0.0035537,-0.0007344,0.0000000
2026-01-22,-0.0031718,0.0034572,-0.0027670,0.0000000
2026-01-23,0.0042593,0.0000201,0.0050851,0.0000000
2026-01-26,0.0045575,0.0007151,-0.0109467,0.0000000
2026-01-27,-0.0161143,0.0123221,-0.0027824,0.0000000
2026-01-28,0.0006365,-0.0070191,0.0010930,0.0000000
2026-01-29,0.0044128,-0.0044151,0.0086034,0.0000000
2026-01-30,0.0025423,0.0021437,-0.0043892,0.0000000
2026-02-02,-0.0024036,0.0054046,0.0030894,0.0000000
2026-02-03,0.0002216,0.0012820,-0.0040364,0.0000000
2026-02-04,-0.0018301,0.0013524,0.0042306,0.0000000
2026-02-05,-0.0002450,0.0012239,0.0041346,0.0000000
2026-02-06,-0.0040375,-0.0013181,-0.0034575,0.0000000
2026-02-09,0.0018856,0.0056718,-0.0024938,0.0000000
2026-02-10,0.0013561,0.0103596,-0.0040068,0.0000000
2026-02-11,0.0007130,0.0034773,0.0041396,0.0000000
2026-02-12,-0.0005057,0.0019499,-0.0043432,0.0000000
2026-02-13,-0.0016730,-0.0036824,0.0044493,0.0000000
2026-02-16,-0.0020949,-0.0011328,0.0001647,0.0000000
2026-02-17,-0.0063338,-0.0085746,0.0078739,0.0000000
2026-02-18,0.0001418,0.0042472,-0.0056186,0.0000000
2026-02-19,-0.0041462,-0.0015617,-0.0012245,0.0000000
2026-02-20,0.0026633,-0.0053696,-0.0061103,0.0000000
2026-02-23,0.0002273,-0.0023282,-0.0004988,0.0000000
2026-02-24,-0.0004208,0.0001117,-0.0018817,0.0000000
2026-02-25,-0.0011956,0.0003064,-0.0030029,0.0000000
2026-02-26,0.0009742,-0.0004478,0.0004003,0.0000000
2026-02-27,-0.0020292,-0.0006301,-0.0028233,0.0000000
2026-03-02,0.0027847,-0.0056766,0.0062373,0.0000000
2026-03-03,0.0040344,0.0022144,0.0052922,0.0000000
2026-03-04,-0.0044973,0.0018930,-0.0012006,0.0000000
2026-03-05,0.0006863,0.0023418,0.0009116,0.0000000
2026-03-06,0.0017935,-0.0006368,-0.0022617,0.0000000
2026-03-09,0.0025768,0.0019814,0.0010331,0.0000000
2026-03-10,0.0004734,0.0005032,-0.0049495,0.0000000
2026-03-11,0.0012902,0.0024249,0.0006080,0.0000000
2026-03-12,-0.0064937,-0.0034370,-0.0018265,0.0000000
2026-03-13,0.0020459,0.0008121,0.0018566,0.0000000
2026-03-16,0.0007919,0.0002421,0.0008153,0.0000000
2026-03-17,0.0013128,-0.0015868,-0.0005943,0.0000000
2026-03-18,-0.0025726,-0.0044467,-0.0068572,0.0000000
2026-03-19,0.0013813,0.0082955,0.0030836,0.0000000
2026-03-20,0.0028581,0.0030259,-0.0016745,0.0000000
2026-03-23,-0.0092866,-0.0062909,0.0049363,0.0000000
2026-03-24,-0.0023152,-0.0022104,0.0050636,0.0000000
2026-03-25,0.0015297,0.0024261,-0.0000483,0.0000000
2026-03-26,0.0019660,0.0010763,0.0001050,0.0000000
2026-03-27,-0.0004506,0.0018346,0.0012099,0.0000000
2026-03-30,0.0014944,0.0015521,-0.0001862,0.0000000
2026-03-31,0.0002409,0.0037040,0.0048793,0.0000000
2026-04-01,-0.0017955,-0.0022556,-0.0049854,0.0000000
2026-04-02,-0.0008763,-0.0016357,-0.0042545,0.0000000
2026-04-03,-0.0029301,-0.0001595,-0.0008105,-0.0002335
2026-04-06,-0.0001720,-0.0024121,0.0007866,0.0000000
2026-04-07,-0.0005342,0.0004963,0.0008779,0.0000000
2026-04-08,-0.0008815,0.0003138,-0.0032662,0.0000000
2026-04-09,-0.0019679,0.0014124,0.0007446,0.0000000
2026-04-10,-0.0006655,-0.0016540,-0.0008688,0.0000000
2026-04-13,0.0020793,0.0001136,0.0010206,0.0000000
2026-04-14,0.0028776,0.0021803,-0.0020026,0.0000000
2026-04-15,0.0001502,-0.0005759,-0.0009048,0.0000000
2026-04-16,0.0021273,0.0026692,0.0007175,0.0000000
2026-04-17,0.0050821,0.0099622,-0.0032232,0.0000000
2026-04-20,-0.0012643,-0.0021316,-0.0009440,0.0000000
2026-04-21,0.0004388,0.0026614,-0.0015302,0.0000000
2026-04-22,-0.0019397,0.0012792,-0.0013608,0.0000000
2026-04-23,-0.0018224,0.0015523,-0.0057957,0.0000000
2026-04-24,0.0018354,0.0012038,0.0011742,0.0000000
2026-04-27,0.0014628,-0.0001059,-0.0018620,0.0000000
2026-04-28,-0.0019317,0.0014455,0.0008960,0.0000000
2026-04-29,-0.0005202,0.0036459,-0.0031281,0.0000000
2026-04-30,0.0130259,0.0307484,-0.0028071,0.0000000
2026-05-01,0.0003574,-0.0000378,-0.0046982,0.0000000
2026-05-04,0.0002592,-0.0016747,-0.0026755,0.0000000
2026-05-05,0.0011454,0.0032055,-0.0042657,0.0000000
2026-05-06,-0.0013907,-0.0038705,-0.0010396,0.0000000
2026-05-07,0.0004019,-0.0000949,-0.0047742,0.0001390
2026-05-08,-0.0003338,0.0000000,0.0000197,0.0000000
2026-05-11,-0.0005104,-0.0011086,-0.0031520,0.0000000
2026-05-12,0.0006094,-0.0011139,0.0013793,0.0000000
2026-05-13,-0.0001079,0.0000631,-0.0015551,0.0000000
2026-05-14,0.0029871,0.0017772,-0.0000410,0.0000000
2026-05-15,-0.0028010,0.0010150,-0.0008582,0.0000000
2026-05-18,0.0000484,-0.0008337,0.0029480,0.0000000
2026-05-19,0.0013630,-0.0003730,0.0034194,0.0000000
2026-05-20,-0.0001964,-0.0018044,-0.0033269,0.0000000
2026-05-21,0.0010622,-0.0013076,0.0016689,0.0000000
2026-05-22,0.0006676,-0.0004226,0.0010123,0.0000000
2026-05-25,-0.0015589,-0.0005973,-0.0000874,0.0000000
2026-05-26,-0.0004458,0.0008795,-0.0004883,0.0000000
2026-05-27,0.0003968,0.0010919,0.0016556,0.0000000
2026-05-28,-0.0009018,0.0019735,-0.0020365,0.0000000
2026-05-29,-0.0042235,-0.0008243,-0.0040083,-0.0000223
2026-06-01,0.0046039,0.0020242,0.0045561,0.0000000
2026-06-02,0.0002573,-0.0016416,-0.0014084,0.0000000
2026-06-03,-0.0036171,-0.0022921,-0.0020539,0.0000000
2026-06-04,-0.0038417,0.0000000,-0.0011258,0.0000000
2026-06-05,-0.0079474,0.0025954,-0.0023010,-0.0017506
2026-06-08,0.0005109,0.0011553,-0.0011963,0.0000000
2026-06-09,0.0001273,0.0002875,-0.0003606,0.0000000
2026-06-10,-0.0000127,0.0006269,-0.0037708,0.0000000
2026-06-11,-0.0007774,-0.0001929,0.0091098,0.0000000
2026-06-12,-0.0029152,0.0002334,-0.0024074,0.0000000
2026-06-15,-0.0008231,-0.0004547,-0.0035905,0.0000000
2026-06-16,0.0012711,0.0014140,-0.0019441,0.0000000
2026-06-17,-0.0016051,-0.0015023,-0.0077949,0.0000000
2026-06-18,0.0020185,-0.0027696,-0.0073056,0.0000000
2026-06-19,0.0013012,-0.0016831,0.0014936,0.0000000
2026-06-22,-0.0021170,-0.0041978,-0.0044221,0.0000000
2026-06-23,0.0007740,-0.0010119,-0.0013760,0.0000000
2026-06-24,-0.0010114,0.0005340,-0.0006771,0.0000000
2026-06-25,0.0027017,0.0011481,-0.0043659,0.0000000
2026-06-26,-0.0007010,-0.0012210,0.0009725,0.0000000
2026-06-29,0.0004093,0.0008296,0.0005419,0.0000000
2026-06-30,0.0024601,0.0024092,-0.0068960,0.0000000
2026-07-01,-0.0020327,0.0026123,-0.0057039,0.0000000
2026-07-02,0.0035218,0.0038439,-0.0035344,0.0000000
2026-07-03,0.0013979,-0.0051387,-0.0002169,0.0000000
2026-07-06,-0.0009671,-0.0021646,0.0014649,0.0000000
2026-07-07,-0.0011790,0.0002670,-0.0023414,0.0000000
2026-07-08,-0.0037446,0.0036405,0.0011533,0.0000000
2026-07-09,-0.0006081,-0.0000298,-0.0009544,0.0000000
2026-07-10,0.0006354,0.0011043,-0.0000925,0.0000000
2026-07-13,0.0001687,-0.0026283,-0.0002571,0.0000000
2026-07-14,0.0064730,0.0034458,-0.0048892,0.0000000
2026-07-15,-0.0020026,-0.0014541,0.0012641,0.0000000
2026-07-16,-0.0005801,-0.0037553,-0.0009348,0.0000000
2026-07-17,0.0004225,0.0009327,-0.0030364,0.0000000
2026-07-20,-0.0054014,-0.0017630,0.0014677,0.0000000
2026-07-21,0.0016935,0.0039132,0.0010319,0.0000000
2026-07-22,-0.0007415,-0.0018585,-0.0019650,0.0000000
2026-07-23,0.0050418,0.0057367,0.0004126,0.0000000
2026-07-24,-0.0014243,-0.0004538,-0.0045351,0.0000000
2026-07-27,0.0017409,0.0024592,-0.0008220,0.0000000
2026-07-28,0.0004701,0.0009085,-0.0014153,0.0000000
2026-07-29,-0.0007392,0.0028108,0.0102683,-0.0003627
2026-07-30,-0.0154555,-0.0765907,-0.0102634,0.0000000
2026-07-31,-0.0020013,0.0098774,-0.0009247,0.0000000
2026-08-03,-0.0002532,-0.0023084,0.0003554,0.0000000
2026-08-04,0.0003412,-0.0026632,-0.0013997,0.0000000
2026-08-05,-0.0015248,-0.0023292,-0.0034102,0.0000000
2026-08-06,0.0009181,0.0030891,-0.0005909,0.0000000
2026-08-07,-0.0028830,-0.0047661,0.0039726,0.0000000
2026-08-10,-0.0004333,0.0040404,-0.0033422,0.0000000
2026-08-11,-0.0021783,-0.0013459,-0.0016406,0.0000000
2026-08-12,-0.0011835,0.0013289,-0.0003019,0.0000000
2026-08-13,0.0024368,0.0015923,-0.0025386,0.0000000
2026-08-14,0.0018595,0.0014132,-0.0042790,0.0000000
2026-08-17,-0.0022202,-0.0032297,-0.0015862,0.0000000
2026-08-18,-0.0008392,-0.0017168,-0.0031775,0.0000000
2026-08-19,-0.0042834,0.0072453,-0.0047439,0.0000000
2026-08-20,-0.0002445,0.0023147,-0.0036078,0.0000000
2026-08-21,0.0010955,-0.0013623,0.0027916,0.0000000
2026-08-24,0.0004369,0.0001568,-0.0010664,0.0001034
2026-08-25,-0.0018660,-0.0018572,-0.0004243,0.0000206
2026-08-26,-0.0048212,-0.0036595,0.0025120,0.0000000
2026-08-27,-0.0006030,0.0000000,-0.0016364,0.0000000
2026-08-28,0.0023173,0.0030542,-0.0010675,0.0000000
2026-08-31,-0.0009686,-0.0013346,-0.0020157,0.0000000
2026-09-01,0.0004248,0.0005873,-0.0009990,0.0000000
2026-09-02,-0.0026003,-0.0083579,-0.0074601,0.0000000
2026-09-03,0.0034578,0.0136761,0.0012749,0.0000000
2026-09-04,0.0004902,-0.0015940,-0.0026817,0.0000000
2026-09-07,0.0000355,0.0097401,-0.0025906,0.0000000
2026-09-08,-0.0016169,0.0013694,-0.0016919,0.0000000
2026-09-09,-0.0000593,-0.0008656,-0.0023666,0.0000000
2026-09-10,-0.0002808,-0.0038738,-0.0063859,0.0000000
2026-09-11,-0.0003091,-0.0057161,-0.0010163,0.0000000
2026-09-14,-0.0007377,0.0022463,0.0025321,0.0000000
2026-09-15,-0.0001137,-0.0016072,-0.0011508,0.0000000
2026-09-16,-0.0006477,0.0005660,-0.0100911,0.0000000
2026-09-17,0.0000377,0.0002347,-0.0004092,0.0000000
2026-09-18,-0.0001001,-0.0005201,0.0031236,0.0000000
2026-09-21,0.0001753,0.0011766,-0.0002866,0.0000000
2026-09-22,0.0010938,-0.0033744,0.0004190,0.0000000
2026-09-23,0.0043169,0.0027436,0.0007043,0.0000000
2026-09-24,-0.0025171,-0.0048422,0.0014463,0.0000000
2026-09-25,0.0000000,0.0000000,0.0000000,0.0000000
