date,K1,K2,K3
2017-01-03,0.0090954,0.0000000,-0.0062073
2017-01-04,0.0030175,0.0000000,-0.0006904
2017-01-05,-0.0064950,0.0000000,0.0013202
2017-01-06,0.0047738,0.0000000,-0.0011344
2017-01-09,0.0013379,0.0000000,0.0003149
2017-01-10,-0.0014870,0.0000000,0.0011140
2017-01-11,0.0047217,0.0000000,-0.0005542
2017-01-12,0.0005537,0.0000000,0.0002881
2017-01-13,0.0001707,0.0000000,-0.0001385
2017-01-16,-0.0035266,0.0000000,0.0012612
2017-01-17,0.0012505,0.0000000,0.0001837
2017-01-18,-0.0020209,0.0000000,-0.0016185
2017-01-19,0.0044404,0.0000000,-0.0015818
2017-01-20,-0.0052441,0.0000000,0.0004322
2017-01-23,-0.0039489,0.0000000,0.0017825
2017-01-24,0.0092921,0.0000000,-0.0017459
2017-01-25,0.0012603,0.0000000,0.0001128
2017-01-26,0.0004351,0.0000000,-0.0008083
2017-01-27,0.0011611,0.0000000,-0.0028294
2017-01-30,-0.0050124,0.0000000,0.0067878
2017-01-31,-0.0023157,0.0000000,0.0135690
2017-02-01,0.0016361,0.0000000,-0.0000749
2017-02-02,0.0025357,0.0000000,0.0007634
2017-02-03,0.0007305,0.0000000,-0.0001522
2017-02-06,-0.0066101,0.0000000,0.0016530
2017-02-07,0.0014764,0.0000000,-0.0002252
2017-02-08,-0.0038470,0.0000000,0.0009028
2017-02-09,0.0051366,0.0000000,-0.0000946
2017-02-10,0.0052795,0.0000000,-0.0001487
2017-02-13,0.0020672,0.0000000,-0.0001709
2017-02-14,0.0032202,0.0000000,-0.0003445
2017-02-15,0.0042584,0.0000000,-0.0007436
2017-02-16,-0.0111331,0.0000000,0.0010080
2017-02-17,-0.0025536,0.0000000,0.0009075
2017-02-20,0.0027785,0.0000000,-0.0002554
2017-02-21,0.0038645,0.0000000,0.0000000
2017-02-22,0.0009787,0.0000000,0.0000000
2017-02-23,-0.0013660,0.0000000,0.0000000
2017-02-24,-0.0058035,0.0000000,-0.0052451
2017-02-27,0.0013101,0.0000000,-0.0036897
2017-02-28,-0.0065586,0.0000000,-0.0046280
2017-03-01,0.0041018,0.0000000,-0.0002021
2017-03-02,-0.0060505,0.0000000,0.0000000
2017-03-03,-0.0048863,0.0000000,0.0000000
2017-03-06,-0.0024663,0.0000000,0.0000000
2017-03-07,-0.0007882,0.0000000,0.0000000
2017-03-08,-0.0049749,0.0000000,0.0000000
2017-03-09,-0.0018472,0.0000000,0.0000000
2017-03-10,0.0026565,0.0000000,0.0000000
2017-03-13,0.0004832,0.0000000,0.0000000
2017-03-14,-0.0007201,0.0000000,0.0000000
2017-03-15,0.0072097,0.0000000,0.0000000
2017-03-16,-0.0084505,0.0000000,0.0000000
2017-03-17,-0.0002953,0.0000000,0.0000000
2017-03-20,0.0032352,0.0000000,0.0000000
2017-03-21,-0.0102374,0.0000000,0.0000000
2017-03-22,-0.0043158,0.0000000,0.0000000
2017-03-23,-0.0039710,0.0000000,0.0000000
2017-03-24,-0.0006962,0.0000000,0.0000000
2017-03-27,-0.0067436,0.0000000,0.0000000
2017-03-28,0.0061376,0.0000000,0.0000000
2017-03-29,0.0066718,0.0000000,0.0000000
2017-03-30,0.0032935,0.0000000,0.0000000
2017-03-31,-0.0011744,0.0000000,0.0000000
2017-04-03,-0.0059851,0.0000000,0.0000000
2017-04-04,-0.0059251,0.0000000,0.0000000
2017-04-05,0.0001552,0.0000000,0.0000000
2017-04-06,0.0006946,0.0000000,0.0000000
2017-04-07,-0.0005665,0.0000000,0.0000000
2017-04-10,0.0036349,0.0000000,0.0000000
2017-04-11,-0.0083491,0.0000000,0.0000000
2017-04-12,-0.0016308,0.0000000,-0.0004603
2017-04-13,0.0038899,0.0000000,0.0004637
2017-04-14,-0.0030089,0.0000000,-0.0008176
2017-04-17,0.0026836,0.0000000,0.0008848
2017-04-18,-0.0100198,0.0000000,-0.0002809
2017-04-19,-0.0054076,0.0000000,-0.0009385
2017-04-20,0.0052065,0.0000000,0.0013119
2017-04-21,-0.0027421,0.0000000,0.0001939
2017-04-24,0.0042944,0.0000000,0.0022015
2017-04-25,-0.0031812,0.0000000,0.0006491
2017-04-26,-0.0088365,0.0000000,-0.0016737
2017-04-27,-0.0001913,0.0000000,-0.0002936
2017-04-28,0.0012060,0.0000000,-0.0004556
2017-05-01,0.0066233,0.0000000,0.0018924
2017-05-02,-0.0012278,0.0000000,-0.0003808
2017-05-03,-0.0039064,0.0000000,-0.0021990
2017-05-04,-0.0091459,0.0000000,-0.0028820
2017-05-05,0.0081385,0.0000000,-0.0000631
2017-05-08,0.0072453,0.0000000,0.0000274
2017-05-09,0.0055381,0.0000000,-0.0011676
2017-05-10,0.0073445,0.0000000,0.0019007
2017-05-11,-0.0082106,0.0000000,0.0012207
2017-05-12,-0.0070496,0.0000000,-0.0014969
2017-05-15,0.0051446,0.0000000,0.0015285
2017-05-16,-0.0085458,0.0000000,-0.0020671
2017-05-17,-0.0130691,0.0000000,-0.0041097
2017-05-18,0.0009462,0.0000000,0.0018353
2017-05-19,0.0000525,0.0000000,-0.0011383
2017-05-22,0.0059965,0.0000000,0.0007400
2017-05-23,0.0042961,0.0000000,0.0023189
2017-05-24,0.0031774,0.0000000,0.0011203
2017-05-25,-0.0046459,0.0000000,-0.0023404
2017-05-26,0.0007986,0.0000000,0.0022800
2017-05-29,0.0005649,0.0000000,-0.0007285
2017-05-30,-0.0003034,0.0000000,0.0003163
2017-05-31,-0.0082917,0.0000000,-0.0037516
2017-06-01,0.0008673,0.0000000,-0.0019704
2017-06-02,-0.0018680,0.0000000,0.0019507
2017-06-05,0.0041806,0.0000000,0.0028006
2017-06-06,-0.0034752,0.0000000,-0.0000437
2017-06-07,0.0047367,0.0000000,0.0017341
2017-06-08,0.0033055,0.0000000,0.0006811
2017-06-09,0.0026974,0.0000000,0.0034626
2017-06-12,0.0018273,0.0000000,0.0024573
2017-06-13,0.0040311,0.0000000,0.0001609
2017-06-14,0.0037533,0.0000000,0.0003689
2017-06-15,0.0049883,0.0000000,0.0033894
2017-06-16,0.0042038,0.0000000,-0.0004331
2017-06-19,0.0021504,0.0000000,0.0008128
2017-06-20,-0.0025302,0.0000000,-0.0003439
2017-06-21,-0.0066567,0.0000000,-0.0010103
2017-06-22,0.0040605,0.0000000,0.0005376
2017-06-23,-0.0005440,0.0000000,-0.0008936
2017-06-26,0.0067168,0.0000000,-0.0000628
2017-06-27,-0.0049517,0.0000000,-0.0012036
2017-06-28,0.0084270,0.0000000,0.0006739
2017-06-29,-0.0002161,0.0000000,-0.0000683
2017-06-30,0.0054166,0.0000000,-0.0005982
2017-07-03,0.0034889,0.0000000,-0.0002534
2017-07-04,-0.0007779,0.0000000,-0.0011662
2017-07-05,-0.0014147,0.0000000,0.0003246
2017-07-06,-0.0046408,0.0000000,-0.0014012
2017-07-07,0.0091623,0.0000000,-0.0011229
2017-07-10,0.0013119,0.0000000,-0.0004649
2017-07-11,-0.0034610,0.0000000,-0.0008830
2017-07-12,0.0053773,0.0000000,0.0013238
2017-07-13,0.0081406,0.0000000,0.0004430
2017-07-14,0.0021244,0.0000000,-0.0004605
2017-07-17,-0.0043797,0.0000000,0.0003405
2017-07-18,0.0020649,0.0000000,0.0002889
2017-07-19,0.0024744,0.0000000,0.0006924
2017-07-20,0.0000302,0.0000000,-0.0016808
2017-07-21,-0.0051411,0.0000000,0.0012080
2017-07-24,0.0007941,0.0000000,0.0000517
2017-07-25,0.0069734,0.0000000,-0.0026185
2017-07-26,0.0056887,0.0000000,-0.0013331
2017-07-27,0.0017493,0.0000000,-0.0187647
2017-07-28,0.0046281,0.0000000,0.0082030
2017-07-31,-0.0036374,0.0000000,0.0062861
2017-08-01,-0.0057964,0.0000000,0.0012700
2017-08-02,0.0019059,0.0000000,-0.0021318
2017-08-03,-0.0065150,0.0000000,0.0011049
2017-08-04,0.0019957,0.0000000,0.0006142
2017-08-07,-0.0040713,0.0000000,-0.0002529
2017-08-08,-0.0034087,0.0000000,0.0007610
2017-08-09,-0.0092853,0.0000000,0.0023618
2017-08-10,-0.0117773,0.0000000,0.0013411
2017-08-11,0.0035824,0.0000000,-0.0010288
2017-08-14,0.0039591,0.0000000,-0.0013888
2017-08-15,0.0006195,0.0000000,-0.0001942
2017-08-16,0.0069171,0.0000000,0.0000036
2017-08-17,-0.0108277,0.0000000,0.0022337
2017-08-18,0.0055217,0.0000000,-0.0012642
2017-08-21,-0.0008284,0.0000000,-0.0002252
2017-08-22,0.0024623,0.0000000,-0.0008827
2017-08-23,-0.0075918,0.0000000,0.0002564
2017-08-24,0.0025227,0.0000000,-0.0006461
2017-08-25,-0.0020916,0.0000000,-0.0002427
2017-08-28,0.0004841,0.0000000,-0.0002853
2017-08-29,0.0019760,0.0000000,-0.0003933
2017-08-30,-0.0015252,0.0000000,0.0003192
2017-08-31,0.0006059,0.0000000,-0.0004682
2017-09-01,0.0072627,0.0000000,-0.0013635
2017-09-04,-0.0085717,0.0000000,0.0014458
2017-09-05,0.0016100,0.0000000,0.0005845
2017-09-06,0.0056525,0.0000000,-0.0019669
2017-09-07,-0.0005573,0.0000000,-0.0005102
2017-09-08,-0.0065132,0.0000000,0.0018037
2017-09-11,0.0150701,0.0000000,-0.0027562
2017-09-12,0.0051783,0.0000000,-0.0008095
2017-09-13,-0.0000728,0.0000000,-0.0000171
2017-09-14,-0.0013058,0.0000000,-0.0001473
2017-09-15,0.0029733,0.0000000,-0.0004763
2017-09-18,-0.0008216,0.0000000,0.0002972
2017-09-19,0.0053348,0.0000000,-0.0005800
2017-09-20,0.0088962,0.0000000,0.0004752
2017-09-21,-0.0051767,0.0000000,-0.0041811
2017-09-22,-0.0013498,0.0000000,0.0031966
2017-09-25,-0.0081396,0.0000000,0.0029874
2017-09-26,-0.0008417,0.0000000,-0.0012385
2017-09-27,-0.0011277,0.0000000,0.0011263
2017-09-28,0.0000044,0.0000000,-0.0001623
2017-09-29,-0.0051670,0.0000000,0.0001421
2017-10-02,0.0038354,0.0000000,0.0017080
2017-10-03,-0.0010101,0.0000000,-0.0003513
2017-10-04,0.0022618,0.0000000,-0.0006041
2017-10-05,-0.0063314,0.0000000,0.0022608
2017-10-06,-0.0028748,0.0000000,0.0001962
2017-10-09,-0.0015821,0.0000000,-0.0023024
2017-10-10,-0.0011975,0.0000000,-0.0010815
2017-10-11,0.0017739,0.0000000,-0.0013830
2017-10-12,0.0038351,0.0000000,0.0007482
2017-10-13,0.0024891,0.0000000,0.0017866
2017-10-16,-0.0008993,0.0000000,0.0004503
2017-10-17,0.0010807,0.0000000,0.0008825
2017-10-18,0.0062969,0.0000000,-0.0037713
2017-10-19,-0.0103327,0.0000000,-0.0003918
2017-10-20,-0.0017676,0.0000000,-0.0025731
2017-10-23,-0.0006398,0.0000000,0.0005496
2017-10-24,0.0002885,0.0000000,-0.0025075
2017-10-25,-0.0100982,0.0000000,-0.0019923
2017-10-26,-0.0000337,0.0000000,0.0034634
2017-10-27,0.0012222,0.0000000,0.0033779
2017-10-30,-0.0040026,0.0000000,-0.0013543
2017-10-31,-0.0007451,0.0000000,-0.0033628
2017-11-01,0.0094644,0.0000000,0.0003156
2017-11-02,0.0021308,0.0000000,0.0036434
2017-11-03,-0.0023410,0.0000000,0.0003049
2017-11-06,0.0024912,0.0000000,0.0008758
2017-11-07,-0.0040515,0.0000000,-0.0015317
2017-11-08,0.0058939,0.0000000,0.0019975
2017-11-09,-0.0053121,0.0000000,-0.0001817
2017-11-10,-0.0013466,0.0000000,-0.0026405
2017-11-13,-0.0037422,0.0000000,-0.0002620
2017-11-14,-0.0055966,0.0000000,-0.0037509
2017-11-15,-0.0074052,0.0000000,0.0004791
2017-11-16,0.0030711,0.0000000,-0.0010358
2017-11-21,-0.0073188,0.0000000,0.0010413
2017-11-22,-0.0045764,0.0000000,0.0002339
2017-11-23,-0.0006080,0.0000000,0.0001568
2017-11-24,-0.0012059,0.0000000,-0.0023670
2017-11-27,-0.0010644,0.0000000,0.0000097
2017-11-28,0.0007336,0.0000000,0.0006516
2017-11-29,-0.0010132,0.0000000,-0.0020840
2017-11-30,-0.0012092,0.0000000,-0.0032394
2017-12-01,0.0048150,0.0000000,0.0046634
2017-12-04,0.0056449,0.0000000,-0.0013694
2017-12-05,0.0030818,0.0000000,0.0020197
2017-12-06,-0.0058349,0.0000000,-0.0014481
2017-12-07,-0.0007630,0.0000000,-0.0033666
2017-12-08,0.0011938,0.0000000,0.0019799
2017-12-11,0.0047807,0.0000000,0.0023669
2017-12-12,0.0024034,0.0000000,0.0029473
2017-12-13,0.0015595,0.0000000,0.0012121
2017-12-14,0.0015415,0.0000000,0.0012477
2017-12-15,-0.0026122,0.0000000,0.0010023
2017-12-18,-0.0007446,0.0000000,0.0004063
2017-12-19,-0.0005184,0.0000000,-0.0014444
2017-12-20,0.0083466,0.0000000,0.0003587
2017-12-21,0.0066805,0.0000000,0.0008541
2017-12-22,0.0015223,0.0000000,0.0007532
2017-12-26,0.0034931,0.0000000,-0.0001225
2017-12-27,0.0035421,0.0000000,0.0006174
2017-12-28,-0.0018542,0.0000000,0.0010130
2017-12-29,-0.0048885,0.0000000,0.0000118
2018-01-02,0.0011956,0.0000000,-0.0005424
2018-01-03,0.0036739,0.0000000,-0.0002828
2018-01-04,0.0073188,0.0000000,-0.0004884
2018-01-05,0.0047691,0.0000000,0.0007345
2018-01-08,0.0009879,0.0000000,-0.0000410
2018-01-09,-0.0019928,0.0000000,-0.0011672
2018-01-10,-0.0108457,0.0000000,0.0016183
2018-01-11,0.0045588,0.0000000,-0.0007944
2018-01-12,-0.0051638,0.0000000,-0.0014110
2018-01-15,0.0013673,0.0000000,-0.0002245
2018-01-16,-0.0049320,0.0000000,0.0010773
2018-01-17,0.0097708,0.0000000,-0.0009186
2018-01-18,-0.0018802,0.0000000,0.0006052
2018-01-19,-0.0038163,0.0000000,-0.0006866
2018-01-22,0.0065940,0.0000000,-0.0013979
2018-01-23,-0.0057824,0.0000000,0.0006869
2018-01-24,-0.0098504,0.0000000,0.0003662
2018-01-25,-0.0065710,0.0000000,0.0023213
2018-01-26,-0.0014195,0.0000000,0.0176775
2018-01-29,0.0013051,0.0000000,-0.0100095
2018-01-30,-0.0037219,0.0000000,0.0046436
2018-01-31,0.0013278,0.0000000,0.0019507
2018-02-01,-0.0001374,0.0000000,-0.0010388
2018-02-02,-0.0107693,0.0000000,-0.0003337
2018-02-05,-0.0143441,0.0000000,0.0015236
2018-02-06,0.0126030,0.0127683,0.0012215
2018-02-07,-0.0092542,-0.0092542,0.0016031
2018-02-08,-0.0124762,-0.0124762,-0.0016716
2018-02-09,0.0058513,0.0048550,0.0017618
2018-02-12,-0.0026544,0.0016667,0.0007019
2018-02-13,0.0071065,-0.0056124,-0.0001816
2018-02-14,-0.0033901,0.0030184,0.0007769
2018-02-15,0.0058310,-0.0048508,-0.0014405
2018-02-16,0.0010449,0.0001974,0.0001101
2018-02-19,0.0025295,0.0008640,0.0005287
2018-02-20,0.0030742,0.0024247,0.0004113
2018-02-21,-0.0033271,-0.0019808,-0.0003342
2018-02-22,-0.0063139,-0.0037242,-0.0013575
2018-02-23,0.0016631,0.0005460,0.0034717
2018-02-26,0.0018850,0.0019431,0.0014648
2018-02-27,-0.0071424,-0.0044484,0.0128089
2018-02-28,-0.0044827,0.0011705,0.0093932
2018-03-01,-0.0025814,-0.0010343,-0.0000963
2018-03-02,-0.0075516,-0.0039878,-0.0011792
2018-03-05,-0.0069188,0.0005579,0.0002704
2018-03-06,-0.0096207,0.0037563,0.0021687
2018-03-07,-0.0001004,0.0009246,0.0000051
2018-03-08,-0.0027285,0.0013776,0.0011417
2018-03-09,-0.0099393,0.0020452,0.0007797
2018-03-12,-0.0012789,-0.0003578,-0.0007066
2018-03-13,-0.0043540,-0.0011137,-0.0015733
2018-03-14,0.0009400,0.0010730,0.0002125
2018-03-15,-0.0056507,-0.0009265,-0.0000900
2018-03-16,-0.0106987,-0.0039773,-0.0003418
2018-03-19,-0.0025927,0.0007866,0.0001049
2018-03-20,-0.0010725,-0.0003378,0.0007100
2018-03-21,-0.0044914,0.0004236,0.0006551
2018-03-22,0.0095404,-0.0026071,-0.0003639
2018-03-23,0.0014106,-0.0002695,0.0001199
2018-03-26,-0.0096615,0.0025326,0.0002935
2018-03-27,0.0056157,-0.0022045,0.0072457
2018-03-28,-0.0088082,0.0021706,0.0168100
2018-03-29,-0.0007164,0.0007911,-0.0015528
2018-03-30,0.0026399,-0.0012322,-0.0018245
2018-04-02,0.0024774,-0.0000988,-0.0010310
2018-04-03,-0.0113264,-0.0009348,0.0013676
2018-04-04,-0.0070045,0.0000000,-0.0000755
2018-04-05,-0.0016566,0.0000000,0.0000000
2018-04-06,0.0058732,0.0000000,0.0000000
2018-04-09,-0.0028958,0.0000000,0.0000000
2018-04-10,-0.0105259,0.0000000,0.0000000
2018-04-11,0.0010562,0.0000000,0.0000000
2018-04-12,-0.0057101,0.0000000,0.0000000
2018-04-13,0.0017124,0.0000000,0.0000000
2018-04-16,-0.0005908,0.0000000,0.0000000
2018-04-17,-0.0022476,0.0000000,0.0000000
2018-04-18,-0.0001883,0.0000000,0.0000000
2018-04-19,0.0038182,0.0000000,0.0000000
2018-04-20,0.0052620,0.0000000,0.0000000
2018-04-23,0.0014484,0.0000000,0.0000000
2018-04-24,-0.0000502,0.0000000,0.0000000
2018-04-25,-0.0005321,0.0000000,0.0108897
2018-04-26,-0.0014912,0.0000000,0.0053489
2018-04-27,-0.0019913,0.0000000,-0.0018693
2018-04-30,0.0024312,0.0000000,0.0077636
2018-05-01,-0.0023943,0.0000000,-0.0004617
2018-05-02,-0.0004085,0.0000000,0.0000000
2018-05-03,-0.0017908,0.0000000,0.0000000
2018-05-04,0.0001830,0.0000000,0.0000000
2018-05-07,0.0000749,0.0000000,0.0000000
2018-05-08,0.0087857,0.0000000,0.0000000
2018-05-09,-0.0095071,0.0000000,0.0000000
2018-05-10,-0.0020587,0.0000000,0.0000000
2018-05-11,0.0024376,0.0000000,0.0000000
2018-05-14,-0.0048647,0.0000000,0.0000000
2018-05-15,-0.0038878,0.0000000,0.0000000
2018-05-16,0.0067625,0.0000000,0.0000000
2018-05-17,-0.0000468,0.0000000,0.0000000
2018-05-18,-0.0024307,0.0000000,0.0000000
2018-05-21,0.0090539,0.0000000,0.0000000
2018-05-22,-0.0055440,0.0000000,0.0000000
2018-05-23,-0.0045375,0.0000000,0.0000000
2018-05-24,-0.0064510,0.0000000,-0.0000656
2018-05-25,-0.0053047,0.0000000,-0.0003300
2018-05-28,0.0034059,0.0000000,-0.0044280
2018-05-29,-0.0099977,0.0000000,-0.0080820
2018-05-30,0.0121604,0.0000000,0.0192946
2018-05-31,-0.0048900,0.0000000,0.0016217
2018-06-01,0.0037987,0.0000000,-0.0001221
2018-06-04,0.0083898,0.0000000,-0.0005334
2018-06-05,-0.0050560,0.0000000,0.0012037
2018-06-06,0.0063776,0.0000000,0.0007684
2018-06-07,-0.0091459,0.0000000,0.0009343
2018-06-08,0.0019634,0.0000000,-0.0003329
2018-06-11,0.0013403,0.0000000,0.0006383
2018-06-12,-0.0014455,0.0000000,0.0001876
2018-06-13,0.0011442,0.0000000,0.0010258
2018-06-14,-0.0026919,0.0000000,-0.0029947
2018-06-15,-0.0062030,0.0000000,0.0018954
2018-06-18,-0.0034001,0.0000000,0.0007058
2018-06-19,-0.0096506,0.0000000,-0.0004416
2018-06-20,-0.0010933,0.0000000,0.0002500
2018-06-21,-0.0042329,0.0000000,0.0000757
2018-06-22,0.0048059,0.0000000,-0.0000685
2018-06-25,-0.0049491,0.0000000,0.0015097
2018-06-26,-0.0004440,0.0000000,-0.0109409
2018-06-27,-0.0021520,0.0000000,-0.0166503
2018-06-28,0.0023297,0.0000000,-0.0001077
2018-06-29,0.0038759,0.0000000,0.0145101
2018-07-02,0.0080065,0.0000000,-0.0007176
2018-07-03,-0.0041668,0.0000000,-0.0001169
2018-07-04,-0.0001895,0.0000000,-0.0001132
2018-07-05,-0.0037105,0.0000000,0.0005293
2018-07-06,-0.0034860,0.0000000,0.0003268
2018-07-09,0.0028668,0.0000000,-0.0000739
2018-07-10,0.0008574,0.0000000,0.0000000
2018-07-11,-0.0058890,0.0000000,0.0000000
2018-07-12,0.0122391,0.0000000,0.0000000
2018-07-13,-0.0011139,0.0000000,0.0000000
2018-07-16,-0.0027020,0.0000000,0.0000000
2018-07-17,0.0021431,0.0000000,0.0000000
2018-07-18,0.0010097,0.0000000,0.0000000
2018-07-19,-0.0106200,0.0000000,0.0000000
2018-07-20,0.0017182,0.0000000,0.0003312
2018-07-23,-0.0048061,0.0000000,0.0000212
2018-07-24,0.0030068,0.0000000,0.0006967
2018-07-25,0.0049737,0.0000000,-0.0000540
2018-07-26,-0.0054048,0.0000000,-0.0106848
2018-07-27,0.0017156,0.0000000,0.0019185
2018-07-30,-0.0010525,0.0000000,0.0048277
2018-07-31,0.0065724,0.0000000,-0.0026947
2018-08-01,-0.0023137,0.0000000,0.0004687
2018-08-02,-0.0042540,0.0000000,-0.0002926
2018-08-03,0.0006232,0.0000000,0.0000697
2018-08-06,0.0001229,0.0000000,-0.0005914
2018-08-07,-0.0008485,0.0000000,-0.0008004
2018-08-08,-0.0012634,0.0000000,-0.0009645
2018-08-09,-0.0120895,0.0000000,0.0004522
2018-08-10,-0.0091574,0.0000000,0.0014674
2018-08-13,-0.0033294,0.0000000,0.0011150
2018-08-14,0.0033014,0.0000000,0.0001895
2018-08-15,-0.0056552,0.0000000,-0.0012824
2018-08-16,0.0045085,0.0000000,0.0029845
2018-08-17,0.0063012,0.0000000,0.0009096
2018-08-20,-0.0028293,0.0000000,-0.0006715
2018-08-21,0.0009938,0.0000000,0.0043403
2018-08-22,0.0012693,0.0000000,0.0000838
2018-08-23,-0.0067647,0.0000000,-0.0026012
2018-08-24,0.0074240,0.0000000,0.0017126
2018-08-27,0.0000463,0.0000000,-0.0005682
2018-08-28,-0.0003331,0.0000000,-0.0006554
2018-08-29,-0.0021901,0.0000000,0.0097524
2018-08-30,-0.0131159,0.0000000,-0.0053163
2018-08-31,-0.0087127,0.0000000,-0.0123187
2018-09-03,-0.0019197,0.0000000,-0.0026930
2018-09-04,-0.0028366,0.0000000,0.0010490
2018-09-05,0.0018517,0.0000000,0.0006057
2018-09-06,-0.0075162,0.0000000,-0.0035903
2018-09-07,-0.0048371,0.0000000,-0.0029322
2018-09-10,0.0041209,0.0000000,0.0068131
2018-09-11,0.0047716,0.0000000,-0.0026459
2018-09-12,0.0039415,0.0000000,0.0025076
2018-09-13,0.0022523,0.0000000,-0.0016686
2018-09-14,-0.0030961,0.0000000,-0.0017852
2018-09-17,-0.0019086,0.0000000,-0.0003107
2018-09-18,0.0090854,0.0000000,0.0032719
2018-09-19,0.0081735,0.0000000,0.0050696
2018-09-20,0.0013026,0.0000000,-0.0012790
2018-09-21,-0.0011430,0.0000000,-0.0010750
2018-09-24,0.0002791,0.0000000,0.0014189
2018-09-25,0.0010980,0.0000000,0.0010034
2018-09-26,-0.0024077,0.0000000,-0.0001230
2018-09-27,0.0050693,0.0000000,-0.0183539
2018-09-28,0.0102533,0.0000000,0.0009924
2018-10-01,0.0058190,0.0000000,0.0025050
2018-10-02,-0.0049594,0.0000000,-0.0008899
2018-10-03,-0.0014148,0.0000000,-0.0034606
2018-10-04,-0.0090784,0.0000000,-0.0007537
2018-10-05,-0.0058342,0.0000000,-0.0025348
2018-10-08,0.0000467,0.0000000,0.0042516
2018-10-09,0.0008395,0.0000000,0.0014954
2018-10-10,-0.0131320,0.0000000,-0.0008284
2018-10-11,0.0090061,0.0000000,0.0036457
2018-10-12,0.0003384,0.0002090,0.0003026
2018-10-15,0.0008011,-0.0007954,0.0007312
2018-10-16,-0.0092051,0.0090158,-0.0002289
2018-10-17,0.0017343,-0.0019302,0.0009434
2018-10-18,0.0046576,-0.0048466,0.0025290
2018-10-19,-0.0055152,0.0053231,0.0008451
2018-10-22,0.0028490,-0.0030403,-0.0013052
2018-10-23,0.0015282,-0.0017150,-0.0003422
2018-10-24,0.0014708,-0.0016641,0.0001023
2018-10-25,-0.0025796,0.0023920,0.0021587
2018-10-26,0.0047898,-0.0049789,-0.0044828
2018-10-29,-0.0030028,0.0028139,0.0081730
2018-10-30,-0.0108059,0.0106185,0.0065146
2018-10-31,0.0038488,-0.0040448,0.0046993
2018-11-01,-0.0118701,0.0116878,0.0013019
2018-11-02,-0.0018856,0.0016880,-0.0000472
2018-11-05,-0.0020001,0.0018079,0.0000000
2018-11-06,-0.0056379,0.0054533,0.0000000
2018-11-07,-0.0051068,0.0049136,0.0000000
2018-11-08,-0.0008298,0.0006402,-0.0001887
2018-11-09,0.0056715,-0.0058585,0.0004586
2018-11-12,0.0020150,-0.0022027,-0.0005544
2018-11-13,-0.0033727,0.0031870,-0.0009911
2018-11-14,-0.0008729,0.0006858,-0.0006834
2018-11-15,-0.0066296,0.0064440,-0.0005461
2018-11-16,0.0016336,-0.0018256,0.0002469
2018-11-19,0.0100458,-0.0102401,0.0022591
2018-11-20,0.0089087,-0.0091084,-0.0006453
2018-11-21,-0.0081361,0.0068795,-0.0011939
2018-11-22,0.0003981,-0.0013590,0.0012076
2018-11-23,0.0026011,-0.0025217,0.0008930
2018-11-26,-0.0019453,0.0017586,-0.0005165
2018-11-27,-0.0011786,0.0017456,0.0020345
2018-11-28,-0.0057278,0.0062921,-0.0169421
2018-11-29,-0.0003042,-0.0002599,0.0022412
2018-11-30,-0.0029300,0.0021959,0.0006245
2018-12-03,-0.0078974,0.0064467,-0.0069127
2018-12-04,0.0073395,-0.0063191,-0.0002357
2018-12-05,0.0060999,-0.0048639,-0.0005087
2018-12-06,0.0089724,-0.0077451,0.0009464
2018-12-07,0.0027006,-0.0005083,0.0003458
2018-12-10,-0.0008584,0.0000000,-0.0020082
2018-12-11,-0.0034064,0.0000000,-0.0003061
2018-12-12,-0.0009771,0.0000000,0.0023973
2018-12-13,-0.0020606,0.0000000,-0.0000491
2018-12-14,0.0051218,0.0000000,0.0017198
2018-12-17,0.0059298,-0.0056225,0.0006515
2018-12-18,0.0005366,-0.0007249,-0.0023467
2018-12-19,0.0078024,-0.0079882,0.0031211
2018-12-20,0.0098048,-0.0100000,0.0012768
2018-12-21,0.0060100,-0.0008762,-0.0001914
2018-12-24,0.0076613,-0.0072204,-0.0010472
2018-12-26,-0.0125541,0.0123647,0.0110678
2018-12-27,0.0112497,-0.0114468,-0.0051005
2018-12-28,0.0047950,-0.0049823,-0.0072593
2018-12-31,0.0037907,-0.0033682,-0.0087419
2019-01-02,0.0030126,-0.0054922,0.0027182
2019-01-03,0.0016325,0.0002166,-0.0031008
2019-01-04,-0.0148229,0.0041510,0.0109955
2019-01-07,-0.0012559,-0.0013547,0.0041297
2019-01-08,-0.0000875,-0.0004933,0.0006796
2019-01-09,0.0002149,-0.0000453,-0.0013986
2019-01-10,-0.0067768,0.0039125,0.0002844
2019-01-11,-0.0036794,0.0021196,0.0004034
2019-01-14,0.0055598,-0.0020948,-0.0020522
2019-01-15,-0.0069007,0.0025269,0.0024650
2019-01-16,-0.0001721,-0.0009726,0.0017040
2019-01-17,-0.0026551,0.0015950,0.0021838
2019-01-18,-0.0014258,-0.0007268,0.0011053
2019-01-21,-0.0015997,0.0000006,-0.0009746
2019-01-22,-0.0037907,-0.0003771,-0.0020358
2019-01-23,0.0029717,0.0007192,0.0030750
2019-01-24,-0.0031210,-0.0014861,-0.0016545
2019-01-25,0.0095936,0.0031483,0.0032377
2019-01-28,-0.0041015,-0.0010772,-0.0018377
2019-01-29,0.0013407,0.0009546,-0.0040678
2019-01-30,0.0088554,0.0038471,0.0167509
2019-01-31,0.0023690,0.0012979,0.0016037
2019-02-01,0.0015692,-0.0010011,0.0021974
2019-02-04,0.0012991,0.0000775,0.0004953
2019-02-05,0.0019162,0.0013012,-0.0003233
2019-02-06,-0.0130913,-0.0056618,-0.0022902
2019-02-07,-0.0050750,-0.0009098,-0.0007947
2019-02-08,-0.0015441,-0.0012734,-0.0002111
2019-02-11,0.0021984,0.0003438,0.0005933
2019-02-12,0.0051621,0.0016877,0.0009880
2019-02-13,0.0059982,0.0025676,0.0003942
2019-02-14,-0.0029489,0.0000114,-0.0004508
2019-02-15,0.0039765,0.0014915,0.0002658
2019-02-18,-0.0003922,-0.0006177,0.0005873
2019-02-19,0.0018473,0.0003873,0.0012666
2019-02-20,0.0003264,-0.0002457,0.0007715
2019-02-21,-0.0081272,0.0000000,-0.0004694
2019-02-22,0.0059261,0.0000000,0.0000944
2019-02-25,0.0038223,0.0000000,0.0012045
2019-02-26,-0.0006149,0.0000000,0.0086011
2019-02-27,-0.0015075,0.0000000,-0.0048034
2019-02-28,-0.0048510,0.0000000,-0.0045320
2019-03-01,-0.0018650,0.0000000,-0.0003603
2019-03-04,0.0008282,0.0000000,0.0000000
2019-03-05,0.0003947,0.0000000,0.0000000
2019-03-06,-0.0066611,0.0000000,0.0000000
2019-03-07,0.0005817,0.0000000,0.0000000
2019-03-08,0.0012021,0.0000000,0.0000000
2019-03-11,0.0049164,0.0000000,0.0000000
2019-03-12,0.0019944,0.0000000,0.0000000
2019-03-13,-0.0011808,0.0000000,0.0000000
2019-03-14,-0.0019294,0.0000000,0.0000000
2019-03-15,0.0002817,0.0000000,0.0000000
2019-03-18,0.0001043,0.0000000,0.0000000
2019-03-19,-0.0013547,0.0000000,0.0000000
2019-03-20,-0.0038079,0.0000000,0.0000000
2019-03-21,-0.0024274,0.0000000,0.0000000
2019-03-22,-0.0074243,0.0000000,0.0000000
2019-03-25,0.0037427,0.0000000,0.0000000
2019-03-26,0.0061974,0.0000000,0.0000000
2019-03-27,-0.0103861,0.0000000,0.0000000
2019-03-28,-0.0016180,0.0000000,0.0000000
2019-03-29,0.0064824,0.0000000,0.0000000
2019-04-01,0.0076460,0.0000000,0.0000000
2019-04-02,-0.0072016,0.0000000,0.0000000
2019-04-03,0.0040371,0.0000000,0.0000000
2019-04-04,0.0000504,0.0000000,0.0000000
2019-04-05,-0.0019953,0.0000000,0.0000000
2019-04-08,0.0020004,0.0000000,0.0000000
2019-04-09,-0.0019544,0.0000000,0.0000000
2019-04-10,0.0052995,0.0000000,0.0000000
2019-04-11,-0.0033449,0.0000000,0.0000000
2019-04-12,0.0082059,0.0000000,0.0000000
2019-04-15,-0.0002786,0.0000000,0.0000000
2019-04-16,0.0029728,0.0000000,0.0000000
2019-04-17,0.0006334,0.0000000,0.0000000
2019-04-18,-0.0031162,0.0000000,0.0000000
2019-04-19,-0.0010189,0.0000000,0.0000000
2019-04-22,0.0010496,0.0000000,0.0000000
2019-04-23,-0.0038569,0.0000000,0.0000000
2019-04-24,-0.0100265,0.0000000,0.0000000
2019-04-25,-0.0005189,0.0000000,0.0035001
2019-04-26,0.0034672,0.0000000,0.0056208
2019-04-29,0.0018592,0.0000000,0.0036773
2019-04-30,0.0012086,0.0000000,0.0086550
2019-05-01,-0.0084879,0.0000000,-0.0005108
2019-05-02,-0.0010728,0.0000000,0.0000000
2019-05-03,0.0007634,0.0000000,0.0000000
2019-05-06,-0.0058051,0.0000000,0.0000000
2019-05-07,-0.0033854,0.0000000,0.0000000
2019-05-08,-0.0032118,0.0000000,-0.0006189
2019-05-09,-0.0055365,0.0000000,-0.0001733
2019-05-10,0.0026043,0.0000000,0.0004025
2019-05-13,-0.0171824,0.0000000,-0.0013231
2019-05-14,0.0047185,0.0000000,0.0011250
2019-05-15,-0.0007285,0.0000000,-0.0006732
2019-05-16,-0.0027510,0.0000000,-0.0009816
2019-05-17,-0.0012557,0.0000000,-0.0006581
2019-05-20,0.0054358,0.0000000,0.0007727
2019-05-21,-0.0022800,0.0000000,-0.0012405
2019-05-22,0.0041799,0.0000000,-0.0007793
2019-05-23,0.0076001,0.0000000,0.0001468
2019-05-24,-0.0020815,0.0000000,0.0016251
2019-05-27,-0.0020050,0.0000000,-0.0002679
2019-05-28,-0.0004684,0.0000000,0.0073335
2019-05-29,0.0019242,0.0000000,0.0068104
2019-05-30,-0.0004634,0.0000000,-0.0009852
2019-05-31,0.0113068,0.0000000,-0.0202051
2019-06-03,-0.0023874,0.0000000,0.0020761
2019-06-04,-0.0041213,0.0000000,0.0007699
2019-06-05,-0.0019961,0.0000000,0.0008805
2019-06-06,-0.0001957,0.0000000,-0.0016738
2019-06-07,-0.0044049,0.0000000,0.0001296
2019-06-10,-0.0133210,0.0000000,-0.0044032
2019-06-11,0.0000277,0.0000000,0.0011587
2019-06-12,-0.0030233,0.0000000,-0.0003073
2019-06-13,-0.0029819,0.0000000,-0.0025983
2019-06-14,-0.0068636,0.0000000,-0.0029775
2019-06-17,-0.0010761,0.0000000,-0.0021196
2019-06-18,0.0057973,0.0000000,0.0022783
2019-06-19,-0.0019593,0.0000000,-0.0021997
2019-06-20,-0.0057929,0.0000000,-0.0028785
2019-06-21,-0.0056462,0.0000000,0.0005610
2019-06-24,0.0031251,0.0000000,0.0002571
2019-06-25,0.0040491,0.0000000,-0.0038399
2019-06-26,0.0129030,0.0000000,0.0052483
2019-06-27,0.0033645,0.0000000,0.0044880
2019-06-28,0.0029067,0.0000000,0.0048380
2019-07-01,0.0040048,0.0000000,-0.0021008
2019-07-02,-0.0018623,0.0000000,-0.0031194
2019-07-03,0.0063619,0.0000000,0.0002176
2019-07-04,-0.0029200,0.0000000,-0.0018442
2019-07-05,0.0012179,0.0000000,-0.0020863
2019-07-08,0.0019423,0.0000000,0.0012747
2019-07-09,-0.0056896,0.0000000,-0.0030467
2019-07-10,0.0009271,0.0000000,0.0006453
2019-07-11,0.0038843,0.0000000,0.0020529
2019-07-12,-0.0017933,0.0000000,-0.0000069
2019-07-15,0.0025257,0.0000000,0.0006220
2019-07-16,-0.0003797,0.0000000,-0.0027562
2019-07-17,0.0012277,0.0000000,-0.0010673
2019-07-18,0.0004973,0.0000000,0.0045468
2019-07-19,-0.0022604,0.0000000,-0.0018196
2019-07-22,-0.0021562,0.0000000,0.0016739
2019-07-23,-0.0023892,0.0000000,-0.0017526
2019-07-24,-0.0030558,0.0000000,0.0003691
2019-07-25,0.0020735,0.0000000,0.0008265
2019-07-26,-0.0033025,0.0000000,-0.0131660
2019-07-29,-0.0021434,0.0000000,-0.0116190
2019-07-30,-0.0062638,0.0000000,-0.0060642
2019-07-31,-0.0037177,0.0000000,-0.0123784
2019-08-01,-0.0197020,0.0000000,-0.0018776
2019-08-02,-0.0131521,0.0000000,-0.0023742
2019-08-05,0.0146922,0.0000000,-0.0054715
2019-08-06,-0.0033317,0.0000000,0.0078377
2019-08-07,0.0091406,0.0000000,-0.0046309
2019-08-08,-0.0069108,0.0000000,0.0016397
2019-08-09,0.0059847,0.0000000,-0.0091698
2019-08-12,0.0103890,0.0000000,-0.0057542
2019-08-13,-0.0203647,0.0000000,0.0146686
2019-08-14,0.0152484,0.0000000,-0.0075739
2019-08-15,-0.0061574,0.0000000,0.0055014
2019-08-16,-0.0033296,0.0000000,0.0019876
2019-08-19,0.0001857,0.0000000,0.0008756
2019-08-20,0.0032886,0.0000000,-0.0003598
2019-08-21,-0.0060693,0.0000000,0.0009486
2019-08-22,0.0043254,0.0000000,0.0007851
2019-08-23,0.0093163,0.0000000,-0.0056032
2019-08-26,-0.0087730,0.0000000,0.0028678
2019-08-27,0.0045173,0.0000000,0.0011091
2019-08-28,0.0018762,0.0000000,0.0054946
2019-08-29,-0.0050746,0.0000000,0.0083504
2019-08-30,-0.0005332,0.0000000,0.0051223
2019-09-02,0.0012976,0.0000000,-0.0039669
2019-09-03,-0.0000059,0.0000000,0.0027786
2019-09-04,-0.0061680,0.0000000,0.0050186
2019-09-05,-0.0079897,0.0000000,0.0065374
2019-09-06,-0.0084279,0.0000000,0.0013967
2019-09-09,0.0075850,0.0000000,0.0043698
2019-09-10,0.0014116,0.0000000,0.0004768
2019-09-11,0.0002768,0.0000000,0.0007021
2019-09-12,-0.0011179,0.0000000,0.0010151
2019-09-13,-0.0041180,0.0000000,0.0003334
2019-09-16,0.0006948,0.0000000,-0.0023196
2019-09-17,0.0005507,0.0000000,0.0009865
2019-09-18,-0.0014401,0.0000000,-0.0004648
2019-09-19,-0.0075425,0.0000000,-0.0013292
2019-09-20,-0.0085729,0.0000000,-0.0019088
2019-09-23,0.0020515,0.0000000,0.0012698
2019-09-24,-0.0011631,0.0000000,0.0000650
2019-09-25,0.0005615,0.0000000,-0.0221031
2019-09-26,0.0029784,0.0000000,0.0000735
2019-09-27,0.0006582,0.0000000,0.0034113
2019-09-30,0.0022569,0.0000000,-0.0074588
2019-10-01,-0.0084570,0.0000000,-0.0025300
2019-10-02,-0.0019224,0.0000000,0.0008704
2019-10-03,0.0031354,0.0000000,0.0010075
2019-10-04,0.0005557,0.0000000,0.0004202
2019-10-07,-0.0020184,0.0000000,-0.0006835
2019-10-08,-0.0021218,0.0000000,0.0004318
2019-10-09,0.0027960,0.0000000,0.0004755
2019-10-10,0.0079272,0.0000000,0.0000206
2019-10-11,0.0080961,0.0000000,-0.0001133
2019-10-14,-0.0042610,0.0000000,-0.0004510
2019-10-15,0.0028460,0.0000000,-0.0014147
2019-10-16,-0.0031449,0.0000000,-0.0006666
2019-10-17,0.0036903,0.0000000,0.0005509
2019-10-18,0.0006897,0.0000000,0.0000556
2019-10-21,0.0047061,0.0000000,0.0006934
2019-10-22,0.0012579,0.0000000,0.0003980
2019-10-23,0.0030478,0.0000000,-0.0003212
2019-10-24,-0.0037035,0.0000000,-0.0000180
2019-10-25,0.0001492,0.0000000,0.0001466
2019-10-28,0.0024221,0.0000000,0.0017407
2019-10-29,-0.0000053,0.0000000,0.0023402
2019-10-30,-0.0020388,0.0000000,0.0058769
2019-10-31,-0.0052698,0.0000000,0.0060339
2019-11-01,0.0031541,0.0000000,0.0000851
2019-11-04,-0.0004441,0.0000000,0.0000369
2019-11-05,0.0049113,0.0000000,0.0001155
2019-11-06,-0.0029280,0.0000000,0.0000716
2019-11-07,0.0045522,0.0000000,0.0005692
2019-11-08,-0.0063434,0.0000000,-0.0003083
2019-11-11,-0.0025439,0.0000000,-0.0007530
2019-11-12,-0.0037340,0.0000000,-0.0000723
2019-11-13,0.0015468,0.0000000,-0.0001243
2019-11-14,-0.0092972,0.0000000,-0.0010419
2019-11-15,0.0078088,0.0000000,0.0003785
2019-11-18,-0.0012515,0.0000000,-0.0006066
2019-11-19,0.0011968,0.0000000,0.0005429
2019-11-20,-0.0035497,0.0000000,-0.0004163
2019-11-21,0.0001412,0.0000000,-0.0000916
2019-11-22,0.0028538,0.0000000,0.0006244
2019-11-25,0.0015687,0.0000000,-0.0007240
2019-11-26,0.0039145,0.0000000,0.0006770
2019-11-27,0.0026304,0.0000000,-0.0065133
2019-11-28,-0.0015045,0.0000000,0.0009180
2019-11-29,0.0006662,0.0000000,-0.0005954
2019-12-02,-0.0017274,0.0000000,0.0016143
2019-12-03,-0.0019184,0.0000000,-0.0002653
2019-12-04,0.0075063,0.0000000,-0.0002132
2019-12-05,-0.0016269,0.0000000,-0.0008998
2019-12-06,0.0004334,0.0000000,-0.0006945
2019-12-09,-0.0038108,0.0000000,0.0003636
2019-12-10,-0.0028210,0.0000000,0.0001235
2019-12-11,0.0074715,0.0000000,0.0002355
2019-12-12,0.0086486,0.0000000,0.0000814
2019-12-13,-0.0024553,0.0000000,-0.0016724
2019-12-16,0.0012493,0.0000000,0.0003650
2019-12-17,-0.0067712,0.0000000,0.0022620
2019-12-18,0.0037685,0.0000000,-0.0003508
2019-12-19,0.0001422,0.0000000,0.0003422
2019-12-20,0.0035438,0.0000000,-0.0006636
2019-12-23,0.0029964,0.0000000,-0.0003768
2019-12-24,-0.0016225,0.0000000,-0.0005159
2019-12-26,0.0090871,0.0000000,0.0043530
2019-12-27,-0.0006596,0.0000000,0.0201944
2019-12-30,-0.0057528,0.0000000,0.0117673
2019-12-31,0.0025839,0.0000000,0.0131412
2020-01-02,-0.0026878,0.0000000,0.0042001
2020-01-03,-0.0086717,0.0000000,0.0039072
2020-01-06,-0.0008015,0.0000000,0.0010220
2020-01-07,-0.0063170,0.0000000,0.0006800
2020-01-08,0.0064705,0.0000000,-0.0026208
2020-01-09,-0.0025673,0.0000000,0.0030323
2020-01-10,0.0042274,0.0000000,0.0002318
2020-01-13,0.0008454,0.0000000,0.0010879
2020-01-14,-0.0043597,0.0000000,0.0012098
2020-01-15,-0.0023726,0.0000000,-0.0014058
2020-01-16,0.0031122,0.0000000,-0.0026612
2020-01-17,-0.0026345,0.0000000,0.0006424
2020-01-20,0.0015606,0.0000000,0.0009634
2020-01-21,-0.0063488,0.0000000,-0.0001761
2020-01-22,-0.0039045,0.0000000,-0.0014951
2020-01-23,0.0009230,0.0000000,-0.0012549
2020-01-24,-0.0028908,0.0000000,0.0006474
2020-01-27,-0.0166334,0.0000000,0.0007522
2020-01-28,0.0067902,0.0000000,0.0038238
2020-01-29,-0.0048418,0.0000000,0.0000275
2020-01-30,-0.0089441,0.0000000,-0.0010095
2020-01-31,-0.0153057,0.0000000,-0.0045422
2020-02-03,0.0020115,0.0000000,0.0036727
2020-02-04,0.0139175,0.0000000,0.0078755
2020-02-05,0.0039359,0.0000000,0.0046016
2020-02-06,-0.0006144,0.0000000,-0.0005945
2020-02-07,-0.0075440,0.0000000,-0.0034011
2020-02-10,-0.0015897,0.0000000,0.0005560
2020-02-11,0.0033384,0.0000000,0.0013114
2020-02-12,0.0113763,0.0000000,0.0052544
2020-02-13,-0.0045501,0.0000000,-0.0023389
2020-02-14,0.0018419,0.0000000,0.0013458
2020-02-17,0.0003504,0.0000000,-0.0004826
2020-02-18,-0.0046487,0.0000000,-0.0031602
2020-02-19,0.0103837,0.0000000,0.0031337
2020-02-20,-0.0049047,0.0000000,-0.0048103
2020-02-21,-0.0041700,0.0000000,-0.0010306
2020-02-24,-0.0092703,0.0000000,0.0007190
2020-02-25,-0.0064192,0.0000000,-0.0034029
2020-02-26,-0.0059832,0.0000000,-0.0012845
2020-02-27,-0.0108161,0.0000000,0.0041393
2020-02-28,-0.0191890,0.0000000,-0.0130629
2020-03-02,-0.0271629,0.0000000,0.0044543
2020-03-03,0.0076034,0.0000000,-0.0014621
2020-03-04,-0.0068321,0.0000000,0.0096012
2020-03-05,0.0161670,0.0000000,-0.0154116
2020-03-06,0.0054251,0.0000000,-0.0019519
2020-03-09,0.0361177,0.0000000,-0.0251653
2020-03-10,-0.0121455,0.0120551,0.0078454
2020-03-11,0.0066395,-0.0068044,-0.0048612
2020-03-12,0.0195687,-0.0197166,-0.0126557
2020-03-13,-0.0130824,0.0101258,0.0057100
2020-03-16,0.0152884,-0.0087832,-0.0086178
2020-03-17,0.0012435,0.0002955,-0.0013889
2020-03-18,0.0199608,-0.0073662,-0.0132086
2020-03-19,-0.0100925,0.0049492,0.0047954
2020-03-20,-0.0068737,0.0024501,0.0031344
2020-03-23,0.0022163,-0.0028573,0.0005010
2020-03-24,-0.0105795,0.0007401,0.0071414
2020-03-25,-0.0031172,0.0032910,0.0001284
2020-03-26,-0.0012339,-0.0004956,-0.0270494
2020-03-27,0.0016100,-0.0025879,-0.0161128
2020-03-30,0.0003341,-0.0014888,0.0084490
2020-03-31,0.0007754,0.0019038,-0.0000445
2020-04-01,0.0051214,-0.0015680,-0.0022264
2020-04-02,-0.0050533,0.0019257,0.0021658
2020-04-03,0.0031874,-0.0001281,-0.0020145
2020-04-06,-0.0097284,0.0020254,0.0040688
2020-04-07,-0.0019683,0.0002881,0.0011727
2020-04-08,-0.0040776,0.0000150,0.0025025
2020-04-09,-0.0033821,-0.0004614,0.0015624
2020-04-10,-0.0005542,0.0002256,0.0001810
2020-04-13,-0.0014534,0.0006723,0.0009394
2020-04-14,0.0014464,-0.0011647,-0.0003040
2020-04-15,0.0088333,-0.0025474,-0.0028834
2020-04-16,-0.0016841,0.0010074,0.0003706
2020-04-17,-0.0035918,0.0007116,0.0011179
2020-04-20,-0.0030459,-0.0017223,-0.0009668
2020-04-21,-0.0041537,-0.0005419,-0.0017744
2020-04-22,0.0018231,0.0007982,0.0007511
2020-04-23,0.0058521,0.0015697,0.0020404
2020-04-24,-0.0004644,-0.0006813,-0.0002337
2020-04-27,0.0040587,0.0009029,0.0047058
2020-04-28,0.0006622,0.0001705,0.0014090
2020-04-29,0.0050023,0.0012907,0.0069762
2020-04-30,-0.0042226,-0.0015547,0.0014433
2020-05-01,-0.0088682,-0.0025196,-0.0013138
2020-05-04,0.0006971,0.0002175,0.0000065
2020-05-05,0.0030613,-0.0000101,0.0003939
2020-05-06,-0.0040921,0.0000000,-0.0008100
2020-05-07,0.0071670,0.0000000,0.0010313
2020-05-08,0.0036226,0.0000000,0.0006989
2020-05-11,-0.0018213,0.0000000,0.0003150
2020-05-12,-0.0034760,0.0000000,-0.0004966
2020-05-13,-0.0029725,0.0000000,-0.0004630
2020-05-14,0.0017197,0.0000000,0.0001837
2020-05-15,-0.0049609,0.0000000,-0.0004824
2020-05-18,0.0088799,0.0000000,0.0007610
2020-05-19,0.0026238,0.0000000,0.0005186
2020-05-20,0.0018407,0.0000000,0.0000927
2020-05-21,-0.0003655,0.0000000,0.0000102
2020-05-22,-0.0022626,0.0000000,-0.0000863
2020-05-25,0.0011761,0.0000000,0.0000557
2020-05-26,0.0064260,0.0000000,0.0001273
2020-05-27,0.0004261,0.0000000,-0.0002475
2020-05-28,-0.0007640,0.0000000,-0.0000740
2020-05-29,0.0000906,0.0000000,0.0001372
2020-06-01,0.0084708,0.0000000,-0.0003431
2020-06-02,0.0091279,0.0000000,-0.0015564
2020-06-03,0.0029780,0.0000000,-0.0015177
2020-06-04,0.0003445,0.0000000,-0.0011620
2020-06-05,0.0068156,0.0000000,-0.0019356
2020-06-08,-0.0007829,0.0000000,0.0011689
2020-06-09,-0.0088571,0.0000000,0.0034869
2020-06-10,-0.0026213,0.0000000,0.0012165
2020-06-11,-0.0139597,0.0000000,0.0073740
2020-06-12,0.0068533,0.0000000,-0.0030826
2020-06-15,0.0014389,0.0000000,-0.0016409
2020-06-16,-0.0006560,0.0000000,0.0018517
2020-06-17,-0.0024851,0.0000000,0.0017825
2020-06-18,-0.0019399,0.0000000,0.0016880
2020-06-19,-0.0014615,0.0000000,0.0011801
2020-06-22,0.0048820,0.0000000,-0.0039169
2020-06-23,-0.0019961,0.0000000,0.0002390
2020-06-24,-0.0037776,0.0000000,0.0028242
2020-06-25,0.0017792,0.0000000,-0.0008872
2020-06-26,-0.0022767,0.0000000,-0.0002091
2020-06-29,0.0033024,0.0000000,-0.0025930
2020-06-30,0.0042846,0.0000000,-0.0009544
2020-07-01,-0.0015568,0.0000000,0.0006268
2020-07-02,0.0019454,0.0000000,-0.0016305
2020-07-03,0.0016287,0.0000000,-0.0017476
2020-07-06,0.0004623,0.0000000,-0.0019002
2020-07-07,-0.0021227,0.0000000,0.0015307
2020-07-08,0.0016815,0.0000000,-0.0007337
2020-07-09,-0.0020091,0.0000000,0.0012562
2020-07-10,-0.0016307,0.0000000,0.0007693
2020-07-13,-0.0003372,0.0000000,-0.0002738
2020-07-14,-0.0001933,0.0000000,-0.0001868
2020-07-15,0.0062603,0.0000000,-0.0009430
2020-07-16,-0.0024740,0.0000000,0.0009307
2020-07-17,-0.0027803,0.0000000,-0.0010018
2020-07-20,0.0037451,0.0000000,-0.0012873
2020-07-21,0.0038216,0.0000000,-0.0029488
2020-07-22,0.0023796,0.0000000,-0.0029456
2020-07-23,-0.0059334,0.0000000,0.0032889
2020-07-24,-0.0047585,0.0000000,0.0014702
2020-07-27,0.0014682,0.0000000,-0.0008871
2020-07-28,-0.0037463,0.0000000,0.0038298
2020-07-29,-0.0008896,0.0000000,0.0102618
2020-07-30,-0.0031040,0.0000000,0.0041442
2020-07-31,0.0021930,0.0000000,-0.0134455
2020-08-03,0.0013298,0.0000000,0.0024991
2020-08-04,0.0005153,0.0000000,0.0012475
2020-08-05,0.0003621,0.0000000,-0.0009833
2020-08-06,0.0031463,0.0000000,-0.0035831
2020-08-07,-0.0062981,0.0000000,0.0028487
2020-08-10,0.0018586,0.0000000,0.0028007
2020-08-11,0.0036453,0.0000000,0.0016664
2020-08-12,0.0011431,0.0000000,-0.0016013
2020-08-13,-0.0025945,0.0000000,-0.0000041
2020-08-14,-0.0024982,0.0000000,-0.0022870
2020-08-17,-0.0001242,0.0000000,0.0005016
2020-08-18,-0.0001619,0.0000000,-0.0006839
2020-08-19,0.0037465,0.0000000,0.0030606
2020-08-20,-0.0053956,0.0000000,-0.0018707
2020-08-21,0.0009888,0.0000000,0.0046447
2020-08-24,-0.0007675,0.0000000,-0.0012549
2020-08-25,0.0034114,0.0000000,-0.0026671
2020-08-26,0.0051067,0.0000000,0.0107129
2020-08-27,0.0062232,0.0000000,-0.0016188
2020-08-28,0.0020979,0.0000000,0.0234010
2020-08-31,0.0046147,0.0000000,-0.0005125
2020-09-01,0.0043820,0.0000000,0.0003782
2020-09-02,0.0013845,0.0000000,0.0040956
2020-09-03,-0.0103055,0.0000000,0.0048962
2020-09-04,0.0067413,0.0000000,-0.0014710
2020-09-07,-0.0014023,0.0000000,0.0024304
2020-09-08,-0.0143544,0.0000000,0.0084890
2020-09-09,0.0081147,0.0000000,-0.0033055
2020-09-10,-0.0069432,0.0000000,0.0013756
2020-09-11,0.0016496,0.0000000,-0.0024711
2020-09-14,-0.0003006,0.0000000,0.0021299
2020-09-15,-0.0007156,0.0000000,0.0015751
2020-09-16,-0.0004098,0.0000000,0.0040122
2020-09-17,-0.0001212,0.0000000,0.0003473
2020-09-18,-0.0013994,0.0000000,0.0011297
2020-09-21,0.0075458,0.0000000,0.0030280
2020-09-22,0.0000118,0.0000000,0.0002636
2020-09-23,0.0086672,0.0000000,0.0034784
2020-09-24,-0.0016454,0.0000000,0.0006806
2020-09-25,-0.0005036,0.0000000,0.0045593
2020-09-28,-0.0002564,0.0000000,-0.0057972
2020-09-29,-0.0027956,0.0000000,-0.0068180
2020-09-30,-0.0059668,0.0000000,-0.0032915
2020-10-01,-0.0031176,0.0000000,-0.0003717
2020-10-02,0.0023696,0.0000000,0.0008498
2020-10-05,-0.0015961,0.0000000,0.0000059
2020-10-06,0.0089032,0.0000000,0.0000000
2020-10-07,-0.0055608,0.0000000,0.0000000
2020-10-08,-0.0042931,0.0000000,0.0000000
2020-10-09,-0.0046889,0.0000000,0.0000000
2020-10-12,-0.0031703,0.0000000,0.0000000
2020-10-13,0.0011010,0.0000000,0.0000000
2020-10-14,-0.0029755,0.0000000,0.0000000
2020-10-15,-0.0078580,0.0000000,0.0000000
2020-10-16,0.0004840,0.0000000,0.0001999
2020-10-19,-0.0037390,0.0000000,-0.0005200
2020-10-20,-0.0029577,0.0000000,-0.0016891
2020-10-21,0.0014716,0.0000000,0.0038328
2020-10-22,0.0046944,0.0000000,0.0003287
2020-10-23,-0.0010289,0.0000000,0.0001732
2020-10-26,-0.0014442,0.0000000,0.0011583
2020-10-27,0.0010413,0.0000000,0.0001920
2020-10-28,-0.0134923,0.0000000,-0.0033590
2020-10-29,0.0038124,0.0000000,0.0007040
2020-10-30,0.0001816,0.0000000,0.0001435
2020-11-02,-0.0099388,0.0000000,0.0017798
2020-11-03,-0.0066268,0.0000000,0.0032712
2020-11-04,-0.0010228,0.0000000,0.0005957
2020-11-05,-0.0016346,0.0000000,0.0023304
2020-11-06,0.0053283,0.0000000,0.0005262
2020-11-09,0.0225557,0.0000000,0.0015094
2020-11-10,-0.0001650,0.0000000,-0.0002320
2020-11-11,0.0034602,0.0000000,-0.0025097
2020-11-12,-0.0097947,0.0000000,0.0049384
2020-11-13,-0.0015907,0.0000000,0.0010706
2020-11-16,0.0068598,0.0000000,-0.0033076
2020-11-17,-0.0049264,0.0000000,0.0014288
2020-11-18,-0.0000578,0.0000000,-0.0015304
2020-11-19,-0.0013576,0.0000000,0.0005403
2020-11-20,0.0013753,0.0000000,-0.0010815
2020-11-23,0.0032376,0.0000000,-0.0006226
2020-11-24,0.0078612,0.0000000,-0.0026906
2020-11-25,-0.0005211,0.0000000,0.0023643
2020-11-26,-0.0030150,0.0000000,0.0010156
2020-11-27,0.0011065,0.0000000,0.0052278
2020-11-30,0.0006509,0.0000000,-0.0081263
2020-12-01,-0.0001228,0.0000000,0.0013287
2020-12-02,-0.0004766,0.0000000,0.0018448
2020-12-03,-0.0021904,0.0000000,0.0016248
2020-12-04,0.0026105,0.0000000,0.0026948
2020-12-07,-0.0024393,0.0000000,0.0003550
2020-12-08,-0.0017258,0.0000000,-0.0003821
2020-12-09,0.0010146,0.0000000,0.0011236
2020-12-10,0.0090300,0.0000000,-0.0051880
2020-12-11,-0.0000403,0.0000000,0.0007535
2020-12-14,-0.0028203,0.0000000,0.0024654
2020-12-15,0.0008401,0.0000000,0.0031294
2020-12-16,-0.0004725,0.0000000,-0.0008036
2020-12-17,0.0023476,0.0000000,-0.0014051
2020-12-18,-0.0023198,0.0000000,-0.0018357
2020-12-21,-0.0052170,0.0000000,0.0043720
2020-12-22,-0.0031622,0.0000000,0.0030398
2020-12-23,0.0062967,0.0000000,-0.0027267
2020-12-24,0.0029198,0.0000000,-0.0013496
2020-12-28,-0.0010631,0.0000000,-0.0020912
2020-12-29,0.0000923,0.0000000,-0.0028654
2020-12-30,0.0054830,0.0000000,-0.0027980
2020-12-31,0.0024911,0.0000000,0.0036094
2021-01-04,-0.0072148,0.0000000,0.0005964
2021-01-05,0.0083610,0.0000000,-0.0046353
2021-01-06,0.0061046,0.0000000,-0.0082071
2021-01-07,0.0048529,0.0000000,-0.0001475
2021-01-08,-0.0007457,0.0000000,0.0014141
2021-01-11,-0.0057396,0.0000000,0.0062957
2021-01-12,0.0042663,0.0000000,-0.0025493
2021-01-13,-0.0027791,0.0000000,0.0043627
2021-01-14,0.0065823,0.0000000,-0.0036330
2021-01-15,-0.0096050,0.0000000,0.0083634
2021-01-18,-0.0037368,0.0000000,0.0035225
2021-01-19,0.0010561,0.0000000,-0.0021822
2021-01-20,0.0072901,0.0000000,-0.0022712
2021-01-21,-0.0004787,0.0000000,-0.0032333
2021-01-22,-0.0059021,0.0000000,0.0012207
2021-01-25,0.0022127,0.0000000,-0.0007923
2021-01-26,0.0037631,0.0000000,-0.0026210
2021-01-27,-0.0083327,0.0000000,-0.0127267
2021-01-28,0.0014735,0.0000000,-0.0015075
2021-01-29,0.0045147,0.0000000,-0.0054450
2021-02-01,0.0005526,0.0000000,-0.0011650
2021-02-02,0.0041095,0.0000000,-0.0025654
2021-02-03,0.0023679,0.0000000,-0.0012729
2021-02-04,0.0014892,0.0000000,0.0011483
2021-02-05,0.0046704,0.0000000,-0.0042548
2021-02-08,0.0022724,0.0000000,-0.0005436
2021-02-09,-0.0049895,0.0000000,0.0022573
2021-02-10,-0.0046344,0.0000000,0.0025168
2021-02-11,0.0033535,0.0000000,-0.0028153
2021-02-12,0.0034348,0.0000000,-0.0014853
2021-02-15,0.0054840,0.0000000,-0.0047615
2021-02-16,0.0015342,0.0000000,-0.0038043
2021-02-17,0.0021682,0.0000000,0.0032610
2021-02-18,0.0004853,0.0000000,-0.0029880
2021-02-19,0.0123765,0.0000000,-0.0055437
2021-02-22,0.0018769,0.0000000,-0.0005856
2021-02-23,0.0105234,0.0000000,-0.0110359
2021-02-24,0.0175879,0.0000000,-0.0082334
2021-02-25,-0.0125785,0.0000000,-0.0069779
2021-02-26,-0.0168906,0.0000000,-0.0154726
2021-03-01,0.0140548,0.0125402,-0.0071227
2021-03-02,0.0029850,0.0029850,-0.0026223
2021-03-03,0.0001523,0.0001523,-0.0005440
2021-03-04,0.0051620,0.0051620,-0.0025655
2021-03-05,0.0012251,0.0012251,0.0000680
2021-03-08,0.0021300,0.0021300,-0.0020819
2021-03-09,-0.0007641,-0.0007641,0.0012221
2021-03-10,0.0031712,0.0031712,-0.0027502
2021-03-11,0.0043114,0.0043114,-0.0027192
2021-03-12,0.0042838,0.0042838,-0.0025810
2021-03-15,0.0006864,-0.0008455,0.0004003
2021-03-16,-0.0027127,0.0000000,0.0017720
2021-03-17,0.0042162,0.0000000,-0.0028250
2021-03-18,-0.0053857,0.0000000,0.0026826
2021-03-19,-0.0007159,0.0000000,0.0011212
2021-03-22,-0.0051829,0.0000000,0.0035260
2021-03-23,-0.0116166,0.0000000,0.0048885
2021-03-24,-0.0021289,0.0000000,0.0002016
2021-03-25,0.0037177,0.0000000,-0.0033838
2021-03-26,0.0082178,0.0000000,-0.0035619
2021-03-29,-0.0003504,0.0000000,-0.0013413
2021-03-30,0.0007847,0.0000000,-0.0064605
2021-03-31,0.0052413,0.0000000,-0.0045626
2021-04-01,0.0014904,0.0000000,0.0001621
2021-04-02,-0.0005185,0.0000000,0.0010671
2021-04-05,-0.0008375,0.0000000,0.0004856
2021-04-06,-0.0072313,0.0000000,0.0058837
2021-04-07,-0.0062895,0.0000000,0.0029991
2021-04-08,-0.0005732,0.0000000,0.0027010
2021-04-09,0.0003310,0.0000000,-0.0017855
2021-04-12,-0.0042573,0.0000000,0.0016154
2021-04-13,0.0005644,0.0000000,0.0004976
2021-04-14,0.0091359,0.0000000,0.0006616
2021-04-15,0.0005181,0.0000000,0.0022694
2021-04-16,-0.0019689,0.0000000,-0.0021615
2021-04-19,-0.0045612,0.0000000,0.0026089
2021-04-20,-0.0052565,0.0000000,0.0036241
2021-04-21,0.0077055,0.0000000,-0.0009983
2021-04-22,-0.0049768,0.0000000,0.0020378
2021-04-23,0.0017460,0.0000000,-0.0017466
2021-04-26,0.0086411,0.0000000,-0.0016772
2021-04-27,-0.0000079,0.0000000,-0.0016890
2021-04-28,0.0031258,0.0000000,0.0075037
2021-04-29,0.0001568,0.0000000,-0.0025340
2021-04-30,-0.0022345,0.0000000,-0.0108761
2021-05-03,0.0023060,0.0000000,0.0007216
2021-05-04,-0.0034485,0.0000000,0.0005241
2021-05-05,0.0055295,0.0000000,-0.0003376
2021-05-06,0.0025098,0.0000000,-0.0025234
2021-05-07,-0.0012627,0.0000000,-0.0005441
2021-05-10,0.0008297,0.0000000,-0.0007557
2021-05-11,0.0011373,0.0000000,0.0008355
2021-05-12,-0.0028780,0.0000000,-0.0016440
2021-05-13,-0.0027864,0.0000000,0.0009149
2021-05-14,0.0041517,0.0000000,-0.0019315
2021-05-17,-0.0007242,0.0000000,0.0001960
2021-05-18,-0.0028829,0.0000000,-0.0001800
2021-05-19,-0.0038000,0.0000000,0.0015112
2021-05-20,0.0003299,0.0000000,-0.0009509
2021-05-21,-0.0035844,0.0000000,0.0001524
2021-05-24,0.0031821,0.0000000,-0.0000858
2021-05-25,-0.0013851,0.0000000,-0.0011449
2021-05-26,0.0038566,0.0000000,0.0010808
2021-05-27,0.0063351,0.0000000,-0.0066803
2021-05-28,-0.0022897,0.0000000,0.0007648
2021-05-31,0.0003968,0.0000000,0.0009073
2021-06-01,-0.0018280,0.0000000,0.0029308
2021-06-02,0.0014711,0.0000000,-0.0007154
2021-06-03,-0.0051632,0.0000000,-0.0021776
2021-06-04,0.0021309,0.0000000,0.0050189
2021-06-07,-0.0017222,0.0000000,0.0009935
2021-06-08,-0.0037829,0.0000000,-0.0006204
2021-06-09,-0.0012217,0.0000000,-0.0011024
2021-06-10,-0.0001469,0.0000000,0.0017423
2021-06-11,-0.0048346,0.0000000,0.0014974
2021-06-14,0.0057594,0.0000000,-0.0027788
2021-06-15,-0.0055008,0.0000000,-0.0006154
2021-06-16,-0.0014656,0.0000000,0.0036419
2021-06-17,-0.0055293,0.0000000,0.0086517
2021-06-18,-0.0099939,0.0000000,0.0020062
2021-06-21,0.0085805,0.0000000,0.0018197
2021-06-22,0.0076894,0.0000000,0.0014473
2021-06-23,0.0041779,0.0000000,0.0025775
2021-06-24,-0.0003188,0.0000000,0.0008841
2021-06-25,0.0006124,0.0000000,0.0011018
2021-06-28,-0.0038183,0.0000000,-0.0021047
2021-06-29,-0.0086896,0.0000000,-0.0042933
2021-06-30,0.0058769,0.0000000,0.0014456
2021-07-01,-0.0022093,0.0000000,-0.0011646
2021-07-02,0.0048728,0.0000000,0.0032252
2021-07-05,0.0003468,0.0000000,0.0002551
2021-07-06,-0.0089367,0.0000000,-0.0017945
2021-07-07,-0.0003745,0.0000000,0.0002457
2021-07-08,-0.0254601,0.0000000,-0.0085023
2021-07-09,0.0106030,0.0000000,0.0045589
2021-07-12,0.0008005,0.0000000,0.0001592
2021-07-13,-0.0023877,0.0000000,-0.0011613
2021-07-14,0.0001543,0.0000000,0.0009225
2021-07-15,-0.0081104,0.0000000,-0.0050019
2021-07-16,0.0012541,0.0000000,0.0006512
2021-07-19,-0.0162674,0.0000000,-0.0084707
2021-07-20,0.0048668,0.0000000,0.0070801
2021-07-21,0.0079351,0.0000000,0.0070617
2021-07-22,0.0022706,0.0000000,0.0025556
2021-07-23,0.0010126,0.0000000,0.0002050
2021-07-26,-0.0014025,0.0000000,-0.0017271
2021-07-27,-0.0093205,0.0000000,-0.0083650
2021-07-28,0.0006182,0.0000000,0.0023281
2021-07-29,0.0012790,0.0000000,0.0120021
2021-07-30,-0.0053787,0.0000000,-0.0113548
2021-08-02,-0.0025235,0.0000000,-0.0035115
2021-08-03,0.0009563,0.0000000,-0.0003642
2021-08-04,0.0042738,0.0000000,0.0017273
2021-08-05,0.0050130,0.0000000,0.0052726
2021-08-06,0.0016147,0.0000000,0.0010806
2021-08-09,0.0014084,0.0000000,0.0009910
2021-08-10,0.0069738,0.0000000,0.0051098
2021-08-11,0.0022405,0.0000000,0.0016158
2021-08-12,-0.0039511,0.0000000,-0.0007902
2021-08-13,-0.0061930,0.0000000,-0.0034519
2021-08-16,-0.0092557,0.0000000,-0.0065954
2021-08-17,-0.0089017,0.0000000,-0.0036138
2021-08-18,-0.0021026,0.0000000,-0.0004493
2021-08-19,-0.0125433,0.0000000,-0.0070589
2021-08-20,-0.0011214,0.0000000,-0.0020636
2021-08-23,0.0088509,0.0000000,0.0072577
2021-08-24,0.0082165,0.0000000,0.0055740
2021-08-25,0.0041191,0.0000000,0.0031738
2021-08-26,-0.0032917,0.0000000,-0.0021609
2021-08-27,0.0036981,0.0000000,0.0033818
2021-08-30,0.0034600,0.0000000,0.0025171
2021-08-31,0.0021279,0.0000000,-0.0000562
2021-09-01,0.0044076,0.0000000,0.0054334
2021-09-02,0.0047885,0.0000000,0.0017925
2021-09-03,0.0036698,0.0000000,0.0020015
2021-09-06,-0.0002054,0.0000000,0.0009856
2021-09-07,-0.0028538,0.0000000,-0.0020703
2021-09-08,-0.0010615,0.0000000,-0.0020417
2021-09-09,-0.0048672,0.0000000,-0.0000413
2021-09-10,0.0003765,0.0000000,-0.0015037
2021-09-13,0.0059284,0.0000000,0.0019815
2021-09-14,-0.0087676,0.0000000,-0.0016140
2021-09-15,0.0016274,0.0000000,0.0013185
2021-09-16,0.0011699,0.0000000,0.0001094
2021-09-17,-0.0022337,0.0000000,-0.0010622
2021-09-20,-0.0084959,0.0000000,-0.0020741
2021-09-21,-0.0056408,-0.0056304,0.0018762
2021-09-22,0.0056878,0.0056878,0.0025043
2021-09-23,0.0114891,0.0114891,0.0019645
2021-09-24,-0.0029240,-0.0029240,0.0035414
2021-09-27,0.0042013,0.0042013,0.0010322
2021-09-28,-0.0021110,-0.0021110,0.0006781
2021-09-29,-0.0052995,-0.0052995,0.0016962
2021-09-30,0.0013474,0.0009977,-0.0002040
2021-10-01,0.0037999,0.0028321,0.0002947
2021-10-04,-0.0004532,0.0001569,0.0002286
2021-10-05,0.0054647,-0.0001506,0.0003240
2021-10-06,-0.0048617,0.0000000,-0.0001545
2021-10-07,0.0064789,0.0000000,-0.0006382
2021-10-08,0.0038513,0.0000000,-0.0011112
2021-10-11,0.0081510,0.0000000,-0.0020950
2021-10-12,0.0040154,0.0000000,-0.0022088
2021-10-13,-0.0024228,0.0000000,0.0011507
2021-10-14,0.0106880,0.0000000,-0.0062412
2021-10-15,0.0051247,0.0000000,-0.0038561
2021-10-18,0.0004135,0.0000000,0.0003616
2021-10-19,0.0074689,0.0000000,-0.0041250
2021-10-20,0.0031977,0.0000000,-0.0048163
2021-10-21,-0.0093037,0.0000000,0.0074043
2021-10-22,-0.0045205,0.0000000,0.0030012
2021-10-25,0.0054998,0.0000000,-0.0028687
2021-10-26,0.0020572,0.0000000,-0.0031562
2021-10-27,-0.0005817,0.0000000,-0.0006467
2021-10-28,-0.0022816,0.0000000,0.0154643
2021-10-29,-0.0001081,0.0000000,-0.0204851
2021-11-01,-0.0030383,0.0000000,-0.0048222
2021-11-02,-0.0072344,0.0000000,0.0089387
2021-11-03,0.0028644,0.0000000,-0.0017912
2021-11-04,-0.0093016,0.0000000,0.0019984
2021-11-05,-0.0008387,0.0000000,0.0013455
2021-11-08,0.0043123,0.0000000,0.0012950
2021-11-09,-0.0078606,0.0000000,0.0039445
2021-11-10,0.0011388,0.0000000,-0.0039034
2021-11-11,-0.0043866,0.0000000,0.0037267
2021-11-12,0.0040590,0.0000000,-0.0015357
2021-11-15,0.0065660,0.0000000,-0.0052044
2021-11-16,-0.0001386,0.0000000,0.0036163
2021-11-17,-0.0090253,0.0000000,0.0075251
2021-11-18,0.0021929,0.0000000,-0.0011721
2021-11-19,-0.0056223,0.0000000,0.0010993
2021-11-22,0.0022758,0.0000000,-0.0006578
2021-11-23,0.0025226,0.0000000,-0.0011965
2021-11-24,-0.0043924,0.0000000,-0.0014478
2021-11-25,0.0004223,0.0000000,0.0016167
2021-11-26,-0.0315909,0.0000000,0.0214623
2021-11-29,0.0032591,0.0000000,-0.0033153
2021-11-30,-0.0069443,0.0000000,0.0017815
2021-12-01,-0.0032039,0.0000000,-0.0000944
2021-12-02,0.0017961,0.0020618,-0.0009419
2021-12-03,-0.0130767,-0.0130767,-0.0035894
2021-12-06,0.0131179,0.0101809,0.0054624
2021-12-07,0.0077423,0.0061778,-0.0002709
2021-12-08,0.0009373,0.0004638,-0.0007167
2021-12-09,-0.0023829,-0.0024203,0.0022156
2021-12-10,-0.0014335,-0.0014252,-0.0001323
2021-12-13,-0.0044877,-0.0038681,-0.0009443
2021-12-14,-0.0016979,-0.0013321,0.0005799
2021-12-15,0.0074530,0.0056833,0.0033516
2021-12-16,-0.0017904,-0.0003738,-0.0016163
2021-12-17,-0.0065346,0.0000000,-0.0010596
2021-12-20,-0.0054763,0.0000000,-0.0023853
2021-12-21,0.0090775,0.0000000,0.0031563
2021-12-22,0.0043368,0.0000000,0.0000822
2021-12-23,0.0030101,0.0000000,-0.0001115
2021-12-24,-0.0003275,0.0000000,0.0008008
2021-12-27,0.0017716,0.0000000,-0.0016501
2021-12-28,-0.0025768,0.0000000,-0.0010827
2021-12-29,0.0016181,0.0000000,0.0060720
2021-12-30,0.0016747,0.0000000,0.0012148
2021-12-31,0.0028890,0.0000000,0.0081100
2022-01-03,-0.0041018,-0.0041018,0.0002785
2022-01-04,0.0060258,0.0060258,-0.0015718
2022-01-05,-0.0025202,-0.0025202,0.0007708
2022-01-06,-0.0028618,-0.0028618,0.0014212
2022-01-07,0.0016543,0.0016543,0.0007674
2022-01-10,0.0020755,0.0020755,0.0051797
2022-01-11,0.0037553,0.0037553,-0.0005666
2022-01-12,-0.0000066,-0.0000066,-0.0006132
2022-01-13,-0.0036083,-0.0036083,-0.0003030
2022-01-14,-0.0047839,-0.0047839,-0.0007421
2022-01-17,0.0014414,0.0014414,-0.0006442
2022-01-18,-0.0005743,0.0003361,0.0004027
2022-01-19,-0.0002959,0.0000000,0.0003037
2022-01-20,-0.0004145,0.0000000,0.0004953
2022-01-21,-0.0123744,-0.0124589,-0.0027405
2022-01-24,0.0002872,-0.0012321,-0.0002203
2022-01-25,-0.0017692,0.0016019,0.0014408
2022-01-26,-0.0029842,0.0028135,0.0002291
2022-01-27,0.0027928,-0.0029629,0.0215869
2022-01-28,0.0051504,-0.0053248,0.0020379
2022-01-31,-0.0039148,0.0000373,-0.0130229
2022-02-01,-0.0016555,-0.0012001,0.0002485
2022-02-02,0.0020167,-0.0005116,-0.0005093
2022-02-03,-0.0050602,0.0008589,0.0009918
2022-02-04,0.0037919,-0.0009823,-0.0005596
2022-02-07,-0.0041631,0.0019947,0.0029468
2022-02-08,-0.0038733,-0.0000666,0.0022136
2022-02-09,-0.0038664,0.0006913,0.0015934
2022-02-10,-0.0002598,-0.0005927,-0.0007222
2022-02-11,0.0062635,-0.0013447,0.0015491
2022-02-14,0.0012672,0.0003699,0.0002318
2022-02-15,-0.0035691,0.0004737,-0.0006813
2022-02-16,-0.0024892,-0.0001505,0.0018560
2022-02-17,0.0036042,-0.0017185,0.0008085
2022-02-18,0.0003332,-0.0000472,0.0010961
2022-02-21,0.0042651,0.0000000,0.0008536
2022-02-22,-0.0088627,0.0000000,0.0019711
2022-02-23,-0.0018223,0.0000000,0.0010020
2022-02-24,0.0037189,0.0000000,0.0233006
2022-02-25,-0.0110987,0.0000000,-0.0086050
2022-02-28,0.0042723,0.0000000,-0.0054130
2022-03-01,0.0029422,0.0000000,-0.0008120
2022-03-02,-0.0132402,0.0000000,-0.0006193
2022-03-03,0.0016437,0.0000000,-0.0028791
2022-03-04,-0.0011168,0.0000000,-0.0084746
2022-03-07,-0.0004254,0.0000000,-0.0013372
2022-03-08,0.0013864,-0.0021151,0.0079376
2022-03-09,-0.0069096,0.0067027,0.0065951
2022-03-10,-0.0096676,0.0094472,-0.0123254
2022-03-11,-0.0030315,0.0028140,0.0024561
2022-03-14,0.0056254,-0.0058401,0.0133104
2022-03-15,-0.0066797,0.0064638,-0.0010527
2022-03-16,-0.0151761,0.0149485,-0.0064882
2022-03-17,-0.0054689,0.0052398,-0.0072479
2022-03-18,-0.0033561,0.0031514,-0.0046056
2022-03-21,-0.0013626,0.0011581,-0.0007842
2022-03-22,-0.0149472,0.0147447,-0.0115809
2022-03-23,-0.0022557,0.0020339,-0.0048966
2022-03-24,-0.0063165,0.0061240,-0.0058813
2022-03-25,-0.0006607,0.0004649,-0.0004972
2022-03-28,0.0059661,0.0041324,-0.0028099
2022-03-29,-0.0032467,-0.0032467,0.0098404
2022-03-30,-0.0071382,-0.0071382,0.0132267
2022-03-31,-0.0058614,-0.0058614,0.0011034
2022-04-01,0.0052592,0.0052592,-0.0054689
2022-04-04,0.0066053,0.0066053,-0.0061085
2022-04-05,0.0067689,-0.0003506,-0.0075358
2022-04-06,-0.0034397,0.0000000,0.0050990
2022-04-07,-0.0030246,0.0000000,0.0026549
2022-04-08,-0.0016720,0.0000000,0.0002407
2022-04-11,-0.0031204,0.0000000,0.0011844
2022-04-12,0.0038835,0.0000000,-0.0041187
2022-04-13,0.0020562,0.0000000,0.0010479
2022-04-14,0.0023917,0.0000000,0.0001706
2022-04-15,-0.0003736,0.0000000,-0.0000344
2022-04-18,0.0014464,0.0000000,0.0003861
2022-04-19,-0.0147164,0.0000000,-0.0089613
2022-04-20,-0.0056802,0.0000000,-0.0032136
2022-04-21,0.0055348,0.0000000,0.0049772
2022-04-22,0.0129386,0.0000000,0.0078895
2022-04-25,0.0044414,-0.0048771,0.0021846
2022-04-26,0.0104067,-0.0105899,0.0046415
2022-04-27,-0.0079586,0.0037409,0.0015221
2022-04-28,-0.0063910,-0.0004596,0.0044159
2022-04-29,0.0071929,-0.0018945,0.0054764
2022-05-02,-0.0015096,0.0012639,-0.0033812
2022-05-03,-0.0038898,0.0026301,-0.0023828
2022-05-04,-0.0084898,0.0050322,-0.0032369
2022-05-05,0.0037942,-0.0009354,0.0010538
2022-05-06,0.0014141,-0.0007120,0.0015786
2022-05-09,0.0106655,-0.0044795,0.0060718
2022-05-10,0.0007872,-0.0002425,-0.0001196
2022-05-11,0.0010618,-0.0003143,-0.0005365
2022-05-12,0.0086397,0.0002793,0.0044053
2022-05-13,-0.0126066,0.0038832,-0.0024198
2022-05-16,-0.0036380,0.0017798,-0.0004786
2022-05-17,-0.0021696,-0.0010500,0.0018503
2022-05-18,0.0156197,-0.0056239,0.0005011
2022-05-19,0.0001143,-0.0026080,0.0014544
2022-05-20,-0.0018631,0.0001417,0.0007798
2022-05-23,-0.0019042,0.0021780,0.0004032
2022-05-24,0.0073966,-0.0075475,0.0009596
2022-05-25,-0.0025622,0.0024103,0.0007869
2022-05-26,0.0007978,-0.0009519,-0.0005388
2022-05-27,-0.0056729,0.0055220,-0.0064569
2022-05-30,-0.0057201,0.0055675,-0.0054038
2022-05-31,-0.0020268,0.0018769,0.0058875
2022-06-01,-0.0041774,0.0040287,-0.0018907
2022-06-02,-0.0056511,0.0055021,-0.0001344
2022-06-03,-0.0001375,-0.0000149,-0.0012962
2022-06-06,-0.0068493,0.0066974,-0.0007472
2022-06-07,-0.0059152,0.0057609,-0.0007395
2022-06-08,-0.0038377,0.0036847,-0.0021226
2022-06-09,0.0095480,-0.0097097,0.0024166
2022-06-10,0.0015420,-0.0017014,0.0000983
2022-06-13,0.0064254,-0.0065755,-0.0004025
2022-06-14,0.0002466,-0.0003994,-0.0018481
2022-06-15,-0.0015463,0.0013831,0.0024487
2022-06-16,0.0162435,-0.0163968,0.0055937
2022-06-17,-0.0009905,0.0011427,-0.0015813
2022-06-20,-0.0015504,-0.0018740,-0.0004259
2022-06-21,-0.0056177,0.0054102,-0.0021066
2022-06-22,0.0081666,-0.0083046,-0.0013279
2022-06-23,0.0059570,-0.0060973,0.0019044
2022-06-24,-0.0046557,0.0045192,-0.0014161
2022-06-27,0.0008953,-0.0010290,-0.0016272
2022-06-28,0.0012453,-0.0013816,0.0062496
2022-06-29,0.0023540,-0.0016983,0.0041375
2022-06-30,-0.0001940,-0.0011284,-0.0043139
2022-07-01,0.0042155,-0.0028363,-0.0011245
2022-07-04,-0.0046320,0.0027579,0.0006477
2022-07-05,0.0037862,-0.0038621,0.0011116
2022-07-06,0.0005180,-0.0003645,-0.0000099
2022-07-07,-0.0070608,0.0036881,0.0024098
2022-07-08,-0.0035078,0.0017887,0.0010686
2022-07-11,0.0029869,-0.0004171,-0.0040008
2022-07-12,0.0009852,-0.0014583,0.0006206
2022-07-13,-0.0012968,0.0019874,-0.0017278
2022-07-14,-0.0027141,0.0012942,0.0016780
2022-07-15,-0.0001074,0.0007729,-0.0013949
2022-07-18,-0.0013657,0.0004159,0.0022286
2022-07-19,-0.0050886,-0.0000966,-0.0011395
2022-07-20,-0.0011945,0.0000000,-0.0000438
2022-07-21,0.0015124,0.0000000,0.0010047
2022-07-22,0.0075921,0.0000000,-0.0000517
2022-07-25,-0.0065435,0.0000000,0.0005106
2022-07-26,0.0033133,0.0000000,-0.0032660
2022-07-27,-0.0027147,0.0000000,0.0137420
2022-07-28,0.0072492,0.0000000,0.0084143
2022-07-29,0.0043532,0.0000000,0.0037397
2022-08-01,0.0028842,0.0000000,0.0027043
2022-08-02,0.0005937,0.0000000,-0.0027750
2022-08-03,-0.0067203,0.0000000,0.0010214
2022-08-04,0.0038135,0.0000000,0.0008933
2022-08-05,-0.0027375,0.0000000,-0.0015110
2022-08-08,-0.0037334,0.0000000,-0.0027308
2022-08-09,0.0022325,0.0000000,-0.0004753
2022-08-10,-0.0010767,0.0000000,0.0018036
2022-08-11,-0.0025712,0.0000000,-0.0012520
2022-08-12,-0.0033084,0.0000000,-0.0037215
2022-08-15,0.0099608,0.0000000,0.0005585
2022-08-16,-0.0052073,0.0000000,0.0028391
2022-08-17,0.0052496,0.0000000,0.0025094
2022-08-18,-0.0024556,0.0000000,-0.0049935
2022-08-19,0.0035246,0.0000000,-0.0029117
2022-08-22,-0.0032948,0.0000000,-0.0022504
2022-08-23,-0.0049831,0.0044105,0.0011359
2022-08-24,-0.0004042,0.0002473,0.0007886
2022-08-25,-0.0020325,0.0018777,-0.0019088
2022-08-26,0.0070017,-0.0071602,0.0012944
2022-08-29,-0.0070253,0.0068651,-0.0007621
2022-08-30,0.0016452,-0.0018014,0.0121620
2022-08-31,-0.0004463,0.0002905,0.0054741
2022-09-01,-0.0008502,0.0006945,-0.0036186
2022-09-02,-0.0035170,0.0033518,-0.0021530
2022-09-05,0.0018877,-0.0020456,-0.0009087
2022-09-06,-0.0035040,0.0033369,0.0018210
2022-09-07,-0.0029089,0.0027484,-0.0031234
2022-09-08,0.0034891,-0.0036535,-0.0054087
2022-09-09,0.0019570,-0.0021844,-0.0029903
2022-09-12,-0.0019593,0.0017743,-0.0006936
2022-09-13,0.0109165,-0.0082322,-0.0005710
2022-09-14,0.0028403,-0.0039701,0.0058763
2022-09-15,0.0059886,-0.0031187,-0.0018341
2022-09-16,-0.0017622,-0.0010492,0.0023778
2022-09-19,0.0007182,0.0002669,-0.0019045
2022-09-20,0.0074912,-0.0000845,-0.0037659
2022-09-21,0.0058147,0.0000000,-0.0039456
2022-09-22,-0.0009742,0.0000000,0.0102296
2022-09-23,0.0082819,-0.0090706,-0.0161345
2022-09-26,0.0033291,-0.0035072,-0.0054548
2022-09-27,0.0015388,-0.0011606,0.0011738
2022-09-28,-0.0021886,-0.0000864,-0.0202828
2022-09-29,0.0032340,-0.0025311,0.0057496
2022-09-30,0.0091717,-0.0036335,0.0126389
2022-10-03,-0.0224524,0.0045705,0.0167687
2022-10-04,0.0050445,0.0001252,-0.0061577
2022-10-05,-0.0003652,-0.0004677,0.0025396
2022-10-06,0.0061321,-0.0023002,-0.0028660
2022-10-07,0.0012312,-0.0003015,-0.0014113
2022-10-10,0.0026581,-0.0013986,-0.0011654
2022-10-11,0.0018786,0.0000048,-0.0005176
2022-10-12,-0.0046246,0.0007975,0.0029193
2022-10-13,-0.0069526,0.0009781,0.0024579
2022-10-14,0.0051931,0.0001644,-0.0048654
2022-10-17,-0.0083511,0.0020744,0.0012868
2022-10-18,-0.0028473,-0.0000057,0.0023692
2022-10-19,-0.0035047,0.0003261,0.0019999
2022-10-20,-0.0010620,0.0002335,-0.0000905
2022-10-21,-0.0013736,-0.0000632,0.0041009
2022-10-24,0.0017812,0.0000000,-0.0044613
2022-10-25,-0.0030988,0.0000000,0.0012677
2022-10-26,-0.0013398,0.0000000,0.0021701
2022-10-27,0.0009194,0.0000000,-0.0041455
2022-10-28,-0.0027070,0.0000000,-0.0059830
2022-10-31,-0.0058561,0.0000000,-0.0046415
2022-11-01,0.0015583,0.0000000,0.0000276
2022-11-02,0.0046051,0.0000000,0.0003865
2022-11-03,-0.0002234,-0.0003405,0.0010670
2022-11-04,-0.0086925,0.0085382,0.0014539
2022-11-07,0.0022169,-0.0023745,-0.0016298
2022-11-08,0.0003800,-0.0005423,0.0001890
2022-11-09,0.0083822,-0.0085405,-0.0015168
2022-11-10,0.0068243,-0.0069828,0.0024001
2022-11-11,0.0084350,-0.0069016,-0.0005250
2022-11-14,-0.0016809,0.0011979,0.0003670
2022-11-15,-0.0051682,0.0044925,0.0008613
2022-11-16,0.0015428,-0.0006903,-0.0012866
2022-11-17,-0.0029776,0.0006031,-0.0002151
2022-11-18,-0.0005821,0.0013154,-0.0000910
2022-11-21,-0.0003589,-0.0008371,-0.0004985
2022-11-22,-0.0001224,0.0003251,0.0000115
2022-11-23,0.0013141,0.0017480,-0.0002219
2022-11-24,-0.0000223,0.0004281,0.0001982
2022-11-25,-0.0010069,0.0008459,-0.0000706
2022-11-28,0.0106250,-0.0081369,-0.0070838
2022-11-29,-0.0030786,0.0042728,-0.0006522
2022-11-30,-0.0063905,0.0045268,0.0127177
2022-12-01,0.0092071,-0.0000946,-0.0042313
2022-12-02,0.0033003,0.0000000,-0.0018755
2022-12-05,-0.0001553,0.0000000,-0.0000663
2022-12-06,-0.0013878,0.0000000,-0.0005121
2022-12-07,0.0010123,0.0007419,-0.0011147
2022-12-08,0.0024310,0.0024310,0.0009050
2022-12-09,0.0003741,0.0003741,-0.0010647
2022-12-12,-0.0028292,0.0005815,0.0005576
2022-12-13,-0.0001959,0.0000519,-0.0007124
2022-12-14,0.0024536,-0.0026009,-0.0009542
2022-12-15,0.0050261,-0.0051705,0.0007255
2022-12-16,0.0006429,-0.0007973,-0.0007669
2022-12-19,0.0012118,-0.0013611,0.0005311
2022-12-20,0.0189549,-0.0191017,-0.0025203
2022-12-21,-0.0012678,-0.0007683,0.0034456
2022-12-22,0.0021644,-0.0002449,-0.0007776
2022-12-23,-0.0065089,0.0023166,0.0024838
2022-12-26,-0.0009647,0.0003313,0.0005865
2022-12-27,-0.0012391,-0.0001546,0.0037328
2022-12-28,-0.0022558,-0.0014400,0.0010838
2022-12-29,0.0025078,-0.0005331,-0.0102476
2022-12-30,0.0026429,0.0014998,-0.0076745
2023-01-02,0.0034116,0.0000000,-0.0020207
2023-01-03,0.0015687,0.0000000,0.0007004
2023-01-04,-0.0124790,0.0000000,0.0012803
2023-01-05,0.0029406,0.0000000,0.0000025
2023-01-06,-0.0051266,0.0000000,0.0000000
2023-01-09,0.0003712,0.0000000,0.0000000
2023-01-10,-0.0001041,0.0000000,0.0000000
2023-01-11,-0.0064985,0.0000000,0.0000000
2023-01-12,0.0057445,0.0000000,-0.0007990
2023-01-13,0.0050042,0.0000000,0.0004349
2023-01-16,-0.0003097,0.0000000,0.0002078
2023-01-17,-0.0004663,0.0000000,0.0012917
2023-01-18,0.0050089,0.0000000,0.0008712
2023-01-19,0.0044962,0.0000000,0.0000387
2023-01-20,-0.0134385,0.0000000,0.0012302
2023-01-23,-0.0070351,0.0000000,0.0005119
2023-01-24,-0.0004350,0.0000000,-0.0000137
2023-01-25,0.0034409,0.0000000,0.0000000
2023-01-26,-0.0054900,0.0000000,0.0000000
2023-01-27,0.0002552,0.0000000,-0.0003734
2023-01-30,0.0009259,0.0000000,-0.0073987
2023-01-31,0.0054660,0.0000000,0.0038512
2023-02-01,0.0009498,0.0000000,0.0001020
2023-02-02,0.0019893,0.0000000,0.0000000
2023-02-03,0.0007467,0.0000000,0.0000000
2023-02-06,-0.0031663,0.0000000,0.0000000
2023-02-07,-0.0025842,0.0000000,0.0000000
2023-02-08,-0.0032839,0.0000000,0.0000000
2023-02-09,0.0020679,0.0000000,0.0000000
2023-02-10,0.0019565,0.0000000,0.0000000
2023-02-13,0.0041586,0.0000000,0.0000000
2023-02-14,0.0026721,0.0000000,0.0000000
2023-02-15,-0.0033816,0.0000000,0.0000000
2023-02-16,-0.0029789,0.0000000,0.0000000
2023-02-17,-0.0016362,0.0000000,0.0000000
2023-02-20,0.0017878,0.0000000,0.0000000
2023-02-21,-0.0014320,0.0000000,0.0000000
2023-02-22,-0.0002901,-0.0008705,-0.0002245
2023-02-23,0.0015698,0.0015698,0.0002996
2023-02-24,0.0009896,0.0009896,0.0150444
2023-02-27,-0.0025820,-0.0025820,-0.0100039
2023-02-28,0.0026148,0.0026148,0.0064187
2023-03-01,0.0043097,0.0043097,-0.0000269
2023-03-02,-0.0001118,-0.0001118,0.0003341
2023-03-03,-0.0045418,-0.0045418,0.0001430
2023-03-06,-0.0062838,-0.0062838,-0.0002542
2023-03-07,-0.0041686,-0.0041686,-0.0005648
2023-03-08,-0.0009920,0.0006355,0.0000660
2023-03-09,-0.0094287,0.0000000,-0.0013111
2023-03-10,-0.0085182,0.0000000,-0.0018070
2023-03-13,-0.0006945,0.0000000,0.0000164
2023-03-14,-0.0064938,0.0059378,0.0010825
2023-03-15,-0.0021253,0.0019366,-0.0012886
2023-03-16,-0.0018392,0.0016712,0.0007144
2023-03-17,0.0018419,-0.0019925,-0.0004993
2023-03-20,-0.0011980,0.0010433,-0.0007415
2023-03-21,0.0064138,-0.0065661,-0.0001395
2023-03-22,0.0042001,-0.0043610,-0.0006749
2023-03-23,0.0004735,-0.0006240,-0.0004655
2023-03-24,0.0033151,-0.0034626,-0.0007682
2023-03-27,-0.0022163,0.0020642,0.0001313
2023-03-28,-0.0071720,0.0001694,0.0007887
2023-03-29,-0.0039770,0.0000000,0.0006643
2023-03-30,-0.0007424,0.0000000,-0.0002978
2023-03-31,0.0000948,0.0000000,0.0000963
2023-04-03,-0.0006700,0.0000000,0.0009772
2023-04-04,-0.0071172,0.0000000,-0.0000351
2023-04-05,-0.0023794,0.0000000,0.0000000
2023-04-06,-0.0066048,0.0000000,0.0000000
2023-04-07,0.0022226,0.0000000,0.0000000
2023-04-10,0.0035689,0.0000000,0.0000000
2023-04-11,-0.0029640,0.0000000,0.0000000
2023-04-12,-0.0023021,0.0000000,0.0000000
2023-04-13,0.0050223,0.0000000,0.0000000
2023-04-14,-0.0018939,0.0000000,0.0000000
2023-04-17,0.0025680,0.0000000,0.0000000
2023-04-18,0.0000959,0.0000000,0.0000000
2023-04-19,-0.0000380,0.0000000,0.0000000
2023-04-20,-0.0054782,0.0000000,0.0000000
2023-04-21,-0.0070011,0.0000000,0.0000000
2023-04-24,-0.0007443,0.0000000,0.0000000
2023-04-25,-0.0071512,0.0000000,0.0000000
2023-04-26,-0.0033246,0.0000000,0.0000000
2023-04-27,0.0074881,0.0000000,0.0000000
2023-04-28,0.0108184,0.0000000,0.0000000
2023-05-01,0.0047042,0.0000000,-0.0006799
2023-05-02,-0.0030071,0.0000000,0.0012337
2023-05-03,-0.0098509,0.0000000,0.0007862
2023-05-04,0.0048254,0.0000000,0.0007914
2023-05-05,0.0123888,0.0000000,0.0002541
2023-05-08,0.0041524,0.0000000,-0.0009764
2023-05-09,-0.0007367,0.0000000,-0.0000277
2023-05-10,-0.0007810,0.0000000,0.0001381
2023-05-11,-0.0068649,0.0000000,0.0002151
2023-05-12,-0.0039186,0.0000000,0.0014035
2023-05-15,0.0069904,0.0000000,-0.0000223
2023-05-16,-0.0015593,0.0000000,0.0000000
2023-05-17,0.0070835,0.0000000,0.0000000
2023-05-18,0.0027715,0.0000000,0.0000000
2023-05-19,-0.0017056,0.0000000,0.0000000
2023-05-22,0.0014563,0.0000000,0.0000000
2023-05-23,-0.0019581,0.0000000,0.0000000
2023-05-24,-0.0073638,0.0000000,0.0000000
2023-05-25,-0.0034775,0.0000000,0.0000000
2023-05-26,0.0017401,0.0000000,0.0000000
2023-05-29,0.0011639,0.0000000,0.0000000
2023-05-30,-0.0031893,0.0000000,0.0000000
2023-05-31,0.0000204,0.0000000,0.0000000
2023-06-01,0.0042663,0.0000000,-0.0000545
2023-06-02,0.0069975,0.0000000,0.0001807
2023-06-05,-0.0021421,0.0000000,0.0003892
2023-06-06,0.0050716,0.0000000,-0.0002273
2023-06-07,0.0009045,0.0000000,-0.0001033
2023-06-08,-0.0045199,0.0000000,-0.0004243
2023-06-09,0.0076326,0.0000000,-0.0010387
2023-06-12,0.0033808,0.0000000,0.0013492
2023-06-13,0.0033271,0.0000000,-0.0000115
2023-06-14,0.0011618,0.0000000,0.0000000
2023-06-15,0.0032356,0.0000000,0.0000000
2023-06-16,0.0067994,0.0000000,0.0000000
2023-06-19,-0.0020069,0.0000000,0.0000000
2023-06-20,-0.0061781,0.0000000,0.0000000
2023-06-21,0.0026405,0.0000000,0.0000000
2023-06-22,0.0019793,0.0000000,0.0000000
2023-06-23,-0.0036185,0.0000000,0.0000000
2023-06-26,0.0001923,0.0000000,0.0000000
2023-06-27,-0.0001115,0.0000000,0.0000000
2023-06-28,-0.0079911,0.0000000,0.0000000
2023-06-29,0.0035201,0.0000000,-0.0037665
2023-06-30,0.0016860,0.0000000,0.0124568
2023-07-03,0.0031207,0.0000000,-0.0002969
2023-07-04,0.0037481,0.0000000,0.0000000
2023-07-05,-0.0027604,0.0000000,0.0000000
2023-07-06,-0.0095796,0.0000000,0.0000000
2023-07-07,-0.0014295,0.0000000,-0.0006126
2023-07-10,-0.0063513,0.0000000,-0.0005443
2023-07-11,-0.0059531,0.0000000,-0.0002896
2023-07-12,-0.0024231,0.0000000,-0.0008819
2023-07-13,0.0045881,0.0000000,0.0002167
2023-07-14,-0.0021697,0.0000000,-0.0002490
2023-07-17,-0.0046003,0.0000000,0.0000761
2023-07-18,-0.0037032,0.0000000,0.0002855
2023-07-19,0.0006820,0.0000000,0.0007967
2023-07-20,0.0056109,0.0000000,-0.0008733
2023-07-21,-0.0025483,0.0000000,-0.0005318
2023-07-24,0.0054962,0.0000000,0.0006910
2023-07-25,-0.0023925,0.0000000,-0.0007208
2023-07-26,-0.0078181,0.0000000,0.0004372
2023-07-27,-0.0018872,0.0000000,-0.0142455
2023-07-28,0.0010986,0.0000000,-0.0046369
2023-07-31,0.0134947,0.0000000,0.0023624
2023-08-01,-0.0055766,0.0000000,-0.0000272
2023-08-02,-0.0083236,0.0000000,0.0000000
2023-08-03,-0.0046171,0.0000000,0.0000000
2023-08-04,-0.0022810,0.0000000,0.0000000
2023-08-07,0.0033346,0.0000000,0.0000000
2023-08-08,-0.0004904,0.0000000,0.0000000
2023-08-09,0.0004566,0.0000000,0.0000000
2023-08-10,-0.0000055,0.0000000,0.0000000
2023-08-11,-0.0028033,0.0000000,0.0000000
2023-08-14,0.0017711,0.0000000,0.0000000
2023-08-15,-0.0040854,0.0000000,0.0000000
2023-08-16,0.0001123,0.0000000,0.0000000
2023-08-17,-0.0054233,0.0000000,0.0000000
2023-08-18,0.0008420,0.0000000,0.0000000
2023-08-21,0.0010584,0.0000000,0.0000000
2023-08-22,0.0016649,0.0000000,0.0000000
2023-08-23,0.0004104,0.0000000,0.0000000
2023-08-24,-0.0006325,0.0000000,0.0000000
2023-08-25,-0.0005871,0.0000000,0.0000000
2023-08-28,0.0018082,0.0000000,0.0000000
2023-08-29,0.0016974,0.0000000,-0.0129170
2023-08-30,0.0007203,0.0000000,-0.0024580
2023-08-31,0.0028695,0.0000000,0.0024323
2023-09-01,-0.0017895,0.0000000,0.0003101
2023-09-04,0.0000878,0.0000000,0.0000000
2023-09-05,-0.0019708,0.0000000,0.0000000
2023-09-06,0.0007293,0.0000000,0.0000000
2023-09-07,-0.0021419,0.0000000,0.0000000
2023-09-08,0.0042637,0.0000000,0.0000000
2023-09-11,0.0014247,0.0000000,0.0000000
2023-09-12,0.0016406,0.0000000,0.0000000
2023-09-13,0.0040016,0.0000000,0.0000000
2023-09-14,0.0036448,0.0000000,0.0000000
2023-09-15,0.0007102,0.0000000,0.0003893
2023-09-18,0.0014164,0.0000000,-0.0000016
2023-09-19,0.0052320,0.0000000,-0.0005569
2023-09-20,0.0012154,0.0000000,-0.0000911
2023-09-21,-0.0016105,0.0000000,0.0002283
2023-09-22,0.0087233,0.0075531,-0.0002155
2023-09-25,0.0060091,0.0060091,-0.0010035
2023-09-26,-0.0019380,-0.0019380,0.0003825
2023-09-27,0.0025844,0.0025844,0.0088183
2023-09-28,0.0017257,0.0017257,-0.0140321
2023-09-29,0.0000161,0.0000161,0.0024827
2023-10-02,-0.0071291,-0.0071291,0.0003598
2023-10-03,-0.0091674,-0.0091674,0.0000000
2023-10-04,-0.0021222,-0.0021222,0.0000000
2023-10-05,0.0016850,0.0016850,0.0000000
2023-10-06,0.0052884,-0.0001158,0.0000000
2023-10-09,0.0007295,0.0000000,0.0000000
2023-10-10,0.0023813,0.0000000,0.0000000
2023-10-11,-0.0037224,0.0000000,0.0000000
2023-10-12,-0.0091867,0.0000000,0.0000000
2023-10-13,-0.0087211,0.0000000,0.0000000
2023-10-16,0.0056453,0.0000000,0.0009898
2023-10-17,-0.0010345,0.0000000,-0.0005746
2023-10-18,-0.0079856,0.0000000,-0.0010079
2023-10-19,-0.0079720,0.0000000,-0.0017037
2023-10-20,-0.0013302,0.0000000,0.0005473
2023-10-23,0.0018045,0.0000000,0.0010626
2023-10-24,0.0016564,0.0000000,-0.0009500
2023-10-25,-0.0043750,0.0000000,0.0000408
2023-10-26,0.0036040,0.0029678,0.0006822
2023-10-27,-0.0021431,-0.0021431,0.0023472
2023-10-30,-0.0059140,0.0041632,-0.0126777
2023-10-31,-0.0132907,0.0130442,0.0187370
2023-11-01,-0.0014297,0.0011746,-0.0010559
2023-11-02,-0.0076006,0.0073699,-0.0003652
2023-11-03,-0.0056970,0.0054653,-0.0005846
2023-11-06,0.0010682,-0.0026585,-0.0001242
2023-11-07,-0.0062677,-0.0062677,0.0006873
2023-11-08,-0.0033881,-0.0033881,0.0001943
2023-11-09,0.0000840,0.0002559,0.0003758
2023-11-10,-0.0007258,0.0000000,-0.0000267
2023-11-13,0.0005399,0.0000000,0.0000000
2023-11-14,0.0066548,0.0000000,0.0000000
2023-11-15,0.0049832,0.0000000,0.0000000
2023-11-16,-0.0115817,0.0000000,0.0000000
2023-11-17,-0.0021739,0.0000000,0.0000000
2023-11-20,0.0003741,0.0000000,0.0000000
2023-11-21,0.0003834,0.0000000,0.0000000
2023-11-22,0.0027560,0.0000000,0.0000000
2023-11-23,0.0027434,0.0000000,0.0000000
2023-11-24,0.0045394,0.0000000,0.0000000
2023-11-27,-0.0021735,0.0000000,0.0000000
2023-11-28,-0.0000452,0.0000000,0.0104947
2023-11-29,-0.0062124,0.0000000,0.0004112
2023-11-30,0.0053216,0.0000000,-0.0061496
2023-12-01,-0.0006622,0.0000000,0.0001444
2023-12-04,-0.0032869,0.0000000,-0.0002163
2023-12-05,-0.0072580,0.0000000,-0.0009043
2023-12-06,0.0006058,0.0000000,-0.0003707
2023-12-07,-0.0076825,0.0000000,0.0005503
2023-12-08,0.0029846,0.0000000,0.0015748
2023-12-11,0.0029708,0.0000000,0.0020925
2023-12-12,-0.0056380,0.0000000,-0.0007717
2023-12-13,-0.0014950,0.0000000,-0.0028711
2023-12-14,0.0009518,0.0000000,-0.0001478
2023-12-15,0.0043057,0.0000000,0.0002825
2023-12-18,-0.0003884,0.0000000,0.0012081
2023-12-19,0.0079325,0.0000000,0.0028219
2023-12-20,-0.0041819,0.0000000,0.0000565
2023-12-21,-0.0007271,0.0000000,0.0000000
2023-12-22,0.0013715,0.0000000,0.0000000
2023-12-25,0.0012969,0.0000000,0.0000000
2023-12-26,0.0021403,0.0000000,0.0000000
2023-12-27,-0.0101720,0.0000000,0.0096458
2023-12-28,-0.0024155,0.0000000,-0.0041703
2023-12-29,-0.0070187,0.0000000,-0.0019098
2024-01-02,0.0012563,0.0000000,0.0018696
2024-01-03,0.0006610,0.0000000,-0.0009612
2024-01-04,0.0038048,0.0000000,-0.0001919
2024-01-05,0.0005240,0.0000000,-0.0003253
2024-01-08,-0.0023692,0.0000000,-0.0008728
2024-01-09,0.0004260,0.0000000,0.0003601
2024-01-10,0.0038043,0.0000000,-0.0004216
2024-01-11,-0.0017715,0.0000000,-0.0004186
2024-01-12,-0.0010201,0.0000000,0.0002007
2024-01-15,0.0008840,0.0000000,-0.0001437
2024-01-16,-0.0012366,0.0000000,-0.0012405
2024-01-17,0.0020309,0.0000000,-0.0016698
2024-01-18,0.0053761,0.0000000,0.0018919
2024-01-19,0.0035741,0.0000000,0.0000960
2024-01-22,-0.0058205,0.0000000,-0.0004552
2024-01-23,0.0050582,0.0000000,0.0006300
2024-01-24,-0.0117557,0.0000000,0.0001512
2024-01-25,0.0063535,0.0000000,-0.0011406
2024-01-26,-0.0023368,0.0000000,-0.0000598
2024-01-29,0.0015953,0.0000000,0.0072843
2024-01-30,0.0010697,0.0000000,0.0003182
2024-01-31,-0.0079926,0.0000000,-0.0043101
2024-02-01,-0.0015360,0.0000000,-0.0005603
2024-02-02,0.0028673,0.0000000,0.0000000
2024-02-05,-0.0006281,0.0000000,0.0000000
2024-02-06,0.0039225,0.0000000,0.0000000
2024-02-07,0.0071333,0.0000000,0.0000000
2024-02-08,0.0002719,0.0000000,0.0000484
2024-02-09,0.0071428,0.0000000,-0.0002127
2024-02-12,-0.0000197,0.0000000,-0.0002194
2024-02-13,0.0011340,0.0000000,-0.0006894
2024-02-14,0.0031665,0.0000000,-0.0000005
2024-02-15,-0.0012719,0.0000000,0.0001033
2024-02-16,0.0029604,0.0000000,0.0000685
2024-02-19,0.0033412,0.0000000,-0.0001885
2024-02-20,-0.0004077,0.0000000,0.0004449
2024-02-21,0.0009661,0.0000000,0.0001843
2024-02-22,0.0037282,0.0000000,0.0001592
2024-02-23,0.0003213,0.0000000,-0.0011731
2024-02-26,-0.0037724,0.0000000,-0.0010181
2024-02-27,-0.0028535,0.0000000,-0.0004292
2024-02-28,-0.0099620,0.0000000,-0.0112901
2024-02-29,0.0014622,0.0000000,-0.0043003
2024-03-01,0.0032182,0.0000000,-0.0003934
2024-03-04,0.0004607,0.0000000,-0.0005379
2024-03-05,-0.0050942,0.0000000,-0.0002670
2024-03-06,0.0065054,0.0000000,0.0003836
2024-03-07,-0.0007864,0.0000000,-0.0001048
2024-03-08,-0.0053354,0.0000000,-0.0002654
2024-03-11,-0.0021283,0.0000000,0.0008428
2024-03-12,0.0007852,0.0000000,0.0003054
2024-03-13,0.0042885,0.0000000,0.0004114
2024-03-14,-0.0008117,0.0000000,0.0002359
2024-03-15,-0.0024688,0.0000000,-0.0000178
2024-03-18,0.0046614,0.0000000,0.0000000
2024-03-19,0.0026863,0.0000000,0.0000000
2024-03-20,0.0104794,0.0000000,0.0000000
2024-03-21,0.0052250,0.0000000,0.0000000
2024-03-22,-0.0127780,0.0000000,0.0011938
2024-03-25,0.0050498,0.0000000,0.0033006
2024-03-26,0.0040749,0.0000000,-0.0040389
2024-03-27,-0.0007265,0.0000000,0.0016745
2024-03-28,-0.0045201,0.0000000,-0.0032919
2024-03-29,0.0001883,0.0000000,0.0008265
2024-04-01,-0.0016523,0.0000000,-0.0003872
2024-04-02,0.0062714,0.0000000,0.0005537
2024-04-03,0.0046283,0.0000000,0.0008074
2024-04-04,-0.0010073,0.0000000,0.0003388
2024-04-05,-0.0016803,0.0000000,0.0001812
2024-04-08,0.0082248,0.0000000,-0.0001854
2024-04-09,0.0020965,0.0000000,-0.0008089
2024-04-10,-0.0056306,0.0000000,0.0006028
2024-04-11,0.0014998,0.0000000,-0.0008718
2024-04-12,-0.0105478,0.0000000,0.0003540
2024-04-15,-0.0022208,0.0000000,0.0006389
2024-04-16,-0.0031084,0.0000000,-0.0000138
2024-04-17,0.0039877,0.0000000,0.0000000
2024-04-18,0.0004690,0.0000000,0.0000000
2024-04-19,-0.0024066,0.0000000,0.0000000
2024-04-22,0.0094895,0.0000000,-0.0013558
2024-04-23,0.0051960,0.0000000,0.0012246
2024-04-24,0.0045300,0.0000000,0.0045532
2024-04-25,0.0034556,0.0000000,-0.0073939
2024-04-26,0.0152377,0.0000000,0.0116699
2024-04-29,-0.0072620,0.0000000,-0.0152216
2024-04-30,-0.0042546,0.0000000,0.0283706
2024-05-01,-0.0096847,0.0000000,0.0015727
2024-05-02,0.0000090,0.0000000,-0.0001174
2024-05-03,-0.0018885,0.0000000,0.0000000
2024-05-06,0.0065177,0.0000000,0.0003230
2024-05-07,0.0002038,0.0000000,-0.0003717
2024-05-08,0.0015906,0.0000000,-0.0000679
2024-05-09,0.0048773,0.0000000,0.0002214
2024-05-10,-0.0006580,0.0000000,0.0001717
2024-05-13,0.0036508,0.0000000,0.0004665
2024-05-14,0.0028241,0.0000000,0.0000082
2024-05-15,0.0022679,0.0000000,0.0000000
2024-05-16,0.0038422,0.0000000,0.0000000
2024-05-17,0.0057350,0.0000000,0.0000000
2024-05-20,-0.0007615,0.0000000,0.0000000
2024-05-21,-0.0025851,0.0000000,0.0000000
2024-05-22,0.0023926,0.0000000,0.0000000
2024-05-23,-0.0028206,0.0000000,0.0000000
2024-05-24,0.0062097,0.0000000,0.0000000
2024-05-27,0.0036363,0.0000000,0.0042867
2024-05-28,-0.0015401,0.0000000,-0.0010821
2024-05-29,-0.0050729,0.0000000,-0.0082558
2024-05-30,-0.0098967,0.0000000,0.0074406
2024-05-31,0.0066402,0.0000000,0.0033574
2024-06-03,-0.0048668,0.0000000,-0.0013547
2024-06-04,-0.0153682,0.0000000,-0.0016637
2024-06-05,0.0075500,0.0000000,0.0005164
2024-06-06,-0.0028980,0.0000000,-0.0005179
2024-06-07,-0.0054292,0.0000000,0.0000127
2024-06-10,0.0049285,0.0000000,-0.0005968
2024-06-11,0.0019258,0.0000000,-0.0012260
2024-06-12,0.0032917,0.0000000,0.0010408
2024-06-13,-0.0028960,0.0000000,-0.0024968
2024-06-14,-0.0047136,0.0000000,-0.0004236
2024-06-17,-0.0001874,0.0000000,0.0008010
2024-06-18,-0.0004615,0.0000000,-0.0008925
2024-06-19,0.0017885,0.0000000,-0.0000007
2024-06-20,0.0079879,0.0000000,0.0009943
2024-06-21,0.0043685,0.0000000,0.0003227
2024-06-24,0.0008502,0.0000000,0.0043606
2024-06-25,0.0009278,0.0000000,-0.0014987
2024-06-26,0.0020922,0.0000000,-0.0067369
2024-06-27,0.0009675,0.0000000,0.0006995
2024-06-28,0.0031341,0.0000000,0.0016869
2024-07-01,0.0017441,0.0000000,0.0018841
2024-07-02,0.0037077,0.0000000,0.0000000
2024-07-03,0.0045377,0.0000000,0.0000000
2024-07-04,0.0005482,0.0000000,0.0000000
2024-07-05,-0.0034278,0.0000000,0.0000000
2024-07-08,-0.0002630,0.0000000,0.0000000
2024-07-09,0.0020780,0.0000000,0.0000000
2024-07-10,0.0007151,0.0000000,0.0000000
2024-07-11,-0.0125895,0.0000000,-0.0005768
2024-07-12,-0.0023707,0.0000000,-0.0003051
2024-07-15,-0.0051312,0.0000000,-0.0009392
2024-07-16,-0.0039577,0.0000000,-0.0007579
2024-07-17,-0.0164549,0.0000000,0.0004633
2024-07-18,0.0029487,0.0000000,0.0000206
2024-07-19,-0.0037531,0.0000000,-0.0009267
2024-07-22,-0.0071783,0.0000000,-0.0019337
2024-07-23,-0.0087768,0.0000000,-0.0005951
2024-07-24,-0.0170330,0.0000000,-0.0025993
2024-07-25,-0.0097058,0.0000000,-0.0019960
2024-07-26,0.0009406,0.0000000,0.0002932
2024-07-29,0.0019509,0.0000000,0.0001159
2024-07-30,-0.0065169,0.0000000,0.0004527
2024-07-31,-0.0094741,0.0000000,0.0005348
2024-08-01,-0.0112990,0.0000000,-0.0023070
2024-08-02,-0.0216166,0.0000000,-0.0019754
2024-08-05,-0.0135420,0.0000000,-0.0007984
2024-08-06,0.0030658,0.0027149,0.0014748
2024-08-07,0.0188176,0.0188176,0.0006730
2024-08-08,0.0104819,0.0104819,0.0021692
2024-08-09,-0.0049256,-0.0049256,0.0005506
2024-08-12,0.0032288,0.0032288,-0.0004600
2024-08-13,0.0050876,0.0050876,-0.0004299
2024-08-14,-0.0048540,-0.0048540,0.0019142
2024-08-15,0.0100546,0.0100546,-0.0001611
2024-08-16,-0.0012136,-0.0012136,-0.0003575
2024-08-19,0.0021509,0.0021509,-0.0011010
2024-08-20,-0.0064828,-0.0064828,0.0002549
2024-08-21,-0.0009674,-0.0009674,0.0008867
2024-08-22,0.0001008,0.0001008,-0.0000750
2024-08-23,0.0026721,0.0026721,0.0000000
2024-08-26,-0.0015045,-0.0015045,-0.0035312
2024-08-27,-0.0010139,-0.0010139,0.0131506
2024-08-28,0.0005050,0.0005050,-0.0098933
2024-08-29,0.0057275,0.0057275,-0.0043583
2024-08-30,0.0028837,0.0028837,-0.0089657
2024-09-02,0.0035061,0.0035061,0.0009051
2024-09-03,-0.0127535,-0.0127535,0.0000000
2024-09-04,-0.0049906,-0.0049906,0.0000000
2024-09-05,-0.0005493,-0.0005493,0.0000000
2024-09-06,-0.0113020,-0.0113020,0.0000000
2024-09-09,0.0046785,0.0046785,0.0000000
2024-09-10,-0.0050000,-0.0050000,0.0000000
2024-09-11,0.0041530,0.0041530,0.0000000
2024-09-12,0.0020847,0.0020847,0.0000000
2024-09-13,-0.0064952,-0.0064952,0.0000000
2024-09-16,0.0007494,0.0007494,0.0000000
2024-09-17,0.0056145,0.0056145,0.0000000
2024-09-18,0.0001277,0.0001277,0.0000000
2024-09-19,0.0066372,0.0066372,0.0000000
2024-09-20,0.0043348,0.0043348,0.0000000
2024-09-23,0.0006054,0.0006054,0.0000000
2024-09-24,0.0046939,0.0046939,0.0195706
2024-09-25,0.0006015,0.0006015,-0.0169894
2024-09-26,0.0039137,0.0039137,0.0093055
2024-09-27,-0.0108967,-0.0108967,0.0014496
2024-09-30,0.0074437,0.0074437,-0.0036974
2024-10-01,-0.0031628,-0.0001664,0.0002692
2024-10-02,0.0078293,0.0000000,0.0001054
2024-10-03,-0.0021654,0.0000000,0.0008268
2024-10-04,0.0025269,0.0000000,-0.0000220
2024-10-07,-0.0075684,0.0000000,0.0000000
2024-10-08,0.0013097,0.0000000,0.0000000
2024-10-09,-0.0014046,0.0000000,0.0000000
2024-10-10,-0.0030721,0.0000000,0.0000000
2024-10-11,0.0024636,0.0000000,0.0000000
2024-10-14,0.0022036,0.0000000,0.0000000
2024-10-15,-0.0023719,0.0000000,0.0000000
2024-10-16,0.0006471,0.0000000,0.0000000
2024-10-17,0.0019800,0.0000000,0.0000000
2024-10-18,-0.0016832,0.0000000,0.0000000
2024-10-21,-0.0006887,0.0000000,0.0000000
2024-10-22,0.0019357,0.0000000,0.0000000
2024-10-23,0.0002596,0.0000000,0.0000000
2024-10-24,-0.0025181,0.0000000,0.0000000
2024-10-25,-0.0025403,0.0000000,0.0000000
2024-10-28,0.0005774,0.0000000,0.0000000
2024-10-29,-0.0006148,0.0000000,0.0000000
2024-10-30,0.0003373,0.0000000,0.0000000
2024-10-31,-0.0064708,0.0000000,0.0000000
2024-11-01,0.0047290,0.0000000,0.0000000
2024-11-04,-0.0032702,0.0000000,0.0000000
2024-11-05,0.0046432,0.0000000,0.0000000
2024-11-06,0.0078295,0.0000000,0.0000000
2024-11-07,0.0048633,0.0000000,0.0000000
2024-11-08,-0.0082463,0.0000000,0.0021404
2024-11-11,0.0057573,0.0000000,-0.0007370
2024-11-12,-0.0018382,0.0000000,0.0009173
2024-11-13,-0.0013098,0.0000000,0.0004210
2024-11-14,0.0001032,0.0000000,0.0004135
2024-11-15,-0.0067972,0.0000000,-0.0015457
2024-11-18,0.0034091,0.0000000,0.0006602
2024-11-19,0.0032850,0.0000000,-0.0006536
2024-11-20,-0.0007147,0.0000000,-0.0001492
2024-11-21,-0.0013446,0.0000000,-0.0019479
2024-11-22,0.0040632,0.0000000,-0.0010760
2024-11-25,-0.0069877,0.0000000,-0.0004730
2024-11-26,-0.0069620,0.0000000,-0.0026035
2024-11-27,-0.0035045,0.0000000,0.0128904
2024-11-28,0.0021500,0.0000000,-0.0005303
2024-11-29,-0.0042875,0.0000000,0.0046011
2024-12-02,-0.0010852,0.0000000,-0.0007790
2024-12-03,-0.0007673,0.0000000,0.0000977
2024-12-04,-0.0039451,0.0000000,0.0006576
2024-12-05,-0.0013244,0.0000000,0.0005363
2024-12-06,-0.0115920,0.0000000,-0.0015662
2024-12-09,0.0084071,0.0000000,0.0014832
2024-12-10,-0.0027634,0.0000000,-0.0020951
2024-12-11,0.0015899,0.0000000,-0.0001729
2024-12-12,0.0039966,0.0000000,0.0004936
2024-12-13,0.0018071,0.0000000,0.0004203
2024-12-16,0.0044266,0.0000000,-0.0002074
2024-12-17,-0.0091196,0.0000000,-0.0010342
2024-12-18,-0.0090949,0.0000000,-0.0017346
2024-12-19,0.0084499,0.0000000,0.0009655
2024-12-20,-0.0041734,-0.0042666,-0.0001842
2024-12-23,0.0058613,0.0058613,0.0004325
2024-12-24,0.0012891,0.0012891,0.0002186
2024-12-25,-0.0016726,-0.0016726,-0.0003244
2024-12-26,-0.0016284,-0.0016284,-0.0010180
2024-12-27,0.0020801,0.0020801,0.0001296
2024-12-30,0.0005799,0.0005799,0.0014056
2024-12-31,0.0027220,0.0027220,0.0000676
2025-01-01,-0.0051896,-0.0051896,-0.0015298
2025-01-02,0.0053141,-0.0013932,0.0042508
2025-01-03,-0.0031617,0.0000000,-0.0004093
2025-01-06,0.0051693,0.0000000,-0.0007394
2025-01-07,0.0027076,0.0000000,0.0008276
2025-01-08,-0.0009433,0.0000000,0.0013851
2025-01-09,-0.0023326,0.0000000,0.0002846
2025-01-10,-0.0053619,0.0000000,-0.0004560
2025-01-13,0.0050979,0.0000000,0.0021856
2025-01-14,0.0011438,0.0000000,0.0000817
2025-01-15,-0.0014452,0.0000000,0.0005292
2025-01-16,-0.0087114,0.0000000,-0.0005174
2025-01-17,0.0011202,0.0000000,0.0001414
2025-01-20,0.0073922,0.0000000,0.0004966
2025-01-21,-0.0011583,0.0000000,-0.0000185
2025-01-22,0.0013801,0.0000000,0.0000000
2025-01-23,-0.0000155,0.0000000,0.0000000
2025-01-24,0.0038664,0.0000000,0.0000000
2025-01-27,-0.0108401,0.0000000,0.0036670
2025-01-28,-0.0003287,0.0000000,-0.0102837
2025-01-29,-0.0010983,0.0000000,-0.0028691
2025-01-30,-0.0057435,0.0000000,-0.0061652
2025-01-31,0.0028722,0.0000000,-0.0056216
2025-02-03,0.0011710,0.0000000,-0.0222763
2025-02-04,0.0012297,0.0000000,0.0000000
2025-02-05,-0.0038828,0.0000000,0.0000000
2025-02-06,-0.0015170,0.0000000,0.0000000
2025-02-07,0.0025420,0.0000000,0.0000000
2025-02-10,0.0012659,0.0000000,0.0000000
2025-02-11,0.0059021,0.0000000,0.0000000
2025-02-12,0.0033148,0.0000000,0.0000000
2025-02-13,-0.0050935,0.0000000,0.0000000
2025-02-14,0.0019809,0.0000000,0.0000000
2025-02-17,-0.0013673,0.0000000,0.0000000
2025-02-18,0.0010863,0.0000000,0.0000000
2025-02-19,-0.0028374,0.0000000,0.0000000
2025-02-20,-0.0021348,0.0000000,0.0000000
2025-02-21,-0.0071231,0.0000000,0.0000000
2025-02-24,-0.0014634,0.0000000,0.0000000
2025-02-25,-0.0086184,0.0000000,0.0000000
2025-02-26,-0.0033231,0.0000000,0.0000000
2025-02-27,-0.0057029,-0.0052618,0.0000000
2025-02-28,0.0004326,0.0004326,0.0000000
2025-03-03,-0.0075117,-0.0075117,0.0000000
2025-03-04,0.0039271,0.0039271,-0.0006785
2025-03-05,0.0084099,0.0084099,-0.0036444
2025-03-06,-0.0069729,-0.0069729,0.0025070
2025-03-07,-0.0094216,-0.0094216,-0.0047320
2025-03-10,0.0090478,-0.0031848,-0.0026867
2025-03-11,-0.0058754,0.0020418,-0.0039203
2025-03-12,-0.0051985,0.0019511,0.0040479
2025-03-13,0.0082221,-0.0090427,-0.0012706
2025-03-14,-0.0150458,0.0148134,0.0026125
2025-03-17,-0.0097540,0.0095191,0.0026874
2025-03-18,0.0050285,-0.0052393,-0.0020491
2025-03-19,0.0026100,-0.0028118,0.0014720
2025-03-20,0.0033093,-0.0035052,0.0003036
2025-03-21,0.0016441,-0.0018423,-0.0001076
2025-03-24,-0.0060632,0.0058670,0.0026118
2025-03-25,0.0000581,-0.0002590,-0.0024151
2025-03-26,-0.0027982,0.0025996,0.0070187
2025-03-27,-0.0001054,-0.0002291,-0.0063429
2025-03-28,0.0080217,0.0000000,-0.0036895
2025-03-31,0.0036907,0.0000000,0.0066087
2025-04-01,-0.0046007,0.0000000,0.0044191
2025-04-02,-0.0039126,0.0000000,-0.0023669
2025-04-03,0.0204593,0.0000000,-0.0065990
2025-04-04,0.0289847,-0.0285491,-0.0140115
2025-04-07,0.0055395,-0.0095906,0.0027420
2025-04-08,0.0149190,-0.0058646,-0.0128626
2025-04-09,-0.0293217,0.0035378,0.0338860
2025-04-10,0.0164832,-0.0024259,-0.0095467
2025-04-11,-0.0023567,0.0003653,-0.0001455
2025-04-14,-0.0015776,-0.0006658,0.0031334
2025-04-15,-0.0040783,-0.0007068,0.0044371
2025-04-16,0.0035092,-0.0003092,-0.0032794
2025-04-17,-0.0069555,0.0008329,0.0036003
2025-04-18,0.0042899,-0.0000213,-0.0021220
2025-04-21,0.0026370,0.0000000,-0.0016644
2025-04-22,-0.0038487,0.0043027,0.0016801
2025-04-23,-0.0075790,0.0074609,0.0040120
2025-04-24,-0.0005170,0.0003985,-0.0087488
2025-04-25,-0.0012514,0.0011355,0.0040147
2025-04-28,0.0051303,-0.0052449,-0.0107204
2025-04-29,0.0010316,-0.0011461,0.0061265
2025-04-30,-0.0044071,0.0042932,0.0054376
2025-05-01,-0.0044825,0.0043681,-0.0006436
2025-05-02,-0.0019401,0.0018255,0.0016459
2025-05-05,0.0035248,-0.0036382,0.0003408
2025-05-06,-0.0000108,-0.0003435,0.0008419
2025-05-07,0.0015706,0.0000000,-0.0017124
2025-05-08,-0.0047362,0.0000000,0.0009335
2025-05-09,0.0012003,0.0000000,0.0002584
2025-05-12,-0.0094066,0.0000000,0.0031586
2025-05-13,-0.0021591,0.0000000,0.0009089
2025-05-14,0.0043847,0.0000000,0.0004352
2025-05-15,0.0059925,0.0000000,-0.0003977
2025-05-16,-0.0004718,0.0000000,0.0000890
2025-05-19,0.0021657,0.0000000,0.0001651
2025-05-20,-0.0040218,0.0000000,-0.0010984
2025-05-21,-0.0013687,0.0000000,-0.0000066
2025-05-22,-0.0000065,0.0000000,0.0007283
2025-05-23,0.0015572,0.0000000,-0.0001161
2025-05-26,0.0007743,0.0000000,0.0005714
2025-05-27,0.0013448,0.0000000,-0.0118691
2025-05-28,0.0009710,0.0000000,-0.0035984
2025-05-29,-0.0024148,0.0000000,0.0055792
2025-05-30,0.0004633,0.0000000,0.0003364
2025-06-02,-0.0004983,0.0000000,0.0002724
2025-06-03,0.0033875,0.0000000,0.0003780
2025-06-04,-0.0027161,0.0000000,-0.0000396
2025-06-05,0.0034082,0.0000000,-0.0001497
2025-06-06,0.0025588,0.0000000,-0.0001666
2025-06-09,0.0010164,0.0000000,-0.0001115
2025-06-10,0.0020531,0.0000000,0.0001055
2025-06-11,-0.0034257,0.0000000,-0.0000226
2025-06-12,-0.0031634,0.0000000,-0.0004708
2025-06-13,-0.0011782,0.0000000,-0.0000387
2025-06-16,0.0059972,0.0000000,-0.0002546
2025-06-17,-0.0031996,0.0000000,0.0000226
2025-06-18,0.0017191,0.0000000,0.0005046
2025-06-19,-0.0024574,0.0000000,-0.0001772
2025-06-20,-0.0005250,0.0000000,-0.0000068
2025-06-23,-0.0015096,0.0000000,-0.0004507
2025-06-24,-0.0040785,0.0000000,0.0081743
2025-06-25,0.0026452,0.0000000,0.0034879
2025-06-26,-0.0007551,0.0000000,0.0090385
2025-06-27,-0.0013068,0.0000000,-0.0019000
2025-06-30,0.0006392,0.0000000,0.0095799
2025-07-01,-0.0035455,0.0000000,-0.0007982
2025-07-02,0.0019177,0.0000000,0.0002558
2025-07-03,0.0050200,0.0000000,-0.0000813
2025-07-04,-0.0049335,0.0000000,-0.0003085
2025-07-07,-0.0009312,0.0000000,-0.0007523
2025-07-08,0.0028482,0.0000000,-0.0009964
2025-07-09,-0.0022099,0.0000000,-0.0001866
2025-07-10,0.0079202,0.0000000,0.0011712
2025-07-11,0.0005877,0.0000000,-0.0015163
2025-07-14,-0.0023651,0.0000000,0.0001058
2025-07-15,0.0026368,0.0000000,0.0001665
2025-07-16,-0.0019728,0.0000000,0.0008347
2025-07-17,-0.0003881,0.0000000,-0.0003357
2025-07-18,0.0027504,0.0000000,-0.0007729
2025-07-21,-0.0060494,0.0000000,0.0003490
2025-07-22,-0.0012261,0.0000000,-0.0003065
2025-07-23,0.0059655,0.0000000,0.0000425
2025-07-24,0.0012058,0.0000000,-0.0000901
2025-07-25,-0.0024576,0.0000000,-0.0102811
2025-07-28,0.0035110,0.0000000,-0.0163443
2025-07-29,-0.0012092,0.0000000,-0.0032779
2025-07-30,0.0007389,0.0000000,-0.0161294
2025-07-31,0.0007198,0.0000000,-0.0043495
2025-08-01,-0.0142372,0.0000000,0.0030491
2025-08-04,0.0020845,0.0000000,0.0011261
2025-08-05,0.0009238,0.0000000,-0.0006206
2025-08-06,0.0033945,0.0000000,0.0000136
2025-08-07,0.0026160,0.0000000,0.0002598
2025-08-08,0.0034309,0.0000000,-0.0002577
2025-08-11,0.0028156,0.0000000,0.0003208
2025-08-12,-0.0044868,0.0000000,-0.0007845
2025-08-13,0.0002613,0.0000000,0.0002912
2025-08-14,-0.0068579,0.0000000,0.0000002
2025-08-15,-0.0023973,0.0000000,0.0004589
2025-08-18,0.0030355,0.0000000,-0.0005782
2025-08-19,-0.0081601,0.0000000,0.0002364
2025-08-20,-0.0124624,0.0000000,-0.0002864
2025-08-21,0.0062268,0.0000000,0.0001136
2025-08-22,-0.0014270,0.0000000,0.0000845
2025-08-25,0.0042985,0.0000000,-0.0080375
2025-08-26,-0.0014895,0.0000000,0.0032204
2025-08-27,0.0012178,0.0000000,0.0019192
2025-08-28,0.0023982,0.0000000,0.0062556
2025-08-29,0.0012238,0.0000000,0.0007873
2025-09-01,0.0015260,0.0000000,-0.0000382
2025-09-02,0.0027828,0.0000000,0.0004013
2025-09-03,0.0008099,0.0000000,-0.0000756
2025-09-04,-0.0027015,0.0000000,-0.0009418
2025-09-05,-0.0063910,0.0000000,0.0000762
2025-09-08,0.0029553,0.0000000,-0.0001914
2025-09-09,0.0006251,0.0000000,0.0003644
2025-09-10,0.0043645,0.0000000,-0.0005401
2025-09-11,0.0031677,0.0000000,-0.0008489
2025-09-12,-0.0007642,0.0000000,-0.0006096
2025-09-15,0.0023875,0.0000000,0.0002605
2025-09-16,-0.0098711,0.0000000,-0.0007316
2025-09-17,-0.0003281,0.0000000,0.0000378
2025-09-18,-0.0021113,0.0000000,-0.0009208
2025-09-19,-0.0000639,0.0000000,0.0016684
2025-09-22,-0.0043431,0.0000000,-0.0012679
2025-09-23,-0.0031788,0.0000000,-0.0007692
2025-09-24,0.0025813,0.0000000,-0.0124126
2025-09-25,-0.0003029,0.0000000,-0.0104500
2025-09-26,-0.0022341,0.0000000,0.0019918
2025-09-29,-0.0009562,0.0000000,0.0043895
2025-09-30,-0.0005280,0.0000000,0.0027910
2025-10-01,-0.0025545,0.0000000,0.0015268
2025-10-02,-0.0008517,0.0000000,0.0005244
2025-10-03,0.0005948,0.0000000,-0.0006913
2025-10-06,0.0159754,0.0000000,-0.0031348
2025-10-07,0.0029879,0.0000000,-0.0020028
2025-10-08,0.0066403,0.0000000,-0.0021344
2025-10-09,-0.0021559,0.0000000,0.0021484
2025-10-10,-0.0228900,0.0000000,0.0083131
2025-10-13,0.0113213,0.0000000,-0.0046574
2025-10-14,-0.0077129,0.0000000,0.0021272
2025-10-15,-0.0045342,0.0000000,-0.0009337
2025-10-16,-0.0080877,0.0000000,0.0018430
2025-10-17,0.0029355,0.0000000,0.0002663
2025-10-20,0.0013851,0.0000000,0.0000153
2025-10-21,0.0066543,0.0000000,-0.0006489
2025-10-22,0.0006438,0.0000000,0.0000796
2025-10-23,0.0037311,0.0000000,-0.0017331
2025-10-24,0.0006830,0.0000000,-0.0008563
2025-10-27,0.0043384,0.0000000,0.0006990
2025-10-28,-0.0007818,0.0000000,0.0085586
2025-10-29,0.0067078,0.0000000,-0.0069292
2025-10-30,0.0030599,0.0000000,-0.0126989
2025-10-31,-0.0009190,0.0000000,-0.0023018
2025-11-03,0.0004186,0.0000000,-0.0011595
2025-11-04,-0.0100159,0.0000000,0.0056680
2025-11-05,0.0039581,0.0000000,-0.0021111
2025-11-06,-0.0119173,0.0000000,0.0022709
2025-11-07,0.0030377,0.0000000,-0.0011668
2025-11-10,0.0069201,0.0000000,-0.0031320
2025-11-11,-0.0039031,0.0000000,-0.0008530
2025-11-12,0.0018189,0.0000000,-0.0026977
2025-11-13,-0.0086993,0.0000000,-0.0006807
2025-11-14,0.0040555,0.0000000,0.0002256
2025-11-17,-0.0009947,0.0000000,0.0002607
2025-11-18,0.0073152,0.0000000,-0.0000675
2025-11-19,0.0031766,0.0024668,-0.0020672
2025-11-20,-0.0040661,-0.0040661,0.0000051
2025-11-21,0.0014512,0.0014512,0.0030351
2025-11-24,0.0017007,0.0017007,-0.0001983
2025-11-25,-0.0021284,-0.0021284,-0.0052115
2025-11-26,0.0085750,0.0085750,-0.0152540
2025-11-27,0.0032695,0.0032695,-0.0022450
2025-11-28,0.0018585,0.0018585,-0.0035912
2025-12-01,-0.0032149,-0.0032149,0.0027020
2025-12-02,0.0022521,0.0022521,-0.0017458
2025-12-03,0.0000718,-0.0003879,-0.0001225
2025-12-04,0.0027462,0.0000000,0.0012145
2025-12-05,0.0091721,0.0000000,-0.0009340
2025-12-08,0.0013696,0.0000000,-0.0008686
2025-12-09,0.0044344,0.0000000,-0.0025195
2025-12-10,-0.0024678,0.0000000,0.0002789
2025-12-11,-0.0062983,0.0000000,0.0006435
2025-12-12,0.0004191,0.0000000,-0.0005018
2025-12-15,-0.0042139,0.0000000,0.0014178
2025-12-16,-0.0026295,0.0000000,0.0012426
2025-12-17,0.0003150,0.0000000,-0.0014870
2025-12-18,-0.0014071,0.0000000,0.0003968
2025-12-19,0.0066293,0.0000000,-0.0045909
2025-12-22,0.0012171,0.0000000,-0.0001812
2025-12-23,0.0010768,0.0000000,0.0002537
2025-12-24,-0.0005967,0.0000000,0.0007917
2025-12-25,-0.0013746,0.0000000,0.0012848
2025-12-26,0.0051826,0.0000000,-0.0059554
2025-12-29,-0.0060657,0.0000000,-0.0003911
2025-12-30,0.0027247,0.0000000,-0.0067279
2025-12-31,-0.0037752,0.0000000,-0.0060129
2026-01-01,0.0010278,0.0000000,-0.0002118
2026-01-02,0.0013344,0.0000000,-0.0000084
2026-01-05,-0.0010831,0.0000000,0.0013162
2026-01-06,0.0051623,0.0000000,-0.0002353
2026-01-07,-0.0015796,0.0000000,0.0004402
2026-01-08,-0.0021836,0.0000000,0.0009914
2026-01-09,0.0022841,0.0000000,-0.0021964
2026-01-12,0.0035226,0.0000000,-0.0021140
2026-01-13,0.0021635,0.0000000,-0.0010249
2026-01-14,-0.0029295,0.0000000,0.0019501
2026-01-15,0.0046628,0.0000000,-0.0010360
2026-01-16,-0.0040815,0.0000000,0.0024905
2026-01-19,0.0020398,0.0000000,-0.0020746
2026-01-20,-0.0025230,0.0000000,-0.0019176
2026-01-21,0.0094484,0.0000000,-0.0002858
2026-01-22,0.0073040,0.0000000,-0.0057443
2026-01-23,-0.0117476,0.0000000,0.0040257
2026-01-26,-0.0065338,0.0000000,0.0005825
2026-01-27,-0.0080360,0.0000000,-0.0024305
2026-01-28,0.0159150,0.0000000,-0.0010352
2026-01-29,-0.0010208,0.0000000,-0.0005426
2026-01-30,0.0005673,0.0000000,0.0019991
2026-02-02,0.0050524,0.0000000,0.0011703
2026-02-03,0.0060018,0.0000000,-0.0083622
2026-02-04,0.0008510,0.0000000,0.0001310
2026-02-05,-0.0091146,0.0000000,0.0029987
2026-02-06,0.0106157,0.0000000,-0.0071103
2026-02-09,-0.0029969,0.0000000,-0.0037427
2026-02-10,-0.0060386,0.0000000,0.0060311
2026-02-11,0.0017768,0.0000000,0.0005140
2026-02-12,-0.0087501,0.0000000,0.0003013
2026-02-13,-0.0028832,0.0000000,-0.0001386
2026-02-16,0.0036951,0.0000000,-0.0007855
2026-02-17,0.0015415,0.0000000,-0.0014159
2026-02-18,-0.0020853,0.0000000,0.0002758
2026-02-19,0.0042938,0.0000000,-0.0002633
2026-02-20,0.0026675,0.0000000,-0.0008824
2026-02-23,-0.0062452,0.0000000,0.0019787
2026-02-24,0.0047082,0.0000000,-0.0032091
2026-02-25,0.0074761,0.0000000,-0.0041280
2026-02-26,-0.0026270,0.0000000,0.0013531
2026-02-27,-0.0016586,0.0000000,-0.0025102
2026-03-02,0.0083395,0.0000000,0.0031439
2026-03-03,-0.0039231,0.0000000,0.0023511
2026-03-04,0.0023822,0.0000000,-0.0021106
2026-03-05,-0.0047426,0.0000000,0.0031832
2026-03-06,0.0014204,0.0000000,-0.0036331
2026-03-09,0.0051861,0.0000000,-0.0003457
2026-03-10,0.0047453,0.0000000,-0.0038117
2026-03-11,0.0047887,0.0000000,-0.0041107
2026-03-12,-0.0031899,0.0000000,0.0036702
2026-03-13,-0.0079770,0.0000000,0.0024931
2026-03-16,-0.0065018,0.0000000,-0.0012301
2026-03-17,0.0012792,0.0000000,-0.0013230
2026-03-18,-0.0007285,0.0000000,0.0027769
2026-03-19,0.0037610,0.0000000,0.0046033
2026-03-20,0.0001493,0.0000000,-0.0005029
2026-03-23,0.0032417,0.0000000,0.0035558
2026-03-24,0.0007744,0.0000000,0.0009081
2026-03-25,0.0004970,0.0000000,0.0115440
2026-03-26,0.0038323,0.0000000,0.0134957
2026-03-27,-0.0024790,0.0000000,0.0066327
2026-03-30,0.0053286,0.0000000,0.0066210
2026-03-31,-0.0008785,0.0005373,-0.0088586
2026-04-01,0.0007625,-0.0009585,-0.0005423
2026-04-02,-0.0018022,0.0016069,-0.0006862
2026-04-03,0.0021071,-0.0023006,0.0002783
2026-04-06,-0.0024602,0.0022669,-0.0004094
2026-04-07,-0.0046638,0.0044683,-0.0013562
2026-04-08,-0.0018333,0.0016358,-0.0005680
2026-04-09,-0.0064793,0.0062807,-0.0011856
2026-04-10,0.0033051,-0.0035014,0.0007690
2026-04-13,-0.0012590,0.0010646,-0.0006504
2026-04-14,0.0001979,-0.0004903,0.0000663
2026-04-15,-0.0054748,0.0000000,-0.0016016
2026-04-16,-0.0016546,0.0000000,-0.0002355
2026-04-17,0.0033984,0.0000000,0.0000406
2026-04-20,0.0061024,0.0000000,-0.0002721
2026-04-21,0.0024297,0.0000000,0.0001239
2026-04-22,0.0043778,0.0000000,-0.0002643
2026-04-23,-0.0038611,0.0000000,0.0004801
2026-04-24,0.0013611,0.0000000,0.0075977
2026-04-27,0.0065376,0.0000000,0.0032584
2026-04-28,-0.0001172,0.0000000,-0.0071996
2026-04-29,-0.0023452,0.0000000,-0.0098998
2026-04-30,-0.0099552,0.0000000,0.0318501
2026-05-01,0.0004321,0.0000000,-0.0006892
2026-05-04,-0.0022942,0.0000000,0.0005788
2026-05-05,0.0037813,0.0000000,-0.0009525
2026-05-06,-0.0030145,0.0000000,-0.0002910
2026-05-07,-0.0003982,0.0000000,0.0001886
2026-05-08,-0.0012898,0.0000000,-0.0003071
2026-05-11,0.0033243,0.0000000,-0.0006834
2026-05-12,0.0020362,0.0000000,-0.0008354
2026-05-13,0.0020780,0.0000000,-0.0010493
2026-05-14,-0.0011857,0.0000000,-0.0003692
2026-05-15,-0.0065662,0.0000000,0.0014627
2026-05-18,0.0019090,0.0000000,0.0005502
2026-05-19,-0.0014913,0.0000000,0.0017080
2026-05-20,0.0029786,0.0000000,-0.0011181
2026-05-21,-0.0016862,0.0000000,-0.0000131
2026-05-22,-0.0060951,0.0000000,0.0006890
2026-05-25,0.0020908,0.0000000,0.0011337
2026-05-26,0.0010859,0.0000000,-0.0049248
2026-05-27,0.0039913,0.0000000,-0.0000131
2026-05-28,0.0020156,0.0000000,0.0046904
2026-05-29,0.0015199,0.0000000,0.0019016
2026-06-01,-0.0002621,0.0000000,0.0010505
2026-06-02,0.0029438,0.0000000,-0.0005467
2026-06-03,-0.0046015,0.0000000,0.0029483
2026-06-04,-0.0032075,0.0000000,-0.0001180
2026-06-05,-0.0048128,0.0000000,0.0044624
2026-06-08,0.0015176,0.0000000,0.0002876
2026-06-09,0.0009828,0.0000000,-0.0001430
2026-06-10,-0.0015913,0.0000000,0.0004547
2026-06-11,-0.0020770,-0.0022269,-0.0009754
2026-06-12,0.0017031,0.0017031,-0.0001248
2026-06-15,-0.0008658,-0.0008658,0.0001983
2026-06-16,-0.0012103,-0.0004475,-0.0002110
2026-06-17,-0.0058805,-0.0060382,0.0003359
2026-06-18,0.0060329,0.0048241,0.0000413
2026-06-19,0.0002908,-0.0004252,0.0002046
2026-06-22,-0.0004566,-0.0008569,0.0004721
2026-06-23,-0.0118077,-0.0109843,0.0004485
2026-06-24,-0.0004021,-0.0005606,0.0046309
2026-06-25,-0.0002606,-0.0003513,-0.0029136
2026-06-26,-0.0021227,0.0000000,-0.0002738
2026-06-29,-0.0024723,0.0000000,-0.0025925
2026-06-30,0.0093288,0.0000000,-0.0009617
2026-07-01,-0.0023078,0.0000000,-0.0005844
2026-07-02,-0.0076629,0.0000000,0.0000000
2026-07-03,0.0027432,0.0000000,0.0000000
2026-07-06,0.0052888,0.0000000,0.0000000
2026-07-07,-0.0005062,0.0000000,0.0000000
2026-07-08,0.0056200,0.0000000,0.0000000
2026-07-09,0.0026126,0.0000000,0.0000000
2026-07-10,0.0011811,0.0000000,0.0000000
2026-07-13,0.0062163,0.0000000,0.0000000
2026-07-14,0.0068344,0.0000000,0.0000000
2026-07-15,0.0010561,0.0000000,0.0000000
2026-07-16,0.0031735,0.0000000,0.0012112
2026-07-17,-0.0017360,0.0000000,0.0006523
2026-07-20,0.0022891,0.0000000,0.0000930
2026-07-21,0.0030738,0.0000000,0.0007138
2026-07-22,0.0014778,0.0000000,0.0003894
2026-07-23,-0.0000824,0.0000000,0.0003933
2026-07-24,0.0033002,0.0000000,-0.0004224
2026-07-27,-0.0011282,0.0000000,0.0011983
2026-07-28,0.0009307,0.0000000,0.0003649
2026-07-29,-0.0063154,0.0000000,-0.0003373
2026-07-30,-0.0161597,0.0000000,0.0066686
2026-07-31,-0.0084659,0.0000000,-0.0002508
2026-08-03,-0.0008780,0.0000000,-0.0010727
2026-08-04,0.0050809,0.0000000,0.0033930
2026-08-05,0.0002800,0.0000000,0.0015457
2026-08-06,0.0049217,0.0000000,0.0001812
2026-08-07,-0.0000047,0.0000000,0.0004114
2026-08-10,0.0067776,0.0000000,0.0037011
2026-08-11,0.0014347,0.0000000,-0.0000404
2026-08-12,0.0012884,0.0000000,-0.0004726
2026-08-13,0.0005616,0.0000000,0.0005919
2026-08-14,0.0055491,0.0000000,0.0009974
2026-08-17,-0.0002084,0.0000000,0.0013209
2026-08-18,-0.0018619,0.0000000,0.0000584
2026-08-19,-0.0128676,0.0000000,0.0023732
2026-08-20,0.0075537,0.0000000,0.0011099
2026-08-21,0.0084330,0.0000000,-0.0003044
2026-08-24,-0.0041720,0.0000000,-0.0001333
2026-08-25,0.0015622,0.0000000,0.0002736
2026-08-26,0.0011143,0.0000000,-0.0005860
2026-08-27,0.0019792,0.0000000,0.0002639
2026-08-28,0.0011890,0.0000000,-0.0002933
2026-08-31,-0.0005492,0.0000000,-0.0001162
2026-09-01,0.0002345,0.0000000,-0.0001765
2026-09-02,-0.0049534,0.0000000,-0.0015551
2026-09-03,-0.0119774,0.0000000,-0.0016329
2026-09-04,0.0031118,0.0000000,-0.0000296
2026-09-07,-0.0065131,0.0000000,-0.0015342
2026-09-08,-0.0026281,0.0000000,-0.0005777
2026-09-09,-0.0029084,0.0000000,-0.0007166
2026-09-10,-0.0020094,0.0000000,0.0008719
2026-09-11,0.0001056,0.0000000,-0.0022097
2026-09-14,-0.0012537,0.0000000,0.0005699
2026-09-15,0.0010268,0.0000000,0.0009749
2026-09-16,0.0031476,0.0000000,-0.0000878
2026-09-17,-0.0000558,0.0000000,-0.0001649
2026-09-18,0.0013365,0.0000000,0.0018361
2026-09-21,-0.0021518,0.0000000,0.0006997
2026-09-22,-0.0008233,0.0000000,-0.0001048
2026-09-23,-0.0034351,0.0000000,0.0001465
2026-09-24,0.0006644,0.0000000,0.0003813
2026-09-25,-0.0041410,0.0000000,-0.0024974
