oos_sharpe,hold_sharpe,ann_return_2017_2026
-0.26701,-1.10159,-0.03457
-0.28323,-1.05968,-0.03147
-0.45615,-0.63327,-0.02541
-0.68733,-0.77090,-0.03769
-0.49539,-0.44162,-0.02860
-0.69095,-0.76066,-0.04331
-0.16060,-1.10593,-0.02185
-0.56990,-0.35650,-0.03327
-0.58068,-0.77554,-0.03913
-0.42143,-0.77896,-0.02943
-0.31971,-0.91145,-0.03207
-0.31263,-0.56529,-0.02407
-0.32881,-0.98578,-0.03057
-0.44065,-0.46231,-0.02902
-0.60321,-1.12598,-0.04623
-0.49265,-1.38028,-0.04771
-0.36930,-0.62189,-0.02137
-0.36597,-0.90206,-0.02766
-0.45425,-0.62019,-0.03152
-0.50976,-0.71144,-0.03656
-0.69083,-1.00699,-0.05067
-0.45155,-0.44327,-0.02887
-0.27070,-0.69729,-0.02131
-0.51810,-1.34597,-0.04388
-0.26140,-0.55171,-0.02297
-0.33565,-0.59168,-0.02400
-0.36995,-0.71307,-0.02695
-0.05574,-1.12544,-0.02247
-0.48103,-0.76839,-0.02733
-0.54556,-0.82266,-0.04068
-0.25844,-0.52679,-0.02268
-0.40941,-0.54621,-0.02847
-0.37215,-0.16626,-0.01890
-0.08865,-1.07896,-0.02320
-0.58456,-1.19391,-0.04520
-0.32620,-0.44187,-0.01915
-0.41887,-0.91459,-0.03117
-0.35117,-1.06090,-0.03342
-0.29060,-0.75898,-0.02294
-0.26390,-0.48011,-0.02086
-0.41634,-1.14256,-0.04156
-0.41726,-1.28644,-0.03644
-0.55695,-1.13297,-0.03662
-0.40667,-1.07288,-0.04008
-0.59718,-0.60647,-0.03734
-0.22001,-0.28293,-0.01354
-0.15169,-0.73412,-0.01989
-0.42493,-0.72914,-0.03239
-0.38700,-0.76809,-0.03337
-0.72367,-1.04616,-0.04620
-0.75774,-0.95386,-0.04258
-0.36653,-0.87975,-0.03328
-0.08294,-0.53898,-0.01372
-0.53492,-0.96117,-0.03519
-0.27951,-0.57017,-0.02277
-0.21431,-1.12523,-0.02737
-0.42433,-0.73831,-0.03040
-0.48304,-0.95502,-0.03339
-0.11023,-1.18784,-0.02488
-0.27010,-1.01134,-0.03122
-0.47612,-1.23982,-0.03597
-0.18391,-0.52156,-0.01692
-0.17945,-0.39160,-0.01615
-0.18217,-0.78722,-0.02115
-0.28252,-0.80760,-0.02380
-0.53245,-0.95414,-0.03706
-0.46685,-0.83477,-0.03722
-0.54660,-1.10586,-0.03867
-0.49045,-1.20088,-0.04437
-0.14502,-0.44700,-0.01187
-0.25663,-0.66901,-0.02614
-0.59209,-1.33020,-0.04737
-0.60111,-1.27977,-0.04599
-0.47740,-0.69087,-0.03525
-0.51503,-1.40532,-0.04038
-0.22860,-0.82746,-0.02324
-0.44283,-0.69748,-0.03266
-0.55104,-0.74590,-0.03562
-0.40180,-0.92352,-0.02762
-0.39757,-0.41325,-0.02453
-0.57740,-0.58207,-0.03363
-0.39235,-0.77599,-0.02739
-0.49737,-0.45881,-0.02754
-0.34271,-1.19080,-0.03059
-0.21865,-0.41377,-0.01380
-0.42773,-0.84729,-0.03466
-0.30854,-0.88855,-0.02931
-0.42447,-0.85581,-0.03462
-0.47635,-0.97938,-0.03593
-0.31372,-0.51000,-0.02410
-0.29623,-0.68803,-0.02217
-0.25277,-1.05163,-0.02466
-0.67518,-1.02442,-0.04626
-0.56880,-0.93404,-0.03613
-0.28747,-1.18962,-0.02872
-0.16313,-0.99975,-0.01795
-0.19402,-0.97639,-0.02628
-0.44750,-0.90014,-0.03328
-0.42506,-0.93630,-0.03181
-0.29451,-0.99427,-0.03033
-0.43357,-0.84896,-0.03048
-0.90128,-1.01553,-0.04563
-0.22707,-0.43673,-0.01912
-0.36980,-0.93760,-0.03287
-0.19850,-1.05882,-0.02631
-0.63175,-1.18256,-0.04029
-0.69232,-0.88402,-0.04027
-0.42308,-0.91521,-0.03480
-0.35558,-0.52069,-0.01890
-0.23998,-0.62229,-0.02319
-0.52166,-0.83245,-0.03722
-0.45996,-0.70594,-0.02962
-0.38021,-0.49669,-0.02570
-0.43639,-0.73648,-0.02570
-0.55084,-0.90989,-0.03679
-0.42050,-0.79961,-0.03394
-0.22848,-0.64892,-0.02195
-0.36846,-0.73560,-0.03071
-0.46171,-1.24494,-0.03829
-0.25185,-0.86636,-0.02017
-0.23141,-0.87880,-0.02222
-0.30433,-1.33458,-0.03181
-0.30036,-0.86583,-0.02392
-0.47230,-1.02054,-0.03457
-0.10455,-1.08977,-0.02537
-0.53830,-1.07245,-0.04744
-0.59439,-1.41929,-0.04946
-0.61049,-1.07916,-0.04033
-0.39609,-1.18283,-0.03941
-0.59380,-0.99073,-0.03301
-0.64511,-0.95497,-0.03691
-0.57202,-0.77516,-0.03537
-0.47586,-0.63857,-0.03002
-0.18254,-0.60009,-0.01454
-0.29433,-1.05733,-0.03306
-0.17867,-0.34299,-0.01616
-0.31786,-0.74659,-0.02179
-0.11706,-1.20288,-0.02556
-0.60974,-0.94291,-0.04054
-0.25046,-0.77232,-0.02476
-0.69954,-0.53287,-0.03291
-0.20773,-0.53222,-0.01800
-0.34742,-0.63724,-0.02643
-0.70624,-1.22617,-0.03958
-0.78920,-0.98880,-0.05223
-0.34094,-1.29184,-0.02354
-0.49501,-1.22011,-0.03600
-0.34256,-0.92767,-0.03057
-0.49713,-0.94252,-0.03547
-0.41123,-0.61404,-0.02349
-0.46423,-0.80614,-0.02959
-0.48407,-1.26312,-0.04309
-0.47105,-0.92301,-0.03742
-0.43796,-0.75574,-0.03124
-0.54481,-0.57354,-0.03090
-0.24089,-0.75192,-0.02241
-0.19214,-1.02192,-0.02817
-0.49698,-0.62367,-0.03361
-0.42727,-0.38327,-0.02239
-0.58361,-1.20707,-0.04027
-0.72614,-0.50653,-0.04201
-0.39719,-1.15033,-0.03501
-0.58601,-1.53816,-0.04042
-0.36436,-1.39127,-0.03669
-0.39115,-0.96913,-0.03140
-0.28976,-0.73130,-0.02709
-0.58055,-0.67300,-0.03342
-0.69613,-1.27842,-0.03435
-0.37255,-1.56123,-0.03861
-0.52068,-0.63152,-0.03630
-0.53098,-0.75389,-0.02732
-0.36123,-0.57600,-0.02602
-0.49881,-0.74972,-0.03314
-0.41279,-0.91295,-0.03141
-0.22683,-0.51945,-0.01734
-0.56776,-1.19658,-0.04261
-0.27649,-0.53544,-0.02191
-0.55619,-0.82617,-0.03406
-0.40280,-1.32905,-0.03670
-0.52303,-0.69034,-0.03090
-0.36626,-1.27116,-0.03470
-0.22993,-0.96066,-0.02152
-0.56609,-0.79506,-0.04043
-0.58291,-0.87961,-0.04320
-0.67382,-0.95030,-0.04976
-0.41740,-0.71407,-0.02991
-0.44484,-1.31572,-0.04015
-0.45955,-0.79440,-0.03056
-0.15187,-0.92958,-0.02493
-0.39327,-1.05755,-0.03650
-0.20744,-0.61297,-0.02047
-0.50125,-0.83651,-0.03503
-0.11285,-0.87018,-0.01920
-0.63071,-0.70953,-0.03505
-0.47290,-0.99644,-0.04198
-0.56861,-0.91028,-0.03999
-0.25253,-0.68388,-0.02071
-0.11994,-0.87698,-0.01685
-0.23693,-0.73406,-0.02331
-0.38007,-1.00423,-0.03611
-0.55134,-0.59963,-0.03656
-0.41642,-1.08793,-0.03489
-0.41233,-0.68119,-0.02814
-0.35918,-1.01387,-0.02407
-0.46081,-0.90171,-0.03519
-0.34749,-0.78493,-0.02857
-0.28970,-0.95565,-0.02708
-0.40411,-1.13174,-0.03805
-0.39635,-0.41445,-0.02600
-0.40290,-0.69230,-0.02737
-0.24213,-0.97913,-0.02415
-0.42058,-0.73814,-0.03032
-0.35153,-0.69352,-0.02509
-0.55173,-0.88034,-0.03107
-0.67555,-1.04715,-0.04946
-0.45862,-0.56632,-0.02877
-0.49301,-0.86178,-0.03741
-0.63633,-1.49207,-0.04728
-0.49019,-0.95894,-0.02963
-0.69242,-1.04453,-0.03826
-0.17619,-0.86316,-0.02136
-0.61321,-1.01259,-0.04147
-0.28127,-1.16608,-0.03254
-0.34104,-1.01791,-0.03732
-0.41812,-0.87109,-0.03456
-0.29831,-1.10991,-0.03492
-0.32744,-0.82345,-0.02823
-0.52027,-1.29439,-0.04614
-0.55892,-0.85809,-0.03485
-0.21872,-0.28944,-0.01368
-0.40423,-0.75542,-0.03299
-0.44003,-0.36918,-0.02325
-0.42222,-0.98361,-0.03225
-0.32418,-0.92844,-0.03390
-0.73525,-1.28856,-0.04272
-0.39649,-1.06506,-0.03607
-0.03074,-0.34726,-0.00776
-0.39508,-0.87300,-0.03459
-0.11268,-0.37389,-0.01214
-0.41191,-1.53493,-0.04019
-0.51981,-1.19509,-0.03057
-0.56920,-1.09949,-0.04166
-0.46883,-0.74192,-0.03609
-0.31386,-0.71469,-0.02534
-0.35549,-1.44106,-0.03765
-0.31099,-0.67155,-0.02236
-0.40501,-0.82159,-0.03241
-0.39032,-0.62843,-0.02994
-0.33670,-0.55231,-0.02249
-0.39541,-0.69213,-0.02827
-0.20676,-0.70999,-0.01828
-0.45157,-0.68223,-0.03093
-0.43883,-0.73044,-0.03211
-0.49078,-0.87648,-0.02866
-0.45969,-0.21613,-0.02007
-0.05852,-1.28753,-0.01926
-0.21118,-0.78456,-0.02047
-0.39583,-1.05491,-0.03324
-0.47013,-0.92703,-0.03351
-0.43156,-1.32134,-0.03325
-0.42329,-0.97008,-0.03791
-0.35338,-1.25626,-0.03763
-0.22298,-0.90228,-0.02531
-0.65336,-1.30205,-0.04429
-0.21187,-0.48732,-0.02042
-0.71131,-0.92955,-0.04686
-0.70797,-1.06652,-0.03206
-0.51474,-0.52985,-0.03313
-0.24446,-1.60422,-0.03258
0.03676,-0.34400,-0.00472
-0.30185,-1.10067,-0.02952
-0.15319,-0.93837,-0.02088
-0.32004,-0.60646,-0.02276
-0.20657,-0.86076,-0.02453
-0.36204,-0.77364,-0.02859
-0.46809,-0.71081,-0.02717
-0.24900,-1.49226,-0.03263
-0.44906,-0.77458,-0.03036
-0.40450,-1.14028,-0.03165
-0.20514,-0.79535,-0.02409
-0.33907,-0.79207,-0.03185
-0.11238,-1.32405,-0.02226
-0.56790,-1.29321,-0.04661
-0.49200,-1.11941,-0.04315
-0.07446,-0.87594,-0.01929
-0.56674,-0.67362,-0.03834
-0.57795,-0.57010,-0.03096
-0.20780,-0.91497,-0.02042
-0.23466,-0.81783,-0.02022
-0.53995,-1.08519,-0.04468
-0.57261,-0.79182,-0.03245
-0.27717,-1.20928,-0.03217
-0.32569,-0.73817,-0.02842
-0.37526,-0.96412,-0.03204
-0.54821,-1.29322,-0.04219
-0.28637,-0.81211,-0.02404
-0.50676,-0.89191,-0.03415
-0.30182,-0.62967,-0.01898
-0.35483,-0.78287,-0.02730
-0.33359,-0.51183,-0.02177
-0.28025,-0.98776,-0.02952
-0.30639,-1.21766,-0.03132
-0.17389,-1.16783,-0.02744
-0.41829,-0.60834,-0.02911
-0.42096,-0.60855,-0.02566
-0.51640,-0.80924,-0.03685
-0.03047,-1.17753,-0.01880
-0.56865,-0.82450,-0.03517
-0.40622,-0.82730,-0.03270
-0.40925,-0.96641,-0.03177
-0.38119,-0.93842,-0.03498
-0.38639,-0.72130,-0.02270
-0.32724,-1.00294,-0.02333
-0.40704,-0.82881,-0.02774
-0.38384,-0.82129,-0.02983
-0.34373,-0.79316,-0.02488
-0.62791,-1.21890,-0.04422
-0.54234,-0.52877,-0.03542
-0.37461,-0.61634,-0.02678
-0.52758,-1.06621,-0.03171
-0.44062,-0.79009,-0.02823
-0.44248,-1.15385,-0.03750
-0.18460,-1.20738,-0.02676
-0.53275,-0.54692,-0.02994
-0.34778,-1.15479,-0.03509
-0.37505,-0.68849,-0.02131
-0.12203,-0.62192,-0.01527
-0.59492,-0.74345,-0.03874
-0.62688,-0.89241,-0.04472
-0.36811,-0.79325,-0.02778
-0.20979,-0.74412,-0.01641
-0.22521,-0.72237,-0.02131
-0.15194,-0.95089,-0.02384
-0.29262,-1.32212,-0.03381
-0.29207,-0.76865,-0.02501
-0.13603,-1.03595,-0.02517
-0.30544,-0.84810,-0.02831
-0.45962,-1.47880,-0.03519
-0.39963,-0.82179,-0.03477
-0.64930,-0.64085,-0.03707
-0.39745,-0.96250,-0.03836
-0.43827,-0.77335,-0.02577
-0.30640,-0.49522,-0.02011
-0.27021,-0.83973,-0.02648
0.15195,-0.14684,0.00224
-0.16044,-0.85396,-0.02151
-0.29587,-1.03470,-0.02644
-0.58412,-1.03864,-0.04653
-0.45440,-0.33431,-0.02672
-0.54769,-0.76208,-0.04036
-0.40782,-1.31258,-0.04205
-0.40208,-0.83508,-0.03064
-0.13109,-0.99327,-0.01692
-0.66193,-0.92147,-0.04458
-0.60780,-1.24902,-0.03606
-0.23828,-0.52997,-0.02182
-0.56143,-0.93102,-0.03904
-0.39329,-0.85069,-0.02607
-0.18934,-1.24309,-0.03069
-0.48706,-1.24641,-0.03593
-0.42389,-1.00894,-0.04110
-0.15826,-0.50920,-0.01728
-0.52968,-0.65232,-0.03387
-0.55851,-0.79183,-0.03840
-0.28080,-0.75554,-0.02566
-0.55073,-1.22417,-0.04420
-0.67411,-1.28416,-0.04185
-0.57520,-1.14861,-0.04713
-0.35870,-0.34292,-0.02293
-0.30568,-0.45488,-0.01789
-0.55672,-0.87837,-0.03162
-0.49015,-1.11969,-0.03604
-0.46202,-1.14215,-0.03460
-0.19850,-1.50861,-0.02775
-0.50896,-0.66121,-0.03414
-0.39571,-1.06244,-0.03252
-0.48340,-0.90351,-0.03197
-0.48620,-1.27267,-0.03588
-0.13547,-1.04490,-0.02491
-0.30669,-1.04304,-0.02675
-0.10704,-0.49550,-0.01472
-0.57918,-0.96101,-0.04199
-0.39154,-1.24433,-0.03839
-0.52269,-0.83302,-0.03936
-0.25746,-0.65772,-0.01797
-0.54896,-1.07585,-0.04304
-0.43999,-0.56559,-0.02672
-0.33995,-1.05752,-0.03445
-0.28944,-0.74811,-0.02747
-0.65347,-0.60774,-0.03289
-0.36783,-0.77048,-0.02583
-0.16060,-1.21016,-0.02269
-0.44393,-1.06354,-0.03632
-0.41522,-0.54811,-0.02867
-0.31416,-0.38506,-0.01973
-0.65684,-1.04980,-0.03704
-0.22501,-0.74783,-0.02367
-0.58597,-0.55742,-0.02899
-0.41288,-0.66661,-0.02965
-0.40873,-0.85644,-0.03519
-0.41828,-0.44645,-0.02068
-0.38226,-0.70833,-0.02642
-0.32301,-0.75300,-0.02366
-0.40300,-1.19543,-0.03662
-0.47753,-0.85149,-0.03326
-0.48280,-1.16373,-0.03883
-0.40872,-1.10570,-0.03988
-0.45932,-1.21423,-0.04141
-0.27516,-1.16625,-0.03545
-0.50127,-1.05767,-0.04302
-0.45732,-0.84667,-0.03590
-0.19304,-0.94257,-0.02612
-0.37414,-0.36735,-0.02676
-0.02024,-1.04231,-0.01588
-0.23145,-0.79467,-0.02152
-0.42926,-1.12446,-0.03544
-0.52364,-1.23840,-0.04485
-0.45178,-1.14245,-0.03603
-0.53514,-1.13897,-0.03448
-0.45043,-0.57040,-0.02922
-0.46336,-1.00389,-0.03846
-0.39779,-1.28779,-0.03664
-0.56453,-1.08821,-0.04164
-0.31743,-0.23913,-0.01605
-0.30035,-0.57584,-0.02019
-0.55204,-1.13491,-0.03629
-0.54663,-0.92754,-0.03900
-0.50388,-0.95063,-0.03284
-0.42737,-0.72602,-0.03024
-0.62300,-1.03887,-0.04414
-0.41267,-0.73214,-0.02868
-0.12832,-0.51326,-0.01305
-0.73666,-0.51100,-0.04281
-0.07162,-1.09110,-0.02111
-0.27723,-0.64195,-0.02055
-0.51036,-0.62344,-0.03610
-0.13220,-0.99840,-0.02175
-0.46451,-1.18966,-0.03717
-0.45642,-0.68538,-0.02832
-0.25140,-0.88761,-0.02643
-0.52131,-1.13425,-0.03615
-0.35089,-0.30043,-0.02119
-0.42835,-0.90851,-0.03302
-0.21176,-1.28460,-0.02209
-0.47365,-1.28882,-0.03906
-0.45679,-0.93284,-0.03855
-0.67071,-0.50095,-0.02821
-0.21800,-0.93465,-0.02539
-0.55505,-1.13360,-0.04274
-0.30358,-1.12130,-0.03273
-0.20208,-1.18298,-0.02816
-0.56585,-0.78052,-0.03614
-0.51435,-0.80523,-0.03401
-0.37306,-0.80292,-0.02779
-0.26426,-1.02649,-0.03163
-0.65978,-0.65813,-0.04229
-0.60514,-0.76206,-0.03814
-0.20734,-0.78177,-0.02320
-0.17162,-0.60783,-0.01980
-0.21838,-1.03091,-0.02417
-0.76718,-1.32532,-0.05098
-0.31001,-0.94290,-0.02260
-0.38060,-0.63506,-0.02470
-0.26487,-0.90915,-0.02661
-0.39052,-1.09188,-0.03827
-0.12201,-0.71358,-0.01520
-0.14267,-0.60504,-0.01485
-0.44936,-1.05720,-0.02981
-0.17394,-0.76594,-0.02014
-0.31481,-1.12182,-0.02906
-0.23818,-0.71667,-0.02310
-0.47832,-0.81495,-0.03055
-0.51069,-1.00452,-0.03822
-0.47307,-0.97243,-0.03561
-0.15773,-0.97812,-0.02087
-0.40293,-1.28079,-0.03398
-0.21943,-1.42215,-0.02854
-0.41769,-0.28240,-0.02499
-0.16067,-1.15936,-0.02301
-0.47212,-1.08769,-0.03713
-0.37282,-0.32270,-0.02303
-0.14143,-1.25121,-0.02679
-0.28362,-1.01036,-0.02934
-0.34217,-0.93933,-0.03367
-0.45126,-0.69525,-0.02509
-0.48770,-0.68072,-0.03406
-0.34016,-1.21064,-0.03064
-0.07251,-0.73130,-0.01762
-0.25345,-1.08639,-0.03224
-0.38548,-0.62407,-0.02302
-0.31730,-0.54023,-0.02554
-0.49406,-0.86108,-0.03501
-0.32628,-0.87933,-0.02919
-0.49324,-1.19573,-0.03771
-0.32134,-0.98274,-0.03167
-0.31270,-0.67074,-0.02454
-0.57727,-1.28940,-0.04014
-0.46982,-0.87128,-0.02667
-0.55245,-1.33426,-0.04519
-0.67185,-0.81828,-0.03878
-0.42838,-1.25563,-0.02994
-0.42653,-0.78022,-0.03026
-0.42453,-0.72299,-0.03239
-0.68888,-0.65796,-0.04394
-0.46905,-1.41911,-0.03764
-0.29570,-0.54619,-0.02507
-0.36593,-0.93450,-0.03380
-0.49287,-1.09087,-0.03635
-0.42965,-0.85447,-0.02640
-0.43035,-0.83377,-0.02902
-0.30497,-0.62736,-0.02743
-0.22948,-1.13000,-0.02672
-0.41834,-0.69348,-0.03155
-0.33614,-0.63364,-0.02453
-0.12797,-0.70406,-0.01616
-0.30930,-0.60559,-0.02666
-0.54908,-0.32986,-0.02803
-0.44295,-0.54835,-0.02578
-0.35932,-0.95366,-0.02859
-0.36245,-1.40799,-0.04173
-0.42313,-1.12209,-0.03591
-0.22822,-1.18193,-0.02255
-0.75404,-0.66873,-0.03811
-0.54742,-0.92610,-0.04341
-0.57778,-1.00842,-0.02919
-0.29991,-0.88773,-0.02517
-0.20745,-0.55082,-0.02096
-0.49273,-1.33062,-0.03942
-0.35036,-1.12441,-0.03045
-0.56190,-1.17330,-0.04931
-0.48258,-0.66467,-0.02578
-0.54691,-0.97097,-0.03700
-0.39010,-1.07530,-0.03396
-0.53262,-0.65419,-0.03482
-0.11886,-0.76424,-0.01817
-0.70112,-1.14617,-0.04001
-0.23226,-0.61094,-0.02346
-0.17974,-0.29416,-0.01344
-0.47638,-1.10862,-0.03283
-0.36053,-1.38229,-0.03638
-0.62231,-0.80895,-0.04147
-0.19037,-0.61240,-0.01864
-0.38272,-1.23119,-0.03516
-0.62198,-0.65653,-0.03661
-0.36407,-1.12311,-0.03643
-0.50800,-1.21100,-0.03437
-0.12374,-0.78556,-0.01795
-0.52193,-1.18891,-0.04224
-0.41485,-0.44630,-0.02929
-0.47453,-1.10241,-0.03976
-0.37955,-0.86789,-0.03157
-0.63098,-1.38078,-0.05033
-0.39306,-1.11646,-0.03898
-0.36375,-0.50618,-0.02113
-0.48019,-1.86794,-0.04218
-0.18498,-1.08926,-0.02300
-0.30149,-0.62478,-0.02561
-0.30512,-0.75823,-0.02635
-0.62817,-0.68211,-0.03902
-0.44328,-1.41478,-0.03589
-0.26090,-0.98913,-0.02592
-0.32582,-1.38548,-0.03688
-0.10741,-1.08273,-0.01687
-0.49974,-0.61601,-0.03138
-0.28264,-1.17639,-0.03211
-0.40981,-0.94039,-0.03708
-0.32881,-1.33250,-0.03931
-0.22080,-0.72791,-0.02261
-0.68335,-0.83805,-0.04424
-0.22568,-0.53031,-0.02104
-0.50918,-0.81662,-0.03732
-0.52068,-0.64968,-0.02715
-0.22365,-0.39674,-0.01654
-0.58210,-0.94929,-0.03577
-0.67677,-0.84665,-0.04015
-0.39104,-1.03641,-0.03355
-0.12060,-0.60325,-0.01671
-0.22269,-1.03394,-0.03049
-0.55551,-0.90611,-0.03810
-0.38968,-1.10432,-0.03144
-0.65202,-1.26005,-0.03584
-0.50047,-0.77746,-0.03215
-0.62554,-1.35476,-0.05435
-0.53976,-1.07413,-0.02940
-0.23317,-0.86002,-0.02510
-0.49327,-1.34789,-0.04064
-0.44704,-0.49016,-0.02680
-0.40414,-1.05667,-0.03352
-0.37551,-1.37962,-0.03848
-0.57743,-1.32318,-0.04583
-0.14937,-0.16328,-0.01032
-0.09519,-0.97888,-0.02215
-0.43221,-0.62628,-0.02758
-0.14869,-1.02976,-0.02031
-0.25074,-1.03377,-0.02651
-0.40198,-0.68193,-0.03026
-0.04086,-1.12331,-0.01800
-0.25909,-0.96383,-0.02317
-0.30181,-1.11519,-0.02970
-0.52575,-1.66095,-0.04379
-0.38999,-0.44175,-0.02684
-0.19094,-0.66752,-0.01785
-0.37400,-0.73679,-0.02764
-0.58369,-0.85497,-0.02952
-0.13813,-0.70477,-0.01966
-0.44632,-0.78943,-0.03713
-0.45702,-1.16654,-0.04027
-0.33141,-0.82954,-0.02987
-0.01127,-0.47772,-0.00925
-0.55490,-0.64815,-0.03743
-0.49656,-1.29301,-0.04127
-0.40323,-0.49275,-0.02519
-0.24829,-1.23943,-0.02587
-0.24115,-0.54807,-0.01970
-0.17114,-1.24475,-0.02989
-0.33752,-1.09650,-0.02798
-0.33897,-0.57109,-0.02652
-0.64567,-0.84146,-0.03989
-0.23938,-0.79690,-0.02275
-0.26919,-1.00074,-0.02793
-0.21321,-0.77014,-0.02363
-0.33493,-0.91923,-0.03244
-0.38209,-1.00684,-0.03232
-0.39637,-1.05583,-0.03624
-0.30528,-0.95860,-0.03238
-0.25753,-0.73647,-0.02052
-0.65125,-0.76875,-0.03668
-0.41577,-0.83505,-0.02289
-0.58985,-0.61242,-0.03693
-0.47749,-0.80965,-0.03791
-0.35478,-0.53599,-0.02543
-0.22810,-1.01191,-0.02882
-0.47056,-1.09573,-0.04000
-0.43266,-1.20015,-0.03973
-0.46193,-1.02571,-0.03572
-0.41961,-0.96107,-0.03694
-0.27688,-0.56065,-0.02356
-0.17789,-0.70985,-0.01915
-0.49067,-0.86664,-0.02966
-0.46804,-0.84062,-0.03345
-0.26052,-0.58012,-0.01972
-0.75386,-0.72829,-0.04082
-0.28928,-0.40982,-0.01995
-0.49104,-1.28351,-0.04635
-0.37754,-0.99684,-0.03017
-0.37440,-1.10029,-0.03804
-0.37098,-1.24317,-0.03824
-0.37193,-1.03628,-0.02979
-0.36908,-0.68222,-0.02938
-0.19030,-0.76056,-0.01787
-0.47747,-0.71986,-0.03114
-0.08001,-0.74694,-0.01649
-0.37817,-0.87255,-0.03120
-0.24017,-0.45007,-0.01854
-0.30325,-1.06486,-0.02659
-0.47417,-0.57617,-0.02656
-0.33258,-0.79588,-0.03000
-0.28972,-0.97716,-0.02693
-0.41078,-1.00974,-0.02971
-0.26800,-1.34926,-0.02666
-0.31505,-0.91507,-0.02775
-0.52999,-1.00214,-0.03686
-0.31446,-0.50062,-0.02519
-0.38533,-0.98353,-0.03291
-0.52073,-1.01798,-0.03427
-0.54047,-1.38878,-0.03345
-0.32843,-0.52616,-0.02578
-0.38941,-0.94600,-0.03336
-0.42378,-1.61279,-0.03309
-0.21669,-0.62168,-0.01955
-0.62889,-0.79230,-0.04155
-0.44744,-0.49609,-0.02734
-0.37640,-0.25127,-0.02169
-0.31065,-0.33816,-0.01930
-0.32774,-0.78554,-0.02698
-0.41661,-1.22151,-0.03456
-0.14930,-0.70767,-0.01597
-0.33909,-0.81605,-0.02914
-0.55624,-0.76082,-0.03610
-0.35450,-0.98186,-0.03415
-0.12471,-1.05809,-0.02159
-0.74699,-0.99248,-0.04970
-0.21195,-0.86081,-0.02301
-0.59447,-0.53767,-0.02664
-0.34702,-1.21393,-0.03622
-0.51360,-1.06770,-0.03374
-0.20440,-0.44743,-0.01435
-0.50113,-0.83293,-0.02542
0.05782,-1.20288,-0.01410
-0.29491,-0.59867,-0.02338
-0.46116,-1.07597,-0.03401
-0.39305,-1.01280,-0.03467
-0.41620,-0.96431,-0.03232
-0.36708,-0.74275,-0.03086
-0.63661,-0.98590,-0.04041
-0.60648,-0.74398,-0.03568
-0.08755,-0.85508,-0.01724
-0.20282,-0.47890,-0.01954
-0.31769,-1.04815,-0.02697
-0.25858,-0.37038,-0.01867
-0.38351,-0.73721,-0.03175
-0.35209,-0.85018,-0.02739
-0.48090,-0.43526,-0.02837
-0.77709,-1.28804,-0.04542
-0.61593,-0.47071,-0.03178
-0.45813,-0.87982,-0.03712
-0.38398,-0.91201,-0.02847
-0.43390,-0.52001,-0.02887
-0.35131,-0.58220,-0.02317
-0.21861,-0.98539,-0.02492
-0.70439,-0.78185,-0.04640
-0.58010,-0.92050,-0.03534
-0.13786,-0.28434,-0.01181
-0.53303,-1.38310,-0.03658
-0.64377,-0.79308,-0.03600
-0.24422,-0.51041,-0.02218
-0.57603,-1.29488,-0.04441
-0.29995,-0.26829,-0.01909
-0.42401,-0.89186,-0.03529
-0.13367,-0.95186,-0.01990
-0.18149,-1.33464,-0.02516
-0.17236,-0.70104,-0.01889
-0.05882,-0.33015,-0.00696
-0.29425,-1.20027,-0.03508
-0.38131,-0.88144,-0.03483
0.04347,-0.66850,-0.01013
-0.61819,-1.10698,-0.04809
-0.22721,-0.62015,-0.01830
-0.34967,-0.81001,-0.03034
-0.35864,-0.88752,-0.03103
-0.47870,-0.92338,-0.02887
-0.54786,-0.86879,-0.04103
-0.39571,-0.55020,-0.02768
-0.27493,-0.40986,-0.02124
-0.40173,-1.14319,-0.03901
-0.36247,-0.85343,-0.03115
0.00520,-0.75153,-0.01026
-0.30367,-0.79666,-0.03181
-0.42989,-0.46936,-0.02420
-0.57550,-1.03167,-0.03759
-0.59106,-0.72902,-0.03981
-0.60501,-0.78111,-0.03521
-0.30800,-1.30201,-0.02840
-0.35403,-0.84583,-0.02885
-0.60797,-0.59041,-0.02849
-0.58774,-1.20655,-0.03891
-0.57901,-0.46917,-0.03306
-0.48070,-1.16723,-0.03904
-0.56678,-0.81052,-0.04270
-0.48393,-0.65314,-0.03061
-0.70047,-1.15699,-0.04275
-0.34246,-1.19347,-0.03609
0.03125,-0.90276,-0.01306
-0.34101,-0.86953,-0.02844
-0.30976,-0.90385,-0.02863
-0.09602,-0.46215,-0.01111
-0.29605,-0.40622,-0.02004
-0.27097,-1.51357,-0.02571
-0.30662,-0.91076,-0.02635
-0.31367,-0.78735,-0.02521
-0.34655,-0.24045,-0.02279
-0.37934,-1.07145,-0.03492
-0.56055,-1.06283,-0.04016
-0.33397,-0.86397,-0.02459
-0.54594,-1.08640,-0.04468
-0.32549,-0.56203,-0.02681
-0.26705,-1.00476,-0.02289
-0.72348,-1.15051,-0.05448
-0.28548,-1.13324,-0.02966
-0.48053,-0.91161,-0.03465
-0.37690,-0.86868,-0.02663
-0.42757,-0.79675,-0.02878
-0.64654,-1.20661,-0.04564
-0.73701,-1.12826,-0.04987
-0.48164,-1.39969,-0.04890
-0.36924,-0.99021,-0.03389
-0.25721,-1.00016,-0.02834
-0.17755,-1.25947,-0.01971
-0.28092,-0.77581,-0.02360
-0.54949,-0.75568,-0.03603
-0.31183,-0.26156,-0.01937
-0.16565,-0.66168,-0.01960
-0.51505,-0.39823,-0.03059
-0.43050,-1.05070,-0.03028
-0.35054,-0.10119,-0.01679
-0.37919,-1.03990,-0.03459
-0.49714,-0.53679,-0.02843
-0.45479,-0.42162,-0.02928
-0.16116,-0.70351,-0.01834
-0.22660,-0.79128,-0.02167
-0.38098,-0.63733,-0.02391
-0.61466,-1.26813,-0.04779
-0.35704,-0.82331,-0.02280
-0.09144,-1.16058,-0.02169
-0.39710,-0.55011,-0.02771
-0.17814,-0.76389,-0.01833
-0.63384,-0.92744,-0.04451
-0.48425,-0.58884,-0.03438
-0.12833,-0.80590,-0.01921
-0.27009,-0.52271,-0.02168
-0.58071,-1.11157,-0.04558
-0.51531,-0.70187,-0.03496
-0.49275,-0.38930,-0.02486
-0.07137,-0.63672,-0.01204
-0.30851,-0.84307,-0.02892
-0.76402,-1.11504,-0.05481
-0.31083,-0.80631,-0.02348
-0.32399,-1.25969,-0.03077
-0.29831,-1.18102,-0.02644
-0.60571,-0.78586,-0.03296
-0.47925,-0.94192,-0.03438
-0.15528,-1.05620,-0.02674
-0.43682,-1.16966,-0.03181
-0.44097,-0.72298,-0.02828
-0.55121,-1.78467,-0.04408
-0.35554,-0.93917,-0.03391
-0.53868,-0.91412,-0.03946
-0.45962,-0.80221,-0.02972
-0.30118,-1.09451,-0.03522
-0.77416,-0.78816,-0.04017
-0.44666,-1.06324,-0.03180
-0.28872,-0.94399,-0.02586
-0.22810,-0.76266,-0.01912
-0.24038,-0.68689,-0.02583
-0.66594,-0.73061,-0.03641
-0.36024,-1.03830,-0.03796
-0.47169,-1.19402,-0.02841
-0.39001,-0.76486,-0.02327
-0.50671,-0.64279,-0.03458
-0.59051,-1.00795,-0.04078
-0.44714,-1.07320,-0.03204
-0.40259,-0.75969,-0.03230
-0.69780,-0.79618,-0.04684
-0.51103,-0.86880,-0.03458
-0.38160,-1.00198,-0.02949
-0.42605,-1.07404,-0.03710
-0.20037,-0.80892,-0.02355
-0.32606,-0.72882,-0.02608
-0.36576,-1.41380,-0.03815
-0.22136,-1.16662,-0.02556
-0.17159,-1.08697,-0.02121
-0.28176,-1.08143,-0.03384
-0.58399,-1.02231,-0.03814
-0.33797,-1.38366,-0.03653
-0.31515,-1.23250,-0.03612
-0.27201,-0.72040,-0.02138
-0.23354,-0.66647,-0.02125
-0.15897,-0.59397,-0.01815
-0.01264,-0.44462,-0.00709
-0.21025,-0.91083,-0.02078
-0.49874,-0.81778,-0.02836
-0.33367,-0.74070,-0.02743
-0.35130,-1.05678,-0.03445
-0.22037,-0.97236,-0.02177
-0.41530,-0.62664,-0.02466
-0.50685,-0.59993,-0.03540
-0.21158,-0.85224,-0.02459
-0.34309,-0.78071,-0.03192
-0.52295,-0.80374,-0.03294
-0.46991,-1.08626,-0.03024
-0.16604,-0.15309,-0.00823
-0.24409,-0.65181,-0.01993
-0.53258,-0.34155,-0.02581
-0.48499,-1.22638,-0.03258
-0.38246,-1.18824,-0.03083
-0.46436,-1.04217,-0.04117
-0.22326,-0.95358,-0.02353
-0.69332,-0.73756,-0.03913
-0.44564,-0.75231,-0.02909
-0.31879,-0.68320,-0.02694
-0.55880,-0.90840,-0.03967
-0.26699,-0.78791,-0.02214
-0.31483,-1.51060,-0.03832
-0.20298,-1.18473,-0.02996
-0.38467,-0.59602,-0.02420
-0.33439,-0.72651,-0.03011
-0.47586,-0.91619,-0.04036
-0.16286,-0.72250,-0.02092
-0.77456,-0.82535,-0.04594
-0.54604,-1.54810,-0.03351
-0.43304,-0.80989,-0.03141
-0.30988,-0.56028,-0.02284
-0.38591,-0.52495,-0.02179
-0.33025,-0.77217,-0.02967
-0.17928,-1.14503,-0.02712
-0.43453,-0.81896,-0.03273
-0.57216,-1.01610,-0.03823
-0.51876,-0.51468,-0.03100
-0.35773,-1.05498,-0.02720
-0.46606,-1.05061,-0.04168
-0.74704,-0.70941,-0.04590
-0.41084,-0.37871,-0.02033
-0.31223,-1.19870,-0.03439
-0.40657,-0.75305,-0.03292
-0.39663,-0.68612,-0.02224
-0.22472,-1.14062,-0.02471
-0.24633,-0.36284,-0.01513
-0.36859,-0.52464,-0.02174
-0.21127,-0.71236,-0.02167
-0.55865,-1.84874,-0.04221
-0.57898,-0.95242,-0.03219
-0.64631,-0.80695,-0.03843
-0.36253,-1.15615,-0.03009
-0.13910,-0.45379,-0.01459
-0.42341,-1.11549,-0.03573
-0.13325,-0.78998,-0.01689
-0.07474,-1.24110,-0.02117
-0.53636,-1.12942,-0.03566
-0.34861,-0.64254,-0.02638
-0.67026,-0.95876,-0.04873
-0.23649,-0.49864,-0.01940
-0.70640,-0.85670,-0.04797
-0.53833,-1.57752,-0.04064
-0.62115,-1.31003,-0.04181
-0.23897,-0.51001,-0.01960
-0.19086,-0.70813,-0.01757
-0.57247,-0.99724,-0.04515
-0.67369,-1.16903,-0.04955
-0.50513,-0.65964,-0.02635
-0.58610,-1.09466,-0.04199
-0.89108,-1.15077,-0.04779
-0.33459,-0.48288,-0.02061
-0.40876,-1.12925,-0.03632
-0.44236,-0.63005,-0.02684
-0.63537,-0.90220,-0.03987
-0.30041,-0.62790,-0.02492
-0.38936,-0.66737,-0.02665
-0.24520,-0.79908,-0.01997
-0.41815,-1.34628,-0.03317
-0.54257,-1.30507,-0.03772
-0.26499,-0.88763,-0.02191
-0.36120,-1.02761,-0.03358
-0.26154,-1.39806,-0.03354
-0.16639,-0.49627,-0.01775
-0.63141,-1.01842,-0.03903
-0.14397,-0.60063,-0.01987
-0.35284,-0.60185,-0.02947
-0.59163,-0.68048,-0.03589
-0.59546,-1.43635,-0.03916
-0.27122,-0.40482,-0.01909
-0.42826,-0.95112,-0.03612
-0.51259,-0.73548,-0.03483
-0.37108,-0.88903,-0.02761
-0.41910,-0.98065,-0.02972
-0.49224,-0.81855,-0.03600
-0.43882,-0.68538,-0.02478
-0.54518,-0.54856,-0.03299
-0.35878,-0.65878,-0.03019
-0.37578,-1.28149,-0.03771
-0.48555,-0.64945,-0.02869
-0.48549,-1.00313,-0.03425
-0.43289,-1.05462,-0.03668
-0.25225,-0.70853,-0.02727
-0.41679,-0.36031,-0.02411
-0.70388,-1.23215,-0.04535
-0.38110,-0.82389,-0.02913
-0.67020,-1.16182,-0.04683
-0.47828,-0.91665,-0.03813
-0.59331,-1.22385,-0.04825
-0.50686,-0.79238,-0.03501
-0.20584,-0.98201,-0.02116
-0.48821,-0.87283,-0.03619
-0.18204,-0.84414,-0.02098
-0.43177,-1.25033,-0.03000
-0.45689,-0.75754,-0.02746
-0.57542,-1.30629,-0.04863
-0.60874,-1.36025,-0.03337
-0.38024,-1.03489,-0.03375
-0.41658,-0.76291,-0.03345
-0.20370,-0.35170,-0.01733
-0.31362,-0.40013,-0.02174
-0.36445,-0.52174,-0.02473
-0.36310,-1.02607,-0.03619
-0.55739,-0.97088,-0.03833
-0.26221,-0.93743,-0.02262
-0.34115,-0.46912,-0.02498
-0.22691,-0.89014,-0.02871
-0.52242,-1.88344,-0.04105
-0.46785,-1.05087,-0.03727
-0.45863,-0.75215,-0.03244
-0.48881,-0.99349,-0.02936
-0.56732,-1.15280,-0.04178
-0.72455,-0.89963,-0.03866
-0.38456,-0.96793,-0.02689
-0.27093,-0.79889,-0.02579
-0.39012,-1.30212,-0.03435
-0.56487,-0.87253,-0.04111
-0.36509,-0.58669,-0.02764
-0.62256,-0.78892,-0.04222
-0.22516,-0.83899,-0.02368
-0.29319,-0.70117,-0.02629
-0.34082,-0.58190,-0.02557
-0.57427,-0.95878,-0.03128
-0.36142,-1.00803,-0.03331
-0.20758,-0.70874,-0.01951
-0.94145,-0.88144,-0.03975
-0.55669,-0.84685,-0.03905
-0.40603,-0.52115,-0.02535
-0.07517,-1.16164,-0.01672
-0.29089,-0.09412,-0.01542
-0.28174,-1.08173,-0.02833
-0.45427,-0.96087,-0.02752
-0.33249,-0.87396,-0.03147
-0.52426,-0.65488,-0.03456
-0.41624,-0.79189,-0.03089
-0.38717,-0.63139,-0.02851
-0.57658,-1.16873,-0.03478
-0.34122,-0.93452,-0.02644
-0.30113,-0.78628,-0.02663
-0.60494,-0.56971,-0.03548
-0.30678,-1.13211,-0.03356
-0.28397,-0.55729,-0.02148
-0.24372,-0.71770,-0.02210
-0.36400,-0.48510,-0.02209
-0.29020,-0.89175,-0.02153
-0.44414,-1.09598,-0.03565
-0.41137,-0.64340,-0.02437
-0.17797,-0.99630,-0.02228
-0.07203,-0.92746,-0.01628
-0.34345,-0.90515,-0.03293
-0.00646,-0.72857,-0.01052
-0.24016,-0.49099,-0.01762
-0.45306,-0.54699,-0.02611
-0.40716,-0.55266,-0.02603
-0.41436,-1.21336,-0.03190
-0.18770,-1.05917,-0.02425
-0.59117,-0.93472,-0.04105
-0.31957,-0.88636,-0.02924
-0.34041,-1.16788,-0.03701
-0.71106,-0.88532,-0.04393
-0.26636,-0.68153,-0.02634
-0.40116,-0.95924,-0.03106
-0.60765,-1.00629,-0.04148
-0.30134,-1.35961,-0.03855
-0.18401,-0.73606,-0.01965
-0.65723,-0.75342,-0.03657
-0.38187,-0.47316,-0.02365
-0.33507,-0.47836,-0.02125
-0.57780,-1.21981,-0.04360
-0.47736,-0.75761,-0.02764
-0.32360,-0.41822,-0.02089
-0.54889,-0.67439,-0.03413
-0.36150,-0.79456,-0.02759
-0.37358,-0.72545,-0.02999
-0.44107,-0.73954,-0.03067
-0.43117,-0.76866,-0.03142
-0.33788,-1.01876,-0.03242
-0.36085,-1.10308,-0.03173
-0.57565,-0.66347,-0.03628
-0.73087,-1.15010,-0.04485
-0.39983,-0.59847,-0.02899
-0.23147,-0.99009,-0.03035
-0.18752,-0.81830,-0.01861
-0.32969,-0.75570,-0.02977
-0.28468,-0.88054,-0.02084
-0.23475,-1.24781,-0.02958
-0.34459,-0.14414,-0.01980
-0.60321,-1.05426,-0.03942
-0.63075,-0.89755,-0.04317
-0.76166,-1.09604,-0.04593
-0.36103,-1.18297,-0.02751
-0.49865,-0.70227,-0.02968
-0.46214,-1.01472,-0.03567
-0.37591,-0.87692,-0.02977
-0.20729,-0.33995,-0.01457
-0.31646,-0.95888,-0.02932
-0.68395,-0.84028,-0.04352
-0.34783,-1.04894,-0.03196
-0.32847,-0.79772,-0.02925
-0.62052,-0.88669,-0.04278
-0.68489,-1.10810,-0.04614
-0.12516,-0.66438,-0.01586
-0.27650,-0.67844,-0.02377
-0.21825,-0.82274,-0.02053
-0.20127,-1.12915,-0.02548
-0.51905,-1.71366,-0.03924
-0.50807,-0.73609,-0.03813
-0.22128,-0.91212,-0.02613
-0.38093,-0.71004,-0.02832
-0.33264,-1.12707,-0.03019
-0.33521,-0.49323,-0.02233
-0.42589,-0.59606,-0.02725
-0.47524,-1.08379,-0.03986
-0.48428,-1.36127,-0.03686
-0.40446,-0.51565,-0.02208
-0.15747,-1.26834,-0.02466
-0.50982,-0.97756,-0.04139
-0.58778,-1.11911,-0.03816
-0.49401,-1.54645,-0.03775
-0.32773,-0.54963,-0.02145
-0.47261,-0.90359,-0.03008
-0.27796,-0.99653,-0.03158
-0.23708,-0.83474,-0.02509
-0.40423,-1.07619,-0.03377
-0.56460,-0.60331,-0.03532
-0.52812,-0.77152,-0.03598
-0.65017,-0.94476,-0.03441
-0.08320,-0.74135,-0.01502
-0.24386,-0.39067,-0.01798
-0.57657,-1.37215,-0.03786
-0.68098,-0.77239,-0.03988
-0.26610,-0.60128,-0.01928
-0.30180,-1.05454,-0.02915
-0.69368,-0.77334,-0.03457
-0.28093,-0.98712,-0.03017
-0.33559,-1.07263,-0.03360
-0.27319,-0.73557,-0.02434
-0.42858,-0.91268,-0.03629
-0.51322,-0.51004,-0.02783
-0.38357,-0.51025,-0.02385
-0.16932,-1.22638,-0.02667
-0.16287,-0.51376,-0.01727
-0.37423,-1.19375,-0.03980
-0.26250,-0.42028,-0.01843
-0.34678,-0.82150,-0.03086
-0.29984,-0.58946,-0.01929
-0.55002,-0.76002,-0.03160
-0.43353,-0.82392,-0.03038
-0.51619,-0.63815,-0.03140
-0.38501,-1.42454,-0.03449
-0.43398,-0.66349,-0.02627
-0.27760,-0.59584,-0.02299
-0.08397,-0.95140,-0.01980
-0.14191,-0.52223,-0.01520
-0.18905,-0.56218,-0.01668
-0.36939,-0.87333,-0.03356
-0.37207,-0.94508,-0.03518
-0.50935,-0.72019,-0.03757
-0.42508,-0.82439,-0.03485
-0.44154,-0.63880,-0.03282
-0.49068,-0.74023,-0.03201
-0.41130,-0.68485,-0.02856
-0.32809,-1.31173,-0.03392
-0.30058,-1.35056,-0.02500
-0.36802,-1.51669,-0.04281
-0.19972,-0.49746,-0.01996
-0.25315,-0.54900,-0.02286
-0.47772,-0.87480,-0.03902
-0.38105,-0.74333,-0.02798
-0.50607,-0.65617,-0.02685
-0.31721,-0.78614,-0.02684
-0.51346,-0.90024,-0.04158
-0.37801,-0.82143,-0.02813
-0.27048,-0.63373,-0.02311
-0.26205,-0.43280,-0.01608
-0.34912,-0.65854,-0.02343
-0.32947,-0.74422,-0.02410
-0.51940,-0.84938,-0.03363
-0.25946,-0.91392,-0.02385
-0.41795,-0.76105,-0.03135
-0.30285,-0.88707,-0.02882
-0.28044,-0.62826,-0.02600
-0.14370,-1.45030,-0.02392
-0.31316,-1.31489,-0.03407
-0.28695,-0.77215,-0.02819
-0.16793,-1.02646,-0.02677
-0.32911,-0.76127,-0.02484
-0.17786,-0.71187,-0.01873
-0.28826,-0.98501,-0.03096
-0.26692,-0.62659,-0.01829
-0.37209,-1.20675,-0.03355
-0.23480,-0.58454,-0.01826
-0.32437,-0.92661,-0.02809
-0.41091,-0.78525,-0.03308
-0.34316,-1.16751,-0.03234
-0.24292,-1.34136,-0.02955
-0.40279,-0.69463,-0.02946
-0.32180,-0.81599,-0.02854
-0.47787,-0.76725,-0.03311
-0.29032,-0.73630,-0.02763
-0.35496,-1.00147,-0.03260
-0.14104,-0.44143,-0.01354
-0.37433,-0.76353,-0.02638
-0.37319,-1.22738,-0.03205
-0.08222,-0.23224,-0.00885
-0.18887,-0.85414,-0.02432
-0.34714,-1.06684,-0.02682
-0.35434,-0.59354,-0.02658
-0.44723,-0.63816,-0.03287
-0.27723,-0.79081,-0.02442
-0.35517,-1.08211,-0.02798
-0.63725,-1.59671,-0.04315
-0.71134,-1.34987,-0.04427
-0.53275,-1.44782,-0.03831
-0.35063,-0.52339,-0.02717
-0.32958,-0.96472,-0.02954
-0.18148,-1.35728,-0.03091
-0.28130,-1.26081,-0.03162
-0.13941,-1.10713,-0.02148
-0.24651,-1.22661,-0.03000
-0.13847,-0.86683,-0.02023
-0.52930,-0.50260,-0.03031
-0.66485,-0.62954,-0.03785
-0.60054,-1.13568,-0.04254
-0.23879,-0.69620,-0.02153
-0.54066,-0.66094,-0.03558
-0.19480,-0.85377,-0.02319
-0.39680,-0.75182,-0.03176
-0.46137,-1.05810,-0.03035
-0.23493,-1.03962,-0.03042
-0.70312,-0.76554,-0.04200
-0.27919,-0.95294,-0.02969
-0.12811,-1.09637,-0.01950
-0.26041,-0.62182,-0.02082
-0.33624,-0.95250,-0.03322
-0.28955,-0.45882,-0.02395
-0.65906,-1.13661,-0.04470
-0.26047,-0.62795,-0.02527
-0.44199,-0.88207,-0.02877
-0.26705,-0.78681,-0.02394
-0.23314,-1.04214,-0.02838
-0.45311,-0.52251,-0.02602
-0.20668,-0.43249,-0.01806
-0.06005,-0.87124,-0.01300
-0.64909,-0.85918,-0.03897
-0.40659,-1.10873,-0.03492
-0.32020,-0.38633,-0.02061
-0.18778,-0.62634,-0.02271
-0.47888,-0.61204,-0.02755
-0.17344,-0.64189,-0.01672
-0.25374,-1.13770,-0.03421
-0.13632,-0.89663,-0.01729
-0.24097,-1.08444,-0.03237
-0.32884,-0.99901,-0.03457
-0.50945,-1.07419,-0.03185
-0.30087,-0.62610,-0.01805
-0.38941,-0.59701,-0.02441
-0.37812,-0.98958,-0.03452
-0.28340,-0.48975,-0.01886
-0.30703,-1.13383,-0.03392
-0.39184,-0.63089,-0.03094
-0.33562,-0.81192,-0.02446
-0.39704,-0.95685,-0.03418
-0.39260,-1.01891,-0.03412
-0.47892,-1.01313,-0.04184
-0.51020,-1.09472,-0.03948
-0.55752,-0.98573,-0.03820
-0.26724,-0.51042,-0.01849
-0.37255,-0.96081,-0.02837
-0.55334,-1.18534,-0.04170
-0.69750,-0.81726,-0.04150
-0.40824,-0.65855,-0.03173
-0.13271,-1.11796,-0.02430
-0.57084,-1.14537,-0.03330
-0.28785,-0.38740,-0.01876
-0.46065,-0.44052,-0.02048
-0.12831,-0.65305,-0.01494
-0.54113,-1.41342,-0.04393
-0.11907,-1.00909,-0.02203
-0.54481,-1.02192,-0.04138
-0.51856,-0.88459,-0.04003
-0.42452,-1.21810,-0.03711
-0.56934,-1.02266,-0.04104
-0.27220,-0.39392,-0.01990
-0.13385,-0.71337,-0.01956
-0.08109,0.06598,-0.00339
-0.28812,-1.12601,-0.02632
-0.22289,-1.16126,-0.02748
-0.34939,-0.81566,-0.03143
-0.51220,-0.85556,-0.03083
-0.44637,-0.99770,-0.03665
-0.37526,-1.30038,-0.03535
-0.52578,-1.20399,-0.03891
-0.40242,-0.67013,-0.03273
-0.39202,-1.38522,-0.03933
-0.62077,-1.39259,-0.03725
-0.51033,-1.40043,-0.04171
-0.49788,-0.54950,-0.02798
-0.24083,-1.29050,-0.02914
-0.35769,-0.56191,-0.02529
-0.44151,-1.37895,-0.03879
-0.33902,-0.52217,-0.02509
-0.27409,-0.66049,-0.02610
-0.57180,-1.31813,-0.04434
-0.51938,-1.05628,-0.03409
-0.25290,-0.37331,-0.02046
-0.20164,-1.24279,-0.02562
-0.37755,-0.67681,-0.02534
-0.50928,-0.89293,-0.03838
-0.22711,-0.86537,-0.02474
-0.29532,-0.47265,-0.02139
-0.33869,-0.66392,-0.02811
-0.23573,-0.92270,-0.02046
-0.28275,-0.91130,-0.02260
-0.33631,-0.31440,-0.02155
-0.25477,-0.76073,-0.02684
-0.64567,-1.10786,-0.03690
-0.73452,-0.61279,-0.03742
-0.39886,-0.89106,-0.03244
-0.34147,-0.56983,-0.02365
-0.53481,-0.87144,-0.04266
-0.58694,-0.96981,-0.04060
-0.29590,-0.85945,-0.02567
-0.19750,-1.00690,-0.02182
-0.28388,-1.22309,-0.02657
-0.18165,-1.15919,-0.02825
-0.17260,-0.72804,-0.02359
-0.37566,-0.89857,-0.03449
-0.34710,-0.49171,-0.02039
-0.33340,-1.07501,-0.03491
-0.45654,-0.53198,-0.03243
-0.51097,-1.00668,-0.03327
-0.33206,-0.78967,-0.02452
-0.39648,-0.66107,-0.03113
-0.60082,-1.00262,-0.04846
-0.14238,-0.92733,-0.02445
-0.25342,-0.61186,-0.02331
-0.31647,-0.32052,-0.01993
-0.33136,-0.41647,-0.02355
-0.27497,-0.37395,-0.02004
-0.50618,-0.64367,-0.02419
-0.32555,-1.14299,-0.02780
-0.37779,-1.27875,-0.02676
-0.33020,-0.69815,-0.02327
-0.40192,-0.50798,-0.02853
-0.48451,-0.69517,-0.03646
-0.28096,-0.39950,-0.01706
-0.34785,-0.29388,-0.01958
-0.51244,-0.88896,-0.03181
-0.41575,-0.84422,-0.03485
-0.39414,-0.69773,-0.02725
-0.51722,-1.02598,-0.02849
-0.36070,-1.19829,-0.03497
-0.11488,-1.34212,-0.02834
-0.16699,-0.30072,-0.01160
-0.38815,-0.81367,-0.03176
-0.47891,-0.70585,-0.02825
-0.25934,-0.43114,-0.01594
-0.29391,-1.07310,-0.02330
-0.34993,-0.97688,-0.03339
-0.80539,-0.80238,-0.04505
-0.42734,-1.26317,-0.03714
-0.39957,-1.10227,-0.03925
-0.65876,-1.06272,-0.04177
-0.30140,-1.31554,-0.02808
-0.43094,-0.66120,-0.02858
-0.40199,-1.23377,-0.03951
-0.68688,-1.34367,-0.04765
-0.44554,-1.06577,-0.02930
-0.37728,-0.91360,-0.02385
-0.29426,-0.84810,-0.02492
-0.29889,-1.05966,-0.02709
-0.19378,-1.30052,-0.02486
-0.32979,-0.51144,-0.01935
-0.70616,-1.00040,-0.04547
-0.40673,-0.69173,-0.02490
-0.60428,-0.55863,-0.02904
-0.32421,-0.68672,-0.02865
-0.18892,-0.57989,-0.01849
-0.27412,-0.69177,-0.02224
-0.44426,-1.15054,-0.04153
-0.31234,-0.67620,-0.02333
-0.39475,-0.51681,-0.02701
-0.38877,-0.62477,-0.02761
-0.62704,-0.97471,-0.03164
-0.27282,-1.30036,-0.03688
-0.35152,-0.49960,-0.02201
-0.21342,-0.33875,-0.01606
-0.59567,-0.78407,-0.04126
-0.55464,-1.38256,-0.05241
-0.44168,-0.47114,-0.02252
-0.29159,-0.42109,-0.02139
-0.54585,-0.64286,-0.03153
-0.09059,-0.37534,-0.01075
-0.61209,-0.49462,-0.03155
-0.38388,-0.89779,-0.03493
-0.36613,-1.07829,-0.03251
-0.35028,-0.98614,-0.02937
-0.34188,-0.76775,-0.02957
-0.28439,-0.73547,-0.02457
-0.53320,-1.39572,-0.03882
-0.24293,-1.42713,-0.03159
-0.26518,-0.95127,-0.03084
-0.08591,-0.63534,-0.01674
-0.31658,-0.82257,-0.02982
-0.01811,-0.46717,-0.00992
-0.48323,-0.78437,-0.03207
-0.48207,-0.70885,-0.03242
-0.17957,-0.61559,-0.01880
-0.39135,-1.29089,-0.03502
-0.29742,-0.64167,-0.02233
-0.45983,-0.83092,-0.03460
-0.28368,-0.65997,-0.02296
-0.22395,-0.98895,-0.02783
-0.40150,-1.50446,-0.03808
-0.37212,-0.88374,-0.02951
-0.51626,-0.42345,-0.02870
-0.50585,-1.15428,-0.03655
-0.42352,-0.60153,-0.02640
-0.44250,-1.17032,-0.04141
-0.27928,-0.55038,-0.01869
-0.48820,-0.74110,-0.03062
-0.40102,-0.54569,-0.02472
-0.62289,-0.78603,-0.04462
-0.52643,-1.46159,-0.05313
-0.16469,-0.53610,-0.01568
-0.53313,-0.91477,-0.04108
-0.56829,-1.15314,-0.03755
-0.32592,-0.81138,-0.02539
-0.43539,-0.60946,-0.03014
-0.47384,-0.73573,-0.03342
-0.39587,-1.24787,-0.03268
-0.64594,-0.96883,-0.04404
-0.30061,-0.68961,-0.02001
-0.55911,-0.49454,-0.03476
-0.33740,-0.85890,-0.03037
-0.19992,-0.38476,-0.01379
-0.27841,-0.63738,-0.02267
-0.44728,-0.69989,-0.02979
-0.67068,-0.84345,-0.04312
-0.46670,-1.37545,-0.03550
-0.26523,-1.00964,-0.02909
-0.53000,-0.70087,-0.02521
-0.38506,-1.12049,-0.02961
-0.20874,-0.98053,-0.02424
-0.41430,-0.87657,-0.03385
-0.73593,-1.06935,-0.04425
-0.45056,-0.55756,-0.03091
-0.55970,-1.32507,-0.04017
-0.51224,-1.02458,-0.04009
-0.34652,-1.05903,-0.03636
-0.13146,-0.72786,-0.01978
-0.36310,-0.55416,-0.02682
-0.31370,-1.21015,-0.03347
-0.37033,-0.75612,-0.02589
-0.55113,-1.60746,-0.04251
-0.35582,-0.55156,-0.02241
-0.37235,-0.95010,-0.03391
-0.65755,-0.84198,-0.04386
-0.10407,-0.62318,-0.01558
-0.44619,-1.02801,-0.03097
-0.48140,-1.00660,-0.03956
-0.24340,-0.90706,-0.02573
-0.20023,-0.95323,-0.02210
-0.35409,-1.15065,-0.03225
-0.50015,-0.41131,-0.02690
-0.40674,-0.85739,-0.02946
-0.37806,-0.93871,-0.02670
-0.32348,-0.94052,-0.02941
-0.46267,-0.82325,-0.03177
-0.57326,-1.03200,-0.04527
-0.31265,-0.98971,-0.02981
-0.09469,-1.10178,-0.01923
-0.10806,-0.70854,-0.02045
-0.20191,-0.62284,-0.02304
-0.38486,-1.00891,-0.03727
-0.68966,-0.53981,-0.03024
-0.38875,-0.49111,-0.02561
-0.62468,-0.88076,-0.04479
-0.45006,-0.78208,-0.02967
-0.48694,-0.72636,-0.02971
-0.22522,-0.69798,-0.02088
-0.17428,-1.08437,-0.02819
-0.38184,-0.86673,-0.02455
-0.62091,-1.41683,-0.04233
-0.30805,-0.83816,-0.02819
-0.29712,-0.86466,-0.02726
-0.27580,-0.91083,-0.03010
-0.61923,-0.89034,-0.04276
-0.48945,-0.61549,-0.03298
-0.47819,-0.76035,-0.03502
-0.65448,-1.26304,-0.04728
-0.38949,-0.34836,-0.02382
-0.10860,-1.29683,-0.02350
-0.30941,-1.01748,-0.02834
-0.40980,-0.72416,-0.02788
-0.33198,-0.59100,-0.02397
-0.15087,-1.03739,-0.02557
-0.36620,-0.91523,-0.02863
-0.30575,-0.87177,-0.02696
-0.67029,-1.00128,-0.03026
-0.31285,-0.77991,-0.02920
-0.25563,-1.02678,-0.02515
-0.41405,-0.49357,-0.02585
-0.29226,-0.93794,-0.02647
-0.41255,-0.71538,-0.02388
-0.24146,-1.13453,-0.03293
-0.22469,-0.71896,-0.02022
-0.26134,-0.78586,-0.02756
-0.41169,-0.44652,-0.02329
0.01624,-0.51105,-0.00603
-0.18196,-0.67134,-0.02149
-0.46817,-0.49879,-0.02419
-0.57887,-1.08086,-0.04299
-0.27087,-0.65761,-0.01777
-0.62001,-1.25166,-0.04816
-0.31243,-0.99150,-0.03079
-0.24374,-0.86117,-0.02503
-0.34854,-0.85122,-0.03007
-0.46559,-1.07922,-0.03715
-0.60751,-1.09770,-0.03905
-0.29996,-0.97600,-0.03123
-0.38515,-0.92323,-0.03265
-0.45583,-0.88941,-0.03360
-0.57318,-1.26575,-0.03932
-0.49079,-0.65406,-0.02963
-0.38397,-0.39528,-0.02300
-0.74106,-0.88878,-0.03771
-0.37619,-0.86770,-0.03030
-0.50742,-0.73524,-0.02849
-0.34553,-0.72875,-0.01908
-0.26101,-1.83236,-0.03773
-0.32469,-0.89588,-0.02361
-0.73719,-0.79012,-0.03816
-0.52053,-0.21518,-0.02523
-0.29702,-0.60391,-0.02402
-0.22512,-0.24128,-0.01412
-0.43030,-0.92379,-0.03086
-0.12612,-1.10033,-0.02362
-0.27189,-0.81338,-0.02048
-0.31632,-0.50469,-0.01969
-0.59901,-0.51239,-0.03876
-0.26205,-0.76397,-0.02660
-0.05487,-0.73478,-0.01287
-0.49383,-0.79136,-0.03827
-0.41040,-0.96340,-0.03493
-0.35856,-1.21105,-0.03858
-0.49712,-1.43113,-0.04083
-0.39971,-0.58257,-0.02447
-0.63449,-0.38978,-0.03080
-0.63152,-0.55789,-0.04100
-0.51650,-0.80469,-0.03437
-0.20163,-0.94475,-0.03026
-0.45045,-0.59932,-0.02506
-0.34885,-0.47773,-0.02494
-0.38997,-1.29671,-0.03584
-0.78743,-0.98446,-0.04404
-0.52484,-0.88589,-0.04145
-0.65763,-0.94223,-0.03529
-0.54489,-0.95943,-0.04291
-0.74091,-0.97722,-0.05276
-0.15701,-0.86834,-0.02124
-0.57139,-0.65933,-0.03840
-0.27348,-0.53909,-0.02199
-0.07249,-0.75720,-0.01871
-0.35249,-1.03614,-0.03802
-0.32656,-0.21669,-0.01776
-0.21331,-1.34605,-0.01999
-0.38597,-0.60197,-0.02278
-0.32166,-1.42602,-0.03873
-0.53382,-0.85947,-0.04048
-0.50237,-0.79871,-0.03860
-0.23491,-0.90455,-0.02579
-0.39139,-0.57953,-0.02447
-0.45236,-0.81443,-0.03652
-0.34204,-1.03682,-0.03526
-0.13573,-0.77835,-0.02018
-0.42563,-0.79278,-0.03382
-0.25693,-0.78494,-0.02286
-0.43491,-1.50537,-0.04266
-0.52544,-0.24331,-0.02784
-0.40992,-0.64624,-0.02948
-0.10174,-1.01081,-0.01721
-0.21539,-0.86503,-0.02407
-0.54061,-0.65362,-0.03239
-0.56576,-1.13016,-0.04312
-0.38141,-0.72199,-0.02965
-0.47639,-0.73633,-0.02865
-0.39524,-1.05571,-0.03803
-0.36925,-0.89026,-0.03570
-0.54700,-1.03520,-0.03688
-0.58605,-0.83783,-0.04042
-0.70831,-1.33575,-0.04243
-0.37613,-1.12870,-0.03277
-0.15426,-0.54885,-0.01535
-0.40983,-1.04536,-0.03710
-0.16036,-0.77287,-0.02141
-0.14814,-0.88980,-0.02091
-0.25037,-0.99635,-0.02499
-0.34967,-0.88346,-0.03079
-0.47212,-1.17381,-0.04194
-0.66895,-0.64504,-0.03793
-0.45530,-0.62801,-0.03126
-0.29357,-0.95293,-0.02697
-0.06444,-0.77164,-0.01906
-0.43095,-1.31635,-0.03698
-0.47502,-0.81831,-0.03394
-0.28273,-0.70228,-0.02879
-0.33568,-1.14776,-0.03306
-0.43205,-0.87882,-0.02740
-0.38678,-1.09960,-0.03748
-0.27833,-0.25612,-0.01747
-0.29173,-1.22371,-0.03314
-0.27283,-0.48293,-0.02044
-0.42052,-0.86838,-0.03070
-0.44181,-0.95797,-0.03286
-0.34000,-1.11095,-0.03376
-0.37930,-0.83708,-0.03165
-0.30810,-0.88898,-0.02748
-0.39396,-0.67992,-0.02792
-0.24092,-1.01396,-0.02424
-0.22393,-0.41233,-0.01258
-0.60753,-0.49469,-0.02900
-0.24370,-0.67021,-0.02356
-0.67215,-1.08302,-0.03653
-0.37463,-1.13561,-0.03160
-0.55437,-0.70736,-0.03154
-0.65403,-0.65601,-0.03927
-0.48282,-0.51033,-0.03062
-0.35314,-0.73734,-0.03023
-0.09897,-0.51031,-0.01098
-0.30173,-0.69417,-0.02379
-0.62444,-1.13158,-0.04988
-0.64275,-0.84481,-0.03410
-0.66704,-0.56377,-0.03804
-0.21111,-1.02608,-0.03080
-0.56731,-0.71612,-0.03125
-0.39201,-0.79867,-0.03141
-0.55939,-0.92153,-0.04014
-0.46489,-0.69207,-0.03293
-0.49156,-0.90840,-0.03927
-0.22195,-0.54976,-0.01965
-0.32655,-0.46902,-0.02247
-0.54314,-1.17534,-0.03743
-0.32360,-1.13572,-0.02733
-0.29346,-0.73664,-0.02829
-0.21206,-0.94529,-0.02703
-0.34883,-1.04682,-0.03010
-0.28952,-1.03208,-0.03326
-0.55124,-0.64637,-0.02716
-0.28315,-0.75583,-0.02100
-0.67890,-0.38560,-0.03622
-0.31113,-0.36660,-0.01846
-0.32031,-0.99972,-0.03178
-0.33329,-1.02300,-0.03361
-0.10865,-1.14802,-0.02277
-0.67321,-0.88799,-0.03745
-0.38759,-1.35026,-0.03706
-0.17088,-0.98095,-0.02266
-0.81525,-1.14368,-0.05042
-0.62427,-0.80374,-0.04026
-0.21673,-0.71027,-0.02139
-0.34208,-0.96997,-0.02596
-0.49720,-1.12587,-0.04560
-0.63047,-1.31210,-0.03357
-0.58260,-1.07338,-0.03708
-0.21032,-0.79444,-0.02358
-0.23748,-0.60927,-0.02245
-0.41770,-1.13118,-0.03229
-0.45720,-0.41560,-0.02955
-0.74321,-1.75985,-0.04477
-0.56702,-0.97815,-0.03236
-0.27347,-0.97962,-0.02843
-0.32671,-0.78631,-0.02418
-0.46629,-0.69132,-0.03452
-0.44928,-0.66685,-0.02908
-0.39741,-1.28892,-0.02954
-0.34238,-1.09986,-0.02795
-0.44816,-0.77968,-0.03362
-0.30437,-0.53338,-0.01957
-0.43730,-0.86365,-0.03404
-0.48159,-1.08037,-0.03561
-0.43484,-0.70880,-0.03219
-0.15828,-0.57006,-0.01438
-0.30250,-0.97526,-0.02983
-0.44885,-1.08650,-0.04172
-0.46648,-0.61624,-0.03286
-0.30805,-0.58625,-0.02478
-0.12030,-0.83163,-0.01390
-0.33828,-0.34307,-0.02296
-0.27386,-0.87133,-0.02462
-0.05787,-0.64176,-0.01146
-0.48897,-0.65290,-0.02749
-0.21405,-0.88449,-0.02017
-0.28983,-0.55495,-0.02076
-0.16852,-0.83002,-0.02427
-0.37212,-1.39820,-0.03469
-0.28625,-0.95737,-0.02620
-0.61946,-1.39059,-0.05717
-0.39896,-0.96272,-0.03059
-0.71648,-1.10605,-0.04949
-0.35629,-0.61804,-0.02490
-0.56683,-1.00691,-0.03984
-0.25653,-0.94613,-0.02028
-0.53326,-1.21765,-0.04665
-0.31890,-1.18776,-0.02943
-0.44140,-0.76609,-0.02756
-0.37812,-1.18138,-0.03138
-0.52592,-1.16796,-0.04504
-0.11307,-0.94552,-0.01844
-0.26432,-1.02274,-0.03026
-0.37138,-0.87258,-0.02765
-0.24422,-1.20985,-0.03451
-0.40094,-1.31968,-0.04137
-0.53618,-0.77188,-0.03727
-0.49980,-0.95772,-0.03173
-0.29552,-1.02807,-0.02803
-0.50302,-0.86361,-0.03439
-0.56079,-1.43706,-0.04902
-0.28683,-0.89785,-0.02860
-0.38382,-0.88274,-0.02562
-0.23949,-0.94516,-0.02878
-0.24142,-0.87620,-0.02418
-0.33610,-1.23391,-0.03541
-0.26475,-0.67050,-0.02141
-0.45383,-0.48007,-0.02443
-0.76732,-1.06728,-0.04825
-0.23571,-0.73987,-0.02376
-0.19175,-1.01264,-0.02293
-0.48880,-0.91106,-0.03762
-0.42011,-1.07432,-0.03694
-0.45953,-1.13104,-0.03412
-0.20288,-1.11426,-0.02553
-0.24801,-0.83180,-0.02449
-0.38433,-0.53387,-0.02612
-0.20976,-0.38657,-0.01288
-0.26718,-0.76376,-0.02384
-0.62195,-0.78999,-0.03343
-0.43212,-0.77347,-0.02984
-0.47670,-1.50160,-0.04332
-0.23412,-0.65963,-0.02407
-0.35952,-0.86777,-0.02894
-0.20628,-0.36482,-0.01419
-0.52391,-0.69833,-0.03605
-0.47319,-0.93431,-0.03665
-0.39811,-1.02232,-0.03726
-0.33306,-0.81136,-0.02905
-0.39821,-0.93019,-0.03180
-0.42984,-1.17591,-0.02879
-0.16404,-0.71194,-0.02033
-0.58055,-0.81043,-0.03229
-0.16459,-1.31973,-0.02883
-0.23408,-0.75773,-0.01958
-0.54096,-0.64564,-0.03794
-0.55039,-0.22184,-0.02634
-0.58128,-0.87575,-0.03844
-0.59503,-0.84572,-0.03681
-0.31570,-1.05452,-0.03373
-0.23549,-1.36179,-0.02342
-0.38337,-1.16657,-0.03739
-0.41990,-0.41982,-0.02544
-0.40454,-0.65379,-0.02822
-0.22050,-0.85019,-0.02566
-0.70463,-1.04284,-0.04324
-0.17111,-0.78297,-0.02247
-0.41498,-0.64841,-0.02406
-0.34966,-1.61583,-0.03555
-0.74675,-1.13728,-0.04789
-0.34159,-0.76451,-0.02850
-0.54392,-0.74300,-0.04014
-0.36445,-0.57632,-0.02184
-0.01855,-0.72199,-0.01122
-0.25150,-0.92938,-0.02646
-0.31542,-0.78411,-0.02662
-0.38071,-1.10387,-0.02879
-0.20867,-1.15995,-0.03237
-0.45158,-1.01190,-0.03922
-0.11300,-1.03374,-0.02300
-0.41738,-0.97222,-0.03098
-0.25237,-0.58296,-0.01712
-0.27978,-0.65232,-0.02019
-0.60703,-0.82840,-0.03572
-0.29110,-0.76358,-0.02455
-0.21743,-0.48166,-0.01643
-0.31035,-0.74454,-0.02101
-0.43956,-0.97670,-0.03092
-0.19592,-0.87655,-0.02447
-0.49620,-0.88773,-0.03080
-0.54257,-0.72829,-0.03371
-0.43184,-0.95423,-0.02735
-0.18062,-0.93029,-0.02126
-0.08556,-0.65639,-0.01493
-0.37596,-0.66018,-0.02812
-0.27145,-0.83861,-0.02888
-0.18492,-0.76362,-0.02128
-0.43488,-1.04643,-0.02837
-0.54582,-1.10181,-0.03411
-0.62710,-1.28795,-0.04595
-0.13699,-0.50261,-0.01762
-0.30930,-0.02777,-0.01459
-0.37246,-0.38357,-0.02073
-0.47332,-0.48663,-0.03193
-0.24231,-1.18626,-0.02452
-0.33551,-0.57239,-0.02563
-0.38879,-1.01033,-0.02607
-0.57805,-1.33373,-0.04162
-0.17961,-1.33460,-0.02945
-0.38011,-0.15982,-0.01890
-0.59998,-0.86154,-0.02800
-0.48648,-0.34855,-0.02833
-0.36051,-1.72532,-0.03861
-0.09737,-1.05534,-0.02290
-0.37083,-0.66331,-0.03171
-0.41626,-0.29375,-0.02453
-0.32344,-0.48171,-0.02066
-0.23600,-1.03139,-0.02206
-0.49692,-0.82545,-0.03685
-0.50199,-0.51303,-0.02852
-0.36040,-0.76717,-0.02859
-0.33947,-0.77465,-0.02851
-0.64354,-0.91770,-0.03372
-0.62110,-0.31577,-0.02832
-0.51952,-1.05507,-0.04448
-0.49721,-1.00170,-0.03728
-0.43537,-1.10634,-0.03726
-0.35102,-0.88930,-0.02940
-0.66795,-0.63246,-0.04213
-0.40098,0.03377,-0.01581
-0.75774,-1.04372,-0.04703
-0.47724,-0.33512,-0.02936
-0.22674,-0.95407,-0.02445
-0.31503,-0.73807,-0.02500
-0.18886,-0.87791,-0.02497
-0.25411,-1.18855,-0.02326
-0.22780,-0.50166,-0.02080
-0.02577,-0.67523,-0.01157
-0.46753,-0.73209,-0.02474
-0.49351,-0.67254,-0.03472
-0.42356,-0.42623,-0.02742
-0.23945,-0.51449,-0.01741
-0.39908,-0.67147,-0.02753
-0.35332,-1.52742,-0.03478
-0.29083,-1.24066,-0.02868
-0.35271,-0.93096,-0.03280
-0.28493,-0.81468,-0.02680
-0.22735,-1.20018,-0.03051
-0.58462,-1.10093,-0.04645
-0.43889,-0.57062,-0.02734
-0.41572,-0.78654,-0.02959
-0.19514,-0.53025,-0.01935
-0.52829,-0.65146,-0.02977
-0.49463,-1.16258,-0.03792
-0.32285,-0.96406,-0.03016
-0.32430,-1.07355,-0.03520
-0.38428,-0.53273,-0.02867
-0.31197,-0.95791,-0.03165
-0.53786,-1.33661,-0.03865
-0.39668,-1.13588,-0.03561
-0.25823,-0.65448,-0.02020
-0.33988,-0.83077,-0.02903
-0.36314,-0.56870,-0.02614
-0.17318,-0.67411,-0.01675
-0.10901,-0.46853,-0.00979
-0.31918,-1.02195,-0.02039
-0.37290,-0.71393,-0.02980
-0.34880,-0.73094,-0.03153
-0.19403,-1.07948,-0.02791
-0.36348,-0.81916,-0.02878
-0.31190,-0.61688,-0.02434
-0.20901,-0.57292,-0.01917
-0.39333,-0.67560,-0.02852
-0.42918,-0.69209,-0.02500
-0.41282,-0.71990,-0.02825
-0.72848,-0.93686,-0.04009
-0.58010,-0.62690,-0.03656
-0.21595,-0.55378,-0.01797
-0.50667,-1.35931,-0.03964
-0.43715,-0.48406,-0.02917
-0.54859,-0.59477,-0.03862
-0.68832,-1.13658,-0.03949
-0.17674,-0.81706,-0.01848
-0.15078,-0.49544,-0.01453
-0.26197,-0.09684,-0.01512
-0.39019,-0.52403,-0.02690
-0.36790,-0.92523,-0.03454
-0.35031,-0.80586,-0.02638
-0.68186,-1.03421,-0.03913
-0.68706,-0.72625,-0.04304
-0.28513,-0.85064,-0.02340
-0.28554,-1.23433,-0.02729
-0.54478,-1.30398,-0.04121
-0.31155,-1.01323,-0.02844
-0.37145,-0.90823,-0.02600
-0.43620,-0.67841,-0.02524
-0.55231,-1.02639,-0.03816
-0.36891,-0.52894,-0.02811
-0.52729,-1.07754,-0.04061
-0.38873,-0.76530,-0.02753
-0.66101,-0.65426,-0.04082
-0.58386,-1.10049,-0.03964
-0.30050,-0.82430,-0.02595
-0.49027,-0.77319,-0.03835
-0.22012,-0.90919,-0.02658
-0.43327,-1.15800,-0.03202
-0.33419,-0.88065,-0.02986
-0.39048,-0.52164,-0.02753
-0.54447,-0.76497,-0.02718
-0.47107,-0.81242,-0.03151
-0.28514,-0.45786,-0.02117
-0.27285,-0.57781,-0.02222
-0.43053,-0.73844,-0.02907
-0.41726,-0.95067,-0.03457
-0.31468,-0.32832,-0.01978
-0.63695,-0.80584,-0.03518
-0.62880,-1.52169,-0.04375
-0.22317,-0.34015,-0.01388
-0.32331,-0.73457,-0.02302
-0.42072,-0.93111,-0.03723
-0.19848,-0.88184,-0.01932
-0.31161,-1.12554,-0.03171
-0.32008,-0.65472,-0.02774
-0.32839,-0.38593,-0.02450
-0.51974,-0.77456,-0.03502
-0.17304,-0.38188,-0.01624
-0.24828,-0.64545,-0.02274
-0.44823,-1.21786,-0.03442
-0.24670,-1.20098,-0.03051
-0.20671,0.13437,-0.00750
-0.42371,-0.97183,-0.03747
-0.57934,-0.63895,-0.03513
-0.18345,-1.37560,-0.03309
-0.32255,-0.32812,-0.02140
-0.75486,-1.02401,-0.03954
-0.24997,-0.89356,-0.02337
-0.50729,-0.88185,-0.03883
-0.26114,-0.97872,-0.02634
-0.36295,-1.13517,-0.03624
-0.37956,-1.02828,-0.03253
-0.41048,-0.30490,-0.02244
-0.27368,-0.86274,-0.02839
-0.43538,-0.72733,-0.03089
-0.54039,-0.70937,-0.03004
-0.38902,-1.04295,-0.02950
-0.09900,-0.73511,-0.01851
-0.07022,-0.87808,-0.01721
-0.49439,-0.89565,-0.03808
-0.23870,-1.10346,-0.02365
-0.53388,-1.34391,-0.04098
-0.62887,-0.65295,-0.03662
-0.15889,-0.23248,-0.01304
-0.48383,-0.66989,-0.03171
-0.68321,-0.36184,-0.02988
-0.29019,-1.11521,-0.02714
-0.68793,-0.80981,-0.04844
-0.46298,-0.92309,-0.03543
-0.54768,-0.41129,-0.02524
-0.58836,-0.66531,-0.03591
-0.28501,-0.71194,-0.02063
-0.48109,-0.80291,-0.02911
-0.17644,-0.61338,-0.01905
-0.10737,-0.48525,-0.01182
-0.30435,-1.26328,-0.03751
-0.51756,-0.55933,-0.02772
-0.20452,-0.47179,-0.01749
-0.42390,-0.87612,-0.03021
-0.52612,-1.07444,-0.04295
-0.19626,-0.21113,-0.01264
-0.38669,-0.88918,-0.02701
-0.24923,-0.61835,-0.02244
-0.49349,-0.75261,-0.03279
-0.10355,-0.91614,-0.01885
-0.60246,-1.16717,-0.04538
-0.28506,-0.89709,-0.02890
-0.29489,-0.75010,-0.02548
-0.08703,-1.19166,-0.02205
-0.64647,-0.69497,-0.03982
-0.31032,-0.73255,-0.02725
-0.27197,-0.43041,-0.01996
-0.39849,-0.93656,-0.02835
-0.35012,-0.21600,-0.01637
-0.46358,-1.50775,-0.04655
-0.19893,-0.72043,-0.01665
-0.35832,-0.51141,-0.02562
-0.33582,-0.64747,-0.02714
-0.49341,-0.74690,-0.03259
-0.41314,-0.84329,-0.02600
-0.35334,-1.28230,-0.03155
-0.25542,-1.21101,-0.02935
-0.37850,-0.97008,-0.03310
-0.24471,-0.88943,-0.02393
-0.19222,-0.90270,-0.02036
-0.29817,-0.92046,-0.03013
-0.47762,-0.87319,-0.03128
-0.43207,-0.15193,-0.02430
-0.79959,-0.54114,-0.03955
-0.47156,-0.39238,-0.03124
-0.35391,-0.69595,-0.02777
-0.41328,-0.83742,-0.03090
-0.33879,-1.33536,-0.03744
-0.26082,-1.02491,-0.03217
-0.44732,-1.24200,-0.03943
-0.41762,-0.80528,-0.02682
-0.38433,-0.77815,-0.02656
-0.58660,-0.86097,-0.03157
-0.40159,-0.77990,-0.02259
-0.58096,-0.51953,-0.03237
-0.62081,-0.74687,-0.04028
-0.61817,-0.53833,-0.03927
-0.20672,-0.65026,-0.02049
-0.50087,-1.14836,-0.03324
-0.17121,-0.55717,-0.01633
-0.50560,-1.29052,-0.04792
-0.75556,-0.72493,-0.03571
-0.45388,-1.10200,-0.02890
-0.38883,-0.73716,-0.02799
-0.21017,-0.67922,-0.02244
-0.44608,-0.63701,-0.03430
-0.51072,-1.52620,-0.04360
-0.36032,-0.71509,-0.02434
-0.51221,-0.58393,-0.03242
-0.43596,-0.87512,-0.03116
-0.35264,-0.50436,-0.02626
-0.48075,-0.62227,-0.03083
-0.44662,-0.97594,-0.03796
-0.19924,-0.60442,-0.01718
-0.30198,-0.60224,-0.02225
-0.49641,-0.27567,-0.02289
-0.40690,-0.52243,-0.02381
-0.47844,-0.50904,-0.03324
-0.32401,-0.94981,-0.02637
-0.49878,-0.79963,-0.03554
-0.14781,-0.67793,-0.02029
-0.35459,-0.88898,-0.03343
-0.84808,-0.72986,-0.04418
-0.39178,-1.18461,-0.03612
-0.39517,-0.83321,-0.02665
-0.42178,-0.68618,-0.03057
-0.49846,-1.21366,-0.03920
-0.51741,-1.17847,-0.04023
-0.52854,-1.19687,-0.04382
-0.28494,-0.57241,-0.02565
-0.27766,-0.66193,-0.01915
-0.34600,-0.56945,-0.02505
-0.24337,-0.79918,-0.02551
-0.24490,-1.07651,-0.02663
-0.33037,-1.12387,-0.03724
-0.51984,-0.46385,-0.03159
-0.72130,-0.54042,-0.04002
-0.33437,-0.82218,-0.02669
-0.49225,-0.54018,-0.02725
-0.42242,-0.60369,-0.03041
-0.38114,-0.55534,-0.02446
-0.31116,-0.70758,-0.02125
-0.66789,-1.02992,-0.04893
-0.50334,-1.10704,-0.04256
-0.47707,-0.60467,-0.03104
-0.50110,-0.96464,-0.03583
-0.61336,-1.29553,-0.04514
-0.39373,-1.04412,-0.03508
-0.32259,-1.16762,-0.03060
-0.23826,-1.05020,-0.02376
-0.62177,-1.16401,-0.04063
-0.06388,-0.49466,-0.01222
-0.25602,-0.77791,-0.02348
-0.22483,-1.06057,-0.02688
-0.56089,-0.69027,-0.03640
-0.35200,-0.42055,-0.02426
-0.19555,-0.52848,-0.02067
-0.44566,-1.09693,-0.03203
-0.32204,-0.80827,-0.02636
-0.35016,-1.21167,-0.03662
-0.45219,-1.41708,-0.03275
-0.35860,-0.54397,-0.02308
-0.40698,-0.55495,-0.02090
-0.38870,-1.06840,-0.03232
-0.50983,-0.80569,-0.03921
-0.27680,-1.49797,-0.03248
-0.40387,-1.12064,-0.04069
-0.51920,-0.29582,-0.02485
-0.55030,-0.76556,-0.03799
-0.26974,-0.69450,-0.02540
-0.34414,-1.13759,-0.03593
-0.46960,-0.86781,-0.02793
-0.35025,-1.20285,-0.03927
-0.46522,-1.31744,-0.04034
-0.17863,-0.56231,-0.01734
-0.56926,-0.57617,-0.02851
-0.24076,-1.26853,-0.02625
-0.22784,-1.08999,-0.03162
-0.08483,-1.24147,-0.02148
-0.42655,-1.13352,-0.03245
-0.57465,-0.63933,-0.03040
-0.40418,-0.68051,-0.02325
-0.45073,-0.47402,-0.02600
-0.16979,-1.02248,-0.02731
-0.46755,-0.62517,-0.03538
-0.47163,-0.66712,-0.03432
-0.24898,-0.92925,-0.03121
-0.37611,-0.77869,-0.03067
-0.29868,-0.40228,-0.02093
-0.37817,-0.63106,-0.02871
-0.35677,-0.39855,-0.02467
-0.28657,-0.80945,-0.02336
-0.43929,-0.80579,-0.03350
-0.30223,-0.72749,-0.02855
-0.42733,-0.41873,-0.02634
-0.33682,-0.85132,-0.02639
-0.62425,-0.80955,-0.04239
-0.38538,-0.78032,-0.02905
-0.35087,-0.75288,-0.02698
-0.43734,-0.87074,-0.03555
-0.72216,-1.39361,-0.04210
-0.07317,-0.63623,-0.01700
-0.22036,-1.09403,-0.02822
-0.29700,-0.47481,-0.01870
-0.20934,-1.06235,-0.02774
-0.57542,-0.52139,-0.03694
-0.34987,-0.87995,-0.03426
-0.48360,-0.75228,-0.03460
-0.38325,-0.99947,-0.02705
-0.47575,-0.66513,-0.03251
-0.44903,-0.53578,-0.02617
-0.36417,-1.24182,-0.03030
-0.48158,-0.65661,-0.02409
-0.34045,-0.77329,-0.02833
-0.46592,-0.52843,-0.02941
-0.43817,-1.22779,-0.04259
-0.36931,-0.94442,-0.03578
-0.41963,-0.74129,-0.03340
-0.64649,-0.92489,-0.04280
-0.43174,-1.00847,-0.02969
-0.47153,-0.99465,-0.03226
-0.37524,-1.28567,-0.03564
-0.28364,-0.90229,-0.02946
-0.35986,-0.56170,-0.02342
-0.30757,-0.52334,-0.02102
-0.47382,-0.60898,-0.02802
-0.67556,-1.07013,-0.03715
-0.37560,-0.96211,-0.03164
-0.14687,-0.53235,-0.01583
-0.45140,-1.21775,-0.03738
-0.32654,-0.41041,-0.02378
-0.25146,-0.95203,-0.03206
-0.14493,-0.68778,-0.01734
-0.29970,-1.43481,-0.03765
-0.25647,-0.77412,-0.02605
-0.31986,-0.57470,-0.02038
-0.31739,-0.67025,-0.02484
-0.31422,-0.53317,-0.02462
-0.38455,-0.80539,-0.02913
-0.30828,-1.23513,-0.03634
-0.78918,-0.90581,-0.04022
-0.37446,-0.74166,-0.02861
-0.41972,-1.20512,-0.04075
-0.84044,-0.85124,-0.04966
-0.52418,-1.88014,-0.03438
0.14650,-1.01620,-0.00928
0.01273,-0.87514,-0.01270
-0.11237,-0.96950,-0.02124
-0.43298,-0.73996,-0.03606
-0.48160,-0.84564,-0.03554
-0.52572,-0.31989,-0.03060
-0.88827,-1.31540,-0.05542
-0.27877,-0.70146,-0.02569
-0.17755,-0.76283,-0.01897
-0.38981,-1.02173,-0.03461
-0.63213,-0.86275,-0.03309
-0.31599,-0.74373,-0.02480
-0.42960,-0.98307,-0.02912
-0.57974,-0.61109,-0.03647
-0.57800,-1.32880,-0.04862
-0.26977,-0.72923,-0.02844
-0.22776,-0.75958,-0.01842
-0.33381,-1.00351,-0.02809
-0.34368,-0.84528,-0.03047
-0.31850,-0.52436,-0.02356
-0.14550,-0.52117,-0.01385
-0.53334,-0.61379,-0.03070
-0.25354,-1.06184,-0.02213
-0.30032,-0.95883,-0.02524
-0.07309,-0.85169,-0.01706
-0.28517,-0.53070,-0.02271
-0.29781,-0.97871,-0.02725
-0.29676,-0.64025,-0.02185
-0.33891,-0.28400,-0.01889
-0.49702,-1.09993,-0.03742
-0.25879,-0.17343,-0.01180
-0.31899,-0.87355,-0.03078
-0.51390,-0.76835,-0.02727
-0.64966,-0.70527,-0.03836
-0.50581,-0.64055,-0.03147
-0.48259,-0.87961,-0.03391
-0.37654,-0.77232,-0.02357
-0.58160,-1.00117,-0.03507
-0.31833,-0.87827,-0.02765
-0.36207,-1.21948,-0.03274
-0.45817,-0.91590,-0.02916
-0.42393,-0.89754,-0.03513
-0.29345,-1.17016,-0.03300
-0.34568,-1.26170,-0.02518
-0.49945,-0.97194,-0.04220
-0.53626,-0.69036,-0.03441
-0.23612,-0.88035,-0.02591
-0.46847,-0.68561,-0.03345
-0.38552,-1.04057,-0.03768
-0.32706,-1.30261,-0.03358
-0.15211,-0.79691,-0.01586
-0.55439,-1.11310,-0.04059
-0.46708,-0.64865,-0.03541
-0.65170,-0.73157,-0.03570
-0.32225,-1.11557,-0.03112
-0.46833,-0.77494,-0.03196
-0.43753,-1.01951,-0.03704
-0.32832,-0.91323,-0.02507
-0.22713,-0.33959,-0.01623
-0.54322,-0.27375,-0.02890
-0.26760,-1.07829,-0.03034
-0.27328,-0.77871,-0.02849
-0.27306,-0.69263,-0.02533
-0.41589,-1.04660,-0.03308
-0.15880,-1.08090,-0.02098
-0.53338,-0.98173,-0.04060
-0.36148,-0.97364,-0.02464
-0.42214,-0.89447,-0.03190
-0.17471,-0.95433,-0.02546
-0.10473,-0.89529,-0.02031
-0.32557,-1.28538,-0.03267
-0.31052,-0.19925,-0.01946
-0.23482,-1.23058,-0.03360
-0.42831,-0.77492,-0.02675
-0.35159,-1.24301,-0.03211
-0.16388,-1.28148,-0.03035
-0.53035,-0.82319,-0.03230
-0.49160,-0.69018,-0.03354
-0.55903,-1.34058,-0.04481
-0.35851,-0.79359,-0.02604
-0.39579,-1.23022,-0.04108
-0.41221,-0.85920,-0.02960
-0.47282,-1.16221,-0.04409
-0.38956,-0.80432,-0.02949
-0.42223,-1.04534,-0.04157
-0.31792,-1.05220,-0.02700
-0.34036,-0.49616,-0.02384
-0.48203,-0.83863,-0.03481
-0.23365,-1.05295,-0.02561
-0.30762,-0.79782,-0.02312
-0.20707,-0.86806,-0.02047
-0.45290,-0.51401,-0.02665
-0.31317,-0.55153,-0.01949
-0.15002,-0.89678,-0.01754
-0.48992,-0.55186,-0.03056
-0.58902,-0.73378,-0.03649
-0.23102,-0.86593,-0.02840
-0.30911,-0.72499,-0.02527
-0.22685,-0.37796,-0.01753
-0.35471,-0.93751,-0.02817
-0.24199,-1.27832,-0.03136
-0.29602,-0.90632,-0.02343
-0.38041,-0.85151,-0.02929
-0.55855,-1.04801,-0.03462
-0.27112,-1.18456,-0.03292
-0.44858,-0.70602,-0.02539
-0.28227,-0.22983,-0.01937
-0.44142,-1.34591,-0.04052
-0.17031,-1.02962,-0.02524
-0.36675,-0.40953,-0.02247
-0.28562,-0.93538,-0.02465
-0.38367,-0.43672,-0.02112
-0.55767,-1.12028,-0.03419
-0.46160,-0.93522,-0.03856
-0.21533,-0.53443,-0.01988
-0.29518,-0.87150,-0.02825
-0.24423,-0.69562,-0.02102
-0.54781,-0.36938,-0.03149
-0.18016,-1.49441,-0.03250
-0.26279,-0.46548,-0.01770
-0.07448,-1.18719,-0.02311
-0.27845,-0.62605,-0.02449
-0.29657,-1.10221,-0.02749
-0.47070,-0.47917,-0.02951
-0.35343,-1.32453,-0.03979
-0.35316,-0.66054,-0.02641
-0.45952,-0.86677,-0.03735
-0.47804,-0.80129,-0.03285
-0.45969,-1.01523,-0.03722
-0.33143,-1.79634,-0.03350
-0.39610,-1.03862,-0.03700
-0.30334,-1.07011,-0.02617
-0.29332,-0.82862,-0.02941
-0.51627,-0.74539,-0.03464
-0.40820,-0.34915,-0.02468
-0.36045,-0.66567,-0.02434
-0.59165,-0.46316,-0.03343
-0.87144,-1.25448,-0.05719
-0.15521,-0.78595,-0.01878
-0.50115,-0.97598,-0.03739
-0.44080,-1.33784,-0.03879
-0.19622,-0.79739,-0.02645
-0.18807,-0.42219,-0.01413
-0.61024,-0.89608,-0.03652
-0.43200,-1.45050,-0.03871
-0.42747,-0.89015,-0.03135
-0.40223,-0.82506,-0.03014
-0.14756,-1.08029,-0.02234
-0.27889,-0.81127,-0.02286
-0.62168,-0.97343,-0.04369
-0.46860,-0.87871,-0.03551
-0.26604,-0.95995,-0.02405
-0.52518,-1.18608,-0.03411
-0.17942,-0.51248,-0.01971
-0.41490,-0.93887,-0.03692
-0.49921,-0.75122,-0.03570
-0.68961,-0.81871,-0.04770
-0.36381,-0.90479,-0.03060
-0.49288,-1.02490,-0.03534
-0.31194,-0.70002,-0.02622
-0.46693,-0.72094,-0.03055
-0.46236,-0.65921,-0.02746
-0.41571,-1.08142,-0.03969
-0.31055,-0.74161,-0.02936
-0.64042,-0.98100,-0.04837
-0.61891,-0.72898,-0.04074
-0.44182,-0.82233,-0.03091
-0.17564,-0.65071,-0.01832
-0.45881,-0.95601,-0.02740
-0.41551,-0.91922,-0.02926
-0.33841,-0.79784,-0.02384
-0.19787,-0.62616,-0.02081
-0.49381,-1.59204,-0.03901
-0.60633,-1.36960,-0.05128
-0.44562,-0.41673,-0.02560
-0.54084,-1.26791,-0.03533
-0.49450,-0.48243,-0.02791
-0.57066,-1.09893,-0.04284
-0.24741,-0.56653,-0.01956
-0.37432,-1.04058,-0.03204
-0.74179,-0.89507,-0.04545
-0.88941,-0.99990,-0.04294
-0.34705,-0.63430,-0.02267
-0.05191,-0.82871,-0.01427
-0.14808,-1.02471,-0.02476
-0.44234,-1.41416,-0.03084
-0.50186,-0.47346,-0.03156
-0.48082,-1.05080,-0.04374
-0.44374,-0.66618,-0.03279
-0.38082,-0.80093,-0.03115
-0.42293,-1.32867,-0.03343
-0.30037,-0.73121,-0.02740
-0.40053,-0.79979,-0.02837
-0.57737,-0.87376,-0.04230
-0.35365,-1.11753,-0.03764
-0.38800,-0.56319,-0.02755
-0.17502,-0.69858,-0.02350
-0.58653,-0.78489,-0.03446
-0.24943,-0.52310,-0.01721
-0.57160,-0.96428,-0.03686
-0.53107,-0.75564,-0.04133
-0.63340,0.29537,-0.01812
-0.20140,-0.55082,-0.02127
0.05358,-0.89867,-0.01266
-0.40103,-0.54407,-0.02700
-0.29205,-0.68930,-0.02637
-0.54821,-1.19959,-0.04627
-0.60032,-1.07548,-0.04251
-0.55079,-0.70593,-0.03073
-0.57058,-0.97930,-0.03650
-0.13969,-0.84184,-0.01738
-0.43542,-0.89913,-0.03045
-0.60386,-0.72340,-0.04329
-0.33375,-1.14834,-0.03712
-0.51126,-0.55204,-0.03531
-0.57684,-0.94509,-0.04440
-0.52984,-0.63901,-0.03844
-0.22540,-1.04963,-0.03004
-0.00623,-0.27035,-0.00648
-0.23456,-1.24237,-0.02873
-0.59604,-0.68299,-0.03300
-0.48116,-0.93297,-0.03746
-0.44990,-1.21199,-0.04019
-0.49256,-1.04914,-0.04030
-0.26646,-0.64897,-0.01957
-0.13990,-0.73367,-0.01934
-0.58516,-0.81946,-0.04122
-0.45086,-0.85840,-0.03252
-0.17511,-0.76106,-0.01942
-0.39704,-0.71627,-0.03092
-0.39502,-0.84619,-0.03054
-0.31765,-0.47223,-0.02100
-0.48668,-0.56719,-0.02685
-0.29718,-0.56697,-0.02254
-0.15522,-0.64299,-0.01596
-0.35167,-1.17224,-0.03272
-0.28361,-1.08307,-0.02866
-0.54197,-1.28345,-0.03931
-0.29995,-0.97797,-0.02379
-0.43895,-1.25426,-0.03746
-0.36769,-0.84266,-0.02489
-0.06481,-0.28417,-0.00782
-0.33654,-0.68819,-0.02564
-0.01877,-0.93376,-0.01228
-0.30030,-0.65123,-0.02559
-0.53323,-0.53443,-0.03343
-0.32786,-0.29185,-0.02203
-0.25319,-0.68135,-0.02689
-0.41395,-0.32061,-0.02201
-0.40402,-0.85364,-0.02817
-0.74777,-0.70407,-0.03800
-0.38222,-1.06421,-0.03164
-0.19064,-0.71482,-0.02241
-0.21589,-0.92714,-0.02610
-0.35059,-0.35982,-0.02362
-0.23659,-0.99094,-0.02239
-0.29410,-1.07619,-0.02596
-0.20262,-0.49894,-0.01568
-0.27084,-0.67727,-0.02364
-0.46611,-0.72219,-0.02876
-0.57444,-0.27126,-0.03224
-0.38974,-1.42039,-0.03253
-0.41345,-0.95631,-0.03548
-0.36872,-0.61821,-0.02524
-0.32246,-0.85797,-0.02772
-0.32968,-0.66174,-0.02502
-0.45929,-1.01553,-0.02958
-0.46611,-1.00274,-0.03974
-0.51025,-1.06053,-0.02733
-0.35210,-1.28922,-0.02479
-0.50663,-0.75045,-0.03319
-0.04009,-0.70945,-0.01580
-0.54431,-1.22846,-0.04131
-0.60232,-1.22719,-0.04723
-0.50371,-0.75716,-0.03690
-0.37347,-0.64751,-0.02230
-0.20595,-1.40882,-0.03266
-0.31899,-0.50794,-0.02031
-0.31005,-0.45292,-0.02189
-0.45788,-1.18768,-0.04278
-0.61983,-1.34290,-0.04001
-0.18283,-0.81656,-0.02325
-0.67392,-1.18664,-0.04036
-0.20741,-0.64271,-0.02105
-0.35589,-0.60187,-0.02732
-0.27121,-0.51507,-0.01973
-0.29032,-0.76917,-0.02739
-0.50191,-1.09547,-0.03509
-0.37878,-0.64912,-0.02321
-0.38091,-1.24208,-0.03338
-0.36785,-0.67264,-0.02709
-0.47811,-0.58430,-0.02855
-0.52592,-0.95800,-0.02937
-0.38591,-0.85265,-0.03613
-0.37974,-0.59162,-0.02783
-0.47215,-0.91103,-0.03700
-0.30517,-1.14441,-0.03740
-0.21779,-0.67483,-0.01986
-0.25910,-1.20287,-0.03255
-0.42278,-0.65468,-0.03166
-0.11538,-0.88251,-0.01659
-0.39765,-0.36921,-0.02417
-0.51924,-0.55888,-0.02608
-0.25755,-1.01333,-0.02439
-0.37312,-0.86824,-0.03203
-0.47075,-1.05617,-0.04068
-0.26384,-0.49323,-0.01965
-0.28457,-1.18180,-0.02614
-0.43810,-0.87162,-0.03105
-0.42351,-0.75273,-0.03288
-0.12734,-0.69719,-0.01788
-0.16246,-0.50022,-0.01834
-0.18322,-0.52755,-0.01589
-0.29456,-1.06441,-0.03156
-0.37783,-0.66475,-0.02842
-0.10203,-0.77489,-0.01434
-0.25560,-0.74523,-0.02461
-0.32084,-0.80882,-0.02573
-0.25287,-1.13480,-0.03098
-0.51327,-1.07680,-0.03494
-0.04375,-1.34233,-0.01880
-0.60145,-0.96456,-0.04583
-0.62830,-1.13668,-0.03753
-0.32017,-1.09341,-0.03310
-0.42713,-1.30563,-0.04121
-0.62208,-0.93502,-0.03306
-0.35817,-0.88444,-0.03157
-0.48039,-0.82861,-0.02866
-0.49334,-1.33495,-0.03458
-0.27963,-1.22744,-0.03103
-0.57120,-0.63093,-0.03422
-0.43354,-1.37810,-0.03614
-0.62700,-1.11348,-0.03712
-0.58615,-0.86045,-0.03733
-0.26720,-0.96432,-0.02806
-0.29639,-0.49536,-0.02323
-0.39465,-0.86512,-0.02876
-0.43025,-0.58674,-0.03204
-0.71917,-1.28762,-0.04047
-0.50072,-0.51165,-0.02437
-0.54792,-1.08196,-0.03774
-0.24866,-0.94733,-0.02169
-0.28189,-1.71379,-0.03491
-0.15881,-0.37681,-0.01390
-0.22178,-1.21664,-0.02737
-0.50399,-0.98258,-0.03986
-0.29098,-0.58493,-0.02492
-0.72922,-1.12543,-0.05089
-0.43693,-1.09713,-0.03248
-0.55923,-0.67292,-0.03454
-0.32065,-0.77460,-0.03002
-0.43297,-0.98743,-0.03201
-0.47026,-1.07327,-0.03089
-0.19674,-0.75575,-0.01903
-0.34478,-0.76249,-0.02825
-0.25867,-0.55481,-0.02444
-0.43431,-1.00666,-0.02901
-0.05964,-1.38837,-0.01690
-0.18362,-0.86401,-0.02009
-0.43566,-0.68775,-0.02839
-0.78769,-0.74885,-0.04076
-0.53565,-0.42158,-0.02930
-0.46303,-1.26839,-0.03587
-0.30110,-0.95265,-0.03376
-0.36453,-0.51235,-0.02502
-0.40810,-1.41016,-0.03740
-0.42293,-0.98796,-0.02814
-0.42451,-0.61374,-0.02483
-0.41011,-1.12436,-0.03368
-0.33045,-0.80650,-0.02807
-0.27578,-0.74167,-0.02595
-0.26591,-0.52941,-0.02339
-0.23252,-1.48264,-0.02849
-0.28295,-0.90251,-0.02613
-0.56847,-1.07633,-0.03726
-0.39553,-1.13779,-0.02935
-0.27981,-0.71871,-0.02422
-0.28375,-0.84631,-0.03107
-0.29889,-0.91666,-0.03107
-0.40865,-0.59062,-0.02600
-0.61337,-1.37631,-0.05217
-0.32052,-1.20926,-0.02682
-0.03882,-0.33817,-0.00968
-0.26760,-0.64762,-0.02283
-0.23786,-0.91627,-0.02576
-0.51921,-0.74743,-0.03544
-0.46365,-0.80645,-0.03562
-0.27104,-1.21970,-0.03203
-0.59945,-0.90579,-0.04137
-0.20611,-0.46548,-0.01627
-0.30293,-0.80224,-0.02134
-0.33391,-0.89510,-0.02911
-0.22884,-0.99414,-0.02796
-0.31765,-0.98536,-0.03170
-0.45620,-0.70714,-0.03114
-0.21028,-0.59998,-0.01837
-0.37299,-0.88717,-0.03404
-0.56150,-1.52373,-0.05189
-0.20091,-0.78029,-0.01770
-0.23039,-0.46389,-0.01733
-0.09840,-0.47394,-0.01339
-0.38324,-0.49604,-0.02534
-0.49739,-0.93535,-0.03793
-0.61399,-1.08300,-0.03677
-0.33200,-1.25912,-0.03295
-0.66872,-1.25072,-0.03908
-0.91149,-0.66702,-0.03976
-0.52925,-0.69745,-0.03514
-0.56998,-0.56914,-0.02982
-0.33543,-1.21600,-0.03700
-0.42702,-0.66521,-0.02912
-0.34837,-1.00497,-0.02693
-0.27207,-0.84146,-0.02507
-0.29063,-0.93053,-0.02928
-0.51553,-1.26905,-0.04222
-0.55286,-1.10576,-0.04001
-0.77178,-0.52861,-0.03778
-0.21855,-0.71816,-0.02197
-0.50801,-1.24356,-0.03920
-0.38516,-0.67591,-0.02593
-0.51342,-1.46891,-0.03765
-0.33252,-0.85048,-0.02500
-0.32730,-0.87935,-0.03324
-0.58075,-0.45401,-0.03033
-0.24640,-0.49804,-0.02050
-0.55892,-0.97985,-0.03004
-0.33402,-0.65740,-0.02447
-0.39304,-0.65198,-0.02917
-0.29099,-0.72760,-0.02243
-0.45087,-0.97727,-0.03852
-0.45107,-0.70686,-0.03195
-0.44560,-0.67155,-0.02691
-0.42813,-0.32256,-0.02516
-0.45745,-0.83118,-0.03622
-0.38625,-0.93176,-0.02832
-0.17815,-0.85956,-0.02554
-0.55433,-0.78362,-0.03547
-0.27359,-0.88147,-0.02860
-0.26192,-0.48248,-0.01781
-0.68870,-0.67706,-0.03605
-0.29521,-0.76194,-0.03066
-0.33958,-0.29231,-0.02170
-0.49509,-0.66470,-0.03066
-0.35073,-0.67808,-0.02715
-0.42886,-0.30075,-0.02150
-0.24063,-0.61681,-0.02084
-0.50139,-1.13061,-0.03829
-0.42143,-0.96567,-0.03210
-0.47953,-1.04850,-0.03355
-0.42677,-0.95111,-0.04031
-0.35637,-0.58240,-0.02105
-0.46468,-1.12066,-0.03908
-0.48324,-0.45608,-0.02663
-0.31516,-0.67130,-0.02603
-0.47911,-0.98320,-0.03948
-0.56074,-1.01421,-0.03649
-0.33634,-0.81253,-0.02946
-0.37248,-0.30249,-0.02015
-0.30669,-1.15951,-0.02873
-0.44256,-1.16774,-0.03177
-0.33045,-1.00754,-0.02901
-0.70072,-0.17588,-0.02751
-0.29850,-0.89453,-0.02164
-0.42702,-0.82812,-0.03441
-0.55412,-1.04982,-0.04588
-0.40223,-1.05203,-0.03866
-0.52282,-1.25423,-0.03642
-0.42042,-0.84895,-0.02846
-0.38160,-0.64356,-0.02299
-0.13761,-1.15931,-0.02740
-0.26508,-0.72612,-0.02235
-0.01094,-0.92522,-0.01621
-0.33639,-0.89018,-0.03321
-0.48388,-0.54051,-0.03098
-0.42890,-1.86299,-0.04291
-0.19636,-0.63246,-0.02293
-0.40976,-0.85298,-0.03033
-0.64675,-1.22252,-0.03656
-0.24669,-0.95686,-0.02114
-0.39491,-0.97462,-0.03169
-0.33313,-1.09387,-0.02784
-0.69502,-1.21737,-0.05297
-0.63890,-0.82794,-0.04255
-0.28760,-0.43502,-0.02094
-0.57815,-0.53007,-0.02925
-0.21726,-0.55409,-0.02103
-0.27281,-1.00919,-0.03270
-0.48129,-0.96096,-0.03734
-0.30920,-0.93871,-0.02468
-0.47212,-0.38900,-0.02258
-0.59309,-1.20332,-0.03982
-0.21478,-1.04052,-0.02555
-0.39078,-1.08116,-0.03296
-0.12513,-0.57546,-0.01677
-0.14155,-0.81752,-0.01557
-0.39435,-0.94960,-0.02819
-0.02165,-1.02626,-0.01867
-0.26501,-0.87011,-0.02390
-0.54921,-0.52628,-0.03186
-0.46607,-0.82346,-0.03124
-0.26372,-0.87417,-0.02335
-0.39564,-0.82390,-0.03151
-0.52082,-0.71032,-0.03357
-0.40583,-0.66730,-0.02805
-0.35275,-0.77514,-0.02896
-0.61262,-0.72787,-0.03251
-0.47900,-0.69362,-0.03272
-0.44194,-0.69969,-0.03393
-0.59288,-0.92528,-0.04508
-0.53539,-1.35333,-0.04620
-0.54749,-0.70259,-0.03672
-0.62246,-1.71060,-0.04369
-0.62919,-0.60958,-0.03773
-0.25711,-1.19619,-0.02523
-0.62774,-0.80952,-0.03824
-0.32110,-1.07298,-0.03467
-0.19793,-0.72049,-0.02101
-0.32715,-0.84126,-0.02875
-0.37003,-0.50070,-0.02207
-0.60416,-0.74356,-0.03676
-0.46734,-0.45209,-0.02900
-0.71626,-0.77614,-0.03799
-0.18844,-0.58094,-0.01499
-0.63806,-1.01124,-0.03882
-0.48350,-0.84428,-0.03391
-0.49765,-0.85543,-0.03755
-0.00657,-0.70669,-0.00967
-0.45798,-0.82221,-0.03427
-0.32572,-0.69215,-0.02340
-0.59999,-0.60663,-0.04100
-0.31378,-1.10571,-0.02534
-0.58508,-1.01624,-0.04450
-0.55061,-0.88099,-0.04082
0.01751,-0.42629,-0.00765
-0.26311,-0.68723,-0.02443
-0.36606,-0.60630,-0.02894
-0.24325,-0.65615,-0.02478
-0.48562,-1.06930,-0.04098
-0.38266,-0.74204,-0.02987
-0.34467,-1.03034,-0.02755
-0.30583,-0.67544,-0.01996
-0.49071,-0.75773,-0.03782
-0.54543,-0.62968,-0.03096
-0.55798,-1.41150,-0.04763
-0.40906,-0.52980,-0.03051
-0.53585,-1.01706,-0.03291
-0.51765,-0.81764,-0.03091
-0.59173,-1.03686,-0.03915
-0.38964,-0.63523,-0.03110
-0.48564,-1.08599,-0.03981
-0.40851,-0.69133,-0.03107
-0.32398,-0.86194,-0.02744
-0.48290,-1.15317,-0.03611
-0.65246,-1.13994,-0.04517
-0.41459,-0.56101,-0.02683
-0.47461,-0.89977,-0.03244
-0.28996,-1.18808,-0.03593
-0.65353,-0.83082,-0.03729
-0.52438,-1.29437,-0.04286
-0.61850,-1.08159,-0.04165
-0.40635,-1.08332,-0.02953
-0.58779,-1.08612,-0.04391
-0.40947,-0.36396,-0.02361
-0.30614,-0.66838,-0.02464
-0.37953,-1.67663,-0.03453
-0.27903,-0.81645,-0.02730
-0.47309,-0.84634,-0.03847
-0.23987,-0.96172,-0.02357
-0.42292,-1.25696,-0.03370
-0.58865,-0.76782,-0.03142
-0.03523,-0.94910,-0.01571
-0.47728,-0.84670,-0.02838
-0.40857,-0.44330,-0.02306
-0.56912,-0.83305,-0.03215
-0.19432,-0.20092,-0.01356
-0.50833,-0.82822,-0.03882
-0.40527,-0.46120,-0.01774
-0.21366,-0.60765,-0.01834
-0.53254,-0.83424,-0.03384
-0.26797,-1.35097,-0.03005
-0.35646,-0.53849,-0.02604
-0.57455,-0.80155,-0.03555
-0.52220,-1.19991,-0.04021
-0.54079,-0.53326,-0.03332
-0.40269,-0.57727,-0.02842
-0.45836,-0.67830,-0.03579
-0.65132,-0.94914,-0.04197
-0.53515,-0.75968,-0.03683
-0.56032,-0.92098,-0.04098
-0.28224,-0.21165,-0.01721
-0.36599,-0.69149,-0.02585
-0.39998,-1.07060,-0.03189
-0.84164,-1.24197,-0.04281
-0.29181,-1.08960,-0.02720
-0.12386,-0.79550,-0.01798
-0.44151,-0.53172,-0.02436
-0.54984,-0.46691,-0.02797
-0.20560,-0.57509,-0.01720
-0.13104,-1.01471,-0.02296
-0.38141,-0.63049,-0.02183
-0.46713,-1.39179,-0.04021
-0.58967,-0.85772,-0.03427
-0.54439,-1.09884,-0.03878
-0.47635,-0.40121,-0.02403
-0.22239,-0.73572,-0.02374
-0.35385,-0.48823,-0.02287
-0.15543,-0.91524,-0.02118
-0.35235,-1.07709,-0.03448
-0.27448,-0.88350,-0.02353
-0.30884,-0.36948,-0.02136
-0.41238,-0.92515,-0.03264
-0.08424,-0.92115,-0.01982
-0.33704,-0.86909,-0.03324
-0.24087,-0.41738,-0.02058
-0.43348,-0.97801,-0.03750
-0.27043,-1.03787,-0.02810
-0.34488,-0.86012,-0.02732
-0.52852,-0.90482,-0.03362
-0.63564,-1.11212,-0.04095
-0.38864,-0.55615,-0.02768
-0.28824,-0.77968,-0.02504
-0.43626,-1.18712,-0.03977
-0.55393,-1.20021,-0.04371
-0.47804,-0.75457,-0.03668
-0.26042,-0.80402,-0.02821
-0.32202,-0.54388,-0.02414
-0.41669,-0.30184,-0.02249
-0.34053,-0.89101,-0.03313
-0.38443,-1.15983,-0.03466
-0.56936,-0.58558,-0.03784
-0.20696,-0.77426,-0.01886
-0.24102,-1.07780,-0.02249
-0.16931,-1.36041,-0.02328
-0.51773,-0.89102,-0.03846
-0.38678,-0.62455,-0.02719
-0.35493,-1.52673,-0.03956
-0.43480,-0.51593,-0.02906
-0.56503,-1.09667,-0.04433
-0.55479,-0.58238,-0.02722
-0.33697,-0.74605,-0.02701
-0.29006,-0.97681,-0.02895
-0.43547,-1.04332,-0.03871
-0.39961,-1.57220,-0.03398
-0.18760,-1.07116,-0.02096
-0.20954,-0.75357,-0.02205
-0.60233,-0.74057,-0.03157
-0.40411,-0.80666,-0.03540
-0.59247,-0.97844,-0.04191
-0.27621,-1.05188,-0.02847
-0.57691,-0.54471,-0.03317
-0.49400,-0.86633,-0.03383
-0.33055,-1.19934,-0.03021
-0.35806,-0.95923,-0.03262
-0.35818,-0.50630,-0.02534
-0.42743,-1.10088,-0.04153
-0.31864,-0.72433,-0.02661
-0.22371,-0.99123,-0.03150
-0.15463,-0.78922,-0.01700
-0.58323,-0.47477,-0.03172
-0.27312,-0.73640,-0.02183
-0.35016,-1.20650,-0.02835
-0.49848,-0.50236,-0.02584
-0.39469,-0.55436,-0.02817
-0.40972,-0.53639,-0.02768
-0.35875,-0.85191,-0.02337
-0.19554,-1.13281,-0.02542
-0.34065,-0.54941,-0.02235
-0.44427,-0.46034,-0.02475
-0.41197,-0.43749,-0.02663
-0.47365,-1.24776,-0.03296
-0.46630,-0.47350,-0.02994
-0.29092,-0.72713,-0.02335
-0.42662,-0.59597,-0.03310
-0.42095,-0.97244,-0.03919
-0.21855,-1.30557,-0.02714
-0.52667,-1.19939,-0.04517
-0.48123,-0.52270,-0.03086
-0.36302,-0.43520,-0.01996
-0.28218,-0.68795,-0.02533
-0.50344,-0.91326,-0.03582
-0.32316,-0.89674,-0.03112
-0.27609,-0.79584,-0.02607
-0.10739,-0.96751,-0.01745
-0.47486,-0.70925,-0.03276
-0.34843,-0.94209,-0.03022
-0.37368,-0.49362,-0.02607
-0.24733,-0.60019,-0.01913
-0.54141,-0.71434,-0.04002
-0.48533,-0.60964,-0.02861
-0.37466,-0.89665,-0.02557
-0.29816,-0.49695,-0.01836
-0.30397,-0.86080,-0.02659
-0.28463,-0.58153,-0.02201
-0.53648,-1.14032,-0.03538
-0.07890,-0.65358,-0.01190
-0.24218,-1.00238,-0.02811
-0.29983,-1.08552,-0.03206
-0.56393,-0.58016,-0.02863
-0.27638,-0.85557,-0.02548
-0.25243,-0.88748,-0.03017
-0.20893,-0.51113,-0.01469
-0.36980,-1.19875,-0.03015
-0.53863,-1.25647,-0.04280
-0.45877,-0.49122,-0.02502
-0.36607,-0.65443,-0.02807
-0.39657,-1.40239,-0.03253
-0.55955,-0.64601,-0.03208
-0.37997,-0.96370,-0.03270
-0.30426,-0.87630,-0.02726
-0.35003,-1.01706,-0.03449
-0.28211,-0.54810,-0.02150
-0.27682,-0.67063,-0.02190
-0.57888,-0.71785,-0.03939
-0.58952,-0.36020,-0.02406
-0.48527,-0.96760,-0.03780
-0.67066,-0.43079,-0.03402
-0.30360,-0.69719,-0.02094
-0.14397,-0.74723,-0.02092
-0.44547,-0.63392,-0.02623
-0.46330,-0.75489,-0.03573
-0.39102,-1.17412,-0.03757
-0.42807,-0.76884,-0.02745
-0.23850,-1.16579,-0.03328
-0.58191,-1.04361,-0.03727
-0.12243,-0.89956,-0.02149
-0.27961,-0.72333,-0.02028
-0.54078,-0.79000,-0.03054
-0.48687,-0.88506,-0.03222
-0.17514,-1.10741,-0.02665
-0.73482,-0.87971,-0.03553
-0.17006,-0.61656,-0.01583
-0.59673,-1.00927,-0.04232
-0.46047,-0.99384,-0.03747
-0.32343,-0.84954,-0.02639
-0.31887,-0.55657,-0.02104
-0.41370,-1.22704,-0.03452
-0.40577,-0.55484,-0.02294
-0.44549,-0.18309,-0.01811
-0.02780,-0.80880,-0.01726
-0.35360,-1.17973,-0.03685
-0.45989,-1.01258,-0.04162
-0.14493,-1.21114,-0.02049
-0.24255,-0.74164,-0.02300
-0.23542,-1.23803,-0.02654
-0.07361,-0.72598,-0.01544
-0.39809,-0.77372,-0.02576
-0.47944,-0.76473,-0.03118
-0.38464,-1.12314,-0.03840
-0.27454,-0.67499,-0.02021
-0.40494,-1.18889,-0.03622
-0.15155,-0.49765,-0.01473
-0.14253,-0.93872,-0.02065
-0.35548,-1.37888,-0.03344
-0.42975,-1.13352,-0.03467
-0.60197,-0.58821,-0.03622
-0.42942,-1.07986,-0.04103
-0.23594,-1.02713,-0.02457
-0.08337,-0.73806,-0.01513
-0.23860,-1.26801,-0.03057
-0.72225,-1.39428,-0.04221
-0.26121,-0.88181,-0.02567
-0.53769,-0.89217,-0.02736
-0.34710,-0.55832,-0.02525
-0.26146,-0.91190,-0.02878
-0.23898,-0.44136,-0.01778
-0.43993,-1.04456,-0.03046
-0.33472,-1.03310,-0.02902
-0.68136,-0.42882,-0.02758
-0.14036,-1.36667,-0.02665
-0.29732,-1.09577,-0.03037
-0.49036,-1.45162,-0.03738
-0.00899,-0.55398,-0.00991
-0.41787,-0.59330,-0.01979
-0.17500,-0.73923,-0.02030
-0.27433,-1.16909,-0.03168
-0.40291,-1.28150,-0.03320
-0.07291,-1.05181,-0.01725
-0.37674,-0.39895,-0.02344
-0.30414,-1.23657,-0.03368
-0.23632,-0.67092,-0.02047
-0.38817,-0.79557,-0.02910
-0.41790,-0.37846,-0.02465
-0.42212,-0.99688,-0.03636
-0.29247,-0.73824,-0.02000
-0.29339,-0.91961,-0.03331
-0.40697,-0.77449,-0.03003
-0.53386,-1.39813,-0.04345
-0.43777,-1.05746,-0.03693
-0.13016,-0.71257,-0.01801
-0.22819,-0.82284,-0.02317
-0.40220,-0.93003,-0.03495
-0.20509,-0.95495,-0.02693
-0.43208,-1.15707,-0.03997
-0.53188,-0.68614,-0.03630
-0.52114,-1.29138,-0.04346
-0.36454,-0.49024,-0.02692
-0.33957,-1.20144,-0.03400
-0.47551,-1.02106,-0.02975
-0.22006,-1.11951,-0.02318
-0.45192,-0.72909,-0.03123
-0.22998,-0.70909,-0.02095
-0.59359,-0.60433,-0.03214
-0.34153,-0.92292,-0.02587
-0.43527,-1.28983,-0.03783
-0.27061,-0.51617,-0.01762
-0.04792,-1.22628,-0.02311
-0.08635,-1.06508,-0.02275
-0.35872,-1.08607,-0.03933
-0.40463,-0.92381,-0.02820
-0.52252,-1.09361,-0.04018
-0.31229,-0.46875,-0.02287
-0.52954,-0.51809,-0.03343
-0.16166,-0.04263,-0.00959
-0.10561,-1.00271,-0.01963
-0.48346,-1.30432,-0.04257
-0.15088,-1.39542,-0.02614
-0.44875,-1.32927,-0.04145
-0.28012,-0.56065,-0.02232
-0.30394,-1.27871,-0.03574
-0.23678,-1.03659,-0.02558
-0.35905,-0.82801,-0.02466
-0.34811,-0.69561,-0.02833
-0.44708,-1.07824,-0.03624
-0.54097,-1.19337,-0.04814
-0.40020,-1.38070,-0.03109
-0.38313,-0.56714,-0.02569
-0.35970,-0.84408,-0.03017
-0.33756,-0.64881,-0.02113
-0.49637,-1.18230,-0.04102
-0.31216,-0.82344,-0.02907
-0.24167,-0.52777,-0.01944
-0.49757,-1.02645,-0.03786
-0.24811,-0.94880,-0.02399
-0.46930,-0.74501,-0.02938
-0.27307,-0.78521,-0.02649
-0.14542,-0.43418,-0.01691
-0.23142,-0.72130,-0.02242
-0.65201,-1.36429,-0.04575
-0.38520,-0.58808,-0.02607
-0.43429,-0.70369,-0.02893
-0.41016,-0.73132,-0.02398
-0.50636,-0.94407,-0.03868
-0.42475,-0.76972,-0.02652
-0.37820,-0.93579,-0.02962
-0.50230,-0.89836,-0.03798
-0.52598,-0.79534,-0.03317
-0.70133,-0.55742,-0.03567
-0.41998,-0.95677,-0.03691
-0.48248,-0.72495,-0.03203
-0.28623,-0.95920,-0.03158
-0.33485,-0.91299,-0.02518
-0.36523,-0.35003,-0.01854
-0.38629,-1.25299,-0.03121
-0.30209,-0.75654,-0.02686
-0.30824,-0.68847,-0.02358
-0.34054,-0.70557,-0.02609
-0.02042,-0.62780,-0.01154
-0.52864,-0.71685,-0.02625
-0.16525,-1.04220,-0.02386
-0.25088,-0.69523,-0.02167
-0.49380,-1.01345,-0.02690
-0.44487,-0.82540,-0.03429
-0.47056,-1.33843,-0.03990
-0.44071,-0.69605,-0.03262
-0.31965,-0.55334,-0.02651
-0.35641,-1.17773,-0.03363
-0.38062,-0.94609,-0.02512
-0.25821,-0.75311,-0.02622
-0.47608,-0.72634,-0.03146
-0.51286,-1.12504,-0.03466
-0.16524,-0.57466,-0.01915
-0.43259,-1.01295,-0.03377
-0.41565,-0.53747,-0.03120
-0.35122,-0.64949,-0.02348
-0.33405,-1.07826,-0.02654
-0.30516,-0.64516,-0.02314
-0.51401,-0.83917,-0.03578
-0.36598,-1.35498,-0.04047
-0.22447,-0.71573,-0.02614
-0.24017,-1.34844,-0.02490
-0.58651,-0.58761,-0.03308
-0.52826,-0.80650,-0.03864
-0.50551,-0.90727,-0.03064
-0.52989,-1.21721,-0.04240
-0.41467,-0.99566,-0.03310
-0.34815,-1.16558,-0.03219
-0.49289,-1.29513,-0.03420
-0.35156,-1.06620,-0.02672
-0.71463,-0.52625,-0.03742
-0.31819,-0.95731,-0.03066
-0.17476,-0.92225,-0.02218
-0.48084,-0.99272,-0.03730
-0.42031,-1.06270,-0.03660
-0.30910,-0.99210,-0.03151
-0.45278,-0.80694,-0.02922
-0.47828,-0.73324,-0.03349
-0.34098,-0.37242,-0.02120
-0.37736,-1.06490,-0.02921
-0.31354,-0.95729,-0.02896
-0.39241,-1.16212,-0.03070
-0.20421,-0.50323,-0.01659
-0.26731,-0.74985,-0.02139
-0.50795,-1.10798,-0.03802
-0.43158,-0.95096,-0.02796
-0.37859,-0.05559,-0.01576
-0.42409,-0.52448,-0.02446
-0.22001,-0.35962,-0.01621
-0.32630,-0.52920,-0.02240
-0.61150,-0.50829,-0.02834
-0.33070,-0.69649,-0.02760
-0.24152,-0.39468,-0.01771
-0.31831,-0.63860,-0.02591
-0.51003,-0.96560,-0.03766
-0.42220,-1.26747,-0.03774
-0.33036,-0.46749,-0.02012
-0.31585,-1.41726,-0.03798
-0.21595,-1.45918,-0.02944
-0.24327,-0.78001,-0.02343
-0.41719,-0.48149,-0.02787
-0.41574,-0.85830,-0.02588
-0.67399,-0.78916,-0.04550
-0.32397,-0.50660,-0.02520
-0.44971,-0.55148,-0.03170
-0.70230,-0.81065,-0.03868
-0.81825,-0.85791,-0.04316
-0.54715,-0.85423,-0.03447
-0.24194,-0.56358,-0.02147
-0.55496,-0.68948,-0.03434
-0.17842,-1.18354,-0.02945
-0.53396,-0.79956,-0.03210
-0.28309,-1.14555,-0.02845
-0.54197,-0.79695,-0.04142
-0.30294,-0.94493,-0.02818
-0.40682,-0.53108,-0.02562
-0.49764,-0.42118,-0.02245
-0.06365,-0.98048,-0.01694
-0.19621,-0.79877,-0.02464
-0.24803,-0.66433,-0.01738
-0.39302,-0.52176,-0.02491
-0.53203,-1.07077,-0.03726
-0.06694,-0.50169,-0.01288
-0.33278,-0.37391,-0.01987
-0.32728,-0.99267,-0.02969
-0.28694,-0.79351,-0.02731
-0.49726,-0.82730,-0.03539
-0.32489,-0.49332,-0.02046
-0.74584,-0.48141,-0.04314
-0.53555,-1.12322,-0.04408
-0.75063,-1.01561,-0.04926
-0.24613,-1.15921,-0.02744
-0.42889,-0.72031,-0.02889
-0.65972,-0.95129,-0.03947
-0.82086,-1.11092,-0.05222
-0.10869,-0.76635,-0.01767
-0.18891,-0.54651,-0.01666
-0.03604,-1.07365,-0.01821
-0.28396,-0.75394,-0.02682
-0.37030,-0.83293,-0.02505
-0.41869,-1.02563,-0.03552
-0.38107,-0.93881,-0.03547
-0.24478,-1.12457,-0.03119
-0.43074,-0.24092,-0.02508
-0.42379,-0.68354,-0.02943
-0.06279,-0.77650,-0.01381
-0.56546,-0.81451,-0.03724
-0.63787,-1.47669,-0.04357
-0.52596,-1.06670,-0.03635
-0.30100,-1.55521,-0.03272
-0.49127,-0.70352,-0.03653
-0.41009,-0.83436,-0.02960
-0.34277,-0.78996,-0.02215
-0.42320,-1.24971,-0.04727
-0.31523,-1.11866,-0.03512
-0.29438,-0.50749,-0.02161
-0.24160,-0.69104,-0.01650
-0.31154,-0.60651,-0.02124
-0.26829,-0.38510,-0.01557
-0.52887,-1.28829,-0.03906
-0.35265,-0.79809,-0.02635
-0.12871,-0.76871,-0.02067
-0.64520,-1.31609,-0.03993
-0.34672,-0.86040,-0.02379
-0.26663,-0.60088,-0.01978
-0.36639,-0.54050,-0.02105
-0.17435,-0.79628,-0.01947
-0.64360,-0.89902,-0.03812
-0.18579,-0.97768,-0.02150
-0.65871,-0.87691,-0.03612
-0.34834,-0.88032,-0.02413
-0.36971,-0.81968,-0.02943
-0.58567,-0.67655,-0.03870
-0.25388,-0.65506,-0.02209
-0.45506,-0.67971,-0.02579
-0.26492,-1.03573,-0.03170
-0.34010,-0.86031,-0.03056
-0.52419,-0.65427,-0.02998
-0.73782,-0.83065,-0.03524
-0.77018,-0.92199,-0.04329
-0.30463,-0.92420,-0.02641
-0.44788,-0.52409,-0.02804
-0.54839,-0.29215,-0.03142
-0.64115,-1.48859,-0.04013
-0.33905,-0.49360,-0.02449
-0.45635,-0.52810,-0.03044
-0.38296,-1.24582,-0.03835
-0.19374,-1.00980,-0.02129
-0.30725,-1.02694,-0.03000
-0.40638,-1.18418,-0.04351
-0.31631,-0.40790,-0.02143
-0.34015,-0.61577,-0.02342
-0.33422,-0.62162,-0.02780
-0.58741,-0.74300,-0.03527
-0.42810,-0.67578,-0.03000
-0.60564,-0.90639,-0.03482
-0.39339,-0.70000,-0.02360
-0.29446,-0.56507,-0.02108
-0.36260,-0.98900,-0.03505
-0.13539,-1.36716,-0.02323
-0.44166,-0.40951,-0.02649
-0.68787,-0.76891,-0.03958
-0.48012,-0.99661,-0.03602
-0.28446,-0.92126,-0.02703
-0.16551,-0.57996,-0.01929
-0.52749,-0.90658,-0.03582
-0.20598,-0.80729,-0.01824
-0.77442,-0.75849,-0.03246
-0.17278,-0.25272,-0.01209
-0.32854,-0.85935,-0.02386
-0.66615,-0.86912,-0.04033
-0.50520,-0.47126,-0.02758
-0.42137,-0.40617,-0.02437
-0.36780,-0.42175,-0.02357
-0.76318,-0.91362,-0.04425
-0.24017,-0.46512,-0.01955
-0.21121,-1.19696,-0.03245
-0.60546,-0.82543,-0.03691
-0.27740,-1.17678,-0.02889
-0.28148,-0.65546,-0.01987
-0.70667,-0.80689,-0.05058
-0.31528,-0.86862,-0.03156
-0.43924,-1.10952,-0.03312
-0.32294,-0.41154,-0.02329
-0.51612,-1.18614,-0.04972
-0.21156,-1.24310,-0.03070
-0.31190,-0.47385,-0.02366
-0.29279,-1.14348,-0.02782
-0.17875,-0.92551,-0.02518
-0.33771,-1.36447,-0.03239
-0.74649,-0.96635,-0.04983
-0.28886,-1.00647,-0.03060
-0.36534,-1.25717,-0.03595
-0.35721,-0.18701,-0.01622
-0.48464,-1.26185,-0.04265
-0.40419,-0.80495,-0.02349
-0.31496,-0.45678,-0.01719
-0.15042,-0.71789,-0.01814
-0.39079,-0.54209,-0.02420
-0.37898,-1.13365,-0.02808
-0.01300,-0.79743,-0.01317
-0.24394,-1.07200,-0.02541
-0.17627,-1.49198,-0.03418
-0.18278,-0.74027,-0.02005
-0.39978,-1.19306,-0.03244
-0.61382,-0.39593,-0.02991
-0.42441,-0.71837,-0.02980
-0.67090,-1.06977,-0.04911
-0.26100,-1.45540,-0.03193
-0.40404,-0.78420,-0.03112
-0.44441,-0.47112,-0.03013
-0.21100,-0.03876,-0.01102
-0.26700,-1.12413,-0.03231
-0.43902,-0.97185,-0.03398
0.03559,-1.04284,-0.01227
-0.30004,-0.65499,-0.02298
-0.37495,-1.24657,-0.03435
-0.37059,-0.65500,-0.02673
-0.47190,-1.06610,-0.02985
-0.24975,-1.08494,-0.03283
-0.29497,-0.23117,-0.01680
-0.13877,-0.75279,-0.02253
-0.61141,-1.09513,-0.04541
-0.23438,-0.81003,-0.02507
-0.30939,-0.76431,-0.03039
-0.57869,-0.67120,-0.04004
-0.28897,-0.18031,-0.01264
-0.38630,-1.02008,-0.03702
-0.44367,-1.27105,-0.03599
-0.22174,-0.65292,-0.01881
-0.48180,-0.87339,-0.03528
-0.20643,-0.75826,-0.01971
-0.32273,-0.72917,-0.02689
-0.57248,-0.95899,-0.04077
-0.17779,-0.15228,-0.01037
-0.67021,-1.45061,-0.04683
-0.56503,-1.30114,-0.05106
-0.53334,-1.16619,-0.03856
-0.51887,-0.82968,-0.03641
-0.28178,-1.03219,-0.03029
-0.36355,-0.72386,-0.02516
-0.82638,-0.74983,-0.04011
-0.20910,-1.11984,-0.02383
-0.43544,-0.97575,-0.03687
-0.35691,-0.95654,-0.03077
-0.20188,-0.52886,-0.01880
-0.51812,-1.10018,-0.04152
-0.32739,-1.12802,-0.03566
-0.49907,-0.57933,-0.03367
-0.59205,-0.89211,-0.03536
-0.12726,-0.68713,-0.01657
-0.78712,-0.99994,-0.04280
-0.31802,-1.25655,-0.02978
-0.64798,-1.16530,-0.03820
-0.72609,-1.18981,-0.05835
-0.15840,-0.91613,-0.01798
-0.62633,-1.96787,-0.05069
-0.49057,-1.13108,-0.03590
-0.29869,-0.74359,-0.02617
-0.32046,-1.17585,-0.03221
-0.47306,-1.14117,-0.03150
-0.23302,-1.00641,-0.02506
-0.11955,-0.45198,-0.01158
-0.31853,-1.03984,-0.03215
-0.23195,-0.51085,-0.01907
-0.14885,-0.83273,-0.01844
-0.56413,-0.66139,-0.02866
-0.43051,-0.46459,-0.02904
-0.67506,-0.71299,-0.04171
-0.40920,-0.90080,-0.03604
-0.53354,-0.83881,-0.03807
-0.52721,-0.72071,-0.03853
-0.76556,-1.07531,-0.04131
-0.38171,-0.54541,-0.02229
-0.19104,-0.59495,-0.01770
-0.50315,-0.47911,-0.02754
-0.44360,-0.63877,-0.02718
-0.37321,-1.75525,-0.03789
-0.54133,-1.01359,-0.03676
-0.66076,-1.09531,-0.04779
-0.36163,-1.09471,-0.02772
-0.46283,-0.71904,-0.03298
-0.53061,-0.69022,-0.03608
-0.42992,-0.85795,-0.03299
-0.31902,-0.74029,-0.02345
-0.47031,-1.30637,-0.03461
-0.31718,-1.16906,-0.03403
-0.54778,-1.14012,-0.04048
-0.55603,-0.61703,-0.03373
-0.34172,-0.86926,-0.02719
-0.45878,-1.33961,-0.03536
-0.20206,-0.42950,-0.01390
-0.19208,-0.80950,-0.02410
-0.19875,-0.95244,-0.02310
-0.48749,-0.73780,-0.02361
-0.26865,-0.66853,-0.02649
-0.35328,-1.18576,-0.03735
-0.43671,-0.72792,-0.02981
-0.59710,-0.58062,-0.03332
-0.32644,-1.57905,-0.04114
-0.28798,-0.04601,-0.01335
-0.19289,-1.18552,-0.03078
-0.22085,-1.02459,-0.02664
-0.30704,-0.96158,-0.03231
-0.60048,-1.23235,-0.05104
-0.20536,-0.95322,-0.02712
-0.50123,-1.27233,-0.03712
-0.21825,-0.81371,-0.02306
-0.68437,-0.86028,-0.04232
-0.27464,-1.55936,-0.03636
-0.84518,-1.11040,-0.04796
-0.40302,-0.82570,-0.03514
-0.44733,-1.18205,-0.03368
-0.25841,-0.89838,-0.02961
-0.45089,-0.81780,-0.03018
-0.54162,-0.58395,-0.03306
-0.42356,-0.88406,-0.03654
-0.55750,-0.92668,-0.03653
-0.20641,-1.09267,-0.02944
-0.21355,-0.55787,-0.01645
-0.42015,-1.24709,-0.04477
-0.44246,-0.66278,-0.02683
-0.39698,-0.46001,-0.02525
-0.36710,-0.55974,-0.02774
-0.66866,-1.07835,-0.04254
-0.35317,-0.68927,-0.02114
-0.31506,-1.25709,-0.02843
-0.35174,-0.82501,-0.03247
-0.51483,-1.23762,-0.04170
-0.30822,-0.90255,-0.02426
-0.51883,-0.86685,-0.03578
-0.28380,-1.10875,-0.03132
-0.76090,-0.44860,-0.03361
-0.36364,-0.50549,-0.02448
-0.15961,-0.66525,-0.01731
-0.22568,-0.45850,-0.01899
-0.47268,-1.28632,-0.04035
-0.53273,-0.71054,-0.03575
-0.43466,-0.04547,-0.01592
-0.52674,-1.04974,-0.04313
-0.23577,-0.81414,-0.02808
-0.24160,-0.99277,-0.03175
-0.41597,-0.87229,-0.03029
-0.62178,-0.87578,-0.03877
-0.56156,-0.61042,-0.03566
-0.30342,-0.47020,-0.02454
-0.44110,-0.72407,-0.03084
-0.42082,-1.33728,-0.03483
-0.40360,-0.70834,-0.02724
-0.35861,-0.65214,-0.02282
-0.45814,-0.83953,-0.03562
-0.25334,-0.25809,-0.01651
-0.30859,-0.92908,-0.02955
-0.07175,-0.69677,-0.01407
-0.13209,-0.84366,-0.01867
-0.28687,-0.87802,-0.02755
-0.64297,-0.72937,-0.03015
-0.22459,-0.45930,-0.01725
-0.06100,-0.36235,-0.00952
-0.46922,-0.85426,-0.04042
-0.43565,-0.86942,-0.03416
-0.26136,-1.04986,-0.03313
-0.31978,-0.31054,-0.02046
-0.26254,-1.00103,-0.03036
-0.32995,-0.98160,-0.02871
-0.42465,-0.64971,-0.02694
-0.21036,-0.76471,-0.02134
-0.31579,-0.75518,-0.02461
-0.43120,-0.62604,-0.03158
-0.70378,-1.40957,-0.05721
-0.33302,-0.37786,-0.01944
-0.36031,-1.17519,-0.03449
-0.43675,-0.90124,-0.03129
-0.61919,-0.93993,-0.04424
-0.42383,-0.62162,-0.02924
-0.09289,-0.71365,-0.01356
-0.55491,-1.26048,-0.04588
-0.38503,-0.97758,-0.03569
-0.06109,-1.05316,-0.02184
-0.33140,-0.67889,-0.02301
-0.60730,-0.55877,-0.03128
-0.39745,-0.63192,-0.02544
-0.57757,-0.60622,-0.02968
-0.39808,-0.96153,-0.03179
-0.39276,-0.88042,-0.02614
-0.24744,-0.34003,-0.01783
-0.40723,-0.73372,-0.03119
-0.39354,-0.28861,-0.02044
-0.02425,-0.68017,-0.01207
-0.35779,-1.04575,-0.02941
-0.48488,-0.85180,-0.03562
-0.26257,-0.89780,-0.02781
-0.34576,-0.76653,-0.02446
-0.43630,-1.03657,-0.03180
-0.40559,-0.25860,-0.02300
-0.64205,-1.27303,-0.04365
-0.34738,-0.56228,-0.02268
-0.52195,-1.06239,-0.02821
-0.47112,-1.20471,-0.03851
-0.23023,-0.70930,-0.01959
-0.36371,-0.69213,-0.03075
-0.56280,-0.91502,-0.03897
-0.16553,-1.52638,-0.02892
-0.50358,-0.84352,-0.03427
-0.32731,-0.95472,-0.03141
-0.34868,-0.65563,-0.02953
-0.42929,-0.82152,-0.03676
-0.48789,-0.51588,-0.03103
-0.52389,-0.76519,-0.03383
-0.30562,-1.06460,-0.02468
-0.47297,-0.94229,-0.03860
-0.24754,-1.00323,-0.03167
-0.58878,-0.83045,-0.03654
-0.35593,-0.96726,-0.03351
-0.14928,-0.84361,-0.01792
-0.36373,-0.82688,-0.02501
-0.43340,-1.24216,-0.03475
-0.46332,-0.99529,-0.03343
-0.20186,-0.85860,-0.02037
-0.37813,-0.86880,-0.03011
-0.33299,-0.79534,-0.02919
-0.36488,-0.51662,-0.02009
-0.36044,-0.76286,-0.02294
-0.35567,-0.62241,-0.02888
-0.52744,-0.62166,-0.03542
-0.47907,-0.52308,-0.02838
-0.33061,-0.56673,-0.02460
-0.19920,-0.85979,-0.02272
-0.42799,-1.11503,-0.03882
-0.50325,-1.40188,-0.04135
-0.29485,-0.86433,-0.02446
-0.14888,-0.59532,-0.01812
-0.36605,-0.85173,-0.02406
-0.53150,-1.18152,-0.03477
-0.57087,-0.95737,-0.03914
-0.47625,-0.89864,-0.03015
-0.34270,-0.85524,-0.02968
-0.25055,-0.80576,-0.01876
-0.33571,-0.82100,-0.03220
-0.38606,-0.75425,-0.02695
-0.69775,-0.99185,-0.04283
-0.43594,-0.84277,-0.02379
-0.44266,-0.92577,-0.03747
-0.32583,-0.65598,-0.02692
-0.28889,-0.97849,-0.02746
-0.23301,-0.94294,-0.02257
-0.36141,-0.79379,-0.03198
-0.19872,-0.52397,-0.01470
-0.37985,-0.95137,-0.02786
-0.69700,-1.62325,-0.04582
-0.47319,-0.68725,-0.02805
-0.37143,-0.79261,-0.03037
-0.13338,-1.43611,-0.02579
-0.49077,-0.98279,-0.03842
-0.16542,-0.95192,-0.02342
-0.49015,-1.28264,-0.03871
-0.03829,-0.89157,-0.01592
-0.16015,-0.99369,-0.02403
-0.51656,-1.17148,-0.04208
-0.83887,-0.87455,-0.04427
-0.34528,-1.04707,-0.02904
-0.31705,-1.10112,-0.02653
-0.38888,-0.64846,-0.02920
-0.53652,-0.94388,-0.03777
-0.50196,-0.57885,-0.02928
-0.35331,-1.26699,-0.03374
-0.07891,-0.75406,-0.01602
-0.31967,-0.93396,-0.03174
-0.45094,-1.09274,-0.03781
-0.41680,-0.86889,-0.03603
-0.31819,-0.65442,-0.02337
-0.39592,-0.55193,-0.02798
-0.33453,-0.35285,-0.01733
-0.12429,-1.07873,-0.01942
-0.54132,-0.42179,-0.03003
-0.48736,-0.71326,-0.02303
-0.22603,-0.50606,-0.01783
-0.72121,-1.01102,-0.05302
-0.29057,-0.88665,-0.02194
-0.48043,-0.83885,-0.03731
-0.30823,-0.62865,-0.02364
-0.28826,-1.19347,-0.03210
-0.17836,-0.97915,-0.02501
-0.42675,-0.98452,-0.02819
-0.37432,-0.61169,-0.02736
-0.39445,-0.58583,-0.02171
-0.41721,-1.32952,-0.03642
-0.56176,-1.44927,-0.03948
-0.28302,-1.63459,-0.03583
-0.24542,-0.78039,-0.02287
-0.24175,-0.54975,-0.02156
-0.49695,-1.20615,-0.03982
-0.40351,-0.63967,-0.02619
-0.56545,-0.55436,-0.03422
-0.19502,-0.69336,-0.02086
-0.54991,-0.66685,-0.02875
-0.11842,-0.64165,-0.01369
-0.58975,-0.72080,-0.03735
-0.39356,-0.30543,-0.01735
-0.25517,-0.95941,-0.02581
-0.23510,-1.16274,-0.03274
-0.59294,-0.57355,-0.03554
-0.51760,-0.52026,-0.03378
-0.46126,-0.74575,-0.02805
-0.27347,-1.01050,-0.02710
-0.12552,-1.25057,-0.02758
-0.51970,-1.48607,-0.03835
-0.26007,-1.01037,-0.02687
-0.37961,-0.62509,-0.03022
-0.43535,-0.60525,-0.02962
-0.44146,-1.12604,-0.03193
-0.59865,-0.83866,-0.04020
-0.36824,-1.07503,-0.03855
-0.25820,-0.48927,-0.01955
-0.45528,-0.97988,-0.04211
-0.41649,-0.88405,-0.03104
-0.49904,-1.72445,-0.04296
-0.51577,-0.60466,-0.03394
-0.39989,-0.62931,-0.03092
-0.49070,-1.00999,-0.03310
-0.39351,-1.01343,-0.03612
-0.34944,-0.70992,-0.02802
-0.50840,-0.72723,-0.03567
-0.24020,-1.16988,-0.03069
-0.33747,-0.53351,-0.02558
-0.47342,-0.28089,-0.02165
-0.38584,-0.79378,-0.02819
-0.64710,-1.42821,-0.04405
-0.21366,-0.77356,-0.01788
-0.48149,-0.48296,-0.02512
-0.50951,-0.83652,-0.02938
-0.30812,-0.71745,-0.02281
-0.22840,-0.63895,-0.02024
-0.49365,-0.48557,-0.02598
-0.16655,0.03707,-0.00784
-0.62570,-0.59209,-0.04143
-0.39715,-0.61645,-0.02297
-0.44237,-1.11602,-0.03644
-0.24937,-0.65761,-0.02553
-0.08792,-0.91832,-0.01753
-0.52659,-1.02982,-0.04008
-0.21769,-1.19214,-0.03174
-0.74722,-0.68397,-0.03858
-0.38976,-0.92027,-0.02622
-0.69163,-0.94511,-0.04117
-0.49066,-1.05942,-0.04141
-0.67315,-0.90392,-0.03477
-0.29779,-0.95667,-0.02693
-0.33080,-0.37420,-0.02140
-0.47469,-0.72370,-0.03411
-0.40629,-0.65680,-0.02906
-0.52258,-1.22979,-0.04609
-0.47492,-1.08139,-0.03068
-0.40569,-0.68112,-0.02629
-0.64002,-0.67285,-0.03887
-0.09182,-0.37284,-0.01135
-0.45894,-0.74682,-0.03591
-0.66552,-1.08828,-0.04665
-0.22159,-0.49666,-0.01947
-0.30276,-0.63491,-0.01912
-0.30497,-0.40648,-0.01753
-0.36459,-0.91681,-0.02759
-0.12393,-0.41784,-0.01385
-0.37866,-0.54308,-0.02356
-0.68155,-0.85307,-0.04722
-0.27414,-0.36490,-0.02037
-0.48483,-0.79523,-0.03436
-0.44853,-1.23125,-0.03613
-0.67383,-0.74798,-0.04191
-0.40900,-0.81160,-0.03586
-0.35885,-1.34792,-0.03259
-0.50577,-1.09198,-0.03367
-0.48851,-0.98706,-0.04008
-0.28756,-0.81057,-0.02768
-0.40261,-0.84732,-0.03163
-0.37005,-0.55617,-0.01930
-0.29468,-0.68059,-0.02588
-0.46559,-1.14109,-0.03959
-0.26999,-0.88541,-0.02304
-0.30250,-0.57252,-0.02527
-0.46167,-0.82441,-0.03001
-0.25146,-1.01357,-0.03332
-0.42736,-0.64925,-0.02682
-0.60909,-1.52142,-0.04344
-0.33922,-0.82597,-0.03062
-0.40954,-1.06416,-0.02809
-0.54076,-0.70536,-0.03582
-0.31165,-0.57380,-0.01818
-0.48900,-0.95112,-0.03497
-0.51008,-0.75410,-0.03127
-0.47277,-1.23365,-0.04179
-0.41150,-1.12648,-0.03823
-0.70203,-1.15341,-0.03759
-0.28082,-0.75980,-0.02693
-0.41887,-0.92151,-0.03233
-0.45153,-1.37403,-0.04585
-0.51505,-0.56526,-0.02652
-0.12112,-1.02717,-0.02212
-0.31671,-0.67971,-0.02345
-0.30050,-0.57490,-0.02106
-0.48510,-1.13472,-0.03905
-0.23769,-1.17298,-0.03246
0.05923,-0.47778,-0.00571
-0.42075,-0.34857,-0.02704
-0.55777,-1.16076,-0.04766
-0.29857,-0.40802,-0.01630
-0.77818,-1.02417,-0.05472
-0.44302,-0.97941,-0.03015
-0.42157,-0.75785,-0.03366
-0.38066,-0.59942,-0.02546
-0.24973,-0.91409,-0.02463
-0.30087,-0.65323,-0.02182
-0.71303,-1.11964,-0.04926
-0.36345,-0.86538,-0.02481
-0.28339,-1.10816,-0.02767
-0.57925,-0.20634,-0.02665
-0.16356,-0.91524,-0.02157
-0.53366,-1.30524,-0.04157
-0.40876,-0.52477,-0.02707
-0.40186,-1.33255,-0.03384
-0.35869,-1.26699,-0.03286
-0.42771,-0.75709,-0.02743
-0.28821,-0.84848,-0.03159
-0.51300,-0.68372,-0.03548
-0.40333,-0.44343,-0.02752
-0.36022,-0.95517,-0.02743
-0.50523,-0.90419,-0.03785
-0.34547,-0.59335,-0.02291
-0.36577,-0.92275,-0.02395
-0.38203,-0.79711,-0.02991
-0.21885,-1.25674,-0.03069
-0.53533,-0.84655,-0.03960
-0.24547,-0.98736,-0.02770
-0.35515,-1.04742,-0.02780
-0.33335,-1.06298,-0.02779
-0.43996,-0.83158,-0.03351
-0.13056,-0.90285,-0.01805
-0.47013,-1.29877,-0.04291
-0.26458,-0.95788,-0.02813
-0.35097,-0.85595,-0.02788
-0.59259,-1.14581,-0.03783
-0.24653,-1.00981,-0.02615
-0.31416,-0.83082,-0.02844
-0.28254,-0.58541,-0.02182
-0.26001,-0.48872,-0.02179
-0.60913,-0.95027,-0.03901
-0.29650,-0.61713,-0.02433
-0.21954,-0.59690,-0.01715
-0.42549,-0.65807,-0.02963
-0.36582,-0.34934,-0.01856
-0.28604,-0.95862,-0.02460
-0.22746,-0.60530,-0.01981
-0.48162,-0.83091,-0.02488
-0.28943,-0.56250,-0.02493
-0.20333,-0.92282,-0.02409
-0.46075,-1.66523,-0.04649
-0.17884,-0.90697,-0.02354
-0.10595,-0.05114,-0.00551
-0.28541,-0.36695,-0.01804
-0.73707,-0.97797,-0.04174
-0.37444,-1.03917,-0.02773
-0.39595,-0.88305,-0.03528
-0.13694,-1.29024,-0.02301
-0.43853,-0.79115,-0.03519
-0.19239,-0.74437,-0.01939
-0.46596,-0.92351,-0.03572
-0.38580,-0.77377,-0.03129
-0.31550,-0.31705,-0.01705
-0.17820,-0.95911,-0.02215
-0.43605,-0.71587,-0.03279
-0.45142,-0.81523,-0.03174
-0.16096,-1.01962,-0.02232
-0.56337,-0.71466,-0.03673
-0.07197,0.10229,-0.00271
-0.35186,-1.31416,-0.03698
-0.27138,-0.55180,-0.02220
-0.48120,-1.00817,-0.04035
-0.35546,-0.60444,-0.02031
-0.49414,-0.81169,-0.03284
-0.19125,-0.67070,-0.01686
-0.20891,-0.91653,-0.02678
-0.21156,-1.06774,-0.02843
-0.24894,-0.51463,-0.01946
-0.14770,-0.42444,-0.01293
-0.23642,-0.97518,-0.02373
-0.16594,-0.71508,-0.02177
-0.39473,-0.82182,-0.03323
-0.34628,-0.81253,-0.02245
-0.39137,-1.51481,-0.04214
-0.50852,-1.63226,-0.03826
-0.20477,-0.56817,-0.01845
-0.21422,-0.44044,-0.01649
-0.37017,-0.68005,-0.02471
-0.72025,-0.81061,-0.03279
-0.41270,-0.55769,-0.02644
-0.35037,-1.21669,-0.03091
-0.02142,-0.33734,-0.00807
-0.38491,-0.91296,-0.02970
-0.54377,-0.21067,-0.02783
-0.01574,-0.77665,-0.01168
-0.39609,-1.31744,-0.04207
-0.46822,-0.41369,-0.02950
-0.37056,-1.18581,-0.03742
-0.55176,-1.10657,-0.03732
-0.30500,-0.57663,-0.02202
-0.20989,-0.90706,-0.02658
-0.17599,-0.80505,-0.01798
-0.35788,-0.53504,-0.02603
-0.53492,-0.77257,-0.03491
-0.42591,-1.00166,-0.03649
-0.32743,-1.27991,-0.03101
-0.41630,-1.03417,-0.03292
-0.48328,-1.24006,-0.04594
-0.36493,-0.26887,-0.02062
-0.30077,-1.12950,-0.03527
-0.43796,-0.77778,-0.03537
-0.35776,-0.77547,-0.03247
-0.49672,-0.40149,-0.02873
-0.45826,-0.57922,-0.02483
-0.42477,-0.29606,-0.02099
-0.26061,-0.95129,-0.02347
-0.41041,-0.69554,-0.03159
-0.34017,-0.47014,-0.01802
-0.11173,-1.05701,-0.02359
-0.36516,-0.60084,-0.02261
-0.37340,-0.96260,-0.03508
-0.73744,-1.20878,-0.03815
-0.33991,-0.28602,-0.01950
-0.26080,-0.69232,-0.02446
-0.33456,-1.00198,-0.03356
-0.36670,-0.76049,-0.02832
-0.55235,-1.32064,-0.04135
-0.43522,-0.92019,-0.04084
-0.25129,-1.28826,-0.03421
-0.69280,-0.84562,-0.04347
-0.40721,-0.85341,-0.02710
-0.47445,-0.32288,-0.02484
-0.51669,-1.15162,-0.04289
-0.22765,-0.79098,-0.01997
-0.25834,-0.68864,-0.02117
-0.42288,-0.36807,-0.02334
-0.10222,-0.63171,-0.01641
-0.49562,-1.36727,-0.04871
-0.53576,-1.33686,-0.03926
-0.21490,-1.05556,-0.02767
-0.41509,-0.93986,-0.03451
-0.40078,-1.03192,-0.03169
-0.28847,-1.09944,-0.02731
-0.55151,-0.71951,-0.03758
-0.39138,-0.73367,-0.02910
-0.35877,-0.71219,-0.02699
-0.33658,-0.48438,-0.02310
-0.24860,-0.70314,-0.02518
-0.52661,-0.82284,-0.03337
-0.34479,-0.63098,-0.02847
-0.54002,-0.65817,-0.03215
-0.31700,-0.69590,-0.02351
-0.58154,-1.42500,-0.03836
-0.19653,-0.91787,-0.02560
-0.50795,-1.44356,-0.03851
-0.30755,-0.99649,-0.02919
-0.42147,-1.03483,-0.03289
-0.64455,-0.75547,-0.04234
-0.39753,-1.00170,-0.03253
-0.51116,-0.69441,-0.03686
-0.35127,-1.13250,-0.02767
-0.05101,-0.73952,-0.01256
-0.50587,-1.07288,-0.04562
-0.52834,-0.96147,-0.03581
-0.47453,-1.21040,-0.02796
-0.51950,-0.97096,-0.04213
-0.80076,-0.95629,-0.04175
-0.20677,-0.75613,-0.01897
-0.11055,-0.31484,-0.01137
-0.32750,-0.57978,-0.01915
-0.47026,-1.04940,-0.03121
-0.20113,-0.73447,-0.02040
-0.20994,-0.98668,-0.02564
-0.38850,-0.62677,-0.02824
-0.40402,-1.03938,-0.03353
-0.44972,-0.63025,-0.03200
-0.35357,-1.10125,-0.03390
-0.55860,-0.92570,-0.04499
-0.44210,-0.89115,-0.02987
0.01193,-0.60931,-0.01047
-0.49386,-1.23149,-0.03877
-0.39666,-0.87564,-0.03573
-0.65044,-0.89039,-0.04639
-0.40267,-1.13147,-0.03159
-0.43631,-1.22304,-0.03451
-0.43131,-1.28637,-0.03349
-0.29507,-0.88436,-0.02615
-0.46293,-0.91232,-0.03720
-0.32763,-0.54382,-0.02666
-0.18979,-1.31867,-0.03010
-0.12334,-0.93648,-0.02251
-0.34469,-0.79488,-0.03144
-0.25531,-0.80663,-0.02168
-0.37403,-0.81900,-0.03330
-0.41122,-0.44209,-0.02687
-0.13097,-0.52823,-0.01742
-0.48107,-0.91718,-0.03427
-0.49092,-0.99436,-0.03397
-0.41864,-0.52399,-0.02729
-0.28450,-0.40984,-0.02136
-0.50437,-0.79979,-0.03450
-0.29997,-1.06657,-0.02586
-0.42232,-1.17016,-0.04003
-0.38293,-0.87332,-0.02779
-0.56968,-0.94039,-0.04272
-0.19389,-0.76035,-0.02169
-0.34854,-0.71546,-0.02284
-0.31961,-1.00284,-0.03028
-0.33241,-0.58661,-0.02915
-0.58198,-0.95931,-0.04178
-0.16445,-0.99651,-0.02611
-0.39698,-0.60005,-0.02379
-0.58416,-0.99461,-0.04278
-0.27936,-0.66520,-0.01940
-0.35504,-0.94052,-0.03261
-0.44519,-0.77416,-0.03433
-0.51892,-1.37004,-0.04045
-0.36634,-0.96296,-0.03454
-0.34053,-1.19858,-0.03143
-0.34723,-0.38244,-0.02456
-0.46955,-0.73573,-0.03046
-0.05904,-0.92325,-0.01733
-0.51634,-1.22411,-0.03988
-0.38073,-0.76807,-0.02740
-0.25612,-0.64862,-0.02436
-0.17285,-0.89118,-0.01987
-0.26416,-0.66176,-0.01847
-0.42920,-1.36450,-0.03417
-0.42156,-0.49275,-0.02700
-0.44726,-1.50110,-0.03868
-0.66687,-0.96960,-0.03816
-0.24473,-0.39202,-0.01588
-0.29894,-1.33525,-0.02770
-0.36397,-0.64141,-0.02697
-0.09289,-0.61977,-0.01372
-0.36413,-0.81249,-0.02745
-0.15673,-1.11123,-0.02594
-0.68721,-1.20601,-0.04276
-0.31702,-0.74243,-0.02465
-0.46062,-0.84123,-0.03587
-0.37895,-1.13241,-0.03643
-0.42382,-1.64686,-0.03819
-0.68904,-1.60636,-0.05049
-0.51395,-1.23224,-0.04594
-0.43460,-1.15791,-0.03936
-0.58496,-0.28103,-0.02352
-0.31915,-1.18640,-0.03121
-0.11518,-1.23494,-0.02103
-0.30959,-0.49226,-0.02165
-0.23225,-0.62154,-0.02348
-0.67082,-0.29558,-0.02877
-0.11832,-0.77546,-0.01711
-0.37133,-0.50665,-0.02428
-0.80159,-0.94887,-0.04887
-0.45667,-1.12351,-0.03877
-0.59401,-1.19710,-0.04479
-0.17207,-0.58126,-0.01907
-0.41928,-1.29837,-0.03690
-0.60900,-1.08628,-0.04555
-0.42009,-1.30618,-0.03656
-0.45726,-0.39213,-0.02827
-0.47805,-0.33200,-0.02427
-0.33371,-0.68313,-0.02476
-0.53115,-0.61424,-0.03450
-0.70815,-1.30841,-0.05526
-0.23595,-0.83600,-0.02651
-0.44322,-0.77650,-0.03175
-0.32845,-0.67378,-0.02737
-0.33882,-0.60034,-0.02853
-0.14367,-0.99541,-0.02693
-0.59760,-1.44145,-0.04361
-0.23209,-0.97318,-0.02660
-0.29597,-0.89319,-0.02986
-0.29440,-0.36686,-0.02001
-0.43736,-0.77052,-0.02611
-0.28936,-0.73172,-0.02658
-0.48070,-1.35022,-0.03837
-0.51408,-0.84877,-0.03816
-0.30121,-0.76898,-0.02500
-0.57516,-1.03661,-0.04219
-0.16318,-0.88938,-0.02352
-0.43301,-1.32364,-0.04429
-0.37331,-1.23728,-0.03892
-0.34792,-1.02518,-0.03144
-0.44554,-0.86056,-0.03229
-0.51620,-1.22125,-0.03652
-0.42418,-0.73780,-0.02746
-0.59668,-1.25342,-0.04638
-0.60345,-0.90278,-0.04302
-0.35785,-0.92830,-0.03441
-0.43385,-0.45674,-0.02926
-0.03962,-1.22444,-0.01798
-0.51544,-0.74290,-0.03273
-0.37732,-0.49716,-0.02523
-0.43970,-1.30485,-0.03706
-0.48227,-0.45064,-0.02687
-0.72534,-1.38835,-0.05066
-0.58565,-1.66457,-0.04042
-0.38206,-0.90264,-0.03181
-0.60701,-0.24924,-0.02999
-0.37559,-0.78180,-0.03004
-0.53640,-0.95058,-0.04073
-0.51374,-1.04764,-0.03804
-0.35325,-0.95211,-0.03041
-0.11498,-0.22347,-0.01073
-0.48372,-0.84586,-0.03635
-0.36955,-0.25037,-0.02119
-0.40026,-0.59313,-0.02878
-0.37204,-0.36823,-0.02218
-0.35885,-0.72015,-0.02579
-0.48938,-0.82070,-0.03544
-0.44956,-0.75298,-0.02624
-0.43373,-0.27732,-0.02584
-0.36009,-0.86207,-0.02514
-0.28556,-0.81915,-0.02918
-0.43282,-0.85247,-0.03531
-0.23642,-0.80771,-0.02082
-0.38419,-0.93288,-0.02479
-0.31086,-0.56988,-0.02591
-0.44352,-0.93164,-0.03541
-0.46024,-1.36497,-0.04235
-0.48809,-1.39924,-0.04603
-0.49432,-0.83911,-0.02871
-0.43473,-0.95639,-0.03863
-0.19868,-0.66595,-0.01986
-0.33260,-1.03632,-0.03123
-0.42374,-0.76963,-0.02842
-0.51517,-0.85343,-0.03650
-0.56011,-0.46292,-0.03521
-0.77438,-0.72773,-0.03503
-0.59365,-0.42694,-0.03271
-0.36366,-0.40918,-0.02087
-0.19327,-0.92520,-0.02056
-0.29862,-0.83396,-0.02627
-0.44407,-0.99184,-0.03433
-0.31460,-0.82334,-0.02843
-0.40533,-1.21656,-0.03413
-0.18541,-0.41681,-0.01732
-0.28573,-1.10111,-0.03328
-0.24564,-0.39649,-0.01708
-0.35132,-1.28180,-0.03885
-0.36336,-0.44162,-0.02480
-0.52211,-0.82196,-0.04192
-0.29157,-1.07838,-0.03453
-0.56028,-0.92043,-0.03607
-0.23217,-0.90871,-0.02416
-0.51889,-1.07399,-0.04247
-0.23672,-0.66585,-0.02297
-0.27035,-1.44003,-0.03204
-0.11467,-0.99167,-0.01702
-0.07753,-0.75911,-0.01725
-0.34082,-1.17862,-0.03736
-0.31813,-0.99802,-0.03145
-0.32059,-0.59733,-0.02437
-0.15569,-0.56622,-0.01944
-0.48391,-0.97517,-0.03914
-0.36496,-0.64141,-0.02526
0.05268,-0.27763,-0.00325
-0.70521,-0.58560,-0.03630
-0.18287,-0.83497,-0.01966
-0.57313,-0.71461,-0.02954
-0.66247,-0.77340,-0.04020
-0.49536,-1.04261,-0.03972
-0.25947,-0.78885,-0.02216
-0.31793,-0.57120,-0.02239
-0.30883,-0.65456,-0.02654
-0.62441,-0.83980,-0.04313
-0.45282,-0.56574,-0.02735
-0.53541,-1.45400,-0.04634
-0.17694,-0.82173,-0.01958
-0.32062,-0.51305,-0.02713
-0.50751,-1.08195,-0.03045
-0.23127,-1.21309,-0.02899
-0.21227,-0.54264,-0.01661
-0.13293,-0.94206,-0.02454
-0.26066,-1.00193,-0.03231
-0.12777,-0.66693,-0.01781
-0.51361,-0.85063,-0.03247
-0.31952,-1.03045,-0.03230
-0.38072,-0.55608,-0.02521
-0.34367,-0.82720,-0.02172
-0.39503,-0.81209,-0.03060
-0.52134,-0.64294,-0.03306
-0.56915,-1.18298,-0.03117
-0.40788,-0.36174,-0.02511
-0.49598,-0.60899,-0.02969
-0.39406,-0.99250,-0.03225
-0.44630,-1.16438,-0.03307
-0.51453,-0.59870,-0.03049
-0.17584,-0.51179,-0.01663
-0.46276,-1.22431,-0.03314
-0.14573,-0.81724,-0.02225
-0.20395,-0.70340,-0.02334
-0.34850,-1.09764,-0.03447
-0.24840,-0.59998,-0.02324
-0.53612,-0.40608,-0.02675
-0.82390,-1.08599,-0.03921
-0.28652,-0.93485,-0.02579
-0.42402,-1.29041,-0.03178
-0.22253,-1.08742,-0.03165
-0.62146,-0.35162,-0.02745
-0.52099,-0.95088,-0.03559
-0.39896,-1.16391,-0.03332
-0.35800,-0.94564,-0.03510
-0.28517,-0.91012,-0.02981
-0.50460,-1.07602,-0.03926
-0.55030,-1.33972,-0.04562
-0.23021,-0.77677,-0.02024
-0.18353,-1.27148,-0.02492
-0.76733,-1.14036,-0.05041
-0.57262,-0.93303,-0.03840
-0.30876,-0.77357,-0.02833
-0.50503,-0.60117,-0.03094
-0.36605,-1.37855,-0.02888
-0.34611,-0.57406,-0.02150
-0.58028,-0.66309,-0.03887
-0.14348,-0.78453,-0.01984
-0.67163,-0.66709,-0.03571
-0.49445,-0.63683,-0.03384
-0.31100,-1.23675,-0.03202
-0.22356,-0.90093,-0.02463
-0.33908,-0.86475,-0.03039
-0.26596,-0.70089,-0.02286
-0.29717,-1.08035,-0.03337
-0.48525,-0.77696,-0.03395
-0.28397,-0.79545,-0.02289
-0.34000,-0.79532,-0.03241
-0.30180,-0.48882,-0.02366
-0.50757,-0.81496,-0.03774
-0.24536,-1.09379,-0.02705
-0.42840,-0.94634,-0.03725
-0.26513,-0.94915,-0.02283
-0.38979,-0.51887,-0.01838
-0.31496,-1.02280,-0.02829
-0.11487,-1.17315,-0.02329
-0.53999,-1.27203,-0.02970
-0.61302,-0.98656,-0.04019
-0.41080,-1.36443,-0.03483
-0.20807,-1.19262,-0.02447
-0.23528,-1.09177,-0.02297
-0.05910,-0.71765,-0.01699
-0.23552,-0.61589,-0.01927
-0.49934,-1.13722,-0.02987
-0.49433,-0.80852,-0.03574
-0.33941,-0.79720,-0.02687
-0.35490,-1.06435,-0.03329
-0.37336,-0.34713,-0.02147
-0.62912,-0.90910,-0.03713
-0.49984,-1.09851,-0.04161
-0.37275,-1.00428,-0.03510
-0.48086,-0.55811,-0.03072
-0.43311,-0.61739,-0.02874
-0.47766,-1.47173,-0.03881
-0.78356,-1.15727,-0.04760
-0.55330,-0.79610,-0.03660
-0.69492,-0.90347,-0.03581
-0.31149,-0.73506,-0.02463
-0.42780,-0.95525,-0.03215
-0.42810,-0.64192,-0.02905
-0.31249,-0.68060,-0.02467
-0.58985,-0.68795,-0.03293
-0.66227,-1.01023,-0.03814
-0.46496,-1.34049,-0.03973
-0.74023,-1.34416,-0.05474
-0.38031,-0.92925,-0.03312
-0.46032,-0.67921,-0.03156
-0.13755,-0.92805,-0.02143
-0.48338,-0.39760,-0.03022
-0.48655,-0.89875,-0.02848
-0.60424,-0.42251,-0.03879
-0.30734,-1.25729,-0.03451
-0.26597,-0.60116,-0.02364
-0.23374,-0.69709,-0.02337
-0.49686,-0.56695,-0.02960
-0.43634,-1.12016,-0.02649
-0.60605,-0.74458,-0.03919
-0.29091,-0.83173,-0.02468
-0.35871,-0.74066,-0.02356
-0.27525,-0.40455,-0.02040
-0.14148,-0.69862,-0.01511
-0.42116,-0.62696,-0.02670
-0.19985,-0.62590,-0.02210
-0.40644,-0.80540,-0.03242
-0.14843,-0.59640,-0.01735
-0.48536,-0.58191,-0.03050
-0.40136,-0.92314,-0.03630
-0.60743,-0.78630,-0.03764
-0.16167,-0.76088,-0.02307
-0.39698,-0.71692,-0.02205
-0.22354,-0.84876,-0.01895
-0.25092,-0.87345,-0.02406
-0.33640,-1.01587,-0.03013
-0.29508,-0.73364,-0.02692
-0.27906,-0.87430,-0.02352
-0.57459,-1.32568,-0.05258
-0.42411,-1.32594,-0.02996
-0.48780,-1.29761,-0.03967
-0.39062,-1.30024,-0.03838
-0.26103,-0.26420,-0.01461
-0.30212,-0.87131,-0.03224
-0.38432,-0.58602,-0.02950
-0.34765,-1.41438,-0.04093
-0.14292,-1.05346,-0.02246
-0.46221,-1.19490,-0.04249
-0.59821,-1.47431,-0.04596
-0.55616,-0.59494,-0.02609
-0.05591,-0.56137,-0.00910
-0.72378,-1.38452,-0.04181
-0.22915,-0.37017,-0.01838
-0.23746,-0.72127,-0.02366
-0.51076,-1.28083,-0.03319
-0.29871,-1.49661,-0.03210
-0.45380,-1.16863,-0.03195
-0.34070,-1.08305,-0.03623
-0.25417,-0.36336,-0.02001
-0.53193,-1.11749,-0.03321
-0.62818,-1.06287,-0.04142
-0.58951,-0.72020,-0.04121
-0.54639,-0.28095,-0.02606
-0.34856,-0.44011,-0.02174
-0.19528,-0.97211,-0.02079
-0.64232,-1.08123,-0.04024
-0.64183,-0.72305,-0.03617
-0.45287,-0.60022,-0.02560
-0.42422,-0.40962,-0.02654
-0.23839,-0.60975,-0.02089
-0.22554,-0.99022,-0.02298
-0.45070,-0.87670,-0.03298
-0.09902,-0.51616,-0.01313
-0.46383,-1.32252,-0.03868
-0.16534,-1.04020,-0.02618
-0.35109,-0.96231,-0.03094
-0.26942,-0.99223,-0.02935
-0.38227,-1.60533,-0.04262
-0.27698,-1.17181,-0.02926
-0.15828,-0.75817,-0.01964
-0.38933,-0.74421,-0.02919
-0.32082,-1.15837,-0.03023
-0.48755,-0.71012,-0.02780
-0.49716,-0.84323,-0.03097
-0.34320,-0.71851,-0.02737
-0.21580,-1.31722,-0.02768
-0.10929,-0.68953,-0.01478
-0.41906,-0.75973,-0.02907
-0.32113,-0.84545,-0.03247
-0.34637,-0.22879,-0.02243
-0.21619,-0.62506,-0.02299
-0.50215,-0.94302,-0.04165
-0.19102,-0.62472,-0.01763
-0.56940,-1.06757,-0.04527
-0.50370,-1.15880,-0.04207
-0.45629,-0.66531,-0.03218
-0.46485,-0.71956,-0.03005
-0.28178,-0.80202,-0.02077
-0.37164,-0.93753,-0.03230
-0.26488,-0.80201,-0.02871
-0.15354,-1.22836,-0.02751
-0.62928,-0.43265,-0.03289
-0.30996,-0.54087,-0.02553
-0.59887,-1.49242,-0.05172
-0.38217,-1.52654,-0.03034
-0.40860,-0.86554,-0.03188
-0.33407,-0.29822,-0.02026
-0.62247,-1.19942,-0.04534
-0.25073,-0.95075,-0.03008
-0.65745,-0.75701,-0.03975
-0.38910,-1.10521,-0.03559
-0.59767,-0.93295,-0.03871
-0.23358,-0.48719,-0.01680
-0.38592,-0.50267,-0.02451
-0.42544,-0.85125,-0.02907
-0.76195,-1.43363,-0.04872
-0.39348,-0.75411,-0.02723
-0.24759,-0.46821,-0.01853
-0.12869,-0.55088,-0.01807
-0.18031,-0.82642,-0.02250
-0.45770,-0.96510,-0.03559
-0.18289,-0.33094,-0.01434
-0.61799,-1.24836,-0.04336
-0.16013,-1.03118,-0.02161
-0.55789,-0.87171,-0.02981
-0.59987,-0.27327,-0.03217
-0.49011,-1.25666,-0.04419
-0.62465,-1.00159,-0.03956
-0.31762,-0.63470,-0.02277
-0.40240,-0.55000,-0.02896
-0.12360,-0.75207,-0.01506
-0.22041,-0.56537,-0.01738
-0.35569,-0.85724,-0.03359
-0.15238,-0.72021,-0.02034
-0.28224,-0.61273,-0.02457
-0.26863,-0.87604,-0.02299
-0.39374,-0.83920,-0.02327
-0.49083,-1.04613,-0.04028
-0.73270,-0.34636,-0.03376
-0.27807,-1.13215,-0.02832
-0.39859,-1.20984,-0.04063
-0.49670,-1.04270,-0.03488
-0.42249,-0.67485,-0.02970
-0.06005,-0.82928,-0.01742
-0.41054,-0.86458,-0.03358
-0.32132,-0.86352,-0.02986
-0.74674,-1.05465,-0.04551
-0.35977,-0.66500,-0.02485
-0.05573,-0.39359,-0.00855
-0.58827,-1.37977,-0.04760
-0.60179,-0.79299,-0.03497
-0.22057,-0.39685,-0.01941
-0.44795,-0.90970,-0.03532
-0.36234,-1.27996,-0.03670
-0.22386,-0.96131,-0.02173
-0.38035,-0.98975,-0.03429
-0.54991,-0.69646,-0.03893
-0.55467,-0.96799,-0.03289
-0.20133,-0.56397,-0.01912
-0.15521,-0.77987,-0.01929
-0.25214,-1.02532,-0.02616
-0.48655,-1.63810,-0.05246
-0.26311,-1.03292,-0.03088
-0.37866,-0.91477,-0.02760
-0.54595,-0.61770,-0.03578
-0.29376,-1.01832,-0.02463
-0.61046,-0.13068,-0.03226
-0.31007,-1.13943,-0.03034
-0.42222,-0.61926,-0.02905
-0.37700,-1.04288,-0.03245
-0.28132,-0.80215,-0.02596
-0.33564,-0.59306,-0.02607
-0.21238,-1.11162,-0.02519
-0.36182,-0.89946,-0.02428
-0.28327,-0.37447,-0.01678
-0.19400,-1.13121,-0.02286
-0.70257,-0.92417,-0.04185
-0.45957,-1.16294,-0.04689
-0.56952,-0.96370,-0.04170
-0.16997,-0.76447,-0.02292
-0.27629,-0.73684,-0.02567
-0.58907,-0.78089,-0.03683
-0.33769,-0.99635,-0.03370
-0.60282,-1.13036,-0.04609
-0.18461,-1.28909,-0.02970
-0.18740,-0.68213,-0.02096
-0.37827,-0.70923,-0.02848
-0.44556,-0.63089,-0.02809
-0.66840,-1.43081,-0.04913
-0.49838,-0.70004,-0.03097
-0.32946,-0.90830,-0.03530
-0.35347,-0.69156,-0.02932
-0.32037,-0.66426,-0.01858
-0.56939,-0.89386,-0.03921
-0.39362,-0.57156,-0.02521
-0.38437,-1.08400,-0.02765
-0.05800,-0.98909,-0.01595
-0.30740,-0.69351,-0.02150
-0.17432,-0.71086,-0.01951
-0.49564,-1.26832,-0.03478
-0.41628,-0.58286,-0.03291
-0.46101,-0.69754,-0.02831
-0.06712,-0.75822,-0.01635
-0.17285,-0.75777,-0.02216
-0.25663,-0.88673,-0.02830
-0.48490,-0.54827,-0.02963
-0.40196,-1.09698,-0.03725
-0.45870,-0.71372,-0.02890
-0.40403,-0.62628,-0.02717
0.00495,-0.45893,-0.00894
-0.27655,-0.78070,-0.02521
-0.48888,-1.06896,-0.03552
-0.33758,-0.87575,-0.03098
-0.64377,-0.76441,-0.03947
-0.29647,-0.94810,-0.02872
-0.24282,-0.76352,-0.02665
-0.14340,-0.90453,-0.02048
-0.34984,-1.38241,-0.03471
-0.73743,-0.47180,-0.03498
-0.57275,-1.13025,-0.04415
-0.76470,-1.86608,-0.04161
-0.26198,-0.46070,-0.02005
-0.18719,-0.42382,-0.01751
-0.52578,0.08658,-0.01932
-0.53366,-0.91135,-0.03821
-0.50433,-0.83349,-0.03625
-0.48616,-0.64894,-0.03246
-0.29276,-0.91442,-0.03173
-0.87180,-0.81099,-0.04162
-0.46873,-1.04963,-0.03347
-0.43753,-1.01252,-0.03401
-0.43920,-1.17106,-0.03758
-0.35460,-0.47055,-0.02044
-0.25096,-0.97226,-0.03286
-0.46422,-0.78924,-0.02761
-0.39577,-0.96712,-0.03759
-0.44700,-0.77652,-0.03476
-0.42752,-0.88912,-0.02814
-0.16551,-0.79898,-0.01869
-0.30566,-0.89855,-0.02955
-0.31609,-0.91719,-0.02003
-0.45769,-1.20670,-0.03616
-0.16819,-0.84566,-0.01680
-0.54118,-1.01495,-0.04329
-0.21711,-1.17788,-0.02479
-0.40774,-0.80512,-0.02673
-0.57888,-1.01126,-0.04083
-0.43741,-0.98740,-0.03601
-0.32567,-0.51046,-0.02476
-0.35297,-0.64178,-0.02539
-0.47352,-0.57209,-0.03123
-0.09081,-1.09812,-0.02044
-0.32380,-1.26936,-0.03085
-0.42558,-1.11288,-0.03432
-0.38213,-0.46656,-0.02622
-0.73758,-0.34858,-0.02980
-0.52806,-1.16774,-0.03111
-0.37716,-1.31014,-0.03691
-0.37638,-0.42532,-0.02139
-0.40840,-1.04029,-0.03826
-0.38662,-0.74416,-0.02311
-0.70824,-0.90507,-0.03875
-0.28404,-0.32270,-0.01844
-0.25526,-0.51964,-0.01745
-0.57049,-0.40466,-0.02830
-0.40485,-1.11734,-0.03296
-0.41320,-1.00773,-0.02736
-0.20281,-0.79620,-0.02389
-0.43246,-0.82328,-0.03146
-0.29009,-0.45703,-0.02280
-0.41568,-1.04266,-0.03085
-0.47192,-0.41955,-0.02796
-0.57531,-0.60065,-0.03833
-0.43626,-1.21140,-0.03936
-0.39939,-0.54112,-0.02725
-0.56698,-0.85378,-0.04064
-0.07800,-0.36093,-0.00866
-0.18049,-0.75213,-0.02208
-0.37668,-1.29274,-0.03335
-0.28799,-0.87783,-0.02180
-0.59308,-0.51036,-0.03637
-0.16928,-0.99488,-0.02312
-0.43293,-1.20637,-0.04085
-0.43454,-0.77522,-0.03408
-0.19919,-1.02113,-0.02108
-0.42754,-0.67083,-0.03094
-0.34411,-0.25482,-0.01944
-0.36110,-0.85600,-0.02715
-0.41697,-0.69271,-0.03153
-0.40979,-0.74047,-0.03173
-0.27545,-0.95983,-0.02175
-0.30250,-0.99537,-0.02920
-0.32796,-0.22250,-0.01609
-0.51114,-0.85208,-0.04240
-0.60071,-1.13785,-0.04274
-0.20279,-0.48390,-0.01715
-0.38022,-0.84315,-0.02500
-0.64905,-1.63087,-0.04860
-0.33570,-0.86681,-0.03420
-0.40742,-0.73101,-0.02432
-0.62082,-0.89677,-0.03212
-0.35697,-0.61847,-0.02474
-0.54168,-0.75581,-0.03832
-0.44609,-1.08979,-0.02953
-0.61920,-0.66306,-0.03464
-0.25163,-0.36302,-0.01782
-0.19959,-0.73643,-0.01925
-0.81749,-1.37971,-0.05136
-0.30025,-0.99433,-0.02416
-0.35574,-0.87236,-0.03045
-0.13956,-1.19452,-0.02143
-0.39921,-1.13815,-0.03194
-0.31397,-1.17225,-0.02678
-0.35419,-0.83561,-0.02805
-0.43917,-1.32122,-0.04131
-0.41524,-0.33943,-0.02369
-0.63259,-0.87703,-0.04020
-0.35440,-0.40893,-0.01859
-0.39497,-0.89981,-0.02558
-0.39769,-0.75148,-0.03501
-0.44127,-1.05365,-0.04134
-0.22740,-0.43874,-0.01822
-0.79656,-0.91239,-0.03600
-0.56130,-0.45186,-0.02986
-0.41898,-0.79436,-0.03425
-0.50641,-0.87260,-0.03228
-0.45593,-0.81363,-0.03003
-0.20593,-0.69259,-0.01969
-0.43686,-1.04350,-0.03683
-0.50478,-0.78188,-0.03666
-0.39048,-0.77338,-0.03024
-0.39916,-0.70981,-0.02902
-0.23246,-0.65275,-0.02502
-0.39223,-0.73658,-0.02980
-0.25456,-0.44722,-0.01950
-0.71744,-0.72289,-0.04111
-0.28727,-1.22508,-0.03279
-0.37175,-1.11554,-0.03781
-0.22463,-1.00629,-0.02573
-0.58508,-0.33771,-0.03367
-0.47781,-1.12221,-0.03909
-0.20935,-1.19648,-0.02986
-0.55176,-0.37429,-0.03003
-0.42177,-1.16700,-0.03476
-0.38265,-0.95518,-0.03414
-0.55220,-1.15319,-0.04810
-0.46046,-1.02496,-0.03552
-0.20607,-0.67263,-0.01944
-0.34284,-0.67003,-0.02967
-0.52091,-0.96958,-0.04058
-0.38571,-0.65634,-0.03042
-0.45948,-0.87384,-0.03450
-0.03763,-0.95919,-0.02018
-0.36802,-1.16545,-0.03216
-0.60727,-0.53632,-0.03609
-0.42669,-0.28182,-0.02179
-0.32258,-0.82550,-0.02801
-0.36871,0.05553,-0.01720
-0.42926,-1.25908,-0.04535
-0.42769,-1.07061,-0.03095
-0.28032,-1.32466,-0.03045
-0.60690,-1.02715,-0.04121
-0.52178,-0.58633,-0.03229
-0.41652,-0.91040,-0.03736
-0.55612,-1.45861,-0.04339
-0.29258,-0.81335,-0.03001
-0.41649,-0.69432,-0.02513
-0.39668,-0.54151,-0.02403
-0.27704,-1.10043,-0.02381
-0.18683,-0.60164,-0.01850
-0.19614,-1.04750,-0.02238
-0.28736,-0.61721,-0.02410
-0.28566,-0.83780,-0.02870
-0.40856,-0.65538,-0.02895
-0.34196,-1.19931,-0.03978
-0.34970,-0.83936,-0.03345
-0.34286,-0.66566,-0.02299
-0.36726,-1.46015,-0.03611
-0.73412,-0.79957,-0.05051
-0.18624,-0.74120,-0.02037
-0.47254,-0.83631,-0.03712
-0.51795,-1.19350,-0.03334
-0.31782,-1.16766,-0.03621
-0.35469,-0.32079,-0.02138
-0.41695,-0.70544,-0.02911
-0.23879,-0.46676,-0.01883
-0.79618,-1.45930,-0.04493
-0.45835,-1.00685,-0.03464
-0.56557,-0.86510,-0.03942
-0.27495,-0.79976,-0.02557
-0.31915,-0.59982,-0.01976
-0.18684,-1.18789,-0.02843
-0.13102,-0.95227,-0.02457
-0.34196,-0.41513,-0.02190
-0.35900,-0.78865,-0.03216
-0.62241,-0.86633,-0.04403
-0.60548,-1.10704,-0.04109
-0.46432,-0.99656,-0.03071
-0.74409,-0.83185,-0.04179
-0.21047,-1.06993,-0.02586
-0.31168,-0.53421,-0.02081
-0.36300,-1.12541,-0.03721
-0.29008,-1.40125,-0.03006
-0.45026,-0.69966,-0.02911
-0.24562,-1.30824,-0.02973
-0.37231,-1.14971,-0.03378
-0.30947,-0.90185,-0.03014
-0.67396,-0.89429,-0.04586
-0.53104,-1.00937,-0.03159
-0.24044,-1.06360,-0.02529
-0.56096,-0.79306,-0.03848
-0.25550,-0.86255,-0.02153
-0.09166,-1.11281,-0.02141
-0.45431,-1.08334,-0.03383
-0.57327,-1.11019,-0.03923
-0.68394,-1.03672,-0.04586
-0.12199,-0.74189,-0.01701
-0.39373,-0.58821,-0.02862
-0.32026,-1.29946,-0.03390
-0.39843,-0.72841,-0.02846
-0.47114,-1.26148,-0.03266
-0.55178,-0.39960,-0.02903
-0.44453,-0.99729,-0.03946
-0.22614,-0.94400,-0.02184
-0.32397,-0.59682,-0.02558
-0.32821,-0.93713,-0.03177
-0.40045,-0.75540,-0.02231
-0.32810,-1.02601,-0.03045
-0.68025,-1.13330,-0.04482
-0.14026,-1.21064,-0.02121
-0.57776,-0.63923,-0.03587
-0.42228,-0.80943,-0.03010
-0.42992,-1.18343,-0.04001
-0.35636,-0.79526,-0.03223
-0.60414,-1.32784,-0.03876
-0.73991,-0.89339,-0.04145
-0.28368,-0.89675,-0.02778
-0.40094,-0.76430,-0.03298
-0.23134,-0.62887,-0.01682
-0.42951,-0.44366,-0.02308
-0.48557,-1.29826,-0.04753
-0.59340,-0.49042,-0.03383
-0.39472,-0.62253,-0.02689
-0.40220,-1.51156,-0.03872
-0.37665,-0.67476,-0.02279
-0.45999,-0.64904,-0.03118
-0.76374,-1.13856,-0.03676
-0.69248,-0.82062,-0.04172
-0.17826,-0.55960,-0.01767
-0.28699,-1.11024,-0.02871
-0.26285,-0.38626,-0.02073
-0.47132,-1.03543,-0.03737
-0.33507,-0.73578,-0.02689
-0.48508,-1.18520,-0.04287
-0.61128,-0.83556,-0.03917
-0.11394,-0.94937,-0.02047
-0.34308,-0.95661,-0.02982
-0.46556,-1.05178,-0.03122
-0.38341,-1.12092,-0.02959
-0.51348,-0.66168,-0.03565
-0.43404,-0.99258,-0.03484
-0.57108,-0.92642,-0.04498
-0.46920,-0.88316,-0.03781
-0.23369,-0.82268,-0.01622
-0.46682,-1.40753,-0.04406
-0.22214,-0.60462,-0.02011
-0.44125,-0.95841,-0.03405
-0.38568,-0.98811,-0.02624
-0.61348,-0.94851,-0.04082
-0.05572,-0.69820,-0.01755
-0.33216,-0.96195,-0.03113
-0.32795,-0.93634,-0.02856
-0.79129,-1.28695,-0.04345
-0.46540,-0.93007,-0.03301
-0.41606,-0.90723,-0.02951
-0.24276,-0.74441,-0.02061
-0.40879,-0.66163,-0.03012
-0.50945,-0.86524,-0.03912
-0.22107,-0.92817,-0.02522
-0.19489,-0.72715,-0.02088
-0.46432,-1.35434,-0.04103
-0.36238,-0.64848,-0.02934
-0.44505,-1.45921,-0.04101
-0.27401,-0.57070,-0.02510
-0.39574,-0.71836,-0.03107
-0.35780,-0.38772,-0.02030
-0.40193,-0.49274,-0.02803
-0.47036,-1.11809,-0.03716
-0.38418,-1.01836,-0.03077
-0.55640,-0.75902,-0.02877
-0.35679,-0.61524,-0.02680
-0.48650,-0.77791,-0.03261
-0.30880,-0.79528,-0.02437
-0.54385,-0.94687,-0.04107
-0.47363,-0.67640,-0.03437
-0.53619,-0.75182,-0.03893
-0.42802,-1.03513,-0.02878
-0.51794,-0.91926,-0.03728
-0.40190,-0.72765,-0.03250
-0.65199,-0.78719,-0.04096
-0.35461,-0.63152,-0.02704
-0.49318,-0.64052,-0.02804
-0.67261,-1.50843,-0.04998
-0.54574,-0.83680,-0.03061
-0.43927,-0.99560,-0.03532
-0.58194,-0.61496,-0.03650
-0.36612,-0.61843,-0.02174
-0.32876,-1.22280,-0.03648
-0.47064,-0.94201,-0.02883
-0.25442,-0.74669,-0.01924
-0.36908,-0.70817,-0.02730
-0.36597,-0.85914,-0.03030
-0.33261,-0.95149,-0.02673
-0.31403,-0.92211,-0.03007
-0.22550,-1.26403,-0.02990
-0.21737,-1.34351,-0.03183
-0.53874,-0.69114,-0.03862
-0.64292,-1.02059,-0.04935
-0.32091,-0.49274,-0.02264
-0.33325,-1.00129,-0.03071
-0.34853,-0.67067,-0.02774
-0.60420,-0.84104,-0.03678
-0.23481,-0.47484,-0.02149
-0.45458,-1.15636,-0.03554
-0.33756,-0.62266,-0.02578
-0.40621,-0.17046,-0.01773
-0.45359,-1.10135,-0.04054
-0.46175,-1.29500,-0.02913
-0.22093,-0.62432,-0.01788
-0.26334,-0.53004,-0.02252
-0.29587,-1.02604,-0.03138
-0.55141,-0.91842,-0.03639
-0.61231,-0.70862,-0.03804
-0.23339,-1.18876,-0.02531
-0.31165,-0.89426,-0.03290
-0.64089,-0.90933,-0.03821
-0.23275,-0.32920,-0.01610
-0.33301,-0.79296,-0.02604
-0.44414,-1.08570,-0.03077
-0.32282,-1.16914,-0.03864
-0.63649,-0.91315,-0.04427
-0.29257,-0.68821,-0.02498
-0.44395,-1.25989,-0.03335
-0.28835,-0.63132,-0.02506
-0.38454,-0.85393,-0.03044
-0.62327,-0.53714,-0.03159
-0.36609,-1.08075,-0.03503
-0.65669,-0.96921,-0.03361
-0.62426,-0.67696,-0.03771
-0.14475,-1.27996,-0.02130
-0.43532,-0.52214,-0.02884
-0.45679,-0.86196,-0.02708
-0.40936,-0.71197,-0.02674
-0.32788,-0.80665,-0.02983
-0.31419,-0.79291,-0.02798
-0.55991,-1.33764,-0.04442
-0.44281,-0.26848,-0.02617
-0.10746,-0.36473,-0.01092
-0.22379,-0.97620,-0.02731
-0.36331,-0.61013,-0.02242
-0.32251,-0.79983,-0.02296
-0.23560,-1.42814,-0.03043
-0.31755,-0.98265,-0.03301
-0.36561,-0.86425,-0.03135
-0.42337,-0.50228,-0.02947
-0.22508,-1.13945,-0.03302
-0.24756,-0.66709,-0.01988
-0.08497,-0.90795,-0.01557
-0.54600,-1.21742,-0.04206
-0.68370,-0.51116,-0.03141
-0.32350,-1.00713,-0.03386
-0.55578,-0.91904,-0.04053
-0.32411,-0.74293,-0.02851
-0.37976,-0.87538,-0.03150
-0.48256,-0.96635,-0.03840
-0.64233,-0.99452,-0.04626
-0.36979,-0.75847,-0.03033
-0.29667,-0.65030,-0.01758
-0.32206,-0.90139,-0.03131
-0.22014,-0.75568,-0.02335
-0.37762,-0.74213,-0.03016
-0.34216,-0.68686,-0.02633
-0.30408,-1.18598,-0.03929
-0.47286,-0.77247,-0.02726
-0.47628,-1.55148,-0.03907
-0.69240,-1.19437,-0.04056
-0.39260,-0.73225,-0.02967
-0.46887,-0.67046,-0.02952
-0.24902,-0.75909,-0.02070
-0.44170,-0.99455,-0.03817
-0.34635,-1.24970,-0.03249
-0.43234,-0.79516,-0.02572
-0.28473,-0.94728,-0.02846
-0.30469,-0.91812,-0.02917
-0.45955,-0.88664,-0.03933
-0.50633,-0.67032,-0.03379
-0.74553,-1.24180,-0.05497
-0.28283,-0.45316,-0.01926
-0.49398,-0.92136,-0.03824
-0.27454,-0.67497,-0.02491
-0.19737,-0.26233,-0.01444
-0.37950,-0.33554,-0.02008
-0.41904,-1.08797,-0.03892
-0.55897,-0.68687,-0.03163
-0.30615,-0.93792,-0.03165
-0.36378,-0.91787,-0.03399
-0.40552,-0.97005,-0.03604
-0.28874,-1.21559,-0.02851
-0.35463,-0.92451,-0.03149
-0.68214,-0.59642,-0.02977
-0.32416,-0.34568,-0.02317
-0.26757,-0.57792,-0.02197
-0.23847,-0.73618,-0.02369
-0.53128,-0.95194,-0.03186
-0.79590,-1.05038,-0.04156
-0.34305,-0.91058,-0.03143
-0.46108,-0.62630,-0.03320
-0.45272,-0.88336,-0.03294
-0.23709,-0.62777,-0.02433
-0.50108,-0.58110,-0.03338
-0.20166,-0.52400,-0.01817
-0.26875,-1.53292,-0.03158
-0.29696,-0.79475,-0.02511
-0.31061,-1.02742,-0.03020
-0.37773,-1.11201,-0.02708
-0.43444,-1.06502,-0.03731
-0.49287,-1.30706,-0.04036
-0.32054,-0.83779,-0.02852
-0.20704,-1.28400,-0.03133
-0.75442,-0.97887,-0.03322
-0.33577,-0.96525,-0.02429
-0.45224,-1.06797,-0.03167
-0.39822,-0.79424,-0.03169
-0.28344,-0.76443,-0.02671
-0.28959,-0.85035,-0.02661
-0.84822,-0.58419,-0.04597
-0.36596,-0.95989,-0.03170
-0.23747,-0.69123,-0.02167
-0.34045,-0.92456,-0.02774
-0.48361,-1.19952,-0.04628
-0.27548,-0.56452,-0.01771
-0.70431,-1.32355,-0.04892
-0.42162,-0.90354,-0.03043
-0.34548,-1.28867,-0.03572
-0.32186,-0.74245,-0.02120
-0.67787,-1.07572,-0.04383
-0.46339,-1.22008,-0.04137
-0.29378,-0.76647,-0.02664
-0.61255,-1.20646,-0.04632
-0.13570,-0.13079,-0.00838
-0.49666,-0.82975,-0.03396
-0.43986,-0.53163,-0.03149
-0.52945,-0.62037,-0.03371
-0.50319,-0.70994,-0.02640
-0.30536,-0.95354,-0.03045
-0.40130,-1.17235,-0.03325
-0.15756,-1.03402,-0.02283
-0.47637,-0.56932,-0.03127
-0.13405,-0.70994,-0.01841
-0.42273,-1.07005,-0.02554
-0.26427,-1.22601,-0.02855
-0.22065,-0.80768,-0.02567
-0.48296,-1.06301,-0.03233
-0.32906,-0.26699,-0.01937
-0.21232,-0.52147,-0.01717
-0.39632,-1.17668,-0.03080
-0.14329,-1.23417,-0.02114
-0.62586,-1.08183,-0.03847
-0.45623,-1.21852,-0.04175
-0.51756,-1.04232,-0.04015
-0.38988,-0.92422,-0.03236
-0.57766,-0.70574,-0.03231
-0.56401,-0.74065,-0.03162
-0.32623,-0.71923,-0.02479
-0.10490,-0.90820,-0.02086
-0.33270,-0.98210,-0.02103
-0.67748,-0.32108,-0.02799
-0.67506,-0.83999,-0.04740
-0.31380,-0.95423,-0.03001
-0.57524,-1.17241,-0.04062
-0.42420,-0.84037,-0.03503
-0.18308,-0.65888,-0.02159
-0.30314,-1.14678,-0.02765
-0.29888,-1.02659,-0.02774
-0.58244,-0.81857,-0.03137
-0.51941,-0.44398,-0.02442
-0.49227,-1.11445,-0.03646
-0.37107,-0.41380,-0.02314
-0.58524,-0.69956,-0.03869
-0.47092,-0.98688,-0.03313
-0.30682,-1.20171,-0.03133
-0.31843,-0.20427,-0.01822
-0.79460,-0.78483,-0.04634
-0.48367,-0.86672,-0.03569
-0.21004,-0.95290,-0.02380
-0.22479,-1.08763,-0.02962
-0.59820,-1.11094,-0.04512
-0.36806,-0.72974,-0.02437
-0.55734,-1.05377,-0.04552
-0.46515,-1.23199,-0.03884
-0.42720,-1.04080,-0.03497
-0.24691,-1.13531,-0.02650
-0.40001,-0.56507,-0.02613
-0.42288,-0.55439,-0.02037
-0.45992,-1.05474,-0.03880
-0.57423,-0.99096,-0.03206
-0.25427,-0.73183,-0.01792
-0.47548,-1.32631,-0.03998
-0.46662,-0.71432,-0.03322
-0.12385,-1.11067,-0.02537
-0.44852,-1.27500,-0.03441
-0.29790,-0.66228,-0.02523
-0.23245,-0.54107,-0.01890
-0.53800,-1.00725,-0.03819
-0.39616,-0.87880,-0.03550
-0.35565,-1.11466,-0.03280
-0.25017,-0.62099,-0.02235
-0.24230,-1.19493,-0.03150
-0.34335,-0.97879,-0.02946
-0.09646,-0.07361,-0.00678
-0.60693,-0.85047,-0.04275
-0.56877,-1.18416,-0.04375
-0.64541,-0.47376,-0.03383
-0.03542,-1.15142,-0.01790
-0.18959,-0.90105,-0.02819
-0.37891,-0.75610,-0.02400
-0.25763,-1.13822,-0.03162
-0.38865,-0.96656,-0.02626
-0.13160,-0.61087,-0.01734
-0.61253,-1.09965,-0.04218
-0.11765,-0.95052,-0.01987
-0.62883,-1.38249,-0.04116
-0.56034,-1.25744,-0.04918
-0.53153,-0.85104,-0.03996
-0.23655,-0.70058,-0.02507
-0.27834,-0.60092,-0.02008
-0.18416,-0.97716,-0.02617
-0.32467,-0.38856,-0.02247
-0.00687,-1.07638,-0.01978
-0.37933,-0.53707,-0.02416
-0.32069,-1.23653,-0.04046
-0.54050,-0.78909,-0.04118
-0.50444,-0.80649,-0.03847
-0.62345,-0.65362,-0.03743
-0.18483,-0.90625,-0.01668
-0.28452,-0.44292,-0.01914
-0.39598,-0.42419,-0.02376
-0.63627,-1.27545,-0.03511
-0.55795,-0.71949,-0.03924
-0.24498,-0.81222,-0.02527
-0.30282,-0.72423,-0.02168
-0.36710,-0.73772,-0.02874
-0.46334,-0.62727,-0.02870
-0.43214,-0.79965,-0.02785
-0.24424,-0.65374,-0.02347
-0.60232,-0.78158,-0.03758
-0.41857,-1.05830,-0.03789
-0.43409,-1.01479,-0.03728
-0.39497,-0.79142,-0.03283
-0.26191,-0.78488,-0.02112
-0.61062,-1.21028,-0.04497
-0.76674,-1.23078,-0.04383
-0.21165,-0.57399,-0.01872
-0.35386,-1.19911,-0.02801
-0.61121,-1.26592,-0.04701
-0.38818,-1.08374,-0.03326
-0.46529,-0.99176,-0.03980
-0.10634,-0.97785,-0.01854
-0.22309,-0.74569,-0.02099
-0.27491,-0.87895,-0.02455
-0.52682,-0.44327,-0.02809
-0.24980,-1.24228,-0.02858
-0.58758,-0.70510,-0.03712
-0.20049,-0.88861,-0.02451
-0.65374,-0.63911,-0.03724
-0.52815,-0.95958,-0.03992
-0.63102,-1.22504,-0.04376
-0.26996,-1.05271,-0.02626
-0.46831,-0.75093,-0.03284
-0.33298,-0.60944,-0.02149
-0.60973,-0.89284,-0.04045
-0.52991,-1.00150,-0.03979
-0.33939,-0.81691,-0.02844
-0.50592,-0.59411,-0.02995
-0.41698,-1.08907,-0.03265
-0.41184,-1.02962,-0.03116
-0.34717,-1.03551,-0.03435
-0.40773,-0.42968,-0.02561
-0.56069,-1.27914,-0.04108
-0.18750,-1.11587,-0.02900
-0.15467,-0.85577,-0.01567
-0.26755,-0.97374,-0.02963
-0.35267,-0.75298,-0.02741
-0.41138,-1.02373,-0.03055
-0.40774,-0.86463,-0.03015
-0.78280,-0.70779,-0.04818
-0.72827,-1.29033,-0.04714
-0.19723,-0.51067,-0.01828
-0.47868,-1.06898,-0.03356
-0.51265,-0.76775,-0.03719
-0.34039,-0.71261,-0.02958
-0.37596,-0.43352,-0.02052
-0.18455,-0.40120,-0.01372
-0.44416,-0.80268,-0.03433
-0.03624,-1.04300,-0.02180
-0.38246,-1.06774,-0.03183
-0.11305,-0.97612,-0.02138
-0.35116,-0.78529,-0.02474
-0.48718,-0.74267,-0.03646
-0.31365,-0.76771,-0.02838
-0.28388,-1.08958,-0.03316
-0.37069,-1.44175,-0.03848
-0.26953,-1.00767,-0.02840
-0.59905,-1.37458,-0.04011
-0.47982,-0.77626,-0.03681
-0.32759,-0.74702,-0.02844
-0.50862,-1.11194,-0.04152
-0.39868,-1.06854,-0.03739
-0.69118,-0.73900,-0.03258
-0.04452,-1.02532,-0.01821
-0.69284,-1.40731,-0.04141
-0.17937,-0.40170,-0.01262
-0.72753,-0.90850,-0.04782
-0.44435,-1.25210,-0.04657
-0.41194,-0.96768,-0.03581
-0.48894,-0.40626,-0.02155
-0.37819,-1.04305,-0.03582
-0.38577,-0.89654,-0.03214
-0.62706,-0.76461,-0.03980
-0.48981,-0.74343,-0.03242
-0.33335,-0.81803,-0.02617
-0.26708,-1.01973,-0.02597
-0.14710,-0.98949,-0.02137
-0.29902,-0.32044,-0.01983
-0.05330,-0.84300,-0.01659
-0.43708,-0.92067,-0.03748
-0.41752,-0.39333,-0.02519
-0.41879,-0.73632,-0.02483
-0.09658,-0.74243,-0.01561
-0.33815,-1.07436,-0.02748
-0.50489,-0.92360,-0.03215
-0.31335,-0.88115,-0.03021
-0.50251,-1.09922,-0.03734
-0.51343,-0.74119,-0.02954
-0.46615,-1.26073,-0.04116
-0.48907,-1.31420,-0.04433
-0.38464,-1.17303,-0.03068
-0.74478,-1.35004,-0.04389
-0.36873,-1.12503,-0.03467
-0.42470,-1.06928,-0.03231
-0.24041,-0.85415,-0.02263
-0.28501,-0.75557,-0.02762
-0.42771,-0.48424,-0.02718
-0.59135,-0.65993,-0.03319
-0.24384,-1.29489,-0.03156
-0.12317,-0.40261,-0.01430
-0.50148,-1.41067,-0.04350
-0.40080,-0.43585,-0.02220
-0.16237,-0.81736,-0.01847
-0.46250,-0.54364,-0.02671
-0.46242,-0.62199,-0.02952
-0.00015,-0.69383,-0.01171
-0.13347,-0.71864,-0.01648
-0.13562,-0.86730,-0.02025
-0.66398,-0.88318,-0.04260
-0.40936,-0.72989,-0.03081
-0.41748,-0.60729,-0.02403
-0.16185,-0.91618,-0.02427
-0.29007,-0.12706,-0.01463
-0.53437,-0.89964,-0.03951
-0.42948,-0.60265,-0.02684
-0.21692,-1.41048,-0.02798
-0.44286,-1.11499,-0.03333
-0.37714,-0.95969,-0.02922
-0.26697,-0.78929,-0.02486
-0.36295,-0.61809,-0.02400
-0.19738,-0.55986,-0.01894
-0.49206,-1.30986,-0.03541
-0.35086,-0.92477,-0.03378
-0.40667,-0.99201,-0.02797
-0.52061,-0.87571,-0.03547
-0.30384,-1.37196,-0.03413
-0.46667,-0.78021,-0.03368
-0.52246,-0.95232,-0.03808
-0.48245,-0.26908,-0.02190
-0.37319,-0.88208,-0.02991
-0.43448,-0.84953,-0.03654
-0.38582,-0.70542,-0.02568
-0.39753,-0.74105,-0.03087
-0.30263,-0.49394,-0.02294
-0.55145,-1.25132,-0.04803
-0.09518,-0.42639,-0.01204
-0.51160,-0.64071,-0.03195
-0.37776,-0.61663,-0.03008
0.05050,-0.99415,-0.01370
-0.03353,-0.73439,-0.01592
-0.52849,-1.03628,-0.04430
-0.72363,-0.48056,-0.03564
-0.56807,-0.70480,-0.03509
-0.70871,-1.18758,-0.03799
-0.32127,-0.92726,-0.03190
-0.19832,-1.31924,-0.02850
-0.71332,-0.69819,-0.04105
-0.46452,-0.84269,-0.03300
-0.48379,-1.06097,-0.03682
-0.33763,-1.12427,-0.03361
-0.29111,-0.77470,-0.02208
-0.80437,-0.79402,-0.03889
-0.35821,-0.63823,-0.02971
-0.54142,-0.68838,-0.03595
-0.53184,-0.42584,-0.02946
-0.44030,-0.74927,-0.03460
-0.32633,-0.99101,-0.03264
-0.33350,-0.93335,-0.02405
-0.09741,-0.85227,-0.01951
-0.35355,-0.95487,-0.03332
-0.48469,-0.94075,-0.03439
-0.79158,-1.06552,-0.04353
-0.51901,-1.00849,-0.02944
-0.26574,-1.53690,-0.03015
-0.56159,-1.12332,-0.04523
-0.32366,-0.46932,-0.02321
-0.71809,-0.73897,-0.04371
-0.58517,-1.15656,-0.03982
-0.40019,-0.34722,-0.02059
-0.57184,-0.37991,-0.03295
-0.22043,-1.20534,-0.02550
-0.52236,-0.92568,-0.03689
-0.54576,-0.99128,-0.03301
-0.27547,-0.88315,-0.02520
-0.48218,-1.33112,-0.04245
-0.29008,-0.88761,-0.03069
-0.25198,-0.97971,-0.02916
-0.66515,-1.22815,-0.04854
-0.35206,-0.97666,-0.02736
-0.48644,-1.29224,-0.04070
-0.22883,-0.51524,-0.01739
-0.32302,-0.76373,-0.03056
-0.41911,-0.82759,-0.03329
-0.12099,-0.96117,-0.02307
-0.42601,-0.79220,-0.03377
-0.41770,-0.65123,-0.02889
-0.34817,-0.88246,-0.02895
-0.66976,-0.76515,-0.03755
-0.26938,-0.54561,-0.01992
-0.31104,-1.27920,-0.03023
-0.50927,-0.90099,-0.04088
-0.08575,-0.60823,-0.01447
-0.79122,-1.38130,-0.04233
-0.36918,-0.86440,-0.02763
-0.53702,-0.55465,-0.03335
-0.42010,-0.72894,-0.03277
-0.37900,-0.92979,-0.02833
-0.60608,-1.25705,-0.04670
-0.41288,-0.95122,-0.02971
-0.02924,-1.32265,-0.01963
-0.37399,-0.73536,-0.02666
-0.42857,-0.61455,-0.02620
-0.51953,-0.64645,-0.03521
-0.44351,-0.60232,-0.03095
-0.49523,-0.27862,-0.02439
-0.59945,-0.77950,-0.03681
-0.59130,-0.79408,-0.03919
-0.12953,-0.78561,-0.01599
-0.43948,-1.09772,-0.03462
-0.43655,-1.35158,-0.04312
-0.44745,-0.86718,-0.03400
-0.32144,-1.18387,-0.03166
-0.12772,-0.83446,-0.02155
-0.54008,-0.62216,-0.03684
-0.26654,-0.78376,-0.02753
-0.60822,-0.91939,-0.04573
-0.36887,-0.95433,-0.03415
-0.28347,-0.82943,-0.02444
-0.57942,-0.65197,-0.03737
-0.38605,-0.72092,-0.02688
-0.90007,-1.11576,-0.05854
-0.31488,-0.37747,-0.02114
-0.38050,-1.21390,-0.03414
-0.66541,-1.15235,-0.04176
-0.52742,-0.92705,-0.03537
-0.34662,-0.96350,-0.03249
-0.25646,-1.12771,-0.02769
-0.33505,-0.84863,-0.02606
-0.32736,-0.86239,-0.02904
-0.30465,-1.03372,-0.02926
-0.39032,-0.69709,-0.02610
-0.07386,-1.05123,-0.01992
-0.23246,-1.20079,-0.02870
-0.48358,-1.18707,-0.04112
-0.08201,-1.04111,-0.02133
-0.06946,-0.85944,-0.01577
-0.09212,-1.23074,-0.02308
-0.27425,-1.51462,-0.03252
-0.21765,-0.78049,-0.02324
-0.31265,-0.80966,-0.02790
-0.35054,-0.93111,-0.03385
-0.50990,-0.89831,-0.03332
-0.45014,-0.74644,-0.02645
-0.21638,-0.83410,-0.02102
-0.28051,-0.81095,-0.02907
-0.17904,-0.82529,-0.02235
-0.41543,-1.00944,-0.04013
-0.25303,-0.80726,-0.02166
-0.25568,-0.48955,-0.02013
-0.45950,-1.16971,-0.04022
-0.16024,-1.11915,-0.02538
-0.37736,-0.82965,-0.02895
-0.27875,-0.80996,-0.02762
-0.30325,-0.51334,-0.02223
-0.66129,-0.50420,-0.03434
-0.40559,-0.75697,-0.03255
-0.49038,-1.04843,-0.03337
-0.40267,-0.80594,-0.03033
-0.40479,-1.34784,-0.03355
-0.47858,-0.61215,-0.02831
-0.31797,-1.08067,-0.03132
-0.40928,-0.58494,-0.02224
-0.31212,-0.73140,-0.02744
-0.38051,-1.23768,-0.03390
-0.34573,-0.60708,-0.02352
-0.53519,-1.03820,-0.04259
-0.61653,-1.05985,-0.04524
-0.62738,-0.78163,-0.04090
-0.29217,-0.80239,-0.02207
-0.30895,-0.80413,-0.02723
-0.48081,-0.38801,-0.02664
-0.66650,-1.08952,-0.04141
-0.27716,-0.79443,-0.01977
-0.70290,-0.67980,-0.04705
-0.23937,-0.60025,-0.02207
-0.49808,-0.40156,-0.02832
-0.76463,-1.20085,-0.04851
-0.67725,-0.98742,-0.04140
-0.35819,-0.67888,-0.02389
-0.28752,-1.15647,-0.03600
-0.42831,-0.53110,-0.03011
-0.49589,-0.57323,-0.03125
-0.21596,-0.86984,-0.02815
-0.37857,-1.14578,-0.03286
-0.65586,-1.35372,-0.05700
-0.47023,-1.39339,-0.03840
-0.42740,-0.59829,-0.03308
-0.34984,-0.80777,-0.02865
-0.36419,-0.47285,-0.01934
-0.38906,-1.17898,-0.03033
0.02422,-1.32264,-0.01796
-0.46671,-1.18876,-0.03516
-0.06655,-1.01356,-0.01805
-0.50772,-1.06265,-0.03237
-0.22928,-0.39345,-0.01810
-0.32989,-1.23806,-0.03596
-0.45500,-0.88428,-0.03493
-0.55831,-0.71228,-0.03719
-0.39814,-0.62385,-0.03081
-0.22372,-0.69718,-0.02531
-0.48080,-0.92040,-0.03456
-0.36252,-0.66225,-0.02453
-0.28948,-0.83288,-0.02863
-0.66184,-1.37405,-0.03777
-0.08874,-0.29794,-0.00815
-0.20672,-0.55711,-0.01684
-0.58013,-0.64805,-0.03698
-0.30115,-1.03136,-0.02806
-0.08555,-0.68818,-0.01458
-0.24979,-1.01277,-0.02482
-0.47782,-0.54762,-0.03148
-0.17904,-0.51972,-0.01906
-0.47501,-0.76283,-0.03722
-0.30581,-0.98952,-0.02961
-0.35323,-0.66104,-0.03090
-0.50661,-0.81141,-0.02977
-0.18694,-1.04699,-0.02552
-0.37360,-0.80976,-0.02455
-0.21620,-0.31405,-0.01411
-0.46988,-0.83872,-0.03320
-0.52908,-0.37871,-0.02663
-0.31057,-0.97934,-0.02168
-0.57764,-0.65064,-0.03772
-0.41874,-1.32624,-0.03227
-0.31083,-1.30915,-0.03376
-0.29595,-0.41904,-0.01666
-0.66677,-1.39752,-0.04631
-0.43895,-1.16998,-0.03231
-0.43351,-0.81207,-0.03553
-0.63357,-0.56545,-0.03014
-0.22722,-1.18197,-0.02940
-0.14135,-0.48379,-0.01580
-0.29243,-0.94128,-0.02936
-0.33883,-1.35390,-0.03852
-0.50647,-0.50051,-0.03079
-0.32414,-0.85864,-0.02648
-0.42297,-0.59327,-0.02604
-0.55797,-0.76134,-0.04109
-0.17550,-0.64214,-0.01731
-0.44675,-0.88224,-0.03673
-0.39814,-0.85811,-0.02528
-0.19368,-0.85723,-0.02423
-0.33877,-1.26943,-0.03771
-0.68676,-1.57369,-0.04245
-0.34985,-0.62660,-0.02700
-0.22932,-0.99786,-0.02989
-0.65966,-1.34635,-0.04491
-0.30625,-0.67061,-0.02352
-0.42030,-0.74672,-0.02817
-0.51616,-1.02257,-0.04169
-0.23897,-0.55925,-0.02180
-0.32880,-0.76791,-0.03160
-0.28344,-1.07423,-0.03449
-0.43030,-0.84810,-0.03191
-0.28811,-1.11444,-0.02515
-0.18714,-1.16743,-0.02226
-0.44753,-0.59521,-0.02900
-0.41511,-0.89110,-0.03570
-0.41569,-0.97352,-0.03421
-0.46205,-1.12465,-0.03648
-0.58976,-0.50003,-0.02593
-0.31217,-1.12293,-0.03240
-0.40900,-1.17423,-0.03063
-0.36418,-0.89462,-0.02793
-0.57441,-0.81739,-0.04371
-0.15088,-0.94559,-0.02301
0.02460,-0.58851,-0.00936
-0.55213,-0.52929,-0.02331
-0.43802,-0.99351,-0.03788
-0.51842,-0.64836,-0.02817
-0.51886,-1.25159,-0.03847
-0.30952,-1.18033,-0.03789
-0.55379,-0.53477,-0.02431
-0.11158,-0.01462,-0.00521
-0.41757,-1.09862,-0.03315
-0.48385,-0.72973,-0.02982
-0.24522,-0.16681,-0.01428
-0.53655,-1.08473,-0.04436
-0.41719,-0.93281,-0.03543
-0.32772,-1.12071,-0.03404
-0.37888,-0.90702,-0.03050
-0.43685,-0.75329,-0.03362
-0.59008,-0.94025,-0.03778
-0.51035,-0.93087,-0.03214
-0.16890,-0.53970,-0.01693
-0.35861,-1.04284,-0.03184
-0.59285,-0.97900,-0.03491
-0.27228,-1.04538,-0.02815
-0.21576,-1.08403,-0.02645
-0.15273,-0.76910,-0.02092
-0.46080,-1.11541,-0.04059
-0.43100,-0.45012,-0.02379
-0.36473,-0.52814,-0.02412
-0.42189,-0.68124,-0.03312
-0.49406,-0.64174,-0.03045
-0.44495,-0.81675,-0.02967
-0.52699,-0.85161,-0.03331
-0.38392,-1.14951,-0.03422
-0.18166,-0.75244,-0.02105
-0.48304,-0.89641,-0.03808
-0.30401,-0.88325,-0.02914
-0.41074,-0.72857,-0.03217
-0.53246,-0.99852,-0.04416
-0.46218,-0.46225,-0.02883
-0.33318,-1.32418,-0.03745
-0.42063,-0.50078,-0.02854
-0.34304,-1.08427,-0.03739
-0.41142,-0.50833,-0.02469
-0.27887,-0.98199,-0.02615
-0.42462,-0.43132,-0.02831
-0.52223,-0.94168,-0.03455
-0.38568,-0.38809,-0.01793
-0.39665,-1.12189,-0.03283
-0.43622,-0.61624,-0.03148
-0.36620,-0.78218,-0.02804
-0.48163,-1.04667,-0.03627
-0.24511,-0.79137,-0.02508
-0.43653,-0.33686,-0.02661
-0.40870,-1.46168,-0.03778
-0.27097,-0.55178,-0.01978
-0.33481,-1.31819,-0.03739
-0.46673,-0.76462,-0.03161
-0.73152,-2.10990,-0.04143
-0.40212,-0.37384,-0.02537
-0.41745,-1.04896,-0.02606
-0.62647,-0.88133,-0.03632
-0.40037,-0.72269,-0.03183
-0.21638,-1.22921,-0.02816
-0.40809,-1.31797,-0.03103
-0.31785,-0.60231,-0.02561
-0.25621,-0.59384,-0.02104
-0.82227,-0.75607,-0.04319
-0.47875,-0.59760,-0.03027
-0.21682,-0.66779,-0.02299
-0.37275,-0.58036,-0.02743
-0.45761,-0.48298,-0.02835
-0.22585,-0.70813,-0.01975
-0.31228,-0.75077,-0.02458
-0.56026,-1.11665,-0.05133
-0.29109,-0.89624,-0.02497
-0.14748,-0.94381,-0.02106
-0.59013,-0.94679,-0.04017
-0.15417,-1.09908,-0.02374
-0.16978,-0.37745,-0.01209
-0.44166,-0.59843,-0.03148
-0.46516,-0.98993,-0.03207
-0.24987,-1.36463,-0.02958
-0.09187,-1.17197,-0.02279
-0.34438,-0.29423,-0.02000
-0.54995,-1.29548,-0.04532
-0.16200,-0.65549,-0.02031
-0.59682,-1.36430,-0.04623
-0.55280,-1.10940,-0.03757
-0.38512,-0.38675,-0.02493
-0.36665,-0.26401,-0.01978
-0.64335,-0.77307,-0.03335
-0.57400,-0.87989,-0.04184
-0.46006,-0.46393,-0.03227
-0.59355,-0.65293,-0.03299
-0.58603,-0.52715,-0.03226
-0.32292,-0.99650,-0.02642
-0.64344,-0.62080,-0.03177
-0.11961,-1.16181,-0.02480
-0.45110,-0.58507,-0.03064
-0.77635,-0.78202,-0.04862
-0.58648,-1.12279,-0.04263
-0.32777,-0.79456,-0.02742
-0.79954,-0.83433,-0.04509
-0.45497,-1.06164,-0.03179
-0.31544,-0.19486,-0.01359
-0.06553,-0.79348,-0.01549
-0.11134,-0.64820,-0.01636
-0.12198,-0.71161,-0.01765
-0.41769,-1.14936,-0.02400
-0.50106,-1.05137,-0.04507
-0.59258,-0.95491,-0.04049
-0.21470,-0.43689,-0.01897
-0.42491,-0.94296,-0.03017
-0.33432,-1.24084,-0.03103
-0.34767,-0.77711,-0.02332
-0.54867,-0.69022,-0.03720
-0.77145,-0.70581,-0.04026
-0.29879,-1.13409,-0.02720
-0.42656,-1.10547,-0.03352
-0.04808,-0.92673,-0.01747
-0.27529,-0.76102,-0.02544
-0.60737,-0.80535,-0.03533
-0.35014,-0.77343,-0.03020
-0.46593,-0.64152,-0.03050
-0.60025,-1.09320,-0.03845
-0.18025,-0.73088,-0.01396
-0.62259,-0.60306,-0.03640
-0.35178,-0.58490,-0.03041
-0.32414,-0.97322,-0.03592
-0.31776,-0.54900,-0.02401
-0.37614,-1.44593,-0.03500
-0.16389,-0.49884,-0.01703
-0.48809,-1.08020,-0.03854
-0.48313,-0.78532,-0.03164
-0.63323,-0.83725,-0.03926
-0.37444,-0.97947,-0.03744
-0.47800,-1.11144,-0.04302
-0.13910,-0.49213,-0.01689
-0.55413,-0.20459,-0.02721
-0.21208,-0.99159,-0.02117
-0.36014,-1.13893,-0.03243
-0.31799,-0.74732,-0.03000
-0.30130,-0.61092,-0.02572
-0.67265,-0.54703,-0.03464
-0.58221,-0.89391,-0.03569
-0.27008,-0.97126,-0.02563
-0.35766,-1.27441,-0.03303
-0.45336,-0.87263,-0.03294
-0.48902,-1.10084,-0.04408
-0.50038,-1.04890,-0.03452
-0.42813,-0.61925,-0.02958
-0.52711,-0.84497,-0.03342
-0.30218,-0.87860,-0.02713
-0.24111,-1.02875,-0.02250
-0.41072,-0.84208,-0.03669
-0.23656,-0.65319,-0.02241
-0.21446,-0.68356,-0.02022
-0.44544,-0.66808,-0.02525
-0.38962,-0.65495,-0.02507
-0.22596,-1.03719,-0.02225
-0.43842,-1.33107,-0.03962
-0.60782,-1.26247,-0.05012
-0.39750,-0.82574,-0.03120
-0.46108,-0.86411,-0.03643
-0.67163,-0.67739,-0.03317
-0.30028,-0.72229,-0.02560
-0.30991,-0.76766,-0.02804
-0.37978,-0.68725,-0.02737
-0.40029,-1.10124,-0.03286
0.01732,-1.00476,-0.01431
-0.54467,-0.73316,-0.03277
-0.66762,-0.60866,-0.03315
-0.38964,-0.92340,-0.03308
-0.41571,-0.53864,-0.03034
-0.70901,-1.05640,-0.04255
-0.45660,-1.06939,-0.03793
-0.34773,-0.47834,-0.02128
-0.17079,-1.27406,-0.02523
-0.22848,-1.01898,-0.02403
-0.10315,-0.58878,-0.01287
-0.28865,-0.53917,-0.02049
-0.77472,-1.65689,-0.05707
-0.50203,-0.64931,-0.03612
-0.19550,-0.77883,-0.02090
-0.47914,-0.73596,-0.02720
-0.63499,-0.75885,-0.03469
-0.42839,-1.12473,-0.03767
-0.32322,-1.03540,-0.02691
-0.06601,-0.96845,-0.01830
-0.39076,-0.87441,-0.02940
-0.22744,-0.44272,-0.01895
-0.42709,-0.69946,-0.03449
-0.11359,-1.46100,-0.02576
-0.36783,-1.03423,-0.02976
-0.45554,-0.66523,-0.03065
-0.42260,-1.26582,-0.03915
-0.49375,-0.47555,-0.02986
-0.19457,-0.57810,-0.01872
-0.52262,-0.79451,-0.03707
-0.19227,-0.63713,-0.02106
-0.57195,-0.68399,-0.03572
-0.17218,-1.18081,-0.02615
-0.60664,-0.80353,-0.02738
-0.33609,-0.79543,-0.02637
-0.19263,-0.58519,-0.01920
-0.52624,-0.89324,-0.03071
-0.59707,-1.20566,-0.04156
-0.69683,-0.73459,-0.04138
-0.09390,-0.71549,-0.01877
-0.55380,-0.64735,-0.03629
-0.22404,-1.16378,-0.02989
-0.54594,-0.59334,-0.03360
-0.57619,-0.80193,-0.04417
-0.54879,-0.58324,-0.03370
-0.29283,-0.63696,-0.02255
-0.36490,-0.54638,-0.02656
-0.51069,-1.29864,-0.03953
-0.21654,-0.52130,-0.02070
-0.62732,-0.79306,-0.03902
-0.69716,-1.23490,-0.03980
-0.53185,-0.72236,-0.03393
-0.47374,-0.86569,-0.03196
-0.46873,-0.80688,-0.03841
-0.34777,-0.32979,-0.02316
-0.53810,-1.38349,-0.04415
-0.69058,-0.81741,-0.03720
-0.27907,-0.40566,-0.02075
-0.46238,-0.29937,-0.02257
-0.34642,-0.87929,-0.02445
-0.31759,-0.84027,-0.03058
-0.50021,-1.33503,-0.04200
-0.39913,-1.05916,-0.03196
-0.40004,-1.03515,-0.03445
-0.50548,-0.57398,-0.02639
-0.66345,-0.70722,-0.03519
-0.17435,-0.75023,-0.01911
-0.22308,-0.93515,-0.02320
-0.73736,-1.20626,-0.04087
-0.40009,-1.16672,-0.03025
-0.39227,-0.85823,-0.02747
-0.22749,-0.65644,-0.02123
-0.33951,-0.65705,-0.02450
-0.30473,-0.65350,-0.02638
-0.37647,-0.86562,-0.02560
-0.69766,-1.28890,-0.04204
-0.34794,-0.56252,-0.02556
-0.59213,-1.30182,-0.04592
0.04918,-0.88783,-0.01127
-0.39965,-0.49415,-0.02555
-0.39251,-0.89299,-0.02957
-0.34371,-0.62838,-0.02392
-0.19338,-0.54681,-0.01908
-0.52779,-0.59067,-0.02529
-0.17611,-0.82996,-0.02112
-0.50226,-0.99270,-0.03864
-0.35050,-0.66597,-0.03051
-0.40999,-1.12541,-0.03246
-0.39351,-0.99674,-0.03277
-0.67457,-0.87231,-0.03668
-0.26858,-0.81179,-0.02551
-0.33138,-0.45250,-0.02280
-0.70708,-0.44229,-0.03721
-0.20467,-0.24645,-0.01183
-0.17999,-0.94393,-0.02665
-0.45767,-1.08876,-0.03806
-0.29440,-0.85933,-0.02601
-0.32930,-0.56892,-0.01954
-0.65143,-1.13253,-0.03975
-0.21045,-0.99666,-0.02513
-0.77612,-0.66448,-0.03999
-0.26390,-0.55889,-0.02039
-0.21192,-0.83721,-0.02468
-0.32747,-1.14530,-0.03163
-0.47061,-0.79205,-0.02932
-0.23996,-0.75360,-0.02598
-0.36556,-1.16353,-0.03322
-0.45619,-0.29559,-0.02598
-0.35003,-1.12186,-0.02903
-0.16045,-0.88379,-0.02344
-0.37423,-0.87584,-0.03205
-0.38129,-1.15981,-0.03093
-0.52312,-1.05774,-0.04522
-0.38428,-1.17020,-0.02821
-0.31352,-0.69554,-0.02734
-0.09922,-0.66478,-0.01511
-0.63543,-1.16568,-0.04609
-0.17388,-1.06498,-0.02470
-0.10804,-1.33624,-0.02774
-0.47125,-0.95090,-0.03335
-0.24159,-0.35644,-0.01797
-0.73962,-1.27148,-0.04496
-0.65163,-0.69711,-0.03665
-0.33188,-0.85703,-0.02794
-0.27534,-0.36715,-0.01828
-0.28848,-1.05196,-0.02819
-0.29438,-0.75492,-0.02552
-0.27782,-1.29707,-0.03521
-0.29300,-0.69314,-0.02343
-0.43265,-0.97395,-0.03790
-0.45979,-0.81805,-0.03672
-0.43836,-0.77685,-0.03797
-0.51336,-0.97981,-0.04128
-0.37278,-1.15684,-0.03518
-0.49531,-0.46758,-0.02694
-0.50627,-1.00052,-0.04420
-0.18859,-0.81857,-0.02376
-0.20810,-1.23592,-0.02553
-0.50080,-1.45314,-0.03740
-0.55301,-1.20696,-0.04765
-0.53817,-0.73026,-0.03712
-0.56173,-1.18728,-0.04214
-0.36684,-0.66288,-0.02764
-0.45890,-0.83299,-0.03431
-0.35263,-0.82963,-0.03142
-0.54534,-1.02374,-0.03621
-0.28393,-0.85140,-0.02522
-0.65604,-0.85151,-0.03899
-0.59748,-0.58537,-0.03799
-0.31124,-1.29470,-0.03386
-0.46496,-0.69623,-0.03059
-0.45747,-1.15072,-0.03542
-0.63615,-1.04363,-0.04596
-0.58353,-0.82929,-0.03980
-0.00163,-1.06862,-0.01752
-0.52056,-1.17600,-0.03787
-0.50461,-1.15474,-0.03276
-0.33510,-1.09973,-0.02701
-0.27153,-0.46758,-0.02002
-0.30710,-0.75662,-0.02236
-0.18955,-1.04808,-0.02375
-0.42055,-1.26335,-0.03047
-0.36839,-1.12639,-0.03435
-0.20082,-1.08731,-0.01886
-0.33816,-0.72789,-0.03011
-0.36373,-0.92372,-0.02815
-0.34494,-1.07111,-0.03328
-0.69773,-1.15399,-0.04559
-0.59576,-0.98814,-0.04137
-0.20544,-1.53658,-0.03224
-0.43189,-0.83713,-0.02563
-0.26788,-1.35599,-0.02779
-0.21553,-0.43198,-0.01838
-0.97051,-1.66939,-0.05439
-0.45040,-0.32244,-0.02275
-0.41541,-0.61654,-0.02909
-0.44672,-1.29678,-0.04180
-0.31241,-1.09643,-0.02927
-0.39012,-0.97262,-0.03525
-0.33988,-1.21003,-0.02987
-0.46991,-0.75236,-0.03431
-0.36182,-1.30869,-0.03283
-0.28861,-1.04698,-0.02939
-0.26331,-0.41706,-0.01781
-0.29093,-0.98590,-0.02862
-0.54281,-0.65698,-0.02631
-0.42409,-0.97830,-0.03404
-0.38978,-0.46812,-0.02632
-0.18834,-0.85908,-0.02117
-0.56887,-0.88525,-0.03541
-0.52641,-0.79333,-0.02936
-0.54154,-0.87749,-0.03611
-0.22349,-1.21752,-0.02601
-0.48142,-0.60690,-0.03462
-0.47743,-0.67894,-0.03418
-0.38616,-1.08310,-0.02810
-0.45076,-0.54818,-0.03068
-0.31765,-0.49201,-0.02255
-0.24309,-1.05794,-0.02615
-0.36418,-0.44755,-0.02625
-0.46638,-1.17480,-0.03791
-0.60890,-0.67152,-0.03602
-0.39783,-0.44404,-0.02394
-0.23206,-0.82635,-0.02744
-0.51546,-0.86258,-0.04095
-0.57933,-0.56957,-0.03373
-0.43401,-0.99679,-0.02963
-0.37840,-0.72600,-0.02679
-0.45478,-1.13310,-0.04434
-0.35020,-0.73847,-0.02806
-0.49982,-0.76055,-0.03171
-0.14674,-0.68462,-0.01700
-0.43997,-1.34491,-0.03837
-0.18140,-0.92312,-0.02074
-0.49166,-0.89108,-0.03145
-0.50131,-1.04139,-0.03831
-0.41111,-1.39089,-0.03636
-0.25907,-0.85337,-0.02620
-0.33534,-0.84555,-0.02719
-0.30492,-1.19192,-0.03936
-0.37661,-1.07095,-0.03934
-0.48101,-1.08683,-0.04163
-0.37938,-0.39261,-0.02328
-0.53363,-0.83718,-0.02809
-0.68732,-0.80681,-0.04097
-0.53561,-0.95497,-0.04696
-0.45281,-0.72616,-0.03257
-0.29819,-0.61121,-0.02001
-0.26934,-1.22229,-0.03081
-0.22140,-0.99970,-0.02128
-0.42871,-1.08624,-0.04118
-0.47599,-0.41447,-0.02600
-0.36427,-1.21155,-0.03358
-0.62481,-0.83809,-0.03458
-0.49721,-1.17479,-0.03555
-0.21059,-0.68789,-0.01971
-0.17461,-0.76770,-0.01815
-0.49428,-0.55478,-0.02926
-0.12632,-0.73601,-0.01999
-0.28987,-0.90796,-0.02581
-0.60290,-1.05303,-0.03578
-0.48291,-1.14081,-0.04307
-0.11553,-0.22301,-0.01056
-0.37604,-0.66365,-0.02380
-0.20993,-0.93812,-0.02576
-0.46196,-0.72542,-0.03349
-0.19411,-0.88048,-0.02602
-0.48298,-0.91384,-0.03893
-0.37894,-0.55725,-0.02074
-0.35253,-0.56572,-0.02614
-0.57700,-1.06191,-0.04432
-0.41980,-1.34769,-0.03253
-0.42809,-0.89496,-0.03388
-0.35152,-0.87731,-0.02523
-0.37957,-0.95182,-0.03069
-0.20138,-1.06797,-0.02258
-0.32874,-0.91775,-0.02685
-0.36983,-1.04365,-0.03557
-0.51360,-1.31186,-0.05229
-0.40164,-0.65294,-0.02443
-0.52290,-0.81918,-0.03513
-0.35147,-1.11949,-0.02876
-0.10756,-0.92739,-0.02013
-0.57247,-0.95655,-0.03952
-0.13561,-1.25213,-0.02330
-0.14675,-0.53636,-0.01730
-0.74355,-0.80912,-0.04474
-0.19328,-0.98540,-0.02203
-0.46132,-1.08246,-0.03299
-0.29297,-0.39763,-0.01836
-0.27877,-0.92764,-0.02730
-0.15237,-0.44760,-0.01273
-0.81401,-0.71856,-0.05051
-0.19577,-0.68204,-0.01723
-0.42836,-1.15226,-0.03180
-0.50625,-1.10723,-0.04542
-0.21236,-0.94090,-0.02692
-0.23957,-1.17787,-0.02564
-0.24127,-0.40193,-0.01991
-0.09086,-0.73272,-0.01606
-0.22908,-0.64322,-0.01925
-0.28825,-1.13302,-0.03260
0.04984,-1.04244,-0.01288
-0.45425,-1.10196,-0.03198
-0.42457,-1.00540,-0.02918
-0.27795,-0.80725,-0.02577
-0.35485,-0.65059,-0.02263
-0.64090,-0.99358,-0.04175
-0.36810,-1.05725,-0.02875
-0.23245,-0.84583,-0.02216
-0.47818,-1.19824,-0.03971
-0.60840,-0.73531,-0.03757
-0.59034,-0.82940,-0.03595
-0.40312,-0.34595,-0.02427
-0.14734,-0.50021,-0.01370
-0.48247,-1.07648,-0.04302
-0.39563,-0.62545,-0.03177
-0.13129,-0.65687,-0.01790
-0.41594,-0.64589,-0.02664
-0.19634,-0.18437,-0.01114
-0.41634,-0.54724,-0.02777
-0.34339,-0.55313,-0.02213
-0.39312,-0.66762,-0.02461
-0.18321,-0.71173,-0.02104
-0.58916,-0.86586,-0.04209
-0.30447,-1.08403,-0.03251
-0.36897,-1.03354,-0.03273
-0.05069,-0.24144,-0.00648
-0.33728,-1.02036,-0.03264
-0.31442,-0.50983,-0.02379
-0.48906,-0.77309,-0.03453
-0.19065,-1.16536,-0.02739
-0.30734,-0.59370,-0.02690
-0.70088,-0.87362,-0.04070
-0.38532,-1.31666,-0.03197
-0.80661,-1.22711,-0.04340
-0.28014,-0.59368,-0.02464
-0.30183,-1.11823,-0.02477
-0.64682,-0.91097,-0.04198
-0.25106,-0.46851,-0.01922
-0.21912,-0.78512,-0.02045
-0.38817,-0.73258,-0.02947
-0.17125,-0.58827,-0.01871
-0.24799,-0.79048,-0.02382
-0.28676,-1.04584,-0.03177
-0.40130,-1.21927,-0.03903
-0.46338,-0.81885,-0.03563
-0.49498,-0.81885,-0.03857
-0.23949,-1.26768,-0.03111
-0.29005,-0.56816,-0.02156
-0.37702,-0.46813,-0.02464
-0.27984,-0.66933,-0.02151
-0.61574,-1.34377,-0.04235
-0.50120,-0.69145,-0.02853
-0.35893,-0.62364,-0.02920
-0.32278,-0.43278,-0.01893
-0.11313,-0.99142,-0.02066
-0.15383,-0.47495,-0.01521
-0.30893,-0.23799,-0.01580
-0.22527,-0.39904,-0.01363
-0.08673,-1.12492,-0.01990
-0.22104,-0.87545,-0.02652
-0.59531,-0.39432,-0.02821
-0.25641,-0.49329,-0.02047
-0.59434,-1.19328,-0.04135
-0.18829,-0.52717,-0.01934
-0.23499,-0.75560,-0.02274
-0.50711,-1.25668,-0.04012
-0.27786,-1.06356,-0.02926
-0.45062,-1.31642,-0.03347
-0.47867,-0.51900,-0.03211
-0.60694,-0.96296,-0.04108
-0.45648,-1.11587,-0.03881
-0.53158,-0.57265,-0.03256
-0.63330,-1.13143,-0.03871
-0.18092,-0.99589,-0.02431
-0.26592,-0.76334,-0.02568
0.10952,-0.77900,-0.00871
-0.45282,-0.94771,-0.03281
-0.35124,-0.99697,-0.02762
-0.37555,-0.88625,-0.02876
-0.59486,-0.94973,-0.04077
-0.42002,-0.70546,-0.03059
-0.33450,-0.48196,-0.02181
-0.66811,-1.20617,-0.04551
-0.69475,-1.18664,-0.04563
-0.11195,-1.35587,-0.02378
-0.36494,-0.93774,-0.03107
-0.42478,-1.03518,-0.03439
-0.41273,-0.86264,-0.03213
-0.09936,-1.48718,-0.02328
-0.36330,-0.69334,-0.02575
-0.26598,-0.51256,-0.02100
-0.25661,-0.59207,-0.01985
-0.25169,-0.47334,-0.01990
-0.55721,-1.02022,-0.04493
-0.43529,-0.62559,-0.02749
-0.36998,-0.76638,-0.02933
-0.39178,-1.14171,-0.04025
-0.28947,-1.07404,-0.02953
-0.55295,-0.98002,-0.03045
-0.23616,-0.92740,-0.02048
-0.52300,-1.08188,-0.03868
-0.22570,-1.53631,-0.02280
-0.42076,-0.75310,-0.03223
-0.41536,-1.42543,-0.04430
-0.25128,-0.68369,-0.02256
-0.37112,-0.98520,-0.03558
-0.31580,-0.23728,-0.01898
-0.26045,-1.20208,-0.02795
-0.40708,-1.05433,-0.03436
-0.42162,-0.62485,-0.02815
-0.28009,-0.81821,-0.02806
-0.29770,-0.83334,-0.02894
-0.36053,-0.60015,-0.02704
-0.25130,-0.82637,-0.02206
-0.34675,-0.87904,-0.02862
-0.56833,-1.05344,-0.04119
-0.03967,-0.55067,-0.00908
-0.28125,-0.38099,-0.01577
-0.63287,-1.08688,-0.03708
-0.35037,-0.67755,-0.03072
-0.49569,-1.31821,-0.04736
-0.06342,-0.50422,-0.01062
-0.56844,-1.35967,-0.03448
-0.35537,-0.87729,-0.02756
-0.36576,-0.84997,-0.02910
-0.58505,-1.09508,-0.04519
-0.38743,-0.68464,-0.02410
-0.78512,-0.35956,-0.04251
-0.30229,-1.12114,-0.03084
-0.34142,-1.06058,-0.03403
-0.61136,-0.97744,-0.03988
-0.60191,-1.43341,-0.04703
-0.31542,-1.03154,-0.03451
-0.34861,-0.92208,-0.03125
-0.23568,-1.03943,-0.03056
-0.26501,-1.14640,-0.02332
-0.33173,-0.94867,-0.03104
-0.45641,-1.37767,-0.03671
-0.40267,-1.19144,-0.03333
-0.48701,-0.80429,-0.03245
-0.63599,-1.10517,-0.04552
-0.34697,-0.90895,-0.02886
-0.24263,-0.94244,-0.02473
-0.29052,-1.01687,-0.03156
-0.25968,-0.86008,-0.02834
-0.35957,-0.79211,-0.02925
-0.08270,-0.96680,-0.01977
-0.49327,-0.90233,-0.03557
-0.22379,-0.47686,-0.02034
-0.28192,-0.74203,-0.02067
-0.43670,-0.63664,-0.02796
-0.29242,-0.70324,-0.02467
0.12427,-0.30223,-0.00083
-0.09508,-0.69164,-0.01501
-0.45735,-0.91250,-0.03500
-0.26011,-0.86359,-0.02393
-0.45901,-0.39727,-0.02794
-0.35622,-1.04357,-0.03158
0.01943,-0.57531,-0.00823
-0.32530,-0.62818,-0.02074
-0.28576,-0.65062,-0.02420
-0.26364,-0.94781,-0.02291
-0.43526,-0.18612,-0.02041
-0.48153,-1.19417,-0.04235
-0.29804,-1.09338,-0.03037
-0.55215,-1.12409,-0.03883
-0.55331,-0.70630,-0.03079
-0.46048,-0.76843,-0.03146
-0.33433,-0.91790,-0.03319
-0.33690,-0.87253,-0.03192
-0.73100,-0.79730,-0.03575
-0.52217,-0.73542,-0.03138
-0.64081,-0.90198,-0.03694
-0.48722,-0.63213,-0.03245
-0.35421,-0.49391,-0.02547
-0.33995,-0.99343,-0.02892
-0.42351,-0.66517,-0.03288
-0.52484,-1.20147,-0.03624
-0.65708,-1.19860,-0.04538
-0.09945,-0.77828,-0.01691
-0.33783,-0.39880,-0.01884
-0.24406,-0.45431,-0.01697
-0.36094,-0.81417,-0.02438
-0.27363,-0.87224,-0.02477
-0.22807,-0.35140,-0.01840
-0.54924,-0.44689,-0.02619
-0.25999,-1.16509,-0.03096
-0.26727,-1.13437,-0.02716
-0.25104,-1.08767,-0.03293
-0.29938,-1.16383,-0.03021
-0.35269,-1.00510,-0.03163
-0.38894,-0.67176,-0.02858
-0.14023,-1.26577,-0.02195
-0.26819,-1.15603,-0.02503
-0.45939,-0.67755,-0.02916
-0.27869,-0.41843,-0.01652
-0.48726,-0.91993,-0.03349
-0.34669,-0.65018,-0.02679
-0.35711,-1.07549,-0.03543
-0.64102,-1.22729,-0.04309
-0.27104,-0.92992,-0.02926
-0.20048,-0.66813,-0.02307
-0.07691,-0.60017,-0.01384
-0.59261,-0.61418,-0.03794
-0.61083,-0.78033,-0.03722
-0.38739,-0.27805,-0.01778
-0.29950,-0.74540,-0.02746
-0.44732,-0.73788,-0.03467
-0.28357,-0.97812,-0.03020
-0.32220,-0.95038,-0.03200
-0.42257,-0.55741,-0.02472
-0.32204,-0.61977,-0.02310
-0.15505,-0.88899,-0.02202
-0.23190,-1.00920,-0.02670
-0.41230,-0.57854,-0.02771
-0.17093,-0.79192,-0.02349
-0.48564,-0.89941,-0.03617
-0.37213,-0.92293,-0.02427
-0.54632,-0.94188,-0.04057
-0.39243,-0.94934,-0.03135
-0.46668,-0.84725,-0.02597
-0.84167,-0.39382,-0.04008
-0.31204,-0.52916,-0.01741
-0.25611,-1.28807,-0.03790
-0.45217,-0.64742,-0.02757
-0.34639,-1.11461,-0.02673
-0.46735,-0.49345,-0.03092
-0.30884,-0.78458,-0.02963
-0.44545,-0.81511,-0.03434
-0.24710,-0.14012,-0.01550
-0.63663,-0.48219,-0.03024
-0.48008,-0.63717,-0.02692
-0.45087,-1.20512,-0.03751
-0.30778,-0.83311,-0.03003
-0.29309,-0.62920,-0.02311
-0.43224,-0.98904,-0.02800
-0.13072,-0.63190,-0.01591
-0.39513,-0.35279,-0.02447
-0.60064,-1.01823,-0.04038
-0.38348,-0.97220,-0.03818
-0.29585,-0.80042,-0.02459
-0.39067,-0.21899,-0.02128
-0.28237,-1.01418,-0.02840
-0.35242,-0.86168,-0.02991
-0.13000,-0.42057,-0.01283
-0.28774,-0.57348,-0.02266
-0.25799,-0.56166,-0.02010
-0.29627,-0.86428,-0.02906
-0.11854,-0.95665,-0.02336
-0.56146,-1.06060,-0.04078
-0.50798,-0.72530,-0.03219
-0.42593,-1.13264,-0.04070
-0.26176,-0.84938,-0.02568
-0.25205,-0.75682,-0.02625
-0.32313,-0.11766,-0.01597
-0.41553,-0.70597,-0.02963
-0.52143,-0.81127,-0.03818
-0.28837,-0.55136,-0.02521
-0.69451,-0.70968,-0.03714
-0.05633,-0.60565,-0.01219
-0.59531,-1.43617,-0.04196
-0.61515,-0.60159,-0.03061
-0.51821,-1.09000,-0.03735
-0.37314,-1.25757,-0.03915
-0.13380,-1.03802,-0.02473
-0.30131,-0.64518,-0.02744
-0.38581,-0.73384,-0.02920
-0.50328,-1.29447,-0.03516
-0.38013,-0.76543,-0.02627
-0.41707,-1.39507,-0.03023
-0.33128,-0.87195,-0.02323
-0.28844,-1.13494,-0.03542
-0.41422,-0.53967,-0.03061
-0.39624,-0.88444,-0.03319
-0.40735,-0.89959,-0.02810
-0.33331,-0.95116,-0.03332
-0.67686,-0.99694,-0.04356
-0.19005,-0.71554,-0.02091
-0.26356,-0.74323,-0.02588
-0.37094,-0.79198,-0.02814
-0.45953,-1.27471,-0.03172
-0.51299,-1.10827,-0.04054
-0.29231,-1.05533,-0.02943
-0.19803,-1.04373,-0.02297
-0.63434,-1.28878,-0.03990
-0.45915,-0.82585,-0.03428
-0.38058,-0.61128,-0.02763
-0.53354,-0.50472,-0.03136
-0.59247,-0.93217,-0.04651
-0.63310,-0.41521,-0.03403
-0.46367,-0.78542,-0.03247
-0.43038,-0.90015,-0.03558
-0.19457,-0.80223,-0.01889
-0.45751,-0.98841,-0.03741
-0.29419,-0.89799,-0.03125
-0.55335,-0.74876,-0.02605
-0.38524,-1.56714,-0.03063
-0.47943,-0.73122,-0.03265
-0.38330,-0.95772,-0.03682
-0.35164,-0.88886,-0.03303
-0.40734,-1.03679,-0.03763
-0.71148,-1.77030,-0.05059
-0.47051,-0.96442,-0.03387
-0.41000,-1.07364,-0.03190
-0.27036,-0.98386,-0.02961
-0.44640,-1.02989,-0.04337
-0.52416,-0.58047,-0.02773
-0.29045,-1.15231,-0.03017
-0.23476,-0.56945,-0.02156
-0.25531,-1.00756,-0.02543
-0.31225,-0.30949,-0.01989
-0.24421,-0.71206,-0.01848
-0.40233,-0.86945,-0.02956
-0.37135,-1.15100,-0.03908
-0.47326,-0.59994,-0.02945
-0.45674,-1.04959,-0.03286
-0.25643,-0.65021,-0.02363
-0.24293,-0.81558,-0.02189
-0.40178,-0.55455,-0.02626
-0.21490,-0.64368,-0.01865
-0.19336,-0.69382,-0.01762
-0.37383,-0.90957,-0.03059
-0.44804,-0.97681,-0.03736
-0.10349,-0.78240,-0.01716
-0.57556,-0.95087,-0.04229
-0.60760,-0.54298,-0.03370
-0.67329,-1.02669,-0.04925
-0.56673,-0.97468,-0.04319
-0.02827,-0.73355,-0.01285
-0.27023,-0.59441,-0.01993
-0.44636,-0.90494,-0.02520
-0.28519,-0.69813,-0.02319
-0.18666,-0.97407,-0.02440
-0.31778,-0.72470,-0.02235
-0.70483,-1.19795,-0.05268
-0.54976,-1.01322,-0.03581
-0.23972,-0.52003,-0.01728
-0.02384,-0.73728,-0.01536
-0.29964,-1.29947,-0.03428
-0.46281,-0.89260,-0.03196
-0.25285,-0.92155,-0.02306
-0.32216,-1.10695,-0.02771
-0.44104,-1.17237,-0.03939
-0.52499,-0.59338,-0.03142
-0.19388,-0.32825,-0.01426
-0.32337,-0.63662,-0.02680
-0.03622,-0.63894,-0.01326
-0.46385,-0.91291,-0.03084
-0.31407,-0.99579,-0.02854
-0.60698,-1.11194,-0.04944
-0.34032,-1.08783,-0.03554
-0.39744,-1.35322,-0.03435
-0.44686,-1.14228,-0.03451
-0.75365,-1.00479,-0.04252
-0.46169,-1.22892,-0.03783
-0.35070,-0.81175,-0.02627
-0.51824,-1.15568,-0.04102
-0.86265,-0.94025,-0.04345
-0.41931,-0.78571,-0.03076
-0.40451,-0.78246,-0.03345
-0.56706,-0.97855,-0.04195
-0.65370,-0.72755,-0.04104
-0.28241,-1.07582,-0.03059
-0.53144,-0.82423,-0.03651
-0.24811,-0.53824,-0.02011
-0.33778,-0.29198,-0.01795
-0.26268,-0.72691,-0.02479
-0.72738,-0.82203,-0.04010
-0.05388,-0.13595,-0.00654
-0.13220,-0.77680,-0.01838
-0.44163,-0.81432,-0.03413
-0.21569,-0.49725,-0.01843
-0.21249,-1.10381,-0.03107
-0.33520,-0.92923,-0.03251
-0.34301,-0.68559,-0.02681
-0.37527,-0.65241,-0.02177
-0.28493,-0.52629,-0.02093
-0.45930,-0.92007,-0.03896
-0.72825,-1.42715,-0.05163
-0.25121,-1.07531,-0.03093
-0.47268,-0.95245,-0.03787
-0.53357,-0.48331,-0.02560
-0.21889,-0.31789,-0.01535
-0.57819,-1.22833,-0.03558
-0.42562,-1.07054,-0.03927
-0.24683,-1.07049,-0.02402
-0.50005,-1.22991,-0.04287
-0.12040,-0.40911,-0.01374
-0.53632,-0.73876,-0.02867
-0.36326,-1.20741,-0.03117
-0.31592,-0.74547,-0.02288
-0.18494,-0.93016,-0.02317
-0.58164,-1.00146,-0.04249
-0.41373,-0.54943,-0.02865
-0.18284,-0.56083,-0.01744
-0.55595,-0.90512,-0.04515
-0.42238,-0.93734,-0.03790
-0.33728,-1.08544,-0.03424
-0.39444,-1.15066,-0.03139
-0.65002,-0.75537,-0.04418
-0.19122,-0.71073,-0.02130
-0.32511,-0.38622,-0.02087
-0.26822,-0.50628,-0.02137
-0.61696,-0.73002,-0.03726
-0.32697,-1.40067,-0.03237
-0.59138,-1.44583,-0.03773
-0.40636,-0.91979,-0.03363
-0.31493,-1.19447,-0.03239
-0.12592,-0.74301,-0.01991
-0.40303,-0.58716,-0.02970
-0.39499,-0.54641,-0.02746
-0.14913,-0.85898,-0.01950
-0.40435,-0.10482,-0.02076
-0.50088,-1.01120,-0.03798
-0.38811,-1.06681,-0.02924
-0.23677,-0.46035,-0.01948
-0.38732,-0.96565,-0.03381
-0.55973,-0.27785,-0.02527
-0.47513,-0.99957,-0.03836
-0.23334,-0.65428,-0.02283
-0.55684,-1.30558,-0.03782
-0.62144,-0.82623,-0.03873
-0.30819,-0.54380,-0.02316
-0.64834,-1.32067,-0.05018
-0.43122,-0.63231,-0.02769
-0.33631,-0.73144,-0.02435
-0.43204,-0.60020,-0.02339
-0.38205,-0.92856,-0.02893
-0.36853,-0.95664,-0.03794
-0.11489,-0.76508,-0.01828
-0.55418,-0.70544,-0.03648
-0.66960,-1.42961,-0.04695
-0.40612,-1.15799,-0.03857
-0.27637,-0.76928,-0.02411
-0.39725,-0.50002,-0.02749
-0.44961,-1.00887,-0.03722
-0.55663,-0.54416,-0.03181
-0.21759,-0.90990,-0.02366
-0.36458,-1.08212,-0.03798
-0.49246,-1.14877,-0.03480
-0.57998,-1.06026,-0.04090
-0.34449,-0.98806,-0.03285
-0.42371,-0.81870,-0.03342
-0.36126,-0.76021,-0.02751
-0.44022,-0.91437,-0.03478
-0.44361,-1.20040,-0.03638
-0.12867,-0.89321,-0.01949
-0.58700,-0.80450,-0.04087
-0.56846,-1.32240,-0.04100
-0.38418,-0.89459,-0.03428
-0.39828,-0.53016,-0.02517
-0.30355,-0.75262,-0.02909
-0.58879,-1.13804,-0.04499
-0.56540,-0.69766,-0.03671
-0.37068,-0.57430,-0.02679
-0.51140,-1.26131,-0.04155
-0.40110,-0.75338,-0.02423
-0.30283,-0.30815,-0.01950
-0.41321,-1.23195,-0.03494
-0.51617,-0.74882,-0.03059
-0.43307,-0.87019,-0.03432
-0.46069,-1.37582,-0.04369
-0.18081,-0.84497,-0.01934
-0.41909,-0.68387,-0.03404
-0.35338,-0.72765,-0.02611
-0.24268,-0.93908,-0.02780
-0.04325,-0.40272,-0.00977
-0.55966,-0.97339,-0.03434
-0.54048,-0.30562,-0.02569
-0.20954,-0.73039,-0.02583
-0.58574,-1.13707,-0.04032
-0.33602,-0.51661,-0.02512
-0.66516,-0.91066,-0.03903
-0.43391,-0.63139,-0.02914
-0.52985,-1.07872,-0.03699
-0.48942,-0.87257,-0.03336
-0.39191,-1.03175,-0.03027
-0.37982,-1.21906,-0.03932
0.03880,-0.70073,-0.00885
-0.60518,-0.87676,-0.03966
-0.17701,-1.04088,-0.02671
-0.41676,-1.27492,-0.04133
-0.56193,-0.74651,-0.03439
-0.22388,-1.16339,-0.02804
-0.39816,-0.81558,-0.02840
-0.07485,-0.38564,-0.01288
-0.52661,-0.88103,-0.04001
-0.70808,-1.39899,-0.05163
-0.57363,-0.85861,-0.04272
-0.19980,-0.86727,-0.02627
-0.44975,-0.74196,-0.02759
-0.20989,-0.76646,-0.02319
-0.36850,-0.69819,-0.02741
-0.43956,-0.87469,-0.03378
-0.57907,-0.85764,-0.04002
-0.58558,-0.72878,-0.03976
-0.33412,-0.90181,-0.02644
-0.17042,-0.96324,-0.02052
-0.34050,-1.15814,-0.02848
-0.26794,-0.97436,-0.02693
-0.24602,-0.82178,-0.02695
-0.39421,-0.73630,-0.03508
-0.17257,-0.91831,-0.01947
-0.44245,-0.91063,-0.03922
-0.37864,-0.43485,-0.02405
-0.71355,-0.46471,-0.03877
-0.27986,-0.90678,-0.02694
-0.15395,-0.53621,-0.01482
-0.45492,-0.39352,-0.02668
-0.45791,-1.30541,-0.03811
-0.46238,-0.50379,-0.02884
-0.21253,-0.81750,-0.01894
-0.28047,-0.34845,-0.01843
-0.17921,-0.54119,-0.01801
-0.20313,-0.69949,-0.02195
-0.48888,-1.60477,-0.03951
-0.54569,-0.72521,-0.03603
-0.37761,-0.87798,-0.02827
-0.38888,-0.51186,-0.02393
-0.23777,-0.54422,-0.01820
-0.51992,-0.68900,-0.03342
-0.56492,-0.93446,-0.04395
-0.46816,-1.24805,-0.04593
-0.67849,-0.49982,-0.03026
-0.49080,-0.90282,-0.03085
-0.48408,-0.50060,-0.03217
-0.43347,-0.65984,-0.02658
-0.40990,-0.73034,-0.03077
-0.78515,-0.84700,-0.05077
-0.54323,-0.95573,-0.03910
-0.40093,-0.87309,-0.02417
-0.12666,-0.54661,-0.01404
-0.40238,-0.86518,-0.03063
-0.36478,-1.19500,-0.02821
-0.33097,-0.26319,-0.01670
-0.30248,-1.37328,-0.02712
-0.32388,-0.61133,-0.02066
-0.44224,-0.68702,-0.03217
-0.57248,-0.84311,-0.04267
-0.02390,-0.63934,-0.01261
-0.54856,-0.76327,-0.03889
-0.24159,-1.17392,-0.02543
-0.34274,-0.90458,-0.03350
-0.19752,-1.28307,-0.02679
-0.53907,-1.19070,-0.04457
-0.37037,-0.72744,-0.02635
-0.13764,-0.70107,-0.01971
-0.43230,-1.25044,-0.03655
-0.37929,-0.44581,-0.02273
-0.37413,-1.28431,-0.03468
-0.27390,-0.46802,-0.01818
-0.19080,-0.86842,-0.02708
-0.37672,-1.08306,-0.03254
-0.47175,-0.89103,-0.02976
-0.32226,-0.73005,-0.02967
-0.31001,-1.24819,-0.02709
-0.21125,-0.99088,-0.02793
-0.01159,-0.13403,-0.00337
-0.46795,-0.97411,-0.03560
-0.45704,-0.76810,-0.03349
-0.57569,-0.88696,-0.03429
-0.30257,-1.04086,-0.03002
-0.55934,-1.43770,-0.03885
-0.58450,-0.66772,-0.03149
-0.35468,-0.94610,-0.03192
-0.31039,-0.71046,-0.02608
-0.34138,-0.85180,-0.02754
-0.49018,-0.93057,-0.03693
-0.39227,-0.67511,-0.02601
-0.37065,-0.83417,-0.02922
-0.24043,-0.54604,-0.01620
-0.29422,-0.86925,-0.02345
-0.64573,-0.68878,-0.03503
-0.62127,-0.80068,-0.04148
-0.26449,-0.79846,-0.02368
-0.34962,-1.02885,-0.03680
-0.41745,-0.48435,-0.02673
-0.27074,-0.98673,-0.02412
-0.49054,-1.77436,-0.04253
-0.46435,-0.86726,-0.03581
-0.15298,-1.15589,-0.02439
-0.46070,-1.18874,-0.02971
-0.57326,-0.94138,-0.04284
-0.58258,-0.63859,-0.03433
-0.42587,-1.02144,-0.02760
-0.21864,-0.82576,-0.01887
-0.33936,-0.87765,-0.02613
-0.25165,-0.61329,-0.02051
-0.53238,-0.57390,-0.03198
-0.38522,-0.66870,-0.02600
-0.16123,-0.60078,-0.01493
-0.29648,-0.70711,-0.02585
-0.32747,-0.70615,-0.03049
-0.42614,-1.15312,-0.03601
-0.23620,-0.73086,-0.01782
-0.40991,-1.15811,-0.03106
-0.35241,-0.86620,-0.03138
-0.48939,-0.84465,-0.03746
-0.15854,-0.50971,-0.01299
-0.16686,-0.95189,-0.02403
-0.34444,-0.80992,-0.03141
-0.51695,-1.00106,-0.02996
-0.60111,-0.78775,-0.03187
-0.53235,-0.71973,-0.03231
-0.21568,-0.92099,-0.02430
-0.08035,-0.25563,-0.00963
-0.44921,-0.97797,-0.03385
-0.30375,-0.99289,-0.02776
-0.41744,-1.09793,-0.03288
-0.31810,-0.75541,-0.02445
-0.53285,-0.87242,-0.03068
-0.16321,-0.66302,-0.01627
-0.43983,-0.49196,-0.02788
-0.35236,-1.04784,-0.03585
-0.34135,-1.27283,-0.03858
-0.31100,-0.99702,-0.03362
-0.44547,-0.74090,-0.03054
-0.28522,-0.90336,-0.02702
-0.43149,-1.07486,-0.03810
-0.40295,-0.75934,-0.03206
-0.37831,-0.69240,-0.02978
-0.64134,-0.72041,-0.03692
-0.14334,-0.74960,-0.01681
-0.32843,-1.25078,-0.02793
-0.30108,-0.72492,-0.02416
-0.44047,-0.92477,-0.03346
-0.35815,-0.27599,-0.02146
-0.32710,-0.70498,-0.02361
-0.34359,-1.66810,-0.03601
-0.32664,-0.56441,-0.02040
-0.37764,-1.56069,-0.03677
-0.48553,-1.26135,-0.03475
-0.31238,-0.95999,-0.02562
-0.50717,-0.87238,-0.03924
-0.54297,-0.41243,-0.03005
-0.13779,-0.80619,-0.01808
-0.31592,-0.77004,-0.02714
-0.07251,-0.70780,-0.01169
-0.27575,-0.90451,-0.02514
-0.36212,-0.84075,-0.02780
-0.56269,-1.14386,-0.04442
-0.42479,-0.61232,-0.02367
-0.39283,-1.02580,-0.03176
-0.35745,-0.66114,-0.02374
-0.51295,-0.38984,-0.02927
-0.40027,-0.59769,-0.03012
-0.46144,-0.53521,-0.02650
-0.56274,-0.93243,-0.03754
-0.13319,-0.86785,-0.01970
-0.26365,-0.82841,-0.02685
-0.36896,-0.51636,-0.02570
-0.24657,-1.33345,-0.02869
-0.27225,-1.03101,-0.02738
-0.27182,-0.62043,-0.02357
-0.48745,-0.54005,-0.02990
-0.34841,-0.66770,-0.02711
-0.78608,-1.19534,-0.04563
-0.40598,-0.48131,-0.02167
-0.33163,-0.30684,-0.01614
-0.20629,-0.47697,-0.01755
-0.41177,-1.17482,-0.04327
-0.20864,-0.64980,-0.02084
-0.30435,-1.11795,-0.03182
-0.29053,-0.67019,-0.02183
-0.30676,-0.65449,-0.02507
-0.49920,-0.84888,-0.02849
-0.35613,-1.00082,-0.03302
-0.33297,-0.61277,-0.02678
-0.33258,-0.48391,-0.02432
-0.61408,-1.10488,-0.04127
-0.44371,-0.99521,-0.03381
-0.39703,-0.82854,-0.02505
-0.27400,-0.84427,-0.02389
-0.39623,-0.90335,-0.03340
-0.50479,-1.31766,-0.03884
-0.59513,-0.79295,-0.03701
-0.31066,-0.36090,-0.02226
-0.39751,-0.82319,-0.03396
-0.25916,-1.05556,-0.02890
-0.44962,-0.75212,-0.02992
-0.21399,-1.35424,-0.02597
-0.08121,-1.39592,-0.02486
-0.15425,-0.79551,-0.01805
-0.40582,-0.91256,-0.03674
-0.06882,-0.61612,-0.01336
-0.60732,-0.49943,-0.03110
-0.32846,-0.59334,-0.02551
-0.32327,-0.60463,-0.02607
-0.34324,-1.12704,-0.02854
-0.52301,-0.78624,-0.02785
-0.31722,-0.81277,-0.02796
-0.33881,-0.50562,-0.02137
-0.61776,-1.01825,-0.04289
-0.59265,-1.23964,-0.04331
-0.61513,-0.95435,-0.03429
-0.51477,-0.69246,-0.03747
-0.64493,-0.93512,-0.03618
-0.40664,-0.89165,-0.02897
-0.37914,-0.89768,-0.03095
-0.59789,-0.89226,-0.03742
-0.60281,-0.12957,-0.02410
-0.23691,-0.87761,-0.02589
-0.37101,-0.59510,-0.02953
-0.14924,-0.77155,-0.01977
-0.33315,-0.51400,-0.01858
-0.56738,-0.38555,-0.02940
-0.36729,-1.00495,-0.03093
-0.28444,-0.97827,-0.02598
-0.09269,-0.68696,-0.01532
-0.30515,-0.84635,-0.02369
-0.22868,-0.85961,-0.02421
-0.35473,-0.74547,-0.02937
-0.43042,-1.53236,-0.03446
-0.59499,-1.00080,-0.03947
-0.23134,-0.65911,-0.01695
-0.39322,-0.79208,-0.03141
-0.26313,-1.08599,-0.02159
-0.21264,-0.96987,-0.02514
-0.25620,-0.81498,-0.02825
-0.31591,-0.27055,-0.01880
-0.66610,-1.20106,-0.04537
-0.40243,-0.49216,-0.02280
-0.42822,-0.77775,-0.02779
-0.35406,-0.96931,-0.03152
-0.50575,-0.87337,-0.03959
-0.44110,-0.61112,-0.03033
-0.51314,-1.38609,-0.04451
-0.57908,-0.75299,-0.03860
-0.44018,-0.50418,-0.02127
-0.35180,-0.71549,-0.02906
-0.51549,-0.49446,-0.03151
-0.61214,-0.64826,-0.03584
-0.50033,-0.77519,-0.03274
-0.46188,-0.87642,-0.03332
-0.65309,-1.18149,-0.04399
-0.58368,-0.61863,-0.03031
-0.16314,-0.50119,-0.01702
-0.38462,-0.68609,-0.02865
-0.55516,-1.13236,-0.04595
-0.51945,-0.94237,-0.03287
-0.34456,-0.77129,-0.03021
-0.38740,-0.58869,-0.02900
-0.45943,-0.43333,-0.02574
-0.61844,-0.82085,-0.03985
-0.34101,-1.02328,-0.03642
-0.38275,-0.92606,-0.03447
-0.27213,-1.13586,-0.03049
-0.41927,-0.72537,-0.02765
-0.37300,-0.90560,-0.02679
-0.33812,-1.01368,-0.03267
-0.49654,-0.56980,-0.03254
-0.52330,-0.61565,-0.02902
-0.25010,-0.72892,-0.02322
-0.47002,-0.66142,-0.03184
-0.33720,-0.70556,-0.02449
-0.25665,-0.87467,-0.02499
-0.29915,-1.18406,-0.02949
-0.63786,-0.99830,-0.03762
-0.41269,-1.09460,-0.03859
-0.48215,-0.95964,-0.03758
-0.36019,-0.46284,-0.02172
-0.58166,-0.93588,-0.03757
-0.36121,-0.44793,-0.02402
-0.31907,-0.99589,-0.02859
-0.31807,-0.97481,-0.02383
-0.32738,-0.87931,-0.02428
-0.57368,-1.01080,-0.04143
-0.48357,-0.95103,-0.03939
-0.45980,-1.53347,-0.03938
-0.49877,-0.70161,-0.02972
-0.40404,-0.95058,-0.03026
-0.45107,-1.27276,-0.03601
-0.23370,-0.37071,-0.01708
-0.25255,-0.56698,-0.01984
-0.37695,-0.61477,-0.02641
-0.36929,-0.92786,-0.03691
-0.34799,-0.71755,-0.02879
-0.50035,-1.45141,-0.04333
-0.43806,-1.09264,-0.02944
-0.42622,-1.50268,-0.03325
-0.36701,-1.22393,-0.03451
-0.41227,-0.55959,-0.02867
-0.30542,-0.98623,-0.02789
-0.30682,-0.53222,-0.02197
-0.24313,-1.02435,-0.03024
-0.29032,-0.80552,-0.02421
-0.50013,-1.17939,-0.03839
-0.60934,-0.81319,-0.04329
-0.36783,-1.11966,-0.04054
-0.52039,-1.03875,-0.04441
-0.30359,-0.56926,-0.02168
-0.46017,-0.53912,-0.03065
-0.42489,-0.75028,-0.03333
-0.34429,-0.43075,-0.02346
-0.24613,-0.32239,-0.01826
-0.55797,-1.07132,-0.04218
-0.34034,-1.22921,-0.03516
-0.35353,-0.62965,-0.02288
-0.54839,-0.69450,-0.02938
-0.25219,-1.03436,-0.02616
-0.66198,-1.21579,-0.03833
-0.18779,-1.04100,-0.02401
-0.40535,-0.47129,-0.02728
-0.21523,-0.40416,-0.01567
-0.11731,-0.52109,-0.01361
-0.20909,-0.63876,-0.01920
-0.41435,-0.58067,-0.02837
-0.45632,-0.84567,-0.03258
-0.56784,-0.76797,-0.03996
-0.49241,-1.22403,-0.04719
-0.35881,-0.95293,-0.02912
-0.32334,-0.70206,-0.02868
-0.60532,-0.53087,-0.03537
-0.54196,-1.19676,-0.04366
-0.35611,-0.41434,-0.02161
0.00326,-0.95301,-0.01610
-0.30417,-1.04077,-0.03054
-0.53387,-1.03939,-0.03977
-0.27351,-0.98651,-0.02552
-0.59198,-0.29769,-0.03088
-0.48515,-1.28486,-0.04234
-0.23449,-0.44177,-0.01746
-0.57900,-0.63376,-0.03936
-0.17551,-0.74709,-0.01936
-0.71035,-1.15716,-0.04692
-0.36039,-0.86120,-0.02274
-0.31446,-0.77313,-0.02738
-0.47027,-0.83568,-0.03162
-0.39483,-0.45910,-0.02476
-0.57848,-1.36409,-0.03701
-0.09582,-0.27520,-0.00989
-0.50510,-0.86453,-0.03901
-0.56648,-0.62855,-0.03677
-0.59965,-1.08812,-0.04661
-0.46779,-1.11148,-0.03710
-0.69382,-0.43552,-0.03682
-0.12014,-0.93144,-0.01955
-0.57059,-1.07349,-0.04666
-0.41659,-0.88526,-0.02686
-0.83899,-0.84896,-0.03709
-0.26273,-0.64446,-0.02493
-0.27768,-0.58117,-0.02387
-0.35709,-0.66092,-0.02718
-0.37355,-0.83398,-0.02453
-0.56531,-1.02846,-0.03576
-0.32116,-0.82623,-0.03115
-0.23052,-0.97372,-0.02394
-0.23465,-0.96296,-0.02396
-0.38586,-0.79079,-0.03347
-0.21624,-0.84153,-0.02099
-0.89098,-0.61715,-0.04457
-0.38039,-0.54612,-0.02862
-0.26165,-0.85071,-0.02933
-0.33761,-1.19108,-0.03702
-0.36229,-1.43287,-0.02531
-0.49553,-0.73753,-0.03216
-0.38140,-1.32981,-0.04191
-0.44264,-0.87110,-0.03639
-0.42926,-1.10005,-0.03597
-0.21996,-0.87112,-0.02381
-0.54392,-0.78604,-0.03748
-0.46140,-0.65586,-0.03651
-0.51822,-0.66828,-0.02998
-0.54482,-0.71103,-0.03765
-0.46654,-0.66900,-0.02831
-0.35779,-1.00367,-0.03206
-0.29727,-0.71244,-0.02539
-0.43251,-0.88932,-0.02915
-0.36367,-0.81266,-0.03024
-0.30759,-0.55410,-0.02414
-0.60212,-1.57227,-0.05102
-0.47165,-0.75001,-0.03209
-0.41848,-0.81284,-0.03313
-0.45294,-0.90723,-0.03657
-0.39508,-0.39655,-0.02439
0.02825,-0.52379,-0.00805
-0.52873,-0.21081,-0.02475
-0.37155,-0.54994,-0.02924
-0.27199,-0.62565,-0.02407
-0.36690,-0.80572,-0.03048
-0.37189,-1.11074,-0.02880
-0.43034,-1.26035,-0.03712
-0.33052,-0.92617,-0.03075
-0.54692,-0.47441,-0.03001
-0.30280,-0.65754,-0.02805
-0.68102,-0.90538,-0.04350
-0.40921,-0.84375,-0.03165
-0.69824,-0.75531,-0.03719
-0.42755,-1.22853,-0.03994
-0.08271,-0.64679,-0.01268
-0.28615,-1.00979,-0.02572
-0.12687,-0.78708,-0.01543
-0.40088,-0.50775,-0.02946
-0.31884,-1.06647,-0.03022
-0.21981,-1.08065,-0.02610
-0.59304,-0.32777,-0.02864
-0.39742,-0.51481,-0.02496
-0.39439,-0.65234,-0.02468
-0.53997,-0.99384,-0.03491
-0.08309,-0.74788,-0.01810
-0.55148,-1.43814,-0.03977
-0.36757,-0.67710,-0.03014
-0.51700,-0.79816,-0.03840
-0.33404,-1.17897,-0.03155
-0.45528,-0.44201,-0.02601
-0.52741,-1.00803,-0.02899
-0.48712,-1.06299,-0.04002
-0.32547,-1.34292,-0.03595
-0.33086,-0.67178,-0.02272
-0.39857,-0.68794,-0.02654
-0.51656,-0.58275,-0.02892
-0.32756,-0.50937,-0.02135
-0.52061,-0.58320,-0.03354
-0.43211,-0.42751,-0.02214
-0.55704,-0.77083,-0.03790
-0.01333,-0.53715,-0.01281
-0.62314,-0.98171,-0.04567
-0.29072,-0.58454,-0.02000
-0.19893,-0.53952,-0.01865
-0.40316,-1.08479,-0.03305
-0.52263,-1.22018,-0.03543
-0.56635,-1.21991,-0.03977
-0.34632,-0.99883,-0.03495
-0.47717,-0.74028,-0.02679
-0.51194,-1.50540,-0.04641
-0.46932,-1.16127,-0.04221
-0.36893,-0.91154,-0.02878
-0.72516,-0.98665,-0.04886
-0.37058,-0.71616,-0.02805
-0.34628,-1.01696,-0.02823
-0.32610,-0.56826,-0.01970
-0.38828,-1.26511,-0.03488
-0.43914,-0.58859,-0.02730
-0.46474,-0.46728,-0.02765
-0.35260,-0.61113,-0.02621
-0.18295,-1.41569,-0.03141
-0.69182,-0.97008,-0.04871
-0.72671,-0.72283,-0.03679
-0.32060,-0.83257,-0.02532
-0.55781,-0.71874,-0.03546
-0.44248,-0.82241,-0.03793
-0.63746,-0.78886,-0.04030
-0.26128,-0.42497,-0.01986
-0.50033,-1.10995,-0.03487
-0.51149,-0.66673,-0.03320
-0.62735,-1.17268,-0.03942
-0.41804,-0.43367,-0.02710
-0.51475,-0.55660,-0.03168
-0.61303,-1.24172,-0.04280
-0.41583,-1.16742,-0.03207
-0.37811,-1.12198,-0.03627
-0.28678,-0.50699,-0.02471
-0.26743,-0.65538,-0.01950
-0.43054,-1.27011,-0.04033
-0.01606,-0.85503,-0.01354
-0.07617,-0.85752,-0.01701
-0.46304,-1.06113,-0.03382
-0.59528,-0.98198,-0.03325
-0.18416,-1.34151,-0.02775
-0.62877,-1.03712,-0.03821
-0.31200,-0.46247,-0.02366
-0.56006,-1.27261,-0.04152
-0.42100,-1.09449,-0.04039
-0.49052,-0.55765,-0.03152
-0.28922,-1.21406,-0.02735
-0.43880,-1.04382,-0.03639
-0.38650,-0.73020,-0.02919
-0.50829,-1.19861,-0.03851
-0.37015,-1.18821,-0.03490
-0.51982,-0.44111,-0.02581
-0.72178,-0.72751,-0.04768
-0.51960,-0.97229,-0.03451
-0.20719,-1.21880,-0.02875
-0.41018,-0.78038,-0.02402
-0.33958,-0.97405,-0.03027
-0.65434,-1.02106,-0.04808
-0.30593,-0.86028,-0.02685
-0.26527,-1.51728,-0.03386
-0.37909,-0.93183,-0.03369
-0.71576,-0.45997,-0.03844
-0.48921,-0.93105,-0.04210
-0.48968,-0.81386,-0.03283
-0.22050,-0.62286,-0.02353
-0.37056,-0.68960,-0.02884
-0.23364,-0.88304,-0.02915
-0.33192,-1.14016,-0.03825
-0.34886,-0.58270,-0.02671
-0.29756,-0.97582,-0.02434
-0.73970,-1.11151,-0.04619
-0.36447,-0.69024,-0.02798
-0.56028,-0.90951,-0.04057
-0.31368,-0.64554,-0.02684
-0.22281,-1.07381,-0.02946
-0.46191,-0.58085,-0.03386
-0.28386,-0.83812,-0.02200
-0.31895,-0.84687,-0.02725
-0.49656,-0.70821,-0.02952
-0.35918,-0.70260,-0.02789
-0.43087,0.12889,-0.01421
-0.37008,-1.23269,-0.03931
-0.21753,-0.52990,-0.01905
-0.21116,-1.17787,-0.02359
-0.56390,-0.82046,-0.03885
-0.08305,-0.48116,-0.01256
-0.18967,-0.98240,-0.02637
-0.36539,-0.70450,-0.02358
-0.49413,-1.07196,-0.03341
-0.50779,-1.02378,-0.04318
-0.48615,-1.20101,-0.03724
-0.18297,-0.85934,-0.02105
-0.30166,-1.09784,-0.03028
-0.39681,-0.86556,-0.02643
-0.47520,-1.16126,-0.03855
-0.67062,-0.84095,-0.03954
-0.33239,-1.20135,-0.03969
-0.31419,-1.07509,-0.02970
-0.18067,-1.23050,-0.02976
-0.66680,-1.38155,-0.05326
-0.12158,-1.11037,-0.02531
-0.04771,-0.63003,-0.01087
-0.20857,-0.65598,-0.01866
-0.39929,-0.28148,-0.02545
-0.41768,-0.88532,-0.03200
-0.28065,-1.30570,-0.02872
-0.35976,-0.48433,-0.02628
-0.21729,-1.13646,-0.02506
-0.40311,-1.21100,-0.03821
-0.21395,-0.69154,-0.02437
-0.30641,-0.77512,-0.02460
-0.36184,-0.47793,-0.02179
-0.40302,-1.10684,-0.02902
-0.43414,-0.99587,-0.03728
-0.63574,-1.13144,-0.04379
-0.09631,-0.77847,-0.01660
-0.38228,-1.01518,-0.03105
-0.26511,-1.04544,-0.02851
-0.63052,-0.92260,-0.03684
-0.46070,-0.67931,-0.02980
-0.79825,-0.83719,-0.03600
-0.35144,-1.14842,-0.03510
-0.63743,-0.94644,-0.03497
-0.40792,-1.11024,-0.03366
-0.17223,-0.67220,-0.01808
-0.36313,-0.67978,-0.02579
0.02130,-0.47813,-0.00846
-0.36419,-0.71626,-0.03019
-0.34669,-1.14309,-0.02781
-0.35070,-1.30815,-0.04046
-0.38187,-0.59864,-0.02742
-0.11193,-0.70723,-0.01938
-0.34348,-0.46130,-0.02375
-0.56541,-1.12936,-0.04415
-0.30311,-0.87305,-0.03022
-0.40590,-0.49976,-0.02601
-0.22049,-1.03631,-0.02787
-0.47513,-1.11798,-0.02632
-0.24960,-0.90133,-0.02957
-0.34017,-0.95597,-0.03084
-0.42100,-1.08984,-0.03598
-0.24543,-0.88746,-0.02780
-0.55644,-0.99080,-0.04730
-0.48077,-0.18323,-0.02393
-0.59516,-0.63872,-0.03033
-0.54296,-0.72747,-0.03433
-0.27675,-0.71203,-0.02847
-0.57299,-0.54150,-0.02853
-0.60242,-0.67584,-0.03106
-0.30576,-0.77186,-0.02401
-0.32183,-0.63387,-0.02305
-0.28326,-1.19582,-0.02477
-0.50511,-1.06953,-0.03584
-0.47861,-0.33505,-0.02699
-0.29073,-0.83676,-0.02834
-0.49496,-0.63719,-0.03056
-0.29931,-0.80447,-0.02743
-0.44529,-0.75146,-0.03268
-0.65379,-0.69358,-0.04092
-0.61258,-0.98966,-0.03619
-0.25143,-1.08004,-0.03082
-0.24962,-0.80933,-0.02527
-0.48077,-0.78091,-0.03544
-0.43098,-1.06496,-0.03912
-0.31053,-1.21947,-0.03732
-0.23795,-0.44784,-0.02102
-0.51483,-1.38345,-0.04705
-0.45166,-1.32036,-0.03859
-0.38436,-0.99624,-0.03123
-0.46581,-1.25773,-0.04060
-0.14364,-0.68984,-0.02076
-0.57904,-0.55108,-0.02948
-0.44225,-1.17381,-0.03521
-0.15188,-0.53254,-0.01423
-0.58821,-1.55220,-0.04646
-0.41582,-0.94403,-0.03703
-0.41779,-0.87049,-0.03449
-0.36646,-0.93837,-0.03096
-0.26244,-0.68510,-0.02566
-0.48676,-0.66669,-0.03416
-0.27084,-0.71479,-0.02529
-0.40296,-0.95035,-0.03251
-0.38637,-0.95478,-0.03076
-0.28573,-0.55508,-0.02056
-0.41626,-0.71382,-0.03322
-0.57949,-0.99001,-0.04098
-0.12634,-0.45679,-0.01298
-0.46278,-0.78063,-0.03039
-0.31804,-0.80074,-0.02714
-0.31002,-1.26534,-0.03557
-0.43953,-0.73132,-0.02844
-0.29628,-1.00912,-0.02945
-0.71062,-1.39621,-0.05371
-0.42153,-0.63861,-0.03194
-0.62763,-1.21196,-0.04029
-0.47851,-0.69263,-0.03432
-0.37437,-0.99819,-0.03075
-0.35452,-0.56427,-0.02443
-0.42250,-0.62575,-0.02463
-0.43522,-1.35726,-0.04239
-0.28030,-0.68578,-0.02687
-0.56413,-1.20498,-0.03699
-0.52286,-0.25147,-0.02585
-0.39334,-0.97062,-0.03754
-0.29378,-0.25597,-0.01664
-0.40729,-1.07789,-0.03571
-0.42408,-1.07314,-0.03087
-0.23743,-1.07204,-0.02228
-0.20300,-0.78392,-0.02174
-0.38405,-0.45543,-0.02715
-0.55950,-1.02724,-0.03841
-0.22371,-0.61467,-0.02008
-0.63075,-0.88454,-0.04575
-0.53742,-0.70563,-0.02982
-0.43196,-0.75736,-0.02995
-0.45917,-0.43404,-0.03032
-0.47103,-0.89596,-0.03543
-0.66512,-0.77523,-0.04267
-0.24281,-0.71573,-0.02070
-0.52569,-0.89390,-0.04300
-0.25668,-0.94056,-0.02764
-0.23912,-0.60051,-0.02460
-0.31791,-0.86075,-0.03096
-0.07784,-1.00964,-0.01750
-0.20158,-0.96916,-0.02224
-0.20638,-0.65116,-0.02110
-0.44001,-0.58885,-0.03056
-0.23359,-0.51199,-0.01862
-0.33324,-1.23369,-0.04123
-0.68572,-1.08400,-0.04071
-0.12559,-0.63140,-0.01630
-0.30168,-0.90078,-0.02783
-0.50385,-0.53375,-0.02825
-0.39588,-0.82797,-0.03261
-0.45595,-0.50415,-0.02379
-0.29507,-1.07537,-0.02953
-0.48093,-0.79358,-0.02855
0.09647,-0.81126,-0.00737
-0.44784,-1.08552,-0.03616
-0.49110,-0.22430,-0.02473
-0.31014,-0.81955,-0.02222
-0.24660,-0.89057,-0.02444
-0.43536,-0.41427,-0.02326
-0.46072,-0.74802,-0.02344
-0.57727,-1.12720,-0.04560
-0.33494,-0.76752,-0.03169
-0.45318,-0.83714,-0.03505
-0.57046,-0.42156,-0.03351
-0.44495,-0.68389,-0.02381
-0.54211,-1.07030,-0.04173
-0.45128,-1.38174,-0.03989
-0.22696,-0.79101,-0.01954
-0.38349,-1.37080,-0.03734
-0.50146,-1.29617,-0.03146
-0.69444,-0.91435,-0.04654
-0.69091,-1.15869,-0.05292
-0.41893,-0.67457,-0.03137
-0.33122,-0.45365,-0.02223
-0.25213,-0.71857,-0.02318
-0.03885,-0.71812,-0.01209
-0.09736,-0.64863,-0.01895
-0.29320,-1.23372,-0.03069
-0.46522,-0.73823,-0.03090
-0.41760,-0.88862,-0.03179
-0.66146,-1.81412,-0.05058
-0.34767,-0.55176,-0.02793
-0.25595,-0.42032,-0.02057
-0.41624,-0.63737,-0.02961
-0.54384,-0.86814,-0.03635
-0.49641,-1.05069,-0.03928
-0.25818,-1.00085,-0.03273
-0.31037,-1.15819,-0.03084
-0.31466,-0.55638,-0.02413
-0.46125,-0.32248,-0.02588
-0.14781,-1.27250,-0.02841
-0.34795,-0.86256,-0.03360
-0.51724,-0.81333,-0.03682
-0.63857,-1.15797,-0.03777
-0.25770,-0.48801,-0.02162
-0.44189,-0.55898,-0.02963
-0.30354,-0.54453,-0.02366
-0.15974,-0.50977,-0.01662
-0.47233,-0.45112,-0.02591
-0.04821,-0.78943,-0.01598
-0.58899,-0.79332,-0.03442
-0.40238,-0.90723,-0.03463
-0.42354,-0.93399,-0.03132
-0.55406,-1.29203,-0.03836
-0.54318,-1.07418,-0.04474
-0.62918,-1.07620,-0.04768
-0.46703,-1.39038,-0.04187
-0.57541,-1.23229,-0.04894
-0.47646,-0.62790,-0.03275
-0.41979,-0.93024,-0.02894
-0.52286,-1.12830,-0.03119
-0.27109,-0.55401,-0.02156
-0.48637,-0.89032,-0.03460
-0.56153,-1.08285,-0.04229
-0.41032,-1.10660,-0.03423
-0.27879,-0.72681,-0.02414
-0.37527,-1.02730,-0.02969
-0.27358,-0.85330,-0.02538
-0.49477,-1.25215,-0.03983
-0.47896,-1.60102,-0.04208
-0.39348,-0.81577,-0.03466
-0.61842,-0.95538,-0.03888
-0.16810,-0.76098,-0.02320
-0.42837,-1.05443,-0.03895
-0.25718,-1.03660,-0.02683
-0.22646,-0.86006,-0.02456
-0.29744,-0.60998,-0.02147
-0.59387,-1.43938,-0.04085
-0.32267,-1.05070,-0.03215
-0.35356,-1.03277,-0.03276
-0.50714,-0.51575,-0.02723
-0.42843,-0.83092,-0.03280
-0.51274,-0.83743,-0.03819
-0.48799,-1.05936,-0.02979
-0.37140,-1.09476,-0.03566
-0.31794,-1.03482,-0.02889
-0.48013,-1.05212,-0.03857
-0.35402,-0.83808,-0.03227
-0.40597,-1.27149,-0.04275
-0.63382,-0.67355,-0.04353
-0.24750,-1.34826,-0.03241
-0.57736,-0.84194,-0.03427
-0.33131,-0.78098,-0.02962
-0.59824,-0.92341,-0.03395
-0.36009,-1.15284,-0.02572
-0.42115,-0.93258,-0.03283
-0.47773,-1.09510,-0.03454
-0.51985,-0.76594,-0.02474
-0.23766,-0.55557,-0.02044
-0.43247,-1.08199,-0.03866
-0.46122,-0.89401,-0.03363
-0.24681,-1.26038,-0.03307
-0.33843,-0.59244,-0.02446
-0.07942,-0.51521,-0.01127
-0.42245,-0.68800,-0.03299
-0.32577,-1.19086,-0.03125
-0.32610,-1.00078,-0.03261
-0.33292,-0.41530,-0.02276
-0.33487,-0.79858,-0.02311
-0.18751,-1.11142,-0.03092
-0.39826,-1.42540,-0.03361
-0.52985,-1.26112,-0.03816
-0.11167,-0.68796,-0.01381
-0.37042,-0.40604,-0.02475
0.04058,-0.15146,-0.00180
-0.34861,-0.54280,-0.02248
-0.21816,-1.22513,-0.02820
-0.53080,-0.60062,-0.03749
-0.25709,-1.18900,-0.02689
-0.43960,-1.38162,-0.03817
-0.29702,-1.23229,-0.03094
-0.46731,-1.66941,-0.03949
-0.27594,-0.56758,-0.02050
-0.54574,-0.83066,-0.03774
-0.30511,-0.86619,-0.02575
-0.48399,-0.93650,-0.03053
-0.51168,-0.07564,-0.01944
-0.26695,-0.89128,-0.02626
-0.29677,-1.03080,-0.02777
-0.49098,-0.33998,-0.02876
-0.65089,-0.89708,-0.04165
-0.31971,-1.35066,-0.03049
-0.21758,-1.04085,-0.02556
-0.39921,-1.38927,-0.04173
-0.39493,-0.69618,-0.02856
-0.20435,-0.78377,-0.01898
-0.44318,-0.80946,-0.02408
-0.50869,-0.61341,-0.03382
-0.71277,-0.67122,-0.03610
-0.43019,-0.92630,-0.03596
-0.40937,-0.46604,-0.02585
-0.22151,-0.68222,-0.02309
-0.32378,-1.08110,-0.03505
-0.48357,-1.15624,-0.02846
-0.31840,-0.52283,-0.02116
-0.44012,-0.67431,-0.03245
-0.54109,-0.99891,-0.03052
-0.27255,-0.76138,-0.02621
-0.21797,-1.24623,-0.02488
-0.25795,-0.49061,-0.01961
-0.33626,-1.17273,-0.03191
-0.46586,-0.90939,-0.03406
-0.36955,-0.84678,-0.02824
-0.33888,-0.72429,-0.02467
0.10085,-0.73567,-0.00675
-0.30292,-0.76934,-0.02811
-0.47409,-0.61836,-0.03013
-0.38416,-0.71305,-0.03056
-0.07484,-0.53376,-0.01341
-0.41709,-0.87252,-0.03418
-0.33983,-0.82606,-0.02609
-0.30841,-0.78465,-0.02922
-0.62605,-1.40427,-0.03843
-0.68782,-0.79187,-0.03855
-0.52270,-0.91543,-0.03181
-0.35982,-1.25177,-0.03172
-0.55705,-0.57292,-0.03193
-0.19075,-0.42966,-0.01883
-0.49656,-0.96760,-0.03630
-0.31844,-0.70392,-0.02657
-0.70717,-1.20218,-0.04405
-0.35381,-0.33455,-0.02412
-0.53989,-1.02924,-0.04388
-0.44442,-0.61372,-0.03242
0.13887,-0.56460,-0.00540
-0.80239,-1.76778,-0.04155
-0.70795,-0.47750,-0.04100
-0.12881,-1.18743,-0.02171
-0.29778,-0.67188,-0.02158
-0.50686,-0.63558,-0.03046
-0.52639,-0.80563,-0.04037
-0.48029,-0.52855,-0.02701
-0.52108,-0.62789,-0.03392
-0.12477,-0.70305,-0.01715
-0.50249,-0.69054,-0.03043
-0.52508,-0.66878,-0.03744
-0.19597,-0.24092,-0.01494
-0.39175,-0.76409,-0.02764
-0.58448,-0.91495,-0.04788
-0.38269,-0.49299,-0.02426
-0.42970,-0.91531,-0.03376
-0.69225,-1.02363,-0.05394
-0.12727,-1.20001,-0.02127
-0.57061,-1.05530,-0.04124
-0.38210,-0.48291,-0.02534
-0.29721,-0.60394,-0.02514
-0.59378,-0.81503,-0.03979
-0.15814,-1.11687,-0.02605
-0.29674,-0.56557,-0.02214
-0.45422,-0.14813,-0.01803
-0.37868,-0.95570,-0.03273
-0.69610,-0.49863,-0.03709
-0.54145,-0.89741,-0.03811
-0.21772,-0.85746,-0.01981
-0.70583,-0.69597,-0.04545
-0.21980,-0.74894,-0.02253
-0.26243,-1.43851,-0.03434
-0.46427,-0.87403,-0.03144
-0.45344,-0.49298,-0.02492
-0.40738,-1.45980,-0.04065
-0.46672,-0.83286,-0.03298
-0.29229,-0.39587,-0.01638
-0.52110,-0.66225,-0.03704
-0.69878,-1.33478,-0.04907
-0.32592,-0.90380,-0.02863
-0.54150,-1.22378,-0.03751
-0.13096,-1.01273,-0.02294
-0.51326,-1.02464,-0.04588
-0.42567,-0.76275,-0.03041
-0.40097,-0.96275,-0.02591
-0.09793,-0.57909,-0.01454
-0.56970,-1.30759,-0.03972
-0.50096,-0.84177,-0.03378
-0.30600,-1.06705,-0.03071
-0.26732,-0.47366,-0.02113
-0.28085,-0.68662,-0.02517
-0.41130,-0.68715,-0.02579
-0.46851,-1.02029,-0.04315
-0.53908,-0.72350,-0.03821
-0.48436,-0.82508,-0.03562
-0.24763,-0.64348,-0.02465
-0.75460,-1.02884,-0.05020
-0.38434,-1.12483,-0.03465
-0.40146,-0.88678,-0.03011
-0.00192,-0.73987,-0.01080
-0.61310,-1.14630,-0.04749
-0.39073,-0.76860,-0.03388
-0.23095,-1.15716,-0.02714
-0.35783,-0.77314,-0.02829
-0.30999,-0.32394,-0.01896
-0.44587,-0.76015,-0.03279
-0.17317,-0.38268,-0.01367
-0.28957,-0.73872,-0.02058
-0.59419,-0.85353,-0.03512
-0.40944,-1.31651,-0.03232
-0.42050,-0.46268,-0.02267
-0.28997,-0.81494,-0.02948
-0.29020,-1.14859,-0.03528
-0.41653,-1.02962,-0.02886
-0.40849,-1.11253,-0.03606
-0.06179,-0.49660,-0.01188
-0.58639,-0.87359,-0.04061
-0.33112,-1.00363,-0.03034
-0.53128,-0.78355,-0.03458
-0.46649,-0.96921,-0.03870
-0.48204,-0.82870,-0.03280
-0.55810,-0.66507,-0.03310
-0.61969,-1.35350,-0.04932
-0.26433,-0.88742,-0.02825
-0.07633,-0.94967,-0.02108
-0.43236,-0.77427,-0.03591
-0.51949,-0.29116,-0.02931
-0.39845,-0.31202,-0.01989
-0.27413,-1.08024,-0.02757
-0.51018,-0.85226,-0.03797
-0.48147,-1.19374,-0.03049
-0.41453,-0.67717,-0.03070
-0.14625,-0.97027,-0.02023
-0.49472,-0.88960,-0.02841
-0.51421,-0.89584,-0.04109
-0.60815,-0.89032,-0.04118
-0.26002,-0.48838,-0.01843
-0.54759,-0.92677,-0.04105
-0.53811,-0.97189,-0.03975
-0.52762,-1.12973,-0.03952
-0.41959,-1.22083,-0.03574
-0.28943,-0.47299,-0.01915
-0.46304,-1.18260,-0.03647
-0.39738,-0.82957,-0.02491
-0.14479,-0.42391,-0.01323
-0.49629,-1.42087,-0.04100
-0.21705,-1.04202,-0.02624
-0.32415,-0.37724,-0.01934
-0.23331,-0.29508,-0.01579
-0.52908,-1.49446,-0.04648
-0.24404,-0.62182,-0.02175
-0.30603,-1.30570,-0.03161
-0.57347,-1.56947,-0.04588
-0.61324,-1.14267,-0.04200
-0.40079,-0.81161,-0.02959
-0.34110,-0.67490,-0.01933
-0.53457,-0.56970,-0.03370
-0.19054,-0.67354,-0.02153
-0.20876,-1.10057,-0.02303
-0.63708,-0.66899,-0.03465
-0.25810,-0.83110,-0.02149
-0.28492,-1.02447,-0.02917
-0.36333,-0.57635,-0.02626
-0.34160,-0.55571,-0.01941
-0.22310,-0.95443,-0.02197
-0.64904,-0.86605,-0.03921
-0.20479,-0.37350,-0.01728
-0.27858,-0.50842,-0.02209
-0.16007,-1.16853,-0.02362
-0.63790,-1.21494,-0.04032
-0.38179,-1.17244,-0.03800
-0.28968,-1.28990,-0.02665
-0.46383,-1.15530,-0.02919
-0.25258,-0.71740,-0.02692
-0.52681,-0.36719,-0.02795
-0.48467,-1.28089,-0.04694
-0.55506,-0.66935,-0.03185
-0.45843,-1.51256,-0.04502
-0.35149,-0.92491,-0.03596
-0.71015,-1.27540,-0.04252
-0.49391,-0.51917,-0.03333
-0.19376,-0.90371,-0.02610
-0.43922,-1.52495,-0.04625
-0.36023,-1.05267,-0.02772
-0.35429,-1.30876,-0.03695
-0.50463,-0.77537,-0.03533
-0.23883,-0.54466,-0.02234
-0.54077,-1.09221,-0.04403
-0.30994,-1.22122,-0.02653
-0.65955,-0.77397,-0.03274
-0.17038,-0.82840,-0.02340
-0.19493,-0.88428,-0.02044
-0.62535,-0.63302,-0.03048
-0.40300,-0.45508,-0.02474
-0.51539,-0.35480,-0.02600
-0.54091,-0.85549,-0.04235
-0.54719,-0.91083,-0.03672
-0.28487,-1.16298,-0.03306
-0.35565,-1.07480,-0.03108
-0.55962,-0.79320,-0.03322
-0.50718,-1.28297,-0.03364
-0.56395,-1.27239,-0.03621
-0.43567,-0.92710,-0.03738
-0.45024,-0.84068,-0.03531
-0.37308,-1.08338,-0.03810
-0.32066,-0.94532,-0.02576
-0.55827,-1.08347,-0.04277
-0.34332,-0.49900,-0.02008
-0.12611,-1.12711,-0.02491
-0.29965,-0.77676,-0.02454
-0.38984,-0.49202,-0.02444
-0.48755,-1.36949,-0.03706
-0.33898,-1.13574,-0.03674
-0.30925,-0.53513,-0.02400
-0.34059,-1.18138,-0.02944
-0.58675,-1.01814,-0.04650
-0.29857,-1.09603,-0.02937
-0.52102,-0.91244,-0.03885
-0.45545,-0.77297,-0.03525
-0.39449,-0.92667,-0.03130
-0.27965,-0.29012,-0.01790
-0.30787,-1.21512,-0.03110
-0.43506,-0.81980,-0.03501
-0.38337,-1.08803,-0.02609
-0.15222,-1.33232,-0.02313
-0.33362,-1.16434,-0.03345
-0.39563,-1.01492,-0.03288
-0.40329,-0.80451,-0.02459
-0.32197,-0.67047,-0.02525
-0.32852,-0.84539,-0.02692
-0.24000,-0.65489,-0.02099
-0.40090,-0.66982,-0.03069
-0.18945,-0.66774,-0.02170
-0.48560,-1.09478,-0.03609
-0.15253,-1.14546,-0.02610
-0.44791,-0.88216,-0.03522
-0.45544,-1.17417,-0.04009
-0.49828,-1.46621,-0.03917
-0.86479,-1.04684,-0.05242
-0.50776,-1.34105,-0.04013
-0.26885,-0.47222,-0.01892
-0.34359,-0.68104,-0.02333
-0.36428,-0.19227,-0.02104
-0.37682,-0.88463,-0.02952
-0.22536,-0.39549,-0.01993
-0.35447,-0.39439,-0.02537
-0.46578,-0.53464,-0.02716
-0.05624,-1.13826,-0.01847
-0.50329,-0.33738,-0.03123
-0.30682,-1.00781,-0.03012
-0.49889,-0.69278,-0.02995
-0.22663,-1.02776,-0.02635
-0.15710,-0.93227,-0.02374
-0.36018,-0.79777,-0.02739
-0.28519,-0.35246,-0.01837
-0.33073,-1.25396,-0.03518
-0.33842,-0.59932,-0.02463
-0.64826,-0.39308,-0.03562
-0.47125,-1.22961,-0.03793
-0.30265,-0.84590,-0.02963
-0.49052,-1.31999,-0.03688
-0.37726,-0.99002,-0.03280
-0.35056,-1.07588,-0.03211
-0.44728,-0.65995,-0.02420
-0.48024,-1.38418,-0.03915
-0.37001,-0.53408,-0.02581
-0.24057,-0.95547,-0.01837
-0.34343,-1.12740,-0.03458
-0.64460,-1.28800,-0.04137
-0.41055,-0.68459,-0.02363
-0.45533,-1.24665,-0.03546
-0.52033,-0.96630,-0.03506
-0.51048,-0.91119,-0.04144
-0.28990,-0.65292,-0.02381
-0.30050,-0.68548,-0.02557
-0.64819,-1.14789,-0.04628
-0.24745,-0.68374,-0.02514
-0.14066,-1.28556,-0.02585
-0.43883,-1.16701,-0.04172
-0.12070,-0.80620,-0.01685
-0.23426,-0.56165,-0.01752
-0.37528,-0.66930,-0.02855
-0.30335,-0.72716,-0.02773
-0.41614,-0.41846,-0.02680
-0.24271,-0.59763,-0.01664
-0.42708,-0.92353,-0.03543
-0.55998,-1.30187,-0.04609
-0.25002,-0.48334,-0.01938
-0.50206,-0.91663,-0.02937
-0.28401,-0.72762,-0.02458
-0.57327,-0.58765,-0.03517
-0.26514,-1.39399,-0.02996
-0.18135,-0.63459,-0.02034
-0.28140,-0.63828,-0.02237
-0.66929,-0.95506,-0.04373
-0.47340,-1.21910,-0.04297
-0.40913,-0.83249,-0.02416
-0.34707,-0.91958,-0.03229
-0.26803,-0.43162,-0.01697
-0.31603,-0.51833,-0.02308
-0.46147,-0.87607,-0.03298
-0.48370,-0.73635,-0.03266
-0.33838,-0.96642,-0.03042
-0.45061,-0.81652,-0.03075
-0.23746,-0.80916,-0.02781
-0.63563,-0.76035,-0.03835
-0.66062,-0.74770,-0.03353
-0.52103,-0.99549,-0.03827
-0.12522,-0.88203,-0.02172
-0.40703,-0.95805,-0.03000
-0.38408,-0.91484,-0.02912
-0.52865,-1.05907,-0.03588
-0.50150,-0.56197,-0.02495
-0.32501,-0.86631,-0.02967
-0.40441,-0.51265,-0.02256
-0.27107,-0.47540,-0.02111
-0.12322,-0.55919,-0.01444
-0.54759,-0.20881,-0.02641
-0.42174,-0.83254,-0.03034
-0.41859,-0.35528,-0.02056
-0.21312,-0.68708,-0.02101
-0.36337,-0.99430,-0.03583
-0.29508,-1.03935,-0.03230
-0.43209,-0.50147,-0.02504
-0.45585,-1.11020,-0.03380
-0.29496,-0.76062,-0.02692
-0.59014,-0.53365,-0.03792
-0.08298,-0.76642,-0.01735
-0.34645,-0.95633,-0.03269
-0.49248,-0.61275,-0.03012
-0.56040,-0.78779,-0.04224
-0.33894,-0.98983,-0.03009
-0.09795,-0.91131,-0.01840
-0.39400,-1.31993,-0.04222
-0.53781,-0.54869,-0.02928
-0.78017,-1.37063,-0.05885
-0.70788,-0.69357,-0.04267
-0.31486,-0.97320,-0.03504
-0.30218,-0.38720,-0.01978
-0.28744,-0.70829,-0.02639
-0.49037,-1.14004,-0.03535
-0.35687,-1.12156,-0.03859
-0.55425,-0.82534,-0.03591
-0.47000,-1.00651,-0.03494
-0.31850,-0.79208,-0.02222
-0.30811,-1.10340,-0.03092
-0.39389,-0.94914,-0.03152
-0.38440,-1.00767,-0.03480
-0.54758,-1.03052,-0.04616
-0.56196,-0.69583,-0.03932
-0.32066,-0.64968,-0.02522
-0.19140,-0.50197,-0.01584
-0.45949,-1.35923,-0.04464
-0.51087,-0.78929,-0.02938
-0.21351,-0.68261,-0.02097
-0.39097,-0.77856,-0.03250
-0.47439,-1.16945,-0.03890
-0.46309,-0.61748,-0.02688
-0.37518,-0.55621,-0.02493
-0.28943,-1.02462,-0.02481
-0.38010,-0.99478,-0.03607
-0.35498,-0.65115,-0.02026
-0.44463,-0.80258,-0.03232
-0.58117,-0.76183,-0.03437
-0.22475,-0.81355,-0.02489
-0.48732,-0.68626,-0.03178
-0.24207,-0.73298,-0.02261
-0.21120,-0.95955,-0.02524
-0.24093,-0.69594,-0.02094
-0.32578,-0.88189,-0.03198
-0.12181,-0.51821,-0.01390
-0.31932,-1.08781,-0.02796
-0.52864,-0.55246,-0.03167
-0.46119,-0.80558,-0.03367
-0.31125,-0.96815,-0.03231
-0.28027,-0.54286,-0.01862
-0.17814,-0.65871,-0.01941
-0.31834,-1.42747,-0.03360
-0.28739,-0.69079,-0.02107
-0.47184,-1.11637,-0.03603
-0.52338,-1.11329,-0.03835
-0.27327,-0.58693,-0.02105
-0.51286,-0.86888,-0.03568
-0.39199,-0.75934,-0.02380
-0.51566,-1.18348,-0.03634
-0.27017,-0.94892,-0.02637
-0.21993,-0.91092,-0.02663
-0.51318,-0.97807,-0.04097
-0.68852,-0.61061,-0.03825
-0.10873,-0.35902,-0.00960
-0.64528,-0.74065,-0.03295
-0.79487,-1.73450,-0.05329
-0.42398,-1.25098,-0.03457
-0.30991,-0.77694,-0.02292
-0.40845,-0.97547,-0.03762
-0.51215,-0.88090,-0.03642
-0.52990,-0.61052,-0.03518
-0.29021,-0.70971,-0.02679
-0.53445,-0.77098,-0.03374
-0.36173,-0.76958,-0.03139
-0.47722,-0.91654,-0.03358
-0.53008,-0.56451,-0.03085
-0.14079,-0.69050,-0.01789
-0.19587,-1.32764,-0.02559
-0.16905,-0.88694,-0.02300
-0.11149,-0.80319,-0.01915
-0.42550,-1.09045,-0.03254
-0.10543,-0.73711,-0.01750
-0.44278,-1.61577,-0.03868
-0.28892,-0.51473,-0.02261
-0.46609,-0.85526,-0.03052
-0.52113,-1.17201,-0.04611
-0.51819,-1.02910,-0.03681
-0.42176,-0.84261,-0.02934
-0.58601,-1.04060,-0.04412
-0.15294,-0.73218,-0.01881
-0.42381,-0.76570,-0.03480
-0.46329,-1.26985,-0.03686
-0.50714,-1.25770,-0.03842
-0.46372,-1.13255,-0.02890
-0.31327,-1.05854,-0.03684
-0.25744,-0.75902,-0.02397
-0.37302,-0.87836,-0.02649
-0.46356,-0.60658,-0.03263
-0.34261,-0.91176,-0.03129
-0.49001,-0.65000,-0.02808
-0.46248,-0.82660,-0.03750
-0.47899,-1.35941,-0.04544
-0.40960,-1.07950,-0.03137
-0.50352,-0.84202,-0.04039
-0.26930,-0.57991,-0.02495
-0.20160,-1.27724,-0.03073
-0.38084,-0.68038,-0.02740
-0.34372,-0.98194,-0.03463
-0.62800,-0.15349,-0.02802
-0.44388,-0.86896,-0.03528
-0.15406,-0.55797,-0.01809
-0.23857,-0.92172,-0.02672
-0.11245,-0.82162,-0.01813
-0.48153,-1.10623,-0.03863
-0.22224,-0.41347,-0.01820
-0.37573,-1.33412,-0.03736
-0.03381,-0.82457,-0.01409
-0.15250,-0.72320,-0.01587
-0.36136,-1.31743,-0.03737
-0.49503,-1.22011,-0.04189
-0.07785,-0.61798,-0.01678
-0.32041,-1.05854,-0.03387
-0.31053,-0.94636,-0.03096
-0.45239,-0.51194,-0.02568
-0.37599,-1.03876,-0.03123
-0.24238,-0.73475,-0.02212
-0.18746,-0.32316,-0.01410
-0.76269,-1.08617,-0.04032
-0.00297,-0.47714,-0.00936
-0.26256,-0.39302,-0.01444
-0.37929,-1.31810,-0.03241
-0.43060,-0.96116,-0.03599
-0.27486,-0.91313,-0.02372
-0.49779,-0.56807,-0.03010
-0.42827,-0.62955,-0.02993
-0.53442,-1.27340,-0.04857
-0.04615,-0.83200,-0.01796
-0.47047,-1.07549,-0.03462
-0.41711,-1.09482,-0.03734
-0.14679,-0.83052,-0.01932
-0.59382,-0.58445,-0.03240
-0.22964,-0.73017,-0.02147
-0.41987,-0.73895,-0.03018
-0.47735,-0.91137,-0.04060
-0.41210,-0.71672,-0.02989
-0.53986,-0.56674,-0.03477
-0.56611,-0.34375,-0.03158
-0.40345,-0.61300,-0.02870
-0.45239,-0.42644,-0.02565
-0.26728,-0.60645,-0.02106
-0.42836,-0.68317,-0.02984
-0.51196,-0.48019,-0.03127
-0.25787,-0.73974,-0.02175
-0.57918,-0.41479,-0.02656
-0.31729,-1.09471,-0.03705
-0.32867,-0.97753,-0.02867
-0.51359,-0.90758,-0.04003
-0.27824,-1.13625,-0.03378
-0.38092,-0.76144,-0.03180
-0.21422,-0.74371,-0.01937
-0.26143,-0.71123,-0.02011
-0.38598,-0.63465,-0.02985
-0.62805,-1.26734,-0.03654
-0.33009,-0.64855,-0.02335
-0.21587,-0.97908,-0.02371
-0.38657,-1.32596,-0.03373
-0.38337,-0.94144,-0.03486
-0.43926,-0.68869,-0.02816
-0.04316,-0.62697,-0.01249
-0.04418,-0.83906,-0.01857
-0.38197,-0.44403,-0.01929
-0.28618,-1.04779,-0.03153
-0.38954,-0.39340,-0.02606
-0.30114,-0.94112,-0.03152
-0.03754,-1.02496,-0.02157
-0.24855,-0.73124,-0.02456
-0.58979,-1.05960,-0.04217
-0.36351,-0.54291,-0.02414
-0.73593,-1.23721,-0.04522
-0.30097,-0.83369,-0.02684
-0.51986,-1.07706,-0.03607
-0.48312,-0.35739,-0.02655
-0.26169,-0.58171,-0.02225
-0.48352,-1.00740,-0.04075
-0.56857,-0.72757,-0.03112
-0.46556,-0.86780,-0.03341
-0.46788,-0.57005,-0.03070
-0.30983,-0.52662,-0.02064
-0.63454,-0.94314,-0.04921
-0.49065,-1.01576,-0.03714
-0.68556,-1.37039,-0.03511
-0.09700,-0.29252,-0.00994
-0.54770,-1.14838,-0.04234
-0.55929,-0.79159,-0.03626
-0.41031,-0.70119,-0.02532
-0.68813,-1.32699,-0.04743
-0.53302,-0.72310,-0.03313
-0.23411,-0.51220,-0.01874
-0.31894,-0.65466,-0.02540
-0.39743,-1.20934,-0.03705
-0.45586,-1.05379,-0.04000
-0.71822,-1.27060,-0.04429
-0.26479,-0.66387,-0.02150
-0.55504,-0.94887,-0.03734
-0.69557,-1.09225,-0.03727
-0.52841,-0.94603,-0.03813
-0.45463,-1.04698,-0.03435
-0.10742,-1.27225,-0.01893
-0.53009,-0.76788,-0.03059
-0.02264,-0.91400,-0.01593
-0.28862,-0.99861,-0.02751
-0.30216,-1.35543,-0.03336
-0.51076,-0.99389,-0.03671
-0.17893,-1.05542,-0.02214
-0.23334,-0.45574,-0.01618
-0.13983,-0.80761,-0.01968
-0.48199,-0.63126,-0.02619
-0.41644,-0.86824,-0.03411
-0.49939,-0.93180,-0.04173
-0.42804,-0.55145,-0.02822
-0.27232,-1.34885,-0.03206
-0.44236,-1.14530,-0.03830
-0.26139,-0.83361,-0.02922
-0.63771,-0.64840,-0.03662
-0.34829,-1.30718,-0.03713
-0.37343,-1.38076,-0.03321
-0.46377,-0.52864,-0.02798
-0.33055,-0.74689,-0.02393
-0.21522,-0.32567,-0.01247
-0.20126,-0.86705,-0.02326
-0.53144,-0.98939,-0.03191
-0.30872,-0.72664,-0.02377
-0.18579,-0.62631,-0.02129
-0.48382,-0.56771,-0.02955
-0.72106,-1.12592,-0.04547
-0.40093,-0.99988,-0.03253
-0.50412,-0.96946,-0.03095
-0.46568,-0.90694,-0.03211
-0.51453,-0.69244,-0.03505
-0.62853,-0.83336,-0.04174
-0.19658,-0.72683,-0.02132
-0.35083,-1.08434,-0.02881
-0.36431,-1.26574,-0.03623
-0.15283,-0.73181,-0.01937
-0.54462,-0.96820,-0.04235
-0.28258,-0.95565,-0.03120
-0.11871,-1.06031,-0.02081
-0.37303,-0.97783,-0.02998
-0.11471,-1.22939,-0.02255
-0.22439,-0.79024,-0.01958
-0.21231,-0.60869,-0.01928
-0.39211,-0.80863,-0.02689
-0.44507,-0.47768,-0.02487
-0.65558,-0.78840,-0.03549
-0.22222,-0.89789,-0.02576
-0.36695,-0.76183,-0.03114
-0.52131,-0.90348,-0.03715
-0.51822,-1.36068,-0.04672
-0.33529,-1.16885,-0.03628
-0.21298,-0.74590,-0.02078
-0.50776,-1.66665,-0.04188
-0.42913,-0.92483,-0.03485
-0.33094,-0.45142,-0.02263
-0.47064,-0.80302,-0.02925
-0.33967,-1.20541,-0.03239
-0.57470,-0.92722,-0.03603
-0.67498,-0.85723,-0.03363
-0.35998,-0.96149,-0.02967
-0.33392,-1.13798,-0.03039
-0.48593,-0.72076,-0.02878
-0.33383,-1.01598,-0.02878
-0.14710,-0.74098,-0.01879
-0.33260,-0.44786,-0.02094
-0.39499,-1.14034,-0.02879
-0.62379,-1.04155,-0.04567
-0.66596,-0.83025,-0.04482
-0.56826,-1.06079,-0.03935
-0.46829,-1.05193,-0.03027
-0.28501,-1.32643,-0.03727
-0.20125,-1.06469,-0.02802
-0.46694,-0.79736,-0.03843
-0.07440,-1.06813,-0.01876
-0.02028,-1.17057,-0.01836
-0.45953,-0.86527,-0.03241
-0.26074,-0.79013,-0.02265
-0.43994,-1.24791,-0.03716
-0.35441,-1.20473,-0.02984
-0.50041,-0.95641,-0.03060
-0.45654,-0.84632,-0.02892
-0.49945,-0.58938,-0.03222
-0.35588,-0.53374,-0.02272
-0.68507,-0.73942,-0.03106
-0.33437,-0.75651,-0.02424
-0.64715,-1.10568,-0.04610
-0.66462,-0.93027,-0.04640
-0.69556,-0.88899,-0.04176
-0.29863,-0.79217,-0.02690
-0.30986,-0.86135,-0.02900
-0.29561,-1.14183,-0.03241
-0.82898,-1.78911,-0.04761
-0.37270,-1.04540,-0.02385
-0.49471,-1.45993,-0.04765
-0.16110,-0.74940,-0.01979
-0.41343,-1.46768,-0.04129
-0.52405,-1.14815,-0.04683
-0.09586,-0.61493,-0.01447
-0.30367,-1.07171,-0.02566
-0.29947,-1.07183,-0.03005
-0.29891,-1.67659,-0.03110
-0.23684,-0.49297,-0.01613
-0.43719,-0.76727,-0.02581
-0.53616,-0.29526,-0.02860
-0.58425,-0.68037,-0.03028
-0.32280,-1.13244,-0.03521
-0.35169,-1.10931,-0.03730
-0.51046,-1.15576,-0.04337
-0.44053,-0.79701,-0.03603
-0.62426,-0.99604,-0.05008
-0.45052,-0.81421,-0.02974
-0.47177,-1.07590,-0.03084
-0.23516,-0.44577,-0.02009
-0.42955,-1.50973,-0.03926
-0.23289,-0.95847,-0.02676
-0.64026,-0.59500,-0.03230
-0.50989,-1.04083,-0.03672
-0.52322,-0.50312,-0.02873
-0.54501,-0.43889,-0.02933
-0.38647,-1.07898,-0.03017
-0.13899,-1.31605,-0.03000
-0.43949,-0.61100,-0.02764
-0.22058,-1.24877,-0.03069
-0.28837,-0.50512,-0.02166
-0.36950,-0.64862,-0.02817
-0.63619,-0.66921,-0.03939
-0.68759,-0.96310,-0.04741
-0.25404,-0.41098,-0.01990
-0.30481,-0.70875,-0.02479
-0.26385,-0.85802,-0.02480
-0.43410,-0.84687,-0.02797
-0.50716,-0.84568,-0.03073
-0.39294,-0.83910,-0.02690
-0.46702,-0.95926,-0.02571
-0.44295,-0.89487,-0.03179
-0.28524,-0.65846,-0.02565
-0.19417,-0.58639,-0.02044
-0.44847,-0.48429,-0.02414
-0.14715,-0.89426,-0.01825
-0.39219,-1.07998,-0.03658
-0.55805,-1.34776,-0.04174
-0.50232,-0.86880,-0.03202
-0.61664,-1.28630,-0.04242
-0.66802,-1.01163,-0.03580
-0.52498,-1.17095,-0.03450
-0.24215,-1.02435,-0.02693
-0.40572,-1.05367,-0.03803
-0.24371,-0.83648,-0.02173
-0.29097,-0.51322,-0.01929
-0.44608,-0.59806,-0.02696
-0.38137,-0.76661,-0.03015
-0.37881,-0.69236,-0.02928
-0.43940,-0.57862,-0.03014
-0.42014,-0.66913,-0.03383
-0.18028,-0.17670,-0.00943
-0.24466,-1.19196,-0.02356
-0.31967,-0.49188,-0.02143
-0.27234,-0.47751,-0.02179
-0.26977,-1.44905,-0.03387
-0.62983,-0.87063,-0.04743
-0.43760,-0.81000,-0.03400
-0.28975,-0.75372,-0.02250
-0.44359,-0.76329,-0.03239
-0.41725,-0.78424,-0.03603
-0.46016,-0.79046,-0.02848
-0.32545,-0.50138,-0.02630
0.02977,-0.86127,-0.01257
-0.28454,-1.05549,-0.02788
-0.49148,-0.81930,-0.03201
-0.33005,-0.71143,-0.02799
-0.53537,-0.96628,-0.03269
-0.18898,-0.62730,-0.01842
-0.36758,-0.89900,-0.02976
-0.52178,-0.69413,-0.03025
-0.52253,-0.81613,-0.03690
-0.68766,-0.83368,-0.04002
-0.40934,-0.87170,-0.03421
-0.38107,-1.09837,-0.03368
-0.12366,-1.32302,-0.02828
-0.52225,-1.68008,-0.04225
-0.18740,-1.06160,-0.02097
-0.25779,-0.75179,-0.02239
-0.61833,-0.57688,-0.03337
-0.16958,-1.11369,-0.02490
-0.18003,-0.55183,-0.01824
-0.47780,-0.62860,-0.03448
-0.54300,-0.50735,-0.02862
-0.18235,0.00800,-0.00872
-0.26117,-0.88702,-0.02843
-0.40622,-0.43617,-0.02649
-0.24778,-0.85483,-0.02557
-0.19101,-0.77991,-0.01678
-0.26576,-0.53014,-0.02069
-0.17629,-1.19082,-0.02780
-0.33412,-0.89787,-0.02643
-0.35712,-0.60922,-0.02553
-0.48236,-0.78445,-0.02697
-0.53824,-0.45068,-0.03137
-0.36580,-1.13429,-0.03011
-0.49443,-1.10493,-0.03313
-0.29555,-0.21056,-0.01657
-0.31210,-0.63958,-0.02678
-0.50307,-0.77935,-0.03409
-0.32079,-0.09749,-0.01380
-0.39936,-0.81883,-0.03547
-0.38752,-1.14230,-0.03514
-0.39163,-1.06237,-0.02801
-0.50904,-1.23014,-0.03187
-0.45944,-0.79899,-0.03635
-0.43407,-1.02393,-0.03121
-0.58881,-1.38240,-0.04152
-0.36333,-0.62358,-0.02874
-0.52640,-0.89380,-0.03850
-0.34505,-0.46010,-0.02613
-0.55610,-0.79348,-0.03371
-0.52787,-0.93602,-0.03492
-0.48734,-0.71749,-0.03575
-0.73799,-1.12512,-0.04888
-0.35156,-0.71750,-0.02954
-0.41611,-0.85992,-0.02647
-0.18548,-1.00605,-0.02783
-0.50188,-0.98382,-0.03205
-0.30145,-1.14197,-0.02881
-0.54211,-0.83855,-0.03539
-0.81477,-1.00657,-0.04219
-0.43265,-0.69855,-0.02735
-0.42121,-0.62891,-0.02641
-0.27816,-0.78073,-0.02138
-0.27601,-0.66489,-0.01564
-0.41173,-0.56480,-0.02545
-0.30766,-0.63661,-0.01689
-0.22049,-0.65462,-0.02009
-0.45006,-0.98543,-0.03924
-0.70997,-1.26978,-0.03951
-0.61322,-1.17015,-0.04536
-0.27490,-0.34364,-0.01710
-0.41926,-1.09543,-0.03317
-0.33480,-0.77495,-0.02901
-0.63389,-1.28450,-0.04414
-0.24847,-0.57097,-0.02285
-0.45247,-1.21615,-0.03404
-0.12823,-0.79111,-0.02148
-0.57572,-1.08692,-0.03141
-0.56590,-0.41204,-0.02306
-0.62992,-1.21414,-0.05149
-0.22158,-0.85008,-0.02394
-0.11654,-0.34176,-0.01043
-0.64861,-0.66676,-0.03982
-0.20213,-0.77163,-0.02509
-0.18903,-0.58234,-0.01825
-0.40175,-0.68920,-0.03106
-0.48312,-1.10923,-0.03791
-0.56360,-0.90762,-0.04017
-0.27968,-1.36074,-0.03065
-0.13841,-1.08468,-0.02150
-0.24735,-0.93609,-0.02502
-0.53503,-0.56115,-0.03523
-0.46037,-1.03711,-0.04099
-0.32973,-0.47984,-0.02113
-0.62175,-1.09790,-0.04096
-0.18684,-0.70141,-0.02046
-0.58140,-1.26742,-0.04280
-0.41327,-0.44976,-0.02677
-0.42850,-1.13227,-0.03262
-0.28307,-0.83511,-0.02441
-0.34384,-0.77104,-0.02515
-0.57092,-1.16048,-0.04595
-0.03524,-1.12303,-0.01908
-0.19967,-0.87554,-0.02623
-0.32523,-0.75883,-0.02776
-0.61865,-0.38523,-0.03133
-0.51594,-1.19726,-0.03296
-0.42600,-0.35892,-0.02571
-0.53485,-0.98039,-0.03977
-0.16145,-0.69439,-0.02079
-0.62975,-0.37084,-0.03021
-0.31525,-1.37070,-0.03041
-0.36483,-0.78085,-0.02928
-0.39216,-0.43680,-0.02345
-0.26309,-1.07557,-0.03021
-0.43544,-1.03399,-0.03432
-0.56030,-0.98811,-0.04342
-0.50566,-1.40309,-0.03456
-0.37839,-0.81721,-0.03154
-0.46809,-0.83819,-0.03768
-0.48119,-0.69991,-0.03575
-0.46216,-0.57193,-0.02961
-0.72281,-0.84767,-0.03744
-0.43792,-0.85037,-0.03542
-0.32804,-0.79205,-0.02796
-0.49402,-0.69405,-0.03440
-0.40335,-0.77945,-0.03293
-0.21925,-1.12601,-0.02825
-0.45815,-1.17336,-0.03572
-0.34579,-0.62843,-0.02377
-0.25462,-0.77075,-0.02479
-0.33833,-1.14712,-0.03795
-0.25681,0.01068,-0.00976
-0.51113,-0.90864,-0.03865
-0.80571,-0.84378,-0.03614
-0.42326,-0.91342,-0.02531
-0.41060,-1.05561,-0.03745
-0.07781,-1.47169,-0.02280
-0.35274,-0.35930,-0.02113
-0.27105,-0.88756,-0.03039
-0.33161,-0.85550,-0.02560
-0.17848,-0.80226,-0.01845
-0.20605,-0.84877,-0.02297
-0.51135,-1.13680,-0.03926
-0.39713,-1.18795,-0.03545
-0.47243,-1.06175,-0.04135
-0.54763,-0.95288,-0.03422
-0.39180,-0.94135,-0.03167
-0.23640,-0.79913,-0.02039
-0.36554,-1.07633,-0.03908
-0.45996,-0.72563,-0.03328
-0.25188,-0.37371,-0.01685
-0.45633,-1.22385,-0.03675
-0.36951,-1.25998,-0.03569
-0.50983,-0.47207,-0.03352
-0.45413,-1.10988,-0.04173
-0.22926,-0.86648,-0.02936
-0.53317,-1.05403,-0.03288
-0.09471,-0.70327,-0.01415
-0.25950,-0.78754,-0.01936
-0.39600,-1.01411,-0.03064
-0.48683,-1.19193,-0.04436
-0.31483,-0.84575,-0.02539
-0.18073,-0.59172,-0.01745
-0.33726,-1.12805,-0.02906
-0.15325,-0.62564,-0.01755
-0.35591,-1.23762,-0.04067
-0.39645,-0.79398,-0.03223
-0.56528,-0.64776,-0.03654
-0.43008,-0.92661,-0.03377
-0.21140,-1.24578,-0.02789
-0.10530,-0.87002,-0.01954
-0.29070,-0.63389,-0.02296
-0.33606,-0.62900,-0.02559
-0.46082,-1.14082,-0.03457
-0.39974,-0.84780,-0.03662
-0.48516,-1.11393,-0.03245
-0.35588,-0.43814,-0.02257
-0.52393,-0.72585,-0.02942
-0.70660,-0.51024,-0.03506
-0.52525,-1.29085,-0.04216
-0.18783,-0.47280,-0.01805
-0.27746,-0.56784,-0.02423
-0.20107,-1.02419,-0.02334
-0.41942,-0.85231,-0.03138
-0.23244,-0.52021,-0.02024
-0.36353,-0.79668,-0.02805
-0.52183,-0.76073,-0.04013
-0.14629,-0.75093,-0.02240
-0.42829,-1.18778,-0.03847
-0.46095,-0.85695,-0.03527
-0.29488,-1.13536,-0.03121
-0.44535,-1.24285,-0.03638
-0.22748,-0.75151,-0.02441
-0.57327,-0.72985,-0.03784
-0.44857,-0.57697,-0.02861
-0.27377,-0.56297,-0.02062
-0.32701,-1.19399,-0.02776
-0.19823,-1.19910,-0.02795
-0.41376,-0.73272,-0.02977
-0.48797,-0.65585,-0.03365
-0.12700,-0.71310,-0.01764
-0.22898,-0.91885,-0.02399
-0.38468,-0.95617,-0.03729
-0.39096,-0.60369,-0.02657
-0.60239,-0.87984,-0.04091
-0.27766,-1.42301,-0.03312
-0.27578,-1.05650,-0.02885
-0.60978,-0.91419,-0.02880
-0.79877,-1.06384,-0.04189
-0.17409,-1.46437,-0.03004
-0.67434,-1.01485,-0.04094
-0.19991,-1.34854,-0.02743
-0.29676,-0.62469,-0.02010
-0.45108,-1.18143,-0.04116
-0.60085,-0.81059,-0.03790
-0.56779,-0.86460,-0.02940
-0.55316,-1.06262,-0.04141
-0.46719,-0.99017,-0.03079
-0.36021,-1.04228,-0.02759
-0.43162,-0.90355,-0.03175
-0.42683,-0.93956,-0.03458
-0.18216,-0.68492,-0.01973
-0.24836,-0.97461,-0.02503
-0.52158,-0.78433,-0.03113
-0.37106,-0.89447,-0.03193
-0.41103,-0.70194,-0.02272
-0.47833,-1.12593,-0.04143
-0.46357,-1.37205,-0.03469
-0.42812,-0.75043,-0.03427
-0.12054,-0.70332,-0.01545
-0.19296,-0.94971,-0.02218
-0.41585,-1.14491,-0.03246
-0.65858,-1.21949,-0.03739
-0.58540,-0.82035,-0.03908
-0.30100,-0.88952,-0.03101
-0.51502,-0.50056,-0.03157
-0.24430,-1.00794,-0.02540
-0.46379,-0.53832,-0.02825
-0.41709,-0.69612,-0.03224
-0.48904,-1.13962,-0.04053
-0.43947,-0.55405,-0.02393
-0.45499,-0.98872,-0.03244
-0.55156,-0.94398,-0.04468
-0.33276,-0.89834,-0.02647
-0.31723,-0.99211,-0.02828
-0.48396,-0.59806,-0.03249
-0.31745,-0.94057,-0.02544
-0.33035,-1.05681,-0.03132
-0.10295,-1.13896,-0.02449
-0.57916,-0.63727,-0.03736
-0.12291,-1.00725,-0.02246
-0.52650,-0.88380,-0.03141
-0.29496,-1.33729,-0.03186
-0.52977,-1.50232,-0.05440
-0.44942,-0.63291,-0.03057
-0.51922,-0.90783,-0.03795
-0.21618,-0.27914,-0.01758
-0.40152,-1.19470,-0.03454
-0.26910,-0.87975,-0.02829
-0.25922,-0.54381,-0.02369
-0.45714,-0.84743,-0.03125
-0.33037,-0.48154,-0.02333
-0.51082,-0.87057,-0.03273
-0.48895,-0.82140,-0.02812
-0.38951,-1.09603,-0.02957
-0.42136,-0.72383,-0.03345
-0.39713,-1.20475,-0.03007
-0.51454,-1.09525,-0.03645
-0.37472,-0.82491,-0.02419
-0.26836,-0.65144,-0.02319
-0.39862,-0.59512,-0.02726
-0.45948,-0.84854,-0.03416
-0.31376,-0.97634,-0.02767
-0.44557,-0.91251,-0.02929
-0.32495,-0.99404,-0.03126
-0.72708,-0.64378,-0.03949
-0.24783,-0.88522,-0.02593
-0.42263,-1.08258,-0.03560
-0.67369,-0.72731,-0.04471
-0.24768,-0.38774,-0.01452
-0.36818,-1.19675,-0.03646
-0.37906,-0.23873,-0.02103
-0.40000,-0.73387,-0.03095
-0.36417,-0.53870,-0.02224
-0.50625,-0.86135,-0.03150
-0.53123,-0.68301,-0.03601
-0.23230,-0.22986,-0.01579
-0.34656,-0.56482,-0.02194
-0.35856,-1.11607,-0.03556
-0.36799,-0.85126,-0.02925
-0.59008,-1.36621,-0.03323
-0.55459,-0.75158,-0.04019
-0.49358,-0.61782,-0.03033
-0.60552,-0.98193,-0.04186
-0.42305,-0.94534,-0.03163
-0.57092,-1.10676,-0.03978
-0.26755,-0.73631,-0.02238
-0.37622,-0.99051,-0.02849
-0.38030,-0.80026,-0.02890
-0.25774,-0.91150,-0.02959
-0.30431,-0.52751,-0.02094
-0.24783,-0.54345,-0.02114
-0.20642,-1.15010,-0.02515
-0.53312,-1.14290,-0.04699
-0.43707,-1.01132,-0.02909
-0.05283,-1.45952,-0.02361
-0.21346,-0.60004,-0.02265
-0.59189,-0.69928,-0.03324
-0.41353,-1.00100,-0.03218
-0.33612,-0.89814,-0.02827
-0.71318,-1.56423,-0.04613
-0.30742,-0.58901,-0.02673
-0.32945,-1.19026,-0.03366
-0.28829,-0.77837,-0.02659
-0.61249,-0.63383,-0.03369
-0.28891,-0.60848,-0.02525
-0.42183,-0.86770,-0.02700
-0.54001,-0.82342,-0.02884
-0.40663,-1.15060,-0.02958
-0.30708,-0.81462,-0.02694
-0.43390,-0.57501,-0.02994
-0.57767,-0.84290,-0.04004
-0.38877,-1.26066,-0.03505
-0.18729,-0.51750,-0.01773
-0.20085,-1.08028,-0.02220
-0.35694,-0.90851,-0.03001
-0.51336,-0.32698,-0.02818
-0.34619,-0.93044,-0.03162
-0.33003,-1.14798,-0.03196
-0.12173,-0.61532,-0.01687
-0.45044,-0.70433,-0.03165
-0.36002,-1.39369,-0.03998
-0.62643,-0.67727,-0.04018
-0.44053,-1.03247,-0.02815
-0.33308,-1.07521,-0.02469
-0.47016,-0.99120,-0.03225
-0.29167,-0.88846,-0.02524
-0.59115,-1.15458,-0.04273
-0.51965,-0.97775,-0.02640
-0.35240,-0.80208,-0.03227
-0.14657,-0.64483,-0.01670
-0.34305,-0.89195,-0.03055
-0.55431,-1.00095,-0.03241
-0.14833,-0.81027,-0.01685
-0.38841,-1.19318,-0.03734
-0.54775,-1.02516,-0.03790
-0.33196,-1.33118,-0.03713
-0.45800,-1.18740,-0.03788
-0.35476,-1.44537,-0.03467
-0.47640,-1.30545,-0.03840
-0.33348,-0.70391,-0.02896
-0.16074,-0.98638,-0.01925
-0.41801,-0.38855,-0.02656
-0.27936,-0.71474,-0.02589
-0.17232,-0.87002,-0.02419
-0.49667,-0.38156,-0.03139
-0.22262,-0.28833,-0.01465
-0.27923,-1.18683,-0.03612
-0.59693,-1.10679,-0.03422
-0.22945,-0.73855,-0.02160
-0.44605,-0.26517,-0.01978
-0.51395,-0.73552,-0.04001
-0.54492,-1.15161,-0.03931
-0.52653,-1.05383,-0.03119
-0.57612,-1.44547,-0.03185
-0.40081,-0.44945,-0.02115
-0.34716,-0.52850,-0.02292
-0.28508,-0.78667,-0.01970
-0.18450,-0.77596,-0.02140
-0.21198,-1.01576,-0.02560
-0.66881,-0.52096,-0.03277
-0.20981,-0.80406,-0.01916
-0.47694,-1.02929,-0.04122
-0.62997,-0.69886,-0.03852
-0.33833,-0.49608,-0.02267
-0.20675,-0.78023,-0.02459
-0.23130,-0.80725,-0.02330
-0.57060,-1.68073,-0.04197
-0.40583,-0.91110,-0.02762
-0.50218,-0.38916,-0.02577
-0.40104,-0.26107,-0.02205
-0.15496,-0.89864,-0.02018
-0.41129,-0.58487,-0.02350
-0.21545,-1.00120,-0.02648
-0.31092,-0.99325,-0.02293
-0.56812,-1.42007,-0.05110
-0.28259,-0.52798,-0.02060
-0.13124,-0.77322,-0.01702
-0.40158,-0.92944,-0.03482
-0.56354,-1.08089,-0.03717
-0.33912,-0.74435,-0.03026
-0.30460,-0.95503,-0.02973
-0.47724,-0.44753,-0.02596
-0.35260,-0.59836,-0.02543
-0.64754,-1.43286,-0.03763
-0.34972,-0.69194,-0.02507
-0.18242,-1.06589,-0.02275
-0.60242,-1.13891,-0.03815
-0.57886,-1.29571,-0.04897
-0.42159,-0.85622,-0.03582
-0.54853,-1.25537,-0.04427
-0.41127,-0.85111,-0.02804
-0.44006,-1.01641,-0.03711
-0.21462,-0.87895,-0.02220
-0.18285,-0.71648,-0.02314
-0.46295,-0.68306,-0.03238
-0.33568,-0.60432,-0.02669
-0.26005,-0.53010,-0.02067
-0.55293,-0.52063,-0.03266
-0.27454,-0.64985,-0.02052
-0.71847,-0.96752,-0.04317
-0.35726,-0.64138,-0.02802
-0.33667,-0.91284,-0.03012
-0.36880,-0.33638,-0.02230
-0.52850,-0.79114,-0.03074
-0.55685,-0.95624,-0.03082
-0.33063,-0.76063,-0.02506
-0.10066,-0.74465,-0.01743
-0.72945,-0.69624,-0.03611
-0.55591,-1.26432,-0.04621
-0.57793,-0.70564,-0.03863
-0.38976,-1.13180,-0.03714
-0.27316,-0.96802,-0.03263
-0.26844,-0.62511,-0.02089
-0.43753,-0.83378,-0.03869
-0.48389,-0.73684,-0.03301
-0.60695,-1.39720,-0.04667
-0.32397,-0.79612,-0.02802
-0.21369,-0.94925,-0.01904
-0.67994,-1.50151,-0.03509
-0.29721,-0.97221,-0.02450
-0.52779,-1.04054,-0.03310
-0.55630,-1.40049,-0.04118
-0.26064,-0.48965,-0.01696
-0.35229,-1.17225,-0.03184
-0.08638,-0.61856,-0.01231
-0.54337,-0.77717,-0.03409
-0.46358,-1.07465,-0.03744
-0.00841,-0.66483,-0.01329
-0.48940,-0.46357,-0.02496
-0.00379,-0.76331,-0.01639
-0.03565,-0.75977,-0.01470
-0.72472,-1.34897,-0.05142
-0.13982,-1.28359,-0.02801
-0.27556,-1.03407,-0.03012
-0.41370,-0.43496,-0.02215
-0.41453,-1.08046,-0.03635
-0.48947,-0.74014,-0.02770
-0.06440,-0.28872,-0.00865
-0.46440,-1.27635,-0.04777
-0.10780,-0.87501,-0.01963
-0.10274,-0.57497,-0.01313
-0.24846,-1.14935,-0.02316
-0.56637,-0.69309,-0.03211
-0.25403,-0.68962,-0.01924
-0.29991,-0.87226,-0.03137
-0.35541,-0.76415,-0.03289
-0.39888,-0.56756,-0.02760
-0.43391,-1.05806,-0.03490
-0.40753,-1.12162,-0.03620
-0.44261,-0.71657,-0.02985
-0.34678,-1.17803,-0.03066
-0.73514,-1.25720,-0.04164
-0.36404,-0.89044,-0.02642
-0.37140,-0.45244,-0.02143
-0.42345,-1.02331,-0.03560
-0.48819,-1.22022,-0.03709
-0.30801,-1.03084,-0.03344
-0.57136,-1.04184,-0.03939
-0.13019,-0.72429,-0.01523
-0.16257,-0.86445,-0.02184
-0.45502,-0.70390,-0.03312
-0.79957,-0.58599,-0.03999
-0.05609,-1.00442,-0.01320
-0.42915,-0.37672,-0.02488
-0.23967,-0.96640,-0.02751
-0.58607,-0.86140,-0.03025
-0.27278,-1.26834,-0.02980
-0.35355,-0.28707,-0.01918
-0.50532,-0.89644,-0.03719
-0.34150,-0.57617,-0.02343
-0.54838,-0.82443,-0.03761
-0.19143,-0.84499,-0.01680
-0.54579,-1.31263,-0.04064
-0.44664,-0.77648,-0.03539
-0.33364,-0.45761,-0.02267
-0.13199,-1.25207,-0.02837
-0.34259,-0.41663,-0.02470
-0.07123,-0.87560,-0.02051
-0.42594,-0.60624,-0.02713
-0.41682,-0.73338,-0.02473
-0.42491,-1.19236,-0.04130
-0.29335,-0.78597,-0.01996
-0.34724,-0.89959,-0.02850
-0.52353,-0.50944,-0.03180
-0.41088,-1.02819,-0.03268
-0.40537,-0.88513,-0.03075
-0.40562,-0.63055,-0.02957
-0.44985,-0.87742,-0.03626
-0.25266,-1.23398,-0.03355
-0.37530,-1.08571,-0.03438
-0.57351,-0.46607,-0.02656
-0.42049,-1.01775,-0.03266
-0.57151,-1.25950,-0.05013
-0.52983,-0.87293,-0.03954
-0.19840,-0.20100,-0.01274
-0.31161,-0.65661,-0.02734
-0.37963,-0.73428,-0.02764
-0.40453,-0.52746,-0.02816
-0.27544,-1.10350,-0.02076
-0.26978,-1.11240,-0.03032
-0.06220,-0.73426,-0.01465
-0.36796,-0.31274,-0.01994
-0.76858,-1.58485,-0.04921
-0.49366,-1.37195,-0.03603
-0.21463,-0.59179,-0.02103
-0.63611,-0.91093,-0.03201
-0.46531,-0.61581,-0.02814
-0.05885,-0.68402,-0.01673
-0.14101,-0.44481,-0.01383
-0.37362,-0.34104,-0.02294
-0.39923,-0.50458,-0.02492
-0.34449,-1.09427,-0.02996
-0.43596,-0.81187,-0.03295
-0.31396,-0.91358,-0.02704
-0.31497,-0.88272,-0.02744
-0.34034,-0.71929,-0.02241
-0.25868,-0.89097,-0.02909
-0.44763,-1.17606,-0.03024
-0.31055,-1.01823,-0.03497
-0.51652,-1.06331,-0.03431
-0.22641,-0.56947,-0.01778
-0.09659,-1.21467,-0.02155
-0.44904,-0.71121,-0.03029
-0.28259,-1.05254,-0.02678
-0.26073,-0.75302,-0.02468
-0.57470,-0.99756,-0.03891
-0.39686,-0.59736,-0.02564
-0.27522,-0.78691,-0.02469
-0.33967,-0.57522,-0.02598
-0.78003,-1.18066,-0.05062
-0.28424,-1.05041,-0.02443
-0.23327,-0.65256,-0.01923
-0.59106,-0.62663,-0.03719
-0.23546,-0.50594,-0.01779
-0.35590,-0.67082,-0.02701
-0.37822,-1.44264,-0.04420
-0.40100,-0.74856,-0.02778
-0.20998,-0.54842,-0.01996
-0.34743,-0.92493,-0.02719
-0.37886,-0.98366,-0.03130
-0.45706,-0.47467,-0.02557
-0.34297,-0.75832,-0.02854
-0.59325,-1.22072,-0.03811
-0.48982,-0.66950,-0.03556
-0.40209,-0.68177,-0.03141
-0.69086,-0.44388,-0.03099
-0.40576,-0.78274,-0.03072
-0.32770,-0.51552,-0.02175
-0.45702,-0.42790,-0.03003
-0.51336,-1.31163,-0.04045
-0.35630,-1.19700,-0.03475
-0.36416,-1.37419,-0.03844
-0.69621,-1.27625,-0.05066
-0.54346,-0.85807,-0.04157
-0.37142,-0.74953,-0.02880
-0.26473,-0.63525,-0.02418
-0.56510,-1.00239,-0.03676
-0.44996,-0.98079,-0.03855
-0.29808,-1.23023,-0.03418
-0.60211,-1.25438,-0.04485
-0.31944,-0.97867,-0.02935
-0.27979,-1.11949,-0.03399
-0.43446,-1.11542,-0.04016
-0.32622,-0.34138,-0.02005
-0.20033,-0.39145,-0.01770
-0.38563,-1.06423,-0.03205
-0.46105,-0.73641,-0.03066
-0.04298,-0.70711,-0.01423
-0.28914,-1.09212,-0.03247
-0.36996,-1.06487,-0.02578
-0.35587,-0.86074,-0.03046
-0.32539,-1.08697,-0.03194
-0.44450,-0.76048,-0.03637
-0.53553,-1.05776,-0.03914
-0.19014,-1.11351,-0.02511
-0.26761,-0.95618,-0.02543
-0.42755,-1.48726,-0.03622
-0.16311,-0.45853,-0.01279
-0.37342,-1.25257,-0.03191
-0.47423,-1.11816,-0.03120
-0.17365,-0.89155,-0.01855
-0.34892,-0.86296,-0.03299
-0.60673,-1.13810,-0.05128
-0.51675,-0.57310,-0.03031
-0.33622,-0.69424,-0.02746
-0.21163,-0.58316,-0.01770
-0.17303,-0.80542,-0.02313
-0.32398,-0.77196,-0.02679
-0.32607,-1.13008,-0.03669
-0.45737,-0.88771,-0.02869
-0.59010,-0.64190,-0.03742
-0.46931,-1.09876,-0.03377
-0.60919,-0.64341,-0.03385
-0.42197,-0.59585,-0.02666
-0.49045,-1.17243,-0.03793
-0.40335,-1.02167,-0.03536
-0.63678,-0.37524,-0.03526
-0.31888,-1.15234,-0.03126
-0.43355,-0.70533,-0.03173
-0.41449,-0.52341,-0.02247
-0.67371,-1.09771,-0.04326
-0.55002,-0.73088,-0.03823
-0.45261,-0.43978,-0.02883
0.01185,-1.11027,-0.01539
-0.31264,-0.99325,-0.02887
-0.50750,-1.53348,-0.04147
-0.26211,-0.82397,-0.02653
-0.18023,-0.74680,-0.02212
-0.22828,-0.49008,-0.01618
-0.44117,-0.87223,-0.03398
-0.57167,-0.69518,-0.03063
-0.23418,-0.86631,-0.02539
-0.26377,-0.83853,-0.02502
-0.41292,-0.55684,-0.02168
-0.50449,-0.50677,-0.02977
-0.35895,-1.58974,-0.03831
-0.43779,-1.13685,-0.04149
-0.57697,-0.91178,-0.04385
-0.44939,-0.50157,-0.02749
-0.44684,-1.05930,-0.03483
-0.46760,-0.86179,-0.03350
-0.67951,-0.46783,-0.03540
-0.30833,-1.08405,-0.03339
-0.38019,-1.16673,-0.04191
-0.52198,-1.23309,-0.04174
-0.39309,-0.58951,-0.03070
-0.42259,-0.65403,-0.03031
-0.32012,-1.21962,-0.03295
-0.21414,-0.94609,-0.02788
-0.43738,-0.58412,-0.02818
-0.59195,-0.63082,-0.03541
-0.10342,-1.33900,-0.02735
-0.47375,-0.62347,-0.02881
-0.35364,-1.25187,-0.03236
-0.42627,-1.02653,-0.03880
-0.40206,-0.74527,-0.03280
-0.31215,-1.06340,-0.02827
-0.44851,-1.23108,-0.03852
-0.18539,-0.73557,-0.01885
-0.55320,-0.95435,-0.03219
-0.56334,-0.56387,-0.03434
-0.39906,-1.07961,-0.03071
-0.21960,-0.35661,-0.01722
-0.50324,-0.95088,-0.03707
-0.59628,-0.92762,-0.03316
-0.36055,-0.44100,-0.02089
-0.58012,-1.04468,-0.04614
-0.30263,-1.05489,-0.02840
-0.38246,-0.77997,-0.02476
-0.57802,-1.01133,-0.04568
-0.40858,-0.44576,-0.02472
-0.49394,-0.71859,-0.02615
-0.22718,-0.58097,-0.02245
-0.23779,-0.93056,-0.02586
-0.70678,-1.37954,-0.04875
-0.23906,-0.87294,-0.02209
-0.22615,-0.60757,-0.02004
-0.35667,-0.93181,-0.02965
-0.49249,-1.22005,-0.04167
-0.36370,-0.89820,-0.03351
-0.22895,-0.40063,-0.01880
-0.52227,-0.81157,-0.03347
-0.32486,-0.92193,-0.03248
-0.12279,-0.37511,-0.01082
-0.51822,-0.72597,-0.03252
-0.35781,-0.60825,-0.02423
-0.31377,-0.24846,-0.02015
-0.18508,-1.11242,-0.02518
-0.18603,-1.10346,-0.02964
-0.33784,-0.35164,-0.01882
-0.69837,-0.36503,-0.03624
-0.55257,-1.08342,-0.04473
-0.35108,-1.05553,-0.03083
-0.41579,-1.12447,-0.03815
-0.31272,-0.90639,-0.03234
-0.45740,-0.79346,-0.03409
-0.55987,-1.14276,-0.03368
-0.44123,-0.72981,-0.03445
-0.65179,-0.66852,-0.02949
-0.60111,-0.43133,-0.03339
-0.40067,-1.00564,-0.03745
-0.20229,-0.76417,-0.02438
-0.47380,-0.75907,-0.02938
-0.67608,-1.01186,-0.04945
-0.58690,-1.28848,-0.05234
-0.23367,-0.95082,-0.02696
-0.27500,-0.56466,-0.01800
-0.38808,-0.79113,-0.03026
-0.11342,-0.83046,-0.02225
-0.41403,-0.64231,-0.03166
-0.17865,-0.45985,-0.01752
-0.62559,-0.85185,-0.03907
-0.30361,-0.94287,-0.02359
-0.54559,-1.23169,-0.04142
-0.32288,-0.85485,-0.03008
-0.11687,-1.16571,-0.02314
-0.39984,-0.40916,-0.02200
-0.39070,-0.72049,-0.02987
-0.35090,-0.65971,-0.02832
-0.20620,-0.65929,-0.01796
-0.43348,-0.35618,-0.02644
-0.37945,-0.30247,-0.02387
-0.50779,-0.86655,-0.03748
-0.34976,-0.82520,-0.03293
-0.40658,-0.69627,-0.02683
-0.28612,-0.43334,-0.01685
-0.42213,-0.82885,-0.02536
-0.32056,-0.50143,-0.02377
-0.33921,-0.39073,-0.02266
-0.69342,-1.08033,-0.03492
-0.21182,-1.44529,-0.02900
-0.25480,-0.63056,-0.02197
-0.55602,-0.74153,-0.03004
-0.79101,-1.51580,-0.04378
-0.42857,-0.58340,-0.03017
-0.22067,-0.71623,-0.02145
-0.32379,-0.69915,-0.02458
-0.44516,-0.74013,-0.03302
-0.49618,-0.96707,-0.04107
-0.48003,-0.78900,-0.03712
-0.51054,-1.12500,-0.02963
-0.25237,-0.64259,-0.02129
-0.59099,-0.70651,-0.04102
-0.46905,-0.86454,-0.03062
-0.47942,-0.53685,-0.03318
-0.43731,-0.97362,-0.03178
-0.53377,-0.69934,-0.02922
-0.26731,-0.70916,-0.02078
-0.27306,-0.73118,-0.02336
-0.50187,-0.88526,-0.03501
-0.29169,-0.95104,-0.02588
-0.30233,-0.56317,-0.02405
-0.43934,-0.92876,-0.03442
-0.40363,-1.00669,-0.03636
-0.42099,-0.75884,-0.03414
-0.46885,-0.84101,-0.02889
-0.42548,-0.90274,-0.03636
-0.37994,-0.95695,-0.02657
-0.31052,-1.01231,-0.03481
-0.28815,-1.03591,-0.03263
-0.46027,-0.59093,-0.02935
-0.22390,-0.09747,-0.01263
-0.21187,-1.12515,-0.02180
-0.48770,-0.32223,-0.02243
-0.41706,-0.94566,-0.02579
-0.20882,-0.90960,-0.02701
-0.51237,-0.54926,-0.03053
-0.70132,-1.62037,-0.04879
-0.40056,-0.66268,-0.02835
-0.44433,-0.84905,-0.03894
-0.48552,-1.07065,-0.02785
-0.51426,-0.92924,-0.04270
-0.41726,-1.15780,-0.03265
-0.43809,-0.67839,-0.03073
-0.38836,-0.82308,-0.03137
-0.32946,-0.23809,-0.01994
-0.43115,-0.71613,-0.03264
-0.47953,-0.51937,-0.03113
-0.52651,-1.10092,-0.03559
-0.46779,-0.82534,-0.03652
-0.55411,-0.93149,-0.03941
-0.29753,-0.87143,-0.02552
-0.29546,-0.65029,-0.02148
-0.32074,-0.95634,-0.03202
-0.42051,-0.47564,-0.02725
-0.52205,-0.64156,-0.03499
-0.33986,-0.46136,-0.02551
-0.36622,-1.03967,-0.02662
-0.35187,-0.75162,-0.03134
-0.37743,-0.29216,-0.02095
-0.25629,-0.42372,-0.01737
-0.39889,-0.58095,-0.02883
-0.25171,-1.01061,-0.02540
-0.68639,-0.81602,-0.03909
-0.74690,-0.52311,-0.03495
-0.35225,-0.77669,-0.02598
-0.22247,-0.51953,-0.01801
-0.39742,-0.60249,-0.02662
-0.57932,-1.22197,-0.03805
-0.43218,-1.16255,-0.03992
-0.39041,-0.93895,-0.02682
-0.41134,-0.51837,-0.02548
-0.21704,-1.02265,-0.02611
-0.33794,-1.25240,-0.03849
-0.43094,-0.98092,-0.03043
-0.39188,-0.97133,-0.03489
-0.20250,-0.33834,-0.01445
-0.37481,-0.46122,-0.02111
-0.22755,-0.56701,-0.02039
-0.44868,-1.04288,-0.04072
-0.25006,-1.05484,-0.02820
-0.36697,-1.21375,-0.03917
-0.65365,-1.03009,-0.04316
-0.48004,-0.91363,-0.02899
-0.39045,-1.07570,-0.03424
-0.56462,-1.24354,-0.04515
-0.45098,-0.68605,-0.03231
-0.36656,-0.52162,-0.02883
-0.47048,-0.76942,-0.03636
-0.31960,-1.00985,-0.02696
-0.48609,-0.80324,-0.03898
-0.47779,-0.96292,-0.03702
-0.40060,-1.10100,-0.03592
-0.26371,-0.62343,-0.02236
-0.52138,-0.80673,-0.03091
-0.29904,-0.90637,-0.02861
-0.29687,-0.70833,-0.02723
-0.40316,-0.78647,-0.03388
-0.29639,-0.84148,-0.02453
-0.40450,-0.91136,-0.03470
-0.42382,-0.85831,-0.02637
-0.59354,-0.88807,-0.04458
-0.36099,-0.69232,-0.02593
-0.36970,-0.66301,-0.02546
-0.04536,-0.56508,-0.01352
-0.65035,-1.24341,-0.04432
-0.33809,-0.79857,-0.02295
-0.35104,-0.71174,-0.02898
-0.47346,-1.06209,-0.03612
-0.66337,-0.53015,-0.03165
-0.17285,-0.66647,-0.02035
-0.14823,-0.90215,-0.02384
-0.46104,-1.16359,-0.03566
-0.33236,-1.00117,-0.02896
-0.34108,-1.28981,-0.03675
-0.35966,-0.57729,-0.02727
-0.48330,-0.76413,-0.03472
-0.67543,-0.98574,-0.03491
-0.34917,-1.03508,-0.02881
-0.58440,-1.19407,-0.04129
-0.24707,-1.23551,-0.02933
-0.39296,-0.86957,-0.02975
-0.50567,-0.75331,-0.03009
-0.38144,-0.96808,-0.02531
-0.28881,-0.65531,-0.02129
-0.44419,-0.72861,-0.03240
-0.21645,-1.22584,-0.03148
-0.37293,-0.99790,-0.02810
-0.33156,-0.73914,-0.02827
-0.37501,-1.13518,-0.03415
-0.52009,-0.85959,-0.03208
-0.22650,-0.68624,-0.02131
-0.44718,-0.93680,-0.03458
-0.13722,-0.68277,-0.01549
-0.36095,-0.99489,-0.02869
-0.58272,-1.54222,-0.04380
-0.30046,-0.95784,-0.02511
-0.49544,-1.43542,-0.04669
-0.33328,-0.81585,-0.02687
-0.30101,-1.12061,-0.03295
-0.37651,-0.69974,-0.02990
-0.68503,-1.25904,-0.04556
-0.23755,-0.70922,-0.02382
-0.69791,-0.52478,-0.04062
-0.31086,-1.28804,-0.02708
-0.43697,-0.91186,-0.03387
-0.61878,-0.62690,-0.03289
-0.33087,-0.35945,-0.01888
-0.22788,-0.81319,-0.02201
-0.64726,-0.95957,-0.04488
-0.50098,-1.12913,-0.03952
-0.45076,-0.43488,-0.01960
-0.51751,-0.69848,-0.03039
-0.74654,-0.60557,-0.03673
-0.53685,-0.33423,-0.02431
-0.17845,-0.62108,-0.01638
-0.07620,-0.50326,-0.01459
-0.30301,-0.75180,-0.02459
-0.20420,-0.85593,-0.02379
-0.56064,-0.65299,-0.03929
-0.46281,-0.50759,-0.03414
-0.27251,-0.62345,-0.01861
-0.41808,-0.86102,-0.03493
-0.03723,-0.37894,-0.00755
-0.49991,-0.94084,-0.03994
-0.36450,-0.70584,-0.03002
-0.36813,-1.22730,-0.03147
-0.52047,-1.01931,-0.03521
-0.40085,-1.18199,-0.04047
-0.30967,-0.78890,-0.02451
-0.40310,-0.92569,-0.03525
-0.39607,-1.21054,-0.03059
-0.61013,-0.68535,-0.04064
-0.10321,-0.34915,-0.01004
0.11736,-1.15599,-0.01172
-0.32851,-0.72757,-0.01916
-0.19081,-0.98525,-0.01918
-0.27320,-1.20403,-0.02621
-0.64028,-0.57812,-0.03879
-0.67067,-0.53190,-0.03667
-0.18901,-1.12695,-0.02869
-0.48640,-1.19419,-0.03424
-0.09686,-0.56971,-0.01606
-0.65546,-0.93725,-0.03505
-0.54208,-0.78670,-0.03424
-0.01627,-0.94720,-0.01432
-0.26449,-0.48798,-0.02362
-0.42654,-0.84027,-0.02419
-0.54776,-0.70581,-0.03319
-0.38786,-1.14631,-0.03176
-0.43302,-0.72974,-0.02892
-0.12202,-0.63070,-0.01670
-0.20953,-1.04739,-0.02729
-0.79735,-1.01438,-0.04400
-0.45566,-1.36191,-0.03810
-0.49821,-1.06731,-0.03706
-0.17588,-0.36942,-0.01128
-0.24467,-0.86580,-0.02270
-0.56007,-1.01487,-0.04209
-0.76567,-1.08445,-0.04521
-0.63372,-1.36534,-0.04348
-0.66581,-0.85967,-0.03862
-0.43302,-0.67362,-0.03207
-0.19505,-0.80329,-0.02041
-0.28776,-1.24636,-0.03191
-0.67795,-0.80627,-0.03759
-0.41584,-0.98995,-0.03816
-0.49868,-0.65818,-0.03378
-0.42247,-1.20864,-0.03198
-0.23224,-0.81259,-0.02241
-0.26570,-1.05231,-0.02846
-0.32994,-0.74736,-0.02540
-0.11410,-0.55799,-0.01515
-0.39437,-0.35194,-0.02202
-0.27415,-0.92982,-0.02545
-0.44656,-1.04887,-0.03430
-0.47976,-0.74908,-0.03466
-0.38462,-0.53773,-0.02932
-0.21268,-0.72355,-0.01801
-0.45724,-1.01893,-0.03383
-0.47911,-0.71740,-0.03369
-0.60205,-0.52120,-0.03569
-0.32303,-0.88575,-0.02696
-0.46874,-0.58548,-0.03105
-0.45930,-1.43470,-0.04319
-0.57199,-1.43629,-0.04392
-0.35296,-0.93750,-0.03421
-0.40128,-0.45179,-0.02380
-0.48045,-1.07737,-0.04006
-0.77811,-0.96571,-0.03869
-0.52293,-0.64478,-0.03191
-0.57543,-0.97770,-0.02833
-0.53041,-0.31741,-0.03013
-0.40190,-1.00144,-0.03629
-0.69137,-1.41786,-0.04251
-0.47661,-0.91175,-0.03873
-0.25357,-0.61817,-0.02249
-0.60965,-0.69368,-0.03391
-0.12945,-0.90544,-0.02048
-0.48158,-1.34827,-0.04235
-0.42471,-0.83040,-0.02405
-0.52515,-1.51902,-0.03612
-0.39812,-0.99507,-0.03898
-0.40218,-0.66482,-0.02540
-0.46267,-0.53015,-0.02605
-0.50670,-0.71382,-0.03749
-0.49065,-0.96115,-0.02965
-0.62079,-0.84515,-0.03959
-0.24613,-0.63655,-0.02001
-0.34058,-0.93156,-0.02588
-0.30551,-0.92042,-0.02350
-0.14534,-0.90476,-0.02362
-0.48767,-0.90111,-0.03543
-0.71217,-1.15806,-0.04079
-0.17536,-0.49831,-0.01500
-0.38201,-0.55382,-0.02667
-0.14606,-0.60219,-0.01756
-0.07155,-0.81974,-0.01796
-0.40287,-0.48720,-0.02481
-0.18970,-0.90050,-0.02506
-0.27025,-0.96974,-0.02463
-0.36257,-0.35290,-0.02349
-0.24547,-0.83891,-0.02827
-0.39886,-0.72477,-0.02923
-0.48314,-0.50300,-0.02539
-0.41185,-1.11832,-0.03420
-0.44750,-0.70268,-0.02186
-0.23669,-0.90014,-0.02440
-0.23458,-0.84099,-0.02305
-0.42354,-1.07252,-0.02862
-0.22787,-0.58032,-0.01737
-0.34084,-1.26207,-0.03723
-0.52855,-0.86740,-0.03771
-0.50024,-0.56224,-0.03151
-0.31048,-0.63068,-0.02538
-0.34833,-0.66615,-0.02378
-0.35176,-0.60551,-0.02825
-0.23861,-0.30766,-0.01642
-0.56578,-0.83854,-0.03716
-0.21443,-0.77652,-0.02156
-0.41627,-1.05754,-0.03402
-0.39547,-0.53869,-0.02565
-0.70258,-1.30493,-0.04107
-0.74108,-0.72120,-0.04062
-0.64385,-1.13300,-0.03793
-0.36163,-0.52492,-0.02178
-0.59357,-0.98692,-0.03884
-0.36850,-0.69707,-0.02641
-0.63893,-0.57762,-0.03884
-0.27417,-0.70877,-0.02407
-0.49046,-1.01615,-0.02650
-0.24511,-0.62494,-0.02246
-0.30110,-1.12809,-0.03200
-0.47610,-0.51110,-0.03240
-0.18989,-1.18012,-0.02196
-0.46379,-0.62589,-0.02832
-0.62222,-0.98290,-0.04149
-0.14441,-0.82961,-0.02429
-0.37318,-0.79605,-0.02857
-0.54403,-0.82881,-0.03761
-0.36338,-0.44888,-0.02184
-0.45254,-0.46553,-0.02709
-0.11376,-0.74156,-0.01712
-0.58292,-1.27844,-0.03518
-0.62105,-0.97906,-0.05018
-0.49548,-0.81829,-0.03344
-0.41888,-0.94805,-0.02888
-0.39210,-0.75974,-0.03112
-0.31146,-1.14560,-0.02850
-0.69351,-1.04646,-0.04242
-0.20957,-0.71934,-0.02210
-0.22259,-0.21731,-0.01643
-0.39496,-0.57859,-0.02589
-0.28909,-0.92955,-0.02864
-0.72965,-1.07488,-0.04926
-0.59718,-1.12584,-0.05078
-0.12547,-0.33564,-0.01303
-0.54280,-1.08875,-0.04009
-0.71230,-0.94883,-0.04401
-0.60270,-0.93091,-0.03304
-0.39559,-0.51654,-0.02570
-0.56024,-0.37801,-0.03580
-0.36181,-0.78357,-0.03273
-0.45118,-1.21475,-0.03771
-0.34828,-1.42641,-0.03374
-0.16835,-1.11824,-0.02637
-0.19630,-0.16596,-0.01279
-0.48323,-0.79270,-0.03642
-0.41415,-1.14174,-0.03961
-0.16752,-0.51147,-0.01667
-0.19379,-0.81352,-0.02331
-0.35695,-1.19817,-0.03234
-0.43426,-1.45458,-0.03768
-0.33838,-0.54049,-0.02621
-0.14646,-1.23285,-0.02704
-0.28117,-0.83656,-0.02746
-0.43851,-0.63942,-0.03039
-0.58858,-1.25452,-0.04343
-0.42806,-0.50550,-0.02540
-0.59256,-1.01013,-0.03563
-0.47103,-0.67232,-0.03627
-0.37261,-0.65907,-0.03168
-0.30153,-0.88256,-0.02910
-0.38297,-1.07806,-0.03039
-0.42265,-0.57788,-0.03187
-0.18573,-0.44222,-0.01597
-0.27040,-0.88422,-0.02301
-0.27741,-0.49252,-0.01798
-0.24514,-0.82481,-0.02648
-0.43820,-0.45617,-0.02683
-0.33178,-1.05887,-0.03520
-0.54025,-0.82252,-0.03970
-0.35816,-0.24898,-0.02140
-0.35202,-0.68920,-0.02254
-0.34749,-1.01155,-0.02955
-0.25496,-0.55143,-0.02385
-0.58813,-1.13544,-0.04216
-0.24998,-0.49781,-0.02092
-0.51099,-1.10563,-0.03866
-0.51686,-0.87647,-0.04008
-0.21608,-0.90617,-0.02733
-0.55721,-1.43045,-0.04198
-0.32425,-0.89552,-0.03129
-0.46540,-1.28088,-0.04270
-0.89884,-1.13205,-0.04597
-0.44219,-0.74901,-0.02962
-0.34333,-0.89881,-0.02920
-0.31506,-0.83083,-0.02841
-0.18260,-0.69468,-0.01628
-0.07900,-0.78351,-0.01454
-0.39820,-0.41501,-0.02098
-0.34328,-1.22287,-0.02542
-0.57968,-0.56726,-0.02853
-0.31810,-0.72651,-0.02320
-0.41823,-1.10903,-0.03677
-0.22133,-0.85627,-0.01782
-0.80174,-0.50013,-0.03444
-0.35603,-1.19569,-0.03040
-0.35008,-1.10023,-0.03408
-0.53550,-0.71720,-0.03715
-0.39522,-0.81014,-0.03076
-0.29174,-0.61398,-0.01653
-0.20433,-0.44614,-0.01338
-0.55411,-0.70104,-0.03824
-0.41095,-0.99838,-0.03737
-0.33365,-1.32708,-0.03229
-0.56917,-1.31255,-0.04863
-0.57463,-1.42694,-0.04055
-0.47744,-0.69860,-0.03259
-0.55293,-1.21005,-0.04224
-0.22353,-0.72212,-0.01703
-0.30751,-0.95725,-0.02769
-0.45071,-0.46787,-0.02815
-0.46285,-0.90075,-0.03991
-0.61511,-1.20465,-0.03864
-0.53576,-0.94555,-0.03106
-0.33978,-0.78157,-0.02509
-0.27282,-1.38883,-0.03317
-0.03589,-0.58965,-0.01207
-0.44034,-0.48580,-0.02588
-0.66183,-1.31652,-0.05170
-0.34295,-0.62835,-0.02620
-0.22803,-1.69429,-0.03384
-0.48869,-0.88996,-0.03035
-0.59234,-0.56603,-0.03642
-0.26219,-0.73482,-0.02570
-0.47313,-1.40522,-0.04232
-0.25218,-1.03547,-0.02871
-0.48611,-1.09416,-0.04007
-0.52328,-0.56437,-0.02874
-0.23686,-1.18106,-0.02586
-0.31224,-0.60591,-0.02014
-0.41148,-0.74155,-0.02769
-0.44591,-1.02474,-0.04348
-0.62498,-0.76235,-0.04052
-0.39941,-0.99001,-0.03728
-0.30294,-0.96879,-0.02948
-0.47891,-0.56704,-0.02789
-0.14395,-0.22462,-0.00941
-0.22141,-1.01473,-0.02563
-0.48585,-0.94209,-0.03486
-0.00705,-1.23885,-0.01710
-0.45069,-0.39174,-0.02733
-0.36137,-0.86063,-0.03088
-0.36162,-1.17944,-0.02889
-0.50974,-1.00685,-0.03850
-0.37786,-1.08325,-0.03663
-0.25200,-0.67244,-0.02024
-0.40169,-0.69649,-0.03169
-0.38757,-0.70693,-0.03418
-0.41600,-0.90039,-0.02723
-0.40595,-0.93751,-0.02726
-0.34326,-0.99772,-0.02689
-0.68005,-1.45358,-0.04089
-0.42908,-0.59493,-0.02710
-0.22661,-0.15503,-0.01413
-0.13637,-0.56123,-0.01705
-0.29890,-1.11544,-0.03151
-0.41924,-0.88607,-0.03416
-0.30660,-0.69645,-0.02482
-0.54841,-0.92985,-0.04437
-0.35446,-0.43127,-0.02518
-0.34712,-1.43563,-0.03783
-0.22624,-1.26273,-0.02878
-0.32943,-1.11929,-0.03105
-0.43331,-1.58532,-0.03674
-0.45898,-1.00224,-0.03228
-0.27283,-0.98921,-0.03051
-0.50952,-0.79606,-0.03678
-0.40091,-0.87328,-0.03654
-0.37749,-0.86440,-0.03286
-0.68755,-1.32190,-0.04980
-0.48499,-1.18355,-0.03752
-0.37870,-0.44192,-0.02358
-0.28366,-0.68274,-0.02162
-0.27072,-0.63830,-0.02389
-0.46802,-0.96828,-0.03800
-0.55778,-1.45788,-0.04741
-0.26894,-1.04203,-0.03159
-0.33516,-0.54119,-0.02249
-0.55785,-0.78212,-0.03888
-0.33488,-0.40469,-0.02154
-0.31945,-0.58175,-0.02648
-0.41754,-0.69148,-0.03511
-0.44595,-0.81895,-0.03375
-0.45424,-0.98182,-0.03834
-0.43039,-1.04427,-0.03529
-0.22132,-0.90184,-0.02484
-0.64920,-0.87481,-0.03788
-0.61733,-1.16158,-0.04583
-0.44837,-0.89788,-0.03708
-0.30245,-0.54852,-0.02297
-0.40287,-0.95047,-0.02451
-0.27884,-0.76269,-0.02244
-0.46889,-1.05284,-0.03241
-0.81865,-1.27440,-0.05631
-0.34198,-1.26784,-0.03690
-0.49067,-1.14358,-0.04178
-0.06056,-0.44362,-0.01023
-0.38152,-1.29292,-0.03633
-0.60191,-0.35971,-0.03396
-0.37261,-1.48480,-0.03668
-0.38378,-1.18898,-0.03049
-0.42643,-1.14196,-0.03080
-0.45387,-1.13188,-0.03705
-0.76765,-1.22847,-0.05480
-0.25007,-1.37525,-0.03002
-0.42803,-1.15492,-0.03000
-0.40648,-0.84297,-0.03024
-0.28105,-0.61049,-0.02443
-0.42692,-0.86783,-0.02880
-0.38459,-1.14266,-0.03985
-0.63845,-0.59028,-0.02696
-0.07683,-1.08728,-0.01578
-0.56710,-1.25375,-0.02826
-0.26663,-0.76562,-0.02266
-0.30990,-0.59241,-0.02077
-0.38663,-0.69401,-0.03140
-0.64841,-1.30420,-0.04798
-0.32200,-0.84798,-0.03096
-0.54066,-0.53405,-0.03231
-0.20852,-0.72132,-0.01791
-0.08149,-0.90729,-0.01606
-0.24381,-1.09822,-0.02674
-0.59786,-1.05301,-0.03233
-0.53273,-1.02437,-0.03679
-0.33297,-1.74547,-0.03697
-0.37264,-0.93602,-0.02783
-0.35217,-0.48907,-0.02386
-0.46162,-0.64047,-0.02579
-0.51357,-0.91433,-0.03917
-0.13446,-1.04598,-0.02364
-0.22264,-1.21473,-0.02312
-0.44828,-0.78850,-0.02458
-0.34301,-0.93681,-0.03461
-0.30113,-0.97717,-0.02960
-0.25442,-0.48223,-0.02062
-0.12239,-0.43993,-0.01539
-0.46328,-1.13748,-0.03650
-0.36649,-0.83294,-0.03356
-0.57340,-1.20753,-0.04293
-0.31358,-0.78431,-0.02320
-0.61603,-0.72503,-0.03545
-0.43757,-0.50343,-0.03016
-0.38791,-0.85594,-0.02839
-0.59741,-1.08750,-0.04513
-0.25769,-0.72044,-0.02398
-0.52069,-0.85264,-0.03114
-0.29039,-1.01583,-0.02677
-0.49335,-0.95732,-0.03762
-0.28956,-1.04947,-0.03415
-0.32423,-0.38942,-0.02130
-0.23380,-1.23870,-0.03227
-0.19996,-0.69592,-0.02064
-0.39630,-1.22635,-0.03671
-0.33523,-0.72791,-0.02611
-0.34717,-0.96600,-0.03329
-0.15822,-0.39905,-0.01357
-0.65517,-0.94194,-0.03509
-0.62191,-0.89863,-0.04380
-0.46014,-1.25152,-0.03040
-0.66391,-0.59211,-0.03738
-0.30715,-0.36199,-0.01983
-0.65847,-1.28003,-0.05041
-0.57478,-0.68517,-0.03401
-0.23486,-1.36926,-0.03005
-0.57409,-0.52208,-0.03232
-0.52966,-1.04394,-0.04012
-0.54459,-0.65917,-0.03645
-0.35029,-1.14139,-0.03249
-0.28184,-0.79592,-0.02184
-0.15240,-0.78860,-0.01959
-0.29624,-0.73486,-0.02257
-0.43428,-0.71376,-0.03258
-0.11964,-0.41920,-0.01045
-0.53805,-0.86181,-0.02898
-0.41355,-1.15122,-0.03782
-0.16841,-0.88189,-0.01844
-0.30877,-0.74159,-0.02761
-0.35326,-0.50255,-0.02315
-0.58383,-0.87157,-0.03711
-0.25645,-1.10812,-0.02784
-0.26393,-1.05519,-0.02991
-0.23525,-0.82327,-0.01946
-0.59469,-1.24505,-0.03885
-0.60806,-0.95260,-0.03006
-0.42784,-0.76309,-0.02869
-0.33398,-0.65760,-0.02452
-0.43658,-0.52108,-0.02700
-0.49631,-0.84882,-0.03635
-0.31151,-0.09415,-0.01499
-0.55996,-0.45281,-0.02979
-0.27129,-1.17014,-0.03275
-0.43165,-1.44855,-0.03989
-0.40563,-1.08524,-0.03696
-0.22571,-0.73207,-0.02254
-0.26701,-0.66348,-0.02451
-0.41613,-1.04936,-0.03877
-0.28494,-1.15325,-0.03053
-0.28641,-1.06263,-0.03097
-0.33983,-0.91551,-0.02149
-0.40739,-0.64621,-0.02564
-0.56787,-0.60346,-0.03535
-0.54032,-0.68420,-0.02674
-0.49907,-0.83885,-0.03576
-0.41874,-1.39965,-0.03113
-0.04727,-0.87910,-0.01579
-0.16133,-0.97044,-0.02122
-0.31551,-1.24084,-0.03440
-0.58860,-0.95261,-0.04158
-0.67383,-1.00984,-0.04613
-0.37260,-0.54202,-0.02344
-0.38054,-0.50057,-0.02308
-0.59699,-1.02575,-0.04632
-0.43500,-0.53278,-0.02968
-0.27703,-0.71372,-0.02402
-0.43968,-1.03975,-0.03979
-0.37084,-0.70035,-0.02220
-0.37611,-0.84429,-0.03499
-0.51985,-0.49791,-0.03323
-0.39006,-0.63888,-0.02815
-0.26738,-0.62322,-0.02211
-0.75549,-1.37858,-0.04419
-0.39374,-0.83575,-0.03250
-0.56598,-1.43466,-0.04149
-0.53965,-0.50192,-0.03432
-0.29943,-0.96225,-0.02815
-0.51732,-0.96132,-0.04066
-0.66727,-0.79467,-0.03764
-0.40343,-0.51486,-0.02761
-0.17500,-0.83691,-0.01911
-0.39659,-0.68391,-0.02700
-0.38798,-0.84617,-0.03567
-0.27597,-0.32192,-0.01844
-0.42748,-0.76549,-0.03082
-0.37778,-0.82140,-0.02586
-0.41096,-0.34974,-0.02293
-0.40483,-1.00680,-0.03492
-0.27684,-0.62895,-0.02647
-0.29958,-1.11700,-0.02812
-0.17267,-0.83557,-0.02233
-0.25345,-1.10448,-0.03419
-0.23724,-0.67949,-0.02331
-0.50293,-0.57316,-0.03530
-0.39328,-0.89403,-0.03622
-0.35258,-0.82060,-0.02593
-0.41475,-1.23011,-0.04051
-0.24556,-0.60659,-0.02221
-0.34660,-0.49365,-0.02526
-0.54165,-1.29213,-0.04636
-0.22577,-1.05392,-0.02469
-0.04025,-1.03195,-0.01864
-0.31124,-0.32663,-0.02050
-0.51229,-1.30568,-0.03631
-0.54310,-0.80955,-0.03537
-0.35433,-0.32526,-0.02410
-0.71395,-0.72668,-0.03421
-0.50890,-0.76020,-0.03776
-0.50688,-1.02515,-0.03047
-0.36652,-0.61542,-0.02875
-0.28982,-1.17851,-0.03655
-0.34238,-0.46734,-0.02420
-0.30426,-0.98515,-0.02337
-0.17699,-1.01171,-0.02225
-0.53209,-0.70351,-0.03900
-0.39272,-0.89161,-0.02958
-0.25258,-0.86121,-0.02573
-0.08432,-1.07985,-0.02053
-0.43637,-0.96701,-0.03468
-0.35126,-0.82195,-0.02399
-0.32762,-1.23164,-0.03266
-0.00815,-1.19692,-0.01792
-0.45247,-1.21123,-0.02734
-0.52841,-0.55481,-0.03156
-0.38518,-0.65911,-0.02652
-0.43894,-0.81906,-0.03221
-0.32875,-0.42559,-0.02454
-0.60041,-0.88019,-0.03769
-0.43339,-0.80669,-0.03404
-0.35389,-0.74802,-0.02880
-0.66910,-1.00996,-0.03618
-0.22285,-0.61744,-0.02034
-0.28590,-0.48975,-0.01888
-0.66691,-1.34444,-0.04013
-0.39247,-0.93222,-0.03531
-0.42937,-0.75832,-0.02862
-0.21339,-1.20897,-0.02288
-0.52434,-0.96172,-0.04082
-0.23674,-0.64607,-0.02062
-0.42537,-0.97321,-0.03311
-0.47786,-0.49147,-0.02905
-0.31930,-0.33036,-0.01955
-0.55975,-0.73439,-0.04163
-0.33929,-0.92474,-0.03163
-0.70247,-0.83777,-0.04800
-0.57136,-0.83502,-0.03361
-0.01767,-0.70221,-0.01225
-0.37036,-0.79973,-0.02510
-0.12201,-0.54902,-0.01476
-0.46166,-1.15797,-0.03645
-0.26996,-1.30800,-0.03268
-0.29552,-1.06195,-0.02866
-0.45275,-0.60202,-0.03389
-0.32831,-0.70061,-0.02589
-0.63684,-1.12678,-0.03848
-0.46697,-0.56591,-0.03363
-0.24711,-1.09323,-0.02632
-0.44995,-0.79972,-0.03536
-0.32655,-0.87476,-0.02807
-0.38170,-0.51904,-0.02023
-0.16093,-0.67351,-0.01997
-0.38915,-0.65523,-0.02873
-0.26117,-1.01411,-0.03095
-0.61670,-0.74628,-0.03475
-0.48825,-1.28494,-0.04155
-0.19857,-0.83117,-0.02385
-0.63913,-0.93000,-0.04124
-0.41127,-0.99329,-0.03885
-0.42468,-1.16310,-0.04116
-0.29909,-0.84391,-0.02984
-0.42166,-0.78533,-0.02883
-0.45974,-0.85849,-0.02849
-0.25147,-0.68121,-0.01837
-0.49765,-1.06829,-0.03687
-0.51138,-0.25562,-0.02513
-0.55579,-1.29827,-0.03935
-0.45419,-0.93467,-0.03663
-0.24130,-0.61276,-0.01776
-0.52582,-1.12043,-0.04029
-0.16082,-1.01107,-0.02757
-0.61572,-0.95164,-0.04074
-0.13196,-1.19049,-0.02217
-0.55038,-1.61968,-0.04894
-0.42141,-0.54476,-0.02743
-0.41016,-0.52868,-0.02746
-0.51513,-1.18470,-0.03841
-0.43517,-1.10837,-0.03837
-0.34921,-0.63792,-0.02592
-0.36998,-0.84871,-0.02936
-0.09456,-1.31174,-0.02387
-0.40888,-0.34999,-0.02202
-0.35266,-0.74773,-0.02893
-0.26952,-1.01174,-0.02832
-0.48807,-1.26253,-0.04095
-0.65865,-0.87953,-0.03671
-0.42035,-0.88728,-0.02697
-0.40307,-1.44309,-0.03426
-0.51227,-1.28709,-0.03572
-0.24933,-0.56748,-0.01886
-0.20161,-1.17225,-0.02863
-0.26672,-0.71170,-0.02604
-0.17333,-0.81441,-0.02046
-0.26465,-0.62133,-0.01982
-0.33558,-0.57183,-0.02415
-0.32767,-1.05945,-0.02919
-0.01384,-0.54322,-0.01008
-0.10072,-0.71901,-0.01581
-0.13496,-0.72233,-0.02185
-0.15661,-0.75402,-0.01814
-0.24346,-0.85278,-0.02274
-0.26102,-0.64290,-0.01988
-0.25175,-0.68599,-0.02510
-0.31095,-0.51214,-0.01963
-0.16155,-1.11044,-0.02720
-0.61074,-1.06596,-0.03524
-0.48415,-1.00562,-0.03031
-0.61599,-0.72031,-0.04091
-0.52432,-1.30640,-0.04240
-0.39717,-1.14405,-0.03441
-0.33289,-1.04601,-0.02982
-0.38071,-1.40846,-0.03180
-0.32449,-1.01701,-0.03407
-0.14142,-0.80282,-0.02079
-0.48039,-0.95589,-0.03586
-0.25017,-0.65623,-0.02182
-0.35539,-0.84775,-0.03291
-0.70080,-0.59860,-0.04327
-0.40527,-1.16588,-0.02988
-0.59052,-0.54860,-0.02919
-0.39114,-0.78597,-0.03082
-0.18010,-0.65551,-0.02059
-0.48671,-0.74755,-0.03753
-0.44004,-0.92245,-0.03307
-0.57444,-0.75845,-0.03135
-0.32129,-0.36586,-0.01875
-0.77950,-0.82173,-0.04727
-0.32718,-0.97508,-0.02709
-0.27764,-0.64191,-0.02476
-0.21419,-0.52683,-0.02137
-0.49815,-0.59108,-0.03145
-0.40857,-1.02230,-0.03112
-0.39184,-1.04589,-0.02793
-0.01572,-0.64082,-0.01053
-0.21825,-1.09701,-0.02424
-0.41908,-0.77329,-0.02364
-0.10993,-0.78792,-0.01468
-0.52137,-0.82107,-0.03509
-0.64598,-0.32758,-0.03305
-0.40844,-1.22068,-0.03490
-0.26715,-1.27722,-0.02302
-0.19620,-0.49914,-0.01774
-0.43452,-1.36359,-0.03883
-0.46139,-1.10872,-0.02723
-0.39726,-0.66307,-0.02761
-0.30818,-0.85620,-0.03008
-0.32395,-1.24967,-0.03397
-0.28596,-0.95771,-0.02217
-0.35354,-0.75801,-0.02492
-0.09170,-0.43506,-0.01090
-0.41448,-0.87254,-0.03497
-0.17906,-1.15834,-0.02944
-0.34985,-0.70310,-0.02550
-0.12440,-0.91629,-0.01765
-0.64566,-0.83891,-0.03761
-0.32175,-1.10809,-0.03012
-0.48377,-0.97444,-0.03570
-0.38449,-0.38995,-0.01871
-0.37814,-0.83204,-0.03130
-0.25005,-0.41328,-0.01933
-0.20995,-0.99432,-0.02272
-0.67436,-0.73592,-0.03117
-0.38910,-1.13232,-0.03570
-0.25237,-1.06124,-0.02918
-0.51305,-1.17795,-0.03171
-0.39347,-0.26762,-0.02124
-0.73206,-0.84619,-0.04863
-0.58349,-0.71188,-0.03508
-0.67024,-0.84002,-0.03466
-0.29068,-0.75998,-0.02747
-0.80220,-1.25047,-0.05356
-0.21197,-0.68801,-0.02481
-0.46353,-0.36524,-0.02397
-0.42635,-1.13440,-0.03678
-0.86970,-1.31805,-0.04017
-0.37042,-1.10778,-0.03548
-0.31709,-0.63802,-0.02840
-0.54088,-1.07313,-0.04662
-0.33171,-1.01773,-0.02570
-0.42627,-0.71183,-0.02888
-0.58480,-0.67823,-0.03180
-0.27446,-0.48441,-0.01900
-0.40747,-0.60712,-0.02813
-0.54406,-1.12065,-0.03345
-0.54409,-0.84755,-0.04085
-0.25288,-1.46924,-0.02903
-0.38463,-0.29775,-0.02560
-0.67382,-0.79815,-0.04147
-0.35317,-1.32859,-0.03684
-0.57854,-0.51652,-0.03382
-0.45578,-1.55234,-0.04983
-0.49962,-0.79582,-0.03703
-0.56220,-0.76201,-0.03227
-0.33702,-1.17117,-0.03525
-0.42891,-0.68447,-0.03180
-0.55581,-1.26480,-0.04751
-0.41999,-1.15497,-0.04085
-0.37681,-0.80797,-0.02756
-0.64384,-0.90671,-0.03773
-0.19011,-0.23642,-0.01153
-0.37733,-1.20139,-0.03308
-0.64534,-1.19063,-0.04611
-0.37264,-1.07659,-0.03650
-0.47149,-0.52139,-0.02668
-0.19463,-0.60044,-0.01461
-0.28457,-0.32866,-0.01742
-0.31083,-0.77434,-0.03092
-0.41402,-0.89209,-0.03709
-0.40278,-1.48581,-0.03932
-0.61747,-0.87078,-0.04277
-0.52552,-0.47982,-0.03011
-0.37473,-0.26354,-0.02222
-0.55483,-1.14726,-0.03729
-0.35533,-0.66387,-0.02484
-0.39010,-0.66540,-0.02828
-0.50553,-0.97981,-0.03345
-0.64557,-1.04022,-0.04888
-0.28958,-1.16753,-0.02937
-0.33939,-0.87481,-0.02616
-0.30169,-1.26514,-0.03430
-0.18057,-0.88437,-0.02344
-0.31207,-1.05966,-0.03104
-0.28501,-1.27173,-0.03479
-0.18031,-1.13958,-0.02324
-0.63252,-0.86503,-0.04033
-0.64926,-0.80966,-0.03883
-0.47155,-1.36760,-0.03272
-0.60473,-0.93732,-0.03758
-0.40676,-0.76004,-0.02887
-0.43211,-1.05993,-0.03645
-0.00566,-0.56947,-0.01298
-0.69479,-0.99959,-0.03424
-0.32088,-1.03024,-0.03285
-0.29946,-1.08826,-0.02591
-0.44626,-0.74505,-0.03192
-0.25475,-1.01726,-0.02767
-0.11979,-1.00042,-0.02589
-0.42978,-1.39670,-0.04210
-0.13867,-0.82226,-0.01721
-0.46048,-0.74330,-0.03199
-0.21283,-0.18940,-0.01388
-0.31133,-0.68141,-0.02694
-0.17912,-0.80631,-0.02338
-0.36582,-1.28548,-0.03485
-0.20458,-0.22726,-0.01143
-0.43508,-0.99454,-0.03846
-0.36702,-0.64839,-0.02766
-0.28122,-0.82703,-0.02702
-0.36832,-0.99775,-0.02883
-0.49940,-1.35311,-0.04306
-0.27861,-0.59848,-0.01938
-0.59133,-0.33264,-0.02806
-0.32866,-0.66190,-0.02187
-0.45615,-0.77588,-0.03224
-0.15583,-1.09999,-0.02542
-0.55153,-1.21771,-0.03420
-0.48218,-0.94440,-0.03913
-0.50998,-0.70863,-0.03792
-0.55686,-0.71188,-0.03832
-0.36585,-0.62242,-0.02533
-0.50962,-0.73374,-0.03018
-0.45408,-0.91047,-0.03322
-0.28414,-0.88688,-0.02667
-0.18861,-0.78215,-0.02319
-0.67325,-0.78146,-0.03853
-0.33568,-0.55920,-0.02133
-0.24547,-1.01937,-0.03105
-0.52837,-1.05148,-0.03457
-0.17028,-1.36386,-0.02781
-0.61553,-0.46356,-0.02829
-0.61396,-1.45302,-0.04383
-0.67895,-1.08921,-0.04135
-0.30897,-0.89496,-0.03193
-0.35984,-0.44612,-0.02073
-0.65885,-0.69068,-0.03350
-0.45480,-0.58850,-0.03050
-0.57792,-0.73007,-0.03841
-0.29751,-1.65261,-0.03361
-0.20638,-0.86984,-0.02591
-0.55549,-0.37541,-0.03093
-0.41438,-0.71962,-0.02961
-0.12447,-0.44233,-0.01189
-0.38173,-0.65895,-0.02961
-0.15178,-0.66299,-0.01695
-0.33464,-0.87482,-0.03261
-0.45157,-0.95438,-0.03750
-0.43500,-0.62453,-0.03010
-0.14297,-1.15977,-0.02493
-0.64088,-0.58730,-0.03722
-0.38877,-0.91956,-0.02891
-0.54899,-0.71863,-0.03889
-0.26977,-0.74647,-0.02202
-0.20646,-0.83216,-0.02372
-0.10873,-0.65349,-0.01478
-0.29578,-0.28189,-0.01523
-0.46674,-0.75176,-0.03217
-0.48977,-1.01263,-0.03994
-0.34243,-1.14849,-0.03009
-0.45063,-0.81981,-0.02572
-0.44448,-0.73595,-0.03209
-0.28915,-0.89419,-0.02836
-0.29917,-0.99486,-0.03079
-0.33160,-0.99240,-0.03079
-0.38914,-1.36681,-0.03303
-0.44104,-1.02424,-0.03813
-0.46140,-0.57460,-0.02851
-0.54261,-1.03058,-0.03429
-0.41482,-0.65700,-0.02605
-0.44736,-0.71349,-0.03215
-0.33953,-1.33115,-0.03628
-0.35662,-1.36444,-0.03454
-0.24762,-0.43114,-0.01971
-0.36836,-0.77988,-0.02609
-0.30501,-0.44449,-0.02311
-0.45723,-0.87486,-0.03381
-0.30801,-0.53407,-0.02281
-0.51359,-0.71125,-0.03766
-0.20584,-0.36772,-0.01811
-0.52454,-1.15695,-0.04732
-0.72556,-0.78222,-0.03369
-0.38986,-1.36651,-0.03994
-0.50356,-0.89207,-0.03536
-0.24906,-0.56456,-0.01937
-0.28225,-0.66743,-0.02546
-0.49178,-0.92027,-0.03310
-0.20661,-0.90858,-0.02405
-0.26049,-0.49604,-0.02224
-0.29945,-0.59364,-0.02227
-0.52398,-1.42916,-0.04258
-0.48796,-0.87813,-0.03627
-0.35827,-0.32818,-0.02414
-0.13018,-0.60447,-0.01340
-0.40808,-1.40590,-0.03424
-0.52817,-1.55180,-0.04494
-0.28516,-1.12534,-0.03115
-0.52724,-0.70641,-0.03385
-0.24139,-1.02918,-0.02713
-0.32872,-1.03151,-0.02336
-0.31124,-1.08188,-0.02654
-0.49770,-0.41544,-0.03401
-0.39147,-0.97228,-0.03408
-0.42581,-1.34709,-0.03757
-0.14675,-0.57709,-0.01501
-0.45995,-0.68013,-0.03037
-0.52698,-0.75669,-0.03555
-0.14476,-0.56590,-0.01862
-0.29282,-0.24906,-0.01777
-0.67635,-0.64231,-0.03928
-0.34725,-0.78780,-0.02524
-0.31144,-0.64388,-0.02822
-0.47574,-1.25327,-0.04407
-0.02772,-1.08967,-0.01740
-0.32839,-0.37162,-0.02352
-0.28835,-1.05576,-0.02848
-0.40807,-1.03828,-0.03223
-0.04503,-0.43699,-0.00811
-0.25619,-1.10274,-0.03334
-0.63669,-0.73821,-0.03710
-0.36291,-1.07278,-0.03450
-0.15367,-0.81837,-0.02021
-0.35588,-0.79084,-0.03158
-0.45409,-1.02040,-0.03782
-0.51306,-1.03086,-0.03005
-0.75722,-0.95785,-0.04254
-0.56012,-1.14227,-0.03892
-0.33615,-0.85274,-0.02495
-0.25596,-0.52457,-0.02150
-0.42057,-0.96801,-0.03042
-0.48225,-0.57746,-0.02975
-0.46733,-0.73143,-0.03410
-0.24855,-0.60904,-0.02083
-0.58033,-1.00975,-0.04255
-0.15186,-0.83630,-0.02344
-0.39652,-1.36497,-0.03641
-0.42823,-0.69245,-0.03047
-0.56611,-0.95285,-0.04007
-0.73118,-0.75833,-0.04494
-0.46859,-1.19198,-0.03710
-0.56669,-1.03087,-0.04236
-0.41062,-1.17235,-0.02666
-0.43144,-1.13728,-0.03961
-0.25136,-0.52307,-0.02223
-0.30220,-0.89757,-0.02920
-0.28926,-0.41257,-0.01623
-0.06461,-1.23844,-0.02245
-0.39124,-0.81793,-0.02900
-0.36897,-1.34413,-0.03366
-0.36817,-1.17534,-0.03664
-0.37279,-0.38352,-0.02602
-0.32823,-0.91522,-0.03249
-0.60229,-1.16280,-0.04783
-0.43084,-0.81332,-0.03094
-0.37847,-1.13923,-0.03807
-0.29219,-0.72844,-0.02291
-0.35864,-1.36819,-0.02809
-0.47340,-0.66092,-0.03584
-0.35111,-0.59744,-0.02192
-0.24793,-1.08322,-0.02846
-0.34639,-0.46470,-0.02636
-0.37553,-0.66137,-0.02553
-0.58457,-1.22638,-0.03637
-0.39257,-0.99831,-0.03830
-0.34808,-0.66565,-0.02633
-0.52801,-0.56570,-0.03615
-0.21704,-1.14458,-0.02823
-0.54314,-0.40272,-0.03376
-0.23444,-1.38007,-0.03093
-0.18872,-1.21453,-0.02716
-0.27173,-0.97693,-0.02595
-0.29898,-0.58907,-0.01802
-0.00334,-0.98258,-0.01486
-0.44554,-0.91064,-0.03063
-0.15720,-0.68438,-0.02064
-0.58337,-1.37310,-0.05092
-0.51067,-1.06062,-0.04197
-0.17926,-0.51893,-0.01721
-0.33773,-1.30958,-0.03192
-0.57481,-0.57959,-0.03691
-0.29993,-0.66067,-0.02258
-0.33210,-0.85812,-0.02762
-0.58420,-1.33477,-0.03961
-0.33789,-0.71315,-0.02930
-0.55480,-1.07620,-0.03025
-0.39281,-0.84192,-0.03525
-0.53164,-0.45381,-0.03259
-0.40512,-1.17158,-0.03740
-0.18354,-0.91114,-0.02465
-0.62754,-0.96751,-0.04347
-0.37636,-1.32745,-0.03426
-0.36187,-0.66279,-0.02525
-0.45919,-0.92607,-0.03935
-0.33161,-0.96419,-0.02553
-0.36845,-0.51122,-0.02632
-0.37755,-0.67343,-0.02946
-0.33813,-0.41141,-0.02162
-0.33651,-0.82488,-0.03105
-0.08377,-0.98666,-0.02098
-0.30144,-0.61531,-0.02094
-0.38190,-0.86537,-0.02661
-0.61074,-0.91814,-0.04079
-0.49394,-1.35098,-0.03526
-0.08245,-0.62300,-0.01347
-0.23237,-0.69724,-0.01856
-0.72846,-0.96746,-0.04393
-0.38831,-0.71990,-0.02966
-0.35671,-0.86215,-0.03357
-0.29696,-0.76997,-0.02707
-0.25484,-1.08452,-0.02790
-0.28538,-0.93842,-0.02762
-0.44135,-0.74488,-0.03293
-0.21381,-1.15126,-0.02309
-0.33198,-0.49147,-0.02120
-0.11709,-0.81197,-0.02038
-0.43369,-1.01242,-0.03177
-0.48622,-0.99806,-0.03989
-0.59279,-0.33385,-0.02796
-0.22759,-0.89008,-0.02724
-0.39385,-1.48676,-0.03915
-0.35702,-0.91376,-0.02988
-0.43221,-0.60737,-0.02533
-0.24728,-1.09781,-0.02363
-0.05620,-0.61705,-0.01267
-0.17288,-0.79783,-0.02213
-0.52782,-0.53569,-0.03450
-0.41470,-0.91313,-0.02902
-0.32474,-0.47981,-0.02369
-0.37492,-0.88819,-0.02967
-0.52107,-0.97068,-0.03434
-0.38001,-0.83441,-0.03297
-0.71778,-1.34292,-0.03739
-0.12386,-0.30571,-0.01239
-0.20887,-0.48665,-0.01726
-0.46030,-0.57240,-0.02898
-0.31457,-0.52899,-0.02530
-0.48454,-0.85373,-0.03948
-0.26039,-0.34589,-0.01478
-0.27621,-0.92248,-0.02393
-0.12713,-0.53886,-0.01520
-0.32326,-1.10100,-0.02607
-0.26752,-0.93709,-0.02574
-0.45049,-0.98512,-0.03551
-0.46242,-1.29814,-0.03335
-0.71843,-1.14139,-0.03508
-0.51216,-1.15626,-0.04405
-0.34113,-0.66528,-0.02728
-0.40990,-0.68994,-0.02943
-0.31612,-1.11317,-0.02824
-0.24757,-1.62005,-0.02544
-0.48734,-0.73858,-0.02594
-0.68462,-0.79445,-0.03432
-0.11102,-0.77792,-0.01914
-0.42958,-0.49021,-0.02253
-0.59829,-1.11284,-0.03710
-0.83881,-0.61896,-0.03935
-0.42142,-0.85081,-0.03878
-0.62232,-1.02480,-0.03686
-0.52656,-0.80917,-0.03394
-0.32674,-1.25326,-0.02835
-0.27298,-0.72723,-0.02382
-0.05629,-0.88026,-0.01562
-0.39874,-1.60910,-0.03286
-0.62928,-0.67367,-0.03789
-0.38460,-1.33301,-0.03606
-0.24317,-0.81417,-0.02384
-0.60309,-0.51525,-0.03315
-0.54199,-0.96157,-0.04108
-0.13826,-0.69011,-0.01535
-0.54893,-1.08443,-0.03950
-0.36169,-1.13235,-0.03552
-0.44360,-1.08956,-0.02893
-0.34507,-1.17749,-0.03416
-0.55719,-1.07989,-0.03539
-0.27169,-0.66760,-0.02103
-0.09294,-1.12614,-0.01956
-0.34704,-0.96775,-0.02783
-0.44136,-0.52258,-0.02506
-0.29179,-0.85473,-0.02856
-0.52902,-0.62002,-0.03163
-0.62752,-0.48569,-0.03908
-0.32472,-1.29896,-0.03165
-0.33086,-0.31024,-0.02015
-0.26895,-0.42497,-0.01629
-0.32861,-1.19853,-0.03688
-0.47809,-0.75524,-0.03669
-0.21896,-0.53248,-0.01467
-0.52514,-0.74500,-0.03755
-0.20528,-0.59017,-0.01981
-0.39320,-0.70723,-0.03228
-0.38424,-0.55583,-0.02038
-0.15729,-1.11112,-0.02290
-0.61613,-1.15000,-0.04100
-0.36232,-1.10255,-0.02860
-0.22339,-1.17352,-0.02956
-0.33167,-0.59080,-0.02573
-0.24031,-0.71586,-0.02201
-0.45288,-0.78998,-0.02947
-0.47567,-1.29383,-0.03808
-0.24494,-0.56677,-0.02180
-0.31945,-0.36216,-0.02020
-0.54873,-0.84429,-0.03230
-0.54663,-0.55073,-0.03227
-0.34197,-0.59501,-0.02612
-0.23277,-0.82443,-0.02572
-0.31483,-0.45618,-0.02286
-0.32213,-0.92903,-0.03359
-0.32194,-0.93152,-0.03297
-0.14144,-0.75643,-0.01442
-0.40271,-1.11008,-0.03354
-0.18177,-0.60196,-0.01925
-0.33743,-0.30566,-0.01992
-0.25013,-0.33987,-0.01641
-0.26291,-0.09949,-0.01445
-0.42280,-0.53674,-0.02810
-0.27729,-1.15468,-0.02932
-0.44207,-0.48840,-0.02557
-0.20485,-0.76023,-0.02368
-0.23166,-1.09632,-0.02859
-0.52985,-0.76795,-0.03835
-0.22708,-0.73919,-0.02197
-0.59252,-1.31595,-0.04021
-0.48304,-0.74059,-0.03262
-0.28107,-1.31093,-0.03090
-0.25318,-1.41703,-0.02767
-0.61697,-0.98334,-0.04652
-0.55107,-0.95532,-0.03209
-0.21991,-0.79930,-0.02734
-0.30126,-0.96195,-0.02862
-0.47766,-1.28899,-0.04261
-0.37867,-1.09555,-0.03703
-0.44729,-0.38696,-0.02840
-0.48506,-0.30389,-0.02476
-0.67139,-1.05855,-0.04536
-0.58001,-1.25599,-0.04757
-0.36988,-1.17593,-0.03022
-0.38300,-0.44368,-0.02768
-0.82450,-0.73741,-0.04104
-0.16702,-1.04821,-0.02628
-0.62235,-0.90708,-0.04122
-0.41448,-1.01879,-0.03103
-0.62286,-1.24697,-0.04057
-0.52493,-0.88381,-0.03657
-0.19075,-1.01834,-0.02613
-0.48750,-0.85390,-0.03789
-0.40760,-1.03980,-0.03837
-0.41559,-0.66334,-0.02864
-0.13269,-0.51451,-0.01525
-0.31486,-0.82364,-0.03199
-0.61779,-0.91121,-0.03601
-0.47205,-1.44125,-0.03681
-0.12991,-0.92463,-0.01759
-0.32086,-0.77699,-0.02221
-0.38196,-0.72366,-0.03226
-0.67306,-1.12983,-0.04522
-0.33838,-0.60519,-0.02301
-0.46332,-0.83228,-0.03913
-0.46548,-0.81971,-0.03338
-0.03925,-0.57956,-0.01178
-0.37395,-0.69121,-0.03064
-0.67493,-1.01091,-0.04463
-0.34246,-0.76768,-0.02950
-0.42099,-0.89291,-0.03544
-0.60209,-0.42420,-0.03177
-0.38528,-0.85710,-0.03108
-0.54059,-0.79122,-0.03720
-0.12693,-0.66637,-0.01638
-0.37322,-0.97919,-0.03379
-0.17968,-0.80316,-0.02485
-0.45803,-0.66851,-0.03147
-0.37116,-0.71501,-0.03035
-0.27266,-0.81952,-0.02555
-0.33601,-1.02405,-0.03187
-0.54923,-1.43768,-0.04834
-0.51767,-1.32211,-0.04727
-0.52221,-0.88818,-0.03713
-0.67611,-0.66170,-0.03146
-0.43630,-0.97590,-0.03256
-0.53113,-0.72309,-0.03228
-0.30745,-1.02237,-0.02965
-0.54020,-0.98270,-0.03820
-0.35156,-0.83309,-0.03235
-0.52145,-0.62916,-0.02940
-0.36687,-0.69826,-0.02710
-0.49860,-1.01050,-0.03717
-0.57332,-0.83391,-0.03822
-0.29011,-0.72768,-0.02157
-0.21655,-0.73580,-0.02389
-0.30396,-0.63519,-0.02810
-0.21655,-0.97396,-0.02651
-0.12203,-1.03538,-0.02181
-0.02337,-1.08881,-0.01809
-0.49554,-1.25879,-0.03494
-0.43938,-0.62297,-0.03380
-0.34651,-1.28682,-0.03455
-0.53180,-1.02804,-0.03548
-0.55342,-1.12627,-0.03839
-0.28245,-0.57318,-0.01770
-0.46010,-1.19609,-0.02825
-0.27116,-0.67738,-0.02233
-0.29342,-1.55507,-0.03038
-0.13121,-0.99347,-0.02494
-0.50776,-0.59929,-0.03087
-0.67959,-0.77984,-0.03876
-0.63133,-0.72745,-0.03336
-0.39385,-0.91106,-0.02754
-0.61515,-1.23071,-0.04092
-0.52387,-0.47323,-0.03051
-0.40252,-0.73279,-0.02620
-0.51073,-0.69807,-0.02784
-0.23065,-0.57111,-0.01610
-0.56855,-0.85255,-0.03872
-0.46979,-1.19708,-0.04004
-0.59283,-0.88674,-0.04042
-0.58043,-1.08666,-0.03364
-0.16305,-0.98862,-0.02491
-0.28510,-1.08999,-0.02811
-0.18746,-0.42890,-0.01546
-0.38216,-0.93328,-0.03689
-0.55028,-0.74203,-0.04015
-0.41218,-1.25038,-0.03975
-0.44425,-1.18174,-0.04151
-0.56192,-0.84143,-0.03966
-0.57869,-0.61888,-0.03913
-0.41254,-1.22735,-0.03838
-0.61720,-0.63669,-0.03824
-0.29472,-1.03296,-0.03402
-0.25378,-0.52793,-0.02038
-0.38564,-0.81503,-0.02507
-0.06097,-1.07464,-0.01894
-0.47081,-0.89562,-0.03078
-0.29089,-0.96638,-0.02324
-0.26462,-1.43849,-0.02366
-0.52925,-1.08527,-0.04228
-0.49250,-0.68633,-0.03216
-0.38840,-0.54602,-0.02639
-0.68316,-0.41498,-0.03424
-0.36540,-0.65729,-0.02471
-0.24808,-0.99744,-0.02712
-0.73113,-1.21600,-0.05325
-0.09251,-0.91062,-0.01701
-0.46799,-0.84786,-0.03460
-0.43589,-1.01475,-0.02821
-0.45271,-0.78245,-0.03459
-0.20593,-0.88444,-0.02490
-0.80827,-1.10042,-0.05709
-0.52073,-1.14745,-0.04566
-0.17212,-0.69522,-0.01816
-0.38549,-0.65268,-0.02632
-0.32148,-0.95709,-0.02060
-0.37620,-0.58089,-0.02195
-0.40090,-1.24224,-0.03731
-0.24514,-1.24000,-0.03672
-0.26618,-0.91559,-0.02225
-0.54669,-0.63196,-0.03697
-0.35699,-0.77587,-0.02469
-0.44005,-1.05877,-0.03609
-0.27931,-0.39396,-0.01696
-0.29461,-0.40503,-0.01614
-0.25574,-1.34431,-0.03019
-0.35884,-0.65795,-0.02273
-0.30608,-0.54002,-0.02253
-0.35179,-0.20464,-0.02051
-0.34863,-0.87663,-0.03073
-0.46784,-1.00454,-0.03587
-0.58371,-0.81269,-0.03853
-0.38966,-1.18282,-0.03191
-0.38974,-1.03141,-0.03582
-0.31641,-0.88391,-0.02850
-0.29549,-0.48982,-0.02408
-0.18383,-1.19589,-0.02614
-0.27513,-1.11751,-0.03001
-0.51140,-0.24260,-0.02865
-0.45042,-0.84705,-0.03275
-0.49400,-1.22270,-0.03954
-0.07418,-0.77238,-0.01724
-0.41915,-0.94420,-0.02665
-0.20201,-0.77496,-0.02016
-0.39238,-1.34731,-0.03412
-0.31945,-0.49194,-0.02653
-0.21037,-1.38176,-0.02820
-0.24537,-0.60690,-0.01760
-0.35816,-0.58082,-0.02251
-0.42340,-0.70549,-0.03401
-0.21290,-0.43629,-0.01808
-0.39660,-1.25274,-0.03435
-0.58284,-0.47689,-0.03224
-0.06230,-0.61257,-0.01243
-0.63605,-1.35949,-0.05010
-0.31645,-1.15950,-0.03346
-0.30180,-0.47668,-0.02402
-0.36745,-1.29202,-0.03617
-0.54926,-1.01291,-0.04052
-0.93907,-0.98153,-0.04562
-0.27692,-0.54325,-0.02067
-0.28018,-0.72414,-0.02746
-0.36191,-0.72656,-0.02486
-0.68432,-0.73310,-0.03710
-0.53084,-0.88816,-0.03783
-0.25619,-0.43218,-0.02022
-0.41938,-1.02272,-0.03372
-0.33084,-0.71953,-0.02292
-0.37128,-0.89360,-0.02926
-0.44035,-1.50128,-0.03793
-0.34198,-1.23543,-0.03972
-0.25653,-0.55391,-0.01768
-0.22517,-0.49534,-0.01839
-0.54758,-1.23123,-0.04695
-0.30321,-1.65865,-0.03452
-0.03768,-0.51168,-0.00920
-0.54774,-1.15956,-0.04532
-0.43330,-0.66715,-0.02507
-0.20805,-0.89351,-0.02065
-0.47555,-0.97561,-0.04002
-0.40908,-0.85039,-0.02756
-0.39970,-1.07889,-0.03805
-0.37656,-0.96230,-0.03439
-0.41306,-0.82379,-0.03300
-0.46349,-1.06908,-0.04128
-0.57070,-1.29232,-0.03976
-0.36756,-1.37067,-0.04005
-0.38867,-0.94418,-0.03590
-0.33341,-0.86815,-0.03310
-0.40508,-0.51523,-0.02315
-0.51446,-0.41701,-0.03107
-0.37253,-0.75250,-0.02698
-0.39059,-0.68950,-0.02841
-0.23171,-0.88317,-0.02339
-0.43490,-1.19414,-0.03838
-0.38861,-0.84180,-0.02877
-0.18403,-1.13010,-0.02627
-0.23550,-1.52566,-0.03084
-0.01482,-0.99167,-0.01690
-0.32943,-0.79733,-0.02829
-0.61112,-1.29598,-0.05260
-0.38017,-0.78301,-0.03124
-0.53902,-0.47536,-0.02813
-0.52189,-1.00500,-0.03501
-0.27161,-0.76458,-0.02058
-0.28410,-0.71166,-0.02029
-0.14526,-1.32210,-0.02834
-0.36242,-0.83111,-0.03445
-0.32944,-0.89351,-0.02970
-0.34666,-0.81514,-0.02420
-0.34840,-0.67534,-0.02869
-0.41822,-1.29256,-0.03047
-0.13034,-1.11353,-0.02094
-0.30140,-0.93458,-0.02517
-0.67166,-1.15199,-0.03679
-0.16420,-0.94560,-0.02439
-0.17057,-0.66657,-0.02049
-0.45923,-0.42446,-0.02823
-0.34350,-0.82457,-0.02711
-0.37098,-0.66381,-0.02775
-0.41662,-0.98335,-0.03335
-0.43088,-0.80743,-0.03247
-0.54814,-0.86794,-0.04077
-0.20415,-0.55262,-0.01738
-0.39716,-0.56717,-0.02969
-0.05818,-0.70146,-0.01749
-0.57408,-0.94920,-0.04433
-0.52383,-0.95938,-0.03673
-0.59479,-0.73607,-0.03861
-0.65600,-1.14275,-0.04305
-0.54002,-0.98460,-0.03627
-0.47269,-0.95834,-0.03449
-0.42661,-1.08797,-0.03133
-0.29966,-0.82611,-0.02519
-0.49463,-1.64390,-0.04003
-0.73104,-1.43497,-0.04153
-0.36696,-0.98547,-0.03049
-0.38779,-0.32769,-0.02408
-0.55291,-0.38414,-0.03089
-0.50745,-0.65265,-0.03459
-0.10078,-0.50855,-0.01281
-0.34104,-1.03146,-0.03303
-0.37372,-1.11271,-0.03363
-0.45371,-0.85462,-0.03526
-0.60981,-0.70638,-0.04102
-0.23027,-1.31188,-0.03149
-0.30546,-0.24333,-0.01794
-0.44308,-0.41124,-0.02769
-0.36173,-1.14214,-0.02922
-0.33145,-0.13639,-0.01537
-0.39831,-1.21805,-0.03763
-0.23292,-1.26986,-0.03022
-0.32114,0.02053,-0.01444
-0.62904,-1.19309,-0.04911
-0.13981,-0.98323,-0.02665
-0.58068,-0.99166,-0.04810
-0.20610,-0.43280,-0.01638
-0.48716,-1.01126,-0.03883
-0.44415,-0.66307,-0.03159
-0.54942,-1.20062,-0.04698
-0.33741,-0.65758,-0.02494
-0.36041,-0.92726,-0.02447
-0.44551,-0.95603,-0.03950
-0.36871,-0.63624,-0.02971
-0.64275,-1.09394,-0.03775
-0.18304,-0.53847,-0.01919
-0.45907,-0.49666,-0.02360
-0.27553,-0.85612,-0.02129
-0.32518,-0.85637,-0.02449
-0.58124,-0.94784,-0.03887
-0.31023,-0.43762,-0.01859
-0.61671,-1.38980,-0.03233
-0.41621,-1.04106,-0.03720
-0.17982,-0.43348,-0.01378
-0.40038,-0.76135,-0.03072
-0.58206,-0.79167,-0.03568
-0.38536,-0.47621,-0.02442
-0.43482,-1.04905,-0.03642
-0.50641,-1.05249,-0.03630
-0.44813,-0.85874,-0.03647
-0.57120,-1.14670,-0.03963
-0.14969,-1.08149,-0.02334
-0.32807,-0.45581,-0.01909
-0.29342,-0.74253,-0.02540
-0.59508,-0.63891,-0.03422
-0.42143,-1.04059,-0.03771
-0.44073,-0.61198,-0.02502
-0.32054,-0.94039,-0.03417
-0.54903,-0.89895,-0.04330
-0.21265,-0.35137,-0.01604
-0.48072,-1.31844,-0.03742
-0.73939,-0.17359,-0.03075
-0.18943,-0.78061,-0.02178
-0.44914,-0.73797,-0.03095
-0.29424,-1.21545,-0.03107
-0.53250,-0.64868,-0.03127
-0.54743,-1.58969,-0.04334
-0.29585,-0.89106,-0.02853
-0.50542,-0.77655,-0.03151
-0.43131,-0.41177,-0.02527
-0.60364,-0.99806,-0.04436
-0.60822,-0.72880,-0.03698
-0.53017,-1.14015,-0.03894
-0.39647,-0.66666,-0.02780
-0.39820,-0.58600,-0.02428
-0.29589,-0.43494,-0.02199
-0.22352,-0.69240,-0.02101
-0.40196,-0.90711,-0.03321
-0.23862,-0.76560,-0.02149
-0.24872,-1.00510,-0.02883
-0.32811,-0.39613,-0.02267
-0.27926,-0.50765,-0.01923
-0.35468,-0.99916,-0.02957
-0.48580,-0.48800,-0.03258
-0.28542,-1.24520,-0.02946
-0.56106,-0.94052,-0.03339
-0.31962,-0.81777,-0.02653
-0.49235,-0.61516,-0.03168
-0.45294,-0.62871,-0.02726
-0.27641,-0.67216,-0.02362
-0.47684,-0.76871,-0.03444
-0.26332,-1.02351,-0.02178
-0.18286,-0.58653,-0.01780
-0.47980,-0.63259,-0.03074
-0.33388,-0.61198,-0.02504
-0.53361,-0.70994,-0.03631
-0.55713,-0.96610,-0.04222
-0.35600,-0.99566,-0.02975
-0.36594,-0.85953,-0.02469
-0.63824,-1.16965,-0.04887
-0.37419,-1.42615,-0.03949
-0.37244,-1.15924,-0.03425
-0.29610,-1.07136,-0.03013
-0.26147,-0.04344,-0.01203
-0.30361,-0.73877,-0.02976
-0.26598,-0.82499,-0.02409
-0.50675,-0.95079,-0.03909
-0.29199,-0.85667,-0.02470
-0.37253,-1.15772,-0.03916
-0.13739,-1.19953,-0.02511
-0.55235,-0.75451,-0.03504
-0.29320,-0.70061,-0.02442
-0.36264,-0.54656,-0.02390
-0.43078,-1.31324,-0.03639
-0.35929,-0.81785,-0.02344
-0.35937,-1.04964,-0.03329
-0.75707,-0.66300,-0.04590
-0.26313,-0.66984,-0.01826
-0.54331,-0.64387,-0.03234
-0.43443,-1.00233,-0.03136
-0.23757,-0.07278,-0.01302
-0.43623,-0.93972,-0.02963
-0.62766,-0.95889,-0.04149
-0.53641,-0.96402,-0.03913
-0.48094,-0.51114,-0.03154
-0.34190,-0.83480,-0.02893
-0.22077,-0.63972,-0.02122
-0.23658,-0.72465,-0.02490
-0.74942,-1.52158,-0.04656
-0.46420,-1.08927,-0.03834
-0.20268,-0.37193,-0.01747
-0.22530,-0.85170,-0.02042
-0.50400,-1.13342,-0.03639
-0.73839,-1.41776,-0.05431
-0.21215,-1.21735,-0.02088
-0.48863,-0.47775,-0.03111
-0.66820,-0.82605,-0.03928
-0.62824,-0.80534,-0.04210
0.02849,-0.44111,-0.00800
-0.18680,-1.04714,-0.02227
-0.44885,-0.72902,-0.03106
-0.20128,-0.34259,-0.01620
-0.46598,-0.75597,-0.03500
-0.46477,-0.71341,-0.02985
-0.51060,-0.45054,-0.03101
-0.38013,-0.77853,-0.02672
-0.31890,-0.47464,-0.02307
-0.27003,-0.63455,-0.02153
-0.55565,-0.98174,-0.03959
-0.12015,-0.83858,-0.01822
-0.66453,-1.24778,-0.04198
-0.20910,-1.46025,-0.02642
-0.29441,-1.12299,-0.03397
-0.18261,-0.90628,-0.02352
-0.44423,-0.66310,-0.02919
-0.32388,-0.34110,-0.02100
-0.33496,-0.38939,-0.02022
-0.41774,-1.17051,-0.02617
-0.31730,-1.02553,-0.02704
-0.14858,-0.64039,-0.02085
-0.41045,-1.21830,-0.03250
-0.53164,-0.94600,-0.04043
0.04707,-1.16538,-0.01626
-0.13745,-1.05590,-0.02483
-0.58308,-0.57670,-0.03613
-0.38454,-0.55519,-0.02761
-0.32551,-0.76642,-0.02504
-0.23121,-1.22225,-0.02880
-0.42261,-0.56849,-0.02032
-0.37742,-0.96628,-0.02861
-0.27946,-0.74312,-0.02089
-0.36255,-0.79344,-0.03088
-0.41603,-0.80630,-0.03627
-0.41349,-0.69871,-0.02519
-0.36963,-0.60909,-0.02777
-0.57351,-0.76420,-0.03262
-0.41215,-0.51441,-0.02315
-0.46434,-0.78087,-0.02730
-0.43462,-0.65122,-0.02800
-0.35131,-1.10621,-0.03317
-0.32286,-0.65927,-0.02307
-0.54794,-1.03755,-0.04273
-0.34273,-0.44311,-0.02414
-0.40044,-0.78498,-0.03040
-0.21510,-0.74288,-0.02511
-0.28279,-0.97811,-0.03136
-0.48657,-0.85350,-0.03541
-0.37364,-0.84278,-0.03497
-0.47544,-0.81399,-0.03366
-0.64605,-0.94745,-0.03764
-0.18719,-0.78849,-0.02276
-0.56157,-1.00022,-0.04090
-0.42598,-0.86684,-0.03015
-0.44273,-0.94607,-0.03349
-0.45397,-0.80576,-0.03452
-0.19117,-1.38286,-0.03315
-0.48519,-0.70188,-0.03067
-0.46650,-0.70878,-0.02810
-0.28983,-1.03543,-0.02658
-0.55502,-0.67266,-0.04152
-0.46717,-0.60797,-0.02786
-0.36348,-1.02037,-0.02832
-0.34736,-1.08504,-0.02863
-0.62346,-0.81777,-0.03824
-0.52779,-1.43813,-0.03844
-0.01233,-0.99217,-0.01453
-0.56803,-1.02602,-0.03578
-0.57904,-0.78145,-0.02926
-0.30421,-0.66029,-0.02385
-0.35101,-1.11992,-0.03773
-0.65448,-1.13594,-0.04173
-0.46973,-0.99481,-0.02914
-0.32032,-0.64011,-0.02521
-0.51858,-0.88859,-0.03918
-0.11614,-1.17048,-0.02647
-0.48589,-0.34219,-0.03008
-0.41521,-1.10780,-0.02927
-0.45695,-0.69638,-0.03311
-0.42807,-0.80591,-0.02734
-0.44730,-0.42585,-0.02716
-0.59261,-1.36604,-0.04182
-0.08471,-1.50030,-0.02692
-0.41528,-0.63900,-0.03225
-0.44252,-0.62518,-0.03234
-0.32893,-1.04508,-0.02637
-0.36456,-0.72813,-0.03023
-0.37699,-0.57777,-0.02585
-0.25379,-1.06374,-0.02484
-0.44735,-0.96167,-0.03858
-0.29381,-1.01949,-0.02996
-0.48974,-1.06720,-0.03831
-0.54522,-1.01572,-0.03709
-0.68202,-0.63849,-0.04303
-0.44892,-0.12926,-0.01888
