date,F1,F2,F3,F4,F5,portfolio
2017-01-03,0.0032659,0.0037471,0.0051884,-0.0011483,-0.0044294,0.0014187
2017-01-04,-0.0027203,-0.0084014,-0.0084125,0.0011876,0.0071732,-0.0027879
2017-01-05,-0.0063762,-0.0109767,-0.0108788,-0.0000485,0.0075704,-0.0062976
2017-01-06,0.0049090,0.0088585,0.0087360,0.0008329,0.0006145,0.0078165
2017-01-09,-0.0056435,-0.0024892,-0.0032982,0.0011106,-0.0025832,-0.0035870
2017-01-10,0.0003266,-0.0000002,0.0004630,-0.0010106,0.0007077,-0.0003046
2017-01-11,-0.0028536,-0.0038011,-0.0053310,-0.0006336,-0.0008978,-0.0044113
2017-01-12,-0.0025108,-0.0024565,-0.0035154,0.0008889,-0.0047618,-0.0036265
2017-01-13,-0.0017841,-0.0018007,-0.0027156,-0.0004771,-0.0019026,-0.0029605
2017-01-16,0.0026643,0.0024991,0.0045297,0.0022091,0.0006842,0.0048844
2017-01-17,-0.0117231,-0.0039191,-0.0159672,-0.0034664,-0.0067986,-0.0147703
2017-01-18,0.0052661,-0.0000614,0.0051534,0.0003247,0.0124132,0.0076563
2017-01-19,-0.0041881,0.0001516,-0.0041881,-0.0023024,-0.0020363,-0.0047758
2017-01-20,-0.0013685,-0.0027109,-0.0013685,-0.0007851,-0.0012284,-0.0026034
2017-01-23,-0.0060008,0.0010035,-0.0060008,-0.0008460,-0.0080607,-0.0063099
2017-01-24,0.0033341,0.0013468,0.0033341,-0.0007536,0.0011466,0.0019723
2017-01-25,-0.0016878,0.0008833,-0.0016878,-0.0015099,-0.0040527,-0.0031547
2017-01-26,0.0041040,-0.0015590,0.0041040,-0.0009486,0.0048290,0.0025253
2017-01-27,-0.0008194,0.0012278,-0.0008194,0.0006092,0.0006507,0.0006315
2017-01-30,-0.0015753,-0.0008228,-0.0015753,-0.0007002,-0.0015575,-0.0021796
2017-01-31,-0.0042286,0.0046047,-0.0042286,-0.0014485,-0.0056096,-0.0038222
2017-02-01,-0.0005975,-0.0007141,0.0010114,0.0003380,0.0015885,0.0006172
2017-02-02,-0.0002557,0.0000653,-0.0003016,0.0012796,-0.0009514,0.0005860
2017-02-03,0.0018468,0.0007984,-0.0011636,0.0007930,-0.0012699,0.0007671
2017-02-06,-0.0020579,-0.0006435,-0.0010931,0.0004347,0.0006661,-0.0005504
2017-02-07,-0.0059343,-0.0058608,0.0023311,-0.0003890,0.0051079,-0.0017922
2017-02-08,0.0011370,0.0012041,-0.0006168,-0.0009149,-0.0010045,-0.0004776
2017-02-09,-0.0048584,-0.0046943,0.0056627,-0.0006395,0.0050606,-0.0005247
2017-02-10,0.0019794,0.0019572,0.0000174,0.0002630,-0.0010077,0.0011629
2017-02-13,-0.0033820,-0.0033772,0.0028669,0.0002393,0.0003904,-0.0011503
2017-02-14,-0.0000036,-0.0000076,0.0011391,0.0001482,-0.0005338,0.0002199
2017-02-15,0.0026054,0.0025385,-0.0027756,0.0007498,0.0005241,0.0017617
2017-02-16,0.0031854,0.0031670,-0.0034380,-0.0013642,0.0030444,0.0011766
2017-02-17,-0.0039467,-0.0023197,0.0034510,0.0004630,-0.0010379,-0.0011552
2017-02-20,0.0005351,0.0005779,-0.0009729,0.0001391,0.0002189,0.0003130
2017-02-21,-0.0043537,-0.0043498,0.0032282,0.0007976,-0.0012500,-0.0018946
2017-02-22,0.0012136,0.0012087,-0.0017592,-0.0005648,-0.0005701,-0.0002920
2017-02-23,0.0048871,0.0048679,-0.0031699,-0.0000516,0.0036155,0.0037189
2017-02-24,-0.0026176,-0.0026258,0.0028257,0.0002059,-0.0002361,-0.0009358
2017-02-27,-0.0018449,-0.0018450,-0.0005455,-0.0006458,-0.0006238,-0.0021634
2017-02-28,-0.0023140,-0.0022988,-0.0011835,-0.0008957,-0.0007854,-0.0029542
2017-03-01,-0.0038320,-0.0038003,0.0031180,0.0004217,-0.0020752,-0.0023261
2017-03-02,-0.0075133,-0.0074746,0.0057478,-0.0015300,-0.0051373,-0.0069261
2017-03-03,0.0041094,0.0040555,-0.0036587,0.0009974,0.0040822,0.0041475
2017-03-06,-0.0037718,-0.0029197,0.0027826,0.0012942,-0.0033763,-0.0017371
2017-03-07,-0.0016568,-0.0015830,0.0015900,0.0008672,-0.0013970,-0.0005078
2017-03-08,-0.0047110,-0.0024684,0.0024952,0.0001730,-0.0043081,-0.0032350
2017-03-09,-0.0006236,-0.0001680,0.0001225,-0.0005455,-0.0005949,-0.0008862
2017-03-10,0.0039091,0.0025641,-0.0026688,0.0005631,0.0039091,0.0033648
2017-03-13,0.0018609,-0.0001966,-0.0013394,0.0000805,0.0026160,0.0011710
2017-03-14,-0.0001995,0.0005926,0.0018994,-0.0008328,-0.0005401,-0.0001255
2017-03-15,0.0011436,-0.0045374,-0.0111256,-0.0008415,0.0096041,-0.0019753
2017-03-16,0.0001343,-0.0003564,-0.0004825,0.0025925,-0.0014575,0.0013609
2017-03-17,0.0013662,-0.0010077,-0.0018791,-0.0009957,0.0004629,-0.0010748
2017-03-20,0.0004935,-0.0003775,-0.0010185,-0.0006863,0.0000354,-0.0007978
2017-03-21,-0.0029403,0.0037792,-0.0049903,0.0023368,-0.0023252,0.0000122
2017-03-22,-0.0003902,0.0003342,-0.0001108,-0.0000425,-0.0003998,-0.0002153
2017-03-23,0.0000332,-0.0004156,-0.0009960,-0.0000642,0.0009629,-0.0001615
2017-03-24,-0.0002473,-0.0000252,-0.0006152,0.0001567,0.0004388,-0.0000050
2017-03-27,-0.0028098,0.0020789,-0.0006335,0.0015263,-0.0041539,-0.0006220
2017-03-28,0.0037388,-0.0007066,-0.0008527,-0.0007018,0.0038091,0.0015834
2017-03-29,0.0014444,-0.0017448,-0.0002283,-0.0018333,0.0016861,-0.0011031
2017-03-30,0.0017295,-0.0033758,-0.0040414,-0.0014419,0.0036017,-0.0018629
2017-03-31,-0.0003171,-0.0016522,-0.0008912,0.0009260,-0.0015705,-0.0009649
2017-04-03,0.0008107,0.0010036,0.0001083,0.0006151,0.0007573,0.0016040
2017-04-04,0.0009271,0.0018286,0.0003133,0.0008911,0.0005462,0.0022759
2017-04-05,0.0011189,0.0020389,-0.0014356,0.0012535,-0.0005848,0.0017293
2017-04-06,-0.0003751,0.0000182,-0.0006621,-0.0008391,0.0003053,-0.0009261
2017-04-07,0.0024590,0.0023018,-0.0012173,0.0005845,-0.0006719,0.0018868
2017-04-10,-0.0021782,-0.0023057,0.0004149,0.0004582,0.0005843,-0.0012428
2017-04-11,0.0009088,0.0006000,0.0012951,0.0024075,-0.0013667,0.0025297
2017-04-12,-0.0017606,-0.0037202,0.0038086,-0.0002890,0.0021099,-0.0004141
2017-04-13,-0.0005496,0.0011732,-0.0023010,-0.0007182,0.0024880,-0.0001598
2017-04-14,0.0004759,0.0001497,0.0008983,0.0008006,-0.0007439,0.0010023
2017-04-17,-0.0009706,-0.0014950,-0.0000673,-0.0007924,0.0010942,-0.0013686
2017-04-18,0.0012925,0.0020694,-0.0024783,0.0036042,-0.0009497,0.0029433
2017-04-19,0.0022222,0.0035877,-0.0044788,0.0003909,0.0007904,0.0014538
2017-04-20,-0.0014569,-0.0013418,0.0005248,-0.0010118,0.0010143,-0.0014283
2017-04-21,0.0008141,-0.0011060,0.0007525,0.0003652,-0.0008323,0.0000898
2017-04-24,0.0010720,-0.0075065,0.0021337,-0.0018204,0.0020979,-0.0025775
2017-04-25,0.0038948,0.0039830,-0.0003222,0.0005503,0.0004723,0.0042330
2017-04-26,0.0036817,0.0036739,0.0008172,0.0024813,-0.0021787,0.0047195
2017-04-27,0.0003983,0.0003748,0.0000695,0.0007530,-0.0007671,0.0006022
2017-04-28,0.0005059,0.0005139,0.0014944,0.0006033,-0.0012983,0.0009906
2017-05-01,-0.0031995,-0.0031911,-0.0013432,-0.0009570,0.0021456,-0.0032633
2017-05-02,0.0017285,0.0017131,0.0022941,0.0014892,-0.0022555,0.0027006
2017-05-03,0.0008651,0.0009473,-0.0046145,0.0013989,-0.0006366,-0.0005000
2017-05-04,0.0058992,0.0058692,0.0058001,0.0031252,-0.0049606,0.0081680
2017-05-05,-0.0028033,-0.0026894,-0.0028033,-0.0010454,0.0021095,-0.0035901
2017-05-08,-0.0038889,-0.0038604,-0.0038889,-0.0002397,0.0019852,-0.0045389
2017-05-09,-0.0022855,-0.0024561,-0.0022855,0.0004961,-0.0021636,-0.0039483
2017-05-10,-0.0033266,-0.0033735,-0.0033266,-0.0017465,0.0017123,-0.0051165
2017-05-11,0.0025301,0.0025529,0.0025301,-0.0003393,-0.0007319,0.0028352
2017-05-12,0.0035744,0.0037059,0.0035744,0.0006650,0.0012993,0.0061769
2017-05-15,-0.0015919,-0.0009277,-0.0015919,0.0003433,0.0018592,-0.0006535
2017-05-16,0.0047670,-0.0021717,0.0047670,0.0005489,-0.0001826,0.0037853
2017-05-17,0.0056918,-0.0049780,0.0056918,-0.0018154,0.0018596,0.0024736
2017-05-18,-0.0012544,0.0013512,-0.0012544,-0.0002658,0.0012610,-0.0000799
2017-05-19,0.0017706,-0.0022126,0.0017706,0.0019593,-0.0037273,0.0002169
2017-05-22,-0.0026441,-0.0030440,-0.0026441,-0.0014466,-0.0001287,-0.0049952
2017-05-23,-0.0028385,-0.0028501,-0.0028385,-0.0010984,0.0017119,-0.0038461
2017-05-24,-0.0016389,-0.0015437,-0.0016389,-0.0001577,-0.0042361,-0.0044443
2017-05-25,0.0031267,0.0021014,0.0020943,0.0010280,0.0037825,0.0060567
2017-05-26,-0.0048064,-0.0032163,-0.0032584,0.0003245,0.0011510,-0.0045910
2017-05-29,-0.0000697,0.0001138,0.0000669,-0.0004790,0.0020847,0.0007505
2017-05-30,-0.0010894,0.0023723,0.0002074,0.0001677,-0.0029527,-0.0007213
2017-05-31,0.0046122,0.0041789,0.0048519,0.0013030,-0.0002251,0.0075275
2017-06-01,0.0016340,-0.0012409,-0.0002113,0.0012804,0.0042025,0.0034423
2017-06-02,-0.0024716,0.0044288,0.0003765,0.0013263,-0.0053817,-0.0007693
2017-06-05,-0.0018836,-0.0023355,-0.0020258,-0.0018927,0.0009684,-0.0040013
2017-06-06,-0.0024312,0.0029714,0.0007769,0.0009870,-0.0046029,-0.0011090
2017-06-07,0.0001127,-0.0005364,-0.0011168,-0.0017966,0.0019310,-0.0011627
2017-06-08,-0.0015645,-0.0012922,-0.0021961,-0.0000618,0.0013034,-0.0018550
2017-06-09,-0.0031999,-0.0042728,-0.0043504,0.0016501,0.0009329,-0.0040364
2017-06-12,-0.0049304,-0.0048131,-0.0031252,-0.0018107,-0.0044363,-0.0102730
2017-06-13,0.0006445,0.0005370,-0.0009305,-0.0024573,-0.0006904,-0.0022539
2017-06-14,-0.0010964,-0.0010607,-0.0021570,0.0009614,-0.0030743,-0.0030795
2017-06-15,-0.0010364,-0.0010102,-0.0050033,-0.0021832,0.0056690,-0.0021776
2017-06-16,0.0002745,0.0002270,0.0005179,0.0007837,-0.0017274,0.0002215
2017-06-19,-0.0008365,-0.0013383,-0.0025242,0.0006763,-0.0005518,-0.0020275
2017-06-20,-0.0018607,0.0001417,0.0001592,0.0010865,-0.0004223,-0.0001374
2017-06-21,0.0006727,-0.0020520,0.0031749,-0.0029758,0.0044054,0.0009811
2017-06-22,0.0031677,0.0022510,-0.0000781,0.0031160,-0.0025488,0.0037384
2017-06-23,0.0023492,0.0012449,0.0020931,-0.0014097,0.0012701,0.0023413
2017-06-26,-0.0005114,-0.0012743,-0.0024296,0.0007076,-0.0019708,-0.0025312
2017-06-27,0.0038513,0.0038740,0.0047590,-0.0037730,0.0031255,0.0046868
2017-06-28,0.0045090,0.0045113,0.0042812,0.0014496,-0.0059205,0.0043279
2017-06-29,0.0027469,0.0029124,0.0025417,-0.0016598,-0.0043759,0.0002692
2017-06-30,0.0001752,0.0001414,0.0004499,0.0007516,-0.0013633,0.0002853
2017-07-03,-0.0047074,-0.0064283,-0.0056678,0.0012451,0.0040537,-0.0047443
2017-07-04,-0.0008435,-0.0013703,0.0016734,-0.0001734,0.0016307,0.0004045
2017-07-05,-0.0000289,0.0003677,0.0003995,-0.0006155,-0.0002982,-0.0003124
2017-07-06,0.0002850,0.0012777,0.0022838,-0.0014405,-0.0011165,0.0000336
2017-07-07,0.0014008,-0.0010629,-0.0019246,0.0034943,-0.0005983,0.0018290
2017-07-10,-0.0008470,-0.0002223,-0.0010199,-0.0000398,0.0004775,-0.0007528
2017-07-11,0.0012235,0.0009460,-0.0013229,0.0010249,0.0007721,0.0015844
2017-07-12,0.0040074,0.0017760,0.0031139,0.0002240,-0.0000096,0.0042361
2017-07-13,0.0017359,0.0022414,0.0006474,-0.0002848,-0.0007905,0.0014786
2017-07-14,0.0050050,0.0030871,0.0100255,0.0005602,-0.0075293,0.0050361
2017-07-17,-0.0012655,-0.0021392,-0.0026786,-0.0007199,0.0028112,-0.0019020
2017-07-18,0.0087227,0.0065688,0.0083573,-0.0000121,-0.0059281,0.0076899
2017-07-19,0.0005733,0.0002869,0.0005658,-0.0002819,-0.0002381,0.0002612
2017-07-20,0.0049812,0.0033789,0.0036470,0.0011624,-0.0035893,0.0044324
2017-07-21,0.0014097,0.0019577,0.0044697,-0.0029522,-0.0044800,-0.0011296
2017-07-24,-0.0007060,0.0002429,0.0003625,0.0011611,-0.0003651,0.0007215
2017-07-25,-0.0000308,-0.0025775,-0.0025865,0.0020862,0.0025848,0.0006270
2017-07-26,0.0045278,0.0094424,0.0094747,-0.0010747,-0.0094767,0.0048258
2017-07-27,-0.0078227,-0.0083370,-0.0083963,-0.0016928,0.0083899,-0.0077664
2017-07-28,0.0035492,0.0054217,0.0054285,0.0022916,-0.0063037,0.0049455
2017-07-31,0.0021182,0.0013220,0.0033961,-0.0017711,-0.0026776,0.0001431
2017-08-01,-0.0032266,-0.0036298,-0.0036239,-0.0019702,0.0040379,-0.0041020
2017-08-02,-0.0008320,0.0012647,-0.0019843,0.0001956,-0.0002498,-0.0004690
2017-08-03,-0.0022682,-0.0032872,-0.0000557,-0.0000128,0.0011305,-0.0018556
2017-08-04,-0.0048470,-0.0032132,-0.0068264,0.0003112,0.0051208,-0.0035271
2017-08-07,-0.0018032,-0.0015910,-0.0019918,0.0001502,0.0012557,-0.0014705
2017-08-08,-0.0027122,-0.0023603,-0.0014650,-0.0000086,-0.0000442,-0.0025601
2017-08-09,0.0011980,-0.0031120,0.0020781,-0.0027384,0.0025387,-0.0012915
2017-08-10,-0.0040330,-0.0043124,-0.0008928,0.0000657,-0.0038185,-0.0050763
2017-08-11,0.0035739,0.0031853,0.0037755,-0.0013299,0.0020174,0.0037401
2017-08-14,-0.0050446,-0.0069788,-0.0068726,-0.0002131,-0.0014154,-0.0079154
2017-08-15,-0.0029331,-0.0067191,-0.0066918,-0.0009229,-0.0016727,-0.0073772
2017-08-16,0.0080157,0.0099132,0.0097329,-0.0026201,0.0082358,0.0110581
2017-08-17,-0.0020436,-0.0020606,-0.0020243,0.0021292,-0.0023776,-0.0012686
2017-08-18,0.0041336,0.0042727,0.0041336,0.0009841,0.0028280,0.0061716
2017-08-21,0.0034296,0.0034121,0.0034296,0.0003941,0.0005113,0.0040936
2017-08-22,-0.0062886,-0.0062888,-0.0062886,0.0005105,-0.0012466,-0.0065951
2017-08-23,0.0005668,0.0005799,0.0005668,0.0025121,-0.0026119,0.0016736
2017-08-24,-0.0009429,-0.0009616,-0.0009429,-0.0006825,0.0005361,-0.0013277
2017-08-25,0.0074599,0.0074706,0.0074599,0.0004693,0.0009558,0.0084058
2017-08-28,0.0029623,0.0017910,0.0029623,-0.0000864,0.0010460,0.0028890
2017-08-29,-0.0015177,-0.0010718,-0.0015177,-0.0007492,0.0011220,-0.0015674
2017-08-30,-0.0083369,-0.0056380,-0.0083369,-0.0011028,0.0056630,-0.0062862
2017-08-31,0.0045077,0.0054774,0.0045077,0.0013181,-0.0020004,0.0050303
2017-09-01,0.0013052,-0.0002985,-0.0009417,0.0003621,-0.0005644,0.0001706
2017-09-04,-0.0009342,0.0006341,0.0018067,0.0012953,-0.0006282,0.0012219
2017-09-05,0.0069150,0.0031848,0.0077344,-0.0023355,-0.0006791,0.0036728
2017-09-06,0.0026860,0.0028365,0.0006097,0.0025487,-0.0023487,0.0032275
2017-09-07,0.0026815,0.0045911,0.0086886,0.0011768,-0.0069930,0.0033469
2017-09-08,-0.0023080,0.0004805,0.0043984,-0.0021631,-0.0030867,-0.0022295
2017-09-11,-0.0012022,-0.0057666,-0.0070672,0.0031175,0.0068568,0.0006631
2017-09-12,-0.0045129,-0.0022690,-0.0004428,-0.0006631,0.0012825,-0.0024645
2017-09-13,0.0005977,-0.0032367,-0.0055603,0.0011649,0.0024126,-0.0006263
2017-09-14,-0.0010842,0.0050049,0.0042076,0.0005122,-0.0030663,0.0017061
2017-09-15,-0.0060761,0.0008156,0.0038064,0.0015326,-0.0031073,-0.0006297
2017-09-18,-0.0012967,-0.0041017,-0.0055556,-0.0008425,0.0025422,-0.0030151
2017-09-19,-0.0000290,0.0008389,0.0029926,-0.0010072,-0.0013823,-0.0002308
2017-09-20,-0.0045759,-0.0023956,-0.0032493,-0.0007108,0.0005149,-0.0035423
2017-09-21,-0.0021895,0.0004083,-0.0021464,0.0028751,0.0015184,0.0016627
2017-09-22,-0.0001361,-0.0006321,0.0008718,-0.0024426,0.0025712,-0.0010406
2017-09-25,-0.0018610,-0.0024792,-0.0034228,-0.0016320,0.0021355,-0.0028662
2017-09-26,-0.0018011,0.0029178,-0.0044101,0.0014193,-0.0017808,-0.0003693
2017-09-27,-0.0059921,-0.0010444,-0.0062427,-0.0012561,-0.0023601,-0.0058898
2017-09-28,0.0026201,-0.0000583,0.0042533,0.0002946,0.0019489,0.0029071
2017-09-29,-0.0001329,0.0006607,-0.0020110,-0.0017350,0.0001566,-0.0016921
2017-10-02,-0.0049745,-0.0041328,-0.0054013,0.0002196,-0.0022857,-0.0050334
2017-10-03,0.0014244,0.0010308,-0.0004689,-0.0013924,0.0000503,-0.0004274
2017-10-04,0.0005229,-0.0007004,0.0011352,0.0004259,0.0010283,0.0009513
2017-10-05,-0.0047343,-0.0016975,-0.0072241,-0.0021914,-0.0055009,-0.0077014
2017-10-06,0.0002579,0.0011061,0.0004931,-0.0022843,-0.0003526,-0.0013880
2017-10-09,0.0006522,0.0018134,0.0012745,0.0008091,-0.0007305,0.0015163
2017-10-10,0.0032750,-0.0017213,0.0024312,0.0000615,0.0043600,0.0028216
2017-10-11,0.0023269,-0.0006194,0.0014594,-0.0001121,0.0028053,0.0019434
2017-10-12,-0.0003582,-0.0010089,0.0003677,0.0014639,0.0021947,0.0016260
2017-10-13,-0.0000666,-0.0029491,0.0014991,-0.0022402,0.0039690,-0.0009086
2017-10-16,-0.0016780,0.0004669,-0.0028962,0.0008649,-0.0006084,-0.0007659
2017-10-17,-0.0008725,-0.0005702,-0.0008962,-0.0010740,-0.0013208,-0.0020912
2017-10-18,0.0034485,0.0035194,0.0010452,-0.0003615,0.0011923,0.0028143
2017-10-19,0.0007631,0.0006071,0.0038003,-0.0000682,-0.0023072,0.0005850
2017-10-20,0.0058983,0.0033507,-0.0032443,-0.0023454,-0.0053117,-0.0017248
2017-10-23,0.0006174,0.0008696,-0.0006172,-0.0004060,0.0000764,0.0000667
2017-10-24,0.0026149,0.0034767,-0.0001433,0.0003381,-0.0046994,0.0004094
2017-10-25,0.0044145,0.0043973,-0.0004224,-0.0008262,-0.0017294,0.0016747
2017-10-26,0.0061788,0.0061111,-0.0038181,0.0004063,-0.0048821,0.0014939
2017-10-27,-0.0019864,-0.0019955,-0.0006572,-0.0012399,0.0014792,-0.0019677
2017-10-30,-0.0009953,-0.0009911,0.0020892,0.0018623,0.0033549,0.0028646
2017-10-31,0.0047788,0.0047984,-0.0001771,0.0005838,-0.0038044,0.0021953
2017-11-01,0.0002312,0.0002406,-0.0009495,-0.0026740,-0.0002779,-0.0023796
2017-11-02,-0.0063969,-0.0064436,-0.0015421,-0.0005448,0.0063940,-0.0027392
2017-11-03,0.0021904,0.0022318,-0.0013299,-0.0003976,-0.0018267,0.0000601
2017-11-06,-0.0026717,-0.0054207,-0.0012006,-0.0002349,0.0051651,-0.0012647
2017-11-07,0.0045349,0.0047032,0.0017063,0.0011288,-0.0047134,0.0028045
2017-11-08,-0.0026901,-0.0027142,-0.0023179,-0.0020544,0.0026874,-0.0032491
2017-11-09,-0.0034070,-0.0032756,0.0002418,0.0004874,0.0033999,-0.0006048
2017-11-10,0.0005967,0.0005495,0.0023148,0.0011053,-0.0005672,0.0018615
2017-11-13,0.0032518,0.0032410,0.0002231,-0.0004108,-0.0019671,0.0013718
2017-11-14,-0.0042126,-0.0041884,0.0016207,0.0002048,0.0035718,-0.0009537
2017-11-15,0.0004429,0.0004596,-0.0006995,0.0009388,-0.0013021,0.0003123
2017-11-16,0.0021900,0.0021825,0.0022299,0.0017561,0.0000274,0.0038839
2017-11-21,-0.0007988,-0.0007786,-0.0013043,0.0011777,-0.0014091,-0.0007072
2017-11-22,-0.0103468,-0.0102229,-0.0029842,0.0010063,-0.0024427,-0.0095402
2017-11-23,-0.0003397,-0.0003127,-0.0004049,-0.0004163,0.0002357,-0.0006256
2017-11-24,-0.0009602,-0.0008909,0.0026360,0.0005595,-0.0025312,-0.0003173
2017-11-27,0.0006011,0.0011427,-0.0025912,-0.0001959,0.0022244,0.0004708
2017-11-28,0.0030708,-0.0002542,0.0002458,-0.0007095,0.0014316,0.0011991
2017-11-29,0.0018837,0.0003015,0.0021658,0.0006515,-0.0005986,0.0019432
2017-11-30,0.0003147,0.0000452,0.0041111,0.0005177,-0.0022293,0.0012041
2017-12-01,-0.0074411,-0.0059626,-0.0090898,-0.0039378,0.0041721,-0.0104069
2017-12-04,0.0036618,0.0029459,0.0029305,-0.0008092,0.0014246,0.0036246
2017-12-05,0.0015050,-0.0014367,-0.0007715,-0.0018635,0.0028814,-0.0005594
2017-12-06,0.0037458,0.0025492,0.0014786,-0.0000075,0.0015022,0.0037032
2017-12-07,0.0076721,0.0035353,0.0068588,0.0031638,-0.0016875,0.0090021
2017-12-08,-0.0009214,-0.0025057,-0.0010488,-0.0012256,0.0012523,-0.0021926
2017-12-11,-0.0023722,-0.0028939,-0.0023749,-0.0027074,0.0024219,-0.0040876
2017-12-12,-0.0012017,-0.0012084,-0.0021798,-0.0015525,0.0004029,-0.0029154
2017-12-13,-0.0087972,-0.0089451,-0.0057266,-0.0001341,0.0045306,-0.0074363
2017-12-14,0.0019854,0.0015044,-0.0002694,-0.0017348,0.0005459,0.0000408
2017-12-15,-0.0003424,0.0015974,0.0004642,-0.0000886,-0.0009070,0.0002243
2017-12-18,-0.0004886,-0.0012089,-0.0007140,0.0005708,-0.0000561,-0.0005326
2017-12-19,0.0010036,-0.0011074,0.0024936,-0.0011450,0.0006523,0.0003944
2017-12-20,-0.0019434,-0.0030414,0.0002254,-0.0004612,-0.0014365,-0.0028322
2017-12-21,-0.0019604,-0.0019989,-0.0022307,-0.0013164,0.0005116,-0.0032779
2017-12-22,-0.0012444,-0.0005206,-0.0013212,-0.0003918,-0.0002848,-0.0016818
2017-12-26,-0.0013066,0.0007799,-0.0010710,0.0002219,-0.0012789,-0.0010829
2017-12-27,-0.0007808,0.0036049,-0.0017675,0.0013229,-0.0024122,0.0002342
2017-12-28,0.0016880,0.0070763,-0.0038731,-0.0014271,-0.0025869,-0.0007889
2017-12-29,0.0035909,0.0033920,0.0005104,-0.0014296,-0.0021051,0.0007408
2018-01-02,-0.0011355,0.0040088,-0.0005496,0.0011361,-0.0050973,-0.0006266
2018-01-03,0.0003185,-0.0012026,-0.0012251,-0.0011036,0.0041648,0.0000784
2018-01-04,-0.0015960,0.0005089,-0.0003474,0.0004891,-0.0045858,-0.0022955
2018-01-05,-0.0015454,-0.0004645,0.0002336,-0.0001841,-0.0004846,-0.0009951
2018-01-08,0.0003390,-0.0015469,-0.0009986,-0.0011683,0.0025715,-0.0007484
2018-01-09,0.0008804,-0.0013853,-0.0019290,-0.0016214,0.0037683,-0.0007749
2018-01-10,-0.0068825,-0.0057518,-0.0029003,-0.0038379,-0.0008747,-0.0097143
2018-01-11,-0.0012973,0.0014151,0.0016844,0.0002057,-0.0061212,-0.0016943
2018-01-12,0.0040333,0.0051327,0.0051889,0.0054356,-0.0094024,0.0061979
2018-01-15,-0.0021850,-0.0007539,0.0020558,-0.0002308,-0.0070003,-0.0030858
2018-01-16,-0.0004148,0.0000615,-0.0001119,0.0005099,0.0002430,0.0003218
2018-01-17,0.0023864,-0.0016468,-0.0007346,0.0008712,0.0033385,0.0019174
2018-01-18,0.0003701,-0.0002987,0.0017711,0.0008034,-0.0052881,-0.0005075
2018-01-19,-0.0016627,0.0004413,-0.0009502,-0.0010862,0.0036207,-0.0003871
2018-01-22,0.0051958,0.0005157,0.0025758,0.0017556,-0.0057115,0.0026130
2018-01-23,0.0004455,-0.0002960,0.0007230,-0.0012479,-0.0035927,-0.0019613
2018-01-24,0.0127431,0.0024682,0.0049141,0.0029780,-0.0127696,0.0056156
2018-01-25,-0.0029147,0.0019015,-0.0023630,-0.0006783,0.0029051,-0.0009552
2018-01-26,0.0083321,-0.0034331,0.0046534,-0.0017453,-0.0083345,-0.0004863
2018-01-29,-0.0050644,-0.0027435,-0.0035538,-0.0002562,0.0050587,-0.0029086
2018-01-30,0.0023028,0.0017708,0.0019497,0.0006021,-0.0023049,0.0020768
2018-01-31,0.0009754,-0.0007515,0.0014191,0.0007016,-0.0009779,0.0009316
2018-02-01,0.0041922,0.0026090,0.0038210,0.0021669,-0.0041957,0.0045354
2018-02-02,-0.0137559,-0.0085858,-0.0095453,0.0012759,0.0137526,-0.0067025
2018-02-05,-0.0055800,-0.0088508,-0.0057137,-0.0046384,0.0029456,-0.0102923
2018-02-06,0.0015491,0.0032145,0.0016824,-0.0010577,0.0030742,0.0025070
2018-02-07,-0.0096224,-0.0106186,-0.0089480,-0.0005520,-0.0003753,-0.0110278
2018-02-08,0.0006285,-0.0016998,0.0000576,-0.0006673,-0.0043781,-0.0022524
2018-02-09,0.0002228,0.0002937,-0.0001208,-0.0018335,0.0024463,-0.0005234
2018-02-12,0.0025919,-0.0008162,0.0024252,0.0003145,0.0017466,0.0021822
2018-02-13,0.0041506,0.0041348,0.0027111,-0.0002563,-0.0018288,0.0029582
2018-02-14,0.0109599,0.0002869,0.0093222,-0.0009628,0.0039357,0.0073324
2018-02-15,0.0068876,0.0036472,0.0067264,-0.0006662,-0.0031863,0.0041114
2018-02-16,-0.0061407,-0.0011580,-0.0050200,-0.0017072,0.0012055,-0.0047644
2018-02-19,-0.0017643,-0.0012993,-0.0016955,0.0005873,0.0013842,-0.0006811
2018-02-20,-0.0065584,-0.0025859,-0.0052412,0.0008959,0.0025456,-0.0031184
2018-02-21,-0.0067015,-0.0012030,-0.0059095,-0.0002370,-0.0012770,-0.0048572
2018-02-22,0.0058661,0.0039651,0.0059128,-0.0012917,-0.0002117,0.0039621
2018-02-23,-0.0013726,-0.0031962,-0.0025038,0.0009134,0.0004496,-0.0015118
2018-02-26,-0.0004391,0.0003738,0.0003864,0.0002676,0.0001194,0.0003871
2018-02-27,-0.0072738,-0.0016503,-0.0059928,0.0008612,-0.0034228,-0.0049065
2018-02-28,-0.0044668,-0.0013961,-0.0035560,-0.0012182,-0.0039061,-0.0050866
2018-03-01,0.0036575,0.0038488,0.0035625,0.0005665,0.0017430,0.0046008
2018-03-02,0.0035041,0.0031880,0.0027720,0.0012472,0.0000875,0.0040561
2018-03-05,0.0006471,0.0007963,-0.0006853,0.0010602,-0.0002152,0.0010047
2018-03-06,0.0032218,-0.0027970,0.0032432,-0.0014213,0.0045914,0.0012473
2018-03-07,0.0000887,0.0006064,0.0000887,0.0005555,-0.0013905,0.0002990
2018-03-08,-0.0062273,-0.0030971,-0.0062273,-0.0011411,-0.0015013,-0.0063586
2018-03-09,-0.0002574,-0.0040327,-0.0002574,-0.0015917,0.0043788,-0.0015762
2018-03-12,0.0039836,0.0021184,0.0039836,0.0002880,0.0004379,0.0036525
2018-03-13,0.0042223,0.0048125,0.0042223,0.0011692,-0.0005070,0.0052301
2018-03-14,0.0004187,-0.0004516,0.0004187,-0.0009714,-0.0000312,-0.0007027
2018-03-15,-0.0043477,-0.0005751,-0.0043477,0.0017926,-0.0027146,-0.0022632
2018-03-16,-0.0023616,0.0016695,-0.0023616,0.0032843,-0.0006425,0.0016346
2018-03-19,0.0020713,0.0005893,0.0021330,0.0008776,0.0013249,0.0025982
2018-03-20,-0.0043428,-0.0015910,-0.0051131,0.0003641,-0.0019298,-0.0037866
2018-03-21,0.0021991,0.0002628,0.0040271,0.0002950,0.0063523,0.0041937
2018-03-22,0.0020102,0.0030397,0.0004578,0.0010537,-0.0019875,0.0020879
2018-03-23,0.0025384,0.0014989,0.0025882,0.0006406,0.0001342,0.0026475
2018-03-26,0.0011143,0.0011511,0.0022682,-0.0000561,0.0030485,0.0023681
2018-03-27,-0.0002345,-0.0002318,-0.0017134,0.0008548,0.0004040,0.0000849
2018-03-28,-0.0073689,-0.0074605,-0.0076612,-0.0008924,0.0059769,-0.0064403
2018-03-29,-0.0004285,-0.0003521,-0.0001101,-0.0014662,0.0018335,-0.0009114
2018-03-30,0.0012276,0.0012754,0.0011849,0.0002288,0.0008429,0.0016332
2018-04-02,0.0005600,0.0005649,0.0002362,0.0007306,-0.0007077,0.0008144
2018-04-03,-0.0032289,-0.0032218,-0.0027504,-0.0016477,0.0006051,-0.0041139
2018-04-04,-0.0004776,-0.0004850,0.0006228,-0.0013830,-0.0004722,-0.0013647
2018-04-05,-0.0032656,-0.0032423,-0.0034056,-0.0000577,-0.0013360,-0.0036927
2018-04-06,0.0037615,0.0037481,0.0026970,0.0018765,0.0023617,0.0055642
2018-04-09,0.0010749,0.0010668,0.0011067,-0.0003041,0.0001195,0.0008620
2018-04-10,-0.0012941,-0.0013137,0.0001069,-0.0014470,-0.0023277,-0.0027622
2018-04-11,0.0004440,0.0004375,0.0004952,0.0004553,0.0000990,0.0008486
2018-04-12,-0.0014128,-0.0013616,-0.0005245,-0.0004213,-0.0026771,-0.0023141
2018-04-13,-0.0000225,-0.0000155,-0.0000184,0.0005368,0.0007144,0.0006516
2018-04-16,0.0019419,0.0027171,0.0019818,0.0012590,-0.0017541,0.0026533
2018-04-17,-0.0022106,-0.0018247,-0.0011983,0.0000526,0.0001644,-0.0016038
2018-04-18,-0.0014514,-0.0035981,-0.0006719,-0.0008215,0.0013120,-0.0022309
2018-04-19,-0.0022383,-0.0032917,-0.0028245,0.0003367,0.0041489,-0.0009640
2018-04-20,-0.0020881,-0.0045616,-0.0026129,0.0008544,0.0023970,-0.0016343
2018-04-23,-0.0034254,-0.0058728,-0.0040546,0.0007307,-0.0064045,-0.0067570
2018-04-24,-0.0002484,0.0002556,0.0006609,0.0014830,-0.0000029,0.0014281
2018-04-25,-0.0038117,-0.0042795,-0.0016006,0.0002833,-0.0056801,-0.0054329
2018-04-26,-0.0017978,-0.0025608,0.0001108,-0.0010891,-0.0026913,-0.0034236
2018-04-27,-0.0014206,-0.0000231,-0.0025046,-0.0023786,0.0009471,-0.0027990
2018-04-30,-0.0004774,-0.0021620,0.0000322,0.0005363,-0.0045578,-0.0028057
2018-05-01,-0.0028862,-0.0053927,-0.0019934,-0.0016613,-0.0076491,-0.0089864
2018-05-02,-0.0005181,-0.0016796,0.0010041,-0.0013884,-0.0024709,-0.0027575
2018-05-03,0.0012374,0.0018984,-0.0018421,-0.0012393,0.0049187,0.0018591
2018-05-04,-0.0011844,-0.0020815,0.0003089,-0.0015509,-0.0018044,-0.0033319
2018-05-07,0.0013491,0.0012409,0.0016904,0.0003380,-0.0020322,0.0010636
2018-05-08,-0.0000127,-0.0000271,0.0023672,0.0003511,-0.0047481,-0.0009608
2018-05-09,-0.0018033,-0.0018016,-0.0012230,0.0006475,-0.0001905,-0.0015487
2018-05-10,-0.0027475,-0.0027435,-0.0031418,-0.0015096,0.0044924,-0.0029072
2018-05-11,0.0000510,0.0002470,-0.0005895,0.0004760,0.0017195,0.0010283
2018-05-14,0.0016366,-0.0009372,0.0021213,0.0008725,-0.0023067,0.0008490
2018-05-15,0.0000791,-0.0025876,0.0037432,0.0001793,-0.0064317,-0.0022912
2018-05-16,-0.0030946,-0.0023097,-0.0027114,-0.0015893,0.0010668,-0.0045019
2018-05-17,0.0010147,-0.0006018,0.0013200,0.0008533,-0.0013644,0.0008618
2018-05-18,-0.0000079,0.0002335,-0.0006876,-0.0010349,0.0012010,-0.0005250
2018-05-21,-0.0040762,-0.0041589,-0.0041849,-0.0013108,0.0015003,-0.0064374
2018-05-22,0.0001763,-0.0002636,-0.0001408,-0.0003066,0.0013902,0.0002279
2018-05-23,0.0063249,0.0028462,0.0047506,-0.0034898,-0.0010718,0.0036006
2018-05-24,-0.0006396,0.0010793,-0.0022414,-0.0009220,0.0031481,-0.0002104
2018-05-25,0.0045355,0.0011608,0.0047910,-0.0021983,-0.0028156,0.0021252
2018-05-28,0.0007487,0.0027717,0.0008052,-0.0005775,0.0009404,0.0021015
2018-05-29,0.0030979,0.0034351,0.0043850,-0.0015503,-0.0037088,0.0024724
2018-05-30,-0.0094857,-0.0052206,-0.0097360,0.0017951,0.0071475,-0.0071848
2018-05-31,-0.0002148,0.0002877,-0.0003774,-0.0018068,-0.0015210,-0.0021810
2018-06-01,0.0018187,-0.0014120,0.0005327,0.0002106,0.0025143,0.0015676
2018-06-04,-0.0026659,-0.0042752,-0.0032319,-0.0000739,-0.0019338,-0.0056001
2018-06-05,-0.0014062,-0.0012900,-0.0013719,-0.0007430,0.0012247,-0.0019787
2018-06-06,-0.0017484,-0.0032428,-0.0024838,0.0016949,0.0008768,-0.0018986
2018-06-07,-0.0016667,0.0002114,-0.0007504,-0.0014340,-0.0011529,-0.0026400
2018-06-08,0.0015595,0.0022244,0.0018681,0.0011668,0.0024114,0.0046676
2018-06-11,0.0017567,-0.0015305,0.0008162,-0.0001849,-0.0008337,-0.0000522
2018-06-12,0.0038536,0.0004589,0.0032149,-0.0004880,0.0011320,0.0036365
2018-06-13,-0.0024993,-0.0005655,-0.0024393,0.0006440,-0.0004162,-0.0022711
2018-06-14,0.0159648,0.0016237,0.0154264,-0.0018797,0.0051093,0.0164592
2018-06-15,0.0023031,0.0008504,0.0022341,0.0003396,-0.0019987,0.0015719
2018-06-18,0.0000732,0.0003093,0.0002940,-0.0001508,0.0000585,0.0002016
2018-06-19,0.0036984,0.0055307,0.0046823,-0.0012550,-0.0027790,0.0038496
2018-06-20,0.0031544,0.0019350,0.0025702,0.0008250,-0.0032055,0.0023907
2018-06-21,-0.0039267,-0.0021447,-0.0030711,-0.0007759,0.0039157,-0.0027274
2018-06-22,-0.0060007,-0.0058645,-0.0060383,-0.0002336,0.0059979,-0.0052385
2018-06-25,-0.0002147,0.0007441,0.0002794,0.0021257,-0.0002677,0.0019876
2018-06-26,0.0052676,0.0041256,0.0046908,-0.0001903,-0.0028583,0.0044335
2018-06-27,0.0092271,0.0080972,0.0086538,-0.0006539,-0.0053323,0.0078079
2018-06-28,0.0003583,-0.0006064,-0.0001552,0.0004081,0.0001606,0.0001888
2018-06-29,-0.0091436,-0.0101222,-0.0095834,0.0023609,0.0091058,-0.0055858
2018-07-02,0.0071492,0.0062090,0.0066767,0.0014676,-0.0060183,0.0061309
2018-07-03,-0.0051049,-0.0036602,-0.0043767,-0.0010294,0.0040675,-0.0038852
2018-07-04,-0.0007571,-0.0004174,-0.0005872,0.0004575,0.0008576,0.0000792
2018-07-05,-0.0008520,-0.0015836,-0.0012250,-0.0004757,0.0001642,-0.0016222
2018-07-06,-0.0061204,-0.0052280,-0.0056820,-0.0002833,0.0046389,-0.0044160
2018-07-09,0.0009893,-0.0007671,0.0001128,-0.0012523,-0.0004452,-0.0011184
2018-07-10,0.0006242,-0.0003673,0.0001247,0.0003022,-0.0004688,0.0001624
2018-07-11,0.0113267,0.0066740,0.0114290,0.0021150,-0.0033297,0.0103452
2018-07-12,0.0007613,-0.0018096,0.0007613,-0.0016407,-0.0006272,-0.0017784
2018-07-13,-0.0015658,-0.0007129,-0.0015658,0.0006942,0.0000471,-0.0006331
2018-07-16,-0.0022455,-0.0021709,-0.0022455,0.0001680,0.0013443,-0.0015602
2018-07-17,0.0066575,0.0065421,0.0066575,-0.0022473,-0.0013859,0.0042727
2018-07-18,-0.0001915,-0.0001641,-0.0001915,-0.0017295,-0.0000878,-0.0015915
2018-07-19,0.0041002,0.0040982,0.0041002,0.0015596,-0.0016418,0.0046261
2018-07-20,-0.0125813,-0.0124357,-0.0125813,0.0000654,0.0112489,-0.0077838
2018-07-23,0.0027114,0.0027264,0.0027114,0.0004776,-0.0005124,0.0026289
2018-07-24,-0.0021298,-0.0021231,-0.0021298,-0.0010533,0.0010720,-0.0023557
2018-07-25,-0.0061891,-0.0060954,-0.0061891,-0.0005749,0.0008336,-0.0056605
2018-07-26,0.0077260,0.0076320,0.0077260,0.0012090,0.0048600,0.0095435
2018-07-27,-0.0017352,-0.0017374,-0.0017352,-0.0002176,-0.0001494,-0.0017182
2018-07-30,-0.0040742,-0.0040696,-0.0040742,-0.0002446,0.0004121,-0.0035315
2018-07-31,0.0022607,0.0022771,0.0022607,-0.0023184,0.0002691,0.0001766
2018-08-01,0.0014976,0.0014829,0.0014976,0.0011347,0.0009121,0.0025254
2018-08-02,0.0064840,0.0064649,0.0064840,0.0011413,0.0012220,0.0068867
2018-08-03,-0.0020951,-0.0020434,-0.0020951,-0.0003680,-0.0002519,-0.0021317
2018-08-06,0.0028670,0.0028540,0.0028670,0.0000622,-0.0016277,0.0018111
2018-08-07,-0.0009488,-0.0009470,-0.0009488,0.0000594,0.0021994,0.0001135
2018-08-08,-0.0020108,-0.0019628,-0.0020108,0.0004911,-0.0008697,-0.0016250
2018-08-09,0.0082958,0.0081062,0.0082958,0.0033162,-0.0041883,0.0078448
2018-08-10,0.0070715,0.0071491,0.0070715,0.0012109,-0.0043742,0.0050195
2018-08-13,-0.0006457,-0.0006186,-0.0006457,0.0009276,-0.0007506,-0.0000600
2018-08-14,0.0028145,0.0028244,0.0028145,-0.0011690,-0.0017343,0.0006632
2018-08-15,0.0007518,0.0007314,0.0007518,0.0011994,-0.0014856,0.0009809
2018-08-16,-0.0003341,-0.0003335,-0.0003341,-0.0009033,0.0021696,-0.0001497
2018-08-17,-0.0069142,-0.0067926,-0.0069142,-0.0007355,0.0048495,-0.0042703
2018-08-20,-0.0048646,-0.0048750,-0.0048646,0.0010135,0.0023208,-0.0021753
2018-08-21,-0.0064055,-0.0064244,-0.0064055,-0.0010519,0.0037695,-0.0044581
2018-08-22,-0.0006221,-0.0006567,-0.0001733,-0.0003648,0.0005286,-0.0004721
2018-08-23,0.0104459,0.0102847,0.0097228,0.0002730,0.0039050,0.0099337
2018-08-24,-0.0065159,-0.0064959,-0.0058559,-0.0024175,0.0010252,-0.0063903
2018-08-27,-0.0047123,-0.0046999,-0.0037288,0.0006176,-0.0005878,-0.0030855
2018-08-28,-0.0010086,-0.0010262,0.0004248,-0.0007164,-0.0016480,-0.0016575
2018-08-29,-0.0029761,-0.0029701,-0.0011003,0.0019161,-0.0020563,-0.0010933
2018-08-30,0.0024341,0.0023905,0.0015337,0.0036638,0.0033899,0.0059027
2018-08-31,0.0054057,0.0054189,0.0045776,0.0013745,0.0008978,0.0053625
2018-09-03,0.0020013,0.0011981,0.0010044,-0.0013502,0.0021246,0.0008137
2018-09-04,0.0065167,0.0036912,0.0037873,0.0007036,0.0003632,0.0041844
2018-09-05,-0.0033937,-0.0031776,-0.0026330,-0.0005244,-0.0010991,-0.0031614
2018-09-06,-0.0046684,-0.0035087,-0.0023582,0.0022794,0.0007265,-0.0005071
2018-09-07,0.0072757,0.0062559,0.0045541,0.0023866,-0.0013005,0.0060923
2018-09-10,-0.0008070,-0.0008549,-0.0038852,0.0017940,-0.0000659,-0.0000352
2018-09-11,-0.0015324,-0.0015548,0.0013614,-0.0013448,0.0010355,-0.0010924
2018-09-12,-0.0049760,-0.0049894,-0.0028324,-0.0008107,0.0019925,-0.0031450
2018-09-13,-0.0025590,-0.0026181,0.0000969,-0.0015394,-0.0030521,-0.0038005
2018-09-14,0.0034262,0.0047026,0.0030301,0.0004867,0.0004674,0.0034765
2018-09-17,-0.0027169,-0.0055448,-0.0028438,0.0006570,-0.0020372,-0.0032569
2018-09-18,-0.0010026,0.0002430,-0.0000077,-0.0025163,0.0009519,-0.0017969
2018-09-19,-0.0036982,-0.0021830,-0.0027185,-0.0016852,0.0025621,-0.0024841
2018-09-20,-0.0035529,-0.0080777,-0.0033002,0.0018840,-0.0071151,-0.0056535
2018-09-21,0.0038785,0.0036042,0.0004901,-0.0024512,0.0032333,0.0014753
2018-09-24,0.0007187,0.0010868,0.0004454,0.0003512,0.0023167,0.0019279
2018-09-25,-0.0010612,-0.0010530,0.0002867,0.0008875,-0.0017844,-0.0006157
2018-09-26,0.0007382,0.0007321,-0.0011120,-0.0007853,0.0023469,0.0005554
2018-09-27,0.0041673,0.0040043,0.0007290,-0.0023488,0.0060250,0.0034005
2018-09-28,-0.0017864,-0.0019026,-0.0008845,-0.0024217,-0.0012949,-0.0037899
2018-10-01,-0.0010076,0.0002197,0.0002176,-0.0003660,-0.0017180,-0.0012297
2018-10-02,0.0021831,0.0023853,0.0005948,0.0002708,0.0006346,0.0019480
2018-10-03,0.0063807,0.0103548,0.0038260,0.0008742,-0.0043860,0.0044648
2018-10-04,-0.0006242,-0.0009165,0.0002930,0.0029247,0.0026273,0.0031947
2018-10-05,-0.0007038,0.0000698,0.0011115,0.0030201,0.0004811,0.0028014
2018-10-08,-0.0017796,-0.0010604,-0.0023373,-0.0015659,0.0019027,-0.0019177
2018-10-09,-0.0019782,-0.0026707,-0.0014479,0.0000127,0.0018743,-0.0008891
2018-10-10,-0.0024681,0.0006408,0.0005955,0.0029146,0.0006894,0.0023032
2018-10-11,-0.0052403,-0.0064977,-0.0037354,-0.0028051,0.0049515,-0.0045116
2018-10-12,0.0022596,0.0028109,0.0002973,-0.0011581,-0.0002449,0.0004838
2018-10-15,-0.0012326,-0.0046089,-0.0014163,-0.0001943,0.0023670,-0.0011743
2018-10-16,-0.0002579,-0.0003845,-0.0008284,-0.0015636,0.0016613,-0.0008784
2018-10-17,0.0023126,0.0075878,0.0015195,-0.0006891,-0.0012594,0.0022836
2018-10-18,0.0004335,0.0026441,-0.0008475,-0.0012637,-0.0020276,-0.0014279
2018-10-19,-0.0028820,-0.0022070,-0.0009798,-0.0017570,0.0026128,-0.0019931
2018-10-22,0.0047071,0.0044232,0.0024774,-0.0002499,-0.0024687,0.0023083
2018-10-23,-0.0012161,-0.0011549,-0.0005110,0.0008966,0.0003025,-0.0000767
2018-10-24,0.0048446,0.0024441,0.0000124,0.0004341,-0.0042552,0.0004772
2018-10-25,0.0017065,0.0008959,-0.0001033,-0.0016233,-0.0011235,-0.0010746
2018-10-26,-0.0020411,-0.0007449,-0.0013522,0.0011249,-0.0002942,-0.0006829
2018-10-29,0.0045047,0.0021732,0.0018623,-0.0009020,-0.0022239,0.0010607
2018-10-30,0.0017225,0.0002107,-0.0003792,-0.0048339,0.0006995,-0.0029856
2018-10-31,0.0028094,0.0013100,0.0021998,0.0028014,-0.0014182,0.0035375
2018-11-01,-0.0147284,-0.0119745,-0.0103791,-0.0025462,0.0076350,-0.0106085
2018-11-02,0.0028358,0.0023527,0.0021853,-0.0012396,-0.0011226,0.0009571
2018-11-05,-0.0016535,-0.0015502,-0.0008500,0.0004070,0.0002715,-0.0008858
2018-11-06,-0.0032423,-0.0032509,-0.0026989,-0.0022766,-0.0025409,-0.0059493
2018-11-07,-0.0018363,-0.0018669,-0.0004301,-0.0017506,-0.0017927,-0.0034231
2018-11-08,0.0056324,0.0055992,0.0035146,-0.0009336,-0.0027811,0.0028157
2018-11-09,0.0029152,0.0029238,0.0005123,0.0004121,0.0002254,0.0023439
2018-11-12,0.0075563,0.0075778,0.0047192,0.0001045,-0.0024706,0.0054071
2018-11-13,-0.0062646,-0.0063653,-0.0033229,-0.0005963,0.0003717,-0.0053841
2018-11-14,-0.0020064,-0.0020235,-0.0012545,-0.0003838,-0.0001687,-0.0020968
2018-11-15,-0.0006005,-0.0005726,-0.0011953,-0.0048148,-0.0002579,-0.0044833
2018-11-16,-0.0084195,-0.0083469,-0.0063196,0.0001586,0.0038630,-0.0061975
2018-11-19,-0.0009343,-0.0009685,-0.0029433,0.0015718,0.0013992,-0.0001960
2018-11-20,0.0082734,0.0082533,0.0013118,0.0027845,0.0013372,0.0083563
2018-11-21,-0.0028545,-0.0029612,-0.0000998,-0.0022871,-0.0011495,-0.0039130
2018-11-22,-0.0016633,-0.0016443,-0.0015626,-0.0006479,0.0023872,-0.0009872
2018-11-23,0.0044487,0.0045064,0.0018370,0.0004190,0.0013544,0.0045514
2018-11-26,0.0029460,0.0029321,0.0020548,-0.0009779,0.0003741,0.0022803
2018-11-27,0.0019159,0.0019115,0.0023215,0.0007141,-0.0021812,0.0016919
2018-11-28,-0.0040729,-0.0076146,-0.0013817,-0.0002089,0.0000042,-0.0043786
2018-11-29,-0.0004536,0.0001415,-0.0006185,-0.0000073,0.0004171,-0.0002021
2018-11-30,0.0031980,0.0020976,0.0026772,0.0007813,-0.0001899,0.0034272
2018-12-03,-0.0017459,-0.0037338,-0.0010949,-0.0020176,-0.0012613,-0.0043573
2018-12-04,-0.0002341,-0.0002864,-0.0007799,0.0036071,0.0022018,0.0032163
2018-12-05,0.0031906,0.0046196,0.0018528,0.0015736,0.0033972,0.0061807
2018-12-06,-0.0027270,-0.0018635,-0.0028968,0.0019921,-0.0010632,-0.0020737
2018-12-07,-0.0010656,-0.0001984,-0.0024421,-0.0007764,0.0001328,-0.0021376
2018-12-10,0.0060930,0.0056308,0.0038428,0.0004498,-0.0020160,0.0049933
2018-12-11,0.0019805,0.0018053,0.0022800,-0.0005753,0.0003140,0.0021053
2018-12-12,-0.0041318,-0.0034717,-0.0037402,-0.0011634,0.0040458,-0.0030632
2018-12-13,0.0006086,0.0006823,0.0007665,-0.0009042,0.0005454,0.0004154
2018-12-14,0.0029164,0.0053300,0.0017396,0.0009686,0.0004234,0.0044047
2018-12-17,-0.0033520,-0.0032882,-0.0032892,0.0017173,0.0031732,-0.0008037
2018-12-18,0.0004285,0.0004063,0.0005816,0.0002069,0.0000070,0.0007057
2018-12-19,0.0005708,0.0005520,-0.0011511,0.0016887,-0.0042492,-0.0013164
2018-12-20,-0.0058421,-0.0058807,-0.0057884,0.0038813,-0.0024199,-0.0051006
2018-12-21,0.0057474,0.0055592,0.0041394,0.0003566,-0.0017962,0.0047690
2018-12-24,-0.0054645,-0.0059009,-0.0036020,0.0031125,-0.0012282,-0.0036788
2018-12-26,0.0050722,0.0051961,0.0009024,-0.0044802,0.0058326,0.0036814
2018-12-27,-0.0033160,-0.0023591,-0.0005956,0.0037143,-0.0030696,-0.0011721
2018-12-28,-0.0028110,-0.0032324,-0.0005082,0.0016647,-0.0025933,-0.0024345
2018-12-31,-0.0033992,0.0004378,-0.0011489,0.0014897,-0.0022397,-0.0017002
2019-01-02,-0.0005495,-0.0021497,0.0024658,0.0026115,0.0010443,0.0026004
2019-01-03,0.0017501,0.0028004,0.0008306,0.0030275,0.0013944,0.0044732
2019-01-04,-0.0064192,-0.0066382,-0.0064821,-0.0057823,0.0014690,-0.0099335
2019-01-07,0.0005554,-0.0026763,-0.0021107,0.0002097,-0.0019889,-0.0025163
2019-01-08,-0.0013937,0.0011747,-0.0002372,0.0003441,-0.0003160,-0.0001427
2019-01-09,0.0035324,-0.0030342,-0.0000705,0.0017918,-0.0017178,0.0002849
2019-01-10,-0.0032300,-0.0014022,-0.0032446,-0.0033183,0.0007973,-0.0044800
2019-01-11,-0.0006793,-0.0019921,-0.0006793,-0.0019626,0.0003819,-0.0020856
2019-01-14,0.0016218,0.0021897,0.0016218,0.0019690,0.0005122,0.0033759
2019-01-15,-0.0039578,-0.0039516,-0.0039578,-0.0032134,-0.0001904,-0.0062533
2019-01-16,-0.0022900,-0.0022916,-0.0022900,-0.0011309,0.0007613,-0.0026716
2019-01-17,-0.0022784,-0.0028353,-0.0028382,-0.0031869,-0.0000234,-0.0047452
2019-01-18,0.0001953,-0.0006234,-0.0006052,-0.0003089,0.0012176,0.0001050
2019-01-21,0.0007896,0.0022145,0.0000916,-0.0000573,-0.0000114,0.0009486
2019-01-22,0.0011756,0.0029015,0.0020502,0.0014957,-0.0012147,0.0023528
2019-01-23,-0.0024801,-0.0017413,-0.0006526,-0.0008411,0.0005886,-0.0017475
2019-01-24,0.0003127,0.0033590,-0.0008818,0.0020489,-0.0006939,0.0015284
2019-01-25,-0.0050622,-0.0068647,-0.0015427,-0.0027570,0.0043762,-0.0034904
2019-01-28,0.0020880,0.0004657,0.0016292,0.0005960,0.0006410,0.0022553
2019-01-29,-0.0014064,-0.0016106,-0.0012542,-0.0006271,0.0000614,-0.0019972
2019-01-30,-0.0034121,0.0008589,-0.0003652,-0.0019958,-0.0035417,-0.0045819
2019-01-31,-0.0018724,-0.0007483,-0.0008682,0.0003036,-0.0013932,-0.0020365
2019-02-01,-0.0009268,-0.0001708,-0.0013469,-0.0010586,0.0015094,-0.0007646
2019-02-04,-0.0013229,-0.0016934,-0.0021221,-0.0004500,0.0004185,-0.0021295
2019-02-05,-0.0029708,-0.0028707,-0.0024109,-0.0002250,-0.0004627,-0.0037482
2019-02-06,0.0025950,0.0025940,-0.0031312,0.0029149,-0.0008507,0.0014128
2019-02-07,-0.0007428,-0.0006804,-0.0020191,0.0007895,-0.0025440,-0.0028015
2019-02-08,0.0011140,0.0011704,-0.0000785,0.0011396,0.0001750,0.0016062
2019-02-11,-0.0035236,-0.0004231,-0.0024476,-0.0005704,-0.0032718,-0.0052957
2019-02-12,0.0010090,-0.0000588,0.0002278,-0.0022889,0.0031153,0.0010086
2019-02-13,-0.0041377,-0.0013291,0.0015053,-0.0003158,-0.0003421,-0.0017294
2019-02-14,-0.0012711,-0.0031594,-0.0012667,0.0009084,-0.0006626,-0.0022882
2019-02-15,0.0033007,0.0007686,0.0020796,-0.0005838,0.0006546,0.0029742
2019-02-18,0.0001827,-0.0004671,-0.0002528,-0.0004540,0.0006202,-0.0001467
2019-02-19,0.0036486,0.0024774,0.0010037,-0.0008224,-0.0008119,0.0020738
2019-02-20,-0.0007821,-0.0007445,-0.0006513,0.0002622,0.0008425,-0.0002998
2019-02-21,-0.0035292,-0.0035380,-0.0003306,0.0010702,0.0003896,-0.0022468
2019-02-22,0.0036049,0.0036401,0.0019442,0.0007983,0.0016250,0.0057755
2019-02-25,0.0002234,0.0002359,-0.0015405,-0.0029831,0.0005882,-0.0022189
2019-02-26,0.0031372,0.0031506,0.0023583,0.0002348,-0.0018507,0.0030044
2019-02-27,0.0003349,-0.0012133,0.0007580,0.0007876,-0.0003649,0.0003332
2019-02-28,-0.0028444,-0.0043856,-0.0023464,-0.0000925,0.0005698,-0.0041499
2019-03-01,-0.0019767,-0.0040988,-0.0034910,-0.0027694,0.0010080,-0.0057220
2019-03-04,0.0006249,0.0016964,0.0008502,0.0004586,-0.0014571,0.0007995
2019-03-05,0.0004978,0.0007696,0.0002453,-0.0002943,-0.0002326,0.0003396
2019-03-06,-0.0034564,-0.0011143,-0.0006827,-0.0000699,-0.0018337,-0.0036441
2019-03-07,0.0011798,0.0020424,0.0027235,0.0026657,-0.0045020,0.0017867
2019-03-08,-0.0007848,-0.0021557,-0.0005515,-0.0000734,0.0018948,-0.0004649
2019-03-11,0.0022861,0.0003573,0.0027247,-0.0004156,0.0028779,0.0045206
2019-03-12,-0.0011645,-0.0038545,-0.0016975,-0.0006555,0.0016953,-0.0025754
2019-03-13,0.0020004,0.0003695,0.0028065,0.0002169,-0.0004129,0.0026751
2019-03-14,-0.0003229,0.0022864,-0.0024955,-0.0005223,0.0021065,0.0004403
2019-03-15,-0.0005612,-0.0014429,0.0002932,-0.0005023,-0.0004211,-0.0013338
2019-03-18,-0.0012995,-0.0014993,-0.0011837,-0.0005575,0.0002585,-0.0021777
2019-03-19,-0.0003348,-0.0003112,0.0001053,0.0002857,-0.0004921,-0.0003856
2019-03-20,-0.0054011,-0.0051663,-0.0016946,-0.0000057,-0.0015442,-0.0074551
2019-03-21,0.0008857,0.0008215,-0.0016960,-0.0003962,0.0007975,-0.0000191
2019-03-22,0.0028586,0.0029256,0.0046421,0.0030214,0.0010952,0.0091956
2019-03-25,-0.0009577,-0.0009851,-0.0002421,-0.0006280,0.0002258,-0.0014421
2019-03-26,0.0022727,0.0022343,0.0000047,-0.0005603,0.0023887,0.0038346
2019-03-27,-0.0008698,-0.0008685,-0.0014468,0.0012444,-0.0006271,-0.0013940
2019-03-28,-0.0006985,-0.0007093,-0.0023084,-0.0001381,-0.0010419,-0.0031663
2019-03-29,-0.0009821,-0.0009688,0.0012447,0.0007632,0.0021817,0.0021265
2019-04-01,0.0022384,-0.0017760,0.0011177,-0.0006531,0.0008359,0.0012117
2019-04-02,0.0005594,0.0028237,-0.0002755,0.0007365,-0.0006059,0.0017738
2019-04-03,-0.0002884,-0.0018894,-0.0015057,-0.0020332,0.0000215,-0.0038518
2019-04-04,-0.0000592,0.0019366,-0.0014348,-0.0003721,-0.0016094,-0.0015665
2019-04-05,0.0007890,0.0018138,-0.0011267,-0.0002442,-0.0007082,-0.0001256
2019-04-08,-0.0029654,-0.0020622,0.0001921,0.0001849,0.0011977,-0.0015853
2019-04-09,-0.0011211,-0.0011452,0.0008132,0.0004380,0.0000704,-0.0002755
2019-04-10,-0.0031173,-0.0008172,0.0011700,-0.0007348,-0.0001204,-0.0021012
2019-04-11,0.0048427,0.0024141,-0.0023122,-0.0009635,0.0030832,0.0041433
2019-04-12,-0.0027760,-0.0003526,-0.0032284,-0.0018246,-0.0009557,-0.0063838
2019-04-15,0.0003374,0.0001877,0.0002631,-0.0008071,-0.0006799,-0.0006890
2019-04-16,-0.0018158,-0.0028085,0.0014289,0.0007288,-0.0007717,-0.0015550
2019-04-17,-0.0008220,0.0002393,0.0017557,-0.0016815,-0.0011310,-0.0012495
2019-04-18,0.0015226,-0.0033697,0.0036051,0.0008266,-0.0018034,0.0008371
2019-04-19,-0.0000201,0.0007518,-0.0010917,0.0000899,0.0007302,0.0002867
2019-04-22,-0.0019676,-0.0002918,0.0012992,-0.0006637,-0.0006000,-0.0014183
2019-04-23,-0.0002908,0.0037804,0.0016784,-0.0000507,-0.0038344,0.0002468
2019-04-24,0.0030444,0.0044150,0.0052644,0.0012801,-0.0062368,0.0042717
2019-04-25,-0.0020494,-0.0020715,-0.0022659,0.0020951,0.0020854,-0.0006870
2019-04-26,-0.0012314,-0.0016377,-0.0022713,-0.0002351,0.0026321,-0.0014301
2019-04-29,-0.0007038,-0.0023298,-0.0014628,-0.0013185,0.0016091,-0.0026015
2019-04-30,-0.0046565,-0.0031956,-0.0015937,-0.0012990,-0.0000912,-0.0066701
2019-05-01,0.0011155,0.0032580,0.0033645,0.0009452,0.0006424,0.0058849
2019-05-02,0.0020975,0.0022957,0.0025653,-0.0001015,0.0013381,0.0050251
2019-05-03,-0.0058993,-0.0049054,-0.0036029,-0.0003622,-0.0018764,-0.0100573
2019-05-06,0.0016334,0.0031788,0.0012413,0.0011309,0.0022996,0.0059122
2019-05-07,0.0004642,0.0025283,-0.0009585,0.0016234,-0.0009004,0.0016488
2019-05-08,0.0008246,0.0012982,0.0005232,0.0008314,-0.0004326,0.0018150
2019-05-09,-0.0038444,-0.0017997,-0.0038257,0.0023891,-0.0009673,-0.0043334
2019-05-10,-0.0024567,-0.0041626,-0.0042891,0.0001661,0.0005304,-0.0056859
2019-05-13,0.0006113,0.0046654,0.0034661,0.0046265,-0.0003965,0.0082524
2019-05-14,0.0023914,0.0007344,-0.0007115,-0.0005510,0.0011885,0.0017192
2019-05-15,0.0010294,0.0011051,-0.0004893,0.0008575,-0.0013819,0.0005326
2019-05-16,0.0051238,0.0036848,0.0036593,0.0006803,-0.0010671,0.0066765
2019-05-17,0.0038964,0.0026068,0.0026683,0.0002105,-0.0018124,0.0038344
2019-05-20,-0.0037704,-0.0041898,-0.0037450,-0.0005719,0.0013403,-0.0058106
2019-05-21,0.0010224,0.0034003,0.0010744,-0.0012617,-0.0009437,0.0011463
2019-05-22,0.0020086,0.0012389,0.0020086,0.0012983,-0.0007528,0.0033297
2019-05-23,-0.0016968,-0.0058922,-0.0016968,0.0028285,0.0005770,-0.0021033
2019-05-24,-0.0036072,-0.0051847,-0.0036072,-0.0000671,-0.0014746,-0.0076371
2019-05-27,0.0014449,0.0015535,0.0014449,-0.0007589,0.0019353,0.0031311
2019-05-28,0.0039644,0.0039713,0.0039644,-0.0001418,0.0017467,0.0073978
2019-05-29,0.0025498,0.0025287,0.0025498,0.0001871,0.0006048,0.0044983
2019-05-30,-0.0001614,-0.0001520,-0.0001614,0.0001755,-0.0000237,-0.0001200
2019-05-31,-0.0016814,-0.0013308,-0.0016814,0.0044156,0.0000000,0.0011000
2019-06-03,-0.0101230,-0.0101698,-0.0101230,0.0003428,-0.0053930,-0.0195349
2019-06-04,-0.0029758,-0.0030185,-0.0029758,-0.0009076,-0.0020941,-0.0063406
2019-06-05,0.0023383,0.0024310,0.0023383,-0.0002314,0.0036300,0.0056823
2019-06-06,-0.0045079,-0.0046097,-0.0045079,-0.0003926,-0.0046696,-0.0097640
2019-06-07,-0.0073681,-0.0074187,-0.0052515,-0.0005852,-0.0069869,-0.0140768
2019-06-10,0.0046896,0.0024598,0.0014936,0.0004388,0.0053239,0.0072850
2019-06-11,-0.0013147,-0.0008355,-0.0008517,-0.0015330,0.0005522,-0.0021815
2019-06-12,0.0034587,-0.0013079,-0.0013253,0.0009977,0.0023487,0.0024774
2019-06-13,0.0017496,0.0019538,0.0019488,0.0016653,-0.0000580,0.0037225
2019-06-14,0.0069820,-0.0004217,-0.0005542,0.0016546,0.0000000,0.0038570
2019-06-17,0.0014065,0.0012756,0.0016517,0.0004246,-0.0019382,0.0010935
2019-06-18,-0.0024626,-0.0024415,-0.0023112,-0.0019595,0.0023405,-0.0033032
2019-06-19,-0.0023647,-0.0024138,0.0036786,0.0022655,0.0052890,0.0045820
2019-06-20,0.0019862,-0.0014007,0.0058403,0.0033950,-0.0027307,0.0041264
2019-06-21,0.0020594,-0.0009118,0.0022107,0.0016796,-0.0038666,0.0006970
2019-06-24,0.0008158,0.0003005,0.0008158,-0.0006847,-0.0031793,-0.0014301
2019-06-25,-0.0007695,-0.0008099,-0.0007695,-0.0014185,0.0015239,-0.0013111
2019-06-26,-0.0035510,-0.0035057,-0.0035510,-0.0044093,0.0015543,-0.0071445
2019-06-27,-0.0000680,-0.0000556,-0.0000680,-0.0009356,-0.0007900,-0.0012395
2019-06-28,-0.0018150,-0.0017912,-0.0018150,-0.0012428,-0.0008823,-0.0037046
2019-07-01,-0.0031752,-0.0060982,-0.0031752,-0.0020537,0.0005148,-0.0065290
2019-07-02,0.0024129,0.0021992,0.0024129,0.0009995,0.0007374,0.0040686
2019-07-03,-0.0009082,0.0011063,-0.0009082,-0.0019922,-0.0006092,-0.0022170
2019-07-04,0.0001180,0.0004174,0.0014874,0.0012801,0.0005576,0.0021503
2019-07-05,-0.0049509,-0.0051475,-0.0013526,-0.0008299,-0.0043173,-0.0076105
2019-07-08,-0.0015647,-0.0012966,-0.0013728,-0.0010609,-0.0009932,-0.0030950
2019-07-09,-0.0020630,0.0013008,0.0020380,0.0017510,-0.0018161,0.0010110
2019-07-10,0.0053196,0.0010585,0.0011056,0.0002389,0.0040993,0.0053436
2019-07-11,0.0007702,-0.0004726,-0.0013844,-0.0014033,0.0003576,-0.0014235
2019-07-12,0.0057424,0.0019182,0.0008909,0.0011163,-0.0000203,0.0042796
2019-07-15,0.0015296,0.0012852,-0.0010116,-0.0000425,-0.0003588,0.0004334
2019-07-16,-0.0030636,-0.0030393,-0.0014078,0.0014453,0.0016258,-0.0010141
2019-07-17,0.0024302,0.0024047,0.0025180,0.0009481,0.0007990,0.0041412
2019-07-18,0.0067392,0.0063145,0.0022357,-0.0021660,0.0036792,0.0063905
2019-07-19,-0.0044402,-0.0042473,-0.0044771,0.0000696,0.0027175,-0.0037888
2019-07-22,-0.0017151,-0.0017284,-0.0017151,-0.0007991,0.0004884,-0.0024134
2019-07-23,-0.0056009,-0.0055881,-0.0056009,0.0004313,0.0026754,-0.0048871
2019-07-24,-0.0018284,-0.0017959,-0.0018284,-0.0000360,-0.0000606,-0.0021878
2019-07-25,-0.0044191,-0.0044535,-0.0044191,-0.0003294,0.0000000,-0.0054849
2019-07-26,-0.0020394,-0.0021184,-0.0020394,0.0026578,-0.0006161,-0.0006321
2019-07-29,0.0035060,0.0034276,0.0025020,0.0034603,-0.0029398,0.0048281
2019-07-30,0.0011318,0.0015790,0.0005713,0.0029817,-0.0009763,0.0030098
2019-07-31,-0.0067732,-0.0000009,-0.0025328,-0.0005459,0.0001565,-0.0038702
2019-08-01,0.0028488,-0.0016636,0.0052619,0.0051828,-0.0011061,0.0059011
2019-08-02,0.0030155,-0.0015453,0.0019832,0.0014805,-0.0009121,0.0018616
2019-08-05,-0.0005675,0.0024632,0.0023074,0.0033368,-0.0018394,0.0031242
2019-08-06,-0.0037659,-0.0035370,-0.0038507,-0.0032423,0.0007464,-0.0063338
2019-08-07,-0.0019154,0.0028493,-0.0020196,0.0003727,-0.0037248,-0.0021097
2019-08-08,0.0051778,0.0005087,0.0004248,0.0008782,0.0021375,0.0039172
2019-08-09,0.0030787,0.0038878,0.0039021,0.0038750,-0.0018451,0.0060614
2019-08-12,0.0004992,0.0018068,0.0018058,0.0008196,-0.0014005,0.0014912
2019-08-13,-0.0042518,-0.0050574,-0.0050473,-0.0061481,0.0049293,-0.0073023
2019-08-14,0.0018772,0.0035155,0.0032733,0.0041307,-0.0008206,0.0055858
2019-08-15,-0.0013961,-0.0022433,-0.0021470,-0.0027114,0.0011496,-0.0033306
2019-08-16,0.0000012,-0.0001188,-0.0000720,-0.0021825,0.0002820,-0.0012478
2019-08-19,-0.0005869,0.0026876,-0.0005869,-0.0002773,-0.0003821,0.0002843
2019-08-20,-0.0004232,-0.0021540,-0.0004232,0.0004177,-0.0005455,-0.0012275
2019-08-21,0.0003606,0.0012297,0.0003606,-0.0010500,0.0005722,0.0004557
2019-08-22,-0.0002021,0.0002884,-0.0005642,-0.0015675,-0.0011826,-0.0017261
2019-08-23,0.0006326,-0.0030878,0.0013220,0.0036154,0.0003463,0.0018292
2019-08-26,-0.0012803,-0.0020763,0.0000371,-0.0019349,0.0044572,-0.0002074
2019-08-27,0.0015402,0.0014977,0.0002560,-0.0001715,-0.0021753,0.0001824
2019-08-28,0.0028870,0.0028416,0.0019251,0.0013624,0.0008970,0.0046061
2019-08-29,-0.0005262,-0.0005418,0.0001439,-0.0014816,-0.0007293,-0.0016322
2019-08-30,0.0019798,0.0019204,0.0010758,-0.0001127,-0.0000710,0.0020933
2019-09-02,0.0031927,0.0031926,0.0025909,0.0024664,-0.0006865,0.0052503
2019-09-03,-0.0013354,-0.0013029,-0.0019776,-0.0005199,0.0011066,-0.0018238
2019-09-04,-0.0084399,-0.0084805,-0.0031257,-0.0039461,0.0003378,-0.0112853
2019-09-05,-0.0040801,-0.0042133,-0.0042391,-0.0042645,0.0000698,-0.0080220
2019-09-06,-0.0036018,-0.0036187,-0.0008725,-0.0007022,-0.0037391,-0.0061419
2019-09-09,-0.0032410,-0.0015240,-0.0033208,-0.0030745,-0.0010254,-0.0059593
2019-09-10,-0.0007831,-0.0008580,0.0000535,-0.0007735,-0.0007004,-0.0015128
2019-09-11,0.0016607,0.0020344,-0.0003552,-0.0004665,0.0006195,0.0015131
2019-09-12,-0.0008344,-0.0018804,-0.0016186,-0.0022255,-0.0004258,-0.0034942
2019-09-13,-0.0001556,-0.0003167,-0.0039911,-0.0044035,-0.0004551,-0.0051112
2019-09-16,0.0024302,0.0059470,0.0047135,0.0036647,-0.0002561,0.0079375
2019-09-17,-0.0031168,-0.0031332,-0.0033004,-0.0028202,-0.0007227,-0.0062921
2019-09-18,0.0034434,0.0067899,0.0012334,-0.0001625,-0.0026638,0.0028971
2019-09-19,0.0018576,-0.0016877,0.0010147,0.0002464,-0.0001760,0.0005993
2019-09-20,0.0050412,0.0022502,0.0040196,0.0021627,-0.0017099,0.0049678
2019-09-23,-0.0010879,-0.0002585,-0.0003227,0.0014199,0.0011310,0.0008645
2019-09-24,-0.0040199,-0.0004105,-0.0032157,-0.0003835,0.0010806,-0.0028404
2019-09-25,0.0043086,0.0013109,0.0070262,0.0022196,0.0011722,0.0077874
2019-09-26,-0.0004023,-0.0011299,0.0004957,0.0009289,-0.0010284,-0.0005897
2019-09-27,-0.0031500,-0.0019241,-0.0008426,0.0004233,0.0001060,-0.0021077
2019-09-30,0.0041784,0.0045186,0.0038184,0.0006473,-0.0009727,0.0050003
2019-10-01,-0.0006512,-0.0006348,0.0012886,0.0000747,0.0009049,0.0007754
2019-10-02,0.0005149,0.0005131,-0.0022680,-0.0019227,-0.0000353,-0.0017277
2019-10-03,-0.0016115,-0.0015859,-0.0018074,-0.0002629,0.0007740,-0.0016911
2019-10-04,-0.0029026,-0.0029632,-0.0021821,-0.0000320,0.0003117,-0.0031702
2019-10-07,0.0019790,0.0019796,0.0021787,0.0003774,0.0014277,0.0039206
2019-10-08,-0.0014984,-0.0011002,0.0007418,0.0013651,-0.0004353,-0.0002981
2019-10-09,0.0007501,0.0014565,-0.0001676,-0.0011093,-0.0005014,-0.0001582
2019-10-10,0.0048485,0.0000566,-0.0060237,-0.0059433,0.0044449,-0.0006641
2019-10-11,0.0054269,-0.0009122,-0.0039535,-0.0048643,-0.0017580,-0.0037748
2019-10-14,-0.0002681,-0.0003677,0.0009350,0.0011118,0.0022155,0.0023960
2019-10-15,0.0035123,0.0035110,0.0031271,-0.0030106,-0.0033382,0.0003971
2019-10-16,-0.0015205,-0.0014686,-0.0017150,0.0004138,-0.0003837,-0.0021685
2019-10-17,-0.0007105,-0.0006728,-0.0053258,-0.0012448,-0.0034023,-0.0062087
2019-10-18,-0.0015569,-0.0015036,-0.0035365,-0.0008980,-0.0037695,-0.0061432
2019-10-21,0.0016520,0.0009736,0.0008847,-0.0008478,-0.0002242,0.0009737
2019-10-22,-0.0001171,-0.0012743,0.0005381,0.0008230,0.0027863,0.0020046
2019-10-23,0.0007438,0.0009860,0.0009686,-0.0011038,-0.0004696,0.0003218
2019-10-24,0.0004285,-0.0008845,0.0028612,0.0018145,0.0011926,0.0028709
2019-10-25,0.0023962,0.0011390,0.0021736,-0.0004732,-0.0002392,0.0022306
2019-10-28,-0.0001452,0.0018131,-0.0000777,-0.0014444,0.0003221,0.0001806
2019-10-29,-0.0023877,0.0005253,-0.0023877,-0.0007869,0.0011051,-0.0016483
2019-10-30,-0.0059942,0.0006346,-0.0059942,-0.0004249,0.0011221,-0.0048049
2019-10-31,-0.0028426,-0.0014150,-0.0033963,0.0018928,0.0004122,-0.0021506
2019-11-01,-0.0008905,0.0022216,0.0004209,-0.0007308,0.0002786,0.0006446
2019-11-04,0.0009865,-0.0032796,-0.0008592,0.0004451,0.0027609,0.0007530
2019-11-05,0.0016398,-0.0023243,0.0032484,-0.0025104,0.0011227,0.0005000
2019-11-06,-0.0011520,-0.0019607,-0.0015957,0.0009362,-0.0008232,-0.0023314
2019-11-07,0.0001120,-0.0001475,0.0019706,-0.0009335,-0.0007345,-0.0002483
2019-11-08,-0.0019902,-0.0059948,-0.0032359,0.0021423,-0.0027878,-0.0063016
2019-11-11,-0.0018891,-0.0023632,-0.0003060,0.0006469,0.0020309,-0.0002148
2019-11-12,-0.0024996,0.0017569,-0.0010755,0.0015699,-0.0012112,-0.0007304
2019-11-13,0.0009488,-0.0043289,0.0010262,-0.0013703,-0.0005296,-0.0024470
2019-11-14,-0.0034646,0.0015275,-0.0042066,0.0043451,-0.0005975,-0.0005527
2019-11-15,0.0039475,-0.0006755,0.0031863,-0.0032830,0.0021627,0.0025990
2019-11-18,0.0008497,0.0007753,-0.0004428,0.0009112,-0.0006530,0.0006330
2019-11-19,-0.0006464,-0.0006239,-0.0003370,-0.0018426,-0.0003606,-0.0021733
2019-11-20,-0.0024776,-0.0024911,-0.0017937,0.0011811,0.0006755,-0.0018824
2019-11-21,-0.0016909,-0.0016599,0.0002671,0.0005323,0.0004813,-0.0007412
2019-11-22,-0.0034058,-0.0033431,0.0011710,-0.0012223,-0.0014072,-0.0045129
2019-11-25,0.0015808,0.0011775,0.0018259,-0.0006713,0.0004306,0.0020551
2019-11-26,0.0015420,0.0005049,0.0012759,-0.0012841,-0.0002667,0.0005229
2019-11-27,-0.0004710,0.0013181,0.0022241,-0.0009846,-0.0025141,-0.0011675
2019-11-28,0.0004487,-0.0001077,-0.0008871,0.0005413,0.0007341,0.0006790
2019-11-29,-0.0001450,0.0004876,0.0002932,-0.0000787,-0.0003298,0.0000214
2019-12-02,0.0071814,-0.0022892,-0.0019196,-0.0013927,0.0052685,0.0047823
2019-12-03,0.0026831,-0.0018238,0.0002395,0.0002521,-0.0028524,-0.0015713
2019-12-04,0.0043266,0.0053596,0.0055574,-0.0013835,0.0015099,0.0078708
2019-12-05,0.0020706,0.0022652,-0.0006189,0.0008221,-0.0025198,0.0006146
2019-12-06,-0.0039639,-0.0029410,0.0003653,-0.0013711,0.0034421,-0.0017188
2019-12-09,-0.0005852,0.0003173,-0.0012495,0.0011198,0.0009175,0.0007414
2019-12-10,0.0022327,0.0021867,-0.0014162,0.0004766,-0.0003209,0.0016998
2019-12-11,0.0030772,0.0030018,0.0038941,-0.0027338,-0.0005908,0.0025515
2019-12-12,0.0029626,0.0031728,0.0023279,-0.0039008,-0.0005979,0.0011161
2019-12-13,0.0013614,0.0003647,0.0020078,0.0032563,-0.0009554,0.0034213
2019-12-16,0.0005179,0.0011409,0.0009836,-0.0011444,-0.0015236,-0.0004820
2019-12-17,-0.0041142,-0.0040944,-0.0039847,-0.0005750,0.0038121,-0.0040053
2019-12-18,-0.0001366,-0.0000258,0.0025414,-0.0013280,0.0002463,0.0003708
2019-12-19,-0.0016084,0.0005285,0.0000192,-0.0020361,0.0008781,-0.0013130
2019-12-20,0.0007680,0.0017702,0.0002426,-0.0007219,0.0020326,0.0024105
2019-12-23,-0.0011085,0.0003673,0.0006789,-0.0023741,0.0004016,-0.0014035
2019-12-24,0.0015886,0.0016277,0.0011202,0.0002193,-0.0004268,0.0022190
2019-12-26,-0.0007750,0.0008549,0.0032925,-0.0021032,-0.0005531,-0.0000452
2019-12-27,-0.0011449,0.0014707,0.0031275,-0.0005515,-0.0007687,0.0009803
2019-12-30,-0.0005246,0.0019156,0.0022367,0.0010123,-0.0025197,0.0009946
2019-12-31,-0.0020189,0.0052550,0.0052761,0.0014867,-0.0043830,0.0028827
2020-01-02,0.0013716,0.0013178,-0.0063347,-0.0010648,0.0052876,0.0010339
2020-01-03,0.0030894,0.0030994,-0.0032649,-0.0033236,0.0033434,0.0015537
2020-01-06,0.0013315,0.0019926,0.0041766,-0.0002074,-0.0032590,0.0016392
2020-01-07,0.0022135,0.0002552,-0.0080299,-0.0026206,0.0074082,0.0000623
2020-01-08,-0.0034106,-0.0025106,-0.0054299,0.0002317,0.0050670,-0.0026883
2020-01-09,-0.0004117,-0.0027293,-0.0034158,0.0013295,0.0013191,-0.0014740
2020-01-10,-0.0023936,-0.0010348,0.0028035,0.0001360,0.0012088,0.0001098
2020-01-13,-0.0023111,0.0003416,-0.0015868,0.0029204,-0.0004001,0.0003701
2020-01-14,0.0019868,0.0023238,0.0007643,0.0007182,-0.0012092,0.0025833
2020-01-15,0.0012500,0.0006579,0.0027066,0.0010600,-0.0012891,0.0023168
2020-01-16,-0.0003642,0.0012307,0.0007011,-0.0001002,-0.0007717,0.0002932
2020-01-17,0.0005292,0.0004770,-0.0057432,-0.0006599,0.0007943,-0.0020469
2020-01-20,0.0001602,0.0002077,0.0008585,0.0005449,-0.0000700,0.0009490
2020-01-21,0.0026932,0.0007177,-0.0033751,-0.0023092,-0.0008673,-0.0019154
2020-01-22,-0.0003945,-0.0005000,0.0002847,-0.0016106,0.0001408,-0.0015235
2020-01-23,0.0009883,-0.0012440,-0.0036375,-0.0014394,0.0015478,-0.0019592
2020-01-24,0.0006348,-0.0005723,-0.0009033,-0.0011265,-0.0014729,-0.0020771
2020-01-27,0.0050065,0.0027654,0.0048491,0.0003848,-0.0053814,0.0037645
2020-01-28,-0.0016446,-0.0015729,-0.0021613,0.0005845,0.0013286,-0.0015654
2020-01-29,0.0002543,0.0002499,0.0021043,0.0010670,-0.0029894,0.0003975
2020-01-30,0.0041924,0.0042798,0.0036755,0.0038065,0.0009696,0.0098123
2020-01-31,0.0050821,0.0050383,0.0025724,0.0061325,-0.0008179,0.0108029
2020-02-03,-0.0058101,-0.0030300,-0.0002222,-0.0021828,0.0026760,-0.0048194
2020-02-04,-0.0051158,-0.0058111,-0.0004819,-0.0064487,0.0073321,-0.0062393
2020-02-05,-0.0008745,-0.0007744,0.0012138,-0.0009967,-0.0012457,-0.0015541
2020-02-06,-0.0001698,-0.0000890,0.0009271,-0.0006344,-0.0031721,-0.0017193
2020-02-07,0.0034782,0.0046393,0.0063712,0.0010134,-0.0070971,0.0041171
2020-02-10,0.0015620,0.0018359,0.0013494,0.0013472,-0.0013844,0.0025252
2020-02-11,0.0000172,-0.0028998,-0.0039126,-0.0003885,0.0039535,-0.0016749
2020-02-12,-0.0024879,-0.0041769,-0.0005905,-0.0041082,0.0015768,-0.0057434
2020-02-13,0.0038365,0.0022436,0.0011420,0.0035437,-0.0012787,0.0052487
2020-02-14,0.0001053,-0.0006143,0.0007990,0.0004960,-0.0008646,-0.0000176
2020-02-17,0.0002825,0.0001531,-0.0001572,-0.0009877,0.0007262,-0.0001328
2020-02-18,0.0027177,0.0027735,0.0052869,0.0027175,-0.0052306,0.0043833
2020-02-19,0.0040657,-0.0047866,0.0046030,-0.0059745,-0.0035790,-0.0038978
2020-02-20,0.0049581,0.0009081,0.0084378,-0.0001737,-0.0075567,0.0029713
2020-02-21,-0.0005906,0.0021753,-0.0083260,-0.0001183,0.0073778,0.0005983
2020-02-24,-0.0034756,0.0002851,0.0014521,0.0024162,0.0003375,0.0005392
2020-02-25,0.0008044,-0.0017666,-0.0036283,0.0022772,0.0033155,0.0007611
2020-02-26,0.0005597,0.0060680,0.0065070,0.0015122,-0.0036675,0.0051570
2020-02-27,-0.0057387,-0.0024245,-0.0081069,0.0010894,0.0051456,-0.0042968
2020-02-28,-0.0003903,0.0011539,-0.0000338,0.0040798,-0.0057387,0.0004159
2020-03-02,-0.0010029,-0.0072435,-0.0107271,-0.0008483,0.0004287,-0.0082003
2020-03-03,-0.0051670,0.0015798,0.0033438,-0.0000451,-0.0034466,-0.0020647
2020-03-04,0.0002207,-0.0032197,-0.0049440,-0.0032764,0.0049382,-0.0029248
2020-03-05,-0.0013261,0.0030695,0.0082837,0.0062087,-0.0082870,0.0036688
2020-03-06,-0.0021306,-0.0003521,0.0015277,0.0014738,-0.0026776,-0.0009440
2020-03-09,-0.0091965,0.0068151,0.0211368,0.0122911,-0.0224039,0.0035480
2020-03-10,0.0059095,0.0001975,-0.0083188,-0.0060760,0.0134076,0.0016526
2020-03-11,-0.0024795,0.0025723,0.0019070,0.0032178,-0.0031535,0.0011403
2020-03-12,0.0078640,0.0132154,0.0092129,0.0083141,-0.0153708,0.0112526
2020-03-13,-0.0031706,0.0037831,-0.0035708,-0.0061393,0.0036052,-0.0022627
2020-03-16,-0.0000932,0.0071977,0.0095607,0.0087428,-0.0095712,0.0062321
2020-03-17,-0.0008562,0.0089976,0.0027371,0.0019867,-0.0027427,0.0038281
2020-03-18,0.0000377,0.0200240,0.0157727,0.0078188,-0.0185269,0.0095942
2020-03-19,-0.0002443,0.0019209,-0.0058679,-0.0035212,-0.0033415,-0.0028201
2020-03-20,-0.0035473,-0.0062304,-0.0049587,-0.0025293,0.0044855,-0.0043235
2020-03-23,0.0007152,0.0029093,0.0017468,0.0004032,-0.0024104,0.0011411
2020-03-24,-0.0043543,-0.0089547,-0.0100354,-0.0050438,0.0101305,-0.0061692
2020-03-25,-0.0027086,-0.0051190,-0.0061906,0.0009989,0.0061802,-0.0021933
2020-03-26,-0.0041656,-0.0101032,-0.0138218,0.0001719,0.0138189,-0.0044707
2020-03-27,-0.0020609,-0.0072898,-0.0104621,-0.0005176,0.0104518,-0.0029799
2020-03-30,0.0016599,0.0023191,0.0051837,-0.0023571,-0.0033528,0.0008228
2020-03-31,-0.0006201,-0.0000008,0.0001368,-0.0001441,0.0003219,-0.0002057
2020-04-01,0.0026830,0.0039052,0.0044577,0.0012341,-0.0030115,0.0028179
2020-04-02,-0.0004160,-0.0007044,0.0029385,-0.0016696,0.0001002,-0.0003102
2020-04-03,0.0014409,0.0033972,0.0051737,0.0012346,-0.0027146,0.0024009
2020-04-06,-0.0043455,-0.0037839,-0.0019576,-0.0035656,0.0034280,-0.0036710
2020-04-07,-0.0019933,-0.0036365,-0.0068551,-0.0004612,0.0008565,-0.0031038
2020-04-08,-0.0008673,-0.0015512,-0.0006097,-0.0017188,-0.0000603,-0.0014666
2020-04-09,-0.0022649,-0.0035072,-0.0057747,-0.0020229,-0.0015661,-0.0039583
2020-04-10,-0.0004026,-0.0003373,-0.0001501,0.0000410,-0.0001603,-0.0002916
2020-04-13,-0.0001260,-0.0009415,-0.0007269,0.0005940,-0.0009498,-0.0004170
2020-04-14,0.0003802,-0.0014772,-0.0004805,-0.0005385,-0.0020600,-0.0009112
2020-04-15,0.0047094,0.0062404,-0.0044820,-0.0007888,0.0068989,0.0036290
2020-04-16,0.0007107,0.0008897,0.0009194,0.0011706,0.0023142,0.0015395
2020-04-17,-0.0026926,-0.0027809,0.0018286,0.0000790,-0.0032005,-0.0019705
2020-04-20,0.0018971,0.0018947,-0.0016425,-0.0006463,0.0020180,0.0010448
2020-04-21,0.0030004,0.0029991,-0.0028255,-0.0013290,0.0028416,0.0014561
2020-04-22,-0.0007189,-0.0007230,0.0015815,0.0014813,-0.0001141,0.0003481
2020-04-23,-0.0022176,-0.0022289,0.0033147,0.0018508,-0.0005621,-0.0002241
2020-04-24,-0.0005893,-0.0005948,-0.0005728,-0.0004952,0.0003510,-0.0006032
2020-04-27,-0.0023929,-0.0023880,0.0022993,0.0015830,-0.0008534,-0.0007162
2020-04-28,-0.0003133,-0.0003177,0.0005158,0.0003577,-0.0007055,-0.0001168
2020-04-29,-0.0035497,-0.0035519,0.0025779,0.0010500,-0.0001332,-0.0015401
2020-04-30,0.0001233,0.0001477,-0.0029792,-0.0027856,0.0028646,-0.0009745
2020-05-01,0.0043723,0.0044189,-0.0045526,-0.0029957,0.0027010,0.0014886
2020-05-04,0.0010406,0.0010423,0.0012058,0.0015128,0.0018852,0.0018725
2020-05-05,-0.0005625,-0.0005606,0.0024385,0.0019957,0.0014974,0.0011393
2020-05-06,0.0030583,0.0030597,-0.0013912,0.0011208,0.0004394,0.0022800
2020-05-07,-0.0041265,-0.0041235,0.0029289,-0.0008170,0.0012438,-0.0022400
2020-05-08,-0.0020344,-0.0020512,0.0011777,-0.0004139,0.0005959,-0.0011719
2020-05-11,0.0018273,0.0018256,-0.0028508,-0.0003146,0.0019919,0.0009326
2020-05-12,0.0017365,0.0017424,-0.0017192,0.0002883,0.0009673,0.0011188
2020-05-13,0.0017702,0.0017761,-0.0005627,0.0002703,0.0008780,0.0013559
2020-05-14,-0.0006067,-0.0006066,0.0007526,-0.0005394,-0.0003151,-0.0005304
2020-05-15,0.0029295,0.0029417,-0.0013910,0.0009819,-0.0001813,0.0020907
2020-05-18,-0.0060450,-0.0060475,-0.0007602,-0.0008053,0.0031833,-0.0039827
2020-05-19,-0.0016018,-0.0016181,-0.0011667,-0.0006158,0.0007234,-0.0014229
2020-05-20,-0.0014779,-0.0015376,-0.0013052,0.0002705,-0.0017042,-0.0015389
2020-05-21,0.0007038,0.0007324,0.0001749,0.0001056,0.0020109,0.0009791
2020-05-22,0.0020141,0.0020442,-0.0001157,-0.0002627,0.0013978,0.0015631
2020-05-25,-0.0005934,-0.0005974,0.0003125,0.0002245,-0.0002349,-0.0003028
2020-05-26,-0.0053862,-0.0053651,0.0010808,0.0008905,-0.0039982,-0.0039743
2020-05-27,-0.0000072,0.0000057,0.0010754,0.0001358,0.0001485,0.0003239
2020-05-28,-0.0009525,-0.0009577,0.0000942,-0.0000503,-0.0017086,-0.0010166
2020-05-29,-0.0006054,-0.0006114,0.0001713,0.0002177,-0.0011835,-0.0005444
2020-06-01,-0.0052081,-0.0052049,0.0032560,0.0015233,-0.0042473,-0.0031422
2020-06-02,-0.0046465,-0.0045519,0.0039687,0.0026119,-0.0041732,-0.0020448
2020-06-03,-0.0022232,-0.0021465,0.0026423,0.0011132,-0.0026483,-0.0010217
2020-06-04,-0.0014888,-0.0014543,0.0032840,0.0008333,-0.0032849,-0.0006227
2020-06-05,-0.0029779,-0.0027205,0.0007669,0.0006962,-0.0007728,-0.0019208
2020-06-08,0.0000548,-0.0031489,0.0014477,-0.0003746,-0.0014536,-0.0010736
2020-06-09,0.0030749,0.0022595,-0.0008272,-0.0019751,0.0008243,0.0008804
2020-06-10,0.0006863,-0.0000812,0.0017359,-0.0013981,-0.0026663,-0.0009201
2020-06-11,0.0084525,0.0046617,-0.0086648,-0.0035651,0.0078353,0.0031493
2020-06-12,-0.0023089,-0.0015928,-0.0024505,0.0026224,0.0024550,0.0004980
2020-06-15,-0.0020439,-0.0029755,0.0030810,0.0004123,-0.0030834,-0.0018328
2020-06-16,0.0014171,0.0014288,-0.0019610,-0.0003992,0.0019593,0.0009357
2020-06-17,0.0016266,0.0016123,0.0003887,-0.0010119,-0.0003934,0.0005963
2020-06-18,0.0026935,0.0025235,-0.0036716,-0.0004606,0.0036692,0.0020442
2020-06-19,0.0019067,0.0017170,-0.0019178,-0.0005596,0.0011086,0.0009390
2020-06-22,-0.0051545,-0.0052407,0.0072648,0.0013409,-0.0020882,-0.0016073
2020-06-23,-0.0001257,-0.0001516,0.0027220,-0.0006842,-0.0014570,-0.0002385
2020-06-24,0.0034342,0.0034370,-0.0071914,-0.0000179,0.0032643,0.0017063
2020-06-25,-0.0003388,-0.0003501,-0.0003354,0.0009139,0.0002532,0.0004040
2020-06-26,0.0019309,0.0019342,-0.0020533,0.0005358,-0.0015674,0.0005152
2020-06-29,-0.0018188,-0.0018305,-0.0002027,0.0013467,0.0013414,0.0000056
2020-06-30,-0.0032482,-0.0031957,0.0008015,0.0006799,0.0021822,-0.0009614
2020-07-01,-0.0001521,-0.0001610,0.0012751,-0.0002995,0.0004098,0.0004173
2020-07-02,-0.0006245,-0.0006134,0.0008255,0.0005046,0.0000256,0.0002176
2020-07-03,-0.0011200,-0.0010780,0.0010414,0.0002513,-0.0003217,-0.0005090
2020-07-06,-0.0012364,-0.0012574,0.0027578,0.0007349,-0.0009675,0.0002126
2020-07-07,0.0009207,0.0009355,-0.0029936,-0.0001633,0.0012968,0.0000176
2020-07-08,-0.0024476,-0.0024759,0.0041212,-0.0003402,-0.0021085,-0.0017884
2020-07-09,0.0018953,0.0018175,-0.0025010,0.0002338,0.0026991,0.0023602
2020-07-10,0.0004074,0.0003764,0.0000826,-0.0002446,0.0001867,0.0003294
2020-07-13,-0.0000962,-0.0008271,-0.0021994,0.0003434,0.0008428,-0.0007308
2020-07-14,-0.0009557,0.0012814,0.0020502,0.0003627,-0.0020460,0.0002557
2020-07-15,-0.0037382,-0.0022193,0.0029787,-0.0008448,-0.0009343,-0.0027715
2020-07-16,0.0019422,-0.0001365,-0.0041767,0.0000806,0.0033280,0.0009105
2020-07-17,0.0006564,0.0026929,0.0039778,0.0011966,-0.0016295,0.0035625
2020-07-20,-0.0035939,-0.0003603,0.0023235,-0.0010165,-0.0034390,-0.0036034
2020-07-21,-0.0036704,0.0008619,0.0087180,0.0015019,-0.0075643,-0.0003473
2020-07-22,-0.0008400,-0.0001666,0.0025193,0.0010921,-0.0024997,0.0001822
2020-07-23,0.0034739,0.0034036,0.0009800,-0.0021203,-0.0009826,0.0016135
2020-07-24,0.0030943,0.0046493,0.0051890,-0.0013186,-0.0051938,0.0022842
2020-07-27,0.0003703,0.0046983,0.0072792,-0.0010497,-0.0072856,0.0011693
2020-07-28,0.0005467,0.0022113,0.0005925,-0.0007634,-0.0005961,0.0006916
2020-07-29,0.0012342,0.0037456,0.0052583,0.0013051,-0.0052628,0.0031020
2020-07-30,0.0016992,0.0044190,0.0036753,0.0029971,-0.0036786,0.0051229
2020-07-31,-0.0049393,-0.0053412,-0.0081661,0.0011147,0.0081621,-0.0035817
2020-08-03,-0.0014861,-0.0023813,-0.0015119,-0.0004920,0.0015040,-0.0021370
2020-08-04,0.0019773,0.0022202,0.0041371,-0.0007897,-0.0041428,0.0011434
2020-08-05,0.0014371,0.0036228,0.0051949,0.0009903,-0.0051966,0.0029293
2020-08-06,0.0001956,0.0023760,0.0013828,-0.0003126,-0.0013856,0.0008783
2020-08-07,-0.0006133,-0.0063307,-0.0087670,-0.0002399,0.0087662,-0.0030138
2020-08-10,-0.0025032,-0.0023458,-0.0014243,-0.0004562,0.0010159,-0.0027092
2020-08-11,-0.0017856,-0.0030010,-0.0014032,0.0013092,0.0010661,-0.0012878
2020-08-12,0.0012521,0.0007494,0.0020324,0.0013229,-0.0026683,0.0016942
2020-08-13,-0.0008047,0.0003040,0.0011230,0.0018002,-0.0025538,0.0005881
2020-08-14,0.0020013,0.0025154,0.0012811,0.0001306,-0.0000695,0.0026614
2020-08-17,0.0026971,0.0022080,0.0040681,-0.0008056,-0.0015705,0.0025072
2020-08-18,0.0022926,0.0046859,0.0055362,0.0007500,-0.0041894,0.0041374
2020-08-19,-0.0058508,-0.0082545,-0.0097109,-0.0012451,0.0081224,-0.0078651
2020-08-20,0.0003509,0.0036072,0.0057675,0.0018236,-0.0032391,0.0038300
2020-08-21,-0.0010072,-0.0046076,-0.0048450,-0.0030334,0.0047663,-0.0046434
2020-08-24,-0.0007603,-0.0019896,-0.0009067,0.0001814,0.0002103,-0.0012476
2020-08-25,0.0026591,0.0040293,0.0030506,0.0024852,-0.0003063,0.0058459
2020-08-26,0.0038007,0.0042228,0.0009788,-0.0015078,0.0014099,0.0033178
2020-08-27,-0.0012744,-0.0005458,-0.0013677,0.0010872,-0.0010296,-0.0008004
2020-08-28,0.0116966,0.0120434,0.0078364,-0.0026495,-0.0048909,0.0094289
2020-08-31,-0.0009591,0.0007474,0.0010460,0.0024352,-0.0015926,0.0015588
2020-09-01,-0.0009046,-0.0016373,-0.0016464,-0.0006686,0.0016427,-0.0014594
2020-09-02,-0.0033126,-0.0023882,-0.0024336,-0.0002512,0.0024306,-0.0024161
2020-09-03,-0.0018738,-0.0045888,-0.0046528,-0.0025987,0.0048676,-0.0042812
2020-09-04,-0.0022191,0.0001749,0.0003543,0.0013225,-0.0014964,-0.0003441
2020-09-07,-0.0029583,-0.0043948,-0.0043764,-0.0008271,0.0029235,-0.0039768
2020-09-08,-0.0036638,-0.0091705,-0.0091037,-0.0038622,0.0055402,-0.0089889
2020-09-09,0.0066652,0.0069987,0.0034822,0.0015924,0.0035107,0.0090887
2020-09-10,-0.0037912,-0.0041381,-0.0000067,0.0004476,-0.0017097,-0.0033225
2020-09-11,0.0019000,0.0019323,0.0015476,0.0007864,0.0007864,0.0028575
2020-09-14,0.0029553,0.0029178,0.0015952,0.0002794,0.0007306,0.0032361
2020-09-15,0.0014487,0.0014405,0.0001101,-0.0000537,0.0005784,0.0013332
2020-09-16,0.0016429,0.0016384,0.0004300,0.0001501,0.0000531,0.0015543
2020-09-17,0.0025901,0.0024962,0.0018864,-0.0000152,-0.0005028,0.0024104
2020-09-18,-0.0021509,-0.0020575,0.0004940,0.0003007,-0.0011305,-0.0016714
2020-09-21,-0.0095378,-0.0095444,-0.0050907,-0.0009232,-0.0007453,-0.0101065
2020-09-22,-0.0065009,-0.0066299,0.0004835,0.0001669,-0.0043172,-0.0060992
2020-09-23,-0.0087329,-0.0090391,0.0027522,-0.0018415,-0.0067693,-0.0094218
2020-09-24,-0.0008470,-0.0009155,0.0005033,0.0002808,-0.0005555,-0.0004116
2020-09-25,-0.0023521,-0.0024667,0.0017458,0.0002124,-0.0017469,-0.0015370
2020-09-28,0.0044582,0.0038568,-0.0042323,-0.0019486,0.0042313,0.0014571
2020-09-29,0.0045125,0.0051478,-0.0053132,-0.0010496,0.0053117,0.0025872
2020-09-30,0.0031953,0.0008053,-0.0020971,-0.0011537,0.0025099,0.0006896
2020-10-01,0.0020168,0.0008934,-0.0025676,0.0003359,0.0027159,0.0014013
2020-10-02,-0.0009199,-0.0002697,0.0019430,-0.0001809,-0.0020891,-0.0006741
2020-10-05,0.0037530,0.0034357,-0.0055868,-0.0005748,0.0040907,0.0015990
2020-10-06,-0.0070638,-0.0070646,0.0075048,0.0027764,-0.0020899,-0.0008245
2020-10-07,0.0022991,0.0023525,-0.0038388,-0.0020892,0.0001112,-0.0012961
2020-10-08,0.0017056,0.0017179,-0.0019694,-0.0008925,0.0003294,-0.0000933
2020-10-09,0.0107315,0.0107993,-0.0088911,-0.0003342,0.0015934,0.0044927
2020-10-12,-0.0004789,-0.0004955,0.0035475,0.0012097,-0.0007524,0.0014420
2020-10-13,-0.0059785,-0.0059619,0.0012358,0.0009964,0.0046061,-0.0008670
2020-10-14,0.0019473,0.0019531,0.0008499,0.0003436,-0.0010042,0.0013360
2020-10-15,-0.0070611,-0.0069603,0.0006245,0.0002093,0.0028643,-0.0028068
2020-10-16,0.0003874,0.0003986,0.0007481,0.0007780,-0.0004146,0.0009293
2020-10-19,0.0027002,0.0026888,-0.0016068,0.0007124,-0.0021037,0.0009143
2020-10-20,0.0015393,0.0015326,0.0002256,0.0021994,-0.0022497,0.0018973
2020-10-21,0.0086261,0.0084812,0.0007090,-0.0005500,-0.0016739,0.0041975
2020-10-22,-0.0019833,-0.0019728,-0.0029680,-0.0016573,0.0019169,-0.0026689
2020-10-23,0.0024718,0.0024332,0.0015937,-0.0005367,-0.0016422,0.0008545
2020-10-26,-0.0047071,-0.0017854,-0.0041194,-0.0005232,0.0041112,-0.0020472
2020-10-27,0.0020656,0.0010840,0.0018745,-0.0005850,-0.0015005,0.0004680
2020-10-28,-0.0078430,-0.0028230,-0.0041641,-0.0015420,0.0016756,-0.0050690
2020-10-29,-0.0049543,-0.0047801,-0.0042121,0.0015693,0.0025270,-0.0018648
2020-10-30,-0.0008609,-0.0009581,0.0001167,0.0002215,-0.0007158,-0.0005898
2020-11-02,0.0015589,-0.0020444,-0.0030244,0.0018434,0.0018517,0.0011380
2020-11-03,0.0112265,0.0083349,-0.0032194,-0.0010645,0.0068044,0.0066015
2020-11-04,-0.0002920,-0.0004329,-0.0012446,-0.0010511,0.0004100,-0.0012899
2020-11-05,0.0136452,0.0109992,-0.0017223,-0.0006973,-0.0022626,0.0046235
2020-11-06,0.0014703,0.0018450,-0.0001462,-0.0018453,-0.0011079,-0.0011435
2020-11-09,-0.0071825,-0.0078355,-0.0078132,0.0057588,0.0074595,0.0012186
2020-11-10,0.0013563,0.0013729,0.0013563,0.0017253,-0.0014409,0.0019276
2020-11-11,-0.0016009,-0.0017141,-0.0016009,0.0011116,0.0004155,-0.0003512
2020-11-12,-0.0027940,-0.0026105,-0.0027940,-0.0030433,0.0048790,-0.0026640
2020-11-13,0.0041514,0.0042920,0.0041514,-0.0005491,-0.0008659,0.0029399
2020-11-16,0.0039655,0.0039093,0.0039655,0.0011292,-0.0040599,0.0026024
2020-11-17,0.0005406,0.0005300,0.0005406,-0.0007185,0.0006727,0.0001984
2020-11-18,0.0020948,0.0020999,0.0020948,0.0002526,-0.0010176,0.0016174
2020-11-19,0.0003959,0.0003926,0.0003959,-0.0008346,-0.0005495,-0.0005562
2020-11-20,-0.0001793,-0.0001782,-0.0001793,0.0011408,0.0000752,0.0007866
2020-11-23,-0.0023458,-0.0023471,-0.0023458,-0.0002895,0.0019911,-0.0015355
2020-11-24,0.0061722,0.0061618,0.0061722,0.0008721,-0.0058063,0.0038580
2020-11-25,0.0019760,0.0019758,0.0019760,-0.0000978,-0.0013225,0.0011564
2020-11-26,0.0001661,0.0001595,0.0001661,-0.0010547,0.0007414,-0.0003733
2020-11-27,0.0027038,0.0026916,0.0027038,0.0002039,-0.0024645,0.0015640
2020-11-30,-0.0036639,-0.0036661,-0.0036639,0.0004360,0.0031223,-0.0016442
2020-12-01,0.0095551,0.0095542,0.0095551,-0.0005511,-0.0094894,0.0041835
2020-12-02,0.0024472,0.0026114,0.0024472,-0.0001642,-0.0026755,0.0010351
2020-12-03,0.0057061,0.0056527,0.0057061,-0.0014405,-0.0044293,0.0022364
2020-12-04,-0.0013422,-0.0014556,-0.0013422,-0.0003266,0.0005775,-0.0012747
2020-12-07,-0.0008362,-0.0007964,-0.0008362,-0.0007119,0.0011573,-0.0008458
2020-12-08,-0.0005536,-0.0005544,-0.0005536,-0.0002047,0.0002995,-0.0005449
2020-12-09,0.0000311,0.0000385,0.0000311,-0.0012144,-0.0002027,-0.0010235
2020-12-10,0.0057693,0.0057762,0.0057693,0.0038896,-0.0057366,0.0060222
2020-12-11,-0.0025543,-0.0025981,-0.0025543,-0.0005832,0.0020674,-0.0019481
2020-12-14,0.0023245,0.0023783,0.0023245,-0.0008731,-0.0014685,0.0008143
2020-12-15,0.0050467,0.0049601,0.0050467,-0.0020195,-0.0007905,0.0026894
2020-12-16,0.0024035,0.0023286,0.0024035,-0.0016424,-0.0026099,-0.0001619
2020-12-17,0.0056167,0.0053138,0.0056167,-0.0003918,-0.0056261,0.0025907
2020-12-18,-0.0032249,-0.0031283,-0.0032249,0.0003003,0.0032230,-0.0014550
2020-12-21,-0.0049336,-0.0047559,-0.0049336,-0.0017539,0.0049316,-0.0039833
2020-12-22,-0.0074107,-0.0074680,-0.0074107,-0.0002901,0.0063016,-0.0046002
2020-12-23,0.0058014,0.0059212,0.0058014,-0.0020851,-0.0017332,0.0029390
2020-12-24,0.0000073,0.0000349,0.0000073,-0.0009310,-0.0002085,-0.0008125
2020-12-28,-0.0003634,-0.0003296,-0.0003634,0.0019916,0.0013051,0.0017959
2020-12-29,0.0053387,0.0053402,0.0053387,0.0007934,-0.0025029,0.0044238
2020-12-30,0.0078883,0.0078885,0.0078883,-0.0011186,-0.0067532,0.0034472
2020-12-31,-0.0023556,-0.0022969,-0.0023556,-0.0007367,0.0026480,-0.0016579
2021-01-04,-0.0008106,-0.0008211,-0.0008106,0.0009674,-0.0002541,-0.0000544
2021-01-05,0.0092246,0.0092587,0.0092246,-0.0004291,-0.0057683,0.0057145
2021-01-06,0.0013240,0.0013085,0.0013240,0.0018993,-0.0017841,0.0020396
2021-01-07,-0.0070106,-0.0069732,-0.0070106,-0.0007262,0.0063081,-0.0045542
2021-01-08,-0.0018613,-0.0018564,-0.0018613,0.0000337,0.0012404,-0.0011726
2021-01-11,-0.0087734,-0.0087660,-0.0087734,-0.0014637,0.0046884,-0.0072393
2021-01-12,0.0095809,0.0096130,0.0095809,0.0012148,-0.0032810,0.0080985
2021-01-13,-0.0038447,-0.0039210,-0.0038447,-0.0014295,0.0020403,-0.0036468
2021-01-14,0.0037152,0.0038314,0.0037152,0.0020293,-0.0020205,0.0040130
2021-01-15,-0.0091078,-0.0093607,-0.0091078,-0.0027700,0.0037277,-0.0084821
2021-01-18,-0.0005405,-0.0005175,-0.0005405,-0.0013693,0.0000732,-0.0015003
2021-01-19,0.0024887,0.0024795,0.0024887,0.0003360,0.0005923,0.0025017
2021-01-20,0.0042982,0.0043057,0.0042982,0.0017251,-0.0013944,0.0043633
2021-01-21,0.0047821,0.0047534,0.0047821,0.0001650,0.0008521,0.0043248
2021-01-22,-0.0047236,-0.0047359,-0.0047236,-0.0011310,0.0010154,-0.0043515
2021-01-25,-0.0012412,-0.0012415,-0.0012412,0.0004214,-0.0005130,-0.0008567
2021-01-26,0.0044856,0.0044603,0.0044856,0.0006973,0.0003520,0.0043489
2021-01-27,-0.0087339,-0.0087014,-0.0087339,-0.0001813,-0.0009952,-0.0076149
2021-01-28,0.0004946,0.0005048,0.0004946,0.0008618,0.0001959,0.0011548
2021-01-29,-0.0014617,-0.0014153,-0.0014617,-0.0002917,0.0011271,-0.0009638
2021-02-01,-0.0063443,-0.0063673,-0.0063443,0.0011494,-0.0030613,-0.0053682
2021-02-02,0.0013357,0.0013547,0.0013357,0.0001887,0.0002409,0.0013416
2021-02-03,-0.0004398,-0.0004292,-0.0002009,0.0001953,-0.0004337,-0.0003022
2021-02-04,-0.0068405,-0.0059418,-0.0035044,0.0025268,-0.0060128,-0.0049680
2021-02-05,0.0086295,0.0080989,0.0076047,-0.0016837,0.0066972,0.0080016
2021-02-08,0.0019889,0.0019893,0.0009580,-0.0000588,0.0015431,0.0018672
2021-02-09,0.0084174,0.0083359,0.0043967,-0.0004332,0.0052756,0.0074117
2021-02-10,-0.0005370,-0.0005063,-0.0003292,0.0005642,0.0000550,0.0001052
2021-02-11,0.0007780,0.0007668,0.0015731,-0.0013607,-0.0002256,-0.0003300
2021-02-12,-0.0006946,-0.0007351,0.0004707,0.0003908,-0.0011049,-0.0003578
2021-02-15,0.0036941,0.0013110,0.0041144,0.0014573,-0.0021305,0.0028190
2021-02-16,-0.0008632,-0.0047741,-0.0008632,0.0022896,-0.0019106,-0.0006314
2021-02-17,-0.0046830,-0.0039198,-0.0046830,-0.0012447,0.0009186,-0.0042028
2021-02-18,0.0042612,0.0055114,0.0042612,0.0012863,-0.0009141,0.0044066
2021-02-19,0.0049693,0.0064737,0.0049693,0.0014701,0.0003613,0.0056943
2021-02-22,0.0021506,0.0043003,0.0021506,0.0003254,-0.0014417,0.0019683
2021-02-23,-0.0005314,-0.0017024,-0.0005314,0.0041250,-0.0015848,0.0019591
2021-02-24,0.0070738,0.0035018,0.0083533,0.0047699,-0.0062855,0.0064020
2021-02-25,-0.0053989,-0.0078909,-0.0062752,-0.0026688,0.0063259,-0.0048542
2021-02-26,-0.0116834,-0.0137411,-0.0095789,-0.0042949,0.0074127,-0.0097735
2021-03-01,0.0050675,0.0006160,0.0052557,0.0044351,-0.0028026,0.0050832
2021-03-02,0.0023915,0.0030888,0.0023915,0.0012425,-0.0000843,0.0028516
2021-03-03,0.0008742,-0.0051818,-0.0002069,0.0005210,-0.0023649,-0.0016439
2021-03-04,0.0040067,-0.0102154,0.0003467,0.0028553,-0.0045198,-0.0010721
2021-03-05,0.0011871,-0.0048311,-0.0012673,0.0002484,-0.0029390,-0.0021086
2021-03-08,0.0023720,-0.0029291,0.0026228,0.0021005,-0.0041670,0.0005213
2021-03-09,-0.0006419,0.0058048,-0.0006419,-0.0010959,0.0044023,0.0019122
2021-03-10,0.0013060,0.0015361,0.0013060,0.0010703,0.0004062,0.0019664
2021-03-11,0.0015492,0.0063079,0.0015492,0.0006156,0.0020911,0.0035167
2021-03-12,0.0016861,-0.0019075,0.0016861,0.0024787,-0.0032297,0.0010560
2021-03-15,0.0004805,0.0006608,0.0004805,-0.0004747,-0.0002875,-0.0000501
2021-03-16,-0.0005013,-0.0003450,-0.0005013,-0.0006041,-0.0000546,-0.0008112
2021-03-17,0.0011672,0.0052889,0.0011672,0.0008114,0.0017771,0.0031504
2021-03-18,-0.0014146,-0.0061870,-0.0014146,-0.0005628,-0.0010605,-0.0030525
2021-03-19,-0.0010849,-0.0023459,-0.0010849,-0.0002596,-0.0003021,-0.0014671
2021-03-22,-0.0024634,0.0014537,-0.0024634,-0.0018713,0.0024029,-0.0014532
2021-03-23,-0.0046100,-0.0128175,-0.0046100,-0.0013175,-0.0023933,-0.0075674
2021-03-24,-0.0010202,-0.0033013,0.0002409,-0.0000039,-0.0033400,-0.0023069
2021-03-25,0.0032950,-0.0004315,0.0036847,0.0018523,-0.0025060,0.0022120
2021-03-26,0.0040103,0.0057357,0.0001765,0.0002629,0.0023379,0.0036674
2021-03-29,0.0000237,-0.0019737,0.0004569,-0.0007140,-0.0018023,-0.0016028
2021-03-30,0.0011268,-0.0045161,0.0027523,-0.0001071,-0.0040011,-0.0016786
2021-03-31,0.0029546,0.0005472,0.0031130,0.0022912,-0.0005404,0.0033907
2021-04-01,-0.0011412,0.0037974,-0.0019311,-0.0003108,0.0037111,0.0013380
2021-04-02,-0.0002259,-0.0010612,0.0003747,-0.0003557,-0.0007751,-0.0008057
2021-04-05,-0.0013245,0.0044411,-0.0031717,0.0000906,0.0063090,0.0025097
2021-04-06,-0.0053636,-0.0005747,-0.0058132,-0.0031333,0.0036797,-0.0043975
2021-04-07,-0.0022428,-0.0034608,-0.0003464,-0.0010960,-0.0022454,-0.0034270
2021-04-08,-0.0046126,0.0029442,-0.0045644,-0.0016801,0.0032200,-0.0020644
2021-04-09,0.0025543,-0.0004498,0.0025543,0.0013289,-0.0011493,0.0020024
2021-04-12,-0.0012340,0.0000627,-0.0012340,-0.0006942,-0.0000424,-0.0013446
2021-04-13,-0.0022304,0.0018242,-0.0022304,0.0002749,0.0009179,-0.0004180
2021-04-14,-0.0029319,0.0036100,-0.0029319,-0.0022268,0.0014558,-0.0020697
2021-04-15,-0.0018823,0.0000612,-0.0018823,-0.0009621,0.0000130,-0.0019549
2021-04-16,0.0018785,0.0018823,0.0018785,-0.0009824,0.0000000,0.0010469
2021-04-19,-0.0029422,0.0035202,-0.0029422,0.0000621,0.0000000,-0.0010462
2021-04-20,-0.0016650,-0.0034386,-0.0016650,0.0023304,0.0015577,0.0003435
2021-04-21,0.0010711,0.0029109,0.0010711,-0.0023236,-0.0010378,-0.0006274
2021-04-22,0.0003096,-0.0038495,0.0003096,0.0012146,0.0030791,0.0013677
2021-04-23,-0.0027890,0.0046870,-0.0027890,0.0000719,-0.0020842,-0.0015978
2021-04-26,0.0008693,0.0041713,0.0008693,-0.0011758,-0.0021113,0.0000112
2021-04-27,0.0026993,0.0003729,0.0026993,-0.0003338,0.0011521,0.0023641
2021-04-28,-0.0012246,0.0049651,-0.0012246,-0.0001889,-0.0037065,-0.0012763
2021-04-29,0.0021465,0.0006215,0.0023534,-0.0010128,0.0001991,0.0012008
2021-04-30,0.0083254,-0.0066204,0.0041939,0.0006666,0.0048507,0.0054752
2021-05-03,-0.0047985,0.0040506,-0.0018716,-0.0010184,-0.0021324,-0.0030984
2021-05-04,0.0037036,-0.0035493,0.0030544,-0.0005207,0.0023648,0.0022719
2021-05-05,-0.0015436,0.0025586,-0.0009271,0.0007512,-0.0005555,0.0000465
2021-05-06,-0.0013668,0.0051526,-0.0018167,0.0015031,-0.0022039,0.0002699
2021-05-07,-0.0078949,0.0062947,-0.0049108,-0.0015608,-0.0004087,-0.0045496
2021-05-10,0.0007179,0.0014727,0.0045277,-0.0012175,0.0001026,0.0016248
2021-05-11,-0.0005089,0.0000160,-0.0004596,-0.0007425,-0.0000937,-0.0009388
2021-05-12,0.0075979,-0.0056411,0.0075979,0.0015531,0.0050040,0.0076316
2021-05-13,-0.0022401,0.0001217,-0.0025049,-0.0005940,-0.0001022,-0.0022018
2021-05-14,0.0016961,0.0057906,-0.0026826,0.0001715,-0.0026574,0.0000961
2021-05-17,0.0008550,-0.0000338,0.0020257,0.0012400,-0.0009863,0.0015764
2021-05-18,0.0024654,0.0033656,-0.0034296,-0.0003860,-0.0020469,-0.0007089
2021-05-19,-0.0064043,-0.0062095,-0.0015838,-0.0005433,0.0045862,-0.0030527
2021-05-20,0.0050631,0.0050925,0.0022999,0.0006444,-0.0046979,0.0026092
2021-05-21,-0.0026170,-0.0025894,0.0002718,0.0002307,0.0015636,-0.0006573
2021-05-24,0.0022812,0.0022671,-0.0006182,-0.0009849,-0.0012954,-0.0001069
2021-05-25,0.0007637,0.0007679,0.0002956,-0.0006481,-0.0005305,-0.0000893
2021-05-26,-0.0016544,-0.0016006,-0.0032037,-0.0016734,0.0033447,-0.0024473
2021-05-27,0.0046484,0.0046427,0.0041401,0.0038591,-0.0026078,0.0071698
2021-05-28,-0.0027510,-0.0026458,-0.0013742,0.0003661,0.0010866,-0.0017992
2021-05-31,0.0017433,0.0016997,0.0007317,-0.0007542,-0.0007522,0.0006302
2021-06-01,-0.0011587,-0.0011554,-0.0019833,-0.0016486,0.0011669,-0.0025247
2021-06-02,0.0008009,0.0008173,0.0007841,0.0013270,-0.0011410,0.0014364
2021-06-03,-0.0072553,-0.0070800,-0.0032598,0.0014230,0.0035110,-0.0038927
2021-06-04,0.0045011,0.0044331,0.0009078,-0.0015880,0.0038713,0.0043743
2021-06-07,0.0007569,0.0007639,0.0002608,0.0000682,0.0009321,0.0011987
2021-06-08,-0.0016887,-0.0016846,-0.0008960,0.0002980,0.0000279,-0.0013736
2021-06-09,-0.0001142,-0.0001147,0.0000760,-0.0000133,0.0000000,-0.0000556
2021-06-10,0.0014606,0.0014428,0.0006286,0.0001617,0.0000000,0.0014679
2021-06-11,-0.0062075,-0.0059973,-0.0041415,0.0001233,0.0000000,-0.0062941
2021-06-14,0.0015512,0.0015453,0.0011733,0.0001820,0.0004566,0.0020259
2021-06-15,-0.0014548,-0.0014606,-0.0004184,0.0003440,-0.0005830,-0.0012543
2021-06-16,-0.0112691,-0.0104220,-0.0078136,-0.0012030,-0.0047939,-0.0153839
2021-06-17,-0.0099531,-0.0098673,-0.0073671,-0.0036506,-0.0081316,-0.0173150
2021-06-18,-0.0097514,-0.0097439,-0.0036234,0.0009847,-0.0096597,-0.0117978
2021-06-21,0.0094637,0.0094442,0.0040714,-0.0008130,0.0089549,0.0109850
2021-06-22,0.0033262,0.0033903,0.0013800,-0.0016417,0.0016168,0.0019534
2021-06-23,0.0005264,0.0016448,-0.0001268,-0.0013569,0.0001897,-0.0004087
2021-06-24,-0.0008279,-0.0006365,-0.0013875,-0.0008305,-0.0002126,-0.0017972
2021-06-25,-0.0000627,0.0004442,-0.0004485,-0.0008801,0.0009266,-0.0004017
2021-06-28,-0.0022522,-0.0034458,-0.0010860,0.0016822,-0.0026740,-0.0019588
2021-06-29,-0.0024211,-0.0047565,-0.0004327,0.0009381,-0.0044183,-0.0034959
2021-06-30,-0.0001670,-0.0006284,-0.0000071,-0.0004812,-0.0034798,-0.0021002
2021-07-01,-0.0008919,-0.0020886,0.0003475,-0.0015644,-0.0042147,-0.0037713
2021-07-02,0.0006467,0.0056779,-0.0045041,-0.0016702,0.0082844,0.0019824
2021-07-05,-0.0005654,-0.0006291,-0.0000718,0.0002676,-0.0003981,-0.0003390
2021-07-06,-0.0038902,-0.0061528,0.0003050,0.0029511,-0.0043972,-0.0022746
2021-07-07,-0.0011501,-0.0013591,0.0006301,-0.0000108,-0.0013505,-0.0010006
2021-07-08,0.0033578,-0.0017350,-0.0039841,0.0051756,0.0025064,0.0038246
2021-07-09,0.0008689,0.0070832,-0.0054304,-0.0030509,0.0057398,-0.0003380
2021-07-12,0.0008871,-0.0008221,0.0019831,-0.0006849,-0.0008817,0.0000419
2021-07-13,0.0010633,-0.0053992,0.0068992,0.0002573,-0.0042767,0.0004364
2021-07-14,-0.0054836,0.0040791,-0.0074799,0.0018302,0.0039952,-0.0007439
2021-07-15,0.0049546,-0.0059572,0.0054901,0.0021266,-0.0033538,0.0025097
2021-07-16,0.0025803,-0.0013136,0.0025803,-0.0000569,-0.0010492,0.0009919
2021-07-19,0.0040922,-0.0070741,0.0040922,0.0050253,-0.0033166,0.0036166
2021-07-20,0.0025417,-0.0006479,0.0025417,-0.0024901,0.0005220,-0.0001857
2021-07-21,-0.0049278,0.0070386,-0.0049278,-0.0026852,0.0050601,-0.0015820
2021-07-22,-0.0007492,0.0002714,-0.0007492,-0.0005977,0.0005401,-0.0006819
2021-07-23,0.0016904,0.0000293,0.0016904,-0.0005036,0.0000759,0.0008094
2021-07-26,-0.0041480,0.0033660,-0.0041480,0.0006572,0.0022200,-0.0006173
2021-07-27,-0.0006570,-0.0019861,-0.0006570,0.0029094,-0.0010444,0.0007741
2021-07-28,-0.0035058,0.0039575,-0.0035058,-0.0007791,0.0022227,-0.0010684
2021-07-29,-0.0062980,0.0043291,-0.0062980,0.0002895,-0.0005434,-0.0031399
2021-07-30,0.0032915,-0.0024373,0.0032915,0.0011581,-0.0012970,0.0019209
2021-08-02,-0.0001037,-0.0014635,-0.0001037,0.0010700,0.0003486,0.0004221
2021-08-03,-0.0024285,0.0010551,-0.0024285,0.0006744,0.0004769,-0.0007096
2021-08-04,0.0024605,-0.0003425,0.0024605,-0.0011712,0.0012073,0.0011900
2021-08-05,-0.0010729,0.0024164,-0.0010729,-0.0018916,0.0013040,-0.0009777
2021-08-06,0.0085747,-0.0062470,0.0085747,0.0007054,0.0031527,0.0060909
2021-08-09,0.0041017,0.0004631,0.0041017,0.0003046,0.0001552,0.0032386
2021-08-10,-0.0001433,0.0030251,-0.0001433,0.0001266,0.0000000,0.0008874
2021-08-11,-0.0031866,0.0009864,-0.0031866,0.0000529,0.0000000,-0.0018504
2021-08-12,0.0036142,-0.0025069,0.0036142,-0.0007902,0.0000000,0.0011489
2021-08-13,-0.0084655,-0.0024713,-0.0084655,-0.0013348,0.0000000,-0.0075485
2021-08-16,0.0018129,-0.0047467,0.0018129,-0.0000373,0.0000000,-0.0002692
2021-08-17,0.0097906,-0.0070793,0.0097906,0.0006531,0.0000000,0.0048042
2021-08-18,0.0023312,-0.0006843,0.0023312,-0.0009763,-0.0018849,-0.0002056
2021-08-19,0.0094190,-0.0085521,0.0094190,-0.0008727,-0.0060997,0.0002821
2021-08-20,-0.0008736,0.0000516,-0.0008736,0.0010030,-0.0002068,0.0001865
2021-08-23,-0.0095773,-0.0000104,-0.0095773,-0.0016230,0.0071734,-0.0042558
2021-08-24,-0.0037075,0.0010818,-0.0036280,-0.0025669,0.0034023,-0.0025095
2021-08-25,-0.0022633,0.0011709,-0.0007833,-0.0018576,0.0013744,-0.0014115
2021-08-26,0.0050781,-0.0004287,0.0055147,0.0003408,-0.0032138,0.0020091
2021-08-27,-0.0071897,-0.0015798,-0.0083055,-0.0008786,0.0035803,-0.0042853
2021-08-30,0.0017880,0.0012009,0.0021766,-0.0002032,-0.0000491,0.0013099
2021-08-31,-0.0022648,0.0007547,-0.0019236,0.0005516,-0.0001502,-0.0005786
2021-09-01,-0.0026393,0.0013547,-0.0024164,-0.0008091,0.0001718,-0.0015602
2021-09-02,-0.0047219,0.0023249,-0.0034382,-0.0005845,0.0020341,-0.0012677
2021-09-03,-0.0019786,0.0017996,-0.0016603,0.0001487,-0.0001527,-0.0004129
2021-09-06,0.0011423,-0.0007976,0.0012397,0.0000950,0.0002062,0.0005764
2021-09-07,0.0046840,-0.0026889,0.0055625,0.0004616,0.0006567,0.0026634
2021-09-08,0.0024393,-0.0013697,0.0023113,0.0001087,0.0005958,0.0012025
2021-09-09,-0.0016785,-0.0008500,-0.0041852,-0.0019151,-0.0001480,-0.0034859
2021-09-10,0.0010206,-0.0002192,0.0022058,0.0001794,0.0003560,0.0011636
2021-09-13,-0.0004811,0.0025522,0.0001994,-0.0007015,0.0000110,0.0002667
2021-09-14,0.0034631,-0.0045429,0.0007447,0.0005591,0.0006040,0.0003488
2021-09-15,-0.0017400,0.0015230,-0.0027818,-0.0008369,-0.0002618,-0.0016117
2021-09-16,0.0060115,-0.0018027,0.0062810,-0.0006115,0.0003626,0.0028197
2021-09-17,0.0057343,-0.0033742,0.0051967,-0.0000455,-0.0005197,0.0017903
2021-09-20,0.0027033,-0.0042453,-0.0006243,-0.0030897,0.0002191,-0.0033047
2021-09-21,-0.0008265,-0.0012538,-0.0016094,-0.0024084,0.0006509,-0.0027769
2021-09-22,0.0002345,0.0028041,0.0033341,0.0022654,0.0006030,0.0041501
2021-09-23,-0.0066892,0.0030347,-0.0040134,0.0038690,0.0067679,0.0041710
2021-09-24,-0.0001378,0.0003829,0.0019652,-0.0010570,-0.0014436,-0.0008019
2021-09-27,-0.0011350,0.0017056,0.0002447,0.0016216,-0.0013179,0.0008856
2021-09-28,0.0033971,-0.0040991,0.0059222,-0.0001736,-0.0052932,-0.0016831
2021-09-29,0.0050166,-0.0069566,0.0073770,-0.0013622,-0.0090183,-0.0046859
2021-09-30,-0.0006353,0.0007511,-0.0040947,-0.0004785,0.0032591,0.0000885
2021-10-01,-0.0020369,0.0034792,-0.0030799,-0.0010930,0.0034251,0.0005215
2021-10-04,-0.0037127,0.0005496,-0.0044863,-0.0004549,0.0042443,-0.0005483
2021-10-05,0.0022489,0.0032936,0.0023530,-0.0013731,-0.0020720,0.0005542
2021-10-06,0.0011262,-0.0013138,0.0011262,0.0014992,-0.0027590,0.0000503
2021-10-07,-0.0005175,0.0033094,-0.0005175,-0.0007290,0.0001288,0.0004814
2021-10-08,-0.0007318,0.0014895,-0.0007318,0.0002964,-0.0008151,0.0000039
2021-10-11,0.0032779,0.0041810,0.0032779,0.0012851,-0.0036020,0.0029591
2021-10-12,0.0017462,0.0023187,0.0017462,0.0012247,-0.0018727,0.0020949
2021-10-13,-0.0058118,-0.0016267,-0.0058118,-0.0018837,0.0045327,-0.0035435
2021-10-14,0.0002723,0.0046974,0.0027471,0.0002564,-0.0014444,0.0024224
2021-10-15,0.0007104,0.0034804,0.0009279,0.0015796,-0.0016566,0.0024230
2021-10-18,0.0009722,-0.0004599,0.0004822,-0.0006628,0.0006643,0.0000377
2021-10-19,-0.0019524,0.0036398,-0.0014880,0.0012788,-0.0012767,0.0008837
2021-10-20,-0.0028484,0.0016128,0.0005613,0.0010331,-0.0026637,-0.0004949
2021-10-21,0.0014647,-0.0035563,-0.0025576,-0.0019639,0.0035511,-0.0016845
2021-10-22,-0.0021996,-0.0029989,-0.0020076,-0.0018202,0.0007679,-0.0036775
2021-10-25,0.0019994,0.0033040,0.0030769,0.0018636,-0.0002408,0.0043497
2021-10-26,0.0010033,0.0013944,0.0015046,0.0015973,-0.0011241,0.0021098
2021-10-27,-0.0007585,-0.0007463,0.0000378,-0.0001348,-0.0006681,-0.0009632
2021-10-28,-0.0039459,-0.0021848,-0.0039970,-0.0022756,-0.0025624,-0.0064222
2021-10-29,0.0049923,0.0018928,0.0049923,0.0031515,0.0050490,0.0087699
2021-11-01,-0.0015670,-0.0025182,-0.0015670,-0.0008168,-0.0021385,-0.0037181
2021-11-02,-0.0017788,-0.0033564,-0.0046991,-0.0032281,0.0061362,-0.0032784
2021-11-03,-0.0006043,0.0017750,0.0008520,0.0009893,-0.0021218,0.0006890
2021-11-04,0.0004132,-0.0056420,0.0000479,-0.0015766,0.0021523,-0.0025886
2021-11-05,-0.0006895,-0.0007962,-0.0005323,-0.0003997,-0.0004538,-0.0012457
2021-11-08,0.0000511,0.0021645,-0.0006450,-0.0008014,0.0003813,0.0002426
2021-11-09,-0.0033151,-0.0035075,-0.0020260,-0.0008711,0.0000138,-0.0040002
2021-11-10,0.0060580,0.0013791,0.0022543,0.0013877,0.0021853,0.0056771
2021-11-11,-0.0007477,-0.0017036,-0.0021324,-0.0005509,-0.0037564,-0.0038262
2021-11-12,0.0011375,0.0024621,0.0010007,-0.0008645,0.0025441,0.0024197
2021-11-15,0.0044630,0.0044255,0.0025306,-0.0016009,-0.0007309,0.0031349
2021-11-16,0.0006676,0.0012076,-0.0020210,-0.0018172,-0.0043994,-0.0034564
2021-11-17,-0.0038215,-0.0027879,-0.0037593,0.0005338,0.0017774,-0.0030946
2021-11-18,0.0010832,-0.0000322,0.0010832,0.0014420,0.0030979,0.0034302
2021-11-19,-0.0013679,-0.0011306,-0.0013679,0.0025894,-0.0063849,-0.0025131
2021-11-22,0.0003162,0.0015550,0.0003162,-0.0015674,-0.0071993,-0.0034886
2021-11-23,0.0009682,0.0005124,0.0009682,-0.0010410,0.0000164,0.0002461
2021-11-24,-0.0002111,0.0003277,-0.0002111,0.0012113,-0.0053788,-0.0013520
2021-11-25,-0.0008988,0.0000886,-0.0008988,-0.0004257,-0.0004584,-0.0012750
2021-11-26,-0.0097101,-0.0118363,-0.0141046,0.0041299,0.0047987,-0.0107223
2021-11-29,0.0034312,0.0018399,0.0018405,-0.0000673,0.0006430,0.0030594
2021-11-30,-0.0016563,-0.0029748,-0.0029664,0.0004667,-0.0004117,-0.0027678
2021-12-01,-0.0019527,0.0010837,0.0010648,0.0010084,-0.0025829,-0.0002455
2021-12-02,0.0009092,0.0011145,0.0005177,-0.0004593,0.0001365,0.0007195
2021-12-03,-0.0042443,0.0030105,0.0046534,0.0054886,-0.0059024,0.0031469
2021-12-06,0.0000375,0.0032694,-0.0001392,-0.0046525,0.0031978,-0.0008403
2021-12-07,0.0005116,0.0002017,-0.0039386,-0.0025876,0.0038756,-0.0014281
2021-12-08,-0.0013533,-0.0036682,-0.0031856,-0.0011276,0.0025200,-0.0030187
2021-12-09,0.0013471,0.0008705,0.0029245,0.0005650,-0.0004921,0.0021830
2021-12-10,-0.0009679,-0.0030636,-0.0025241,0.0002231,0.0013641,-0.0019309
2021-12-13,0.0047470,0.0026406,0.0055780,0.0011782,-0.0027313,0.0050971
2021-12-14,0.0022295,0.0011576,0.0031645,0.0001878,-0.0007570,0.0024845
2021-12-15,-0.0036640,-0.0028390,-0.0038856,-0.0032852,0.0032104,-0.0052889
2021-12-16,-0.0053170,-0.0032196,-0.0053170,0.0012887,0.0012041,-0.0042605
2021-12-17,0.0097052,0.0053089,0.0097052,0.0023862,-0.0015563,0.0111223
2021-12-20,0.0004950,0.0006318,0.0004950,0.0022446,-0.0005054,0.0020035
2021-12-21,-0.0025413,-0.0025373,-0.0025413,-0.0033940,0.0018694,-0.0045541
2021-12-22,-0.0070643,-0.0069963,-0.0070643,-0.0013409,0.0022610,-0.0081800
2021-12-23,-0.0021645,-0.0020882,-0.0021645,-0.0010515,0.0003845,-0.0030258
2021-12-24,0.0015056,0.0014739,0.0015056,-0.0004256,0.0006907,0.0017403
2021-12-27,-0.0014150,-0.0005417,-0.0014150,0.0004060,-0.0017402,-0.0017762
2021-12-28,0.0014591,0.0003718,0.0014591,0.0005723,0.0005467,0.0018996
2021-12-29,-0.0034562,-0.0026561,-0.0034562,0.0004761,-0.0017238,-0.0041812
2021-12-30,-0.0009525,0.0009980,-0.0009525,-0.0013495,-0.0006554,-0.0015417
2021-12-31,-0.0041130,-0.0005995,-0.0041130,0.0004755,-0.0013507,-0.0036653
2022-01-03,0.0063282,0.0057921,-0.0048743,-0.0006599,0.0071936,0.0059055
2022-01-04,-0.0007638,-0.0007599,0.0038715,0.0032687,-0.0030196,0.0017298
2022-01-05,0.0003253,-0.0010458,0.0009073,-0.0011168,0.0010363,-0.0002830
2022-01-06,0.0011372,0.0043991,-0.0053171,0.0000670,0.0005376,0.0006018
2022-01-07,-0.0045557,-0.0031613,0.0020091,0.0005214,0.0026145,-0.0008828
2022-01-10,-0.0010800,0.0024158,-0.0037299,-0.0008198,-0.0015346,-0.0019862
2022-01-11,-0.0037750,-0.0003400,0.0005411,0.0020317,-0.0003030,-0.0001783
2022-01-12,-0.0060806,-0.0059679,0.0034248,-0.0003943,0.0032538,-0.0024630
2022-01-13,-0.0007345,-0.0024764,-0.0011782,-0.0014002,-0.0010884,-0.0031083
2022-01-14,0.0038814,0.0032747,-0.0050178,-0.0000943,0.0043837,0.0028970
2022-01-17,0.0016584,0.0015091,-0.0002251,0.0009037,0.0017612,0.0025298
2022-01-18,0.0025252,0.0025719,-0.0040001,0.0008048,0.0017444,0.0018944
2022-01-19,-0.0016598,-0.0019325,0.0012889,-0.0006391,-0.0004738,-0.0015984
2022-01-20,0.0003855,0.0009936,-0.0018239,0.0002477,-0.0005642,-0.0001623
2022-01-21,0.0040246,-0.0025632,-0.0018330,-0.0036304,0.0004743,-0.0024922
2022-01-24,0.0033199,0.0025594,-0.0034063,-0.0009438,-0.0000202,0.0004116
2022-01-25,-0.0008282,0.0012515,-0.0008210,0.0005122,-0.0000809,0.0002175
2022-01-26,0.0028944,0.0060343,-0.0039039,0.0015771,-0.0012504,0.0026771
2022-01-27,0.0054305,0.0088274,0.0028871,0.0006332,-0.0101830,0.0022767
2022-01-28,0.0022821,0.0009607,0.0015196,-0.0004665,-0.0019567,0.0005912
2022-01-31,-0.0035753,-0.0054370,-0.0070473,-0.0000931,0.0073304,-0.0028772
2022-02-01,-0.0021657,-0.0071659,-0.0061911,0.0000880,0.0078288,-0.0024180
2022-02-02,0.0000334,-0.0023557,-0.0016327,-0.0001692,0.0002330,-0.0014296
2022-02-03,-0.0020963,-0.0027500,-0.0047807,-0.0010646,0.0007607,-0.0038957
2022-02-04,0.0016035,0.0041318,0.0060796,-0.0011348,-0.0017400,0.0026721
2022-02-07,-0.0023594,-0.0006153,-0.0031513,0.0009223,0.0016916,-0.0008303
2022-02-08,0.0008612,-0.0000700,-0.0007332,0.0001920,0.0003887,0.0003447
2022-02-09,-0.0011895,-0.0012207,-0.0023101,-0.0006383,-0.0001208,-0.0021735
2022-02-10,0.0007256,0.0002051,0.0018354,0.0007343,-0.0001001,0.0014592
2022-02-11,0.0019256,0.0013652,0.0017366,-0.0004700,0.0026593,0.0025186
2022-02-14,0.0014737,0.0023220,0.0024477,0.0005596,-0.0000439,0.0026167
2022-02-15,-0.0018665,-0.0022274,-0.0022329,-0.0001758,-0.0001371,-0.0024451
2022-02-16,-0.0001547,-0.0045870,-0.0046105,-0.0001550,0.0003300,-0.0032165
2022-02-17,-0.0006205,-0.0017151,-0.0017739,-0.0009889,0.0011736,-0.0016547
2022-02-18,-0.0017476,0.0025082,0.0015919,-0.0007012,0.0010903,0.0007101
2022-02-21,0.0001031,-0.0025125,-0.0021743,-0.0006582,-0.0026668,-0.0034699
2022-02-22,-0.0024374,0.0011247,0.0021598,-0.0005519,0.0016896,0.0005441
2022-02-23,-0.0014271,-0.0015818,-0.0007099,-0.0007172,-0.0009219,-0.0024544
2022-02-24,-0.0039371,0.0139582,-0.0006115,-0.0023837,0.0053113,0.0041559
2022-02-25,0.0012912,-0.0073338,-0.0011809,0.0011279,0.0025885,-0.0003957
2022-02-28,-0.0014801,-0.0012276,-0.0015333,-0.0012074,-0.0027901,-0.0038434
2022-03-01,-0.0038310,0.0035862,0.0043733,-0.0030480,-0.0030053,-0.0025518
2022-03-02,0.0035654,0.0004136,0.0004315,0.0038066,-0.0002548,0.0046820
2022-03-03,-0.0025190,-0.0003557,0.0015103,-0.0027252,-0.0023989,-0.0038568
2022-03-04,-0.0047488,-0.0004090,0.0046373,0.0000330,-0.0063269,-0.0031736
2022-03-07,0.0032700,0.0064457,0.0033414,-0.0006670,-0.0014509,0.0035286
2022-03-08,0.0010038,0.0016762,-0.0016737,-0.0020493,0.0022308,-0.0003293
2022-03-09,-0.0027057,-0.0067161,-0.0038966,-0.0008639,0.0052843,-0.0031586
2022-03-10,0.0008309,0.0010267,0.0054918,0.0020525,-0.0039442,0.0026814
2022-03-11,0.0038919,0.0062704,0.0025763,0.0036972,-0.0041019,0.0058278
2022-03-14,0.0026017,0.0088689,0.0005340,-0.0002882,-0.0030571,0.0027440
2022-03-15,-0.0015681,-0.0019112,-0.0003142,0.0002397,0.0007776,-0.0009033
2022-03-16,-0.0031991,-0.0074055,0.0002225,0.0011924,0.0059053,-0.0002456
2022-03-17,-0.0023388,-0.0059193,-0.0001231,0.0001895,0.0028469,-0.0016743
2022-03-18,0.0000178,-0.0015899,0.0017380,0.0034160,0.0001904,0.0030577
2022-03-21,0.0017808,0.0024038,0.0012179,0.0009934,-0.0003014,0.0027437
2022-03-22,0.0039433,-0.0027262,0.0045138,0.0032805,-0.0067316,0.0027983
2022-03-23,0.0022260,0.0006781,0.0024039,0.0016779,-0.0002716,0.0034403
2022-03-24,0.0021667,0.0022740,0.0033683,0.0034410,-0.0026274,0.0047985
2022-03-25,-0.0010490,-0.0008324,0.0005553,0.0003338,-0.0001134,-0.0002865
2022-03-28,0.0033500,0.0054081,0.0031094,0.0023111,0.0005967,0.0065389
2022-03-29,-0.0025418,-0.0036318,-0.0025418,-0.0026354,0.0010982,-0.0050047
2022-03-30,-0.0040190,-0.0027848,-0.0040190,-0.0013577,0.0013963,-0.0049477
2022-03-31,-0.0010634,0.0023630,-0.0038984,0.0009328,0.0023393,0.0002871
2022-04-01,0.0025534,0.0015793,0.0020705,0.0008386,-0.0006769,0.0029292
2022-04-04,0.0039129,0.0001473,0.0015450,0.0017462,-0.0002783,0.0038161
2022-04-05,0.0042139,0.0018806,0.0022299,0.0016756,-0.0013522,0.0042489
2022-04-06,-0.0016661,0.0005989,-0.0019431,-0.0014312,0.0019345,-0.0017490
2022-04-07,-0.0013351,0.0005273,-0.0013366,-0.0005052,-0.0014439,-0.0020359
2022-04-08,0.0001306,0.0029190,0.0001306,0.0009167,-0.0001989,0.0016664
2022-04-11,-0.0014245,0.0045025,-0.0014245,0.0012638,-0.0034581,-0.0003617
2022-04-12,0.0028741,0.0006007,0.0028741,0.0003559,-0.0002161,0.0030425
2022-04-13,-0.0018739,-0.0022426,-0.0018739,0.0003324,0.0027388,-0.0010491
2022-04-14,0.0020321,0.0055486,0.0023213,-0.0011230,-0.0030238,0.0016158
2022-04-15,0.0002364,0.0028622,0.0015318,0.0007318,-0.0025789,0.0011762
2022-04-18,0.0010191,0.0041713,0.0042832,0.0011506,-0.0033464,0.0032110
2022-04-19,0.0052584,0.0043878,0.0039283,0.0007927,-0.0042032,0.0046589
2022-04-20,0.0010930,-0.0102152,-0.0055027,0.0005729,0.0089572,-0.0008921
2022-04-21,-0.0019207,0.0079920,0.0046912,-0.0016233,-0.0005744,0.0018261
2022-04-22,-0.0023167,0.0118851,0.0073254,-0.0022308,0.0010811,0.0039733
2022-04-25,0.0008293,0.0047839,0.0043241,-0.0004123,-0.0031559,0.0018630
2022-04-26,-0.0007957,0.0069255,0.0069406,-0.0024766,-0.0069544,-0.0005281
2022-04-27,0.0046249,0.0051584,0.0051520,0.0017737,-0.0035052,0.0059019
2022-04-28,0.0045173,0.0081078,0.0079514,0.0040867,-0.0046357,0.0090305
2022-04-29,-0.0056214,-0.0013851,-0.0011851,-0.0031785,0.0012034,-0.0055327
2022-05-02,0.0021932,0.0043106,0.0043260,-0.0002563,-0.0043305,0.0020369
2022-05-03,0.0015548,-0.0014708,-0.0014940,0.0000779,0.0014920,0.0003988
2022-05-04,0.0008519,-0.0141323,-0.0141620,0.0002473,0.0141614,-0.0033090
2022-05-05,0.0026562,0.0169969,0.0161721,-0.0018942,-0.0082395,0.0069743
2022-05-06,-0.0009821,0.0037780,0.0034531,-0.0016681,-0.0013639,-0.0001824
2022-05-09,-0.0013313,0.0062296,0.0062928,-0.0033526,-0.0027001,-0.0005573
2022-05-10,0.0014903,0.0022103,0.0021747,-0.0000784,-0.0018343,0.0012104
2022-05-11,0.0006609,-0.0005840,-0.0005578,0.0006906,0.0008185,0.0007644
2022-05-12,0.0031238,0.0062920,0.0062260,-0.0027509,-0.0061077,0.0009479
2022-05-13,-0.0049772,-0.0051207,-0.0049882,0.0028975,0.0071089,-0.0007801
2022-05-16,-0.0031190,-0.0030948,-0.0031190,0.0003341,0.0015873,-0.0023652
2022-05-17,-0.0076973,-0.0077001,-0.0076973,0.0006499,0.0077332,-0.0046878
2022-05-18,0.0043254,0.0045296,0.0043254,-0.0000501,-0.0002874,0.0040153
2022-05-19,-0.0110606,-0.0114249,-0.0110606,0.0018677,-0.0004254,-0.0093508
2022-05-20,0.0003702,0.0004096,0.0003702,-0.0000345,0.0002436,0.0003896
2022-05-23,-0.0077688,-0.0077496,-0.0077688,0.0008010,-0.0042334,-0.0077031
2022-05-24,-0.0012563,-0.0012490,-0.0012563,-0.0015991,-0.0019944,-0.0027924
2022-05-25,0.0010033,0.0010302,-0.0023106,0.0010688,0.0010426,0.0010660
2022-05-26,-0.0028545,-0.0028715,0.0003713,0.0003916,-0.0021378,-0.0020264
2022-05-27,-0.0032266,-0.0032229,-0.0027263,0.0009634,-0.0024811,-0.0027419
2022-05-30,-0.0023915,-0.0023990,0.0001625,0.0010165,-0.0025627,-0.0014885
2022-05-31,0.0040522,0.0040246,-0.0034043,0.0013487,0.0040522,0.0038444
2022-06-01,0.0053896,0.0053620,-0.0053189,0.0020570,0.0021356,0.0040468
2022-06-02,-0.0078757,-0.0077001,0.0051302,0.0007185,-0.0049365,-0.0044004
2022-06-03,0.0054823,0.0054888,-0.0055179,0.0001002,0.0021490,0.0024956
2022-06-06,0.0028470,0.0028457,-0.0007678,0.0002239,-0.0009202,0.0013145
2022-06-07,-0.0010461,-0.0010125,0.0026189,0.0011278,-0.0024773,0.0001436
2022-06-08,0.0051182,0.0051119,-0.0016894,0.0000033,-0.0018414,0.0019347
2022-06-09,0.0073283,0.0071334,-0.0070899,-0.0009923,0.0003907,0.0017360
2022-06-10,0.0075441,0.0075191,-0.0074449,-0.0006874,-0.0043120,0.0004485
2022-06-13,0.0108071,0.0107994,-0.0108377,-0.0019283,-0.0109197,-0.0017940
2022-06-14,0.0057061,0.0058542,0.0038959,-0.0008024,-0.0057125,0.0016021
2022-06-15,-0.0097012,-0.0098895,-0.0096363,0.0009727,0.0096991,-0.0036780
2022-06-16,-0.0109556,-0.0114900,-0.0109556,-0.0033449,0.0109494,-0.0076725
2022-06-17,0.0089748,0.0096908,0.0089748,0.0007310,-0.0056913,0.0055338
2022-06-20,-0.0020279,-0.0020210,-0.0020279,0.0008930,0.0017306,-0.0002155
2022-06-21,-0.0006027,-0.0006478,-0.0006027,0.0024538,0.0018587,0.0020491
2022-06-22,0.0005700,0.0005876,0.0005700,-0.0021465,-0.0007562,-0.0015244
2022-06-23,0.0008562,0.0008959,0.0008562,-0.0018152,0.0000364,-0.0008317
2022-06-24,-0.0037360,-0.0037261,-0.0037360,0.0019577,0.0018854,-0.0005374
2022-06-27,-0.0000822,-0.0000818,-0.0000822,0.0008470,-0.0005151,0.0004725
2022-06-28,0.0039572,0.0039415,0.0035483,0.0012277,-0.0009153,0.0034152
2022-06-29,0.0027944,0.0027838,0.0035089,0.0011005,-0.0011549,0.0026798
2022-06-30,-0.0031206,-0.0031176,-0.0030674,-0.0010431,0.0027298,-0.0022503
2022-07-01,0.0040015,0.0039994,0.0026443,-0.0005052,-0.0036031,0.0010917
2022-07-04,-0.0004229,-0.0004226,-0.0009120,0.0005034,0.0007660,0.0002112
2022-07-05,0.0090656,0.0090546,0.0068399,-0.0018839,-0.0054560,0.0028090
2022-07-06,0.0026154,0.0026838,0.0019925,-0.0000246,-0.0026125,0.0009332
2022-07-07,-0.0025373,-0.0025584,-0.0034591,-0.0004403,0.0026031,-0.0015828
2022-07-08,-0.0008541,-0.0008924,-0.0016227,-0.0002682,0.0009471,-0.0007157
2022-07-11,0.0097292,0.0097503,0.0078248,0.0014794,-0.0069575,0.0055217
2022-07-12,-0.0010128,-0.0010255,-0.0005420,-0.0004503,0.0009753,-0.0006765
2022-07-13,-0.0008353,-0.0008573,-0.0000223,0.0011812,0.0008342,0.0007812
2022-07-14,0.0053917,0.0053194,0.0039401,-0.0005879,-0.0053951,0.0013484
2022-07-15,-0.0053661,-0.0053688,-0.0053041,0.0009298,0.0053641,-0.0014007
2022-07-18,-0.0024941,-0.0024973,-0.0024941,-0.0008299,0.0024397,-0.0016993
2022-07-19,-0.0069215,-0.0069182,-0.0069215,0.0016190,0.0011868,-0.0031211
2022-07-20,0.0013359,0.0013447,0.0013359,0.0002235,0.0009690,0.0013623
2022-07-21,-0.0036568,-0.0036498,-0.0036568,-0.0006544,-0.0016800,-0.0035011
2022-07-22,-0.0011168,-0.0010220,-0.0011168,-0.0010264,0.0002235,-0.0015107
2022-07-25,-0.0009403,-0.0009426,-0.0009403,0.0009975,-0.0005838,-0.0000216
2022-07-26,0.0035674,0.0030420,0.0016996,0.0013770,0.0028474,0.0038598
2022-07-27,-0.0045255,-0.0055371,-0.0022996,-0.0001464,-0.0030921,-0.0038502
2022-07-28,-0.0026425,-0.0039614,-0.0024046,-0.0014217,-0.0040742,-0.0045457
2022-07-29,-0.0009893,-0.0020217,0.0010399,-0.0008066,-0.0015961,-0.0016113
2022-08-01,-0.0034440,-0.0040995,0.0013712,-0.0024281,-0.0035506,-0.0045612
2022-08-02,0.0065588,0.0088638,-0.0063355,0.0012379,0.0076434,0.0054730
2022-08-03,-0.0011334,-0.0001304,0.0001137,0.0007335,0.0008796,0.0005816
2022-08-04,-0.0018027,-0.0035151,0.0013136,-0.0015556,-0.0010510,-0.0024854
2022-08-05,0.0060512,0.0081137,-0.0062453,0.0008926,0.0029788,0.0033308
2022-08-08,-0.0026332,-0.0045063,0.0040900,0.0018701,0.0012665,0.0013406
2022-08-09,0.0008961,0.0003323,-0.0008504,-0.0002869,-0.0004112,-0.0002996
2022-08-10,-0.0091379,-0.0123012,0.0100212,-0.0000958,0.0015559,-0.0019727
2022-08-11,-0.0010183,-0.0014282,0.0013920,0.0002066,-0.0016064,-0.0005761
2022-08-12,0.0015506,0.0014290,-0.0015083,0.0010917,0.0002941,0.0012860
2022-08-15,0.0066685,0.0082380,-0.0082433,-0.0013562,0.0074865,0.0027798
2022-08-16,-0.0008370,0.0002170,-0.0002184,0.0010762,0.0008668,0.0009190
2022-08-17,0.0044650,0.0051933,-0.0051264,-0.0006628,0.0030112,0.0014108
2022-08-18,0.0039410,0.0055947,-0.0056017,0.0007816,-0.0007269,0.0011672
2022-08-19,0.0054391,0.0060382,-0.0009864,0.0003206,-0.0019117,0.0021843
2022-08-22,0.0026766,0.0044661,0.0018039,0.0011018,-0.0038483,0.0018614
2022-08-23,-0.0047763,-0.0047726,-0.0049145,0.0011378,0.0048050,-0.0012339
2022-08-24,0.0012440,0.0021828,0.0012440,-0.0001543,-0.0021699,0.0003436
2022-08-25,-0.0029917,-0.0042291,-0.0040843,0.0011257,0.0042204,-0.0006251
2022-08-26,0.0065512,0.0073159,0.0073791,-0.0018994,-0.0045188,0.0025423
2022-08-29,-0.0003163,0.0004084,0.0004140,0.0010013,-0.0008912,0.0006416
2022-08-30,0.0017773,0.0036805,0.0036940,-0.0020457,-0.0018710,0.0001121
2022-08-31,0.0003271,0.0013675,0.0013738,-0.0011539,-0.0018196,-0.0007254
2022-09-01,0.0049719,0.0061421,0.0061679,0.0015301,-0.0037240,0.0044795
2022-09-02,-0.0011805,-0.0012488,-0.0012699,0.0008020,0.0010594,0.0000226
2022-09-05,0.0017417,0.0011671,0.0011767,0.0002635,-0.0007368,0.0010538
2022-09-06,0.0038386,0.0052902,0.0053900,0.0010530,-0.0050015,0.0030844
2022-09-07,-0.0014720,-0.0038481,-0.0040027,0.0022519,0.0040269,0.0006653
2022-09-08,0.0021464,0.0002225,0.0002806,0.0020015,-0.0001840,0.0023145
2022-09-09,-0.0051019,-0.0083216,-0.0093449,0.0002649,0.0054356,-0.0044500
2022-09-12,-0.0030969,-0.0054494,-0.0055856,0.0006096,-0.0022213,-0.0046871
2022-09-13,0.0136599,0.0169509,0.0168060,-0.0002176,0.0107708,0.0184754
2022-09-14,-0.0025756,-0.0024952,-0.0023875,-0.0016949,0.0015003,-0.0028339
2022-09-15,0.0036265,0.0035881,0.0033272,0.0004295,-0.0012719,0.0027359
2022-09-16,-0.0011299,-0.0000063,-0.0000266,-0.0009238,0.0015955,-0.0004903
2022-09-19,0.0004702,0.0004269,0.0004206,0.0002445,-0.0005567,0.0003495
2022-09-20,0.0054855,0.0053768,0.0053741,-0.0003117,-0.0028651,0.0031144
2022-09-21,0.0066747,0.0075646,0.0075402,0.0001295,-0.0022276,0.0051617
2022-09-22,-0.0031651,0.0010094,0.0009951,-0.0036750,-0.0007227,-0.0036137
2022-09-23,0.0130926,0.0149478,0.0147696,0.0042751,-0.0120906,0.0103734
2022-09-26,0.0116162,0.0123124,0.0122822,-0.0005534,-0.0108079,0.0049890
2022-09-27,-0.0004874,-0.0005037,-0.0004874,0.0000507,0.0004580,-0.0001708
2022-09-28,-0.0123531,-0.0124678,-0.0123531,0.0015224,0.0123490,-0.0039386
2022-09-29,-0.0018482,-0.0019816,-0.0018482,-0.0039459,0.0018380,-0.0039303
2022-09-30,0.0078854,0.0082921,0.0078854,-0.0040152,-0.0063156,0.0005139
2022-10-03,-0.0079843,-0.0080391,-0.0079843,0.0000201,0.0070199,-0.0034489
2022-10-04,-0.0074673,-0.0074800,-0.0074673,0.0016094,0.0016128,-0.0033949
2022-10-05,0.0051095,0.0053098,0.0051095,-0.0001373,-0.0003929,0.0032834
2022-10-06,0.0084929,0.0088873,0.0084929,-0.0006885,-0.0004475,0.0051287
2022-10-07,0.0035359,0.0037052,0.0035359,0.0003442,-0.0002215,0.0026000
2022-10-10,0.0042749,0.0042628,0.0042749,-0.0007688,-0.0013644,0.0018398
2022-10-11,0.0007370,0.0007336,0.0007370,0.0012742,-0.0000074,0.0015106
2022-10-12,-0.0004301,-0.0004212,-0.0004301,-0.0008449,-0.0005086,-0.0011207
2022-10-13,-0.0039233,-0.0039063,-0.0039233,-0.0018743,0.0000418,-0.0041567
2022-10-14,0.0084527,0.0084400,0.0084527,0.0005078,-0.0050230,0.0046418
2022-10-17,-0.0091833,-0.0092094,-0.0091833,0.0022870,0.0041789,-0.0030935
2022-10-18,-0.0008191,-0.0008433,-0.0008191,-0.0007594,0.0001099,-0.0011156
2022-10-19,0.0054182,0.0055284,0.0054182,-0.0010125,-0.0013805,0.0023467
2022-10-20,-0.0007823,-0.0008045,-0.0007823,0.0002694,-0.0000138,-0.0003059
2022-10-21,-0.0087327,-0.0087161,-0.0087327,-0.0013633,0.0038547,-0.0056708
2022-10-24,0.0043391,0.0042840,0.0018798,0.0010929,0.0032682,0.0041154
2022-10-25,-0.0081521,-0.0081209,-0.0061251,0.0001596,-0.0033610,-0.0057022
2022-10-26,-0.0089162,-0.0089255,-0.0062762,-0.0008848,-0.0062522,-0.0077762
2022-10-27,0.0035300,0.0036296,-0.0008353,-0.0007632,0.0035160,0.0017776
2022-10-28,0.0026803,0.0026863,0.0031106,0.0000925,0.0026803,0.0026498
2022-10-31,0.0046241,0.0046514,0.0002466,0.0001290,0.0046241,0.0035069
2022-11-01,-0.0009381,-0.0009404,-0.0001470,-0.0007222,-0.0003443,-0.0011100
2022-11-02,0.0034645,0.0034514,-0.0000361,-0.0013220,0.0025618,0.0011635
2022-11-03,0.0066566,0.0065049,-0.0001698,-0.0008361,0.0007183,0.0023980
2022-11-04,-0.0172029,-0.0168176,-0.0033250,0.0017576,0.0130213,-0.0028791
2022-11-07,-0.0025364,-0.0026433,0.0020184,0.0005141,-0.0032724,-0.0011043
2022-11-08,-0.0034393,-0.0034174,0.0001393,-0.0000779,-0.0009537,-0.0016926
2022-11-09,0.0057227,0.0056950,-0.0058592,0.0009794,0.0028215,0.0026094
2022-11-10,-0.0199233,-0.0199568,0.0199225,-0.0019187,-0.0095116,-0.0079300
2022-11-11,-0.0102113,-0.0112269,0.0101965,0.0006225,-0.0103079,-0.0042240
2022-11-14,0.0030014,0.0031520,-0.0030059,0.0003347,0.0030014,0.0015808
2022-11-15,-0.0031590,-0.0031620,0.0031585,-0.0011897,-0.0031590,-0.0023112
2022-11-16,0.0001710,0.0001730,-0.0001715,-0.0001598,0.0001710,-0.0000539
2022-11-17,0.0029508,0.0029476,-0.0029510,-0.0002126,0.0029508,0.0011033
2022-11-18,0.0012357,0.0012252,-0.0012363,-0.0011280,0.0012357,-0.0003697
2022-11-21,0.0036948,0.0055087,-0.0055106,0.0008972,0.0046860,0.0025546
2022-11-22,-0.0033897,-0.0047344,0.0047095,0.0002724,-0.0011853,-0.0006535
2022-11-23,-0.0029459,-0.0070918,0.0070335,-0.0011501,-0.0023907,-0.0019845
2022-11-24,-0.0009263,-0.0020854,0.0020364,-0.0009370,-0.0006404,-0.0010633
2022-11-25,0.0012171,0.0017949,-0.0017704,-0.0002804,0.0003269,0.0000643
2022-11-28,0.0023302,0.0052956,-0.0052716,-0.0008466,0.0020215,0.0002044
2022-11-29,-0.0001214,0.0004724,-0.0004762,-0.0015789,-0.0007936,-0.0015053
2022-11-30,0.0005015,-0.0071951,0.0071398,0.0015157,0.0015909,0.0018543
2022-12-01,0.0021532,-0.0067474,0.0067800,-0.0024571,-0.0014231,-0.0018025
2022-12-02,0.0022794,-0.0011076,0.0011018,-0.0014462,-0.0019498,-0.0012241
2022-12-05,-0.0026358,0.0072348,-0.0072139,0.0006513,0.0050121,0.0012213
2022-12-06,-0.0003065,0.0015402,-0.0003445,0.0000380,0.0001770,0.0002240
2022-12-07,0.0023403,-0.0022945,0.0023403,-0.0006647,-0.0018682,-0.0005281
2022-12-08,0.0015187,-0.0026185,0.0015187,0.0010451,-0.0009434,0.0007039
2022-12-09,0.0015686,-0.0005464,0.0015686,0.0002505,-0.0012368,0.0003938
2022-12-12,-0.0019020,0.0018814,-0.0021135,0.0000525,0.0014927,-0.0000108
2022-12-13,0.0074499,-0.0074673,0.0057137,0.0001544,-0.0027908,0.0006306
2022-12-14,0.0015036,-0.0015158,0.0015075,0.0001503,-0.0014467,0.0000461
2022-12-15,-0.0088982,0.0089340,-0.0069768,0.0007179,0.0061741,0.0007337
2022-12-16,-0.0008477,0.0008006,0.0002409,-0.0014214,0.0009675,-0.0008379
2022-12-19,0.0012426,-0.0012883,0.0003379,0.0009305,-0.0006321,0.0006371
2022-12-20,0.0044975,-0.0044450,0.0037216,-0.0041337,-0.0001266,-0.0024361
2022-12-21,-0.0018365,0.0018616,-0.0018285,0.0014785,0.0008203,0.0010103
2022-12-22,-0.0022732,0.0021746,-0.0015983,-0.0007887,-0.0001638,-0.0011152
2022-12-23,0.0011493,-0.0010669,0.0003217,0.0001014,0.0008292,0.0004723
2022-12-26,0.0008438,-0.0008584,0.0003929,0.0002642,0.0000523,0.0003322
2022-12-27,0.0003140,-0.0002970,-0.0010384,0.0011074,0.0002358,0.0007218
2022-12-28,-0.0013065,0.0012621,0.0005516,0.0004910,0.0021029,0.0012675
2022-12-29,0.0043372,-0.0041964,0.0024846,0.0000944,-0.0000972,0.0007638
2022-12-30,0.0025520,-0.0024932,0.0019036,-0.0012235,-0.0010320,-0.0008108
2023-01-02,0.0015753,0.0015780,-0.0012375,0.0009656,0.0011133,0.0015739
2023-01-03,0.0071369,0.0071077,-0.0060646,-0.0001386,0.0053392,0.0035108
2023-01-04,-0.0054283,-0.0054976,0.0032515,-0.0031182,0.0054134,-0.0022015
2023-01-05,0.0066322,0.0067824,-0.0056230,0.0007082,0.0001943,0.0022032
2023-01-06,-0.0097126,-0.0099843,0.0069099,-0.0009768,0.0045433,-0.0018007
2023-01-09,-0.0042379,-0.0042375,0.0029247,-0.0003316,-0.0014504,-0.0019075
2023-01-10,0.0013784,0.0013602,-0.0006883,-0.0003461,0.0008916,0.0004757
2023-01-11,0.0009887,0.0009858,-0.0010038,-0.0000721,-0.0004380,-0.0000349
2023-01-12,-0.0061321,-0.0060347,0.0050025,0.0017490,-0.0030803,-0.0011274
2023-01-13,-0.0006762,-0.0007144,0.0008062,0.0006795,-0.0007259,0.0001878
2023-01-16,0.0012969,0.0012922,-0.0008653,-0.0004517,0.0012736,0.0004491
2023-01-17,-0.0025082,-0.0024871,0.0015754,-0.0006734,-0.0011669,-0.0016788
2023-01-18,0.0007873,0.0007712,-0.0000186,-0.0022504,0.0017872,-0.0007952
2023-01-19,-0.0003478,-0.0003572,-0.0003217,-0.0005363,-0.0008016,-0.0009880
2023-01-20,-0.0019936,-0.0019210,0.0009446,-0.0002922,0.0009994,-0.0005342
2023-01-23,-0.0003493,-0.0003412,0.0003503,0.0001432,0.0005095,0.0002391
2023-01-24,-0.0005683,-0.0005701,0.0008957,0.0006505,-0.0003522,0.0003659
2023-01-25,-0.0019872,-0.0019690,0.0017622,0.0008020,-0.0018824,-0.0005335
2023-01-26,-0.0001361,-0.0001396,-0.0007619,-0.0007495,0.0002609,-0.0007868
2023-01-27,0.0002345,0.0002080,-0.0002301,-0.0002220,0.0003986,0.0000187
2023-01-30,0.0036847,0.0011919,-0.0023292,0.0004092,0.0026603,0.0021978
2023-01-31,0.0004595,0.0006642,0.0012009,-0.0026033,0.0007385,-0.0011039
2023-02-01,-0.0044280,-0.0020470,0.0060848,0.0002832,-0.0009642,-0.0002574
2023-02-02,0.0033161,0.0015535,-0.0033953,-0.0010813,0.0014978,0.0001930
2023-02-03,0.0096885,0.0043397,-0.0120896,-0.0017415,0.0075284,0.0029161
2023-02-06,0.0036011,0.0029242,-0.0040712,0.0000038,0.0001120,0.0009457
2023-02-07,-0.0024550,-0.0046762,0.0043771,-0.0000894,0.0035491,0.0009377
2023-02-08,0.0019523,0.0015975,-0.0018352,-0.0004243,-0.0017706,-0.0007163
2023-02-09,-0.0015100,-0.0010477,0.0005403,0.0008820,0.0012855,0.0007124
2023-02-10,0.0004339,0.0009631,-0.0003056,-0.0008263,-0.0007075,-0.0006841
2023-02-13,-0.0020356,-0.0021311,0.0026683,0.0012768,0.0025800,0.0019184
2023-02-14,-0.0003437,-0.0003414,-0.0008913,0.0007589,-0.0000116,0.0000564
2023-02-15,0.0057501,0.0056812,-0.0041893,0.0001207,-0.0025573,0.0012167
2023-02-16,0.0018773,0.0018511,-0.0020030,-0.0004667,-0.0005144,-0.0000642
2023-02-17,-0.0000357,-0.0000330,-0.0000041,-0.0007318,-0.0000305,-0.0006285
2023-02-20,-0.0004546,-0.0015261,0.0004924,0.0008926,-0.0000780,0.0001563
2023-02-21,0.0021859,0.0039595,-0.0020487,-0.0022675,-0.0019157,-0.0014749
2023-02-22,0.0000717,0.0028485,-0.0007980,-0.0003071,-0.0020890,-0.0007072
2023-02-23,-0.0007407,0.0006266,-0.0001223,0.0002448,-0.0002945,-0.0000590
2023-02-24,0.0033613,0.0074501,0.0012500,0.0001964,-0.0069951,0.0006155
2023-02-27,-0.0002399,-0.0045209,-0.0010329,0.0012261,0.0043367,0.0011727
2023-02-28,-0.0005077,0.0030939,0.0008259,-0.0024670,-0.0026333,-0.0021004
2023-03-01,-0.0007075,-0.0049495,-0.0019449,-0.0006572,0.0049682,-0.0007462
2023-03-02,0.0009109,0.0044334,0.0012706,0.0006263,-0.0016160,0.0020864
2023-03-03,-0.0007293,-0.0043398,-0.0012487,-0.0002473,0.0036633,-0.0006257
2023-03-06,0.0034776,-0.0001314,-0.0004192,0.0002641,-0.0001263,0.0011900
2023-03-07,0.0052732,0.0139754,0.0038630,-0.0011623,-0.0035137,0.0056178
2023-03-08,0.0005748,0.0005136,0.0004027,-0.0004704,-0.0007087,-0.0001895
2023-03-09,0.0009080,-0.0036466,-0.0029403,-0.0002659,0.0013390,-0.0015898
2023-03-10,0.0001210,-0.0057982,-0.0048395,0.0022880,0.0020201,-0.0010582
2023-03-13,-0.0046524,-0.0084750,-0.0095083,-0.0000669,0.0028321,-0.0071416
2023-03-14,-0.0006762,-0.0007200,-0.0003171,-0.0010265,0.0024361,-0.0001665
2023-03-15,-0.0037125,0.0032485,0.0038119,-0.0039815,0.0063264,0.0011659
2023-03-16,-0.0009046,-0.0018836,-0.0018595,0.0005384,-0.0004638,-0.0014659
2023-03-17,0.0029146,-0.0048332,-0.0045892,0.0016873,-0.0024752,-0.0020528
2023-03-20,-0.0001471,-0.0037413,-0.0023958,0.0004111,-0.0007975,-0.0022050
2023-03-21,0.0004958,0.0045879,0.0025365,-0.0002371,0.0042472,0.0044636
2023-03-22,0.0040122,-0.0024049,-0.0004843,0.0014749,-0.0018703,0.0009110
2023-03-23,0.0008572,-0.0011984,-0.0008645,0.0005197,-0.0013262,-0.0005841
2023-03-24,-0.0018728,0.0031629,0.0020920,0.0006563,0.0036469,0.0033084
2023-03-27,-0.0004059,-0.0009675,-0.0012267,-0.0014862,-0.0007232,-0.0024539
2023-03-28,0.0005382,-0.0055293,-0.0030058,-0.0007028,-0.0028083,-0.0045286
2023-03-29,-0.0026078,0.0026465,0.0003792,-0.0021912,0.0014992,-0.0011160
2023-03-30,0.0024055,-0.0028414,-0.0018162,-0.0000071,-0.0023190,-0.0017667
2023-03-31,-0.0017830,0.0018978,0.0006195,-0.0006376,0.0015314,0.0003374
2023-04-03,0.0003704,-0.0060626,-0.0028025,-0.0017203,-0.0033703,-0.0061302
2023-04-04,0.0045748,-0.0008971,0.0015731,0.0027302,-0.0014167,0.0040710
2023-04-05,-0.0000215,0.0014065,0.0000060,0.0002253,0.0018557,0.0015563
2023-04-06,-0.0002164,0.0039218,0.0009499,0.0015155,0.0028003,0.0042024
2023-04-07,-0.0001629,0.0006561,-0.0003637,-0.0011664,0.0011509,-0.0003836
2023-04-10,-0.0037787,0.0020051,-0.0005458,-0.0003777,0.0016123,-0.0009574
2023-04-11,0.0007275,0.0010450,0.0013267,0.0007827,-0.0010323,0.0014109
2023-04-12,0.0029826,-0.0004367,0.0011193,0.0000268,-0.0000513,0.0018144
2023-04-13,0.0013052,-0.0041529,0.0007910,-0.0023809,0.0002913,-0.0021946
2023-04-14,-0.0066500,0.0044274,-0.0015379,0.0013285,0.0006032,-0.0010797
2023-04-17,-0.0030440,0.0006550,-0.0021012,-0.0005155,0.0016547,-0.0017085
2023-04-18,0.0029851,-0.0009649,0.0011872,0.0001834,-0.0001601,0.0016335
2023-04-19,-0.0001047,0.0015900,-0.0000637,0.0002757,0.0008639,0.0011034
2023-04-20,0.0019169,0.0008795,0.0006058,0.0011049,-0.0003985,0.0021270
2023-04-21,-0.0002322,0.0029091,0.0011481,-0.0004994,0.0001347,0.0010373
2023-04-24,0.0027312,0.0006357,0.0021011,0.0002835,-0.0005579,0.0023288
2023-04-25,-0.0025683,0.0019016,-0.0014180,-0.0020947,0.0002104,-0.0027345
2023-04-26,0.0011115,0.0013529,0.0021608,0.0003239,-0.0011718,0.0015717
2023-04-27,-0.0002008,-0.0026020,-0.0008038,-0.0000643,0.0024685,-0.0001484
2023-04-28,-0.0020184,0.0001734,0.0009104,-0.0006998,0.0003232,-0.0008822
2023-05-01,-0.0031048,0.0010735,-0.0020872,-0.0007887,-0.0000513,-0.0030638
2023-05-02,0.0043808,0.0000915,-0.0011935,-0.0007180,0.0004708,0.0013648
2023-05-03,0.0062783,-0.0013675,0.0018342,0.0018267,0.0020125,0.0063989
2023-05-04,-0.0003230,-0.0045603,-0.0019533,-0.0024642,0.0010717,-0.0042211
2023-05-05,-0.0018610,-0.0052800,-0.0006120,-0.0023500,-0.0002942,-0.0051019
2023-05-08,0.0011613,-0.0017237,-0.0004796,0.0002721,-0.0020978,-0.0011957
2023-05-09,-0.0013324,0.0000368,-0.0005596,0.0001645,0.0008937,-0.0003562
2023-05-10,0.0022001,-0.0015460,-0.0000140,-0.0008948,-0.0010849,-0.0007362
2023-05-11,-0.0046464,0.0018909,-0.0031110,0.0000515,0.0062584,-0.0001080
2023-05-12,-0.0063116,0.0033270,-0.0025580,-0.0008471,0.0013123,-0.0035233
2023-05-15,0.0023451,-0.0014025,0.0019767,0.0013355,0.0016258,0.0037060
2023-05-16,-0.0020336,0.0006783,0.0002964,0.0004304,-0.0008639,-0.0006652
2023-05-17,-0.0019947,-0.0002485,0.0012567,0.0016708,-0.0021066,-0.0000629
2023-05-18,-0.0047151,-0.0002638,-0.0008911,0.0002591,-0.0042426,-0.0048272
2023-05-19,0.0042437,-0.0004322,0.0001744,-0.0001741,0.0027184,0.0031372
2023-05-22,0.0000931,0.0009812,0.0007372,0.0006234,-0.0003282,0.0011376
2023-05-23,-0.0033147,0.0006108,-0.0002606,-0.0001011,-0.0015864,-0.0024056
2023-05-24,-0.0052068,0.0062312,-0.0012699,-0.0030853,-0.0025529,-0.0047243
2023-05-25,-0.0026626,0.0032606,0.0011577,-0.0008905,-0.0040790,-0.0023887
2023-05-26,-0.0005402,-0.0000306,0.0005905,0.0010585,0.0003630,0.0011470
2023-05-29,0.0002323,-0.0011280,-0.0007516,0.0006267,0.0010220,0.0003395
2023-05-30,0.0011025,-0.0012855,0.0000163,-0.0014656,0.0007929,-0.0006911
2023-05-31,-0.0020115,-0.0005547,0.0003390,-0.0000880,-0.0017217,-0.0020324
2023-06-01,0.0045610,-0.0065283,-0.0031653,0.0010893,0.0069898,0.0023087
2023-06-02,-0.0037230,0.0017636,0.0007129,0.0005748,-0.0005775,-0.0003395
2023-06-05,0.0013931,0.0001407,-0.0008447,-0.0011440,0.0012608,-0.0000826
2023-06-06,-0.0001453,-0.0017637,-0.0013521,0.0004248,-0.0006433,-0.0019347
2023-06-07,-0.0025461,0.0004690,0.0018615,0.0020984,-0.0010318,0.0016167
2023-06-08,0.0100659,-0.0052330,-0.0039600,-0.0003800,-0.0010556,-0.0020031
2023-06-09,-0.0007067,-0.0016250,-0.0008814,0.0003357,-0.0005422,-0.0017549
2023-06-12,-0.0020050,-0.0011812,0.0002753,-0.0011266,0.0026553,-0.0004773
2023-06-13,0.0024969,0.0019506,-0.0002688,0.0025622,-0.0041510,0.0013371
2023-06-14,0.0046179,0.0006315,-0.0020904,-0.0006687,-0.0032694,-0.0019437
2023-06-15,0.0032059,0.0022066,0.0049549,0.0033086,-0.0085898,0.0040113
2023-06-16,-0.0018969,0.0013515,0.0024619,0.0019342,-0.0003656,0.0031494
2023-06-19,-0.0014672,0.0005743,-0.0001488,0.0000623,0.0024700,0.0009292
2023-06-20,0.0007007,0.0008553,-0.0021158,-0.0017006,0.0039974,-0.0002045
2023-06-21,0.0012413,0.0007590,0.0011899,-0.0000050,-0.0050824,-0.0008130
2023-06-22,-0.0026051,0.0011830,0.0010250,0.0007304,0.0003095,0.0010949
2023-06-23,-0.0013996,0.0014803,-0.0012973,-0.0010501,0.0020883,-0.0005981
2023-06-26,0.0006849,-0.0006470,-0.0003335,-0.0000931,-0.0008542,-0.0008222
2023-06-27,0.0018834,0.0031739,0.0008823,-0.0001929,-0.0001814,0.0029553
2023-06-28,-0.0028447,0.0018873,-0.0025640,-0.0018332,-0.0004647,-0.0038914
2023-06-29,-0.0028313,-0.0019690,0.0005103,0.0013865,-0.0003222,-0.0008682
2023-06-30,0.0042090,0.0002247,0.0003546,-0.0010538,0.0061773,0.0044538
2023-07-03,-0.0005555,-0.0003688,0.0002538,0.0000978,0.0002669,-0.0000135
2023-07-04,-0.0004112,-0.0024196,0.0002455,-0.0012195,0.0007607,-0.0019085
2023-07-05,0.0003528,0.0012952,-0.0015417,-0.0010804,-0.0018942,-0.0021707
2023-07-06,0.0044804,0.0039272,-0.0017634,-0.0009341,0.0000333,0.0018324
2023-07-07,0.0049362,-0.0018451,0.0012731,-0.0011874,0.0031206,0.0025354
2023-07-10,0.0032893,0.0013156,-0.0010306,-0.0002426,-0.0031898,-0.0004844
2023-07-11,0.0024582,0.0002141,0.0013211,-0.0005297,-0.0029394,0.0003241
2023-07-12,0.0074712,0.0032108,0.0024386,-0.0014980,-0.0083473,0.0015926
2023-07-13,0.0051660,0.0043194,0.0095744,0.0015452,-0.0122535,0.0076527
2023-07-14,0.0002580,0.0019197,-0.0046438,0.0014171,0.0054162,0.0015196
2023-07-17,-0.0004245,-0.0018593,-0.0007962,0.0002233,0.0007203,-0.0011961
2023-07-18,-0.0017973,-0.0017078,-0.0007861,-0.0004468,0.0009141,-0.0020952
2023-07-19,-0.0024166,-0.0021951,-0.0030252,-0.0008393,0.0039417,-0.0031092
2023-07-20,-0.0053453,-0.0040800,-0.0048797,-0.0029220,0.0036798,-0.0081090
2023-07-21,-0.0014734,0.0002790,-0.0033078,0.0001202,0.0015565,-0.0016198
2023-07-24,-0.0024242,-0.0044083,-0.0005337,-0.0015884,0.0008238,-0.0045150
2023-07-25,0.0022153,0.0002773,0.0035411,0.0008388,0.0006038,0.0038776
2023-07-26,0.0036130,0.0025525,0.0003283,0.0026298,0.0013180,0.0054635
2023-07-27,-0.0050479,-0.0050460,-0.0080042,0.0003356,-0.0011820,-0.0091813
2023-07-28,-0.0005020,0.0055070,-0.0009370,-0.0024755,-0.0004134,0.0000071
2023-07-31,-0.0013442,-0.0032328,0.0027468,-0.0022930,0.0019753,-0.0018544
2023-08-01,-0.0038095,0.0044001,-0.0066821,-0.0000916,-0.0035212,-0.0039816
2023-08-02,-0.0034321,0.0019012,-0.0063544,0.0015203,-0.0039022,-0.0036212
2023-08-03,0.0014241,-0.0001919,0.0007337,0.0014772,0.0018490,0.0026321
2023-08-04,0.0023809,0.0008260,0.0018931,0.0003831,0.0030612,0.0036433
2023-08-07,-0.0000991,0.0007099,0.0008103,-0.0010302,0.0003988,0.0000159
2023-08-08,-0.0041312,0.0013773,-0.0027832,-0.0001677,-0.0044232,-0.0040084
2023-08-09,-0.0002388,0.0006171,-0.0008700,-0.0001337,-0.0019750,-0.0010215
2023-08-10,-0.0001413,0.0020581,-0.0004324,-0.0001800,-0.0030787,-0.0005048
2023-08-11,-0.0003785,0.0010864,-0.0005782,0.0006181,-0.0009913,0.0002504
2023-08-14,-0.0009490,0.0000264,0.0000325,-0.0008330,-0.0017875,-0.0016880
2023-08-15,-0.0003752,0.0021112,0.0011323,0.0010822,-0.0017979,0.0016241
2023-08-16,0.0002126,0.0020172,0.0014603,0.0001117,-0.0027779,0.0008186
2023-08-17,-0.0003321,0.0008461,0.0005506,0.0008978,-0.0003304,0.0011509
2023-08-18,-0.0017130,-0.0013377,-0.0010587,-0.0010436,-0.0004726,-0.0029262
2023-08-21,0.0025821,0.0021358,0.0005921,0.0008318,0.0007938,0.0034402
2023-08-22,-0.0019762,-0.0027621,-0.0009425,-0.0014692,-0.0004853,-0.0040627
2023-08-23,-0.0003507,-0.0028908,-0.0036615,-0.0015796,0.0045375,-0.0028888
2023-08-24,-0.0044013,0.0005253,0.0048502,-0.0006887,-0.0021068,-0.0006776
2023-08-25,-0.0005596,0.0011936,0.0018128,0.0002402,-0.0011581,0.0009773
2023-08-28,0.0008027,0.0002893,-0.0006905,0.0003807,0.0011072,0.0009215
2023-08-29,0.0036059,-0.0011924,-0.0041830,0.0000423,0.0039443,0.0005593
2023-08-30,0.0026032,0.0025446,0.0004743,0.0025687,0.0012569,0.0052301
2023-08-31,-0.0035666,-0.0050996,-0.0017435,-0.0032841,0.0013030,-0.0071815
2023-09-01,-0.0028565,0.0004838,0.0036857,-0.0012819,0.0020494,0.0003609
2023-09-04,0.0015595,0.0015756,-0.0000766,0.0015104,0.0001335,0.0027981
2023-09-05,-0.0000557,0.0019818,0.0069618,0.0002634,0.0003210,0.0044602
2023-09-06,-0.0009391,-0.0012239,0.0008243,-0.0006432,-0.0002082,-0.0013541
2023-09-07,-0.0029264,-0.0008757,0.0017892,-0.0016843,-0.0021943,-0.0032936
2023-09-08,0.0012844,-0.0005789,-0.0006463,-0.0008933,0.0005731,-0.0004747
2023-09-11,0.0000870,-0.0026024,-0.0064613,0.0001145,0.0069588,-0.0012392
2023-09-12,0.0012099,0.0003064,0.0007658,-0.0004880,-0.0005077,0.0004626
2023-09-13,-0.0008130,-0.0009871,0.0006270,-0.0003449,-0.0006909,-0.0012105
2023-09-14,-0.0029581,-0.0047091,0.0019306,0.0005642,-0.0038164,-0.0042543
2023-09-15,-0.0000621,0.0008022,0.0015449,-0.0006865,-0.0002422,0.0003872
2023-09-18,0.0008400,-0.0008470,-0.0024125,0.0002748,0.0000149,-0.0008256
2023-09-19,-0.0000995,-0.0016822,-0.0011728,0.0013082,-0.0011289,-0.0008273
2023-09-20,-0.0008582,-0.0002442,0.0023102,0.0007416,-0.0009852,0.0006137
2023-09-21,-0.0028849,-0.0019845,0.0010609,-0.0003232,-0.0009898,-0.0026546
2023-09-22,-0.0022875,-0.0022109,0.0013948,0.0022703,-0.0028090,-0.0010149
2023-09-25,-0.0013929,-0.0015807,0.0030319,0.0024095,-0.0035616,0.0001744
2023-09-26,-0.0021426,-0.0033294,0.0049289,-0.0000924,-0.0005462,-0.0010887
2023-09-27,-0.0004022,-0.0016074,0.0049167,0.0014792,-0.0043944,0.0002854
2023-09-28,0.0009592,0.0031806,-0.0073753,-0.0013746,0.0060225,0.0006101
2023-09-29,-0.0029664,-0.0010286,0.0008258,-0.0010338,-0.0000056,-0.0025296
2023-10-02,-0.0032838,-0.0088606,0.0089201,-0.0006640,-0.0060987,-0.0059845
2023-10-03,-0.0003063,-0.0051898,0.0021656,-0.0009345,-0.0022578,-0.0035152
2023-10-04,0.0014485,0.0026955,-0.0024002,-0.0025227,0.0023964,0.0000844
2023-10-05,0.0007404,0.0057786,-0.0060161,0.0002071,0.0060020,0.0036406
2023-10-06,0.0031118,0.0049091,-0.0026068,-0.0006438,0.0010314,0.0031589
2023-10-09,-0.0005524,0.0028864,-0.0036854,0.0007662,0.0001667,0.0002864
2023-10-10,0.0015105,0.0038754,-0.0026864,-0.0002450,-0.0013509,0.0007942
2023-10-11,0.0030360,0.0007040,-0.0002486,-0.0024133,0.0000855,0.0001184
2023-10-12,-0.0023201,-0.0129491,0.0116637,-0.0009590,0.0070847,-0.0000656
2023-10-13,0.0026348,-0.0005935,-0.0012599,-0.0006117,-0.0019251,-0.0004597
2023-10-16,0.0016609,0.0063430,-0.0052044,-0.0000324,-0.0005835,0.0013379
2023-10-17,-0.0003766,-0.0010826,0.0009591,-0.0004375,0.0000349,-0.0006405
2023-10-18,-0.0006379,-0.0044510,0.0035303,-0.0006257,-0.0003417,-0.0015180
2023-10-19,0.0032500,0.0024157,-0.0028831,0.0009568,-0.0023408,0.0016147
2023-10-20,0.0015090,-0.0003808,0.0004963,-0.0003222,-0.0003282,0.0005670
2023-10-23,0.0029454,0.0032128,-0.0053881,0.0013147,0.0001497,0.0023144
2023-10-24,-0.0051015,-0.0031161,0.0041357,-0.0009330,0.0021950,-0.0026225
2023-10-25,-0.0007644,-0.0010310,0.0057369,0.0000146,0.0003096,0.0013202
2023-10-26,-0.0016977,0.0008240,-0.0001902,0.0002801,0.0000497,-0.0005303
2023-10-27,-0.0032570,-0.0019515,-0.0002351,0.0002464,-0.0000929,-0.0026903
2023-10-30,0.0000980,-0.0018258,-0.0060903,-0.0008418,0.0021718,-0.0024544
2023-10-31,0.0011033,0.0031680,0.0079325,-0.0015552,0.0039392,0.0053286
2023-11-01,-0.0021602,-0.0030963,-0.0034595,-0.0005311,0.0004935,-0.0039111
2023-11-02,0.0019243,-0.0032693,-0.0079050,-0.0024550,0.0026744,-0.0033854
2023-11-03,0.0023251,-0.0012259,-0.0136356,-0.0008923,-0.0017883,-0.0050236
2023-11-06,0.0007638,0.0000846,0.0026998,0.0013719,0.0030821,0.0038821
2023-11-07,-0.0000222,-0.0014936,0.0013055,-0.0001419,0.0043834,0.0017922
2023-11-08,0.0018213,-0.0000748,0.0010647,0.0008119,0.0020087,0.0029893
2023-11-09,-0.0011815,-0.0033553,0.0003946,-0.0007965,0.0022757,-0.0014564
2023-11-10,0.0014369,0.0005914,-0.0000235,-0.0000393,-0.0002556,0.0009323
2023-11-13,0.0011622,0.0007918,0.0012466,0.0011346,-0.0002016,0.0021813
2023-11-14,-0.0001913,-0.0003338,-0.0044651,0.0027535,-0.0035925,-0.0010660
2023-11-15,-0.0006976,-0.0009224,0.0008317,0.0005953,0.0010367,0.0004152
2023-11-16,0.0024415,0.0027072,0.0008675,-0.0002678,0.0013198,0.0032298
2023-11-17,-0.0010777,-0.0009892,-0.0016895,-0.0001553,-0.0030015,-0.0031304
2023-11-20,-0.0023215,-0.0023539,-0.0011997,-0.0001371,-0.0040886,-0.0047868
2023-11-21,-0.0004121,-0.0004127,-0.0010281,-0.0009755,-0.0005768,-0.0017688
2023-11-22,0.0010839,0.0011089,-0.0017664,0.0006212,0.0032085,0.0026195
2023-11-23,0.0000109,0.0000113,0.0013595,0.0008467,-0.0013724,0.0004470
2023-11-24,-0.0007025,-0.0007307,0.0012854,0.0000907,-0.0030173,-0.0017201
2023-11-27,-0.0013247,-0.0009905,0.0020371,-0.0005304,-0.0029453,-0.0024793
2023-11-28,-0.0034177,-0.0019422,0.0041852,-0.0005375,-0.0065964,-0.0053199
2023-11-29,0.0017924,0.0008124,0.0002869,-0.0002452,-0.0002814,0.0012783
2023-11-30,0.0011806,-0.0017455,-0.0044467,0.0004390,0.0038832,0.0007831
2023-12-01,-0.0029532,-0.0031160,0.0074098,-0.0004561,-0.0087114,-0.0051543
2023-12-04,0.0023546,0.0006179,-0.0056596,-0.0008581,0.0055536,0.0017041
2023-12-05,0.0028588,0.0014518,-0.0039421,-0.0004043,0.0035686,0.0024224
2023-12-06,0.0002727,-0.0009671,-0.0011615,-0.0000853,-0.0006212,-0.0008746
2023-12-07,-0.0060176,-0.0048758,0.0068900,-0.0027154,-0.0042552,-0.0076865
2023-12-08,0.0008493,-0.0002296,-0.0049189,-0.0018180,0.0025587,-0.0014006
2023-12-11,0.0019299,0.0024473,-0.0010450,-0.0016490,0.0016350,0.0011888
2023-12-12,-0.0002115,0.0002501,0.0022434,0.0007729,-0.0001965,0.0011487
2023-12-13,-0.0070534,-0.0013422,0.0090249,0.0009353,-0.0013100,-0.0019756
2023-12-14,-0.0037288,0.0046314,0.0076746,-0.0023618,-0.0010486,-0.0004124
2023-12-15,-0.0003611,-0.0028243,-0.0031129,0.0021641,0.0029812,0.0007968
2023-12-18,0.0006061,0.0011490,-0.0000564,-0.0018758,0.0000545,-0.0007130
2023-12-19,-0.0008560,0.0056632,0.0062255,-0.0022579,-0.0062271,-0.0009384
2023-12-20,0.0004846,-0.0033428,-0.0038567,0.0008471,0.0038547,0.0001615
2023-12-21,-0.0042996,0.0039344,0.0090079,-0.0002886,-0.0090107,-0.0022730
2023-12-22,0.0003021,0.0007940,0.0001750,-0.0005995,-0.0001773,-0.0000385
2023-12-25,-0.0008095,-0.0000930,0.0002727,0.0004170,-0.0002747,-0.0001755
2023-12-26,-0.0013968,0.0037776,0.0037499,-0.0004547,-0.0037570,-0.0000760
2023-12-27,0.0016217,0.0047486,0.0059787,-0.0012008,-0.0059812,0.0011519
2023-12-28,0.0016641,-0.0034418,-0.0026496,0.0018829,0.0026449,0.0013459
2023-12-29,0.0018978,-0.0009092,-0.0002132,0.0016064,0.0002117,0.0019835
2024-01-02,0.0059587,-0.0024866,0.0059587,-0.0012065,0.0041810,0.0045736
2024-01-03,0.0026511,0.0020387,0.0026511,0.0023477,0.0010725,0.0052557
2024-01-04,0.0010709,0.0025688,0.0010709,0.0015607,0.0006719,0.0034428
2024-01-05,-0.0005938,-0.0001939,-0.0005938,0.0002823,-0.0004392,-0.0004996
2024-01-08,-0.0008589,0.0013074,-0.0008589,0.0006336,-0.0008961,0.0001026
2024-01-09,0.0018471,-0.0020584,0.0018471,-0.0006271,0.0010988,0.0004279
2024-01-10,0.0002013,0.0024250,0.0002013,0.0017627,0.0000681,0.0028911
2024-01-11,-0.0006132,-0.0003198,-0.0006132,-0.0001861,-0.0003357,-0.0009594
2024-01-12,0.0001526,-0.0010112,0.0001526,-0.0005598,0.0005284,-0.0006566
2024-01-15,0.0023689,0.0020276,0.0023689,0.0002036,0.0003765,0.0034104
2024-01-16,0.0070688,0.0019359,0.0070688,0.0003373,0.0025762,0.0082671
2024-01-17,0.0009755,0.0023524,0.0009755,0.0014759,-0.0001051,0.0032110
2024-01-18,-0.0019517,-0.0013853,-0.0019517,-0.0009460,0.0000000,-0.0031275
2024-01-19,-0.0020622,-0.0013236,-0.0020622,-0.0005567,0.0000000,-0.0028722
2024-01-22,0.0024756,0.0005933,0.0024756,0.0003787,0.0000000,0.0026629
2024-01-23,-0.0004320,-0.0014438,-0.0004320,-0.0005623,0.0000000,-0.0016044
2024-01-24,0.0009600,0.0007138,0.0009600,0.0015659,0.0000000,0.0024462
2024-01-25,-0.0010640,-0.0010043,-0.0010640,-0.0012816,0.0000000,-0.0024841
2024-01-26,0.0014427,0.0023627,0.0014427,0.0013160,0.0000000,0.0036212
2024-01-29,-0.0023713,-0.0029030,-0.0023713,-0.0007122,0.0000000,-0.0042796
2024-01-30,-0.0004080,-0.0006570,-0.0004080,0.0000276,0.0000000,-0.0007195
2024-01-31,0.0023770,0.0019032,0.0023770,0.0001242,0.0000000,0.0033250
2024-02-01,-0.0034600,-0.0016528,-0.0034600,0.0010408,0.0000000,-0.0032089
2024-02-02,0.0082480,0.0046772,0.0082480,-0.0005279,0.0000000,0.0095192
2024-02-05,0.0042298,0.0013198,0.0042298,-0.0013392,0.0000000,0.0031676
2024-02-06,-0.0046669,-0.0028587,-0.0046669,-0.0005130,0.0008993,-0.0054264
2024-02-07,-0.0026247,-0.0017716,-0.0026247,-0.0003932,0.0004385,-0.0031929
2024-02-08,0.0024873,0.0020441,0.0024873,0.0018018,-0.0001692,0.0044685
2024-02-09,-0.0031390,-0.0024579,-0.0031390,-0.0009283,0.0001991,-0.0044879
2024-02-12,0.0004795,-0.0000468,0.0004795,-0.0003087,-0.0000253,0.0000952
2024-02-13,0.0071166,0.0032130,0.0071166,0.0000513,-0.0005853,0.0071644
2024-02-14,-0.0019496,-0.0021160,-0.0019496,-0.0013308,-0.0001989,-0.0037918
2024-02-15,-0.0039488,-0.0008931,-0.0039488,0.0004520,0.0018591,-0.0022956
2024-02-16,-0.0003530,-0.0000971,-0.0003530,-0.0001025,-0.0001854,-0.0004838
2024-02-19,-0.0012115,-0.0012859,-0.0012115,-0.0006906,-0.0003893,-0.0023311
2024-02-20,-0.0010652,0.0010159,-0.0010652,0.0001921,0.0005434,0.0001464
2024-02-21,-0.0006230,0.0004221,-0.0006230,0.0009698,0.0007823,0.0008947
2024-02-22,-0.0006268,-0.0004563,-0.0014049,0.0003653,0.0002595,-0.0005606
2024-02-23,0.0000739,0.0002455,-0.0000541,-0.0002122,-0.0000063,-0.0000264
2024-02-26,-0.0006733,0.0020949,0.0007503,0.0012915,0.0003364,0.0022999
2024-02-27,0.0005639,-0.0004861,0.0007385,0.0000437,0.0003241,0.0004436
2024-02-28,0.0008707,0.0019080,0.0052414,0.0009378,-0.0000458,0.0040027
2024-02-29,-0.0009349,-0.0031590,-0.0002668,-0.0026984,-0.0013545,-0.0052007
2024-03-01,-0.0015472,0.0007841,-0.0027121,0.0002108,0.0003178,-0.0008591
2024-03-04,-0.0005308,0.0017197,0.0001849,0.0012878,-0.0003630,0.0016033
2024-03-05,-0.0002124,0.0001353,0.0002580,0.0002205,0.0003384,0.0004616
2024-03-06,-0.0039239,-0.0004021,-0.0065198,-0.0016670,0.0002972,-0.0055749
2024-03-07,0.0007434,0.0002007,-0.0070479,-0.0006918,0.0009899,-0.0020021
2024-03-08,-0.0015703,-0.0011461,0.0002288,-0.0002459,-0.0009381,-0.0020969
2024-03-11,-0.0001632,-0.0022314,-0.0002607,-0.0006980,0.0009724,-0.0014330
2024-03-12,0.0007534,-0.0004072,0.0014746,0.0007577,0.0004380,0.0015621
2024-03-13,0.0005718,0.0015013,-0.0018860,-0.0006308,-0.0004320,-0.0003283
2024-03-14,-0.0037748,-0.0062349,0.0037766,-0.0001251,-0.0002431,-0.0045190
2024-03-15,-0.0010968,-0.0014743,0.0028082,0.0012691,0.0004359,0.0010298
2024-03-18,-0.0016645,-0.0011412,-0.0008618,-0.0010480,-0.0008850,-0.0033917
2024-03-19,0.0006158,0.0030761,0.0048462,0.0030885,0.0000946,0.0066767
2024-03-20,0.0047755,0.0027573,-0.0036298,0.0012904,-0.0011159,0.0026125
2024-03-21,-0.0073119,-0.0057397,-0.0006381,-0.0036830,0.0002218,-0.0099077
2024-03-22,-0.0044274,-0.0012418,0.0049734,0.0001276,0.0000029,-0.0005415
2024-03-25,0.0017351,-0.0012495,-0.0021153,-0.0000968,-0.0003771,-0.0012330
2024-03-26,-0.0014995,-0.0007381,-0.0008428,-0.0011442,-0.0010819,-0.0032171
2024-03-27,-0.0004746,0.0004459,-0.0002643,0.0000313,-0.0000103,-0.0000378
2024-03-28,-0.0030164,0.0033481,0.0023161,0.0011253,-0.0004033,0.0022168
2024-03-29,0.0003258,-0.0004407,-0.0003871,-0.0003008,0.0002215,-0.0003440
2024-04-01,-0.0042604,0.0016975,0.0018530,-0.0009598,-0.0015188,-0.0021096
2024-04-02,0.0017917,-0.0027338,-0.0027339,-0.0010150,-0.0003288,-0.0030658
2024-04-03,0.0085443,-0.0023183,-0.0022778,0.0019444,0.0024925,0.0050144
2024-04-04,0.0004191,-0.0010989,-0.0010840,-0.0007720,0.0008102,-0.0009043
2024-04-05,-0.0015146,0.0017945,0.0017939,0.0004797,-0.0004944,0.0011799
2024-04-08,0.0021359,-0.0025328,-0.0025272,-0.0007790,-0.0002864,-0.0025228
2024-04-09,0.0023584,-0.0006509,-0.0006560,0.0000095,0.0013036,0.0013656
2024-04-10,-0.0152868,0.0081746,0.0085477,-0.0007451,-0.0049943,-0.0025806
2024-04-11,0.0018798,0.0003821,-0.0009523,0.0005017,0.0011661,0.0018319
2024-04-12,-0.0110245,0.0048679,0.0066932,-0.0015140,-0.0045765,-0.0034957
2024-04-15,-0.0001668,0.0039984,0.0028546,0.0029711,-0.0008500,0.0048404
2024-04-16,-0.0028805,0.0041737,0.0034134,0.0005812,-0.0024098,0.0010276
2024-04-17,0.0050601,-0.0060526,-0.0048954,-0.0004655,0.0055111,0.0008136
2024-04-18,-0.0017742,0.0025580,0.0018054,0.0001035,-0.0021659,-0.0003297
2024-04-19,-0.0006950,0.0006719,-0.0020092,-0.0005120,-0.0006736,-0.0016203
2024-04-22,0.0023069,-0.0017263,-0.0025377,-0.0000428,0.0020176,0.0005588
2024-04-23,0.0053400,-0.0053601,-0.0013538,0.0017231,0.0053503,0.0043314
2024-04-24,-0.0002922,0.0017639,0.0023108,-0.0001108,-0.0010390,0.0006833
2024-04-25,0.0046388,-0.0038271,-0.0019309,0.0017750,0.0041993,0.0037365
2024-04-26,0.0020743,0.0057300,0.0051670,0.0028334,-0.0018982,0.0061003
2024-04-29,0.0024793,-0.0079989,-0.0053354,-0.0018366,0.0062556,-0.0017261
2024-04-30,-0.0110828,0.0149619,0.0120327,0.0008990,-0.0123401,-0.0002280
2024-05-01,0.0020644,-0.0112299,-0.0090682,-0.0044313,0.0092589,-0.0054094
2024-05-02,0.0041306,-0.0062443,-0.0054937,-0.0005647,0.0046302,-0.0009388
2024-05-03,0.0040966,-0.0060798,-0.0050518,-0.0024245,0.0044333,-0.0023147
2024-05-06,0.0019777,-0.0000549,0.0006275,0.0017201,-0.0002335,0.0020850
2024-05-07,-0.0032532,0.0049565,0.0027720,-0.0012422,-0.0040505,-0.0012952
2024-05-08,0.0002087,0.0014956,0.0010834,0.0006255,-0.0010926,0.0009369
2024-05-09,0.0048676,-0.0046731,-0.0037938,0.0006591,0.0029323,0.0005911
2024-05-10,-0.0009458,0.0014529,0.0015624,0.0007929,-0.0003824,0.0011546
2024-05-13,0.0013711,0.0010719,0.0009654,0.0016491,-0.0001651,0.0023494
2024-05-14,0.0036230,-0.0018461,-0.0018521,0.0009847,0.0005183,0.0009595
2024-05-15,0.0080525,-0.0076349,-0.0076450,-0.0004760,0.0016212,-0.0021155
2024-05-16,-0.0019514,0.0024251,0.0023672,-0.0001940,-0.0004291,0.0005783
2024-05-17,0.0009977,0.0007466,0.0007265,0.0005996,-0.0006216,0.0009819
2024-05-20,-0.0016422,0.0011138,0.0030968,0.0007391,0.0001282,0.0014949
2024-05-21,-0.0012773,0.0009823,0.0011883,0.0002999,0.0004998,0.0007491
2024-05-22,-0.0031029,0.0008490,0.0047167,-0.0004756,-0.0008034,0.0001210
2024-05-23,-0.0017126,-0.0003081,0.0005793,-0.0005719,-0.0002138,-0.0009734
2024-05-24,0.0041828,0.0001451,-0.0024418,0.0007174,-0.0006653,0.0008057
2024-05-27,0.0026451,0.0015966,-0.0021007,0.0010886,-0.0006895,0.0011733
2024-05-28,-0.0008817,-0.0003365,0.0004532,-0.0003244,-0.0000807,-0.0005135
2024-05-29,-0.0050455,-0.0019669,0.0041969,-0.0013921,0.0002301,-0.0017615
2024-05-30,-0.0008136,-0.0023433,-0.0049815,-0.0023267,0.0009199,-0.0040693
2024-05-31,0.0011254,0.0009752,-0.0025167,0.0009356,-0.0013370,-0.0000348
2024-06-03,0.0020351,0.0058375,-0.0053395,0.0010142,-0.0000884,0.0013739
2024-06-04,-0.0043744,-0.0016173,-0.0003638,-0.0019794,0.0001889,-0.0034080
2024-06-05,0.0029382,0.0013349,0.0027328,0.0020105,0.0003872,0.0039381
2024-06-06,-0.0007330,0.0013166,-0.0030898,-0.0004685,-0.0012274,-0.0017346
2024-06-07,-0.0033858,-0.0069391,0.0105918,-0.0002506,0.0044141,0.0020535
2024-06-10,0.0008137,-0.0006513,-0.0002110,0.0005286,-0.0006485,0.0001307
2024-06-11,0.0002144,-0.0000594,0.0008274,0.0000140,-0.0001599,0.0002466
2024-06-12,0.0033051,0.0021092,-0.0048974,0.0007598,-0.0018515,-0.0001036
2024-06-13,-0.0028749,-0.0014084,0.0025727,0.0000718,0.0003106,-0.0002827
2024-06-14,-0.0042023,-0.0013241,-0.0001180,-0.0002829,-0.0002407,-0.0020390
2024-06-17,0.0007018,-0.0009894,-0.0000601,0.0008663,0.0001515,0.0006493
2024-06-18,0.0003017,-0.0002839,-0.0028507,0.0004847,-0.0017138,-0.0012270
2024-06-19,0.0004543,-0.0004532,0.0001614,-0.0000195,0.0004181,0.0002103
2024-06-20,-0.0007284,0.0016630,0.0026404,-0.0016845,0.0020353,0.0006206
2024-06-21,0.0007610,0.0012329,0.0020649,0.0002442,0.0007466,0.0017659
2024-06-24,0.0011094,-0.0030125,-0.0019601,0.0002045,-0.0004888,-0.0012376
2024-06-25,-0.0002854,0.0003967,0.0012990,-0.0003770,0.0005401,0.0003651
2024-06-26,-0.0003450,0.0045663,0.0033154,0.0002262,0.0016912,0.0032217
2024-06-27,0.0011657,-0.0013007,0.0000787,-0.0000724,0.0003486,0.0000919
2024-06-28,0.0007430,-0.0014113,-0.0013333,-0.0001966,-0.0001810,-0.0008425
2024-07-01,0.0029032,-0.0020463,0.0029770,0.0007634,0.0004414,0.0020416
2024-07-02,0.0001132,-0.0007105,-0.0006253,-0.0010193,-0.0000419,-0.0012092
2024-07-03,0.0010937,0.0017026,-0.0027311,0.0009986,-0.0002341,0.0007091
2024-07-04,-0.0002445,-0.0000722,-0.0014558,-0.0001552,0.0004384,-0.0005229
2024-07-05,0.0006766,0.0030619,-0.0006981,0.0015266,0.0004865,0.0024180
2024-07-08,0.0001032,0.0001969,0.0007627,-0.0004202,-0.0000794,-0.0000113
2024-07-09,0.0003659,0.0004666,0.0004710,0.0001255,-0.0005672,0.0003084
2024-07-10,0.0029528,0.0029274,0.0029528,0.0015965,-0.0005959,0.0041948
2024-07-11,-0.0029576,-0.0028985,-0.0029576,-0.0006864,0.0024802,-0.0026270
2024-07-12,-0.0009607,-0.0009789,-0.0009607,0.0013379,-0.0014081,-0.0006303
2024-07-15,0.0021832,0.0027246,0.0021832,0.0001598,0.0008765,0.0030885
2024-07-16,-0.0003337,0.0008845,-0.0003337,0.0005031,0.0006035,0.0007137
2024-07-17,-0.0060520,-0.0072977,-0.0060520,-0.0025100,-0.0006395,-0.0094103
2024-07-18,0.0029147,0.0072476,0.0029147,0.0002412,0.0021279,0.0057298
2024-07-19,0.0010692,0.0036183,0.0010692,-0.0000715,0.0012493,0.0024913
2024-07-22,0.0003710,0.0027271,0.0003710,-0.0004967,-0.0003408,0.0005893
2024-07-23,-0.0000747,0.0015270,-0.0000747,-0.0021255,-0.0000618,-0.0012876
2024-07-24,-0.0025704,-0.0004255,-0.0025704,-0.0020854,-0.0008236,-0.0046290
2024-07-25,-0.0018615,0.0006959,-0.0018615,-0.0020673,-0.0000492,-0.0030607
2024-07-26,0.0009696,0.0003760,0.0009696,0.0007570,-0.0003933,0.0013387
2024-07-29,0.0027245,0.0026171,0.0027245,-0.0005079,-0.0002694,0.0031128
2024-07-30,-0.0041333,-0.0033347,-0.0041333,-0.0031680,0.0015106,-0.0066684
2024-07-31,-0.0068734,-0.0071941,-0.0068734,-0.0040004,0.0010967,-0.0119452
2024-08-01,-0.0032427,-0.0006519,-0.0032427,-0.0043834,0.0020530,-0.0049749
2024-08-02,-0.0086649,-0.0096701,-0.0010587,0.0014338,-0.0068869,-0.0132452
2024-08-05,-0.0065435,-0.0028371,0.0008633,-0.0024315,-0.0042966,-0.0090723
2024-08-06,-0.0022579,-0.0032296,-0.0033200,-0.0025516,0.0004059,-0.0053403
2024-08-07,0.0029102,-0.0018795,-0.0069092,-0.0007292,0.0060229,0.0019356
2024-08-08,0.0042450,-0.0029135,0.0008524,0.0000413,0.0022267,0.0027406
2024-08-09,-0.0010596,0.0008471,0.0007483,-0.0003806,-0.0014862,-0.0012036
2024-08-12,0.0005059,0.0007135,0.0001368,0.0016767,0.0012425,0.0028354
2024-08-13,-0.0013814,-0.0011863,0.0026334,0.0003139,0.0015955,0.0013734
2024-08-14,0.0009448,0.0008081,0.0008955,-0.0005916,-0.0004396,0.0003460
2024-08-15,0.0062668,0.0031515,-0.0026360,0.0010766,0.0034187,0.0064057
2024-08-16,-0.0040128,-0.0014716,0.0043490,0.0003693,-0.0027961,-0.0022093
2024-08-19,-0.0031432,0.0048932,0.0028017,0.0018439,-0.0015477,0.0022540
2024-08-20,-0.0043017,0.0038002,0.0037839,0.0000199,-0.0029788,-0.0007884
2024-08-21,-0.0007222,0.0013227,0.0011870,-0.0007667,-0.0009779,-0.0005619
2024-08-22,0.0018688,-0.0011505,-0.0019870,-0.0001227,0.0019273,0.0007268
2024-08-23,-0.0052407,0.0059754,0.0040920,0.0006018,-0.0046674,-0.0007560
2024-08-26,-0.0002762,-0.0022484,-0.0031161,-0.0018614,0.0013807,-0.0029106
2024-08-27,-0.0026925,0.0065317,0.0042761,0.0001648,-0.0036024,0.0011487
2024-08-28,0.0019401,-0.0049022,-0.0050213,0.0011633,0.0034764,-0.0000885
2024-08-29,0.0021234,-0.0021766,-0.0021792,0.0011192,0.0028088,0.0017860
2024-08-30,0.0010968,-0.0044845,-0.0044828,0.0001289,0.0030190,-0.0011848
2024-09-02,0.0020835,0.0016305,0.0002188,0.0009611,0.0000355,0.0024432
2024-09-03,-0.0009273,-0.0073871,-0.0049384,-0.0031170,-0.0002806,-0.0081907
2024-09-04,-0.0038558,0.0030109,0.0058677,-0.0020917,-0.0038017,-0.0019390
2024-09-05,-0.0011208,0.0026841,0.0031606,0.0008641,-0.0020239,0.0013763
2024-09-06,-0.0015872,-0.0079034,-0.0058841,-0.0024112,0.0005001,-0.0078227
2024-09-09,-0.0000151,-0.0050792,-0.0050506,-0.0018724,0.0043085,-0.0029036
2024-09-10,-0.0003220,-0.0006603,-0.0006694,0.0014478,-0.0008384,0.0000297
2024-09-11,0.0001896,-0.0007387,-0.0007211,-0.0028543,0.0019184,-0.0016593
2024-09-12,0.0026879,0.0063839,0.0063294,0.0014538,-0.0037655,0.0050814
2024-09-13,-0.0009598,0.0000313,0.0000305,-0.0002752,-0.0013728,-0.0013873
2024-09-16,0.0021596,0.0058708,0.0065208,0.0012940,-0.0041170,0.0043363
2024-09-17,0.0014569,-0.0036109,-0.0041484,-0.0008243,0.0035592,-0.0009166
2024-09-18,0.0004974,0.0025025,0.0019838,0.0013239,-0.0013798,0.0021443
2024-09-19,0.0022562,0.0026831,0.0052446,-0.0013777,-0.0017346,0.0018947
2024-09-20,0.0024868,-0.0008536,-0.0014792,0.0003823,0.0009170,0.0010312
2024-09-23,-0.0023460,0.0008362,0.0022437,0.0004465,0.0000229,0.0004809
2024-09-24,0.0035467,0.0043287,0.0104276,-0.0007714,-0.0040065,0.0042116
2024-09-25,-0.0051930,-0.0077622,-0.0104810,-0.0006612,0.0054005,-0.0062191
2024-09-26,0.0064241,0.0066079,0.0073419,0.0030279,-0.0034021,0.0079895
2024-09-27,-0.0001543,0.0041346,0.0014420,-0.0013047,-0.0001893,0.0005822
2024-09-30,0.0002245,-0.0020734,-0.0025366,0.0005786,0.0016689,-0.0000906
2024-10-01,-0.0065645,-0.0064722,-0.0046783,-0.0026300,0.0032379,-0.0066755
2024-10-02,0.0006588,-0.0037820,-0.0043146,0.0015675,0.0009161,-0.0005935
2024-10-03,-0.0038768,-0.0046834,-0.0072651,-0.0012811,0.0029569,-0.0048212
2024-10-04,-0.0028591,-0.0055916,-0.0064608,0.0008178,-0.0001661,-0.0042532
2024-10-07,-0.0009267,-0.0035377,-0.0023408,-0.0010762,0.0000000,-0.0029770
2024-10-08,0.0006425,-0.0005784,-0.0005836,0.0007289,0.0000000,0.0004749
2024-10-09,-0.0022083,-0.0053152,-0.0068818,0.0011267,0.0000000,-0.0036654
2024-10-10,0.0020131,0.0006004,0.0016613,0.0005184,0.0000000,0.0019015
2024-10-11,0.0015165,0.0004400,-0.0003093,0.0013454,-0.0005477,0.0014524
2024-10-14,-0.0015733,-0.0024264,-0.0040361,0.0004532,-0.0007699,-0.0026433
2024-10-15,-0.0010405,-0.0010269,-0.0000144,-0.0011854,0.0005837,-0.0013909
2024-10-16,-0.0051201,-0.0051085,-0.0039879,-0.0025217,-0.0000814,-0.0069160
2024-10-17,0.0009342,0.0009394,-0.0011658,0.0025374,-0.0011599,0.0017362
2024-10-18,0.0029241,0.0029218,0.0026294,0.0005774,0.0001185,0.0033761
2024-10-21,-0.0049419,-0.0049452,-0.0063194,-0.0006403,-0.0009844,-0.0063577
2024-10-22,0.0001664,0.0001752,0.0008809,0.0004172,0.0005262,0.0009554
2024-10-23,-0.0044301,-0.0044690,-0.0053962,-0.0005849,-0.0007052,-0.0055639
2024-10-24,0.0035917,0.0036093,0.0027254,0.0008427,-0.0002954,0.0039499
2024-10-25,-0.0024687,-0.0025067,-0.0041768,-0.0000055,-0.0010738,-0.0035558
2024-10-28,-0.0003283,-0.0001992,-0.0001566,0.0002845,0.0004312,0.0002003
2024-10-29,0.0002281,0.0003520,0.0002281,0.0008368,-0.0010955,0.0003684
2024-10-30,0.0002499,0.0003097,0.0002499,-0.0008004,0.0004726,-0.0001003
2024-10-31,0.0025075,0.0003336,0.0025075,-0.0011226,0.0000424,0.0011203
2024-11-01,-0.0036504,-0.0021167,-0.0036504,0.0008881,-0.0020711,-0.0039380
2024-11-04,0.0034344,0.0020928,0.0034344,0.0008950,0.0026296,0.0054849
2024-11-05,0.0035792,0.0027423,0.0035792,-0.0006680,0.0020646,0.0041925
2024-11-06,-0.0137127,-0.0088443,-0.0137127,-0.0008059,-0.0058626,-0.0169236
2024-11-07,0.0085028,0.0062387,0.0085028,-0.0003974,0.0025585,0.0085608
2024-11-08,-0.0058030,-0.0068369,-0.0058030,-0.0009678,-0.0017286,-0.0075098
2024-11-11,-0.0038829,-0.0022416,-0.0038829,-0.0000466,-0.0015080,-0.0039802
2024-11-12,-0.0048067,-0.0034076,-0.0036277,-0.0017021,-0.0005798,-0.0054349
2024-11-13,-0.0045105,-0.0031410,-0.0021672,0.0000801,-0.0021264,-0.0042861
2024-11-14,-0.0030773,-0.0018370,-0.0004245,0.0005492,-0.0022993,-0.0025961
2024-11-15,0.0026168,-0.0004128,0.0013753,-0.0014517,-0.0000419,-0.0000127
2024-11-18,0.0031713,-0.0025855,-0.0046948,-0.0009421,0.0027313,-0.0001833
2024-11-19,0.0000496,-0.0020512,-0.0021297,-0.0009559,0.0014373,-0.0011787
2024-11-20,-0.0036790,0.0027377,0.0024370,0.0005921,-0.0008527,0.0002532
2024-11-21,-0.0026528,-0.0004968,0.0028440,-0.0001524,-0.0005968,-0.0007940
2024-11-22,-0.0047511,-0.0004003,0.0011105,-0.0014266,-0.0018364,-0.0037412
2024-11-25,0.0049377,-0.0014673,-0.0001535,-0.0016074,0.0016968,0.0009358
2024-11-26,0.0010850,0.0018417,0.0033823,-0.0002475,-0.0015220,0.0008176
2024-11-27,0.0042286,-0.0085539,-0.0033525,-0.0008290,0.0015173,-0.0021429
2024-11-28,-0.0008380,0.0005285,-0.0006726,0.0005536,0.0000827,0.0001940
2024-11-29,0.0024248,-0.0043334,-0.0004875,-0.0001078,0.0007029,-0.0004160
2024-12-02,-0.0030639,0.0038662,0.0041261,-0.0004312,-0.0021597,-0.0002109
2024-12-03,0.0014464,0.0004604,-0.0000441,0.0009800,-0.0004756,0.0011235
2024-12-04,-0.0004914,0.0030797,0.0014450,0.0017187,0.0003415,0.0028806
2024-12-05,0.0026833,-0.0048291,-0.0031972,0.0002525,0.0024110,0.0001070
2024-12-06,0.0020814,0.0058892,0.0066106,0.0039271,-0.0028949,0.0059271
2024-12-09,-0.0004502,-0.0003873,-0.0027769,-0.0004280,-0.0003202,-0.0016065
2024-12-10,-0.0013415,0.0057157,0.0020910,0.0012693,-0.0011291,0.0023957
2024-12-11,-0.0018608,0.0011113,0.0003432,-0.0006559,0.0001603,-0.0005762
2024-12-12,-0.0021238,0.0030075,0.0014336,-0.0013223,-0.0030537,-0.0024165
2024-12-13,-0.0007350,0.0000260,-0.0001154,-0.0004322,-0.0003537,-0.0008581
2024-12-16,0.0002570,-0.0011452,-0.0025134,0.0004320,-0.0005402,-0.0010493
2024-12-17,0.0021896,0.0018825,0.0037479,0.0010236,-0.0009461,0.0026747
2024-12-18,-0.0044451,0.0168020,0.0114890,0.0004379,-0.0047475,0.0048322
2024-12-19,-0.0030774,0.0007769,-0.0024078,0.0012165,0.0020867,0.0009057
2024-12-20,0.0035035,-0.0058023,-0.0017508,0.0009491,0.0027229,0.0016673
2024-12-23,-0.0026916,0.0028533,-0.0007488,-0.0010683,-0.0013732,-0.0021374
2024-12-24,-0.0010099,0.0002067,-0.0005180,-0.0003789,-0.0002188,-0.0009131
2024-12-25,0.0013630,0.0001912,0.0005056,0.0005067,-0.0005186,0.0007342
2024-12-26,-0.0002867,0.0021867,0.0011408,0.0010543,-0.0013525,0.0007796
2024-12-27,0.0000615,-0.0001313,-0.0014029,-0.0002489,-0.0008019,-0.0012782
2024-12-30,-0.0014683,-0.0012990,0.0005913,-0.0018882,0.0011679,-0.0013773
2024-12-31,0.0012285,-0.0004500,-0.0022460,0.0012664,0.0005575,0.0010015
2025-01-01,0.0000620,0.0057647,0.0057740,-0.0010453,-0.0040147,-0.0001073
2025-01-02,-0.0055172,0.0051132,0.0050968,-0.0037588,-0.0010690,-0.0024970
2025-01-03,0.0010043,-0.0024193,-0.0023829,0.0007528,0.0022429,0.0010596
2025-01-06,-0.0032015,-0.0073468,-0.0073462,0.0024319,0.0076506,0.0015582
2025-01-07,0.0000118,0.0043909,0.0039433,-0.0009170,-0.0039530,-0.0005661
2025-01-08,-0.0007428,0.0038402,0.0036656,-0.0011870,-0.0035128,-0.0010080
2025-01-09,0.0005849,0.0024048,0.0020023,-0.0011303,-0.0025177,-0.0008103
2025-01-10,0.0020913,0.0061669,0.0053925,-0.0016317,-0.0064249,-0.0007285
2025-01-13,-0.0025135,-0.0023929,-0.0014803,-0.0011056,0.0022038,-0.0017692
2025-01-14,-0.0019261,-0.0034441,-0.0028934,0.0011466,0.0038752,0.0003530
2025-01-15,0.0006829,-0.0027026,-0.0025531,-0.0015190,0.0013847,-0.0018460
2025-01-16,0.0029158,-0.0000864,0.0000787,-0.0008355,-0.0010982,-0.0001578
2025-01-17,0.0003237,0.0062357,0.0025944,0.0001447,-0.0051542,0.0002511
2025-01-20,-0.0053335,-0.0147107,-0.0132676,-0.0012023,0.0141146,-0.0044598
2025-01-21,0.0005026,-0.0007701,-0.0008366,0.0005740,0.0006279,0.0004436
2025-01-22,-0.0001502,0.0032486,-0.0019096,0.0005728,-0.0018909,-0.0000439
2025-01-23,0.0003408,-0.0012688,0.0003354,0.0003092,0.0007205,0.0004201
2025-01-24,-0.0013540,-0.0060586,0.0035327,0.0005211,0.0043651,0.0010822
2025-01-27,0.0038193,-0.0009112,-0.0000719,0.0012016,0.0000749,0.0021565
2025-01-28,0.0023569,0.0051323,-0.0039509,-0.0005931,-0.0009439,0.0002280
2025-01-29,0.0007434,0.0014043,-0.0009664,0.0004801,-0.0008969,0.0003887
2025-01-30,0.0036125,0.0028862,-0.0019161,0.0008158,-0.0018779,0.0016209
2025-01-31,0.0002931,0.0025629,-0.0007798,-0.0002999,-0.0010431,-0.0000915
2025-02-03,-0.0019795,-0.0042119,-0.0011896,-0.0007764,0.0018241,-0.0024247
2025-02-04,-0.0029410,-0.0063597,-0.0006798,-0.0015701,0.0032161,-0.0033888
2025-02-05,-0.0000563,-0.0051020,0.0026661,-0.0002363,0.0006498,-0.0004219
2025-02-06,0.0033572,0.0012093,-0.0007361,-0.0012041,-0.0000789,0.0008025
2025-02-07,0.0030145,0.0030009,-0.0016548,-0.0012845,-0.0000610,0.0007319
2025-02-10,0.0026738,0.0027171,-0.0017707,-0.0010025,0.0006084,0.0009361
2025-02-11,-0.0026577,-0.0026230,0.0004868,-0.0001905,0.0005183,-0.0018437
2025-02-12,0.0029281,0.0029123,-0.0028341,-0.0011952,0.0019370,0.0011248
2025-02-13,-0.0115272,-0.0114587,0.0046701,0.0004420,-0.0015554,-0.0076531
2025-02-14,-0.0046488,-0.0047080,0.0019527,-0.0009360,-0.0007337,-0.0036346
2025-02-17,-0.0011615,-0.0011927,0.0011075,0.0013071,-0.0009716,0.0002118
2025-02-18,0.0032197,0.0031814,-0.0025161,0.0003000,0.0008533,0.0019870
2025-02-19,0.0015290,0.0015040,-0.0010869,0.0009424,0.0003952,0.0016065
2025-02-20,-0.0105113,-0.0102086,0.0089849,0.0003914,-0.0045674,-0.0058954
2025-02-21,0.0034298,0.0034433,-0.0034345,0.0012468,0.0016930,0.0028176
2025-02-24,0.0013588,0.0003656,-0.0013612,0.0001766,0.0012190,0.0008330
2025-02-25,-0.0019257,-0.0004791,0.0019225,0.0024674,0.0004166,0.0018856
2025-02-26,0.0030238,0.0028777,-0.0026914,0.0011171,0.0018819,0.0027384
2025-02-27,0.0099888,0.0084560,-0.0083854,0.0016105,0.0054682,0.0069374
2025-02-28,0.0045827,0.0028971,-0.0017419,0.0001481,0.0016326,0.0026634
2025-03-03,-0.0072531,-0.0074525,0.0018397,0.0027806,-0.0026363,-0.0028220
2025-03-04,-0.0092542,-0.0094229,-0.0014728,-0.0017177,-0.0013832,-0.0080969
2025-03-05,-0.0091325,-0.0094137,0.0003416,-0.0001719,-0.0034033,-0.0068119
2025-03-06,-0.0033085,-0.0033761,0.0012495,-0.0003918,-0.0024572,-0.0027583
2025-03-07,0.0007543,0.0006084,0.0049231,0.0026226,-0.0015688,0.0035142
2025-03-10,0.0018410,0.0006134,0.0020464,0.0005929,-0.0006813,0.0016237
2025-03-11,-0.0023391,-0.0003806,0.0002415,0.0000250,-0.0003096,-0.0008717
2025-03-12,-0.0013730,-0.0009403,-0.0025153,-0.0009119,0.0007804,-0.0019286
2025-03-13,0.0037235,0.0029874,0.0029812,0.0017228,0.0001685,0.0045389
2025-03-14,-0.0027052,-0.0029066,-0.0057581,-0.0035824,0.0012665,-0.0060777
2025-03-17,-0.0071028,-0.0065753,-0.0011366,-0.0032247,-0.0010733,-0.0074974
2025-03-18,-0.0006058,-0.0004091,0.0014235,0.0002821,-0.0013468,-0.0001243
2025-03-19,0.0009186,0.0023149,-0.0003436,0.0012926,0.0003572,0.0019643
2025-03-20,0.0055520,0.0044402,-0.0040555,0.0009967,0.0035384,0.0037600
2025-03-21,0.0043734,0.0018376,-0.0029817,-0.0000175,0.0022633,0.0017132
2025-03-24,0.0008250,-0.0025109,-0.0000850,-0.0004094,0.0018712,0.0000011
2025-03-25,-0.0024034,-0.0001451,-0.0003830,-0.0003921,-0.0009175,-0.0016022
2025-03-26,0.0026514,-0.0023102,-0.0002724,-0.0010762,0.0018190,-0.0000018
2025-03-27,-0.0016716,0.0016606,0.0007672,0.0015762,-0.0017056,0.0007617
2025-03-28,-0.0005652,0.0033917,-0.0020248,0.0010622,-0.0000073,0.0008332
2025-03-31,0.0051665,0.0016310,-0.0018820,0.0008752,0.0022733,0.0029912
2025-04-01,-0.0032373,-0.0026294,-0.0004139,-0.0017276,0.0001620,-0.0031815
2025-04-02,-0.0060329,0.0003219,-0.0003038,-0.0004886,-0.0015943,-0.0029773
2025-04-03,-0.0187822,0.0092387,0.0000282,0.0034257,-0.0091376,-0.0044535
2025-04-04,0.0214109,0.0102525,-0.0080291,0.0043462,0.0015809,0.0093209
2025-04-07,0.0074126,-0.0005944,-0.0035563,-0.0010880,0.0005636,-0.0004849
2025-04-08,-0.0046369,0.0066176,0.0049660,0.0050672,-0.0044099,0.0047595
2025-04-09,-0.0062622,-0.0120400,-0.0080934,-0.0100558,0.0085552,-0.0119260
2025-04-10,-0.0198205,0.0114805,0.0095231,0.0069517,-0.0070705,0.0033746
2025-04-11,-0.0101209,0.0017441,0.0014157,-0.0004048,-0.0047169,-0.0031939
2025-04-14,-0.0029990,-0.0001163,-0.0005347,-0.0018636,0.0000074,-0.0018598
2025-04-15,0.0023924,-0.0012463,-0.0029651,-0.0027758,0.0036320,-0.0008541
2025-04-16,-0.0068781,0.0017658,0.0064483,0.0018472,-0.0056748,-0.0000366
2025-04-17,0.0001434,-0.0028765,-0.0001767,-0.0023566,0.0015268,-0.0013958
2025-04-18,-0.0003567,0.0025343,0.0003558,0.0016785,-0.0007643,0.0012846
2025-04-21,-0.0068369,0.0055419,0.0068356,0.0015584,-0.0050391,0.0011788
2025-04-22,0.0049664,-0.0041402,-0.0049681,-0.0016656,0.0035254,-0.0012017
2025-04-23,0.0069757,-0.0049848,-0.0069772,-0.0023083,0.0058518,-0.0010914
2025-04-24,-0.0053120,0.0031043,0.0053088,0.0000896,-0.0034338,0.0001951
2025-04-25,0.0024807,-0.0021959,-0.0024817,-0.0008667,0.0019607,-0.0005648
2025-04-28,-0.0060621,0.0042151,0.0046545,0.0015169,-0.0038058,0.0007019
2025-04-29,0.0034163,-0.0017550,-0.0031320,0.0000280,0.0022002,0.0000914
2025-04-30,0.0017020,-0.0033440,-0.0010826,-0.0017618,0.0010163,-0.0014161
2025-05-01,0.0051747,-0.0030351,-0.0031482,-0.0013697,0.0042347,0.0001788
2025-05-02,-0.0030774,0.0002863,0.0017545,-0.0006524,-0.0021978,-0.0011752
2025-05-05,-0.0026481,0.0012625,0.0011199,0.0000988,-0.0019841,-0.0005620
2025-05-06,-0.0045405,0.0008572,0.0020658,-0.0001766,-0.0032151,-0.0013594
2025-05-07,0.0063737,-0.0000410,-0.0045429,0.0010465,0.0043407,0.0020116
2025-05-08,0.0064357,-0.0019499,-0.0038455,-0.0005788,0.0054852,0.0013128
2025-05-09,-0.0014796,0.0014143,-0.0004478,0.0004991,-0.0005830,-0.0000054
2025-05-12,0.0099522,-0.0057493,0.0037205,-0.0028076,0.0077488,0.0030590
2025-05-13,-0.0077668,0.0008184,-0.0064740,-0.0005002,-0.0020473,-0.0043969
2025-05-14,0.0024315,0.0015954,0.0018039,0.0015683,0.0013712,0.0028122
2025-05-15,-0.0018272,0.0026301,-0.0021453,0.0016257,0.0000142,0.0005495
2025-05-16,0.0008146,-0.0005854,0.0007643,0.0000037,0.0000783,0.0002809
2025-05-19,-0.0047887,0.0008725,-0.0039784,-0.0006958,-0.0011540,-0.0028252
2025-05-20,-0.0018970,0.0020205,-0.0023707,0.0016488,-0.0004170,0.0001283
2025-05-21,-0.0031213,0.0006189,-0.0025585,0.0006016,-0.0010802,-0.0013700
2025-05-22,0.0018663,-0.0002273,0.0011646,0.0003798,0.0006972,0.0011514
2025-05-23,-0.0070204,-0.0001363,-0.0025674,-0.0007711,-0.0034432,-0.0040481
2025-05-26,-0.0003937,0.0002531,0.0002492,-0.0003049,-0.0002132,-0.0001599
2025-05-27,0.0023625,-0.0005523,-0.0025003,-0.0003701,0.0020653,0.0000071
2025-05-28,-0.0001751,-0.0009948,-0.0010240,-0.0004917,0.0000098,-0.0009728
2025-05-29,0.0009589,0.0015212,0.0009423,0.0008116,-0.0004597,0.0012946
2025-05-30,-0.0004150,-0.0013584,0.0003184,0.0003015,-0.0008849,-0.0006041
2025-06-02,0.0010231,0.0013228,0.0025516,-0.0004792,-0.0017456,0.0006233
2025-06-03,-0.0017369,-0.0017466,-0.0033517,-0.0006810,0.0008055,-0.0021984
2025-06-04,0.0010878,0.0011112,0.0032479,0.0007125,-0.0011195,0.0017080
2025-06-05,-0.0006745,-0.0006915,0.0007920,-0.0011522,-0.0002302,-0.0008095
2025-06-06,-0.0015616,-0.0015991,-0.0022378,-0.0007376,0.0006360,-0.0018109
2025-06-09,0.0000262,-0.0001545,0.0014664,-0.0006676,-0.0004666,-0.0000715
2025-06-10,-0.0015651,-0.0006602,-0.0001448,-0.0004959,-0.0005228,-0.0010881
2025-06-11,0.0026300,0.0025712,0.0009091,0.0012215,0.0004400,0.0026276
2025-06-12,0.0016984,0.0039065,0.0054468,0.0008932,-0.0018160,0.0034764
2025-06-13,-0.0001244,0.0004354,-0.0021912,0.0009831,0.0005954,0.0001400
2025-06-16,-0.0022532,-0.0018470,0.0012612,-0.0021599,-0.0009743,-0.0022751
2025-06-17,-0.0001857,-0.0036560,-0.0062907,0.0008197,0.0025443,-0.0020863
2025-06-18,-0.0007416,-0.0011245,0.0003413,-0.0008788,-0.0000673,-0.0009463
2025-06-19,0.0018858,0.0016445,-0.0004810,0.0010321,0.0007350,0.0016662
2025-06-20,0.0008265,-0.0002105,-0.0003199,0.0002996,0.0009905,0.0005476
2025-06-23,0.0019162,0.0011904,0.0010115,0.0003189,0.0003099,0.0014676
2025-06-24,0.0023532,0.0021403,0.0003566,0.0008596,-0.0001592,0.0017866
2025-06-25,0.0000573,0.0000806,0.0012913,-0.0010987,0.0000069,-0.0001359
2025-06-26,0.0029551,0.0003449,0.0011427,0.0004066,-0.0013351,0.0008443
2025-06-27,-0.0003012,0.0009293,0.0002893,0.0002158,0.0006408,0.0007723
2025-06-30,0.0017772,-0.0007707,0.0022847,-0.0005533,-0.0012564,0.0001249
2025-07-01,0.0004107,0.0017189,0.0006468,0.0006925,0.0006691,0.0017362
2025-07-02,-0.0012320,-0.0025634,-0.0018862,-0.0001469,-0.0009063,-0.0025802
2025-07-03,-0.0017272,-0.0012076,-0.0014042,-0.0008105,-0.0001362,-0.0023136
2025-07-04,0.0006854,0.0015240,-0.0001749,0.0010428,0.0003487,0.0020386
2025-07-07,-0.0054882,-0.0025766,-0.0057056,0.0010690,0.0015939,-0.0041692
2025-07-08,-0.0003279,-0.0004739,0.0016453,-0.0010163,-0.0003976,-0.0007254
2025-07-09,-0.0002320,-0.0003734,0.0000888,0.0002437,0.0004738,0.0001850
2025-07-10,-0.0007084,-0.0024314,0.0012948,-0.0026109,-0.0006643,-0.0035476
2025-07-11,-0.0034582,-0.0020621,0.0000828,0.0000085,0.0007365,-0.0019959
2025-07-14,-0.0022328,-0.0005226,-0.0015680,0.0014097,-0.0001471,-0.0007358
2025-07-15,-0.0035221,-0.0013790,-0.0005635,-0.0002078,-0.0009898,-0.0031540
2025-07-16,0.0026403,0.0007594,-0.0010454,0.0003016,0.0008100,0.0017071
2025-07-17,-0.0053813,0.0009153,0.0001182,0.0000791,-0.0006221,-0.0017505
2025-07-18,0.0025896,-0.0011866,-0.0012901,-0.0002773,-0.0001982,-0.0008107
2025-07-21,0.0059188,0.0043198,-0.0035498,0.0013055,0.0012957,0.0053342
2025-07-22,0.0066467,0.0034283,-0.0036321,0.0006363,0.0006119,0.0039438
2025-07-23,0.0034986,-0.0010482,-0.0019552,-0.0020257,0.0001031,-0.0019513
2025-07-24,-0.0041251,-0.0027239,0.0012528,-0.0003578,-0.0004168,-0.0033354
2025-07-25,-0.0039280,-0.0020558,0.0010803,0.0009087,-0.0006175,-0.0020483
2025-07-28,-0.0094501,-0.0098991,0.0009527,-0.0026956,-0.0008100,-0.0125541
2025-07-29,-0.0025421,-0.0026191,0.0003987,-0.0003618,0.0000736,-0.0024078
2025-07-30,-0.0113611,-0.0115783,0.0060603,-0.0012263,-0.0010070,-0.0090779
2025-07-31,-0.0018870,-0.0017991,0.0020016,0.0014543,-0.0026290,-0.0013739
2025-08-01,0.0119274,0.0120570,-0.0119320,0.0022775,0.0063799,0.0106197
2025-08-04,-0.0007802,-0.0009975,0.0007727,-0.0012349,0.0003924,-0.0010081
2025-08-05,0.0001451,0.0010821,-0.0001574,0.0003130,-0.0002371,0.0004883
2025-08-06,0.0049403,0.0012560,-0.0049521,-0.0000595,0.0025382,0.0019441
2025-08-07,0.0028775,-0.0003403,-0.0028798,-0.0013015,0.0023516,0.0003851
2025-08-08,-0.0015074,-0.0000164,0.0015052,-0.0005001,-0.0007902,-0.0008756
2025-08-11,-0.0031558,-0.0000026,0.0028734,-0.0006268,-0.0015752,-0.0015507
2025-08-12,0.0045920,0.0020512,-0.0034911,0.0015083,0.0019452,0.0036354
2025-08-13,0.0037498,0.0001548,-0.0015901,-0.0002185,0.0013228,0.0015216
2025-08-14,-0.0065993,0.0023877,0.0020808,0.0003857,-0.0031595,-0.0025415
2025-08-15,0.0024545,0.0005370,-0.0007105,0.0001185,0.0006275,0.0013225
2025-08-18,-0.0025961,-0.0023048,0.0005110,-0.0003300,-0.0003607,-0.0021710
2025-08-19,-0.0036776,0.0031256,0.0013037,0.0016829,-0.0021279,0.0002698
2025-08-20,-0.0021998,0.0034640,-0.0011033,0.0035738,-0.0018856,0.0015155
2025-08-21,-0.0049100,-0.0022832,0.0019435,-0.0012518,-0.0020527,-0.0043560
2025-08-22,0.0122625,0.0015271,-0.0068191,-0.0000483,0.0047482,0.0054099
2025-08-25,-0.0059928,-0.0015141,0.0006081,-0.0018313,-0.0012458,-0.0046542
2025-08-26,0.0025859,-0.0000939,-0.0006733,0.0002831,0.0006976,0.0012374
2025-08-27,0.0018766,-0.0007609,-0.0013154,-0.0000752,0.0009829,0.0004052
2025-08-28,0.0042165,-0.0018452,-0.0020359,-0.0006306,0.0017799,0.0005353
2025-08-29,0.0005698,-0.0004094,-0.0004891,-0.0002639,0.0002450,-0.0002300
2025-09-01,0.0015182,0.0007326,-0.0003408,-0.0002185,0.0002776,0.0006458
2025-09-02,-0.0086124,-0.0004553,-0.0021412,-0.0000140,-0.0011315,-0.0046434
2025-09-03,0.0021961,0.0000751,0.0006178,-0.0006831,0.0003736,0.0006951
2025-09-04,-0.0032928,0.0021120,-0.0004336,0.0012999,-0.0010050,-0.0000473
2025-09-05,0.0077159,0.0005363,0.0002104,0.0003299,0.0014648,0.0039902
2025-09-08,0.0053455,-0.0004402,0.0008999,-0.0002146,0.0014589,0.0027375
2025-09-09,-0.0035905,-0.0008524,-0.0023227,-0.0016547,-0.0000570,-0.0038150
2025-09-10,0.0000907,-0.0013413,0.0002324,-0.0010107,0.0000000,-0.0012301
2025-09-11,0.0057497,-0.0013168,0.0026276,0.0000557,0.0000000,0.0023727
2025-09-12,-0.0019857,0.0014593,0.0000944,0.0010083,0.0002770,0.0011392
2025-09-15,0.0042027,-0.0014754,0.0021259,0.0001153,-0.0006052,0.0011678
2025-09-16,0.0075394,0.0016623,0.0045804,0.0022352,-0.0004526,0.0063670
2025-09-17,-0.0050635,0.0012336,-0.0050741,-0.0002240,0.0017159,-0.0020040
2025-09-18,-0.0076895,0.0028568,-0.0076895,0.0023111,0.0020246,-0.0008761
2025-09-19,-0.0036327,-0.0018185,-0.0036327,-0.0006190,0.0012283,-0.0027818
2025-09-22,0.0022244,0.0023842,0.0015149,0.0011249,-0.0009011,0.0023919
2025-09-23,-0.0000053,0.0013096,0.0001016,0.0008058,-0.0002335,0.0010383
2025-09-24,-0.0080978,0.0011677,-0.0054579,-0.0003132,0.0014260,-0.0030799
2025-09-25,-0.0086203,0.0007822,0.0011354,0.0004856,0.0023587,0.0008971
2025-09-26,0.0023987,0.0011521,-0.0013137,0.0005134,-0.0001145,0.0008357
2025-09-29,0.0036628,-0.0016731,-0.0023063,-0.0009548,0.0017326,-0.0001572
2025-09-30,0.0029250,-0.0014825,-0.0014090,-0.0008319,0.0007913,-0.0005396
2025-10-01,0.0015833,-0.0009433,-0.0017955,-0.0017913,0.0014601,-0.0010597
2025-10-02,-0.0024288,0.0003934,0.0015072,-0.0002687,-0.0005433,-0.0004250
2025-10-03,0.0023908,0.0008418,-0.0012018,0.0008334,0.0002525,0.0012841
2025-10-06,-0.0023966,0.0001161,0.0026021,0.0005712,0.0003771,0.0013370
2025-10-07,-0.0068988,-0.0017048,0.0040466,0.0007880,-0.0023242,-0.0018766
2025-10-08,-0.0027329,-0.0023058,0.0020242,-0.0011396,-0.0003512,-0.0019624
2025-10-09,-0.0080964,-0.0001938,0.0073110,0.0002108,-0.0036476,-0.0016610
2025-10-10,0.0026131,0.0082507,-0.0050803,0.0057106,0.0024543,0.0084365
2025-10-13,-0.0030960,-0.0031112,0.0042782,-0.0032312,-0.0023192,-0.0045828
2025-10-14,0.0002352,0.0019919,-0.0002380,0.0025114,-0.0002111,0.0026099
2025-10-15,0.0049091,0.0010603,-0.0049151,0.0005450,0.0024510,0.0019315
2025-10-16,0.0015132,0.0024866,-0.0015177,0.0023084,0.0008216,0.0032113
2025-10-17,0.0001273,-0.0016642,-0.0002941,-0.0009679,0.0005319,-0.0011403
2025-10-20,0.0002921,-0.0009096,-0.0000559,-0.0011226,-0.0003219,-0.0014380
2025-10-21,-0.0038417,-0.0005750,0.0028944,-0.0007023,-0.0014340,-0.0017056
2025-10-22,0.0008265,-0.0006387,-0.0007359,0.0002497,0.0004902,0.0001956
2025-10-23,0.0004374,-0.0007607,-0.0002442,-0.0008069,-0.0006463,-0.0014813
2025-10-24,-0.0009978,0.0005091,0.0003966,0.0002312,-0.0009858,-0.0003714
2025-10-27,0.0034381,-0.0016516,-0.0021647,-0.0016857,0.0016019,-0.0011886
2025-10-28,0.0029423,-0.0039138,0.0000654,-0.0006584,0.0013213,-0.0012655
2025-10-29,-0.0041985,-0.0025029,0.0030232,-0.0017496,-0.0025111,-0.0048693
2025-10-30,-0.0030001,0.0021130,0.0031036,0.0000541,-0.0043111,-0.0014799
2025-10-31,-0.0032057,0.0001010,0.0005053,-0.0003785,-0.0012629,-0.0018782
2025-11-03,-0.0032085,0.0010571,0.0006599,-0.0004560,-0.0022332,-0.0019913
2025-11-04,-0.0092907,0.0011517,0.0063646,0.0003944,-0.0058307,-0.0030630
2025-11-05,0.0024899,0.0000721,-0.0010124,-0.0000820,0.0007984,0.0007753
2025-11-06,0.0005421,0.0046560,-0.0036890,0.0019933,0.0025614,0.0048931
2025-11-07,0.0036537,-0.0008020,-0.0023732,0.0013186,0.0020237,0.0019634
2025-11-10,0.0034606,-0.0016926,-0.0006185,-0.0017012,0.0007676,-0.0011799
2025-11-11,0.0013531,0.0011858,-0.0015828,0.0016463,0.0010588,0.0024789
2025-11-12,0.0025122,0.0002016,-0.0006709,0.0001345,0.0004358,0.0009499
2025-11-13,0.0013461,0.0043659,-0.0009998,0.0028610,0.0000896,0.0051304
2025-11-14,0.0006074,-0.0023003,-0.0014075,-0.0016827,0.0009361,-0.0025768
2025-11-17,-0.0039218,-0.0023130,0.0026085,0.0010553,-0.0029496,-0.0028418
2025-11-18,0.0012559,0.0013159,-0.0015810,-0.0009093,0.0014011,0.0008007
2025-11-19,-0.0029141,-0.0030244,0.0037539,0.0012652,-0.0053770,-0.0040437
2025-11-20,-0.0017196,-0.0017701,0.0021957,0.0007365,-0.0008156,-0.0005958
2025-11-21,-0.0022730,-0.0022954,-0.0026563,-0.0032082,0.0026663,-0.0040064
2025-11-24,0.0009581,0.0012616,0.0004058,0.0008065,-0.0005685,0.0014955
2025-11-25,0.0015525,0.0006362,-0.0015490,-0.0000189,0.0024467,0.0018231
2025-11-26,0.0039211,-0.0025797,-0.0039461,-0.0007508,0.0037770,-0.0001233
2025-11-27,-0.0005158,-0.0022579,-0.0009326,-0.0013774,0.0011494,-0.0022692
2025-11-28,0.0019423,-0.0023059,-0.0009514,-0.0000194,-0.0004173,-0.0014551
2025-12-01,-0.0018016,-0.0010975,-0.0011901,-0.0006010,0.0004254,-0.0019613
2025-12-02,0.0026507,0.0026381,0.0021971,0.0011269,-0.0004198,0.0040243
2025-12-03,0.0044768,0.0044146,0.0050199,0.0000393,0.0033706,0.0084909
2025-12-04,-0.0019289,-0.0019242,-0.0014095,-0.0015377,0.0001138,-0.0034777
2025-12-05,0.0045656,0.0045035,0.0054467,-0.0003989,-0.0002968,0.0058875
2025-12-08,-0.0019480,-0.0019432,-0.0019105,-0.0001824,0.0004359,-0.0023691
2025-12-09,0.0011945,0.0011942,0.0003564,0.0007541,-0.0019465,0.0005588
2025-12-10,0.0056375,0.0053135,0.0070806,0.0013545,-0.0015216,0.0079931
2025-12-11,0.0013332,0.0023357,0.0010706,0.0020539,0.0002934,0.0039586
2025-12-12,-0.0003595,-0.0003758,-0.0007028,0.0002879,0.0000138,-0.0003959
2025-12-15,0.0000204,-0.0009328,-0.0006971,0.0004096,0.0006749,-0.0000356
2025-12-16,-0.0002772,0.0004551,0.0007119,-0.0004408,0.0006479,0.0005226
2025-12-17,0.0001996,-0.0021694,-0.0043753,0.0010998,0.0019037,-0.0009326
2025-12-18,0.0000402,0.0006042,0.0008900,-0.0000932,-0.0000210,0.0006490
2025-12-19,0.0024546,0.0000007,-0.0048745,0.0020327,0.0011144,0.0011398
2025-12-22,0.0024064,0.0081908,0.0064878,0.0004794,-0.0045388,0.0056314
2025-12-23,0.0007135,0.0073653,0.0055301,-0.0002400,-0.0040317,0.0035340
2025-12-24,-0.0011009,-0.0010714,-0.0004691,-0.0008004,0.0000898,-0.0017256
2025-12-25,0.0006304,0.0006127,0.0005810,-0.0001617,0.0003385,0.0008601
2025-12-26,-0.0003654,-0.0003538,-0.0002952,0.0003607,-0.0006181,-0.0005244
2025-12-29,0.0007479,-0.0012240,-0.0022720,0.0006576,0.0011040,-0.0000095
2025-12-30,-0.0013382,-0.0033321,-0.0024453,-0.0006683,0.0008817,-0.0031099
2025-12-31,0.0012311,-0.0033236,-0.0027447,0.0014655,0.0015602,-0.0000051
2026-01-01,-0.0000320,-0.0000320,-0.0006153,-0.0002072,0.0000739,-0.0004072
2026-01-02,0.0002740,0.0003054,-0.0004319,0.0005961,0.0000076,0.0005589
2026-01-05,-0.0005931,-0.0005708,0.0003406,-0.0003380,0.0000000,-0.0006768
2026-01-06,-0.0029980,-0.0029543,-0.0029980,-0.0000414,-0.0010481,-0.0049948
2026-01-07,-0.0031417,-0.0031481,-0.0031417,-0.0006106,-0.0011926,-0.0057254
2026-01-08,-0.0012210,-0.0011692,-0.0003939,-0.0001469,-0.0001382,-0.0015455
2026-01-09,-0.0019371,-0.0019265,0.0038525,0.0008866,-0.0012235,-0.0001583
2026-01-12,0.0040151,-0.0021231,-0.0020769,0.0006741,0.0007359,0.0009579
2026-01-13,-0.0000350,0.0027379,0.0027033,0.0003972,-0.0015748,0.0018477
2026-01-14,-0.0011549,-0.0014252,-0.0014243,-0.0008785,0.0011751,-0.0018374
2026-01-15,0.0019252,0.0023120,0.0023175,-0.0000134,-0.0004558,0.0027864
2026-01-16,-0.0020161,-0.0008420,-0.0008317,-0.0015198,0.0001300,-0.0028756
2026-01-19,-0.0018101,-0.0040608,-0.0040401,0.0011058,0.0010629,-0.0030593
2026-01-20,-0.0043752,-0.0061049,-0.0059160,0.0018211,-0.0000664,-0.0061959
2026-01-21,0.0044939,0.0037016,0.0034527,-0.0011033,0.0021640,0.0058330
2026-01-22,0.0084304,-0.0040465,-0.0034955,0.0018404,-0.0103461,-0.0045855
2026-01-23,0.0083087,-0.0072458,-0.0055161,0.0005498,-0.0058252,-0.0046884
2026-01-26,0.0025388,-0.0012011,-0.0009414,-0.0010179,-0.0033354,-0.0023973
2026-01-27,0.0184019,0.0170803,0.0168975,0.0030223,-0.0232453,0.0124955
2026-01-28,-0.0013924,-0.0058923,-0.0043598,-0.0003747,0.0041217,-0.0029315
2026-01-29,0.0035661,0.0014153,0.0042129,0.0005549,-0.0042194,0.0022418
2026-01-30,-0.0166552,-0.0119919,-0.0165741,-0.0014498,0.0165689,-0.0113382
2026-02-02,-0.0065846,-0.0070111,-0.0065846,-0.0004005,0.0065605,-0.0045609
2026-02-03,0.0064969,0.0065482,0.0064969,0.0019705,-0.0043762,0.0061512
2026-02-04,-0.0027445,-0.0052258,-0.0051445,0.0013385,0.0027472,-0.0019854
2026-02-05,-0.0073508,-0.0079222,-0.0077081,-0.0004879,0.0022007,-0.0064188
2026-02-06,0.0079211,0.0079970,0.0075027,0.0012470,0.0000259,0.0076340
2026-02-09,0.0097072,0.0125444,0.0125893,0.0018944,0.0000000,0.0111198
2026-02-10,-0.0040451,-0.0008273,-0.0008154,-0.0022423,0.0000000,-0.0033080
2026-02-11,-0.0017550,0.0005796,0.0005748,-0.0007601,0.0000000,-0.0007763
2026-02-12,-0.0018914,-0.0007439,-0.0007626,-0.0006097,0.0000000,-0.0013860
2026-02-13,0.0002329,0.0003317,0.0003347,-0.0003153,0.0000000,-0.0000161
2026-02-16,-0.0028111,-0.0026700,-0.0026715,0.0006000,0.0000000,-0.0016706
2026-02-17,0.0001310,0.0001303,0.0001310,-0.0004180,0.0000000,-0.0002312
2026-02-18,-0.0098112,-0.0098153,-0.0098112,0.0022615,0.0000000,-0.0059352
2026-02-19,-0.0002434,-0.0002460,-0.0002434,0.0000748,0.0000000,-0.0001271
2026-02-20,0.0007888,0.0007979,0.0002800,0.0005261,0.0000000,0.0009001
2026-02-23,-0.0006348,-0.0002469,-0.0010700,-0.0004203,0.0000000,-0.0008310
2026-02-24,-0.0011588,-0.0005241,-0.0010158,0.0012626,0.0000000,0.0003215
2026-02-25,0.0047966,0.0010084,0.0009225,0.0016809,0.0000000,0.0030778
2026-02-26,-0.0031723,0.0002999,0.0003539,-0.0004084,0.0003610,-0.0008754
2026-02-27,0.0029555,0.0021240,0.0021254,0.0007703,-0.0002540,0.0023968
2026-03-02,-0.0076296,0.0016989,-0.0023656,0.0002361,0.0004976,-0.0017997
2026-03-03,-0.0054291,0.0023502,0.0017821,-0.0008457,-0.0000273,-0.0009905
2026-03-04,0.0038269,-0.0021821,-0.0017334,0.0006202,0.0019864,0.0010150
2026-03-05,-0.0041817,0.0013186,0.0005319,-0.0012243,-0.0019968,-0.0021213
2026-03-06,0.0031868,-0.0012426,0.0010802,0.0010496,0.0007444,0.0018043
2026-03-09,0.0001492,-0.0004068,-0.0010750,0.0001303,0.0017979,0.0002700
2026-03-10,0.0019881,0.0022339,0.0027283,0.0015502,-0.0008242,0.0028023
2026-03-11,0.0015524,0.0024120,0.0030557,0.0014553,-0.0009855,0.0026988
2026-03-12,-0.0050718,0.0003154,0.0026885,-0.0014766,-0.0016591,-0.0021455
2026-03-13,-0.0067376,0.0012316,0.0033356,-0.0010684,-0.0039225,-0.0024616
2026-03-16,0.0024441,-0.0084111,-0.0088125,0.0006693,0.0054124,-0.0018262
2026-03-17,-0.0001142,-0.0024360,-0.0024080,0.0007908,0.0017636,-0.0001592
2026-03-18,-0.0016077,0.0098282,0.0097502,-0.0012006,-0.0063273,0.0020424
2026-03-19,-0.0072349,-0.0117248,-0.0113788,-0.0024247,0.0078940,-0.0074006
2026-03-20,0.0011944,0.0052766,0.0048728,0.0014814,-0.0000019,0.0039639
2026-03-23,-0.0021969,-0.0030897,-0.0032624,-0.0022714,0.0002968,-0.0038069
2026-03-24,-0.0012145,0.0025590,0.0025548,-0.0001052,-0.0000257,0.0008560
2026-03-25,-0.0010203,0.0053893,0.0053711,-0.0004084,0.0000000,0.0020328
2026-03-26,-0.0026595,0.0052077,0.0051739,-0.0013821,0.0000000,0.0007464
2026-03-27,0.0018247,0.0036428,0.0035901,0.0006695,-0.0006597,0.0025152
2026-03-30,0.0026557,0.0030623,0.0030674,0.0000441,-0.0006009,0.0019609
2026-03-31,-0.0030459,-0.0048447,-0.0048364,-0.0005278,0.0002240,-0.0033767
2026-04-01,-0.0028730,-0.0040131,-0.0040072,0.0014268,0.0007254,-0.0012344
2026-04-02,0.0048296,0.0056044,0.0055591,0.0003965,-0.0008455,0.0038641
2026-04-03,0.0017017,0.0023472,0.0023154,0.0001419,-0.0004748,0.0014728
2026-04-06,-0.0018801,-0.0027350,-0.0027326,0.0002692,0.0006582,-0.0013244
2026-04-07,-0.0016086,-0.0038501,-0.0038584,0.0007169,0.0004877,-0.0014701
2026-04-08,-0.0061571,-0.0086757,-0.0087043,-0.0006276,-0.0000257,-0.0060140
2026-04-09,-0.0015268,-0.0030943,-0.0019524,0.0004491,-0.0024039,-0.0018117
2026-04-10,-0.0000149,0.0007281,0.0020965,0.0006675,0.0002192,0.0012299
2026-04-13,-0.0030010,0.0110345,-0.0019539,0.0011086,-0.0027747,0.0015221
2026-04-14,-0.0031986,0.0033144,-0.0004849,-0.0003226,-0.0023705,-0.0010297
2026-04-15,0.0004558,0.0002161,0.0004402,0.0005205,-0.0009398,0.0004173
2026-04-16,-0.0022182,-0.0025449,-0.0022182,0.0002449,0.0012311,-0.0010783
2026-04-17,-0.0008559,0.0001804,-0.0004272,0.0001217,-0.0000388,-0.0001798
2026-04-20,0.0024667,0.0021050,0.0027927,0.0007950,-0.0014225,0.0019727
2026-04-21,-0.0016450,-0.0028854,-0.0016450,-0.0003518,0.0015558,-0.0012852
2026-04-22,-0.0013427,-0.0013430,-0.0013427,-0.0008062,0.0005256,-0.0014967
2026-04-23,-0.0033530,-0.0037699,-0.0033530,0.0005220,0.0016042,-0.0017020
2026-04-24,0.0031818,0.0037785,0.0031818,-0.0003194,-0.0000368,0.0024226
2026-04-27,0.0023480,0.0024192,0.0023480,-0.0000726,0.0000000,0.0020088
2026-04-28,-0.0030507,-0.0034737,-0.0030507,-0.0000219,0.0000000,-0.0028333
2026-04-29,-0.0010740,-0.0055370,-0.0035505,0.0004063,0.0000000,-0.0025702
2026-04-30,-0.0003793,0.0160382,0.0067443,-0.0024495,0.0065931,0.0086875
2026-05-01,-0.0007437,-0.0017469,-0.0016764,0.0007114,0.0009586,-0.0000292
2026-05-04,-0.0025502,-0.0039980,-0.0040604,-0.0003798,0.0016279,-0.0024911
2026-05-05,0.0013157,0.0005019,0.0005167,0.0010304,0.0004173,0.0019245
2026-05-06,0.0014529,0.0068144,0.0070201,-0.0013213,-0.0021140,0.0023474
2026-05-07,-0.0039382,-0.0037519,-0.0038726,0.0001085,0.0020016,-0.0025127
2026-05-08,0.0049544,0.0048600,0.0049544,0.0007920,-0.0015496,0.0045355
2026-05-11,-0.0014941,-0.0014516,-0.0014941,0.0004119,0.0003089,-0.0009143
2026-05-12,-0.0037696,-0.0037651,-0.0037696,-0.0000371,0.0022428,-0.0023181
2026-05-13,-0.0017495,-0.0017519,-0.0017495,0.0006175,0.0004974,-0.0008907
2026-05-14,-0.0052533,-0.0051705,-0.0052533,0.0000758,-0.0000028,-0.0052487
2026-05-15,-0.0061940,-0.0069856,-0.0017705,-0.0000128,-0.0011773,-0.0057236
2026-05-18,-0.0000817,-0.0038738,-0.0007305,0.0002768,0.0015862,-0.0001187
2026-05-19,-0.0015001,0.0051266,-0.0019347,-0.0011218,-0.0005421,-0.0010907
2026-05-20,-0.0014673,-0.0032136,-0.0003840,0.0003056,0.0014126,-0.0004677
2026-05-21,0.0006766,0.0007350,0.0011810,0.0000937,-0.0000831,0.0008720
2026-05-22,0.0012680,0.0021348,0.0013908,0.0008753,-0.0004074,0.0019816
2026-05-25,-0.0026063,-0.0031640,-0.0018582,0.0005214,0.0021202,-0.0008349
2026-05-26,0.0033007,0.0010146,-0.0007171,0.0004675,-0.0004129,0.0016183
2026-05-27,-0.0005830,-0.0003012,0.0027048,-0.0022794,-0.0007042,-0.0017161
2026-05-28,-0.0034844,-0.0022826,-0.0007740,0.0002314,0.0013753,-0.0014111
2026-05-29,-0.0014782,-0.0007916,0.0016502,0.0010533,-0.0016066,-0.0004677
2026-06-01,0.0024691,0.0004361,-0.0010239,-0.0009832,0.0001054,0.0002067
2026-06-02,0.0006319,-0.0007465,-0.0007175,0.0005485,0.0001880,0.0004189
2026-06-03,0.0019703,0.0013993,0.0014452,-0.0014617,-0.0001445,0.0004722
2026-06-04,-0.0006575,0.0005591,-0.0008393,0.0003978,0.0003011,0.0000751
2026-06-05,0.0022826,0.0024776,0.0059873,-0.0013617,-0.0024488,0.0010648
2026-06-08,-0.0003326,-0.0003723,-0.0002527,-0.0009145,0.0000539,-0.0010351
2026-06-09,-0.0010820,-0.0004582,-0.0004772,-0.0003983,0.0005052,-0.0007968
2026-06-10,0.0004567,0.0020326,0.0021037,-0.0008073,-0.0013859,-0.0000922
2026-06-11,-0.0054276,-0.0050321,-0.0053764,0.0009010,0.0036865,-0.0025316
2026-06-12,0.0020327,0.0018902,0.0020327,-0.0001296,-0.0014805,0.0010380
2026-06-15,-0.0013340,-0.0012706,-0.0013340,0.0008233,0.0016739,0.0004541
2026-06-16,-0.0010561,-0.0005609,-0.0010561,0.0001283,0.0002508,-0.0007923
2026-06-17,0.0127166,0.0081985,0.0127166,-0.0004795,-0.0030965,0.0107901
2026-06-18,0.0063055,0.0033810,0.0063055,0.0004481,-0.0009693,0.0053586
2026-06-19,0.0005961,0.0015539,0.0005961,-0.0011366,-0.0005541,-0.0004514
2026-06-22,0.0026215,0.0012820,0.0026215,0.0006460,-0.0006486,0.0023358
2026-06-23,0.0066651,0.0066372,0.0066651,-0.0011502,-0.0023269,0.0041734
2026-06-24,0.0038018,0.0037828,0.0038018,-0.0002910,-0.0026863,0.0015527
2026-06-25,-0.0023363,-0.0023032,-0.0023363,0.0005062,0.0020824,-0.0003810
2026-06-26,-0.0002215,-0.0001782,-0.0002215,-0.0006135,0.0000522,-0.0006679
2026-06-29,-0.0020984,-0.0020983,-0.0020984,-0.0014880,0.0008550,-0.0027241
2026-06-30,-0.0007840,-0.0007742,-0.0007840,0.0021046,0.0000151,0.0008830
2026-07-01,0.0025770,0.0025409,0.0025770,0.0000199,-0.0014892,0.0015751
2026-07-02,-0.0089057,-0.0086117,-0.0089057,-0.0018597,0.0054238,-0.0069922
2026-07-03,-0.0002721,-0.0002159,-0.0002721,0.0002038,0.0003169,0.0001223
2026-07-06,0.0005472,0.0019622,0.0005472,0.0011442,-0.0002937,0.0016993
2026-07-07,0.0034881,0.0023119,0.0034881,0.0002595,0.0014201,0.0045303
2026-07-08,-0.0011700,-0.0001062,-0.0011700,0.0013397,-0.0007250,-0.0003472
2026-07-09,-0.0035248,-0.0027372,-0.0035248,-0.0002969,-0.0003703,-0.0039591
2026-07-10,-0.0006161,-0.0009151,-0.0006161,0.0001077,-0.0000695,-0.0007052
2026-07-13,0.0057547,0.0051481,0.0057547,0.0009683,0.0012575,0.0075234
2026-07-14,-0.0097737,-0.0097304,-0.0097737,0.0026700,-0.0002697,-0.0081116
2026-07-15,-0.0069646,-0.0071363,-0.0069646,0.0000116,-0.0005304,-0.0072233
2026-07-16,0.0009320,0.0030968,0.0002340,0.0005690,0.0013100,0.0027262
2026-07-17,-0.0008258,-0.0000086,0.0002711,0.0003914,0.0002105,0.0002744
2026-07-20,0.0021720,-0.0016284,-0.0006784,-0.0001763,0.0014255,0.0009488
2026-07-21,0.0019068,-0.0016082,-0.0001966,0.0003586,0.0023329,0.0021116
2026-07-22,-0.0007937,-0.0004920,0.0003452,0.0001083,0.0002420,-0.0000433
2026-07-23,0.0010717,-0.0001002,0.0012030,0.0012218,0.0009710,0.0024133
2026-07-24,-0.0003060,-0.0002329,0.0005191,0.0002241,-0.0000904,0.0000944
2026-07-27,0.0018848,-0.0014081,-0.0019585,-0.0006346,0.0002023,-0.0008610
2026-07-28,-0.0007431,0.0000966,0.0010591,-0.0000797,-0.0002370,-0.0001136
2026-07-29,-0.0077422,-0.0016770,-0.0007282,-0.0027179,0.0008742,-0.0049651
2026-07-30,-0.0205708,-0.0048907,-0.0071677,-0.0060272,0.0090750,-0.0086754
2026-07-31,-0.0020529,-0.0040716,0.0030324,-0.0039724,-0.0027923,-0.0060947
2026-08-03,0.0016117,-0.0037196,-0.0015802,-0.0004298,0.0008005,-0.0012927
2026-08-04,-0.0002046,0.0012697,0.0012624,0.0026652,-0.0011979,0.0021812
2026-08-05,-0.0027077,0.0018094,0.0018043,-0.0003561,-0.0007923,-0.0002681
2026-08-06,0.0013519,-0.0017752,-0.0017727,0.0017130,0.0024152,0.0020859
2026-08-07,-0.0029896,0.0051621,0.0051552,-0.0009444,-0.0028984,0.0002551
2026-08-10,-0.0006651,-0.0038091,-0.0023397,0.0031748,0.0028610,0.0019457
2026-08-11,-0.0003925,0.0004450,0.0007736,0.0002750,-0.0001944,0.0004218
2026-08-12,0.0006525,-0.0025413,-0.0011153,0.0005588,0.0004033,-0.0004866
2026-08-13,-0.0007164,-0.0004344,-0.0000777,0.0001235,-0.0000031,-0.0003023
2026-08-14,0.0000804,0.0058663,0.0055157,0.0010991,-0.0006914,0.0046648
2026-08-17,-0.0000514,0.0007427,0.0004052,0.0004050,-0.0006022,0.0003432
2026-08-18,-0.0017279,-0.0019049,-0.0019255,-0.0003155,0.0004304,-0.0018531
2026-08-19,0.0015617,0.0069952,0.0071035,-0.0049534,-0.0010389,0.0009139
2026-08-20,0.0004138,0.0005968,-0.0009867,0.0026986,0.0001917,0.0022921
2026-08-21,0.0038928,0.0038965,0.0034047,0.0026663,-0.0027384,0.0039998
2026-08-24,-0.0036281,-0.0040943,-0.0042429,-0.0004663,0.0021009,-0.0029439
2026-08-25,0.0011394,0.0016424,0.0016525,0.0007056,-0.0017011,0.0009192
2026-08-26,-0.0023460,-0.0042432,-0.0042539,0.0003650,0.0032020,-0.0012859
2026-08-27,0.0010282,0.0015223,0.0015427,0.0006881,-0.0010834,0.0011968
2026-08-28,-0.0057377,-0.0081871,-0.0082930,0.0001134,0.0050226,-0.0040405
2026-08-31,0.0027507,0.0017718,0.0026160,-0.0005342,-0.0004290,0.0015385
2026-09-01,-0.0035504,-0.0024596,-0.0040955,0.0000166,0.0006995,-0.0026995
2026-09-02,0.0021901,-0.0012974,-0.0019299,-0.0019451,-0.0000159,-0.0019672
2026-09-03,0.0068351,-0.0000082,0.0026797,-0.0031410,0.0008864,0.0008423
2026-09-04,-0.0012154,-0.0002463,-0.0024568,0.0012640,0.0004972,0.0000567
2026-09-07,0.0035149,0.0030110,0.0037011,-0.0020918,-0.0021584,0.0002893
2026-09-08,0.0002587,0.0018377,0.0002929,-0.0012748,-0.0011481,-0.0008492
2026-09-09,0.0001139,0.0010386,-0.0002159,-0.0007581,-0.0009135,-0.0007959
2026-09-10,-0.0057992,-0.0029374,-0.0044600,-0.0011415,-0.0003826,-0.0053968
2026-09-11,0.0016426,0.0007184,-0.0009341,0.0003357,-0.0005099,0.0003488
2026-09-14,-0.0029904,-0.0019485,-0.0031737,-0.0005130,-0.0006667,-0.0035100
2026-09-15,-0.0011239,-0.0000337,-0.0008917,0.0003117,-0.0004712,-0.0007257
2026-09-16,-0.0056678,-0.0013203,0.0065434,0.0005186,-0.0058215,-0.0031554
2026-09-17,-0.0007433,0.0008932,-0.0012431,0.0004976,0.0008666,0.0005586
2026-09-18,0.0000631,-0.0011899,-0.0028300,0.0007462,0.0014426,-0.0000292
2026-09-21,0.0011365,0.0014262,0.0020656,-0.0000084,-0.0023660,0.0002042
2026-09-22,0.0010585,0.0013454,0.0013429,0.0002093,-0.0012116,0.0007532
2026-09-23,0.0043100,0.0095245,0.0095814,-0.0017510,-0.0078632,0.0023877
2026-09-24,0.0009136,0.0028111,0.0027057,-0.0008431,-0.0032550,-0.0001765
2026-09-25,0.0011496,0.0009598,0.0009826,0.0016630,0.0005183,0.0025972
