,J1,J2,J3
2017-01-02,0.0001179,-0.0004133,0.0024327
2017-01-03,-0.0016724,-0.0003860,0.0009215
2017-01-04,-0.0005375,0.0002464,-0.0034793
2017-01-05,-0.0000958,-0.0002575,-0.0039455
2017-01-06,0.0003716,0.0003534,0.0020094
2017-01-09,0.0000149,0.0007081,-0.0007506
2017-01-10,-0.0003582,0.0001413,0.0005782
2017-01-11,-0.0003453,-0.0007989,-0.0019406
2017-01-12,0.0005461,-0.0010009,-0.0022641
2017-01-13,0.0000501,0.0000543,-0.0009035
2017-01-16,0.0002349,-0.0000152,0.0011078
2017-01-17,-0.0015620,-0.0012057,-0.0034533
2017-01-18,-0.0009063,0.0024051,0.0028974
2017-01-19,0.0000010,-0.0002882,0.0000081
2017-01-20,-0.0004237,-0.0006963,-0.0019345
2017-01-23,-0.0001964,-0.0007750,-0.0013135
2017-01-24,0.0002930,0.0008137,0.0008314
2017-01-25,-0.0002513,-0.0013318,-0.0005778
2017-01-26,-0.0001213,0.0010856,0.0011098
2017-01-27,0.0000256,-0.0002980,-0.0004047
2017-01-30,-0.0000744,-0.0012363,-0.0000986
2017-01-31,-0.0002977,-0.0034795,-0.0030619
2017-02-01,0.0001326,-0.0020730,0.0007306
2017-02-02,0.0004861,0.0013482,-0.0006781
2017-02-03,0.0001350,-0.0027815,0.0015384
2017-02-06,-0.0002439,0.0022070,0.0004368
2017-02-07,-0.0005367,0.0027962,-0.0001621
2017-02-08,-0.0003828,0.0001295,-0.0010915
2017-02-09,-0.0007927,0.0005643,0.0012302
2017-02-10,0.0006661,-0.0009026,-0.0004736
2017-02-13,-0.0002314,0.0020012,0.0004452
2017-02-14,0.0004261,-0.0002717,-0.0003602
2017-02-15,0.0003439,-0.0002093,0.0010333
2017-02-16,-0.0008690,0.0000000,-0.0013317
2017-02-17,0.0000074,0.0000000,0.0004736
2017-02-27,-0.0001543,0.0000000,-0.0035810
2017-02-28,-0.0004762,0.0000000,-0.0002090
2017-03-01,0.0001036,0.0000000,0.0013374
2017-03-02,-0.0006012,0.0000000,-0.0009907
2017-03-03,-0.0000094,0.0000000,-0.0029149
2017-03-06,0.0000000,0.0000000,-0.0001645
2017-03-07,0.0000000,0.0000000,0.0015602
2017-03-08,0.0000000,0.0000000,-0.0019227
2017-03-09,-0.0000206,-0.0005110,-0.0028910
2017-03-10,-0.0002787,-0.0006543,-0.0037375
2017-03-13,-0.0002024,0.0030194,0.0014842
2017-03-14,-0.0000989,0.0010360,0.0007769
2017-03-15,-0.0021395,0.0034399,-0.0016829
2017-03-16,0.0008485,-0.0005375,-0.0011736
2017-03-17,-0.0002402,0.0026429,0.0027619
2017-03-20,-0.0004379,-0.0004659,0.0012638
2017-03-21,0.0010711,-0.0007992,-0.0029758
2017-03-22,0.0002298,0.0008584,-0.0001342
2017-03-23,0.0004448,-0.0017035,0.0006851
2017-03-24,-0.0005752,-0.0008513,-0.0000245
2017-03-27,0.0012158,-0.0023202,-0.0003670
2017-03-28,-0.0008455,0.0001415,0.0001343
2017-03-29,-0.0006898,0.0005271,0.0021781
2017-03-30,-0.0008729,-0.0001129,0.0011826
2017-03-31,0.0006926,0.0018114,-0.0012125
2017-04-03,0.0005984,0.0000321,-0.0006254
2017-04-04,0.0007776,-0.0008063,-0.0012144
2017-04-05,0.0003143,-0.0003405,0.0005538
2017-04-06,-0.0001907,0.0000145,-0.0001200
2017-04-07,0.0003885,0.0003732,0.0012647
2017-04-10,-0.0002226,0.0004649,-0.0003960
2017-04-11,0.0021598,-0.0000213,-0.0004958
2017-04-12,0.0005850,0.0000000,0.0001756
2017-04-13,-0.0017722,0.0000000,0.0000996
2017-04-14,0.0009361,-0.0001639,0.0004642
2017-04-17,-0.0011665,-0.0007823,-0.0005748
2017-04-18,0.0008216,-0.0002434,-0.0001785
2017-04-19,-0.0000232,0.0003377,-0.0029779
2017-04-20,-0.0004083,-0.0002279,-0.0015287
2017-04-21,-0.0001507,0.0008422,-0.0016937
2017-04-24,-0.0008041,0.0006038,0.0000545
2017-04-25,0.0002963,0.0000782,0.0003103
2017-04-26,0.0002660,0.0004169,0.0002007
2017-04-27,0.0004176,0.0028810,0.0002993
2017-04-28,0.0002615,-0.0019946,-0.0004124
2017-05-01,-0.0003901,-0.0002691,-0.0009072
2017-05-02,0.0002173,-0.0017248,0.0027695
2017-05-03,-0.0000654,-0.0002311,-0.0006029
2017-05-04,0.0007965,-0.0035616,0.0018118
2017-05-05,-0.0008967,0.0005135,-0.0008201
2017-05-08,-0.0003179,0.0021892,-0.0028458
2017-05-09,0.0002898,0.0005814,-0.0011901
2017-05-10,-0.0004384,-0.0008209,0.0002838
2017-05-11,-0.0010216,0.0009693,-0.0019337
2017-05-12,-0.0003076,-0.0000211,0.0021671
2017-05-15,-0.0002404,-0.0008965,0.0021404
2017-05-16,-0.0002105,-0.0026444,0.0028998
2017-05-17,-0.0001120,-0.0019677,-0.0004672
2017-05-18,-0.0006237,0.0050370,-0.0030861
2017-05-19,0.0003799,-0.0080489,0.0036587
2017-05-22,-0.0004124,-0.0005441,-0.0003907
2017-05-23,-0.0004597,0.0028343,-0.0012261
2017-05-24,0.0000269,-0.0037377,0.0021658
2017-05-25,0.0001144,0.0004823,0.0006411
2017-05-26,-0.0002233,0.0011409,-0.0025480
2017-05-29,-0.0006120,0.0020270,-0.0006445
2017-05-30,0.0000065,-0.0022940,0.0026540
2017-05-31,0.0012347,-0.0001452,0.0026019
2017-06-01,0.0001010,0.0002958,-0.0027884
2017-06-02,0.0002311,-0.0008082,0.0039195
2017-06-05,-0.0017792,-0.0001376,-0.0010746
2017-06-06,0.0004669,0.0007984,0.0008287
2017-06-07,-0.0012550,0.0001693,-0.0014895
2017-06-08,-0.0003846,-0.0006940,-0.0021263
2017-06-09,0.0000789,-0.0001020,0.0003563
2017-06-12,-0.0003577,0.0000000,-0.0004244
2017-06-13,0.0004403,0.0000000,-0.0005665
2017-06-14,0.0001314,0.0000000,-0.0000314
2017-06-15,-0.0008564,0.0000000,-0.0071873
2017-06-16,0.0003483,0.0000000,0.0038772
2017-06-19,-0.0000176,0.0000000,-0.0028069
2017-06-20,0.0000294,0.0000000,-0.0032247
2017-06-21,-0.0009111,-0.0003776,0.0012575
2017-06-22,0.0008140,0.0008362,-0.0010380
2017-06-23,-0.0001154,0.0005702,0.0027136
2017-06-26,0.0005678,0.0007880,0.0008062
2017-06-27,-0.0011934,-0.0017184,0.0054567
2017-06-28,0.0001500,0.0004523,0.0027454
2017-06-29,-0.0000729,-0.0021345,0.0011291
2017-06-30,0.0003425,0.0009640,-0.0003390
2017-07-03,0.0001567,0.0009046,-0.0057367
2017-07-04,-0.0004588,0.0019120,0.0005859
2017-07-05,0.0000288,-0.0022059,0.0006361
2017-07-06,-0.0003076,-0.0009239,0.0029759
2017-07-07,0.0003592,-0.0011237,0.0007241
2017-07-10,0.0003574,0.0006636,-0.0015983
2017-07-11,-0.0003880,0.0001486,0.0024117
2017-07-12,-0.0014986,0.0005846,-0.0013219
2017-07-13,0.0007681,-0.0026715,0.0007486
2017-07-14,0.0002937,-0.0031427,0.0050094
2017-07-17,-0.0005252,-0.0004860,-0.0009768
2017-07-18,0.0000512,-0.0024612,0.0042141
2017-07-19,-0.0001841,-0.0010461,-0.0029462
2017-07-20,-0.0001591,-0.0049166,0.0075920
2017-07-21,-0.0007781,0.0011961,-0.0029811
2017-07-24,0.0000748,-0.0024443,-0.0005882
2017-07-25,0.0006055,-0.0015756,-0.0007481
2017-07-26,-0.0002576,-0.0056223,0.0063316
2017-07-27,-0.0009578,0.0045823,-0.0041026
2017-07-28,0.0008117,-0.0051534,0.0056009
2017-07-31,-0.0007817,-0.0028475,0.0043427
2017-08-01,-0.0006437,0.0031101,-0.0013395
2017-08-02,0.0000163,-0.0017541,0.0024796
2017-08-03,-0.0003008,0.0005251,0.0011718
2017-08-04,-0.0003920,0.0029552,-0.0066432
2017-08-07,0.0000945,-0.0007220,0.0001448
2017-08-08,-0.0000135,0.0013495,-0.0036611
2017-08-09,-0.0000197,0.0010937,-0.0019297
2017-08-10,0.0001401,0.0001106,0.0002671
2017-08-11,-0.0001380,-0.0018083,0.0041874
2017-08-14,-0.0000411,0.0004718,-0.0023423
2017-08-15,0.0003029,-0.0002498,-0.0023850
2017-08-16,0.0001798,0.0005021,0.0037217
2017-08-17,-0.0003406,-0.0002403,-0.0037834
2017-08-18,0.0007631,-0.0001909,0.0024201
2017-08-21,0.0000320,-0.0003031,0.0022106
2017-08-22,0.0007925,0.0003045,-0.0013646
2017-08-23,0.0013876,-0.0005295,0.0019751
2017-08-24,0.0000820,0.0011935,-0.0010566
2017-08-25,-0.0004129,0.0002278,0.0080705
2017-08-28,-0.0006801,0.0004170,0.0010874
2017-08-29,-0.0000209,0.0001739,-0.0021354
2017-08-30,-0.0008028,0.0008197,-0.0042575
2017-08-31,0.0014170,-0.0004541,0.0034552
2017-09-01,0.0008956,0.0011058,-0.0038441
2017-09-04,-0.0003848,-0.0009463,0.0015522
2017-09-05,-0.0012347,0.0001102,0.0001380
2017-09-06,0.0007808,0.0007006,-0.0025251
2017-09-07,0.0003598,-0.0008779,0.0065444
2017-09-08,0.0001204,0.0001858,-0.0016072
2017-09-11,-0.0014180,0.0016762,-0.0076805
2017-09-12,0.0000816,-0.0001758,-0.0000977
2017-09-13,0.0000294,-0.0012171,-0.0080126
2017-09-14,0.0008682,-0.0008802,0.0018444
2017-09-15,0.0001988,-0.0004593,0.0008336
2017-09-18,-0.0001508,-0.0001663,-0.0009404
2017-09-19,-0.0002866,0.0013536,0.0043672
2017-09-20,-0.0000333,-0.0007102,-0.0066427
2017-09-21,0.0000000,-0.0012955,0.0018801
2017-09-22,0.0000000,-0.0000516,0.0005114
2017-09-25,0.0000000,-0.0004843,-0.0059745
2017-09-26,0.0000000,-0.0018977,-0.0082463
2017-09-27,0.0000000,-0.0009916,-0.0071654
2017-09-28,-0.0003484,0.0023212,0.0032602
2017-09-29,0.0001923,-0.0003999,-0.0014788
2017-10-02,-0.0000884,-0.0020558,-0.0031298
2017-10-03,0.0000606,0.0005834,0.0015963
2017-10-04,-0.0001009,0.0023816,0.0040278
2017-10-05,0.0000170,-0.0018011,-0.0032199
2017-10-06,-0.0001825,-0.0002298,0.0009341
2017-10-09,0.0000283,0.0012793,-0.0004477
2017-10-10,-0.0002750,0.0022128,0.0040093
2017-10-11,0.0000046,0.0026722,0.0020193
2017-10-12,-0.0014790,-0.0000214,-0.0033247
2017-10-13,-0.0021197,0.0001963,0.0004113
2017-10-16,0.0001057,0.0006188,-0.0001001
2017-10-17,0.0001224,-0.0009126,-0.0033731
2017-10-18,0.0004648,-0.0000261,0.0008309
2017-10-19,-0.0004317,-0.0008728,0.0020117
2017-10-20,0.0008100,0.0003241,-0.0034631
2017-10-23,-0.0000638,-0.0004920,-0.0025343
2017-10-24,0.0008910,-0.0010623,-0.0021426
2017-10-25,0.0000480,-0.0008361,0.0018084
2017-10-26,-0.0000315,-0.0017637,-0.0121130
2017-10-27,-0.0001968,0.0027102,-0.0003027
2017-10-30,-0.0001770,-0.0023922,0.0004724
2017-10-31,-0.0000108,-0.0019032,-0.0006858
2017-11-01,0.0000000,0.0007995,-0.0004143
2017-11-02,0.0000000,-0.0008315,0.0009971
2017-11-03,0.0000000,-0.0014348,-0.0035540
2017-11-06,0.0000000,0.0030783,0.0020506
2017-11-07,0.0000000,-0.0006474,-0.0010584
2017-11-08,0.0000000,0.0004871,0.0008391
2017-11-09,0.0000000,0.0003872,0.0021133
2017-11-10,0.0000000,-0.0000931,0.0009613
2017-11-13,0.0000000,0.0000000,-0.0005474
2017-11-14,0.0000000,0.0000000,0.0066733
2017-11-15,0.0000000,-0.0021042,-0.0010115
2017-11-16,0.0000600,0.0023713,-0.0007903
2017-11-17,0.0008425,-0.0021135,0.0009385
2017-11-20,-0.0002739,-0.0008738,-0.0029116
2017-11-21,-0.0003981,0.0030624,0.0019580
2017-11-22,-0.0000781,0.0007177,0.0043632
2017-11-23,-0.0004050,-0.0003136,0.0013583
2017-11-24,0.0002484,-0.0040805,0.0034325
2017-11-27,-0.0005897,0.0006290,-0.0028406
2017-11-28,-0.0001505,-0.0000172,-0.0044021
2017-11-29,0.0002264,-0.0006039,0.0009183
2017-11-30,0.0018990,-0.0035937,0.0023186
2017-12-01,-0.0033257,0.0016966,-0.0010754
2017-12-04,-0.0002734,0.0001226,-0.0012266
2017-12-05,-0.0007653,0.0029658,-0.0023766
2017-12-06,-0.0002630,0.0009312,-0.0014873
2017-12-07,0.0004315,-0.0007466,-0.0001729
2017-12-08,-0.0001994,0.0005350,-0.0000852
2017-12-11,-0.0001982,-0.0017360,0.0000012
2017-12-12,-0.0002033,0.0009586,-0.0038597
2017-12-13,-0.0000058,-0.0000545,0.0034844
2017-12-14,0.0000000,0.0000000,-0.0037428
2017-12-15,0.0000000,0.0000000,0.0005407
2017-12-18,0.0000000,0.0000000,0.0005168
2017-12-19,0.0000000,0.0000000,0.0031395
2017-12-20,0.0000000,0.0000000,0.0008371
2017-12-21,0.0000000,0.0008536,-0.0001431
2017-12-22,0.0000000,0.0004726,-0.0007742
2017-12-26,0.0000000,0.0002084,-0.0012559
2017-12-27,0.0001472,0.0005234,-0.0000742
2017-12-28,0.0002430,-0.0010450,0.0063300
2017-12-29,0.0000223,-0.0007548,0.0034716
2018-01-02,0.0001608,-0.0002055,0.0020023
2018-01-03,-0.0005137,0.0008676,-0.0014147
2018-01-04,0.0013980,-0.0026571,0.0015817
2018-01-05,0.0001992,0.0018857,-0.0023433
2018-01-08,-0.0003307,0.0059004,-0.0061875
2018-01-09,-0.0009107,0.0029217,-0.0035938
2018-01-10,-0.0003808,-0.0013330,0.0019922
2018-01-11,0.0012752,-0.0002567,0.0050371
2018-01-12,-0.0018828,0.0000000,0.0074993
2018-01-15,0.0007861,-0.0013320,0.0017938
2018-01-16,-0.0008756,-0.0006043,0.0005335
2018-01-17,0.0000899,0.0004649,-0.0027303
2018-01-18,0.0005847,-0.0011183,0.0029269
2018-01-19,-0.0005614,0.0000611,-0.0019516
2018-01-22,0.0009053,-0.0002933,0.0013541
2018-01-23,0.0001076,0.0000000,0.0016138
2018-01-24,0.0011814,0.0000000,0.0069237
2018-01-25,-0.0006892,0.0000000,0.0005017
2018-01-26,0.0008447,0.0000000,0.0040124
2018-01-29,-0.0005769,0.0000000,-0.0049996
2018-01-30,-0.0000437,0.0000000,-0.0013267
2018-01-31,0.0000260,0.0000000,0.0018613
2018-02-01,0.0000786,0.0000000,0.0061034
2018-02-02,-0.0010994,0.0000000,-0.0061739
2018-02-05,-0.0000504,0.0000000,-0.0050822
2018-02-06,-0.0001464,0.0000000,0.0008172
2018-02-07,-0.0001661,0.0000000,-0.0081712
2018-02-08,0.0000628,0.0000000,-0.0040908
2018-02-09,-0.0000634,0.0000000,0.0001642
2018-02-12,0.0001679,0.0000000,0.0036680
2018-02-13,0.0002778,0.0000000,0.0023995
2018-02-14,0.0000036,0.0000000,0.0051096
2018-02-15,0.0002021,0.0000000,0.0028382
2018-02-16,-0.0001426,0.0000000,-0.0049417
2018-02-19,0.0000287,0.0000000,0.0025297
2018-02-20,0.0000689,0.0000000,-0.0043835
2018-02-21,-0.0000332,0.0001985,-0.0047971
2018-02-22,0.0002037,-0.0006003,0.0007305
2018-02-23,-0.0010760,-0.0007504,-0.0006737
2018-02-26,0.0002641,0.0001348,0.0004859
2018-02-27,0.0000366,-0.0003743,-0.0039844
2018-02-28,0.0000545,-0.0000499,-0.0014682
2018-03-01,0.0003678,-0.0002269,0.0017147
2018-03-02,0.0004159,-0.0008806,0.0023506
2018-03-05,0.0004724,-0.0004896,-0.0000975
2018-03-06,-0.0002591,0.0001911,0.0033728
2018-03-07,0.0002714,-0.0006769,-0.0012534
2018-03-08,-0.0008055,-0.0000678,-0.0039534
2018-03-09,-0.0005263,0.0000000,0.0001968
2018-03-12,0.0000287,0.0000000,-0.0002704
2018-03-13,0.0000240,0.0000000,0.0015080
2018-03-14,-0.0001588,0.0000000,-0.0001479
2018-03-15,-0.0000148,0.0000000,-0.0040806
2018-03-16,0.0000000,0.0000000,-0.0007034
2018-03-19,0.0000000,0.0000000,0.0003330
2018-03-20,0.0000000,0.0000000,-0.0045397
2018-03-21,0.0000000,0.0000000,0.0043212
2018-03-22,0.0000000,0.0000000,-0.0006361
2018-03-23,0.0000000,0.0000000,0.0016690
2018-03-26,-0.0001018,0.0000000,0.0033246
2018-03-27,0.0000559,0.0000000,-0.0006284
2018-03-28,-0.0000070,0.0000000,-0.0022553
2018-03-29,-0.0001731,0.0000000,-0.0005209
2018-03-30,0.0000379,0.0000000,0.0010064
2018-04-02,0.0001088,0.0000000,-0.0011965
2018-04-03,-0.0004863,0.0000000,0.0005840
2018-04-04,0.0000007,0.0000000,-0.0000775
2018-04-05,0.0000000,0.0000000,-0.0010227
2018-04-06,0.0000000,0.0000000,0.0008363
2018-04-09,0.0000000,0.0000000,0.0019265
2018-04-10,0.0000000,0.0000000,0.0017969
2018-04-11,0.0001087,0.0000000,0.0008669
2018-04-12,0.0001012,0.0000000,-0.0004470
2018-04-13,-0.0002313,0.0000000,0.0043863
2018-04-16,0.0000389,0.0000000,0.0016465
2018-04-17,0.0002443,0.0000000,-0.0024878
2018-04-18,-0.0000656,0.0000000,-0.0000584
2018-04-19,-0.0000995,0.0000000,-0.0019946
2018-04-20,-0.0002092,0.0000000,-0.0019245
2018-04-23,0.0000486,0.0000000,-0.0056069
2018-04-24,0.0006186,0.0000000,-0.0003639
2018-04-25,0.0006149,0.0000000,-0.0038505
2018-04-26,0.0000348,-0.0025776,0.0008308
2018-04-27,-0.0007642,0.0023693,0.0033991
2018-04-30,0.0005020,-0.0062828,-0.0037143
2018-05-01,0.0004697,-0.0073785,-0.0020338
2018-05-02,-0.0003215,-0.0022872,0.0002285
2018-05-03,-0.0003839,0.0051372,-0.0012080
2018-05-04,0.0005187,0.0009094,-0.0010283
2018-05-07,-0.0000366,-0.0050542,-0.0019990
2018-05-08,-0.0005067,-0.0057972,-0.0045400
2018-05-09,0.0012188,0.0009922,-0.0042755
2018-05-10,0.0007609,0.0025262,0.0026656
2018-05-11,-0.0007089,-0.0000106,-0.0015124
2018-05-14,0.0005245,-0.0006403,0.0001258
2018-05-15,0.0004176,-0.0032623,-0.0048991
2018-05-16,0.0003430,0.0003449,0.0003828
2018-05-17,0.0000966,-0.0017000,-0.0014321
2018-05-18,-0.0009356,-0.0005745,-0.0010968
2018-05-21,-0.0000248,0.0000187,-0.0023578
2018-05-22,-0.0003928,-0.0002871,-0.0004480
2018-05-23,0.0006017,-0.0004536,-0.0022757
2018-05-24,-0.0004222,0.0004312,0.0008033
2018-05-25,0.0001984,0.0004100,-0.0029045
2018-05-28,0.0000283,0.0001703,0.0005191
2018-05-29,0.0005487,-0.0000995,0.0030461
2018-05-30,-0.0001871,0.0000000,-0.0026985
2018-05-31,-0.0004982,0.0000000,0.0009512
2018-06-01,-0.0001772,0.0000000,-0.0007601
2018-06-04,0.0001011,0.0000000,-0.0044107
2018-06-05,-0.0003041,0.0000000,0.0005340
2018-06-06,-0.0000060,0.0000000,-0.0023483
2018-06-07,0.0000000,0.0000000,-0.0010573
2018-06-08,0.0000000,0.0000000,-0.0009850
2018-06-11,0.0000000,0.0000000,-0.0009656
2018-06-12,0.0000000,0.0000000,0.0001966
2018-06-13,0.0000000,0.0000000,-0.0018736
2018-06-14,0.0000000,0.0000000,0.0066066
2018-06-15,0.0000000,0.0000000,0.0003007
2018-06-18,0.0000000,0.0000000,0.0021539
2018-06-19,0.0000000,0.0000000,0.0027724
2018-06-20,-0.0001949,0.0000000,0.0000149
2018-06-21,0.0000143,0.0000000,0.0006429
2018-06-22,-0.0003336,0.0010436,-0.0021310
2018-06-25,0.0004356,-0.0008851,0.0003668
2018-06-26,-0.0002480,-0.0004587,0.0009681
2018-06-27,-0.0001238,-0.0010631,0.0045432
2018-06-28,-0.0002678,-0.0005458,0.0012186
2018-06-29,0.0001739,-0.0003993,-0.0030900
2018-07-02,0.0008273,-0.0012343,0.0025266
2018-07-03,-0.0007492,0.0001214,-0.0037001
2018-07-04,-0.0001246,0.0004226,-0.0019958
2018-07-05,-0.0004872,0.0012639,-0.0025124
2018-07-06,-0.0003774,0.0000575,-0.0020061
2018-07-09,-0.0003766,0.0000000,-0.0018805
2018-07-10,-0.0000020,0.0000000,0.0003309
2018-07-11,0.0000000,0.0000000,0.0037455
2018-07-12,0.0000000,0.0000000,0.0005874
2018-07-13,0.0000000,0.0000000,-0.0008280
2018-07-16,0.0000000,0.0000000,-0.0022739
2018-07-17,0.0000348,0.0000000,0.0001414
2018-07-18,-0.0000576,0.0000000,0.0010397
2018-07-19,-0.0003287,0.0000000,0.0019420
2018-07-20,-0.0003434,0.0000000,-0.0035129
2018-07-23,-0.0001292,0.0000000,0.0005167
2018-07-24,-0.0002360,0.0000000,-0.0031381
2018-07-25,-0.0000054,0.0000000,-0.0027947
2018-07-26,0.0000000,0.0000000,0.0015462
2018-07-27,0.0000000,0.0000000,0.0004677
2018-07-30,0.0000000,0.0000000,-0.0038382
2018-07-31,0.0000000,0.0000000,0.0014245
2018-08-01,0.0000000,0.0000000,0.0000498
2018-08-02,0.0000000,0.0000000,0.0042390
2018-08-03,0.0000000,0.0000000,-0.0001213
2018-08-06,0.0000000,0.0000000,0.0003973
2018-08-07,-0.0002542,0.0000000,-0.0014027
2018-08-08,0.0000055,0.0000000,0.0014231
2018-08-09,-0.0001005,0.0000000,0.0034082
2018-08-10,-0.0002634,-0.0006867,0.0043194
2018-08-13,-0.0001499,0.0003384,0.0009797
2018-08-14,0.0000000,-0.0011651,0.0004051
2018-08-15,0.0000000,-0.0017335,0.0038200
2018-08-16,-0.0003523,0.0001638,-0.0008801
2018-08-17,-0.0000956,0.0016837,-0.0022743
2018-08-20,0.0000171,0.0000660,0.0010384
2018-08-21,-0.0001442,0.0005611,-0.0025840
2018-08-22,-0.0000179,0.0022766,-0.0031021
2018-08-23,0.0000000,-0.0011006,0.0038310
2018-08-24,0.0000000,0.0000875,-0.0015724
2018-08-27,0.0000863,-0.0014616,-0.0014803
2018-08-28,0.0002265,-0.0012224,0.0019270
2018-08-29,-0.0008505,-0.0002388,0.0006975
2018-08-30,-0.0006104,0.0009263,-0.0004348
2018-08-31,-0.0000089,0.0004922,0.0008375
2018-09-03,0.0000000,-0.0000201,-0.0022657
2018-09-04,0.0000000,0.0000000,0.0010305
2018-09-05,0.0000000,0.0000000,-0.0000152
2018-09-06,0.0000000,0.0000000,0.0017972
2018-09-07,-0.0001775,0.0000000,-0.0023555
2018-09-10,-0.0003274,0.0000000,-0.0008453
2018-09-11,-0.0002678,0.0000000,-0.0025149
2018-09-12,-0.0000092,0.0000000,-0.0034338
2018-09-13,0.0000000,0.0000000,-0.0019504
2018-09-14,0.0000000,0.0000000,0.0031629
2018-09-17,0.0000000,0.0000000,-0.0060724
2018-09-18,0.0000000,0.0000000,-0.0010319
2018-09-19,0.0000000,0.0000000,-0.0010662
2018-09-20,0.0000000,0.0000000,-0.0027582
2018-09-21,0.0000000,0.0000000,0.0004345
2018-09-24,0.0000000,0.0000000,-0.0000397
2018-09-25,0.0000000,0.0000000,-0.0005039
2018-09-26,0.0000000,0.0000000,-0.0023480
2018-09-27,0.0000000,0.0000000,0.0014745
2018-09-28,0.0000000,0.0000000,0.0015533
2018-10-01,0.0000000,0.0000000,0.0022531
2018-10-02,0.0000000,0.0000000,0.0030313
2018-10-03,0.0000000,0.0000000,0.0019207
2018-10-04,0.0000000,0.0000000,0.0014741
2018-10-05,0.0000000,0.0000000,-0.0003850
2018-10-08,0.0000000,0.0000000,0.0017383
2018-10-09,0.0000000,0.0000000,-0.0001972
2018-10-10,0.0000000,0.0000000,0.0014404
2018-10-11,0.0000000,0.0000000,-0.0066742
2018-10-12,0.0000000,0.0000000,-0.0024710
2018-10-15,0.0000000,0.0000000,-0.0001927
2018-10-16,0.0000000,0.0000000,-0.0021132
2018-10-17,0.0000000,0.0000000,0.0030553
2018-10-18,0.0000000,0.0000000,0.0044628
2018-10-19,0.0000000,0.0000000,-0.0037603
2018-10-22,0.0000000,0.0000000,0.0007408
2018-10-23,0.0000000,0.0000000,0.0012144
2018-10-24,0.0000000,0.0000000,0.0055498
2018-10-25,0.0000000,0.0000000,-0.0009503
2018-10-26,-0.0002035,0.0000000,0.0004017
2018-10-29,0.0002194,0.0000000,0.0027698
2018-10-30,0.0004072,0.0000000,0.0009391
2018-10-31,-0.0001521,0.0000000,0.0011357
2018-11-01,0.0002584,0.0008936,-0.0066361
2018-11-02,0.0001872,0.0010854,-0.0007778
2018-11-05,-0.0001285,-0.0000310,-0.0005903
2018-11-06,0.0005720,0.0001095,-0.0007764
2018-11-07,0.0002978,0.0009054,-0.0014306
2018-11-08,0.0002559,0.0000287,0.0000848
2018-11-09,-0.0000033,0.0000000,0.0020790
2018-11-12,0.0006238,0.0000000,0.0049259
2018-11-13,-0.0001837,0.0000000,-0.0048896
2018-11-14,0.0001371,0.0000000,0.0009217
2018-11-15,0.0001561,0.0000000,-0.0017433
2018-11-16,-0.0004781,0.0000000,-0.0015070
2018-11-19,-0.0008636,0.0000000,0.0002230
2018-11-20,-0.0000393,-0.0008280,0.0030775
2018-11-21,0.0000000,0.0007669,-0.0034643
2018-11-22,0.0000000,-0.0005033,-0.0001923
2018-11-23,0.0000000,-0.0002297,0.0013573
2018-11-26,0.0000000,0.0002194,0.0002810
2018-11-27,0.0000000,-0.0000941,0.0004831
2018-11-28,0.0000000,0.0000000,-0.0034248
2018-11-29,0.0000000,0.0000000,0.0006499
2018-11-30,0.0000000,0.0000000,0.0023240
2018-12-03,0.0000000,0.0000000,-0.0053405
2018-12-04,0.0000000,0.0000000,-0.0003181
2018-12-05,0.0000000,0.0000000,0.0000793
2018-12-06,0.0000000,0.0000000,-0.0011703
2018-12-07,0.0002153,0.0000000,-0.0006119
2018-12-10,0.0005654,0.0000000,0.0023522
2018-12-11,0.0001169,0.0000000,0.0015330
2018-12-12,-0.0004753,0.0000000,-0.0017680
2018-12-13,-0.0000158,0.0000000,-0.0003466
2018-12-14,0.0000000,0.0000000,0.0019477
2018-12-17,0.0000000,0.0000000,0.0008021
2018-12-18,0.0000000,0.0000000,0.0030978
2018-12-19,0.0000000,-0.0000919,-0.0007848
2018-12-20,0.0000000,-0.0005188,-0.0029076
2018-12-21,0.0000000,-0.0004078,0.0033407
2018-12-24,0.0000000,-0.0002480,-0.0005757
2018-12-26,0.0000000,0.0004115,0.0015823
2018-12-27,0.0000000,-0.0000601,-0.0005849
2018-12-28,0.0000000,0.0000000,-0.0033532
2018-12-31,-0.0000065,0.0000000,-0.0053168
2019-01-02,0.0004224,0.0046900,0.0092737
2019-01-03,-0.0000648,-0.0008857,-0.0053170
2019-01-04,-0.0005510,-0.0017248,-0.0026546
2019-01-07,-0.0000066,-0.0018104,-0.0030158
2019-01-08,0.0000000,0.0011287,0.0026608
2019-01-09,0.0000000,-0.0002548,-0.0062705
2019-01-10,0.0000000,0.0008455,0.0011064
2019-01-11,0.0000000,0.0006399,0.0005956
2019-01-14,0.0000000,0.0003004,0.0010015
2019-01-15,0.0000000,0.0013600,0.0043434
2019-01-16,0.0000000,0.0005820,-0.0029392
2019-01-17,0.0003495,-0.0001584,-0.0023466
2019-01-18,-0.0001706,-0.0016491,0.0019174
2019-01-21,0.0000822,-0.0005105,0.0001687
2019-01-22,0.0000766,0.0005258,0.0002165
2019-01-23,0.0000961,-0.0001235,-0.0015596
2019-01-24,0.0001123,0.0005421,0.0032604
2019-01-25,-0.0000260,-0.0001954,-0.0060625
2019-01-28,-0.0000867,0.0000000,-0.0008666
2019-01-29,-0.0002635,0.0000000,-0.0006987
2019-01-30,-0.0001513,0.0000000,-0.0020747
2019-01-31,-0.0000109,0.0003635,0.0021871
2019-02-01,0.0000000,0.0038504,-0.0030776
2019-02-04,0.0000000,-0.0001266,0.0008896
2019-02-05,0.0000927,0.0003489,0.0015960
2019-02-06,0.0001319,0.0021508,0.0017273
2019-02-07,-0.0000088,-0.0019266,0.0014157
2019-02-08,-0.0001233,-0.0000076,0.0012608
2019-02-11,0.0002148,-0.0021959,0.0023816
2019-02-12,-0.0001249,0.0009937,-0.0027568
2019-02-13,0.0004624,-0.0013834,0.0011146
2019-02-14,-0.0004184,0.0012068,-0.0001935
2019-02-15,0.0000062,0.0003358,-0.0021086
2019-02-18,-0.0001381,-0.0002976,-0.0007883
2019-02-19,-0.0003352,-0.0001320,0.0006060
2019-02-20,0.0000086,-0.0000741,0.0004295
2019-02-21,0.0000083,-0.0000857,0.0015853
2019-02-22,0.0000024,0.0000000,-0.0012826
2019-02-25,-0.0001302,0.0000000,-0.0012820
2019-02-26,-0.0000058,0.0000000,-0.0034007
2019-02-27,0.0000000,0.0000000,-0.0011496
2019-02-28,0.0001686,0.0000000,-0.0026894
2019-03-01,0.0002020,0.0000000,0.0007371
2019-03-04,-0.0001859,0.0000000,0.0042607
2019-03-05,-0.0000836,0.0000000,0.0000258
2019-03-06,-0.0000623,0.0000000,-0.0008235
2019-03-07,-0.0006024,0.0000000,0.0100552
2019-03-08,0.0001635,0.0005698,-0.0028878
2019-03-11,0.0000682,0.0010931,-0.0026358
2019-03-12,0.0001597,0.0004243,-0.0020799
2019-03-13,-0.0001805,0.0010698,-0.0029715
2019-03-14,0.0000403,-0.0000400,0.0006710
2019-03-15,-0.0000898,0.0000000,-0.0037432
2019-03-18,-0.0001031,0.0000000,0.0006046
2019-03-19,0.0001320,0.0000000,-0.0002997
2019-03-20,0.0002914,0.0000000,-0.0047670
2019-03-21,-0.0003626,0.0000000,-0.0001956
2019-03-22,-0.0000000,0.0000000,0.0027256
2019-03-25,0.0000689,0.0000000,-0.0008836
2019-03-26,-0.0004107,0.0000000,-0.0032283
2019-03-27,-0.0009602,0.0000000,0.0008386
2019-03-28,-0.0000126,0.0000000,0.0005202
2019-03-29,-0.0001188,0.0000000,-0.0010987
2019-04-01,-0.0002772,0.0000000,-0.0019348
2019-04-02,0.0002930,0.0000000,0.0019560
2019-04-03,-0.0002654,0.0000000,-0.0039177
2019-04-04,-0.0000688,0.0000000,0.0008359
2019-04-05,0.0000365,0.0000000,0.0008062
2019-04-08,-0.0000856,0.0000000,-0.0036257
2019-04-09,-0.0000131,0.0000000,0.0002294
2019-04-10,0.0000000,0.0000000,-0.0015166
2019-04-11,-0.0001416,0.0000000,0.0020355
2019-04-12,0.0001462,0.0000000,-0.0027571
2019-04-15,-0.0000046,0.0000000,-0.0001615
2019-04-16,0.0000150,0.0000000,0.0000724
2019-04-17,0.0005052,0.0000000,-0.0014089
2019-04-18,0.0000341,0.0000000,0.0047579
2019-04-19,-0.0000982,0.0000000,-0.0017168
2019-04-22,-0.0004753,0.0000000,0.0004888
2019-04-23,0.0001929,0.0000000,0.0025735
2019-04-24,-0.0012013,0.0000000,0.0054095
2019-04-25,-0.0014730,0.0000000,0.0047164
2019-04-26,-0.0005122,0.0004803,-0.0022418
2019-04-29,0.0000026,-0.0001832,-0.0012541
2019-04-30,-0.0007836,0.0000732,-0.0017481
2019-05-01,-0.0001056,-0.0015210,0.0022279
2019-05-02,0.0001786,-0.0009914,0.0033732
2019-05-03,-0.0006113,0.0002773,-0.0047150
2019-05-06,0.0000194,-0.0005944,0.0018405
2019-05-07,0.0001196,-0.0000661,0.0015190
2019-05-08,-0.0000034,0.0000000,0.0010200
2019-05-09,-0.0004367,-0.0009214,0.0001478
2019-05-10,-0.0006381,0.0020896,-0.0071614
2019-05-13,0.0014033,-0.0018355,0.0048771
2019-05-14,-0.0006290,0.0019539,-0.0025170
2019-05-15,0.0001059,0.0006950,-0.0007016
2019-05-16,0.0002479,-0.0004151,0.0021637
2019-05-17,0.0002531,-0.0000070,0.0037069
2019-05-20,-0.0005660,0.0000000,0.0020393
2019-05-21,0.0007288,0.0000000,-0.0026971
2019-05-22,0.0008843,0.0000000,-0.0013306
2019-05-23,0.0000518,0.0000000,-0.0004521
2019-05-24,-0.0013367,0.0000000,-0.0069925
2019-05-27,0.0003568,0.0000000,0.0030972
2019-05-28,-0.0004045,0.0000000,0.0032805
2019-05-29,0.0003184,0.0000000,-0.0023574
2019-05-30,0.0003794,0.0000000,-0.0034521
2019-05-31,0.0011621,0.0000000,-0.0048785
2019-06-03,-0.0010508,0.0000000,-0.0077400
2019-06-04,-0.0009259,0.0000000,-0.0039047
2019-06-05,-0.0007909,0.0000000,0.0004617
2019-06-06,0.0006736,0.0000000,-0.0037625
2019-06-07,-0.0000419,0.0000000,-0.0034924
2019-06-10,0.0011351,0.0005044,0.0014005
2019-06-11,-0.0016887,-0.0005118,0.0005869
2019-06-12,0.0002893,-0.0002380,0.0034180
2019-06-13,0.0010030,0.0000180,0.0005956
2019-06-14,0.0012343,0.0018412,0.0020640
2019-06-17,0.0020639,-0.0000729,-0.0004271
2019-06-18,-0.0018055,0.0000000,0.0036139
2019-06-19,0.0001235,0.0000000,-0.0036119
2019-06-20,0.0012140,0.0000000,-0.0083869
2019-06-21,0.0006963,-0.0010483,-0.0056968
2019-06-24,0.0000058,-0.0007855,-0.0048808
2019-06-25,0.0000402,0.0021513,0.0002056
2019-06-26,-0.0019429,-0.0018384,-0.0021250
2019-06-27,0.0004760,0.0006081,0.0022322
2019-06-28,-0.0005716,-0.0004957,0.0011335
2019-07-01,-0.0007025,0.0015350,0.0006368
2019-07-02,0.0009189,-0.0000465,-0.0014853
2019-07-03,0.0008225,0.0000000,-0.0017523
2019-07-04,-0.0000377,0.0000000,0.0000067
2019-07-05,-0.0004972,0.0000000,0.0028316
2019-07-08,-0.0003579,0.0000000,0.0003634
2019-07-09,0.0013175,0.0000000,-0.0011638
2019-07-10,-0.0002818,0.0000000,-0.0021297
2019-07-11,-0.0006185,0.0000000,-0.0027850
2019-07-12,-0.0004102,0.0000000,-0.0014320
2019-07-15,0.0002432,0.0000000,0.0001319
2019-07-16,0.0013609,0.0000000,0.0025137
2019-07-17,-0.0001438,0.0000000,-0.0024569
2019-07-18,-0.0019696,0.0000000,-0.0008283
2019-07-19,0.0004107,0.0000000,0.0026787
2019-07-22,-0.0003755,0.0000000,-0.0000357
2019-07-23,-0.0005273,0.0000000,-0.0004922
2019-07-24,-0.0010918,0.0000000,-0.0002615
2019-07-25,-0.0017153,0.0000000,-0.0007974
2019-07-26,0.0004899,0.0000000,0.0006259
2019-07-29,0.0013481,0.0000000,-0.0021057
2019-07-30,0.0008517,-0.0008973,0.0015698
2019-07-31,0.0003953,0.0007344,0.0065136
2019-08-01,0.0019162,-0.0033586,0.0018717
2019-08-02,0.0008528,0.0003446,-0.0013052
2019-08-05,0.0002574,-0.0014056,-0.0030276
2019-08-06,-0.0015057,0.0019004,-0.0025414
2019-08-07,0.0003457,-0.0034980,0.0032489
2019-08-08,-0.0002013,0.0017240,-0.0030053
2019-08-09,0.0014902,0.0020236,-0.0048700
2019-08-12,0.0001300,-0.0018324,0.0031395
2019-08-13,-0.0013595,0.0012683,-0.0027639
2019-08-14,0.0005913,-0.0015446,0.0108060
2019-08-15,-0.0004807,-0.0005778,0.0022102
2019-08-16,-0.0004202,0.0028457,-0.0051750
2019-08-19,0.0001258,-0.0025583,0.0066213
2019-08-20,-0.0001043,0.0009026,-0.0018608
2019-08-21,-0.0000336,0.0003405,-0.0034434
2019-08-22,0.0001906,-0.0000768,0.0036458
2019-08-23,-0.0001890,0.0000000,-0.0028923
2019-08-26,-0.0001782,0.0000000,0.0034253
2019-08-27,0.0003838,0.0000000,0.0020823
2019-08-28,0.0003425,0.0000000,0.0046246
2019-08-29,0.0002318,0.0000000,0.0032409
2019-08-30,-0.0000583,0.0000926,0.0017583
2019-09-02,0.0001442,-0.0003847,-0.0007701
2019-09-03,-0.0005738,0.0015243,-0.0033013
2019-09-04,-0.0011412,0.0015382,-0.0064827
2019-09-05,-0.0001360,-0.0003014,-0.0019927
2019-09-06,-0.0000112,-0.0003734,-0.0027404
2019-09-09,0.0000000,-0.0001989,-0.0008462
2019-09-10,0.0000000,0.0000000,0.0020295
2019-09-11,0.0000000,0.0000000,0.0018994
2019-09-12,0.0000000,0.0000000,-0.0041566
2019-09-13,0.0000000,0.0000000,-0.0036747
2019-09-16,0.0000000,0.0000000,0.0058141
2019-09-17,0.0000000,0.0000000,-0.0012461
2019-09-18,0.0000000,0.0000000,0.0034016
2019-09-19,0.0000000,0.0000000,-0.0007689
2019-09-20,0.0000000,0.0000000,0.0051456
2019-09-23,0.0000000,0.0000000,0.0033926
2019-09-24,0.0000000,0.0000000,-0.0050476
2019-09-25,0.0000000,0.0000000,0.0055993
2019-09-26,0.0000000,0.0000000,0.0031115
2019-09-27,0.0000000,0.0000000,-0.0011548
2019-09-30,0.0000000,0.0000000,0.0018892
2019-10-01,0.0000000,0.0000000,0.0013032
2019-10-02,0.0000000,0.0000000,-0.0033783
2019-10-03,0.0000000,0.0000000,-0.0044967
2019-10-04,0.0000000,0.0000000,-0.0036642
2019-10-07,0.0000000,0.0000000,0.0057942
2019-10-08,0.0000000,-0.0004782,0.0015361
2019-10-09,0.0000000,-0.0004559,0.0001367
2019-10-10,0.0000000,0.0015512,-0.0076965
2019-10-11,0.0000000,0.0001700,-0.0041099
2019-10-14,0.0000000,-0.0001484,0.0011457
2019-10-15,0.0000000,-0.0000539,-0.0006369
2019-10-16,0.0000000,0.0000000,-0.0017088
2019-10-17,0.0000000,-0.0010439,-0.0050652
2019-10-18,0.0000808,-0.0016416,-0.0054322
2019-10-21,0.0000267,0.0006025,-0.0003605
2019-10-22,-0.0003421,0.0004417,-0.0000472
2019-10-23,0.0000766,0.0005324,-0.0009208
2019-10-24,-0.0001963,0.0009832,0.0023868
2019-10-25,-0.0000132,-0.0001962,0.0012071
2019-10-28,0.0000000,0.0003188,0.0001504
2019-10-29,-0.0002707,0.0000000,0.0003402
2019-10-30,-0.0004959,0.0000000,-0.0043621
2019-10-31,-0.0008847,0.0000000,-0.0002406
2019-11-01,0.0000644,0.0000000,-0.0061217
2019-11-04,-0.0001868,0.0000000,0.0046661
2019-11-05,0.0003115,0.0000000,0.0035409
2019-11-06,-0.0002073,0.0000000,-0.0003695
2019-11-07,0.0001767,0.0000000,-0.0003306
2019-11-08,-0.0005031,0.0000000,0.0027040
2019-11-11,-0.0001692,0.0000000,0.0004355
2019-11-12,0.0000238,0.0000000,0.0025835
2019-11-13,-0.0000087,0.0000000,-0.0000561
2019-11-14,-0.0005357,0.0000000,-0.0023967
2019-11-15,-0.0000956,0.0000000,-0.0036163
2019-11-18,0.0001945,0.0000000,-0.0008627
2019-11-19,-0.0002100,0.0000000,-0.0013996
2019-11-20,0.0002457,0.0000000,-0.0000823
2019-11-21,-0.0002956,0.0000000,0.0007548
2019-11-22,-0.0007869,0.0000000,0.0000480
2019-11-25,0.0009480,0.0000000,0.0019558
2019-11-26,-0.0005982,0.0000000,-0.0025990
2019-11-27,0.0010416,0.0000000,-0.0002447
2019-11-28,-0.0002637,0.0000000,-0.0006254
2019-11-29,0.0001902,0.0000000,-0.0002173
2019-12-02,-0.0005999,0.0000000,-0.0058516
2019-12-03,0.0001132,0.0000000,-0.0003951
2019-12-04,0.0015657,0.0000000,-0.0002526
2019-12-05,0.0007049,0.0000000,-0.0029275
2019-12-06,0.0007572,0.0000000,0.0021049
2019-12-09,-0.0005629,0.0000000,0.0009839
2019-12-10,-0.0000841,0.0000000,-0.0017394
2019-12-11,0.0002675,0.0000000,-0.0043331
2019-12-12,0.0000474,-0.0001472,-0.0012130
2019-12-13,0.0031155,-0.0000490,-0.0016978
2019-12-16,-0.0001529,-0.0008019,-0.0027558
2019-12-17,-0.0042640,0.0003914,-0.0004971
2019-12-18,0.0003700,0.0005695,0.0013040
2019-12-19,0.0000553,-0.0008616,-0.0018814
2019-12-20,-0.0006872,-0.0000927,0.0004359
2019-12-23,0.0008193,-0.0001934,-0.0012608
2019-12-24,-0.0000072,-0.0010403,-0.0002844
2019-12-26,0.0008311,-0.0010844,-0.0017468
2019-12-27,0.0009183,-0.0017207,-0.0002759
2019-12-30,0.0007098,0.0005138,-0.0003064
2019-12-31,-0.0002812,-0.0010974,-0.0014463
2020-01-02,-0.0011834,0.0004165,0.0013791
2020-01-03,-0.0011863,0.0002517,0.0009148
2020-01-06,0.0006259,-0.0018023,-0.0002790
2020-01-07,0.0000538,0.0007928,-0.0016763
2020-01-08,-0.0000053,-0.0000767,-0.0004566
2020-01-09,-0.0000934,0.0000000,-0.0009213
2020-01-10,-0.0002327,0.0000000,0.0010103
2020-01-13,0.0004594,0.0000000,0.0013081
2020-01-14,0.0002759,0.0000000,0.0002444
2020-01-15,0.0002701,0.0000000,-0.0001321
2020-01-16,-0.0001393,0.0000000,-0.0002815
2020-01-17,-0.0000860,0.0000000,-0.0001589
2020-01-20,-0.0000661,0.0000000,-0.0005630
2020-01-21,-0.0006321,0.0000000,0.0019885
2020-01-22,-0.0010559,0.0000000,-0.0003326
2020-01-23,0.0001780,0.0000000,-0.0007109
2020-01-24,-0.0001175,0.0000000,-0.0003138
2020-01-27,0.0008045,0.0000000,-0.0002575
2020-01-28,-0.0008175,0.0000000,0.0004791
2020-01-29,0.0002024,0.0000000,-0.0007523
2020-01-30,0.0006943,0.0000000,-0.0003184
2020-01-31,0.0007905,0.0000000,0.0011779
2020-02-03,-0.0002085,-0.0005676,0.0010366
2020-02-04,-0.0008104,0.0018050,0.0001636
2020-02-05,-0.0000636,0.0011966,0.0023233
2020-02-06,-0.0000083,-0.0007830,0.0002879
2020-02-07,0.0000866,0.0000227,-0.0001662
2020-02-10,0.0004317,-0.0000108,-0.0000575
2020-02-11,0.0001393,0.0000000,0.0009652
2020-02-12,0.0001669,0.0000000,0.0008779
2020-02-13,0.0002212,0.0000000,-0.0010219
2020-02-14,-0.0002622,0.0000000,-0.0013773
2020-02-17,0.0002883,0.0000000,-0.0001457
2020-02-18,0.0006930,0.0000000,-0.0007072
2020-02-19,-0.0001833,0.0000000,-0.0004642
2020-02-20,0.0002208,0.0000000,-0.0003772
2020-02-21,-0.0011584,0.0012233,-0.0026386
2020-02-24,-0.0005321,-0.0016147,0.0005835
2020-02-25,0.0000803,0.0004675,-0.0001993
2020-02-26,-0.0003781,-0.0007963,0.0001528
2020-02-27,-0.0002327,0.0022036,-0.0020003
2020-02-28,0.0001283,0.0001235,-0.0012151
2020-03-02,-0.0005637,0.0000000,-0.0051827
2020-03-03,-0.0000144,0.0000000,-0.0018607
2020-03-04,0.0000000,0.0000000,0.0002593
2020-03-05,0.0000000,0.0000000,-0.0004338
2020-03-06,0.0000000,0.0000000,-0.0019727
2020-03-09,0.0000000,0.0000000,0.0036752
2020-03-10,0.0000000,0.0026985,0.0016479
2020-03-11,0.0000000,0.0003035,0.0021544
2020-03-12,0.0000000,-0.0102104,0.0067574
2020-03-13,0.0000000,0.0061838,-0.0009994
2020-03-16,0.0000000,-0.0140321,0.0048023
2020-03-17,0.0000000,-0.0044882,0.0055040
2020-03-18,0.0000000,-0.0216898,0.0132451
2020-03-19,0.0000000,-0.0138839,0.0042654
2020-03-20,0.0000000,0.0036172,0.0008146
2020-03-23,0.0000000,-0.0042382,0.0018201
2020-03-24,0.0000000,0.0053433,-0.0064238
2020-03-25,0.0000000,0.0086080,-0.0049157
2020-03-26,0.0000000,0.0049786,-0.0061649
2020-03-27,0.0000000,-0.0008869,0.0002153
2020-03-30,0.0000000,-0.0003657,0.0034359
2020-03-31,0.0000000,-0.0003194,-0.0028218
2020-04-01,0.0000000,-0.0000426,0.0040121
2020-04-02,0.0000000,0.0000000,0.0004610
2020-04-03,0.0000000,0.0000000,0.0029723
2020-04-06,0.0000000,0.0000000,-0.0025915
2020-04-07,0.0000000,0.0000000,-0.0041436
2020-04-08,0.0000000,0.0000000,0.0004721
2020-04-09,0.0000000,0.0000000,-0.0026524
2020-04-10,0.0000000,0.0000000,-0.0006441
2020-04-13,0.0000000,0.0000000,0.0018896
2020-04-14,0.0000000,0.0000000,-0.0024800
2020-04-15,0.0000000,0.0000000,0.0023908
2020-04-16,0.0000000,0.0000000,0.0002384
2020-04-17,0.0000000,0.0000000,-0.0016259
2020-04-20,0.0000000,0.0000000,0.0010711
2020-04-21,0.0000000,0.0000000,0.0016754
2020-04-22,0.0000000,0.0000000,0.0016048
2020-04-23,0.0001911,0.0000000,-0.0005061
2020-04-24,-0.0002268,0.0000000,-0.0014551
2020-04-27,0.0002215,0.0000000,-0.0005051
2020-04-28,0.0002863,0.0000000,-0.0003558
2020-04-29,-0.0000568,0.0000000,-0.0019588
2020-04-30,-0.0015575,0.0000000,-0.0014985
2020-05-01,-0.0001328,0.0000000,0.0013480
2020-05-04,0.0000269,0.0000000,0.0002307
2020-05-05,-0.0000433,0.0000000,-0.0010779
2020-05-06,0.0000492,0.0000000,0.0007630
2020-05-07,0.0000585,0.0000000,-0.0005316
2020-05-08,0.0000528,0.0000000,-0.0009999
2020-05-11,-0.0001923,0.0000000,0.0017448
2020-05-12,0.0001823,0.0000000,-0.0010661
2020-05-13,-0.0003797,0.0000000,0.0008877
2020-05-14,-0.0001247,0.0000000,-0.0002215
2020-05-15,-0.0000964,0.0000000,0.0007796
2020-05-18,0.0001248,0.0000000,-0.0028780
2020-05-19,0.0000560,0.0000000,-0.0012712
2020-05-20,0.0001506,0.0000000,-0.0017874
2020-05-21,-0.0000297,0.0001940,-0.0003693
2020-05-22,-0.0000314,0.0003290,0.0008763
2020-05-25,-0.0000028,0.0000871,0.0003145
2020-05-26,0.0000430,-0.0004352,-0.0035421
2020-05-27,-0.0001319,-0.0009000,-0.0002551
2020-05-28,-0.0001642,0.0005341,-0.0013452
2020-05-29,0.0001005,-0.0006657,-0.0008685
2020-06-01,0.0002429,-0.0019156,-0.0009122
2020-06-02,0.0011670,-0.0015797,-0.0003549
2020-06-03,0.0006004,-0.0002083,-0.0008580
2020-06-04,0.0008034,-0.0004871,-0.0008995
2020-06-05,-0.0001405,-0.0000135,-0.0002061
2020-06-08,-0.0001731,-0.0004708,-0.0003171
2020-06-09,-0.0015397,0.0006454,-0.0000163
2020-06-10,0.0006473,-0.0004701,-0.0003917
2020-06-11,-0.0019009,0.0013977,0.0028629
2020-06-12,-0.0003653,-0.0000271,0.0004390
2020-06-15,0.0006390,0.0000000,-0.0009867
2020-06-16,-0.0007693,0.0000000,-0.0003653
2020-06-17,0.0002713,0.0000000,0.0005725
2020-06-18,-0.0001126,0.0000000,-0.0004336
2020-06-19,-0.0000205,0.0000000,0.0005938
2020-06-22,0.0005847,0.0000000,0.0005682
2020-06-23,0.0002224,0.0000000,0.0011312
2020-06-24,-0.0005187,0.0000000,0.0007963
2020-06-25,0.0000816,0.0000000,0.0023559
2020-06-26,0.0007808,0.0000000,-0.0003063
2020-06-29,0.0001842,0.0000000,-0.0001418
2020-06-30,-0.0007847,0.0000000,-0.0006042
2020-07-01,-0.0007397,0.0000000,-0.0012845
2020-07-02,0.0005475,0.0000000,-0.0002244
2020-07-03,0.0001283,0.0000000,0.0001393
2020-07-06,0.0010542,0.0000000,-0.0007397
2020-07-07,-0.0008113,0.0000000,0.0016550
2020-07-08,-0.0001149,0.0000000,0.0000558
2020-07-09,-0.0000176,0.0000000,-0.0000757
2020-07-10,-0.0004633,0.0000000,0.0004653
2020-07-13,-0.0007181,0.0000000,-0.0005872
2020-07-14,-0.0000338,0.0000000,0.0012299
2020-07-15,-0.0013775,0.0000000,-0.0010715
2020-07-16,-0.0002861,0.0000000,0.0005187
2020-07-17,0.0019564,0.0000000,0.0001491
2020-07-20,-0.0001918,0.0000000,0.0002492
2020-07-21,0.0022767,0.0000000,-0.0005360
2020-07-22,0.0009807,-0.0007089,-0.0011741
2020-07-23,-0.0009474,-0.0011276,-0.0002049
2020-07-24,0.0006387,-0.0018287,-0.0014411
2020-07-27,0.0013442,-0.0043393,0.0016479
2020-07-28,-0.0000696,0.0030566,-0.0014690
2020-07-29,0.0021539,-0.0035153,0.0010158
2020-07-30,0.0030872,-0.0014466,-0.0000201
2020-07-31,-0.0027780,0.0016042,-0.0030999
2020-08-03,-0.0017191,0.0009569,-0.0003052
2020-08-04,0.0006038,-0.0012706,0.0023807
2020-08-05,0.0018263,-0.0000331,0.0040175
2020-08-06,0.0009275,0.0000000,-0.0025308
2020-08-07,-0.0023988,0.0000000,-0.0033730
2020-08-10,-0.0016867,0.0000000,0.0000282
2020-08-11,-0.0006805,0.0000000,-0.0002980
2020-08-12,0.0016271,0.0000000,0.0036244
2020-08-13,0.0011884,0.0000000,0.0009190
2020-08-14,0.0003244,0.0000000,0.0002580
2020-08-17,0.0003991,0.0000000,-0.0004237
2020-08-18,0.0007524,0.0000000,0.0028469
2020-08-19,-0.0032993,0.0000000,-0.0045333
2020-08-20,0.0021224,0.0000000,0.0005102
2020-08-21,-0.0022761,0.0000000,-0.0065962
2020-08-24,-0.0000880,0.0000000,-0.0001273
2020-08-25,0.0015101,0.0000000,0.0015237
2020-08-26,-0.0015264,0.0000000,-0.0000221
2020-08-27,0.0001670,0.0000000,-0.0006197
2020-08-28,0.0004668,0.0000000,0.0068200
2020-08-31,0.0008903,0.0000000,-0.0015293
2020-09-01,0.0000919,0.0000000,-0.0015543
2020-09-02,-0.0003217,0.0000000,-0.0032108
2020-09-03,-0.0020666,0.0000000,-0.0025160
2020-09-04,0.0005654,0.0000000,-0.0000680
2020-09-07,-0.0010014,0.0000000,-0.0016776
2020-09-08,-0.0026951,0.0000000,-0.0079974
2020-09-09,0.0009564,0.0000000,0.0044419
2020-09-10,-0.0004678,0.0000000,-0.0024564
2020-09-11,0.0001995,0.0000000,0.0010882
2020-09-14,-0.0002006,0.0000000,-0.0006332
2020-09-15,0.0001562,0.0000000,-0.0018364
2020-09-16,-0.0000184,0.0000000,-0.0000880
2020-09-17,-0.0001368,0.0000000,0.0007826
2020-09-18,-0.0001831,0.0000000,0.0003935
2020-09-21,-0.0002792,0.0000000,-0.0096198
2020-09-22,-0.0003125,-0.0007272,-0.0023180
2020-09-23,-0.0009118,-0.0077582,-0.0045077
2020-09-24,0.0001388,-0.0063586,-0.0036732
2020-09-25,0.0000508,-0.0020841,-0.0002800
2020-09-28,-0.0010964,0.0007319,0.0022481
2020-09-29,-0.0016031,0.0066785,0.0013129
2020-09-30,-0.0000417,0.0009166,0.0006746
2020-10-01,0.0000000,0.0036317,0.0011190
2020-10-02,0.0000000,-0.0014475,-0.0000155
2020-10-05,0.0000000,0.0008765,-0.0000703
2020-10-06,0.0000000,0.0001407,-0.0016058
2020-10-07,0.0000000,0.0000000,0.0022558
2020-10-08,0.0000000,0.0000000,0.0007614
2020-10-09,0.0000000,0.0000000,0.0021583
2020-10-12,0.0000000,0.0000000,-0.0007100
2020-10-13,-0.0001274,0.0000000,0.0000093
2020-10-14,0.0000898,0.0000000,0.0000547
2020-10-15,0.0001981,0.0000000,-0.0012446
2020-10-16,-0.0000024,0.0000000,0.0010151
2020-10-19,0.0000198,0.0000000,-0.0005024
2020-10-20,-0.0001584,0.0000000,0.0020353
2020-10-21,-0.0001620,0.0000000,0.0002063
2020-10-22,0.0001705,0.0000000,-0.0009786
2020-10-23,-0.0000310,0.0000000,0.0001088
2020-10-26,0.0000094,0.0000000,0.0008019
2020-10-27,0.0000414,0.0000000,0.0008484
2020-10-28,0.0002133,0.0000000,-0.0038795
2020-10-29,0.0000506,0.0000000,-0.0014941
2020-10-30,0.0001163,0.0000000,0.0017060
2020-11-02,-0.0001891,0.0000000,-0.0006102
2020-11-03,-0.0000255,0.0000000,0.0000193
2020-11-04,0.0000389,0.0000000,0.0006017
2020-11-05,0.0000008,0.0000000,0.0008436
2020-11-06,0.0001257,0.0000000,0.0011113
2020-11-09,-0.0012809,0.0000000,0.0011980
2020-11-10,0.0001340,0.0000000,0.0003228
2020-11-11,0.0000000,0.0000000,-0.0000430
2020-11-12,0.0000000,0.0000000,-0.0010209
2020-11-13,0.0000000,0.0000000,-0.0018109
2020-11-16,0.0000000,0.0000000,0.0020095
2020-11-17,0.0000000,0.0000000,-0.0003200
2020-11-18,0.0000000,0.0000000,0.0009432
2020-11-19,0.0000000,0.0000000,-0.0003054
2020-11-20,0.0000000,0.0000000,-0.0003109
2020-11-23,0.0000000,0.0000000,-0.0004244
2020-11-24,0.0000000,0.0000000,0.0021831
2020-11-25,-0.0000503,0.0000000,0.0012546
2020-11-26,-0.0003039,0.0000000,-0.0010166
2020-11-27,0.0004277,0.0000000,0.0007845
2020-11-30,0.0001848,0.0000000,-0.0010984
2020-12-01,0.0010471,0.0000000,-0.0010456
2020-12-02,0.0000296,0.0000000,-0.0008444
2020-12-03,0.0001473,0.0000000,0.0005834
2020-12-04,-0.0023295,0.0000000,-0.0002197
2020-12-07,-0.0002938,0.0000000,0.0027314
2020-12-08,-0.0000445,0.0000000,-0.0027335
2020-12-09,-0.0001358,0.0000000,-0.0009077
2020-12-10,0.0015158,0.0000000,0.0007705
2020-12-11,-0.0005998,0.0000000,-0.0000105
2020-12-14,0.0003181,0.0000000,0.0016438
2020-12-15,0.0002612,0.0000000,0.0008364
2020-12-16,0.0005356,0.0000000,0.0005651
2020-12-17,0.0010069,0.0000000,0.0025965
2020-12-18,-0.0001290,0.0000000,0.0009559
2020-12-21,-0.0009190,0.0000000,-0.0004438
2020-12-22,-0.0018467,0.0000000,-0.0032668
2020-12-23,0.0003592,0.0000000,0.0026545
2020-12-24,-0.0001143,0.0000000,0.0015353
2020-12-28,-0.0000305,0.0000000,-0.0015635
2020-12-29,0.0001806,0.0000000,0.0019336
2020-12-30,0.0004860,0.0000000,0.0001049
2020-12-31,-0.0003041,0.0006712,0.0003214
2021-01-04,-0.0000922,0.0000099,-0.0009141
2021-01-05,0.0005516,0.0007207,0.0054475
2021-01-06,0.0004618,0.0002336,0.0012519
2021-01-07,-0.0001465,0.0002110,-0.0012417
2021-01-08,-0.0002168,-0.0000691,-0.0012573
2021-01-11,-0.0004450,0.0010031,-0.0059372
2021-01-12,0.0002170,-0.0006893,0.0043384
2021-01-13,-0.0002320,-0.0003213,-0.0040023
2021-01-14,0.0002666,-0.0000279,0.0015133
2021-01-15,-0.0005870,0.0006923,-0.0057985
2021-01-18,-0.0002198,-0.0001747,-0.0007189
2021-01-19,0.0002171,0.0000000,0.0026462
2021-01-20,0.0001225,0.0000000,0.0012116
2021-01-21,-0.0003020,0.0000000,0.0044351
2021-01-22,-0.0005513,0.0000000,-0.0027566
2021-01-25,0.0000896,0.0000000,-0.0009959
2021-01-26,0.0002210,0.0000000,-0.0007638
2021-01-27,-0.0002357,0.0000000,-0.0048424
2021-01-28,0.0001175,0.0000000,0.0019950
2021-01-29,-0.0000899,0.0000000,-0.0004319
2021-02-01,0.0002034,0.0000000,-0.0032940
2021-02-02,0.0001676,0.0000000,0.0008895
2021-02-03,-0.0001048,0.0000000,0.0002298
2021-02-04,0.0014298,0.0000000,-0.0032508
2021-02-05,-0.0002946,0.0000000,0.0062361
2021-02-08,-0.0000689,0.0000000,0.0003675
2021-02-09,-0.0004976,0.0000000,0.0032024
2021-02-10,-0.0002173,0.0000000,-0.0005034
2021-02-11,-0.0000847,0.0000000,-0.0004088
2021-02-12,0.0008114,0.0000000,0.0013869
2021-02-15,0.0016185,0.0000000,0.0026167
2021-02-16,0.0008768,0.0000000,-0.0025820
2021-02-17,-0.0000887,0.0000000,-0.0031255
2021-02-18,0.0015357,0.0000000,0.0006393
2021-02-19,0.0012322,0.0000000,0.0013587
2021-02-22,0.0009271,0.0000000,-0.0010218
2021-02-23,0.0027376,0.0000000,0.0003397
2021-02-24,0.0013641,0.0000000,0.0019447
2021-02-25,-0.0035054,0.0000000,-0.0051483
2021-02-26,-0.0018142,0.0000000,-0.0101867
2021-03-01,-0.0001141,-0.0009919,0.0031013
2021-03-02,0.0000383,0.0002783,0.0036046
2021-03-03,0.0002922,-0.0003238,-0.0023499
2021-03-04,0.0002832,-0.0014605,-0.0042035
2021-03-05,-0.0000413,-0.0051561,-0.0008117
2021-03-08,0.0004047,-0.0049447,-0.0020159
2021-03-09,0.0000833,0.0067613,0.0049883
2021-03-10,0.0001784,0.0002630,0.0015852
2021-03-11,0.0002455,0.0031711,0.0014037
2021-03-12,-0.0002000,-0.0021725,-0.0012439
2021-03-15,-0.0000068,-0.0004245,-0.0022271
2021-03-16,-0.0002573,-0.0000206,0.0002705
2021-03-17,0.0004349,0.0000000,0.0021499
2021-03-18,-0.0010052,0.0000000,-0.0021822
2021-03-19,-0.0008359,0.0000000,-0.0029951
2021-03-22,-0.0001283,0.0000000,-0.0008873
2021-03-23,-0.0019780,0.0000000,-0.0031739
2021-03-24,-0.0001273,0.0000000,0.0019987
2021-03-25,-0.0000117,0.0000000,-0.0010422
2021-03-26,0.0000000,0.0000000,0.0016549
2021-03-29,0.0000447,0.0000000,0.0011561
2021-03-30,0.0003632,0.0000000,-0.0006278
2021-03-31,0.0002324,0.0000000,-0.0025474
2021-04-01,-0.0000728,0.0000000,-0.0043508
2021-04-02,0.0000176,0.0000000,0.0002543
2021-04-05,-0.0003309,0.0000000,-0.0007626
2021-04-06,-0.0003017,0.0000000,0.0017593
2021-04-07,-0.0000059,0.0000000,-0.0013983
2021-04-08,0.0000450,0.0000000,0.0004130
2021-04-09,0.0002215,0.0000000,-0.0023379
2021-04-12,-0.0000883,0.0000000,-0.0020172
2021-04-13,-0.0000562,0.0000000,0.0043650
2021-04-14,-0.0010670,0.0000000,0.0030126
2021-04-15,-0.0005120,0.0000000,0.0013577
2021-04-16,0.0000443,0.0000000,-0.0003927
2021-04-19,-0.0000649,0.0000000,0.0029966
2021-04-20,0.0001418,0.0007956,-0.0035781
2021-04-21,0.0001844,-0.0002647,0.0019728
2021-04-22,-0.0002222,0.0002857,-0.0010745
2021-04-23,0.0002923,-0.0009508,0.0024024
2021-04-26,-0.0002300,-0.0000275,0.0001495
2021-04-27,0.0000932,-0.0000350,0.0006812
2021-04-28,0.0007055,0.0000000,0.0039076
2021-04-29,0.0002786,-0.0000071,-0.0017337
2021-04-30,-0.0010307,0.0016513,-0.0071954
2021-05-03,0.0001273,-0.0004772,0.0028295
2021-05-04,-0.0003270,0.0005966,-0.0040588
2021-05-05,-0.0000926,0.0002857,0.0004376
2021-05-06,0.0004510,-0.0000183,0.0038621
2021-05-07,0.0001299,0.0000000,0.0062126
2021-05-10,0.0002736,0.0000000,-0.0021245
2021-05-11,-0.0004126,0.0000000,0.0000757
2021-05-12,-0.0003565,0.0000000,-0.0060165
2021-05-13,-0.0001108,0.0000000,0.0000925
2021-05-14,0.0001681,0.0000000,0.0076782
2021-05-17,-0.0001255,0.0000000,-0.0002059
2021-05-18,-0.0002245,-0.0006608,0.0029159
2021-05-19,-0.0004220,0.0006246,-0.0057789
2021-05-20,0.0000063,-0.0019592,0.0025585
2021-05-21,-0.0002019,-0.0005245,-0.0020533
2021-05-24,0.0000241,-0.0013031,0.0029338
2021-05-25,-0.0002289,0.0015434,0.0007847
2021-05-26,0.0000313,-0.0004050,-0.0044555
2021-05-27,0.0000000,-0.0005327,0.0033577
2021-05-28,-0.0000514,-0.0003729,-0.0028224
2021-05-31,0.0000781,0.0000301,0.0006701
2021-06-01,-0.0002183,0.0000012,0.0035991
2021-06-02,-0.0000823,0.0000000,0.0009382
2021-06-03,0.0000658,0.0000000,-0.0073777
2021-06-04,0.0000481,0.0000000,0.0067457
2021-06-07,0.0001195,0.0000000,0.0000184
2021-06-08,0.0000259,0.0000000,-0.0027891
2021-06-09,-0.0000794,0.0000000,0.0016957
2021-06-10,0.0000804,0.0000000,0.0015573
2021-06-11,0.0004711,0.0000000,-0.0101796
2021-06-14,-0.0009467,0.0000000,-0.0029201
2021-06-15,0.0006337,0.0000000,-0.0025388
2021-06-16,-0.0010035,0.0000000,-0.0118537
2021-06-17,-0.0019105,-0.0010197,-0.0111109
2021-06-18,0.0005078,-0.0023216,-0.0058045
2021-06-21,-0.0001258,0.0021539,0.0063109
2021-06-22,-0.0013733,0.0011230,0.0039643
2021-06-23,-0.0004708,-0.0001660,0.0003342
2021-06-24,-0.0006821,0.0006203,0.0009178
2021-06-25,-0.0005041,0.0000954,-0.0008697
2021-06-28,0.0001162,-0.0000256,-0.0014852
2021-06-29,0.0000543,0.0000000,-0.0023537
2021-06-30,0.0000524,0.0000000,-0.0016775
2021-07-01,-0.0000988,0.0000000,-0.0019466
2021-07-02,-0.0005368,0.0000000,0.0017424
2021-07-05,-0.0000470,0.0000000,0.0002352
2021-07-06,-0.0005022,0.0000000,-0.0067230
2021-07-07,0.0002960,0.0000000,-0.0023555
2021-07-08,-0.0016064,0.0000000,-0.0034052
2021-07-09,-0.0002949,0.0011606,0.0037159
2021-07-12,-0.0000164,0.0003117,0.0008497
2021-07-13,0.0003220,-0.0008386,-0.0009877
2021-07-14,-0.0006295,-0.0000005,-0.0005527
2021-07-15,0.0003916,-0.0012840,-0.0017896
2021-07-16,-0.0000553,-0.0005023,-0.0009268
2021-07-19,0.0000770,-0.0015962,-0.0004049
2021-07-20,-0.0000261,-0.0006504,-0.0003535
2021-07-21,0.0000915,0.0017027,-0.0012902
2021-07-22,0.0001940,0.0008508,-0.0012778
2021-07-23,0.0000107,0.0000010,0.0006489
2021-07-26,0.0000163,0.0000000,-0.0002233
2021-07-27,0.0003866,0.0000000,0.0012980
2021-07-28,-0.0001895,0.0000000,-0.0039380
2021-07-29,-0.0001548,0.0000000,-0.0073226
2021-07-30,0.0000636,0.0000000,0.0017164
2021-08-02,-0.0002561,0.0000000,-0.0002280
2021-08-03,-0.0001805,0.0000000,-0.0011357
2021-08-04,-0.0003483,0.0000000,0.0000993
2021-08-05,-0.0000599,0.0000000,-0.0010482
2021-08-06,-0.0007141,0.0000000,0.0047261
2021-08-09,0.0001214,0.0000000,0.0015579
2021-08-10,-0.0002177,0.0000000,0.0002923
2021-08-11,-0.0000948,0.0000000,-0.0020171
2021-08-12,-0.0002125,0.0000000,-0.0006933
2021-08-13,-0.0001877,0.0000000,-0.0036101
2021-08-16,0.0002360,0.0000000,0.0010320
2021-08-17,0.0002464,0.0000000,0.0041446
2021-08-18,0.0002904,0.0000000,-0.0016368
2021-08-19,-0.0002201,0.0000000,0.0070431
2021-08-20,0.0000111,0.0000000,-0.0010454
2021-08-23,-0.0002197,0.0012420,-0.0037117
2021-08-24,-0.0004668,0.0003162,-0.0033946
2021-08-25,-0.0000185,-0.0001356,-0.0010309
2021-08-26,0.0000000,-0.0003201,0.0013109
2021-08-27,0.0000000,0.0013866,-0.0048164
2021-08-30,0.0000000,-0.0001636,-0.0021972
2021-08-31,0.0000000,0.0000000,-0.0030599
2021-09-01,0.0000000,-0.0009093,-0.0018842
2021-09-02,0.0000000,0.0002344,-0.0017235
2021-09-03,0.0000476,-0.0004535,-0.0007197
2021-09-06,-0.0000558,0.0013341,0.0009452
2021-09-07,-0.0000650,-0.0006701,-0.0000516
2021-09-08,-0.0002564,0.0003106,0.0004526
2021-09-09,-0.0004689,0.0006918,-0.0002935
2021-09-10,0.0000687,-0.0000652,0.0004945
2021-09-13,-0.0000127,0.0000078,-0.0006878
2021-09-14,-0.0005114,0.0000000,-0.0000018
2021-09-15,-0.0002142,0.0000000,-0.0005090
2021-09-16,0.0002122,0.0000000,0.0001405
2021-09-17,-0.0000219,0.0000000,0.0022347
2021-09-20,-0.0007812,0.0000000,0.0005571
2021-09-21,-0.0008723,0.0000000,0.0006238
2021-09-22,-0.0011382,0.0000000,0.0006274
2021-09-23,-0.0015720,0.0000000,-0.0022258
2021-09-24,-0.0003090,0.0000000,0.0001066
2021-09-27,-0.0002072,0.0000000,0.0013858
2021-09-28,0.0002901,0.0000000,0.0017608
2021-09-29,0.0003797,-0.0018204,0.0031046
2021-09-30,-0.0003119,0.0016696,-0.0014187
2021-10-01,-0.0002040,0.0025211,-0.0004635
2021-10-04,0.0000112,0.0015048,-0.0005895
2021-10-05,0.0000000,-0.0022470,0.0027197
2021-10-06,0.0000000,-0.0015765,0.0003341
2021-10-07,0.0000000,0.0000376,0.0009180
2021-10-08,0.0006681,0.0000000,0.0000763
2021-10-11,0.0002846,0.0000000,-0.0002101
2021-10-12,0.0003704,0.0000000,0.0014918
2021-10-13,-0.0005761,0.0000000,-0.0036840
2021-10-14,0.0012689,0.0000000,-0.0018576
2021-10-15,0.0002884,-0.0007141,0.0008614
2021-10-18,-0.0002851,0.0017008,0.0014872
2021-10-19,0.0004190,-0.0007069,0.0005748
2021-10-20,0.0006437,-0.0011760,-0.0002949
2021-10-21,-0.0011811,0.0005089,0.0021024
2021-10-22,-0.0003827,-0.0002397,-0.0004894
2021-10-25,0.0003277,-0.0000010,0.0031771
2021-10-26,0.0001473,0.0000799,-0.0005571
2021-10-27,0.0003639,-0.0000678,-0.0036502
2021-10-28,-0.0004967,0.0000000,-0.0029205
2021-10-29,0.0001568,0.0000000,0.0004842
2021-11-01,-0.0001013,0.0000000,0.0000089
2021-11-02,-0.0008950,0.0000000,-0.0048864
2021-11-03,0.0000418,0.0000000,-0.0022285
2021-11-04,-0.0006199,0.0000000,0.0034150
2021-11-05,-0.0000533,0.0000000,-0.0023839
2021-11-08,-0.0000662,0.0000000,0.0019291
2021-11-09,-0.0000239,0.0000000,-0.0010846
2021-11-10,-0.0002128,0.0000000,0.0062543
2021-11-11,0.0005718,0.0000000,0.0029402
2021-11-12,-0.0001940,-0.0001348,0.0010089
2021-11-15,-0.0003953,-0.0020193,0.0026859
2021-11-16,0.0001164,-0.0013995,0.0006923
2021-11-17,0.0007022,0.0002512,-0.0004911
2021-11-18,-0.0004514,0.0010911,-0.0046593
2021-11-19,0.0008364,-0.0039544,0.0062629
2021-11-22,-0.0000959,-0.0041991,0.0043129
2021-11-23,-0.0004837,0.0004128,-0.0000006
2021-11-24,-0.0003088,-0.0004166,0.0006944
2021-11-25,-0.0001204,0.0034764,-0.0036221
2021-11-26,0.0006723,-0.0034346,-0.0003330
2021-11-29,-0.0002357,0.0024017,-0.0018293
2021-11-30,0.0001683,-0.0005406,-0.0045558
2021-12-01,0.0001788,-0.0004696,-0.0005186
2021-12-02,-0.0001710,0.0001011,0.0002975
2021-12-03,0.0004654,-0.0031513,0.0020221
2021-12-06,-0.0005530,0.0017747,-0.0002253
2021-12-07,-0.0004717,0.0010802,0.0003699
2021-12-08,0.0001379,0.0010439,-0.0052353
2021-12-09,-0.0000658,-0.0009936,0.0021094
2021-12-10,-0.0001995,0.0003696,-0.0004874
2021-12-13,0.0002090,-0.0001653,0.0046735
2021-12-14,-0.0000626,0.0000000,0.0020857
2021-12-15,-0.0001285,0.0000000,-0.0033655
2021-12-16,-0.0002404,0.0000000,-0.0019623
2021-12-17,-0.0000055,0.0000000,0.0028349
2021-12-20,0.0000000,0.0000000,0.0010825
2021-12-21,0.0000000,0.0000000,-0.0035136
2021-12-22,0.0000000,0.0000000,-0.0022945
2021-12-23,0.0000000,0.0000000,0.0004857
2021-12-24,-0.0001566,0.0000000,-0.0004684
2021-12-27,0.0001667,0.0000000,0.0004391
2021-12-28,0.0000879,0.0000000,-0.0022367
2021-12-29,0.0001202,0.0000000,-0.0012876
2021-12-30,-0.0001490,0.0000000,-0.0007453
2021-12-31,-0.0003395,0.0000000,-0.0006982
2022-01-03,0.0000213,0.0000000,0.0009535
2022-01-04,0.0013129,0.0000000,-0.0033848
2022-01-05,0.0003056,0.0000000,-0.0004304
2022-01-06,-0.0004277,0.0000000,-0.0011853
2022-01-07,-0.0004532,-0.0007741,-0.0057101
2022-01-10,-0.0003423,0.0000616,0.0021250
2022-01-11,-0.0000164,-0.0018019,-0.0043141
2022-01-12,-0.0003525,-0.0051077,-0.0072126
2022-01-13,-0.0002286,0.0021836,-0.0001084
2022-01-14,0.0002263,0.0030204,0.0033482
2022-01-17,-0.0000391,-0.0008455,-0.0006881
2022-01-18,0.0002485,0.0023847,0.0048784
2022-01-19,0.0000577,-0.0009417,-0.0016413
2022-01-20,0.0007901,0.0002946,0.0029536
2022-01-21,-0.0006084,0.0005870,-0.0025031
2022-01-24,-0.0007628,-0.0017780,0.0004930
2022-01-25,0.0002027,0.0003571,-0.0007464
2022-01-26,-0.0001373,-0.0005915,0.0018256
2022-01-27,0.0004379,-0.0011782,0.0023395
2022-01-28,0.0006488,-0.0001691,0.0015618
2022-01-31,-0.0013723,0.0017206,-0.0042640
2022-02-01,-0.0005655,0.0012257,-0.0020426
2022-02-02,0.0002500,0.0011956,-0.0032959
2022-02-03,-0.0014070,0.0012479,-0.0043045
2022-02-04,0.0003443,-0.0011039,0.0004921
2022-02-07,-0.0003900,0.0002391,-0.0009738
2022-02-08,-0.0003279,0.0000000,0.0000016
2022-02-09,-0.0004399,0.0000000,-0.0017648
2022-02-10,-0.0000280,0.0000000,0.0054331
2022-02-11,-0.0005912,0.0003016,0.0031443
2022-02-14,-0.0001352,-0.0002275,0.0009577
2022-02-15,-0.0000144,0.0007424,-0.0048460
2022-02-16,0.0000000,-0.0001080,-0.0005401
2022-02-17,0.0000000,-0.0007374,0.0018594
2022-02-18,0.0000000,0.0001255,0.0010105
2022-02-21,0.0000000,0.0000000,0.0015439
2022-02-22,0.0000198,0.0000000,-0.0024561
2022-02-23,-0.0004086,0.0000000,0.0014578
2022-02-24,-0.0004031,0.0000000,0.0048228
2022-02-25,-0.0000150,0.0004862,-0.0036847
2022-02-28,0.0002677,-0.0063492,0.0051381
2022-03-01,0.0006403,-0.0082126,0.0067394
2022-03-02,0.0003319,-0.0017855,0.0010494
2022-03-03,0.0009750,-0.0075358,0.0051889
2022-03-04,0.0017280,-0.0122072,0.0114456
2022-03-07,-0.0002661,-0.0089180,0.0108074
2022-03-08,-0.0014017,0.0092162,-0.0102734
2022-03-09,-0.0000604,0.0156947,-0.0165421
2022-03-10,0.0015708,-0.0037521,0.0014848
2022-03-11,-0.0002963,-0.0001722,0.0016972
2022-03-14,-0.0013495,-0.0003601,-0.0082740
2022-03-15,0.0000741,0.0000000,-0.0013636
2022-03-16,-0.0000811,0.0000000,-0.0054750
2022-03-17,0.0002671,0.0000000,0.0005030
2022-03-18,-0.0000444,0.0000000,0.0019876
2022-03-21,0.0001009,0.0000000,0.0007935
2022-03-22,0.0002502,0.0000000,-0.0027893
2022-03-23,0.0008213,0.0000000,0.0024702
2022-03-24,0.0012282,0.0000000,-0.0002929
2022-03-25,0.0008083,0.0000000,-0.0016456
2022-03-28,0.0002623,0.0015369,0.0024470
2022-03-29,-0.0006294,0.0003466,-0.0065261
2022-03-30,-0.0012585,-0.0007055,-0.0017397
2022-03-31,-0.0005916,0.0024113,0.0028879
2022-04-01,0.0005243,-0.0008576,-0.0006521
2022-04-04,0.0010997,-0.0004880,0.0010179
2022-04-05,0.0010463,0.0000000,0.0013291
2022-04-06,-0.0015549,0.0000000,0.0017660
2022-04-07,-0.0007396,0.0000000,-0.0012053
2022-04-08,0.0003116,0.0000000,0.0007705
2022-04-11,-0.0003670,0.0000000,0.0003165
2022-04-12,-0.0000661,0.0000000,0.0003350
2022-04-13,0.0002589,0.0000000,-0.0007304
2022-04-14,0.0002621,0.0000000,0.0002391
2022-04-15,0.0005977,0.0000000,0.0000930
2022-04-18,0.0008074,0.0000000,-0.0000602
2022-04-19,0.0025988,0.0000000,-0.0009946
2022-04-20,-0.0008450,0.0000000,-0.0018471
2022-04-21,0.0001010,0.0000000,0.0006006
2022-04-22,-0.0004945,0.0000000,0.0000104
2022-04-25,-0.0002265,0.0000000,0.0015852
2022-04-26,0.0001096,0.0000000,0.0057007
2022-04-27,0.0013644,-0.0007029,0.0002929
2022-04-28,0.0022097,-0.0008244,0.0010704
2022-04-29,-0.0018949,0.0003221,-0.0015515
2022-05-02,0.0012248,-0.0005554,0.0027160
2022-05-03,-0.0000834,0.0003480,-0.0010318
2022-05-04,-0.0035632,-0.0000249,-0.0051099
2022-05-05,0.0026011,0.0000000,0.0072309
2022-05-06,-0.0000458,0.0000000,0.0001915
2022-05-09,0.0007080,0.0000000,0.0036418
2022-05-10,0.0004298,-0.0000415,0.0001008
2022-05-11,-0.0000381,-0.0002467,-0.0001440
2022-05-12,0.0012035,-0.0000156,0.0027999
2022-05-13,-0.0003514,0.0031139,-0.0021107
2022-05-16,-0.0000592,-0.0005428,0.0002404
2022-05-17,-0.0020256,0.0011685,-0.0037884
2022-05-18,-0.0004928,-0.0000379,0.0036416
2022-05-19,-0.0007492,-0.0001393,-0.0051856
2022-05-20,-0.0004800,0.0001079,0.0010689
2022-05-23,-0.0002146,0.0003646,-0.0043234
2022-05-24,0.0002617,-0.0000765,-0.0010964
2022-05-25,-0.0001425,0.0000000,0.0031006
2022-05-26,0.0000577,0.0000000,0.0000091
2022-05-27,-0.0004764,0.0000000,-0.0027201
2022-05-30,-0.0003236,0.0001726,-0.0017697
2022-05-31,0.0001878,-0.0000490,0.0002558
2022-06-01,-0.0000903,0.0001730,0.0025010
2022-06-02,-0.0005931,-0.0005024,-0.0045830
2022-06-03,0.0009127,0.0001861,0.0016510
2022-06-06,-0.0010344,0.0001754,-0.0003276
2022-06-07,0.0000010,0.0000000,0.0001086
2022-06-08,0.0013261,0.0000000,0.0017638
2022-06-09,-0.0019676,0.0000000,0.0026222
2022-06-10,-0.0003064,0.0000000,0.0037068
2022-06-13,-0.0013862,0.0000000,0.0047803
2022-06-14,0.0011439,0.0000000,0.0007870
2022-06-15,-0.0021189,0.0000000,-0.0016085
2022-06-16,-0.0011512,0.0000000,0.0000399
2022-06-17,0.0003305,0.0000000,0.0006644
2022-06-20,0.0000283,0.0000000,-0.0033217
2022-06-21,0.0004238,0.0000000,-0.0008855
2022-06-22,0.0000556,0.0000000,0.0014138
2022-06-23,-0.0003124,0.0000000,0.0032279
2022-06-24,0.0000319,0.0000000,-0.0022484
2022-06-27,0.0002343,0.0000000,-0.0017512
2022-06-28,0.0005544,0.0000000,0.0016532
2022-06-29,0.0012201,0.0000000,0.0002396
2022-06-30,-0.0009410,0.0000000,0.0013671
2022-07-01,0.0005598,0.0000000,0.0024362
2022-07-04,-0.0008437,0.0000000,0.0009691
2022-07-05,0.0003527,0.0000000,0.0082691
2022-07-06,0.0003053,-0.0008012,0.0025869
2022-07-07,-0.0015625,0.0002854,-0.0013718
2022-07-08,-0.0008137,0.0007237,-0.0004076
2022-07-11,0.0017925,-0.0040342,0.0049397
2022-07-12,-0.0002150,0.0002211,-0.0004973
2022-07-13,0.0002599,0.0004715,-0.0003109
2022-07-14,-0.0006141,0.0000453,-0.0002319
2022-07-15,0.0000740,0.0000000,-0.0050615
2022-07-18,-0.0010977,0.0000000,-0.0012477
2022-07-19,-0.0000887,0.0000000,-0.0076706
2022-07-20,0.0004122,0.0000000,0.0016713
2022-07-21,-0.0006007,0.0000000,-0.0020050
2022-07-22,-0.0004741,0.0000000,-0.0008855
2022-07-25,0.0006271,0.0000000,-0.0013622
2022-07-26,0.0007754,0.0000000,0.0050087
2022-07-27,-0.0002021,0.0000000,-0.0022473
2022-07-28,-0.0005720,0.0000000,-0.0012849
2022-07-29,-0.0005059,0.0000000,-0.0031123
2022-08-01,-0.0001743,0.0000000,-0.0024925
2022-08-02,-0.0008384,0.0000000,0.0039268
2022-08-03,0.0000993,0.0000000,-0.0030245
2022-08-04,-0.0008020,0.0000000,-0.0017094
2022-08-05,-0.0006267,0.0000000,0.0019851
2022-08-08,0.0012506,0.0000000,-0.0020529
2022-08-09,-0.0004773,0.0000000,0.0010856
2022-08-10,0.0008530,0.0000000,-0.0058247
2022-08-11,-0.0002260,0.0000000,0.0004871
2022-08-12,0.0005787,0.0000000,-0.0015788
2022-08-15,0.0000021,0.0000000,0.0043070
2022-08-16,-0.0012818,0.0000000,0.0001330
2022-08-17,-0.0010129,0.0000000,0.0011115
2022-08-18,0.0002153,0.0000000,0.0051677
2022-08-19,0.0002486,0.0000000,0.0024478
2022-08-22,0.0001270,0.0000000,0.0046343
2022-08-23,-0.0007048,0.0000000,-0.0009597
2022-08-24,-0.0001432,0.0000000,-0.0011396
2022-08-25,0.0002518,0.0000000,-0.0018140
2022-08-26,-0.0000560,0.0000000,0.0018300
2022-08-29,-0.0006015,0.0000000,-0.0007630
2022-08-30,-0.0010574,0.0000000,-0.0017654
2022-08-31,0.0000271,0.0000000,-0.0017809
2022-09-01,0.0001335,0.0000000,0.0040756
2022-09-02,0.0007502,0.0000000,-0.0012872
2022-09-05,-0.0004210,0.0000000,0.0019668
2022-09-06,-0.0004496,0.0000000,0.0001389
2022-09-07,0.0012096,0.0000000,-0.0060878
2022-09-08,0.0008349,0.0000000,0.0015054
2022-09-09,-0.0004504,0.0000000,-0.0041640
2022-09-12,-0.0000059,0.0000000,-0.0038007
2022-09-13,0.0004408,0.0000000,0.0084888
2022-09-14,-0.0010854,0.0000000,0.0006258
2022-09-15,0.0001631,0.0000000,0.0030784
2022-09-16,-0.0001296,0.0000000,-0.0008595
2022-09-19,0.0006228,0.0000000,-0.0006266
2022-09-20,0.0004177,0.0000000,0.0054430
2022-09-21,0.0004968,0.0011777,0.0067597
2022-09-22,-0.0001078,-0.0010303,-0.0008873
2022-09-23,0.0017266,-0.0018645,0.0063240
2022-09-26,0.0008565,-0.0028936,0.0044979
2022-09-27,-0.0001081,-0.0006455,0.0011490
2022-09-28,-0.0010194,0.0035849,-0.0016846
2022-09-29,0.0004840,-0.0012524,0.0038608
2022-09-30,0.0013537,-0.0020750,0.0016386
2022-10-03,-0.0023352,0.0057116,-0.0077194
2022-10-04,0.0006807,0.0022059,-0.0061344
2022-10-05,-0.0003018,0.0002230,0.0025708
2022-10-06,0.0000942,-0.0021210,0.0106233
2022-10-07,0.0000890,0.0015043,-0.0004215
2022-10-10,0.0003107,-0.0002007,0.0012171
2022-10-11,0.0003046,0.0002134,0.0020772
2022-10-12,0.0000748,0.0003467,-0.0004977
2022-10-13,-0.0001292,0.0012619,-0.0064590
2022-10-14,0.0014883,0.0000663,0.0005859
2022-10-17,-0.0005634,0.0000000,-0.0055170
2022-10-18,-0.0001193,0.0000000,-0.0013685
2022-10-19,0.0000843,0.0000000,0.0034890
2022-10-20,-0.0000258,0.0000000,-0.0009417
2022-10-21,-0.0017372,0.0000000,-0.0021481
2022-10-24,0.0009431,0.0000000,0.0006025
2022-10-25,-0.0002419,0.0000000,-0.0060270
2022-10-26,-0.0002687,0.0000000,-0.0048987
2022-10-27,-0.0003623,0.0000000,0.0000134
2022-10-28,0.0004884,0.0000000,0.0001505
2022-10-31,-0.0002852,0.0000000,0.0014718
2022-11-01,-0.0002324,0.0000000,-0.0023335
2022-11-02,-0.0001626,0.0000000,0.0027637
2022-11-03,-0.0002851,0.0000000,0.0019125
2022-11-04,0.0002071,0.0000000,-0.0097567
2022-11-07,0.0002845,0.0000000,-0.0020045
2022-11-08,-0.0000397,0.0000000,0.0000227
2022-11-09,-0.0011138,0.0000000,0.0058589
2022-11-10,-0.0000674,0.0000000,-0.0105122
2022-11-11,0.0000887,-0.0027552,-0.0054171
2022-11-14,-0.0001975,0.0043384,0.0060441
2022-11-15,0.0003932,0.0000379,0.0004645
2022-11-16,0.0001469,-0.0005859,-0.0007794
2022-11-17,0.0001678,0.0041118,0.0050024
2022-11-18,0.0006678,0.0004495,0.0000637
2022-11-21,0.0000164,-0.0002210,0.0016385
2022-11-22,0.0002076,0.0000000,-0.0028578
2022-11-23,0.0010106,0.0000000,-0.0050124
2022-11-24,-0.0000540,0.0000000,-0.0013225
2022-11-25,-0.0004105,0.0000000,-0.0013362
2022-11-28,-0.0009775,0.0000000,0.0046592
2022-11-29,0.0014830,0.0000000,0.0005681
2022-11-30,0.0004827,0.0000000,-0.0031375
2022-12-01,0.0020194,0.0000000,-0.0044605
2022-12-02,0.0011794,0.0000000,0.0008055
2022-12-05,-0.0015172,0.0000000,0.0024220
2022-12-06,0.0001679,0.0000000,0.0007673
2022-12-07,0.0007656,0.0000000,0.0003854
2022-12-08,-0.0000090,0.0000000,0.0008746
2022-12-09,0.0009460,0.0000000,-0.0004939
2022-12-12,-0.0008995,0.0000000,-0.0007990
2022-12-13,0.0015268,0.0000000,-0.0034896
2022-12-14,0.0002334,0.0000000,-0.0010180
2022-12-15,-0.0018643,0.0000000,0.0048337
2022-12-16,0.0005564,0.0000000,0.0006378
2022-12-19,-0.0004408,0.0000000,-0.0005795
2022-12-20,-0.0007296,0.0000000,0.0019469
2022-12-21,-0.0013468,0.0002140,-0.0009974
2022-12-22,-0.0003607,-0.0006585,0.0020148
2022-12-23,-0.0004324,-0.0014156,0.0020244
2022-12-26,0.0002998,0.0003419,-0.0011336
2022-12-27,-0.0001455,0.0019267,-0.0036605
2022-12-28,0.0001784,0.0001714,-0.0003423
2022-12-29,0.0005085,-0.0000568,0.0029813
2022-12-30,0.0000027,0.0000000,-0.0003746
2023-01-02,0.0000291,0.0000000,0.0003813
2023-01-03,-0.0012986,0.0000000,0.0004301
2023-01-04,-0.0000383,0.0000000,0.0028611
2023-01-05,-0.0002942,0.0000000,0.0010044
2023-01-06,-0.0001804,0.0012888,-0.0018357
2023-01-09,0.0000258,0.0003188,-0.0006780
2023-01-10,0.0001421,-0.0011271,0.0015358
2023-01-11,0.0001130,-0.0003451,0.0021057
2023-01-12,0.0001736,0.0001540,0.0014963
2023-01-13,-0.0002055,-0.0000044,-0.0012485
2023-01-16,0.0000109,0.0000000,-0.0002072
2023-01-17,-0.0004332,0.0000000,-0.0024335
2023-01-18,-0.0007628,0.0000000,-0.0008464
2023-01-19,-0.0007357,0.0000000,0.0009319
2023-01-20,0.0001100,0.0000000,0.0018016
2023-01-23,0.0004496,0.0000000,-0.0023298
2023-01-24,0.0001990,0.0000000,0.0028062
2023-01-25,0.0008365,0.0000000,0.0030181
2023-01-26,-0.0002892,0.0000000,-0.0014939
2023-01-27,-0.0001841,0.0000000,-0.0011606
2023-01-30,-0.0008841,0.0000000,-0.0011823
2023-01-31,0.0002267,0.0000000,0.0013705
2023-02-01,0.0014981,0.0000000,0.0059009
2023-02-02,-0.0012876,0.0000000,-0.0002242
2023-02-03,-0.0029690,0.0000000,-0.0076527
2023-02-06,-0.0010250,-0.0008222,-0.0074697
2023-02-07,0.0004005,0.0001753,0.0002340
2023-02-08,-0.0005312,0.0003439,0.0023249
2023-02-09,-0.0004856,0.0014591,-0.0036743
2023-02-10,0.0005515,0.0008569,-0.0024687
2023-02-13,-0.0002686,-0.0013172,0.0028916
2023-02-14,0.0000152,0.0006542,0.0029323
2023-02-15,0.0001633,0.0009533,-0.0012165
2023-02-16,-0.0002960,0.0004065,-0.0014729
2023-02-17,0.0000427,0.0004575,0.0011372
2023-02-20,0.0002449,0.0005370,-0.0031620
2023-02-21,-0.0007484,0.0002155,-0.0003943
2023-02-22,-0.0012335,-0.0000684,0.0000499
2023-02-23,-0.0007544,0.0000000,-0.0016195
2023-02-24,0.0015975,0.0000000,-0.0001364
2023-02-27,0.0005958,0.0000000,0.0015878
2023-02-28,-0.0019568,0.0000000,0.0001614
2023-03-01,-0.0006169,0.0000000,0.0067837
2023-03-02,0.0005060,0.0000000,-0.0043264
2023-03-03,-0.0009226,0.0000000,-0.0016857
2023-03-06,0.0015984,0.0000000,0.0038137
2023-03-07,0.0011376,0.0000000,0.0006997
2023-03-08,-0.0001907,-0.0000924,-0.0003087
2023-03-09,-0.0003445,-0.0003426,-0.0014488
2023-03-10,0.0000474,-0.0004156,0.0027445
2023-03-13,-0.0021628,0.0009652,-0.0038168
2023-03-14,-0.0001572,0.0014644,-0.0024456
2023-03-15,-0.0019021,-0.0004876,-0.0062643
2023-03-16,-0.0000434,0.0009879,0.0015922
2023-03-17,-0.0009510,0.0002168,-0.0001771
2023-03-20,0.0002486,0.0012977,0.0006909
2023-03-21,0.0002776,0.0025967,0.0047496
2023-03-22,-0.0000886,0.0009253,0.0033144
2023-03-23,0.0000843,-0.0000806,-0.0009165
2023-03-24,0.0003402,0.0000000,-0.0018606
2023-03-27,0.0001034,0.0000000,0.0002505
2023-03-28,-0.0004385,0.0000000,0.0027372
2023-03-29,-0.0004142,0.0000000,0.0011265
2023-03-30,0.0002348,0.0000000,0.0033192
2023-03-31,-0.0003962,0.0002685,-0.0009545
2023-04-03,-0.0010196,-0.0007106,-0.0001887
2023-04-04,0.0016720,-0.0003271,0.0012832
2023-04-05,-0.0002802,0.0002126,0.0023558
2023-04-06,0.0008052,-0.0003473,0.0011314
2023-04-10,-0.0004095,-0.0003745,-0.0005116
2023-04-11,0.0006897,0.0000000,0.0029609
2023-04-12,0.0003522,0.0000000,0.0023245
2023-04-13,-0.0011807,0.0000000,0.0006918
2023-04-14,0.0008861,0.0000000,-0.0010203
2023-04-17,-0.0006868,0.0000000,-0.0001346
2023-04-18,-0.0000046,0.0000000,0.0025178
2023-04-19,0.0005690,-0.0000652,-0.0015539
2023-04-20,0.0001785,-0.0012615,0.0029395
2023-04-21,0.0007781,0.0004835,-0.0004248
2023-04-24,0.0012622,-0.0006277,0.0018878
2023-04-25,-0.0009140,-0.0001288,-0.0005940
2023-04-26,0.0018847,-0.0003413,0.0055269
2023-04-27,-0.0012003,-0.0002994,-0.0013878
2023-04-28,0.0021785,-0.0000702,-0.0003568
2023-05-01,-0.0004389,0.0016443,-0.0022539
2023-05-02,-0.0007004,-0.0015652,0.0037821
2023-05-03,0.0009398,0.0002545,0.0002068
2023-05-04,-0.0012406,0.0008379,-0.0027311
2023-05-05,-0.0011878,0.0012926,-0.0010836
2023-05-08,0.0000331,0.0010366,-0.0019101
2023-05-09,-0.0000477,-0.0003668,0.0009151
2023-05-10,-0.0005401,-0.0000835,0.0029472
2023-05-11,-0.0010620,0.0000000,-0.0010944
2023-05-12,-0.0004949,0.0000000,-0.0006732
2023-05-15,0.0003857,0.0000000,0.0002469
2023-05-16,-0.0003483,0.0000000,0.0037087
2023-05-17,0.0001222,0.0000000,-0.0020849
2023-05-18,0.0002164,0.0000000,-0.0029646
2023-05-19,-0.0002724,0.0002701,-0.0007586
2023-05-22,0.0003187,-0.0003788,0.0046131
2023-05-23,0.0001263,-0.0004962,0.0004692
2023-05-24,-0.0017875,-0.0009930,0.0003500
2023-05-25,0.0002389,-0.0022087,0.0023494
2023-05-26,0.0007081,0.0004326,-0.0010202
2023-05-29,0.0004858,0.0000306,0.0001248
2023-05-30,-0.0009987,-0.0017061,0.0018698
2023-05-31,0.0007452,0.0010331,-0.0039229
2023-06-01,-0.0008224,0.0002502,0.0028141
2023-06-02,0.0013526,0.0002776,-0.0007053
2023-06-05,-0.0009164,0.0000000,0.0025909
2023-06-06,0.0004274,0.0000000,0.0021007
2023-06-07,0.0007136,0.0000000,-0.0026827
2023-06-08,-0.0019564,0.0000000,-0.0005797
2023-06-09,0.0010161,0.0000000,-0.0009501
2023-06-12,-0.0003528,0.0000000,-0.0007650
2023-06-13,0.0012243,0.0000000,-0.0081850
2023-06-14,-0.0007865,0.0000000,0.0045153
2023-06-15,0.0015150,0.0000000,-0.0007012
2023-06-16,0.0016669,0.0004230,-0.0003957
2023-06-19,-0.0004842,-0.0002308,0.0035242
2023-06-20,-0.0013449,-0.0003045,0.0029290
2023-06-21,0.0008258,-0.0007530,0.0026554
2023-06-22,0.0002709,0.0000418,-0.0000791
2023-06-23,-0.0003917,-0.0001358,-0.0012094
2023-06-26,0.0001028,0.0000000,-0.0008346
2023-06-27,-0.0001516,0.0000000,0.0028186
2023-06-28,-0.0007080,0.0000000,-0.0053839
2023-06-29,0.0001157,0.0000000,0.0006029
2023-06-30,-0.0004504,0.0000000,-0.0000819
2023-07-03,0.0001258,0.0000000,-0.0013168
2023-07-04,-0.0002261,0.0000000,-0.0030447
2023-07-05,-0.0004082,0.0000000,-0.0051227
2023-07-06,-0.0010756,-0.0013000,-0.0015644
2023-07-07,-0.0016695,0.0010638,0.0027789
2023-07-10,-0.0005360,0.0025780,0.0011776
2023-07-11,-0.0003601,0.0013099,-0.0023524
2023-07-12,-0.0003712,0.0008809,0.0004871
2023-07-13,0.0008321,-0.0046288,-0.0004291
2023-07-14,0.0001733,0.0017096,0.0012972
2023-07-17,-0.0000939,-0.0001071,0.0016157
2023-07-18,-0.0003051,0.0004785,-0.0016866
2023-07-19,-0.0006817,0.0005511,-0.0042906
2023-07-20,-0.0003204,-0.0005112,-0.0051227
2023-07-21,0.0005771,0.0000000,0.0008650
2023-07-24,-0.0002358,0.0000000,-0.0024276
2023-07-25,0.0001125,0.0000000,-0.0011850
2023-07-26,-0.0000822,0.0000000,0.0029647
2023-07-27,-0.0008851,0.0000000,-0.0043671
2023-07-28,-0.0002754,0.0000000,0.0015667
2023-07-31,-0.0000813,0.0000000,-0.0018027
2023-08-01,0.0000402,0.0000000,-0.0045337
2023-08-02,0.0001776,0.0000000,-0.0020653
2023-08-03,0.0002741,0.0000000,-0.0050324
2023-08-04,-0.0000676,0.0024500,0.0063158
2023-08-07,-0.0002387,0.0007085,0.0010805
2023-08-08,0.0000922,-0.0010828,-0.0053819
2023-08-09,0.0000131,0.0005283,0.0008343
2023-08-10,0.0010908,0.0017509,0.0036174
2023-08-11,0.0012334,-0.0000744,0.0018524
2023-08-14,0.0001283,0.0000000,-0.0029081
2023-08-15,0.0016747,0.0000000,-0.0022773
2023-08-16,0.0016673,0.0000000,0.0013767
2023-08-17,0.0009174,0.0000000,0.0008300
2023-08-18,-0.0014436,0.0000000,0.0021503
2023-08-21,0.0015034,0.0000000,-0.0011627
2023-08-22,-0.0025412,0.0000000,-0.0035417
2023-08-23,-0.0036302,0.0000000,0.0008885
2023-08-24,0.0020320,0.0000000,-0.0002647
2023-08-25,0.0014535,0.0000000,0.0014991
2023-08-28,-0.0004731,0.0000000,0.0000019
2023-08-29,-0.0024681,0.0000000,-0.0037649
2023-08-30,0.0015072,0.0000000,0.0004787
2023-08-31,-0.0034483,0.0000000,0.0000830
2023-09-01,0.0009102,0.0000000,0.0012660
2023-09-04,0.0005740,0.0000000,0.0002241
2023-09-05,0.0026995,0.0000000,-0.0029158
2023-09-06,-0.0002230,0.0000000,-0.0050127
2023-09-07,-0.0012266,-0.0041607,-0.0024942
2023-09-08,0.0007203,0.0006598,-0.0001080
2023-09-11,-0.0010754,-0.0007349,-0.0022943
2023-09-12,0.0001059,-0.0008961,0.0007518
2023-09-13,0.0002417,0.0013764,0.0016305
2023-09-14,0.0002392,-0.0003459,0.0005344
2023-09-15,0.0002258,-0.0005114,-0.0000380
2023-09-18,0.0001123,0.0001807,-0.0001910
2023-09-19,0.0004200,-0.0006023,-0.0014424
2023-09-20,0.0002756,-0.0000459,0.0016758
2023-09-21,-0.0003122,0.0000000,0.0024533
2023-09-22,0.0012705,0.0000000,-0.0014608
2023-09-25,0.0025454,0.0000000,0.0001592
2023-09-26,0.0000884,-0.0003491,-0.0004706
2023-09-27,0.0023050,-0.0008584,0.0021096
2023-09-28,-0.0019027,0.0005359,-0.0043089
2023-09-29,-0.0014909,0.0007088,-0.0028713
2023-10-02,0.0007686,-0.0002106,0.0064270
2023-10-03,-0.0016949,0.0002081,0.0043330
2023-10-04,-0.0016067,0.0003828,-0.0034310
2023-10-05,-0.0005677,-0.0002943,-0.0023132
2023-10-06,-0.0005509,-0.0001947,-0.0049859
2023-10-09,0.0008836,0.0000000,-0.0024038
2023-10-10,-0.0000940,0.0000000,-0.0033614
2023-10-11,-0.0009339,0.0000000,0.0004874
2023-10-12,-0.0003858,0.0000000,0.0072645
2023-10-13,-0.0005768,0.0000000,-0.0005941
2023-10-16,0.0004732,0.0000000,-0.0062176
2023-10-17,0.0000885,0.0000000,-0.0005481
2023-10-18,-0.0000030,0.0000000,0.0038747
2023-10-19,-0.0000503,0.0000000,-0.0038731
2023-10-20,0.0000067,0.0000000,0.0013120
2023-10-23,-0.0000454,-0.0018448,0.0003520
2023-10-24,0.0000696,-0.0001270,0.0058659
2023-10-25,0.0001134,-0.0000148,0.0018814
2023-10-26,0.0000528,-0.0000558,-0.0000197
2023-10-27,-0.0002979,0.0002543,-0.0023023
2023-10-30,-0.0002204,0.0004829,-0.0005712
2023-10-31,0.0010150,0.0000000,0.0013765
2023-11-01,-0.0002527,0.0000000,0.0003578
2023-11-02,-0.0001635,0.0000000,-0.0033295
2023-11-03,-0.0003918,0.0000000,-0.0104971
2023-11-06,-0.0000033,0.0000000,0.0014885
2023-11-07,0.0000000,0.0000000,0.0032361
2023-11-08,0.0000000,0.0000000,-0.0004228
2023-11-09,-0.0000718,0.0000000,0.0014061
2023-11-10,0.0001177,0.0000000,-0.0039492
2023-11-13,-0.0004324,0.0000000,-0.0014936
2023-11-14,0.0000782,0.0000000,-0.0076003
2023-11-15,0.0012337,0.0004425,-0.0031993
2023-11-16,-0.0005863,0.0003030,0.0043912
2023-11-17,-0.0005347,-0.0018828,-0.0040602
2023-11-20,-0.0007985,-0.0002677,-0.0002529
2023-11-21,-0.0006861,0.0009760,-0.0022465
2023-11-22,0.0002360,-0.0003746,0.0009631
2023-11-23,0.0000477,0.0000000,0.0014285
2023-11-24,0.0002714,0.0000000,-0.0028460
2023-11-27,0.0000325,0.0000000,0.0003028
2023-11-28,0.0004976,0.0000000,0.0007202
2023-11-29,-0.0003864,0.0000000,-0.0018169
2023-11-30,-0.0015059,0.0000000,-0.0033954
2023-12-01,0.0028566,0.0000000,0.0030684
2023-12-04,-0.0021927,0.0000000,0.0005487
2023-12-05,-0.0014709,0.0000000,0.0009138
2023-12-06,-0.0001960,0.0000000,0.0003445
2023-12-07,0.0013541,0.0000000,-0.0011236
2023-12-08,-0.0019051,0.0000000,-0.0000191
2023-12-11,-0.0000063,0.0000000,-0.0017214
2023-12-12,0.0000316,0.0000000,0.0027334
2023-12-13,0.0017327,0.0000000,0.0019715
2023-12-14,0.0014321,0.0000000,-0.0052948
2023-12-15,-0.0003525,0.0000000,-0.0016537
2023-12-18,-0.0002901,-0.0005366,0.0014504
2023-12-19,0.0020359,-0.0008459,-0.0019148
2023-12-20,-0.0010344,0.0010364,-0.0009280
2023-12-21,0.0013903,-0.0006660,0.0013102
2023-12-22,-0.0001768,-0.0013561,0.0010240
2023-12-26,0.0007812,-0.0007181,-0.0002911
2023-12-27,-0.0001103,-0.0003811,0.0025900
2023-12-28,0.0003346,-0.0001725,-0.0032672
2023-12-29,-0.0002370,0.0000000,-0.0018986
2024-01-02,-0.0006023,0.0000000,-0.0067297
2024-01-03,-0.0008517,0.0000000,-0.0011107
2024-01-04,-0.0012038,0.0000000,0.0015391
2024-01-05,-0.0000843,0.0000000,-0.0020535
2024-01-08,-0.0000673,0.0000000,-0.0003866
2024-01-09,-0.0003057,0.0000000,-0.0003096
2024-01-10,-0.0004663,0.0000000,0.0003210
2024-01-11,-0.0002206,0.0000000,0.0000527
2024-01-12,0.0001325,0.0000000,-0.0005910
2024-01-15,-0.0003798,0.0000000,-0.0035264
2024-01-16,0.0000767,0.0000000,-0.0043867
2024-01-17,0.0000165,-0.0001566,-0.0011654
2024-01-18,-0.0005510,0.0002847,0.0003705
2024-01-19,-0.0000489,0.0014168,0.0027133
2024-01-22,0.0000297,-0.0004582,-0.0000811
2024-01-23,-0.0002240,-0.0011525,-0.0001991
2024-01-24,-0.0001477,-0.0000572,0.0019842
2024-01-25,-0.0000898,0.0012233,-0.0007341
2024-01-26,0.0010263,-0.0011640,0.0012457
2024-01-29,-0.0005462,-0.0008287,0.0015710
2024-01-30,-0.0000700,0.0013129,0.0000483
2024-01-31,0.0000023,0.0011324,0.0008843
2024-02-01,0.0001146,-0.0002386,-0.0006714
2024-02-02,0.0006349,0.0000000,-0.0009687
2024-02-05,-0.0008523,0.0000000,-0.0014480
2024-02-06,-0.0003033,-0.0001266,0.0001541
2024-02-07,-0.0001957,-0.0000090,0.0018173
2024-02-08,0.0008484,-0.0013118,0.0025007
2024-02-09,-0.0003154,-0.0000562,-0.0013202
2024-02-12,-0.0002231,-0.0001631,0.0022974
2024-02-13,0.0009127,-0.0000119,-0.0024645
2024-02-14,-0.0006313,-0.0000681,0.0015311
2024-02-15,-0.0007031,0.0008056,-0.0004016
2024-02-16,0.0004120,-0.0004325,0.0011166
2024-02-19,0.0003732,-0.0001920,0.0007596
2024-02-20,-0.0003673,0.0007589,-0.0009569
2024-02-21,0.0006508,0.0000003,-0.0010224
2024-02-22,0.0010822,0.0000000,0.0004883
2024-02-23,-0.0001469,0.0000000,0.0021351
2024-02-26,-0.0007459,0.0000000,-0.0005090
2024-02-27,-0.0009534,0.0000000,0.0007146
2024-02-28,-0.0021949,0.0000000,0.0003778
2024-02-29,-0.0005753,0.0000000,-0.0001560
2024-03-01,0.0004106,0.0000000,0.0008650
2024-03-04,0.0010060,0.0000000,-0.0006508
2024-03-05,-0.0009789,0.0000000,-0.0009074
2024-03-06,0.0000761,0.0000000,0.0010558
2024-03-07,-0.0012007,0.0000000,0.0007216
2024-03-08,-0.0015089,-0.0000925,-0.0007113
2024-03-11,-0.0003786,-0.0002418,0.0015894
2024-03-12,-0.0004603,0.0001689,0.0026574
2024-03-13,0.0005783,-0.0005046,-0.0027579
2024-03-14,-0.0002360,0.0010507,-0.0015572
2024-03-15,-0.0003790,-0.0000366,-0.0038781
2024-03-18,0.0004346,0.0000000,-0.0005980
2024-03-19,-0.0006469,0.0000000,0.0005140
2024-03-20,0.0003098,0.0000000,-0.0015694
2024-03-21,0.0004967,0.0000000,0.0018947
2024-03-22,-0.0004398,0.0000000,0.0008621
2024-03-25,0.0003321,0.0003248,-0.0007957
2024-03-26,-0.0000198,-0.0001073,-0.0015050
2024-03-27,0.0000879,-0.0007325,-0.0010244
2024-03-28,0.0004753,-0.0020607,0.0008902
2024-03-29,-0.0002019,0.0016312,-0.0003835
2024-04-01,0.0000106,-0.0020376,0.0030828
2024-04-02,-0.0004728,0.0036536,-0.0026708
2024-04-03,-0.0007402,0.0033676,-0.0048281
2024-04-04,-0.0012657,-0.0004374,0.0001379
2024-04-05,-0.0002021,0.0002933,-0.0011714
2024-04-08,0.0004530,0.0022762,0.0011868
2024-04-09,-0.0006232,-0.0000487,0.0003916
2024-04-10,-0.0009653,0.0000638,0.0024287
2024-04-11,-0.0005384,-0.0002199,-0.0015923
2024-04-12,-0.0008235,0.0011688,0.0008137
2024-04-15,0.0007702,0.0009790,-0.0007899
2024-04-16,-0.0003365,-0.0021128,-0.0036357
2024-04-17,-0.0001965,0.0042462,0.0016071
2024-04-18,0.0000581,-0.0019970,0.0018736
2024-04-19,0.0008445,0.0029352,0.0001995
2024-04-22,-0.0001805,-0.0005386,-0.0019816
2024-04-23,-0.0001732,0.0002337,-0.0031577
2024-04-24,0.0001323,-0.0000400,0.0013006
2024-04-25,0.0006454,0.0000000,0.0001451
2024-04-26,0.0027265,0.0000000,0.0010278
2024-04-29,-0.0019422,0.0000000,-0.0013411
2024-04-30,0.0002006,0.0000000,0.0022694
2024-05-01,-0.0008463,0.0000000,-0.0039212
2024-05-02,-0.0000357,0.0000000,-0.0045251
2024-05-03,0.0000000,0.0000000,-0.0008147
2024-05-06,0.0000000,0.0000000,-0.0010446
2024-05-07,0.0000000,0.0000000,0.0024783
2024-05-08,0.0000000,0.0000000,0.0013738
2024-05-09,0.0000000,0.0000000,-0.0021525
2024-05-10,0.0000000,0.0000000,-0.0023645
2024-05-13,0.0000000,0.0000000,-0.0000067
2024-05-14,0.0000000,0.0000000,-0.0007143
2024-05-15,0.0005650,0.0000000,-0.0056399
2024-05-16,0.0003927,0.0005589,0.0018325
2024-05-17,0.0007987,-0.0001366,-0.0005747
2024-05-20,0.0000338,0.0002990,-0.0007096
2024-05-21,-0.0000670,0.0001550,-0.0008613
2024-05-22,0.0013474,0.0003844,0.0005945
2024-05-23,-0.0004945,-0.0000645,-0.0013271
2024-05-24,0.0013061,0.0000000,-0.0037796
2024-05-27,0.0006212,0.0000000,-0.0011348
2024-05-28,-0.0000988,0.0003004,-0.0009141
2024-05-29,-0.0018106,0.0003308,0.0015929
2024-05-30,-0.0035296,-0.0001666,0.0010435
2024-05-31,0.0012175,-0.0007808,0.0017231
2024-06-03,0.0022348,0.0001841,0.0018016
2024-06-04,-0.0018342,0.0005323,-0.0046998
2024-06-05,0.0028295,-0.0015318,0.0005720
2024-06-06,-0.0006398,0.0001512,0.0017978
2024-06-07,-0.0037151,0.0027973,-0.0101847
2024-06-10,0.0011133,-0.0023847,-0.0000458
2024-06-11,0.0007658,-0.0001547,-0.0021707
2024-06-12,0.0010230,0.0000000,0.0040127
2024-06-13,-0.0002889,0.0000000,-0.0035545
2024-06-14,-0.0013620,0.0000000,-0.0017231
2024-06-17,-0.0000687,0.0010770,0.0002247
2024-06-18,0.0005756,0.0005071,0.0011741
2024-06-19,-0.0003032,-0.0004799,0.0012955
2024-06-20,-0.0007975,-0.0008083,-0.0000398
2024-06-21,0.0010738,0.0003235,-0.0004701
2024-06-24,0.0001290,-0.0001520,0.0009900
2024-06-25,-0.0001455,0.0000000,-0.0017407
2024-06-26,0.0010508,0.0000000,-0.0021468
2024-06-27,-0.0000755,0.0000000,-0.0024761
2024-06-28,0.0004076,0.0000000,-0.0010779
2024-07-01,0.0008153,0.0000000,-0.0001706
2024-07-02,0.0003538,0.0000000,-0.0002150
2024-07-03,0.0013598,0.0000000,0.0011402
2024-07-04,-0.0002975,0.0000000,-0.0018900
2024-07-05,-0.0002540,0.0000000,-0.0004076
2024-07-08,0.0000164,0.0000000,0.0015739
2024-07-09,0.0006932,0.0000000,0.0014867
2024-07-10,0.0026189,0.0000000,-0.0023364
2024-07-11,-0.0048716,0.0000000,-0.0010420
2024-07-12,0.0004034,0.0000000,-0.0020394
2024-07-15,0.0002447,-0.0018408,-0.0005035
2024-07-16,-0.0004168,0.0004941,-0.0020157
2024-07-17,-0.0006316,0.0012171,-0.0024405
2024-07-18,-0.0003864,-0.0017416,-0.0004243
2024-07-19,-0.0000715,-0.0025660,-0.0000094
2024-07-22,-0.0000496,-0.0010611,0.0001219
2024-07-23,-0.0000314,-0.0010272,0.0034481
2024-07-24,0.0009622,-0.0003450,0.0001234
2024-07-25,0.0012430,-0.0011423,0.0022111
2024-07-26,-0.0002414,0.0004314,-0.0011398
2024-07-29,0.0003474,0.0003344,-0.0013491
2024-07-30,-0.0013175,0.0006882,-0.0020733
2024-07-31,-0.0020569,0.0000174,-0.0036334
2024-08-01,0.0009592,0.0000000,0.0003779
2024-08-02,0.0005415,0.0000000,0.0006340
2024-08-05,0.0006036,0.0000000,0.0006685
2024-08-06,-0.0005900,0.0000000,-0.0050032
2024-08-07,-0.0008318,0.0000000,-0.0042297
2024-08-08,-0.0014204,0.0000000,0.0005738
2024-08-09,-0.0000081,0.0000000,-0.0017313
2024-08-12,0.0000000,0.0000000,0.0007760
2024-08-13,0.0000000,0.0000000,-0.0007667
2024-08-14,0.0000000,-0.0005331,0.0007521
2024-08-15,0.0000000,0.0010770,0.0001084
2024-08-16,0.0000000,-0.0010278,0.0013271
2024-08-19,0.0000000,-0.0009714,-0.0007822
2024-08-20,0.0000000,-0.0007300,-0.0010825
2024-08-21,0.0000000,-0.0007231,-0.0004884
2024-08-22,-0.0000021,0.0012400,0.0001764
2024-08-23,0.0006665,-0.0021262,0.0022325
2024-08-26,-0.0003594,0.0016155,-0.0030667
2024-08-27,0.0005123,-0.0015202,0.0009172
2024-08-28,-0.0005008,0.0008541,-0.0043986
2024-08-29,-0.0002411,0.0001493,-0.0012703
2024-08-30,-0.0003836,0.0002410,-0.0012469
2024-09-02,0.0001648,-0.0003100,0.0019661
2024-09-03,0.0000092,0.0000000,-0.0046562
2024-09-04,-0.0000656,0.0000000,0.0027194
2024-09-05,0.0001524,0.0000000,-0.0001036
2024-09-06,0.0000696,0.0000000,-0.0026149
2024-09-09,-0.0003725,0.0000000,-0.0021306
2024-09-10,0.0003075,0.0000000,-0.0001480
2024-09-11,-0.0003933,0.0000000,-0.0013765
2024-09-12,0.0004486,0.0000000,0.0005664
2024-09-13,0.0001503,0.0000000,0.0012114
2024-09-16,0.0003925,0.0000000,0.0006116
2024-09-17,-0.0014478,0.0000000,-0.0001411
2024-09-18,0.0003333,0.0000000,-0.0001739
2024-09-19,-0.0001419,0.0000000,0.0000610
2024-09-20,-0.0007684,0.0000000,-0.0003581
2024-09-23,-0.0000223,0.0000000,0.0003366
2024-09-24,0.0007853,0.0000000,0.0028012
2024-09-25,-0.0022223,0.0000000,-0.0025712
2024-09-26,0.0021320,0.0000000,0.0011226
2024-09-27,-0.0019262,0.0000000,0.0006815
2024-09-30,0.0019134,0.0000000,-0.0021912
2024-10-01,-0.0031068,0.0000000,-0.0015027
2024-10-02,0.0014525,0.0000000,0.0005721
2024-10-03,-0.0020493,-0.0006899,-0.0015139
2024-10-04,-0.0002552,-0.0005192,-0.0014539
2024-10-07,-0.0020683,-0.0019467,-0.0004124
2024-10-08,-0.0000609,0.0038745,0.0009027
2024-10-09,0.0001284,-0.0002523,-0.0009869
2024-10-10,-0.0005206,-0.0010883,0.0005497
2024-10-11,0.0006235,0.0012336,0.0018810
2024-10-14,0.0005788,-0.0008332,-0.0021213
2024-10-15,-0.0008530,0.0002534,-0.0000112
2024-10-16,-0.0003600,0.0000000,-0.0019730
2024-10-17,0.0012532,0.0000000,-0.0017431
2024-10-18,-0.0007681,0.0000000,-0.0001888
2024-10-21,0.0012847,0.0000000,-0.0003700
2024-10-22,0.0003607,0.0000000,-0.0010070
2024-10-23,0.0016214,0.0000000,-0.0001920
2024-10-24,-0.0009602,0.0002698,-0.0005402
2024-10-25,0.0010651,-0.0002413,0.0005001
2024-10-28,0.0005503,-0.0002787,-0.0004970
2024-10-29,0.0005935,0.0017828,0.0012149
2024-10-30,-0.0010903,-0.0034840,-0.0014741
2024-10-31,-0.0016007,-0.0001843,-0.0006132
2024-11-01,0.0005373,-0.0011496,0.0037360
2024-11-04,-0.0008752,-0.0002613,-0.0020698
2024-11-05,-0.0018940,-0.0007384,-0.0009732
2024-11-06,0.0008648,0.0008639,0.0101434
2024-11-07,-0.0040059,0.0018221,-0.0184423
2024-11-08,-0.0016262,-0.0009269,0.0083492
2024-11-11,0.0011671,0.0006511,0.0067749
2024-11-12,0.0003238,-0.0000579,0.0027734
2024-11-13,0.0008587,0.0000000,0.0005480
2024-11-14,0.0005031,0.0000000,-0.0003793
2024-11-15,-0.0028871,0.0000000,-0.0005493
2024-11-18,-0.0005456,0.0000000,-0.0056740
2024-11-19,0.0000249,0.0000000,0.0021892
2024-11-20,0.0012998,0.0000000,0.0058617
2024-11-21,0.0009090,0.0000000,0.0034973
2024-11-22,0.0015869,0.0000000,0.0000132
2024-11-25,-0.0018629,0.0000000,-0.0055897
2024-11-26,-0.0014110,0.0000000,0.0013229
2024-11-27,-0.0034738,0.0000000,-0.0031097
2024-11-28,-0.0002204,0.0000000,0.0001352
2024-11-29,0.0001222,0.0000000,-0.0020758
2024-12-02,0.0007166,0.0000000,0.0058339
2024-12-03,-0.0001708,0.0000000,-0.0008247
2024-12-04,-0.0003718,0.0000000,-0.0023297
2024-12-05,-0.0006532,0.0000000,-0.0047101
2024-12-06,0.0004251,0.0000000,0.0027664
2024-12-09,-0.0007003,0.0000000,-0.0007405
2024-12-10,0.0005305,0.0000000,0.0001802
2024-12-11,0.0003034,0.0000000,0.0014603
2024-12-12,-0.0006175,0.0000000,0.0013982
2024-12-13,-0.0010177,0.0000000,-0.0031217
2024-12-16,-0.0000518,0.0000000,-0.0012557
2024-12-17,-0.0000033,0.0000000,0.0020344
2024-12-18,0.0007513,0.0000000,0.0108388
2024-12-19,-0.0001304,-0.0006443,-0.0010562
2024-12-20,-0.0000700,0.0013050,-0.0052624
2024-12-23,0.0000011,-0.0004212,0.0005283
2024-12-24,0.0000960,0.0000296,-0.0031808
2024-12-26,0.0000768,-0.0004552,0.0024886
2024-12-27,0.0000209,-0.0000063,-0.0020028
2024-12-30,-0.0001886,0.0000000,0.0001263
2024-12-31,0.0005128,0.0000000,0.0028833
2025-01-02,0.0000000,-0.0001041,0.0040458
2025-01-03,0.0000000,0.0002521,-0.0019861
2025-01-06,0.0000000,0.0007260,-0.0031783
2025-01-07,0.0000000,-0.0005215,0.0015764
2025-01-08,0.0000664,-0.0006775,-0.0005375
2025-01-09,-0.0000523,0.0001052,0.0009966
2025-01-10,-0.0001040,-0.0008421,0.0023399
2025-01-13,-0.0000472,0.0004602,0.0003816
2025-01-14,0.0000994,0.0005401,-0.0042321
2025-01-15,-0.0003359,0.0004270,-0.0008058
2025-01-16,-0.0003040,-0.0003653,-0.0001117
2025-01-17,0.0000033,-0.0008339,0.0015704
2025-01-20,0.0000000,0.0004047,-0.0096416
2025-01-21,0.0000000,0.0000000,-0.0005330
2025-01-22,0.0000000,0.0000000,0.0003039
2025-01-23,0.0000000,-0.0006202,-0.0009785
2025-01-24,0.0000000,-0.0001818,-0.0027330
2025-01-27,0.0000000,0.0000092,0.0004951
2025-01-28,-0.0002381,-0.0006396,-0.0012204
2025-01-29,0.0000187,0.0001432,-0.0013198
2025-01-30,0.0000919,-0.0001813,-0.0003502
2025-01-31,0.0000012,0.0002024,-0.0035939
2025-02-03,-0.0005308,0.0011431,-0.0018983
2025-02-04,-0.0002379,-0.0009913,0.0009643
2025-02-05,-0.0000087,-0.0016429,0.0012586
2025-02-06,0.0000000,-0.0012966,0.0019657
2025-02-07,0.0000000,-0.0003171,-0.0017277
2025-02-10,0.0000000,-0.0013766,0.0024430
2025-02-11,0.0000874,-0.0003853,0.0031342
2025-02-12,-0.0003555,0.0024570,-0.0021470
2025-02-13,-0.0003910,-0.0020979,0.0049676
2025-02-14,0.0001682,-0.0006549,0.0021876
2025-02-17,0.0002324,-0.0004511,0.0002223
2025-02-18,0.0003161,0.0001529,-0.0009286
2025-02-19,-0.0000441,-0.0010777,-0.0041374
2025-02-20,0.0004941,-0.0010098,0.0058194
2025-02-21,-0.0008367,-0.0006374,-0.0016623
2025-02-24,-0.0002227,0.0006444,0.0025627
2025-02-25,-0.0006636,-0.0003261,0.0025588
2025-02-26,-0.0003781,0.0011030,-0.0014506
2025-02-27,-0.0002008,0.0012521,-0.0097583
2025-02-28,-0.0002170,-0.0005048,-0.0025035
2025-03-03,0.0009085,-0.0051801,0.0123880
2025-03-04,-0.0011977,-0.0012007,0.0044723
2025-03-05,0.0001942,-0.0022776,0.0117933
2025-03-06,0.0000839,0.0010334,-0.0018522
2025-03-07,0.0007338,-0.0040837,0.0074202
2025-03-10,0.0007498,0.0008642,-0.0077499
2025-03-11,-0.0001248,-0.0046624,0.0052462
2025-03-12,-0.0006743,0.0006941,-0.0007488
2025-03-13,0.0008396,0.0028212,-0.0052337
2025-03-14,-0.0012553,-0.0025583,0.0046834
2025-03-17,-0.0006070,-0.0026602,0.0030924
2025-03-18,0.0004921,-0.0013706,0.0012586
2025-03-19,0.0001607,0.0017334,-0.0023933
2025-03-20,-0.0004666,0.0018580,-0.0009242
2025-03-21,-0.0002475,-0.0003088,0.0012457
2025-03-24,-0.0004778,-0.0008854,0.0020087
2025-03-25,-0.0002219,-0.0016016,0.0027450
2025-03-26,-0.0003026,0.0030882,-0.0045777
2025-03-27,0.0002570,-0.0033372,0.0022218
2025-03-28,-0.0000415,-0.0001849,-0.0015470
2025-03-31,-0.0000799,0.0016052,-0.0031884
2025-04-01,0.0000122,-0.0018662,0.0032366
2025-04-02,0.0003125,-0.0055155,0.0063752
2025-04-03,0.0003570,0.0010391,0.0029177
2025-04-04,-0.0007909,0.0102559,-0.0198147
2025-04-07,-0.0002246,0.0004121,-0.0031778
2025-04-08,0.0000000,0.0002463,0.0016175
2025-04-09,0.0000000,0.0049509,-0.0016905
2025-04-10,0.0000000,-0.0033182,0.0074813
2025-04-11,0.0000000,-0.0026912,0.0068011
2025-04-14,0.0000000,0.0006645,-0.0003821
2025-04-15,0.0000000,0.0004294,-0.0048978
2025-04-16,0.0000000,0.0000040,0.0051214
2025-04-17,0.0000000,0.0009475,-0.0018092
2025-04-18,0.0000000,0.0002433,0.0004357
2025-04-21,0.0000000,0.0002186,0.0040858
2025-04-22,0.0000000,-0.0009981,-0.0022810
2025-04-23,0.0000000,-0.0000457,-0.0055445
2025-04-24,0.0000000,0.0017574,0.0037997
2025-04-25,0.0000000,0.0004353,-0.0032543
2025-04-28,0.0000000,0.0008181,0.0037659
2025-04-29,-0.0001853,-0.0003408,-0.0019063
2025-04-30,0.0000684,-0.0000343,-0.0019808
2025-05-01,-0.0002969,-0.0002475,-0.0025312
2025-05-02,0.0003749,0.0008637,0.0015267
2025-05-05,0.0000497,0.0001164,0.0002835
2025-05-06,0.0002731,0.0004803,0.0035426
2025-05-07,-0.0005047,0.0001146,-0.0035144
2025-05-08,-0.0003990,0.0000000,-0.0033776
2025-05-09,-0.0000312,0.0000000,0.0001998
2025-05-12,-0.0002903,0.0000000,-0.0048849
2025-05-13,0.0003723,0.0000000,0.0038161
2025-05-14,-0.0001588,0.0000000,-0.0015424
2025-05-15,-0.0000858,0.0000000,-0.0001387
2025-05-16,-0.0000159,0.0000000,-0.0001686
2025-05-19,0.0002052,0.0000000,0.0028749
2025-05-20,-0.0001240,0.0000000,0.0016578
2025-05-21,0.0000388,0.0000000,0.0020361
2025-05-22,-0.0000919,0.0000000,-0.0018376
2025-05-23,0.0003085,0.0000000,0.0038542
2025-05-26,-0.0000296,0.0000000,0.0004830
2025-05-27,-0.0000087,0.0000000,-0.0044473
2025-05-28,-0.0000586,0.0000000,-0.0018584
2025-05-29,-0.0000123,0.0000000,0.0037074
2025-05-30,-0.0003878,0.0000000,-0.0022801
2025-06-02,0.0002317,0.0000000,0.0039515
2025-06-03,-0.0000835,0.0000000,-0.0064150
2025-06-04,-0.0000131,0.0000000,0.0021878
2025-06-05,0.0000513,0.0000000,0.0015675
2025-06-06,-0.0001189,0.0000000,-0.0029929
2025-06-09,0.0000436,0.0000000,0.0028244
2025-06-10,-0.0002959,0.0000000,-0.0003219
2025-06-11,-0.0000590,0.0000000,0.0025463
2025-06-12,0.0003956,-0.0004239,0.0035524
2025-06-13,-0.0004725,0.0010726,-0.0014909
2025-06-16,0.0007645,-0.0003553,0.0003696
2025-06-17,-0.0010635,0.0018833,-0.0041406
2025-06-18,-0.0000644,-0.0002702,0.0007841
2025-06-19,-0.0001748,-0.0005458,-0.0006163
2025-06-20,0.0002483,-0.0012250,-0.0002321
2025-06-23,0.0002388,-0.0006752,0.0011710
2025-06-24,-0.0004406,-0.0005048,0.0006504
2025-06-25,0.0006080,-0.0012932,0.0016655
2025-06-26,0.0001988,-0.0016774,0.0023175
2025-06-27,0.0000823,-0.0008070,0.0013743
2025-06-30,0.0009564,-0.0019522,0.0019305
2025-07-01,-0.0002089,-0.0016071,0.0007979
2025-07-02,0.0005242,0.0001478,-0.0016428
2025-07-03,-0.0002323,-0.0006693,0.0010856
2025-07-04,-0.0002823,-0.0024630,0.0023183
2025-07-07,-0.0008994,0.0058396,-0.0073644
2025-07-08,0.0003107,-0.0002849,0.0006542
2025-07-09,-0.0000469,-0.0005275,0.0002922
2025-07-10,-0.0019843,0.0010987,-0.0018411
2025-07-11,0.0011194,-0.0007887,-0.0022940
2025-07-14,0.0005527,-0.0004356,-0.0005994
2025-07-15,-0.0006963,-0.0009570,-0.0041375
2025-07-16,-0.0000176,-0.0032286,0.0031123
2025-07-17,-0.0002432,-0.0002051,0.0021697
2025-07-18,0.0000220,0.0031761,-0.0052149
2025-07-21,0.0003498,0.0002033,0.0005368
2025-07-22,0.0003097,0.0009842,-0.0016876
2025-07-23,-0.0014806,-0.0019266,0.0026626
2025-07-24,-0.0002128,-0.0012563,0.0010669
2025-07-25,0.0006850,-0.0006744,0.0016982
2025-07-28,-0.0002159,0.0019649,-0.0110882
2025-07-29,-0.0000993,-0.0000775,-0.0067300
2025-07-30,0.0002857,-0.0005179,-0.0053440
2025-07-31,0.0004314,-0.0001393,0.0009567
2025-08-01,0.0001371,0.0017145,0.0008530
2025-08-04,-0.0004173,-0.0001169,0.0032818
2025-08-05,0.0000407,-0.0001270,0.0013273
2025-08-06,-0.0006206,0.0007748,-0.0055442
2025-08-07,-0.0003153,0.0003976,-0.0001995
2025-08-08,0.0000501,0.0003879,0.0019705
2025-08-11,0.0000117,0.0000000,-0.0029190
2025-08-12,-0.0001167,0.0000000,0.0017046
2025-08-13,-0.0001171,0.0000000,0.0014414
2025-08-14,0.0000466,0.0000000,-0.0043641
2025-08-15,0.0001902,0.0000000,0.0036836
2025-08-18,-0.0004695,0.0000000,-0.0017773
2025-08-19,0.0001513,0.0000000,0.0031441
2025-08-20,0.0004016,0.0000000,-0.0025575
2025-08-21,-0.0001218,0.0000000,-0.0076489
2025-08-22,0.0002683,0.0000000,0.0007147
2025-08-25,-0.0000347,0.0000000,-0.0082944
2025-08-26,-0.0000001,0.0000000,0.0031868
2025-08-27,-0.0000367,0.0000000,0.0007385
2025-08-28,-0.0001219,0.0000000,0.0001906
2025-08-29,-0.0001672,0.0000000,0.0014520
2025-09-01,0.0003416,0.0000000,0.0047924
2025-09-02,-0.0005296,0.0002501,-0.0028625
2025-09-03,0.0003047,-0.0004173,0.0013014
2025-09-04,-0.0001522,0.0005878,-0.0024285
2025-09-05,0.0000639,-0.0004820,0.0043706
2025-09-08,0.0000296,0.0000304,0.0028415
2025-09-09,-0.0004975,-0.0003753,-0.0013639
2025-09-10,0.0007734,-0.0010496,0.0005506
2025-09-11,0.0004814,-0.0004152,0.0063714
2025-09-12,0.0006425,0.0011850,0.0007064
2025-09-15,0.0000907,-0.0011878,0.0030433
2025-09-16,0.0002175,0.0003093,0.0030308
2025-09-17,-0.0004238,0.0015620,-0.0046599
2025-09-18,0.0010415,0.0022838,-0.0048378
2025-09-19,-0.0014227,0.0019672,-0.0053564
2025-09-22,0.0004241,-0.0005522,0.0050319
2025-09-23,0.0001489,-0.0010067,-0.0000851
2025-09-24,0.0013136,0.0007763,-0.0055941
2025-09-25,0.0000325,0.0018738,-0.0056715
2025-09-26,0.0000868,-0.0019916,0.0048253
2025-09-29,-0.0004907,0.0012335,-0.0021881
2025-09-30,-0.0004448,0.0003157,0.0006770
2025-10-01,-0.0016436,-0.0023862,0.0045297
2025-10-02,-0.0004298,0.0017298,-0.0034762
2025-10-03,-0.0001272,-0.0005867,0.0024477
2025-10-06,0.0001875,-0.0015289,-0.0000601
2025-10-07,-0.0003034,0.0006466,-0.0068950
2025-10-08,-0.0002961,-0.0002874,-0.0003635
2025-10-09,-0.0000777,0.0016026,-0.0067606
2025-10-10,0.0004448,-0.0007374,-0.0019875
2025-10-13,-0.0001925,0.0000000,0.0031027
2025-10-14,0.0002889,0.0000000,-0.0055810
2025-10-15,0.0002984,0.0000000,-0.0012177
2025-10-16,0.0003483,0.0000000,-0.0017538
2025-10-17,-0.0001891,0.0000000,0.0011194
2025-10-20,0.0001396,-0.0007132,0.0007140
2025-10-21,-0.0003940,0.0004598,-0.0009058
2025-10-23,0.0001673,-0.0012268,-0.0016188
2025-10-24,0.0000856,0.0005283,-0.0025013
2025-10-27,-0.0000594,-0.0003723,0.0019501
2025-10-28,-0.0002087,-0.0001726,0.0001015
2025-10-29,-0.0007247,0.0009950,-0.0036689
2025-10-30,0.0003332,0.0002129,-0.0010378
2025-10-31,-0.0002429,0.0004674,-0.0010274
2025-11-03,-0.0001584,0.0003606,0.0009085
2025-11-04,0.0000975,-0.0001279,0.0007962
2025-11-05,-0.0001237,0.0002580,-0.0001129
2025-11-06,-0.0011416,0.0008661,-0.0024333
2025-11-07,0.0000707,0.0007542,-0.0039472
2025-11-10,0.0005712,-0.0006445,-0.0025226
2025-11-11,-0.0004653,0.0010979,-0.0043714
2025-11-12,0.0000293,-0.0001802,-0.0003937
2025-11-13,-0.0006790,0.0001119,-0.0027395
2025-11-14,-0.0002076,-0.0001625,0.0017781
2025-11-17,-0.0004350,0.0005302,-0.0008681
2025-11-18,-0.0000661,-0.0008071,0.0009679
2025-11-19,0.0003720,-0.0012341,0.0034862
2025-11-20,0.0002122,0.0002226,-0.0000605
2025-11-21,-0.0007087,0.0004522,-0.0002681
2025-11-24,0.0003781,-0.0004493,-0.0000754
2025-11-25,-0.0001013,-0.0000837,0.0006337
2025-11-26,0.0006443,-0.0002370,-0.0024945
2025-11-27,-0.0001292,-0.0004338,-0.0016986
2025-11-28,-0.0001171,-0.0008360,-0.0030847
2025-12-01,-0.0004609,0.0003677,0.0014733
2025-12-02,0.0002974,-0.0000828,0.0008114
2025-12-03,0.0003167,0.0000470,-0.0007701
2025-12-04,-0.0001953,0.0013871,-0.0065720
2025-12-05,0.0004110,-0.0016113,0.0042272
2025-12-08,0.0001957,0.0007596,-0.0062433
2025-12-09,0.0009747,0.0000000,0.0044336
2025-12-10,0.0002311,0.0000000,0.0061070
2025-12-11,-0.0014559,-0.0000587,0.0013204
2025-12-12,-0.0004235,0.0008898,-0.0001430
2025-12-15,-0.0012712,0.0008861,-0.0009718
2025-12-16,-0.0006771,-0.0002443,0.0004883
2025-12-17,-0.0003667,-0.0004926,-0.0040406
2025-12-18,0.0001010,-0.0003047,0.0012607
2025-12-19,0.0001616,-0.0006079,-0.0007099
2025-12-22,0.0002927,-0.0003436,-0.0000218
2025-12-23,0.0004610,-0.0018173,0.0015317
2025-12-24,-0.0001148,0.0001325,0.0008574
2025-12-25,-0.0000840,-0.0000837,-0.0017843
2025-12-26,0.0002571,-0.0001804,-0.0010882
2025-12-29,-0.0004283,0.0011317,-0.0039860
2025-12-30,0.0000106,0.0001470,-0.0012373
2025-12-31,-0.0003560,0.0002516,0.0012157
2026-01-02,0.0002668,0.0000000,-0.0011812
2026-01-05,0.0005506,0.0000000,0.0003374
2026-01-06,-0.0000653,0.0000000,-0.0030072
2026-01-07,-0.0003974,0.0000000,-0.0010152
2026-01-08,-0.0002048,0.0000000,-0.0036666
2026-01-09,0.0001633,0.0000000,-0.0007905
2026-01-12,0.0004644,0.0000000,0.0021763
2026-01-13,0.0000818,0.0000000,-0.0042808
2026-01-14,-0.0002806,0.0000000,0.0021201
2026-01-15,-0.0001784,0.0000000,-0.0022113
2026-01-16,-0.0003403,0.0000000,0.0000538
2026-01-19,0.0002634,0.0000000,-0.0016030
2026-01-20,-0.0003181,-0.0000051,-0.0013365
2026-01-21,0.0001680,0.0007383,0.0048784
2026-01-22,0.0009095,-0.0001096,0.0000907
2026-01-23,-0.0008701,0.0000000,0.0030375
2026-01-26,-0.0006215,0.0000000,-0.0005454
2026-01-27,-0.0000252,0.0000000,0.0198148
2026-01-28,0.0000000,0.0000000,-0.0059523
2026-01-29,0.0000000,0.0000000,0.0029269
2026-01-30,0.0000000,0.0000000,-0.0112457
2026-02-02,0.0000000,0.0000000,-0.0058690
2026-02-03,0.0000000,0.0000000,0.0050024
2026-02-04,0.0000000,0.0000000,-0.0037597
2026-02-05,0.0000000,0.0000000,-0.0073671
2026-02-06,0.0000000,0.0000000,0.0073955
2026-02-09,0.0000000,0.0000000,0.0080324
2026-02-10,0.0000000,0.0000000,0.0016437
2026-02-11,0.0000000,0.0000000,-0.0006944
2026-02-12,0.0000000,0.0000000,-0.0030313
2026-02-13,0.0000000,0.0000000,0.0025094
2026-02-16,0.0000000,0.0000000,-0.0020369
2026-02-17,0.0000000,0.0000000,-0.0028020
2026-02-18,0.0000000,0.0000000,-0.0045191
2026-02-19,0.0000000,0.0000000,-0.0032148
2026-02-20,0.0000000,0.0000000,0.0000825
2026-02-23,0.0000000,0.0000000,-0.0011047
2026-02-24,0.0000000,0.0000000,0.0007704
2026-02-25,0.0000000,0.0000000,0.0039763
2026-02-26,0.0000000,0.0000000,-0.0017525
2026-02-27,0.0000000,0.0000000,0.0014154
2026-03-02,0.0000000,0.0000000,-0.0098427
2026-03-03,0.0000000,-0.0045516,-0.0040332
2026-03-04,0.0000000,0.0018636,-0.0045802
2026-03-05,0.0000000,-0.0012668,0.0023110
2026-03-06,0.0000000,0.0020375,0.0016481
2026-03-09,0.0000000,0.0009264,-0.0053352
2026-03-10,0.0000000,-0.0019264,0.0005696
2026-03-11,0.0000000,-0.0001723,0.0012413
2026-03-12,0.0000000,-0.0023947,0.0068942
2026-03-13,0.0000000,-0.0028237,0.0060267
2026-03-16,-0.0001515,0.0024534,-0.0061206
2026-03-17,-0.0000202,0.0007971,-0.0008118
2026-03-18,0.0001932,-0.0000819,0.0079844
2026-03-19,-0.0005239,0.0000000,-0.0060081
2026-03-20,0.0003769,0.0000000,0.0011274
2026-03-23,-0.0002134,0.0000000,-0.0119777
2026-03-24,0.0000622,0.0000000,0.0039597
2026-03-25,0.0001805,0.0000000,0.0008936
2026-03-26,0.0000700,0.0000000,0.0023410
2026-03-27,0.0001380,0.0000000,0.0028539
2026-03-30,0.0000639,0.0000000,0.0026795
2026-03-31,-0.0002531,0.0000000,-0.0068489
2026-04-01,-0.0002375,0.0000000,-0.0029170
2026-04-02,0.0004572,0.0000000,0.0011839
2026-04-03,0.0004761,0.0000000,-0.0004232
2026-04-06,-0.0005094,0.0000000,-0.0002749
2026-04-07,-0.0001723,0.0000000,-0.0011247
2026-04-08,-0.0014152,0.0000000,-0.0057945
2026-04-09,-0.0005438,0.0000000,-0.0025482
2026-04-10,0.0001666,0.0000000,0.0003323
2026-04-13,-0.0001239,0.0000000,0.0052070
2026-04-14,-0.0000113,0.0000000,-0.0005134
2026-04-15,0.0001093,0.0000000,0.0013594
2026-04-16,-0.0004955,0.0000000,-0.0006722
2026-04-17,-0.0001761,0.0000000,0.0027775
2026-04-20,-0.0001806,0.0000000,0.0013529
2026-04-21,-0.0002817,0.0000000,-0.0040288
2026-04-22,0.0000679,0.0000000,-0.0010437
2026-04-23,-0.0001142,0.0000000,-0.0030043
2026-04-24,0.0000178,0.0000000,0.0029273
2026-04-27,0.0001033,0.0000000,-0.0002981
2026-04-28,0.0001432,0.0000000,-0.0014914
2026-04-29,-0.0003433,0.0000000,-0.0038032
2026-04-30,-0.0005779,0.0000000,0.0044616
2026-05-01,-0.0000226,0.0000000,0.0012959
2026-05-04,-0.0000697,0.0000000,-0.0037111
2026-05-05,0.0000708,0.0000000,0.0033151
2026-05-06,0.0004148,0.0000000,0.0027813
2026-05-07,-0.0000889,0.0000000,-0.0005951
2026-05-08,0.0002884,0.0000000,0.0055544
2026-05-11,0.0000350,0.0000000,-0.0008907
2026-05-12,-0.0000059,0.0000000,-0.0035412
2026-05-13,-0.0000215,0.0000000,-0.0005570
2026-05-14,0.0000720,0.0000000,-0.0023939
2026-05-15,-0.0005994,0.0000000,-0.0051235
2026-05-18,-0.0003108,0.0000000,0.0024376
2026-05-19,-0.0005071,0.0000000,-0.0025070
2026-05-20,0.0001669,0.0000000,0.0010090
2026-05-21,-0.0000287,0.0000000,0.0013077
2026-05-22,-0.0000385,0.0000000,-0.0004016
2026-05-25,0.0001065,0.0000000,0.0010395
2026-05-26,-0.0002318,0.0000000,-0.0003825
2026-05-27,-0.0001237,0.0000000,-0.0000075
2026-05-28,0.0001331,0.0000000,0.0018129
2026-05-29,0.0003040,0.0000000,-0.0005856
2026-06-01,-0.0004894,0.0000000,-0.0046735
2026-06-02,-0.0000932,0.0000000,-0.0001256
2026-06-03,-0.0002959,0.0000000,-0.0058057
2026-06-04,0.0000338,0.0000000,0.0020419
2026-06-05,0.0000000,0.0000000,-0.0026663
2026-06-08,0.0000000,0.0000000,-0.0019989
2026-06-09,0.0000000,0.0000000,0.0005465
2026-06-10,0.0000000,0.0000000,0.0009733
2026-06-11,-0.0001960,0.0000000,-0.0022872
2026-06-12,0.0000934,0.0000000,0.0019752
2026-06-15,0.0000358,0.0000000,0.0009247
2026-06-16,0.0000316,0.0000000,-0.0039030
2026-06-17,0.0000659,0.0000000,0.0080626
2026-06-18,0.0002408,0.0000000,0.0077982
2026-06-19,-0.0000394,0.0000000,-0.0024969
2026-06-22,0.0000908,0.0000000,0.0028092
2026-06-23,-0.0000023,0.0000000,0.0062969
2026-06-24,0.0001074,0.0000000,0.0024104
2026-06-25,0.0000809,0.0000000,-0.0001168
2026-06-26,0.0001257,0.0000000,0.0009641
2026-06-29,-0.0000825,0.0000000,0.0003982
2026-06-30,-0.0002290,0.0000000,-0.0002306
2026-07-01,-0.0001677,0.0000000,0.0003324
2026-07-02,-0.0006041,0.0000000,-0.0049697
2026-07-03,-0.0002228,0.0000000,-0.0016107
2026-07-06,0.0004440,0.0000000,-0.0029856
2026-07-07,0.0002727,0.0000000,0.0045294
2026-07-08,-0.0001346,0.0000000,-0.0006240
2026-07-09,-0.0008893,0.0000000,0.0002635
2026-07-10,0.0000798,0.0000000,0.0000637
2026-07-13,0.0000000,0.0000000,0.0054075
2026-07-14,0.0000000,0.0000000,-0.0074947
2026-07-15,0.0000000,0.0000000,-0.0054074
2026-07-16,0.0000000,0.0000000,0.0051971
2026-07-17,-0.0001178,0.0000000,0.0002591
2026-07-20,0.0001369,0.0000000,0.0014197
2026-07-21,0.0000345,0.0000000,-0.0010049
2026-07-22,0.0000745,0.0000000,-0.0013165
2026-07-23,-0.0003183,0.0000000,0.0040887
2026-07-24,0.0002549,0.0000000,-0.0061924
2026-07-27,-0.0000660,0.0000000,-0.0003144
2026-07-28,0.0001119,0.0000000,-0.0015887
2026-07-29,-0.0003306,0.0000000,-0.0024261
2026-07-30,0.0002516,0.0000000,-0.0088866
2026-07-31,0.0002370,-0.0000363,0.0017806
2026-08-03,0.0000459,0.0004595,-0.0008043
2026-08-04,0.0001399,-0.0010249,-0.0062615
2026-08-05,-0.0002180,-0.0000374,0.0011577
2026-08-06,0.0001855,0.0003583,-0.0002717
2026-08-07,-0.0001183,-0.0007085,-0.0005079
2026-08-10,0.0001156,0.0002834,0.0011975
2026-08-11,0.0000070,-0.0000371,-0.0003307
2026-08-12,-0.0000232,0.0003563,-0.0026308
2026-08-13,-0.0000569,-0.0000549,-0.0009295
2026-08-14,0.0001108,0.0000000,0.0028991
2026-08-17,0.0000149,0.0000000,0.0018526
2026-08-18,-0.0001026,0.0000000,0.0012977
2026-08-19,-0.0005932,0.0000000,0.0032901
2026-08-20,0.0000862,0.0000000,0.0002647
2026-08-21,0.0000459,0.0000000,-0.0000835
2026-08-24,-0.0000537,0.0000000,-0.0009514
2026-08-25,0.0000775,0.0000000,-0.0006419
2026-08-26,-0.0002644,0.0000000,-0.0018593
2026-08-27,-0.0000094,0.0000000,0.0012647
2026-08-28,-0.0002817,0.0000000,-0.0041809
2026-08-31,0.0000634,0.0000000,0.0019585
2026-09-01,-0.0001636,0.0000000,-0.0006370
2026-09-02,-0.0001524,0.0000000,-0.0001617
2026-09-03,-0.0000053,0.0000000,-0.0031737
2026-09-04,0.0000000,0.0000000,-0.0012175
2026-09-07,0.0000000,0.0000000,0.0021766
2026-09-08,0.0000000,0.0000000,0.0014076
2026-09-09,0.0000000,0.0000000,0.0006701
2026-09-10,-0.0003291,0.0000000,-0.0045932
2026-09-11,0.0003623,0.0000000,-0.0007596
2026-09-14,-0.0001736,0.0000000,-0.0017075
2026-09-15,0.0000129,0.0000000,-0.0002195
2026-09-16,0.0001327,0.0000000,-0.0022348
2026-09-17,-0.0000297,0.0000000,-0.0044887
2026-09-18,0.0000494,0.0000000,0.0015495
2026-09-21,-0.0004463,0.0000000,-0.0036633
2026-09-22,-0.0005400,0.0000000,0.0011240
2026-09-23,-0.0004317,0.0000000,0.0090627
2026-09-24,0.0000151,0.0000000,0.0002128
