tday,N1,N2,N3
2017-01-03,0.0079201,0.0023998,0.0000000
2017-01-04,0.0033331,0.0013160,0.0000000
2017-01-05,0.0079682,0.0051198,0.0000000
2017-01-06,-0.0039354,-0.0020518,0.0000000
2017-01-09,0.0040202,0.0003277,0.0000000
2017-01-10,0.0048669,0.0011112,0.0000000
2017-01-11,0.0005453,0.0007818,0.0000000
2017-01-12,0.0017436,0.0031252,0.0000000
2017-01-13,0.0012134,0.0003968,0.0000000
2017-01-16,0.0017628,0.0021442,0.0000000
2017-01-17,0.0092126,0.0028089,0.0000000
2017-01-18,-0.0056448,-0.0013065,0.0000000
2017-01-19,-0.0007174,-0.0006874,0.0000000
2017-01-20,0.0024461,0.0009547,0.0000000
2017-01-23,0.0044597,0.0016692,0.0000000
2017-01-24,-0.0045007,-0.0009650,0.0000000
2017-01-25,-0.0041368,-0.0020455,0.0000000
2017-01-26,-0.0062911,-0.0015572,0.0000000
2017-01-27,0.0052863,-0.0023608,0.0000000
2017-01-30,0.0009058,0.0003015,0.0000000
2017-01-31,0.0102665,0.0013183,0.0000000
2017-02-01,-0.0003543,-0.0010862,0.0000000
2017-02-02,0.0010076,0.0013004,0.0000000
2017-02-03,0.0019031,-0.0006148,0.0000000
2017-02-06,0.0072530,0.0008910,0.0000000
2017-02-07,-0.0008452,-0.0005480,0.0000000
2017-02-08,0.0037739,-0.0010118,0.0000000
2017-02-09,-0.0065249,-0.0006533,0.0000000
2017-02-10,0.0060834,-0.0015990,0.0000000
2017-02-13,-0.0047666,-0.0002616,0.0000000
2017-02-14,0.0025881,0.0014304,0.0000000
2017-02-15,0.0024016,-0.0008720,0.0000000
2017-02-16,0.0038044,-0.0002728,0.0000000
2017-02-17,-0.0033665,-0.0007915,0.0000000
2017-02-20,0.0020583,-0.0005590,0.0000000
2017-02-21,-0.0021422,-0.0010751,0.0000000
2017-02-22,0.0013177,-0.0004847,0.0000000
2017-02-23,0.0068793,-0.0004906,0.0000000
2017-02-24,0.0053435,0.0013897,0.0000000
2017-02-27,-0.0031011,0.0001365,0.0000000
2017-02-28,-0.0012258,0.0004152,0.0000000
2017-03-01,0.0017422,-0.0017859,0.0000000
2017-03-02,-0.0150798,-0.0020403,0.0000000
2017-03-03,0.0029377,-0.0008877,0.0000000
2017-03-06,-0.0064007,-0.0009156,0.0000000
2017-03-07,-0.0076490,-0.0001504,0.0000000
2017-03-08,-0.0065584,0.0004444,0.0000000
2017-03-09,-0.0070986,-0.0008091,0.0000000
2017-03-10,0.0026778,-0.0012364,0.0000000
2017-03-13,-0.0008364,0.0011067,0.0000000
2017-03-14,0.0001397,-0.0003541,0.0000000
2017-03-15,-0.0007337,0.0013489,0.0000000
2017-03-16,-0.0030391,0.0025771,0.0000000
2017-03-17,0.0001891,0.0001521,0.0000000
2017-03-20,-0.0015717,0.0016412,0.0000000
2017-03-21,-0.0023004,-0.0021955,0.0000000
2017-03-22,-0.0018031,0.0002234,0.0000000
2017-03-23,0.0019241,-0.0010842,0.0000000
2017-03-24,0.0036675,-0.0010723,0.0000000
2017-03-27,0.0006126,0.0033725,0.0000000
2017-03-28,0.0026329,-0.0003134,0.0000000
2017-03-29,0.0001627,-0.0010706,0.0000000
2017-03-30,0.0018648,-0.0013475,0.0000000
2017-03-31,-0.0001513,-0.0005717,0.0000000
2017-04-03,0.0016851,-0.0004496,0.0000000
2017-04-04,0.0018259,0.0004087,0.0000000
2017-04-05,-0.0003867,-0.0005498,0.0000000
2017-04-06,-0.0022059,-0.0009566,0.0000000
2017-04-07,-0.0033980,0.0053705,0.0000000
2017-04-10,-0.0009971,-0.0001008,0.0000000
2017-04-11,0.0143791,0.0008305,0.0000000
2017-04-12,0.0070742,-0.0000409,0.0000000
2017-04-13,0.0005122,-0.0004942,0.0000000
2017-04-17,-0.0027005,0.0003527,0.0000000
2017-04-18,-0.0000448,-0.0004509,0.0000000
2017-04-19,-0.0061675,-0.0019915,0.0000000
2017-04-20,-0.0010407,-0.0001929,0.0000000
2017-04-21,-0.0008743,-0.0007364,0.0000000
2017-04-24,-0.0032601,0.0015411,0.0000000
2017-04-25,-0.0105923,-0.0015773,0.0000000
2017-04-26,0.0002783,-0.0003585,0.0000000
2017-04-27,-0.0060722,-0.0007796,0.0000000
2017-04-28,0.0004175,0.0003187,0.0000000
2017-05-01,-0.0110412,-0.0022435,0.0000000
2017-05-02,-0.0000617,-0.0002180,-0.0008135
2017-05-03,-0.0147352,-0.0005170,0.0010108
2017-05-04,-0.0067480,-0.0013374,0.0012945
2017-05-05,0.0003947,0.0021149,0.0001199
2017-05-08,0.0000663,0.0017727,-0.0010204
2017-05-09,0.0025895,0.0002612,0.0011296
2017-05-10,0.0007670,0.0001409,0.0009479
2017-05-11,-0.0053408,0.0008268,0.0003103
2017-05-12,-0.0036020,0.0005858,0.0005217
2017-05-15,-0.0041350,0.0007442,0.0020883
2017-05-16,-0.0064874,0.0009567,0.0010171
2017-05-17,-0.0111443,0.0022109,-0.0091035
2017-05-18,0.0110398,-0.0008178,-0.0007150
2017-05-19,-0.0083669,0.0011454,0.0016708
2017-05-22,-0.0068063,-0.0010036,0.0032071
2017-05-23,0.0050707,0.0007983,0.0016888
2017-05-24,-0.0056129,-0.0009684,-0.0002222
2017-05-25,0.0022654,0.0003938,-0.0000779
2017-05-26,-0.0072422,0.0011155,-0.0014359
2017-05-29,0.0009828,-0.0004094,0.0010866
2017-05-30,-0.0019299,0.0002836,-0.0000435
2017-05-31,0.0008305,-0.0006239,0.0000000
2017-06-01,-0.0017409,-0.0008472,0.0000000
2017-06-02,0.0094067,-0.0020540,0.0000000
2017-06-05,0.0000883,0.0003917,0.0000000
2017-06-06,0.0080607,0.0026440,0.0000000
2017-06-07,-0.0045739,-0.0011154,0.0000000
2017-06-08,-0.0060908,0.0006529,0.0000000
2017-06-09,-0.0088935,-0.0016947,0.0000000
2017-06-12,-0.0046369,0.0002457,0.0000000
2017-06-13,-0.0023579,0.0001246,0.0000000
2017-06-14,-0.0008701,0.0010236,0.0000000
2017-06-15,-0.0056857,0.0009295,0.0000000
2017-06-16,-0.0011738,-0.0004028,0.0000000
2017-06-19,0.0071229,-0.0007918,0.0000000
2017-06-20,0.0006640,0.0008223,0.0000000
2017-06-21,-0.0011920,0.0009748,0.0000000
2017-06-22,-0.0037540,0.0029677,0.0000000
2017-06-23,-0.0051191,0.0007921,0.0000000
2017-06-26,0.0063709,-0.0008287,0.0000000
2017-06-27,-0.0023290,0.0001835,0.0000000
2017-06-28,-0.0033060,0.0016803,0.0000000
2017-06-29,0.0046205,0.0012440,0.0000000
2017-06-30,0.0014700,-0.0005049,0.0000000
2017-07-03,0.0175855,-0.0020222,0.0000000
2017-07-04,-0.0005822,0.0009946,0.0000000
2017-07-05,-0.0014752,0.0005008,0.0000000
2017-07-06,0.0013943,-0.0006576,0.0000000
2017-07-07,0.0139324,-0.0018380,0.0000000
2017-07-10,-0.0020421,-0.0009751,0.0000000
2017-07-11,-0.0050530,-0.0012823,0.0000000
2017-07-12,-0.0021078,0.0012301,0.0000000
2017-07-13,0.0049722,0.0013112,0.0000000
2017-07-14,-0.0099549,0.0001007,0.0000000
2017-07-17,-0.0044677,0.0009224,0.0000000
2017-07-18,-0.0064233,0.0015743,0.0000000
2017-07-19,0.0005107,-0.0013523,0.0000000
2017-07-20,-0.0022838,-0.0012342,0.0000000
2017-07-21,-0.0071708,0.0006297,0.0000000
2017-07-24,-0.0003127,-0.0003754,0.0000000
2017-07-25,0.0020715,0.0005236,0.0000000
2017-07-26,-0.0072213,-0.0018753,0.0000000
2017-07-27,0.0017967,0.0010097,0.0000000
2017-07-28,-0.0073090,0.0000868,0.0000000
2017-07-31,-0.0016741,-0.0003374,0.0000000
2017-08-01,0.0023032,0.0000183,0.0000000
2017-08-02,0.0030788,-0.0012680,0.0000000
2017-08-03,-0.0021849,-0.0015819,0.0000000
2017-08-04,0.0111915,0.0001793,0.0000000
2017-08-07,0.0000073,-0.0005040,0.0000000
2017-08-08,-0.0047357,0.0010350,0.0000000
2017-08-09,-0.0152496,0.0014102,0.0000000
2017-08-10,-0.0068623,0.0004635,0.0000000
2017-08-11,-0.0010496,-0.0006846,0.0000000
2017-08-14,0.0031934,-0.0015107,0.0000000
2017-08-15,0.0122609,-0.0034385,0.0000000
2017-08-16,-0.0133159,0.0004279,0.0000000
2017-08-17,-0.0009144,0.0014961,0.0000000
2017-08-18,0.0031335,-0.0002373,0.0000000
2017-08-21,-0.0045659,0.0003215,0.0000000
2017-08-22,0.0032740,-0.0013291,0.0000000
2017-08-23,-0.0040820,0.0001088,0.0000000
2017-08-24,0.0034722,-0.0003445,0.0000000
2017-08-25,-0.0033475,0.0003386,0.0000000
2017-08-28,-0.0142673,0.0006839,0.0000000
2017-08-29,0.0008316,0.0000510,0.0000000
2017-08-30,-0.0002266,0.0002487,0.0000000
2017-08-31,-0.0076877,-0.0024734,0.0000000
2017-09-01,-0.0038835,-0.0011326,0.0000000
2017-09-04,-0.0065360,0.0002355,0.0000000
2017-09-05,0.0021997,0.0008719,0.0000000
2017-09-06,-0.0022831,-0.0004170,0.0000000
2017-09-07,0.0023319,0.0007919,0.0000000
2017-09-08,0.0012743,0.0023411,0.0000000
2017-09-11,0.0006380,0.0008974,0.0000000
2017-09-12,-0.0033962,-0.0009647,0.0000000
2017-09-13,0.0057643,-0.0011928,0.0000000
2017-09-14,-0.0034103,-0.0011062,0.0000000
2017-09-15,0.0071575,0.0006484,0.0000000
2017-09-18,0.0007493,-0.0006414,0.0000000
2017-09-19,-0.0001927,-0.0002473,0.0000000
2017-09-20,-0.0015723,0.0009844,0.0000000
2017-09-21,-0.0007193,-0.0013354,0.0000000
2017-09-22,0.0018262,0.0022555,0.0000000
2017-09-25,-0.0079170,-0.0018115,0.0000000
2017-09-26,0.0123986,0.0003281,0.0000000
2017-09-27,0.0047466,0.0002348,0.0000000
2017-09-28,-0.0035738,-0.0015874,0.0000000
2017-09-29,0.0065354,-0.0010377,0.0000000
2017-10-02,0.0042989,-0.0022163,0.0000000
2017-10-03,-0.0013492,-0.0005025,0.0000000
2017-10-04,-0.0001461,0.0017270,0.0000000
2017-10-05,0.0020462,-0.0002049,0.0000000
2017-10-06,-0.0071173,-0.0003362,0.0000000
2017-10-09,0.0007415,0.0031988,0.0000000
2017-10-10,-0.0011388,0.0009558,0.0000000
2017-10-11,0.0008104,0.0000573,0.0000000
2017-10-12,-0.0009508,0.0015684,0.0000000
2017-10-13,0.0010194,0.0009088,0.0000000
2017-10-16,-0.0002210,-0.0004758,0.0000000
2017-10-17,-0.0009138,-0.0014517,0.0000000
2017-10-18,-0.0008841,-0.0003359,0.0000000
2017-10-19,-0.0009435,-0.0013024,0.0000000
2017-10-20,0.0001253,-0.0023267,0.0000000
2017-10-23,-0.0004514,-0.0006853,0.0000000
2017-10-24,0.0000341,-0.0004249,0.0000000
2017-10-25,0.0002572,-0.0010484,0.0000000
2017-10-26,-0.0015302,0.0012427,0.0000000
2017-10-27,0.0015282,-0.0001577,0.0000000
2017-10-30,-0.0016846,-0.0005653,0.0000000
2017-10-31,0.0037916,-0.0000905,0.0000000
2017-11-01,-0.0084180,0.0004607,0.0000000
2017-11-02,-0.0004072,0.0014110,0.0000000
2017-11-03,0.0072057,0.0001704,0.0000000
2017-11-06,-0.0113665,-0.0007310,0.0000000
2017-11-07,0.0067234,-0.0011727,0.0000000
2017-11-08,-0.0038087,0.0002569,0.0000000
2017-11-09,-0.0009474,0.0005370,0.0000000
2017-11-10,0.0057697,0.0001611,0.0000000
2017-11-13,-0.0019637,0.0006438,0.0000000
2017-11-14,0.0012577,-0.0007929,0.0000000
2017-11-15,-0.0005522,0.0002503,0.0000000
2017-11-16,-0.0015288,-0.0002792,0.0000000
2017-11-17,0.0021823,0.0014941,0.0000000
2017-11-20,-0.0135326,-0.0006522,0.0000000
2017-11-21,0.0022711,0.0011015,0.0000000
2017-11-22,0.0076539,0.0005840,0.0000000
2017-11-23,-0.0013576,-0.0008782,0.0000000
2017-11-24,-0.0020580,-0.0003614,0.0000000
2017-11-27,0.0021865,0.0006233,0.0000000
2017-11-28,-0.0035805,-0.0003530,0.0000000
2017-11-29,-0.0101812,0.0006787,0.0000000
2017-11-30,-0.0052260,-0.0001166,0.0009460
2017-12-01,0.0018640,0.0003876,-0.0024699
2017-12-04,-0.0037761,0.0007511,-0.0004091
2017-12-05,-0.0002507,-0.0004026,0.0000494
2017-12-06,0.0015820,0.0005419,-0.0017793
2017-12-07,-0.0022250,-0.0023104,0.0020273
2017-12-08,-0.0020390,0.0005064,0.0018421
2017-12-11,-0.0000155,0.0006087,-0.0001799
2017-12-12,0.0004630,0.0015362,-0.0006645
2017-12-13,-0.0021798,-0.0003353,0.0019813
2017-12-14,0.0023287,0.0006434,-0.0025282
2017-12-15,-0.0020558,0.0007692,0.0018594
2017-12-18,0.0010390,0.0007618,-0.0012358
2017-12-19,-0.0002682,0.0007119,0.0000668
2017-12-20,0.0004904,0.0005980,-0.0007045
2017-12-21,0.0014995,-0.0001221,-0.0017092
2017-12-22,-0.0008976,0.0000564,0.0006882
2017-12-26,0.0080884,0.0015899,-0.0003451
2017-12-27,0.0045324,-0.0003544,0.0007868
2017-12-28,0.0064662,0.0014312,-0.0003055
2017-12-29,0.0041562,0.0005108,-0.0005379
2018-01-02,0.0111949,0.0030383,0.0000000
2018-01-03,-0.0028594,-0.0019228,0.0000000
2018-01-04,0.0055660,-0.0012907,0.0000000
2018-01-05,-0.0020010,-0.0018893,0.0000000
2018-01-08,-0.0007854,-0.0007803,0.0000000
2018-01-09,-0.0062406,-0.0010616,0.0000000
2018-01-10,0.0017459,-0.0007922,0.0000000
2018-01-11,0.0024469,0.0006065,0.0000000
2018-01-12,0.0104600,0.0026845,0.0000000
2018-01-15,0.0033970,0.0016924,0.0000000
2018-01-16,-0.0036931,0.0000217,0.0000000
2018-01-17,-0.0085344,-0.0022323,0.0000000
2018-01-18,-0.0008405,0.0002755,0.0000000
2018-01-19,0.0028355,0.0022377,0.0000000
2018-01-22,0.0010897,-0.0026390,0.0000000
2018-01-23,0.0035500,0.0013104,0.0000000
2018-01-24,0.0161262,0.0008163,0.0000000
2018-01-25,-0.0082988,0.0021472,0.0000000
2018-01-26,0.0018907,0.0027628,0.0000000
2018-01-29,-0.0075597,-0.0007194,0.0000000
2018-01-30,-0.0012402,-0.0025471,0.0000000
2018-01-31,0.0060661,0.0021391,0.0000000
2018-02-01,-0.0006702,-0.0012564,0.0000000
2018-02-02,-0.0191108,-0.0006248,0.0000000
2018-02-05,0.0016988,-0.0002490,-0.0010207
2018-02-06,-0.0042964,0.0020140,0.0041040
2018-02-07,0.0020083,0.0021527,-0.0021990
2018-02-08,-0.0006833,-0.0028968,0.0004944
2018-02-09,0.0000210,0.0002878,-0.0002087
2018-02-12,-0.0008503,0.0035051,0.0006627
2018-02-13,0.0020118,0.0010656,-0.0021996
2018-02-14,0.0033943,0.0017220,-0.0035880
2018-02-15,0.0009538,0.0008571,-0.0011458
2018-02-16,0.0010460,0.0013495,-0.0012359
2018-02-19,-0.0005594,0.0001847,0.0003680
2018-02-20,-0.0031393,-0.0027221,0.0029488
2018-02-21,-0.0027646,-0.0004964,0.0025744
2018-02-22,0.0008482,-0.0012162,-0.0010332
2018-02-23,0.0002730,-0.0018915,-0.0004584
2018-02-26,-0.0053467,0.0045202,0.0005786
2018-02-27,0.0097622,0.0000309,0.0015848
2018-02-28,0.0003181,0.0002314,-0.0003341
2018-03-01,-0.0007795,-0.0020235,0.0014642
2018-03-02,-0.0026170,-0.0000584,-0.0018161
2018-03-05,-0.0008924,0.0006412,-0.0000290
2018-03-06,-0.0003953,0.0008380,0.0000000
2018-03-07,0.0008356,-0.0019680,0.0000000
2018-03-08,-0.0013316,0.0009918,0.0000000
2018-03-09,-0.0010389,-0.0011249,0.0000000
2018-03-12,0.0006308,-0.0006004,0.0000000
2018-03-13,0.0004720,-0.0010826,0.0000000
2018-03-14,-0.0002323,0.0009521,0.0000000
2018-03-15,-0.0010241,0.0005759,0.0000000
2018-03-16,0.0004214,0.0002662,0.0000000
2018-03-19,0.0011522,-0.0016859,0.0000000
2018-03-20,-0.0000147,-0.0008053,0.0000000
2018-03-21,0.0012715,0.0008854,0.0000000
2018-03-22,0.0019004,-0.0015398,0.0000000
2018-03-23,0.0037578,0.0032131,0.0000000
2018-03-26,-0.0004540,-0.0009820,0.0000000
2018-03-27,-0.0000991,-0.0003726,0.0000000
2018-03-28,-0.0032529,-0.0012092,0.0000000
2018-03-29,-0.0013692,0.0010827,0.0000000
2018-04-02,0.0019786,0.0009515,0.0000000
2018-04-03,-0.0002293,-0.0006706,0.0000000
2018-04-04,0.0018009,0.0006090,0.0000000
2018-04-05,-0.0036919,-0.0014223,0.0000000
2018-04-06,0.0025400,0.0003276,0.0000000
2018-04-09,-0.0011178,-0.0006375,0.0000000
2018-04-10,-0.0003559,-0.0014553,0.0000000
2018-04-11,0.0030150,0.0008982,0.0000000
2018-04-12,-0.0027622,-0.0008219,0.0000000
2018-04-13,0.0004533,0.0008346,0.0000000
2018-04-16,-0.0005328,0.0000004,0.0000000
2018-04-17,-0.0014211,-0.0000691,0.0000000
2018-04-18,-0.0064039,-0.0015107,0.0000000
2018-04-19,-0.0022583,0.0006730,0.0000000
2018-04-20,-0.0007623,-0.0009132,0.0000000
2018-04-23,-0.0126181,-0.0002438,0.0000000
2018-04-24,0.0035516,0.0006417,0.0000000
2018-04-25,-0.0053826,-0.0012777,0.0000000
2018-04-26,-0.0030275,0.0006717,0.0000000
2018-04-27,0.0016272,-0.0000527,0.0000000
2018-04-30,-0.0005283,-0.0001970,0.0000000
2018-05-01,-0.0009687,-0.0012903,0.0000000
2018-05-02,-0.0037464,0.0014381,0.0000000
2018-05-03,0.0013397,0.0013798,0.0000000
2018-05-04,-0.0008391,0.0001524,0.0000000
2018-05-07,0.0005847,-0.0001434,0.0000000
2018-05-08,-0.0000355,-0.0006379,0.0000000
2018-05-09,-0.0010283,-0.0013671,0.0000000
2018-05-10,-0.0012662,0.0002733,0.0000000
2018-05-11,0.0002377,-0.0010021,0.0000000
2018-05-14,0.0003411,0.0008016,0.0000000
2018-05-15,-0.0037575,-0.0005916,0.0000000
2018-05-16,-0.0022051,0.0016095,0.0000000
2018-05-17,-0.0011260,0.0008007,0.0000000
2018-05-18,0.0008994,-0.0003456,0.0000000
2018-05-21,-0.0024374,-0.0018174,0.0000000
2018-05-22,-0.0006936,-0.0011347,0.0000000
2018-05-23,0.0008713,-0.0003630,0.0000000
2018-05-24,-0.0087475,-0.0000071,0.0000000
2018-05-25,0.0044327,-0.0008098,0.0000000
2018-05-28,-0.0004416,-0.0009848,0.0000000
2018-05-29,-0.0019783,0.0000875,0.0000000
2018-05-30,0.0036364,-0.0000972,0.0000000
2018-05-31,-0.0030081,0.0005440,0.0000000
2018-06-01,-0.0025467,-0.0001134,0.0000000
2018-06-04,-0.0002227,-0.0008607,0.0000000
2018-06-05,0.0028593,-0.0003997,0.0000000
2018-06-06,0.0040928,0.0005958,0.0000000
2018-06-07,0.0008058,0.0001884,0.0000000
2018-06-08,0.0016322,-0.0005175,0.0000000
2018-06-11,0.0037910,-0.0005480,0.0000000
2018-06-12,-0.0031251,-0.0009603,0.0000000
2018-06-13,0.0045859,-0.0001698,0.0000000
2018-06-14,0.0038038,-0.0000712,0.0000000
2018-06-15,-0.0229184,-0.0008411,0.0000000
2018-06-18,0.0015320,0.0003921,0.0000000
2018-06-19,0.0044953,0.0016079,0.0000000
2018-06-20,0.0031100,-0.0004014,0.0000000
2018-06-21,-0.0004762,-0.0016642,0.0000000
2018-06-22,-0.0031385,0.0007272,0.0000000
2018-06-25,0.0033694,-0.0023276,0.0000000
2018-06-26,0.0036033,-0.0012536,0.0000000
2018-06-27,0.0078231,-0.0012260,0.0000000
2018-06-28,0.0029414,0.0001460,0.0000000
2018-06-29,-0.0037236,0.0015602,0.0000000
2018-07-02,0.0094287,-0.0017469,0.0000000
2018-07-03,-0.0085575,-0.0010465,0.0000000
2018-07-04,-0.0029586,0.0026128,0.0000000
2018-07-05,-0.0002233,-0.0011815,0.0000000
2018-07-06,0.0021261,-0.0011478,0.0000000
2018-07-09,-0.0035713,0.0024024,0.0000000
2018-07-10,0.0021006,-0.0003808,0.0000000
2018-07-11,0.0118946,-0.0024183,0.0000000
2018-07-12,-0.0059318,0.0004206,0.0000000
2018-07-13,0.0048027,-0.0006025,0.0000000
2018-07-16,0.0014795,0.0018550,0.0000000
2018-07-17,0.0115096,0.0001154,0.0000000
2018-07-18,0.0001930,-0.0014588,0.0000000
2018-07-19,0.0076324,-0.0020660,0.0000000
2018-07-20,-0.0070459,-0.0010382,0.0000000
2018-07-23,0.0045138,-0.0007689,0.0000000
2018-07-24,-0.0020043,-0.0023370,0.0000000
2018-07-25,-0.0070194,0.0008432,0.0000000
2018-07-26,0.0094792,-0.0009116,0.0000000
2018-07-27,-0.0027793,0.0005123,0.0000000
2018-07-30,0.0008622,-0.0011498,0.0000000
2018-07-31,-0.0023301,0.0002495,0.0000000
2018-08-01,0.0071821,-0.0018542,0.0000000
2018-08-02,0.0054939,0.0015958,0.0000000
2018-08-03,-0.0054000,-0.0004055,0.0000000
2018-08-06,0.0057327,0.0000849,0.0000000
2018-08-07,-0.0038613,0.0016362,0.0000000
2018-08-08,-0.0027612,0.0010994,0.0000000
2018-08-09,0.0002985,0.0006943,0.0000000
2018-08-10,0.0045962,-0.0025929,0.0000000
2018-08-13,0.0157822,-0.0015741,0.0000000
2018-08-14,-0.0013970,0.0003820,0.0000000
2018-08-15,0.0235226,-0.0030802,0.0000000
2018-08-16,-0.0041080,0.0011743,0.0000000
2018-08-17,-0.0082034,0.0007018,0.0000000
2018-08-20,-0.0025063,0.0011071,0.0000000
2018-08-21,-0.0033179,0.0022903,0.0000000
2018-08-22,0.0004512,-0.0005915,0.0000000
2018-08-23,0.0101083,-0.0021477,0.0000000
2018-08-24,-0.0153633,0.0010079,0.0000000
2018-08-27,-0.0050283,-0.0002910,0.0000000
2018-08-28,0.0079876,-0.0008367,0.0000000
2018-08-29,-0.0034601,0.0009008,0.0000000
2018-08-30,0.0067334,-0.0025541,0.0000000
2018-08-31,-0.0006539,0.0018597,0.0000000
2018-09-03,0.0010673,-0.0000728,0.0000000
2018-09-04,0.0106456,-0.0006069,0.0000000
2018-09-05,-0.0029136,0.0007891,-0.0017806
2018-09-06,-0.0007970,-0.0003388,-0.0021419
2018-09-07,0.0017239,0.0003205,0.0015286
2018-09-10,-0.0007093,-0.0015620,0.0005001
2018-09-11,-0.0005610,-0.0001307,-0.0020872
2018-09-12,-0.0060151,-0.0016864,-0.0010965
2018-09-13,0.0039101,-0.0012413,0.0001417
2018-09-14,0.0047351,0.0013798,-0.0013493
2018-09-17,-0.0053076,0.0008221,0.0014944
2018-09-18,0.0019004,-0.0007174,0.0006146
2018-09-19,-0.0045595,0.0025726,-0.0006874
2018-09-20,-0.0032098,0.0004739,0.0002319
2018-09-21,0.0043640,0.0007304,0.0020583
2018-09-24,0.0004691,-0.0014623,-0.0000897
2018-09-25,-0.0056487,0.0001103,0.0034700
2018-09-26,0.0059322,0.0001736,0.0000819
2018-09-27,0.0068762,0.0004696,0.0035879
2018-09-28,-0.0116295,0.0004871,0.0043241
2018-10-01,0.0031841,-0.0014842,-0.0019495
2018-10-02,-0.0105534,0.0012696,-0.0024938
2018-10-03,0.0035323,0.0010298,-0.0002031
2018-10-04,-0.0004342,0.0000309,0.0000000
2018-10-05,-0.0017008,-0.0007120,0.0000000
2018-10-08,0.0111250,-0.0030320,0.0000000
2018-10-09,-0.0010824,0.0008175,0.0000000
2018-10-10,-0.0005897,0.0002093,0.0000000
2018-10-11,-0.0185466,-0.0007008,0.0000000
2018-10-12,0.0034370,-0.0016763,0.0000000
2018-10-15,-0.0068996,0.0016461,0.0000000
2018-10-16,0.0013430,-0.0007908,0.0000000
2018-10-17,0.0019038,-0.0007632,0.0000000
2018-10-18,-0.0007268,0.0002309,0.0000000
2018-10-19,-0.0002027,0.0010679,0.0000000
2018-10-22,0.0016905,-0.0001588,0.0000000
2018-10-23,-0.0066644,0.0008804,0.0000000
2018-10-24,-0.0004105,0.0008878,0.0000000
2018-10-25,0.0013519,0.0010979,0.0000000
2018-10-26,-0.0008790,-0.0001155,0.0000000
2018-10-29,0.0055336,-0.0000819,0.0000000
2018-10-30,0.0020046,-0.0013507,0.0000000
2018-10-31,0.0075004,-0.0020376,0.0000000
2018-11-01,-0.0172214,0.0009067,0.0000000
2018-11-02,0.0013678,-0.0000024,0.0000000
2018-11-05,0.0010390,-0.0011866,0.0000000
2018-11-06,0.0034845,-0.0006531,0.0000000
2018-11-07,-0.0006173,0.0003126,0.0000000
2018-11-08,0.0036839,-0.0008472,0.0000000
2018-11-09,0.0124129,-0.0015734,0.0000000
2018-11-12,0.0071166,-0.0014962,0.0000000
2018-11-13,-0.0019873,0.0009927,0.0000000
2018-11-14,-0.0063375,0.0002414,0.0000000
2018-11-15,-0.0043353,0.0009846,0.0000000
2018-11-16,-0.0058763,0.0006352,0.0000000
2018-11-19,-0.0012168,-0.0011908,0.0000000
2018-11-20,0.0030634,-0.0003322,0.0000000
2018-11-21,-0.0057070,0.0000396,0.0000000
2018-11-22,-0.0002821,0.0004221,0.0000000
2018-11-23,0.0061927,-0.0005159,0.0000000
2018-11-26,0.0010479,0.0003634,0.0000000
2018-11-27,0.0046724,-0.0008178,0.0000000
2018-11-28,-0.0067018,-0.0003081,0.0000000
2018-11-29,-0.0010440,0.0017723,0.0000000
2018-11-30,0.0045910,-0.0001189,0.0000000
2018-12-03,-0.0091493,0.0016706,0.0000000
2018-12-04,-0.0062383,0.0025465,0.0000000
2018-12-05,0.0009274,-0.0014265,0.0000000
2018-12-06,0.0003314,-0.0006206,0.0000000
2018-12-07,-0.0072761,0.0006079,0.0000000
2018-12-10,0.0030812,-0.0009159,0.0000000
2018-12-11,-0.0003634,0.0003585,0.0000000
2018-12-12,-0.0046004,-0.0001409,0.0000000
2018-12-13,0.0010514,-0.0001406,0.0000000
2018-12-14,0.0053797,-0.0008949,0.0000000
2018-12-17,-0.0046806,-0.0007177,0.0000000
2018-12-18,-0.0010552,-0.0002780,0.0000000
2018-12-19,0.0034057,-0.0001851,0.0000000
2018-12-20,-0.0101044,0.0013864,0.0000000
2018-12-21,0.0039259,-0.0002901,0.0000000
2018-12-24,0.0002009,0.0021277,0.0000000
2018-12-26,-0.0060374,0.0019059,0.0000000
2018-12-27,-0.0008393,0.0007402,0.0000000
2018-12-28,-0.0010219,0.0020939,0.0000000
2018-12-31,-0.0018815,-0.0003904,0.0000000
2019-01-02,0.0001466,0.0013171,0.0000000
2019-01-03,-0.0006140,0.0027250,0.0000000
2019-01-04,-0.0029369,0.0000638,0.0000000
2019-01-07,-0.0016406,0.0020438,0.0000000
2019-01-08,-0.0013820,-0.0026590,0.0000000
2019-01-09,0.0048673,-0.0013060,0.0000000
2019-01-10,-0.0071349,0.0006438,0.0000000
2019-01-11,0.0009970,0.0028866,0.0000000
2019-01-14,0.0016606,0.0017314,0.0000000
2019-01-15,0.0002759,-0.0006573,0.0000000
2019-01-16,0.0016693,0.0004632,0.0000000
2019-01-17,0.0003714,-0.0007711,0.0000000
2019-01-18,-0.0005572,-0.0001678,0.0000000
2019-01-21,-0.0002129,0.0005392,0.0000000
2019-01-22,0.0011529,-0.0005488,0.0000000
2019-01-23,-0.0014101,-0.0004660,0.0000000
2019-01-24,-0.0001255,-0.0007768,0.0000000
2019-01-25,0.0011128,0.0011441,0.0000000
2019-01-28,-0.0015702,0.0000410,0.0000000
2019-01-29,0.0060068,0.0008093,0.0000000
2019-01-30,0.0083283,0.0012772,0.0000000
2019-01-31,0.0004304,-0.0004889,0.0000000
2019-02-01,-0.0050138,-0.0016789,0.0000000
2019-02-04,-0.0031747,-0.0023925,0.0000000
2019-02-05,0.0004042,0.0007790,0.0000000
2019-02-06,-0.0082390,-0.0008678,0.0000000
2019-02-07,0.0030929,-0.0007870,0.0000000
2019-02-08,0.0046120,-0.0007454,0.0000000
2019-02-11,-0.0060858,-0.0013081,0.0000000
2019-02-12,0.0011971,0.0014954,0.0000000
2019-02-13,-0.0054636,0.0010443,0.0000000
2019-02-14,0.0039449,0.0009574,0.0000000
2019-02-15,0.0079968,0.0008782,0.0000000
2019-02-18,0.0034466,0.0009953,0.0000000
2019-02-19,0.0100548,-0.0015916,0.0000000
2019-02-20,0.0004341,0.0004818,0.0000000
2019-02-21,-0.0125010,-0.0006454,0.0000000
2019-02-22,0.0044333,0.0007554,0.0000000
2019-02-25,-0.0010070,0.0006279,0.0000000
2019-02-26,0.0013116,0.0001753,0.0000000
2019-02-27,-0.0087516,-0.0009834,0.0000000
2019-02-28,-0.0061046,0.0001713,0.0000000
2019-03-01,-0.0185522,-0.0014283,0.0000000
2019-03-04,-0.0055540,0.0006295,0.0000000
2019-03-05,0.0012925,0.0002282,0.0000000
2019-03-06,-0.0023517,0.0011028,0.0000000
2019-03-07,-0.0015027,-0.0005486,0.0000000
2019-03-08,0.0127657,0.0025338,0.0000000
2019-03-11,-0.0024991,0.0002415,0.0000000
2019-03-12,0.0057630,0.0013640,0.0000000
2019-03-13,0.0029083,0.0014912,0.0000000
2019-03-14,-0.0106902,-0.0029537,0.0000000
2019-03-15,0.0045396,0.0015627,0.0000000
2019-03-18,0.0018321,0.0004415,0.0000000
2019-03-19,0.0015460,0.0008050,0.0000000
2019-03-20,0.0045026,-0.0007927,0.0000000
2019-03-21,-0.0013873,0.0020657,0.0000000
2019-03-22,0.0008730,0.0007316,0.0000000
2019-03-25,0.0059320,0.0012831,0.0000000
2019-03-26,-0.0053040,-0.0016954,0.0000000
2019-03-27,-0.0062559,0.0000787,0.0000000
2019-03-28,-0.0142543,0.0002277,0.0000000
2019-03-29,0.0034569,-0.0016403,0.0000000
2019-04-01,-0.0025472,0.0001804,0.0000000
2019-04-02,0.0021623,0.0001352,0.0000000
2019-04-03,-0.0009986,0.0003082,0.0000000
2019-04-04,0.0015798,0.0011476,0.0000000
2019-04-05,-0.0015986,-0.0015553,0.0000000
2019-04-08,0.0055238,0.0020268,0.0000000
2019-04-09,0.0020498,0.0005826,0.0000000
2019-04-10,0.0017108,-0.0005216,0.0000000
2019-04-11,-0.0124022,-0.0001494,0.0000000
2019-04-12,-0.0010134,0.0004469,0.0000000
2019-04-15,-0.0003393,-0.0013623,0.0000000
2019-04-16,-0.0043632,-0.0014133,0.0000000
2019-04-17,-0.0020318,0.0008511,0.0000000
2019-04-18,0.0013597,-0.0006628,0.0000000
2019-04-22,-0.0006419,0.0012053,0.0000000
2019-04-23,-0.0055711,-0.0010402,0.0000000
2019-04-24,0.0036833,-0.0011446,0.0000000
2019-04-25,0.0009624,0.0000977,0.0000000
2019-04-26,0.0071498,0.0012925,0.0000000
2019-04-29,-0.0069553,-0.0008273,0.0000000
2019-04-30,0.0024174,0.0013090,0.0000000
2019-05-01,-0.0097968,-0.0016714,0.0000000
2019-05-02,-0.0041540,-0.0017800,0.0000000
2019-05-03,0.0111145,0.0004871,0.0000000
2019-05-06,-0.0002228,0.0008998,0.0000000
2019-05-07,0.0019182,0.0004321,0.0000000
2019-05-08,-0.0028299,0.0012733,0.0000000
2019-05-09,-0.0011572,0.0007497,0.0000000
2019-05-10,0.0011030,0.0008761,0.0000000
2019-05-13,0.0057242,-0.0014639,0.0000000
2019-05-14,0.0000221,-0.0004640,0.0018940
2019-05-15,-0.0009799,-0.0006931,-0.0001458
2019-05-16,-0.0101845,-0.0001551,-0.0011498
2019-05-17,-0.0081061,0.0003667,-0.0005818
2019-05-20,0.0015711,-0.0010660,0.0019312
2019-05-21,-0.0015564,-0.0008668,0.0008124
2019-05-22,-0.0009552,-0.0008182,0.0002583
2019-05-23,0.0078451,0.0004208,-0.0015112
2019-05-24,-0.0002099,-0.0002278,-0.0014146
2019-05-27,0.0013216,0.0000000,0.0010365
2019-05-28,-0.0100754,-0.0010594,-0.0036020
2019-05-29,0.0020477,0.0007961,0.0005768
2019-05-30,0.0072403,-0.0015164,-0.0009039
2019-05-31,0.0090869,0.0019013,-0.0075465
2019-06-03,0.0034847,0.0017289,-0.0022039
2019-06-04,0.0003500,-0.0003249,-0.0005910
2019-06-05,0.0015935,0.0007953,-0.0018282
2019-06-06,-0.0003544,0.0004707,0.0001163
2019-06-07,-0.0003537,-0.0016007,0.0001162
2019-06-10,-0.0142304,-0.0044553,-0.0026647
2019-06-11,0.0004111,0.0004476,-0.0003036
2019-06-12,0.0036767,0.0036109,0.0000000
2019-06-13,0.0069752,0.0007052,0.0000000
2019-06-14,-0.0017246,0.0017393,0.0000000
2019-06-17,0.0006948,-0.0012425,0.0000000
2019-06-18,-0.0017010,0.0025544,0.0000000
2019-06-19,0.0017355,-0.0003320,0.0000000
2019-06-20,0.0050951,0.0084124,0.0000000
2019-06-21,0.0063402,0.0037996,0.0000000
2019-06-24,0.0048404,0.0012860,0.0000000
2019-06-25,0.0030227,0.0013306,0.0000000
2019-06-26,-0.0030050,-0.0055503,0.0030199
2019-06-27,0.0006740,-0.0010965,-0.0008927
2019-06-28,-0.0010633,0.0018221,0.0008482
2019-07-01,-0.0054575,-0.0038869,0.0052427
2019-07-02,0.0071129,0.0022808,-0.0073268
2019-07-03,0.0006577,0.0022423,-0.0008611
2019-07-04,-0.0011824,-0.0010130,0.0009879
2019-07-05,0.0024213,-0.0001420,-0.0026157
2019-07-08,-0.0021402,0.0016651,0.0019451
2019-07-09,-0.0014206,-0.0002739,0.0012274
2019-07-10,0.0031180,-0.0011880,-0.0033116
2019-07-11,-0.0014148,0.0011165,0.0012215
2019-07-12,0.0010804,0.0004402,-0.0012714
2019-07-15,-0.0049548,-0.0008267,0.0047666
2019-07-16,-0.0063510,-0.0000537,0.0061630
2019-07-17,-0.0036319,-0.0007826,0.0034455
2019-07-18,-0.0026548,-0.0018620,0.0024659
2019-07-19,-0.0026577,-0.0016309,0.0024773
2019-07-22,0.0003368,0.0000392,0.0034244
2019-07-23,-0.0011682,-0.0026694,-0.0003361
2019-07-24,0.0057870,0.0008012,0.0000000
2019-07-25,-0.0066212,-0.0007309,0.0000000
2019-07-26,0.0002728,0.0000921,0.0000000
2019-07-29,0.0039877,0.0002517,0.0000000
2019-07-30,0.0031989,-0.0010284,0.0000000
2019-07-31,-0.0111975,-0.0001884,0.0000000
2019-08-01,0.0098772,-0.0014181,0.0000000
2019-08-02,-0.0039800,-0.0028690,0.0000000
2019-08-05,0.0099189,0.0030733,0.0000000
2019-08-06,0.0032073,-0.0017085,0.0000000
2019-08-07,0.0194769,0.0026733,0.0000000
2019-08-08,-0.0031488,0.0001156,0.0000000
2019-08-09,-0.0006804,0.0004427,0.0000000
2019-08-12,0.0050371,-0.0002972,0.0000000
2019-08-13,-0.0040764,0.0018963,0.0000000
2019-08-14,0.0077699,-0.0003624,0.0000000
2019-08-15,0.0023370,0.0002974,0.0000000
2019-08-16,-0.0057054,-0.0009934,0.0000000
2019-08-19,-0.0075177,-0.0012463,0.0000000
2019-08-20,0.0077759,0.0000768,0.0000000
2019-08-21,-0.0022100,-0.0011705,0.0000000
2019-08-22,-0.0019648,-0.0005070,0.0000000
2019-08-23,0.0124153,-0.0008734,0.0000000
2019-08-26,0.0038995,0.0015206,0.0000000
2019-08-27,0.0116503,0.0009007,0.0000000
2019-08-28,0.0016812,-0.0007295,0.0000000
2019-08-29,-0.0042036,0.0010049,0.0000000
2019-08-30,-0.0001198,0.0003291,0.0000000
2019-09-02,0.0036463,-0.0008558,0.0000000
2019-09-03,0.0154247,-0.0007115,0.0000000
2019-09-04,0.0051831,-0.0011710,-0.0034952
2019-09-05,-0.0191144,-0.0014885,0.0049261
2019-09-06,-0.0081161,0.0000485,0.0028561
2019-09-09,-0.0037481,0.0004194,0.0003646
2019-09-10,-0.0029374,-0.0020984,-0.0026104
2019-09-11,0.0034018,0.0017261,0.0011975
2019-09-12,0.0001336,0.0001979,0.0005301
2019-09-13,-0.0097599,-0.0003159,0.0052950
2019-09-16,0.0067798,-0.0007057,-0.0028370
2019-09-17,0.0023188,-0.0003331,-0.0011593
2019-09-18,-0.0045276,0.0001428,0.0012874
2019-09-19,0.0016292,0.0004567,0.0003267
2019-09-20,0.0060152,0.0013074,0.0017320
2019-09-23,0.0085394,0.0002848,-0.0064666
2019-09-24,0.0015652,-0.0003382,0.0026692
2019-09-25,-0.0137760,-0.0006505,0.0007047
2019-09-26,-0.0007561,0.0009187,0.0009931
2019-09-27,-0.0046640,0.0000292,0.0010981
2019-09-30,-0.0112421,-0.0002565,-0.0000246
2019-10-01,0.0037935,-0.0022078,-0.0011225
2019-10-02,0.0080408,-0.0001939,-0.0001395
2019-10-03,0.0009608,-0.0003664,0.0000000
2019-10-04,-0.0000720,0.0002591,0.0000000
2019-10-07,-0.0037898,-0.0015269,0.0000000
2019-10-08,0.0056160,-0.0005681,0.0000000
2019-10-09,0.0000326,0.0002097,0.0000000
2019-10-10,-0.0050893,0.0001914,0.0000000
2019-10-11,-0.0006285,0.0004819,0.0000000
2019-10-14,0.0019655,-0.0001833,0.0000000
2019-10-15,-0.0053557,-0.0004510,0.0000000
2019-10-16,0.0018216,0.0006038,0.0000000
2019-10-17,0.0019040,-0.0000773,0.0000000
2019-10-18,-0.0007661,0.0000310,0.0000000
2019-10-21,-0.0008503,0.0001394,0.0000000
2019-10-22,0.0002288,0.0001381,0.0000000
2019-10-23,0.0012816,0.0003472,0.0000000
2019-10-24,0.0053545,0.0000886,0.0000000
2019-10-25,0.0026045,0.0001075,0.0000000
2019-10-28,-0.0049468,0.0008768,0.0000000
2019-10-29,-0.0017875,0.0000056,0.0000000
2019-10-30,0.0025164,0.0004065,0.0000000
2019-10-31,0.0071563,0.0004547,0.0000000
2019-11-01,0.0005213,-0.0005891,0.0000000
2019-11-04,-0.0020385,-0.0005915,0.0000000
2019-11-05,-0.0119727,-0.0013404,0.0000000
2019-11-06,0.0023429,0.0006665,0.0000000
2019-11-07,-0.0112709,0.0003201,0.0000000
2019-11-08,-0.0061366,0.0005264,0.0000000
2019-11-11,0.0000658,0.0010619,0.0000000
2019-11-12,-0.0009173,-0.0011497,0.0000000
2019-11-13,0.0040243,0.0013799,0.0000000
2019-11-14,0.0025172,0.0004549,0.0000000
2019-11-15,-0.0016355,-0.0019099,0.0000000
2019-11-18,0.0018308,-0.0006985,0.0000000
2019-11-19,0.0013416,0.0001030,0.0000000
2019-11-20,-0.0002370,0.0006743,0.0000000
2019-11-21,-0.0027150,-0.0013050,0.0000000
2019-11-22,-0.0019530,0.0008510,0.0000000
2019-11-25,-0.0031245,-0.0005511,0.0000000
2019-11-26,0.0038105,0.0006519,0.0000000
2019-11-27,-0.0036507,-0.0004836,0.0000000
2019-11-28,0.0004191,0.0002960,0.0000000
2019-11-29,0.0032869,0.0005337,0.0000000
2019-12-02,-0.0021880,-0.0013324,0.0000000
2019-12-03,0.0084117,-0.0004588,0.0000000
2019-12-04,-0.0052990,0.0012508,0.0000000
2019-12-05,0.0018821,0.0007752,0.0000000
2019-12-06,-0.0103268,-0.0010260,0.0000000
2019-12-09,0.0005147,0.0003473,0.0000000
2019-12-10,0.0018511,0.0001667,0.0000000
2019-12-11,0.0061797,-0.0001669,0.0000000
2019-12-12,-0.0010602,-0.0004745,0.0000000
2019-12-13,0.0023313,-0.0003474,0.0000000
2019-12-16,0.0014364,0.0004750,0.0000000
2019-12-17,-0.0004900,0.0003664,0.0000000
2019-12-18,-0.0003143,0.0003644,0.0000000
2019-12-19,0.0017146,0.0003191,0.0000000
2019-12-20,0.0020994,-0.0000227,0.0000000
2019-12-23,0.0066633,0.0018265,0.0000000
2019-12-24,0.0102158,0.0015467,0.0000000
2019-12-26,0.0063032,0.0011707,0.0000000
2019-12-27,-0.0022607,-0.0010194,0.0000000
2019-12-30,0.0042657,0.0006026,0.0000000
2019-12-31,-0.0007870,0.0031531,0.0000000
2020-01-02,0.0072824,0.0006902,0.0000000
2020-01-03,0.0086422,0.0043008,0.0000000
2020-01-06,0.0066899,0.0048797,0.0000000
2020-01-07,0.0070707,-0.0002561,0.0000000
2020-01-08,-0.0109740,0.0057291,0.0000000
2020-01-09,-0.0051920,-0.0042848,0.0000000
2020-01-10,0.0069718,-0.0015744,0.0000000
2020-01-13,-0.0075348,-0.0021299,0.0000000
2020-01-14,-0.0032457,-0.0028041,0.0000000
2020-01-15,0.0066418,0.0013631,0.0000000
2020-01-16,-0.0023415,-0.0012246,0.0000000
2020-01-17,0.0029218,0.0013382,0.0000000
2020-01-20,0.0018809,0.0013121,0.0000000
2020-01-21,-0.0058479,0.0014519,0.0000000
2020-01-22,0.0009466,-0.0023043,0.0000000
2020-01-23,0.0007764,-0.0005112,0.0000000
2020-01-24,0.0080658,-0.0006604,0.0000000
2020-01-27,0.0033800,-0.0002351,0.0000000
2020-01-28,-0.0157310,-0.0009376,0.0000000
2020-01-29,0.0043699,0.0001612,0.0000000
2020-01-30,0.0036132,0.0008297,0.0000000
2020-01-31,0.0084385,-0.0001458,0.0000000
2020-02-03,-0.0100698,-0.0052368,0.0000000
2020-02-04,-0.0100412,-0.0021291,0.0000000
2020-02-05,0.0013637,0.0023821,0.0000000
2020-02-06,0.0069501,0.0005497,0.0000000
2020-02-07,-0.0008595,-0.0009819,0.0000000
2020-02-10,0.0017824,-0.0005116,0.0000000
2020-02-11,-0.0038662,-0.0017247,0.0000000
2020-02-12,-0.0030093,-0.0006301,0.0000000
2020-02-13,0.0058926,0.0025172,0.0000000
2020-02-14,0.0040385,-0.0002839,0.0000000
2020-02-17,-0.0022172,-0.0001197,0.0000000
2020-02-18,0.0006095,0.0003091,0.0000000
2020-02-19,-0.0010000,0.0006221,0.0000000
2020-02-20,0.0032402,-0.0019294,0.0000000
2020-02-21,0.0063052,0.0036171,0.0000000
2020-02-24,0.0025912,0.0034417,0.0000000
2020-02-25,0.0020182,-0.0064390,0.0000000
2020-02-26,0.0026946,0.0028582,-0.0028701
2020-02-27,0.0032989,0.0020244,-0.0034770
2020-02-28,-0.0008213,-0.0027234,0.0006391
2020-03-02,0.0003589,0.0025763,-0.0005422
2020-03-03,0.0062612,0.0021228,-0.0064070
2020-03-04,-0.0009583,0.0003246,0.0008136
2020-03-05,0.0068970,0.0008458,-0.0070339
2020-03-06,-0.0005242,0.0003097,0.0003879
2020-03-09,0.0053407,-0.0058461,-0.0054753
2020-03-10,-0.0049129,-0.0019773,0.0047780
2020-03-11,-0.0011658,0.0019389,0.0010328
2020-03-12,0.0005543,-0.0002758,-0.0006843
2020-03-13,0.0046372,0.0017145,-0.0047688
2020-03-16,0.0179057,-0.0003443,-0.0180246
2020-03-17,0.0057769,-0.0045705,-0.0058894
2020-03-18,-0.0010108,-0.0035564,0.0009151
2020-03-19,-0.0041177,0.0009283,0.0040224
2020-03-20,0.0001247,0.0055800,-0.0002168
2020-03-23,-0.0145478,-0.0001927,-0.0020829
2020-03-24,-0.0208605,0.0009750,-0.0028039
2020-03-25,0.0004065,-0.0029899,0.0033190
2020-03-26,-0.0009706,-0.0012404,-0.0022971
2020-03-27,-0.0004316,-0.0004962,0.0006641
2020-03-30,-0.0009630,-0.0026234,-0.0026535
2020-03-31,-0.0056706,-0.0006151,0.0055927
2020-04-01,0.0018900,0.0019099,-0.0019675
2020-04-02,-0.0012803,-0.0004063,0.0012039
2020-04-03,0.0012566,0.0000075,-0.0013331
2020-04-06,0.0012324,0.0003839,-0.0013082
2020-04-07,-0.0019588,0.0003433,0.0018831
2020-04-08,0.0000526,-0.0001261,-0.0001267
2020-04-09,0.0012706,0.0004732,-0.0013448
2020-04-13,0.0042426,-0.0004139,-0.0043167
2020-04-14,-0.0015374,0.0005390,0.0014645
2020-04-15,0.0009992,-0.0003135,-0.0010719
2020-04-16,-0.0003609,-0.0002264,0.0002886
2020-04-17,-0.0017978,-0.0022354,0.0002747
2020-04-20,0.0007159,0.0001524,0.0000000
2020-04-21,0.0018177,-0.0004392,0.0000000
2020-04-22,0.0015043,0.0000891,0.0000000
2020-04-23,0.0007985,0.0003333,0.0000000
2020-04-24,-0.0000963,-0.0005809,0.0000000
2020-04-27,-0.0016513,-0.0005454,0.0000000
2020-04-28,-0.0001177,-0.0021037,0.0000000
2020-04-29,-0.0005557,0.0005411,0.0000000
2020-04-30,-0.0008561,0.0003453,0.0000000
2020-05-01,0.0014934,-0.0014723,0.0000000
2020-05-04,0.0018807,0.0000743,0.0000000
2020-05-05,-0.0009917,0.0002553,0.0000000
2020-05-06,-0.0018415,-0.0001845,0.0000000
2020-05-07,0.0000281,0.0006739,0.0000000
2020-05-08,-0.0023416,0.0000553,0.0000000
2020-05-11,-0.0007338,0.0003074,0.0000000
2020-05-12,0.0006714,0.0005450,0.0000000
2020-05-13,0.0009059,0.0003840,0.0000000
2020-05-14,-0.0005271,-0.0002033,0.0000000
2020-05-15,-0.0038438,0.0005312,0.0000000
2020-05-18,-0.0032920,0.0031913,0.0000000
2020-05-19,-0.0009114,0.0006684,0.0000000
2020-05-20,-0.0008500,0.0003948,0.0000000
2020-05-21,0.0003408,-0.0006736,0.0000000
2020-05-22,0.0001136,0.0003986,0.0000000
2020-05-25,-0.0008685,-0.0007927,0.0000000
2020-05-26,-0.0019643,0.0007099,0.0000000
2020-05-27,0.0003858,-0.0001318,0.0000000
2020-05-28,0.0017724,0.0009618,0.0000000
2020-05-29,0.0044707,0.0005679,0.0000000
2020-06-01,0.0038045,0.0008826,0.0000000
2020-06-02,-0.0027471,0.0005262,0.0000000
2020-06-03,-0.0059112,-0.0002833,0.0000000
2020-06-04,0.0020929,0.0007089,0.0000000
2020-06-05,-0.0053280,-0.0005195,0.0000000
2020-06-08,0.0037084,0.0020964,0.0000000
2020-06-09,0.0001487,0.0001482,0.0000000
2020-06-10,0.0084766,0.0006342,0.0000000
2020-06-11,-0.0049032,-0.0013277,0.0000000
2020-06-12,-0.0011139,0.0000410,0.0000000
2020-06-15,-0.0000690,-0.0011928,0.0000000
2020-06-16,-0.0006819,0.0001792,0.0000000
2020-06-17,-0.0005276,0.0002122,0.0000000
2020-06-18,0.0006049,0.0009466,0.0000000
2020-06-19,0.0013078,0.0015531,0.0000000
2020-06-22,0.0007884,0.0003580,0.0000000
2020-06-23,0.0004281,-0.0003961,0.0000000
2020-06-24,0.0025702,0.0001528,0.0000000
2020-06-25,-0.0025394,0.0004534,0.0000000
2020-06-26,0.0020319,-0.0007772,0.0000000
2020-06-29,-0.0009416,-0.0004155,0.0000000
2020-06-30,-0.0018353,0.0000823,0.0000000
2020-07-01,-0.0004281,0.0006040,0.0000000
2020-07-02,0.0013688,-0.0008068,0.0000000
2020-07-03,-0.0007954,-0.0003067,0.0000000
2020-07-06,0.0039531,-0.0002012,0.0000000
2020-07-07,0.0021747,0.0002435,0.0000000
2020-07-08,0.0073049,-0.0001762,0.0000000
2020-07-09,-0.0013828,0.0012552,0.0000000
2020-07-10,-0.0006328,-0.0012558,0.0000000
2020-07-13,0.0048173,0.0017553,0.0000000
2020-07-14,0.0026392,-0.0013363,0.0000000
2020-07-15,0.0026500,0.0000565,0.0000000
2020-07-16,-0.0059936,-0.0004534,0.0000000
2020-07-17,0.0044782,0.0006746,0.0000000
2020-07-20,0.0082413,-0.0000386,0.0000000
2020-07-21,0.0190691,0.0002344,0.0000000
2020-07-22,0.0213222,0.0046191,0.0000000
2020-07-23,0.0008379,-0.0006693,0.0000000
2020-07-24,0.0042071,-0.0001483,0.0000000
2020-07-27,0.0218709,0.0068678,0.0000000
2020-07-28,0.0019634,-0.0004685,0.0038701
2020-07-29,0.0020715,-0.0011772,0.0031902
2020-07-30,-0.0079927,-0.0024279,0.0019223
2020-07-31,0.0095227,0.0033529,-0.0013135
2020-08-03,-0.0003422,-0.0005532,0.0005453
2020-08-04,0.0179785,-0.0001380,0.0000253
2020-08-05,0.0091431,0.0004965,-0.0017247
2020-08-06,0.0142608,0.0019577,-0.0043391
2020-08-07,-0.0083446,-0.0005115,-0.0028373
2020-08-10,0.0021598,-0.0003060,-0.0051669
2020-08-11,-0.0403087,-0.0026620,-0.0040619
2020-08-12,0.0031724,-0.0043606,-0.0022209
2020-08-13,0.0127500,0.0018350,-0.0017239
2020-08-14,-0.0047328,-0.0003304,0.0020819
2020-08-17,0.0087499,-0.0009206,0.0028550
2020-08-18,0.0036679,0.0018142,0.0009188
2020-08-19,-0.0133681,-0.0018863,-0.0068813
2020-08-20,0.0037007,0.0018642,0.0009451
2020-08-21,-0.0020957,0.0000309,0.0002004
2020-08-24,-0.0019919,-0.0008880,-0.0009793
2020-08-25,-0.0004804,0.0005080,-0.0002005
2020-08-26,0.0067311,-0.0016614,0.0000000
2020-08-27,-0.0048402,-0.0019186,0.0000000
2020-08-28,0.0061499,0.0015622,0.0000000
2020-08-31,0.0024927,0.0004602,0.0000000
2020-09-01,0.0002191,0.0026145,0.0000000
2020-09-02,-0.0057341,-0.0007109,0.0000000
2020-09-03,-0.0045287,-0.0013199,0.0000000
2020-09-04,0.0013654,0.0003869,0.0000000
2020-09-07,-0.0007692,-0.0000700,0.0000000
2020-09-08,-0.0001717,0.0002214,0.0000000
2020-09-09,0.0028679,-0.0005195,0.0000000
2020-09-10,-0.0004831,0.0001101,0.0000000
2020-09-11,-0.0014512,-0.0003680,0.0000000
2020-09-14,0.0036687,0.0008448,0.0000000
2020-09-15,-0.0006416,0.0013331,0.0000000
2020-09-16,0.0008153,0.0007924,0.0000000
2020-09-17,-0.0023412,-0.0019935,0.0000000
2020-09-18,-0.0000754,0.0013260,0.0000000
2020-09-21,-0.0118714,0.0002781,0.0000000
2020-09-22,-0.0028375,-0.0002908,0.0000000
2020-09-23,-0.0104463,-0.0019483,0.0000000
2020-09-24,0.0018974,-0.0015844,0.0000000
2020-09-25,-0.0019106,-0.0001489,0.0000000
2020-09-28,0.0054885,-0.0003761,0.0000000
2020-09-29,0.0039566,-0.0003666,0.0000000
2020-09-30,-0.0048399,-0.0013749,0.0000000
2020-10-01,0.0045814,0.0008814,0.0000000
2020-10-02,-0.0012703,-0.0000051,0.0000000
2020-10-05,0.0040285,-0.0012109,0.0000000
2020-10-06,-0.0088261,-0.0002572,0.0000000
2020-10-07,0.0036557,0.0008582,0.0000000
2020-10-08,0.0009831,0.0002017,0.0000000
2020-10-09,0.0088127,0.0017500,0.0000000
2020-10-12,-0.0012085,0.0001468,0.0000000
2020-10-13,-0.0067000,-0.0009675,0.0000000
2020-10-14,0.0014624,0.0004420,0.0000000
2020-10-15,0.0010850,-0.0004332,0.0000000
2020-10-16,-0.0017753,-0.0003653,0.0000000
2020-10-19,0.0014974,0.0009764,0.0000000
2020-10-20,0.0011718,-0.0002774,0.0000000
2020-10-21,0.0036290,0.0009931,0.0000000
2020-10-22,-0.0038314,-0.0011929,0.0000000
2020-10-23,-0.0008153,0.0000890,0.0000000
2020-10-26,-0.0009586,0.0004974,0.0000000
2020-10-27,0.0004757,0.0007535,0.0000000
2020-10-28,-0.0071635,0.0001582,0.0000000
2020-10-29,-0.0017239,0.0005848,0.0000000
2020-10-30,0.0028567,0.0004411,0.0000000
2020-11-02,0.0040475,0.0008641,0.0000000
2020-11-03,0.0023601,-0.0003292,0.0000000
2020-11-04,-0.0027054,-0.0015299,0.0000000
2020-11-05,0.0144699,0.0009088,0.0000000
2020-11-06,0.0013061,-0.0011941,0.0000000
2020-11-09,-0.0205334,0.0002280,0.0000000
2020-11-10,0.0028083,0.0033590,0.0000000
2020-11-11,-0.0015524,0.0008936,0.0000000
2020-11-12,0.0017872,0.0006922,0.0000000
2020-11-13,0.0035722,0.0002823,0.0000000
2020-11-16,0.0005832,0.0002548,0.0000000
2020-11-17,-0.0026970,-0.0000349,0.0000000
2020-11-18,-0.0021020,-0.0000789,0.0000000
2020-11-19,-0.0024433,-0.0014192,0.0000000
2020-11-20,0.0013058,0.0001625,0.0000000
2020-11-23,-0.0083079,0.0005679,0.0000000
2020-11-24,-0.0068051,-0.0016039,0.0000000
2020-11-25,0.0004991,-0.0002708,0.0000000
2020-11-26,0.0002422,0.0006680,0.0000000
2020-11-27,-0.0072238,-0.0001611,0.0000000
2020-11-30,-0.0068961,0.0000000,0.0000000
2020-12-01,0.0186876,0.0000000,0.0000000
2020-12-02,0.0027184,-0.0004020,0.0000000
2020-12-03,0.0013460,0.0003795,0.0000000
2020-12-04,0.0002454,0.0004376,0.0000000
2020-12-07,0.0049791,0.0000633,0.0000000
2020-12-08,0.0014165,0.0006560,0.0000000
2020-12-09,-0.0073056,-0.0015825,0.0000000
2020-12-10,-0.0003566,-0.0007464,0.0000000
2020-12-11,0.0000740,-0.0002427,0.0000000
2020-12-14,-0.0022828,-0.0011402,0.0000000
2020-12-15,0.0072925,0.0018110,0.0000000
2020-12-16,0.0055709,0.0006006,0.0000000
2020-12-17,0.0067472,0.0007323,0.0000000
2020-12-18,-0.0018388,-0.0003981,0.0000000
2020-12-21,0.0010540,0.0022649,0.0000000
2020-12-22,-0.0072654,-0.0011031,0.0000000
2020-12-23,0.0035801,0.0008887,0.0000000
2020-12-24,0.0021631,0.0006472,0.0000000
2020-12-28,0.0012946,0.0005055,0.0000000
2020-12-29,0.0006067,0.0007794,0.0000000
2020-12-30,0.0045274,0.0006569,0.0000000
2020-12-31,-0.0007938,-0.0010797,0.0000000
2021-01-04,0.0109619,0.0038931,0.0000000
2021-01-05,0.0024246,0.0001030,0.0000000
2021-01-06,-0.0058172,0.0003491,0.0000000
2021-01-07,-0.0015650,-0.0001403,0.0000000
2021-01-08,-0.0187326,-0.0035082,0.0000000
2021-01-11,-0.0018554,-0.0000516,0.0000000
2021-01-12,0.0017561,0.0015276,0.0000000
2021-01-13,-0.0003406,0.0003512,0.0000000
2021-01-14,0.0012797,-0.0003559,0.0000000
2021-01-15,-0.0013549,0.0007742,0.0000000
2021-01-18,-0.0024568,0.0006799,0.0000000
2021-01-19,-0.0017125,0.0007891,0.0000000
2021-01-20,-0.0078191,0.0021593,0.0000000
2021-01-21,0.0000543,0.0001154,0.0000000
2021-01-22,0.0039421,-0.0010852,0.0000000
2021-01-25,-0.0005980,-0.0003699,0.0000000
2021-01-26,0.0012148,-0.0001202,0.0000000
2021-01-27,-0.0001389,-0.0004348,0.0000000
2021-01-28,0.0066223,-0.0008162,0.0000000
2021-01-29,0.0015109,0.0004311,0.0000000
2021-02-01,0.0077498,-0.0001909,0.0000000
2021-02-02,-0.0068280,-0.0015630,0.0000000
2021-02-03,0.0014537,-0.0002949,0.0000000
2021-02-04,0.0044959,-0.0019797,0.0000000
2021-02-05,-0.0010381,0.0023812,0.0000000
2021-02-08,-0.0011519,-0.0013825,0.0000000
2021-02-09,-0.0013764,0.0022569,0.0000000
2021-02-10,-0.0018805,0.0011893,0.0000000
2021-02-11,0.0025825,-0.0001730,0.0000000
2021-02-12,0.0018209,-0.0013007,0.0000000
2021-02-15,0.0018767,-0.0012053,0.0000000
2021-02-16,0.0024471,0.0007220,0.0000000
2021-02-17,0.0036039,-0.0011456,0.0000000
2021-02-18,-0.0013765,0.0019837,0.0000000
2021-02-19,-0.0003758,-0.0002867,0.0000000
2021-02-22,-0.0007702,0.0021093,0.0000000
2021-02-23,-0.0015914,0.0000855,0.0000000
2021-02-24,0.0015087,0.0001558,0.0000000
2021-02-25,0.0035705,-0.0026408,0.0000000
2021-02-26,0.0029940,-0.0004116,0.0000000
2021-03-01,0.0009797,0.0028880,0.0000000
2021-03-02,-0.0015154,-0.0004987,0.0000000
2021-03-03,0.0015340,-0.0018676,0.0000000
2021-03-04,-0.0012040,0.0004083,0.0000000
2021-03-05,-0.0012078,-0.0007938,0.0000000
2021-03-08,0.0025225,-0.0010778,0.0000000
2021-03-09,-0.0019664,0.0033917,0.0000000
2021-03-10,-0.0005664,-0.0001103,0.0000000
2021-03-11,0.0002726,0.0022324,0.0000000
2021-03-12,-0.0019658,-0.0028411,0.0000000
2021-03-15,0.0007524,-0.0000355,0.0000000
2021-03-16,-0.0013577,0.0002857,0.0000000
2021-03-17,-0.0007989,0.0004183,0.0000000
2021-03-18,0.0002592,-0.0020417,0.0000000
2021-03-19,-0.0009572,0.0015213,0.0000000
2021-03-22,-0.0011675,-0.0015431,0.0000000
2021-03-23,-0.0015047,-0.0001077,0.0000000
2021-03-24,-0.0012453,0.0007131,0.0000000
2021-03-25,0.0009135,-0.0003977,0.0000000
2021-03-26,-0.0007253,-0.0000813,0.0000000
2021-03-29,0.0056366,-0.0010311,0.0000000
2021-03-30,0.0087173,-0.0027710,0.0000000
2021-03-31,-0.0066098,-0.0001788,0.0000000
2021-04-01,-0.0070683,0.0019293,0.0000000
2021-04-05,0.0003726,-0.0003675,0.0000000
2021-04-06,-0.0047072,0.0010289,0.0000000
2021-04-07,0.0011942,-0.0004098,0.0000000
2021-04-08,-0.0053692,0.0015633,0.0000000
2021-04-09,0.0035942,-0.0016160,0.0000000
2021-04-12,0.0042812,-0.0009440,0.0000000
2021-04-13,-0.0056381,-0.0010151,0.0000000
2021-04-14,0.0012060,-0.0001709,0.0000000
2021-04-15,-0.0080121,0.0018399,0.0000000
2021-04-16,-0.0030895,0.0001667,0.0000000
2021-04-19,-0.0001498,0.0018713,0.0000000
2021-04-20,-0.0014111,0.0001857,0.0000000
2021-04-21,0.0010670,0.0006040,0.0000000
2021-04-22,-0.0004030,-0.0004551,0.0000000
2021-04-23,0.0004126,-0.0001151,0.0000000
2021-04-26,-0.0022978,0.0004526,0.0000000
2021-04-27,0.0004512,-0.0005689,0.0000000
2021-04-28,-0.0004352,-0.0014343,0.0000000
2021-04-29,0.0026181,-0.0000602,0.0000000
2021-04-30,0.0020136,-0.0007091,0.0000000
2021-05-03,-0.0131903,0.0014032,0.0000000
2021-05-04,0.0055950,-0.0012487,0.0000000
2021-05-05,-0.0012457,-0.0002839,0.0000000
2021-05-06,-0.0124324,0.0009810,0.0000000
2021-05-07,-0.0043033,0.0008037,0.0000000
2021-05-10,-0.0027356,0.0001874,0.0000000
2021-05-11,0.0024580,-0.0001025,0.0000000
2021-05-12,-0.0086373,-0.0007742,0.0000000
2021-05-13,0.0025936,-0.0005641,0.0000000
2021-05-14,0.0056441,0.0012445,0.0000000
2021-05-17,0.0100358,0.0014982,0.0000000
2021-05-18,0.0005494,0.0006222,0.0000000
2021-05-19,-0.0032885,-0.0003254,0.0000000
2021-05-20,0.0016050,0.0009709,0.0000000
2021-05-21,-0.0010454,-0.0004052,0.0000000
2021-05-24,0.0017662,-0.0001508,0.0000000
2021-05-25,0.0054692,0.0005655,0.0000000
2021-05-26,-0.0028518,0.0021055,0.0000000
2021-05-27,0.0010692,0.0006062,0.0000000
2021-05-28,0.0020992,-0.0013285,0.0000000
2021-05-31,0.0023059,0.0000000,0.0000000
2021-06-01,-0.0034578,0.0000000,0.0000000
2021-06-02,0.0038379,-0.0004057,0.0000000
2021-06-03,-0.0151192,-0.0031969,0.0000000
2021-06-04,0.0073516,0.0001578,0.0000000
2021-06-07,0.0026474,-0.0016226,0.0000000
2021-06-08,-0.0035739,-0.0012500,0.0000000
2021-06-09,0.0002439,-0.0000809,0.0000000
2021-06-10,0.0039339,-0.0023483,0.0000000
2021-06-11,-0.0053092,0.0002337,0.0000000
2021-06-14,-0.0030696,-0.0040817,0.0000000
2021-06-15,-0.0033102,-0.0000204,0.0000000
2021-06-16,-0.0161600,0.0003595,0.0000000
2021-06-17,-0.0173499,-0.0001992,0.0000000
2021-06-18,-0.0033663,0.0040497,0.0000000
2021-06-21,0.0055310,0.0028390,0.0000000
2021-06-22,-0.0024784,-0.0008925,0.0000000
2021-06-23,0.0010387,0.0006555,0.0000000
2021-06-24,-0.0003843,-0.0003469,0.0000000
2021-06-25,0.0025925,0.0015758,0.0000000
2021-06-28,-0.0007515,0.0003495,0.0000000
2021-06-29,-0.0067329,-0.0010135,0.0000000
2021-06-30,0.0052039,-0.0012687,0.0000000
2021-07-01,0.0004033,0.0014964,0.0000000
2021-07-02,0.0056150,0.0004711,0.0000000
2021-07-05,0.0014016,0.0012141,0.0000000
2021-07-06,-0.0016341,0.0033835,0.0000000
2021-07-07,0.0010860,0.0019312,0.0000000
2021-07-08,-0.0020583,0.0007914,0.0000000
2021-07-09,0.0024887,0.0004843,0.0000000
2021-07-12,0.0003106,-0.0009020,0.0000000
2021-07-13,-0.0013102,0.0008391,0.0000000
2021-07-14,0.0066339,0.0011248,0.0000000
2021-07-15,0.0012250,0.0007601,0.0000000
2021-07-16,-0.0104109,-0.0013856,0.0000000
2021-07-19,0.0036473,-0.0011980,0.0000000
2021-07-20,0.0017557,0.0003177,0.0000000
2021-07-21,-0.0043875,-0.0005684,0.0000000
2021-07-22,-0.0010777,-0.0005324,0.0000000
2021-07-23,0.0014346,0.0005683,0.0000000
2021-07-26,-0.0015389,0.0012314,0.0000000
2021-07-27,0.0052174,0.0002978,0.0000000
2021-07-28,-0.0010219,0.0005370,0.0000000
2021-07-29,-0.0005027,0.0020329,0.0000000
2021-07-30,-0.0026113,0.0003687,0.0000000
2021-08-02,0.0000848,-0.0013349,0.0000000
2021-08-03,-0.0005646,-0.0008637,0.0000000
2021-08-04,0.0015409,0.0010020,0.0000000
2021-08-05,0.0039650,0.0005307,0.0000000
2021-08-06,0.0186392,-0.0009704,0.0000000
2021-08-09,0.0157715,-0.0032149,0.0000000
2021-08-10,0.0011898,0.0014313,0.0000000
2021-08-11,-0.0074502,0.0008417,0.0000000
2021-08-12,0.0036713,0.0013348,0.0000000
2021-08-13,-0.0112770,0.0011143,0.0000000
2021-08-16,-0.0035469,-0.0008368,0.0000000
2021-08-17,0.0028972,0.0011490,0.0000000
2021-08-18,0.0003624,0.0008864,0.0000000
2021-08-19,0.0052474,-0.0012467,0.0000000
2021-08-20,0.0010926,0.0012954,0.0000000
2021-08-23,-0.0119500,0.0011063,0.0000000
2021-08-24,-0.0016061,-0.0006961,0.0000000
2021-08-25,0.0026514,-0.0016338,0.0000000
2021-08-26,0.0021738,-0.0007605,0.0000000
2021-08-27,-0.0099319,0.0020105,0.0000000
2021-08-30,0.0012360,-0.0008281,0.0000000
2021-08-31,0.0005735,0.0011223,0.0000000
2021-09-01,-0.0025873,-0.0004284,0.0000000
2021-09-02,0.0042267,0.0003067,0.0000000
2021-09-03,-0.0132021,0.0003829,0.0000000
2021-09-06,0.0011051,-0.0009411,0.0000000
2021-09-07,0.0095297,-0.0011281,0.0000000
2021-09-08,0.0042353,0.0010560,0.0000000
2021-09-09,-0.0019989,0.0008060,0.0000000
2021-09-10,0.0043000,0.0018260,0.0000000
2021-09-13,0.0008188,0.0002707,0.0000000
2021-09-14,0.0017249,-0.0006940,0.0000000
2021-09-15,-0.0029203,-0.0005673,0.0000000
2021-09-16,-0.0009177,-0.0017358,0.0000000
2021-09-17,0.0047413,0.0018256,0.0000000
2021-09-20,-0.0010206,-0.0000237,0.0000000
2021-09-21,-0.0048123,-0.0008196,0.0000000
2021-09-22,-0.0002581,0.0007090,0.0000000
2021-09-23,0.0075402,-0.0002480,0.0000000
2021-09-24,-0.0010776,0.0027632,0.0000000
2021-09-27,-0.0021070,0.0004799,0.0000000
2021-09-28,0.0055147,-0.0013593,0.0000000
2021-09-29,0.0105700,0.0014546,0.0000000
2021-09-30,-0.0133648,0.0012045,0.0000000
2021-10-01,-0.0041881,-0.0008367,0.0000000
2021-10-04,-0.0033281,-0.0019713,0.0000000
2021-10-05,0.0024430,-0.0022008,0.0000000
2021-10-06,-0.0003853,-0.0026475,0.0000000
2021-10-07,0.0014070,0.0007030,0.0000000
2021-10-08,-0.0008825,0.0001429,0.0000000
2021-10-11,0.0013905,-0.0000942,0.0000000
2021-10-12,-0.0012973,0.0006837,0.0000000
2021-10-13,-0.0121342,0.0011068,0.0000000
2021-10-14,-0.0042101,0.0002265,0.0000000
2021-10-15,0.0078078,-0.0018120,0.0000000
2021-10-18,0.0012814,-0.0005439,0.0000000
2021-10-19,-0.0050127,0.0034509,0.0000000
2021-10-20,-0.0080571,0.0013680,0.0000000
2021-10-21,0.0009030,0.0002123,0.0000000
2021-10-22,-0.0030532,0.0021796,0.0000000
2021-10-25,-0.0055929,0.0012580,0.0000000
2021-10-26,0.0063319,-0.0013474,0.0000000
2021-10-27,-0.0001964,-0.0010826,0.0000000
2021-10-28,-0.0004100,0.0009238,0.0000000
2021-10-29,0.0044566,-0.0008507,0.0000000
2021-11-01,0.0005996,0.0006782,0.0000000
2021-11-02,0.0030763,0.0005780,0.0000000
2021-11-03,-0.0038694,-0.0012730,0.0000000
2021-11-04,0.0025551,0.0005141,0.0000000
2021-11-05,0.0024424,0.0010310,0.0000000
2021-11-08,0.0039720,-0.0012191,0.0000000
2021-11-09,0.0003144,0.0001192,0.0000000
2021-11-10,0.0065776,-0.0013418,0.0000000
2021-11-11,0.0076944,0.0026551,0.0000000
2021-11-12,0.0011959,-0.0017500,0.0000000
2021-11-15,-0.0027205,-0.0024451,0.0000000
2021-11-16,-0.0045594,0.0020153,0.0000000
2021-11-17,0.0056264,0.0021060,0.0000000
2021-11-18,-0.0042278,-0.0004072,0.0000000
2021-11-19,-0.0044706,-0.0010141,0.0000000
2021-11-22,-0.0126947,-0.0004589,0.0000000
2021-11-23,-0.0077740,-0.0010854,0.0000000
2021-11-24,-0.0011515,0.0005126,0.0000000
2021-11-25,0.0004577,0.0009617,0.0000000
2021-11-26,-0.0034598,0.0000000,0.0000000
2021-11-29,0.0027393,0.0015657,0.0000000
2021-11-30,0.0028357,0.0020200,0.0000000
2021-12-01,0.0031675,0.0007531,0.0000000
2021-12-02,0.0020765,-0.0025647,0.0000000
2021-12-03,-0.0048039,0.0002384,0.0000000
2021-12-06,0.0027112,-0.0006958,0.0000000
2021-12-07,-0.0024044,0.0006479,0.0000000
2021-12-08,0.0006225,0.0009807,0.0000000
2021-12-09,0.0061485,0.0003636,0.0000000
2021-12-10,-0.0040400,-0.0008191,0.0000000
2021-12-13,-0.0011174,0.0007343,0.0000000
2021-12-14,0.0003215,-0.0003941,0.0000000
2021-12-15,0.0001079,-0.0007855,0.0000000
2021-12-16,0.0004579,0.0023187,0.0000000
2021-12-17,0.0009847,0.0020058,0.0000000
2021-12-20,-0.0006597,0.0003424,0.0000000
2021-12-21,-0.0029416,0.0015783,0.0000000
2021-12-22,0.0001417,-0.0004084,0.0000000
2021-12-23,0.0004132,0.0006527,0.0000000
2021-12-27,-0.0013965,-0.0007343,0.0000000
2021-12-28,-0.0007744,0.0009619,0.0000000
2021-12-29,0.0015522,-0.0004487,0.0000000
2021-12-30,0.0002210,-0.0006768,0.0000000
2021-12-31,0.0001480,0.0009143,0.0000000
2022-01-03,-0.0020458,-0.0014239,0.0000000
2022-01-04,0.0012716,0.0007225,0.0000000
2022-01-05,0.0017458,0.0006059,0.0000000
2022-01-06,0.0017272,-0.0036308,0.0000000
2022-01-07,-0.0006952,-0.0001202,0.0000000
2022-01-10,-0.0033924,0.0004903,0.0000000
2022-01-11,-0.0084929,0.0018126,0.0000000
2022-01-12,-0.0050857,-0.0009924,0.0000000
2022-01-13,0.0013607,-0.0010725,0.0000000
2022-01-14,0.0022652,0.0003967,0.0000000
2022-01-17,-0.0010075,0.0012106,0.0000000
2022-01-18,-0.0036866,-0.0015628,0.0000000
2022-01-19,-0.0142207,0.0004156,0.0000000
2022-01-20,-0.0031629,-0.0001746,0.0000000
2022-01-21,0.0028491,-0.0017544,0.0000000
2022-01-24,0.0049888,0.0013463,0.0000000
2022-01-25,0.0025766,-0.0010626,0.0000000
2022-01-26,-0.0040435,-0.0004402,0.0000000
2022-01-27,0.0026740,-0.0011840,0.0000000
2022-01-28,0.0016051,-0.0010626,0.0000000
2022-01-31,0.0016474,-0.0004357,0.0000000
2022-02-01,-0.0011640,0.0017358,0.0000000
2022-02-02,0.0011818,-0.0003825,0.0000000
2022-02-03,0.0018747,-0.0004110,0.0000000
2022-02-04,-0.0002363,0.0011080,0.0000000
2022-02-07,-0.0024283,0.0014882,0.0000000
2022-02-08,-0.0004624,-0.0002864,0.0000000
2022-02-09,0.0005104,0.0001605,0.0000000
2022-02-10,-0.0006736,-0.0004177,0.0000000
2022-02-11,0.0041737,-0.0000793,0.0000000
2022-02-14,0.0002566,-0.0007050,0.0000000
2022-02-15,0.0004460,-0.0025639,0.0000000
2022-02-16,0.0018477,0.0008959,0.0000000
2022-02-17,0.0045501,0.0039468,0.0000000
2022-02-18,-0.0010200,-0.0008339,0.0000000
2022-02-21,0.0006330,-0.0012710,0.0000000
2022-02-22,-0.0005493,-0.0031052,0.0000000
2022-02-23,0.0070500,-0.0014272,0.0000000
2022-02-24,-0.0044594,0.0085632,0.0000000
2022-02-25,-0.0033136,0.0023747,0.0000000
2022-02-28,0.0066562,-0.0046516,0.0000000
2022-03-01,0.0185963,0.0007904,0.0000000
2022-03-02,-0.0048571,-0.0012189,0.0000000
2022-03-03,0.0005829,0.0005603,0.0000000
2022-03-04,0.0125663,0.0005929,0.0000000
2022-03-07,0.0054051,0.0044584,0.0000000
2022-03-08,0.0174917,0.0021734,0.0000000
2022-03-09,-0.0165015,-0.0013140,0.0000000
2022-03-10,0.0021941,-0.0011302,0.0000000
2022-03-11,-0.0019528,-0.0004749,0.0000000
2022-03-14,-0.0143139,-0.0022184,0.0000000
2022-03-15,-0.0068032,-0.0031467,0.0000000
2022-03-16,0.0031003,0.0003071,0.0000000
2022-03-17,0.0050106,0.0023748,0.0000000
2022-03-18,-0.0068727,-0.0014711,0.0000000
2022-03-21,0.0042533,0.0009422,0.0000000
2022-03-22,-0.0061088,-0.0019546,0.0000000
2022-03-23,0.0065117,0.0008116,0.0000000
2022-03-24,0.0059068,-0.0007425,0.0000000
2022-03-25,-0.0003274,-0.0004671,0.0000000
2022-03-28,-0.0109713,-0.0038689,0.0000000
2022-03-29,-0.0014493,-0.0005619,0.0000000
2022-03-30,0.0027932,0.0002913,0.0000000
2022-03-31,-0.0000880,-0.0002322,0.0000000
2022-04-01,-0.0033068,-0.0009685,0.0000000
2022-04-04,0.0003940,0.0009117,0.0000000
2022-04-05,-0.0035447,-0.0007820,0.0000000
2022-04-06,0.0014841,-0.0004687,0.0000000
2022-04-07,0.0021274,0.0001756,0.0000000
2022-04-08,0.0040555,0.0000252,0.0000000
2022-04-11,0.0039401,-0.0001363,0.0000000
2022-04-12,0.0042378,-0.0000373,0.0000000
2022-04-13,0.0052778,0.0007274,0.0000000
2022-04-14,-0.0015605,-0.0003229,0.0000000
2022-04-18,0.0026402,0.0027430,0.0000000
2022-04-19,-0.0108287,-0.0001421,0.0000000
2022-04-20,0.0012344,-0.0009736,0.0000000
2022-04-21,-0.0056495,-0.0013610,0.0000000
2022-04-22,-0.0083554,-0.0001023,0.0000000
2022-04-25,-0.0104760,-0.0025199,0.0000000
2022-04-26,0.0002758,-0.0003232,0.0000000
2022-04-27,-0.0053258,-0.0012821,0.0000000
2022-04-28,-0.0000037,-0.0001145,0.0000000
2022-04-29,-0.0035478,0.0036998,0.0000000
2022-05-02,-0.0050469,-0.0018893,0.0000000
2022-05-03,0.0014178,-0.0011671,0.0000000
2022-05-04,-0.0020552,0.0004018,0.0000000
2022-05-05,0.0039317,0.0021193,0.0000000
2022-05-06,0.0026908,-0.0003858,0.0000000
2022-05-09,0.0006710,-0.0022192,0.0000000
2022-05-10,0.0024442,0.0008334,0.0000000
2022-05-11,-0.0008434,0.0017416,0.0000000
2022-05-12,0.0040096,-0.0002806,0.0000000
2022-05-13,-0.0060209,0.0001942,0.0060460
2022-05-16,-0.0027512,-0.0028898,0.0026290
2022-05-17,-0.0016354,-0.0001715,0.0015146
2022-05-18,0.0019516,0.0001512,-0.0020705
2022-05-19,-0.0005362,-0.0005329,0.0004173
2022-05-20,0.0021962,0.0005271,-0.0023152
2022-05-23,0.0007423,0.0018410,-0.0008601
2022-05-24,-0.0007776,0.0010385,0.0006596
2022-05-25,-0.0010879,-0.0013516,0.0009692
2022-05-26,-0.0005234,-0.0008518,0.0003947
2022-05-27,-0.0008651,0.0012538,0.0007418
2022-05-30,0.0019149,0.0009745,-0.0020381
2022-05-31,0.0005975,-0.0002940,-0.0007269
2022-06-01,-0.0011385,-0.0005569,0.0010102
2022-06-02,-0.0005374,0.0009143,0.0003967
2022-06-03,0.0001262,-0.0007285,-0.0002700
2022-06-06,-0.0035852,0.0002248,0.0034463
2022-06-07,0.0007423,0.0002443,-0.0008802
2022-06-08,0.0020419,-0.0004268,-0.0021894
2022-06-09,0.0021697,-0.0005282,-0.0023175
2022-06-10,0.0028723,-0.0004887,0.0000930
2022-06-13,-0.0026452,-0.0034878,0.0000000
2022-06-14,-0.0019946,0.0016140,0.0000000
2022-06-15,-0.0011995,0.0025251,0.0000000
2022-06-16,0.0017621,-0.0004767,0.0000000
2022-06-17,-0.0009032,-0.0016036,0.0000000
2022-06-20,0.0004580,0.0004026,0.0000000
2022-06-21,-0.0018411,-0.0000253,0.0000000
2022-06-22,0.0034591,-0.0012468,0.0000000
2022-06-23,0.0013174,-0.0000789,0.0000000
2022-06-24,-0.0010979,0.0014291,0.0000000
2022-06-27,-0.0008861,-0.0005794,0.0000000
2022-06-28,0.0023642,0.0008352,0.0000000
2022-06-29,0.0003515,-0.0005527,0.0000000
2022-06-30,0.0023038,-0.0005257,0.0000000
2022-07-01,0.0045798,-0.0025141,-0.0048717
2022-07-04,0.0003945,-0.0007745,0.0012662
2022-07-05,0.0163541,-0.0003196,0.0011207
2022-07-06,0.0052309,0.0006632,0.0050066
2022-07-07,-0.0006614,0.0011612,-0.0000136
2022-07-08,-0.0013916,-0.0007620,0.0005066
2022-07-11,0.0034807,-0.0013154,-0.0003869
2022-07-12,0.0034397,0.0001014,-0.0003832
2022-07-13,-0.0047800,0.0001576,0.0007825
2022-07-14,0.0134361,-0.0034720,-0.0030623
2022-07-15,-0.0026455,-0.0013924,0.0032638
2022-07-18,-0.0003622,0.0023272,-0.0002809
2022-07-19,-0.0014134,0.0004611,0.0002313
2022-07-20,0.0040256,-0.0008967,0.0022646
2022-07-21,-0.0067484,-0.0015487,-0.0028174
2022-07-22,0.0012094,-0.0004338,-0.0047406
2022-07-25,0.0027178,-0.0006186,0.0000436
2022-07-26,-0.0015275,0.0011540,0.0023940
2022-07-27,-0.0083190,0.0006204,0.0011191
2022-07-28,-0.0134467,0.0019956,0.0042005
2022-07-29,-0.0052210,0.0022276,-0.0002209
2022-08-01,-0.0013887,-0.0001647,0.0000000
2022-08-02,0.0055650,0.0000647,0.0000000
2022-08-03,-0.0017827,0.0010783,0.0000000
2022-08-04,-0.0063350,0.0014764,0.0000000
2022-08-05,0.0059305,-0.0001136,0.0000000
2022-08-08,-0.0105271,0.0007213,0.0000000
2022-08-09,0.0002600,-0.0003012,0.0000000
2022-08-10,-0.0003415,-0.0008063,0.0000000
2022-08-11,0.0029967,-0.0008329,0.0000000
2022-08-12,-0.0073747,-0.0001780,0.0000000
2022-08-15,0.0093913,-0.0032213,0.0000000
2022-08-16,0.0019336,-0.0006952,0.0000000
2022-08-17,0.0061087,-0.0005212,0.0000000
2022-08-18,0.0026002,0.0002649,0.0000000
2022-08-19,0.0071793,-0.0009867,0.0000000
2022-08-22,0.0025392,-0.0020174,0.0000000
2022-08-23,-0.0035749,0.0004359,0.0000000
2022-08-24,-0.0006423,0.0000191,0.0000000
2022-08-25,-0.0030523,0.0024594,0.0000000
2022-08-26,0.0079345,-0.0012251,0.0000000
2022-08-29,0.0010668,-0.0032086,0.0000000
2022-08-30,0.0060001,-0.0012902,0.0000000
2022-08-31,0.0070651,-0.0006625,0.0000000
2022-09-01,0.0046443,-0.0014283,0.0000000
2022-09-02,-0.0054624,0.0014645,0.0000000
2022-09-05,-0.0009910,-0.0005522,0.0000000
2022-09-06,0.0034138,0.0014091,0.0000000
2022-09-07,-0.0085289,0.0002236,0.0000000
2022-09-08,0.0017866,-0.0001336,0.0000000
2022-09-09,-0.0054460,0.0046645,0.0000000
2022-09-12,-0.0116660,0.0017238,0.0000000
2022-09-13,0.0095679,-0.0002552,0.0000000
2022-09-14,-0.0016359,0.0003174,0.0000000
2022-09-15,0.0121552,-0.0017780,0.0000000
2022-09-16,-0.0059691,-0.0022870,0.0000000
2022-09-19,-0.0002324,-0.0032965,0.0000000
2022-09-20,0.0048513,-0.0007360,0.0000000
2022-09-21,-0.0047526,0.0014812,0.0000000
2022-09-22,0.0000215,-0.0034986,0.0000000
2022-09-23,0.0132108,-0.0009871,0.0000000
2022-09-26,0.0094406,0.0000446,0.0000000
2022-09-27,-0.0019494,0.0039510,0.0000000
2022-09-28,-0.0123939,-0.0016905,0.0000000
2022-09-29,0.0005710,-0.0036043,0.0000000
2022-09-30,-0.0020054,0.0027769,0.0000000
2022-10-03,-0.0239977,0.0002499,0.0000000
2022-10-04,-0.0081994,0.0017840,0.0000000
2022-10-05,0.0049024,-0.0019678,0.0000000
2022-10-06,0.0006042,0.0017741,0.0000000
2022-10-07,0.0073843,-0.0004057,0.0000000
2022-10-10,0.0093467,-0.0027352,0.0000000
2022-10-11,0.0038645,-0.0008462,0.0000000
2022-10-12,-0.0007723,0.0005921,0.0000000
2022-10-13,0.0023982,-0.0002505,0.0000000
2022-10-14,0.0095858,0.0002763,0.0000000
2022-10-17,-0.0044920,0.0024918,0.0000000
2022-10-18,-0.0009303,0.0013222,0.0000000
2022-10-19,0.0067639,-0.0015400,0.0000000
2022-10-20,-0.0011567,0.0006253,0.0000000
2022-10-21,-0.0126324,-0.0008897,0.0000000
2022-10-24,0.0031688,-0.0018537,0.0000000
2022-10-25,-0.0018107,-0.0010299,0.0000000
2022-10-26,-0.0041707,0.0037639,0.0000000
2022-10-27,-0.0000451,-0.0003211,0.0000000
2022-10-28,0.0066138,-0.0020807,0.0000000
2022-10-31,0.0030132,-0.0016221,0.0000000
2022-11-01,-0.0068575,0.0031659,0.0000000
2022-11-02,0.0056663,0.0011173,0.0000000
2022-11-03,-0.0007107,-0.0015617,0.0000000
2022-11-04,-0.0214562,0.0034055,0.0000000
2022-11-07,0.0018467,0.0000126,0.0000000
2022-11-08,-0.0107444,-0.0014664,0.0000000
2022-11-09,0.0028119,0.0003760,0.0000000
2022-11-10,-0.0129491,0.0000665,0.0000000
2022-11-11,-0.0027991,0.0017911,0.0000000
2022-11-14,-0.0016610,-0.0007414,0.0000000
2022-11-15,0.0011264,0.0011583,0.0000000
2022-11-16,0.0015045,0.0001982,0.0000000
2022-11-17,0.0052132,-0.0011764,0.0000000
2022-11-18,0.0016921,0.0003439,0.0000000
2022-11-21,0.0026597,-0.0013861,0.0000000
2022-11-22,-0.0018924,0.0010532,0.0000000
2022-11-23,-0.0045985,-0.0000810,0.0000000
2022-11-24,-0.0007810,0.0009910,0.0000000
2022-11-25,0.0003067,-0.0004920,0.0000000
2022-11-28,0.0055656,0.0005076,0.0000000
2022-11-29,-0.0034808,0.0028372,0.0000000
2022-11-30,-0.0089673,0.0016323,0.0000000
2022-12-01,-0.0091663,0.0014918,0.0000000
2022-12-02,-0.0014004,-0.0001188,0.0000000
2022-12-05,-0.0002055,0.0002102,0.0000000
2022-12-06,-0.0009208,0.0007128,0.0000000
2022-12-07,0.0006497,0.0007418,0.0000000
2022-12-08,0.0014146,-0.0006942,0.0000000
2022-12-09,0.0012075,0.0002610,0.0000000
2022-12-12,0.0014701,-0.0009270,0.0000000
2022-12-13,-0.0025552,0.0007939,0.0000000
2022-12-14,0.0016244,-0.0002642,0.0000000
2022-12-15,0.0000898,-0.0045979,0.0000000
2022-12-16,-0.0018138,0.0001664,0.0000000
2022-12-19,-0.0005793,0.0006905,0.0000000
2022-12-20,0.0019070,0.0025509,0.0000000
2022-12-21,-0.0005597,-0.0004164,0.0000000
2022-12-22,0.0012916,0.0006445,0.0000000
2022-12-23,-0.0000318,0.0007416,0.0000000
2022-12-27,0.0032501,0.0010028,0.0000000
2022-12-28,-0.0046643,-0.0017301,0.0000000
2022-12-29,0.0039209,0.0010005,0.0000000
2022-12-30,0.0019305,0.0004313,0.0000000
2023-01-03,0.0028216,0.0014835,0.0000000
2023-01-04,0.0009095,0.0035089,0.0000000
2023-01-05,-0.0070531,-0.0013627,0.0000000
2023-01-06,0.0091968,0.0010919,0.0000000
2023-01-09,0.0000366,0.0009498,0.0000000
2023-01-10,0.0002912,0.0006759,0.0000000
2023-01-11,-0.0013835,0.0011049,0.0000000
2023-01-12,0.0058919,0.0010805,0.0000000
2023-01-13,0.0068180,0.0017566,0.0000000
2023-01-16,-0.0011281,-0.0014721,0.0000000
2023-01-17,-0.0029848,-0.0009491,0.0000000
2023-01-18,-0.0038671,0.0006929,0.0000000
2023-01-19,0.0071990,0.0012210,0.0000000
2023-01-20,-0.0005532,-0.0005919,0.0000000
2023-01-23,-0.0023718,-0.0004262,0.0000000
2023-01-24,0.0022806,0.0011722,0.0000000
2023-01-25,0.0032472,-0.0014359,0.0000000
2023-01-26,-0.0030910,-0.0008650,0.0000000
2023-01-27,-0.0021534,-0.0005046,0.0000000
2023-01-30,-0.0009488,0.0000000,0.0000000
2023-01-31,0.0016253,-0.0028851,0.0000000
2023-02-01,0.0058917,-0.0004157,0.0000000
2023-02-02,-0.0105871,0.0011186,0.0000000
2023-02-03,-0.0168600,0.0000097,0.0000000
2023-02-06,-0.0005651,0.0024335,0.0000000
2023-02-07,0.0003310,0.0009273,0.0000000
2023-02-08,0.0016585,0.0021184,0.0000000
2023-02-09,-0.0052777,0.0015927,0.0000000
2023-02-10,0.0006808,0.0010547,0.0000000
2023-02-13,-0.0021280,-0.0003531,0.0000000
2023-02-14,-0.0013110,0.0012570,0.0000000
2023-02-15,-0.0052887,-0.0038896,0.0000000
2023-02-16,-0.0004445,0.0002977,0.0000000
2023-02-17,0.0023901,-0.0027221,0.0000000
2023-02-20,0.0004287,0.0005299,0.0000000
2023-02-21,-0.0007726,-0.0013262,0.0000000
2023-02-22,-0.0047513,0.0000000,0.0000000
2023-02-23,-0.0023253,0.0000000,0.0000000
2023-02-24,-0.0065644,0.0000000,0.0000000
2023-02-27,-0.0004025,0.0000000,0.0000000
2023-02-28,0.0047733,-0.0012884,0.0000000
2023-03-01,0.0025588,0.0019072,0.0000000
2023-03-02,-0.0008337,-0.0005856,0.0000000
2023-03-03,0.0069337,0.0016517,0.0000000
2023-03-06,-0.0036509,0.0000000,0.0000000
2023-03-07,-0.0161010,-0.0000761,0.0000000
2023-03-08,-0.0001660,0.0000000,0.0000000
2023-03-09,0.0034010,0.0007968,0.0000000
2023-03-10,0.0125668,0.0000000,0.0000000
2023-03-13,0.0194295,0.0000000,0.0000000
2023-03-14,-0.0030247,-0.0010965,0.0000000
2023-03-15,0.0034859,-0.0031065,0.0000000
2023-03-16,-0.0004501,0.0000000,0.0000000
2023-03-17,0.0197304,0.0014031,0.0000000
2023-03-20,-0.0017469,0.0000000,0.0000000
2023-03-21,-0.0075615,-0.0019476,0.0000000
2023-03-22,0.0101145,0.0000963,0.0000000
2023-03-23,0.0047583,0.0000000,0.0000000
2023-03-24,-0.0020412,0.0000000,0.0000000
2023-03-27,-0.0042856,-0.0014608,0.0000000
2023-03-28,0.0044663,-0.0003208,0.0000000
2023-03-29,-0.0010900,-0.0017615,0.0000000
2023-03-30,0.0068168,0.0000000,0.0000000
2023-03-31,-0.0006106,-0.0007974,0.0000000
2023-04-03,0.0016193,-0.0017330,0.0000000
2023-04-04,0.0135506,-0.0002509,0.0000000
2023-04-05,-0.0005050,0.0000000,0.0000000
2023-04-06,-0.0020390,0.0000000,0.0000000
2023-04-10,-0.0031873,0.0000000,0.0000000
2023-04-11,0.0031015,0.0000000,0.0000000
2023-04-12,0.0048131,0.0014119,0.0000000
2023-04-13,0.0059965,0.0015074,0.0000000
2023-04-14,-0.0087526,-0.0001157,0.0000000
2023-04-17,-0.0032594,0.0000000,0.0000000
2023-04-18,0.0023957,0.0010662,0.0000000
2023-04-19,-0.0009400,0.0000000,0.0000000
2023-04-20,0.0012201,0.0003234,0.0000000
2023-04-21,-0.0050729,0.0000000,0.0000000
2023-04-24,0.0018748,0.0000000,0.0000000
2023-04-25,0.0005875,0.0000000,0.0000000
2023-04-26,-0.0027804,0.0000623,0.0000000
2023-04-27,0.0001088,0.0000000,0.0000000
2023-04-28,0.0012512,0.0000000,0.0000000
2023-05-01,-0.0021564,0.0000000,0.0000000
2023-05-02,0.0086000,0.0000000,0.0000000
2023-05-03,0.0051481,0.0000000,0.0000000
2023-05-04,0.0053423,-0.0008069,0.0000000
2023-05-05,-0.0075825,0.0000000,0.0000000
2023-05-08,-0.0005611,0.0000000,0.0000000
2023-05-09,0.0025161,0.0005825,0.0000000
2023-05-10,-0.0024341,0.0000000,0.0000000
2023-05-11,-0.0117036,0.0000000,0.0000000
2023-05-12,-0.0019697,0.0000000,0.0000000
2023-05-15,0.0012606,0.0000000,0.0000000
2023-05-16,-0.0063115,0.0000000,0.0000000
2023-05-17,-0.0012592,0.0000000,0.0000000
2023-05-18,-0.0059179,0.0000000,0.0000000
2023-05-19,0.0053604,0.0015422,0.0000000
2023-05-22,-0.0021070,-0.0000207,0.0000000
2023-05-23,-0.0010289,0.0000000,0.0000000
2023-05-24,-0.0059756,-0.0001728,0.0000000
2023-05-25,-0.0050743,0.0000000,0.0000000
2023-05-26,0.0053688,0.0000000,0.0000000
2023-05-29,-0.0015458,0.0000000,0.0000000
2023-05-30,0.0023217,-0.0002978,0.0000000
2023-05-31,0.0033806,-0.0005021,0.0000000
2023-06-01,0.0032017,-0.0011077,0.0000000
2023-06-02,-0.0045140,-0.0001955,0.0000000
2023-06-05,0.0015766,-0.0012281,0.0000000
2023-06-06,-0.0000049,0.0000000,0.0000000
2023-06-07,-0.0021550,0.0000000,0.0000000
2023-06-08,-0.0039916,0.0010602,0.0000000
2023-06-09,-0.0009132,-0.0004364,0.0000000
2023-06-12,-0.0014977,0.0000000,0.0000000
2023-06-13,-0.0065547,0.0008292,0.0000000
2023-06-14,0.0021706,0.0000000,0.0000000
2023-06-15,0.0023323,-0.0017364,0.0000000
2023-06-16,0.0029374,0.0007943,0.0000000
2023-06-19,-0.0034931,0.0000000,0.0000000
2023-06-20,-0.0098328,0.0007618,0.0000000
2023-06-21,-0.0056440,0.0000000,0.0000000
2023-06-22,-0.0085428,0.0000000,0.0000000
2023-06-23,0.0035175,0.0008229,0.0000000
2023-06-26,-0.0032207,0.0000000,0.0000000
2023-06-27,-0.0023482,0.0010379,0.0000000
2023-06-28,0.0010176,0.0000000,0.0000000
2023-06-29,0.0004569,0.0000000,0.0000000
2023-06-30,0.0003587,-0.0006317,0.0000000
2023-07-03,-0.0010201,0.0000000,0.0000000
2023-07-04,-0.0001282,0.0000000,0.0000000
2023-07-05,-0.0035845,0.0002715,0.0000000
2023-07-06,0.0029794,0.0000000,0.0000000
2023-07-07,-0.0010161,0.0009215,0.0000000
2023-07-10,-0.0005575,0.0000000,0.0000000
2023-07-11,-0.0013817,0.0017212,0.0000000
2023-07-12,-0.0156798,0.0005050,0.0000000
2023-07-13,-0.0072124,0.0012182,0.0000000
2023-07-14,0.0000771,-0.0007950,0.0000000
2023-07-17,0.0004876,0.0000000,0.0000000
2023-07-18,0.0068890,0.0000000,0.0000000
2023-07-19,0.0006951,-0.0002103,0.0000000
2023-07-20,-0.0049589,0.0000000,0.0000000
2023-07-21,-0.0033843,-0.0012306,0.0000000
2023-07-24,-0.0037589,0.0002775,0.0000000
2023-07-25,0.0048316,0.0015481,0.0000000
2023-07-26,0.0042763,0.0013868,0.0000000
2023-07-27,-0.0138577,0.0020017,0.0000000
2023-07-28,0.0050289,0.0000000,0.0000000
2023-07-31,0.0048436,-0.0010269,0.0000000
2023-08-01,-0.0089026,-0.0024733,0.0000000
2023-08-02,-0.0052193,-0.0004359,0.0000000
2023-08-03,-0.0030352,0.0006986,0.0000000
2023-08-04,0.0026532,-0.0003067,0.0000000
2023-08-07,-0.0062578,-0.0014297,0.0000000
2023-08-08,-0.0058267,-0.0016425,0.0000000
2023-08-09,-0.0042469,0.0014027,0.0000000
2023-08-10,-0.0000544,0.0011039,0.0000000
2023-08-11,0.0002415,0.0014233,0.0000000
2023-08-14,-0.0028784,0.0004831,0.0000000
2023-08-15,-0.0019338,-0.0007063,0.0000000
2023-08-16,-0.0043531,0.0008765,0.0000000
2023-08-17,0.0021528,0.0012167,0.0000000
2023-08-18,0.0006793,0.0008440,0.0000000
2023-08-21,0.0065608,-0.0004675,0.0000000
2023-08-22,0.0016054,0.0018298,0.0000000
2023-08-23,0.0124819,0.0016671,0.0000000
2023-08-24,-0.0007675,0.0012721,0.0000000
2023-08-25,0.0004778,-0.0007190,0.0000000
2023-08-28,0.0009887,-0.0004588,0.0000000
2023-08-29,0.0094110,0.0009115,0.0000000
2023-08-30,0.0003384,-0.0003000,0.0000000
2023-08-31,-0.0020882,0.0005077,0.0000000
2023-09-01,-0.0025456,0.0011551,0.0000000
2023-09-04,-0.0019323,0.0010465,0.0000000
2023-09-05,-0.0079467,-0.0008564,0.0000000
2023-09-06,-0.0061562,-0.0008961,0.0000000
2023-09-07,-0.0010780,0.0004166,0.0000000
2023-09-08,-0.0008515,0.0014878,0.0000000
2023-09-11,-0.0022050,0.0019577,0.0000000
2023-09-12,0.0028076,-0.0009123,0.0000000
2023-09-13,0.0039084,-0.0000561,0.0000000
2023-09-14,0.0008453,-0.0009460,0.0000000
2023-09-15,-0.0081525,0.0025088,0.0000000
2023-09-18,-0.0057319,0.0008501,0.0000000
2023-09-19,0.0011427,0.0003074,0.0000000
2023-09-20,-0.0000901,-0.0008361,0.0000000
2023-09-21,0.0016827,-0.0013267,0.0000000
2023-09-22,-0.0028171,0.0027694,0.0000000
2023-09-25,0.0065926,-0.0004427,0.0000000
2023-09-26,0.0076642,-0.0008772,0.0000000
2023-09-27,0.0114752,-0.0012790,0.0000000
2023-09-28,0.0022281,0.0001426,0.0000000
2023-09-29,0.0092697,0.0025410,0.0000000
2023-10-02,0.0176627,-0.0024531,0.0000000
2023-10-03,0.0004298,-0.0014686,0.0000000
2023-10-04,0.0019621,0.0001206,0.0000000
2023-10-05,0.0004748,-0.0002564,0.0000000
2023-10-06,-0.0104166,0.0002782,0.0000000
2023-10-09,-0.0122703,0.0007409,0.0000000
2023-10-10,0.0002416,-0.0012882,0.0000000
2023-10-11,-0.0064175,0.0024189,0.0000000
2023-10-12,0.0035559,0.0012804,0.0000000
2023-10-13,-0.0285773,0.0030401,0.0000000
2023-10-16,0.0045473,-0.0038451,0.0000000
2023-10-17,-0.0028391,0.0000971,0.0000000
2023-10-18,-0.0058897,0.0037017,0.0000000
2023-10-19,-0.0079230,0.0003027,0.0000000
2023-10-20,-0.0044069,0.0011504,0.0000000
2023-10-23,0.0054742,0.0025898,0.0000000
2023-10-24,0.0007054,0.0005088,0.0000000
2023-10-25,-0.0014669,-0.0001231,0.0000000
2023-10-26,-0.0006544,0.0023783,0.0000000
2023-10-27,-0.0078572,0.0005160,0.0000000
2023-10-30,0.0004075,-0.0017128,0.0000000
2023-10-31,0.0067445,0.0003279,0.0000000
2023-11-01,-0.0005272,-0.0005730,0.0000000
2023-11-02,0.0008586,0.0005835,0.0000000
2023-11-03,-0.0059204,0.0007089,0.0000000
2023-11-06,-0.0014596,-0.0013233,0.0000000
2023-11-07,0.0021275,-0.0023895,0.0000000
2023-11-08,-0.0037299,-0.0001171,0.0000000
2023-11-09,0.0008523,-0.0002215,0.0000000
2023-11-10,-0.0007999,-0.0007818,0.0000000
2023-11-13,-0.0023535,-0.0004324,0.0000000
2023-11-14,-0.0113390,-0.0001372,0.0000000
2023-11-15,-0.0023867,0.0018879,0.0000000
2023-11-16,-0.0074427,0.0016451,0.0000000
2023-11-17,0.0002143,0.0016517,0.0000000
2023-11-20,-0.0019800,-0.0002697,0.0000000
2023-11-21,0.0067393,0.0019982,0.0000000
2023-11-22,-0.0024869,0.0001141,0.0000000
2023-11-23,0.0010266,0.0012266,0.0000000
2023-11-24,0.0073458,0.0002309,0.0000000
2023-11-27,0.0055220,0.0025097,0.0000000
2023-11-28,0.0081860,0.0003342,0.0000000
2023-11-29,0.0009406,0.0002653,0.0000000
2023-11-30,0.0005759,-0.0009876,0.0000000
2023-12-01,0.0086841,0.0016313,0.0000000
2023-12-04,-0.0163581,-0.0005740,0.0000000
2023-12-05,-0.0045816,0.0008625,0.0000000
2023-12-06,-0.0012655,0.0011430,0.0000000
2023-12-07,-0.0001882,0.0012324,0.0000000
2023-12-08,-0.0111540,-0.0000612,0.0000000
2023-12-11,-0.0059954,-0.0012703,0.0000000
2023-12-12,-0.0008699,0.0002352,0.0000000
2023-12-13,0.0174069,0.0000278,0.0000000
2023-12-14,0.0044288,0.0016719,0.0000000
2023-12-15,-0.0051068,0.0005198,0.0000000
2023-12-18,0.0006133,0.0008292,0.0000000
2023-12-19,0.0040766,-0.0000307,0.0000000
2023-12-20,-0.0006736,0.0001700,0.0000000
2023-12-21,0.0042648,0.0007222,0.0000000
2023-12-22,-0.0004543,0.0004302,0.0000000
2023-12-26,0.0026079,0.0013627,0.0000000
2023-12-27,0.0020636,-0.0000825,0.0000000
2023-12-28,-0.0045369,0.0000210,0.0000000
2023-12-29,-0.0021363,0.0004235,0.0000000
2024-01-02,0.0007814,0.0017389,0.0000000
2024-01-03,0.0027009,0.0002644,0.0000000
2024-01-04,0.0001420,0.0007610,0.0000000
2024-01-05,-0.0013377,-0.0002292,0.0000000
2024-01-08,-0.0021903,-0.0028637,0.0000000
2024-01-09,0.0013005,0.0011277,0.0000000
2024-01-10,-0.0005035,0.0010667,0.0000000
2024-01-11,0.0022482,0.0012638,0.0000000
2024-01-12,-0.0012253,0.0021256,0.0000000
2024-01-15,0.0025433,0.0015491,0.0000000
2024-01-16,-0.0034403,-0.0022581,0.0000000
2024-01-17,-0.0012107,-0.0011889,0.0000000
2024-01-18,0.0015058,0.0007953,0.0000000
2024-01-19,0.0024772,0.0010728,0.0000000
2024-01-22,0.0031883,-0.0015674,0.0000000
2024-01-23,-0.0017852,0.0014888,0.0020061
2024-01-24,-0.0050686,0.0004161,0.0049215
2024-01-25,-0.0010631,-0.0000870,0.0009172
2024-01-26,0.0004306,0.0000313,-0.0005780
2024-01-29,-0.0008123,0.0013733,0.0006660
2024-01-30,0.0009060,0.0009903,-0.0010524
2024-01-31,0.0025158,0.0003092,-0.0026630
2024-02-01,0.0009040,0.0003612,-0.0010514
2024-02-02,0.0013515,-0.0000576,-0.0014995
2024-02-05,0.0002010,-0.0033879,-0.0003495
2024-02-06,0.0012990,-0.0002015,-0.0014458
2024-02-07,0.0017010,-0.0005603,-0.0018505
2024-02-08,-0.0035930,-0.0008552,0.0034452
2024-02-09,-0.0023612,-0.0003976,0.0022069
2024-02-12,0.0006301,-0.0000674,0.0014635
2024-02-13,-0.0110926,0.0012988,0.0001428
2024-02-14,0.0018226,-0.0009067,0.0021355
2024-02-15,0.0080244,0.0006804,0.0030969
2024-02-16,0.0063824,0.0001853,0.0026915
2024-02-19,-0.0031486,0.0010444,-0.0050840
2024-02-20,0.0013280,0.0009781,-0.0012581
2024-02-21,-0.0004186,0.0005023,-0.0011497
2024-02-22,-0.0017670,0.0016115,-0.0012026
2024-02-23,0.0041598,-0.0009633,-0.0003645
2024-02-26,-0.0049859,-0.0001626,-0.0031746
2024-02-27,-0.0011264,0.0015939,-0.0007409
2024-02-28,0.0009943,-0.0008236,-0.0008345
2024-02-29,0.0044310,0.0006242,-0.0002106
2024-03-01,0.0135486,-0.0008585,-0.0047092
2024-03-04,0.0142308,0.0003207,0.0003112
2024-03-05,0.0007993,0.0012217,-0.0047818
2024-03-06,0.0088691,-0.0005657,0.0003525
2024-03-07,0.0038025,0.0014463,-0.0011748
2024-03-08,0.0039236,0.0012864,-0.0041741
2024-03-11,0.0014478,-0.0000310,0.0000261
2024-03-12,-0.0098554,-0.0008584,0.0011197
2024-03-13,0.0138978,-0.0002222,0.0065961
2024-03-14,-0.0046383,-0.0012260,0.0008974
2024-03-15,0.0019309,0.0016232,0.0046982
2024-03-18,-0.0004715,-0.0004040,-0.0024508
2024-03-19,-0.0025200,-0.0019050,-0.0011553
2024-03-20,0.0131689,-0.0006412,0.0000086
2024-03-21,-0.0082407,0.0000677,-0.0060305
2024-03-22,-0.0041105,-0.0029813,0.0028408
2024-03-25,0.0013372,-0.0002284,-0.0014017
2024-03-26,-0.0002801,0.0013251,-0.0034875
2024-03-27,0.0049895,-0.0003103,-0.0019760
2024-03-28,0.0110928,0.0004040,-0.0058430
2024-04-01,0.0045540,0.0037733,-0.0033511
2024-04-02,0.0147323,0.0009319,0.0031425
2024-04-03,0.0120381,-0.0019350,0.0041892
2024-04-04,-0.0038551,-0.0012949,-0.0002492
2024-04-05,0.0113630,-0.0002933,-0.0034669
2024-04-08,0.0040546,0.0026625,0.0001164
2024-04-09,0.0049396,0.0027546,0.0000837
2024-04-10,-0.0063447,0.0000683,0.0000000
2024-04-11,0.0118186,0.0004710,0.0000000
2024-04-12,-0.0092300,0.0050957,0.0000000
2024-04-15,0.0139319,0.0000784,0.0000000
2024-04-16,-0.0049344,-0.0030584,0.0000000
2024-04-17,-0.0033131,0.0000319,0.0000000
2024-04-18,0.0034468,0.0027518,0.0000000
2024-04-19,0.0046832,0.0011982,0.0000000
2024-04-22,-0.0206839,-0.0042626,0.0000000
2024-04-23,0.0000384,-0.0029489,0.0000000
2024-04-24,-0.0019599,-0.0002205,0.0000000
2024-04-25,0.0041932,0.0016735,0.0000000
2024-04-26,-0.0005042,0.0021204,0.0000000
2024-04-29,-0.0008099,0.0000859,0.0000000
2024-04-30,-0.0132996,-0.0027014,0.0000000
2024-05-01,0.0056387,-0.0001088,0.0000000
2024-05-02,-0.0005651,-0.0015877,0.0000000
2024-05-03,-0.0011386,-0.0006732,0.0000000
2024-05-06,0.0086952,0.0026521,0.0000000
2024-05-07,-0.0027266,-0.0007063,0.0000000
2024-05-08,-0.0002545,-0.0013454,0.0000000
2024-05-09,0.0119321,0.0001073,0.0000000
2024-05-10,0.0010235,0.0030820,0.0000000
2024-05-13,-0.0033694,-0.0021615,0.0000000
2024-05-14,0.0055419,0.0005493,0.0000000
2024-05-15,0.0097816,0.0006934,0.0000000
2024-05-16,-0.0016392,0.0003736,0.0000000
2024-05-17,0.0159863,0.0010066,0.0000000
2024-05-20,0.0029346,0.0033780,-0.0002556
2024-05-21,-0.0001142,-0.0009546,-0.0014636
2024-05-22,-0.0116848,-0.0005950,-0.0001707
2024-05-23,-0.0097021,-0.0030367,-0.0037310
2024-05-24,0.0016873,0.0012315,-0.0004789
2024-05-27,0.0084361,0.0002312,-0.0039847
2024-05-28,0.0033661,-0.0010338,-0.0007428
2024-05-29,-0.0038543,-0.0013672,-0.0025218
2024-05-30,-0.0029098,-0.0004347,0.0041786
2024-05-31,-0.0057418,-0.0006523,0.0013361
2024-06-03,0.0045989,-0.0002781,0.0016394
2024-06-04,-0.0088476,-0.0015043,0.0023810
2024-06-05,0.0061013,0.0006830,0.0013659
2024-06-06,0.0086929,0.0009524,-0.0033852
2024-06-07,-0.0202087,-0.0002435,-0.0014355
2024-06-10,0.0045460,0.0001906,-0.0003602
2024-06-11,-0.0012465,-0.0009771,0.0025902
2024-06-12,0.0028370,-0.0002968,-0.0009334
2024-06-13,-0.0058381,-0.0009499,0.0006694
2024-06-14,0.0060507,0.0014387,0.0008420
2024-06-17,-0.0022105,-0.0017874,-0.0011136
2024-06-18,0.0016823,-0.0003908,0.0007297
2024-06-19,0.0005682,0.0003236,-0.0010205
2024-06-20,0.0081862,0.0012249,-0.0005086
2024-06-21,-0.0094690,0.0003643,0.0003484
2024-06-24,0.0013157,0.0008944,0.0014676
2024-06-25,-0.0043574,-0.0010872,0.0007794
2024-06-26,-0.0032237,-0.0004926,-0.0020486
2024-06-27,0.0045221,0.0004433,0.0026755
2024-06-28,0.0004773,-0.0000533,-0.0009178
2024-07-01,0.0019708,-0.0004015,-0.0007947
2024-07-02,0.0000240,-0.0000768,-0.0006485
2024-07-03,0.0073903,0.0019135,-0.0010034
2024-07-04,-0.0014217,0.0000035,0.0015149
2024-07-05,0.0087460,0.0009842,-0.0004398
2024-07-08,-0.0058540,-0.0010021,-0.0020183
2024-07-09,0.0007198,0.0000084,0.0004429
2024-07-10,0.0009486,0.0011096,0.0007349
2024-07-11,0.0080575,0.0010034,0.0026104
2024-07-12,-0.0032867,-0.0013947,0.0022110
2024-07-15,0.0008614,-0.0006444,0.0018073
2024-07-16,0.0082168,0.0018155,0.0032393
2024-07-17,-0.0052570,0.0006755,0.0028228
2024-07-18,-0.0038090,0.0015809,0.0004080
2024-07-19,-0.0080284,-0.0031841,-0.0027978
2024-07-22,-0.0010285,0.0000802,-0.0001316
2024-07-23,0.0020011,0.0002037,0.0010301
2024-07-24,-0.0029971,0.0006642,-0.0000877
2024-07-25,-0.0091009,-0.0029305,0.0007569
2024-07-26,0.0031131,0.0009312,-0.0000913
2024-07-29,-0.0006539,0.0004174,0.0000000
2024-07-30,0.0057271,0.0008046,0.0000000
2024-07-31,0.0073617,0.0008006,0.0000000
2024-08-01,-0.0024029,-0.0010732,0.0000000
2024-08-02,-0.0001337,0.0018630,0.0000000
2024-08-05,-0.0101459,-0.0015250,0.0000000
2024-08-06,-0.0037986,-0.0000174,0.0000000
2024-08-07,-0.0028210,-0.0002325,0.0000000
2024-08-08,0.0100696,0.0015507,0.0000000
2024-08-09,0.0000347,-0.0005235,0.0000000
2024-08-12,0.0076292,0.0012827,0.0000000
2024-08-13,-0.0017349,-0.0007965,0.0000000
2024-08-14,-0.0034356,0.0004590,0.0000000
2024-08-15,0.0052000,0.0010282,0.0000000
2024-08-16,0.0094978,0.0006117,0.0000000
2024-08-19,0.0015736,-0.0007068,0.0000000
2024-08-20,0.0010614,0.0013162,0.0000000
2024-08-21,0.0005329,-0.0004653,0.0000000
2024-08-22,-0.0062804,-0.0006252,0.0000000
2024-08-23,0.0073979,0.0010286,0.0000000
2024-08-26,0.0007472,0.0011322,0.0000000
2024-08-27,0.0012659,-0.0015680,0.0000000
2024-08-28,-0.0065608,-0.0018280,0.0000000
2024-08-29,0.0034357,0.0017784,0.0000000
2024-08-30,-0.0051140,-0.0002317,0.0000000
2024-09-02,-0.0022622,-0.0006559,0.0000000
2024-09-03,-0.0039755,0.0001512,0.0000000
2024-09-04,0.0016949,-0.0014808,0.0000000
2024-09-05,0.0060260,0.0015191,0.0000000
2024-09-06,-0.0079488,-0.0000261,0.0000000
2024-09-09,0.0038178,-0.0004655,0.0000000
2024-09-10,0.0015915,-0.0005229,0.0000000
2024-09-11,0.0006043,0.0006571,0.0000000
2024-09-12,0.0133902,0.0005726,0.0000000
2024-09-13,0.0068919,0.0015556,0.0000000
2024-09-16,0.0006672,0.0003676,0.0000000
2024-09-17,-0.0019497,0.0001956,0.0000000
2024-09-18,-0.0048502,0.0003132,0.0000000
2024-09-19,0.0076267,0.0034614,0.0000000
2024-09-20,0.0066635,0.0027720,0.0000000
2024-09-23,-0.0015792,-0.0008498,0.0000000
2024-09-24,0.0109551,0.0000268,0.0000000
2024-09-25,-0.0013848,-0.0001049,0.0000000
2024-09-26,0.0023892,0.0009846,0.0000000
2024-09-27,-0.0036203,-0.0009485,0.0000000
2024-09-30,-0.0051795,-0.0010264,0.0000000
2024-10-01,0.0052847,0.0014836,0.0000000
2024-10-02,0.0012989,-0.0010120,0.0000000
2024-10-03,0.0005652,-0.0018403,0.0000000
2024-10-04,0.0004545,0.0007446,0.0000000
2024-10-07,-0.0040604,0.0001447,0.0000000
2024-10-08,-0.0083960,-0.0012179,0.0000000
2024-10-09,-0.0028093,-0.0013622,0.0000000
2024-10-10,0.0066984,0.0013203,0.0000000
2024-10-11,0.0052422,0.0022876,0.0000000
2024-10-14,-0.0024974,0.0005016,0.0000000
2024-10-15,0.0034698,0.0004515,0.0000000
2024-10-16,0.0025263,0.0019160,0.0000000
2024-10-17,0.0026844,0.0012366,0.0000000
2024-10-18,0.0151014,0.0014221,0.0000000
2024-10-21,-0.0008824,0.0014060,0.0000000
2024-10-22,0.0091622,0.0018837,0.0000000
2024-10-23,-0.0091997,0.0008803,0.0000000
2024-10-24,0.0022021,0.0025983,0.0000000
2024-10-25,0.0023699,-0.0013690,0.0000000
2024-10-28,-0.0010176,-0.0004479,0.0000000
2024-10-29,0.0085201,0.0018059,0.0000000
2024-10-30,-0.0013223,0.0010038,0.0000000
2024-10-31,-0.0116544,-0.0012971,0.0000000
2024-11-01,-0.0010999,0.0010053,0.0000000
2024-11-04,-0.0011275,-0.0000962,0.0000000
2024-11-05,0.0019873,0.0009484,0.0000000
2024-11-06,-0.0202454,-0.0025771,0.0000000
2024-11-07,0.0106126,-0.0002378,0.0000000
2024-11-08,-0.0064322,-0.0024273,0.0000000
2024-11-11,-0.0120136,-0.0019335,0.0000000
2024-11-12,-0.0027732,-0.0024461,0.0000000
2024-11-13,-0.0054628,0.0012217,0.0000000
2024-11-14,-0.0003976,-0.0022353,0.0000000
2024-11-15,-0.0012546,0.0003103,0.0000000
2024-11-18,0.0111441,0.0027184,0.0000000
2024-11-19,0.0028340,0.0018191,0.0000000
2024-11-20,0.0005654,-0.0010756,0.0000000
2024-11-21,0.0020026,0.0023669,0.0000000
2024-11-22,0.0086161,0.0034580,0.0000000
2024-11-25,-0.0163159,-0.0046199,0.0000000
2024-11-26,0.0015195,-0.0013094,0.0000000
2024-11-27,-0.0014436,0.0023781,0.0000000
2024-11-28,0.0008063,0.0008075,0.0000000
2024-11-29,0.0034467,0.0021808,0.0000000
2024-12-02,-0.0019412,-0.0027536,0.0000000
2024-12-03,0.0030889,0.0006593,0.0000000
2024-12-04,0.0019159,-0.0002276,0.0000000
2024-12-05,-0.0018551,-0.0007705,0.0000000
2024-12-06,-0.0016788,0.0014103,0.0000000
2024-12-09,0.0074679,0.0002559,0.0000000
2024-12-10,0.0041818,0.0002348,0.0000000
2024-12-11,0.0027025,-0.0003853,0.0000000
2024-12-12,-0.0091015,0.0000107,0.0000000
2024-12-13,-0.0058118,-0.0006228,0.0000000
2024-12-16,0.0004864,0.0009221,0.0000000
2024-12-17,-0.0008057,-0.0009551,0.0000000
2024-12-18,-0.0137920,0.0002060,0.0000000
2024-12-19,-0.0008527,0.0038393,0.0000000
2024-12-20,0.0059355,0.0012649,0.0000000
2024-12-23,-0.0004290,0.0006179,0.0000000
2024-12-24,0.0003403,0.0004016,0.0000000
2024-12-26,0.0027103,0.0008505,0.0000000
2024-12-27,-0.0036865,0.0000000,0.0000000
2024-12-30,-0.0042322,-0.0009915,0.0000000
2024-12-31,0.0017925,0.0011579,0.0000000
2025-01-02,-0.0000494,0.0011811,0.0000000
2025-01-03,-0.0023668,-0.0005409,0.0000000
2025-01-06,-0.0024040,-0.0009366,0.0000000
2025-01-07,0.0007684,0.0006953,0.0000000
2025-01-08,0.0010797,0.0003566,0.0000000
2025-01-09,0.0008386,0.0003112,0.0000000
2025-01-10,0.0004548,0.0009769,0.0000000
2025-01-13,-0.0074541,-0.0004060,0.0000000
2025-01-14,0.0030193,0.0008321,0.0000000
2025-01-15,0.0069396,0.0006288,0.0000000
2025-01-16,0.0027197,0.0001008,0.0000000
2025-01-17,-0.0041397,-0.0003328,0.0000000
2025-01-20,0.0016346,0.0000000,0.0000000
2025-01-21,0.0056289,0.0017886,0.0000000
2025-01-22,0.0012632,0.0009233,0.0000000
2025-01-23,-0.0027226,-0.0003622,0.0000000
2025-01-24,0.0024719,0.0020848,0.0000000
2025-01-27,-0.0054620,-0.0014833,0.0000000
2025-01-28,0.0038988,0.0000867,0.0000000
2025-01-29,0.0022140,0.0001016,0.0000000
2025-01-30,0.0091254,0.0017983,0.0000000
2025-01-31,-0.0018938,-0.0000600,0.0000000
2025-02-03,0.0037458,0.0002370,0.0000000
2025-02-04,0.0069582,0.0002467,0.0000000
2025-02-05,0.0039040,0.0031393,0.0000000
2025-02-06,-0.0020406,-0.0012759,0.0000000
2025-02-07,-0.0023330,0.0012625,0.0000000
2025-02-10,0.0074856,0.0045400,0.0000000
2025-02-11,-0.0027459,-0.0000415,0.0000000
2025-02-12,0.0035175,-0.0006845,0.0000000
2025-02-13,0.0036185,0.0009079,0.0000000
2025-02-14,-0.0070762,0.0008934,0.0000000
2025-02-17,0.0038285,0.0021172,0.0000000
2025-02-18,0.0074965,0.0015693,0.0000000
2025-02-19,-0.0018030,0.0004930,0.0000000
2025-02-20,0.0031338,0.0029295,0.0000000
2025-02-21,-0.0045026,-0.0021579,0.0000000
2025-02-24,0.0016601,0.0014689,0.0000000
2025-02-25,-0.0097589,-0.0015229,0.0000000
2025-02-26,0.0011575,0.0004392,0.0000000
2025-02-27,-0.0100386,-0.0046419,0.0000000
2025-02-28,-0.0035619,-0.0027757,0.0000000
2025-03-03,0.0087484,0.0016800,0.0000000
2025-03-04,0.0052464,0.0028009,0.0000000
2025-03-05,0.0052638,0.0002641,0.0000000
2025-03-06,-0.0012616,-0.0018766,0.0000000
2025-03-07,-0.0011346,0.0014225,0.0000000
2025-03-10,-0.0060773,-0.0019681,0.0000000
2025-03-11,0.0100762,0.0034658,0.0000000
2025-03-12,0.0034499,0.0005982,0.0000000
2025-03-13,0.0126946,0.0003655,0.0000000
2025-03-14,-0.0005572,0.0007416,0.0000000
2025-03-17,0.0011374,-0.0001755,0.0000000
2025-03-18,0.0064414,0.0036366,0.0000000
2025-03-19,-0.0000563,-0.0013934,0.0000000
2025-03-20,-0.0012039,-0.0012160,0.0000000
2025-03-21,-0.0073972,-0.0018556,0.0000000
2025-03-24,-0.0018255,0.0003888,0.0000000
2025-03-25,0.0066716,0.0012969,0.0000000
2025-03-26,-0.0009520,0.0003272,0.0000000
2025-03-27,0.0109092,0.0022604,0.0000000
2025-03-28,0.0017701,0.0024068,0.0000000
2025-03-31,0.0038846,0.0050760,0.0000000
2025-04-01,-0.0031628,0.0005935,0.0000000
2025-04-02,0.0039127,0.0015578,0.0000000
2025-04-03,-0.0175226,-0.0018120,0.0000000
2025-04-04,-0.0253564,-0.0026671,-0.0048648
2025-04-07,-0.0157304,0.0013443,0.0096548
2025-04-08,0.0011486,0.0026931,-0.0012820
2025-04-09,0.0050314,0.0064158,-0.0051619
2025-04-10,0.0086798,0.0027069,-0.0088097
2025-04-11,0.0003939,0.0035622,-0.0005143
2025-04-14,-0.0026970,-0.0001897,0.0025806
2025-04-15,0.0016540,0.0013543,-0.0017680
2025-04-16,0.0087539,0.0060184,-0.0088685
2025-04-17,-0.0008511,-0.0016808,0.0007378
2025-04-21,0.0071809,0.0042487,-0.0072901
2025-04-22,-0.0022048,0.0034538,0.0020965
2025-04-23,-0.0136071,-0.0023963,0.0135010
2025-04-24,0.0046057,0.0033719,-0.0047117
2025-04-25,0.0005268,-0.0033380,-0.0006284
2025-04-28,0.0015841,-0.0028659,-0.0014732
2025-04-29,-0.0029900,-0.0016180,0.0010623
2025-04-30,-0.0038692,0.0000000,0.0004050
2025-05-01,-0.0058398,-0.0043492,0.0017208
2025-05-02,-0.0013096,0.0015003,-0.0014660
2025-05-05,0.0085226,0.0018172,-0.0056389
2025-05-06,0.0121058,0.0024036,-0.0019489
2025-05-07,-0.0085325,-0.0033409,0.0005001
2025-05-08,-0.0039382,-0.0015567,0.0039475
2025-05-09,0.0013697,0.0015140,-0.0010369
2025-05-12,-0.0055538,-0.0033373,0.0063703
2025-05-13,0.0026141,0.0014974,0.0005694
2025-05-14,-0.0085417,-0.0008274,0.0013470
2025-05-15,0.0064154,-0.0024542,-0.0020616
2025-05-16,-0.0044438,-0.0021604,0.0004183
2025-05-19,0.0021979,0.0008579,-0.0013252
2025-05-20,0.0076995,-0.0004789,-0.0001927
2025-05-21,0.0030063,0.0011995,-0.0001462
2025-05-22,-0.0029597,0.0004663,-0.0003965
2025-05-23,0.0060935,0.0021580,-0.0018010
2025-05-26,-0.0009736,-0.0012059,0.0008874
2025-05-27,-0.0037758,-0.0029388,0.0013864
2025-05-28,-0.0023702,0.0011363,-0.0006355
2025-05-29,0.0037078,-0.0001663,-0.0002306
2025-05-30,-0.0035460,-0.0014435,0.0000821
2025-06-02,0.0148645,0.0032762,0.0032449
2025-06-03,-0.0028616,-0.0014494,0.0005261
2025-06-04,0.0008130,0.0000139,-0.0015479
2025-06-05,0.0043523,-0.0002280,0.0067751
2025-06-06,-0.0010981,0.0003021,0.0040462
2025-06-09,0.0043727,0.0007282,0.0024636
2025-06-10,-0.0013744,0.0002588,-0.0011403
2025-06-11,0.0008295,0.0013710,-0.0030404
2025-06-12,0.0023297,-0.0007062,-0.0013710
2025-06-13,0.0025719,0.0016984,-0.0029619
2025-06-16,-0.0031274,-0.0022874,0.0025027
2025-06-17,0.0039400,0.0000085,0.0034756
2025-06-18,-0.0027031,-0.0002794,-0.0005066
2025-06-19,-0.0014620,-0.0002618,-0.0016084
2025-06-20,-0.0019534,-0.0012952,-0.0017085
2025-06-23,0.0004553,-0.0020176,0.0004537
2025-06-24,-0.0035495,-0.0022967,0.0018726
2025-06-25,0.0020704,0.0003611,0.0009259
2025-06-26,0.0010528,0.0006578,0.0015817
2025-06-27,-0.0059436,-0.0026231,0.0006227
2025-06-30,0.0023589,0.0012349,-0.0011480
2025-07-01,0.0017346,0.0022289,-0.0026199
2025-07-02,0.0041653,-0.0003004,0.0017432
2025-07-03,-0.0003607,-0.0002882,0.0034507
2025-07-04,0.0010700,0.0011310,-0.0002334
2025-07-07,-0.0009301,-0.0021847,-0.0009795
2025-07-08,-0.0025549,-0.0003629,0.0022359
2025-07-09,-0.0014434,-0.0006824,-0.0031615
2025-07-10,0.0041920,0.0005164,0.0028401
2025-07-11,0.0102419,0.0012740,0.0058276
2025-07-14,-0.0020576,0.0005924,0.0001574
2025-07-15,-0.0037353,0.0015157,0.0000000
2025-07-16,0.0027035,0.0010055,0.0000000
2025-07-17,0.0008587,-0.0017274,0.0000000
2025-07-18,0.0008906,0.0006459,0.0000000
2025-07-21,0.0079474,0.0010776,0.0000000
2025-07-22,0.0046813,-0.0007699,0.0000000
2025-07-23,-0.0037121,-0.0008810,0.0000000
2025-07-24,-0.0025243,-0.0016068,0.0000000
2025-07-25,-0.0076249,-0.0011083,0.0000000
2025-07-28,-0.0018096,0.0013981,0.0000000
2025-07-29,0.0010788,0.0001654,0.0000000
2025-07-30,-0.0106808,0.0000369,0.0000000
2025-07-31,-0.0013648,0.0025617,0.0000000
2025-08-01,0.0086105,-0.0003222,0.0000000
2025-08-04,0.0026318,-0.0008676,0.0000000
2025-08-05,0.0032727,-0.0001128,0.0000000
2025-08-06,-0.0016189,-0.0007067,0.0000000
2025-08-07,0.0058134,0.0025683,0.0000000
2025-08-08,0.0006598,-0.0003274,0.0000000
2025-08-11,-0.0101432,-0.0035726,0.0000000
2025-08-12,0.0025296,0.0012216,0.0000000
2025-08-13,0.0040391,0.0005973,0.0000000
2025-08-14,-0.0049184,-0.0010569,0.0000000
2025-08-15,0.0000125,0.0010152,0.0000000
2025-08-18,-0.0002630,0.0012367,0.0000000
2025-08-19,-0.0057553,0.0007117,0.0000000
2025-08-20,0.0058130,0.0008889,0.0000000
2025-08-21,0.0008917,-0.0010689,0.0000000
2025-08-22,0.0080099,-0.0012274,0.0000000
2025-08-25,-0.0024886,-0.0006197,0.0000000
2025-08-26,0.0033551,0.0012219,0.0000000
2025-08-27,0.0000032,-0.0013447,0.0000000
2025-08-28,0.0048356,-0.0003374,0.0000000
2025-08-29,0.0070722,-0.0006306,0.0000000
2025-09-01,0.0107465,0.0034925,0.0000000
2025-09-02,0.0068902,-0.0000639,0.0000000
2025-09-03,0.0049252,0.0000290,0.0000000
2025-09-04,-0.0048496,-0.0021469,0.0000000
2025-09-05,0.0062791,0.0001337,0.0000000
2025-09-08,0.0072999,0.0028106,0.0000000
2025-09-09,-0.0047267,0.0008187,0.0000000
2025-09-10,0.0039915,0.0024870,0.0000000
2025-09-11,0.0013856,-0.0012767,0.0000000
2025-09-12,0.0050775,0.0015216,0.0000000
2025-09-15,0.0064419,-0.0000759,0.0000000
2025-09-16,0.0005750,0.0006142,0.0000000
2025-09-17,-0.0086180,-0.0024140,0.0000000
2025-09-18,-0.0009400,-0.0001232,0.0000000
2025-09-19,0.0119192,0.0010160,0.0000000
2025-09-22,0.0114563,0.0026921,0.0000000
2025-09-23,0.0019746,0.0006973,0.0000000
2025-09-24,-0.0036710,0.0012152,0.0000000
2025-09-25,0.0081045,0.0016293,0.0000000
2025-09-26,0.0059786,-0.0002482,0.0000000
2025-09-29,0.0117831,0.0049713,0.0000000
2025-09-30,0.0002517,0.0009985,0.0000000
2025-10-01,0.0045889,0.0019429,0.0000000
2025-10-02,-0.0025866,0.0001784,0.0000000
2025-10-03,0.0079736,0.0007724,0.0000000
2025-10-06,0.0098453,0.0051037,0.0000000
2025-10-07,-0.0011852,-0.0013315,0.0000000
2025-10-08,0.0105950,0.0045969,0.0000000
2025-10-09,-0.0065000,-0.0010597,0.0000000
2025-10-10,0.0065606,-0.0003611,0.0000000
2025-10-13,0.0203411,0.0060384,0.0000000
2025-10-14,-0.0000685,0.0012835,0.0000000
2025-10-15,0.0124064,0.0055332,0.0000000
2025-10-16,0.0142665,0.0016924,0.0000000
2025-10-17,-0.0152374,0.0007783,0.0000000
2025-10-20,0.0099828,0.0004693,0.0000000
2025-10-21,-0.0295919,-0.0033613,0.0000000
2025-10-22,-0.0026286,0.0000000,0.0000000
2025-10-23,0.0032969,-0.0000894,0.0000000
2025-10-24,-0.0019283,-0.0034303,0.0000000
2025-10-27,-0.0139773,-0.0023372,0.0000000
2025-10-28,-0.0016189,-0.0057193,0.0000000
2025-10-29,0.0001347,0.0051284,0.0000000
2025-10-30,0.0108430,0.0021018,0.0000000
2025-10-31,-0.0022920,-0.0016642,0.0000000
2025-11-03,-0.0020153,0.0021492,0.0000000
2025-11-04,-0.0074905,-0.0003436,0.0000000
2025-11-05,0.0058482,0.0027732,0.0000000
2025-11-06,-0.0001652,0.0022852,0.0000000
2025-11-07,0.0016366,0.0019383,0.0000000
2025-11-10,0.0149236,0.0048039,0.0000000
2025-11-11,0.0027051,0.0012064,0.0000000
2025-11-12,0.0101701,0.0002685,0.0000000
2025-11-13,-0.0042586,0.0020430,0.0000000
2025-11-14,-0.0099463,0.0003519,0.0000000
2025-11-17,-0.0031812,-0.0004653,0.0000000
2025-11-18,0.0026494,-0.0003761,0.0000000
2025-11-19,0.0024179,0.0007875,0.0000000
2025-11-20,-0.0020297,-0.0008080,0.0000000
2025-11-21,-0.0026671,-0.0018837,0.0000000
2025-11-24,0.0078265,-0.0004216,0.0000000
2025-11-25,0.0000580,-0.0008826,0.0000000
2025-11-26,0.0070556,0.0015488,0.0000000
2025-11-27,-0.0001660,0.0000303,0.0000000
2025-11-28,0.0114005,0.0005512,0.0000000
2025-12-01,0.0045519,0.0011223,-0.0028115
2025-12-02,-0.0002205,-0.0011624,-0.0025606
2025-12-03,-0.0001480,-0.0000878,-0.0002852
2025-12-04,-0.0030552,-0.0010053,0.0034983
2025-12-05,0.0047460,0.0006593,-0.0010163
2025-12-08,-0.0032206,0.0004696,-0.0024955
2025-12-09,0.0068015,0.0000665,-0.0050780
2025-12-10,0.0034526,-0.0005489,-0.0013801
2025-12-11,0.0066275,-0.0006745,-0.0012901
2025-12-12,-0.0026079,0.0014642,0.0045178
2025-12-15,0.0050018,0.0024166,-0.0045412
2025-12-16,-0.0010241,-0.0011107,0.0006323
2025-12-17,0.0070564,0.0008327,-0.0033681
2025-12-18,-0.0018680,-0.0007252,0.0010881
2025-12-19,0.0035732,-0.0003536,-0.0028248
2025-12-22,0.0091681,0.0034950,0.0015018
2025-12-23,0.0065084,0.0021266,-0.0024746
2025-12-24,0.0002208,-0.0002567,-0.0007905
2025-12-26,0.0153235,0.0013562,-0.0101293
2025-12-29,-0.0187351,-0.0035496,-0.0009545
2025-12-30,0.0062414,0.0014831,-0.0056978
2025-12-31,-0.0072721,-0.0016047,0.0053302
2026-01-02,0.0023678,0.0023846,-0.0011849
2026-01-05,0.0106058,0.0027425,0.0004150
2026-01-06,0.0079609,0.0008313,-0.0039091
2026-01-07,-0.0053059,-0.0023696,0.0018135
2026-01-08,-0.0005037,-0.0011819,0.0024668
2026-01-09,0.0050076,-0.0002664,-0.0021662
2026-01-12,0.0103809,0.0026831,-0.0021878
2026-01-13,0.0012826,-0.0008791,-0.0025474
2026-01-14,0.0087599,0.0023882,-0.0050497
2026-01-15,-0.0013688,-0.0011068,0.0002229
2026-01-16,-0.0035092,-0.0009034,0.0013288
2026-01-19,0.0085080,0.0027584,-0.0004499
2026-01-20,0.0051846,0.0021098,0.0046828
2026-01-21,0.0019863,0.0046599,0.0050437
2026-01-22,0.0088198,-0.0003770,0.0023300
2026-01-23,0.0093875,0.0008900,-0.0044414
2026-01-26,0.0019879,0.0038723,0.0005947
2026-01-27,0.0162371,0.0036912,0.0015980
2026-01-28,0.0152000,0.0040540,0.0078359
2026-01-29,-0.0022224,0.0062685,-0.0009240
2026-01-30,-0.0454575,-0.0074394,0.0023122
2026-02-02,-0.0149660,0.0000000,-0.0038483
2026-02-03,0.0147054,0.0068200,0.0054070
2026-02-04,0.0027844,0.0041864,-0.0016575
2026-02-05,-0.0177224,-0.0012676,0.0059864
2026-02-06,0.0111037,0.0016212,0.0006003
2026-02-09,0.0064417,0.0014540,-0.0009616
2026-02-10,-0.0025963,-0.0007714,0.0005942
2026-02-11,0.0039988,0.0011827,-0.0005894
2026-02-12,-0.0104162,-0.0007287,0.0009832
2026-02-13,0.0048830,0.0014398,0.0020210
2026-02-16,-0.0018584,-0.0011975,-0.0010169
2026-02-17,-0.0052829,-0.0023947,-0.0011370
2026-02-18,0.0053423,0.0015764,0.0002240
2026-02-19,0.0013738,0.0012821,-0.0004037
2026-02-20,0.0070075,0.0007433,-0.0007193
2026-02-23,0.0054348,0.0010467,0.0011147
2026-02-24,-0.0028941,-0.0014192,-0.0016862
2026-02-25,0.0018544,0.0015150,-0.0006320
2026-02-26,-0.0000994,0.0009142,0.0010099
2026-02-27,0.0056587,0.0001030,-0.0005707
2026-03-02,-0.0011748,0.0003576,0.0034470
2026-03-03,-0.0102087,-0.0003043,-0.0021323
2026-03-04,0.0022480,0.0015656,0.0006333
2026-03-05,-0.0022239,0.0004511,-0.0007844
2026-03-06,0.0034769,0.0009170,0.0011240
2026-03-09,0.0004246,-0.0008553,-0.0021507
2026-03-10,0.0023901,0.0005533,0.0002475
2026-03-11,-0.0017776,0.0001962,0.0009808
2026-03-12,-0.0035994,0.0006865,-0.0014117
2026-03-13,-0.0035380,0.0000000,0.0003352
2026-03-16,-0.0002619,-0.0003457,-0.0004929
2026-03-17,-0.0008733,0.0001928,0.0009342
2026-03-18,-0.0073913,0.0002335,-0.0025222
2026-03-19,-0.0061831,-0.0018725,-0.0028969
2026-03-20,-0.0076156,0.0008711,-0.0011192
2026-03-23,-0.0015098,-0.0076989,-0.0032443
2026-03-24,0.0031963,-0.0006773,0.0004835
2026-03-25,0.0010665,0.0017245,0.0008008
2026-03-26,-0.0058447,-0.0017236,-0.0013162
2026-03-27,0.0045529,0.0013607,0.0019015
2026-03-30,0.0006876,0.0008414,0.0003001
2026-03-31,0.0080923,0.0015693,0.0006579
2026-04-01,0.0023151,0.0003577,0.0024070
2026-04-02,-0.0035605,-0.0042651,-0.0007408
2026-04-06,-0.0009033,-0.0000085,-0.0005809
2026-04-07,0.0016121,-0.0001920,0.0013289
2026-04-08,0.0010834,0.0028409,-0.0005452
2026-04-09,0.0019754,-0.0001656,0.0004762
2026-04-10,-0.0000047,-0.0000505,-0.0008894
2026-04-13,-0.0002918,0.0024889,0.0000011
2026-04-14,0.0053197,0.0004258,-0.0000628
2026-04-15,-0.0016956,-0.0004648,-0.0009911
2026-04-16,-0.0004219,0.0008549,0.0003090
2026-04-17,0.0025915,0.0000691,-0.0005011
2026-04-20,-0.0008711,0.0005849,0.0004236
2026-04-21,-0.0046514,-0.0009834,-0.0005880
2026-04-22,0.0011986,0.0012379,-0.0002239
2026-04-23,-0.0028335,-0.0007602,0.0002839
2026-04-24,0.0005784,-0.0003548,0.0002275
2026-04-27,-0.0009741,0.0003699,-0.0005821
2026-04-28,-0.0048612,-0.0016744,-0.0006709
2026-04-29,-0.0032603,-0.0002316,-0.0002217
2026-04-30,0.0051803,0.0006706,0.0005622
2026-05-01,0.0011070,-0.0007873,-0.0017709
2026-05-04,-0.0062589,-0.0013446,-0.0006300
2026-05-05,0.0013828,0.0008971,0.0011160
2026-05-06,0.0107812,0.0040715,-0.0001165
2026-05-07,0.0008919,0.0003161,-0.0013892
2026-05-08,0.0031717,0.0017923,-0.0011654
2026-05-11,0.0078467,-0.0011780,-0.0061043
2026-05-12,-0.0004082,-0.0008376,-0.0012988
2026-05-13,-0.0000739,-0.0004302,-0.0019723
2026-05-14,-0.0058076,-0.0000425,0.0025875
2026-05-15,-0.0128575,-0.0037217,0.0038852
2026-05-18,0.0031210,-0.0000809,-0.0009509
2026-05-19,-0.0082111,-0.0011298,0.0011679
2026-05-20,0.0053188,-0.0004408,-0.0001201
2026-05-21,0.0008265,-0.0006643,0.0000662
2026-05-22,-0.0028267,-0.0014189,0.0000000
2026-05-25,0.0056220,0.0007264,0.0000000
2026-05-26,-0.0042715,-0.0017944,0.0000000
2026-05-27,-0.0051386,-0.0017696,0.0000000
2026-05-28,0.0034841,-0.0030957,0.0000000
2026-05-29,0.0013832,0.0008628,0.0000000
2026-06-01,-0.0029436,-0.0001251,0.0000000
2026-06-02,0.0002989,0.0013152,0.0000000
2026-06-03,-0.0054404,-0.0015594,0.0000000
2026-06-04,0.0033238,0.0014042,0.0000000
2026-06-05,-0.0148502,-0.0015748,0.0000000
2026-06-08,0.0002463,-0.0016679,0.0000000
2026-06-09,-0.0068233,0.0005707,0.0000000
2026-06-10,-0.0116725,-0.0021247,0.0000000
2026-06-11,0.0123259,0.0011232,0.0000000
2026-06-12,0.0010950,-0.0018092,0.0000000
2026-06-15,0.0067798,0.0016597,0.0000000
2026-06-16,0.0009897,0.0002689,0.0000000
2026-06-17,-0.0063644,-0.0002689,0.0000000
2026-06-18,-0.0053666,0.0024603,0.0000000
2026-06-19,-0.0038444,-0.0034177,0.0000000
2026-06-22,0.0021240,0.0026619,0.0000000
2026-06-23,-0.0092091,-0.0035033,0.0000000
2026-06-24,-0.0121524,-0.0019087,0.0000000
2026-06-25,0.0020385,-0.0009386,0.0000000
2026-06-26,0.0055427,-0.0011717,0.0000000
2026-06-29,-0.0052175,-0.0017061,0.0000000
2026-06-30,-0.0000505,-0.0020702,0.0000000
2026-07-01,0.0021171,-0.0019548,0.0000000
2026-07-02,0.0078009,0.0016521,0.0000000
2026-07-03,0.0048749,0.0023209,0.0000000
2026-07-06,-0.0010537,-0.0017661,0.0000000
2026-07-07,-0.0061750,-0.0020406,0.0000000
2026-07-08,-0.0043823,0.0016903,0.0000000
2026-07-09,0.0053314,0.0004248,0.0000000
2026-07-10,-0.0003250,-0.0004244,0.0000000
2026-07-13,-0.0097526,-0.0020879,0.0000000
2026-07-14,0.0043374,0.0013415,0.0000000
2026-07-15,-0.0011586,-0.0008942,0.0000000
2026-07-16,-0.0081586,-0.0017154,0.0000000
2026-07-17,0.0022156,0.0003818,0.0000000
2026-07-20,0.0008103,0.0002448,0.0000000
2026-07-21,0.0076750,0.0027298,0.0000000
2026-07-22,0.0041179,0.0025675,0.0000000
2026-07-23,-0.0074612,0.0000355,0.0000000
2026-07-24,0.0005514,-0.0013637,0.0000000
2026-07-27,0.0019221,0.0001756,0.0000000
2026-07-28,-0.0042933,-0.0016393,0.0000000
2026-07-29,0.0027754,0.0003869,0.0000000
2026-07-30,0.0042234,-0.0015624,0.0000000
2026-07-31,-0.0057666,-0.0015744,0.0000000
2026-08-03,0.0018238,-0.0007195,0.0000000
2026-08-04,0.0036505,0.0006167,0.0000000
2026-08-05,0.0129173,0.0040415,0.0000000
2026-08-06,-0.0012010,0.0008513,0.0000000
2026-08-07,0.0079621,0.0018668,0.0000000
2026-08-10,0.0058548,0.0001594,0.0000000
2026-08-11,-0.0026050,-0.0004963,0.0000000
2026-08-12,0.0028201,0.0009127,0.0000000
2026-08-13,-0.0041723,-0.0011590,0.0000000
2026-08-14,0.0014191,-0.0008406,0.0000000
2026-08-17,0.0037457,0.0008053,0.0000000
2026-08-18,-0.0079809,-0.0010626,0.0000000
2026-08-19,0.0149630,0.0000785,0.0000000
2026-08-20,0.0015325,-0.0017108,0.0000000
2026-08-21,0.0047078,0.0014102,0.0000000
2026-08-24,0.0020756,0.0008874,0.0000000
2026-08-25,-0.0002719,-0.0003391,0.0000000
2026-08-26,-0.0034531,-0.0006779,0.0000000
2026-08-27,0.0020678,0.0004541,0.0000000
2026-08-28,-0.0104701,-0.0011828,0.0000000
2026-08-31,0.0002265,0.0004314,0.0000000
2026-09-01,-0.0092411,-0.0004156,0.0000000
2026-09-02,0.0046721,-0.0003847,0.0000000
2026-09-03,0.0066875,0.0019323,0.0000000
2026-09-04,-0.0032827,-0.0000671,0.0000000
2026-09-07,-0.0013721,-0.0014755,0.0000000
2026-09-08,-0.0029128,0.0005089,0.0000000
2026-09-09,0.0048702,0.0018651,0.0000000
2026-09-10,-0.0106288,0.0012314,0.0000000
2026-09-11,0.0030050,0.0012260,0.0000000
2026-09-14,-0.0045352,0.0001369,0.0000000
2026-09-15,0.0004121,-0.0004180,0.0000000
2026-09-16,-0.0026818,0.0017098,0.0000000
2026-09-17,0.0084242,0.0019581,0.0000000
2026-09-18,0.0037184,0.0016238,0.0000000
2026-09-21,-0.0020955,-0.0011745,0.0000000
2026-09-22,0.0027074,-0.0009778,0.0000000
2026-09-23,-0.0084572,-0.0010378,0.0000000
2026-09-24,-0.0018592,-0.0004955,0.0000000
2026-09-25,-0.0009799,0.0000000,0.0000000
