oos_sharpe,hold_sharpe,ann_return_2017_2026
-0.57350,-0.79672,-0.03456
-0.11722,0.07621,-0.00464
-0.16337,0.30386,-0.00248
0.00304,0.23996,0.00201
-0.45168,-0.09442,-0.01588
-0.35989,0.49899,-0.00586
-0.05861,0.05656,-0.00276
-0.78816,-0.07359,-0.02235
-0.10846,-0.05071,-0.00547
-0.53713,-0.58498,-0.02527
-0.46618,0.63142,-0.00964
-0.49988,0.46647,-0.01211
-0.55773,-0.14728,-0.02290
-0.60357,-0.29274,-0.02297
-0.55305,-0.18898,-0.02268
-0.58971,0.20922,-0.01853
-0.39539,0.34046,-0.00946
0.04833,-0.25032,-0.00321
-0.35238,-0.23003,-0.01656
-0.36765,-0.08027,-0.01513
0.09130,-0.00819,0.00198
-0.20902,0.05551,-0.00653
-0.56937,-0.29074,-0.02488
0.04022,0.14590,0.00229
-0.34904,0.09868,-0.00972
-0.22496,-0.28532,-0.01315
-0.20852,-0.32293,-0.00999
-0.45378,-0.10623,-0.02025
0.29234,0.37514,0.01552
-0.47159,-0.14368,-0.01614
-0.15402,-0.60115,-0.01074
-1.09127,-0.46250,-0.04244
0.04582,0.47510,0.00713
0.19984,-0.12240,0.00390
-0.32265,0.44693,-0.00643
-0.59007,-0.47718,-0.02242
-0.27730,-0.38354,-0.01733
-0.04973,-0.38134,-0.00837
-0.18645,-0.29097,-0.01181
-0.67743,0.86506,-0.01302
-0.12350,-0.06980,-0.00601
0.21216,0.35325,0.01121
0.15816,-0.32710,-0.00034
-0.50794,0.79448,-0.00575
-0.61271,-0.21017,-0.02445
-0.21613,-0.28243,-0.01450
-0.52439,-0.06017,-0.01515
-0.30660,-0.94962,-0.02065
-0.58293,0.69673,-0.01327
-0.60489,0.17625,-0.01395
-0.81495,-0.25236,-0.03279
-0.01173,0.40225,0.00362
-0.35046,0.29180,-0.00845
-0.29832,0.39759,-0.00664
-0.34591,0.58680,-0.00534
-0.23137,-0.29463,-0.01175
-0.24006,-0.20491,-0.01064
-0.15600,-0.01167,-0.00710
-0.42375,-1.20976,-0.02957
-0.21653,-0.10154,-0.00930
-0.55882,0.63711,-0.01261
-1.04566,0.48447,-0.03297
-0.13792,0.14960,-0.00368
-0.39957,0.04213,-0.01289
-0.03665,-0.18160,-0.00483
-0.18445,0.18689,-0.00548
-0.68408,0.48448,-0.01977
-0.60874,-0.45474,-0.03271
-0.19676,0.18988,-0.00602
-0.70963,0.24885,-0.02296
-0.96349,-0.48547,-0.04155
0.10873,-0.33631,-0.00178
0.01967,0.30405,0.00356
-0.25269,-0.19827,-0.01211
0.32625,-0.35436,0.00551
-0.72074,-0.69205,-0.02738
-0.44536,-0.72275,-0.02287
-0.75697,0.82472,-0.01472
-0.38230,-0.65807,-0.02741
-0.55007,-0.42805,-0.02036
-0.77568,0.72652,-0.01986
-0.26666,-0.04231,-0.01135
0.19275,0.17820,0.00781
-0.27659,-0.68531,-0.01834
-0.12895,-0.10323,-0.00791
-0.49235,-0.51462,-0.02829
0.01354,-0.40042,-0.00724
-0.12489,0.23394,-0.00305
-1.18296,0.09027,-0.03378
-0.43019,-0.21831,-0.01868
-1.15266,-0.66596,-0.04177
-1.28706,0.43736,-0.03013
0.02965,0.45711,0.00678
0.00961,0.21626,0.00208
0.02095,-0.43130,-0.00678
-0.10213,-0.23432,-0.00880
-0.23444,0.04801,-0.00867
-0.12988,-0.17326,-0.00818
-0.29007,-0.05561,-0.01397
-0.47795,0.10278,-0.01521
0.07138,-0.13737,-0.00063
-0.17849,-0.88283,-0.02084
-0.26085,-0.55687,-0.01759
-0.32113,-0.19581,-0.01422
0.32912,-0.26594,0.00568
0.13909,0.06255,0.00469
-0.14750,0.00915,-0.00650
-0.12566,-0.12843,-0.00837
-0.19449,-0.06600,-0.00713
-0.35910,-0.12659,-0.01486
-0.57011,0.41344,-0.01627
-0.18406,-1.02209,-0.01726
-0.43124,0.80515,-0.00591
-0.10592,-0.50667,-0.01191
-0.49997,-0.01433,-0.01966
-0.19522,0.02770,-0.00713
-0.19786,-0.31512,-0.01260
-1.08313,0.62468,-0.02432
-0.22189,-0.23257,-0.01203
0.22828,-0.52172,-0.00083
-0.14364,-0.20105,-0.01105
-0.41414,0.22928,-0.01334
-0.55073,0.39868,-0.01606
-1.16810,0.33256,-0.02758
-1.18398,-0.45625,-0.04938
0.02931,-0.27523,-0.00406
-0.36730,0.10758,-0.01216
-0.59652,0.78767,-0.01095
0.20692,0.18010,0.00822
0.00663,0.70402,0.00833
0.05755,0.12400,0.00250
-0.42660,0.36165,-0.00819
-0.45214,0.90987,-0.00559
-0.36257,-0.00416,-0.01194
-0.13202,0.02727,-0.00664
-0.04173,-0.15772,-0.00499
-0.12712,-0.25914,-0.00822
-0.18267,0.00486,-0.00839
-0.35245,-0.25424,-0.02085
-0.12668,-0.17372,-0.00713
-0.28748,0.04148,-0.01267
-0.60436,0.09896,-0.01950
-0.45684,-0.23932,-0.01913
-0.12692,-0.76651,-0.01453
-0.00853,-0.26237,-0.00524
-0.18946,-0.01182,-0.00788
-0.37307,-0.13294,-0.01705
-0.76952,-1.02317,-0.03398
-0.57332,0.37348,-0.01585
-0.73350,-0.24023,-0.02468
-0.65330,0.27556,-0.01804
-0.56768,-0.29536,-0.02759
-0.04241,0.30506,0.00142
-0.33317,0.15883,-0.01028
-0.48604,0.55656,-0.00923
-0.68618,0.15558,-0.02287
-0.98640,0.29804,-0.03524
-0.07808,-0.66904,-0.01280
-0.50182,0.30395,-0.01430
-0.50363,0.00455,-0.01478
-0.39530,0.01372,-0.01405
-0.01243,-1.01368,-0.01463
-0.60054,0.01803,-0.02378
-0.64700,-0.57524,-0.02951
-0.43831,-0.17089,-0.01919
-0.71709,0.14143,-0.02446
-0.56243,0.11981,-0.01836
-0.05580,-0.49688,-0.00939
0.07325,0.27480,0.00515
-0.08894,-0.92660,-0.01464
-0.34778,1.00877,-0.00047
-0.23929,-0.48158,-0.01588
-0.21981,-0.51966,-0.01860
-0.80539,-0.22582,-0.03394
-0.41950,0.25315,-0.01310
-0.60588,0.16383,-0.01988
-0.33856,0.02935,-0.00978
-0.27279,0.20953,-0.00637
-0.80028,0.16522,-0.02167
-0.85759,-0.49063,-0.03841
-0.26604,0.10741,-0.01062
0.09398,0.09122,0.00335
-0.16597,0.09474,-0.00516
-0.33530,0.59537,-0.00518
-0.25077,0.10377,-0.01021
-0.47314,0.20628,-0.01412
-0.43044,-0.05497,-0.01676
-0.36366,0.78813,-0.00348
-0.44320,-0.11675,-0.01907
-0.00298,0.02424,-0.00111
-0.53478,0.44913,-0.01493
-0.59676,-0.35518,-0.03049
-0.39408,-0.11361,-0.01584
-0.32396,-0.44592,-0.02041
-0.59625,0.26788,-0.01270
0.21038,0.05647,0.00756
-0.67979,0.71618,-0.01595
-0.70581,-0.45853,-0.03345
-0.85852,0.18750,-0.02216
-0.02991,-0.08881,-0.00298
-0.16342,-0.88765,-0.01940
-0.23191,-0.25167,-0.01301
-0.90618,-0.89690,-0.03500
-0.59042,-0.30778,-0.02244
-0.27516,0.76258,-0.00070
-0.67561,-0.31342,-0.03048
-0.67943,-0.49692,-0.02765
-0.02052,0.11373,-0.00014
-0.72422,0.16308,-0.01836
-0.20935,-0.12883,-0.00892
-0.17390,0.54468,0.00026
-0.31293,0.08633,-0.01078
-0.36622,-0.21688,-0.01641
-0.22325,0.09339,-0.00770
-0.56881,0.67959,-0.01100
0.10580,0.29674,0.00596
-0.42609,0.26155,-0.01335
0.17112,-0.57240,-0.00320
-1.07429,-0.00419,-0.02964
-0.34976,-0.54380,-0.02235
-0.29978,0.20305,-0.01092
-0.09163,-0.89040,-0.01255
-0.66964,0.53130,-0.01725
-0.22126,-0.09317,-0.00989
-0.37123,-0.27372,-0.01871
-0.56958,-0.21822,-0.02301
-0.91521,-0.22082,-0.03112
-0.39109,-0.03883,-0.01677
-0.69139,0.08585,-0.02301
0.39518,-0.64166,0.00311
-0.42969,-0.30072,-0.02163
-0.58756,-0.53471,-0.02371
-0.82447,0.23982,-0.02894
-0.00204,0.10699,0.00007
-0.09925,-0.75151,-0.01398
-0.28905,-0.11266,-0.01084
-0.66388,-0.54027,-0.02023
-0.88758,-0.17861,-0.02974
0.01503,-0.03285,-0.00127
-0.44124,0.25482,-0.01381
0.06300,-0.29554,-0.00257
-0.64124,-0.29823,-0.02842
-0.27400,-0.22140,-0.01272
-0.26341,0.63471,-0.00245
0.06252,-0.09700,-0.00006
-0.23220,-0.26925,-0.01185
-0.37909,0.48963,-0.00573
-0.05162,-0.67589,-0.01018
-0.68242,0.88504,-0.01046
-0.01508,-0.29444,-0.00470
-0.52415,0.08959,-0.01675
-0.01550,-0.69097,-0.00838
0.00273,0.03088,-0.00059
-0.40740,-0.84098,-0.02354
-0.50823,0.15843,-0.01704
-0.40279,0.07175,-0.01440
-0.09758,-0.38546,-0.00862
-0.45217,0.76262,-0.00723
-0.56892,0.42253,-0.01732
-0.52430,0.95566,-0.00590
0.03639,-0.14063,-0.00201
-0.56231,-0.25021,-0.02049
-0.26535,0.15782,-0.00872
-0.72807,0.93325,-0.01391
-0.16318,0.01580,-0.00665
-0.01197,0.07718,-0.00080
-0.21669,0.36734,-0.00372
-0.17286,-0.86185,-0.02072
-0.07922,-0.38657,-0.00840
-0.26645,0.16006,-0.00827
-0.65494,0.20164,-0.01430
-0.16358,-0.33449,-0.01228
-1.23017,-0.55237,-0.03469
-0.38684,0.21280,-0.01169
-0.49908,0.78765,-0.00821
-0.31384,-0.10327,-0.01439
-0.40518,-0.28420,-0.01614
-0.20021,-0.76501,-0.01477
-0.75069,0.51933,-0.02068
-0.02966,0.20661,0.00042
-0.70466,0.02460,-0.02414
-0.12531,0.33697,-0.00126
-0.00158,0.25491,0.00207
-0.49166,0.10330,-0.01775
-1.43149,0.17435,-0.03695
-0.38790,-0.06639,-0.01849
-0.29488,0.31165,-0.00762
-0.02462,0.45337,0.00392
-0.49846,-0.09239,-0.01729
-0.10183,-0.22481,-0.00864
-0.22775,-0.31093,-0.01506
-0.73025,-0.42602,-0.02837
0.02117,0.33453,0.00401
-0.15669,0.52300,-0.00001
-0.22980,0.81471,0.00149
-0.07234,-0.13283,-0.00612
-0.30723,-0.48189,-0.01879
0.09181,-0.02455,0.00176
0.09184,0.11464,0.00348
-0.60269,0.69480,-0.01341
-0.47180,-0.12529,-0.02124
-0.64517,0.19872,-0.01780
-0.15567,0.15506,-0.00425
-0.44730,-0.59837,-0.02645
-0.26900,0.21689,-0.00767
-0.29160,0.06895,-0.01137
0.25131,0.34594,0.01203
-0.72692,-0.08087,-0.03015
0.03539,-0.11265,-0.00127
-0.67987,0.57958,-0.01557
-0.22210,-0.22180,-0.01379
-0.44809,0.34822,-0.01093
-0.19568,0.23071,-0.00405
0.13538,-0.24456,0.00012
-0.31755,0.28652,-0.00669
-0.19599,0.10281,-0.00683
-0.47332,-0.52660,-0.02435
-0.12009,-0.30906,-0.00971
0.06898,-0.05623,0.00047
-0.82275,-0.50685,-0.02535
-1.36677,-0.58531,-0.04666
-0.30583,-0.47482,-0.01778
-0.63623,0.24092,-0.01615
0.04117,0.13737,0.00215
-0.46271,0.75742,-0.00714
-0.21493,0.05335,-0.00835
-0.37675,-0.01403,-0.01466
-1.31112,-0.05548,-0.04447
-0.22206,-0.85751,-0.02116
-0.76400,0.70094,-0.01915
-0.41383,-0.10080,-0.01670
-0.79813,-0.63343,-0.04069
-0.22477,0.12757,-0.00587
-0.61496,-0.41324,-0.02689
-0.13329,0.75547,0.00392
-0.58074,0.74214,-0.01195
0.51610,-0.77302,0.00525
-0.48992,0.86703,-0.00759
-0.52097,-0.65388,-0.03257
0.03803,-0.33503,-0.00408
-0.04234,-0.33850,-0.00636
-0.62827,0.38364,-0.01778
-0.71865,-0.39272,-0.02735
-0.00050,0.08999,0.00005
-0.36475,-0.27804,-0.01769
-0.96934,-0.04174,-0.03680
-0.10434,-0.39264,-0.01085
-0.13824,0.33113,-0.00182
-0.75105,0.53170,-0.01849
-0.44703,0.05125,-0.01622
-0.33452,-0.07629,-0.01328
-0.84359,0.20168,-0.03001
0.12754,0.14829,0.00548
0.46371,-0.17413,0.01226
-0.80716,0.12171,-0.02720
-0.71097,0.46411,-0.02003
-0.50424,0.49985,-0.01394
-0.44487,-0.49998,-0.02557
0.12503,-0.02458,0.00278
-0.21290,0.69851,0.00031
-1.00709,0.44216,-0.02748
-0.18037,-0.81596,-0.01495
-0.15631,0.15849,-0.00467
-0.61904,-0.38213,-0.03238
-0.50795,0.64903,-0.01088
-0.44034,0.51207,-0.00907
-0.17142,0.16287,-0.00555
-0.18488,0.21197,-0.00462
-0.38744,0.03758,-0.01565
-0.23386,-0.42111,-0.01374
-0.52062,-0.10431,-0.02348
0.19407,0.30292,0.00988
-0.67622,0.07600,-0.02672
-0.13674,0.47274,0.00008
0.27736,-0.68178,-0.00047
-0.16505,0.21555,-0.00318
-0.63429,0.53308,-0.01402
-0.03509,-0.37359,-0.00633
-0.35382,0.47786,-0.00725
0.04242,-0.91055,-0.01163
-0.34063,0.14907,-0.00992
0.23429,-0.26293,0.00297
-0.27353,-0.39069,-0.01344
-0.51452,0.24628,-0.01608
-0.32093,0.34600,-0.00876
-0.10917,0.35325,-0.00024
-0.71927,-0.12337,-0.02419
-0.32102,-0.02913,-0.01380
-0.50799,0.66960,-0.01044
-0.24796,-0.39208,-0.01643
-0.14688,-0.09992,-0.00830
-0.18134,0.70045,0.00189
-0.31452,0.02682,-0.01264
0.02963,-0.39740,-0.00547
0.30256,-0.31893,0.00502
-0.77923,-0.12618,-0.02637
0.08621,-0.71203,-0.00876
-0.76523,-0.62831,-0.02780
-0.48473,-0.12736,-0.01842
-0.27666,-0.48753,-0.01607
-0.75243,0.06973,-0.02324
-0.57976,-1.01173,-0.02871
-0.15610,0.61868,0.00116
-0.63988,-0.73252,-0.03036
0.08478,0.30793,0.00587
-0.42258,-1.26357,-0.02737
-0.46072,-0.00582,-0.01753
-0.01863,-0.21112,-0.00544
-0.47862,0.54992,-0.01286
-0.22534,-0.15877,-0.00986
0.13615,-0.14532,0.00156
-0.11680,0.25108,-0.00201
-0.26429,0.11239,-0.00737
-0.02991,-0.33398,-0.00728
-0.40581,0.55087,-0.00826
-0.50557,-0.16498,-0.01983
-0.16597,-0.56199,-0.01232
-0.63966,0.56337,-0.01797
-0.92136,0.39059,-0.02740
-0.24476,-0.61335,-0.01798
-0.10348,-0.41288,-0.01103
-0.36982,0.19230,-0.01102
-0.82524,-0.02601,-0.02785
0.00395,0.32840,0.00368
-0.08136,0.12723,-0.00202
-0.20721,-0.32748,-0.01296
-0.21087,0.16003,-0.00565
0.00616,0.43879,0.00512
-0.30031,-0.25046,-0.01536
0.04403,-0.01580,0.00026
-0.26512,0.00486,-0.01145
-1.04496,-0.01544,-0.03736
-0.26520,0.25918,-0.00708
-0.01212,0.19355,0.00097
-0.09793,0.45221,0.00150
-0.82128,-0.09266,-0.03519
-0.75279,0.41347,-0.01601
0.04902,-0.09318,-0.00085
-0.47322,0.05654,-0.01572
-0.62248,0.28782,-0.01926
0.18566,-0.82893,-0.00528
-0.13879,-0.13245,-0.00815
-0.49310,-0.28742,-0.01968
0.08107,-0.05028,0.00090
-0.18571,-0.07558,-0.00835
-0.69802,-0.09322,-0.02619
-0.31777,-0.40427,-0.02087
-0.35481,-0.56319,-0.02184
0.15319,0.16264,0.00633
0.18953,0.12048,0.00763
-0.46236,0.26000,-0.01530
-0.08169,0.00951,-0.00391
-0.06032,-0.41517,-0.00814
0.01615,-0.10007,-0.00215
0.18489,0.22958,0.00861
-0.01285,-0.37264,-0.00755
-0.03345,-0.32208,-0.00636
-0.74775,0.25004,-0.02061
-0.93474,0.61868,-0.02751
-0.27798,0.12309,-0.00944
0.21163,0.05144,0.00697
-0.51962,0.15362,-0.01770
0.07606,0.11088,0.00308
0.37058,-0.25993,0.00773
-0.12871,-0.11703,-0.00823
-0.22418,-0.36747,-0.01394
0.06488,0.04607,0.00175
-0.29467,0.41698,-0.00618
-0.04483,-0.45077,-0.00886
-1.02170,-0.06773,-0.02649
0.21132,0.00490,0.00635
-0.69511,-0.01776,-0.02203
-0.54900,0.48473,-0.01506
-0.82386,0.53612,-0.02366
0.01683,-0.77233,-0.01028
-0.39867,0.32659,-0.01073
-0.06310,-0.73668,-0.01481
-0.24560,-0.15772,-0.01221
-0.25474,0.69437,-0.00121
-0.50796,0.41821,-0.01105
0.18984,-0.68250,-0.00350
-0.67866,0.48323,-0.02041
-0.39760,0.41536,-0.00877
-0.45712,0.42522,-0.01031
-0.07134,-0.38392,-0.00780
-0.51579,0.53813,-0.01212
-0.65545,-0.11209,-0.01807
-0.00143,0.07675,-0.00014
0.07792,0.72680,0.01072
-0.62295,-1.08416,-0.03807
-0.45492,0.08459,-0.01317
-0.12851,-0.02545,-0.00553
-0.48481,-0.24670,-0.01802
-0.12944,-0.59284,-0.01253
-0.80009,-0.21559,-0.02614
-0.58583,-0.39225,-0.03030
-0.29702,-0.59251,-0.01528
0.16891,0.39872,0.01066
-0.67119,0.10047,-0.01752
-0.25315,0.63249,-0.00144
-0.28855,-0.14512,-0.01555
-0.25249,-0.16781,-0.01172
-0.67039,0.11464,-0.01873
-0.99335,0.37653,-0.02591
-0.15708,-0.10716,-0.00919
-0.38557,-1.09164,-0.02491
-0.30127,0.03741,-0.00983
-0.15760,0.37991,-0.00123
-0.54283,-0.10404,-0.02117
-0.92729,0.40027,-0.02271
-0.55483,0.68455,-0.01088
-0.61754,-0.69034,-0.03391
-0.75119,-0.01646,-0.02715
-0.27130,0.06210,-0.01007
-0.37300,-0.17003,-0.01696
-0.26808,0.62759,-0.00198
-1.06215,-0.58395,-0.03204
0.12318,0.17073,0.00592
-0.34521,0.37497,-0.00799
-0.59691,-0.40736,-0.02434
-0.33079,-0.21038,-0.01402
-0.51576,0.56873,-0.01007
-0.42392,-0.58489,-0.02399
0.13993,0.08717,0.00511
-0.39658,-0.04815,-0.01588
-0.45742,0.62004,-0.00888
-0.25849,-0.52150,-0.01831
-0.32758,-0.00432,-0.01177
-0.08863,-0.10615,-0.00558
-0.32385,0.62395,-0.00501
-0.26044,-0.16425,-0.01155
-0.05890,0.39120,0.00227
-0.63185,0.67804,-0.01309
-0.50353,-0.47558,-0.02340
-0.59146,0.36313,-0.01649
-0.49598,-0.08674,-0.01879
-1.39876,-0.82863,-0.04636
-0.11504,-0.14014,-0.00840
-0.57631,0.32108,-0.01738
-0.38219,0.18837,-0.01241
-0.12467,0.35071,-0.00052
-0.18820,0.53861,-0.00036
-0.15484,-0.78296,-0.01932
-0.26207,-0.35744,-0.01748
-0.23672,-0.33913,-0.01508
-0.03424,-0.04016,-0.00296
-0.74490,0.16099,-0.02148
-0.75057,-0.78365,-0.03621
-0.13167,-0.06047,-0.00787
0.11098,-0.13053,0.00090
-0.38550,0.51591,-0.00880
-0.79104,0.05240,-0.02605
-0.63582,-0.25743,-0.02157
-0.21520,-0.06767,-0.01022
-0.37947,-0.44224,-0.01785
-0.24074,-0.28502,-0.01310
-0.44150,0.15887,-0.01314
0.09782,0.09352,0.00379
0.26890,0.10718,0.01007
-0.54683,-0.67605,-0.03230
-0.26818,0.21866,-0.00834
-0.16035,0.38080,-0.00182
-0.25949,0.41171,-0.00545
0.00025,0.11699,0.00038
-0.20480,-0.81719,-0.01984
-0.03540,0.00618,-0.00286
0.05821,0.31636,0.00473
-0.21676,0.39230,-0.00359
-0.48472,-0.20228,-0.01813
-0.37280,-0.26157,-0.01838
-0.98950,0.77632,-0.02413
0.27626,0.00993,0.00813
-0.07767,0.37086,0.00101
-0.38781,-1.37830,-0.02849
-0.05289,-0.53031,-0.00920
0.34396,-0.07320,0.01005
-0.31207,-0.15818,-0.01495
-0.29514,0.42844,-0.00522
-0.72423,0.89144,-0.01283
-0.18652,-0.37057,-0.01010
-0.05210,-0.78484,-0.01166
-0.39487,-0.49664,-0.01839
0.03219,-0.04467,-0.00083
-0.32080,0.22785,-0.01007
-0.31152,0.67154,-0.00408
-0.36589,-0.00123,-0.01491
-0.41896,-0.38933,-0.01960
-0.03445,0.45420,0.00372
-0.38301,0.47940,-0.00705
-0.28276,0.09827,-0.01150
-0.15370,-0.68988,-0.01897
-0.84561,-0.24573,-0.03365
-0.02254,-0.40187,-0.00795
-0.81814,-0.31097,-0.02917
-0.60676,0.10146,-0.01882
-0.34767,0.08993,-0.01424
0.20579,0.11106,0.00676
-0.64316,0.31504,-0.01746
-0.00374,-0.77238,-0.01028
-0.03735,0.17866,-0.00001
-0.33100,-0.33350,-0.01742
-0.29574,-0.10030,-0.01316
-0.82660,0.29757,-0.01866
-0.89513,-0.57175,-0.03308
0.16929,0.14784,0.00689
-0.20256,-0.55696,-0.01345
-1.04268,-0.76474,-0.04193
-0.91765,0.26065,-0.02449
-0.04112,-0.07140,-0.00442
-0.86039,0.00491,-0.02661
-0.32553,0.08017,-0.01195
-0.21804,-0.02759,-0.00714
-0.60657,0.10839,-0.02150
-0.13809,0.16249,-0.00395
-0.06340,-0.02428,-0.00387
-0.54738,0.00181,-0.01992
-0.57308,-0.88128,-0.03342
-0.43893,-0.28914,-0.01751
-0.75683,0.42333,-0.02227
-0.46684,0.13724,-0.01275
-0.40481,-0.43204,-0.02009
-0.61960,0.98404,-0.00951
-0.50800,0.72560,-0.00950
-0.24347,-0.55076,-0.01827
-0.46337,0.47906,-0.01223
-0.09324,-0.04718,-0.00528
-0.18943,0.06447,-0.00693
-0.09871,-0.00276,-0.00431
-0.97563,0.43682,-0.03100
-0.33693,-0.76178,-0.02037
-0.27827,0.07193,-0.00859
-0.54349,-0.15205,-0.02328
-0.66314,0.92096,-0.00995
-0.34733,-0.04671,-0.01404
0.00878,0.34199,0.00378
-0.59790,0.46586,-0.01333
-0.18643,0.43559,-0.00206
-0.32949,-0.57268,-0.01790
-0.74958,0.21789,-0.02708
-0.40864,-0.24855,-0.01884
-1.08578,-0.78059,-0.05068
-0.78414,-0.15579,-0.02481
-0.45087,-0.72841,-0.02490
-0.32376,-0.27259,-0.01787
-0.17573,-0.42899,-0.01429
0.02074,0.25287,0.00309
-0.17658,-0.17539,-0.01013
-0.27226,-0.21156,-0.01295
-0.92794,-0.24121,-0.02823
-0.58710,-0.24886,-0.02179
-0.15701,0.09968,-0.00428
-1.48722,-0.39892,-0.04849
-0.20215,-0.56478,-0.01311
-0.58421,0.28474,-0.02032
-0.85956,0.03852,-0.02674
-0.57344,-0.29588,-0.02329
-0.38557,0.71374,-0.00517
-0.26978,0.41506,-0.00535
-0.35486,-0.20005,-0.01291
-0.22542,0.16475,-0.00661
-0.63255,0.42744,-0.01582
-0.13682,0.36288,-0.00157
-0.11134,0.62643,0.00309
-0.80132,0.62476,-0.01516
-0.29766,-0.40878,-0.01634
-0.71840,0.63767,-0.01722
-0.52040,-0.72641,-0.02621
-1.10613,-0.35503,-0.03499
-0.66644,0.02967,-0.02527
-0.38573,-0.11437,-0.01775
-0.34608,0.34283,-0.00858
0.20015,-0.15722,0.00370
-0.29172,-0.72399,-0.01841
0.00386,0.08012,0.00022
-0.77313,-0.01066,-0.02074
-0.25496,-0.59909,-0.02224
-0.27196,-0.16868,-0.01302
-0.08465,0.20547,-0.00145
-0.41503,0.36323,-0.01062
0.11642,-0.87521,-0.00701
0.15394,-0.23110,0.00035
-0.14487,-0.15945,-0.00794
-0.48140,0.24696,-0.01484
-0.28067,-0.89897,-0.02231
-0.88830,0.48704,-0.02097
-0.51808,-0.07664,-0.01970
0.17484,-0.31727,0.00058
-0.25583,-0.49374,-0.01801
-0.73869,-0.18307,-0.03224
-0.34287,-0.29495,-0.01630
-0.49087,0.53715,-0.00980
0.09352,-0.54956,-0.00589
-0.62985,-0.02597,-0.01930
-0.83302,0.14705,-0.02934
-0.00414,0.27006,0.00248
0.18806,-0.49267,-0.00190
-0.23147,0.17298,-0.00655
-0.29671,-0.50082,-0.02024
-0.57461,-0.07340,-0.02366
-0.96698,-0.10724,-0.02880
0.04524,-0.02008,0.00010
-0.74663,0.32198,-0.01742
-0.20550,-0.21909,-0.01439
-0.26718,0.81241,-0.00027
-0.37773,0.17442,-0.01101
-0.41543,-0.41535,-0.01893
-0.30634,0.22574,-0.01028
-0.81644,0.05991,-0.02918
-0.25559,0.20442,-0.00658
0.02171,-0.16092,-0.00309
-0.56533,-0.00960,-0.01744
0.37241,0.20064,0.01608
-0.11046,0.00593,-0.00531
-0.31947,0.21491,-0.01032
-0.10186,-0.17078,-0.00686
-0.48529,-0.37595,-0.02326
-0.69427,0.56660,-0.01906
-0.19833,-0.36707,-0.01149
-0.20325,0.36712,-0.00382
-0.07504,0.39508,0.00126
-0.09625,0.74824,0.00488
0.00941,-0.06693,-0.00190
0.14066,-0.17636,0.00122
-0.43557,0.12935,-0.01438
0.10233,-0.01034,0.00234
-0.26463,0.41560,-0.00413
-0.39507,-0.40498,-0.01872
-0.08388,-0.44077,-0.01145
-0.48193,0.64167,-0.00873
-0.06797,-0.26602,-0.00715
-0.91835,-0.05289,-0.02737
-0.37260,0.01144,-0.01525
-1.06418,-1.33850,-0.04488
-0.01827,-0.45606,-0.00820
-0.60676,-0.12459,-0.01455
-0.29486,0.53706,-0.00409
-0.91354,0.12207,-0.02703
-0.15377,0.51345,0.00048
-0.17935,0.52462,-0.00043
-0.02659,-0.02045,-0.00222
-0.53532,0.09695,-0.02084
-0.86592,0.27810,-0.02174
-0.32845,-0.12629,-0.01451
-1.24158,-0.53141,-0.03919
-1.02695,0.10336,-0.03350
-0.19203,-0.54885,-0.01534
-0.38577,-0.46255,-0.02078
-0.25721,0.00920,-0.00818
-0.72795,0.75071,-0.01684
-0.09596,-0.44266,-0.01042
-0.09228,0.54510,0.00264
-0.83005,-0.66508,-0.04066
0.04262,-0.01806,0.00001
0.07926,-0.33987,-0.00287
-0.04066,-0.37298,-0.00702
0.21692,-0.37598,0.00087
-0.65939,0.43763,-0.01809
0.15667,0.53383,0.01295
-0.37762,0.09055,-0.01145
-0.25765,0.78772,-0.00024
-0.60035,-0.19134,-0.02641
-0.15179,-0.17345,-0.01005
0.15441,-0.12666,0.00253
-0.59395,-0.61565,-0.02724
-0.47395,0.61970,-0.00919
-0.51967,0.64703,-0.01079
-1.14265,0.47330,-0.02736
-1.35736,0.04550,-0.04840
-0.20013,0.20910,-0.00651
0.44290,-0.29368,0.00900
-0.36187,0.17876,-0.01007
-0.29906,0.68422,-0.00254
-0.43503,-0.88798,-0.02824
-0.09980,0.04676,-0.00442
-0.32249,-0.36048,-0.02059
-1.01005,0.11540,-0.02837
-0.17132,-0.30089,-0.01205
-0.10342,-0.48630,-0.01120
-0.38373,-0.09460,-0.01381
0.21104,-0.13327,0.00436
-0.10630,-0.05783,-0.00475
-0.75151,-0.68158,-0.03122
-0.12239,-0.31758,-0.01196
0.13089,0.30113,0.00730
-0.50017,-0.40130,-0.02513
-0.18878,-0.07130,-0.00944
-0.01023,-0.31586,-0.00599
0.05496,0.28355,0.00486
-0.33269,-0.52331,-0.01505
-0.51202,-0.45398,-0.02095
-0.07608,0.50637,0.00284
-0.21168,-0.38189,-0.01608
-0.49740,0.14363,-0.01582
-0.17145,-0.74477,-0.01808
-0.13190,-0.18178,-0.00817
-0.30224,-0.51446,-0.01778
-0.64498,-0.42651,-0.02790
-0.22214,0.10966,-0.00612
-0.05195,-0.41204,-0.00712
-0.49873,-0.23302,-0.01947
-0.22446,0.64944,-0.00006
-0.09562,0.39396,0.00067
0.07952,-0.08902,0.00035
0.11907,-0.10678,0.00150
-0.07334,0.31374,0.00048
-0.36951,0.41865,-0.00964
-0.07870,0.40365,0.00116
-0.07601,0.08298,-0.00305
-0.38212,-0.04298,-0.01747
-0.37075,0.02412,-0.01487
-0.47736,-0.44609,-0.02441
-0.44234,-0.46657,-0.02355
-0.29764,-0.67429,-0.01648
0.00468,-0.47148,-0.00642
0.05715,-0.42269,-0.00501
-0.48431,0.25345,-0.01076
-0.87888,-0.01119,-0.02978
-0.19379,0.02604,-0.00624
-0.00055,0.23739,0.00211
-0.90491,0.29569,-0.03012
-0.39349,-0.50100,-0.02021
-0.64142,0.04054,-0.02092
-0.22230,-0.20815,-0.01165
-0.58684,0.57760,-0.01409
-0.17155,-0.45674,-0.01324
-0.33828,0.04128,-0.01306
-0.35905,-0.22953,-0.01542
-0.44597,-0.09591,-0.01723
-0.51047,-0.13548,-0.02226
-0.15510,0.32908,-0.00261
-0.54651,-0.04064,-0.02225
-0.74936,0.19848,-0.02784
-0.63897,-0.21345,-0.02532
-1.33721,-1.20819,-0.06086
-0.02790,-0.15024,-0.00406
-0.50512,0.62257,-0.01039
-0.07794,-0.02602,-0.00414
-0.65832,0.05435,-0.02582
-0.22220,0.24254,-0.00601
-0.18275,-0.34021,-0.01112
0.23518,-0.29919,0.00272
-0.63632,0.63734,-0.01665
-0.23035,0.20585,-0.00807
-1.17726,-0.01566,-0.03310
-0.85922,0.62074,-0.01936
-0.66989,-1.27276,-0.03714
-0.02637,-0.76006,-0.01404
-0.38214,0.00690,-0.01238
-0.70226,0.13658,-0.02646
-0.53965,-1.00459,-0.03379
-0.56283,0.65984,-0.01058
0.14947,0.15901,0.00634
-0.12585,-0.23509,-0.00808
-0.05215,-0.51126,-0.01057
-0.58082,0.49314,-0.01277
-0.74253,0.68951,-0.01579
-0.55986,0.24735,-0.01665
-0.59381,0.44324,-0.01381
-0.06858,-0.74151,-0.01539
-0.33455,-0.17454,-0.01739
-0.03764,-0.02833,-0.00288
-0.64103,0.39708,-0.01349
-0.41340,-0.46169,-0.02001
-0.24573,0.02204,-0.00935
-0.52922,0.36820,-0.01545
-0.08627,0.41320,0.00129
0.04129,0.10795,0.00174
-0.13755,-0.11843,-0.00803
-0.06639,-0.70614,-0.01393
-0.06702,-0.17433,-0.00601
-0.12366,-0.39035,-0.01138
-0.08115,0.32675,0.00026
-0.14066,-0.03618,-0.00682
-0.31706,-0.26824,-0.01895
-0.22597,0.08608,-0.00740
-0.65407,-0.24243,-0.02437
-0.05714,0.31946,0.00107
-0.48602,-0.17147,-0.01859
-0.06891,0.54340,0.00349
0.30153,0.16206,0.01231
-0.35912,0.01034,-0.01552
0.18882,0.51281,0.01206
0.11657,0.00644,0.00304
-0.37870,-0.21092,-0.01937
-0.73434,0.41412,-0.02185
-0.03771,-0.12176,-0.00366
-0.51692,-0.04837,-0.01670
-0.05354,0.12757,-0.00139
-0.72568,0.66234,-0.01508
-0.72389,0.59386,-0.02042
-0.22171,0.23924,-0.00692
-0.46237,0.29370,-0.01242
-0.13974,0.35472,-0.00123
-0.30768,-0.04980,-0.01052
-0.09359,0.27151,-0.00107
-0.58960,-0.47331,-0.03383
0.05090,0.18971,0.00316
-0.05595,0.47289,0.00308
-0.07856,-0.21652,-0.00736
0.13723,-0.61655,-0.00525
-0.27393,0.42272,-0.00526
-0.13268,-0.52590,-0.01395
0.39560,0.15334,0.01607
-0.15771,-0.07412,-0.00759
-1.07008,-0.39857,-0.03829
-0.79613,0.31797,-0.01885
-0.05529,0.01141,-0.00329
-0.22508,-0.79570,-0.01957
-0.36491,-0.13316,-0.01440
-0.77380,-0.83855,-0.04018
-0.27950,-0.02046,-0.00987
-0.18905,0.12358,-0.00498
-0.31652,0.36630,-0.00683
-0.25313,0.33506,-0.00676
0.02758,0.06196,0.00054
0.33540,-0.07691,0.00907
0.24760,-0.21486,0.00492
-0.68910,0.42790,-0.02120
-1.09708,0.64938,-0.02732
-0.25279,-0.75300,-0.01922
-1.08713,0.34299,-0.02976
-0.86738,0.39907,-0.02871
-0.29830,-0.34206,-0.01651
-0.49310,-0.39001,-0.02598
-0.17903,-0.03911,-0.00805
-0.07489,0.09796,-0.00275
0.27487,0.50305,0.01482
-0.30057,0.33948,-0.00657
0.04150,-0.20638,-0.00224
-0.19875,-0.40337,-0.01077
0.14558,0.42242,0.01115
-1.04362,-1.02055,-0.04630
-0.00977,-0.32371,-0.00641
-0.72721,-0.40568,-0.03195
-0.18603,-0.33157,-0.01028
-0.05302,-0.52698,-0.00868
-0.22554,-0.31267,-0.01209
-0.23677,0.41910,-0.00398
-1.11488,-0.80665,-0.04150
-0.72773,0.01319,-0.02309
-0.12763,-0.30154,-0.00956
-0.42170,0.02455,-0.01502
-0.24907,-0.00125,-0.00967
-0.68132,0.63632,-0.01213
-0.77840,-0.50376,-0.02780
-0.21795,0.59254,-0.00108
-0.60160,0.43621,-0.01733
-0.14609,0.41111,-0.00100
-0.04899,-0.78186,-0.01231
0.03849,-0.33988,-0.00389
-0.38997,-0.40420,-0.02087
-0.02803,-0.70262,-0.01057
0.02501,-0.06001,-0.00133
0.03578,0.15898,0.00211
-1.26729,0.23616,-0.04144
0.13378,0.04204,0.00408
-0.32968,0.17620,-0.01058
-0.14474,-0.49081,-0.01269
-0.41007,-0.01773,-0.01532
-0.63836,-0.60262,-0.02565
0.01565,-0.77565,-0.01179
-0.34957,0.70513,-0.00447
-0.48770,0.04954,-0.01794
-0.66603,0.16951,-0.02326
-0.25431,-0.13659,-0.00999
-0.05457,-0.24375,-0.00696
-0.64013,-0.41283,-0.02213
-0.61894,0.15781,-0.02106
-0.32699,0.16529,-0.00853
-0.67297,0.65652,-0.01770
-0.24684,-0.40225,-0.01817
-0.35652,-0.32187,-0.01401
-0.22590,-0.17824,-0.01147
-0.60678,0.44364,-0.01773
-0.26870,-0.10193,-0.01434
-0.74739,-0.49246,-0.02765
-0.21967,0.28394,-0.00430
-0.41338,-0.26195,-0.02029
-0.48812,0.38951,-0.01148
-0.10537,0.15511,-0.00231
-0.51037,0.11302,-0.01405
-0.12341,-0.06083,-0.00683
-0.03096,-0.22180,-0.00626
0.36093,0.12928,0.01470
-0.52170,-0.23757,-0.02398
-0.14947,-0.54451,-0.01488
-0.59164,-0.35764,-0.02223
-0.39623,0.65549,-0.00641
-0.39907,0.00017,-0.01299
-0.07694,-0.19413,-0.00702
-0.15599,0.15467,-0.00494
-0.14386,0.68897,0.00327
-0.02950,0.02242,-0.00193
0.04155,0.13261,0.00207
-0.38237,0.20172,-0.01353
0.03392,-0.07603,-0.00108
-0.05615,0.42386,0.00290
-0.31261,0.26130,-0.01036
-0.67464,-0.40789,-0.02584
-0.30528,-0.18246,-0.01459
-1.03355,-1.05620,-0.04284
-0.69545,0.57774,-0.01325
-0.66303,0.04957,-0.02783
-0.95838,0.46159,-0.02791
-0.29749,-0.13484,-0.01506
-0.53302,0.48773,-0.01429
0.01009,-0.06729,-0.00166
-0.39037,-0.41217,-0.02070
-0.32487,-0.35318,-0.01633
-0.16695,-0.40919,-0.01433
-0.13739,0.32960,-0.00192
-0.30677,0.03706,-0.01097
-0.39385,-0.86871,-0.02519
-0.03034,-0.62175,-0.01072
0.31703,-0.16551,0.00780
-0.44177,0.43150,-0.01131
-0.54111,-0.02508,-0.01689
-0.12310,0.19691,-0.00284
0.30208,-0.05070,0.00947
-0.36340,0.23691,-0.00942
-0.36154,-0.58759,-0.01951
-0.31832,0.49764,-0.00546
0.01246,-0.16161,-0.00346
-0.51603,0.24577,-0.01646
-0.82174,-0.77486,-0.03878
-0.08621,-0.33334,-0.00968
-0.42657,-0.11094,-0.02019
-0.52018,-0.81813,-0.03085
-0.26893,-0.44560,-0.01667
-0.11039,0.02865,-0.00540
-0.24066,-0.12840,-0.01030
-0.43199,-0.13275,-0.02107
0.10715,-0.13362,0.00055
-0.32821,-0.39899,-0.02021
-0.48225,-0.84856,-0.02573
-0.66397,-0.20970,-0.02213
-0.68195,0.34078,-0.01874
-0.53767,0.44430,-0.01245
-0.05165,0.20730,-0.00021
-0.28835,0.01768,-0.01050
-0.06986,-0.09899,-0.00491
-1.15929,-0.06743,-0.03678
-0.16731,-0.03557,-0.00843
-0.40976,-0.08464,-0.01632
-0.15077,-0.55281,-0.01477
-0.11623,-0.00059,-0.00537
-0.82958,0.27089,-0.02354
0.00761,0.41319,0.00457
-0.43081,-0.28438,-0.02116
-0.13049,0.20719,-0.00280
-0.14582,-0.61717,-0.01636
-0.51519,-0.53430,-0.02131
-0.15464,-0.55093,-0.01345
-0.89486,-0.31221,-0.03482
-0.47538,0.74420,-0.00798
-0.27659,0.05590,-0.00959
-0.46995,0.25245,-0.01294
-0.33473,-0.56167,-0.01786
-0.78338,0.33653,-0.02395
-0.05587,0.32399,0.00116
-0.21542,-0.10286,-0.01123
-0.68238,0.18962,-0.02039
-0.59782,-1.15372,-0.03377
-0.63487,0.42212,-0.01852
-0.44165,0.42136,-0.01134
-1.14544,0.23234,-0.02695
-0.34300,0.60523,-0.00529
-0.73815,-0.69929,-0.03425
-0.32289,-0.57111,-0.02236
-0.55260,0.46492,-0.01428
-0.56994,-0.51206,-0.03001
-0.46680,0.19396,-0.01704
0.03578,0.11603,0.00167
0.21756,0.46218,0.01275
-0.13258,-0.52731,-0.01157
0.28855,0.54598,0.01703
0.10321,0.05096,0.00324
-0.19990,-0.67803,-0.01747
-0.28744,0.28939,-0.00652
0.09352,0.23447,0.00476
0.03826,-0.55003,-0.00819
-0.24062,0.12792,-0.00644
-0.36321,-0.36082,-0.01739
0.31131,-0.44619,0.00320
-0.04454,-0.60594,-0.00979
-0.30286,0.53990,-0.00441
-0.67731,-0.38714,-0.03087
-0.57487,0.34329,-0.01495
0.05881,-0.30614,-0.00293
-0.27600,-0.07063,-0.01185
-0.04984,-0.13460,-0.00395
-0.18858,-0.91280,-0.01807
0.27213,-0.11333,0.00707
-0.10830,-0.05208,-0.00532
-0.36921,-0.18271,-0.01806
-0.35166,-0.51845,-0.02322
-0.41974,0.46132,-0.00617
-0.12306,-0.43502,-0.01216
-0.39022,-0.16392,-0.01745
-0.48173,0.20087,-0.01682
-0.30643,0.47433,-0.00563
-0.55597,0.48419,-0.01451
-0.31279,0.17366,-0.00947
0.17140,-0.09321,0.00370
-0.02749,-0.38996,-0.00759
-0.68198,0.84638,-0.00982
0.10234,-0.43992,-0.00350
-0.26771,-0.51867,-0.01953
-0.22502,-0.23233,-0.01185
-0.67900,0.27058,-0.02382
-0.65956,0.63075,-0.01553
-0.07579,0.12443,-0.00222
-0.06768,0.09858,-0.00284
-0.59539,-0.33490,-0.02708
-0.10034,-0.47370,-0.01072
-0.18322,-0.05882,-0.00918
-0.23437,-0.39858,-0.01738
-0.31151,0.11995,-0.01201
-0.99593,-0.82064,-0.04726
-0.22950,-0.26173,-0.01454
-0.75059,-0.37712,-0.02370
-0.27885,-0.44896,-0.01818
-0.02212,-0.12439,-0.00381
-0.39588,-0.63378,-0.02058
0.13716,0.35893,0.00871
-0.52516,-0.19001,-0.02029
-0.44352,-0.33660,-0.01899
-0.62475,0.03039,-0.01737
-0.11214,-0.66156,-0.01517
-0.72346,-0.53082,-0.03101
-0.05785,-0.37399,-0.00923
-0.92067,0.44416,-0.02362
-0.32635,-0.71744,-0.02156
0.03208,0.32806,0.00440
-0.26328,-0.14517,-0.01195
-0.53867,0.49540,-0.01273
-0.60143,-0.22887,-0.02103
-0.91232,-0.24435,-0.03717
0.00122,-0.15567,-0.00311
-0.27141,-0.28917,-0.01554
-0.67638,0.85118,-0.00939
-0.16381,-0.32057,-0.01082
-0.23843,0.41855,-0.00344
-0.41223,-0.68987,-0.02155
-0.07384,-0.42825,-0.00857
0.04574,0.38175,0.00582
-0.14427,-0.56031,-0.01219
-0.39227,0.20352,-0.01287
-0.12280,-0.14449,-0.00668
0.06086,0.14536,0.00286
-0.37004,0.05510,-0.01272
-0.92278,-0.34631,-0.03137
-0.12162,-0.64568,-0.01726
-0.13304,-0.05075,-0.00651
-0.18647,-0.19978,-0.01017
-0.19643,-0.30649,-0.01364
0.04007,-0.28326,-0.00354
0.08219,-0.19178,-0.00107
-0.44382,-0.05536,-0.01577
-0.33448,0.04681,-0.01348
-0.76060,0.04707,-0.02110
0.08724,0.20207,0.00444
-0.18766,-0.71411,-0.01588
-1.04299,-0.08705,-0.03807
-0.38955,0.29097,-0.01284
-0.54957,-0.33399,-0.02157
0.32943,0.20500,0.01477
0.01718,0.38326,0.00456
-0.85067,-0.44412,-0.04072
-0.24520,-0.51716,-0.01748
-0.68393,-0.51330,-0.02657
-0.70909,-0.48860,-0.02740
-0.32660,0.72692,-0.00314
-0.36049,0.23303,-0.01002
-0.20316,0.09279,-0.00854
-0.42797,-0.46307,-0.02320
-0.25652,-0.18267,-0.01162
0.31720,-0.48329,0.00260
-0.23405,0.22309,-0.00537
-0.09877,0.00918,-0.00424
-0.10719,0.33330,-0.00049
0.07530,-0.15930,-0.00073
-0.08916,-0.16592,-0.00532
-0.56754,0.38374,-0.01600
0.10086,0.41572,0.00752
-0.40847,0.06429,-0.01465
-0.35310,0.09152,-0.00887
-0.26526,0.53790,-0.00281
0.01063,0.00383,-0.00080
-0.21295,-0.16632,-0.00804
-0.59694,0.74303,-0.01273
0.13982,0.19893,0.00599
-0.22462,0.03021,-0.00753
-0.58057,-0.38831,-0.01666
0.15221,0.21594,0.00662
-0.67774,0.13155,-0.02336
0.04931,-0.33116,-0.00393
0.00452,0.36077,0.00360
-0.64532,0.19713,-0.01752
-0.36068,-1.32859,-0.03358
-0.52307,-0.17117,-0.01747
-0.43056,-0.83186,-0.02798
-0.35738,-0.09213,-0.01430
-0.43639,0.05231,-0.01824
-0.07367,-0.01568,-0.00349
-0.47398,-0.09920,-0.01943
-0.24902,0.03744,-0.00866
-1.19497,0.03314,-0.04378
-0.18662,-0.10458,-0.00845
-0.26363,0.09704,-0.00830
-0.55287,-0.62042,-0.01965
-0.29647,-0.07099,-0.01361
-0.12554,-0.46854,-0.01037
0.26216,0.14743,0.01025
0.18662,0.06624,0.00629
-0.35084,-0.30103,-0.01440
-0.74761,0.42957,-0.02332
-0.36188,0.24903,-0.01113
-0.06968,0.53619,0.00345
-0.07606,-0.06791,-0.00471
-0.51251,0.84027,-0.00851
-0.91760,0.29669,-0.02850
-0.74549,-0.14114,-0.03025
-0.32090,-0.04753,-0.01232
-0.50552,0.13995,-0.01669
-0.00691,0.00412,-0.00133
-0.08121,0.44108,0.00167
-0.29888,-0.05915,-0.01219
-0.06530,0.66907,0.00581
-0.44970,0.18741,-0.01162
-0.42703,0.19638,-0.01402
-0.31048,-0.27959,-0.01574
-0.34858,-0.55852,-0.01937
-0.13592,-0.06307,-0.00836
-0.16660,-0.00193,-0.00637
-0.47920,0.10794,-0.01725
-0.43399,0.21430,-0.01150
-0.52451,-0.71226,-0.03433
-0.46820,0.13643,-0.01648
-0.58702,0.10365,-0.02223
0.00290,-0.33369,-0.00711
0.22739,0.03997,0.00651
-0.32206,0.79025,-0.00257
-0.43621,0.33977,-0.01123
-0.47354,-0.91020,-0.02788
-0.04548,0.34467,0.00188
0.09897,-0.49756,-0.00405
0.22804,0.11117,0.00872
-0.31191,-0.23525,-0.01650
-0.26153,-0.28350,-0.01611
-0.26437,0.01804,-0.01125
-0.62507,0.20040,-0.02209
-0.30999,-0.17514,-0.01433
-0.89035,0.57575,-0.01839
-0.35462,-0.30307,-0.01484
0.02077,-0.20925,-0.00289
-0.24163,-0.50543,-0.01466
0.35457,0.01269,0.01089
-0.60405,0.25593,-0.01758
-0.62911,-0.50160,-0.03141
-0.40214,0.30455,-0.01053
-0.30962,0.24770,-0.00862
-0.73080,-0.52208,-0.03046
-0.66558,0.85668,-0.01313
-0.11073,-0.64888,-0.01390
-0.68037,0.11757,-0.02108
0.28084,-0.28018,0.00495
-0.66393,0.03846,-0.02301
-0.68176,0.25339,-0.01932
-0.42567,-1.18971,-0.02453
-0.80995,-0.99399,-0.03588
-0.08697,0.09308,-0.00257
0.00784,-0.30228,-0.00520
-0.12810,0.21968,-0.00276
0.26379,0.20009,0.01188
0.01103,-0.20358,-0.00361
-1.04979,-0.84190,-0.05113
-0.48429,0.00554,-0.01762
-0.70942,-0.07657,-0.02033
-0.22033,0.45393,-0.00331
-0.47509,-0.07943,-0.02134
-0.33752,-0.47211,-0.01930
-0.29342,0.15852,-0.00927
-0.38229,-0.06546,-0.01518
0.06190,0.17634,0.00308
-0.45028,0.33807,-0.01170
-0.26848,-0.30614,-0.01142
-0.33710,-0.48080,-0.01593
-0.45965,-0.26676,-0.01666
-0.35759,-0.20865,-0.01578
-0.41007,0.32369,-0.01076
0.11165,-0.35428,-0.00197
-0.45396,0.34780,-0.01392
-0.56005,-0.46783,-0.02903
-0.65044,0.09622,-0.02100
-0.12908,-0.01346,-0.00615
-0.54796,0.76555,-0.00881
-0.52815,0.66137,-0.01153
-0.22622,-0.47966,-0.01645
-0.67850,-0.40416,-0.02053
-0.07277,-0.04977,-0.00427
-0.59449,-0.26037,-0.02261
-0.18195,-0.00707,-0.00916
-0.45991,-0.07965,-0.01534
0.19395,-0.11965,0.00406
-0.66728,0.20159,-0.02088
-1.30073,0.32687,-0.03108
-0.11132,0.02120,-0.00599
-0.13342,-0.29535,-0.01045
0.06453,0.33251,0.00600
-0.31854,0.26583,-0.00916
-0.50832,0.61763,-0.00999
-0.17346,-0.34564,-0.01040
-0.16672,0.44306,-0.00162
-0.20181,-0.07310,-0.01127
-0.10797,0.45618,0.00101
0.03448,-0.59858,-0.00787
-0.50941,0.11355,-0.01845
-0.62646,-0.89891,-0.03384
-0.30626,-0.42566,-0.02031
0.09270,-0.13995,0.00029
-0.10924,-0.24180,-0.00780
0.17246,-0.03857,0.00457
-1.51504,-0.33583,-0.05804
0.34645,-0.23882,0.00701
-0.02897,0.23119,0.00096
-0.55601,0.82405,-0.01080
0.08842,0.10685,0.00337
0.12063,0.26159,0.00628
-0.14509,-0.39272,-0.01096
-0.18425,0.59424,0.00045
-0.30668,0.57462,-0.00342
-0.34097,-0.17091,-0.01450
-0.17939,-0.53987,-0.01460
-0.35311,-0.52531,-0.02117
-0.50961,0.33192,-0.01524
-0.06333,0.59040,0.00425
-0.53613,-0.48397,-0.02276
-0.51462,0.32117,-0.01599
-0.16647,-0.55357,-0.01057
-0.54769,0.63448,-0.01186
-0.69831,0.44581,-0.02179
-0.00692,0.14320,0.00033
-0.35504,0.01060,-0.01240
0.03906,-0.09566,-0.00164
-0.05250,0.08308,-0.00222
-0.91280,-0.73427,-0.04522
-0.19309,-0.29262,-0.01277
-0.31042,-0.75283,-0.02472
0.14985,-0.39967,-0.00180
-0.01454,0.57427,0.00573
-0.31421,-0.22121,-0.01418
-0.03006,-0.00156,-0.00257
-0.48170,-0.76726,-0.02620
-0.42408,-0.06875,-0.01621
-0.46740,-0.34955,-0.01811
-0.52086,0.11464,-0.01956
-0.77573,-0.03397,-0.02765
-0.72992,0.46029,-0.01586
0.16461,-0.07494,0.00368
-0.68392,0.08565,-0.02511
-0.35419,0.29023,-0.01117
-0.49761,0.08526,-0.01978
-1.16843,-0.72926,-0.04073
-0.39012,-0.24959,-0.01751
-0.10726,0.10409,-0.00428
-0.63458,0.26309,-0.01863
0.00157,0.09472,-0.00002
-0.29563,0.27615,-0.00861
-0.36996,0.29097,-0.01097
-0.19233,-0.30654,-0.01320
-0.53213,0.32045,-0.01382
-0.50009,0.37827,-0.01199
-0.48627,0.10116,-0.01742
-0.38758,-0.24477,-0.01963
-0.35450,0.32981,-0.00825
0.09462,-0.05128,0.00143
-0.65737,-0.18704,-0.02288
-0.09905,0.59162,0.00307
0.15935,-0.08714,0.00344
-0.57284,-0.38918,-0.02159
-0.73600,-0.93615,-0.03266
-0.59043,-0.07733,-0.02143
-0.48359,0.41983,-0.01254
-0.31852,-0.50367,-0.01645
0.12370,-0.25106,-0.00028
-0.53376,-0.52371,-0.02564
-1.16363,-0.35106,-0.03940
-0.38293,0.51575,-0.00671
-0.32446,0.20202,-0.01062
-0.43934,-0.18236,-0.01992
-0.59443,0.66855,-0.01383
-0.19426,-0.40224,-0.01135
-0.25369,0.30584,-0.00686
-0.61812,-0.05020,-0.02423
-0.49356,0.44743,-0.01215
-0.79813,0.64279,-0.01871
-0.53920,-0.35909,-0.01766
0.09589,0.47754,0.00889
-0.10342,-0.40218,-0.00908
-0.16097,-0.00373,-0.00630
-0.06428,0.09538,-0.00270
-0.75201,-0.59582,-0.02502
-0.56768,-0.78604,-0.02962
-0.38284,0.64567,-0.00639
-0.88184,-0.54475,-0.03955
-0.00145,0.26911,0.00225
-0.06424,-0.40858,-0.00795
-0.37505,-0.19471,-0.01858
-0.05253,0.00150,-0.00272
0.09766,0.35928,0.00675
-0.76105,-0.78978,-0.02925
-0.90642,0.39060,-0.02622
-0.28798,0.50827,-0.00467
-0.41437,0.61793,-0.00883
-0.54982,-0.27233,-0.02547
-0.09636,-0.39440,-0.00998
-0.10679,0.43976,0.00074
-0.18229,0.46795,-0.00173
-0.14551,0.44187,-0.00015
-0.41198,0.05935,-0.01420
-0.39794,-0.15099,-0.01887
-0.73641,-0.40074,-0.02834
-0.13000,-0.66303,-0.01208
-0.45916,0.05609,-0.01537
0.08197,-0.16461,-0.00042
-0.17419,0.05026,-0.00720
-0.14175,-0.74345,-0.01632
-0.29806,-0.06943,-0.01018
-0.71562,1.00082,-0.01379
-1.05868,0.14598,-0.02892
-0.20837,0.09400,-0.00806
-0.40171,-0.60243,-0.02504
-0.08190,-0.60129,-0.01187
-0.10198,0.31546,-0.00051
-0.82566,-0.09973,-0.03109
-0.76307,-0.60916,-0.03427
-0.95040,0.21514,-0.02999
-0.42108,-0.35078,-0.01776
-0.63835,0.44661,-0.01433
0.03496,-0.43576,-0.00560
-0.40900,-0.41602,-0.02044
-0.33501,0.02683,-0.01249
0.05270,0.04689,0.00130
-0.08020,0.36224,0.00087
-0.29216,-0.34163,-0.01542
-0.04233,-0.32575,-0.00628
-0.29015,0.09401,-0.01032
0.04040,-0.45096,-0.00657
-0.07940,-0.36174,-0.00977
0.00760,-0.00542,-0.00117
-0.54009,0.40954,-0.01449
-0.21509,0.34733,-0.00425
-0.19999,-0.45529,-0.01498
-0.31993,0.37363,-0.00728
-0.59531,0.65073,-0.01028
-0.17681,-0.20757,-0.01029
-0.52748,0.39160,-0.01087
-0.64366,0.35088,-0.01791
0.17939,0.11778,0.00644
-0.49946,-0.73446,-0.02665
-0.54395,-0.16989,-0.02010
-0.06976,-0.00042,-0.00333
-0.17037,0.55238,0.00029
-0.00547,0.18189,0.00100
-0.24373,-0.28071,-0.01430
-0.34392,0.54150,-0.00585
-0.77806,-0.34323,-0.03616
-0.21630,0.11800,-0.00870
-0.74738,0.49842,-0.02024
-0.37091,-0.06686,-0.01520
-0.10615,0.22117,-0.00235
-0.34512,-0.04648,-0.01257
0.13856,0.11572,0.00558
-0.05214,0.08151,-0.00249
-0.13139,-0.31290,-0.01032
-0.36269,-0.60729,-0.02253
-0.18616,0.04299,-0.00787
-0.19614,-0.08569,-0.01071
-0.27120,-0.09109,-0.01169
-0.05977,0.21494,-0.00024
-0.63616,0.11743,-0.01745
-0.81346,-0.21869,-0.02454
-0.40995,-0.24137,-0.01986
-1.07344,-0.05830,-0.02663
-0.29368,-0.18558,-0.01422
-0.02923,0.14766,-0.00014
-0.68697,-0.00180,-0.02005
-0.35854,0.07620,-0.01459
-0.25524,-0.62192,-0.01427
-0.65262,0.07458,-0.01969
-0.87149,0.39522,-0.02232
-0.03052,0.09273,-0.00110
-0.71104,-0.06325,-0.02612
-0.20655,-0.13865,-0.01046
-0.13097,0.08329,-0.00515
-0.52755,0.73724,-0.00900
-0.05234,-0.18325,-0.00567
-0.41853,-0.34207,-0.01926
-0.40743,-0.84392,-0.03225
-0.47373,-0.44782,-0.02125
-0.50307,-0.24766,-0.02411
-0.27882,0.24827,-0.00744
-0.05139,-0.09500,-0.00384
-0.00265,-0.13272,-0.00400
-0.00615,-0.32757,-0.00541
-0.22308,-0.29546,-0.01480
-0.43904,-0.18998,-0.01836
-0.19622,-0.09563,-0.01038
-0.19400,-0.48109,-0.01453
-0.34897,-0.33299,-0.01767
-0.30245,-0.58325,-0.01630
-0.26624,0.31998,-0.00537
-0.25160,-0.27899,-0.01583
0.02840,0.10604,0.00129
0.00103,-0.59768,-0.00885
-0.17238,-0.26130,-0.01207
-0.17106,-0.36568,-0.01370
-0.04452,-0.60364,-0.01150
-0.06432,-0.59784,-0.01208
-0.14850,0.15952,-0.00413
-0.08562,-0.34272,-0.00741
0.07732,-0.03923,0.00105
-0.54316,-1.03896,-0.03854
-0.33571,0.17357,-0.01252
-0.58291,0.31326,-0.01404
-0.64569,0.14751,-0.01611
-0.26146,0.16896,-0.00873
-0.73775,0.60616,-0.02099
-1.11151,-0.18465,-0.03258
-0.43903,0.24200,-0.00974
-1.10884,0.59756,-0.02968
-0.49274,0.03855,-0.01538
-0.22339,0.26351,-0.00560
-0.00025,0.28415,0.00293
-0.33065,-0.39780,-0.01905
-0.17310,-1.05712,-0.01921
-1.05956,0.09120,-0.02937
-0.69259,0.34233,-0.02142
-0.79904,0.31525,-0.01864
-0.71989,-0.22704,-0.03238
-0.51099,-0.83233,-0.03052
-0.09141,-0.11046,-0.00693
-0.28522,0.31392,-0.00574
-0.14125,-0.13463,-0.00812
-0.73320,-0.17696,-0.02475
-0.59239,-0.05704,-0.02459
-0.11234,0.27104,-0.00073
0.02656,-0.57558,-0.00802
-0.26497,0.18338,-0.00802
-0.52136,-0.02112,-0.02209
-0.69964,-0.51510,-0.03545
-0.03179,-0.22114,-0.00494
0.01983,-0.01105,-0.00037
-0.72725,-0.58912,-0.03353
-0.59582,0.17090,-0.01742
-0.46260,0.83874,-0.00715
-0.58667,0.51374,-0.01447
-0.72069,-0.26903,-0.02212
-0.27631,-0.06525,-0.01049
-0.33514,-0.12388,-0.01340
-0.25091,-0.54156,-0.02001
-0.33616,-0.19426,-0.01687
0.13906,-0.40057,-0.00161
-0.69412,0.39429,-0.02056
-0.47336,0.19555,-0.01536
-0.15547,-0.23893,-0.01040
-0.91617,-0.44655,-0.03500
-1.33419,-1.32461,-0.04893
-0.44224,0.62612,-0.00803
-0.58497,0.96430,-0.01048
-0.05466,-0.17772,-0.00452
-0.33612,-0.27128,-0.01747
-0.41732,0.15572,-0.01334
-0.12963,-0.11126,-0.00805
-0.83030,0.27309,-0.02730
-0.85316,0.30641,-0.02211
0.29734,-0.22547,0.00563
0.13324,-0.33802,-0.00109
-0.43068,-0.16494,-0.02221
-0.71230,-0.18701,-0.02390
-0.45208,-0.41552,-0.01870
0.08531,-0.24363,-0.00168
-0.06324,-0.24000,-0.00639
-0.40785,0.18377,-0.01287
-0.10434,-0.24330,-0.00766
-0.39650,0.27104,-0.01118
-0.42622,-0.23594,-0.01790
0.02971,0.32900,0.00406
-0.41222,-0.50439,-0.02131
-0.07641,-0.06627,-0.00438
-0.63099,-0.26810,-0.02419
-0.93508,-0.54415,-0.03182
-0.35978,0.21122,-0.00981
-0.00853,0.00960,-0.00161
-0.61767,0.46385,-0.01361
-0.35512,-0.68922,-0.01960
-0.18142,0.28821,-0.00387
0.20973,0.29766,0.00982
-0.01552,0.16377,0.00047
-0.72434,0.47897,-0.01733
-0.02656,-0.47975,-0.00844
0.16774,-0.61870,-0.00289
-0.54257,-0.26626,-0.02128
0.14441,-0.59315,-0.00407
-0.36696,-1.12158,-0.02651
-0.37204,-0.66347,-0.02244
-0.64965,-0.60360,-0.03120
-0.13854,0.14398,-0.00449
-0.27325,-0.07254,-0.00966
0.17556,0.18969,0.00738
0.17573,-0.15587,0.00298
-0.14999,0.24592,-0.00363
-0.55161,-0.31684,-0.02003
0.13947,-0.33774,-0.00063
-0.36917,0.10098,-0.01380
-0.16090,0.42306,-0.00107
-1.64112,-1.24321,-0.05177
-0.69633,0.25804,-0.01672
-0.79239,-0.64800,-0.02609
-0.49828,0.49030,-0.01146
-0.56719,-0.06260,-0.01702
-0.21183,-0.53663,-0.01543
-0.03993,0.24252,0.00054
-0.64817,0.23051,-0.02303
-0.39156,0.11850,-0.01139
-0.21034,-0.37435,-0.01315
-0.72034,0.13713,-0.02764
-0.41056,-0.37820,-0.01791
-0.06945,-0.04061,-0.00436
-0.18122,-0.46665,-0.01262
-0.79864,0.76305,-0.01755
-0.60133,0.24425,-0.02022
-0.39503,0.23100,-0.01422
-0.59488,-0.94680,-0.02743
-0.50981,-0.60294,-0.02349
-0.81578,0.61092,-0.02041
-0.25309,0.05493,-0.00977
-0.18648,-0.68579,-0.01641
0.05819,0.24582,0.00411
-0.63543,-0.37980,-0.02521
-0.23484,0.30985,-0.00587
-0.49631,0.20062,-0.01744
-0.34202,0.27382,-0.01056
-0.36804,-0.11647,-0.01912
-0.39476,0.05706,-0.01689
-0.36374,0.69993,-0.00495
-0.28115,0.21604,-0.00616
-0.23380,0.06281,-0.00858
-0.25869,-0.00556,-0.00856
-0.27137,-0.29808,-0.01432
-0.11345,-0.52256,-0.00991
-0.50728,0.00235,-0.01614
-0.18221,-0.40836,-0.01144
-0.66317,-0.44781,-0.03706
-0.76194,0.13077,-0.02311
-0.58247,0.33623,-0.01501
-0.61833,0.17806,-0.01872
-0.39332,0.05984,-0.01394
-0.61758,0.18096,-0.01928
0.18637,-0.53621,-0.00267
-0.21507,-0.82731,-0.02158
-0.83730,0.50336,-0.02161
-0.29977,-0.05189,-0.01304
-0.75392,0.14589,-0.02254
-0.74572,0.25013,-0.02260
0.10531,-0.09247,0.00113
-0.27785,0.06737,-0.01096
-0.45424,-0.00292,-0.01754
-0.80557,-0.06605,-0.02696
0.25338,-0.03638,0.00665
-0.58213,-0.48951,-0.02939
0.05098,0.06248,0.00146
-0.15717,0.07567,-0.00673
0.20871,-0.29402,0.00204
-0.16857,-0.66626,-0.01709
-0.54033,-0.28964,-0.01929
-0.13216,0.28262,-0.00233
-0.53286,0.23034,-0.01313
-0.17106,-0.43089,-0.01424
-0.54349,0.69730,-0.01151
0.08434,-0.29261,-0.00257
-0.52458,0.14961,-0.01885
-0.25086,0.03489,-0.00921
-0.59854,0.20480,-0.01772
-0.41253,0.35899,-0.00965
-1.31080,-1.43030,-0.05805
0.22762,-0.11084,0.00526
0.06018,-0.46452,-0.00438
-0.22310,0.43237,-0.00334
-0.74352,-0.72430,-0.03159
-0.36669,0.52202,-0.00857
-0.32478,0.20013,-0.00866
-0.71340,0.53742,-0.01502
-0.00851,-0.18714,-0.00351
-0.87307,-0.26052,-0.02370
-0.64413,0.03540,-0.02176
0.20926,-0.09400,0.00463
-0.28489,0.23514,-0.00887
0.11307,0.10680,0.00443
-0.37488,0.31728,-0.01112
0.29036,0.27509,0.01306
-0.71265,0.37349,-0.01936
0.16171,-0.00042,0.00446
-0.09705,0.27089,-0.00119
-0.45419,-0.13523,-0.01692
-0.15613,-0.63014,-0.01342
-0.06633,0.53145,0.00353
-0.74502,0.25457,-0.01992
-0.70390,0.99399,-0.01404
-0.37536,-0.46866,-0.01971
-0.75078,-0.76840,-0.02845
-0.42332,0.45151,-0.01029
-0.32246,0.40012,-0.00766
-0.47574,0.03871,-0.01806
-0.76976,0.26615,-0.02528
-0.62331,0.49837,-0.01767
0.10034,-0.13596,0.00044
0.08306,-0.31921,-0.00191
-0.64269,-0.46067,-0.02642
0.01838,-0.00627,-0.00067
-0.87023,-0.00850,-0.02689
-1.13635,-0.25024,-0.03201
-0.18997,-0.38180,-0.01385
-0.44867,-0.18352,-0.01657
-0.34197,-0.56911,-0.02065
-0.14585,-0.05414,-0.00711
-0.27606,-0.55893,-0.01909
-0.36872,-0.53942,-0.02450
-0.34424,-0.08430,-0.01495
-0.78858,0.79096,-0.01673
-0.46706,0.27511,-0.01312
-0.31393,-0.09459,-0.01537
-0.58940,0.12618,-0.02281
0.06201,-0.50385,-0.00609
-0.48485,-0.04033,-0.02033
0.19178,-0.20780,0.00239
-0.50301,0.57074,-0.01183
-0.52414,-0.89755,-0.02800
-1.00472,-0.11115,-0.02866
-0.11280,-0.36677,-0.01206
0.19697,-0.39884,-0.00020
-0.18432,-0.15084,-0.00856
0.03408,-0.19999,-0.00314
-0.73030,0.22634,-0.01722
-0.05079,-0.14085,-0.00503
-0.34580,0.26311,-0.01075
-0.50304,-0.95738,-0.02907
0.07600,0.38540,0.00643
-0.59658,-0.02578,-0.02194
-0.23867,-0.20695,-0.01120
-0.85279,-0.86090,-0.04523
-0.16454,0.44812,-0.00106
-0.15883,-0.15821,-0.00835
-0.68686,-0.37191,-0.02921
0.01408,-0.90915,-0.01071
-1.22684,0.50439,-0.02956
-0.12390,-0.06979,-0.00685
0.00628,-0.40228,-0.00603
-0.53684,-0.66682,-0.02707
-0.71482,0.32125,-0.02114
-0.26154,0.07596,-0.00827
0.03659,-0.44428,-0.00662
-0.12333,-0.67175,-0.01275
-0.06509,-0.37352,-0.00900
-0.46326,0.45947,-0.01110
-0.85936,0.56652,-0.02143
-0.46648,0.76464,-0.00711
0.02876,0.12475,0.00152
0.20722,-0.24752,0.00250
-0.67021,-0.11153,-0.02269
0.17493,-0.00450,0.00495
-0.12892,0.43355,-0.00007
-0.44987,0.46054,-0.01122
-0.25673,0.36016,-0.00456
-0.27883,0.50198,-0.00340
-0.42998,0.79113,-0.00650
0.15016,0.05871,0.00515
-0.85691,0.37007,-0.01982
-0.00999,-0.29962,-0.00548
-0.29406,0.08582,-0.01049
-0.14721,-0.07654,-0.00651
0.06064,-0.04605,0.00014
-0.67598,0.66026,-0.01736
-0.76658,0.13590,-0.02952
0.01409,-0.13074,-0.00258
0.10357,-0.11343,0.00070
0.12836,0.10463,0.00478
0.30026,0.41082,0.01645
-0.43394,0.28257,-0.01464
-0.50375,0.41258,-0.01184
-0.50163,-0.40607,-0.02751
-0.52636,-0.61097,-0.02716
-0.47722,0.20816,-0.01526
-0.34740,-0.80336,-0.02363
-0.29230,-0.08437,-0.01254
-0.03320,-0.68851,-0.01193
-0.55061,0.23677,-0.01927
-0.24899,0.43225,-0.00471
-0.42592,-0.39258,-0.01764
0.02665,-0.03776,-0.00071
-0.03278,0.20783,0.00052
0.17257,-0.15189,0.00240
-0.13866,-0.18310,-0.00884
-0.33898,-0.99904,-0.02224
-0.13553,-0.51884,-0.01098
-0.25299,-0.56974,-0.01823
-0.75850,-0.89216,-0.03136
-0.12592,0.36646,-0.00084
-0.18754,0.20189,-0.00547
0.16181,0.39713,0.01011
-0.01934,0.34327,0.00301
-0.41827,0.58071,-0.00831
-0.57546,-0.17931,-0.01993
-0.53423,-0.42135,-0.02397
-0.09523,-0.30366,-0.00871
-0.13603,-0.88647,-0.01547
-0.37777,-0.61261,-0.02174
-0.12921,-0.63656,-0.01586
0.06191,-0.81877,-0.00946
-0.79946,0.17504,-0.02534
-0.42670,0.20321,-0.01481
-0.54724,-0.42105,-0.02180
0.00038,0.38916,0.00435
-0.05223,-0.77929,-0.01528
-0.35043,-0.80117,-0.02390
-0.86670,0.44457,-0.02406
-0.30351,0.17588,-0.00871
-0.47528,0.25096,-0.01478
-0.12397,-0.11649,-0.00772
-0.13217,0.44290,-0.00013
-0.49886,-0.14201,-0.02359
-0.33164,-0.23365,-0.01389
0.13584,-0.32065,-0.00086
-0.80704,0.05022,-0.02971
-0.27935,-0.54351,-0.01740
-0.42315,0.17153,-0.01471
-0.00927,-0.36357,-0.00572
-0.29621,-0.34289,-0.01717
-0.55284,-0.43347,-0.02610
-0.42960,-0.31226,-0.01830
0.08314,-0.13506,-0.00013
-0.01916,-0.30732,-0.00640
-0.31565,0.24931,-0.01011
-0.27135,0.38652,-0.00499
-0.24567,-0.43487,-0.01375
-0.44485,-0.00097,-0.01952
-0.13889,-0.36273,-0.01207
0.03119,-0.32462,-0.00443
-1.05136,0.52629,-0.02780
-0.15451,-0.16325,-0.00871
-0.42344,0.31067,-0.01252
0.32053,-0.31525,0.00468
-0.46318,-0.76714,-0.02570
-0.26073,0.24805,-0.00651
-0.03668,0.48709,0.00421
-0.83398,-0.27142,-0.03012
-0.11055,-0.33776,-0.00960
-0.58961,-0.21174,-0.02635
-0.32797,-0.36503,-0.02143
-0.25247,-0.43395,-0.01700
-0.27520,-0.37967,-0.01717
0.10622,-0.08636,0.00128
-0.61114,0.20497,-0.02192
0.04313,0.49665,0.00772
-0.47150,-0.76068,-0.02231
0.05105,0.09858,0.00194
-0.09599,0.05366,-0.00430
0.05433,0.29050,0.00471
-0.26312,-0.17799,-0.01145
-0.61154,0.18282,-0.01933
-0.60082,-0.08753,-0.02513
-0.44368,0.89519,-0.00451
-0.61099,-0.63775,-0.03174
-0.74218,0.37156,-0.02086
-0.91383,-0.26806,-0.02895
-0.69163,0.10613,-0.02016
-0.11130,0.33139,-0.00067
-0.42163,-0.39864,-0.01728
-0.13337,0.35380,-0.00101
-0.73939,-0.04594,-0.02837
-0.48424,0.12249,-0.01920
-0.94247,-0.14042,-0.02942
-0.69469,-0.32568,-0.03056
-0.55481,-0.20269,-0.02448
-0.32807,0.00598,-0.00989
-0.47106,-0.25336,-0.02271
-0.09358,-0.12174,-0.00597
-0.17702,0.43602,-0.00165
-0.28173,-0.32896,-0.01435
-0.28926,0.36065,-0.00739
-0.55639,-0.39187,-0.02883
-0.24130,-0.43580,-0.01711
-0.50454,-0.04932,-0.02304
-0.08848,0.24766,-0.00078
-0.54779,-0.13946,-0.02349
0.28086,-0.70742,-0.00066
-0.45812,0.25228,-0.01224
-0.21035,-0.29714,-0.01357
-0.18485,0.25662,-0.00486
-0.21731,0.36287,-0.00457
-0.00741,0.26981,0.00207
-0.46204,0.58549,-0.01092
0.00905,0.04817,-0.00016
-0.53827,0.12195,-0.02123
-0.11972,-0.05571,-0.00726
-0.47136,0.58325,-0.01038
-0.29506,-0.70269,-0.01948
-0.17543,-0.07980,-0.00887
-0.66742,-0.28596,-0.02755
-0.36375,-0.11046,-0.01273
-0.73714,0.30165,-0.02215
-0.46151,-0.42141,-0.02317
-0.70030,-0.25794,-0.02177
0.15960,0.10393,0.00540
-0.75544,-0.24359,-0.02538
-0.37581,0.12200,-0.01427
-0.52553,-0.35387,-0.02154
-0.89583,0.61430,-0.02563
-0.41626,-0.13927,-0.01878
-0.47100,0.34233,-0.01157
-0.71594,-0.17742,-0.02457
-0.74928,-0.24395,-0.03066
0.02871,0.33722,0.00426
-0.81247,0.03668,-0.02172
-0.05731,-0.09151,-0.00530
-1.04430,0.82431,-0.02880
-0.56993,-0.31058,-0.02580
-0.03663,0.01920,-0.00225
-0.23106,-0.47267,-0.01727
0.01211,0.08098,0.00042
-0.04189,-0.29224,-0.00727
-0.23228,-0.08383,-0.00912
-0.70860,-0.28012,-0.03134
-0.53278,0.23336,-0.01841
0.01220,-0.57366,-0.00770
-0.41873,-0.38060,-0.02574
0.01387,-0.17128,-0.00247
-0.41443,0.60224,-0.00751
-0.64003,-0.27502,-0.02526
-0.73704,-0.57200,-0.03656
-0.18937,-0.42660,-0.01649
-0.63772,-0.46089,-0.02450
0.45532,0.06003,0.01716
-0.44955,0.06724,-0.01182
-0.43625,0.74741,-0.00675
-0.56837,0.39966,-0.01592
-0.54660,-0.77265,-0.03474
-1.03638,0.53922,-0.02898
-0.05001,-0.41734,-0.00988
-0.99686,-0.00575,-0.03677
-0.30542,-0.56743,-0.01826
-0.40169,-0.76586,-0.01927
-0.11543,-0.38017,-0.01110
-0.16858,0.36872,-0.00228
0.10856,0.16909,0.00482
-0.13679,-0.14485,-0.00856
-0.96610,-0.02711,-0.03503
-0.52758,-0.83926,-0.02951
-0.52060,-0.80026,-0.02932
-0.15824,0.23790,-0.00414
-0.19117,-0.49634,-0.01252
-0.31271,0.62637,-0.00383
-0.97233,0.64384,-0.02509
-0.63802,0.80413,-0.01373
-0.47612,0.16247,-0.01419
-0.26726,0.44004,-0.00509
-0.56648,-0.34088,-0.02478
-0.31421,0.58605,-0.00378
-0.47793,-0.26739,-0.02142
-0.10280,0.63923,0.00349
-0.74785,-0.24015,-0.02287
-0.31210,-0.13379,-0.01570
0.26056,-0.09118,0.00713
-0.65366,0.60984,-0.01757
-0.37175,0.20897,-0.01089
0.06596,-0.10199,-0.00064
-0.02236,-0.13417,-0.00485
-0.31155,0.01608,-0.01331
-0.85955,-0.19388,-0.03106
-0.28831,0.03994,-0.01089
-0.42600,-0.16455,-0.01952
-0.17748,-0.41220,-0.01413
-0.60390,-0.33813,-0.01950
-0.57697,0.34797,-0.01271
-0.64488,0.75973,-0.01340
0.00717,-0.15117,-0.00279
-0.00700,-0.17844,-0.00467
-0.64977,0.45828,-0.01819
-0.52763,-0.12127,-0.02038
-0.69308,0.48706,-0.01949
-0.36191,-1.03962,-0.02815
-0.23134,-0.06370,-0.01120
0.38810,-0.03404,0.01213
-0.04545,-0.68701,-0.01059
-0.45503,-0.05296,-0.01594
0.05001,-0.40488,-0.00467
-0.21706,0.06477,-0.00872
0.05476,-0.30940,-0.00331
-0.55460,-0.06453,-0.02321
-0.00520,0.19041,0.00115
-0.06512,0.26507,0.00023
-0.00128,0.17464,0.00104
-1.84193,-1.26114,-0.07364
-0.31189,-0.45350,-0.01717
-0.32747,0.25167,-0.00876
-0.04252,0.01496,-0.00205
-0.54008,-0.66880,-0.03147
-0.31301,-0.31452,-0.01834
-0.09143,-0.21005,-0.00662
-0.41851,0.37441,-0.01122
-0.81822,0.48090,-0.02022
-0.42262,-0.52532,-0.02094
-0.09689,-0.38969,-0.01068
-0.09028,-0.21674,-0.00625
-0.07359,0.16021,-0.00195
-0.78437,-0.44826,-0.03335
-0.47734,0.05740,-0.01531
-0.58689,-0.59738,-0.02378
-0.00130,0.17293,0.00113
-1.03550,0.39473,-0.03200
0.23252,-1.00462,-0.00596
-0.16473,0.39677,-0.00197
-0.59198,-0.20237,-0.02726
-0.90658,-0.12138,-0.03224
-0.70830,-0.24202,-0.02994
0.01339,-0.09196,-0.00218
-0.78582,-0.65448,-0.04155
-0.39694,0.17576,-0.01350
-0.13794,-0.17112,-0.00861
-1.47628,-0.48605,-0.05810
-0.19948,-0.84196,-0.02079
0.14968,-0.46824,-0.00208
-0.42904,-0.01599,-0.01906
0.10286,-0.54293,-0.00534
-0.56056,0.38785,-0.01230
-0.65777,0.69288,-0.01356
-0.40969,-0.62203,-0.02697
-0.13437,0.43586,-0.00012
-0.05662,-0.34351,-0.00827
-0.46730,-0.53900,-0.02218
-0.76392,0.22674,-0.02467
-0.57846,0.07453,-0.01770
-1.19203,0.12766,-0.04374
-0.47508,-0.13092,-0.02307
-0.48887,0.44335,-0.01397
-0.13460,0.28880,-0.00207
-0.42666,0.14898,-0.01672
-0.57072,0.11345,-0.01647
-0.20316,-0.54298,-0.01728
-0.68081,0.27672,-0.01843
-0.48641,0.63000,-0.00868
-0.18468,-0.22578,-0.01142
-0.25497,-0.34229,-0.01301
-0.59378,-0.36544,-0.02578
-0.23801,0.11911,-0.00812
0.06371,-0.25524,-0.00231
0.10676,-0.27974,-0.00115
0.16058,0.07137,0.00502
-0.28396,0.09440,-0.01009
-0.28001,-0.43130,-0.01454
-0.03354,-0.39919,-0.00717
0.11212,-0.06629,0.00177
-0.11017,-0.68691,-0.01693
-0.83823,-0.65893,-0.03936
-1.00144,-0.26645,-0.02726
-0.74906,-0.62638,-0.03691
-0.34038,-0.52060,-0.02260
-0.12110,-0.35920,-0.00756
-0.54729,0.34672,-0.01788
-0.31734,0.29452,-0.00893
0.24973,-0.15294,0.00557
-0.70361,-0.52856,-0.03191
-0.41942,-0.28990,-0.01846
-0.16309,-0.00361,-0.00743
-0.15319,0.54831,0.00063
-0.67735,0.33560,-0.02117
-0.42706,0.27968,-0.01160
-0.15973,-0.65404,-0.01492
-1.66634,-0.60214,-0.05200
0.07593,0.30692,0.00562
-0.45177,0.73988,-0.00638
-0.38177,0.41691,-0.00948
0.10090,-0.09617,0.00105
-0.02028,0.57412,0.00583
-0.84426,0.66678,-0.02242
-0.58841,0.42962,-0.01684
0.02583,0.40330,0.00538
0.04531,0.34341,0.00523
-0.38442,-0.72494,-0.01962
0.17231,-0.21844,0.00177
-0.21293,-0.45268,-0.01539
-0.49333,0.61034,-0.01009
-0.24427,-0.19593,-0.00935
-0.52178,-0.10876,-0.02040
-1.06972,-0.27960,-0.04496
-1.08464,0.11776,-0.03496
-0.21536,-0.27144,-0.01331
-0.03941,-0.78561,-0.01037
-0.60810,0.01869,-0.02240
-0.14672,0.13020,-0.00469
-0.42725,0.08263,-0.01573
-0.15961,0.05705,-0.00524
-0.42955,-0.31632,-0.02363
0.03781,-0.30535,-0.00357
0.14548,0.00201,0.00392
-0.61920,0.51932,-0.01456
-0.22170,0.05997,-0.00796
-0.94839,-0.37582,-0.03418
0.10222,-0.11783,0.00087
-0.39227,-0.42344,-0.02413
-1.16849,-0.62181,-0.05087
-0.36626,0.35538,-0.01070
0.01464,-0.28497,-0.00381
-0.50924,-0.35568,-0.02484
-0.23614,-0.32954,-0.01452
-0.48549,-0.12782,-0.02197
-0.07161,-0.42466,-0.00796
-0.09973,0.59218,0.00313
-0.54512,-0.19541,-0.02510
-0.69281,0.40690,-0.02096
-1.00228,0.04452,-0.03523
-0.21301,-0.61102,-0.01782
-0.07870,0.05296,-0.00358
-0.74389,-0.11914,-0.03055
-0.34595,-0.74914,-0.01881
-0.57313,-0.28116,-0.02675
-0.48363,-0.04051,-0.02006
-0.13977,-0.10243,-0.00719
-0.09806,0.00286,-0.00445
0.21176,0.08036,0.00660
-0.16679,0.28131,-0.00339
-0.24534,0.55308,-0.00258
-0.45316,-0.41053,-0.01999
-0.35966,-0.54428,-0.02434
0.11437,0.20840,0.00589
-0.83755,0.12261,-0.02098
0.06500,0.31967,0.00524
-0.30021,0.06848,-0.01268
-0.61202,0.01608,-0.02375
-0.20269,-0.25973,-0.01335
-0.19860,-0.25297,-0.01094
-0.81802,-0.31690,-0.02656
-0.23745,-0.05778,-0.01111
-0.24301,-0.08120,-0.00934
-0.61656,-0.04494,-0.01870
-0.90909,0.66326,-0.02327
-0.38716,-0.54098,-0.02114
-0.71606,-0.02541,-0.02746
-0.03109,0.10446,-0.00113
-0.42258,0.20380,-0.01328
-0.29506,-0.35593,-0.01785
-0.24107,-0.02313,-0.00993
-0.88611,-0.54791,-0.03225
-0.82193,0.04563,-0.03118
-0.07567,-0.49472,-0.01117
0.10749,-0.27502,-0.00145
0.06871,-0.21888,-0.00182
-0.78871,-0.08565,-0.02530
-0.01480,0.08417,-0.00041
-0.35915,-0.34178,-0.02073
0.15991,-0.26076,0.00112
-0.46011,-0.27769,-0.02075
-0.76482,-0.65474,-0.02760
0.04794,-0.54713,-0.00726
-0.02135,-0.34198,-0.00607
-0.01351,0.09977,-0.00006
-0.56293,0.26161,-0.01691
-0.00535,-0.73646,-0.01275
-0.38503,0.37876,-0.00945
-0.48561,-0.32943,-0.02461
-0.34519,-0.42930,-0.01944
-0.09798,0.06772,-0.00435
-0.05032,0.24787,0.00031
-0.33478,-0.68463,-0.01984
-0.68185,-0.22181,-0.01736
-0.20722,-0.04108,-0.00898
-0.75759,0.34064,-0.02157
-0.12942,-0.04884,-0.00683
-0.10383,-0.41919,-0.00875
-0.27216,0.80620,-0.00032
-0.11552,0.56351,0.00187
-0.13730,0.14384,-0.00457
0.15975,-0.02883,0.00365
-0.30661,0.08645,-0.01145
-0.38142,-0.20324,-0.01855
-0.88805,-0.11030,-0.02936
0.29570,-0.06236,0.00891
-0.67853,-0.09401,-0.02500
-0.85626,-0.19209,-0.03066
-0.22175,-0.22610,-0.01271
-0.94223,0.24061,-0.02946
-0.36626,0.16641,-0.01045
-0.11697,0.10785,-0.00358
-0.70215,-0.52534,-0.03933
-0.44037,0.59501,-0.00670
-0.56603,1.05360,-0.00735
-0.19012,0.48142,-0.00164
0.04013,0.02589,0.00060
-0.49019,0.51053,-0.01165
-0.30697,0.00624,-0.01332
-0.11053,0.18664,-0.00216
-0.55820,-0.85822,-0.03427
-0.95240,-1.05224,-0.04553
-0.11689,-0.04716,-0.00651
0.10847,0.03060,0.00304
-0.20151,0.13332,-0.00664
-0.01107,0.38595,0.00314
-0.42293,0.30666,-0.01378
0.15390,-0.44318,-0.00240
-0.70631,0.13120,-0.02704
-0.74100,-0.66106,-0.03289
-0.28143,-0.58616,-0.02112
-0.19582,0.26324,-0.00476
-0.24956,-0.53973,-0.01853
0.08531,0.08619,0.00315
-0.74594,0.64862,-0.01958
-0.57725,-0.32068,-0.02806
-0.21318,-0.92027,-0.01889
-1.28349,-0.43186,-0.05162
-0.29647,0.03716,-0.01036
-0.35284,0.33184,-0.00971
-0.25902,0.59505,-0.00211
-1.48965,-0.03069,-0.04058
-0.41505,-1.10969,-0.02465
-0.42521,-0.20611,-0.01761
-0.32871,-0.12697,-0.01587
-0.31446,0.07906,-0.01243
0.41298,0.06708,0.01286
-0.10397,-0.24730,-0.00805
-0.46769,-0.24488,-0.02162
-0.31962,0.06821,-0.01264
-0.56759,0.47739,-0.01348
-0.23993,0.21631,-0.00816
-0.11885,0.15860,-0.00286
-0.31860,0.46433,-0.00677
-0.67444,0.42807,-0.01376
0.43339,0.24830,0.02007
-0.24613,-0.28037,-0.01455
-0.60994,0.10765,-0.01891
-0.17495,-0.29320,-0.01138
-0.13631,0.08003,-0.00589
-0.06713,-0.37834,-0.01065
-0.45382,-0.37444,-0.02066
-0.25979,0.23910,-0.00810
-0.13128,-0.02580,-0.00616
0.23022,-0.30307,0.00230
-0.19365,-1.06721,-0.02030
0.07039,0.43837,0.00683
0.00876,-1.13768,-0.01460
-0.36944,-0.81655,-0.02702
-0.34708,0.02300,-0.01561
-0.39911,-0.57219,-0.02232
-0.70627,0.18659,-0.02332
-0.43678,-0.38597,-0.02412
-0.10418,-0.24209,-0.00679
-0.97972,-0.23031,-0.03275
-0.56809,0.27777,-0.01643
-0.19896,0.44945,-0.00221
-0.65584,0.38304,-0.02055
-0.24376,-0.36863,-0.01588
-0.44583,0.13277,-0.01587
-0.94186,0.45196,-0.02106
0.09632,0.21179,0.00527
-0.53876,-0.13162,-0.02276
-0.15980,-0.67185,-0.01693
-0.20797,-0.20620,-0.01238
0.00882,0.13404,0.00089
0.40882,-0.05153,0.01227
-0.34577,0.11327,-0.00987
0.00591,0.16819,0.00126
-0.78459,0.13020,-0.02229
-0.55553,0.36570,-0.01523
0.00834,0.62368,0.00834
-0.36619,-0.18407,-0.01943
-0.39704,0.39712,-0.01000
-0.23877,-0.50068,-0.01819
-0.27842,-0.64611,-0.02015
-0.77806,-0.50438,-0.02888
-0.13854,0.02285,-0.00620
-0.35563,0.16539,-0.01192
-0.24884,-0.18118,-0.01290
-0.13186,0.32701,-0.00151
0.05079,0.22354,0.00409
-0.00271,-0.16676,-0.00400
-0.48538,0.92991,-0.00679
-0.52036,-0.74096,-0.02736
0.06453,-0.33734,-0.00384
-0.37722,-0.20178,-0.01771
-1.13578,0.40887,-0.02747
-0.57411,-0.51116,-0.03147
-0.50151,-0.18695,-0.02306
0.06476,-0.20054,-0.00206
-0.15313,-0.00855,-0.00691
-0.57603,0.18581,-0.01688
-0.05650,-0.43633,-0.00752
-0.33664,0.27744,-0.00828
-0.10189,0.16992,-0.00326
-0.50273,0.63299,-0.01008
-0.26459,-0.10672,-0.01339
-0.69998,0.09485,-0.02588
-0.22084,0.53130,-0.00219
-0.20771,-0.74922,-0.01521
-0.75152,-0.22738,-0.02848
-0.10521,-0.02296,-0.00539
-0.79228,0.27598,-0.02400
-0.84700,0.35265,-0.02372
-0.54818,-0.18295,-0.02082
-0.50599,-0.32335,-0.02579
-0.43030,-0.09234,-0.01704
-0.05233,-0.72229,-0.01386
-0.35612,0.12570,-0.01211
-0.72421,0.00925,-0.02424
-0.47726,0.03973,-0.01690
-0.88469,-0.10753,-0.02662
-0.10072,0.21050,-0.00186
-0.45954,0.14082,-0.01428
-0.20788,-0.42295,-0.01559
-0.06228,0.00893,-0.00348
-0.37849,0.61588,-0.00680
-1.11952,-0.81434,-0.05047
-0.21254,0.38040,-0.00405
0.00261,0.20898,0.00164
0.23966,0.19315,0.01085
-0.76215,-1.05510,-0.03814
0.08381,0.01905,0.00195
0.13921,0.33959,0.00831
-0.20616,0.66818,0.00077
-0.07604,0.54949,0.00387
-0.65756,-0.78631,-0.02991
-0.44814,0.34019,-0.01266
-0.42272,-0.24314,-0.01799
-0.83604,0.38237,-0.02235
-0.01736,0.16323,0.00034
-0.50996,0.67492,-0.00905
-0.50729,0.08799,-0.01845
-0.30864,0.58177,-0.00283
-0.52913,-0.48593,-0.02650
-0.48169,0.60129,-0.00927
-0.51559,0.33589,-0.01486
-0.34496,-0.51066,-0.01929
-0.20581,0.19628,-0.00519
-0.75135,-0.86373,-0.03426
0.48047,-0.31959,0.01016
-0.86862,0.61195,-0.02543
-0.26239,-0.22565,-0.01462
-0.47218,-0.30671,-0.02430
-0.22777,0.21819,-0.00749
0.12248,-0.12667,0.00133
-0.95835,-0.71727,-0.04187
-0.20106,-0.27515,-0.01314
-0.84168,0.12874,-0.02974
0.11866,-0.26321,-0.00090
-0.83763,0.32042,-0.02393
0.20711,0.06456,0.00743
-0.53833,0.73716,-0.00888
-1.13164,-0.03556,-0.02929
-0.84814,-0.43742,-0.02778
-0.15686,0.31497,-0.00249
-0.35954,0.30013,-0.01073
-0.00402,0.09683,0.00006
-0.71171,0.07060,-0.02572
-0.30282,-0.37550,-0.01628
-0.18080,0.20739,-0.00424
-0.17307,-0.86341,-0.01677
-0.24181,-0.28728,-0.01558
-0.08079,-0.20993,-0.00610
0.14206,0.50864,0.01117
-0.57531,-0.91003,-0.02985
-0.86589,0.40787,-0.02196
-0.13139,0.22817,-0.00314
-0.18509,0.48129,-0.00135
-0.61065,-0.88402,-0.03731
0.01494,-0.14861,-0.00287
-0.53371,0.28461,-0.01567
-0.90770,-0.02967,-0.02785
-0.81605,-0.06898,-0.03080
-0.22357,0.06543,-0.00784
-0.44944,0.32669,-0.01440
-0.28186,0.13697,-0.01120
0.01430,0.02692,-0.00034
-0.43462,0.15911,-0.01507
-0.10473,-0.18192,-0.00798
-0.39946,0.67304,-0.00598
-0.20444,0.09313,-0.00850
0.07282,-0.66087,-0.00679
-0.09653,0.82941,0.00646
-0.45848,0.12307,-0.01629
0.36637,0.24503,0.01557
-0.65953,-0.13774,-0.02842
-0.21167,0.27645,-0.00549
-0.10037,-0.20408,-0.00793
-0.14609,-0.03532,-0.00688
-0.36840,-0.11330,-0.01442
0.07705,0.10393,0.00297
-0.36775,-0.09997,-0.01219
-0.94842,-0.50894,-0.03572
0.24966,0.05069,0.00864
0.06683,-0.28794,-0.00312
-0.59144,-0.06694,-0.02372
-0.04802,0.05577,-0.00205
-0.12786,0.16037,-0.00432
0.07283,-0.28184,-0.00290
-0.39478,0.41147,-0.00772
0.04140,0.57719,0.00881
0.18355,0.37272,0.01022
-0.00586,0.16076,0.00079
0.15642,-0.23499,0.00124
-0.56489,0.00240,-0.02154
-0.34564,-0.27060,-0.01943
0.11064,-0.00290,0.00270
-0.41347,-0.42124,-0.01874
0.10296,-0.02702,0.00211
-0.25856,0.03017,-0.01092
-0.47486,0.71744,-0.00704
-0.40706,-0.14213,-0.01464
-1.66481,-0.74161,-0.06133
-0.08585,0.19469,-0.00206
-0.15658,0.13277,-0.00528
-0.34594,0.12957,-0.01124
-0.80328,-0.27240,-0.02408
-0.69122,0.38636,-0.02210
-0.32921,-0.26016,-0.01838
-0.64615,0.49701,-0.01771
-0.77646,-0.00739,-0.03185
-0.52000,-0.11161,-0.02295
-0.60915,0.60927,-0.01330
-0.56530,-0.07411,-0.02225
-0.31607,-0.01427,-0.01077
-0.47408,0.00514,-0.01612
0.42361,-0.06102,0.01404
-0.21551,0.08889,-0.00817
-0.16343,-0.64932,-0.01646
-0.49271,-0.48046,-0.01968
-0.37082,-0.00156,-0.01475
-0.19827,0.09271,-0.00791
0.02749,0.23425,0.00288
-0.11898,-0.42104,-0.00885
-0.59008,-0.52793,-0.02772
0.25814,-0.30065,0.00390
-0.48058,-0.02332,-0.02013
-0.60953,0.82225,-0.01124
-0.55583,-0.65117,-0.02551
-1.04750,0.62849,-0.02760
-0.44622,-0.63478,-0.02253
-0.29634,0.00293,-0.01239
-0.39954,-0.63577,-0.01821
-0.22025,-0.02022,-0.00847
-0.63478,0.34791,-0.01616
-0.16705,-0.49647,-0.01203
-0.42848,0.23509,-0.01487
-0.36116,0.03323,-0.01165
-0.44239,-0.10731,-0.02101
0.01268,0.78237,0.00929
0.18896,-0.10525,0.00424
-1.03797,-0.76306,-0.04824
-0.32623,-0.16408,-0.01377
-0.68483,0.51348,-0.01950
0.29619,0.21489,0.01005
-0.64900,0.64414,-0.01518
-0.53824,-0.01276,-0.02116
-0.49752,-0.47026,-0.02455
-0.06695,-0.13920,-0.00588
-0.80218,-0.22834,-0.03388
-0.64247,0.71907,-0.01314
0.03976,-0.28229,-0.00429
-0.10501,0.17660,-0.00264
0.05207,-0.43985,-0.00461
-0.52278,-0.17593,-0.01883
-0.18076,-0.49040,-0.01385
-0.62646,0.39814,-0.01999
-0.14910,0.52694,0.00059
-0.33535,-0.08848,-0.01295
-0.48668,0.04868,-0.01655
-0.67358,-0.00720,-0.02288
-0.15135,-0.48280,-0.01172
-0.93915,0.65452,-0.02085
-0.37115,-0.00529,-0.01191
-0.59718,-0.05898,-0.02436
-0.28204,-0.38324,-0.01437
-0.39169,0.04915,-0.01108
0.09500,-0.02119,0.00183
-0.57092,-0.17940,-0.02562
-0.22745,-0.53053,-0.01602
-0.44777,-0.28952,-0.01739
0.01850,-0.24248,-0.00392
-0.35945,-0.79503,-0.02159
-0.22948,0.50124,-0.00230
-0.91249,-0.13078,-0.02861
-0.14579,0.52340,0.00072
0.05297,0.38268,0.00638
0.13702,0.12949,0.00541
-0.61036,-0.00533,-0.01869
-0.77770,-0.68555,-0.03093
-0.66241,-0.11221,-0.02503
-0.47541,-0.04156,-0.01624
-0.00629,-0.24619,-0.00549
-0.58641,0.00667,-0.02455
-0.96773,0.71929,-0.02105
0.01522,0.24573,0.00265
0.11889,-0.06315,0.00206
-0.18531,-0.63265,-0.01400
-0.03310,-0.70671,-0.00978
-0.69974,0.30647,-0.01588
-0.90306,0.07237,-0.03364
-0.76419,0.58801,-0.02060
0.10465,-0.43359,-0.00333
-0.07379,0.14566,-0.00218
-0.17584,-0.52193,-0.01297
0.10502,-0.05918,0.00166
-0.13297,-0.21452,-0.00903
-0.43862,0.47633,-0.00928
-0.76882,0.04121,-0.02540
-0.80512,0.65846,-0.01635
-0.05552,-0.27032,-0.00695
-0.25757,-0.12419,-0.01463
0.13834,0.03494,0.00438
0.00277,0.18492,0.00138
-0.28243,-0.59922,-0.01794
-0.42754,0.35639,-0.01056
-0.75332,-0.58255,-0.03769
0.02485,-0.17376,-0.00298
-0.88923,-0.05437,-0.03316
-0.75304,0.57037,-0.02115
-0.49090,-0.32636,-0.01889
-0.70827,-0.37663,-0.02838
0.03437,0.35809,0.00500
-0.30721,0.48186,-0.00562
-0.54117,0.24749,-0.01166
-0.27706,-0.05855,-0.01088
-0.69152,-0.02315,-0.02750
-0.50972,-1.17996,-0.03129
-0.27672,-0.36799,-0.01737
-0.65523,0.42236,-0.01459
0.01253,0.09613,0.00061
-0.55397,0.46114,-0.01212
-0.12664,0.33080,-0.00116
-0.60906,0.71219,-0.01250
-0.43799,-0.00926,-0.01303
-0.66762,0.36419,-0.02062
0.14035,0.28833,0.00690
-0.14345,0.28466,-0.00268
-0.15764,-0.09432,-0.00893
-0.27434,-1.06285,-0.02342
-0.15831,-0.28135,-0.01031
-0.68130,0.28959,-0.02251
-0.10340,0.17927,-0.00287
0.31106,0.21372,0.01400
-0.13455,0.00860,-0.00590
-0.39553,0.03558,-0.01604
-0.51097,-0.00736,-0.01517
-0.06326,0.09991,-0.00155
-0.28621,-0.06157,-0.01251
-0.38157,-0.37190,-0.01647
0.31259,-0.54053,0.00194
-0.33042,-0.12582,-0.01374
-0.38575,0.18775,-0.01190
0.30789,0.08418,0.01146
-0.21099,0.28690,-0.00508
-0.54084,-0.05307,-0.02107
-0.24167,-0.41300,-0.01484
-0.03876,-0.09486,-0.00438
0.05994,-0.49725,-0.00573
0.06267,-0.45341,-0.00525
-0.28089,-0.26093,-0.01458
-0.36525,0.28021,-0.00708
-0.04524,-0.34354,-0.00880
-0.13139,0.05607,-0.00540
-0.49188,-1.11639,-0.03059
0.02660,-0.20031,-0.00266
-0.38931,0.16775,-0.01237
-0.45658,0.00008,-0.01843
0.06359,-0.47208,-0.00484
-0.26539,0.40778,-0.00582
-0.58937,0.29217,-0.01968
0.00122,0.28371,0.00292
-0.86159,0.67451,-0.02216
-0.60537,-0.39247,-0.02272
-0.68945,0.42594,-0.02145
-0.18234,0.00236,-0.00797
-0.50265,0.30075,-0.01740
-0.23696,-0.05415,-0.00944
-0.16008,0.25972,-0.00298
0.18514,0.53128,0.01332
-0.35238,-0.52290,-0.01946
-0.10542,0.43871,0.00099
0.01683,-0.45546,-0.00746
-0.43372,0.51431,-0.00829
-0.99808,0.06720,-0.03475
-0.10320,0.06865,-0.00419
-0.17132,-0.44069,-0.01307
-0.07863,0.09351,-0.00262
-0.44049,-0.09222,-0.01967
-0.35661,-0.12379,-0.01411
0.26744,0.01543,0.00899
-0.67237,-0.49509,-0.03395
-0.85288,0.03331,-0.03371
-1.09753,0.03663,-0.02930
-0.50322,-0.08360,-0.01779
-0.87591,-0.74614,-0.03375
-0.02418,0.09172,-0.00114
-0.57765,-0.71152,-0.03457
-0.41071,-0.39284,-0.02508
-0.54586,-0.57877,-0.02625
-0.46566,-0.35684,-0.02342
-0.01967,-0.22303,-0.00588
0.02299,-0.40981,-0.00649
-0.08169,-0.43921,-0.01001
-0.21875,-0.05026,-0.01002
-0.57001,0.33525,-0.01816
-0.47483,0.06405,-0.01760
-0.52628,-0.08671,-0.02463
0.09288,0.32624,0.00642
-0.21129,-0.43451,-0.01678
-0.36169,-0.56485,-0.01788
-0.32837,0.38963,-0.00879
-0.48537,0.71249,-0.00702
0.11106,-0.02640,0.00237
-0.30923,-0.38622,-0.01571
0.31368,-0.08234,0.00905
-0.64033,0.43832,-0.01799
-0.08848,-0.42362,-0.01056
-0.26732,-0.08743,-0.01029
-0.26229,-0.50869,-0.01677
-1.10686,-1.03867,-0.04306
-0.33363,0.56268,-0.00508
0.18111,-0.04105,0.00496
-0.43923,-0.62399,-0.02223
-0.44853,-0.84060,-0.02669
-0.14351,-0.92400,-0.01712
-0.53669,0.03789,-0.01705
-0.52120,0.01448,-0.01732
-0.40566,-1.61905,-0.03046
-0.18354,0.50838,-0.00150
-1.09593,-0.25342,-0.03643
-0.77667,0.14292,-0.02303
-0.01348,-0.18468,-0.00426
-0.13047,0.32804,-0.00179
-0.01288,-0.03831,-0.00170
-0.68762,-0.12640,-0.02302
-0.10243,-0.16748,-0.00622
-0.36656,0.10229,-0.01516
-0.22851,-0.14699,-0.01077
-0.42673,0.51369,-0.00790
-0.04000,0.15255,-0.00058
-0.78414,0.09532,-0.02774
-0.83482,0.30402,-0.02137
-0.30900,-0.09374,-0.01578
-0.07215,0.13659,-0.00174
-0.56226,-0.19829,-0.01982
-0.17363,-0.01849,-0.00684
-0.08699,0.16699,-0.00197
-0.19341,0.25808,-0.00399
-0.19006,0.21677,-0.00418
-0.37572,0.18237,-0.00962
0.32388,-0.08946,0.00829
-0.04774,-0.50054,-0.00930
-0.57577,0.55113,-0.01446
-0.04335,-0.31613,-0.00695
-0.39305,-0.11569,-0.01844
-0.51200,-0.12972,-0.01855
-0.72141,-0.12982,-0.03010
0.02170,-0.02913,-0.00090
-0.90749,0.04706,-0.03509
-0.35564,0.64235,-0.00538
0.31580,0.25319,0.01473
-0.45432,0.04269,-0.01586
-0.19306,0.45179,-0.00183
-0.39359,-0.47767,-0.01888
-0.50681,0.07980,-0.01556
-0.19961,-0.29363,-0.01315
-0.31047,0.58290,-0.00435
-0.49545,-0.60637,-0.02538
-0.15063,0.41113,-0.00119
-0.42878,-0.12952,-0.02166
-0.49252,-0.25791,-0.02064
-0.00683,-0.21776,-0.00457
-0.27315,-0.57251,-0.01939
-0.31452,0.12691,-0.00846
-0.41717,-0.37420,-0.01924
-0.30960,-0.28847,-0.01733
-0.61438,-0.19555,-0.02827
-0.35508,0.33896,-0.00785
-0.21143,0.00338,-0.00918
-0.12166,-0.41956,-0.01183
0.05625,-0.74378,-0.00915
-0.40937,-0.67296,-0.02106
-0.50657,0.57365,-0.01133
0.07902,0.59550,0.01061
-0.27679,0.13950,-0.01060
0.05330,-0.05452,-0.00015
-0.52977,0.30246,-0.01623
-0.35746,0.36170,-0.00846
-0.17637,0.20466,-0.00466
-0.35748,0.13209,-0.01139
-0.49028,0.17021,-0.01681
-0.38139,-0.61511,-0.02236
-0.56530,0.53539,-0.01196
-0.82073,-0.66222,-0.03095
0.53678,0.14613,0.02001
-1.61774,-1.06792,-0.06216
-0.01110,0.10401,-0.00019
-0.30506,0.53803,-0.00421
-0.58416,0.62194,-0.01276
-0.03429,-0.81783,-0.01249
-0.02803,0.25787,0.00120
-0.07342,-0.07161,-0.00507
-0.80246,-0.16626,-0.02361
0.28108,-0.38513,0.00330
0.01564,0.08078,0.00038
0.01580,0.03266,-0.00008
-0.14499,0.05909,-0.00620
-0.48548,0.18326,-0.01554
-0.49995,-0.73807,-0.03333
-0.23910,-0.12624,-0.01389
-0.75275,-0.48145,-0.02893
-0.63735,0.56545,-0.01603
-0.62130,-0.47912,-0.03126
0.05665,-0.31360,-0.00386
-1.12211,-0.92746,-0.04464
-0.18239,-0.43500,-0.01256
-0.83469,0.19594,-0.02231
-0.23285,-0.20489,-0.01138
-0.05194,0.18144,-0.00063
-0.53810,-0.45957,-0.02488
-0.23164,0.13827,-0.00812
-0.85684,0.09716,-0.02871
-0.79305,0.04982,-0.02666
-0.53323,0.41917,-0.01508
-0.93613,-0.03209,-0.02647
-0.98193,-0.01281,-0.03635
-0.43118,0.58004,-0.00972
0.06163,-0.13869,-0.00118
-0.05941,0.22760,0.00002
0.00210,-0.67314,-0.00911
-0.12801,0.22898,-0.00271
-0.14592,-0.24216,-0.00999
-0.61825,-0.07379,-0.02199
-0.01151,0.06343,-0.00079
-0.04664,0.25338,0.00074
-0.78359,0.23038,-0.01855
0.24173,-0.72896,-0.00290
-0.31208,0.34676,-0.00844
-0.13413,0.10062,-0.00480
-0.07882,0.22325,-0.00136
-0.06983,-0.48521,-0.00990
0.00599,0.23451,0.00231
0.12288,0.00646,0.00319
-0.10076,-0.58037,-0.01268
-0.57392,-0.04786,-0.02407
-0.72133,-0.12458,-0.02523
-0.33884,-0.38536,-0.02150
-0.56138,0.89795,-0.00896
-0.20745,0.51324,-0.00176
-0.45184,-0.52747,-0.02101
-0.24649,-0.50046,-0.01401
-0.22776,0.23725,-0.00672
-0.40516,0.27513,-0.01242
-0.85818,-0.24760,-0.03875
-0.22070,-0.30277,-0.01258
0.02496,0.29012,0.00404
-0.28240,-0.30377,-0.01249
-0.65654,-0.10256,-0.02582
0.30449,0.22031,0.01308
-0.46992,-0.00686,-0.01796
-0.17329,-0.22674,-0.00969
-0.40852,-0.30380,-0.01782
0.06445,0.45435,0.00740
-0.15734,0.35734,-0.00233
-0.44610,-0.14458,-0.02219
-0.68936,0.54448,-0.01443
0.26379,0.14589,0.01062
-0.54836,-0.49438,-0.02306
0.11652,0.21374,0.00545
-1.03118,-0.11864,-0.04085
-0.10112,-0.30523,-0.00924
-0.09752,-0.27888,-0.00716
-1.10574,-0.46973,-0.04539
-0.39889,0.30189,-0.00900
-0.59295,0.19626,-0.02149
-0.25609,0.05198,-0.00924
-0.12886,-0.12805,-0.00826
-0.94002,0.00080,-0.02707
-0.78380,0.37336,-0.02309
-0.45966,0.63724,-0.00870
-0.25612,0.71546,-0.00117
-0.09214,-0.00040,-0.00501
-0.27803,-0.63254,-0.02222
-0.00374,0.59900,0.00686
-0.69094,-0.66518,-0.03421
-0.35992,-0.53621,-0.02228
-0.85564,-0.65205,-0.02939
-0.42900,-0.04537,-0.01819
0.03069,-0.09585,-0.00150
-0.29509,0.05098,-0.01048
-0.57322,0.30162,-0.01774
-0.71140,0.57196,-0.01851
-0.75751,0.07550,-0.02511
-0.39498,-0.31797,-0.01959
-0.10889,-0.26585,-0.00953
-0.27558,-0.71193,-0.01939
0.06676,-0.70579,-0.00719
-0.48626,-0.46540,-0.02641
0.32296,0.09263,0.01158
-0.09005,-0.05834,-0.00609
-0.54252,0.12680,-0.01833
-1.07334,0.06579,-0.03833
-0.86505,-0.18611,-0.03374
-0.13133,0.05405,-0.00469
-0.22204,0.31656,-0.00553
-1.59858,-0.56887,-0.04643
-0.05084,-0.21592,-0.00618
-0.26862,-0.03419,-0.01163
-0.73048,0.07995,-0.02213
-0.95457,-0.16055,-0.03986
0.05342,0.07871,0.00179
0.04344,0.27942,0.00458
-0.29242,-0.29244,-0.01449
-0.10455,0.56955,0.00281
0.08217,-0.05077,0.00090
-0.44976,-0.23611,-0.02174
-0.46821,0.73736,-0.00847
0.16496,-0.14114,0.00272
-0.22552,-0.82019,-0.02018
-0.64692,-0.36396,-0.02799
0.35225,-0.01173,0.01169
-1.53293,-0.05633,-0.03802
-0.12769,-0.28128,-0.01133
-0.73304,-0.35538,-0.02429
-0.63049,0.25405,-0.01568
-0.07771,0.16119,-0.00160
-0.14393,0.55506,0.00106
-0.72721,0.53728,-0.01418
-0.36591,-0.21661,-0.01984
-0.42745,0.71684,-0.00679
-0.34920,-0.36572,-0.01868
-0.60189,-0.68688,-0.02765
-0.37986,0.50488,-0.00821
-0.68661,0.48916,-0.01395
-0.62189,-0.72642,-0.03478
-0.03275,-0.00896,-0.00221
-0.20270,-0.32300,-0.01209
0.05219,-0.43412,-0.00402
-0.55158,-0.98950,-0.02377
-0.10760,-0.31624,-0.01026
-0.32306,-0.07737,-0.01568
-0.85867,0.47620,-0.02262
-0.30726,-0.16068,-0.01156
-0.11132,0.18113,-0.00295
-0.31586,-0.76131,-0.02750
-0.19077,-0.00245,-0.00839
-0.23250,-0.65838,-0.01976
-0.25326,0.54840,-0.00275
-0.42677,-0.42418,-0.02156
-0.57627,0.22843,-0.01594
-0.38917,0.14086,-0.01021
-0.50924,-0.21934,-0.01897
0.15184,-0.05754,0.00341
-0.04852,-0.91186,-0.01566
-0.43181,-0.32598,-0.02241
-0.09999,0.33203,-0.00046
-0.41064,-0.33563,-0.01999
0.19631,0.11448,0.00679
-0.06180,0.14419,-0.00159
0.11344,-0.74055,-0.00528
-1.25815,0.59123,-0.03171
-0.07226,-0.06432,-0.00446
-0.47309,-0.38170,-0.01785
0.03604,0.19489,0.00275
-0.39371,-0.68588,-0.02334
-0.82445,-0.14621,-0.03545
0.08299,0.44242,0.00799
-0.23977,-0.01577,-0.01059
0.23781,-0.43779,0.00032
-0.50360,-0.13450,-0.02155
-0.12706,0.15346,-0.00402
0.00831,-0.10764,-0.00206
-0.90507,-1.05457,-0.03865
-0.37956,-0.93410,-0.02233
0.01355,-0.36043,-0.00534
-0.63530,0.25465,-0.01790
-0.30343,-0.26814,-0.01441
-0.29054,0.06662,-0.01075
-0.56540,-0.38752,-0.02300
-0.18984,0.38530,-0.00310
0.08941,-0.35346,-0.00334
-0.22839,-0.42279,-0.01259
-0.19779,-0.33696,-0.01489
-0.32039,-0.66380,-0.02294
0.04465,0.26795,0.00441
-0.61482,0.53926,-0.01402
-0.27951,-0.11961,-0.01368
-0.41752,0.28623,-0.01323
-0.71853,0.21664,-0.02430
-0.20949,0.02659,-0.00725
-0.48355,-1.08951,-0.02583
-0.45806,-1.62127,-0.02871
-0.43095,-0.32836,-0.02140
-0.34064,-0.30501,-0.01961
-0.05730,-0.39525,-0.01014
0.04622,-0.09588,-0.00092
-0.30386,-0.65349,-0.02069
-0.29166,0.04179,-0.00997
-0.21991,0.53115,-0.00198
-0.30970,-0.43780,-0.01937
-0.82560,0.11121,-0.02639
-0.70925,-0.02713,-0.02765
-0.05460,-0.49558,-0.00958
-0.58585,0.05168,-0.02161
-0.08565,-0.34441,-0.00868
-0.69858,0.65892,-0.01668
0.01687,-0.12024,-0.00224
-0.68813,0.12292,-0.02001
-0.35659,0.19713,-0.01308
-0.59479,-0.26435,-0.02963
-0.65319,0.15802,-0.02067
-0.66661,0.05908,-0.02411
0.12554,-0.42383,-0.00273
-0.90235,0.06256,-0.02457
-0.05171,-0.24141,-0.00610
-0.10374,-0.18493,-0.00630
0.00365,0.32638,0.00353
-0.47209,0.53100,-0.00962
-0.23300,-0.04444,-0.01047
0.10993,-0.68098,-0.00698
-0.36474,0.10817,-0.01480
-0.76183,-0.43296,-0.03570
-0.80195,0.02206,-0.02155
-0.55380,-0.42542,-0.02252
-0.14536,-0.42900,-0.01033
-0.12301,-0.16766,-0.00611
-0.37857,0.10371,-0.01137
-0.92544,-0.10377,-0.02493
-0.22794,-0.51691,-0.01711
-0.12635,-0.81412,-0.01591
-0.16800,0.06605,-0.00639
-0.07629,-0.28947,-0.00936
-0.06023,-0.14390,-0.00483
-0.31853,0.36418,-0.00766
-0.68228,-0.00103,-0.02465
-0.41864,0.20704,-0.01476
-0.36351,-0.48118,-0.01922
-0.55378,0.23591,-0.01712
0.09322,0.34531,0.00660
-0.08347,-0.08715,-0.00578
-0.30162,-1.20135,-0.02280
-0.39486,0.03235,-0.01420
-0.68136,0.12907,-0.02050
-0.65694,-0.19538,-0.02242
-0.33746,-0.92090,-0.02233
-0.30514,-0.68467,-0.02010
0.03327,-0.27098,-0.00370
-0.37064,0.15276,-0.01118
-0.21318,0.72323,0.00070
-0.12544,-0.08723,-0.00657
-0.15143,-0.13000,-0.00881
-0.43074,0.60669,-0.00887
-0.39644,0.53340,-0.00884
-0.91092,-0.38651,-0.03115
-0.25825,0.34756,-0.00692
0.08605,0.01426,0.00202
-0.56287,-0.01193,-0.01747
0.03654,-0.53540,-0.00619
-0.27692,-0.12807,-0.01287
-0.90878,-0.28447,-0.03787
0.09411,0.44102,0.00839
0.13402,-0.84425,-0.00750
-0.63578,0.00131,-0.02153
-0.44118,0.15204,-0.01282
-0.36009,-0.55330,-0.02333
-0.15019,-0.13026,-0.00644
-0.53469,-0.28349,-0.02683
0.11962,-0.67333,-0.00561
-0.10198,0.00005,-0.00508
-0.16667,-0.08857,-0.00785
0.09080,-0.18754,-0.00085
0.21387,-0.22012,0.00352
-0.81640,-0.16023,-0.03285
-0.22870,-0.27736,-0.01162
0.12497,0.10232,0.00489
-0.00038,0.12333,0.00059
-0.00060,-0.72831,-0.01095
-0.24123,-0.27841,-0.01576
0.12497,0.20724,0.00631
-0.11502,0.01674,-0.00521
-0.31829,0.18200,-0.01033
-0.27683,-0.21123,-0.01343
0.01976,0.23963,0.00268
-0.13765,-0.23962,-0.00853
-0.55246,-0.05582,-0.02381
0.08644,0.33545,0.00597
-0.16902,0.35353,-0.00218
-0.48979,-0.37659,-0.02548
-0.93453,-0.21658,-0.02681
-0.19235,-0.07742,-0.00985
-0.43107,0.02213,-0.01553
0.05421,-0.11192,-0.00092
-1.07037,0.67131,-0.02835
-0.12723,0.04153,-0.00525
-0.70444,0.91501,-0.01342
-0.98446,0.23328,-0.02568
-0.58458,0.64804,-0.01212
-0.20003,-0.04317,-0.01030
-0.14978,0.50655,0.00035
-0.34589,0.72677,-0.00325
-0.61554,-0.19435,-0.02676
-0.06270,0.05386,-0.00234
-0.50481,-0.59745,-0.02378
-0.76992,-0.74544,-0.02711
-0.41186,-0.42036,-0.02417
-0.20910,0.17856,-0.00603
0.09519,-0.34465,-0.00259
-0.01718,-0.53934,-0.00763
-0.23627,-0.57902,-0.01941
-0.51031,0.40072,-0.01537
-0.34091,-0.09655,-0.01346
-0.57419,0.20913,-0.01711
-0.74471,-0.12021,-0.02512
-0.39134,-0.76014,-0.02274
-0.00508,0.13356,0.00023
-0.03593,0.18267,-0.00007
-0.11968,-0.18062,-0.00835
-0.34196,-0.46716,-0.01833
-0.16335,0.52077,-0.00013
-0.83405,0.10129,-0.03162
-0.48197,0.45255,-0.01176
-0.70038,0.35985,-0.02147
-0.30125,0.43341,-0.00623
-0.66234,0.79193,-0.01519
-0.38627,-0.71838,-0.02268
-0.45531,0.02697,-0.01570
-0.37893,-0.43001,-0.02170
-0.18983,0.08424,-0.00716
-0.43768,0.08892,-0.01726
-0.83513,0.01999,-0.02495
-0.78828,0.04604,-0.02840
-0.16903,-0.23148,-0.01054
-0.30265,-0.93163,-0.02061
-0.69626,-0.75025,-0.03894
-0.83556,0.95350,-0.01853
-0.32305,-0.23179,-0.01548
-0.56065,0.63494,-0.01122
-0.30154,0.06616,-0.00945
-0.03330,0.27754,0.00152
-0.84123,0.07202,-0.02654
-0.12679,-0.08108,-0.00577
0.05892,-0.33484,-0.00350
-0.35581,0.25993,-0.01085
-0.96611,-0.54623,-0.03815
-0.16993,0.42695,-0.00180
-0.35421,-0.37645,-0.01709
-0.09995,-0.29854,-0.00744
-0.68588,0.10111,-0.02668
0.20562,0.17031,0.00783
-0.28831,-1.51159,-0.02729
-0.05831,-0.02517,-0.00347
-0.61355,-0.47054,-0.02789
-0.03810,0.20129,0.00019
-0.02322,0.27651,0.00178
-0.39146,-0.89339,-0.02241
-0.65020,-0.67400,-0.02866
-0.23605,-0.22430,-0.01214
0.02793,0.01339,-0.00002
-0.51040,-0.26653,-0.02241
-0.50976,-0.31300,-0.02394
0.03915,0.17747,0.00256
0.18017,-0.19054,0.00274
-0.35175,-0.16979,-0.01651
-0.16374,-0.98355,-0.01933
-0.47650,0.04370,-0.01890
-0.19823,0.49446,-0.00107
-0.94328,-0.18094,-0.03029
-0.70957,-0.53208,-0.02748
-0.57183,0.97775,-0.00794
-0.32531,0.01938,-0.01415
-0.08725,-0.48262,-0.01223
0.22642,0.17871,0.00972
-0.93622,0.36184,-0.02527
-0.61079,0.31438,-0.01465
0.11675,-0.51318,-0.00376
0.01253,-0.12980,-0.00297
-0.57146,-1.04996,-0.03271
-0.11500,-0.47250,-0.01000
-0.52860,-0.87612,-0.02558
0.19796,-0.15763,0.00393
-0.23620,0.15749,-0.00871
-0.73274,0.11035,-0.02387
-0.04557,0.09614,-0.00099
-0.13902,-0.09934,-0.00625
-0.21379,-0.03259,-0.00827
0.16384,0.17463,0.00783
0.29924,-0.10285,0.00807
-0.65657,0.31312,-0.01803
-0.43843,-0.26380,-0.02373
-0.23857,-0.22320,-0.01110
-0.31376,-0.61005,-0.01809
-0.00480,-1.00956,-0.01351
-0.29058,0.12559,-0.01113
-0.54683,-0.61058,-0.02282
-0.29151,0.45458,-0.00552
-0.21933,-0.21729,-0.01206
-0.18761,-0.68618,-0.01395
-0.33347,-0.15266,-0.01487
-0.22006,0.31532,-0.00450
-0.40519,-0.19330,-0.01702
-0.01555,0.19468,0.00084
-1.47019,-1.19804,-0.05360
-1.02102,0.53004,-0.02095
-0.33141,-0.43162,-0.01903
-0.24338,-0.09725,-0.00951
-0.02242,-0.44583,-0.00742
-0.81899,-0.78756,-0.04096
-0.74564,-0.39998,-0.03132
-0.07120,-0.01261,-0.00370
0.01094,0.01134,-0.00080
-0.81314,-0.49605,-0.03776
-0.20737,0.16828,-0.00542
-0.15928,0.19940,-0.00473
-0.90715,0.14064,-0.02464
-0.48665,-1.17142,-0.03734
0.01783,0.50614,0.00584
-0.53955,0.35361,-0.01438
-0.11858,-0.35330,-0.01241
0.00373,0.29583,0.00315
0.07801,-0.03543,0.00103
-0.80110,0.12829,-0.02404
-0.13057,-0.21501,-0.00991
0.28283,-0.46371,0.00148
-0.08084,-0.35326,-0.00976
-0.48822,-0.30804,-0.02494
-0.52061,0.68494,-0.01045
-0.58291,0.54060,-0.01442
-0.69448,0.41448,-0.02248
-0.13325,-0.18297,-0.00922
-0.49506,-0.40201,-0.02095
-0.66451,-0.21104,-0.02094
-0.10546,0.03315,-0.00442
-0.43169,0.41892,-0.01069
-0.97208,0.17353,-0.02368
-1.33987,-0.56204,-0.04416
-0.80711,-0.03548,-0.02944
-0.06333,-0.33079,-0.00746
-0.68303,0.34474,-0.01938
-0.53026,0.39818,-0.01159
-0.51033,-0.09338,-0.02077
-0.40005,-0.17068,-0.01842
-0.28454,-1.25135,-0.02669
-0.04782,-0.47525,-0.00902
-0.35286,-0.35834,-0.01458
-0.21878,0.48888,-0.00308
-0.10431,-0.10519,-0.00665
-0.69450,-0.84598,-0.03652
-0.62819,-0.03548,-0.01978
-0.98741,-0.51002,-0.03675
-0.32798,-0.95273,-0.02255
-0.69876,0.05254,-0.02645
-0.29224,0.21502,-0.01026
-0.17454,0.17982,-0.00497
-0.52330,0.54890,-0.01390
-0.16120,0.16429,-0.00371
-0.23815,0.48383,-0.00354
-0.15175,0.21680,-0.00300
-0.90987,-0.66513,-0.03847
-0.03493,0.13201,-0.00038
-0.36280,-0.51854,-0.01777
-0.38442,0.04022,-0.01423
0.14455,-0.26462,0.00016
-0.28559,-0.38118,-0.01393
-0.42973,-0.82699,-0.02654
-0.26017,-0.19307,-0.01400
-0.62762,-0.11824,-0.02289
-0.50411,-0.54499,-0.02575
-0.15259,0.09696,-0.00548
-0.35134,0.76338,-0.00374
-0.00737,0.06653,-0.00077
0.12907,-0.31877,-0.00094
-0.02113,-0.20020,-0.00461
-0.50346,-0.29666,-0.02055
-0.13640,0.04475,-0.00560
-0.27267,1.00373,0.00256
-0.67912,0.06060,-0.02304
0.17370,-0.08059,0.00400
-0.42147,0.10504,-0.01531
-1.03736,-0.57017,-0.04457
-0.53549,0.20422,-0.01516
-1.14226,0.27477,-0.03217
-0.43881,0.35173,-0.01161
-0.07912,-0.02952,-0.00412
-0.71017,-0.89742,-0.02745
0.07361,0.02881,0.00179
0.12061,0.36580,0.00801
-0.42983,-0.11562,-0.01470
0.26407,0.22123,0.01259
-0.54590,-0.07338,-0.02052
-0.15410,-0.05363,-0.00801
-0.37100,0.34595,-0.01000
-0.46712,0.31114,-0.01448
-0.49271,0.19918,-0.01503
-0.39956,-0.01558,-0.01500
-0.37438,-0.54855,-0.02161
0.03091,-0.30075,-0.00365
0.06402,-0.53153,-0.00488
-0.40105,-1.12536,-0.03564
-0.22081,-0.41828,-0.01628
-0.35977,-0.11160,-0.01481
-0.36341,0.48789,-0.00692
-0.18746,0.11832,-0.00603
-0.18992,-0.89865,-0.02283
-0.67418,0.62177,-0.01418
-0.39794,-0.09942,-0.01959
0.31615,-0.03012,0.00970
-0.06358,-0.24910,-0.00782
-0.07513,-0.31480,-0.00918
-0.28538,-0.81728,-0.01909
0.27912,-0.06577,0.00801
-0.65919,0.00461,-0.01695
0.00525,0.45270,0.00584
-0.24296,0.69660,-0.00013
-0.68825,0.22808,-0.02269
-0.06251,0.07244,-0.00218
0.07956,-0.13416,-0.00044
-0.64925,0.19873,-0.02079
0.33933,-0.19422,0.00710
-0.02731,-0.31682,-0.00620
-0.43000,0.47949,-0.01106
-0.07851,-0.42352,-0.00802
-0.56169,-0.29868,-0.02410
0.00322,0.27405,0.00271
-1.01189,0.25188,-0.02922
-0.55564,-0.50135,-0.02312
-0.06405,-0.16650,-0.00487
-0.24570,0.08200,-0.01008
-0.57881,-0.56651,-0.03022
0.18981,0.06613,0.00542
0.57226,-0.07273,0.01842
0.47120,-0.08950,0.01569
-0.56046,-0.15186,-0.02144
-0.43097,-0.02279,-0.01898
0.04472,-0.45915,-0.00585
0.25202,-0.13225,0.00510
-0.30859,-0.52617,-0.01949
-0.86589,-1.20257,-0.04408
0.13618,0.17936,0.00503
-0.62515,0.11881,-0.01713
-0.37784,-0.66121,-0.02317
0.03743,-0.23127,-0.00316
-0.89531,0.17021,-0.02701
-0.13933,-0.40984,-0.01153
-0.19704,-0.29882,-0.01204
-0.04754,0.02694,-0.00230
-0.81881,-0.00979,-0.02415
-0.83058,0.26658,-0.02159
-0.64556,-0.05330,-0.02315
-1.02064,0.20328,-0.03214
-0.60509,-0.29990,-0.02464
-0.36754,-0.04631,-0.01377
-0.49697,-0.37314,-0.02550
-0.57801,0.02358,-0.01830
-0.67548,-0.63471,-0.02665
-0.30121,0.33155,-0.00791
-0.80901,-0.04185,-0.02929
0.00160,0.10082,0.00034
0.04191,0.08622,0.00134
-0.52850,0.33189,-0.01464
-0.37816,0.54961,-0.00743
-0.17298,0.08815,-0.00640
-0.31437,-0.25776,-0.01977
-0.50374,0.63324,-0.01111
-0.39427,-0.37201,-0.01856
-0.45647,-0.70444,-0.02280
-0.37725,-0.19453,-0.01410
-0.10071,-0.37661,-0.01050
-0.34534,-0.15802,-0.01612
-0.20871,-0.44067,-0.01212
-0.28615,-0.25223,-0.01441
-0.25179,0.04326,-0.01109
-0.95562,-0.17473,-0.03345
0.36359,-0.08420,0.01118
-0.54670,0.58238,-0.01126
0.07595,0.49722,0.00914
-0.17675,0.00463,-0.00834
-0.17237,-0.06683,-0.00802
-0.27005,-0.06294,-0.01303
-0.65379,0.59332,-0.01482
-0.25228,0.00944,-0.00926
-0.39236,0.33630,-0.00930
-0.38431,0.05987,-0.01521
-0.21592,0.13406,-0.00708
-0.25929,-0.36452,-0.01498
-0.21168,0.45927,-0.00236
-0.04560,-0.07596,-0.00408
-0.08621,0.22874,-0.00129
-0.08938,-0.49569,-0.01085
-0.32083,-0.27936,-0.01300
-0.40440,-0.12996,-0.01455
-0.12718,0.15248,-0.00399
-0.66553,0.15030,-0.02210
0.03219,0.37409,0.00509
-0.77073,0.00946,-0.02993
-0.16585,0.02920,-0.00509
-0.47452,0.46422,-0.01144
-0.19466,0.08271,-0.00584
-0.25882,-0.42314,-0.01736
-0.42417,0.46713,-0.00985
0.11793,0.34526,0.00798
-0.39134,-0.23212,-0.01621
-0.33237,0.64120,-0.00404
0.16543,-0.99096,-0.00822
-0.16448,-0.19534,-0.00820
-0.72961,0.10830,-0.02415
-0.43503,-0.55833,-0.02641
0.22944,-0.16646,0.00459
-0.27014,0.30159,-0.00526
-0.68045,0.36072,-0.02224
-0.20955,0.15749,-0.00611
-0.44423,-0.31787,-0.01978
-0.86036,0.26075,-0.02800
-0.12405,-0.14555,-0.00790
-0.11402,-0.58750,-0.01354
-0.68608,0.32584,-0.02335
-0.45664,0.01437,-0.01577
0.05576,-0.49442,-0.00530
-0.41074,0.50419,-0.00821
-0.25726,0.00761,-0.00842
-0.30207,-0.42814,-0.02173
0.02202,0.24805,0.00301
-0.36713,0.51903,-0.00672
-0.57240,0.07775,-0.01992
-0.02319,0.03859,-0.00166
0.11182,0.42232,0.00759
0.29624,0.26642,0.01343
-0.63212,-0.07159,-0.02296
-0.04633,-0.12123,-0.00358
-0.90515,-0.08914,-0.03177
-0.15462,-0.54381,-0.01292
-0.76465,0.53857,-0.01784
-0.38730,0.10032,-0.01488
-0.35177,-0.03813,-0.01655
-0.29754,0.64503,-0.00261
-0.47485,-0.64838,-0.02425
-0.24043,-0.15726,-0.01302
-0.68476,-0.03478,-0.02380
-0.04394,-0.19736,-0.00555
-0.09118,-0.49801,-0.01270
-0.41891,-0.04693,-0.01777
-0.23373,-0.46945,-0.01662
0.26325,0.25344,0.01218
-0.32703,-0.58246,-0.02164
-0.02861,-0.10760,-0.00360
-0.36706,-0.23885,-0.01702
-0.34593,-0.24786,-0.01607
-0.21130,0.68778,0.00050
-0.38601,-0.30074,-0.01535
-0.49820,-0.59296,-0.02451
-0.53624,-0.95093,-0.03044
-0.14603,-0.42272,-0.01227
-0.14155,0.23874,-0.00288
-0.70561,0.26676,-0.02108
-0.48483,0.41605,-0.00944
-0.77587,-0.48293,-0.03657
-0.25307,-0.04986,-0.01153
0.27166,-0.43742,0.00149
-0.08320,-0.31054,-0.00819
-0.43909,-0.57742,-0.02649
-0.35583,0.71860,-0.00455
-0.17100,-0.01010,-0.00703
-0.45289,-0.62276,-0.02499
-0.27439,0.14402,-0.00807
-0.13428,0.05578,-0.00432
-0.62528,0.36198,-0.01824
-0.12714,-0.11631,-0.00783
-0.84146,-0.76025,-0.04316
-0.06363,0.59472,0.00419
-0.91223,-0.17659,-0.03743
-0.06827,0.12306,-0.00210
0.02532,-0.49322,-0.00728
-0.23711,0.02191,-0.00916
-0.45563,-0.23497,-0.02042
-0.27082,-0.10972,-0.01149
0.00478,0.25028,0.00249
-0.80644,-0.08228,-0.02404
-1.44006,-0.05581,-0.04899
0.01878,0.18253,0.00186
-0.24618,-0.41306,-0.01381
-1.17496,0.40146,-0.03661
0.10087,0.30701,0.00631
0.08269,-0.54838,-0.00679
-0.17072,-0.27133,-0.01146
-0.20702,0.49142,-0.00262
-0.09777,-0.30082,-0.00893
-0.57725,-0.09775,-0.02035
-0.11981,0.09096,-0.00439
0.13350,-0.44191,-0.00313
0.28568,-0.04130,0.00823
-0.69599,0.14779,-0.02436
-0.17923,-0.07229,-0.00804
-0.45454,-0.56141,-0.01931
-0.40184,-0.35999,-0.01463
-0.33205,-0.43863,-0.01801
0.06046,0.34172,0.00596
-0.19414,-1.05447,-0.02092
-1.19716,-0.79635,-0.04707
-0.24177,-0.16297,-0.01054
-1.24468,-0.93549,-0.04813
-0.74850,0.12474,-0.02385
-0.41886,0.03705,-0.01620
-0.21416,-0.07529,-0.00991
-0.24135,0.38194,-0.00536
-0.13996,-0.45376,-0.00990
-0.42718,-0.38309,-0.02059
-0.45872,-0.06302,-0.01515
-0.36503,0.20707,-0.00926
0.12320,-0.28687,-0.00093
-0.61502,-0.36054,-0.02220
-0.13038,-0.33575,-0.01214
-0.10019,-0.15546,-0.00743
-0.30440,-0.03610,-0.01275
-0.65867,0.26905,-0.01730
0.10842,-0.20000,-0.00041
0.27432,0.18224,0.01003
0.00454,0.23160,0.00197
-0.08049,-0.61428,-0.01331
-0.31021,-0.28240,-0.01448
-0.34911,0.07748,-0.01338
-0.56143,-0.01380,-0.01760
-0.49550,0.10812,-0.01954
-0.00950,-0.11557,-0.00295
-0.81818,0.18615,-0.03074
0.09002,-0.27957,-0.00223
-0.78400,0.01779,-0.02880
-0.66501,-0.35643,-0.03469
-0.32144,0.08605,-0.00948
-0.34400,-0.25334,-0.01661
-0.33593,-0.67967,-0.01953
0.32458,-0.00463,0.00971
-0.20159,0.18149,-0.00474
-0.77665,0.18700,-0.02540
-0.69924,0.08293,-0.02061
-0.40825,0.31951,-0.00971
-0.16026,0.18872,-0.00503
-0.39773,-0.35905,-0.01513
-0.14608,0.38195,-0.00127
-0.43562,-0.40144,-0.01479
-0.19048,-0.27294,-0.01026
-0.47328,-0.43036,-0.02388
-0.17489,0.30558,-0.00321
-0.27347,-0.53346,-0.01656
-0.33381,-0.33846,-0.01759
-0.54665,0.84878,-0.00856
-0.13240,0.24636,-0.00272
-0.09586,-0.00484,-0.00556
-0.16178,-0.14858,-0.00848
-0.33355,-0.78902,-0.01921
-0.49796,-0.19958,-0.02297
-0.36449,0.72371,-0.00463
-0.03666,-0.08054,-0.00311
-0.31171,0.50130,-0.00381
-0.56401,0.20762,-0.01769
-0.48435,0.15502,-0.01458
-0.37118,-0.00112,-0.01553
-0.72749,0.50130,-0.01649
-0.61000,-0.87707,-0.03584
-0.50717,-0.27724,-0.02532
0.12269,0.09216,0.00469
0.00036,-0.20078,-0.00465
-0.35213,-0.02855,-0.01278
-0.39384,-0.03038,-0.01429
-0.65375,-0.46974,-0.02558
0.14015,-0.16526,0.00137
-0.58416,0.28421,-0.01749
-1.10541,-0.64004,-0.04306
-0.71810,-0.65648,-0.03440
0.17449,-0.09558,0.00376
0.29723,-0.23512,0.00643
-0.76578,0.52632,-0.01893
0.01941,0.20737,0.00213
-0.67512,-0.05523,-0.01821
0.07591,0.32106,0.00618
-0.29445,-0.79303,-0.02273
0.03398,-0.14345,-0.00224
0.05879,0.24140,0.00427
-0.59759,-0.61613,-0.02790
-0.20992,-0.75618,-0.01811
-0.47109,0.97699,-0.00446
-0.05080,-0.01935,-0.00364
-0.52634,0.46342,-0.01532
-1.00703,0.49896,-0.02810
-0.90514,0.57145,-0.02666
-0.27645,-0.18822,-0.01373
-0.73188,0.25438,-0.02042
-0.44894,0.12207,-0.01613
-0.23631,0.13698,-0.00646
0.00221,-0.14317,-0.00309
0.12011,0.57570,0.01086
-0.26126,0.14493,-0.00783
-0.08975,-0.19495,-0.00707
-0.21535,-0.07365,-0.01001
-0.29605,-0.50137,-0.02055
-0.14107,-0.30498,-0.01052
-0.57356,0.60974,-0.01386
-0.23553,-0.35779,-0.01253
-0.00548,-0.61122,-0.00896
-0.58534,-0.41670,-0.03055
0.25703,-0.00609,0.00762
0.13278,0.17219,0.00631
-0.44102,0.28440,-0.01425
-0.04086,-0.25734,-0.00581
-0.17122,0.66223,0.00187
-0.41178,-1.28419,-0.03022
-0.00089,-0.11675,-0.00290
-0.15741,-0.14645,-0.00950
-0.18891,-0.04049,-0.00879
-0.34058,0.67280,-0.00455
-0.16605,-0.67006,-0.01254
-0.42189,-0.62440,-0.02262
-1.13648,-0.00919,-0.03097
-0.35689,0.60287,-0.00501
-0.03172,0.00064,-0.00256
-0.59613,0.30242,-0.01853
-0.32387,0.27403,-0.00927
-0.96572,0.44887,-0.03266
-0.35865,0.07117,-0.01369
-0.22854,0.05900,-0.00876
0.25822,0.42865,0.01518
0.37888,-0.21206,0.00785
-0.17888,-0.22341,-0.00942
-0.17021,-0.21803,-0.01033
-0.80053,-0.09876,-0.02282
-0.31630,-0.07855,-0.01384
-0.23740,-0.08065,-0.01148
-0.30626,0.11035,-0.01056
-0.49554,0.56733,-0.00892
0.14805,-0.14375,0.00172
-0.24884,0.07935,-0.00962
-0.09420,0.32906,0.00008
-0.12229,-0.10756,-0.00794
-0.22405,0.01396,-0.00864
-0.36922,0.28911,-0.00976
-0.56547,0.49035,-0.01239
-0.39128,0.05890,-0.01612
-0.13894,0.07072,-0.00550
0.11193,0.37768,0.00715
0.24042,-0.02262,0.00739
0.06758,-0.34673,-0.00345
-0.38837,0.21133,-0.01333
-0.38940,0.39328,-0.00924
-0.58790,-0.16952,-0.02307
-0.59690,0.20726,-0.01811
-0.13458,-0.55220,-0.01456
-0.09114,0.27803,-0.00061
-0.51132,0.08600,-0.01892
-0.26003,0.45709,-0.00506
-0.06716,-0.30415,-0.00641
-0.23761,0.72230,-0.00051
-0.84040,0.08838,-0.02555
-0.00434,-0.03769,-0.00188
-0.48100,0.23970,-0.01449
-0.09201,0.08643,-0.00347
-0.60122,0.76423,-0.00996
-0.57005,0.03687,-0.01906
0.06951,0.19479,0.00387
-0.79315,-0.80642,-0.03364
-0.32265,-0.44824,-0.01703
-0.65378,-0.04100,-0.02418
-0.27727,-0.31417,-0.01666
0.22525,0.15768,0.01022
-0.15050,-0.52700,-0.01626
-0.47896,-0.21590,-0.02094
-0.02553,0.23972,0.00121
-0.12251,-0.57476,-0.01256
-0.55108,0.08731,-0.01920
-0.45029,0.33151,-0.01216
0.00768,-0.37203,-0.00589
-0.32635,0.52689,-0.00466
-0.52077,0.12226,-0.01752
-0.96500,0.06279,-0.02789
0.00555,0.31298,0.00342
0.09576,-0.08344,0.00098
-0.59091,-0.15573,-0.02492
-0.82376,-0.17559,-0.02151
-0.41212,0.62079,-0.00812
-0.29260,0.06442,-0.00919
-0.37300,-0.00674,-0.01444
-1.01020,-0.79371,-0.03294
-0.12425,0.11325,-0.00381
-0.02557,0.01882,-0.00207
-0.13325,-0.02184,-0.00701
-0.11851,-0.08139,-0.00609
-0.87935,-1.00209,-0.03536
-0.75456,0.20703,-0.02048
-0.59083,-0.67896,-0.03033
-0.38584,-0.53303,-0.02658
-0.14231,-0.09679,-0.00685
-1.05334,-0.15313,-0.03480
-0.32815,0.28791,-0.00857
-0.05013,0.00276,-0.00316
-0.43573,-0.30934,-0.02518
-0.74767,0.38399,-0.02213
0.19941,0.11377,0.00740
-0.29811,0.74045,-0.00084
-0.70974,-0.31859,-0.03133
-0.66795,0.30255,-0.02140
-0.17369,-0.81911,-0.01659
-0.05788,-0.13765,-0.00454
-0.17554,0.35160,-0.00302
-0.07793,-0.10478,-0.00579
-0.65523,-0.77007,-0.03154
-0.43598,0.51660,-0.00986
0.13009,-0.26288,-0.00016
-0.76454,0.24433,-0.02527
-0.26950,0.12752,-0.00919
-0.07720,-1.22986,-0.01503
-0.32933,-0.51135,-0.01845
-0.17615,-0.38305,-0.01478
-0.51192,-0.28392,-0.02001
-0.58001,0.50147,-0.01289
-0.40510,0.00859,-0.01353
0.03351,-0.62977,-0.00738
-0.01374,-0.12982,-0.00385
-0.20177,0.32567,-0.00325
-0.05805,0.33266,0.00126
-0.21181,-0.40708,-0.01454
-0.22372,-0.10703,-0.01002
-0.73290,0.52521,-0.01605
-0.50699,0.01778,-0.01324
-0.50412,-0.46816,-0.02904
-0.66567,-0.27042,-0.02387
-0.39015,-0.42230,-0.01860
-0.70901,-0.58295,-0.03485
0.03071,-0.27598,-0.00355
0.04313,-0.15159,-0.00158
-0.51248,-1.23159,-0.02845
-0.13465,-0.29679,-0.01007
-0.74839,0.29078,-0.02174
-0.07320,0.13569,-0.00129
-0.02897,-0.30857,-0.00575
-0.26154,0.17862,-0.00783
-0.18986,0.28788,-0.00416
-0.66129,0.21582,-0.01721
-0.48346,0.02819,-0.01613
-0.23398,0.22901,-0.00672
-0.30787,0.14669,-0.00943
-0.54611,-1.08043,-0.02592
-0.97906,0.00031,-0.03155
0.00193,0.21570,0.00189
-0.73928,-0.89871,-0.03897
-0.64282,0.56805,-0.01467
0.00837,-0.74714,-0.01063
-0.36992,-0.09275,-0.01823
-0.36554,-0.22947,-0.01567
-0.73362,0.75133,-0.01869
-0.16192,-0.72521,-0.01675
-0.20804,-0.32699,-0.01309
0.32588,-0.17423,0.00826
0.01434,-0.35503,-0.00534
0.00791,-0.41511,-0.00654
-0.67663,0.64710,-0.01359
-0.71322,0.19436,-0.01902
-0.19092,0.91544,0.00428
0.03615,-0.18864,-0.00239
0.00661,0.00555,-0.00110
-0.23399,0.08135,-0.00926
-1.41883,-0.54394,-0.04219
-0.42729,0.47632,-0.01063
-0.23994,-0.41411,-0.01182
-0.98905,0.28516,-0.03018
0.15297,-0.02289,0.00373
-0.17952,-0.48435,-0.01615
-0.11992,0.52841,0.00164
-0.27667,-0.18361,-0.01399
-0.28931,0.11605,-0.00992
-0.20459,-0.08622,-0.00940
-0.68990,-0.62254,-0.03708
-0.55920,0.13938,-0.01821
-0.52934,0.67018,-0.01068
-0.46200,0.25750,-0.01255
-0.01362,-0.08741,-0.00317
-0.30634,-0.00539,-0.01238
-0.72928,0.79540,-0.01405
-0.65941,-0.24532,-0.02824
-0.26349,-0.11009,-0.01457
-0.45674,0.36067,-0.01276
-0.34798,0.09023,-0.00980
-0.15802,0.10625,-0.00490
-0.03597,0.01365,-0.00212
0.22887,0.02679,0.00704
-0.18662,0.22933,-0.00458
-0.30340,-0.67389,-0.02258
-0.59828,0.72828,-0.01176
-0.44402,-0.40671,-0.02107
-0.55464,0.78599,-0.01047
-0.54935,-0.55739,-0.02779
-0.31833,0.01612,-0.01411
-0.25937,-0.92530,-0.02072
-0.36185,-0.03485,-0.01429
-0.35801,-0.25667,-0.01821
-0.40833,0.13261,-0.01416
-0.66958,-0.68101,-0.03025
-1.03676,0.19685,-0.03281
-0.30136,-0.36133,-0.01379
-0.33688,0.24483,-0.01007
-0.28761,0.03218,-0.00853
-0.46797,-0.01240,-0.01633
-0.17977,0.18123,-0.00571
-0.42799,-0.13865,-0.01629
-0.70916,0.42541,-0.02288
-0.88433,-0.77150,-0.03992
-0.45370,-0.01903,-0.01477
0.25140,0.21567,0.01030
-0.80658,0.48060,-0.01764
-0.26669,-0.25373,-0.01228
-0.35800,-0.04985,-0.01456
-0.38372,-0.06754,-0.01582
0.13010,0.08352,0.00466
-0.92764,0.00525,-0.03174
0.20135,0.42032,0.01125
-0.60023,0.59349,-0.01545
-0.36613,-0.52535,-0.01951
-0.89906,0.39683,-0.02543
-0.43717,0.66737,-0.00677
-1.57268,0.56924,-0.03635
-0.56140,0.17696,-0.01782
-0.13787,0.14621,-0.00415
-0.19201,-0.01791,-0.00923
0.32445,0.26669,0.01474
-0.32283,0.71779,-0.00242
-0.41997,-0.26954,-0.01546
-0.11941,0.00292,-0.00426
-0.19890,-0.77088,-0.01639
-0.69684,-0.09347,-0.02167
-0.75901,-0.46460,-0.02763
-0.27933,0.70506,-0.00194
-0.44827,0.50489,-0.00881
-0.26617,-0.23589,-0.01608
-0.62516,0.14929,-0.01857
-0.67535,-0.23921,-0.02309
0.11972,0.05536,0.00399
-0.13961,0.48295,0.00004
-0.67800,0.28940,-0.01914
-0.18368,-0.47451,-0.01302
-0.82707,-1.04208,-0.04862
-1.16064,0.37107,-0.02659
-0.33979,-0.05239,-0.01413
-0.21147,0.31477,-0.00500
-0.48947,0.52948,-0.01144
-0.15327,-1.28074,-0.02585
-0.73886,-0.56220,-0.03443
-0.37217,0.43942,-0.00739
0.11823,-0.59656,-0.00417
-0.04835,-0.83600,-0.01042
-0.66956,-0.02997,-0.02587
-0.02089,-0.20997,-0.00438
-0.86354,-0.02946,-0.02734
-0.41285,0.07916,-0.01587
-0.07044,-0.06175,-0.00471
-0.41046,-0.14412,-0.01638
0.18216,0.18754,0.00862
-0.43094,-0.47007,-0.01763
-0.07711,-0.07470,-0.00576
0.14675,-0.09904,0.00257
0.06083,-0.76135,-0.00925
0.09440,0.14371,0.00442
-0.38954,0.24411,-0.01027
-0.80169,0.13725,-0.02265
-0.43534,-0.12674,-0.01864
-0.52900,-0.48136,-0.02921
0.00139,-0.43682,-0.00667
-0.51458,-0.18936,-0.02007
-0.20694,-0.04801,-0.00981
-0.08790,0.10337,-0.00315
-0.41630,-0.26680,-0.02096
-0.32044,-0.66766,-0.02062
-0.21872,-0.58279,-0.01788
0.27130,-0.09897,0.00754
-0.62818,0.78679,-0.01451
-0.81269,-1.16178,-0.03181
0.06462,-0.00904,0.00088
0.01588,-0.45038,-0.00860
-0.14372,-0.50524,-0.01176
-0.25251,-0.28949,-0.01595
-0.19656,0.28442,-0.00346
-0.45622,-0.14054,-0.01498
0.21377,-0.00489,0.00632
-0.56648,0.26093,-0.01871
-1.02605,0.51199,-0.02222
-0.07980,0.10628,-0.00283
-0.79982,0.62016,-0.01799
0.07809,-0.24698,-0.00192
-0.11521,0.24005,-0.00231
-0.47448,0.66377,-0.00695
0.03842,-0.00571,-0.00003
-0.34744,0.11121,-0.01197
0.05589,0.58872,0.00802
-0.72312,-0.12230,-0.02075
0.03059,0.27149,0.00367
-0.64447,0.02790,-0.01789
-0.55240,-0.93529,-0.02884
-0.05033,0.24317,0.00059
-0.70043,0.38075,-0.01782
-0.27918,-0.17146,-0.01101
-0.92357,0.37276,-0.02729
-0.27150,-0.77892,-0.02007
-0.28751,-0.47584,-0.01615
-0.53310,-0.31574,-0.02783
-0.32310,-0.82338,-0.01800
-0.33075,-0.12158,-0.01620
-0.13505,-0.24949,-0.01067
-0.14068,-0.36995,-0.01107
-0.44411,0.29294,-0.01263
-0.29428,0.05868,-0.01093
-0.57125,-0.19296,-0.02066
-1.06578,-1.15282,-0.06123
0.02812,-0.30273,-0.00450
-0.08853,0.27310,-0.00051
0.10501,-0.77566,-0.00593
-0.82549,-0.35420,-0.03769
-0.56293,0.05555,-0.02079
0.11431,-0.17755,0.00004
-1.07476,-0.16255,-0.03464
-0.03378,-0.01910,-0.00281
0.04973,0.24278,0.00375
-0.77366,-0.15884,-0.02222
0.01635,0.25514,0.00275
-0.38180,0.28804,-0.01195
-0.13649,-0.71150,-0.01806
-0.24422,-0.04546,-0.01197
-0.23718,-0.35770,-0.01462
-0.32012,-0.00171,-0.01116
-0.13552,-0.07024,-0.00728
0.11909,-0.04559,0.00247
-0.41282,0.07503,-0.01410
-0.42546,0.87584,-0.00443
-0.36621,-0.17631,-0.01656
-0.62620,-0.26631,-0.02462
-1.03948,-0.16792,-0.03272
-0.81293,0.01029,-0.02416
-0.02092,-0.13464,-0.00440
-0.14618,-0.54234,-0.01326
0.27162,0.16632,0.01124
-1.03415,-0.49595,-0.04792
-0.17108,-0.50508,-0.01378
-1.03869,-0.71853,-0.04124
-0.00155,0.19153,0.00130
0.06011,-0.61760,-0.00668
-0.74633,-0.01510,-0.02534
-0.28642,-0.23309,-0.01651
-0.00495,-0.05424,-0.00222
-0.27325,0.14459,-0.00772
-0.51687,0.79345,-0.00829
-0.40688,0.21764,-0.01367
-0.37232,-0.10462,-0.01616
-0.15990,-0.20500,-0.00949
0.15649,-0.31387,-0.00035
0.25085,0.16307,0.01128
-0.50375,-0.04855,-0.02179
-0.28055,0.00098,-0.01159
-0.51271,-0.10955,-0.02133
0.09768,-0.68383,-0.00774
-1.08331,-0.39638,-0.04523
-0.60029,-0.14882,-0.02540
0.14455,0.04071,0.00479
-0.46094,0.24912,-0.01371
-0.42753,0.16566,-0.01344
-0.68726,0.73300,-0.01680
-0.40594,0.18917,-0.01474
-0.25116,-0.34182,-0.01556
-0.38904,0.23710,-0.01067
-0.33144,-0.45612,-0.02215
-0.23252,-0.77247,-0.02169
-0.51913,0.49060,-0.01299
0.07481,-0.33597,-0.00348
0.01945,-0.40735,-0.00568
0.12505,-0.01599,0.00287
-0.52839,0.23303,-0.01671
-1.35340,0.07111,-0.04423
-0.32366,-1.14949,-0.02838
-0.02046,-0.24343,-0.00495
-0.61914,-0.41803,-0.03023
-0.66576,-0.51909,-0.03565
-0.73091,0.21863,-0.02541
-0.80084,0.33197,-0.02183
-1.01229,-0.18670,-0.03117
-1.01904,0.53700,-0.02137
0.02129,-0.38946,-0.00470
-0.75180,0.08989,-0.02167
-0.38672,-0.42510,-0.02438
-0.47042,-0.52067,-0.02312
-0.27270,0.05213,-0.01125
-0.39186,0.56311,-0.00755
-0.43452,-0.40227,-0.01816
-0.27940,0.35103,-0.00689
-0.48956,-0.50130,-0.02077
-0.32595,-0.73578,-0.01910
-0.07358,-0.14241,-0.00523
0.24215,-0.52299,-0.00023
-0.84960,0.15935,-0.03079
-0.74632,0.21769,-0.02660
-0.80469,0.09026,-0.02790
-0.23529,-0.00951,-0.00969
-0.26390,-0.44714,-0.01582
-0.03403,-0.35257,-0.00722
-0.41550,-0.41133,-0.02369
-0.10824,-0.42324,-0.01141
-0.45580,-0.33769,-0.02014
0.04416,-0.18339,-0.00243
-0.29646,-0.20501,-0.01611
-0.12299,-0.00038,-0.00598
-0.55152,0.28125,-0.01875
-0.54967,0.03859,-0.01890
-0.39272,0.53046,-0.00870
-0.22812,-0.01448,-0.00892
-0.34084,-0.01671,-0.01297
-0.04524,-0.10649,-0.00465
-0.02624,-0.26095,-0.00534
-0.50661,0.67627,-0.00859
-0.18809,0.78968,0.00257
-0.62111,-0.05620,-0.02483
-0.91127,-0.45426,-0.03081
-0.52092,-0.46980,-0.02307
-0.51516,-0.15299,-0.02181
-0.21239,0.14784,-0.00710
-0.08343,0.23061,-0.00109
-0.25787,0.28599,-0.00559
-0.69355,0.37961,-0.02177
-0.55543,0.02416,-0.01894
-0.58555,0.71401,-0.01364
-0.54060,-0.57946,-0.02396
-0.33785,-0.24813,-0.01460
-0.39718,-0.00065,-0.01408
-0.14756,-0.30972,-0.01016
-0.29345,0.38329,-0.00602
-0.35087,0.00399,-0.01223
-0.67877,-0.30607,-0.02607
-0.18046,0.07867,-0.00785
-0.38109,0.02743,-0.01571
-0.43903,-0.34072,-0.02057
-0.54042,0.77618,-0.01009
0.08906,-0.46526,-0.00389
-0.98083,-0.97899,-0.03992
-0.18754,-0.52037,-0.01609
-0.73737,0.22908,-0.02104
-0.06319,0.11128,-0.00208
-0.74291,-0.43062,-0.02363
-0.24381,-0.09784,-0.00960
-0.27711,0.24903,-0.00657
-0.38327,-0.20906,-0.01647
-0.43101,-0.12118,-0.02056
-0.50208,-0.55552,-0.02504
-0.49269,0.15203,-0.01568
0.03213,0.12998,0.00169
-0.20639,-0.67538,-0.01752
-0.84272,-0.13333,-0.03459
-0.45590,-0.14693,-0.01784
-0.90645,0.43487,-0.02810
-0.05304,0.07148,-0.00215
-0.62735,-0.74434,-0.03465
-0.80792,0.55422,-0.02026
-0.04457,-0.13038,-0.00438
-0.25706,0.58458,-0.00283
-0.45316,0.03393,-0.01839
-0.23932,0.19589,-0.00777
-0.68834,-0.77662,-0.03031
-0.05482,-0.38826,-0.00887
-0.56626,-0.33236,-0.02163
-0.67937,-0.60745,-0.02440
-1.05662,0.33213,-0.03422
0.02619,0.25292,0.00326
-0.11094,-0.11917,-0.00582
-0.07106,-0.03958,-0.00531
-0.49222,0.02490,-0.01918
-0.19900,-0.04647,-0.00967
-0.36782,0.18959,-0.01285
-0.41255,-0.20912,-0.01649
-0.12978,0.49046,0.00088
-0.86221,0.07532,-0.02912
0.04559,0.17371,0.00293
-0.00049,-0.07795,-0.00255
-0.51760,-0.17273,-0.01940
-0.31935,-0.30077,-0.01762
-0.20530,-0.24867,-0.01023
-0.64052,0.18331,-0.02000
-0.15261,-0.03260,-0.00762
-0.36352,0.22221,-0.01125
-0.33362,-0.54503,-0.01780
0.08911,0.12548,0.00361
-0.25967,-0.35360,-0.01649
-0.48180,-0.13717,-0.01722
-0.59742,0.01736,-0.02084
-0.25987,0.06607,-0.00836
-0.95744,0.64691,-0.02211
-0.76124,-0.03272,-0.03032
-0.03666,0.07055,-0.00200
-0.75209,0.03569,-0.02327
-0.30907,0.47221,-0.00543
-0.26626,-0.12026,-0.01322
-0.82664,0.37971,-0.02069
-0.94460,-0.01519,-0.03023
-0.51372,0.76619,-0.00647
-0.07674,-0.22868,-0.00742
-0.27305,0.68635,-0.00210
-0.88973,-0.24253,-0.03580
-0.12647,0.66129,0.00338
0.04292,-0.15212,-0.00204
-0.10990,-0.14249,-0.00639
-0.49253,0.05015,-0.01426
-0.52689,0.09880,-0.01398
-0.33784,-0.81700,-0.02843
-0.18044,0.16408,-0.00632
0.09804,-0.25715,-0.00126
0.09974,0.20230,0.00485
-0.22655,0.37891,-0.00319
-0.48679,0.27689,-0.01480
-0.09773,0.04664,-0.00481
-0.11839,-0.42967,-0.00970
-0.10960,-0.20277,-0.00801
-1.10295,-0.51281,-0.04971
-0.22445,-0.57576,-0.01468
-1.28250,-0.28735,-0.03539
-0.35097,-0.16850,-0.01879
-0.37743,0.46723,-0.00700
-0.62999,-0.22752,-0.02269
-0.78947,-0.02506,-0.02762
-0.26413,-0.25028,-0.01379
-0.68737,0.09101,-0.02759
-0.42345,0.18044,-0.01280
0.07768,-0.63820,-0.00751
-0.40706,0.50081,-0.00681
0.10629,0.24210,0.00627
-0.64590,-0.24655,-0.03215
-0.08266,-0.23948,-0.00726
-0.12134,-0.11144,-0.00842
-0.55565,-0.14500,-0.02087
0.13820,-0.04257,0.00313
-1.17841,-0.03180,-0.03646
-0.23326,-0.27047,-0.01076
-0.51953,-0.27502,-0.02577
-0.03555,-0.00797,-0.00229
-0.33503,0.22449,-0.01038
-0.56332,0.41624,-0.01306
-0.12871,-0.25392,-0.01049
-0.22024,0.30393,-0.00550
-0.67397,0.16408,-0.02341
-0.39986,0.01033,-0.01371
-0.33482,0.31963,-0.00976
0.00686,0.13718,0.00096
0.20413,0.22183,0.00933
-0.12809,0.38427,-0.00050
-0.27457,-0.14092,-0.01372
-0.13480,-0.31872,-0.01102
-0.42728,-0.02433,-0.01630
-0.04876,0.01379,-0.00301
-0.68549,0.32042,-0.02027
-0.70991,0.69722,-0.01563
-0.53172,-0.36870,-0.02702
-0.82469,0.19034,-0.02455
-0.09582,0.11686,-0.00250
-0.24164,-0.22215,-0.01474
0.00687,0.52807,0.00562
-0.11242,-0.24071,-0.00844
0.12475,-0.07438,0.00204
-0.39936,-0.14669,-0.01584
-0.05374,0.09023,-0.00149
-0.34413,-0.36223,-0.01777
-1.25314,-0.62479,-0.04544
-0.64866,0.11440,-0.01729
-0.73288,-0.05551,-0.02665
-0.24661,-0.33353,-0.01516
-0.39015,-0.36414,-0.02385
-0.34448,-0.65097,-0.02255
-0.23209,-0.24792,-0.01225
-0.43346,0.86403,-0.00551
-0.59441,0.04877,-0.01998
-0.46612,0.06511,-0.01544
0.31984,0.16454,0.01388
-0.37872,-0.01762,-0.01242
-0.23399,0.11477,-0.00733
-0.42149,0.18311,-0.01499
-0.68393,0.32652,-0.01748
-0.00621,-0.30684,-0.00421
-0.07642,-0.39645,-0.00850
-0.65335,0.68304,-0.01419
-0.18155,-0.22940,-0.01112
-0.01947,-0.29337,-0.00692
-0.67316,-0.21075,-0.03022
-0.17724,-0.02316,-0.00766
-0.26465,0.23800,-0.00879
-0.10022,-0.40793,-0.01015
-0.60880,-0.12979,-0.02527
-0.20538,-0.46083,-0.01392
-0.97672,-0.70025,-0.04896
-0.48180,0.73950,-0.00577
-0.12711,0.01627,-0.00469
0.30186,-0.17943,0.00619
-0.61891,0.40142,-0.01835
-0.18917,0.08693,-0.00600
0.03060,-0.11802,-0.00213
-0.36143,0.13599,-0.01402
-0.24500,0.31579,-0.00592
0.00726,0.13539,0.00075
-0.80452,0.33276,-0.02388
-0.52508,-0.11017,-0.02365
-0.28645,0.42416,-0.00505
-0.72651,-0.13661,-0.02483
-1.16231,-0.61561,-0.04594
-0.21946,0.31412,-0.00549
-0.35290,0.33447,-0.00919
-1.08851,0.30300,-0.02877
-0.67861,0.73929,-0.01622
-0.53061,-0.27545,-0.02200
-0.16800,-0.80361,-0.01459
-0.91729,-0.34808,-0.03699
-0.96139,-0.00710,-0.03551
-0.36460,-0.18714,-0.02001
-0.77413,-0.26631,-0.02837
-0.59878,0.70598,-0.01177
0.15759,-0.17631,0.00192
0.04941,0.37029,0.00518
-0.48949,0.24023,-0.01542
-0.78908,-0.13208,-0.02788
0.05957,-0.09251,-0.00052
0.16478,0.09610,0.00638
-0.70368,0.45333,-0.01399
-0.29479,-0.19666,-0.01642
-0.20054,0.09612,-0.00690
-0.27367,0.65045,-0.00283
-0.75403,-0.14921,-0.02111
-0.28462,-0.65216,-0.01834
0.06123,-0.34970,-0.00354
0.19923,-0.39816,0.00051
-0.50371,-0.31623,-0.02076
-0.25297,0.26251,-0.00600
-0.02354,-0.08083,-0.00354
-0.26437,-0.02837,-0.01201
-0.10823,-0.32156,-0.01052
-0.99234,-0.59370,-0.02714
-0.53208,-0.54713,-0.03168
-0.53607,0.40170,-0.01483
-0.14866,0.08308,-0.00631
-0.15191,-0.03015,-0.00618
0.04033,0.39893,0.00586
-0.61803,0.34683,-0.01605
-0.01509,0.31590,0.00288
0.04485,0.23596,0.00374
-0.33472,0.35939,-0.00896
0.04538,0.15625,0.00264
-0.66787,0.07416,-0.02444
-0.09257,-0.56483,-0.01124
-0.12799,0.19945,-0.00311
0.08853,0.06371,0.00278
-0.27324,-0.33427,-0.01692
0.08544,0.00449,0.00195
-0.58252,0.48352,-0.01658
-0.13734,0.01111,-0.00641
-0.55879,0.44915,-0.01460
-0.94943,-0.74662,-0.02707
0.23547,-0.09469,0.00553
-0.21456,-0.08534,-0.01024
-0.22181,0.27809,-0.00575
-0.24939,-0.51448,-0.01179
0.17334,-0.14728,0.00272
-0.64072,0.19871,-0.01788
-0.30035,-0.38626,-0.01843
0.23674,-0.43160,0.00067
-0.11915,-0.50611,-0.01181
-0.82703,-0.51095,-0.03866
-0.16368,-0.13264,-0.01098
-0.33105,-0.03347,-0.01433
-0.88057,-0.47185,-0.03198
0.05735,-0.20816,-0.00222
-0.93748,-0.11630,-0.02809
-1.12551,-1.34718,-0.04418
-0.50640,-0.57234,-0.02384
0.27980,-0.69976,-0.00189
-0.85239,0.24317,-0.02635
-0.36981,-0.45946,-0.02354
-0.91510,0.16601,-0.03108
-0.34018,0.60553,-0.00421
-0.16609,0.06039,-0.00613
-0.15278,-0.20644,-0.00652
0.10801,-0.20069,-0.00008
-0.04267,-0.01772,-0.00347
-0.36203,-0.19115,-0.01559
-0.54438,0.28688,-0.01456
-0.49731,-0.70710,-0.02313
0.01390,-0.54462,-0.00924
-0.59011,-0.38366,-0.02477
-0.27824,-0.02269,-0.01042
-0.52940,0.55800,-0.01376
-0.14663,0.26563,-0.00255
-0.60898,0.19729,-0.01920
-0.40596,-0.37751,-0.02154
-0.63568,0.28119,-0.01981
-0.62974,-0.01418,-0.01964
-0.41124,0.25802,-0.01372
-0.23298,0.66486,-0.00108
-0.72623,-0.55673,-0.03270
-0.97810,-0.12758,-0.02871
0.06545,-0.21398,-0.00172
-0.04114,-0.00123,-0.00281
-0.40287,0.21716,-0.01017
-0.27427,-0.34710,-0.01358
-0.41480,0.04753,-0.01197
-0.43734,-0.14043,-0.01772
-0.71669,-0.10587,-0.02377
-0.79559,0.93343,-0.01372
-0.25774,0.50757,-0.00300
0.05102,-0.68191,-0.00818
-0.96423,-0.79318,-0.03151
-0.21528,0.46694,-0.00257
-0.10906,-0.40480,-0.01059
-0.75890,-0.08519,-0.02673
-0.07020,0.53113,0.00364
-0.54358,0.18507,-0.01417
-0.31861,-0.57593,-0.01745
-0.35056,0.05641,-0.01297
0.04622,0.23794,0.00382
-0.13558,-0.07549,-0.00517
-0.82586,-0.43951,-0.03084
-0.40852,-0.69240,-0.02993
0.00391,0.14079,0.00081
-0.23660,-0.17400,-0.01248
-0.00712,-0.32319,-0.00666
-0.08828,0.13066,-0.00268
-0.18746,0.61681,0.00075
-0.67245,0.58842,-0.01414
0.38323,-0.34389,0.00718
-0.25175,0.46694,-0.00433
-0.20612,0.37517,-0.00353
-0.72251,1.01551,-0.01336
0.21350,-0.56461,-0.00137
-0.38291,-0.59345,-0.02380
-0.66499,0.73442,-0.01608
-0.29621,0.05520,-0.01202
-0.44406,0.63054,-0.00877
-0.02846,-0.10271,-0.00340
-0.19223,-0.44026,-0.01594
-0.56175,0.61250,-0.00972
-0.10566,-0.60391,-0.01445
-0.39961,-0.16599,-0.01846
-0.37879,-0.37425,-0.01705
-0.02220,-0.31885,-0.00653
-0.35102,0.43620,-0.00782
-0.28101,-0.31853,-0.01536
-0.77174,0.68454,-0.02010
-0.59771,0.03305,-0.02291
-0.76028,-0.39513,-0.03244
-0.09363,-0.42766,-0.00956
-0.12091,-0.09717,-0.00676
-0.21670,0.03272,-0.00846
0.14897,-0.16771,0.00151
-0.23344,0.68405,-0.00001
-1.29513,-0.60100,-0.04301
-0.59743,0.33505,-0.01682
-0.59992,0.48497,-0.01672
-0.00054,0.08994,-0.00020
-0.04160,0.03327,-0.00223
-0.31934,-0.37873,-0.01937
-0.68726,-0.11736,-0.02611
-0.18430,0.51779,-0.00094
0.09380,-0.12423,0.00037
-0.49953,0.01745,-0.01441
-0.29636,0.34592,-0.00785
-0.30934,-0.10250,-0.01490
-0.00850,0.18487,0.00091
-0.17433,0.21082,-0.00485
-0.54559,0.05250,-0.02107
-0.20438,0.27842,-0.00417
-0.35106,-0.12232,-0.01622
-0.26680,-0.15730,-0.01394
-0.00189,-0.21118,-0.00388
-0.25214,-0.22925,-0.01159
-0.92319,-0.36024,-0.03863
-1.12460,-0.48740,-0.04480
-0.36333,0.81215,-0.00350
-0.22279,0.18729,-0.00534
-0.25566,0.22494,-0.00821
-0.38448,0.38565,-0.01110
-0.34841,0.02499,-0.01501
-0.29016,0.11673,-0.01034
-0.52313,-0.22299,-0.02189
-0.07863,-0.28102,-0.00804
-0.14166,-1.03862,-0.01768
-0.09490,0.35724,0.00035
-0.28848,0.15418,-0.01049
0.07503,0.07632,0.00256
-1.17963,-0.49533,-0.05124
-0.20293,-0.01139,-0.00879
-0.21733,0.36070,-0.00444
0.01228,0.04059,-0.00033
-0.44990,-0.36132,-0.02259
-0.06706,0.35640,0.00128
-1.19789,0.69679,-0.02943
-0.36370,-0.16638,-0.01784
0.30619,0.24525,0.01312
-0.81151,0.54777,-0.02025
-0.09068,-0.04355,-0.00463
-0.41177,-0.11739,-0.01852
-0.41612,0.12201,-0.01321
-0.83973,0.22873,-0.02583
-0.19325,-0.27268,-0.01176
-0.29419,-0.23866,-0.01744
-0.14434,-0.46750,-0.01234
-0.56648,-0.16696,-0.02487
-0.40900,-0.14084,-0.02012
0.08618,-0.33227,-0.00288
-0.08724,-0.23364,-0.00793
0.27924,0.03284,0.00958
-0.20189,-0.19141,-0.00961
-0.05637,-0.01318,-0.00355
0.08543,0.27323,0.00504
-0.06522,0.11354,-0.00160
-0.39015,-0.26447,-0.01580
-0.02589,-0.76016,-0.01322
-0.32072,-0.63878,-0.01669
-0.78919,0.38638,-0.02502
-0.46598,0.31978,-0.01066
0.20800,-0.02891,0.00628
-0.47252,-0.04863,-0.01933
-0.05145,0.75264,0.00671
-0.57469,0.00740,-0.02159
-0.00098,0.15155,0.00085
-0.49315,0.38516,-0.01262
-0.22661,0.20137,-0.00703
-0.17832,0.10916,-0.00575
-0.42930,0.01608,-0.01571
-0.87271,0.45450,-0.02515
-0.46327,0.22241,-0.01475
-0.08071,-0.15336,-0.00637
-0.70883,0.43432,-0.02030
-0.28260,0.01182,-0.01211
-0.33465,-0.27342,-0.01699
-0.46960,-0.85164,-0.03337
-0.01736,0.42471,0.00409
-0.26454,0.43320,-0.00524
-0.39052,0.32176,-0.01067
-0.38362,0.27483,-0.01249
-0.12199,-0.29407,-0.00746
-0.13187,-0.09136,-0.00771
-0.65568,0.37679,-0.01325
-0.84103,-0.88527,-0.04342
-0.02625,0.04216,-0.00163
-0.06800,-0.35321,-0.00901
-0.18210,0.08309,-0.00728
-0.55643,0.25690,-0.01760
-0.00466,-0.25929,-0.00509
-0.69502,0.67348,-0.01276
-0.24910,0.51160,-0.00363
-0.12532,0.11820,-0.00412
-0.23393,0.22152,-0.00571
-0.33661,0.24841,-0.00761
0.02925,0.30709,0.00414
-0.17818,-0.35900,-0.01112
-0.28696,0.31601,-0.00791
-0.01537,-0.22433,-0.00372
-0.82557,0.48900,-0.01940
0.04463,-0.25776,-0.00330
-0.03305,0.16266,-0.00009
0.06435,0.27029,0.00457
-0.31286,-0.32761,-0.01535
0.14411,-0.00152,0.00380
0.02602,-0.15574,-0.00219
-0.29090,-0.25561,-0.01307
-0.08200,-0.05170,-0.00439
-0.16798,0.53412,-0.00000
-0.38086,-0.42621,-0.02276
0.03579,-0.44741,-0.00709
0.04054,-0.19681,-0.00249
-0.69523,0.04028,-0.02066
-0.56338,-0.23094,-0.01701
-0.01424,0.16120,0.00027
-0.61844,0.26203,-0.02199
-0.64714,-0.77474,-0.02645
-0.51558,0.59930,-0.01180
0.16996,0.26228,0.00853
-0.48736,0.26202,-0.01269
-0.47437,-0.06566,-0.02103
-0.16667,0.05557,-0.00536
-0.25343,-0.51440,-0.01920
0.01383,-0.22695,-0.00341
-0.10846,-0.24154,-0.00887
-0.09807,0.33280,-0.00050
-0.22079,0.03773,-0.00795
-0.96636,-0.84400,-0.04099
-0.18672,0.02570,-0.00752
-0.55831,-0.00798,-0.01812
-0.58482,-0.02544,-0.02160
-0.18375,-0.34637,-0.01382
-0.23247,0.51102,-0.00358
-0.43018,0.24839,-0.01185
-0.87282,-0.05493,-0.03370
-0.36255,-0.29153,-0.01289
-0.18199,-0.54664,-0.01088
-0.87587,0.19882,-0.03037
-0.05498,-0.36499,-0.00869
-0.30001,0.25402,-0.00820
-0.11240,0.28829,-0.00137
-1.01724,-1.17654,-0.04342
-0.61154,0.54746,-0.01467
-0.45402,0.32408,-0.01428
-0.32803,-1.03552,-0.02474
-0.31471,0.11823,-0.01224
-0.61129,0.47022,-0.01712
-0.20518,-0.01128,-0.00946
0.04929,0.18276,0.00314
-0.30347,-0.09444,-0.01446
-0.10847,0.21805,-0.00263
-0.16719,-0.16511,-0.01059
-0.53550,-1.24033,-0.04219
0.07396,0.06677,0.00217
-0.24854,-0.22856,-0.01547
-0.57379,0.28101,-0.01771
-0.49334,0.20282,-0.01425
-0.48303,-0.27248,-0.02427
-0.55516,-0.53434,-0.03359
-0.21457,0.32745,-0.00430
0.13395,-0.12635,0.00182
-0.04323,-0.30122,-0.00682
0.15413,-0.01838,0.00357
-0.13287,-0.39536,-0.01135
-0.17180,0.20812,-0.00488
-0.18858,0.03009,-0.00697
-0.35631,-0.27569,-0.02070
-0.55074,-0.49492,-0.02264
-0.35981,-0.33084,-0.01575
-0.44245,-0.73092,-0.02412
-0.41262,0.46293,-0.00887
0.02294,-0.24243,-0.00379
-0.61994,0.37902,-0.01270
-0.24717,0.26210,-0.00560
-0.38518,-0.24288,-0.01869
0.04743,0.41867,0.00659
0.10426,-0.20927,-0.00057
-0.20705,-0.64994,-0.01858
-0.24410,-0.44993,-0.01777
-0.51698,0.46875,-0.01328
-0.37992,0.00556,-0.01480
0.08535,-0.07296,0.00066
-0.31420,0.26609,-0.00822
-0.35392,-0.18368,-0.01552
-0.16222,-0.22044,-0.00918
-0.30472,-0.18712,-0.01179
-0.24714,0.16770,-0.00925
-0.25684,-0.29898,-0.01575
-0.69381,-0.12830,-0.02898
-0.36802,0.33138,-0.00852
-0.04469,-0.26726,-0.00660
-0.21664,-0.03510,-0.01003
-0.22789,-0.30677,-0.01419
-0.63130,-0.33004,-0.02791
-0.76259,0.50783,-0.01520
-0.19882,-0.21706,-0.01198
-0.45453,-0.48329,-0.02964
-0.57477,0.45285,-0.01605
-0.46469,-0.26394,-0.01838
-0.26935,-0.01527,-0.01151
-0.63734,0.21670,-0.01831
0.04412,-0.17279,-0.00167
-0.21200,0.03716,-0.00863
-0.20485,0.08006,-0.00768
0.03091,-0.83092,-0.01106
-0.20368,-0.32811,-0.01419
0.02859,0.46986,0.00617
0.11275,0.46437,0.01011
-0.12908,-0.75702,-0.01653
0.25841,-0.57311,-0.00050
-0.65749,0.27806,-0.01981
-0.16132,-0.38652,-0.01131
0.07926,-0.15583,-0.00073
-0.35784,-0.19658,-0.01500
-0.20877,-0.49190,-0.01702
-0.36011,-0.32022,-0.01994
0.01370,-0.39682,-0.00555
-0.87993,-0.61052,-0.04142
-0.63537,-0.49542,-0.02620
-0.32255,0.07348,-0.01247
0.16507,0.10843,0.00639
-0.11977,-0.55097,-0.01209
-0.21201,0.03832,-0.00836
-0.46917,-0.44548,-0.02319
-0.42935,-0.20914,-0.01980
-0.46132,0.01290,-0.01807
-0.02322,-0.04136,-0.00296
0.03610,-0.02160,-0.00015
-0.19896,-0.31039,-0.01282
-0.41605,0.13917,-0.01430
-0.25599,0.13540,-0.00963
0.01611,-0.20091,-0.00390
-0.17031,0.32137,-0.00179
-0.00529,-0.44335,-0.00842
-0.75212,0.50116,-0.02174
-1.09395,0.47619,-0.03666
-0.25604,0.06613,-0.00816
-0.03205,-0.03281,-0.00269
-0.24757,0.76128,0.00010
-0.41895,0.05461,-0.01300
-0.43752,-0.28107,-0.01950
0.42758,-0.16938,0.01046
-0.18540,-0.17721,-0.00893
-0.21923,-0.97625,-0.01935
0.02302,0.14424,0.00163
-0.81832,0.23056,-0.02227
-0.34128,0.33973,-0.00735
-0.53144,0.00041,-0.02164
-0.66469,0.47042,-0.01943
-0.34970,-0.38991,-0.01822
-0.65402,0.86348,-0.01272
-0.20268,0.31837,-0.00337
-0.10817,-0.15236,-0.00709
-0.17075,-0.70992,-0.01560
-0.62755,-0.08123,-0.02448
-0.28491,-0.26044,-0.01567
-0.07745,-0.12325,-0.00639
-0.39766,-0.70937,-0.02045
-0.13977,-0.26462,-0.01141
-0.82568,0.11472,-0.02104
0.06946,0.11183,0.00275
0.02574,-0.00855,-0.00042
-0.10757,-0.09279,-0.00578
-0.70714,-0.09553,-0.02507
-0.36083,-0.35053,-0.01420
-0.51228,-0.05317,-0.01731
-0.17587,-0.26547,-0.01151
0.06865,-0.01078,0.00109
-0.65357,0.07919,-0.02235
-0.61739,-0.54598,-0.02705
-0.45895,0.57989,-0.00935
-0.11497,0.41262,0.00010
-0.99412,-0.13427,-0.03915
0.10626,0.25054,0.00651
-0.19520,-0.11761,-0.00911
-0.61113,0.36264,-0.01654
-0.24393,0.02111,-0.00819
-0.19238,0.37574,-0.00359
-0.27540,-0.07000,-0.01379
0.04520,0.64399,0.00977
0.04621,0.44824,0.00711
-0.68604,0.28061,-0.01744
-0.03104,-0.28946,-0.00536
-0.01968,-0.57109,-0.01022
0.07334,0.05344,0.00217
-0.30298,0.02372,-0.01096
-0.22250,0.64364,-0.00051
-0.71257,0.15127,-0.02130
-0.34239,0.47785,-0.00612
-0.44358,0.30162,-0.01283
-0.57481,0.43643,-0.01203
-0.48687,0.34263,-0.00889
0.10187,-0.01258,0.00211
-0.56959,-0.51117,-0.02635
-0.08975,-0.30226,-0.00941
-0.28143,-0.38566,-0.01759
-0.72360,0.44840,-0.02249
0.13235,0.00784,0.00300
-0.37519,0.01474,-0.01248
-0.34568,-0.49855,-0.01735
-0.09257,-0.85109,-0.01337
-0.15634,0.34668,-0.00236
-0.45053,-0.29740,-0.02029
-0.44339,-0.69282,-0.02325
-0.02259,0.27586,0.00184
-0.64106,-0.33884,-0.03206
-0.27946,0.15834,-0.01037
0.05493,-0.09539,-0.00066
-0.41727,0.00794,-0.01614
-0.34089,0.57327,-0.00501
0.10535,0.04871,0.00330
-0.24899,-0.36686,-0.01400
-0.52251,-0.08974,-0.02112
-0.10142,0.27698,-0.00108
0.00916,-0.05036,-0.00178
-0.08604,0.03263,-0.00377
-0.90019,-0.09485,-0.03153
0.17302,-0.16062,0.00216
-0.05863,0.33100,0.00112
-0.24887,-0.52806,-0.01601
-0.24085,0.26355,-0.00522
-0.29100,0.02256,-0.01202
-0.55215,0.15290,-0.02170
-0.07475,0.36542,0.00095
-0.00744,0.07966,-0.00019
-0.69099,0.06077,-0.02088
-0.46774,0.91913,-0.00474
-0.32119,0.17062,-0.00946
-0.49211,0.18974,-0.01740
-0.10881,-0.30428,-0.01006
-0.11536,0.10490,-0.00328
-0.17812,0.17116,-0.00565
0.07394,-0.04974,0.00059
-0.24372,-0.20985,-0.01414
-1.16921,-0.83851,-0.05448
-0.37545,0.09772,-0.01430
-0.14308,-0.04913,-0.00722
0.05583,-0.00625,0.00062
-0.24931,0.07105,-0.00930
-0.09885,0.29214,-0.00038
-0.10238,-0.39307,-0.01069
-0.94824,-0.43797,-0.03589
-0.04144,0.09358,-0.00163
0.04775,-0.42981,-0.00483
-0.51206,0.11061,-0.01996
0.09804,-0.05630,0.00144
-0.27490,-0.38424,-0.01420
-0.43134,-0.05851,-0.01540
-0.47224,-0.00941,-0.01656
-0.07434,-0.30828,-0.00688
-0.32192,-0.31305,-0.01751
-0.36571,0.11636,-0.01132
-0.23518,0.39465,-0.00503
-0.46851,0.09708,-0.01741
-0.42065,0.47345,-0.00817
-0.16638,0.30486,-0.00253
-0.72298,-0.61119,-0.02512
-0.22313,-0.26631,-0.01300
-0.59064,0.65987,-0.01374
-0.52724,0.56513,-0.01028
0.22532,0.06533,0.00763
-0.60671,-0.60185,-0.03427
-0.30963,0.21435,-0.00944
-0.51191,0.43109,-0.01389
-0.21042,-0.48316,-0.01297
-0.14765,0.27474,-0.00199
0.13504,0.07424,0.00487
-0.26154,-0.80966,-0.02037
-0.48811,-0.81505,-0.02620
0.30913,-0.13271,0.00773
-0.35587,-0.22009,-0.01259
0.14325,-0.90719,-0.00837
-0.63154,-1.12642,-0.03305
-0.33199,-0.10932,-0.01211
0.05773,-0.54480,-0.00580
-0.49705,0.39298,-0.01351
-0.21715,0.13071,-0.00725
-0.21958,-0.66939,-0.01740
-0.46591,0.26805,-0.01488
-0.02062,0.06354,-0.00130
-0.54993,0.46411,-0.01617
0.04281,-0.30632,-0.00438
-0.07968,-0.19114,-0.00607
-0.33471,-0.39108,-0.01663
-0.56699,0.48332,-0.01486
-0.62960,-0.41128,-0.02610
-0.92368,0.52382,-0.02387
-0.03295,-0.36405,-0.00781
-0.72447,-0.34726,-0.03051
-0.46297,-0.05082,-0.02055
-0.61996,0.23534,-0.02038
-0.66434,0.15434,-0.01913
-0.12299,0.14624,-0.00418
-0.49016,-0.70908,-0.02950
-0.27225,-0.07969,-0.01310
-0.17782,-0.46055,-0.01340
-0.43135,-0.05970,-0.01646
-0.75671,-0.46635,-0.02806
-0.53878,-0.09938,-0.02004
-0.26122,0.78707,-0.00025
-0.77507,0.41910,-0.02201
-0.52520,0.43620,-0.01364
-0.29123,0.06666,-0.01147
0.02304,0.26602,0.00329
0.00773,0.00269,-0.00084
-0.78705,0.36996,-0.02383
-0.64076,-0.19869,-0.02186
0.08579,0.01397,0.00209
-0.31389,-0.13232,-0.01299
0.15445,-0.06176,0.00310
-0.08861,0.47033,0.00206
-0.35116,-0.32747,-0.01618
-0.05275,0.22154,-0.00002
-0.46213,0.71826,-0.00681
-0.14264,-0.72545,-0.01446
-0.29350,0.23786,-0.00808
-0.20926,-0.92599,-0.02196
-0.03687,0.03667,-0.00163
0.52158,-0.37233,0.01116
0.19796,0.35297,0.01053
-0.40442,-0.17223,-0.01649
-0.55330,-0.17934,-0.02386
-0.68368,-0.77864,-0.03175
-0.49091,0.10602,-0.01472
-0.17678,0.14462,-0.00435
-0.02629,0.33175,0.00247
-0.21743,0.77700,0.00136
-0.37321,-0.11353,-0.01816
-0.41366,0.14446,-0.01525
-0.50296,0.37473,-0.01503
-0.39929,0.21542,-0.01050
-0.37648,-0.75439,-0.02153
-0.29283,-0.06532,-0.01220
-0.41722,0.23132,-0.01455
-0.89106,0.24858,-0.03259
-0.73729,-0.17435,-0.03237
-0.65415,0.62494,-0.01519
0.11340,-0.40908,-0.00272
-0.32826,0.42174,-0.00573
-0.49752,0.30751,-0.01419
-0.25567,-0.43179,-0.01442
-0.29638,0.07355,-0.00808
-0.33482,-0.18532,-0.01581
-0.81932,0.09037,-0.02459
-0.33127,0.39016,-0.00763
-0.25677,-0.42826,-0.01248
-0.43589,-0.40729,-0.01969
-0.58517,0.02951,-0.02448
-0.02135,-0.19852,-0.00415
-0.63390,0.50052,-0.01858
-0.39788,-0.45709,-0.02170
-0.44866,-1.31309,-0.03472
-0.01266,-0.12666,-0.00356
-0.60433,0.17002,-0.02009
0.09640,-0.02800,0.00185
-0.20534,-0.03677,-0.01053
-0.04377,-0.25976,-0.00586
-0.48582,-0.06860,-0.01517
-0.54948,-0.43632,-0.02630
-0.72214,-0.28164,-0.02804
-0.45721,-0.20160,-0.01981
-0.74954,-0.08302,-0.02110
-0.60946,-0.30848,-0.02457
-0.21203,-0.55718,-0.01600
-0.71004,0.02653,-0.02459
0.08091,0.26779,0.00468
0.16623,-0.29971,0.00063
-0.52744,-0.46399,-0.02683
-0.15008,-0.02411,-0.00680
0.04621,-0.33596,-0.00471
0.44064,-0.24202,0.00933
0.14817,-0.13957,0.00235
-0.10645,-0.15382,-0.00687
-0.49376,-1.19657,-0.02870
0.18454,-0.10641,0.00383
-0.26791,0.07076,-0.00989
-0.27523,-0.34111,-0.01726
-0.24808,0.19666,-0.00780
-0.47631,0.73597,-0.00846
-0.12285,-0.58791,-0.01170
-0.25011,-1.07628,-0.02123
-0.61242,0.34624,-0.01550
-0.69158,-0.33370,-0.03301
-0.21691,-0.60842,-0.01743
-0.27133,-0.04467,-0.01175
-0.09374,-0.44141,-0.01160
-0.39246,1.01464,-0.00225
-0.43593,0.15192,-0.01119
0.25034,0.08266,0.00824
-0.23094,-0.06699,-0.01005
-0.44010,-0.25697,-0.01876
-0.08498,0.36219,0.00043
0.14419,0.39730,0.00985
-0.27952,0.42913,-0.00501
-1.13937,-1.38616,-0.04945
0.06455,-0.01129,0.00091
-0.32367,-0.10590,-0.01546
-0.11570,0.46036,0.00085
0.00602,-0.60139,-0.00965
0.16787,0.04543,0.00549
0.22522,-0.09591,0.00510
0.24061,-0.13996,0.00551
-0.50103,0.36579,-0.01453
-0.33210,0.02634,-0.01221
-0.38667,-0.33366,-0.01787
-0.31562,-0.80315,-0.01824
-0.12296,-0.15731,-0.00806
0.12666,-0.11385,0.00159
0.04852,0.04907,0.00118
0.04732,-0.29301,-0.00394
-0.32425,0.06210,-0.01261
0.33534,-0.01086,0.01046
-0.93317,-0.49760,-0.04011
-1.15907,-0.83187,-0.05064
0.14919,-0.40408,-0.00104
-0.44982,-0.01568,-0.01787
-0.03869,0.01837,-0.00215
-0.62974,-0.32133,-0.02159
-0.24879,-0.05775,-0.01211
-0.00243,0.34126,0.00315
-0.11323,0.09701,-0.00329
-0.41981,-0.13335,-0.01319
-0.85735,0.05472,-0.02630
-0.62524,-0.21639,-0.02622
-0.32124,-0.72678,-0.02192
-0.10434,0.23637,-0.00160
-0.42067,-0.28389,-0.01649
0.17305,0.15869,0.00744
-0.13608,-0.57938,-0.01366
-0.17030,-0.37704,-0.01192
0.00268,0.32410,0.00327
0.07684,0.42781,0.00743
-0.15802,0.44743,-0.00070
-0.75251,0.15657,-0.02221
-0.32453,-0.22102,-0.01414
-0.03494,-0.50154,-0.00855
0.12091,-0.10170,0.00181
-0.11202,0.11967,-0.00349
-0.40230,0.47450,-0.00963
0.08564,-0.26803,-0.00159
-0.18221,-0.77907,-0.01756
-0.66689,0.18547,-0.01683
-0.42642,0.53900,-0.00931
-0.00848,-0.00309,-0.00160
0.18085,0.28821,0.00946
-0.47658,-0.18218,-0.01630
-0.44831,0.26771,-0.01317
0.23717,0.01650,0.00702
-0.19473,0.05306,-0.00729
-1.21730,-0.08209,-0.04132
-0.63688,0.23181,-0.02276
-1.14278,-0.34376,-0.04532
-0.02073,0.27529,0.00177
-0.85385,0.19107,-0.02835
-0.37370,-0.59052,-0.02542
-0.38433,-0.19723,-0.01482
-0.63399,-0.13519,-0.02517
-0.71715,-0.05381,-0.02336
-0.04661,-0.29590,-0.00675
-0.46971,0.23120,-0.01656
-0.54385,0.44920,-0.01297
-0.57832,-0.54901,-0.02568
-0.42775,-0.24656,-0.01760
-0.48570,-0.08113,-0.01997
0.02854,-0.12608,-0.00189
-0.31341,-0.53794,-0.01595
-0.43454,-0.44099,-0.02505
-0.53751,-0.09834,-0.01890
-0.98351,-0.13409,-0.03446
-0.35184,-0.85157,-0.02119
-1.10408,-0.41394,-0.04292
-0.81543,0.14469,-0.02555
-0.06656,-0.03610,-0.00379
-0.84304,0.34098,-0.02512
-0.03928,-0.27077,-0.00408
-0.43724,-0.57942,-0.01979
-0.25585,-0.52058,-0.01975
-0.20648,0.22710,-0.00609
-0.31019,-0.44890,-0.01887
-0.55293,-0.81789,-0.02744
0.38543,-0.37895,0.00677
-0.37429,-0.08809,-0.01422
-0.24875,0.67202,-0.00084
-0.48288,-1.12837,-0.02902
-0.29802,0.32077,-0.00578
-0.12769,-0.24562,-0.00787
-0.35257,0.16546,-0.01158
-0.59277,0.13545,-0.01994
-0.22966,0.29309,-0.00578
-0.05771,0.53839,0.00402
-0.35474,-0.62548,-0.01942
-0.49001,-0.36853,-0.01970
-0.73209,0.48514,-0.01972
-0.24990,0.01934,-0.00993
-0.16327,-0.50086,-0.01388
-0.26552,0.01869,-0.01126
0.19857,-0.19795,0.00309
-0.11731,-0.60341,-0.01333
-0.12049,-0.21966,-0.00904
-1.66668,-0.84472,-0.05502
-0.42134,0.32307,-0.01285
-0.41856,0.15816,-0.01219
-0.37578,-0.03819,-0.01326
-0.37689,0.57926,-0.00636
-0.21436,-0.04011,-0.00993
-0.31576,0.70131,-0.00240
-0.24105,-0.32756,-0.01272
-0.31065,0.34934,-0.00787
-0.37937,-0.49889,-0.02135
-0.06088,0.19157,-0.00064
-0.12320,-0.00101,-0.00648
-0.34231,0.79816,-0.00277
0.10252,0.21960,0.00532
-0.07180,0.44970,0.00208
-0.61220,0.90440,-0.01010
-0.46039,0.31091,-0.01370
-0.16285,-0.10804,-0.00907
-0.31223,-0.41633,-0.01787
-0.47533,-0.24668,-0.02456
0.22393,0.18872,0.00987
-0.74463,0.30995,-0.02390
0.08500,-0.21885,-0.00109
-0.23390,-0.13740,-0.01277
-0.14439,-0.35798,-0.00918
-0.74401,0.06473,-0.02400
-0.65177,0.73660,-0.01366
-0.65734,0.26563,-0.02307
-0.68629,-0.05780,-0.02315
-0.21125,-0.51474,-0.01586
-0.41202,0.43922,-0.00904
-0.57191,-0.67460,-0.03245
-0.24543,0.06252,-0.00981
-0.16843,-0.20214,-0.00970
-1.18631,-0.11894,-0.03943
-0.16941,-0.30473,-0.00746
-0.00564,-0.25766,-0.00488
-0.59868,-0.44861,-0.02086
0.07350,-0.00206,0.00132
-0.07943,0.16510,-0.00198
-0.12420,-0.15368,-0.00810
-0.57796,-1.47907,-0.04725
-0.06991,-0.19282,-0.00744
-0.14012,-0.03958,-0.00690
-0.68831,0.81880,-0.01329
-0.41286,0.02441,-0.01685
-0.03899,0.38057,0.00244
-0.29407,0.08568,-0.01180
-0.62471,-0.19939,-0.02352
-0.03490,0.16566,0.00010
-0.42837,0.59155,-0.00666
-0.44662,-0.19724,-0.01807
-0.32690,-0.26110,-0.01456
-0.68749,0.42758,-0.01553
-0.24105,-0.58938,-0.02171
0.23433,-0.02863,0.00717
-0.52601,-0.52179,-0.02113
0.08583,-0.25169,-0.00219
-0.24387,0.01657,-0.00910
0.08961,-0.03651,0.00135
-0.05138,-0.23130,-0.00620
-0.10431,0.18932,-0.00234
-0.06634,-0.36131,-0.00853
-0.46564,-0.51948,-0.02555
-0.96580,0.24683,-0.02815
-0.64358,0.06775,-0.01886
-0.30118,0.11906,-0.00881
-0.00004,0.26821,0.00244
-0.58158,-0.45757,-0.02436
-0.74677,-0.29780,-0.02802
-0.04568,-0.00883,-0.00227
-1.08262,-0.06056,-0.02987
-0.64078,-0.40218,-0.03119
-0.30767,0.08636,-0.00991
0.43803,-0.22377,0.01103
-0.50221,-1.09722,-0.02969
-0.18456,-0.50622,-0.01183
0.17418,0.01445,0.00540
0.11365,0.17710,0.00530
-0.45212,0.66635,-0.00819
0.10622,0.26241,0.00622
-0.12717,-0.08182,-0.00750
-0.35470,0.72210,-0.00396
-0.15194,-0.21977,-0.00936
-0.52854,-0.07305,-0.01515
-0.00622,0.42833,0.00440
0.07749,-0.01310,0.00135
0.14028,-0.55446,-0.00379
-0.09171,0.26809,-0.00104
-0.52445,0.24879,-0.01725
-0.73591,0.48446,-0.02208
-0.37922,0.06024,-0.01510
-0.61788,-0.04433,-0.02709
-0.09153,-0.24317,-0.00804
-0.26704,-0.07586,-0.00987
-0.25462,-0.32025,-0.01441
-0.81661,-0.09763,-0.02773
0.02929,-0.58717,-0.00860
-0.11084,0.53195,0.00233
0.00594,-0.20807,-0.00425
-0.39275,-0.05979,-0.01773
-0.42664,-0.58488,-0.02404
-0.24660,-0.11864,-0.01252
0.28606,-0.10962,0.00719
-0.13592,0.01740,-0.00573
-0.54896,0.43595,-0.01468
-0.28901,0.32636,-0.00615
-0.73765,-0.04238,-0.02605
-0.47120,0.18048,-0.01413
-0.84150,-0.37547,-0.03302
-0.24166,-0.35141,-0.01583
-0.00362,0.13254,0.00049
-0.83551,0.26403,-0.02048
-0.33807,0.27469,-0.00703
-0.16449,0.06675,-0.00647
-0.00430,0.31693,0.00317
-1.39318,-0.45438,-0.04423
0.12353,-0.28036,-0.00076
-0.48474,0.25033,-0.01497
-0.44596,0.42159,-0.01193
-0.15036,0.84967,0.00431
-0.58260,0.07108,-0.02181
-0.02751,-0.54593,-0.00957
-0.20561,0.51080,-0.00193
-0.21071,0.59221,-0.00099
-0.30951,-0.19954,-0.01211
-0.23848,-0.17831,-0.01270
-0.48219,-0.14595,-0.02024
-0.28266,-0.66829,-0.01979
-1.09199,-0.58469,-0.03436
-0.06897,0.12257,-0.00242
0.16912,0.17867,0.00771
-0.23964,-0.41255,-0.01072
-0.60883,-0.07949,-0.02612
-0.67599,0.65403,-0.01622
-0.51024,0.44860,-0.01403
-0.01091,0.02543,-0.00150
-0.09295,-0.18179,-0.00762
-0.00445,-0.52022,-0.00749
-0.27681,-0.07971,-0.01273
-0.82866,-1.56542,-0.04341
-0.41629,0.21504,-0.01339
-0.34527,-0.28905,-0.01746
-0.35248,0.51801,-0.00657
-0.09070,-0.08464,-0.00626
0.22298,-0.45825,-0.00008
-0.23289,-0.19387,-0.01432
-0.07437,-0.34975,-0.00876
0.17944,0.21108,0.00788
-0.25657,0.47750,-0.00440
-0.52727,0.76586,-0.00815
-0.17354,-0.62522,-0.01474
-0.04126,0.01371,-0.00213
-0.30167,-0.34045,-0.01576
-0.37155,0.38591,-0.00930
-0.31996,0.31910,-0.00845
-0.14699,-0.13338,-0.00732
0.22161,0.21834,0.00837
0.01966,0.08527,0.00065
-1.27572,-0.44389,-0.03866
-0.20998,0.08490,-0.00710
-0.39318,-0.27661,-0.02133
-1.14696,0.41444,-0.02962
-0.79260,0.49042,-0.01987
-0.27227,-0.28389,-0.01322
-0.40552,-0.13329,-0.01977
-0.42824,0.77171,-0.00651
-0.28532,0.04396,-0.01026
-0.07366,-0.09532,-0.00522
-0.21718,-0.02473,-0.01061
-0.05972,-0.14063,-0.00466
-0.25964,0.81701,0.00097
-0.33921,-0.79712,-0.02632
-0.67345,-0.39274,-0.02433
-0.69268,0.70828,-0.01557
0.08856,-0.14447,-0.00006
-0.48370,0.01100,-0.01769
-0.20176,-0.19956,-0.01230
-0.18482,-0.62160,-0.01716
-0.13437,-0.27269,-0.00958
-0.82533,-0.66401,-0.03947
-0.24701,-0.58579,-0.01398
-0.25199,-0.31805,-0.01218
0.19959,-0.03059,0.00533
-0.48000,0.63743,-0.01094
-0.33077,0.51777,-0.00708
-0.02570,0.03890,-0.00175
-0.14489,0.23981,-0.00315
-0.08128,0.07720,-0.00314
-0.24735,-0.29012,-0.01198
-0.45086,-0.54937,-0.02853
-0.03209,-1.17298,-0.01410
-0.00795,-0.76076,-0.01106
-0.70838,-0.28025,-0.03266
0.05812,-0.09399,-0.00067
-0.14348,0.15393,-0.00402
-0.70896,0.28060,-0.02303
-0.71782,0.31978,-0.02346
0.49276,-0.04288,0.01700
-0.84710,0.18967,-0.03093
-0.38802,0.01642,-0.01283
-0.62681,-0.82963,-0.03207
-0.62440,0.62114,-0.01525
-0.24326,-0.09464,-0.00968
-0.31252,0.00587,-0.01336
-0.56961,-0.61542,-0.02569
-0.40721,-0.19978,-0.01868
-0.07911,-1.06443,-0.01502
-0.15659,-0.20300,-0.00981
0.12053,-0.01397,0.00292
-0.42341,0.33646,-0.01068
0.13623,-0.49082,-0.00241
-0.26756,0.13852,-0.00772
-0.38377,-0.35960,-0.01789
-0.66126,-0.50150,-0.02635
-0.74616,0.43740,-0.01457
-0.63607,-0.06054,-0.02084
-0.64715,-0.59024,-0.02788
-0.10202,-0.86078,-0.01556
-0.05388,-0.69440,-0.01231
-0.25103,-0.38853,-0.01134
-0.38618,0.01562,-0.01477
-0.65948,0.24473,-0.02086
-0.88497,0.09023,-0.02861
-0.07944,0.06739,-0.00283
-0.84666,-0.06384,-0.02448
-0.07529,0.50606,0.00327
-0.95960,0.38798,-0.02905
-0.77505,0.02044,-0.02229
-0.63777,-0.05163,-0.02465
-0.11309,-0.11325,-0.00651
-0.26954,0.02292,-0.01014
-0.02134,-0.52767,-0.00822
-0.07898,0.04628,-0.00305
-0.16093,0.28189,-0.00275
0.11836,0.36032,0.00809
-0.23145,0.46340,-0.00384
-0.42792,-0.73973,-0.02120
-0.36423,0.49806,-0.00572
-0.35052,0.29946,-0.01079
-0.24020,-0.10069,-0.00959
-0.15225,0.20714,-0.00437
-0.19278,-0.29899,-0.01257
-0.20402,-0.37477,-0.01358
-0.24419,-0.07924,-0.01005
-0.58183,0.44162,-0.01331
-0.30036,0.89829,-0.00010
-0.91924,0.21873,-0.03283
-0.71493,-0.46200,-0.03427
-0.41644,-1.05793,-0.02744
-0.69806,-0.45114,-0.03278
-0.58670,0.38061,-0.01643
-0.90127,0.09498,-0.02931
0.09607,0.13851,0.00426
-0.23557,-0.39929,-0.01414
-0.02003,-0.35920,-0.00635
-0.13020,-0.21773,-0.00773
-0.26413,-0.30878,-0.01526
-0.61091,-0.26916,-0.02292
-0.35793,-0.63033,-0.02640
-0.21271,-0.66125,-0.01186
0.10260,-0.40541,-0.00267
-0.37688,-0.87269,-0.02222
-0.28214,0.43475,-0.00506
-0.42395,0.53153,-0.00941
-0.68737,-0.07598,-0.02586
-0.36557,0.09163,-0.01055
-0.72187,0.19022,-0.02409
-0.55124,0.60741,-0.01050
-0.51326,0.57949,-0.00818
-0.72563,-0.73093,-0.03172
-0.36818,0.18455,-0.01214
-0.70094,-0.08041,-0.02778
-0.20691,-0.06106,-0.00975
-0.24697,-0.10437,-0.01180
-0.40320,-0.48503,-0.02376
-0.33269,-0.30427,-0.01710
-1.03510,0.61737,-0.02638
0.05683,0.19955,0.00332
-0.37335,0.33792,-0.00762
-0.25435,-0.42406,-0.01299
-0.48155,-0.45832,-0.02208
-0.20819,0.31654,-0.00448
-1.07386,0.00939,-0.03864
-0.31113,0.46398,-0.00490
-0.59888,-0.26269,-0.01792
-0.82653,-0.13715,-0.02463
-0.57197,-0.18571,-0.02287
-0.89405,0.53522,-0.02621
-0.56706,0.60627,-0.01412
-0.23845,0.54670,-0.00244
-0.30793,-1.20941,-0.02453
-0.62174,0.19973,-0.02197
-0.06682,-0.33047,-0.00655
-0.10827,0.04719,-0.00399
-0.89846,0.22631,-0.02320
-0.37383,0.03331,-0.01487
-0.31425,0.28716,-0.00819
-0.40390,-0.06614,-0.01434
0.16468,-0.32005,0.00039
-0.59109,0.01874,-0.02361
-0.69596,0.82154,-0.01228
-0.58419,-0.28169,-0.02827
-0.61433,0.24904,-0.01783
0.07668,-0.51710,-0.00440
-1.24196,-0.98878,-0.05033
-0.71370,0.03374,-0.02881
-0.12976,0.09111,-0.00505
-0.40262,-0.04994,-0.01636
-0.18353,0.44346,-0.00164
-0.51256,0.18472,-0.01565
-0.06763,-0.44478,-0.00935
-0.41983,-0.06198,-0.01580
-0.27685,0.15758,-0.00900
0.07300,0.44942,0.00840
-0.54923,0.36028,-0.01489
-0.50490,0.57761,-0.01187
-0.01593,-0.19527,-0.00414
-0.24979,0.43448,-0.00415
0.53201,-0.17190,0.01604
0.09027,0.10055,0.00349
-0.31826,-0.09134,-0.01324
-0.62966,-0.06583,-0.01969
0.17194,0.30758,0.00923
-0.69193,-0.54030,-0.02322
-0.02583,-0.75011,-0.01229
-0.47962,-0.12813,-0.02094
-0.24683,0.06458,-0.00947
0.26265,-0.35397,0.00293
0.01198,0.06226,0.00008
-0.06968,0.31072,0.00057
-0.16413,0.22195,-0.00354
-0.20992,-0.21490,-0.01101
-0.70698,0.06667,-0.01841
-0.39603,0.53315,-0.00823
-1.04790,0.31191,-0.02746
-0.20529,-0.24991,-0.01256
-0.35528,-0.41623,-0.02105
-0.67525,-0.63782,-0.02667
-0.44544,-0.33961,-0.01804
-0.57292,-0.51679,-0.02606
-0.37045,-0.47090,-0.01863
-0.44763,-0.01726,-0.01916
-0.26619,-0.64150,-0.02045
-0.38518,-0.26286,-0.01706
-0.65598,-0.04540,-0.02468
-0.10256,0.17946,-0.00269
-0.27383,-0.11597,-0.01194
-1.20354,-0.48982,-0.05021
-0.06605,-0.05358,-0.00415
-0.90051,0.32963,-0.02756
-0.14676,-0.52451,-0.01404
-0.24875,-0.33563,-0.01456
-0.21704,0.14406,-0.00724
0.06468,0.24679,0.00455
-0.90309,-0.43835,-0.03803
-0.14382,-0.03652,-0.00632
-0.33126,-0.41510,-0.01782
-0.72855,-0.37822,-0.03290
-0.15161,-0.42098,-0.01172
-0.65385,0.66688,-0.01666
-0.53619,0.41122,-0.01550
-0.15875,-0.02200,-0.00638
0.16251,-0.34199,0.00006
-0.13604,0.43321,-0.00015
-0.17457,0.10953,-0.00690
-0.02762,-0.17566,-0.00507
0.24065,0.10907,0.01014
-0.49424,-0.48905,-0.02967
-1.18590,-0.96612,-0.04952
-0.25471,0.03676,-0.00940
-0.24559,0.62025,-0.00197
-0.40719,0.53433,-0.00822
-0.11432,-0.07777,-0.00626
-0.39995,-0.40609,-0.02429
-0.87471,0.27897,-0.03066
0.31059,0.00838,0.01042
0.34091,-0.10747,0.00888
-0.35141,-0.82501,-0.02334
-0.67008,-0.54303,-0.02957
0.22286,0.07404,0.00779
-0.37885,0.15976,-0.01333
-0.69784,0.33331,-0.02317
-0.21092,0.13647,-0.00624
-0.24157,0.28409,-0.00560
0.19453,0.17590,0.00833
-0.72300,-0.50477,-0.02052
-0.93594,0.18587,-0.02344
-0.05549,-0.01885,-0.00361
-0.38918,-0.39769,-0.01781
-0.38808,0.38098,-0.01099
-0.26616,-0.52260,-0.01971
-0.24449,-0.65751,-0.01539
-0.42884,-0.57358,-0.02235
0.16344,-0.22602,0.00129
-0.08104,0.47187,0.00227
-0.57100,-0.39180,-0.02519
-0.47954,-1.17460,-0.03821
-0.00876,-0.15130,-0.00340
-0.01336,-0.66444,-0.01020
0.23648,-0.07488,0.00635
0.08685,-0.36975,-0.00381
0.38779,0.08971,0.01336
-0.14343,-0.35078,-0.00925
-0.35617,-0.39662,-0.02115
-0.27443,-0.01771,-0.01101
-0.49671,0.52004,-0.01263
-0.40212,-0.27033,-0.01832
-0.29643,0.39457,-0.00639
-0.87968,-0.08171,-0.02664
-0.41462,0.51751,-0.01051
-0.03566,0.20276,0.00020
-0.35077,0.31993,-0.00907
-0.04805,-0.26412,-0.00693
-0.71525,-0.26977,-0.03283
-0.33616,-0.43359,-0.01752
-0.51451,-0.11286,-0.01984
-0.43892,0.85781,-0.00599
-0.60575,-0.49182,-0.02547
0.08188,-0.07562,0.00062
0.18221,-0.07923,0.00448
-0.55106,0.06326,-0.01943
-0.40249,-0.88191,-0.02972
-0.44363,0.03041,-0.01541
-0.11504,-0.06987,-0.00607
-0.65235,-0.02083,-0.02622
-0.28989,0.32742,-0.00720
-0.23487,-0.27671,-0.01294
-0.01228,-0.03241,-0.00231
-0.53134,0.57582,-0.00804
-0.14069,0.09826,-0.00558
-0.57808,0.50907,-0.01356
-0.58098,-1.04789,-0.02946
0.17888,0.21086,0.00824
-0.03942,0.11919,-0.00072
-0.34206,0.30092,-0.00919
0.15830,0.22001,0.00615
0.09123,-0.32313,-0.00288
-0.43581,-0.14572,-0.01620
0.03039,0.28230,0.00366
-0.43165,0.72988,-0.00679
0.10567,0.10406,0.00365
-0.01886,0.21404,0.00113
-0.70045,-0.97938,-0.03564
-0.54176,0.85378,-0.00827
-0.80191,-0.11240,-0.03268
-0.17898,-0.54644,-0.01694
-0.99106,0.98868,-0.02225
0.11270,0.21458,0.00480
-0.10909,-0.75440,-0.01642
0.04329,0.01511,0.00049
-0.44268,0.10632,-0.01603
-0.28681,-0.65496,-0.01698
-0.52866,-0.23090,-0.02038
-0.23576,0.32289,-0.00615
-0.60517,0.13375,-0.02127
-0.14872,0.16756,-0.00432
-0.45240,-0.28733,-0.01907
-0.44244,0.77306,-0.00520
0.00601,-0.73118,-0.01051
0.05973,-0.18582,-0.00191
-0.01256,-0.07812,-0.00224
-0.21396,-0.10179,-0.00820
-0.32116,-0.12864,-0.01366
0.05281,-0.25707,-0.00346
-0.35993,0.59996,-0.00572
-0.30378,0.35001,-0.00827
-0.74013,-0.12724,-0.02288
0.10766,0.34787,0.00693
0.00745,-0.14719,-0.00319
-0.63067,-0.20084,-0.02306
0.10212,-0.50294,-0.00528
-0.62489,-0.50028,-0.03209
-0.24729,0.87128,0.00181
-0.77135,0.44414,-0.01793
-0.75623,0.76974,-0.01804
-0.73158,-0.39361,-0.03231
-0.09949,-0.17456,-0.00729
0.21876,-0.01203,0.00600
-0.47426,0.17914,-0.01385
-0.04679,-0.15882,-0.00507
-0.15844,-0.42563,-0.01065
-0.46082,-0.20636,-0.02161
-0.83295,0.12859,-0.02874
-0.49239,-0.39602,-0.02204
-0.44948,-0.01256,-0.01615
-0.27225,0.16042,-0.00780
-0.04024,0.14804,-0.00054
-0.88167,-0.31955,-0.02967
-0.29694,0.32096,-0.00770
-0.47360,-0.47959,-0.02658
0.13124,-0.09891,0.00206
-0.51090,-0.06605,-0.02262
-0.46988,0.44322,-0.01045
0.12522,-0.23120,0.00018
-0.77511,-0.17730,-0.02635
-0.30251,0.22353,-0.01006
-0.26009,-0.16989,-0.01383
-0.29860,-0.36723,-0.01828
-0.28908,-0.84325,-0.01815
-0.55883,0.59148,-0.01264
-0.02823,-0.18232,-0.00470
-0.22097,-0.91013,-0.02123
0.00795,-0.41747,-0.00689
0.22393,0.04046,0.00720
-0.66570,-0.36837,-0.02940
-0.18817,0.07749,-0.00579
-0.23282,0.35709,-0.00428
-0.22232,-0.09419,-0.01040
-0.56240,-0.22706,-0.02318
0.18021,-0.43263,-0.00063
-0.63762,-0.51191,-0.02584
-0.52098,0.37992,-0.01161
-0.57083,-0.07196,-0.02039
-0.44626,-0.03922,-0.01913
-0.33899,0.06242,-0.01387
-0.03230,-0.53359,-0.00857
-0.02072,0.28601,0.00207
-0.54627,-0.16897,-0.02263
-0.16167,0.00599,-0.00607
-0.31255,-0.43758,-0.02172
-0.12793,0.48034,0.00092
-0.41367,0.14989,-0.01543
-0.25857,-0.41539,-0.01790
-0.37997,-0.01662,-0.01625
-0.42589,-0.00237,-0.01417
-0.15496,-0.79734,-0.01812
-0.24868,0.35294,-0.00539
0.05551,-0.26727,-0.00284
-0.31269,-0.00579,-0.01328
-0.24174,-0.08401,-0.01114
-0.33367,0.47911,-0.00637
-1.27977,-0.22155,-0.04283
-0.33775,-0.77788,-0.01989
-0.85135,0.30114,-0.02317
-0.00168,-0.10506,-0.00305
-0.56972,0.28518,-0.01743
-0.86391,0.15826,-0.02610
-0.88875,-0.69447,-0.04008
-0.29271,-0.27676,-0.01533
-0.50263,0.22918,-0.01456
-0.61455,-0.06693,-0.02254
-0.36460,-0.08998,-0.01587
0.13059,-0.47405,-0.00318
-0.54562,0.46413,-0.01349
-0.31116,-0.22212,-0.01591
-0.18281,-0.10695,-0.01015
-0.70458,-0.33339,-0.02520
-0.69626,0.39345,-0.02255
-0.25633,-0.19303,-0.01351
-0.12045,-0.49323,-0.01217
0.16247,-0.07822,0.00315
-0.15412,-0.51228,-0.01183
-0.36853,0.42980,-0.00926
-0.24860,-0.31303,-0.01682
-0.02889,0.07066,-0.00102
-1.05993,0.57431,-0.02949
-0.89160,-0.14340,-0.03376
-0.05209,-0.14764,-0.00498
0.07037,0.13486,0.00322
-0.55253,-0.15076,-0.02110
0.03183,-0.84737,-0.01017
0.25967,-0.12390,0.00661
-0.52815,-1.30579,-0.03016
-0.49301,-0.04200,-0.02086
-1.07689,-0.95594,-0.05298
-0.08245,-0.41545,-0.01089
-0.54023,0.07780,-0.02018
-0.15183,-0.00588,-0.00805
-0.30681,-0.03285,-0.01070
0.22010,0.47591,0.01339
0.08604,-0.37389,-0.00368
-0.10593,0.07510,-0.00393
-0.54007,-0.25613,-0.02005
-0.97661,-0.07726,-0.02549
-0.47673,-0.50090,-0.02549
0.16716,0.27977,0.00839
-0.06082,0.23920,0.00024
-0.05493,-0.20590,-0.00612
-0.11194,0.17890,-0.00292
-0.32939,-0.88275,-0.02804
-0.36010,0.06995,-0.01377
-0.06686,-0.31261,-0.00783
-0.53463,-0.76502,-0.02739
-0.71271,0.71782,-0.01775
-0.04647,-0.03213,-0.00309
-0.49745,0.25043,-0.01719
-0.13378,-0.13902,-0.00766
-0.41932,0.02962,-0.01444
-0.35020,0.66554,-0.00543
0.20658,0.33473,0.01152
-0.30572,-0.49615,-0.02006
-0.51948,-0.24955,-0.02583
0.11390,-0.29241,-0.00120
-0.32710,-0.16647,-0.01295
-0.59473,-0.72040,-0.02901
-0.21591,-0.36715,-0.01386
-0.38731,-0.56598,-0.02628
-0.35546,-0.27438,-0.01730
-0.43536,-0.39162,-0.01966
-0.46784,-0.10562,-0.01722
-0.08262,0.16535,-0.00134
-0.22771,-0.40748,-0.01397
-0.43168,-0.06750,-0.01520
-0.01037,0.33448,0.00306
0.02730,-0.12380,-0.00186
-0.00232,-0.32503,-0.00586
-0.28202,0.27721,-0.00786
-0.25772,-0.19755,-0.01346
-0.64746,0.60455,-0.01670
-0.57579,0.12731,-0.01960
-0.81296,0.21117,-0.02337
-0.34554,0.12569,-0.01331
0.22145,0.11655,0.00919
-0.43011,-0.25147,-0.02032
-0.94575,-0.51531,-0.02945
-0.70485,0.26268,-0.02207
-0.63956,0.04549,-0.01711
-0.63989,-0.18520,-0.02038
-0.79165,0.23097,-0.02705
-0.01852,0.18415,0.00055
-0.10209,-0.45118,-0.01050
-0.48756,0.15738,-0.01485
-0.52228,0.35745,-0.01268
0.36575,0.02918,0.01308
-0.78151,0.47767,-0.01864
-0.13808,-0.54548,-0.01579
-0.65758,-0.21904,-0.02717
-0.44322,0.09126,-0.01578
-0.70479,0.57210,-0.01845
-0.00635,-0.12252,-0.00388
0.20751,0.33775,0.01124
-0.50474,0.74092,-0.00747
0.15310,-0.48302,-0.00156
-0.07750,-0.02300,-0.00451
-0.44705,-0.01255,-0.01803
-0.22960,0.58887,-0.00206
0.13939,-0.47046,-0.00244
-0.18368,-0.15561,-0.01099
-0.50312,-0.94313,-0.02961
-0.10475,-0.10404,-0.00707
-0.00175,0.19682,0.00133
-0.33931,0.30937,-0.01053
-0.35491,-0.38984,-0.01835
-0.72081,0.57062,-0.01860
-1.02289,-0.57518,-0.03467
-0.43981,-0.53290,-0.01893
-0.02989,-0.13073,-0.00403
0.18489,0.18274,0.00809
-0.69959,0.01896,-0.02261
-0.36963,-0.46010,-0.01846
-0.23622,0.06830,-0.00761
0.44905,-0.20356,0.01167
-0.35957,-0.17685,-0.01333
-0.63094,0.97158,-0.01013
-0.48575,-0.28646,-0.02399
-1.00105,-0.32624,-0.03149
-0.16298,-0.24406,-0.01123
-0.43989,0.65689,-0.00937
-0.03415,0.25771,0.00105
0.18492,0.22091,0.00871
-0.31081,-0.08157,-0.01464
-0.48358,0.37707,-0.01521
-0.65632,-0.49906,-0.02449
0.07914,0.12000,0.00323
-0.42353,0.90069,-0.00449
-0.17446,-0.19881,-0.00965
-0.60248,0.19357,-0.01571
0.17934,0.24061,0.00867
-0.56068,-0.19024,-0.02540
-0.12521,-0.31792,-0.01171
-0.14302,0.29557,-0.00294
-0.12516,0.08642,-0.00428
-0.48356,-0.40806,-0.02125
-0.86535,0.61178,-0.02426
-0.18213,0.12486,-0.00719
0.01605,-0.05561,-0.00176
-0.13608,0.12657,-0.00448
-0.29728,0.24587,-0.00889
-1.03798,-0.35365,-0.03413
-0.48181,-0.28532,-0.01938
-0.19295,0.11273,-0.00496
-0.16336,0.49223,-0.00024
-0.19862,-0.59111,-0.01642
-0.10772,0.45574,0.00078
-0.66227,-0.97184,-0.03230
0.07006,-0.14959,-0.00054
-0.70382,-0.29919,-0.02550
-0.32822,0.16830,-0.00972
-0.16564,0.01360,-0.00829
-0.75784,-0.81009,-0.03020
-0.20732,0.38496,-0.00285
-0.22807,-0.10613,-0.01087
-0.75464,-0.12170,-0.02441
-0.56699,-0.19675,-0.01986
-0.04864,0.43466,0.00285
-0.12601,-0.34659,-0.01104
-0.36650,0.01396,-0.01643
-0.06493,-1.11620,-0.01468
-0.06612,-0.40735,-0.00749
-0.61724,0.33136,-0.02091
-0.07356,-0.20100,-0.00650
0.01010,-0.25042,-0.00381
-0.31752,-0.45704,-0.01717
-0.03336,-0.49252,-0.00980
-0.01978,-0.28692,-0.00616
-0.29050,0.63746,-0.00286
-0.42075,0.36673,-0.00944
-0.08881,0.22436,-0.00173
-0.31804,0.42486,-0.00680
-0.23513,-0.45137,-0.01733
-0.62593,0.35392,-0.01947
-0.04048,-0.64729,-0.00978
-0.22446,-0.29035,-0.01463
-0.43946,-0.19472,-0.01617
-0.50005,0.07200,-0.01499
-0.20872,0.06415,-0.00778
-0.33851,-0.37433,-0.01697
-0.06719,-0.26521,-0.00702
-0.02364,-0.13300,-0.00382
-0.36466,0.28110,-0.01110
-0.17867,0.05456,-0.00717
-0.40046,-0.63341,-0.02441
-0.85510,0.14100,-0.02606
0.18254,0.22523,0.00727
-0.21652,-0.98912,-0.01824
-0.21661,0.03105,-0.00988
-0.25526,-0.06494,-0.01126
0.22483,-0.09265,0.00574
0.00563,0.29844,0.00288
-0.35148,-0.27199,-0.01982
-0.44499,-0.34564,-0.02538
-0.16843,-0.52518,-0.01326
-0.27019,-0.74690,-0.01732
-0.18350,-0.04656,-0.00996
0.03241,-0.23667,-0.00358
-0.16126,0.26141,-0.00336
-0.90204,-0.45168,-0.03774
-0.00196,0.20919,0.00165
-0.81550,-0.27160,-0.03433
-0.55617,0.38145,-0.01330
-0.17924,-0.61965,-0.01827
-0.25299,-0.79976,-0.02001
0.01379,0.34060,0.00373
-0.09031,-0.19283,-0.00776
-0.09661,-0.39261,-0.00953
-0.85464,-0.23846,-0.03564
-0.67651,0.28727,-0.02144
-0.47737,-1.31551,-0.02826
-0.14106,0.13452,-0.00481
-0.57729,0.09181,-0.01882
-0.36994,-0.26087,-0.01967
0.22957,0.12633,0.00910
-0.29613,-0.52634,-0.01791
0.11530,-0.43149,-0.00346
-0.35529,-0.78385,-0.02121
-0.44594,0.24805,-0.01224
-0.07436,-0.10100,-0.00602
-0.22864,-0.48638,-0.01925
-1.03759,-0.28028,-0.03721
-0.11032,0.14952,-0.00382
-0.39261,-0.50418,-0.02311
-0.41348,-0.00484,-0.01233
-0.92587,0.32941,-0.02600
-0.13313,-0.27022,-0.00790
0.18308,0.30728,0.01081
-0.16944,0.34805,-0.00251
-0.55574,0.47635,-0.01532
-0.71645,0.13005,-0.02605
-0.11948,-1.08936,-0.01980
-0.20923,0.35827,-0.00428
-0.55139,0.04463,-0.01804
-0.21825,-0.13391,-0.01210
-0.35662,-0.27820,-0.01759
-0.52735,-0.51366,-0.02870
-0.68521,0.23717,-0.02258
-0.25923,0.48097,-0.00351
-0.24446,-0.28449,-0.01384
0.15538,-0.05259,0.00357
-0.18258,-0.26738,-0.00970
-0.21357,-0.56757,-0.01258
-0.32952,-0.53959,-0.02372
-0.17550,-0.11530,-0.00876
0.03295,-0.29575,-0.00345
-0.18467,0.47843,-0.00093
-0.25768,0.25576,-0.00713
-0.80055,0.16907,-0.02506
-0.22837,-0.56892,-0.01313
0.12254,-0.13356,0.00130
-0.69244,0.15008,-0.02092
-0.24786,-0.02199,-0.00975
-0.66656,-0.19716,-0.02787
-0.58629,-0.28438,-0.02404
-0.23230,0.65589,-0.00099
-0.64724,0.10940,-0.02224
0.00332,0.06663,-0.00015
-0.31137,0.42651,-0.00598
-0.31129,0.39879,-0.00718
-0.35379,0.12843,-0.00914
-0.31453,0.07005,-0.01102
-0.23263,0.18163,-0.00726
-0.08511,-0.07751,-0.00430
-0.11920,0.05068,-0.00526
-0.33407,0.57040,-0.00517
-0.00851,-0.16640,-0.00397
-0.58754,0.07334,-0.02303
-0.43570,0.15749,-0.01606
-0.10864,-0.17863,-0.00853
0.08971,-0.05664,0.00120
0.16630,0.19831,0.00719
-0.71908,-0.37655,-0.03423
-0.90409,-0.64946,-0.03119
0.25983,-0.24109,0.00428
-0.82144,-0.25164,-0.03781
-1.07651,-0.00478,-0.03281
-0.68282,0.30842,-0.02259
-0.80126,0.49718,-0.02491
-0.43067,-0.01993,-0.01621
-0.72356,-0.19266,-0.02116
-0.69618,-0.41428,-0.03153
-0.00310,-0.08191,-0.00302
-0.38889,0.47159,-0.00551
-0.21950,0.39444,-0.00256
-0.22911,-0.06434,-0.01124
-0.06172,-0.25301,-0.00744
-0.30001,-1.20670,-0.02133
-0.58728,0.31633,-0.01697
-0.42069,-0.04766,-0.01514
-0.34754,-0.64922,-0.02143
-0.01361,-1.06250,-0.01469
-0.10991,-0.18332,-0.00752
-1.01911,0.41103,-0.02950
0.30629,0.07740,0.01034
-0.26144,0.26925,-0.00762
0.28566,-0.48145,0.00231
-0.36640,0.51219,-0.00735
-0.02782,-0.53024,-0.01065
-0.12790,-0.64227,-0.01331
-0.38362,-0.09489,-0.01900
0.09433,-0.09854,0.00082
-0.43185,0.07174,-0.01661
-0.32203,0.38271,-0.00659
-0.40263,-0.80169,-0.02405
-0.71224,0.15012,-0.02473
-1.08781,-0.04576,-0.03024
-0.12898,-1.02108,-0.01693
-0.66845,0.08848,-0.02402
0.09203,0.16760,0.00397
0.03834,0.21163,0.00287
-0.26170,-0.57707,-0.01617
-0.91421,-0.76428,-0.04672
0.12341,-0.21792,0.00019
-0.28933,0.53005,-0.00392
-0.76973,0.12133,-0.02709
-0.60076,0.67285,-0.00984
-0.12725,-0.18637,-0.00785
-0.27877,-0.26381,-0.01471
-0.04518,-0.55719,-0.01170
-0.33727,0.60723,-0.00593
-0.53527,-0.59408,-0.03205
-0.08329,0.03957,-0.00370
0.35638,0.13128,0.01305
0.03153,-0.42100,-0.00446
-0.69293,0.24798,-0.01885
-0.45272,-0.28793,-0.01750
-0.43021,-0.19684,-0.01873
-0.68943,0.35493,-0.01936
-0.19995,0.04862,-0.00588
-0.99050,0.29996,-0.02524
-0.39386,-0.19560,-0.02001
-0.82574,-0.17402,-0.03400
-0.52619,0.48260,-0.01048
-0.01839,0.52338,0.00494
-0.03287,-0.09379,-0.00372
-0.71905,0.20393,-0.02278
-0.37131,0.90819,-0.00262
-0.36597,-0.62721,-0.01855
-0.63170,-0.45491,-0.02553
-0.15696,0.15733,-0.00495
0.05589,-1.27809,-0.01918
-0.00642,-0.15042,-0.00379
-0.15332,-0.58535,-0.01330
-0.21293,0.33272,-0.00451
0.05055,-0.43154,-0.00560
-0.12843,0.51545,0.00120
-0.12185,0.08743,-0.00424
-0.85625,-1.05788,-0.05051
-0.36906,0.12513,-0.01012
-0.25296,-0.33424,-0.01557
-0.28152,-0.10498,-0.01394
-0.06709,-0.68088,-0.01383
-0.06524,0.47694,0.00290
-0.53658,0.57606,-0.01229
-0.25990,0.09395,-0.00917
-0.08764,0.37803,0.00077
-1.02757,-0.03002,-0.03096
0.09858,0.11505,0.00391
0.05204,-0.52405,-0.00628
-0.29448,-1.19353,-0.02363
-0.64654,-0.03126,-0.02762
-0.86712,0.03710,-0.02827
-0.29942,0.64125,-0.00380
-0.46928,0.14313,-0.01394
-0.22759,0.29222,-0.00396
-0.52715,0.35194,-0.01624
-1.45461,-0.31605,-0.04387
-0.27235,0.81707,0.00012
0.16405,-0.14801,0.00261
-0.15824,-0.00435,-0.00560
-0.29008,-0.07881,-0.01445
-0.51528,0.32179,-0.01288
-0.11394,-0.21012,-0.00673
-0.42867,-0.51326,-0.02236
-0.14613,0.21330,-0.00349
0.02173,0.07034,0.00054
-0.10110,-0.55766,-0.01221
-0.54553,-0.75128,-0.03087
-0.06616,-0.19941,-0.00743
-0.75387,-0.41667,-0.03142
-0.86778,0.05121,-0.02773
-0.21387,0.76938,0.00137
-0.49328,0.53905,-0.01014
0.06217,0.01245,0.00114
-0.24291,-0.42399,-0.01774
-0.32579,0.31770,-0.00978
-0.44109,-0.21804,-0.01566
-0.45038,-0.27178,-0.01946
-0.66023,0.08057,-0.01910
-1.50859,-0.60136,-0.05166
-0.45625,-0.13309,-0.01838
-0.59637,-0.31232,-0.02476
-0.23212,-1.08944,-0.02380
-0.19115,0.18420,-0.00511
-0.85204,-0.38008,-0.02995
0.06259,-0.09383,-0.00033
-0.43860,-0.13249,-0.02067
-0.35996,-0.35835,-0.01731
-0.24772,0.37845,-0.00480
-0.08608,-0.55866,-0.01016
0.05987,-0.35356,-0.00357
-0.43968,-1.07084,-0.03533
0.00062,0.03171,-0.00084
-0.44471,0.59790,-0.00873
-0.04706,-0.50267,-0.00889
-0.00185,0.17804,0.00120
-0.17759,-0.54677,-0.01345
-0.60287,0.51190,-0.01448
-0.12341,-0.25566,-0.00957
-0.41794,0.00403,-0.01447
-0.25658,-0.79055,-0.01961
-0.49782,0.14968,-0.01480
-0.23774,-0.36935,-0.01516
0.04560,-0.29388,-0.00335
-0.33902,0.03866,-0.01295
0.08559,-0.34650,-0.00325
-1.02869,-0.26946,-0.04234
-0.39615,-0.40702,-0.01743
-0.31433,-0.02173,-0.01225
-0.45493,1.06802,-0.00350
-0.60205,-0.09900,-0.02098
-0.50283,-0.47073,-0.02532
-0.33781,-0.53212,-0.01707
-0.70773,-0.04139,-0.01683
-0.40806,-0.55636,-0.02275
-0.87468,0.26533,-0.01847
-0.35355,-0.52467,-0.01755
-0.18550,-0.34692,-0.01234
-0.68301,-0.06367,-0.02544
-0.37235,-0.32287,-0.01573
-0.27030,-0.14506,-0.01350
-0.42564,-0.32042,-0.01815
-0.21134,0.08660,-0.00724
-0.66971,0.75051,-0.01597
-0.68158,0.01250,-0.02356
-0.68979,-0.41243,-0.02898
-0.49378,-0.30236,-0.01910
-0.21457,-0.58824,-0.01442
-0.07399,-0.05674,-0.00461
-0.51706,-0.04042,-0.01850
-0.32275,0.52320,-0.00580
-0.10694,0.54783,0.00276
-0.26118,-0.10570,-0.01286
-0.61920,0.54003,-0.01333
-0.21848,0.39549,-0.00344
-0.30781,0.29757,-0.00810
0.20658,-0.15951,0.00392
-0.27038,0.46700,-0.00462
-0.03395,-0.02765,-0.00274
-0.19432,0.14566,-0.00634
-0.46249,0.45648,-0.01218
-0.24061,0.18149,-0.00690
-0.58916,0.40830,-0.01655
-0.11257,0.31478,-0.00074
0.23852,-0.06078,0.00642
-0.57373,-0.24754,-0.02401
0.00262,-0.34541,-0.00640
-0.25506,-0.05438,-0.00902
-0.53112,-0.34420,-0.01993
0.43952,-0.14350,0.01204
-0.56442,0.97500,-0.00843
-0.06054,0.38408,0.00190
-0.05998,0.28308,0.00060
-0.24314,0.15160,-0.00834
-0.59428,-0.05655,-0.02162
-0.69906,0.28324,-0.01571
-0.75233,0.31762,-0.02130
0.05474,0.10930,0.00212
-0.02233,-0.13954,-0.00398
-0.09850,0.20728,-0.00163
-0.99198,-0.83051,-0.04249
-0.36478,0.12617,-0.01208
0.06715,0.13446,0.00315
-0.04553,-0.07084,-0.00379
-0.80912,-0.04609,-0.03232
-0.47583,0.07398,-0.01636
0.06337,-0.13171,-0.00067
0.15902,0.30674,0.00895
-0.64284,-0.11851,-0.02035
-0.02398,-0.22654,-0.00486
-0.45450,0.22984,-0.01216
0.06523,-0.29581,-0.00250
-0.19301,-0.00604,-0.00656
-0.05445,-0.02782,-0.00444
-0.67709,0.31481,-0.01988
-0.52470,0.36438,-0.01213
-0.75075,0.00229,-0.02687
-0.69457,-0.36076,-0.03327
-0.12757,0.03306,-0.00383
-0.88580,0.48022,-0.02441
-0.37333,0.33598,-0.01006
-0.11229,-0.15343,-0.00713
-0.36461,0.03849,-0.01332
-0.46405,-0.21127,-0.01508
-0.32345,-0.92729,-0.02046
0.13472,-0.25008,-0.00014
-0.17507,0.02196,-0.00704
-0.07520,-0.34147,-0.00834
-0.73561,0.25734,-0.02001
-0.25030,-0.26426,-0.01278
-0.45163,0.37614,-0.01117
0.01274,0.33829,0.00396
-0.76564,0.03216,-0.02272
-0.81764,0.87820,-0.01778
-0.29448,-0.27805,-0.01672
-1.14612,-0.19827,-0.04427
0.15400,0.47788,0.01077
-0.07281,0.08028,-0.00279
-0.00578,0.42667,0.00474
-0.20252,0.04890,-0.00708
-0.11183,-0.17883,-0.00663
-0.17179,0.17793,-0.00494
-0.80540,0.18494,-0.02588
-0.36776,0.39628,-0.00927
-0.43958,0.20687,-0.01503
-0.07297,-0.24184,-0.00694
-0.53783,-0.33387,-0.01951
-0.44577,-1.21248,-0.02764
0.01454,-0.42646,-0.00639
-0.24059,0.31725,-0.00429
-0.37327,-0.48843,-0.01768
-0.45988,-0.69733,-0.03097
-0.78537,-0.82734,-0.03268
0.17428,-0.08516,0.00373
-0.28610,-0.21424,-0.01206
-0.48955,-0.24837,-0.02381
-0.10145,-0.41061,-0.01146
-0.02305,0.00711,-0.00168
-0.67613,-0.36133,-0.03308
-0.42192,-0.10126,-0.01528
-0.74708,-0.11680,-0.02742
-0.07309,0.03671,-0.00389
-0.77707,0.17343,-0.02895
-0.37156,0.23772,-0.01001
-0.23111,-0.69273,-0.02206
-0.43977,0.05225,-0.01317
-0.14944,-0.28771,-0.01107
-0.11936,-0.08206,-0.00565
-0.31297,-0.23071,-0.01272
0.03132,-0.29048,-0.00420
-0.38672,-0.14433,-0.01532
-0.73638,0.33256,-0.01982
-0.44130,0.76517,-0.00553
0.07543,0.16030,0.00394
-0.90349,-0.53468,-0.03781
-0.02281,0.26640,0.00165
-0.80525,-0.08984,-0.03251
-0.28752,-0.50208,-0.01689
-1.00585,-0.98839,-0.05382
0.03759,-0.18598,-0.00255
-0.58890,0.16275,-0.01937
-0.33870,0.10567,-0.01101
-0.51751,-0.99643,-0.03134
-0.27711,-0.10363,-0.00953
-0.45912,0.21001,-0.01457
-0.73920,0.26570,-0.02490
-0.36038,-0.15954,-0.01512
0.09772,0.25114,0.00608
-0.06248,0.41133,0.00190
-0.15738,-0.38775,-0.01246
-0.54892,0.55876,-0.01277
-0.27652,-0.99997,-0.02444
-0.60665,0.29827,-0.01788
0.12312,0.09979,0.00470
-0.01123,-0.51502,-0.00838
-0.01347,0.60453,0.00654
-0.55702,-0.64104,-0.03001
-0.54585,-0.27378,-0.02199
-0.56292,-0.06604,-0.01854
0.10188,-0.71405,-0.00620
-0.45160,0.35835,-0.01201
-0.35059,0.19370,-0.01249
-0.24142,0.29028,-0.00664
-1.06687,-0.14819,-0.04126
-0.18006,0.23867,-0.00388
-0.18472,-0.05334,-0.00785
0.11150,0.12303,0.00479
-0.43282,-0.39462,-0.01757
-0.47162,0.04451,-0.01436
-0.65332,0.37347,-0.01872
-0.59517,0.85427,-0.00849
-0.76636,-0.31027,-0.03608
-0.68540,0.49031,-0.01572
-0.09363,-0.14270,-0.00644
-0.44946,0.54800,-0.01035
-0.34840,-0.83682,-0.02183
-0.27653,0.39493,-0.00541
-0.06588,0.52758,0.00338
-0.16722,-0.43685,-0.01368
-0.23092,0.57629,-0.00172
-0.31846,0.19033,-0.01074
-0.81936,-0.46051,-0.03583
-0.53632,0.06887,-0.01968
-0.66106,-0.04056,-0.02488
-0.70941,0.68494,-0.01789
-0.73368,-0.06895,-0.03082
-1.33958,-0.50258,-0.03940
-0.12471,-0.21184,-0.00796
-0.46498,-0.58255,-0.02703
-0.65619,0.38843,-0.01834
-0.54159,0.18203,-0.01600
-0.64797,0.30617,-0.01674
0.04984,-0.06146,-0.00035
-0.70262,0.73440,-0.01270
-0.09380,0.63662,0.00396
-0.67311,-0.24171,-0.02421
-0.66337,-0.45266,-0.03483
-0.54809,0.52918,-0.01332
-0.62333,0.45083,-0.01746
-0.43101,-0.20692,-0.02174
-0.30321,0.71751,-0.00240
-0.31576,0.38769,-0.00710
0.12592,0.34368,0.00830
-0.46788,0.42726,-0.01321
-0.79315,-0.33732,-0.02577
-0.40844,0.72711,-0.00623
-0.20054,-0.22619,-0.01068
0.37006,0.06171,0.01373
-0.29863,-0.42621,-0.01901
-0.33027,-0.93869,-0.01735
-0.17790,-0.67529,-0.01583
-0.43358,-0.33004,-0.01634
-0.03382,0.22681,0.00080
-1.03034,-1.23131,-0.04786
-0.30591,-0.17203,-0.01444
-0.53143,-0.28465,-0.02458
-0.03519,-0.02854,-0.00341
-0.23695,0.37182,-0.00441
-0.47311,0.81311,-0.00583
0.31480,-0.05632,0.00913
0.09551,-0.05439,0.00144
-0.56818,0.38603,-0.01497
-0.41108,1.03208,-0.00210
-0.72824,0.54187,-0.02046
-0.35223,0.21627,-0.01249
0.09840,0.28107,0.00621
-0.30727,-0.09331,-0.01395
-0.78269,0.58681,-0.02072
-0.24754,0.70914,-0.00014
0.16708,0.13030,0.00725
-0.23718,-0.45124,-0.01485
-0.06715,-0.10573,-0.00523
-0.27451,-0.26390,-0.01174
-0.88293,0.14995,-0.02509
-0.93175,-0.26619,-0.02724
-0.42631,-0.23723,-0.01917
-0.52835,-0.27468,-0.02228
-0.12518,-0.27645,-0.00866
-0.15982,-0.31933,-0.01007
-0.26904,0.76976,-0.00059
-0.18497,-0.14786,-0.01040
-0.21220,-0.30066,-0.01217
-0.78854,-1.08266,-0.04393
-0.22897,-0.32505,-0.01469
-0.75705,-0.06807,-0.02702
-0.77481,0.68099,-0.01502
-0.36835,0.48990,-0.00795
0.07182,0.06399,0.00208
-0.08231,0.03845,-0.00366
-0.39101,0.80469,-0.00482
-0.81687,-0.08560,-0.02809
-0.36304,-0.90674,-0.02211
-0.22375,0.00317,-0.01062
-0.08198,0.33095,0.00038
-0.15615,-0.97414,-0.01643
-0.09999,-0.17306,-0.00542
-0.38260,-0.06514,-0.01678
-0.07173,-0.49279,-0.00969
-0.38991,0.01991,-0.01158
-0.43378,0.00331,-0.01803
0.03109,-0.17501,-0.00253
-0.60111,-0.69792,-0.03084
-0.28657,0.25458,-0.00890
-1.03487,0.06850,-0.04081
-0.39292,0.34446,-0.00871
-0.16169,-0.80843,-0.01666
0.20578,-0.33518,0.00157
-0.42392,-0.53507,-0.02751
-0.35463,-1.32388,-0.02474
-0.12517,-0.25162,-0.01004
-0.39786,-0.22515,-0.02056
-0.60235,-0.84370,-0.02706
0.08086,-0.66604,-0.00638
-0.42060,0.43746,-0.01178
-0.38988,-0.22056,-0.01615
-0.75504,0.05229,-0.02912
-0.11503,0.47539,0.00107
-0.35329,0.32438,-0.00977
-0.43561,0.61027,-0.00878
-0.05760,-0.21534,-0.00632
-0.70044,0.58742,-0.01673
-0.67753,0.08247,-0.02246
0.03203,0.20254,0.00249
-0.48145,0.39025,-0.01257
-0.37419,0.55946,-0.00716
-0.43240,0.24849,-0.01424
-0.28725,-0.48772,-0.01538
-0.42027,0.84961,-0.00478
-0.23411,-0.52501,-0.01681
0.26497,0.00295,0.00790
-0.32352,-0.41828,-0.02087
-0.32191,-0.53045,-0.01752
-1.15546,-0.69707,-0.05323
-0.54344,-0.29534,-0.02139
-0.07626,-0.00452,-0.00334
-0.80480,-0.10508,-0.03278
-0.04044,-0.09376,-0.00393
-0.24351,0.11131,-0.00689
-0.05090,0.29115,0.00091
-0.44925,0.71152,-0.00853
-0.53178,0.26811,-0.01225
0.15214,-0.08093,0.00266
-0.42214,-0.04131,-0.01956
-0.05364,-1.20975,-0.01745
-0.49127,-0.39822,-0.02735
-0.67603,0.11518,-0.02155
0.02472,-0.12635,-0.00197
-0.32604,0.65574,-0.00366
-0.42003,-0.41017,-0.02302
-0.73488,0.54454,-0.01807
-0.02840,0.11120,-0.00094
-0.87681,-0.50793,-0.04516
-0.56382,0.49924,-0.01324
0.26236,0.17946,0.01214
-0.28983,-0.04228,-0.01212
-0.18403,-0.53330,-0.01300
-0.39683,0.77710,-0.00397
-0.32594,0.19051,-0.01119
-0.43729,-0.04029,-0.01879
-0.06838,-0.58572,-0.01115
0.01793,0.13976,0.00131
-0.29111,-0.22163,-0.01531
-0.32614,0.48531,-0.00633
-0.85510,-0.53881,-0.04203
-0.07016,0.20041,-0.00069
-0.17073,-0.54916,-0.01579
-0.09910,0.49455,0.00209
-0.14608,0.40206,-0.00065
-0.54897,-0.01486,-0.02314
-0.09080,-0.53132,-0.01220
-0.09892,0.01075,-0.00370
-0.33226,0.07084,-0.01104
-0.42506,-0.30596,-0.02059
-0.52151,0.76010,-0.00910
-0.46416,0.01810,-0.01585
-0.61570,0.08275,-0.02273
-0.57331,-0.05642,-0.01799
-0.35199,-0.22077,-0.01553
-0.49241,-0.83080,-0.03374
-0.04809,-0.16076,-0.00456
-0.04020,0.10158,-0.00122
-0.58197,-0.07039,-0.02184
-0.63054,0.25694,-0.01521
-0.01811,-0.10732,-0.00426
0.11949,-0.42622,-0.00346
-0.59929,0.39113,-0.01600
-0.87169,-0.23008,-0.03489
-0.39436,-0.26558,-0.01748
-0.02541,-0.28532,-0.00604
-0.21927,-0.16789,-0.01027
-0.20697,0.78764,0.00223
-0.12939,0.09711,-0.00437
-0.47779,0.07261,-0.01593
-0.21015,0.18784,-0.00598
0.12235,0.30223,0.00806
-0.97908,0.74950,-0.02533
0.17979,-0.46963,-0.00190
-0.61383,0.39326,-0.01874
-0.25316,0.09838,-0.01030
-0.37267,-0.14034,-0.01873
-0.59291,-0.42555,-0.02234
-0.41224,-0.78273,-0.02353
-0.42661,-0.82200,-0.02385
-0.21830,-0.03342,-0.00879
-0.24882,0.13628,-0.00923
-0.72653,-0.56165,-0.02930
-0.00227,0.43129,0.00434
-0.47737,-0.18312,-0.02200
0.06426,-0.20898,-0.00203
-0.41926,0.61206,-0.00792
-0.81927,-0.01829,-0.02342
-0.21435,0.16690,-0.00715
0.03307,-0.18741,-0.00224
-0.70361,-0.20528,-0.02247
-0.54859,0.12785,-0.01580
-0.14526,0.31163,-0.00203
-0.43305,0.38260,-0.01289
-0.15069,-0.98690,-0.02220
-0.93697,0.73212,-0.02307
0.27097,0.11747,0.00986
-0.39613,-0.31739,-0.01795
-0.56251,0.08471,-0.02179
-0.85651,0.47568,-0.01890
-0.90904,-0.08656,-0.03475
-0.11500,-0.35246,-0.00832
-0.75550,-0.74851,-0.03501
-0.24097,-0.18151,-0.01194
-0.31895,0.23622,-0.01030
-0.25974,0.30082,-0.00749
-0.10328,-0.40331,-0.01071
-0.17843,-0.23488,-0.01206
-0.01263,-0.74000,-0.01225
-0.17541,-0.10055,-0.00868
0.32580,-0.33426,0.00509
-0.44810,0.19426,-0.01474
-0.21133,0.56940,-0.00128
-0.23930,-0.46254,-0.01184
-0.17844,-0.10985,-0.00976
-0.90472,0.49286,-0.01968
-0.38725,0.10207,-0.01332
-0.77197,-0.30061,-0.02694
-0.39654,0.32733,-0.01183
0.15820,-0.12500,0.00269
-0.55666,0.19517,-0.01671
-0.46674,-0.12196,-0.01530
-0.07298,0.11318,-0.00208
-0.31146,-0.29989,-0.01543
-0.12116,-0.38994,-0.01149
-0.68159,0.17266,-0.02249
-0.30101,-0.27219,-0.01602
-0.90236,-0.13760,-0.02659
-0.93381,0.09790,-0.03422
-0.65734,-0.05801,-0.02199
-0.52364,0.10182,-0.01508
-0.11850,0.50645,0.00143
-0.24295,0.57076,-0.00148
0.19899,-0.63753,-0.00293
-0.27044,-0.87951,-0.02190
-0.25300,0.50114,-0.00327
-0.07247,0.15680,-0.00126
-0.17225,0.01639,-0.00801
-0.61056,0.28359,-0.01913
-0.19044,-0.08802,-0.00947
0.04701,-0.35743,-0.00480
-0.31716,0.01254,-0.01408
-0.38179,-0.23792,-0.01692
-0.66007,-1.06094,-0.04312
-0.65582,0.55013,-0.01206
-0.86076,0.01811,-0.02892
-0.23127,0.11134,-0.00794
0.18209,-0.28647,0.00106
0.24807,-0.19728,0.00442
0.01606,-0.47379,-0.00595
-0.44768,0.19445,-0.01657
-0.51624,-0.09677,-0.01706
-0.38491,-0.10439,-0.01349
-0.81845,-1.15012,-0.03487
0.31772,-0.06013,0.01001
-0.24446,-0.08873,-0.01124
-0.55678,-0.19345,-0.02649
0.17934,-0.35574,-0.00004
-0.43408,-0.94883,-0.02477
-0.33672,0.19097,-0.01034
-0.17105,0.41166,-0.00186
-0.13561,0.03838,-0.00585
-0.37951,0.10940,-0.01316
-0.56261,-0.48241,-0.02915
-0.21646,0.57774,-0.00154
-0.29732,0.04775,-0.01124
-0.70349,0.45270,-0.01642
-0.25792,-0.87395,-0.01950
-0.28319,-0.18417,-0.01711
-0.39197,-0.24252,-0.01455
-0.73827,-0.79100,-0.03609
-0.43565,0.17971,-0.01379
-0.31710,-0.57381,-0.01730
-0.44008,0.67576,-0.00758
-0.78400,0.64875,-0.01756
-0.51326,0.50384,-0.01265
-0.43215,-0.02702,-0.01649
-0.54713,0.09657,-0.02037
-0.51296,0.52959,-0.01360
-0.38105,-0.31522,-0.01526
-0.43963,0.46324,-0.01035
-0.01811,-0.31063,-0.00532
-0.50029,0.05378,-0.01548
-0.57130,0.23566,-0.01628
-0.81221,-0.68370,-0.03177
-0.83906,-0.10386,-0.02727
-0.36342,0.03426,-0.01497
-0.98196,-0.67232,-0.03350
-0.53137,-0.69168,-0.02430
-0.16749,0.41477,-0.00200
-0.24521,0.17636,-0.00844
-0.58369,0.49049,-0.01672
-0.88199,0.22244,-0.02653
-0.26993,-0.20139,-0.01296
-0.31519,-0.53459,-0.01870
-0.03128,-0.08555,-0.00345
-0.17951,-0.10888,-0.00988
-0.34718,-0.41606,-0.01638
-0.40069,-0.05374,-0.01364
-0.71204,0.10921,-0.01947
-0.61062,0.06904,-0.02061
-0.38251,0.29440,-0.01099
-0.34116,-0.26451,-0.01675
-0.52989,0.06997,-0.01630
-0.52756,-0.80449,-0.02775
0.02099,-0.05137,-0.00106
-0.36679,0.07188,-0.01259
-0.34709,0.43486,-0.00866
-0.08333,-0.10038,-0.00586
-0.22894,-0.63334,-0.01821
-0.19062,0.07098,-0.00714
-0.38824,0.46288,-0.00806
-0.07796,-0.00021,-0.00431
-0.52445,-0.14014,-0.02398
-0.70991,0.26826,-0.02115
0.03907,-0.53347,-0.00817
-0.51773,0.27232,-0.01474
-0.25952,-0.50691,-0.01428
-0.12825,0.00419,-0.00521
-0.22403,-0.20384,-0.01211
-0.77062,-0.49047,-0.03629
-0.18394,0.18727,-0.00571
-1.00550,-0.78367,-0.04770
-0.30064,-0.86881,-0.02407
-0.26235,0.29368,-0.00558
0.23175,-0.32885,0.00245
-0.21022,0.04518,-0.00643
-0.04716,0.25723,0.00044
-0.81036,-0.74396,-0.03443
-0.37044,0.19812,-0.01126
-0.58679,-0.11786,-0.02416
-0.18908,-0.11977,-0.00927
-0.75121,0.10413,-0.02525
-0.10012,0.08897,-0.00411
-0.15513,-0.04635,-0.00886
-0.23015,-0.62764,-0.02131
-0.48746,-0.13584,-0.02101
-0.20601,-0.60839,-0.01387
-0.20478,-0.77348,-0.01532
-0.41154,0.01100,-0.01844
-0.79924,-0.64091,-0.03979
0.01210,-0.09933,-0.00223
-0.05993,-0.42012,-0.00937
-0.22619,0.02290,-0.00980
-0.13918,-0.40170,-0.01214
-0.78034,0.21664,-0.02283
-0.91492,0.00355,-0.02969
-0.78629,-0.01200,-0.02413
-0.35832,-0.88464,-0.02380
-0.45828,-0.07859,-0.02101
-1.02825,-0.70067,-0.04311
-0.50369,0.47132,-0.01193
-0.21561,-0.66635,-0.01894
-0.82130,0.04602,-0.02679
-0.37378,-0.41082,-0.02420
-0.13504,-0.53491,-0.01303
-0.38804,-0.17198,-0.01756
-0.43183,-0.57763,-0.01911
-0.48535,-0.34432,-0.01943
-0.57744,0.37944,-0.01602
0.04979,-0.00682,0.00050
-0.06916,0.60407,0.00431
-0.36808,-0.06745,-0.01638
-0.44195,0.53136,-0.01033
0.05908,-0.33724,-0.00400
-0.06278,0.19221,-0.00095
-0.66650,0.51562,-0.01790
-0.10429,0.43916,0.00064
-0.01205,-0.64770,-0.01029
-0.52536,0.16398,-0.01787
-1.07658,0.38517,-0.03116
-1.04050,-0.28283,-0.03216
-0.17309,-0.29824,-0.00955
0.42026,0.03219,0.01445
0.03187,-0.09941,-0.00179
-0.26580,-0.35704,-0.01518
0.12286,-0.60685,-0.00502
-0.56067,-0.52824,-0.02550
-0.22162,-0.07109,-0.01073
-0.19964,0.37138,-0.00383
-0.64268,-0.35096,-0.02742
-0.28610,-0.16971,-0.01436
0.06182,-0.34468,-0.00375
-0.75826,0.22441,-0.02420
-0.36991,-0.64648,-0.02712
0.14517,-0.21684,0.00115
0.04083,0.17952,0.00245
-0.52242,0.27587,-0.01810
-0.37266,0.39851,-0.00884
-0.28894,-0.06973,-0.01306
-0.32137,-0.20948,-0.01647
-0.19404,-0.02046,-0.00874
-0.23051,0.34094,-0.00485
0.23475,-0.31879,0.00249
-0.35635,-0.60852,-0.02387
-0.16483,0.97083,0.00570
0.41697,0.15115,0.01523
-0.92422,0.23014,-0.02845
-0.15837,-0.06468,-0.00855
-0.14174,0.47307,-0.00001
-0.15541,-0.48909,-0.01451
-0.68991,-0.17388,-0.02003
-0.87322,-0.13469,-0.03416
-0.49210,-0.72724,-0.02771
-0.14531,0.07042,-0.00518
0.02989,-0.06780,-0.00105
-0.10181,-0.64396,-0.01428
0.01885,-0.09156,-0.00235
-0.94311,0.24778,-0.02370
-0.55624,-0.02053,-0.02153
-0.50254,0.61108,-0.01169
-0.54049,-0.67574,-0.02464
-0.64489,-0.01535,-0.02119
-0.56640,0.01050,-0.01650
-0.53588,0.78777,-0.00911
-0.38984,-0.35313,-0.01467
-0.51856,0.42142,-0.01277
-0.76538,-0.11410,-0.02983
-0.10562,-0.65907,-0.01429
-1.01599,-0.49057,-0.04632
0.20651,-0.20087,0.00314
-0.65993,0.19689,-0.01636
-0.64533,-0.61850,-0.03709
0.04137,0.22577,0.00334
-0.06799,-0.39924,-0.00735
-0.58322,0.34721,-0.01616
-0.58281,0.69457,-0.01105
-0.59223,-0.01581,-0.01736
-0.57769,-0.36598,-0.02922
-0.04840,0.03993,-0.00286
-0.24018,-0.06668,-0.01033
-0.19133,0.02638,-0.00636
-0.38216,-0.13662,-0.01723
-1.13113,-1.27707,-0.04832
-0.03847,0.02379,-0.00230
-0.86294,-0.41053,-0.03238
-0.52795,1.00777,-0.00753
-0.40720,0.18720,-0.01402
-0.69364,0.86286,-0.01605
-0.27767,0.34747,-0.00542
-0.62292,-0.50825,-0.02379
-0.64113,-0.52110,-0.02331
-0.24983,-0.01699,-0.01154
-0.16144,0.35309,-0.00282
-0.01166,0.25567,0.00182
-0.12843,-0.10703,-0.00784
-0.54973,-0.34303,-0.01947
-0.08605,0.35567,0.00050
-0.14477,0.04792,-0.00580
-0.16577,-0.33431,-0.01165
-0.34491,-0.31983,-0.01537
-0.13798,-0.17458,-0.00896
-0.12226,0.32379,-0.00150
-0.02478,-0.07378,-0.00353
-0.17373,-0.06096,-0.00839
-0.51931,0.70299,-0.00822
-0.96289,0.46409,-0.02184
-0.01134,-0.28083,-0.00565
0.06412,0.35306,0.00614
-0.60601,0.30388,-0.01816
-0.22837,-0.25491,-0.01234
-0.39544,-0.04983,-0.01586
-0.63877,0.26454,-0.01829
-0.85874,0.02563,-0.03182
-0.40900,0.05725,-0.01648
-0.03392,0.33943,0.00230
0.11343,0.02031,0.00319
-0.66418,-0.90266,-0.03804
0.11193,0.50656,0.00885
-0.70134,0.53934,-0.01650
-0.32549,0.25690,-0.00926
-0.28713,-0.68684,-0.01985
-0.46653,0.30103,-0.01381
-1.33659,0.24682,-0.03269
-0.95487,-0.24747,-0.03505
-0.59854,0.99797,-0.00773
0.37633,-0.75216,0.00079
-0.06665,-0.04134,-0.00338
-0.81391,-0.17778,-0.02807
-0.29283,-0.19971,-0.01536
-0.17565,0.06271,-0.00569
-0.18941,0.10953,-0.00666
-0.63352,0.60951,-0.01633
-0.34255,-0.19168,-0.01551
0.25214,0.02061,0.00782
-0.15032,0.02140,-0.00682
-0.02270,-0.32480,-0.00596
-0.28735,-0.29550,-0.01681
-0.69304,0.74138,-0.01675
-0.90535,-0.11254,-0.03133
-0.63683,0.34432,-0.01654
-0.25046,-0.05077,-0.01179
-0.17109,-0.01134,-0.00813
-0.29699,0.04704,-0.01107
-0.42292,0.27499,-0.01264
-0.35287,0.51524,-0.00755
0.15533,0.01312,0.00471
-0.09159,-0.24111,-0.00799
-0.47900,0.22604,-0.01662
-0.64307,0.19694,-0.02322
-0.15665,0.23498,-0.00352
-0.47706,0.27059,-0.01291
-1.06309,-0.95309,-0.04287
-0.58280,0.70685,-0.01114
-0.46023,0.20868,-0.01412
-0.04315,-0.85961,-0.01318
-0.47629,0.10643,-0.01636
-0.26480,-0.23659,-0.01536
-0.27140,-0.15179,-0.01460
-0.59686,0.03221,-0.02232
0.09103,-0.17127,-0.00058
-0.21898,-0.47142,-0.01524
0.09794,-0.83806,-0.00805
-0.70080,0.48193,-0.02092
-0.35661,0.05109,-0.01313
-0.42422,-0.18709,-0.01898
-0.80185,0.74000,-0.01940
-0.14524,-0.38433,-0.01057
0.04571,0.17372,0.00276
-0.16608,-1.01064,-0.01927
-0.82948,0.39227,-0.01766
-0.24091,-0.23481,-0.01142
-0.28534,-0.19058,-0.01523
-0.40732,-1.26328,-0.03151
0.08021,-0.39723,-0.00397
-0.07628,-0.52438,-0.00958
0.10162,-0.74894,-0.00700
-0.74041,0.31155,-0.01978
-0.32673,0.34889,-0.00769
-0.24935,0.65345,-0.00081
-0.06609,0.01728,-0.00396
-0.50428,0.23120,-0.01403
-0.23535,-0.02071,-0.00958
-0.39684,0.06977,-0.01209
-0.04620,-0.32771,-0.00732
-0.00359,-0.13231,-0.00257
-0.27753,0.17890,-0.00782
0.00827,-0.00307,-0.00060
-0.63697,-0.54726,-0.03458
-0.11910,-0.13654,-0.00690
-0.29241,0.44171,-0.00692
-0.02864,0.12285,-0.00063
0.09350,-0.19260,-0.00087
-0.24311,-0.29284,-0.01442
-0.28292,0.02422,-0.01105
-0.40626,0.84002,-0.00444
-0.49163,-0.51983,-0.02845
-0.48450,0.42707,-0.00987
-0.05463,-0.40967,-0.00816
-0.54411,-0.37200,-0.02748
-0.22291,-0.13833,-0.01060
-1.04169,0.35868,-0.03158
-0.75610,-0.06398,-0.02301
-0.52420,-0.86801,-0.02462
-0.46296,-0.19710,-0.02121
-0.43622,-0.29818,-0.02065
-0.36411,-0.12248,-0.01518
0.33590,0.34820,0.01420
-0.12004,-1.18206,-0.02223
-1.07026,-0.00570,-0.03609
-0.29925,0.33599,-0.00824
0.47684,0.28858,0.01852
-0.23642,-0.59775,-0.01571
-0.54814,-0.71546,-0.02684
-0.20060,-0.32352,-0.01261
-0.08085,0.40310,0.00136
-0.60558,-0.28081,-0.02526
-0.44123,0.49442,-0.01170
-0.40050,0.50906,-0.00977
-0.20299,0.29553,-0.00415
0.18336,0.31684,0.00979
-0.65785,0.51202,-0.01805
-0.31178,-0.14152,-0.01457
-0.35445,0.13995,-0.00977
-0.22181,-0.31629,-0.01260
-0.05175,-0.03787,-0.00400
-0.58512,0.09477,-0.02000
0.28943,-0.08380,0.00864
-0.21257,-0.27393,-0.01073
-0.65312,0.87304,-0.01229
-0.07921,0.12559,-0.00242
-0.22134,0.10075,-0.00686
-0.56540,-0.03438,-0.02266
-0.08580,0.22367,-0.00130
-0.10429,-0.37265,-0.00917
-0.28842,-0.51744,-0.01580
-0.06915,-0.01112,-0.00323
0.05507,-0.27526,-0.00337
-0.33747,-0.01032,-0.01392
-0.05280,-0.13920,-0.00464
-0.34963,-0.19955,-0.01609
-0.87571,-0.42443,-0.03794
-0.63771,-0.62306,-0.03095
-0.30301,-0.90652,-0.02296
-1.09356,-1.32454,-0.05262
-0.19368,0.21413,-0.00487
-0.80187,-0.35242,-0.02837
-0.22431,0.03361,-0.01035
-0.05558,0.49886,0.00351
-0.29696,0.36891,-0.00712
-0.32324,-0.58895,-0.01777
-0.09883,0.07442,-0.00445
-0.25660,0.68283,-0.00164
-0.56850,0.98065,-0.00742
-0.18035,-0.33651,-0.01235
-0.31201,-0.03567,-0.01256
0.00229,-0.01923,-0.00166
-0.47228,-0.69832,-0.02940
-0.18565,0.22230,-0.00529
-0.59013,-0.26420,-0.02053
-0.24474,0.03857,-0.00925
0.22445,0.22876,0.01120
-0.18912,0.27223,-0.00529
-0.53724,-0.01543,-0.01880
-0.17565,-0.20966,-0.00942
-0.30607,-0.49941,-0.02060
-0.54170,-0.22245,-0.02046
-0.26399,-0.23613,-0.01292
-0.43621,-0.00795,-0.01801
-0.40067,0.03191,-0.01525
-0.41888,0.61862,-0.00750
-0.19008,-0.07550,-0.01078
-0.33582,-0.22017,-0.01654
0.07452,-0.08554,0.00011
-0.25860,-0.83556,-0.02411
-1.07832,-1.46362,-0.04301
-0.07590,0.00370,-0.00427
-0.28317,-0.60409,-0.01991
-0.66628,0.56556,-0.01611
-0.28793,-0.24831,-0.01281
-0.19098,-0.20725,-0.01041
-0.03310,0.26806,0.00125
-0.44284,-0.25859,-0.01730
-0.11151,0.26067,-0.00209
0.19132,-0.10447,0.00416
-0.58595,-0.14661,-0.02122
-0.35167,-0.30760,-0.01971
-0.02231,0.07650,-0.00076
-0.84632,0.32897,-0.02657
-0.06779,-0.10143,-0.00471
-0.13687,-0.04485,-0.00726
-0.91592,0.16424,-0.03274
-0.71309,0.14179,-0.02325
0.11331,-0.15153,0.00077
-0.28665,0.78486,-0.00123
-0.61917,-0.08606,-0.02295
-0.32174,0.74594,-0.00237
-0.79010,0.09086,-0.02066
0.11249,0.30946,0.00679
-1.18016,0.21716,-0.02942
-0.39878,-0.34252,-0.01556
-0.44922,-0.03097,-0.02020
-1.09280,0.56535,-0.02569
-0.12817,0.00181,-0.00525
-0.58678,-0.53754,-0.02630
-0.71776,0.48658,-0.01553
-0.01514,-0.61951,-0.01012
-0.10505,-0.27254,-0.00879
-0.12302,-0.25753,-0.00881
-0.17550,0.61740,0.00076
-0.32345,-0.47421,-0.02001
-0.28838,0.10388,-0.00903
-0.19886,-0.40797,-0.01368
-0.07829,-0.29003,-0.00784
-0.62290,0.60344,-0.01546
-0.18126,0.25319,-0.00511
-0.44261,-0.01774,-0.01934
-0.06082,0.14846,-0.00135
-0.40598,-0.77447,-0.02725
-0.11737,-0.26608,-0.00946
-0.59863,0.21229,-0.01811
-0.28434,-0.38614,-0.01458
-0.86140,-0.07869,-0.02814
-0.18501,-0.56337,-0.01599
-0.84257,0.44485,-0.02550
-0.10126,-0.17274,-0.00877
-0.02231,-0.37346,-0.00677
-0.11289,0.03447,-0.00528
-0.48623,0.74720,-0.00869
0.22530,-0.45550,-0.00039
-0.53828,-0.74665,-0.02578
-0.27201,0.20717,-0.00836
0.06358,0.59197,0.00863
-0.87549,0.30264,-0.03148
-0.48235,0.22029,-0.01595
-1.06114,0.52615,-0.02887
-0.41246,0.12397,-0.01463
-0.01092,0.26072,0.00188
-0.48000,0.03122,-0.01483
-0.58186,0.40050,-0.01621
0.06818,0.27014,0.00538
-0.27385,0.13610,-0.00937
-0.54102,0.20202,-0.01625
-0.50378,-0.72831,-0.02641
-1.14835,0.52273,-0.02546
-0.24135,0.03280,-0.01085
-0.16567,-0.17724,-0.00794
-0.25967,-0.72588,-0.02036
-0.39601,0.07060,-0.01551
-0.43343,-0.28026,-0.01828
0.18471,-0.11302,0.00390
-0.50906,-0.57123,-0.02707
-1.07270,0.15216,-0.03784
0.17362,0.28827,0.00899
-0.48504,-0.30369,-0.01891
-0.18758,-0.84901,-0.02127
-0.85473,-0.30300,-0.02834
-0.02253,0.32374,0.00235
0.37422,-0.12005,0.00976
-0.67981,-0.71079,-0.03145
-0.83281,-0.05761,-0.02304
0.07248,-0.31767,-0.00330
-0.72177,0.80853,-0.01619
-0.81908,0.09211,-0.02410
0.07505,-0.55057,-0.00682
-0.21670,-0.36865,-0.01556
0.15900,0.24358,0.00766
0.06794,-0.07827,0.00004
-0.01069,-0.09814,-0.00272
-0.52210,0.29874,-0.01218
-0.31304,-0.17030,-0.01565
-0.40163,-0.27904,-0.01942
-0.42276,-0.76205,-0.02402
-0.59111,-0.22649,-0.02140
-0.55723,0.58877,-0.01271
0.02883,-0.46375,-0.00658
-0.97639,0.31376,-0.02470
-0.05036,-0.25118,-0.00772
-0.50044,-0.29629,-0.02488
-0.48300,-0.15121,-0.01838
-0.69805,0.71626,-0.01573
-0.24454,0.03128,-0.01007
0.29758,-0.23429,0.00522
-0.20797,-0.22581,-0.01291
-0.16603,0.20912,-0.00411
-0.42952,0.21198,-0.01249
0.28056,0.06908,0.01010
-0.18235,-0.30820,-0.01080
-0.04537,-0.42933,-0.00646
-0.23963,-0.00799,-0.00876
-0.80990,0.52916,-0.01851
-0.06784,0.31521,0.00061
-0.72943,-0.33732,-0.02479
-0.64931,-0.76761,-0.03019
-0.35317,0.47331,-0.00503
-0.49961,-0.97133,-0.03444
0.40009,0.12502,0.01587
0.19609,0.01811,0.00570
-0.22577,-0.46766,-0.01499
-1.27139,-0.16985,-0.04264
-0.71109,-0.33576,-0.02365
-0.65508,0.37093,-0.02032
0.11773,-0.18065,0.00047
-0.09435,-0.17182,-0.00704
-0.35290,-1.12755,-0.02180
-0.26024,0.40102,-0.00508
0.02699,-0.62179,-0.00896
-0.22791,-0.25904,-0.01473
-0.22665,-0.74417,-0.01599
0.21287,0.17046,0.00919
-0.13579,-0.32062,-0.01043
-0.15305,-0.37061,-0.01224
-0.22636,0.40303,-0.00465
-0.63949,0.05738,-0.01920
-0.23575,0.31579,-0.00618
-0.89390,0.28454,-0.03116
-0.60327,0.23409,-0.01838
-0.48237,-0.45286,-0.02332
-0.08154,-0.18782,-0.00648
0.26926,-0.36874,0.00274
-0.19677,-0.44642,-0.01067
0.02909,0.33437,0.00429
-0.56691,-0.88404,-0.03078
-0.74408,0.88349,-0.01570
-0.59748,-0.08778,-0.02438
-0.73109,0.32652,-0.02345
-0.04320,0.04768,-0.00211
-0.17451,-0.34960,-0.01369
-0.55956,0.05895,-0.01625
-0.30198,0.33167,-0.00788
0.12162,-0.15822,0.00096
-0.81858,0.39785,-0.02393
0.01684,-0.18670,-0.00339
-0.28842,-0.38644,-0.01647
-0.31783,-0.86598,-0.02341
-0.13107,0.12996,-0.00323
-0.18558,-0.47049,-0.01134
-0.18849,0.37457,-0.00362
0.03796,-0.15530,-0.00202
-0.50563,-0.05148,-0.01771
0.00022,0.10646,0.00031
0.14172,0.38963,0.00917
-0.17914,0.16536,-0.00529
-0.35460,0.58711,-0.00568
-0.43804,-0.10054,-0.01911
-0.33581,0.05085,-0.01354
-0.76618,0.21469,-0.02273
0.19928,0.03489,0.00675
-0.55731,0.00631,-0.01567
-0.72182,0.19110,-0.02449
0.13278,0.35291,0.00880
-0.42688,-0.00302,-0.01690
-0.15982,-0.25399,-0.00964
-0.75363,-0.26338,-0.01906
-0.22355,0.23529,-0.00564
-0.50047,0.25853,-0.01387
-0.28154,0.14377,-0.00880
-0.14264,0.45577,-0.00043
-0.08963,0.39161,0.00132
-0.11117,-0.20226,-0.00872
-0.12688,-0.22573,-0.01001
-0.38135,-0.11089,-0.01356
0.07867,-0.24872,-0.00214
-0.82100,-0.80453,-0.04023
-0.13233,-0.47992,-0.01254
-0.20564,-0.25036,-0.01162
-0.71737,-0.29939,-0.02482
-0.55296,0.45967,-0.01650
-0.45054,-0.24063,-0.01968
-0.35358,0.41844,-0.00842
0.02547,0.24966,0.00316
-0.36501,0.19629,-0.01208
-0.51894,0.00454,-0.01772
-0.22641,0.33709,-0.00360
-0.85254,0.01625,-0.02242
0.14868,-0.47537,-0.00318
-0.45726,0.05833,-0.01809
-0.06334,-0.25133,-0.00707
0.19046,-0.34864,0.00058
-0.74040,-0.03493,-0.02119
-1.03400,0.77173,-0.02494
-0.35224,0.16238,-0.01243
-0.09970,-0.09665,-0.00494
-0.18491,-0.29917,-0.01238
-0.18295,-0.21592,-0.00923
-0.24578,-0.23132,-0.01355
-0.11028,-0.39956,-0.01202
-0.47309,-0.15340,-0.01783
-0.14514,0.14765,-0.00350
-0.42536,-0.11321,-0.01628
-0.59914,0.65551,-0.01442
-0.46016,0.45735,-0.01190
-0.61508,0.11450,-0.02157
0.49742,-0.01582,0.01682
-0.17394,-0.18409,-0.01093
-0.38188,0.56539,-0.00731
-0.54288,0.26584,-0.01674
-0.40997,0.31614,-0.01198
-0.02852,0.05042,-0.00161
-0.60857,-0.26590,-0.02940
-0.27173,0.45797,-0.00373
0.12677,-0.06830,0.00224
-0.19660,-0.32364,-0.01188
-0.49365,0.26902,-0.01174
0.11272,-0.32945,-0.00223
-0.33417,0.55861,-0.00499
-0.35136,-0.27492,-0.01734
-0.69041,0.02779,-0.02662
0.09110,-0.47316,-0.00456
-0.20746,-0.10972,-0.00972
-0.25697,-0.60814,-0.01799
-0.42215,-0.12661,-0.01739
-0.95367,-0.37401,-0.02631
-1.05698,-0.35889,-0.04570
-0.70471,-0.78878,-0.03015
-0.31225,-0.14860,-0.01655
0.28398,-0.04743,0.00896
-0.16136,-0.31953,-0.01177
-0.53899,0.50676,-0.01117
-0.21713,0.28701,-0.00519
-0.27921,0.95264,0.00165
0.04432,0.12931,0.00212
-0.76459,-0.18591,-0.03549
-0.04429,0.39428,0.00264
0.26089,0.16766,0.01091
-0.45956,-0.68019,-0.02654
-0.33323,0.20514,-0.01148
0.27886,-0.15242,0.00604
-0.39946,-0.45630,-0.02570
-0.21274,-0.26224,-0.01342
-0.00047,0.19817,0.00159
0.05911,0.16690,0.00327
-0.87733,0.56611,-0.02090
-0.92807,-0.17137,-0.02600
0.07729,-0.00687,0.00145
-0.28560,0.05221,-0.01281
-0.55755,-0.10074,-0.02078
-0.73686,-0.70854,-0.03103
-0.43611,-0.18153,-0.02155
-0.71702,0.19380,-0.02319
0.20033,-0.25935,0.00186
-0.14316,-0.45021,-0.01107
-0.61346,0.32831,-0.01879
-0.56549,-0.82590,-0.02847
-0.07335,-0.71437,-0.01269
-0.52891,-0.54984,-0.02711
-0.32403,-0.14483,-0.01484
-0.19466,0.11798,-0.00699
-0.51820,0.17659,-0.01486
-0.39080,0.76868,-0.00467
-0.10546,0.06419,-0.00447
-0.71310,-0.33386,-0.03448
-0.56912,-0.03669,-0.02037
-0.98716,-0.72168,-0.03636
-0.18598,0.18447,-0.00597
0.14823,0.26982,0.00783
-0.15038,-0.24009,-0.01114
-0.47290,0.16482,-0.01508
-0.28280,0.45131,-0.00556
-0.18926,-0.31198,-0.01353
-0.62326,0.29284,-0.01586
-0.03510,-0.18380,-0.00509
-0.69506,-0.23480,-0.02440
-0.47218,-0.38163,-0.02507
-0.56994,0.61220,-0.01308
-0.25177,-0.16698,-0.01369
-0.14375,0.08221,-0.00512
0.15635,-0.83025,-0.00589
-0.57456,0.00017,-0.02326
-0.03215,-0.46490,-0.00961
-0.67578,0.12835,-0.02683
0.03905,-0.25721,-0.00331
-0.07552,0.01900,-0.00332
-1.21511,-0.79540,-0.03756
-0.48014,-0.42620,-0.02317
-0.02288,0.01108,-0.00200
0.08397,-0.15907,-0.00051
-0.76145,-0.23244,-0.02876
-0.19634,0.19546,-0.00564
-0.59289,0.39181,-0.01679
-0.36085,0.10395,-0.00989
-0.13888,-0.57369,-0.01263
-0.13655,-0.41136,-0.01183
0.14802,-0.27322,0.00056
-0.67264,-0.74547,-0.02712
-0.55854,-0.00266,-0.01683
-0.27430,-0.38038,-0.01865
0.12113,-0.19239,0.00031
-0.36127,-0.40221,-0.01702
-0.18334,-0.65362,-0.01444
-0.23441,-0.34906,-0.01291
0.12200,-0.28098,-0.00106
-0.25577,-0.26982,-0.01381
-0.27552,-0.11797,-0.01240
-0.35618,0.12095,-0.01118
-0.30619,0.45756,-0.00637
-0.17933,-0.19032,-0.00911
-0.99859,0.41841,-0.02955
-0.60739,-0.80144,-0.02910
-0.13464,0.37514,-0.00106
-0.55877,-0.29033,-0.02540
-0.04439,0.05758,-0.00204
-0.11802,0.29085,-0.00139
-0.37403,0.12113,-0.01443
-0.15809,0.02596,-0.00801
-0.20530,-0.08113,-0.00991
-0.39665,-0.40457,-0.01889
-0.12164,-0.29499,-0.00928
-0.13887,-0.22580,-0.00772
-0.57263,0.03247,-0.02024
-1.03667,0.10929,-0.03305
-0.70573,0.23789,-0.01961
0.16350,-0.00918,0.00394
-0.40111,-0.09594,-0.01316
0.04553,0.19037,0.00305
-0.42249,0.39779,-0.01155
0.09068,-0.40914,-0.00474
-0.29473,0.61480,-0.00338
-0.18719,-0.52109,-0.01632
-0.28539,-0.11963,-0.01427
0.14005,0.11936,0.00539
-0.00524,0.03787,-0.00094
-0.31237,-1.02233,-0.02872
-0.81054,-0.08276,-0.02271
-0.33638,0.00822,-0.01144
-0.71323,-0.03309,-0.02063
-0.56952,0.51381,-0.01431
-0.32630,-0.28736,-0.01904
-0.36405,-0.16084,-0.01374
0.07965,0.07925,0.00271
-0.48393,0.00297,-0.01685
-0.29552,-0.65112,-0.02277
-0.06516,0.36631,0.00139
-0.41515,-0.31558,-0.01905
-0.96800,-0.04196,-0.02904
-0.46652,0.50937,-0.00962
-0.39264,-0.44106,-0.02243
0.05739,-0.02385,0.00051
-0.89567,-0.19675,-0.02708
-1.03072,-0.55937,-0.03330
-0.76162,-0.19660,-0.02420
-0.57893,0.02698,-0.01783
0.11838,-0.49465,-0.00391
-0.28262,-0.23689,-0.01250
-0.29062,0.37152,-0.00637
-0.04287,-0.04481,-0.00401
-0.22670,-0.39749,-0.01380
-0.73305,0.99778,-0.01481
-0.58464,-0.16142,-0.02480
-0.61296,0.34362,-0.01379
-0.52297,0.23063,-0.01649
-0.44350,0.64073,-0.00809
-0.88323,-1.24410,-0.03829
-0.15349,-0.26064,-0.00979
-0.23970,-0.12804,-0.01120
0.32752,-0.00699,0.01049
-0.18941,0.06523,-0.00629
-0.07642,-0.39671,-0.00885
-0.48844,-0.60234,-0.02509
-0.40646,-0.22462,-0.01739
-0.50639,0.34989,-0.01161
-0.11406,0.53731,0.00179
-0.76993,-0.15816,-0.02102
-0.32107,0.06798,-0.01020
-0.56444,0.17570,-0.01740
-0.51347,0.28773,-0.01491
-0.38231,0.39439,-0.00627
-0.79223,-0.59202,-0.02923
-0.20922,-0.21088,-0.01052
-0.14170,-0.72290,-0.01710
-0.12536,-0.52090,-0.01089
0.25632,-0.04789,0.00733
-0.39610,0.80433,-0.00441
-0.05380,0.18873,-0.00066
-0.13010,0.25409,-0.00269
-0.11211,-0.38190,-0.01186
-0.31990,-0.16217,-0.01591
-0.05586,0.24069,-0.00006
-0.05854,0.05381,-0.00275
0.39082,-0.68045,0.00233
-0.40341,-0.67841,-0.02254
-0.29464,-0.45019,-0.01403
0.16210,-0.36068,-0.00084
-0.55955,-0.59538,-0.02468
-0.21066,0.02087,-0.00818
-0.37595,-0.67612,-0.02491
-0.03843,-0.43123,-0.00916
-0.07276,-0.04119,-0.00427
-0.19904,0.83358,0.00256
-0.06192,0.32832,0.00132
-0.18305,0.72044,0.00209
-0.79715,0.72712,-0.01778
-0.47297,0.16759,-0.01309
-0.02406,0.21707,0.00082
-0.61920,-0.57079,-0.02213
0.00721,0.12877,0.00078
-0.66463,-0.26359,-0.02839
-0.07814,-0.40665,-0.00922
-0.13758,-0.18676,-0.00993
-0.36505,0.35182,-0.00973
-0.46302,-0.04899,-0.02199
-0.01035,0.13599,0.00028
0.04870,-0.29038,-0.00297
-0.31392,0.35504,-0.00636
-0.09380,-0.16960,-0.00697
-0.62149,-0.00868,-0.02372
0.03654,-0.25060,-0.00447
0.13924,-0.16661,0.00131
-0.09609,0.11526,-0.00319
-0.12859,0.23448,-0.00194
-0.00786,-0.22810,-0.00419
-0.55026,0.56920,-0.00896
0.04426,-0.51352,-0.00662
0.14842,-0.18173,0.00149
-0.26816,-0.43110,-0.01844
-0.01090,-0.06492,-0.00247
-0.32573,-0.12731,-0.01077
-0.22364,-0.18255,-0.01322
-0.51598,-0.37134,-0.02575
-0.81715,-0.47592,-0.03195
-0.62628,-0.14325,-0.02751
-0.20358,-0.30502,-0.01236
-0.48147,0.11552,-0.01203
-0.26118,-0.45265,-0.01771
-0.09065,0.10510,-0.00323
-0.56702,-0.20742,-0.02314
-0.42395,-0.26704,-0.01895
-0.44768,0.42151,-0.01192
-0.28935,0.05361,-0.01105
0.01052,0.44615,0.00482
-0.14671,-0.34394,-0.00940
-0.25798,-0.04914,-0.01078
-0.76111,0.53575,-0.01972
-0.46291,-0.54825,-0.02253
-0.13147,-0.27419,-0.00854
-0.60314,0.69133,-0.01403
-0.27425,-0.35678,-0.01620
-0.56642,-0.07042,-0.01958
-0.25657,0.77307,0.00023
-0.09312,0.03983,-0.00345
-0.23127,0.44473,-0.00359
-0.70697,-0.80110,-0.02989
-1.05342,-0.24258,-0.03620
-0.06313,0.32268,0.00092
0.37766,-0.17463,0.01017
-0.42826,-0.02063,-0.01402
0.19155,0.04654,0.00676
-0.55160,0.12706,-0.01535
-0.01139,0.08008,-0.00047
-0.40693,0.66356,-0.00694
-0.11015,0.08930,-0.00349
-1.17039,0.08024,-0.03617
-0.29431,0.07314,-0.01161
-0.11222,-0.09816,-0.00705
0.03076,-0.03242,-0.00071
-0.23558,-0.19365,-0.01185
-0.81128,-0.10233,-0.02375
-0.34313,-0.85857,-0.01723
-0.40802,0.49848,-0.00866
-0.64687,0.32835,-0.01773
0.20900,-0.31525,0.00134
-0.28385,-0.15296,-0.01131
-0.25717,0.52252,-0.00303
-0.23085,-0.10667,-0.01067
-0.12346,0.37625,-0.00083
-0.14610,-1.21373,-0.01800
-0.02122,-0.55373,-0.00861
-0.46263,-0.08357,-0.01568
-0.03615,-0.18596,-0.00480
-0.32384,0.48836,-0.00605
0.05214,0.43377,0.00641
-0.18865,-0.16613,-0.01166
0.25719,-0.46431,0.00104
0.14127,0.10119,0.00582
-0.66266,-0.12225,-0.02314
-0.41538,0.01133,-0.01542
-0.01913,0.05796,-0.00126
-0.10264,-0.46281,-0.01299
-0.02405,-0.05115,-0.00258
-0.83680,0.32785,-0.02555
-0.41626,-0.07957,-0.01816
-0.25145,-0.79599,-0.02021
-0.25222,-0.42548,-0.01397
-0.47654,-0.95544,-0.02520
-0.24794,0.27788,-0.00630
-0.28661,-0.69971,-0.01876
-0.04707,-0.26304,-0.00716
-0.94085,0.24938,-0.02261
0.09524,0.17649,0.00495
-0.71650,0.45146,-0.02126
-0.40444,0.08381,-0.01302
-0.63421,-0.79732,-0.03768
-0.10223,-0.85705,-0.01623
-0.75224,-0.78694,-0.02939
-0.75404,0.24671,-0.02552
-0.50714,0.61075,-0.01191
-0.50251,0.51219,-0.01354
-0.15482,-0.47674,-0.01179
-0.39495,-0.02085,-0.01379
0.00605,-0.20630,-0.00309
-0.04972,-0.56692,-0.01281
-0.69904,-0.40475,-0.02361
-0.19524,-0.05873,-0.00983
-0.59148,-0.52421,-0.02455
-0.74321,0.93785,-0.01355
-0.35342,0.39931,-0.00712
-0.17084,0.37123,-0.00262
-0.18508,-0.00419,-0.00780
-0.48192,-0.30362,-0.02129
-0.25855,0.26383,-0.00737
-0.50257,0.18898,-0.01524
0.29088,0.07575,0.01120
-0.00919,-0.51465,-0.00813
0.40286,-0.46232,0.00528
-0.94321,-0.85213,-0.04339
-0.35874,0.26369,-0.00846
-0.57073,-0.56824,-0.03121
-0.31450,-0.09766,-0.01454
0.10895,-0.07529,0.00157
-0.21041,-0.24183,-0.00938
-0.73057,0.22446,-0.02341
0.16201,-0.79354,-0.00569
-0.29997,-0.72327,-0.02353
-0.52024,-0.10735,-0.02154
0.18827,0.23130,0.00914
-0.35055,-0.15128,-0.01381
-0.46977,-0.02408,-0.01961
-0.77784,0.69381,-0.01441
-0.12374,0.38262,-0.00072
0.23686,0.42627,0.01252
-0.71570,0.24569,-0.02473
-0.14786,-0.55108,-0.01550
-0.63614,-0.10197,-0.01754
0.14143,-0.12990,0.00199
0.29164,0.15558,0.01154
-0.68553,0.76264,-0.01683
-0.32022,-0.61221,-0.01966
-0.20579,-0.31642,-0.01301
0.16761,-0.12419,0.00294
-0.93656,-0.25348,-0.03887
-0.40205,-0.19064,-0.02028
-0.01633,0.05248,-0.00105
-0.26438,0.18667,-0.00733
-0.85356,0.74773,-0.01988
-0.50448,0.23722,-0.01645
-0.80035,0.29419,-0.02508
0.22310,0.41792,0.01367
-0.37952,-0.10928,-0.01754
-0.16494,-1.22646,-0.01784
-0.85931,0.01674,-0.02485
-0.73766,-1.04308,-0.03731
-0.15037,-0.42460,-0.01179
-0.68821,0.14322,-0.02291
-0.33676,0.84980,-0.00206
-0.29097,-0.94505,-0.02176
-0.02610,-0.19320,-0.00514
-0.20829,0.83937,0.00213
-0.12859,0.16592,-0.00392
-0.77643,0.16471,-0.02391
-0.40954,0.64407,-0.00711
0.06896,0.38659,0.00646
-0.20908,-0.27784,-0.01472
0.16514,0.12162,0.00675
-0.42718,-0.10923,-0.02045
-0.38659,0.02065,-0.01263
-0.35373,0.36357,-0.00661
-0.03323,0.48045,0.00420
-0.19619,0.30648,-0.00329
0.10621,0.41132,0.00820
-0.29161,-0.82963,-0.02101
0.15465,-0.12837,0.00264
-0.31315,0.18817,-0.01117
-0.79962,-0.08890,-0.03049
-0.72830,0.51447,-0.02173
0.10401,0.19874,0.00487
-0.21030,-0.15332,-0.01150
-0.43960,-1.15523,-0.02909
-0.44581,0.84877,-0.00566
-0.07188,0.15980,-0.00158
-1.05263,0.12345,-0.02702
-0.45790,-0.27883,-0.02217
-0.17780,-0.18729,-0.00892
-0.06679,-0.83134,-0.01366
-0.55348,0.17003,-0.01950
-0.12141,-0.22660,-0.00845
-0.78797,0.15296,-0.02729
-0.83044,0.09593,-0.03047
-0.16547,0.15453,-0.00494
-0.20720,-0.25670,-0.01096
-0.69081,-0.14566,-0.02867
-0.63993,-0.54431,-0.03780
0.08496,-0.45728,-0.00408
-0.81510,-0.50936,-0.02848
-0.60519,-0.93294,-0.03628
-0.23398,-0.43976,-0.01529
-0.84345,0.35256,-0.02216
-0.81725,-0.02504,-0.02230
-0.04619,-0.14727,-0.00461
-0.22653,-0.00497,-0.00995
-0.25600,0.02077,-0.00994
-0.17549,-0.07579,-0.00894
-0.86824,0.75621,-0.02299
-0.06750,0.13943,-0.00170
-0.70620,0.36323,-0.01719
-0.08408,-0.51629,-0.01122
-0.34645,-0.07424,-0.01311
-0.79404,0.06274,-0.01783
-0.61192,0.24753,-0.01738
-0.28003,0.51335,-0.00386
-0.59300,0.24077,-0.01780
-0.71669,0.50220,-0.02084
-0.21885,-0.19381,-0.01046
-0.70249,0.09293,-0.02014
-0.46749,-0.11880,-0.02221
-0.38786,-0.57318,-0.01730
-0.13208,0.02614,-0.00483
-0.32323,-0.71541,-0.02437
-0.53572,0.64447,-0.01028
-0.51336,-0.62307,-0.02477
-0.19140,0.09867,-0.00689
-0.24511,-0.17389,-0.01429
-0.26030,-0.07605,-0.01104
-0.88457,-0.72292,-0.03930
-0.09623,-0.04941,-0.00559
-0.07340,-0.09702,-0.00574
-0.58167,0.12219,-0.01859
-0.79495,-0.00296,-0.03046
-0.27116,0.31563,-0.00679
-0.60720,-0.14853,-0.02470
-0.27977,-0.18404,-0.01241
0.01016,-0.46948,-0.00818
-0.18190,-0.16311,-0.00936
-0.18568,0.27781,-0.00354
-0.28232,-0.21732,-0.01444
-0.35440,0.01317,-0.01127
0.12535,0.15439,0.00588
-0.00719,0.12543,0.00024
0.04369,0.04039,0.00087
0.09493,-0.05800,0.00120
-0.33350,0.21416,-0.00902
-0.61046,-0.53640,-0.03475
-0.65783,0.72334,-0.01460
0.01217,0.06257,0.00021
-0.80515,0.08995,-0.02753
-0.18013,-0.65420,-0.01433
-0.83780,-0.01055,-0.03445
-0.35481,0.36595,-0.00944
-0.44712,-0.14602,-0.01954
0.12724,-0.63041,-0.00510
-0.66390,-0.00128,-0.02789
-0.36508,0.84934,-0.00282
-0.21904,-0.09884,-0.00978
-0.33754,-0.32111,-0.01464
-0.63790,0.46944,-0.01653
0.22290,-0.79879,-0.00401
-0.68866,0.59207,-0.01718
-0.66759,-0.60161,-0.02757
-0.60961,0.59832,-0.01235
0.16736,0.08460,0.00599
-0.82025,-0.02819,-0.02646
-0.27696,0.26216,-0.00878
-0.06990,-0.30401,-0.00673
-0.18822,0.09190,-0.00761
-0.15549,0.27783,-0.00323
-0.48748,0.45547,-0.01305
-0.07887,-0.00908,-0.00418
0.18880,0.14594,0.00692
-1.65342,-0.35688,-0.04879
-0.56934,0.26714,-0.01388
-0.27951,-0.32785,-0.01652
-0.14800,0.34180,-0.00204
0.03366,-0.00870,-0.00026
-0.09995,-0.03873,-0.00493
-0.21969,-0.59299,-0.01752
-0.37485,-0.49888,-0.01704
-0.27595,0.25825,-0.00711
-0.57612,-0.40630,-0.02490
0.05379,-0.53204,-0.00640
-0.65609,-0.71450,-0.03947
-0.53174,0.45383,-0.01258
-0.16698,-0.02453,-0.00799
0.01650,-0.41073,-0.00698
-0.00867,0.02613,-0.00134
-0.57415,0.28400,-0.01671
-0.02168,-0.13176,-0.00430
-0.01820,-1.18376,-0.01452
-0.68547,-0.53286,-0.02913
-0.40752,0.70326,-0.00589
-0.08874,-0.28070,-0.00769
-0.27821,-0.23134,-0.01428
-0.17298,-0.38226,-0.01364
-0.42605,0.40814,-0.00990
-0.22547,0.10332,-0.00906
-0.47519,-0.24204,-0.02557
0.11880,-0.14485,0.00111
-0.50824,-0.27648,-0.02504
-0.60628,-0.00891,-0.01971
-0.43295,0.29330,-0.01259
-0.18405,-0.72610,-0.01221
-0.44063,-0.73016,-0.02415
-0.03424,-0.33668,-0.00658
-0.51219,-0.08404,-0.02015
-0.45492,0.07537,-0.01442
-0.26920,-0.17032,-0.01453
-0.04637,-0.15701,-0.00490
-0.27019,-0.49041,-0.01801
-0.03087,0.23262,0.00079
-0.47703,-0.00571,-0.01551
-1.51265,-0.21789,-0.04571
-0.08046,-0.14329,-0.00655
-0.72106,0.91396,-0.01547
0.06079,0.05812,0.00173
-0.89180,-0.32281,-0.03453
-0.06222,-0.81311,-0.01452
-0.18269,-0.47681,-0.01321
-0.26162,-0.66451,-0.01992
-0.14599,1.02235,0.00698
-0.40159,-0.00841,-0.01355
-1.20931,-0.31514,-0.03680
-0.09182,-0.00276,-0.00459
-1.04181,0.01658,-0.04152
-0.22049,0.06774,-0.00809
0.07463,-0.17987,-0.00100
-0.27686,0.10571,-0.01009
-0.01636,0.21247,0.00107
-0.46290,-0.03331,-0.02100
-0.69480,-0.80713,-0.03202
-0.26730,-0.25325,-0.01373
-0.69483,-0.51813,-0.02548
0.17150,-0.17920,0.00198
-0.33162,0.23861,-0.00835
-0.36578,0.76251,-0.00408
-0.10686,-0.62854,-0.01482
-0.45652,-0.42277,-0.02494
0.04537,-0.09493,-0.00101
-0.85671,0.71770,-0.01595
0.03660,-0.50635,-0.00660
-0.32044,0.08936,-0.01116
0.19044,0.25302,0.00816
-0.36716,0.37159,-0.01026
-0.29184,0.02160,-0.01282
-0.34148,0.57972,-0.00595
-0.25848,-0.15917,-0.01231
-0.99075,0.77371,-0.01903
-0.09497,0.07027,-0.00389
-0.43749,0.48085,-0.00843
-0.09446,0.20942,-0.00159
-0.09548,0.02303,-0.00419
-0.62970,0.10860,-0.01536
-0.20821,0.38042,-0.00386
-0.30166,-0.05414,-0.01429
-0.26429,-0.05533,-0.01067
-0.63893,-0.95353,-0.03179
-1.01254,-0.28802,-0.03994
-1.06796,0.14340,-0.03423
-0.42394,-0.14423,-0.01669
-0.00318,0.62603,0.00691
-0.29425,0.11242,-0.00836
-0.21515,0.22301,-0.00559
-0.17768,0.09477,-0.00708
-0.35647,-0.36773,-0.02025
-0.23042,-0.22990,-0.01221
0.08655,-0.50204,-0.00437
-0.54185,0.56288,-0.01412
-0.83507,0.34411,-0.02399
-0.67090,-1.36906,-0.03603
-0.82542,0.60871,-0.02131
-0.21294,-0.26718,-0.01352
-0.16224,-0.03578,-0.00683
-0.77906,0.47900,-0.02174
-0.40908,-0.53301,-0.02588
-0.35792,-0.48900,-0.01730
-1.46463,-0.32880,-0.04779
-0.04399,-0.05653,-0.00419
-0.49449,-0.26807,-0.02240
0.04137,0.26481,0.00401
-0.24434,0.31320,-0.00603
-0.22171,0.70766,0.00068
-0.75581,-0.52387,-0.03327
-0.03794,-0.22582,-0.00557
-0.23492,-0.18365,-0.01339
-0.69727,0.36607,-0.02062
-0.43818,-0.80105,-0.02692
0.18858,-0.05667,0.00463
-0.21318,-0.06884,-0.00954
-0.79339,-0.48537,-0.03482
-0.81741,0.28086,-0.01871
0.04446,0.01126,0.00047
-0.04385,-0.45085,-0.00817
-0.77028,-0.26939,-0.02528
-0.78957,0.77138,-0.01912
-0.26222,-0.16119,-0.01357
-0.26147,0.40252,-0.00402
-0.57625,0.00637,-0.01925
-0.01673,-0.25443,-0.00502
-0.83747,0.25090,-0.02772
-0.21731,0.06535,-0.00819
-0.32874,0.04211,-0.01285
-0.20872,-0.60973,-0.01841
-0.54830,-0.03203,-0.01729
-0.43342,0.02907,-0.01845
-0.48350,-0.24828,-0.02294
-0.13997,0.16346,-0.00407
-0.93670,0.35203,-0.02599
-0.13949,-0.45938,-0.01215
-0.51274,-0.00878,-0.01774
-0.52695,0.66459,-0.01191
-0.17537,-0.18420,-0.01090
0.05751,-0.13851,-0.00091
-0.02602,0.13739,-0.00026
0.16812,0.02722,0.00537
-0.14668,-0.33523,-0.01191
-0.30844,0.22645,-0.00955
-0.62862,-0.12657,-0.02671
-0.16313,-0.00700,-0.00791
-0.82059,0.30753,-0.01913
-0.30566,0.41178,-0.00687
-0.20988,0.26378,-0.00611
-0.31310,-0.21619,-0.01313
-0.44787,0.02807,-0.01848
-0.38463,0.19329,-0.01099
-0.46287,-0.51751,-0.02387
-0.33900,-0.03518,-0.01413
0.33079,-0.24668,0.00710
-0.04212,-0.44024,-0.00912
0.05814,-0.08454,-0.00033
-0.35865,-0.24347,-0.01844
-0.55677,-0.22783,-0.02521
-0.27282,-0.26404,-0.01406
-0.05659,-0.22858,-0.00774
-0.11509,0.10194,-0.00446
-0.47159,-0.15289,-0.01711
-0.30787,-0.24067,-0.01411
-0.09656,0.23842,-0.00123
-0.08027,0.11588,-0.00303
-0.44013,-0.04604,-0.01899
-0.23718,-0.02645,-0.00915
-0.47241,0.41831,-0.01264
-0.19470,-0.09033,-0.00876
-0.16395,-0.18808,-0.00942
-0.03470,0.06447,-0.00172
-0.18303,0.23231,-0.00491
-0.58464,0.05713,-0.01651
0.11853,0.47374,0.00907
-0.57129,0.18268,-0.01824
-0.28142,-0.25151,-0.01438
0.07281,-0.20073,-0.00131
0.38115,-0.17934,0.00974
-0.56894,0.14616,-0.01788
-0.70517,0.06816,-0.02426
-0.08942,0.44484,0.00181
-0.43125,-1.23749,-0.03026
-0.21976,-0.15560,-0.01059
-0.19800,-0.52915,-0.01315
-0.45695,0.11817,-0.01280
-0.06437,-0.32946,-0.00936
-0.19123,0.01757,-0.00821
-0.31464,-0.00408,-0.01191
-0.29503,-0.74378,-0.02046
-0.42365,-0.54350,-0.02218
-0.35498,0.00498,-0.01233
-0.07931,-0.08118,-0.00531
-0.08134,0.44982,0.00218
-0.37185,-0.68656,-0.02246
0.01757,-0.21795,-0.00339
-0.60991,-0.61053,-0.03227
-0.36151,0.26124,-0.01174
-0.27646,-0.45491,-0.01411
-0.14373,-0.08681,-0.00900
-0.24511,0.48223,-0.00314
-0.28025,0.48052,-0.00557
-0.14242,-0.25653,-0.00923
-0.14356,0.32399,-0.00234
-0.22636,-0.21382,-0.01420
-0.48521,0.78318,-0.00831
-0.56242,0.33681,-0.01598
-0.15109,0.13881,-0.00398
-0.42792,0.02079,-0.01356
0.04572,-0.20628,-0.00240
-0.17529,-0.47755,-0.01443
-0.85103,-0.61078,-0.02845
-0.13925,-0.13329,-0.00804
-0.06275,0.41080,0.00205
-0.42535,-0.14784,-0.01882
-0.33826,-0.47614,-0.02106
-0.46070,0.21330,-0.01198
-0.03344,-0.68749,-0.01111
-0.55089,0.74520,-0.00919
0.09078,-0.84174,-0.00766
-0.66246,-1.04954,-0.03060
-0.27940,-0.01050,-0.00980
-0.42220,-0.06854,-0.01527
0.12278,-0.35884,-0.00200
-0.10432,-0.07835,-0.00550
-0.19072,-0.51818,-0.01363
-0.31415,-0.34135,-0.01778
-1.11374,0.19931,-0.03248
-0.45749,-0.18105,-0.01739
-0.73468,-0.24398,-0.03277
-0.05916,0.44851,0.00276
-0.49227,-0.24386,-0.02049
-0.46981,-0.13997,-0.01248
-0.04686,0.62085,0.00539
-0.13883,-0.01613,-0.00600
-0.02350,0.00313,-0.00192
-0.30251,-0.12838,-0.01560
-0.75308,0.21912,-0.02644
-0.32028,0.02996,-0.01414
-0.54674,0.23093,-0.01482
-0.50999,0.03287,-0.02050
-0.03446,-0.90963,-0.01457
-0.00850,-0.00159,-0.00132
0.12771,-0.17237,0.00062
0.18366,0.03101,0.00603
0.03201,-0.40194,-0.00641
0.29539,0.18559,0.01248
-0.73913,0.03648,-0.02861
-0.69864,0.26868,-0.02116
-0.63754,-0.16078,-0.02771
-0.58894,0.54587,-0.01578
-0.61017,0.07476,-0.01741
-0.95517,-0.04520,-0.02652
-0.30703,0.21048,-0.01041
-0.63386,0.75520,-0.01168
-0.45012,0.12268,-0.01645
-0.78740,-0.17247,-0.02372
0.26677,-0.03615,0.00783
0.10689,0.15886,0.00493
-0.11259,-0.11290,-0.00689
-0.23437,0.33610,-0.00435
-0.07512,-0.45133,-0.01020
-0.27726,-0.81279,-0.01722
-0.15794,-0.07239,-0.00638
-0.54388,0.36037,-0.01536
-0.64398,-1.22344,-0.03070
-0.65630,0.25465,-0.02404
0.32066,0.23263,0.01411
-1.12395,-0.76219,-0.04044
0.00595,0.03163,-0.00087
-0.18410,-0.42090,-0.01274
-0.08748,0.18292,-0.00196
-0.40125,-0.14610,-0.01964
0.05568,-0.20064,-0.00182
0.08256,0.64987,0.01041
-0.12715,0.25670,-0.00289
-0.80823,0.03694,-0.02308
-0.12721,-0.07843,-0.00604
-0.00669,0.38091,0.00419
-1.21298,-1.14607,-0.06350
0.20486,-0.17452,0.00365
-0.34434,-0.05115,-0.01347
0.18330,-0.06501,0.00421
-0.05176,-0.88906,-0.01611
-0.29537,0.17694,-0.00936
-0.40440,-0.23765,-0.02129
-0.16655,0.42432,-0.00163
-0.89090,-0.00355,-0.02863
-0.27304,1.02660,0.00292
-0.83491,-0.14438,-0.03414
-0.71314,-0.38726,-0.03004
-0.31119,-0.39369,-0.01884
-0.19849,0.17358,-0.00535
-0.16030,-0.35535,-0.01004
-0.39398,-0.08630,-0.01334
0.10646,-0.46559,-0.00357
-0.20352,-0.49455,-0.01506
-0.20356,-0.01539,-0.01010
-0.17268,0.32914,-0.00280
-0.38461,-0.04831,-0.01258
-0.29281,-0.07569,-0.01308
0.24111,-0.41432,0.00085
0.15012,0.23862,0.00737
-0.03809,-0.60923,-0.01031
0.30413,-0.31260,0.00467
0.02256,-0.20362,-0.00331
0.02854,-0.13546,-0.00250
-0.61890,0.13287,-0.01785
-0.37674,-0.25524,-0.01634
-0.49151,-0.13657,-0.02062
-0.59651,0.17954,-0.01839
-0.30836,0.61331,-0.00422
-0.06472,0.15059,-0.00114
-0.50424,0.62338,-0.01013
-0.77607,0.31838,-0.02049
-0.09374,-0.49479,-0.01099
-1.25921,-0.62768,-0.04136
-0.28741,0.45012,-0.00607
0.28175,-0.24801,0.00540
-0.30060,-0.41296,-0.01659
-0.20445,-0.53750,-0.01559
-0.01716,-0.01176,-0.00197
-0.45917,-0.46438,-0.02338
-0.84579,0.57685,-0.01760
-0.13479,-0.12781,-0.00751
0.03367,0.07054,0.00097
-0.72435,0.32941,-0.01864
-0.49080,0.64912,-0.00867
-0.29404,-0.01625,-0.01041
-0.03703,0.07709,-0.00184
-1.09411,-0.99928,-0.04687
-0.68834,0.36548,-0.02170
-0.78631,0.33411,-0.01811
0.29142,-0.50146,0.00275
-0.79321,-0.30130,-0.02621
-0.24721,-0.71650,-0.01555
-0.52184,0.59946,-0.00975
-0.87156,-0.75773,-0.03701
0.04520,-0.22051,-0.00303
-0.11490,0.66839,0.00400
0.14916,-1.24812,-0.01200
0.02547,-0.02275,-0.00094
0.23772,-0.18322,0.00466
-0.19785,-0.16046,-0.01020
-0.21279,-0.54887,-0.01846
-0.05146,0.20000,-0.00057
-0.85219,-0.13465,-0.03585
-0.07973,-0.18568,-0.00630
0.12055,0.06518,0.00437
-0.23175,0.20728,-0.00587
-0.73767,-0.07012,-0.02463
-0.11316,0.06587,-0.00438
-0.81669,-0.12059,-0.03275
-0.30586,0.25198,-0.00915
-0.31780,0.51627,-0.00659
-0.56878,0.39553,-0.01772
-0.73374,0.62075,-0.01820
-0.06475,-0.63072,-0.01423
0.12895,0.25713,0.00706
-0.33526,-0.47449,-0.01559
-0.17172,0.14676,-0.00535
-0.19106,-0.36385,-0.01350
0.14715,-0.15426,0.00187
-0.17331,-0.49768,-0.01638
-0.49546,0.33217,-0.01130
-0.47010,0.49867,-0.01112
-0.58368,0.12859,-0.01540
-0.84612,0.46809,-0.02261
-0.29329,0.31790,-0.00758
-0.36954,-0.29838,-0.02019
-0.28320,-0.32440,-0.01687
-0.51536,0.38456,-0.01371
-0.08374,0.31560,-0.00017
-0.41515,-0.71309,-0.02853
-0.09800,0.06559,-0.00339
-0.50710,-0.21538,-0.02469
-0.58626,0.43646,-0.01270
-0.61107,-0.66259,-0.02607
-0.27601,0.23529,-0.00735
-0.57256,0.29922,-0.01909
0.00761,-0.24134,-0.00550
-0.32455,0.88376,-0.00140
-0.64172,0.23761,-0.01493
-0.21204,0.00361,-0.00808
-0.16986,0.09968,-0.00614
-0.43681,-0.19885,-0.01394
-0.19177,0.08115,-0.00659
-0.46741,0.55532,-0.00975
-0.47253,-0.84283,-0.02110
-0.33798,-0.59990,-0.01551
0.12376,0.19515,0.00661
-0.72347,0.65222,-0.01813
0.22087,-0.31496,0.00209
-0.14187,0.43779,-0.00041
0.10473,0.29323,0.00629
0.19085,0.28488,0.00975
-0.46218,0.04653,-0.01720
0.19744,-0.03205,0.00535
-0.10091,0.13461,-0.00360
-0.55046,0.73290,-0.01054
-0.72565,-0.51057,-0.02929
-0.37150,-0.99288,-0.02297
-0.24335,-0.31920,-0.01493
-0.00332,0.10404,0.00025
-0.57325,0.09993,-0.02268
-0.44994,0.15193,-0.01389
0.13882,-0.28570,-0.00057
-0.14905,0.10236,-0.00514
-0.46767,-0.32785,-0.02346
-0.48513,-0.60174,-0.02892
-0.61958,-0.24497,-0.02216
-0.33328,0.13976,-0.01124
-0.06841,-0.56014,-0.01128
-0.18926,-0.24894,-0.01035
-0.53993,0.10958,-0.02159
-0.33336,-0.23034,-0.01632
-0.44632,0.19282,-0.01445
-0.18055,0.20231,-0.00458
-0.20814,-0.14698,-0.01018
-0.68934,0.26701,-0.01608
-0.32512,-0.08398,-0.01524
-0.33776,-0.47719,-0.01525
-0.51952,0.18741,-0.01804
-0.06871,0.02696,-0.00292
-0.71697,-0.01923,-0.02595
-0.16317,-0.28757,-0.00977
-0.41131,0.33452,-0.01270
-1.04319,0.79795,-0.02630
-0.12876,-1.47278,-0.02199
-0.19040,0.38577,-0.00302
-0.02886,-0.39374,-0.00774
-0.16781,-0.65689,-0.01482
-0.54618,0.11149,-0.01786
-0.66807,-0.23560,-0.02691
-0.09536,0.34303,0.00009
-0.14713,-0.22002,-0.01014
-0.59366,-1.05682,-0.03531
-0.17403,-0.19963,-0.01053
-0.45395,-0.21904,-0.02337
-0.31015,0.31986,-0.00899
-0.13112,0.31637,-0.00204
-0.35877,-0.92620,-0.02093
-0.24955,-0.52217,-0.01426
-0.07357,0.05389,-0.00283
-0.20034,0.37281,-0.00319
-0.41147,-0.00507,-0.01606
-0.47884,-0.44606,-0.01896
0.21880,-0.01015,0.00634
-0.10541,-0.30591,-0.00918
-0.22109,-0.30449,-0.01257
-0.48760,0.18211,-0.01481
-0.65081,0.60111,-0.01411
-0.23129,0.18520,-0.00748
-0.20392,-0.05714,-0.00874
-0.79467,-0.92120,-0.03702
-0.06427,-0.14552,-0.00446
-0.48128,0.03685,-0.01879
-0.42056,-0.21637,-0.01845
-0.42818,-0.01997,-0.01580
-0.16836,-0.14422,-0.00911
-0.56261,0.52324,-0.01415
-0.71823,-0.12477,-0.02806
-0.17219,-0.15378,-0.01036
0.01253,-0.25867,-0.00504
-0.19363,0.35124,-0.00344
0.13936,-0.51182,-0.00320
-0.17196,-0.41091,-0.01171
-0.90961,0.62202,-0.02575
-0.34782,0.29160,-0.01038
-0.08110,0.44668,0.00232
-0.17967,-0.36344,-0.01367
-0.17823,-0.38235,-0.01185
-0.44955,-0.29065,-0.01982
0.17987,-0.15575,0.00272
-0.30269,-0.28606,-0.01796
-0.66316,-0.99599,-0.02768
-0.28989,-0.54924,-0.01912
-0.22123,0.20815,-0.00576
-0.12564,-0.00497,-0.00579
-0.99893,-0.56037,-0.02975
-0.26262,-0.03077,-0.01145
-0.68794,0.36635,-0.01934
-0.73050,0.72196,-0.01701
-0.42328,0.27617,-0.01027
-1.08443,0.30424,-0.03351
-0.42618,-0.20040,-0.02005
-0.54662,-0.14761,-0.02351
-0.51722,-0.51969,-0.02149
-0.99053,-0.06486,-0.03442
-0.07663,0.20280,-0.00117
-0.17716,-0.07022,-0.00718
-0.53936,0.64640,-0.01030
0.01172,0.21511,0.00226
-0.55883,0.02700,-0.02068
-0.81758,-1.13432,-0.04011
0.09746,0.29235,0.00623
0.04958,-0.14949,-0.00179
-0.11806,-0.20317,-0.00906
-0.28531,-0.30260,-0.01565
-0.54467,-0.46398,-0.02622
-0.49225,-0.43087,-0.02030
-0.79116,-0.20190,-0.03085
-0.51624,0.12516,-0.01261
-0.22330,0.33037,-0.00486
-0.13101,-0.42610,-0.01385
0.04132,-0.14721,-0.00170
-0.25763,-0.53292,-0.01584
-0.20158,-0.07898,-0.00828
-0.60800,-0.41412,-0.02673
-0.85066,0.41387,-0.01913
-0.80460,0.30797,-0.02461
-0.28864,0.28541,-0.00879
-0.33075,0.15958,-0.01004
-0.44319,-0.08475,-0.01951
-0.04611,0.22337,0.00015
-0.33878,0.06684,-0.01369
-0.29220,0.58416,-0.00442
-0.57965,-0.38660,-0.02368
-0.18183,-0.44053,-0.01503
-0.46692,-0.40604,-0.02284
-0.54509,-0.65718,-0.03416
-0.43971,0.02778,-0.01647
-0.41807,0.44693,-0.00819
-0.19653,0.27713,-0.00441
0.06680,0.14648,0.00297
-0.10983,0.05504,-0.00382
-0.33203,-0.25683,-0.01671
0.10269,-0.25742,-0.00086
-0.01925,-0.60140,-0.01007
-0.33269,0.40917,-0.00785
0.09583,0.18023,0.00474
-0.24710,0.06020,-0.00764
-0.24663,-0.31477,-0.01157
-0.65520,0.27245,-0.01640
-0.40367,-0.55308,-0.01932
-0.72283,0.58025,-0.02049
-0.08422,-0.28318,-0.00725
-0.46844,0.43442,-0.01192
-0.15782,-0.41580,-0.01237
-0.16842,-0.02441,-0.00661
-0.02024,-0.07562,-0.00259
-0.52374,0.59461,-0.01008
-0.20486,-0.25297,-0.01145
-0.19113,-0.13649,-0.01095
0.31468,-0.38659,0.00465
-0.60856,-0.40164,-0.03023
-0.50755,-0.62764,-0.02755
-0.02099,0.12684,-0.00036
-0.57680,-0.03269,-0.02235
-0.31099,-0.07184,-0.01206
-0.19382,0.37328,-0.00279
-0.36165,-0.91976,-0.02321
-0.27292,-1.02989,-0.02541
0.09088,-0.84112,-0.00899
-0.08266,-0.34573,-0.00864
-0.04391,0.11717,-0.00124
-0.12556,0.60286,0.00244
-0.01238,-0.50199,-0.00835
-0.47528,0.45847,-0.00882
-0.27527,0.10097,-0.00957
-0.71169,0.02413,-0.02478
-0.95138,-0.27358,-0.03031
0.02588,0.19081,0.00226
-0.10907,-0.00267,-0.00396
-0.66000,-0.00438,-0.02488
-0.11552,0.32852,-0.00100
-0.24139,-0.29031,-0.01517
-0.09029,0.33486,0.00010
-0.16991,0.01779,-0.00802
-0.41918,-0.15304,-0.01630
0.11181,0.47901,0.01004
-0.43250,0.32757,-0.01118
0.00135,0.39253,0.00403
-0.39596,-0.95878,-0.02316
-0.18221,-0.68326,-0.01502
0.06873,-0.02914,0.00079
-0.23113,0.13172,-0.00734
-0.95862,0.25028,-0.03355
-0.34995,0.83121,-0.00246
-0.45388,0.16748,-0.01700
0.01601,0.36338,0.00428
-0.20494,0.21896,-0.00397
-0.11643,0.13025,-0.00417
0.05557,-0.12098,-0.00072
-0.61730,0.11357,-0.02445
-0.61504,0.22476,-0.01671
-0.66965,-0.65919,-0.02992
-0.01570,-0.21781,-0.00488
-0.04394,0.01386,-0.00288
-0.05644,0.12665,-0.00129
-0.89286,-0.97935,-0.04486
-0.57620,0.06720,-0.01957
0.07268,-0.04022,0.00074
-0.36044,0.54690,-0.00779
-0.10120,0.05292,-0.00468
-0.39932,-0.66102,-0.02642
-0.39678,0.48510,-0.00880
0.00808,0.11783,0.00067
-0.23747,0.94343,0.00290
-0.36054,-0.31733,-0.01456
-0.34905,0.18298,-0.01041
-0.29977,0.21634,-0.01025
0.13595,0.09505,0.00538
-0.00532,0.08551,-0.00048
-0.39016,-0.28443,-0.01884
-0.53363,-0.12360,-0.02194
-0.31852,0.30966,-0.00893
-0.31626,-0.26609,-0.01720
-0.10446,0.38205,0.00054
-0.61568,-0.25064,-0.02745
-0.31434,0.42341,-0.00683
0.02356,-0.04893,-0.00111
-0.18135,0.24029,-0.00491
-0.19042,-0.62603,-0.01759
-0.49107,0.43075,-0.01220
-0.73805,0.16469,-0.02380
-0.63167,-0.41237,-0.02715
0.18375,-0.55612,-0.00201
-0.46459,-0.61997,-0.02286
-0.33785,-0.23587,-0.01620
-0.12185,-0.10778,-0.00773
-0.79473,-0.16802,-0.02214
-0.70473,0.16420,-0.01994
-0.75194,-0.63559,-0.03834
0.32645,-0.38192,0.00480
-1.29709,-0.97390,-0.04663
-0.51010,0.12930,-0.01687
-0.60577,0.14529,-0.01835
-0.31696,0.20279,-0.00738
-0.48220,-0.26173,-0.02198
-0.39257,0.54011,-0.00840
-0.30769,-0.35738,-0.01276
-0.31157,0.17279,-0.01173
-0.05212,-0.29143,-0.00699
-0.00811,0.09182,-0.00031
-0.68348,-0.15657,-0.02360
-0.67527,0.50979,-0.01426
-0.86466,0.35047,-0.02154
-0.30232,-0.00063,-0.01193
0.26257,-0.23585,0.00492
-0.52035,0.09616,-0.01912
-0.27946,-0.27497,-0.01456
-1.07017,-0.11780,-0.02738
-0.68353,0.26421,-0.02333
-0.20648,0.02189,-0.00882
-0.48799,0.33440,-0.01450
0.03308,-0.44219,-0.00654
-0.39675,-0.36548,-0.01989
-1.05896,-0.88848,-0.04052
-0.25330,0.10406,-0.01004
-0.48304,0.33502,-0.01252
-0.31111,-0.20873,-0.01296
0.03627,-0.40061,-0.00485
-0.64127,0.94211,-0.00910
-0.21528,-0.34321,-0.01298
-0.31166,-0.27580,-0.01607
-0.47893,0.25123,-0.01508
0.12278,0.17837,0.00630
-0.55325,-0.94093,-0.02925
-0.48880,0.03007,-0.01268
-0.19987,-0.01483,-0.00845
-0.50918,0.56983,-0.01232
-0.29002,-0.48948,-0.01639
-0.36680,-0.38389,-0.01969
-0.52107,0.93537,-0.00751
-0.17934,-0.54787,-0.01062
-0.82974,0.04798,-0.02490
-0.39800,-1.14262,-0.03386
-0.11576,-0.33450,-0.00996
-0.49712,0.59017,-0.01071
-1.02811,-0.45249,-0.03308
-0.20747,0.77665,0.00182
-0.42721,0.35887,-0.01275
-0.62945,0.29715,-0.01576
-1.50868,-1.57463,-0.05594
0.30114,-0.31680,0.00412
-0.92105,-0.10308,-0.02910
-0.43596,0.18109,-0.01524
-0.05702,0.33843,0.00135
-1.27937,-0.88616,-0.04883
-0.08115,-0.26869,-0.00842
-0.27014,-0.27898,-0.01285
-0.34655,-0.35040,-0.01729
-0.28411,0.46711,-0.00500
-0.65684,0.56608,-0.01485
-0.59183,0.13790,-0.01653
-0.23329,-0.09814,-0.00897
-0.62891,-0.79272,-0.03008
-0.20798,-0.17697,-0.00882
-0.13574,0.56190,0.00176
-0.23658,0.16103,-0.00702
0.12633,0.35745,0.00890
-0.39460,-1.27616,-0.02823
-0.13163,0.00049,-0.00661
-0.34056,0.17246,-0.01228
-0.43254,-0.77435,-0.02227
-0.09607,0.46882,0.00177
-0.65228,-0.32164,-0.02553
-0.30350,0.07007,-0.01114
-0.07764,0.13274,-0.00213
-0.53462,-0.27106,-0.02192
-0.67461,-0.21909,-0.02267
-0.14870,-0.30181,-0.00918
-0.44546,-0.01205,-0.01814
-0.76349,-0.20536,-0.03012
-0.14873,-0.10053,-0.00814
-1.14784,-0.89034,-0.04486
-0.85900,-0.46395,-0.03330
-0.27148,-0.01300,-0.01040
-0.28884,-0.12991,-0.01406
-0.33777,0.18010,-0.00954
-0.79229,0.39057,-0.01714
0.17850,-0.50119,-0.00226
-0.05933,0.03687,-0.00238
-0.26227,-0.48277,-0.01566
-0.45081,-0.12415,-0.01581
-0.30751,-0.62999,-0.01909
-0.21287,0.62354,-0.00016
-0.28541,-0.68864,-0.01895
0.11490,-0.47095,-0.00444
0.06786,-0.32696,-0.00389
-0.06129,-0.17677,-0.00563
-0.24617,0.52218,-0.00305
-0.03501,-0.40191,-0.00794
-0.44477,0.38619,-0.01067
-0.25544,0.20425,-0.00753
-0.14510,0.40023,-0.00115
-0.39692,-0.41842,-0.02088
-0.59574,0.35100,-0.01819
-0.08066,0.40436,0.00123
-0.29896,-0.20793,-0.01554
-0.77888,0.20719,-0.02537
-0.47903,-0.37643,-0.02415
-0.42895,-0.28321,-0.01890
-0.19466,-0.01097,-0.00814
-0.65949,0.38802,-0.02110
0.13265,0.03417,0.00424
0.05744,0.14307,0.00291
-0.07695,0.40785,0.00163
-0.15705,-0.19680,-0.01018
0.19547,0.30720,0.00980
-0.36645,0.40825,-0.00813
-0.03061,-0.28984,-0.00610
-0.29681,0.18746,-0.00839
-0.81797,-1.11261,-0.04181
-0.36459,-0.02035,-0.01502
-0.08388,-0.16877,-0.00572
-0.61243,0.41703,-0.01811
-0.23251,-0.16378,-0.01308
-0.48079,0.33631,-0.01180
-0.60901,-0.39436,-0.02834
-0.04313,-0.11014,-0.00471
-0.58230,0.34553,-0.01608
-0.62215,-0.05528,-0.01908
-0.49840,0.21844,-0.01595
-1.01914,0.03287,-0.02773
-0.07481,-0.39738,-0.00955
-0.25135,0.23188,-0.00804
-0.17344,0.14154,-0.00599
-0.19754,0.41346,-0.00235
-0.15038,0.63051,0.00210
-0.27390,-0.45929,-0.01361
-0.65560,0.79714,-0.01212
-0.45075,-0.23050,-0.02051
-0.54004,-0.55295,-0.03178
0.15787,0.19452,0.00809
-0.59180,-0.56766,-0.03023
-0.25591,0.21869,-0.00753
-0.31798,-0.29309,-0.01688
-0.36735,0.54478,-0.00784
-0.25349,0.36285,-0.00552
-0.19096,0.53546,-0.00090
-0.17118,0.42259,-0.00169
0.36886,0.27111,0.01510
-0.01108,-0.07212,-0.00289
-0.37530,0.41112,-0.00989
-0.57062,-0.02941,-0.02223
-0.32232,-0.45052,-0.01910
-0.69242,-0.27572,-0.02572
-0.40301,0.55501,-0.00522
-0.69763,0.22851,-0.01769
-0.15690,-0.03562,-0.00765
-0.44944,0.88804,-0.00545
-0.23942,-0.30532,-0.01366
-0.48001,-0.32029,-0.02426
-0.12664,0.33267,-0.00124
-0.22812,-0.11479,-0.01275
-0.43288,-0.80717,-0.02590
-0.13846,0.32316,-0.00160
-0.30060,0.31741,-0.00744
-0.80802,-0.42525,-0.03657
-0.38316,-0.03147,-0.01500
-0.45950,-0.15512,-0.01730
-0.63550,0.68575,-0.01202
0.33486,0.29350,0.01513
-0.72428,0.40127,-0.02257
-0.50653,-0.00044,-0.02201
-0.07151,0.01955,-0.00350
-0.65400,-0.26384,-0.02081
-0.22625,-0.45997,-0.01593
0.07748,-0.26446,-0.00258
-0.32860,-0.84927,-0.02076
-0.49588,-0.06382,-0.01528
-0.30844,-0.31671,-0.01717
-0.11267,-0.13246,-0.00735
0.09988,0.05441,0.00333
-0.17026,0.31284,-0.00335
-0.64632,0.07262,-0.02490
-0.35100,-0.36663,-0.01620
-0.22602,0.27698,-0.00575
-0.05129,-0.42594,-0.00974
-1.62987,-0.54481,-0.05364
-0.58649,0.38180,-0.01702
-0.94270,0.07032,-0.03447
-0.40614,-0.75979,-0.02291
-0.14860,0.02768,-0.00647
-0.21817,0.26681,-0.00513
0.17017,-0.39093,-0.00101
-0.04747,-0.06569,-0.00332
-1.03976,0.19976,-0.02964
-0.14400,-0.18447,-0.00871
-0.36964,0.20089,-0.01263
-0.47305,-0.48348,-0.02365
-0.36142,-0.13083,-0.01531
0.04856,-0.62752,-0.00748
-0.09917,0.27870,-0.00104
0.06896,-0.38991,-0.00459
-0.21980,0.52557,-0.00168
-0.00021,0.35256,0.00365
-0.46122,-0.09029,-0.01778
-0.46334,0.30641,-0.01532
-0.70573,-0.00624,-0.01912
-1.26557,0.54702,-0.03219
-0.69091,-0.89426,-0.02982
-0.20060,-0.43743,-0.01318
-0.82389,0.65758,-0.02115
-0.19451,0.07766,-0.00709
-0.10053,-0.39157,-0.01084
0.17786,-0.36339,0.00029
0.28092,0.00041,0.00892
-0.29065,-0.20242,-0.01446
-0.13073,-0.33335,-0.01188
-0.60258,0.79988,-0.01073
-0.12379,-0.07172,-0.00517
-0.03180,0.03157,-0.00135
-0.51502,-0.50878,-0.02049
-0.60617,-0.19098,-0.02305
-0.01540,-0.30288,-0.00604
-0.30187,-0.34400,-0.01540
-0.96068,-0.99626,-0.04425
-0.56489,0.22392,-0.01736
-0.26523,-0.10540,-0.01259
-0.36782,0.00795,-0.01404
-0.64474,0.52155,-0.01434
-0.59849,-0.30307,-0.02197
-0.09207,0.06779,-0.00319
-0.18777,-0.70088,-0.01708
-0.22761,-0.21139,-0.01109
-0.29492,-0.13490,-0.01347
-0.94291,-0.46733,-0.04503
-0.61220,-0.58422,-0.03323
-0.19148,0.05392,-0.00635
-1.26123,-0.24150,-0.04620
0.06694,-0.59511,-0.00641
-0.51977,0.16040,-0.01672
0.28875,0.30453,0.01438
-0.09612,-0.03223,-0.00433
0.02615,0.15192,0.00185
-0.01699,-0.23271,-0.00564
-0.60080,-0.00624,-0.02350
0.07081,0.13544,0.00315
-0.16387,0.18942,-0.00368
-0.09281,0.10840,-0.00316
0.08171,-0.50270,-0.00545
-0.35921,0.47289,-0.00731
-0.24315,-0.41571,-0.01536
-0.36994,0.77561,-0.00292
-0.98750,0.28155,-0.02991
-0.08386,0.74150,0.00577
0.04127,0.14120,0.00221
0.28337,0.13041,0.01154
0.22805,-0.33946,0.00215
-0.04293,0.06731,-0.00169
0.04915,-0.72335,-0.00971
-0.56301,-0.63197,-0.03173
-0.51864,0.38643,-0.01275
-0.23543,-0.06917,-0.00954
-0.00527,-0.50792,-0.00745
-0.51907,-0.59286,-0.02260
-0.40552,0.33317,-0.00838
-0.96904,-0.52186,-0.03911
-0.15727,0.06732,-0.00499
-0.53647,0.65033,-0.00922
-0.30068,-0.57971,-0.02018
-0.05119,0.21892,0.00007
-0.02090,-0.80739,-0.01111
0.10579,0.31200,0.00645
-0.24578,0.15827,-0.00862
-0.14810,-0.15998,-0.00792
-0.21924,-0.05906,-0.00903
-0.23409,-0.42337,-0.01590
-0.65781,-1.12367,-0.03252
-0.88723,0.28288,-0.02954
0.01083,0.16580,0.00141
-0.70271,0.63734,-0.01700
0.04385,-0.10371,-0.00103
-0.22933,0.35736,-0.00537
-0.10106,0.19598,-0.00228
0.04196,-0.14686,-0.00214
-0.20300,0.01476,-0.00957
-0.03205,-0.25710,-0.00684
0.07055,-0.30800,-0.00270
-0.02880,-0.18253,-0.00518
-0.80682,0.04435,-0.02359
-0.76655,-0.01674,-0.02948
-0.14834,0.12704,-0.00553
-0.14194,0.46315,0.00015
-0.67547,0.50547,-0.01354
-0.86300,0.35408,-0.02716
-0.51602,-0.69265,-0.03276
0.22433,0.26689,0.00963
-0.29687,0.22426,-0.00869
-0.24581,-0.11023,-0.01242
-0.24118,0.04887,-0.00913
-0.46934,-0.13059,-0.01935
-1.21956,-0.61679,-0.04764
-0.35980,-0.13627,-0.01838
-0.41658,0.20405,-0.01429
-0.63522,-1.06770,-0.02292
-0.11114,0.04439,-0.00514
-0.11336,0.15984,-0.00285
-0.80211,-0.28250,-0.03371
-0.65311,0.74825,-0.01498
-0.30354,-0.33676,-0.01769
-0.00528,0.65892,0.00679
-0.78655,0.36394,-0.01716
-0.24686,0.05800,-0.01022
0.16307,-0.19656,0.00203
-0.22470,-0.28199,-0.01310
-0.21052,0.31093,-0.00502
-0.70708,0.28946,-0.01962
-0.88228,0.44348,-0.02894
-0.09005,0.21886,-0.00152
-0.71071,-1.14548,-0.03706
-0.00199,0.30672,0.00298
-0.71573,-0.26171,-0.02527
-0.43584,0.21268,-0.01331
-0.46839,0.07520,-0.01469
-0.59582,0.11330,-0.01748
-0.65195,0.53464,-0.01631
-0.08225,0.25529,-0.00089
-0.96758,0.31828,-0.03234
-0.60637,0.48662,-0.01765
-0.12888,-0.65955,-0.01304
-0.18491,0.31843,-0.00352
-0.85498,-1.10634,-0.04463
-0.13354,-0.74254,-0.01301
-0.25685,-0.57373,-0.01839
-0.46103,0.17437,-0.01263
-0.23993,0.16994,-0.00805
-0.27547,-0.41622,-0.01643
0.00739,-0.08424,-0.00196
-0.55252,0.36383,-0.01712
0.14268,-0.13820,0.00197
-0.25871,-0.56288,-0.01445
-0.44318,0.58206,-0.00939
-0.42030,0.31379,-0.00930
-0.96713,-0.91359,-0.04191
-0.84049,-0.00593,-0.02598
-0.59143,-0.32193,-0.02504
0.07260,0.11803,0.00306
0.10652,0.34304,0.00691
-0.57253,-0.26627,-0.02846
-0.38695,-0.04802,-0.01425
-1.12629,-0.23394,-0.03467
-0.55492,0.75368,-0.00932
-0.52104,0.02843,-0.01465
-0.89564,-0.41800,-0.03969
-0.67033,0.13530,-0.01992
-0.08140,-0.27143,-0.00798
-0.51054,-0.02185,-0.02147
-0.24937,-0.19652,-0.01128
-0.55558,-0.07642,-0.01589
-0.61345,0.04101,-0.02140
-0.32420,-0.53463,-0.01859
-0.77973,0.33312,-0.02089
-0.69853,0.23857,-0.01705
-0.06406,-0.55731,-0.01153
-0.05940,0.05010,-0.00322
-0.13917,-0.23635,-0.01021
-0.20857,-0.46023,-0.01368
-0.48605,0.18091,-0.01505
-0.22324,0.70941,0.00081
-0.06756,0.27461,-0.00008
-0.46712,0.25987,-0.01293
-0.64462,0.73463,-0.01160
-0.32102,-0.33522,-0.01942
-0.07400,-0.62461,-0.01147
0.03484,-0.44006,-0.00590
-0.15339,-0.60301,-0.01487
-0.40315,-0.02437,-0.01298
-0.23300,0.11823,-0.00940
-0.80001,0.28888,-0.02111
0.02218,-0.48881,-0.00715
-0.31835,-0.42585,-0.01948
-0.05788,-0.40764,-0.00888
0.52432,-0.68807,0.00725
-0.53160,-0.33602,-0.02303
-0.78271,-0.66207,-0.03715
-0.15366,-0.98826,-0.01614
-0.30015,0.13144,-0.01120
-0.52344,-0.54318,-0.02749
-0.43048,0.18610,-0.01366
-0.08458,0.20934,-0.00157
-0.07397,0.31266,0.00079
-0.65951,0.55039,-0.01462
-0.46540,0.10025,-0.01839
-0.67809,-0.13389,-0.02213
-0.47218,-0.03123,-0.02105
-0.25658,0.19527,-0.00787
-0.90064,-0.10226,-0.03218
-0.42649,-0.36892,-0.02200
-0.21166,0.49551,-0.00192
-0.43842,0.17422,-0.01627
-0.27160,0.14504,-0.00879
-0.77992,-0.39354,-0.02354
-0.42820,-0.31210,-0.02178
-0.17259,0.10072,-0.00583
-0.48094,0.21826,-0.01193
-0.03632,-0.62979,-0.01021
-0.43618,-0.29678,-0.01898
-0.03604,0.01343,-0.00213
-0.68410,0.30268,-0.01773
-0.60148,-1.29511,-0.03280
-0.40477,-0.94862,-0.03131
-0.19675,0.11526,-0.00625
-0.12952,-0.46888,-0.01322
0.08723,-0.07080,0.00087
-0.17191,-0.59229,-0.01594
-0.16222,0.19711,-0.00506
-0.67624,0.04883,-0.01970
0.02759,-0.17251,-0.00220
-0.28644,0.07907,-0.01089
-0.26395,-0.54692,-0.01719
-0.44879,0.51885,-0.01078
-0.62754,0.39920,-0.01880
0.15305,0.01775,0.00483
-0.03043,0.21970,0.00080
0.06602,0.17311,0.00344
-0.24759,0.02507,-0.00809
-0.57310,-0.41516,-0.02805
0.10850,-0.14988,0.00025
-0.53043,0.48210,-0.01133
-0.22748,-0.04791,-0.01175
-0.15710,0.09555,-0.00585
0.18006,-0.38028,0.00032
-0.17791,-0.21508,-0.00915
-0.14650,-0.43176,-0.01193
-0.69959,-0.67451,-0.03040
0.24848,0.32047,0.01177
-0.56673,0.21022,-0.01490
-1.14310,-0.09774,-0.03569
-0.37557,-1.26990,-0.03723
-0.11555,0.30460,-0.00109
-0.18296,-0.35752,-0.01151
-0.08411,0.12010,-0.00297
-0.41437,-0.56203,-0.02171
-0.33753,-0.50075,-0.01863
0.27481,-0.17276,0.00571
-0.29069,-0.54161,-0.01885
-0.39778,-0.08134,-0.01614
-0.16412,-0.23060,-0.00850
0.02656,-0.46753,-0.00618
-1.01567,-1.89164,-0.04866
-0.70717,0.78508,-0.01763
-0.74380,-0.38997,-0.02628
-0.93287,-0.88969,-0.04938
-0.29606,-0.54074,-0.01625
-0.66887,0.10259,-0.02458
-0.16319,0.07781,-0.00701
-0.37500,0.47373,-0.00951
0.06628,-0.60633,-0.00712
-0.05221,0.05654,-0.00269
-0.28353,-0.07734,-0.01230
-0.41334,-0.38453,-0.02237
-1.45397,-0.38222,-0.04837
-0.11011,-0.05894,-0.00549
-0.80425,-0.23350,-0.03031
-0.20487,0.09841,-0.00644
-0.16395,0.58348,0.00096
-0.43118,-0.24645,-0.01917
-0.34202,-0.04881,-0.01568
-0.52447,-0.45412,-0.02649
-0.50796,0.18090,-0.01346
0.10448,-0.51664,-0.00505
-0.24287,0.03928,-0.00941
-0.44555,0.17370,-0.01537
-0.78486,0.46585,-0.02303
-0.22543,-0.42214,-0.01477
-0.32535,-1.10616,-0.02242
-0.35726,-0.15427,-0.01837
-0.23691,-0.33225,-0.01270
-0.33348,0.27418,-0.00943
0.25473,0.30247,0.01264
-0.40067,-0.21138,-0.01556
-0.30510,-0.39579,-0.01506
-0.52333,-0.14276,-0.01820
-0.44829,-0.20686,-0.01915
-0.55162,0.13093,-0.01839
-0.33984,-0.69835,-0.01857
-0.81166,-0.15221,-0.02354
0.11009,0.23445,0.00650
-0.82127,-0.74737,-0.03632
-0.29032,-0.39630,-0.01605
-0.48608,-0.48939,-0.02080
-0.30691,0.59878,-0.00401
-0.56251,0.43712,-0.01440
-0.45344,0.73222,-0.00783
-0.56114,0.26723,-0.01614
0.07976,-0.38122,-0.00372
-0.15001,0.08928,-0.00436
-0.63870,-0.73127,-0.02244
-0.58278,-0.06521,-0.02165
-0.14813,-0.24659,-0.00936
-0.23203,0.17759,-0.00833
-0.74778,-0.10656,-0.02093
-0.11420,-0.09221,-0.00673
0.13817,-0.16155,0.00135
-0.95292,0.77181,-0.02346
-0.14355,0.10928,-0.00529
-0.56654,-0.34766,-0.02347
-0.93433,-0.69742,-0.03039
-0.42048,0.32089,-0.00966
-0.33578,0.24984,-0.00678
-0.62801,-0.02738,-0.02279
-0.41831,0.16980,-0.01465
-0.24596,0.68522,-0.00057
-0.82286,0.71435,-0.01772
0.10993,-1.14509,-0.00941
0.22774,0.12123,0.00791
-0.43317,-0.82960,-0.02932
0.00847,0.18907,0.00166
-0.56270,0.56335,-0.01428
-0.67498,-0.11825,-0.02858
-0.08344,-0.04349,-0.00562
-0.26525,-0.57805,-0.01450
-0.45643,0.04573,-0.01531
0.09672,-0.18996,-0.00053
-0.63894,-0.06015,-0.02035
-0.22391,-0.18348,-0.00872
-0.01018,-0.17234,-0.00337
-0.26572,0.26745,-0.00713
-0.24862,-0.08465,-0.01111
-0.25210,-0.24535,-0.01364
0.20387,0.36916,0.01084
0.06291,-0.36513,-0.00323
-0.39614,0.37188,-0.00856
-0.64921,0.31970,-0.01676
-0.40405,1.21321,0.00106
-0.09542,0.16520,-0.00265
0.00096,-1.12043,-0.01852
-0.96365,0.09158,-0.03350
-0.50058,0.12222,-0.01785
-0.14775,-0.35675,-0.00989
0.05977,-0.29257,-0.00376
-0.36226,-0.34980,-0.01693
-0.12313,0.14980,-0.00292
-0.24526,-0.22102,-0.01470
-0.41057,0.01930,-0.01363
-0.20719,-0.12598,-0.01163
-0.26477,-0.22900,-0.01119
0.26853,-0.51999,0.00080
0.03568,0.11293,0.00161
0.08909,0.06229,0.00273
0.09400,-0.13512,0.00034
-0.32409,-0.24950,-0.01880
-0.71908,0.16204,-0.02536
-0.66937,0.05964,-0.02447
-0.74123,0.39256,-0.02343
-0.31671,0.36874,-0.00869
0.18516,-0.02479,0.00503
-0.09696,-0.06500,-0.00479
0.02903,-0.31822,-0.00444
-0.60405,0.16367,-0.01915
-0.24074,0.06291,-0.00899
-0.62899,0.19439,-0.01651
-0.35762,0.27007,-0.01051
0.01776,-0.55470,-0.00911
-0.11954,-0.43609,-0.01041
-0.94966,0.05563,-0.02892
-0.64924,0.10802,-0.02107
0.19889,0.05834,0.00636
-0.61567,0.76861,-0.01406
-0.16734,0.13373,-0.00584
-0.54357,0.00910,-0.01608
-0.98332,-0.69003,-0.02788
-0.00003,-0.13502,-0.00306
-0.07834,-0.89816,-0.01491
-0.09538,-0.18035,-0.00841
-0.24215,0.08574,-0.00886
-0.43935,-0.32971,-0.02301
-0.05908,-0.85608,-0.01104
-0.38067,0.33995,-0.01158
-0.81879,0.00988,-0.03191
-0.21989,-0.36522,-0.01633
-0.70284,-0.12896,-0.02870
-0.25000,-0.85577,-0.02069
-0.77989,-0.14050,-0.02019
-0.52950,-0.74248,-0.03655
-0.15531,0.06632,-0.00629
-0.59508,0.12443,-0.01997
-0.12140,-0.02303,-0.00694
-0.61332,0.54741,-0.01461
0.12513,0.03199,0.00381
-0.19546,0.17900,-0.00605
-0.80324,-0.08084,-0.03222
-0.17582,0.36890,-0.00239
-1.33606,-0.71252,-0.05183
-0.25481,-0.40451,-0.01495
-0.43041,0.25647,-0.01299
-0.65938,0.57037,-0.01759
-0.02441,-0.09930,-0.00334
-0.25910,-0.02770,-0.01062
-0.17107,0.92940,0.00465
-0.82998,-0.18686,-0.02770
-0.27874,0.07183,-0.01103
-0.56864,0.03154,-0.01870
-0.23985,-0.36674,-0.01086
-0.23181,0.16358,-0.00831
-0.05278,-0.28420,-0.00545
0.04923,0.21301,0.00334
-0.63237,-0.32690,-0.02445
-0.03397,0.20892,0.00058
-0.37696,-0.44273,-0.01912
-0.48024,-0.71919,-0.02569
-0.06088,-0.04319,-0.00459
0.01536,-0.60446,-0.00995
-0.58840,-0.98116,-0.02867
-0.41559,-0.29225,-0.01982
-0.40094,-0.12330,-0.01564
-0.43797,0.08788,-0.01492
-0.37319,0.03648,-0.01557
0.01293,0.26846,0.00292
-0.88631,-0.43302,-0.03529
-0.13918,0.09730,-0.00539
0.42986,-0.22634,0.01006
-0.17396,0.19758,-0.00481
-0.00043,-0.42082,-0.00772
-1.49495,-0.15555,-0.04900
-0.41277,0.57524,-0.00849
-0.65872,-0.06327,-0.02066
-0.81665,-0.23904,-0.02751
-0.37350,-0.54712,-0.01704
-0.96427,0.22659,-0.02359
-1.01810,0.10127,-0.03221
-0.44934,0.40211,-0.01288
-1.21510,-1.44873,-0.05196
-0.34549,-0.14219,-0.01623
-0.76245,-0.72602,-0.03928
-0.33096,-0.39862,-0.01545
-0.05599,-0.15434,-0.00538
-0.33689,0.17139,-0.01101
-0.58086,-0.15598,-0.02373
-0.26507,-0.01111,-0.01041
-0.03754,-0.20127,-0.00445
-0.06233,-0.27443,-0.00746
-0.50515,-0.18521,-0.01878
-0.14599,0.45264,0.00006
0.09118,-0.31378,-0.00268
0.04929,0.30146,0.00454
0.01333,0.14897,0.00126
0.02673,0.58866,0.00809
-0.83897,-0.13077,-0.03364
-0.28537,-0.25685,-0.01675
0.24775,-0.33406,0.00282
-0.84059,-0.38638,-0.03665
-0.03153,-0.55059,-0.01090
-0.61683,-0.61436,-0.03035
-0.04751,-0.26450,-0.00658
-1.07348,-0.05612,-0.02671
-0.27525,-0.56620,-0.01513
-0.39573,0.24882,-0.01279
-0.63479,0.07353,-0.01919
-0.03444,-0.90122,-0.01517
-0.34864,-0.13783,-0.01523
-0.11900,0.11271,-0.00432
-0.02585,-0.17871,-0.00483
-0.36281,0.04882,-0.01406
-0.43218,-0.26298,-0.01535
0.00780,0.36891,0.00425
-0.26439,-0.28685,-0.01351
-0.29775,0.67506,-0.00175
0.08648,0.50937,0.00974
-1.02951,0.56737,-0.02231
-0.21530,0.15156,-0.00728
-0.72162,-0.64695,-0.03184
-0.43709,-0.67124,-0.02183
-0.46473,0.28893,-0.01118
-0.34425,0.30217,-0.01028
-0.44724,0.44499,-0.01221
-0.49301,-0.56008,-0.02350
-0.46302,0.04568,-0.01901
0.41844,-0.12727,0.01174
0.34615,0.05649,0.01246
-0.31061,-0.39749,-0.01691
-0.23221,-0.44434,-0.01567
0.36538,-0.58357,0.00293
-0.03921,-0.12862,-0.00435
-0.29026,-0.16525,-0.01344
-0.35192,0.05587,-0.01441
-0.73255,0.73847,-0.01545
-0.23452,-0.20484,-0.01080
-0.34104,-0.00202,-0.01151
-0.78550,0.14907,-0.02796
-0.26879,-0.82479,-0.02437
-0.50444,0.90133,-0.00740
-0.00133,-0.25609,-0.00497
-0.12077,0.23481,-0.00218
-0.44067,-0.07098,-0.01924
0.11007,-0.77808,-0.00809
-0.87482,-0.42346,-0.03239
-0.04296,-0.19507,-0.00511
-0.39878,0.31397,-0.01183
-0.58417,-0.65312,-0.02705
-0.02324,-0.82379,-0.01353
-0.32554,0.28852,-0.00996
0.09038,0.49536,0.00906
-0.06969,0.07949,-0.00280
-0.70576,-0.09681,-0.02545
-0.15219,0.40338,-0.00146
-0.21036,-0.42186,-0.01567
-0.32242,-0.06193,-0.01271
-0.75252,-1.06915,-0.03472
-0.17264,0.37973,-0.00250
0.01106,-0.11808,-0.00206
0.14368,-0.17383,0.00140
-1.10869,0.31455,-0.03490
-0.66803,0.50952,-0.01913
-0.22405,-0.15455,-0.00940
-0.14834,-0.26197,-0.00917
-0.66165,0.38345,-0.02143
-0.20717,0.20289,-0.00699
0.05596,0.43718,0.00685
-0.15625,0.67086,0.00249
-0.61208,0.36525,-0.01546
-0.20609,-0.54629,-0.01353
-0.29747,-0.35898,-0.01981
-0.20596,-0.10279,-0.01009
-1.24158,-0.03695,-0.03728
0.48200,0.24982,0.01946
-0.03286,0.48043,0.00395
-0.02712,0.00848,-0.00160
-0.56639,-0.15942,-0.02264
-0.19242,0.11583,-0.00631
-0.50869,0.97733,-0.00549
-0.37457,-0.01151,-0.01530
-0.76172,1.03968,-0.01382
-0.34433,-0.44630,-0.02142
-0.61455,-0.51044,-0.03289
-0.41504,-0.64276,-0.01960
-0.17651,-0.25583,-0.01061
-0.35593,-0.54555,-0.01950
-0.12983,-0.20350,-0.00698
0.07526,-0.39006,-0.00431
-0.34536,-0.07772,-0.01405
-0.66400,0.50201,-0.01621
-0.36423,0.36401,-0.00964
-0.10884,-0.32493,-0.00882
0.28254,0.03065,0.00936
-0.43197,-0.11019,-0.01974
-0.26803,0.14561,-0.00820
-0.62890,0.49073,-0.01672
0.27823,-0.28562,0.00466
-0.70570,-0.44145,-0.02514
0.10812,-0.16464,0.00026
-0.30617,0.08151,-0.00889
0.16852,-0.06952,0.00381
-0.02600,-0.51443,-0.00940
-0.13229,-0.25450,-0.01082
-0.76819,-0.44114,-0.02973
-0.59654,0.34700,-0.01842
-0.26125,0.52244,-0.00437
-0.19331,-0.27493,-0.01229
-0.40632,0.07414,-0.01342
-0.43903,-0.41503,-0.01865
-0.43436,0.87575,-0.00525
-0.49733,-0.59031,-0.02871
-0.29057,0.27605,-0.00763
-0.34899,0.09560,-0.01061
-0.81754,-0.76485,-0.03996
-0.48379,0.21318,-0.01683
-0.54816,0.90535,-0.00911
-0.65943,0.06329,-0.01983
-0.26373,-0.22163,-0.01348
-0.78543,0.07511,-0.02191
-0.32638,-0.36209,-0.01726
-0.36984,0.30681,-0.01008
-0.85845,-0.59320,-0.03963
-0.35541,-0.26648,-0.01613
-0.21022,-0.11674,-0.01057
0.07505,0.17687,0.00365
-0.60638,-0.02323,-0.02065
-0.08173,-0.13719,-0.00589
-0.33333,0.13751,-0.01170
-0.13328,-0.40783,-0.01037
-0.17910,-0.25197,-0.01202
-0.79268,-0.68181,-0.03253
-0.22392,-0.32504,-0.01365
-0.13181,-0.00733,-0.00661
-0.51727,-0.01129,-0.02164
-0.18589,-0.03506,-0.00883
-0.56002,-0.13540,-0.02304
-0.00796,0.39539,0.00346
-0.01698,0.04163,-0.00124
-0.25247,-0.55059,-0.02046
-0.57548,-0.54955,-0.02977
-0.95303,0.27339,-0.02671
0.13566,-0.07096,0.00270
0.14430,0.09066,0.00516
-0.20934,-0.00165,-0.00816
-0.11679,-0.41335,-0.01235
-0.06759,0.26555,-0.00010
-0.06655,-0.94152,-0.01584
-0.57251,0.21575,-0.01901
-0.33320,-0.05213,-0.01207
0.21313,-0.29561,0.00244
-0.59903,0.26148,-0.01928
-0.53672,-0.70304,-0.02339
-0.38804,0.43431,-0.01042
-0.78514,0.05697,-0.02817
-0.13969,-0.64629,-0.01350
-0.12798,0.33940,-0.00128
-0.60181,-0.23498,-0.02837
0.03415,0.09605,0.00131
-0.12461,-0.05167,-0.00717
-0.31793,0.00977,-0.01049
-0.62936,0.60969,-0.01415
0.31340,-0.29530,0.00515
-0.57178,0.17590,-0.01614
-0.08182,-0.60971,-0.01201
-0.23497,-0.33377,-0.01315
-0.16379,0.20322,-0.00380
-0.31686,-0.03570,-0.01238
0.32228,0.03984,0.01221
-0.58575,-0.16196,-0.02445
-0.19534,-0.62763,-0.01518
-0.55956,0.18710,-0.02080
0.22488,-0.08487,0.00549
0.12964,-0.12089,0.00156
-0.10891,0.06371,-0.00363
-0.61125,-0.57800,-0.03079
-0.15308,0.51855,0.00010
-0.54975,-0.49744,-0.02922
-0.51554,-0.54778,-0.02628
0.07277,-0.06897,0.00049
-0.24056,-0.09228,-0.01119
-0.36456,0.28561,-0.00785
-0.36000,-0.54249,-0.02072
-0.30115,0.07445,-0.01146
-0.50272,-0.93729,-0.03239
-0.53265,-0.96111,-0.02838
-0.28368,-0.27947,-0.01765
-0.43448,-0.41309,-0.02431
-0.03900,-0.05118,-0.00321
-0.47304,-0.56769,-0.02032
-0.60596,0.22606,-0.01953
-0.36444,-0.35562,-0.01594
-0.08047,0.24241,-0.00089
-0.24496,0.20212,-0.00582
-0.07511,0.21527,-0.00130
-0.60522,-0.17094,-0.02215
-0.08774,-0.20762,-0.00614
-0.16680,-0.46886,-0.01459
-0.10327,0.23974,-0.00185
-0.67023,0.21882,-0.01986
-0.15426,0.62102,0.00148
-1.32450,-0.45906,-0.04717
-1.18016,0.10581,-0.03219
-0.57780,-0.28664,-0.02483
-0.32854,0.20751,-0.01139
-0.23207,-0.17057,-0.01026
0.06324,0.12013,0.00271
-0.17633,-0.16762,-0.01027
0.02629,0.23738,0.00287
0.31989,0.21443,0.01221
-0.02719,0.29140,0.00194
-0.40758,-0.31401,-0.01891
-0.22471,0.08953,-0.00958
-0.87524,-0.10638,-0.02784
-0.15143,0.89356,0.00568
-0.83146,0.10627,-0.02985
-0.11189,-0.40882,-0.00948
-0.45175,-0.35412,-0.02016
-0.05875,0.15225,-0.00158
-0.17579,-0.23264,-0.00869
0.08946,-0.25679,-0.00163
-0.31869,0.07691,-0.01191
-0.32643,-0.80490,-0.02212
-0.48496,-0.17548,-0.02023
0.00666,-0.33125,-0.00591
-0.03358,0.18713,-0.00002
-0.35888,0.65870,-0.00558
-0.28747,0.12896,-0.01052
-0.37779,0.36022,-0.01064
-1.07445,-0.33334,-0.03538
-0.29239,-0.70399,-0.02080
-0.35480,0.87356,-0.00261
-1.06509,-1.15303,-0.04547
-0.54745,0.19129,-0.01566
-0.32832,0.09877,-0.01158
-0.17611,-0.20875,-0.01216
-0.14033,-0.68138,-0.01338
-0.73398,0.60127,-0.01636
-0.83987,-1.14055,-0.04025
-0.10806,-0.00725,-0.00601
-0.08116,0.13170,-0.00243
-0.22778,-0.37463,-0.01474
-0.25782,0.24378,-0.00780
0.07066,-0.09238,-0.00029
-0.47204,-0.11577,-0.01949
-0.54294,0.56050,-0.01257
-0.38875,-0.42246,-0.01899
-0.13742,0.18428,-0.00367
-0.49734,-0.23830,-0.01834
-0.67539,-0.24526,-0.02839
-1.25051,0.37329,-0.03007
-0.04291,-0.00377,-0.00251
0.23134,-0.43100,0.00080
-0.12277,-0.17568,-0.00834
-0.25421,0.10807,-0.01041
0.04994,-0.14013,-0.00124
0.21375,-0.29584,0.00229
-0.33097,-0.25759,-0.01408
-0.18451,0.50964,-0.00007
-0.36366,0.01185,-0.01217
-0.21850,-0.23687,-0.01182
-0.44339,-0.63853,-0.01910
-0.97585,-0.11147,-0.02717
0.01298,0.05796,0.00001
-0.44020,-0.10414,-0.01600
0.10604,-0.59953,-0.00542
-0.21591,-0.19876,-0.00958
-0.04327,-0.14661,-0.00448
-0.05786,-0.56806,-0.01011
-0.75601,0.08157,-0.02075
-0.62314,0.15458,-0.02058
-0.43343,-0.42321,-0.02074
0.02668,-0.07429,-0.00151
-0.34242,-0.81076,-0.01782
-0.33343,0.92004,-0.00108
-0.71156,0.22780,-0.02412
-0.30753,0.23536,-0.00976
-1.41116,-0.33863,-0.04079
-0.30987,-0.26779,-0.01351
-0.59454,-0.91852,-0.02897
-0.82057,0.14211,-0.02806
-0.39266,-0.11175,-0.01755
0.02743,0.16668,0.00208
-0.55861,0.83692,-0.01009
-1.38994,-0.16986,-0.04973
-0.39881,0.41794,-0.00740
-1.02182,-0.09135,-0.03060
-0.78359,0.84086,-0.01930
-0.29486,0.43251,-0.00568
-0.02829,-0.35234,-0.00678
-0.16132,-0.02957,-0.00780
-0.36363,-0.00488,-0.01485
-0.12030,-1.02814,-0.01599
-0.01575,-0.40881,-0.00762
-0.39871,0.23527,-0.01104
-0.51493,0.13271,-0.01903
-0.07651,-0.07263,-0.00459
0.12056,0.24083,0.00639
0.02403,-0.00061,-0.00028
-0.32463,0.52075,-0.00608
0.17354,-0.01031,0.00449
-1.01908,0.59783,-0.02901
-0.13309,0.01279,-0.00606
-0.79652,-0.59229,-0.03123
0.06461,0.32790,0.00566
-0.22564,-0.66542,-0.01551
-0.06481,0.27426,0.00041
-0.51753,-0.04398,-0.01975
-0.18200,-0.19344,-0.01037
-0.15092,0.17983,-0.00445
-0.01208,-0.40111,-0.00755
-0.56547,0.29013,-0.01733
-0.18431,0.78116,0.00286
-0.42192,0.65367,-0.00541
-1.05490,-0.45063,-0.04243
-0.25518,-0.35461,-0.01636
0.10656,-0.30562,-0.00202
0.06644,-0.19204,-0.00182
0.13129,-0.13839,0.00150
-0.22824,-0.00461,-0.00985
-0.00236,0.25016,0.00219
-0.14321,-0.13675,-0.00859
-0.29873,0.85928,-0.00025
0.02274,0.34907,0.00426
-0.39835,-0.20167,-0.02067
-0.48266,-0.62563,-0.02592
-0.03517,-0.15609,-0.00523
-0.71176,-0.33020,-0.02763
-0.32509,-0.28512,-0.01388
-0.57177,0.43934,-0.01649
-1.31423,0.15126,-0.03436
-0.24061,0.36997,-0.00379
-0.58844,-0.04453,-0.01786
0.08202,0.35784,0.00664
-0.77749,0.77309,-0.01836
-0.20367,0.27100,-0.00477
-0.55328,-0.47096,-0.03012
-0.40260,-0.11581,-0.01752
-0.59542,0.34806,-0.01435
-0.50168,-0.68128,-0.02784
-0.12403,-0.16047,-0.00652
-0.36246,-0.03187,-0.01498
-0.01147,-0.02649,-0.00182
-0.03431,0.33539,0.00209
-0.02063,-0.21350,-0.00428
-0.69351,-0.86575,-0.02908
-0.90657,0.13602,-0.02808
-0.87435,0.20703,-0.02813
-0.75114,0.71795,-0.01742
-0.08776,-0.23471,-0.00770
-0.91705,0.03263,-0.02660
-0.36358,-0.13682,-0.01466
0.01692,-0.40974,-0.00597
-0.02341,-0.08965,-0.00341
-0.43260,0.59824,-0.00743
-0.49592,0.62485,-0.01098
-0.39693,-0.44369,-0.01999
-0.45066,0.04700,-0.01652
-0.22357,0.32118,-0.00587
-0.03724,0.25583,0.00087
-0.50486,-0.00691,-0.02256
-0.75050,0.31761,-0.02169
-0.45542,0.08773,-0.01516
-0.48856,0.00111,-0.01695
0.00587,0.20742,0.00176
-1.08022,-0.29324,-0.02900
-1.27489,-0.24776,-0.04129
0.09749,-0.26636,-0.00155
0.04062,-0.02631,-0.00016
-0.53784,0.80613,-0.00716
-0.71772,-0.15562,-0.02330
0.40787,-0.21400,0.00867
-0.66633,-0.44173,-0.02557
0.17539,-0.13534,0.00263
-0.58943,-0.52420,-0.03210
-0.42095,0.18142,-0.01446
-0.62628,0.37327,-0.01285
-0.59156,0.74686,-0.01320
0.09502,-0.15249,0.00023
-0.18912,0.04841,-0.00796
-0.57282,0.91655,-0.00948
-0.44536,0.56000,-0.00944
-0.37050,-0.78499,-0.01921
-1.77053,-1.02998,-0.05789
-0.79253,0.08846,-0.02593
-0.42138,0.57043,-0.00813
-0.84298,0.09916,-0.02609
-0.06673,0.02737,-0.00304
-0.20172,0.26678,-0.00572
-0.70714,0.29838,-0.01874
-0.18537,-0.04194,-0.00859
-0.34990,0.71047,-0.00429
-0.46397,-0.95850,-0.02674
-0.78232,0.35150,-0.02561
0.09962,0.28917,0.00644
-0.66529,-0.31583,-0.02378
-0.45281,-0.47011,-0.02522
-0.83852,0.27696,-0.02143
-0.05745,0.23524,-0.00005
-0.55276,0.37015,-0.01461
-0.68816,0.19343,-0.02241
-0.46448,-0.75022,-0.01992
-0.76460,-0.19942,-0.03355
-0.39495,0.19041,-0.01234
-0.10239,0.28021,-0.00129
-0.42073,-0.97183,-0.02658
-0.27123,0.09120,-0.00834
-0.56359,0.13482,-0.01587
-0.88201,-0.16725,-0.03823
0.19639,0.04426,0.00595
-0.19789,-0.02024,-0.01000
-0.63698,-0.30961,-0.01795
-0.66863,0.37101,-0.01751
-0.00670,-0.10108,-0.00300
-0.07991,-0.03172,-0.00463
-0.11778,-0.55415,-0.00919
-0.31502,-0.45786,-0.01738
-0.13845,-0.07583,-0.00680
-0.19709,-0.09732,-0.00966
-0.24031,0.21663,-0.00643
-0.67960,0.15965,-0.02175
-0.79013,-0.15889,-0.02347
-0.46548,-0.64368,-0.02128
-0.12210,0.04108,-0.00442
-0.22600,0.35493,-0.00539
-0.13172,-0.10285,-0.00693
-0.48787,-0.00118,-0.01999
0.10132,-0.26686,-0.00135
0.14556,0.60142,0.01186
-0.68786,-0.63414,-0.03699
-0.36470,-0.65987,-0.02308
-0.46701,0.32758,-0.01445
0.02010,-0.99485,-0.01611
-0.72587,-0.49841,-0.02974
-0.13630,-0.01706,-0.00699
-0.39171,0.39006,-0.01040
-0.10520,-0.10247,-0.00569
-0.49479,0.29958,-0.01335
-0.75275,0.62931,-0.01753
-0.33881,0.29310,-0.00838
-0.67528,0.10021,-0.02639
-0.03501,-0.08501,-0.00323
-0.45040,-0.44634,-0.01861
-0.02753,-0.04409,-0.00291
0.06228,-0.25946,-0.00249
-0.50955,0.59053,-0.01071
-0.11499,0.04448,-0.00519
-0.85900,-0.67954,-0.03234
-0.32009,-0.08631,-0.01535
-0.11952,-0.14328,-0.00774
-0.54231,0.40939,-0.01356
-0.50182,0.24332,-0.01351
-0.42730,-0.26437,-0.02186
0.11612,0.03348,0.00364
-0.25724,-0.32088,-0.01626
-0.37284,-0.10881,-0.01223
-0.31787,0.01701,-0.01199
-0.46139,0.51154,-0.01040
-0.67356,-0.06464,-0.02115
-0.13415,-0.86958,-0.01685
-0.40751,-0.90119,-0.02372
-1.07532,-0.59976,-0.04065
-0.46893,-0.23291,-0.02317
-0.19973,0.03010,-0.00927
-0.57889,0.57969,-0.01526
-0.34545,0.81857,-0.00245
-0.03930,-0.20852,-0.00576
-0.25245,0.14429,-0.00966
0.03127,-0.28193,-0.00408
-0.46859,0.97268,-0.00463
-0.31704,0.19514,-0.00988
-0.41079,0.45220,-0.01091
-0.18322,-0.23879,-0.01095
-1.31540,-0.40590,-0.03875
-0.33996,0.39027,-0.00686
-0.74459,0.37732,-0.02157
-0.62175,-0.16780,-0.02590
-0.51279,-0.54201,-0.02155
0.24950,-0.15020,0.00529
-0.14144,0.42265,-0.00082
-0.46986,-0.19136,-0.01992
-0.30530,-0.18684,-0.01579
-0.83909,0.29947,-0.02588
-0.06694,-0.31936,-0.00825
-0.77513,0.40286,-0.02319
-0.56189,-0.19445,-0.02233
-0.10541,0.08373,-0.00385
-0.46858,1.06308,-0.00449
-1.14576,0.27635,-0.03670
-0.00176,-0.30237,-0.00504
0.01662,0.27841,0.00313
-0.19879,0.70232,0.00139
-0.26432,0.02730,-0.01043
-0.06237,0.18907,-0.00093
-1.10294,0.30322,-0.02505
0.19609,0.04713,0.00630
-0.29124,0.52836,-0.00501
-0.78778,0.54729,-0.01831
0.00345,-0.13524,-0.00258
-0.50808,-0.18809,-0.02443
-0.41892,-0.82294,-0.01900
-0.84514,-0.09479,-0.03477
-0.69923,0.45830,-0.02049
0.24942,-0.21116,0.00479
0.04610,0.15484,0.00249
-0.40692,-0.23586,-0.01877
-0.80876,-0.60045,-0.03622
-0.73796,0.45555,-0.01807
-0.89032,0.53570,-0.01863
-0.48069,0.76101,-0.00771
-0.11825,0.37590,-0.00007
-0.62713,0.33914,-0.02144
-0.94977,-0.01932,-0.03661
-0.56589,-0.89448,-0.03607
-0.29381,0.25385,-0.00950
-0.55960,0.52020,-0.01177
-0.00591,-0.38307,-0.00564
-0.17092,0.01124,-0.00750
0.11545,0.36250,0.00800
-0.39606,-0.25393,-0.01713
-0.63270,0.77494,-0.01316
-0.51365,-0.58396,-0.02730
-0.14954,0.28989,-0.00192
-0.53951,0.20328,-0.01729
-0.47430,0.16941,-0.01690
-0.27550,0.81387,-0.00028
-0.00769,-0.01095,-0.00165
-0.39557,-0.74938,-0.02365
0.18553,-0.10973,0.00390
-0.42749,0.59941,-0.00849
-0.37562,0.28780,-0.01048
-0.52760,-0.29662,-0.02217
-0.03159,0.14245,-0.00036
-0.29223,0.49483,-0.00465
0.18227,-0.22179,0.00215
0.33120,0.01547,0.01188
-0.46407,0.69589,-0.00899
0.10570,-0.03882,0.00189
-0.37333,0.16075,-0.01338
-0.79639,0.17662,-0.02656
-0.68103,0.03472,-0.02719
-0.37027,1.02610,-0.00065
-0.38422,-0.31943,-0.01977
-0.17988,-0.56892,-0.01383
-0.70905,-0.85152,-0.02883
-0.29119,0.82009,0.00009
-0.44385,0.72923,-0.00540
-0.10982,-0.38783,-0.01009
-0.49566,-0.34766,-0.02049
-0.17240,-0.28090,-0.01024
-0.27717,-0.02017,-0.01141
-0.20129,-0.32063,-0.01200
-0.37660,-0.53630,-0.02398
-0.23616,-0.02916,-0.00871
0.07645,-0.62954,-0.00831
-0.19276,-0.28302,-0.00955
-0.29577,-0.56556,-0.01745
-0.21546,-0.32448,-0.01154
0.24725,0.17472,0.00878
-0.26332,0.30508,-0.00709
0.06579,-0.05235,0.00046
-0.64118,0.56210,-0.01774
-0.19801,-0.31320,-0.01328
-0.52614,-0.07854,-0.01940
-0.14098,0.18216,-0.00318
-0.26180,-0.51217,-0.01832
-0.10050,-0.05479,-0.00583
-0.02511,0.16177,0.00004
-0.74756,-0.03331,-0.02845
-0.11489,-0.34774,-0.01050
-0.28246,-0.07843,-0.01426
-0.28347,0.30429,-0.00543
-0.54158,0.83472,-0.00697
-0.21447,0.37538,-0.00432
-0.29411,-0.62169,-0.01711
-0.00384,0.09947,-0.00007
-0.19709,-0.44504,-0.01188
-0.07485,-0.29177,-0.00707
-0.42774,-0.79997,-0.02444
-0.25842,-0.00471,-0.01065
-0.69401,0.34271,-0.01960
0.41756,-0.05904,0.01267
-0.10326,0.24609,-0.00137
0.02957,-1.00847,-0.01701
-0.49465,-1.48565,-0.03043
-0.74695,-0.32158,-0.02623
-0.60316,0.38609,-0.01573
-0.22951,-0.11412,-0.01163
-0.10995,-0.26485,-0.00909
-0.24058,0.12139,-0.00775
-1.11495,0.05114,-0.04247
0.22753,-0.51618,-0.00053
-0.22215,-0.43443,-0.01481
-0.50135,0.51482,-0.01132
-0.34963,0.09544,-0.01319
-0.55947,-0.06296,-0.01758
0.01239,0.32634,0.00414
-0.23900,-0.30255,-0.01456
-0.20332,-0.10258,-0.01201
-0.12380,0.58894,0.00258
-0.82310,0.02400,-0.03052
-0.22243,0.20303,-0.00698
0.04891,0.22398,0.00383
-0.18355,-0.63106,-0.01469
-0.68607,0.60368,-0.01610
-0.03943,-0.07293,-0.00354
0.04354,-0.48628,-0.00487
-0.41543,0.36290,-0.00942
-0.65569,-0.16738,-0.02403
0.39327,-0.13241,0.01156
-0.46081,-0.54471,-0.02238
0.26207,0.34448,0.01245
-0.12814,-0.15685,-0.00782
0.14593,0.45863,0.01000
-0.27280,-0.57273,-0.02123
-0.38768,0.21025,-0.01179
-1.02211,0.36426,-0.02895
0.30208,0.16985,0.01197
-0.21549,-1.22560,-0.02576
-1.05001,-0.28473,-0.03686
-0.50000,-0.73566,-0.02557
-0.52590,0.57066,-0.01079
-0.36787,0.64064,-0.00672
-0.69616,0.06902,-0.02855
-0.20041,0.35016,-0.00406
-0.49850,0.26815,-0.01683
-0.58310,-0.16167,-0.02280
-0.25064,-0.47400,-0.02018
-0.54241,0.25503,-0.01647
-0.01765,0.36619,0.00312
-0.53187,-1.00364,-0.02525
-0.09790,-0.08350,-0.00712
-0.47133,0.53503,-0.01104
-0.50109,0.57686,-0.00995
-0.62047,-0.27880,-0.02525
-0.35741,-0.17752,-0.01422
-0.14437,0.27078,-0.00282
-0.53707,-0.75433,-0.02718
0.36335,-0.29379,0.00764
-0.93095,0.41924,-0.02027
-0.00395,0.37312,0.00361
-0.01440,0.15488,0.00034
0.17653,0.12182,0.00663
-0.12979,0.00026,-0.00669
-0.83662,0.11398,-0.02942
-1.35962,-0.59684,-0.03599
-0.44842,-0.03680,-0.01710
-0.35835,-0.17812,-0.01197
-0.43292,0.85229,-0.00586
-0.60187,-0.30917,-0.02583
-0.62211,-0.25141,-0.02083
-0.08480,0.14728,-0.00211
-0.44588,-0.66025,-0.02086
-0.25386,-0.80980,-0.02023
-0.25185,0.45180,-0.00421
-0.20199,-0.39795,-0.01541
-0.18341,0.10250,-0.00693
-0.14840,0.08433,-0.00592
-0.42034,0.67740,-0.00613
0.01587,0.10405,0.00070
-0.17978,-0.34593,-0.01218
-0.81810,0.25965,-0.02897
-0.32293,0.36401,-0.00916
-0.51184,0.33838,-0.01680
0.22539,0.13107,0.00816
0.08780,0.29300,0.00606
-0.31650,-0.48715,-0.01694
-0.02153,-0.13989,-0.00401
-0.68805,0.57357,-0.01899
-0.73919,0.11707,-0.02330
0.04941,-0.03299,-0.00009
-0.68016,-0.44446,-0.03561
-0.22519,-0.07142,-0.00969
-0.65416,0.10822,-0.02535
0.10337,0.19642,0.00537
-0.11171,0.35337,-0.00064
-0.10483,0.05105,-0.00421
-0.70660,0.19894,-0.01800
0.02664,-0.68183,-0.00857
-0.60036,0.36459,-0.01514
-0.05661,-0.34376,-0.00844
0.15287,-0.17223,0.00171
-0.37540,-0.03556,-0.01615
-0.69732,0.15328,-0.02065
-0.58956,0.37058,-0.01640
-0.43314,-0.22545,-0.02146
-0.94905,-0.53520,-0.03157
-0.67580,-0.02027,-0.01937
-0.02665,-0.18426,-0.00429
-0.07899,0.03108,-0.00336
-0.37602,0.04626,-0.01481
-0.75330,0.47298,-0.01588
-0.15659,-0.94687,-0.01901
-0.65956,0.38973,-0.02134
-0.19918,-0.32122,-0.01055
-0.56823,-0.24147,-0.02442
-0.34073,-0.01117,-0.01116
-0.35325,-0.51109,-0.01907
-0.58495,-0.22921,-0.02756
0.22607,-0.66268,-0.00282
-0.39951,0.21655,-0.01363
-0.78686,0.09426,-0.02176
-0.79232,-0.58738,-0.03275
-0.66273,-0.06051,-0.02548
0.24798,-0.15816,0.00524
-0.24019,0.49577,-0.00337
-0.69254,-0.65198,-0.02910
-0.26872,-0.37060,-0.01370
-0.18289,0.10127,-0.00613
-0.30632,0.39055,-0.00685
-0.03542,0.01596,-0.00240
-0.30970,0.65824,-0.00403
-0.52233,-0.47771,-0.03012
-0.29944,0.25805,-0.00859
-0.02123,0.22158,0.00097
-0.32145,-0.29882,-0.01867
-0.27819,-0.23190,-0.01395
-0.03843,-0.13837,-0.00525
-0.59242,0.54333,-0.01563
-0.84954,0.21663,-0.02395
-0.41683,-0.31032,-0.01932
-0.30332,-0.51493,-0.01954
0.01027,0.15107,0.00119
-0.23278,0.44722,-0.00303
-0.13982,-0.87108,-0.01831
-0.61187,-0.13928,-0.01857
-0.07813,-0.25064,-0.00703
-0.62756,0.63504,-0.01032
-0.30814,0.02350,-0.01198
-0.32189,-0.09552,-0.01663
-0.36587,-0.61427,-0.01804
-0.60156,-0.26617,-0.02809
-0.33376,0.35444,-0.00708
-0.44373,0.18171,-0.01576
-0.34325,-0.14344,-0.01389
-0.79836,0.04777,-0.02626
-0.13684,-0.46677,-0.01374
-0.47248,0.67280,-0.00991
0.25829,0.33049,0.01302
-0.13181,0.22879,-0.00282
-0.74776,0.34581,-0.02019
-0.33639,-0.14970,-0.01354
-0.19834,-0.37926,-0.01155
-0.18361,0.02487,-0.00779
-0.27518,-0.35486,-0.01746
-0.33145,0.29467,-0.00699
-0.04657,0.40040,0.00289
-0.39967,0.24808,-0.01099
-0.30743,0.78209,-0.00138
-0.49051,-0.38409,-0.02516
0.05386,0.30267,0.00507
0.00095,-0.25197,-0.00458
0.19905,-0.28595,0.00173
-0.03912,-0.34501,-0.00694
-0.33985,0.42328,-0.00692
-0.73711,0.18254,-0.02524
-0.65092,0.35431,-0.01851
-0.82983,0.45627,-0.02049
-0.78705,0.04720,-0.02446
-0.10326,-0.35541,-0.00901
-0.39388,0.09889,-0.01545
-0.31467,0.29766,-0.00972
-0.51953,0.43147,-0.01260
-0.04501,0.00470,-0.00289
-0.67122,-0.65275,-0.02711
0.19651,-0.07597,0.00418
-0.01328,-0.15889,-0.00438
0.07811,0.22762,0.00496
-0.52651,-0.02164,-0.02063
-0.15896,0.23173,-0.00386
-0.71615,0.16515,-0.02667
-0.24307,-0.16009,-0.01348
-0.09526,0.15961,-0.00248
-0.11583,0.89483,0.00685
-0.84597,-0.42209,-0.03525
0.25077,-0.02410,0.00764
-0.27471,-0.11010,-0.01221
-0.38811,-0.07316,-0.01245
-0.85253,0.05099,-0.03258
-0.06221,0.22078,-0.00053
-0.27044,-0.18580,-0.01127
0.11988,0.26165,0.00630
-0.27686,0.16714,-0.00743
0.00767,0.38376,0.00452
-0.10196,-0.44209,-0.01021
-0.22290,-0.06784,-0.01001
-0.19764,-1.10910,-0.02113
-0.38888,0.57510,-0.00793
-0.59849,-0.38457,-0.03168
-0.18392,0.02983,-0.00795
0.32911,0.01737,0.01068
-0.68244,-0.13190,-0.02408
-0.15628,-0.32550,-0.00921
-0.22224,-0.04072,-0.01105
-0.00503,0.14536,0.00051
-0.09703,0.57728,0.00285
-0.21531,-0.01685,-0.00953
-0.06639,-0.42355,-0.00798
-0.53686,0.67503,-0.00963
0.02133,0.00483,-0.00014
-0.18085,-0.52317,-0.01609
-0.45583,0.86402,-0.00664
-0.33080,-0.25301,-0.01522
-0.50531,0.54124,-0.01143
-0.11073,0.00224,-0.00485
0.10170,0.26602,0.00639
0.02194,-0.42415,-0.00675
-0.27102,-0.31718,-0.01481
-0.21648,-0.23726,-0.01162
-0.41177,0.44335,-0.00746
-0.71743,-0.62013,-0.02694
-0.44055,0.15252,-0.01451
-0.65280,0.47635,-0.01887
-0.47312,-0.09899,-0.02079
0.03433,-0.22467,-0.00322
-0.08258,-0.27000,-0.00764
0.26210,-0.52173,0.00076
-0.79550,0.49093,-0.02269
-0.17841,-0.06479,-0.00900
-0.08442,0.42253,0.00177
-0.25082,-0.30550,-0.01666
-0.11501,0.03967,-0.00506
-0.31175,0.16316,-0.01173
-0.43807,-0.19033,-0.01937
-0.59867,0.73351,-0.01203
-0.10283,0.15491,-0.00301
0.06396,-0.16151,-0.00102
-0.46561,-0.53538,-0.02962
0.10773,-0.08071,0.00144
-0.83701,0.11676,-0.02192
-0.16020,-0.43919,-0.01141
-0.50454,-0.26512,-0.02206
-0.12106,-0.01536,-0.00539
-1.13640,-0.06505,-0.02996
-0.44758,0.15321,-0.01710
-0.40284,-0.05202,-0.01477
-0.52415,-0.33244,-0.02052
-0.41913,-0.08490,-0.01538
-0.12516,-0.32125,-0.01122
-0.54083,-0.42250,-0.02543
-1.34781,-0.68345,-0.04754
-0.22272,0.06068,-0.00901
-0.67613,0.43977,-0.01977
-0.44222,-0.31625,-0.01282
-0.13295,-0.01470,-0.00742
-0.81075,0.80677,-0.01783
0.10674,0.05420,0.00322
0.28932,0.16037,0.01242
-0.74866,0.03070,-0.02024
-0.20364,-0.50707,-0.01360
-0.17482,-0.67146,-0.01757
-0.30307,0.14956,-0.00908
-0.23605,0.35060,-0.00495
-0.46397,-0.15496,-0.01659
-0.08251,-0.43147,-0.01068
0.00135,-0.17263,-0.00357
-0.60584,0.52078,-0.01570
-0.41619,-0.41963,-0.01741
-0.76070,0.54692,-0.02045
-0.53494,0.93293,-0.00714
-0.33836,0.40304,-0.00807
-0.11087,0.30922,-0.00133
-0.37379,-0.33201,-0.01982
-0.59472,0.06224,-0.02283
-0.00639,0.08629,-0.00041
-0.27972,0.14106,-0.00878
-0.58354,0.14422,-0.01762
0.15238,-0.64548,-0.00517
-0.57825,-0.21679,-0.02761
-0.72228,0.00461,-0.02323
-0.60925,-0.73450,-0.03161
-0.22501,-0.23950,-0.01221
-0.18086,-0.54597,-0.01345
-0.95758,-0.48098,-0.03992
-0.38996,-0.08617,-0.01511
-0.44014,0.03628,-0.01286
-0.39339,0.07231,-0.01199
-0.63162,0.18327,-0.01589
-0.35726,0.02028,-0.01354
-0.54924,0.20132,-0.01630
-0.59135,0.55390,-0.01397
-0.54916,0.47529,-0.01323
-0.73374,0.29117,-0.01788
-0.10676,0.27801,-0.00130
-0.31563,0.45575,-0.00639
-0.48679,0.67938,-0.00956
0.18387,-0.56279,-0.00314
-0.46847,0.58190,-0.00875
-0.46063,0.30072,-0.01557
-0.32749,0.39281,-0.00825
-0.60914,0.12718,-0.02485
-0.00505,-0.43683,-0.00681
-0.42371,-0.28772,-0.02402
-0.00046,0.08723,-0.00025
-0.04039,0.41068,0.00299
-0.32190,-0.15592,-0.01611
-0.57184,-0.58771,-0.02570
-0.43088,-0.38521,-0.01768
-1.26890,-1.08870,-0.05141
-0.61223,-0.06476,-0.01999
-0.59900,-0.14795,-0.02321
-0.09006,-0.27660,-0.00703
-0.28807,0.45618,-0.00489
-0.17533,-0.46414,-0.01539
0.36699,0.07870,0.01319
-0.41343,0.71378,-0.00490
-0.49722,0.23976,-0.01724
-0.36616,-0.34858,-0.01746
-0.29733,-0.25989,-0.01555
-0.35146,-0.07044,-0.01605
-0.68931,0.45573,-0.01871
-0.26324,-0.25784,-0.01333
-0.60774,-0.11392,-0.02268
0.01623,0.56357,0.00736
-0.55311,0.50495,-0.01417
-0.38682,0.06584,-0.01193
-0.36429,0.81209,-0.00312
-0.35409,0.00934,-0.01158
-0.83179,0.19822,-0.02622
-0.34407,-0.68657,-0.02102
-0.81857,0.16264,-0.02212
-0.72585,-0.69160,-0.03347
0.15379,-0.43885,-0.00148
-0.75021,0.06850,-0.02059
-0.35873,-0.15622,-0.01131
-0.03470,-0.07895,-0.00369
-0.15139,0.43216,-0.00132
-0.55160,0.54934,-0.01067
-0.40052,0.39479,-0.00930
-0.41342,-0.35642,-0.01774
0.28951,0.13679,0.01172
-0.24075,0.07976,-0.01016
0.11371,-0.20760,-0.00017
-0.37628,0.42610,-0.00855
-0.34800,0.02861,-0.01421
-0.07641,-0.11379,-0.00476
-0.83730,-0.02133,-0.02974
-0.15771,-0.08329,-0.00837
-0.43925,-0.22416,-0.02205
-0.01223,0.17939,0.00080
0.20183,-0.13459,0.00386
-0.06139,0.08003,-0.00244
-0.30962,0.27803,-0.00894
-0.14242,-0.45907,-0.01241
-0.27462,0.13508,-0.00820
-0.42849,0.38835,-0.01045
-0.49143,0.73379,-0.00950
-0.75900,0.10629,-0.02873
-0.66009,-0.08435,-0.02880
-0.64367,0.17438,-0.02028
-0.01722,-0.55903,-0.00964
-0.09860,-0.43087,-0.01051
-0.69866,-0.24472,-0.02348
-0.32133,-0.62138,-0.02158
-0.55789,0.43043,-0.01330
-0.36018,-0.36112,-0.01803
-0.72240,-0.08314,-0.02838
-0.42149,0.86385,-0.00502
0.03528,-0.42786,-0.00575
-0.32266,-0.34329,-0.01213
-0.40412,-0.75738,-0.02403
-0.53918,0.15731,-0.01585
-0.28728,0.15161,-0.00781
-0.46776,0.54825,-0.01162
-0.62203,0.56307,-0.01344
-0.68904,0.34284,-0.01965
0.15367,0.32100,0.00844
-0.24560,-0.56990,-0.01890
-0.84660,0.09291,-0.02367
-0.01018,0.32402,0.00289
-1.01654,-0.39730,-0.04305
0.09694,-0.27077,-0.00132
-0.27856,-0.06089,-0.01120
-0.13769,-0.32374,-0.01138
-0.59751,-0.27515,-0.02359
-0.30897,0.17176,-0.01060
-0.90120,0.06942,-0.02635
-0.69492,-0.10485,-0.02706
-0.45481,-0.26576,-0.01916
0.04948,0.07682,0.00162
-0.49706,-0.16801,-0.02195
-0.34256,-0.20478,-0.01576
-0.25271,-0.66474,-0.02057
-0.30814,-0.04541,-0.01348
-0.10267,0.16520,-0.00264
0.00281,-0.46365,-0.00622
-0.20137,-0.03903,-0.00843
-0.52049,-0.09162,-0.01623
-0.63656,-0.40483,-0.02369
0.61674,-0.11575,0.01908
0.19719,0.05153,0.00701
0.32910,0.25196,0.01503
0.10614,0.13276,0.00477
-0.10152,0.32177,-0.00052
-0.31048,0.16811,-0.01004
-0.55288,0.07280,-0.01729
-0.15027,0.79556,0.00410
-0.19297,-0.62248,-0.01429
-0.08973,0.08668,-0.00371
-0.05636,0.00558,-0.00288
0.00314,-0.51417,-0.00643
-0.26561,-0.71705,-0.01646
-0.46618,-0.14849,-0.01852
-0.54357,-0.25607,-0.02420
-0.55701,-0.64733,-0.02782
-0.44255,-0.53306,-0.02586
-0.44131,0.74091,-0.00655
0.16996,0.30873,0.00886
-0.37910,-0.80086,-0.02436
-0.33355,-0.29598,-0.01457
-0.38951,-0.14908,-0.01569
-0.60427,-0.32052,-0.02421
-0.45862,0.12909,-0.01413
-0.79096,-0.18796,-0.02493
-0.34622,-0.03148,-0.01363
0.01303,0.34352,0.00380
-0.59204,0.37895,-0.01854
-0.54968,0.46598,-0.01352
-0.36233,-0.31033,-0.01839
-0.00467,-0.15904,-0.00304
-0.60954,0.10700,-0.01881
-0.01468,-0.06484,-0.00202
-0.00322,0.70204,0.00827
-0.87477,-0.32554,-0.02653
-0.24831,0.28385,-0.00568
-0.73722,1.16040,-0.01124
-0.41794,-0.33487,-0.02007
-0.29186,0.48092,-0.00505
-0.92250,0.35424,-0.02238
-0.36206,-0.35102,-0.02163
-0.42179,0.30598,-0.01033
-0.69032,0.38411,-0.02109
-0.44063,0.43258,-0.01117
-0.05968,-0.18126,-0.00618
-0.60995,-0.43437,-0.02754
-0.64684,-0.12886,-0.02118
-0.28233,0.00939,-0.01052
-0.77698,-1.04081,-0.04331
-0.37750,0.12884,-0.01296
-0.49310,0.37523,-0.01372
-0.32554,0.15905,-0.01154
-0.69177,0.39553,-0.01498
0.22311,-0.15598,0.00387
-0.64409,-0.14159,-0.02771
-0.22878,0.21701,-0.00550
-0.23048,0.24529,-0.00714
-0.36175,0.56616,-0.00741
-0.15750,-0.57146,-0.01395
-0.35543,-0.78238,-0.02833
0.18351,-0.16402,0.00295
-0.34198,-0.14867,-0.01332
-0.00030,-0.12143,-0.00287
-0.62759,0.27018,-0.01444
-0.57404,-0.08422,-0.01706
-0.38566,0.29195,-0.01058
-0.10964,0.09387,-0.00395
0.19488,0.22555,0.00874
-0.03456,-0.25031,-0.00601
-0.37308,-0.23582,-0.01930
-0.41139,-0.28939,-0.01585
-0.35518,-1.06388,-0.02163
-0.83615,-0.68849,-0.02624
-0.23784,0.17504,-0.00831
-0.56436,-0.55155,-0.03137
-0.67123,-0.90421,-0.03435
-0.11374,-0.45571,-0.01152
-0.05338,-0.42971,-0.00912
-0.24913,-0.03015,-0.01092
0.31919,0.13321,0.01338
-0.40596,0.00919,-0.01354
0.10329,-0.03944,0.00189
-0.22570,0.49601,-0.00208
0.12255,-0.20898,0.00002
-0.52788,0.43776,-0.01158
-0.39682,-0.45386,-0.01712
0.02079,0.47051,0.00593
-0.61349,0.35008,-0.02027
-0.99180,0.11635,-0.03354
-0.23172,-0.29452,-0.01099
-0.07616,-0.07317,-0.00517
-0.74014,-0.38552,-0.03459
-0.29377,-0.14712,-0.01459
-0.18662,0.04001,-0.00673
-0.42810,0.29498,-0.01407
-0.23849,-0.10601,-0.01118
-0.13393,0.51747,0.00078
-0.40985,-0.07203,-0.01373
-0.31448,-0.05897,-0.01150
0.02840,-0.53840,-0.00956
-0.69612,0.89382,-0.01494
-0.14344,0.42846,-0.00078
-0.20322,-0.01889,-0.00886
-0.27869,-0.36273,-0.01642
-1.08071,0.08161,-0.03319
0.15362,0.01159,0.00434
-0.23842,-0.29060,-0.01412
-1.00045,0.59222,-0.02795
-0.39309,0.17055,-0.01317
-0.07570,0.82113,0.00717
-0.08346,0.22180,-0.00077
-0.27778,0.05745,-0.01231
-0.12701,0.45604,-0.00010
-0.42584,-0.91151,-0.02371
-0.11696,-0.38087,-0.01127
-0.00643,0.13243,0.00036
-0.63342,-0.14887,-0.02390
-0.52889,0.65117,-0.01040
-0.12566,0.24094,-0.00272
-0.04069,-0.81419,-0.01224
-0.94641,-0.66900,-0.03540
-0.19166,0.22895,-0.00472
-0.37986,0.46068,-0.00958
-0.31729,0.38567,-0.00662
-0.48770,0.41948,-0.01108
-0.28965,0.01549,-0.00968
0.10349,-0.09903,0.00108
-0.39942,-1.19784,-0.02728
-0.50214,0.86997,-0.00615
-0.17624,0.04005,-0.00657
0.18889,0.28958,0.00906
-0.33190,-0.34360,-0.01816
-0.53783,-0.00415,-0.02240
-0.45454,0.07067,-0.01599
-0.15299,-0.32469,-0.01252
-0.61552,-0.50405,-0.02700
-0.28517,-0.33237,-0.01419
-1.08986,0.43170,-0.03055
-0.40760,0.00273,-0.01531
-0.30812,-0.05837,-0.01383
0.09058,0.17098,0.00450
-0.13020,0.31669,-0.00156
-0.50414,-0.57266,-0.02808
-0.18097,-0.24803,-0.00997
-0.39207,0.28616,-0.00903
-0.36344,-0.06705,-0.01274
-0.13735,0.29892,-0.00203
-0.28860,0.52071,-0.00516
-0.62461,0.42550,-0.01878
-0.38458,0.41472,-0.00975
-0.79555,0.00436,-0.02806
-0.12555,0.28383,-0.00227
-0.21190,0.62275,-0.00089
-0.61924,-0.63976,-0.02502
-0.65518,0.84579,-0.00927
-0.68497,-0.57345,-0.02773
-0.53975,0.83624,-0.00864
-0.14668,-0.56561,-0.01254
-0.85562,-0.81409,-0.04339
-0.42024,0.35544,-0.01067
0.27779,-0.13017,0.00657
-0.44230,0.07500,-0.01457
-0.31873,0.14879,-0.01072
-0.57769,0.37709,-0.01446
-0.60807,-0.22273,-0.02575
0.02715,-0.69195,-0.00894
-0.37059,-0.42356,-0.02341
-0.23822,-0.18456,-0.01256
0.51157,0.13602,0.01749
-0.68514,0.38327,-0.01876
0.03108,-0.08235,-0.00128
-0.09913,0.37095,0.00037
-0.36626,-0.28049,-0.01419
-0.47842,0.53720,-0.00996
-0.03663,-0.08042,-0.00398
-0.56464,0.43993,-0.01411
-0.51468,0.52712,-0.01147
-0.25580,0.34296,-0.00546
-0.82935,0.52161,-0.01826
-0.56660,0.65900,-0.01187
-0.13862,-0.12896,-0.00707
-0.85150,-0.46185,-0.03834
-0.37096,0.38301,-0.01012
-0.81106,-0.21432,-0.03026
-0.42030,-0.85558,-0.02752
-0.15736,-0.24997,-0.01085
-0.50876,-0.10375,-0.01828
-0.22291,0.02589,-0.00928
-0.24670,0.16386,-0.00719
0.11967,-0.31778,-0.00101
-0.74349,-0.11652,-0.02115
-0.32955,-0.46969,-0.01446
-0.94248,0.11674,-0.03411
-0.26321,-0.43682,-0.01320
-0.22386,-0.16106,-0.01165
-0.46478,-0.23593,-0.01857
0.02491,0.29806,0.00414
-0.28594,0.54102,-0.00380
-0.57128,0.10473,-0.01880
-0.48127,-0.17693,-0.02189
-0.16489,0.18781,-0.00538
-0.10713,-0.09477,-0.00581
-0.87599,0.31134,-0.02748
-0.00386,-0.10878,-0.00290
-0.57313,-1.26853,-0.03408
0.06400,-0.35948,-0.00447
-0.45863,0.62027,-0.00955
-0.42081,0.19602,-0.01194
-0.32453,-0.08910,-0.01500
0.23802,-0.01600,0.00771
-0.00976,-0.46595,-0.00662
-0.29605,-0.69485,-0.01570
-0.87363,0.09898,-0.02463
-0.50366,-0.74213,-0.02678
0.14167,0.43425,0.00943
-0.18394,-0.14210,-0.00923
0.01962,0.19529,0.00226
0.04324,0.32136,0.00465
-0.54840,0.01018,-0.02010
-0.28464,0.26397,-0.00671
-1.09670,0.00758,-0.02884
-0.34191,-0.32419,-0.01895
-0.43369,0.76336,-0.00629
-0.36858,0.70306,-0.00526
0.26823,0.04981,0.00854
-0.36663,-0.33584,-0.01946
0.08356,0.04720,0.00251
-0.55680,0.21112,-0.01373
-0.01187,0.00794,-0.00182
0.06491,-0.41223,-0.00498
-0.65520,-0.11505,-0.02183
-0.17731,-0.11295,-0.00939
-0.29052,0.38507,-0.00688
-0.62106,-0.45458,-0.03213
-0.32382,-0.32408,-0.01656
-0.51345,-0.44162,-0.02843
0.41228,0.38085,0.02082
0.00637,-0.34239,-0.00486
-0.27190,0.33751,-0.00607
-0.49812,0.44829,-0.01170
-0.85647,0.34162,-0.01970
0.30772,0.08258,0.01074
-0.38070,0.06822,-0.01630
-0.49335,-0.00026,-0.01452
-0.19949,0.15058,-0.00718
-0.87995,0.26147,-0.02688
0.15730,0.00567,0.00440
-0.00779,-0.56443,-0.01049
-0.11895,-0.74915,-0.01544
-0.59529,0.19864,-0.01778
-0.23329,-0.04806,-0.00986
-0.04985,-0.01256,-0.00402
-0.18945,-0.83283,-0.01824
0.40200,0.05131,0.01310
-0.18045,0.16485,-0.00545
-0.60509,0.77982,-0.01127
0.22046,-0.07889,0.00571
-0.00680,-0.46754,-0.00810
-0.41446,-0.03491,-0.01281
-0.60108,0.96883,-0.00926
-0.77154,-0.14022,-0.03005
-0.67451,0.89177,-0.01199
-0.76016,-0.47558,-0.02630
-0.45564,1.17223,-0.00131
-0.98085,0.54079,-0.02665
-0.13557,0.29138,-0.00245
-0.00440,0.54516,0.00638
-0.53230,0.39537,-0.01207
-0.28297,0.16396,-0.00844
-0.20273,-0.28781,-0.01384
-0.24759,-0.02261,-0.01178
-0.16409,-0.14177,-0.00830
0.07769,0.02432,0.00194
-0.39074,-0.22553,-0.01774
0.10836,0.01384,0.00280
-0.19358,0.52103,-0.00118
-0.19839,0.26883,-0.00481
-0.48029,-0.29525,-0.02538
-0.27231,0.09292,-0.01015
-0.89941,-0.15726,-0.02774
-0.50340,0.20045,-0.01660
-0.51633,-0.01683,-0.02014
-1.22301,-1.21314,-0.06223
-0.09571,-0.28070,-0.00896
-0.07223,0.05779,-0.00323
0.09233,0.31044,0.00615
-0.31800,0.22286,-0.01071
0.08470,-0.19939,-0.00121
-0.28274,-0.89105,-0.02099
-0.38178,-0.45737,-0.01688
-0.79454,0.17507,-0.02359
-0.08158,0.29205,-0.00033
-0.53163,-0.04048,-0.01674
0.09000,-0.01370,0.00183
-0.70303,0.24661,-0.02001
-0.00333,-0.94843,-0.01235
-0.09636,0.36281,0.00000
0.04140,-0.17294,-0.00171
-0.29939,0.47945,-0.00627
-0.16719,0.51883,-0.00068
-0.16256,-0.82289,-0.01725
-0.62787,-0.33637,-0.02884
-0.95050,0.18958,-0.03354
-0.32580,-0.60252,-0.02113
-0.06189,0.26920,0.00003
-0.57262,-0.51430,-0.02316
-1.21998,-0.26432,-0.03407
-0.31356,0.15777,-0.00878
-0.23274,0.23316,-0.00633
0.12062,0.05726,0.00368
-0.14140,0.27341,-0.00299
-0.30736,0.00131,-0.01311
-0.37754,-0.05913,-0.01496
-0.50280,0.22682,-0.01504
-0.04096,-0.28518,-0.00666
-0.76351,0.50678,-0.01577
-0.22717,-0.64527,-0.02161
-0.32339,-0.04852,-0.01080
-0.03379,-1.21483,-0.01989
-0.14432,0.08573,-0.00590
-0.21866,-0.33723,-0.01339
-0.43052,0.38194,-0.00991
-0.04715,-0.04415,-0.00413
-0.26617,-0.20104,-0.01521
-0.32571,-0.93539,-0.02850
-0.48667,0.86065,-0.00608
-0.80642,-0.54120,-0.03863
-0.27974,0.61436,-0.00178
-0.38252,0.68297,-0.00434
-0.46584,0.30479,-0.01485
-0.11730,0.65938,0.00345
-0.46682,-0.06597,-0.01969
-0.15278,-0.09364,-0.00815
-0.07022,0.24227,-0.00065
-0.01008,-0.63148,-0.00715
-0.61644,0.78787,-0.01222
-0.44106,0.58326,-0.00816
0.00213,0.46502,0.00526
-0.14780,-0.50108,-0.01543
-0.29744,0.06434,-0.01183
-0.09308,-0.43776,-0.00959
-0.06279,-0.24639,-0.00689
-0.45304,0.72963,-0.00681
-0.34606,-0.13699,-0.01425
0.16079,-0.46723,-0.00241
0.04602,0.17373,0.00274
-0.16730,-0.22880,-0.00933
-0.46744,0.28677,-0.01231
-0.30791,0.34735,-0.00496
-0.24842,-0.47909,-0.01909
-0.52354,-0.10526,-0.01782
0.09240,0.40559,0.00752
-0.61222,-0.69590,-0.03582
-0.41512,-0.21871,-0.02204
-0.39124,0.35373,-0.01004
-0.20340,-0.85326,-0.01924
-0.28886,-0.18031,-0.01404
-0.05265,-0.25597,-0.00530
-0.03066,-0.95140,-0.01483
-0.05505,-0.37736,-0.00883
-0.19807,0.00137,-0.00994
-0.11176,0.68012,0.00409
-0.43894,0.51828,-0.01005
-0.49541,-0.05849,-0.01892
-0.65377,-0.02483,-0.02019
-0.91232,-0.17369,-0.02943
-1.69131,-0.63185,-0.05800
0.00391,0.08095,0.00010
-0.32760,-0.04900,-0.01408
-0.12659,-0.37544,-0.00998
0.46621,0.18100,0.01969
-0.01888,-0.34569,-0.00707
0.14350,0.28121,0.00774
-0.85139,-0.49005,-0.04203
-0.73591,0.01583,-0.01988
-0.38830,0.04512,-0.01242
-0.46785,0.53477,-0.01000
-0.23538,0.33350,-0.00530
-0.32679,-0.21065,-0.01572
-0.07557,-0.21402,-0.00691
0.12566,0.24888,0.00636
-0.47558,-1.26439,-0.03024
0.14008,-0.47265,-0.00367
-0.21162,-0.26396,-0.01253
-0.28794,-0.03011,-0.01305
-0.67410,-0.76928,-0.04149
-1.10309,0.10578,-0.03205
-0.16455,0.20193,-0.00499
-0.37329,-0.51646,-0.01906
-0.35220,-1.13693,-0.02035
-0.16597,-0.81601,-0.01773
-0.18493,0.07594,-0.00712
-0.54564,-0.86698,-0.02831
0.32598,0.54258,0.01728
-0.26165,0.40521,-0.00497
-0.67382,-0.23879,-0.02888
-0.33509,0.73203,-0.00277
-0.46005,0.10407,-0.01762
-0.16915,-0.10765,-0.00960
-0.70837,0.10014,-0.01975
-0.40553,-0.04094,-0.01266
-0.45474,0.16549,-0.01472
-0.25937,0.17510,-0.00709
0.24174,-0.53780,-0.00002
-0.18236,0.15612,-0.00657
-0.23700,0.12068,-0.00727
-0.28269,-0.26184,-0.01556
0.00441,-0.59096,-0.00934
0.01936,0.03023,-0.00007
-0.77485,0.29491,-0.02408
-0.25040,0.26328,-0.00574
-0.18961,-0.46784,-0.01222
-0.20209,-0.10061,-0.00787
-0.59108,-0.31443,-0.02458
-0.43813,-0.08361,-0.02058
-0.12821,0.47001,0.00048
-0.27711,-0.11749,-0.01199
-0.10774,0.16865,-0.00285
-0.39212,-0.15641,-0.01567
0.07121,0.23616,0.00437
-0.57070,0.20431,-0.01511
0.08762,-0.77153,-0.00775
-0.15149,-0.37655,-0.00991
-0.46970,-0.01866,-0.01636
-1.19830,-0.75484,-0.05090
0.08267,0.09327,0.00284
-0.40327,0.27585,-0.01134
-0.03434,-0.03335,-0.00311
-0.18682,-0.16997,-0.01022
-0.45692,-0.09478,-0.01699
-0.25387,0.39154,-0.00538
