date,G1,G2,G3,G4,portfolio
2017-01-03,-0.0000331,0.0021189,-0.0030705,0.0043600,0.0013793
2017-01-04,-0.0003452,-0.0009935,0.0000000,-0.0004474,-0.0015829
2017-01-05,0.0006601,-0.0008580,0.0000000,0.0006336,0.0001497
2017-01-06,-0.0005672,-0.0004806,0.0000000,-0.0012711,-0.0017666
2017-01-09,0.0001575,0.0011142,0.0000000,0.0067575,0.0051055
2017-01-10,0.0005570,0.0001957,0.0000000,-0.0003015,0.0005905
2017-01-11,-0.0002771,-0.0013625,0.0000000,0.0031937,0.0000996
2017-01-12,0.0001440,-0.0012450,0.0000000,0.0040268,0.0010748
2017-01-13,-0.0000692,-0.0000515,0.0000000,0.0000151,-0.0001127
2017-01-16,0.0006306,-0.0002026,0.0000000,0.0036003,0.0023706
2017-01-17,0.0000918,0.0026476,0.0000000,-0.0031308,0.0010738
2017-01-18,-0.0008092,-0.0014078,0.0000000,0.0011242,-0.0016220
2017-01-19,-0.0007909,-0.0008376,0.0000000,0.0023639,-0.0003767
2017-01-20,0.0002161,0.0006339,0.0000000,-0.0022994,-0.0003673
2017-01-23,0.0008913,-0.0002215,0.0000000,-0.0022907,-0.0005476
2017-01-24,-0.0008730,0.0010748,0.0000000,0.0015653,0.0010338
2017-01-25,0.0000564,-0.0008138,0.0000000,-0.0009798,-0.0012763
2017-01-26,-0.0004041,-0.0000879,0.0000000,0.0002773,-0.0003450
2017-01-27,-0.0006378,0.0015186,-0.0007769,0.0023974,0.0013767
2017-01-30,0.0009342,-0.0001387,0.0024598,0.0009339,0.0037554
2017-01-31,0.0002044,0.0004947,0.0065801,-0.0028180,0.0057720
2017-02-01,-0.0000605,0.0014869,0.0000253,-0.0023064,0.0002103
2017-02-02,0.0003817,-0.0015578,0.0000000,0.0042309,0.0011115
2017-02-03,-0.0000761,-0.0010233,0.0000000,0.0016329,-0.0002341
2017-02-06,0.0008265,-0.0019806,0.0000000,-0.0002169,-0.0012698
2017-02-07,-0.0001126,0.0000392,0.0000000,-0.0014004,-0.0008801
2017-02-08,0.0004514,0.0011802,0.0000000,-0.0028005,-0.0000006
2017-02-09,-0.0000473,0.0022281,0.0000000,-0.0002388,0.0020424
2017-02-10,-0.0000744,0.0004794,0.0000000,0.0028739,0.0020720
2017-02-13,-0.0000855,0.0015791,0.0000000,-0.0011172,0.0008520
2017-02-14,-0.0001722,-0.0002931,0.0000000,0.0027662,0.0011327
2017-02-15,-0.0003718,0.0005919,0.0000000,0.0035858,0.0022791
2017-02-16,0.0005040,0.0017018,0.0000000,-0.0043404,-0.0002679
2017-02-17,0.0004538,0.0005099,0.0000000,-0.0007374,0.0005516
2017-02-20,-0.0001277,-0.0006398,0.0000000,0.0005939,-0.0004305
2017-02-21,0.0000000,-0.0017405,0.0000000,0.0003521,-0.0015397
2017-02-22,0.0000000,-0.0007539,0.0000000,0.0012247,-0.0000554
2017-02-23,0.0000000,0.0001993,0.0000000,-0.0018995,-0.0009115
2017-02-24,0.0000000,-0.0001575,-0.0027840,-0.0014399,-0.0036220
2017-02-27,0.0000000,0.0006359,-0.0018449,0.0003334,-0.0010024
2017-02-28,0.0000000,-0.0022154,-0.0023140,0.0001613,-0.0044282
2017-03-01,0.0000000,0.0002687,-0.0001011,0.0039822,0.0026656
2017-03-02,0.0000000,0.0002171,0.0000000,-0.0053356,-0.0030996
2017-03-03,0.0000000,-0.0017450,0.0000000,-0.0024389,-0.0032027
2017-03-06,0.0000000,-0.0005743,0.0000000,-0.0011993,-0.0012899
2017-03-07,0.0000000,-0.0007674,0.0000000,0.0003641,-0.0005500
2017-03-08,0.0000000,-0.0003159,0.0000000,-0.0025660,-0.0018591
2017-03-09,0.0000000,-0.0003573,0.0000000,-0.0006317,-0.0007344
2017-03-10,0.0000000,-0.0013054,0.0000000,0.0004054,-0.0010633
2017-03-13,0.0000000,0.0010945,0.0000000,0.0016766,0.0021050
2017-03-14,0.0000000,0.0010996,0.0000000,0.0005077,0.0014047
2017-03-15,0.0000000,-0.0014011,0.0000000,0.0042493,0.0012932
2017-03-16,0.0000000,-0.0009522,0.0000000,-0.0050998,-0.0041525
2017-03-17,0.0000000,0.0013216,0.0000000,-0.0002898,0.0011458
2017-03-20,0.0000000,0.0001735,0.0000000,0.0024859,0.0016818
2017-03-21,0.0000000,0.0020708,0.0000000,-0.0076662,-0.0025619
2017-03-22,0.0000000,0.0004198,0.0000000,-0.0017832,-0.0005861
2017-03-23,0.0000000,0.0008009,0.0000000,-0.0040967,-0.0015035
2017-03-24,0.0000000,-0.0000450,0.0000000,0.0012859,0.0006741
2017-03-27,0.0000000,0.0009569,0.0000000,-0.0040458,-0.0013021
2017-03-28,0.0000000,0.0022776,0.0000000,0.0036091,0.0043272
2017-03-29,0.0000000,0.0030603,0.0000000,0.0034328,0.0050229
2017-03-30,0.0000000,0.0016371,0.0000000,0.0021379,0.0028439
2017-03-31,0.0000000,0.0007518,0.0000000,-0.0019049,-0.0003187
2017-04-03,0.0000000,-0.0019172,0.0000000,-0.0035274,-0.0038952
2017-04-04,0.0000000,-0.0006277,0.0000000,-0.0031559,-0.0024658
2017-04-05,0.0000000,-0.0002031,0.0000000,-0.0008996,-0.0007217
2017-04-06,0.0000000,-0.0001690,0.0000000,0.0004851,0.0001142
2017-04-07,0.0000000,0.0002580,0.0000000,0.0003178,0.0004475
2017-04-10,0.0000000,0.0003824,0.0000000,0.0010576,0.0010129
2017-04-11,0.0000000,-0.0016217,0.0000000,-0.0051273,-0.0047298
2017-04-12,-0.0002302,-0.0003618,0.0000000,-0.0011496,-0.0012761
2017-04-13,0.0002319,0.0014525,0.0000000,0.0033532,0.0036838
2017-04-14,-0.0004088,-0.0005525,0.0000000,-0.0011910,-0.0016659
2017-04-17,0.0004424,0.0011474,0.0000000,0.0005435,0.0019125
2017-04-18,-0.0001405,-0.0063322,0.0000000,-0.0085051,-0.0115412
2017-04-19,-0.0004693,-0.0014160,0.0000000,-0.0030721,-0.0035928
2017-04-20,0.0006559,-0.0001486,0.0000000,0.0028872,0.0021014
2017-04-21,0.0000969,-0.0000202,0.0000000,-0.0003245,-0.0001005
2017-04-24,0.0011008,-0.0029175,0.0000000,-0.0007854,-0.0022493
2017-04-25,0.0003245,-0.0039385,0.0000000,-0.0013624,-0.0043660
2017-04-26,-0.0008368,0.0010686,0.0000000,-0.0041144,-0.0020498
2017-04-27,-0.0001468,0.0001958,0.0000000,0.0002114,0.0001651
2017-04-28,-0.0002278,-0.0014203,0.0000000,0.0004013,-0.0014225
2017-05-01,0.0009462,-0.0021833,0.0000000,0.0031336,0.0005327
2017-05-02,-0.0001904,-0.0017962,0.0000000,-0.0001430,-0.0020661
2017-05-03,-0.0010995,0.0025330,0.0000000,-0.0025350,0.0000224
2017-05-04,-0.0014410,0.0007101,0.0000000,-0.0045708,-0.0032897
2017-05-05,-0.0000315,0.0001692,0.0000000,0.0023987,0.0014529
2017-05-08,0.0000137,-0.0007869,0.0000000,-0.0005876,-0.0010964
2017-05-09,-0.0005838,-0.0024533,0.0000000,-0.0003211,-0.0032138
2017-05-10,0.0009503,-0.0027957,0.0000000,0.0027218,-0.0003114
2017-05-11,0.0006103,0.0036775,0.0000000,-0.0000035,0.0041943
2017-05-12,-0.0007485,0.0025400,0.0000000,-0.0022024,0.0003859
2017-05-15,0.0007643,-0.0018710,0.0000000,0.0031533,0.0008318
2017-05-16,-0.0010336,-0.0028157,0.0000000,-0.0017754,-0.0045996
2017-05-17,-0.0020549,0.0015187,0.0000000,-0.0086541,-0.0055254
2017-05-18,0.0009177,-0.0002615,0.0000000,0.0034354,0.0024947
2017-05-19,-0.0005692,-0.0018860,0.0000000,0.0006992,-0.0018958
2017-05-22,0.0003700,-0.0007641,0.0000000,-0.0011717,-0.0009170
2017-05-23,0.0011594,-0.0008217,0.0000000,0.0019754,0.0014525
2017-05-24,0.0005601,-0.0008820,0.0000000,0.0010011,0.0002834
2017-05-25,-0.0011702,-0.0002020,0.0000000,-0.0019422,-0.0023715
2017-05-26,0.0011400,-0.0015355,0.0000000,-0.0024062,-0.0015292
2017-05-29,-0.0003643,0.0010425,0.0000000,-0.0003437,0.0003912
2017-05-30,0.0001581,-0.0010205,0.0000000,-0.0009640,-0.0012733
2017-05-31,-0.0018758,0.0016108,0.0000000,-0.0005489,-0.0007263
2017-06-01,-0.0009852,0.0007586,0.0000000,-0.0005246,-0.0005937
2017-06-02,0.0009753,-0.0021728,0.0000000,-0.0017435,-0.0018865
2017-06-05,0.0014003,-0.0000151,0.0000000,0.0026333,0.0028030
2017-06-06,-0.0000219,-0.0014989,0.0000000,-0.0033883,-0.0031584
2017-06-07,0.0008670,-0.0016254,0.0000000,0.0039021,0.0015052
2017-06-08,0.0003406,-0.0003517,0.0000000,-0.0006232,-0.0003026
2017-06-09,0.0017313,-0.0015394,0.0000000,-0.0043148,-0.0019765
2017-06-12,0.0012286,0.0013030,0.0000000,-0.0024867,0.0010487
2017-06-13,0.0000804,0.0007312,0.0000000,0.0002362,0.0008525
2017-06-14,0.0001845,0.0006596,0.0000000,-0.0017718,-0.0002342
2017-06-15,0.0016947,0.0008683,0.0000000,0.0055783,0.0056391
2017-06-16,-0.0002166,0.0001508,0.0000000,-0.0003951,-0.0003007
2017-06-19,0.0004064,0.0001307,0.0000000,0.0010938,0.0011295
2017-06-20,-0.0001720,-0.0009176,0.0000000,-0.0031688,-0.0027683
2017-06-21,-0.0005051,0.0024867,0.0000000,0.0015398,0.0026318
2017-06-22,0.0002688,-0.0027194,0.0000000,-0.0024816,-0.0036581
2017-06-23,-0.0004468,0.0007469,0.0000000,0.0015428,0.0011287
2017-06-26,-0.0000314,-0.0013870,0.0000000,0.0014883,-0.0004488
2017-06-27,-0.0006018,0.0001362,0.0000000,0.0050745,0.0024548
2017-06-28,0.0003370,0.0003796,0.0000000,0.0004751,0.0009536
2017-06-29,-0.0000342,-0.0000664,0.0000000,0.0031998,0.0017041
2017-06-30,-0.0002991,-0.0005250,0.0000000,-0.0007486,-0.0011968
2017-07-03,-0.0001267,-0.0007296,0.0000000,0.0004493,-0.0005482
2017-07-04,-0.0005831,-0.0012601,0.0000000,-0.0017882,-0.0027387
2017-07-05,0.0001623,0.0005731,0.0000000,0.0005299,0.0009928
2017-07-06,-0.0007006,0.0014995,0.0000000,0.0031331,0.0024617
2017-07-07,-0.0005614,-0.0034781,0.0000000,-0.0028445,-0.0053819
2017-07-10,-0.0002324,-0.0002522,0.0000000,0.0006464,-0.0000926
2017-07-11,-0.0004415,-0.0007378,0.0000000,0.0034351,0.0008364
2017-07-12,0.0006619,-0.0021287,0.0000000,-0.0054072,-0.0047321
2017-07-13,0.0002215,-0.0013200,0.0000000,-0.0021001,-0.0023348
2017-07-14,-0.0002303,-0.0005043,0.0000000,0.0029590,0.0010257
2017-07-17,0.0001702,0.0008073,0.0000000,0.0012172,0.0016892
2017-07-18,0.0001445,-0.0010842,0.0000000,-0.0001477,-0.0010263
2017-07-19,0.0003462,-0.0000765,0.0000000,-0.0025183,-0.0012086
2017-07-20,-0.0008404,0.0018540,0.0000000,0.0014690,0.0018865
2017-07-21,0.0006040,0.0029519,0.0000000,-0.0027089,0.0019509
2017-07-24,0.0000258,-0.0006317,0.0000000,-0.0000583,-0.0006401
2017-07-25,-0.0013092,0.0013893,0.0000000,0.0017223,0.0011060
2017-07-26,-0.0006665,0.0008578,0.0000000,-0.0017710,-0.0008591
2017-07-27,-0.0008410,0.0001756,-0.0085414,-0.0000623,-0.0092438
2017-07-28,-0.0013271,-0.0013827,0.0054285,-0.0005504,0.0023829
2017-07-31,-0.0002531,0.0020649,0.0033961,0.0047487,0.0081279
2017-08-01,0.0006394,-0.0006321,-0.0000044,0.0018538,0.0011103
2017-08-02,-0.0010659,-0.0031824,0.0000000,0.0043508,-0.0016599
2017-08-03,0.0005525,0.0016335,0.0000000,-0.0005622,0.0018561
2017-08-04,0.0003071,0.0017310,0.0000000,-0.0028701,0.0003545
2017-08-07,-0.0001264,-0.0017253,0.0000000,0.0038695,0.0004091
2017-08-08,0.0003805,-0.0009099,0.0000000,-0.0005832,-0.0008681
2017-08-09,0.0011809,-0.0010988,0.0000000,0.0014462,0.0009250
2017-08-10,0.0006706,-0.0018275,0.0000000,0.0042600,0.0015766
2017-08-11,-0.0005144,0.0007072,0.0000000,-0.0008090,-0.0003220
2017-08-14,-0.0006944,0.0018551,0.0000000,-0.0003171,0.0009591
2017-08-15,-0.0000971,-0.0011744,0.0000000,0.0003636,-0.0010399
2017-08-16,0.0000018,-0.0018270,0.0000000,-0.0054003,-0.0052806
2017-08-17,0.0011169,0.0034250,0.0000000,0.0015491,0.0054940
2017-08-18,-0.0006321,-0.0019907,0.0000000,-0.0025498,-0.0041944
2017-08-21,-0.0001126,0.0002369,0.0000000,0.0010567,0.0007750
2017-08-22,-0.0004413,-0.0014805,0.0000000,-0.0005484,-0.0022593
2017-08-23,0.0001282,-0.0007845,0.0000000,0.0038635,0.0017233
2017-08-24,-0.0003230,-0.0002825,0.0000000,0.0001230,-0.0005310
2017-08-25,-0.0001214,0.0002354,0.0000000,0.0032833,0.0021049
2017-08-28,-0.0001427,0.0004424,0.0000000,0.0020902,0.0015596
2017-08-29,-0.0001967,-0.0009149,0.0000000,-0.0001500,-0.0012023
2017-08-30,0.0001596,0.0006220,0.0000000,0.0017701,0.0018703
2017-08-31,-0.0002341,0.0011229,0.0000000,-0.0002713,0.0007196
2017-09-01,-0.0006817,0.0028375,0.0000000,-0.0023325,0.0007001
2017-09-04,0.0007229,-0.0012529,0.0000000,0.0014537,0.0003955
2017-09-05,0.0002923,-0.0001247,0.0000000,-0.0024571,-0.0014128
2017-09-06,-0.0009834,-0.0021763,0.0000000,-0.0006338,-0.0035627
2017-09-07,-0.0002551,-0.0005222,0.0000000,0.0003924,-0.0005265
2017-09-08,0.0009018,0.0003018,0.0000000,0.0018057,0.0024037
2017-09-11,-0.0013781,0.0007294,0.0000000,-0.0031073,-0.0027090
2017-09-12,-0.0004048,-0.0050167,0.0000000,0.0028829,-0.0035416
2017-09-13,-0.0000085,0.0010476,0.0000000,-0.0006878,0.0005546
2017-09-14,-0.0000737,-0.0019388,0.0000000,0.0041983,0.0007736
2017-09-15,-0.0002382,-0.0047533,0.0000000,0.0024084,-0.0034144
2017-09-18,0.0001486,0.0001617,0.0000000,0.0019761,0.0015851
2017-09-19,-0.0002900,-0.0013973,0.0000000,-0.0008872,-0.0021827
2017-09-20,0.0002376,-0.0020751,0.0000000,-0.0040212,-0.0043985
2017-09-21,-0.0020905,-0.0005057,0.0000000,0.0066742,0.0017705
2017-09-22,0.0015983,0.0013525,0.0000000,-0.0036179,0.0006124
2017-09-25,0.0014937,0.0017477,0.0000000,-0.0014483,0.0022275
2017-09-26,-0.0006192,0.0003930,0.0000000,0.0019647,0.0009332
2017-09-27,0.0005631,-0.0001243,0.0000000,-0.0006609,0.0000470
2017-09-28,-0.0000811,0.0002493,0.0000000,-0.0002860,-0.0000264
2017-09-29,0.0000710,-0.0004038,0.0000000,0.0023771,0.0011566
2017-10-02,0.0008540,-0.0011550,0.0000000,-0.0036997,-0.0025366
2017-10-03,-0.0001756,-0.0004490,0.0000000,0.0017332,0.0004471
2017-10-04,-0.0003021,-0.0005023,0.0000000,-0.0001890,-0.0008961
2017-10-05,0.0011304,-0.0013502,0.0000000,-0.0013664,-0.0010426
2017-10-06,0.0000981,-0.0000851,0.0000000,0.0016234,0.0010582
2017-10-09,-0.0011512,0.0013529,0.0000000,0.0017167,0.0012609
2017-10-10,-0.0005408,-0.0011666,0.0000000,0.0019146,-0.0004228
2017-10-11,-0.0006915,-0.0006015,0.0000000,0.0023299,0.0002319
2017-10-12,0.0003741,0.0018712,0.0000000,-0.0035803,-0.0001557
2017-10-13,0.0008933,0.0024621,0.0000000,-0.0038738,0.0007911
2017-10-16,0.0002251,-0.0000296,0.0000000,-0.0003058,0.0000047
2017-10-17,0.0004412,-0.0009269,0.0000000,-0.0012844,-0.0012600
2017-10-18,-0.0018856,0.0015522,0.0000000,0.0046431,0.0025342
2017-10-19,-0.0001959,0.0028700,0.0000000,0.0041326,0.0051224
2017-10-20,-0.0012866,-0.0000254,0.0000000,0.0015028,-0.0004010
2017-10-23,0.0002748,-0.0006868,0.0000000,-0.0014258,-0.0012357
2017-10-24,-0.0012538,0.0003139,0.0000000,0.0035156,0.0012146
2017-10-25,-0.0009962,-0.0057632,0.0000000,-0.0016365,-0.0075109
2017-10-26,0.0017317,0.0000670,0.0000000,-0.0034217,-0.0003290
2017-10-27,0.0016889,0.0009394,0.0000000,-0.0025256,0.0010017
2017-10-30,-0.0006772,-0.0021143,0.0000000,-0.0009456,-0.0031854
2017-10-31,-0.0016814,0.0003630,0.0000000,0.0012106,-0.0006006
2017-11-01,0.0001578,-0.0001538,0.0000000,0.0008739,0.0005596
2017-11-02,0.0018217,0.0007111,0.0000000,0.0012262,0.0032308
2017-11-03,0.0001524,-0.0001159,0.0000000,-0.0015244,-0.0009194
2017-11-06,0.0004379,-0.0006711,0.0000000,-0.0010449,-0.0008382
2017-11-07,-0.0007659,-0.0004221,0.0000000,0.0000143,-0.0011492
2017-11-08,0.0009988,0.0007955,0.0000000,-0.0008667,0.0011932
2017-11-09,-0.0000909,-0.0001025,0.0000000,0.0009371,0.0004302
2017-11-10,-0.0013202,-0.0006862,0.0000000,0.0012366,-0.0011741
2017-11-13,-0.0001310,0.0008343,0.0000000,0.0000204,0.0007041
2017-11-14,-0.0018754,-0.0029798,0.0000000,0.0038370,-0.0022403
2017-11-15,0.0002396,-0.0021165,0.0000000,-0.0034798,-0.0040805
2017-11-16,-0.0005179,0.0000687,0.0000000,0.0014966,0.0005267
2017-11-21,0.0005207,-0.0013706,0.0000000,-0.0032867,-0.0029315
2017-11-22,0.0001169,-0.0013854,0.0000000,-0.0022347,-0.0026535
2017-11-23,0.0000784,0.0006112,0.0000000,0.0003420,0.0008806
2017-11-24,-0.0011835,0.0010629,0.0000000,0.0038302,0.0023085
2017-11-27,0.0000048,-0.0009090,0.0000000,-0.0044899,-0.0037211
2017-11-28,0.0003258,0.0000155,0.0000000,-0.0006867,-0.0000858
2017-11-29,-0.0010420,0.0004149,0.0000000,0.0011050,0.0000560
2017-11-30,-0.0016197,-0.0038499,0.0000000,0.0045268,-0.0025668
2017-12-01,0.0023317,0.0030156,0.0000000,0.0004926,0.0054871
2017-12-04,-0.0006847,0.0016106,0.0000000,0.0017087,0.0018533
2017-12-05,0.0010098,0.0003136,0.0000000,-0.0010422,0.0006559
2017-12-06,-0.0007241,0.0001643,0.0000000,-0.0041160,-0.0031056
2017-12-07,-0.0016833,0.0027645,0.0000000,0.0020220,0.0020767
2017-12-08,0.0009899,-0.0003419,0.0000000,0.0002396,0.0008111
2017-12-11,0.0011834,-0.0022162,0.0000000,-0.0022303,-0.0023033
2017-12-12,0.0014737,-0.0009945,0.0000000,-0.0018193,-0.0006057
2017-12-13,0.0006061,-0.0023353,0.0000000,-0.0024203,-0.0032384
2017-12-14,0.0006238,-0.0005190,0.0000000,0.0001105,0.0001737
2017-12-15,0.0005012,-0.0009849,0.0000000,-0.0022420,-0.0018801
2017-12-18,0.0002032,-0.0002736,0.0000000,0.0005322,0.0002660
2017-12-19,-0.0007222,0.0013546,0.0000000,0.0033471,0.0028927
2017-12-20,0.0001794,0.0002575,0.0000000,0.0028178,0.0023418
2017-12-21,0.0004271,-0.0005521,0.0000000,0.0020142,0.0012246
2017-12-22,0.0003766,0.0002391,0.0000000,-0.0004227,0.0003325
2017-12-26,-0.0000612,-0.0005685,0.0000000,-0.0001752,-0.0007471
2017-12-27,0.0003087,-0.0005910,0.0000000,0.0006494,0.0001529
2017-12-28,0.0005065,0.0011393,0.0000000,0.0003532,0.0018843
2017-12-29,0.0000059,0.0007555,0.0000000,0.0009395,0.0014103
2018-01-02,-0.0004739,-0.0013623,0.0002027,0.0020373,-0.0002216
2018-01-03,-0.0001414,0.0013461,0.0000000,-0.0005961,0.0007940
2018-01-04,-0.0002442,0.0008187,0.0000000,0.0004135,0.0008602
2018-01-05,0.0003673,-0.0004883,0.0000000,0.0005762,0.0002784
2018-01-08,-0.0000205,0.0001851,0.0000000,-0.0019728,-0.0012084
2018-01-09,-0.0005836,0.0005131,0.0000000,-0.0017617,-0.0012953
2018-01-10,0.0008091,-0.0038616,0.0000000,-0.0071617,-0.0080514
2018-01-11,-0.0003972,-0.0008157,0.0000000,-0.0000276,-0.0012242
2018-01-12,-0.0007055,0.0027282,0.0000000,0.0067004,0.0065268
2018-01-15,-0.0001122,0.0005578,0.0000000,-0.0010063,-0.0001967
2018-01-16,0.0005387,-0.0005213,0.0000000,0.0005148,0.0003497
2018-01-17,-0.0004593,-0.0008542,0.0000000,0.0005404,-0.0009584
2018-01-18,0.0003026,-0.0006425,0.0000000,-0.0001975,-0.0004714
2018-01-19,-0.0003433,0.0011924,0.0000000,-0.0014457,-0.0001173
2018-01-22,-0.0006990,-0.0022881,0.0000000,0.0009436,-0.0023563
2018-01-23,0.0003435,0.0013392,0.0000000,-0.0016877,0.0005333
2018-01-24,0.0001831,0.0023358,0.0000000,0.0030456,0.0045924
2018-01-25,0.0011606,0.0021558,0.0000000,-0.0011754,0.0025142
2018-01-26,0.0004843,0.0007668,0.0083545,-0.0022216,0.0080771
2018-01-29,0.0000597,0.0003473,-0.0050644,0.0006090,-0.0042411
2018-01-30,0.0000190,-0.0004998,0.0023028,-0.0004256,0.0015305
2018-01-31,0.0000000,-0.0018101,0.0009754,0.0000111,-0.0008271
2018-02-01,0.0000000,-0.0015837,-0.0005194,0.0030431,-0.0000115
2018-02-02,-0.0001669,-0.0032385,0.0000000,0.0013196,-0.0025087
2018-02-05,0.0007618,-0.0002593,0.0000000,-0.0073197,-0.0044674
2018-02-06,0.0006107,0.0033722,0.0000000,-0.0011962,0.0032316
2018-02-07,0.0008015,-0.0013642,0.0000000,0.0002407,-0.0004025
2018-02-08,-0.0008358,-0.0030772,0.0000000,-0.0015719,-0.0048656
2018-02-09,0.0008809,0.0025627,0.0000000,-0.0028912,0.0015322
2018-02-12,0.0003509,0.0012481,0.0000000,0.0001972,0.0016511
2018-02-13,-0.0000908,-0.0009700,0.0000000,-0.0004617,-0.0013170
2018-02-14,0.0003884,-0.0006240,0.0000000,-0.0012333,-0.0010137
2018-02-15,-0.0007202,0.0002075,0.0000000,-0.0013134,-0.0013684
2018-02-16,0.0000551,-0.0003785,0.0000000,-0.0023731,-0.0018679
2018-02-19,0.0002644,0.0009553,0.0000000,0.0007720,0.0017067
2018-02-20,0.0002057,0.0008145,0.0000000,0.0014396,0.0019441
2018-02-21,-0.0001671,-0.0001808,0.0000000,-0.0008463,-0.0009089
2018-02-22,-0.0006787,0.0002123,0.0000000,-0.0019362,-0.0017980
2018-02-23,0.0005452,0.0015303,0.0011906,0.0035639,0.0056736
2018-02-26,0.0002955,0.0010578,0.0004369,0.0001092,0.0018378
2018-02-27,-0.0008664,-0.0009161,0.0072708,-0.0000726,0.0054380
2018-02-28,0.0003309,0.0013961,0.0044591,-0.0030612,0.0039672
2018-03-01,0.0000927,-0.0016170,-0.0001518,-0.0011995,-0.0024930
2018-03-02,-0.0005896,-0.0006331,0.0000000,0.0000583,-0.0011825
2018-03-05,0.0001352,0.0007281,0.0000000,0.0028349,0.0028667
2018-03-06,0.0010844,-0.0001502,0.0000000,0.0001050,0.0010078
2018-03-07,0.0000025,-0.0007408,0.0000000,0.0016832,0.0004428
2018-03-08,0.0005709,0.0026123,0.0000000,-0.0001597,0.0030710
2018-03-09,0.0003899,-0.0000600,0.0000000,-0.0007167,-0.0001757
2018-03-12,-0.0003533,0.0008473,0.0000000,-0.0002971,0.0002826
2018-03-13,-0.0007866,0.0037560,0.0000000,-0.0002166,0.0028152
2018-03-14,0.0001062,0.0003528,0.0000000,-0.0010242,-0.0002753
2018-03-15,-0.0000450,-0.0009887,0.0000000,0.0043404,0.0020763
2018-03-16,-0.0001709,-0.0008713,0.0000000,0.0062622,0.0033841
2018-03-19,0.0000525,-0.0000137,0.0000000,0.0012402,0.0008714
2018-03-20,0.0003550,-0.0009572,0.0000000,0.0012312,0.0002276
2018-03-21,0.0003276,0.0001683,0.0000000,0.0000135,0.0005050
2018-03-22,-0.0001820,0.0029637,0.0000000,0.0022977,0.0043269
2018-03-23,0.0000600,0.0009482,0.0000000,0.0008315,0.0015631
2018-03-26,0.0001467,-0.0017402,0.0000000,-0.0012638,-0.0024363
2018-03-27,-0.0001187,0.0011903,0.0040338,0.0013707,0.0057264
2018-03-28,0.0004410,-0.0021956,0.0089203,-0.0017638,0.0050302
2018-03-29,0.0001495,0.0004950,-0.0012221,-0.0029202,-0.0022305
2018-03-30,-0.0002090,0.0002823,-0.0009332,0.0002911,-0.0004406
2018-04-02,0.0000282,-0.0002960,-0.0007240,0.0022641,0.0006816
2018-04-03,0.0006838,-0.0005835,0.0000000,-0.0043043,-0.0027216
2018-04-04,-0.0000378,-0.0026974,0.0000000,-0.0030350,-0.0046627
2018-04-05,0.0000000,-0.0009240,0.0000000,-0.0007031,-0.0014049
2018-04-06,0.0000000,0.0019566,0.0000000,0.0043215,0.0049098
2018-04-09,0.0000000,0.0004661,0.0000000,-0.0016395,-0.0007049
2018-04-10,0.0000000,0.0022958,0.0000000,-0.0037910,-0.0004045
2018-04-11,0.0000000,0.0003268,0.0000000,0.0004317,0.0006275
2018-04-12,0.0000000,0.0004518,0.0000000,0.0003847,0.0007198
2018-04-13,0.0000000,0.0004998,0.0000000,0.0010597,0.0012378
2018-04-16,0.0000000,-0.0002208,0.0000000,0.0018792,0.0010889
2018-04-17,0.0000000,-0.0013208,0.0000000,-0.0006332,-0.0017600
2018-04-18,0.0000000,0.0000803,0.0000000,-0.0003455,-0.0001603
2018-04-19,0.0000000,0.0003640,0.0000000,-0.0004813,0.0000233
2018-04-20,0.0000000,-0.0011303,0.0000000,0.0018109,0.0001538
2018-04-23,0.0000000,0.0010178,0.0000000,0.0010780,0.0017834
2018-04-24,0.0000000,0.0002592,0.0000000,0.0016262,0.0014125
2018-04-25,0.0000000,-0.0005293,0.0057808,-0.0009219,0.0042646
2018-04-26,0.0000000,0.0012190,0.0030733,0.0000655,0.0039396
2018-04-27,0.0000000,0.0023048,-0.0010893,-0.0060246,-0.0029487
2018-04-30,0.0000000,0.0001752,0.0045506,0.0011389,0.0048304
2018-05-01,0.0000000,-0.0022916,-0.0002810,-0.0045422,-0.0058840
2018-05-02,0.0000000,-0.0007870,0.0000000,-0.0012288,-0.0016662
2018-05-03,0.0000000,-0.0013385,0.0000000,-0.0015401,-0.0024385
2018-05-04,0.0000000,-0.0016068,0.0000000,-0.0019386,-0.0029916
2018-05-07,0.0000000,0.0003588,0.0000000,0.0020268,0.0018177
2018-05-08,0.0000000,-0.0002535,0.0000000,0.0032280,0.0020519
2018-05-09,0.0000000,-0.0013091,0.0000000,-0.0040855,-0.0041741
2018-05-10,0.0000000,0.0025657,0.0000000,-0.0040132,-0.0001809
2018-05-11,0.0000000,0.0002848,0.0000000,0.0014839,0.0012786
2018-05-14,0.0000000,-0.0003419,0.0000000,0.0019688,0.0009822
2018-05-15,0.0000000,0.0001266,0.0000000,-0.0008339,-0.0004313
2018-05-16,0.0000000,0.0004185,0.0000000,-0.0054039,-0.0032060
2018-05-17,0.0000000,-0.0010163,0.0000000,0.0007998,-0.0005012
2018-05-18,0.0000000,0.0003178,0.0000000,-0.0004571,0.0000223
2018-05-21,0.0000000,-0.0001230,0.0000000,-0.0063927,-0.0043373
2018-05-22,0.0000000,-0.0013250,0.0000000,-0.0000782,-0.0013738
2018-05-23,0.0000000,-0.0002635,0.0000000,-0.0020530,-0.0015467
2018-05-24,-0.0000328,-0.0001663,0.0000000,0.0021261,0.0011380
2018-05-25,-0.0001650,-0.0010177,0.0000000,-0.0005521,-0.0015278
2018-05-28,-0.0007357,0.0001360,-0.0015236,0.0015320,-0.0011206
2018-05-29,-0.0010341,0.0007458,-0.0031326,-0.0000558,-0.0033304
2018-05-30,0.0008674,0.0002839,0.0094808,-0.0044429,0.0071308
2018-05-31,0.0003958,0.0009844,0.0005463,0.0031299,0.0037335
2018-06-01,-0.0000212,0.0008996,-0.0000525,-0.0000956,0.0007802
2018-06-04,-0.0002667,0.0014863,0.0000000,-0.0041942,-0.0013386
2018-06-05,0.0006019,-0.0024728,0.0000000,0.0040977,0.0005819
2018-06-06,0.0003842,0.0015672,0.0000000,-0.0012014,0.0012488
2018-06-07,0.0004671,-0.0030691,0.0000000,0.0025501,-0.0011110
2018-06-08,-0.0001665,0.0013880,0.0000000,0.0000748,0.0012660
2018-06-11,0.0003191,-0.0001519,0.0000000,-0.0005031,-0.0001487
2018-06-12,0.0000938,-0.0000114,0.0000000,0.0006309,0.0004800
2018-06-13,0.0005129,-0.0001062,0.0000000,-0.0005295,0.0000722
2018-06-14,-0.0014974,0.0036098,0.0000000,0.0015272,0.0030775
2018-06-15,0.0009477,0.0011159,0.0000000,0.0058074,0.0057518
2018-06-18,0.0003529,-0.0007552,0.0000000,0.0003286,-0.0002035
2018-06-19,-0.0002208,-0.0020428,0.0000000,0.0038062,0.0000390
2018-06-20,0.0001250,0.0004282,0.0000000,0.0006502,0.0009398
2018-06-21,0.0000379,-0.0001400,0.0000000,0.0027310,0.0015237
2018-06-22,-0.0000343,0.0003397,0.0000000,-0.0034818,-0.0017635
2018-06-25,0.0007549,-0.0014074,0.0000000,0.0038597,0.0016128
2018-06-26,-0.0001611,0.0006498,-0.0055888,-0.0016999,-0.0058062
2018-06-27,-0.0003514,-0.0022311,-0.0092303,-0.0005521,-0.0108819
2018-06-28,0.0002065,-0.0016735,-0.0003624,-0.0046112,-0.0044734
2018-06-29,0.0006894,0.0010921,0.0091411,-0.0029660,0.0066210
2018-07-02,-0.0001198,-0.0006916,-0.0003776,0.0015248,-0.0001486
2018-07-03,-0.0000585,0.0006819,0.0000000,-0.0007305,0.0001922
2018-07-04,-0.0000566,-0.0001140,0.0000000,0.0013821,0.0006576
2018-07-05,0.0002647,-0.0008933,0.0000000,-0.0003764,-0.0008536
2018-07-06,0.0001634,-0.0006436,0.0000000,-0.0003306,-0.0006778
2018-07-09,-0.0000370,0.0009070,0.0000000,-0.0021937,-0.0004443
2018-07-10,0.0000000,-0.0001823,0.0000000,-0.0002376,-0.0003249
2018-07-11,0.0000000,-0.0001463,0.0000000,0.0011013,0.0005144
2018-07-12,0.0000000,-0.0021798,0.0000000,-0.0034891,-0.0042679
2018-07-13,0.0000000,0.0001029,0.0000000,0.0005857,0.0004492
2018-07-16,0.0000000,0.0012741,0.0000000,-0.0007040,0.0008561
2018-07-17,0.0000000,-0.0006688,0.0000000,-0.0017326,-0.0017002
2018-07-18,0.0000000,-0.0015378,0.0000000,-0.0024355,-0.0029918
2018-07-19,0.0000000,0.0014658,0.0000000,0.0039902,0.0038372
2018-07-20,0.0001656,0.0008923,0.0000000,0.0003045,0.0012348
2018-07-23,0.0000106,0.0005005,0.0000000,0.0017727,0.0015811
2018-07-24,0.0003484,-0.0010584,0.0000000,-0.0006965,-0.0011293
2018-07-25,-0.0000270,-0.0013332,0.0000000,-0.0018675,-0.0025106
2018-07-26,0.0000944,0.0005946,-0.0078179,0.0013241,-0.0039340
2018-07-27,-0.0001411,-0.0002311,0.0017316,-0.0008051,0.0002336
2018-07-30,-0.0001623,0.0004286,0.0040734,-0.0008513,0.0023177
2018-07-31,0.0000511,-0.0006665,-0.0022629,-0.0042055,-0.0046211
2018-08-01,0.0002177,0.0009799,0.0000271,0.0014308,0.0020976
2018-08-02,-0.0001463,0.0014544,0.0000000,-0.0001423,0.0012189
2018-08-03,0.0000349,-0.0018949,0.0000000,-0.0022013,-0.0032675
2018-08-06,-0.0002957,-0.0008709,0.0000000,-0.0009903,-0.0017987
2018-08-07,-0.0004002,0.0007021,0.0000000,-0.0003700,0.0000643
2018-08-08,-0.0004823,-0.0010260,0.0000000,-0.0016616,-0.0025759
2018-08-09,0.0002261,0.0012442,0.0000000,0.0002115,0.0016112
2018-08-10,0.0007337,0.0013205,0.0000000,0.0040027,0.0047240
2018-08-13,0.0005575,0.0010065,0.0000000,0.0016581,0.0026416
2018-08-14,0.0000947,-0.0004953,0.0000000,-0.0010852,-0.0011466
2018-08-15,-0.0006412,-0.0010160,0.0000000,0.0008829,-0.0010513
2018-08-16,0.0014922,0.0010349,0.0000000,-0.0017242,0.0013374
2018-08-17,0.0004548,0.0009058,0.0000000,-0.0016892,0.0001919
2018-08-20,-0.0003358,-0.0011172,0.0000000,0.0003780,-0.0011925
2018-08-21,0.0021701,-0.0019450,0.0000000,-0.0038015,-0.0024049
2018-08-22,0.0000419,-0.0000720,0.0000000,0.0004411,0.0002685
2018-08-23,-0.0013006,-0.0012193,0.0000000,0.0030479,-0.0003940
2018-08-24,0.0008563,0.0010879,0.0000000,-0.0060504,-0.0022794
2018-08-27,-0.0002841,-0.0012732,0.0000000,0.0004103,-0.0012863
2018-08-28,-0.0009927,-0.0010744,0.0009267,0.0008176,-0.0008486
2018-08-29,0.0027459,0.0000399,0.0029749,-0.0011665,0.0041046
2018-08-30,-0.0009403,-0.0003262,-0.0024393,0.0059309,0.0011422
2018-08-31,-0.0023833,-0.0016125,-0.0054097,0.0040410,-0.0050879
2018-09-03,-0.0003589,0.0002125,-0.0014774,0.0003462,-0.0009097
2018-09-04,0.0005245,0.0003086,0.0000000,0.0003625,0.0010680
2018-09-05,0.0003028,0.0007142,0.0000000,-0.0031319,-0.0010136
2018-09-06,-0.0017951,0.0024849,0.0000000,0.0041594,0.0033510
2018-09-07,-0.0014661,0.0012507,0.0000000,0.0045233,0.0026193
2018-09-10,0.0034066,-0.0004650,0.0000000,-0.0020882,0.0016089
2018-09-11,-0.0013230,0.0000426,0.0000000,0.0005085,-0.0009576
2018-09-12,0.0012538,0.0007086,0.0000000,-0.0009746,0.0013308
2018-09-13,-0.0008343,-0.0004200,0.0000000,-0.0038503,-0.0037494
2018-09-14,-0.0008926,0.0007429,0.0000000,0.0012706,0.0006683
2018-09-17,-0.0001554,-0.0021316,0.0000000,-0.0031857,-0.0043626
2018-09-18,0.0016360,0.0007364,0.0000000,-0.0014667,0.0014052
2018-09-19,0.0025348,-0.0025085,0.0000000,-0.0015319,-0.0009848
2018-09-20,-0.0006395,0.0010227,0.0000000,-0.0066404,-0.0039903
2018-09-21,-0.0005375,0.0002453,0.0000000,0.0044033,0.0025198
2018-09-24,0.0007095,0.0030037,0.0000000,-0.0006270,0.0033208
2018-09-25,-0.0000752,0.0013192,0.0005769,-0.0019241,0.0006119
2018-09-26,0.0010511,-0.0006309,-0.0011126,-0.0013823,-0.0015580
2018-09-27,0.0011109,0.0003905,-0.0102879,0.0010962,-0.0080985
2018-09-28,0.0008211,0.0020743,-0.0004103,0.0017063,0.0036385
2018-10-01,-0.0000442,0.0018838,0.0016371,-0.0000777,0.0030879
2018-10-02,-0.0004450,0.0005974,0.0000000,0.0039407,0.0026183
2018-10-03,-0.0017303,-0.0004939,0.0000000,0.0015691,-0.0012641
2018-10-04,-0.0003768,0.0034532,0.0000000,0.0028175,0.0047972
2018-10-05,-0.0012674,-0.0033204,0.0000000,0.0016455,-0.0035790
2018-10-08,0.0021258,-0.0006125,0.0000000,0.0000357,0.0015351
2018-10-09,0.0007477,-0.0007266,0.0000000,-0.0013614,-0.0008113
2018-10-10,-0.0004142,0.0014003,0.0000000,0.0030438,0.0028500
2018-10-11,0.0018229,-0.0008102,0.0000000,-0.0061159,-0.0027182
2018-10-12,0.0001513,0.0002219,0.0000000,0.0019495,0.0015315
2018-10-15,0.0003656,0.0014193,0.0000000,-0.0001250,0.0017109
2018-10-16,-0.0001145,0.0014809,0.0000000,-0.0038277,-0.0009063
2018-10-17,0.0004717,0.0006508,0.0000000,0.0000579,0.0011564
2018-10-18,0.0012645,-0.0031168,0.0000000,0.0013793,-0.0010434
2018-10-19,0.0004226,0.0012190,0.0000000,-0.0047728,-0.0011569
2018-10-22,-0.0006526,0.0006545,0.0000000,0.0044544,0.0025517
2018-10-23,-0.0001711,-0.0006394,0.0000000,0.0006505,-0.0004464
2018-10-24,0.0000511,-0.0019719,0.0000000,0.0035167,0.0000836
2018-10-25,0.0010794,-0.0001454,0.0000000,-0.0002275,0.0008058
2018-10-26,0.0000257,0.0003267,-0.0023228,-0.0000564,-0.0019465
2018-10-29,-0.0002521,-0.0009342,0.0045047,-0.0014043,0.0023565
2018-10-30,0.0017056,-0.0039523,0.0017225,-0.0034784,-0.0026637
2018-10-31,-0.0001559,0.0026759,0.0028094,0.0004039,0.0052512
2018-11-01,0.0008708,-0.0026284,-0.0002523,-0.0104829,-0.0078501
2018-11-02,-0.0000236,-0.0011991,0.0000000,-0.0002200,-0.0013337
2018-11-05,0.0000000,0.0003806,0.0000000,-0.0026096,-0.0009566
2018-11-06,0.0000000,-0.0022669,0.0000000,-0.0060622,-0.0053678
2018-11-07,0.0000000,-0.0017035,0.0000000,-0.0035578,-0.0034730
2018-11-08,-0.0000944,-0.0010263,0.0000000,0.0003964,-0.0009248
2018-11-09,0.0002293,0.0017237,0.0000000,0.0016314,0.0027595
2018-11-12,-0.0002772,0.0004884,0.0000000,0.0017024,0.0010511
2018-11-13,-0.0004956,0.0022830,0.0000000,-0.0044718,-0.0004122
2018-11-14,-0.0003417,0.0003174,0.0000000,-0.0021344,-0.0010706
2018-11-15,-0.0002730,-0.0032988,0.0000000,0.0028546,-0.0021667
2018-11-16,0.0001234,-0.0003306,0.0000000,-0.0012003,-0.0007836
2018-11-19,0.0011295,0.0034807,0.0000000,0.0037238,0.0063790
2018-11-20,-0.0003226,0.0016924,0.0000000,0.0005357,0.0015322
2018-11-21,-0.0005969,0.0027815,0.0000000,-0.0007821,0.0016155
2018-11-22,0.0006038,0.0003497,0.0000000,0.0005059,0.0011751
2018-11-23,0.0004465,-0.0006211,0.0000000,0.0014377,0.0006155
2018-11-26,-0.0002583,0.0014277,0.0000000,-0.0003263,0.0008887
2018-11-27,-0.0009558,-0.0010773,0.0019756,-0.0015447,-0.0007767
2018-11-28,-0.0009046,0.0009941,-0.0076799,-0.0049661,-0.0101483
2018-11-29,0.0009861,0.0002033,0.0001606,0.0005803,0.0016048
2018-11-30,-0.0014432,-0.0005074,0.0020956,-0.0017610,-0.0010818
2018-12-03,-0.0006389,-0.0007330,-0.0034028,-0.0000951,-0.0041895
2018-12-04,-0.0001179,0.0030602,0.0000000,-0.0007684,0.0023136
2018-12-05,-0.0002543,0.0014768,0.0000000,-0.0004123,0.0008623
2018-12-06,0.0004732,0.0027006,0.0000000,0.0024218,0.0042153
2018-12-07,0.0001729,-0.0018993,0.0000000,0.0046851,0.0010147
2018-12-10,-0.0010041,0.0015402,0.0000000,0.0007171,0.0007272
2018-12-11,-0.0001530,0.0012454,0.0000000,-0.0001027,0.0008968
2018-12-12,0.0011986,0.0016543,0.0000000,-0.0011881,0.0020313
2018-12-13,-0.0000245,0.0000595,0.0000000,-0.0008726,-0.0004349
2018-12-14,0.0008599,-0.0001166,0.0000000,0.0029576,0.0023915
2018-12-17,0.0003257,-0.0004588,0.0000000,0.0011746,0.0005710
2018-12-18,-0.0011733,0.0014053,0.0000000,-0.0038325,-0.0020256
2018-12-19,0.0015606,-0.0034470,0.0000000,0.0050429,0.0011876
2018-12-20,0.0006384,-0.0039072,0.0000000,0.0015190,-0.0020053
2018-12-21,-0.0000957,-0.0018293,0.0000000,0.0003750,-0.0014486
2018-12-24,-0.0005236,-0.0016179,0.0000000,0.0020803,-0.0007780
2018-12-26,0.0011121,0.0048426,0.0044218,-0.0032589,0.0079150
2018-12-27,-0.0005336,-0.0045325,-0.0020166,0.0043535,-0.0038565
2018-12-28,-0.0005463,-0.0025160,-0.0030833,0.0000168,-0.0055668
2018-12-31,-0.0005049,-0.0019780,-0.0038959,-0.0002067,-0.0060328
2019-01-02,0.0009326,-0.0011758,0.0004507,0.0049778,0.0031037
2019-01-03,-0.0015504,-0.0003134,0.0000000,0.0012317,-0.0011534
2019-01-04,0.0054977,0.0033402,0.0000000,-0.0068579,0.0045579
2019-01-07,0.0020648,0.0002580,0.0000000,0.0012685,0.0029111
2019-01-08,0.0003398,-0.0013216,0.0000000,0.0015884,0.0001413
2019-01-09,-0.0006993,0.0000729,0.0000000,0.0005151,-0.0003726
2019-01-10,0.0001422,0.0003502,0.0000000,-0.0046617,-0.0020271
2019-01-11,0.0002017,0.0030050,0.0000000,-0.0038891,0.0005339
2019-01-14,-0.0010261,-0.0005780,0.0000000,0.0019570,-0.0004642
2019-01-15,0.0012325,-0.0005423,0.0000000,-0.0028565,-0.0006597
2019-01-16,0.0008520,0.0005009,0.0000000,0.0007084,0.0016143
2019-01-17,0.0010919,-0.0007604,0.0000000,-0.0050119,-0.0021655
2019-01-18,0.0005526,-0.0000125,0.0000000,0.0028642,0.0020331
2019-01-21,-0.0004873,-0.0001162,0.0000000,-0.0009409,-0.0010711
2019-01-22,-0.0010179,-0.0022312,0.0000000,-0.0001190,-0.0028493
2019-01-23,0.0015375,0.0003748,0.0000000,-0.0023672,0.0005950
2019-01-24,-0.0008273,-0.0007283,0.0000000,0.0025144,-0.0000895
2019-01-25,0.0016189,0.0018829,0.0000000,-0.0040950,0.0010118
2019-01-28,-0.0005050,0.0001190,-0.0004139,0.0012085,-0.0001986
2019-01-29,-0.0001580,0.0010369,-0.0018758,0.0004240,-0.0009294
2019-01-30,0.0005932,-0.0017890,0.0077822,-0.0032082,0.0050566
2019-01-31,-0.0003031,-0.0000634,0.0012629,-0.0001092,0.0006874
2019-02-01,0.0012417,-0.0001037,-0.0001641,0.0003094,0.0011947
2019-02-04,0.0002476,-0.0008378,0.0000000,0.0004349,-0.0001984
2019-02-05,-0.0001616,0.0009347,0.0000000,0.0003405,0.0008317
2019-02-06,-0.0011451,-0.0005972,0.0000000,0.0049435,0.0013213
2019-02-07,-0.0003974,-0.0014020,0.0000000,-0.0007612,-0.0020320
2019-02-08,-0.0001055,-0.0004331,0.0000000,0.0019006,0.0006640
2019-02-11,0.0002966,0.0013810,0.0000000,0.0003655,0.0016958
2019-02-12,0.0004940,-0.0009834,0.0000000,-0.0042517,-0.0029442
2019-02-13,0.0001971,-0.0027629,0.0000000,0.0019757,-0.0010395
2019-02-14,-0.0002254,0.0000180,0.0000000,0.0020026,0.0009945
2019-02-15,0.0001329,0.0013009,0.0000000,-0.0014717,0.0004101
2019-02-18,0.0002937,0.0012096,0.0000000,-0.0014871,0.0005009
2019-02-19,0.0006333,0.0015174,0.0000000,-0.0015872,0.0010560
2019-02-20,0.0003858,0.0010518,0.0000000,-0.0014419,0.0004693
2019-02-21,-0.0002347,0.0008297,0.0000000,0.0012650,0.0012634
2019-02-22,0.0000472,0.0003181,0.0000000,0.0007334,0.0007697
2019-02-25,0.0005976,-0.0005406,0.0000046,-0.0021580,-0.0012080
2019-02-26,-0.0003023,0.0010906,0.0046029,-0.0014013,0.0044295
2019-02-27,0.0001813,-0.0003642,-0.0025882,-0.0009729,-0.0033228
2019-02-28,0.0005098,-0.0011665,-0.0027758,0.0002895,-0.0031390
2019-03-01,-0.0000253,0.0022647,-0.0001568,-0.0007804,0.0014310
2019-03-04,0.0000000,0.0013764,0.0000000,0.0022023,0.0026001
2019-03-05,0.0000000,-0.0004636,0.0000000,-0.0014877,-0.0013387
2019-03-06,0.0000000,0.0017425,0.0000000,0.0012919,0.0024434
2019-03-07,0.0000000,-0.0027187,0.0000000,0.0034141,-0.0004053
2019-03-08,0.0000000,-0.0016798,0.0000000,0.0017533,-0.0004680
2019-03-11,0.0000000,0.0017277,0.0000000,-0.0015410,0.0006500
2019-03-12,0.0000000,-0.0005991,0.0000000,-0.0004069,-0.0007977
2019-03-13,0.0000000,0.0031446,0.0000000,-0.0013433,0.0020421
2019-03-14,0.0000000,-0.0010536,0.0000000,-0.0008362,-0.0014540
2019-03-15,0.0000000,0.0001659,0.0000000,0.0003214,0.0003509
2019-03-18,0.0000000,0.0007363,0.0000000,-0.0005926,0.0002881
2019-03-19,0.0000000,0.0003508,0.0000000,0.0004392,0.0006255
2019-03-20,0.0000000,0.0019367,0.0000000,0.0005708,0.0022522
2019-03-21,0.0000000,-0.0020960,0.0000000,0.0014628,-0.0010562
2019-03-22,0.0000000,-0.0014605,0.0000000,0.0061588,0.0026643
2019-03-25,0.0000000,0.0001673,0.0000000,0.0005713,0.0005391
2019-03-26,0.0000000,-0.0020125,0.0000000,-0.0006472,-0.0024334
2019-03-27,0.0000000,0.0039922,0.0000000,-0.0038886,0.0014644
2019-03-28,0.0000000,-0.0013480,0.0000000,-0.0014132,-0.0022837
2019-03-29,0.0000000,0.0008346,0.0000000,-0.0005737,0.0004542
2019-04-01,0.0000000,0.0032635,0.0000000,-0.0017599,0.0020113
2019-04-02,0.0000000,-0.0012289,0.0000000,-0.0009658,-0.0019157
2019-04-03,0.0000000,0.0012341,0.0000000,-0.0007629,0.0006889
2019-04-04,0.0000000,0.0009734,0.0000000,-0.0017684,-0.0002913
2019-04-05,0.0000000,-0.0001690,0.0000000,-0.0005350,-0.0005635
2019-04-08,0.0000000,-0.0012374,0.0000000,-0.0024526,-0.0030931
2019-04-09,0.0000000,0.0001292,0.0000000,0.0012785,0.0010962
2019-04-10,0.0000000,0.0016347,0.0000000,0.0003747,0.0019208
2019-04-11,0.0000000,0.0004961,0.0000000,-0.0009100,-0.0001993
2019-04-12,0.0000000,-0.0009109,0.0000000,-0.0024510,-0.0028757
2019-04-15,0.0000000,-0.0012974,0.0000000,0.0012518,-0.0002849
2019-04-16,0.0000000,0.0000374,0.0000000,-0.0005098,-0.0003735
2019-04-17,0.0000000,-0.0012847,0.0000000,-0.0035101,-0.0041133
2019-04-18,0.0000000,-0.0002243,0.0000000,0.0008276,0.0004336
2019-04-19,0.0000000,0.0005731,0.0000000,0.0002765,0.0007960
2019-04-22,0.0000000,-0.0006185,0.0000000,-0.0023317,-0.0025637
2019-04-23,0.0000000,-0.0002040,0.0000000,0.0023425,0.0017382
2019-04-24,0.0000000,-0.0009568,0.0000000,0.0008225,-0.0002844
2019-04-25,0.0000000,-0.0006918,0.0017501,0.0035605,0.0040263
2019-04-26,0.0000000,0.0006380,0.0028104,0.0005531,0.0038956
2019-04-29,0.0000000,-0.0015029,0.0018387,-0.0006982,-0.0002283
2019-04-30,0.0000000,0.0007027,0.0043275,-0.0009669,0.0042492
2019-05-01,0.0000000,0.0029425,-0.0002554,-0.0001638,0.0025550
2019-05-02,0.0000000,-0.0001939,0.0000000,0.0012193,0.0008515
2019-05-03,0.0000000,-0.0013982,0.0000000,0.0011094,-0.0004508
2019-05-06,0.0000000,-0.0003531,0.0000000,-0.0004450,-0.0007356
2019-05-07,0.0000000,-0.0021076,0.0000000,0.0014282,-0.0008792
2019-05-08,-0.0003094,-0.0018465,0.0000000,-0.0007199,-0.0027993
2019-05-09,-0.0000867,-0.0012622,0.0000000,0.0018444,0.0003175
2019-05-10,0.0002013,-0.0005180,0.0000000,-0.0029950,-0.0030275
2019-05-13,-0.0006615,-0.0061279,0.0000000,0.0058261,-0.0016078
2019-05-14,0.0005625,0.0010931,0.0000000,-0.0018446,0.0000905
2019-05-15,-0.0003366,-0.0010972,0.0000000,-0.0013021,-0.0024478
2019-05-16,-0.0004908,-0.0000229,0.0000000,-0.0005036,-0.0009248
2019-05-17,-0.0003291,-0.0009295,0.0000000,-0.0017227,-0.0026334
2019-05-20,0.0003863,-0.0023072,0.0000000,-0.0009654,-0.0026087
2019-05-21,-0.0006203,-0.0006179,0.0000000,-0.0034384,-0.0040358
2019-05-22,-0.0003897,-0.0005095,0.0000000,0.0009190,-0.0001312
2019-05-23,0.0000734,-0.0052668,0.0000000,0.0015214,-0.0036880
2019-05-24,0.0008126,-0.0000855,0.0000000,0.0010855,0.0016072
2019-05-27,-0.0001339,0.0009630,0.0000000,-0.0001833,0.0005849
2019-05-28,0.0007835,-0.0008912,0.0028833,0.0025229,0.0049050
2019-05-29,-0.0004424,0.0010898,0.0038476,-0.0013992,0.0032659
2019-05-30,-0.0005367,-0.0005252,0.0000441,-0.0001634,-0.0010997
2019-05-31,-0.0009616,-0.0011383,-0.0091410,0.0024099,-0.0091673
2019-06-03,0.0002971,-0.0029052,0.0007409,-0.0016369,-0.0029884
2019-06-04,0.0003850,-0.0001687,0.0000000,0.0001001,0.0003119
2019-06-05,0.0004402,-0.0010727,0.0000000,0.0012920,0.0005112
2019-06-06,-0.0008369,-0.0001067,0.0000000,-0.0029866,-0.0033791
2019-06-07,0.0000648,-0.0011022,0.0000000,-0.0007805,-0.0016123
2019-06-10,-0.0022016,0.0002621,0.0000000,-0.0014561,-0.0031200
2019-06-11,0.0005793,0.0000772,0.0000000,-0.0004429,0.0002990
2019-06-12,-0.0001536,0.0006728,0.0000000,0.0024556,0.0024540
2019-06-13,-0.0012991,-0.0002473,0.0000000,0.0008370,-0.0008784
2019-06-14,-0.0014888,-0.0006068,0.0000000,0.0004533,-0.0017235
2019-06-17,-0.0010598,-0.0007971,0.0000000,-0.0007827,-0.0025226
2019-06-18,0.0011392,0.0008724,0.0000000,0.0027588,0.0043957
2019-06-19,-0.0010998,0.0006909,0.0000000,0.0018533,0.0011585
2019-06-20,-0.0014392,-0.0008394,0.0000000,-0.0001701,-0.0024272
2019-06-21,0.0002805,-0.0006709,0.0000000,-0.0028275,-0.0028721
2019-06-24,0.0001285,-0.0001376,0.0000000,-0.0036482,-0.0031510
2019-06-25,-0.0000564,-0.0004605,-0.0018635,0.0018769,-0.0008027
2019-06-26,0.0021313,-0.0003936,0.0004929,-0.0039785,-0.0010886
2019-06-27,0.0001046,-0.0006009,0.0021393,-0.0019358,0.0000813
2019-06-28,0.0012258,0.0004729,0.0011964,-0.0004421,0.0025356
2019-07-01,-0.0000453,0.0011498,-0.0010113,0.0025222,0.0021319
2019-07-02,-0.0015597,0.0030218,0.0000000,-0.0019730,-0.0001235
2019-07-03,0.0001088,0.0004720,0.0000000,-0.0019413,-0.0009732
2019-07-04,-0.0009221,0.0010658,0.0000000,-0.0002804,-0.0000793
2019-07-05,-0.0010432,0.0005175,0.0000000,-0.0007246,-0.0011027
2019-07-08,0.0006373,-0.0001973,0.0000000,-0.0004946,0.0000419
2019-07-09,-0.0015233,0.0012394,0.0000000,0.0016882,0.0010805
2019-07-10,0.0003226,-0.0000530,0.0000000,-0.0003142,0.0000174
2019-07-11,0.0010265,-0.0012676,0.0000000,-0.0009540,-0.0010276
2019-07-12,-0.0000034,0.0005174,0.0000000,0.0005763,0.0009890
2019-07-15,0.0003110,-0.0013940,0.0000000,-0.0032967,-0.0037987
2019-07-16,-0.0013781,-0.0001296,0.0000000,-0.0010721,-0.0023802
2019-07-17,-0.0005336,-0.0008624,0.0000000,0.0014087,-0.0002361
2019-07-18,0.0022734,0.0013797,0.0000000,-0.0005658,0.0031888
2019-07-19,-0.0009098,-0.0004855,0.0000000,0.0016054,-0.0000343
2019-07-22,0.0008370,0.0006519,0.0000000,-0.0007672,0.0008426
2019-07-23,-0.0008763,-0.0014017,0.0000000,0.0028076,0.0000864
2019-07-24,0.0001845,-0.0012049,0.0000000,0.0041023,0.0023686
2019-07-25,0.0004132,0.0013018,0.0000000,-0.0013141,0.0006713
2019-07-26,-0.0015846,0.0000428,-0.0049984,0.0027872,-0.0043257
2019-07-29,-0.0026896,0.0028588,-0.0031199,0.0004496,-0.0025986
2019-07-30,-0.0015790,-0.0028787,-0.0014781,0.0043414,-0.0025118
2019-07-31,0.0000707,0.0022739,-0.0064035,0.0035336,-0.0012420
2019-08-01,-0.0006914,-0.0030240,-0.0002828,0.0117531,0.0047326
2019-08-02,-0.0011871,-0.0029951,0.0000000,0.0066279,-0.0001685
2019-08-05,-0.0027358,-0.0053420,0.0000000,0.0074718,-0.0036116
2019-08-06,0.0039188,0.0024087,0.0000000,-0.0041029,0.0039838
2019-08-07,-0.0023154,-0.0001045,0.0000000,0.0038705,-0.0002447
2019-08-08,0.0008199,0.0009243,0.0000000,-0.0021060,0.0005659
2019-08-09,-0.0045849,0.0035306,0.0000000,0.0053621,0.0018704
2019-08-12,-0.0028771,-0.0012317,0.0000000,0.0055259,-0.0010418
2019-08-13,0.0073343,0.0049460,0.0000000,-0.0107327,0.0063533
2019-08-14,-0.0040311,-0.0032595,0.0000000,0.0049929,-0.0042683
2019-08-15,0.0030502,0.0019763,0.0000000,-0.0033266,0.0028793
2019-08-16,0.0011350,0.0019762,0.0000000,0.0008439,0.0032023
2019-08-19,0.0005010,-0.0005024,0.0000000,-0.0008108,-0.0003983
2019-08-20,-0.0002062,-0.0006091,0.0000000,0.0003163,-0.0005851
2019-08-21,0.0005421,0.0008613,0.0000000,-0.0000492,0.0012346
2019-08-22,0.0004493,-0.0028215,0.0000000,0.0023058,-0.0010901
2019-08-23,-0.0032099,-0.0018036,0.0000000,0.0028165,-0.0030856
2019-08-26,0.0016780,0.0029122,0.0000000,-0.0016978,0.0032217
2019-08-27,-0.0004741,-0.0033805,0.0009562,0.0023040,-0.0013599
2019-08-28,-0.0015110,0.0003330,0.0040287,0.0018016,0.0038788
2019-08-29,0.0008085,0.0005835,0.0034913,0.0000426,0.0046988
2019-08-30,0.0002453,-0.0000131,0.0023541,0.0004955,0.0027842
2019-09-02,-0.0022290,-0.0006041,-0.0001025,0.0018960,-0.0016075
2019-09-03,0.0016468,-0.0009817,0.0000000,-0.0028312,-0.0008040
2019-09-04,0.0029953,0.0024927,0.0000000,-0.0031247,0.0031868
2019-09-05,0.0039965,-0.0018964,0.0000000,-0.0056506,-0.0009824
2019-09-06,0.0008840,0.0009683,0.0000000,-0.0036650,-0.0001511
2019-09-09,0.0027593,-0.0013669,0.0000000,-0.0038095,-0.0006755
2019-09-10,0.0003053,-0.0007871,0.0000000,-0.0005589,-0.0006699
2019-09-11,0.0004485,-0.0004231,0.0000000,-0.0007476,-0.0003372
2019-09-12,0.0006470,-0.0000567,0.0000000,-0.0006036,0.0001907
2019-09-13,0.0002117,-0.0024744,0.0000000,-0.0023642,-0.0029689
2019-09-16,-0.0014728,0.0032979,0.0000000,0.0038180,0.0032838
2019-09-17,0.0006294,-0.0017029,0.0000000,-0.0024693,-0.0019907
2019-09-18,-0.0002968,-0.0007409,0.0000000,0.0010480,-0.0003612
2019-09-19,-0.0008408,0.0005862,0.0000000,0.0028968,0.0011152
2019-09-20,-0.0012093,0.0016853,0.0000000,0.0063455,0.0032661
2019-09-23,0.0008041,0.0002208,0.0000000,-0.0003772,0.0006448
2019-09-24,0.0000412,0.0001580,0.0000000,-0.0008750,-0.0002281
2019-09-25,-0.0000452,-0.0007369,-0.0110157,0.0034148,-0.0101392
2019-09-26,0.0007153,0.0003728,-0.0006639,-0.0009710,-0.0000888
2019-09-27,0.0002145,-0.0008916,0.0019240,0.0010220,0.0014269
2019-09-30,-0.0002438,-0.0006072,-0.0044754,-0.0003551,-0.0043847
2019-10-01,-0.0013240,-0.0002277,-0.0002781,0.0040893,0.0003620
2019-10-02,0.0005466,0.0026913,0.0000000,-0.0017395,0.0018842
2019-10-03,0.0006329,0.0002406,0.0000000,-0.0022912,-0.0003075
2019-10-04,0.0002636,0.0002139,0.0000000,-0.0002748,0.0002634
2019-10-07,-0.0004288,0.0022999,0.0000000,0.0019970,0.0023963
2019-10-08,0.0002710,-0.0001552,0.0000000,0.0022905,0.0011014
2019-10-09,0.0002972,0.0015933,0.0000000,-0.0014771,0.0008673
2019-10-10,0.0000129,0.0052414,0.0000000,-0.0093560,0.0000926
2019-10-11,-0.0000700,0.0045913,0.0000000,-0.0070040,0.0005363
2019-10-14,-0.0002780,0.0014854,0.0000000,0.0028147,0.0019908
2019-10-15,-0.0008710,-0.0041985,0.0000000,-0.0050081,-0.0057777
2019-10-16,-0.0004104,0.0006269,0.0000000,0.0002008,0.0001907
2019-10-17,0.0003393,0.0003720,0.0000000,-0.0025346,-0.0004681
2019-10-18,0.0000343,-0.0004168,0.0000000,-0.0026889,-0.0013358
2019-10-21,0.0004245,0.0024147,0.0000000,-0.0010684,0.0016441
2019-10-22,0.0002395,-0.0005560,0.0000000,0.0015416,0.0004114
2019-10-23,-0.0001920,-0.0012688,0.0000000,-0.0024481,-0.0020593
2019-10-24,-0.0000107,0.0008159,0.0000000,0.0039593,0.0021712
2019-10-25,0.0000876,-0.0013658,0.0000000,0.0013883,-0.0003440
2019-10-28,0.0000367,0.0010447,0.0009317,-0.0017790,0.0008708
2019-10-29,0.0001524,0.0017248,0.0011565,-0.0011272,0.0020368
2019-10-30,0.0001378,-0.0031201,0.0031457,-0.0026068,-0.0007944
2019-10-31,-0.0002185,0.0000944,0.0036877,0.0012474,0.0036770
2019-11-01,0.0001559,-0.0003766,-0.0001172,-0.0011331,-0.0007867
2019-11-04,0.0000190,0.0004480,0.0000000,0.0013207,0.0010162
2019-11-05,0.0000578,-0.0005665,0.0000000,-0.0018058,-0.0012948
2019-11-06,0.0000358,0.0005162,0.0000000,0.0012546,0.0011601
2019-11-07,0.0002846,0.0011578,0.0000000,-0.0007271,0.0008975
2019-11-08,-0.0001542,-0.0011838,0.0000000,0.0029905,0.0004851
2019-11-11,-0.0003765,-0.0007706,0.0000000,-0.0018060,-0.0020712
2019-11-12,-0.0000362,0.0005929,0.0000000,0.0023860,0.0018212
2019-11-13,-0.0000621,-0.0033975,0.0000000,-0.0031282,-0.0048163
2019-11-14,-0.0005209,-0.0011521,0.0000000,0.0038530,0.0005997
2019-11-15,0.0001893,0.0024789,0.0000000,-0.0040690,0.0001578
2019-11-18,-0.0003033,-0.0014035,0.0000000,0.0002358,-0.0014028
2019-11-19,0.0002715,0.0017091,0.0000000,-0.0026456,0.0003539
2019-11-20,-0.0002081,0.0002138,0.0000000,0.0008056,0.0004247
2019-11-21,-0.0000458,0.0012544,0.0000000,0.0012437,0.0017762
2019-11-22,0.0003122,-0.0013350,0.0000000,-0.0002287,-0.0010255
2019-11-25,-0.0003620,0.0012489,0.0000000,-0.0026449,-0.0006744
2019-11-26,0.0002302,-0.0012995,0.0001170,-0.0008581,-0.0013015
2019-11-27,-0.0002728,0.0005237,-0.0032237,-0.0023019,-0.0040477
2019-11-28,-0.0000716,0.0005445,0.0005892,0.0003892,0.0011705
2019-11-29,-0.0001737,-0.0007963,-0.0001379,-0.0007438,-0.0014542
2019-12-02,0.0004500,0.0048264,0.0003972,-0.0026941,0.0037219
2019-12-03,-0.0001326,-0.0008184,0.0000000,-0.0000178,-0.0008600
2019-12-04,-0.0001066,0.0036435,0.0000000,-0.0031568,0.0012665
2019-12-05,-0.0004499,0.0012657,0.0000000,0.0000828,0.0006763
2019-12-06,-0.0003472,0.0004267,0.0000000,-0.0020880,-0.0011769
2019-12-09,0.0001818,-0.0000609,0.0000000,0.0026014,0.0016166
2019-12-10,0.0000618,-0.0013541,0.0000000,0.0006018,-0.0007930
2019-12-11,0.0001178,0.0016725,0.0000000,-0.0037325,-0.0005561
2019-12-12,0.0000407,-0.0007584,0.0000000,-0.0054848,-0.0037820
2019-12-13,-0.0008362,-0.0009025,0.0000000,0.0002141,-0.0015155
2019-12-16,0.0001825,-0.0000674,0.0000000,-0.0010852,-0.0005263
2019-12-17,0.0011310,0.0016409,0.0000000,0.0058620,0.0060919
2019-12-18,-0.0001754,-0.0017136,0.0000000,-0.0002699,-0.0018424
2019-12-19,0.0001711,-0.0012353,0.0000000,-0.0002154,-0.0010360
2019-12-20,-0.0003318,-0.0006035,0.0000000,-0.0020889,-0.0020681
2019-12-23,-0.0001884,-0.0015421,0.0000000,-0.0026723,-0.0030837
2019-12-24,-0.0002579,0.0000052,0.0000000,0.0001063,-0.0001920
2019-12-26,-0.0003050,-0.0000988,0.0024815,-0.0041857,-0.0003927
2019-12-27,0.0000168,-0.0005131,0.0100804,-0.0019076,0.0085279
2019-12-30,-0.0002942,-0.0000013,0.0061779,0.0020570,0.0070892
2019-12-31,0.0004618,0.0020141,0.0066216,0.0009840,0.0089119
2020-01-02,0.0014948,0.0028878,0.0007241,0.0034452,0.0066576
2020-01-03,0.0019536,-0.0031628,0.0000000,0.0057072,0.0025190
2020-01-06,0.0005110,0.0011343,0.0000000,-0.0001175,0.0014043
2020-01-07,0.0003400,-0.0001876,0.0000000,0.0039975,0.0025853
2020-01-08,-0.0013104,0.0036160,0.0000000,-0.0041674,-0.0004459
2020-01-09,0.0015162,-0.0004479,0.0000000,0.0022039,0.0024663
2020-01-10,0.0001159,0.0019107,0.0000000,-0.0032260,-0.0000485
2020-01-13,0.0005440,-0.0007160,0.0000000,0.0005889,0.0002165
2020-01-14,0.0006049,0.0007981,0.0000000,0.0037164,0.0037130
2020-01-15,-0.0007029,0.0005989,0.0000000,0.0010439,0.0005243
2020-01-16,-0.0013306,0.0008120,0.0000000,0.0003461,-0.0003169
2020-01-17,0.0003212,0.0007379,0.0000000,0.0003159,0.0012441
2020-01-20,0.0004817,0.0000327,0.0000000,0.0001774,0.0006250
2020-01-21,-0.0000881,0.0016560,0.0000000,0.0027776,0.0033326
2020-01-22,-0.0007476,0.0016923,0.0000000,0.0011420,0.0016575
2020-01-23,-0.0006274,0.0017384,0.0000000,-0.0015189,0.0001254
2020-01-24,0.0003237,-0.0019990,0.0000000,-0.0004593,-0.0019426
2020-01-27,0.0003761,0.0013547,0.0000000,0.0060645,0.0056104
2020-01-28,0.0019119,-0.0003595,0.0000000,-0.0011328,0.0008617
2020-01-29,0.0000138,0.0016803,0.0000000,0.0003386,0.0019005
2020-01-30,-0.0005047,0.0025767,0.0000000,0.0051843,0.0052371
2020-01-31,-0.0022711,0.0059642,0.0000000,0.0038490,0.0058854
2020-02-03,0.0018364,0.0031653,0.0000000,-0.0068355,0.0006800
2020-02-04,0.0039378,0.0032757,0.0000000,-0.0028487,0.0052410
2020-02-05,0.0023008,0.0013727,0.0000000,0.0002993,0.0036608
2020-02-06,-0.0002972,-0.0007042,0.0000000,-0.0001561,-0.0009984
2020-02-07,-0.0017005,0.0003097,0.0000000,0.0038808,0.0007459
2020-02-10,0.0002780,-0.0009598,0.0000000,0.0024220,0.0007585
2020-02-11,0.0006557,-0.0006920,0.0000000,0.0003989,0.0002519
2020-02-12,0.0026272,-0.0000057,0.0000000,-0.0034514,0.0006431
2020-02-13,-0.0011695,-0.0024957,0.0000000,0.0045102,-0.0009196
2020-02-14,0.0006729,-0.0005898,0.0000000,0.0001254,0.0002113
2020-02-17,-0.0002413,0.0011649,0.0000000,-0.0003669,0.0006006
2020-02-18,-0.0015801,-0.0031445,0.0000000,0.0003029,-0.0042372
2020-02-19,0.0015669,0.0058890,0.0000000,0.0037622,0.0088245
2020-02-20,-0.0024052,0.0001737,0.0000000,0.0031345,-0.0005206
2020-02-21,-0.0005153,0.0001183,0.0000000,0.0005404,-0.0001197
2020-02-24,0.0003595,-0.0032576,0.0000000,-0.0047445,-0.0049567
2020-02-25,-0.0017015,-0.0016809,0.0000000,0.0002786,-0.0028894
2020-02-26,-0.0006422,-0.0017123,0.0000000,-0.0014598,-0.0027882
2020-02-27,0.0020697,-0.0059733,0.0000000,-0.0051028,-0.0055922
2020-02-28,-0.0065315,-0.0047074,0.0000000,-0.0059312,-0.0132220
2020-03-02,0.0022271,-0.0047652,0.0000000,-0.0025069,-0.0025735
2020-03-03,-0.0007310,0.0009971,0.0000000,-0.0048390,-0.0025144
2020-03-04,0.0048006,0.0009833,0.0000000,0.0012521,0.0061271
2020-03-05,-0.0078495,-0.0022216,0.0000000,0.0005955,-0.0089690
2020-03-06,-0.0011820,-0.0031591,0.0000000,0.0006092,-0.0028806
2020-03-09,-0.0152887,-0.0178521,0.0000000,-0.0060434,-0.0280439
2020-03-10,0.0068447,0.0066565,0.0000000,0.0045202,0.0094696
2020-03-11,-0.0044695,0.0033014,0.0000000,-0.0035047,-0.0026433
2020-03-12,-0.0118490,0.0068324,0.0000000,0.0034610,-0.0014309
2020-03-13,0.0059883,-0.0070119,0.0000000,0.0036034,0.0015247
2020-03-16,-0.0093180,0.0052172,0.0000000,-0.0042538,-0.0041644
2020-03-17,-0.0015862,0.0017530,0.0000000,0.0012973,0.0006985
2020-03-18,-0.0150955,0.0053290,0.0000000,-0.0022200,-0.0054191
2020-03-19,0.0061843,0.0039332,0.0000000,-0.0002708,0.0039237
2020-03-20,0.0041391,0.0021679,0.0000000,-0.0000806,0.0024347
2020-03-23,0.0006688,-0.0003176,0.0000000,-0.0022676,-0.0010249
2020-03-24,0.0095393,-0.0002039,0.0000000,0.0012370,0.0041080
2020-03-25,0.0001795,0.0025438,0.0000000,0.0011057,0.0016843
2020-03-26,0.0021218,0.0006440,-0.0142835,0.0023870,-0.0120526
2020-03-27,0.0024602,-0.0019530,-0.0104621,0.0020329,-0.0078443
2020-03-30,0.0017485,-0.0020098,0.0051837,-0.0024609,0.0021010
2020-03-31,-0.0003168,0.0019885,0.0001368,-0.0011448,0.0002208
2020-04-01,-0.0029668,-0.0014701,-0.0000851,0.0014102,-0.0009909
2020-04-02,0.0030474,0.0001931,0.0000000,-0.0007118,0.0007861
2020-04-03,-0.0028445,-0.0010615,0.0000000,0.0008927,-0.0009783
2020-04-06,0.0057592,0.0023194,0.0000000,-0.0050906,0.0002708
2020-04-07,0.0016858,-0.0005135,0.0000000,-0.0007330,-0.0000145
2020-04-08,0.0036022,0.0020848,0.0000000,-0.0018404,0.0011488
2020-04-09,0.0022628,-0.0011762,0.0000000,-0.0018381,-0.0006887
2020-04-10,0.0002627,-0.0000673,0.0000000,-0.0008489,-0.0003875
2020-04-13,0.0013632,-0.0012533,0.0000000,-0.0018583,-0.0010403
2020-04-14,-0.0004414,0.0006447,0.0000000,0.0012792,0.0007941
2020-04-15,-0.0041878,0.0003244,0.0000000,0.0038299,0.0007314
2020-04-16,0.0005416,-0.0013525,0.0000000,-0.0022221,-0.0015485
2020-04-17,0.0016341,0.0002785,0.0000000,-0.0013645,-0.0000382
2020-04-20,-0.0014150,0.0014227,0.0000000,0.0006112,0.0004357
2020-04-21,-0.0025979,0.0000076,0.0000000,-0.0000227,-0.0008963
2020-04-22,0.0011001,0.0005328,0.0000000,-0.0014786,-0.0002035
2020-04-23,0.0029906,0.0014179,0.0000000,-0.0035674,-0.0003183
2020-04-24,-0.0003439,-0.0003633,0.0000000,-0.0000061,-0.0002740
2020-04-27,0.0021622,-0.0003542,0.0024432,-0.0027796,0.0006259
2020-04-28,-0.0001791,0.0003734,0.0011693,-0.0016893,-0.0001280
2020-04-29,0.0020444,-0.0002624,0.0042715,-0.0032615,0.0014418
2020-04-30,-0.0004204,0.0012373,0.0013648,0.0067872,0.0052507
2020-05-01,-0.0017624,0.0028836,-0.0000839,0.0048725,0.0033092
2020-05-04,0.0000095,-0.0003824,0.0000000,-0.0018596,-0.0011838
2020-05-05,0.0005748,-0.0021342,0.0000000,-0.0031452,-0.0024715
2020-05-06,-0.0011819,-0.0007455,0.0000000,0.0003430,-0.0005419
2020-05-07,0.0015001,-0.0002556,0.0000000,-0.0043479,-0.0020001
2020-05-08,0.0010177,-0.0012093,0.0000000,-0.0006134,-0.0005225
2020-05-11,0.0004588,0.0000895,0.0000000,0.0017038,0.0011500
2020-05-12,-0.0007234,0.0000611,0.0000000,0.0009118,0.0002858
2020-05-13,-0.0006742,-0.0002052,0.0000000,0.0004206,-0.0000881
2020-05-14,0.0002671,0.0007848,0.0000000,-0.0009309,-0.0000813
2020-05-15,-0.0007002,-0.0017263,0.0000000,0.0011709,-0.0003458
2020-05-18,0.0011047,0.0007859,0.0000000,-0.0059001,-0.0026536
2020-05-19,0.0007533,0.0009017,0.0000000,-0.0003128,0.0004903
2020-05-20,0.0001346,-0.0006766,0.0000000,-0.0014175,-0.0010654
2020-05-21,0.0000147,0.0002448,0.0000000,-0.0000367,0.0000954
2020-05-22,-0.0001251,0.0003641,0.0000000,0.0015731,0.0010395
2020-05-25,0.0000793,-0.0002064,0.0000000,-0.0006304,-0.0004466
2020-05-26,0.0001810,-0.0016644,0.0000000,-0.0037638,-0.0029994
2020-05-27,-0.0003518,0.0002881,0.0000000,-0.0010264,-0.0006078
2020-05-28,-0.0001041,0.0009021,0.0000000,0.0007849,0.0008754
2020-05-29,0.0001879,-0.0009083,0.0000000,-0.0003481,-0.0005824
2020-06-01,-0.0004698,0.0003562,0.0000000,-0.0063351,-0.0038578
2020-06-02,-0.0018890,-0.0014030,0.0000000,-0.0059576,-0.0053985
2020-06-03,-0.0017971,-0.0012525,0.0000000,-0.0013579,-0.0025394
2020-06-04,-0.0013615,-0.0000714,0.0000000,0.0004160,-0.0003824
2020-06-05,-0.0020580,-0.0023471,0.0000000,-0.0043523,-0.0056913
2020-06-08,0.0012156,-0.0003866,0.0000000,-0.0003181,0.0000075
2020-06-09,0.0033597,0.0022580,0.0000000,0.0063070,0.0080284
2020-06-10,0.0011781,0.0011769,0.0000000,0.0013320,0.0025866
2020-06-11,0.0053305,-0.0040916,0.0000000,0.0091600,0.0050972
2020-06-12,-0.0021963,0.0020081,0.0000000,-0.0048171,-0.0021404
2020-06-15,-0.0011592,0.0001661,0.0000000,-0.0013366,-0.0013647
2020-06-16,0.0013143,0.0014324,0.0000000,0.0007612,0.0027637
2020-06-17,0.0010742,0.0006924,0.0000000,0.0014598,0.0023624
2020-06-18,0.0010185,0.0007078,0.0000000,0.0010955,0.0021355
2020-06-19,0.0007075,-0.0015391,0.0000000,0.0008866,-0.0004740
2020-06-22,-0.0023239,0.0017122,0.0000000,-0.0032814,-0.0020126
2020-06-23,0.0001434,0.0003692,0.0000000,0.0006783,0.0008524
2020-06-24,0.0016933,-0.0002563,0.0000000,0.0028661,0.0026910
2020-06-25,-0.0005207,0.0008288,0.0000000,-0.0016326,-0.0004827
2020-06-26,-0.0001207,0.0002828,0.0000000,0.0015630,0.0010082
2020-06-29,-0.0014583,-0.0000192,0.0000000,-0.0019592,-0.0023537
2020-06-30,-0.0004958,0.0011079,0.0000000,-0.0020082,-0.0004532
2020-07-01,0.0003238,0.0003974,0.0000000,0.0004667,0.0009622
2020-07-02,-0.0008153,0.0003765,0.0000000,-0.0013074,-0.0011435
2020-07-03,-0.0008738,0.0002422,0.0000000,-0.0012035,-0.0012811
2020-07-06,-0.0009501,0.0002502,0.0000000,-0.0007345,-0.0010961
2020-07-07,0.0007654,0.0008780,0.0000000,0.0014917,0.0024495
2020-07-08,-0.0003668,0.0001802,0.0000000,-0.0013028,-0.0008902
2020-07-09,0.0006281,0.0003177,0.0000000,0.0010757,0.0015374
2020-07-10,0.0003846,-0.0010144,0.0000000,0.0005112,-0.0003485
2020-07-13,-0.0001369,0.0025725,0.0000000,0.0006354,0.0027852
2020-07-14,-0.0000934,0.0008014,0.0000000,0.0013993,0.0014779
2020-07-15,-0.0004715,0.0010085,0.0000000,-0.0053315,-0.0023867
2020-07-16,0.0004654,-0.0002791,0.0000000,0.0017249,0.0011107
2020-07-17,-0.0005009,-0.0010139,0.0000000,0.0031326,0.0001728
2020-07-20,-0.0006436,0.0010184,0.0000000,-0.0025847,-0.0010013
2020-07-21,-0.0014744,-0.0010362,0.0000000,0.0009263,-0.0020169
2020-07-22,-0.0014728,-0.0010973,0.0000000,-0.0003927,-0.0027794
2020-07-23,0.0016445,-0.0009697,0.0000000,0.0015659,0.0015170
2020-07-24,0.0007351,0.0002384,0.0000000,0.0024321,0.0023461
2020-07-27,-0.0004436,0.0009062,0.0000000,-0.0010597,-0.0001486
2020-07-28,0.0019149,0.0000099,0.0004802,0.0012795,0.0026642
2020-07-29,-0.0001274,0.0001311,0.0052583,0.0009039,0.0057877
2020-07-30,-0.0016032,-0.0016349,0.0036753,0.0022836,0.0017637
2020-07-31,0.0014433,0.0005622,-0.0081661,-0.0035149,-0.0082284
2020-08-03,0.0010702,0.0003788,0.0001793,-0.0021692,0.0003684
2020-08-04,0.0006237,0.0015382,0.0000000,0.0009134,0.0026925
2020-08-05,-0.0004917,-0.0004594,0.0000000,0.0002451,-0.0008086
2020-08-06,-0.0017915,0.0008295,0.0000000,0.0002134,-0.0008381
2020-08-07,0.0014243,-0.0003670,0.0000000,0.0019336,0.0021811
2020-08-10,0.0014004,0.0004474,0.0000000,-0.0030346,0.0000897
2020-08-11,0.0008332,0.0011320,0.0000000,-0.0024378,0.0005117
2020-08-12,-0.0008006,0.0000630,0.0000000,0.0010760,-0.0000999
2020-08-13,-0.0000020,-0.0010383,0.0000000,-0.0000681,-0.0010807
2020-08-14,-0.0011435,0.0004823,0.0000000,0.0023172,0.0007118
2020-08-17,0.0002508,0.0002450,0.0000000,0.0007540,0.0009409
2020-08-18,-0.0003419,0.0007468,0.0000000,-0.0014290,-0.0004381
2020-08-19,0.0015303,-0.0002048,0.0000000,-0.0025871,-0.0002220
2020-08-20,-0.0009354,0.0002812,0.0000000,0.0008734,-0.0001351
2020-08-21,0.0023224,0.0020951,0.0000000,-0.0012788,0.0036576
2020-08-24,-0.0006274,0.0000655,0.0000000,0.0016776,0.0004335
2020-08-25,-0.0013335,-0.0009982,0.0000000,0.0002312,-0.0021883
2020-08-26,0.0008412,0.0004965,0.0045153,-0.0025501,0.0041894
2020-08-27,-0.0003023,-0.0006010,-0.0005071,0.0003076,-0.0012112
2020-08-28,-0.0009799,0.0000139,0.0126804,0.0011698,0.0124723
2020-08-31,-0.0007672,0.0007886,0.0007120,-0.0002134,0.0003903
2020-09-01,0.0001161,-0.0022215,0.0001017,-0.0028982,-0.0039630
2020-09-02,0.0020478,0.0006944,0.0000000,-0.0029187,0.0007034
2020-09-03,0.0024481,0.0010671,0.0000000,0.0016835,0.0046787
2020-09-04,-0.0007355,-0.0012753,0.0000000,-0.0022686,-0.0038471
2020-09-07,0.0012152,0.0006276,0.0000000,0.0033516,0.0046666
2020-09-08,0.0042445,-0.0035193,0.0000000,0.0056520,0.0053704
2020-09-09,-0.0016527,0.0006165,0.0000000,0.0027175,0.0010500
2020-09-10,0.0006878,-0.0028460,0.0000000,0.0066128,0.0028659
2020-09-11,-0.0012356,-0.0009480,0.0000000,0.0022309,-0.0006128
2020-09-14,0.0010649,0.0009211,0.0000000,-0.0012860,0.0010864
2020-09-15,0.0007876,0.0011045,0.0000000,-0.0012961,0.0009701
2020-09-16,0.0020061,-0.0024867,0.0000000,-0.0040597,-0.0033589
2020-09-17,0.0001736,0.0002847,0.0000000,0.0002604,0.0006400
2020-09-18,0.0005649,-0.0005435,0.0000000,0.0002921,0.0002261
2020-09-21,0.0015140,-0.0000573,0.0000000,-0.0004027,0.0011734
2020-09-22,0.0001318,-0.0008649,0.0000000,-0.0026542,-0.0026128
2020-09-23,0.0017392,0.0019278,0.0000000,-0.0049274,0.0001957
2020-09-24,0.0003403,-0.0011145,0.0000000,-0.0027783,-0.0026558
2020-09-25,0.0002358,-0.0000374,0.0028478,-0.0013830,0.0013141
2020-09-28,0.0002675,-0.0001522,-0.0044592,0.0008321,-0.0024927
2020-09-29,-0.0003228,-0.0024332,-0.0045140,0.0060329,-0.0017981
2020-09-30,0.0004659,0.0001615,-0.0031983,-0.0018839,-0.0026857
2020-10-01,-0.0003196,0.0003059,0.0002060,0.0026535,0.0018078
2020-10-02,0.0004249,0.0017879,0.0000000,-0.0035223,-0.0000101
2020-10-05,0.0000029,-0.0008847,0.0000000,0.0010778,-0.0002128
2020-10-06,0.0000000,0.0019532,0.0000000,-0.0026497,0.0003101
2020-10-07,0.0000000,0.0006992,0.0000000,0.0018801,0.0018578
2020-10-08,0.0000000,0.0007956,0.0000000,0.0005125,0.0011221
2020-10-09,0.0000000,0.0009564,0.0000000,0.0026176,0.0026301
2020-10-12,0.0000000,0.0008061,0.0000000,-0.0040697,-0.0018068
2020-10-13,0.0000000,-0.0006091,0.0000000,0.0005766,-0.0002440
2020-10-14,0.0000000,0.0005478,0.0000000,-0.0025663,-0.0010785
2020-10-15,0.0000000,-0.0002341,0.0000000,-0.0018789,-0.0014146
2020-10-16,0.0001000,0.0005610,0.0000000,-0.0013559,-0.0001903
2020-10-19,-0.0002600,0.0007616,0.0000000,-0.0005585,0.0001486
2020-10-20,-0.0008445,-0.0028650,0.0000000,-0.0019559,-0.0049471
2020-10-21,0.0019164,0.0026463,0.0000000,0.0000313,0.0045825
2020-10-22,0.0001643,0.0005100,0.0000000,0.0021285,0.0020215
2020-10-23,0.0000866,-0.0001316,0.0000000,0.0022270,0.0013660
2020-10-26,0.0005791,0.0006086,0.0000000,0.0000592,0.0012255
2020-10-27,0.0000960,-0.0010413,0.0000000,-0.0013737,-0.0018272
2020-10-28,-0.0016795,-0.0003974,0.0000000,-0.0053884,-0.0055336
2020-10-29,0.0003520,-0.0019169,0.0000000,-0.0003000,-0.0017504
2020-10-30,0.0000717,-0.0002920,0.0000000,-0.0010610,-0.0008767
2020-11-02,0.0008899,-0.0001013,0.0000000,0.0020457,0.0020613
2020-11-03,0.0016356,-0.0008410,0.0000000,0.0049521,0.0038857
2020-11-04,0.0002979,0.0005534,0.0000000,0.0022515,0.0022195
2020-11-05,0.0011652,-0.0009220,0.0000000,0.0021627,0.0015507
2020-11-06,0.0002631,-0.0004096,0.0000000,-0.0012825,-0.0009172
2020-11-09,0.0007547,0.0020293,0.0000000,0.0086196,0.0079904
2020-11-10,-0.0001160,-0.0001737,0.0000000,-0.0015866,-0.0011703
2020-11-11,-0.0012549,-0.0014259,0.0000000,0.0024411,-0.0013267
2020-11-12,0.0024692,0.0033038,0.0000000,-0.0014801,0.0049505
2020-11-13,0.0005353,-0.0004683,0.0000000,-0.0005548,-0.0002407
2020-11-16,-0.0016538,0.0004572,0.0000000,0.0038996,0.0009691
2020-11-17,0.0007144,-0.0007366,0.0000000,-0.0031845,-0.0017691
2020-11-18,-0.0007652,-0.0008321,0.0000000,-0.0010281,-0.0021551
2020-11-19,0.0002701,-0.0002106,0.0000000,-0.0011170,-0.0005500
2020-11-20,-0.0005407,-0.0001217,0.0000000,0.0016841,0.0002553
2020-11-23,-0.0003113,-0.0004315,0.0000000,0.0003898,-0.0005307
2020-11-24,-0.0013453,0.0005925,0.0000000,0.0039545,0.0013991
2020-11-25,-0.0004752,0.0000147,0.0016573,0.0011795,0.0018355
2020-11-26,0.0003417,-0.0000540,0.0001661,-0.0006268,0.0001113
2020-11-27,-0.0000899,-0.0001456,0.0027038,0.0022953,0.0037241
2020-11-30,-0.0003992,0.0005736,-0.0036639,-0.0022490,-0.0047232
2020-12-01,0.0001564,-0.0001886,0.0005080,0.0027868,0.0020092
2020-12-02,0.0009224,0.0025200,0.0000000,0.0034408,0.0053826
2020-12-03,0.0008124,-0.0004168,0.0000000,-0.0020724,-0.0007677
2020-12-04,0.0013474,-0.0009773,0.0000000,-0.0029141,-0.0013356
2020-12-07,0.0001775,0.0002601,0.0000000,-0.0005611,0.0001105
2020-12-08,-0.0001910,0.0005644,0.0000000,-0.0000491,0.0003447
2020-12-09,0.0005618,0.0008708,0.0000000,0.0009101,0.0019649
2020-12-10,-0.0025940,-0.0024840,0.0000000,0.0063854,-0.0012713
2020-12-11,0.0003767,-0.0002230,0.0000000,-0.0004487,-0.0001019
2020-12-14,0.0012327,0.0016988,0.0000000,-0.0004083,0.0026990
2020-12-15,0.0015647,0.0007094,0.0000000,-0.0014119,0.0014701
2020-12-16,-0.0004018,-0.0002040,0.0000000,0.0027060,0.0009447
2020-12-17,-0.0007025,-0.0019657,0.0000000,0.0032879,-0.0007388
2020-12-18,-0.0009178,-0.0003214,0.0000000,0.0011282,-0.0005760
2020-12-21,0.0021860,-0.0005743,0.0000000,-0.0015760,0.0006822
2020-12-22,0.0015199,-0.0008542,0.0000000,-0.0028881,-0.0010298
2020-12-23,-0.0013633,0.0019269,0.0000000,0.0027509,0.0022218
2020-12-24,-0.0006748,0.0001026,0.0000000,0.0025285,0.0009498
2020-12-28,-0.0010456,0.0019439,0.0000000,-0.0006073,0.0005324
2020-12-29,-0.0014327,-0.0000628,0.0000000,0.0011601,-0.0007840
2020-12-30,-0.0013990,-0.0009330,0.0000000,0.0026998,-0.0006766
2020-12-31,0.0018047,-0.0018881,0.0000000,-0.0020229,-0.0013310
2021-01-04,-0.0003623,0.0030579,0.0006605,0.0006394,0.0037483
2021-01-05,-0.0023177,-0.0010658,0.0000000,0.0022907,-0.0019783
2021-01-06,-0.0041036,-0.0015659,0.0000000,0.0054178,-0.0023404
2021-01-07,-0.0000737,-0.0012503,0.0000000,-0.0004256,-0.0015845
2021-01-08,0.0007070,-0.0003483,0.0000000,-0.0008425,-0.0001561
2021-01-11,0.0031478,-0.0014699,0.0000000,-0.0034795,-0.0004699
2021-01-12,-0.0012747,-0.0000874,0.0000000,0.0022492,0.0000078
2021-01-13,0.0021814,-0.0015455,0.0000000,-0.0039202,-0.0017550
2021-01-14,-0.0018165,0.0007696,0.0000000,0.0015987,-0.0000946
2021-01-15,0.0041817,-0.0017978,0.0000000,-0.0047276,-0.0004509
2021-01-18,0.0017612,-0.0011343,0.0000000,-0.0023399,-0.0007304
2021-01-19,-0.0010911,0.0004920,0.0000000,0.0019404,0.0005194
2021-01-20,-0.0011356,0.0016296,0.0000000,-0.0001208,0.0004243
2021-01-21,-0.0016166,0.0001218,0.0000000,0.0017727,-0.0004721
2021-01-22,0.0006103,-0.0009593,0.0000000,-0.0003855,-0.0005719
2021-01-25,-0.0003962,-0.0004562,0.0000000,0.0001702,-0.0007498
2021-01-26,-0.0013105,-0.0004646,0.0000000,0.0011925,-0.0010563
2021-01-27,0.0023775,0.0014627,-0.0087408,-0.0037966,-0.0071964
2021-01-28,-0.0012484,-0.0008490,0.0004946,0.0019031,-0.0004759
2021-01-29,-0.0012608,-0.0002266,-0.0014617,0.0000524,-0.0029174
2021-02-01,0.0007630,0.0028901,-0.0013454,-0.0002209,0.0021735
2021-02-02,-0.0012827,-0.0012982,0.0000000,-0.0015552,-0.0035285
2021-02-03,-0.0006365,0.0004015,0.0000000,0.0014278,0.0006339
2021-02-04,0.0005742,-0.0000183,0.0000000,-0.0011878,-0.0002375
2021-02-05,-0.0021274,-0.0002947,0.0000000,0.0048082,0.0007960
2021-02-08,-0.0002718,-0.0008325,0.0000000,0.0006668,-0.0006683
2021-02-09,0.0011287,0.0020523,0.0000000,-0.0007657,0.0026779
2021-02-10,0.0012584,0.0015673,0.0000000,-0.0021129,0.0014384
2021-02-11,-0.0014077,-0.0006872,0.0000000,0.0037173,0.0003709
2021-02-12,-0.0007427,-0.0002190,0.0000000,0.0003536,-0.0007268
2021-02-15,-0.0023807,-0.0012357,0.0000000,0.0019619,-0.0023093
2021-02-16,-0.0019021,-0.0010297,0.0000000,0.0015457,-0.0019019
2021-02-17,0.0016305,0.0016971,0.0000000,-0.0018839,0.0020717
2021-02-18,-0.0014940,-0.0015483,0.0000000,0.0008023,-0.0025117
2021-02-19,-0.0027719,0.0008843,0.0000000,0.0063141,0.0023679
2021-02-22,-0.0002928,-0.0010378,0.0000000,0.0025437,0.0002992
2021-02-23,-0.0055179,-0.0028752,0.0000000,0.0004438,-0.0081100
2021-02-24,-0.0078828,-0.0033911,0.0031183,0.0075135,-0.0026919
2021-02-25,0.0053917,0.0028566,-0.0077848,-0.0029265,-0.0024098
2021-02-26,0.0076164,0.0045235,-0.0134704,-0.0106190,-0.0096018
2021-03-01,-0.0054927,-0.0044290,0.0001914,0.0038301,-0.0059531
2021-03-02,-0.0020286,-0.0009650,0.0000000,0.0036936,-0.0002976
2021-03-03,-0.0004208,-0.0013861,0.0000000,-0.0017662,-0.0025564
2021-03-04,-0.0019838,-0.0041191,0.0000000,-0.0008287,-0.0057142
2021-03-05,0.0000528,-0.0011263,0.0000000,-0.0024306,-0.0022905
2021-03-08,-0.0016139,-0.0025002,0.0000000,-0.0010578,-0.0039174
2021-03-09,0.0009429,0.0020385,0.0000000,0.0031893,0.0042276
2021-03-10,-0.0021255,-0.0000631,0.0000000,0.0014034,-0.0006806
2021-03-11,-0.0021021,-0.0010273,0.0000000,0.0026078,-0.0009127
2021-03-12,-0.0019908,0.0012843,0.0000000,-0.0009515,-0.0006098
2021-03-15,0.0003097,0.0007890,0.0000000,0.0000447,0.0009498
2021-03-16,0.0013723,0.0004814,0.0000000,-0.0031700,-0.0003849
2021-03-17,-0.0021982,-0.0007459,0.0000000,0.0037689,-0.0000838
2021-03-18,0.0020741,0.0009197,0.0000000,-0.0020479,0.0011024
2021-03-19,0.0008701,-0.0000344,0.0000000,-0.0012324,-0.0001283
2021-03-22,0.0027411,0.0016547,0.0000000,-0.0017166,0.0023875
2021-03-23,0.0038554,-0.0004711,0.0000000,-0.0102530,-0.0034823
2021-03-24,0.0001628,0.0004436,0.0000000,-0.0035570,-0.0012149
2021-03-25,-0.0027300,0.0012296,0.0000000,0.0036616,0.0012226
2021-03-26,-0.0028908,-0.0036067,0.0000000,0.0062347,-0.0021444
2021-03-29,0.0009003,0.0001082,-0.0018091,-0.0001125,-0.0006251
2021-03-30,-0.0002477,-0.0009776,-0.0045511,0.0003660,-0.0039747
2021-03-31,-0.0043305,-0.0018356,0.0005885,0.0016047,-0.0032479
2021-04-01,0.0002739,-0.0009236,-0.0001326,0.0020628,0.0002055
2021-04-02,0.0008678,-0.0005606,0.0000000,-0.0001826,-0.0000785
2021-04-05,0.0003951,0.0000966,0.0000000,0.0006287,0.0006336
2021-04-06,0.0047121,0.0007275,0.0000000,-0.0043881,0.0015076
2021-04-07,0.0024810,0.0006555,0.0000000,-0.0050914,-0.0003134
2021-04-08,0.0022388,-0.0015382,0.0000000,-0.0006192,-0.0003873
2021-04-09,-0.0014875,-0.0008008,0.0000000,-0.0013878,-0.0023007
2021-04-12,0.0013143,0.0000661,0.0000000,-0.0011101,0.0003358
2021-04-13,0.0004040,0.0002441,0.0000000,-0.0000649,0.0004482
2021-04-14,0.0005371,0.0019601,0.0000000,0.0067126,0.0054365
2021-04-15,0.0018427,-0.0000361,0.0000000,0.0016146,0.0018566
2021-04-16,-0.0017612,0.0015793,0.0000000,-0.0013759,-0.0002362
2021-04-19,0.0021297,-0.0004513,0.0000000,-0.0001974,0.0007900
2021-04-20,0.0029800,-0.0007782,0.0000000,-0.0028142,-0.0002317
2021-04-21,-0.0008301,0.0023415,0.0000000,0.0024573,0.0028322
2021-04-22,0.0016813,-0.0007587,0.0000000,-0.0046706,-0.0018707
2021-04-23,-0.0014455,-0.0006351,0.0000000,0.0016266,-0.0007097
2021-04-26,-0.0013888,0.0000848,0.0000000,0.0049968,0.0015428
2021-04-27,-0.0013995,-0.0012918,0.0000000,0.0000214,-0.0020634
2021-04-28,-0.0004563,0.0009019,0.0054366,0.0009258,0.0050302
2021-04-29,-0.0009967,-0.0012530,-0.0009532,-0.0009279,-0.0028772
2021-04-30,0.0012660,-0.0013403,-0.0088858,-0.0028874,-0.0080184
2021-05-03,-0.0003161,0.0011271,0.0008803,0.0031029,0.0028465
2021-05-04,0.0004336,-0.0000076,0.0000000,-0.0024907,-0.0008808
2021-05-05,-0.0002788,-0.0001896,0.0000000,0.0033572,0.0011750
2021-05-06,-0.0020781,0.0029650,0.0000000,-0.0001354,0.0015324
2021-05-07,-0.0004492,0.0003560,0.0000000,0.0008302,0.0004392
2021-05-10,-0.0006237,0.0010357,0.0000000,0.0016018,0.0013188
2021-05-11,0.0006857,0.0013961,0.0000000,0.0006736,0.0020254
2021-05-12,-0.0013455,0.0022173,0.0000000,-0.0034545,-0.0003468
2021-05-13,0.0007469,-0.0006191,0.0000000,-0.0011693,-0.0006440
2021-05-14,-0.0015752,0.0005033,0.0000000,0.0028573,0.0007978
2021-05-17,0.0001588,0.0009841,0.0000000,-0.0010577,0.0005191
2021-05-18,-0.0001459,0.0007361,0.0000000,-0.0010263,0.0001131
2021-05-19,0.0011772,0.0005986,0.0000000,-0.0028024,0.0000155
2021-05-20,-0.0006739,-0.0009398,0.0000000,0.0005735,-0.0011191
2021-05-21,0.0001028,-0.0001937,0.0000000,-0.0027773,-0.0014737
2021-05-24,-0.0000510,0.0002492,0.0000000,0.0014137,0.0009628
2021-05-25,-0.0006308,-0.0005951,0.0000000,-0.0006329,-0.0015107
2021-05-26,0.0005894,-0.0017505,0.0000000,0.0028656,0.0003669
2021-05-27,-0.0036448,0.0011608,0.0000000,0.0040114,0.0000132
2021-05-28,0.0004283,0.0001552,0.0000000,-0.0020550,-0.0005675
2021-05-31,0.0005084,0.0009287,0.0000000,0.0003792,0.0015866
2021-06-01,0.0016316,0.0009884,0.0000000,-0.0006602,0.0020978
2021-06-02,-0.0004002,-0.0001295,0.0000000,0.0004790,-0.0002263
2021-06-03,-0.0012030,0.0007131,0.0000000,-0.0033830,-0.0022218
2021-06-04,0.0027487,-0.0008123,0.0000000,0.0025846,0.0031033
2021-06-07,0.0005480,-0.0005327,0.0000000,-0.0005670,-0.0003424
2021-06-08,-0.0003423,0.0000380,0.0000000,-0.0016545,-0.0011659
2021-06-09,-0.0006061,0.0005749,0.0000000,-0.0009735,-0.0005058
2021-06-10,0.0009446,0.0008895,0.0000000,0.0007100,0.0021528
2021-06-11,0.0008045,0.0001047,0.0000000,-0.0024461,-0.0005013
2021-06-14,-0.0014925,0.0003189,0.0000000,0.0030619,0.0006181
2021-06-15,-0.0003261,0.0013921,0.0000000,-0.0029973,-0.0005555
2021-06-16,0.0018428,-0.0008937,0.0000000,-0.0013251,0.0001188
2021-06-17,0.0044264,0.0010199,0.0000000,-0.0044056,0.0026191
2021-06-18,0.0010626,-0.0009557,0.0000000,-0.0064337,-0.0039036
2021-06-21,0.0009383,0.0008854,0.0000000,0.0058537,0.0053988
2021-06-22,0.0007464,0.0007792,0.0000000,0.0034445,0.0035285
2021-06-23,0.0013295,-0.0013862,0.0000000,0.0033438,0.0018401
2021-06-24,0.0004420,0.0002732,0.0000000,-0.0008940,0.0002025
2021-06-25,0.0005509,-0.0000751,0.0000000,-0.0009159,-0.0000520
2021-06-28,-0.0010524,0.0000094,0.0000000,-0.0015514,-0.0019364
2021-06-29,-0.0021467,0.0012012,0.0000000,-0.0046358,-0.0036116
2021-06-30,0.0007228,-0.0007576,0.0000000,0.0031376,0.0017653
2021-07-01,-0.0005823,-0.0002869,0.0000000,-0.0019445,-0.0020026
2021-07-02,0.0016126,-0.0007650,0.0000000,0.0019464,0.0019780
2021-07-05,0.0001275,0.0000494,0.0000000,0.0008371,0.0006619
2021-07-06,-0.0008972,-0.0028809,0.0000000,-0.0047283,-0.0065184
2021-07-07,0.0001229,-0.0006634,0.0000000,-0.0000734,-0.0005820
2021-07-08,-0.0042511,-0.0000450,0.0000000,-0.0115435,-0.0111858
2021-07-09,0.0022795,0.0025006,0.0000000,0.0070071,0.0084496
2021-07-12,0.0000796,0.0003729,0.0000000,0.0009135,0.0009088
2021-07-13,-0.0005807,-0.0000466,0.0000000,-0.0010453,-0.0011489
2021-07-14,0.0004613,0.0004207,0.0000000,-0.0033221,-0.0007841
2021-07-15,-0.0025009,-0.0010991,0.0000000,-0.0027717,-0.0049878
2021-07-16,0.0003256,0.0013336,0.0000000,-0.0018679,0.0007135
2021-07-19,-0.0042353,-0.0018018,0.0000000,-0.0094720,-0.0108389
2021-07-20,0.0035401,-0.0002546,0.0000000,0.0025156,0.0045069
2021-07-21,0.0035309,0.0007095,0.0000000,0.0061444,0.0072020
2021-07-22,0.0013227,-0.0004797,0.0000000,0.0019402,0.0017035
2021-07-23,0.0001062,-0.0008852,0.0000000,0.0005011,-0.0005498
2021-07-26,-0.0008911,0.0004086,0.0000000,-0.0000561,-0.0004811
2021-07-27,-0.0043266,-0.0009048,0.0000000,-0.0032881,-0.0066358
2021-07-28,0.0012744,-0.0004383,0.0028771,0.0021272,0.0017245
2021-07-29,-0.0003231,0.0003789,0.0062949,0.0004216,0.0065791
2021-07-30,-0.0025875,-0.0005079,-0.0032950,-0.0020523,-0.0071541
2021-08-02,-0.0005412,0.0010726,-0.0012667,-0.0028121,-0.0020098
2021-08-03,-0.0002014,0.0000907,0.0000000,-0.0017762,-0.0009288
2021-08-04,0.0009544,-0.0009293,0.0000000,0.0014204,0.0006040
2021-08-05,0.0029054,-0.0001755,0.0000000,0.0039620,0.0043353
2021-08-06,0.0006082,-0.0004661,0.0000000,0.0017610,0.0008955
2021-08-09,0.0005540,-0.0016181,0.0000000,0.0010740,-0.0006194
2021-08-10,0.0028579,0.0006459,0.0000000,0.0039157,0.0050326
2021-08-11,0.0009216,0.0000998,0.0000000,0.0004981,0.0011377
2021-08-12,-0.0004502,0.0009664,0.0000000,-0.0017624,-0.0002457
2021-08-13,-0.0019649,0.0003902,0.0000000,-0.0044417,-0.0033927
2021-08-16,-0.0037979,0.0010055,0.0000000,-0.0050388,-0.0046072
2021-08-17,-0.0021606,-0.0016516,0.0000000,-0.0025988,-0.0046370
2021-08-18,-0.0002715,-0.0001591,0.0000000,-0.0000765,-0.0004183
2021-08-19,-0.0042626,-0.0044449,0.0000000,-0.0080020,-0.0116200
2021-08-20,-0.0012604,-0.0005273,0.0000000,-0.0004828,-0.0017741
2021-08-23,0.0044470,0.0030157,0.0000000,0.0062829,0.0094458
2021-08-24,0.0035627,0.0021518,0.0000000,0.0029388,0.0062091
2021-08-25,0.0020696,-0.0023813,0.0000000,0.0022085,0.0001528
2021-08-26,-0.0014193,0.0002890,0.0000000,-0.0027752,-0.0019769
2021-08-27,0.0022239,-0.0009220,0.0000000,0.0002634,0.0008816
2021-08-30,0.0016471,0.0002072,0.0000000,0.0027196,0.0026364
2021-08-31,-0.0000370,-0.0013782,0.0000000,-0.0003018,-0.0015354
2021-09-01,0.0035692,-0.0010897,0.0000000,-0.0003206,0.0014898
2021-09-02,0.0012027,-0.0012923,0.0000000,0.0032342,0.0009883
2021-09-03,0.0013441,-0.0011707,0.0000000,0.0002469,-0.0000651
2021-09-06,0.0006630,-0.0000398,0.0000000,0.0002048,0.0005402
2021-09-07,-0.0013853,0.0002028,0.0000000,-0.0018314,-0.0016179
2021-09-08,-0.0013723,0.0007157,0.0000000,-0.0004951,-0.0005182
2021-09-09,-0.0000278,-0.0002974,0.0000000,-0.0009829,-0.0007412
2021-09-10,-0.0009748,-0.0001453,0.0000000,0.0004853,-0.0006861
2021-09-13,0.0012851,0.0017092,0.0000000,0.0033142,0.0041774
2021-09-14,-0.0010483,-0.0027899,0.0000000,-0.0040888,-0.0054507
2021-09-15,0.0008577,0.0003895,0.0000000,0.0018175,0.0018727
2021-09-16,0.0000710,0.0012245,0.0000000,0.0009558,0.0017153
2021-09-17,-0.0006893,-0.0001959,0.0000000,-0.0023620,-0.0018035
2021-09-20,-0.0013467,-0.0024056,0.0000000,-0.0071771,-0.0067052
2021-09-21,0.0012200,-0.0007820,0.0000000,-0.0015799,-0.0005407
2021-09-22,0.0016172,0.0029952,0.0000000,0.0033359,0.0057347
2021-09-23,0.0012737,-0.0028933,0.0000000,0.0081453,0.0017170
2021-09-24,0.0023004,-0.0010322,0.0000000,0.0000058,0.0007410
2021-09-27,0.0006739,-0.0011703,0.0000000,0.0029227,0.0005940
2021-09-28,0.0004430,0.0021950,0.0000000,-0.0032922,0.0011359
2021-09-29,0.0011059,-0.0001556,0.0000000,-0.0021374,-0.0002213
2021-09-30,-0.0001333,-0.0008334,0.0000000,0.0002021,-0.0008492
2021-10-01,0.0001847,-0.0006627,0.0000000,0.0023116,0.0005610
2021-10-04,0.0001419,0.0012363,0.0000000,0.0008893,0.0017791
2021-10-05,0.0002012,-0.0002049,0.0000000,0.0041623,0.0019631
2021-10-06,-0.0000958,0.0011007,0.0000000,-0.0008752,0.0006074
2021-10-07,-0.0003958,-0.0019237,0.0000000,0.0019518,-0.0013076
2021-10-08,-0.0006782,-0.0021981,0.0000000,0.0046348,-0.0005261
2021-10-11,-0.0012810,-0.0021032,0.0000000,0.0015240,-0.0024277
2021-10-12,-0.0012945,-0.0000756,0.0000000,0.0013165,-0.0005053
2021-10-13,0.0006599,-0.0004119,0.0000000,-0.0001849,0.0000684
2021-10-14,-0.0034752,-0.0000986,0.0000000,0.0043462,-0.0009117
2021-10-15,-0.0022135,-0.0013632,0.0000000,0.0047700,-0.0007922
2021-10-18,0.0002103,-0.0006759,0.0000000,-0.0002514,-0.0006244
2021-10-19,-0.0023940,-0.0010440,0.0000000,0.0000847,-0.0030629
2021-10-20,-0.0026997,-0.0003878,0.0000000,0.0010667,-0.0022408
2021-10-21,0.0042182,0.0004795,0.0000000,-0.0016306,0.0033308
2021-10-22,0.0017855,-0.0020952,0.0000000,-0.0031730,-0.0022441
2021-10-25,-0.0016875,0.0024275,0.0000000,-0.0001842,0.0008980
2021-10-26,-0.0018699,0.0011620,0.0000000,0.0008129,0.0000077
2021-10-27,-0.0003867,0.0001951,0.0020794,-0.0014788,-0.0009023
2021-10-28,0.0005612,0.0009212,0.0072624,-0.0006940,0.0082908
2021-10-29,-0.0016183,-0.0032470,-0.0088620,-0.0000523,-0.0135172
2021-11-01,-0.0010665,0.0006009,-0.0015067,-0.0002356,-0.0019350
2021-11-02,0.0052818,0.0012961,0.0000000,0.0007531,0.0061645
2021-11-03,-0.0011082,0.0012393,0.0000000,0.0021862,0.0015173
2021-11-04,0.0012376,0.0033957,0.0000000,-0.0056688,0.0013633
2021-11-05,0.0008356,0.0006058,0.0000000,-0.0011641,0.0006654
2021-11-08,0.0007981,-0.0014934,0.0000000,0.0009141,-0.0003403
2021-11-09,0.0023485,0.0013540,0.0000000,0.0005177,0.0035878
2021-11-10,-0.0023193,0.0010479,0.0000000,0.0006298,-0.0005757
2021-11-11,0.0022470,-0.0007184,0.0000000,-0.0020205,0.0000526
2021-11-12,-0.0008898,0.0007316,0.0000000,0.0001831,0.0000715
2021-11-15,-0.0030075,0.0030725,0.0000000,0.0026051,0.0020057
2021-11-16,0.0020515,0.0007867,0.0000000,0.0027351,0.0042666
2021-11-17,0.0041776,-0.0009872,0.0000000,-0.0006895,0.0023533
2021-11-18,-0.0006727,0.0010774,0.0000000,0.0005290,0.0008161
2021-11-19,0.0006279,-0.0004811,0.0000000,-0.0011288,-0.0006333
2021-11-22,-0.0003718,0.0007113,0.0000000,-0.0000552,0.0003481
2021-11-23,-0.0006728,0.0001723,0.0000000,0.0012547,0.0003574
2021-11-24,-0.0008156,-0.0024720,0.0000000,0.0010877,-0.0025171
2021-11-25,0.0008827,-0.0001874,0.0000000,-0.0000092,0.0006151
2021-11-26,0.0068573,0.0015544,0.0044405,-0.0110950,0.0052862
2021-11-29,-0.0028371,-0.0019999,0.0006916,0.0019109,-0.0026196
2021-11-30,-0.0006010,0.0027904,0.0014267,-0.0027998,0.0021650
2021-12-01,0.0006494,0.0014859,-0.0005966,-0.0019562,0.0003845
2021-12-02,-0.0005811,-0.0010524,0.0000000,0.0035763,0.0003964
2021-12-03,-0.0022167,0.0007729,0.0000000,-0.0005518,-0.0013150
2021-12-06,0.0034055,-0.0005442,0.0000000,0.0032617,0.0039195
2021-12-07,-0.0001723,0.0012925,0.0000000,0.0010179,0.0016980
2021-12-08,-0.0004547,-0.0003108,0.0000000,-0.0040600,-0.0028648
2021-12-09,0.0014052,0.0009282,0.0000000,-0.0006276,0.0017018
2021-12-10,-0.0000842,0.0008221,0.0000000,-0.0009746,0.0002369
2021-12-13,-0.0006001,-0.0017774,0.0000000,-0.0016712,-0.0031439
2021-12-14,0.0003672,-0.0001344,0.0000000,0.0004947,0.0004346
2021-12-15,0.0021173,0.0000103,0.0000000,-0.0004827,0.0014128
2021-12-16,-0.0010248,0.0012055,0.0000000,0.0015500,0.0012836
2021-12-17,-0.0006720,0.0015902,0.0000000,-0.0028093,-0.0006694
2021-12-20,-0.0014993,0.0017548,0.0000000,-0.0024427,-0.0009257
2021-12-21,0.0019928,0.0023044,0.0000000,0.0023932,0.0053446
2021-12-22,0.0000523,0.0003184,0.0000000,0.0014180,0.0012318
2021-12-23,-0.0000708,0.0004813,0.0000000,0.0019784,0.0016478
2021-12-24,0.0005083,0.0006848,0.0000000,0.0005107,0.0013994
2021-12-27,-0.0010478,-0.0019433,0.0000000,0.0024852,-0.0012305
2021-12-28,-0.0006892,0.0002508,0.0000000,-0.0004852,-0.0005888
2021-12-29,-0.0001938,0.0003868,0.0033342,0.0012175,0.0041874
2021-12-30,-0.0003493,0.0010763,0.0009513,0.0028386,0.0034655
2021-12-31,0.0003212,0.0015491,0.0041119,0.0024389,0.0071267
2022-01-03,0.0006343,0.0015765,-0.0004051,-0.0005221,0.0013831
2022-01-04,-0.0009976,-0.0014382,0.0000000,0.0030904,-0.0002501
2022-01-05,0.0004884,0.0002151,0.0000000,-0.0016001,-0.0004110
2022-01-06,0.0009003,-0.0003216,0.0000000,0.0016662,0.0014383
2022-01-07,0.0004733,-0.0003172,0.0000000,0.0013576,0.0009404
2022-01-10,0.0031539,0.0001009,0.0000000,-0.0043816,-0.0002175
2022-01-11,-0.0003518,0.0009752,0.0000000,0.0029502,0.0025975
2022-01-12,-0.0003750,0.0011089,0.0000000,-0.0004403,0.0005216
2022-01-13,-0.0001817,-0.0000608,0.0000000,-0.0008061,-0.0007272
2022-01-14,-0.0004285,-0.0012543,0.0000000,0.0015710,-0.0006194
2022-01-17,-0.0003700,0.0011981,0.0000000,0.0020237,0.0021855
2022-01-18,0.0002293,0.0001604,0.0000000,0.0009590,0.0009789
2022-01-19,0.0001709,0.0000292,0.0000000,-0.0014017,-0.0007206
2022-01-20,0.0002784,-0.0019110,0.0000000,-0.0003681,-0.0019002
2022-01-21,-0.0015400,-0.0000121,0.0000000,-0.0020791,-0.0027209
2022-01-24,-0.0001237,-0.0005585,0.0000000,-0.0007493,-0.0011480
2022-01-25,0.0008054,0.0009230,0.0000000,-0.0009389,0.0010433
2022-01-26,0.0001190,0.0017251,0.0000000,0.0015093,0.0028041
2022-01-27,-0.0004267,-0.0005397,0.0112066,0.0015566,0.0112519
2022-01-28,-0.0006439,0.0003731,0.0017543,0.0001144,0.0014687
2022-01-31,0.0003354,-0.0006196,-0.0073312,-0.0010596,-0.0078432
2022-02-01,0.0003080,-0.0001397,-0.0002178,-0.0005526,-0.0003864
2022-02-02,-0.0002584,0.0006525,0.0000000,-0.0002962,0.0001990
2022-02-03,0.0004959,-0.0031318,0.0000000,-0.0025713,-0.0043620
2022-02-04,-0.0002798,-0.0007955,0.0000000,-0.0029489,-0.0030471
2022-02-07,0.0014734,0.0003659,0.0000000,0.0022079,0.0032963
2022-02-08,0.0011068,-0.0012489,0.0000000,-0.0003268,-0.0003584
2022-02-09,0.0007967,-0.0010899,0.0000000,-0.0000538,-0.0003292
2022-02-10,-0.0003611,-0.0012588,0.0000000,-0.0000644,-0.0016631
2022-02-11,0.0007745,0.0023940,0.0000000,0.0013771,0.0040915
2022-02-14,0.0001159,-0.0003046,0.0000000,0.0014476,0.0007803
2022-02-15,-0.0003406,0.0018158,0.0000000,-0.0016990,0.0003416
2022-02-16,0.0009280,0.0002028,0.0000000,0.0000933,0.0011929
2022-02-17,0.0004042,0.0005634,0.0000000,-0.0005664,0.0005897
2022-02-18,0.0005480,-0.0008325,0.0000000,-0.0004164,-0.0005622
2022-02-21,0.0004268,-0.0000453,0.0000000,0.0009915,0.0012179
2022-02-22,0.0009856,0.0020758,0.0000000,-0.0030037,0.0005118
2022-02-23,0.0005010,-0.0007924,0.0000000,0.0019517,0.0013603
2022-02-24,-0.0000710,-0.0005308,0.0139934,-0.0004968,0.0106980
2022-02-25,0.0000000,0.0001669,-0.0070677,0.0002657,-0.0039036
2022-02-28,0.0000000,-0.0009086,-0.0047485,0.0029857,-0.0010046
2022-03-01,-0.0004860,-0.0013191,0.0001443,-0.0010630,-0.0026586
2022-03-02,-0.0003096,0.0020013,0.0000000,0.0035594,0.0048141
2022-03-03,-0.0014395,-0.0029715,0.0000000,-0.0000459,-0.0044519
2022-03-04,-0.0042373,-0.0072382,0.0000000,-0.0018977,-0.0131684
2022-03-07,-0.0006686,-0.0015963,0.0000000,-0.0018873,-0.0039350
2022-03-08,0.0039688,0.0022514,0.0000000,-0.0023466,0.0041484
2022-03-09,0.0032976,0.0025941,0.0000000,-0.0033448,0.0029856
2022-03-10,-0.0061627,-0.0011390,0.0000000,0.0005028,-0.0068551
2022-03-11,0.0012280,-0.0012748,0.0000000,0.0049989,0.0042177
2022-03-14,0.0066552,-0.0011725,0.0000000,0.0004754,0.0058902
2022-03-15,-0.0005506,-0.0004125,0.0000000,-0.0000358,-0.0009651
2022-03-16,-0.0033642,0.0006627,0.0000000,-0.0013029,-0.0036773
2022-03-17,-0.0039011,0.0019055,0.0000000,-0.0017926,-0.0032239
2022-03-18,-0.0025915,-0.0022121,0.0000000,0.0044781,-0.0007496
2022-03-21,-0.0004490,-0.0001003,0.0000000,0.0014723,0.0006924
2022-03-22,-0.0066150,-0.0045884,0.0000000,0.0023131,-0.0084841
2022-03-23,-0.0030935,-0.0010358,0.0000000,0.0011191,-0.0025196
2022-03-24,-0.0037850,-0.0023503,0.0000000,0.0029233,-0.0027915
2022-03-25,-0.0003284,0.0005526,0.0000000,0.0006237,0.0007651
2022-03-28,-0.0018551,0.0029022,0.0000000,0.0004590,0.0016843
2022-03-29,0.0022652,0.0004280,0.0056293,-0.0034626,0.0025015
2022-03-30,0.0039682,-0.0002410,0.0066098,-0.0001585,0.0062641
2022-03-31,0.0028242,-0.0014796,-0.0028119,0.0030656,0.0016717
2022-04-01,-0.0036362,0.0021855,-0.0002628,0.0009940,0.0000628
2022-04-04,-0.0043645,0.0019337,0.0000000,0.0019663,0.0002613
2022-04-05,-0.0054325,-0.0029771,0.0000000,0.0022783,-0.0045225
2022-04-06,0.0038286,0.0015348,0.0000000,-0.0015504,0.0025944
2022-04-07,0.0020457,0.0006123,0.0000000,0.0000843,0.0019322
2022-04-08,0.0001869,0.0003364,0.0000000,0.0022077,0.0022571
2022-04-11,0.0009201,-0.0025325,0.0000000,0.0024862,0.0004473
2022-04-12,-0.0032060,0.0013813,0.0000000,-0.0000720,-0.0009224
2022-04-13,0.0008251,0.0039959,0.0000000,0.0016960,0.0053670
2022-04-14,0.0001345,-0.0005956,0.0000000,-0.0017302,-0.0018399
2022-04-15,-0.0000271,0.0005988,0.0000000,0.0015407,0.0017463
2022-04-18,0.0003037,-0.0027184,0.0000000,0.0022488,-0.0001925
2022-04-19,-0.0070537,-0.0007820,0.0000000,0.0009361,-0.0043471
2022-04-20,-0.0026779,0.0001665,0.0000000,-0.0012623,-0.0025147
2022-04-21,0.0041718,0.0013822,0.0000000,-0.0013777,0.0024931
2022-04-22,0.0067797,0.0009661,0.0000000,-0.0017550,0.0032940
2022-04-25,0.0019832,-0.0005635,0.0000000,-0.0012101,-0.0003550
2022-04-26,0.0042337,-0.0022296,0.0000000,-0.0023847,-0.0014456
2022-04-27,-0.0045473,0.0004192,0.0049542,0.0028416,0.0033826
2022-04-28,-0.0052686,0.0017838,0.0079514,0.0069403,0.0091505
2022-04-29,0.0066472,0.0015608,-0.0011851,-0.0047683,0.0004984
2022-05-02,-0.0013313,0.0003582,-0.0017725,0.0002793,-0.0011981
2022-05-03,-0.0024038,-0.0002412,0.0000000,0.0005942,-0.0009590
2022-05-04,-0.0032725,-0.0007357,0.0000000,-0.0009348,-0.0028954
2022-05-05,0.0010718,-0.0015114,0.0000000,-0.0009121,-0.0013676
2022-05-06,0.0016084,0.0006670,0.0000000,-0.0020741,-0.0001563
2022-05-09,0.0061993,-0.0036292,0.0000000,-0.0041074,-0.0028992
2022-05-10,-0.0001262,0.0002839,0.0000000,0.0006471,0.0006171
2022-05-11,-0.0005663,0.0017205,0.0000000,0.0006916,0.0016128
2022-05-12,0.0046453,-0.0041256,0.0000000,-0.0034494,-0.0035272
2022-05-13,-0.0025970,0.0003288,0.0000000,0.0046165,0.0021946
2022-05-16,-0.0005156,0.0000674,0.0000000,0.0005883,0.0002030
2022-05-17,0.0019927,-0.0014227,0.0000000,-0.0001466,-0.0002847
2022-05-18,0.0005410,0.0054093,0.0000000,-0.0003421,0.0042897
2022-05-19,0.0015704,0.0011934,0.0000000,0.0004069,0.0018858
2022-05-20,0.0008440,-0.0008506,0.0000000,-0.0008209,-0.0007932
2022-05-23,0.0004367,-0.0017325,0.0000000,0.0000638,-0.0010330
2022-05-24,0.0010396,-0.0003647,0.0000000,-0.0028325,-0.0017239
2022-05-25,0.0008534,0.0012566,0.0000000,0.0008300,0.0018794
2022-05-26,-0.0005848,0.0001159,0.0000000,0.0005762,0.0002123
2022-05-27,-0.0000864,0.0007789,-0.0034326,0.0008932,-0.0020299
2022-05-30,-0.0012108,-0.0017761,-0.0023915,0.0016283,-0.0030617
2022-05-31,-0.0013077,-0.0007238,0.0040522,0.0033175,0.0046422
2022-06-01,-0.0016450,-0.0021365,-0.0001995,0.0044628,0.0003375
2022-06-02,-0.0001413,-0.0015412,0.0000000,0.0000575,-0.0013409
2022-06-03,-0.0013240,-0.0006784,0.0000000,0.0009325,-0.0005818
2022-06-06,-0.0007628,-0.0007136,0.0000000,0.0019106,0.0003818
2022-06-07,-0.0007250,-0.0025182,0.0000000,0.0026573,-0.0006303
2022-06-08,-0.0020814,-0.0018499,0.0000000,0.0007635,-0.0020810
2022-06-09,0.0023566,0.0022582,0.0000000,-0.0031904,0.0008389
2022-06-10,0.0000953,-0.0009641,0.0000000,-0.0001963,-0.0008934
2022-06-13,-0.0003881,-0.0017871,0.0000000,-0.0021157,-0.0032262
2022-06-14,-0.0017819,0.0002121,0.0000000,-0.0003565,-0.0010003
2022-06-15,0.0022735,0.0018289,0.0000000,0.0004094,0.0031241
2022-06-16,0.0051717,0.0028000,0.0000000,-0.0046380,0.0019114
2022-06-17,-0.0014774,-0.0023026,0.0000000,0.0019452,-0.0014261
2022-06-20,-0.0003989,0.0000153,0.0000000,0.0014156,0.0007819
2022-06-21,-0.0019657,-0.0016983,0.0000000,0.0038242,0.0001083
2022-06-22,-0.0012390,-0.0014371,0.0000000,-0.0023410,-0.0035374
2022-06-23,0.0017532,0.0000114,0.0000000,-0.0029521,-0.0010630
2022-06-24,-0.0012973,0.0003944,0.0000000,0.0034234,0.0019744
2022-06-27,-0.0014728,-0.0011169,0.0000000,0.0001560,-0.0016933
2022-06-28,-0.0016228,-0.0005246,0.0040379,0.0030485,0.0047192
2022-06-29,-0.0012502,0.0006931,0.0027944,0.0023622,0.0042872
2022-06-30,0.0016302,-0.0001473,-0.0031206,-0.0017928,-0.0034949
2022-07-01,-0.0007554,-0.0006635,-0.0001214,-0.0017544,-0.0023404
2022-07-04,0.0005497,0.0004972,0.0000000,0.0025325,0.0024685
2022-07-05,0.0009429,-0.0018650,0.0000000,-0.0011086,-0.0019183
2022-07-06,-0.0000083,-0.0008728,0.0000000,0.0016689,0.0002932
2022-07-07,0.0020184,0.0001319,0.0000000,0.0023179,0.0028760
2022-07-08,0.0008989,0.0006244,0.0000000,0.0002727,0.0013291
2022-07-11,-0.0033680,0.0007049,0.0000000,0.0016309,-0.0002213
2022-07-12,0.0005300,0.0004852,0.0000000,-0.0004049,0.0005246
2022-07-13,-0.0013833,-0.0004475,0.0000000,0.0016665,-0.0001969
2022-07-14,0.0013329,0.0007136,0.0000000,-0.0001422,0.0014568
2022-07-15,-0.0010862,-0.0012854,0.0000000,0.0014131,-0.0010346
2022-07-18,0.0016271,0.0003222,0.0000000,-0.0014680,0.0004470
2022-07-19,-0.0008303,0.0009327,0.0000000,0.0034622,0.0026936
2022-07-20,-0.0000310,0.0005366,0.0000000,0.0005552,0.0008873
2022-07-21,0.0006860,0.0002274,0.0000000,-0.0007163,0.0002446
2022-07-22,-0.0000334,-0.0017760,0.0000000,-0.0027220,-0.0037837
2022-07-25,0.0002996,0.0014363,0.0000000,0.0026165,0.0036557
2022-07-26,-0.0019075,-0.0001677,0.0000000,0.0020964,-0.0002431
2022-07-27,0.0015075,-0.0001585,0.0055732,-0.0005519,0.0063048
2022-07-28,0.0002137,-0.0003830,0.0040186,-0.0034299,0.0012864
2022-07-29,-0.0001514,-0.0001401,0.0020037,-0.0016314,0.0005500
2022-08-01,0.0031854,-0.0001419,-0.0014808,-0.0044971,-0.0020528
2022-08-02,-0.0014379,0.0000948,0.0000000,0.0009859,-0.0005820
2022-08-03,0.0005329,0.0013719,0.0000000,0.0027927,0.0038946
2022-08-04,0.0004659,-0.0000478,0.0000000,-0.0031448,-0.0018434
2022-08-05,-0.0007555,-0.0008817,0.0000000,0.0021609,-0.0000905
2022-08-08,-0.0013654,-0.0011256,0.0000000,0.0047684,0.0010157
2022-08-09,-0.0002376,0.0001849,0.0000000,-0.0015761,-0.0011721
2022-08-10,0.0009018,-0.0008151,0.0000000,-0.0002073,-0.0000597
2022-08-11,-0.0006260,-0.0012073,0.0000000,0.0010802,-0.0010706
2022-08-12,-0.0018607,-0.0019628,0.0000000,0.0034964,-0.0013567
2022-08-15,0.0002793,0.0026572,0.0000000,-0.0036172,0.0004186
2022-08-16,0.0014195,0.0000618,0.0000000,0.0017601,0.0026751
2022-08-17,0.0012547,0.0000900,0.0000000,-0.0023822,-0.0002936
2022-08-18,-0.0024968,0.0003135,0.0000000,0.0034082,0.0001320
2022-08-19,-0.0014559,0.0006419,0.0000000,0.0026021,0.0009295
2022-08-22,-0.0011252,0.0007102,0.0000000,0.0015162,0.0005941
2022-08-23,0.0005679,0.0003699,0.0000000,0.0007296,0.0014236
2022-08-24,0.0003943,-0.0002689,0.0000000,0.0003034,0.0003300
2022-08-25,-0.0009544,0.0003018,0.0000000,0.0017666,0.0005702
2022-08-26,0.0006472,-0.0011702,0.0000000,-0.0014911,-0.0015519
2022-08-29,-0.0003406,-0.0008479,-0.0000404,0.0030617,0.0008730
2022-08-30,0.0023870,-0.0002820,0.0036940,-0.0031867,0.0036282
2022-08-31,0.0013632,-0.0008765,0.0013738,-0.0012473,0.0010200
2022-09-01,-0.0017271,0.0004544,-0.0000822,0.0028937,0.0005891
2022-09-02,-0.0010765,-0.0002971,0.0000000,0.0020396,0.0000081
2022-09-05,-0.0004544,-0.0008267,0.0000000,0.0002789,-0.0010929
2022-09-06,0.0009105,-0.0014397,0.0000000,0.0018002,0.0006977
2022-09-07,-0.0015617,-0.0010170,0.0000000,0.0030320,-0.0005165
2022-09-08,-0.0027043,-0.0005694,0.0000000,0.0026687,-0.0014770
2022-09-09,-0.0014951,0.0007295,0.0000000,0.0005901,-0.0003537
2022-09-12,-0.0003468,-0.0013523,0.0000000,0.0003463,-0.0014567
2022-09-13,-0.0002855,-0.0007857,0.0000000,-0.0010404,-0.0018004
2022-09-14,0.0029381,0.0001174,0.0000000,-0.0033758,0.0006558
2022-09-15,-0.0009170,0.0004031,0.0000000,-0.0008217,-0.0010912
2022-09-16,0.0011889,0.0001051,0.0000000,-0.0008933,0.0006554
2022-09-19,-0.0009523,-0.0006440,0.0000000,0.0008924,-0.0009506
2022-09-20,-0.0018830,-0.0001728,0.0000000,-0.0005508,-0.0024542
2022-09-21,-0.0019728,0.0022502,0.0000000,0.0011269,0.0011013
2022-09-22,0.0051148,0.0016114,0.0000000,-0.0057847,0.0024707
2022-09-23,-0.0080673,0.0004108,0.0000000,0.0093167,-0.0011860
2022-09-26,-0.0031966,-0.0015114,0.0000000,0.0006494,-0.0038348
2022-09-27,0.0007020,0.0010391,0.0000000,-0.0002378,0.0014773
2022-09-28,0.0010664,-0.0007138,-0.0110341,0.0004470,-0.0105749
2022-09-29,0.0053908,-0.0019690,-0.0018482,-0.0080557,-0.0041563
2022-09-30,-0.0006718,-0.0004509,0.0078854,-0.0070447,0.0017957
2022-10-03,0.0114284,0.0018608,-0.0008140,0.0013952,0.0110070
2022-10-04,-0.0048112,-0.0038131,0.0000000,-0.0005219,-0.0071771
2022-10-05,0.0020469,0.0026921,0.0000000,0.0007711,0.0043832
2022-10-06,-0.0023172,-0.0000302,0.0000000,0.0004282,-0.0012288
2022-10-07,-0.0011462,0.0002943,0.0000000,0.0019335,0.0006472
2022-10-10,-0.0009467,0.0009453,0.0000000,-0.0009551,-0.0001594
2022-10-11,-0.0004193,0.0001622,0.0000000,0.0008466,0.0003668
2022-10-12,0.0023636,0.0002292,0.0000000,-0.0017312,0.0007309
2022-10-13,0.0020052,-0.0010162,0.0000000,-0.0031671,-0.0015340
2022-10-14,-0.0039877,-0.0002150,0.0000000,0.0019082,-0.0016059
2022-10-17,0.0010752,-0.0018687,0.0000000,0.0023892,0.0000852
2022-10-18,0.0019826,0.0001433,0.0000000,-0.0004644,0.0010729
2022-10-19,0.0016748,-0.0012750,0.0000000,0.0003272,-0.0000947
2022-10-20,-0.0000759,-0.0003919,0.0000000,0.0002171,-0.0003175
2022-10-21,0.0034363,-0.0001352,0.0000000,-0.0021289,0.0007256
2022-10-24,-0.0037908,0.0007210,0.0000000,0.0011983,-0.0008415
2022-10-25,0.0010824,0.0003536,0.0000000,-0.0017423,-0.0000064
2022-10-26,0.0018515,-0.0004826,0.0000000,-0.0030651,-0.0011397
2022-10-27,0.0017436,-0.0000840,-0.0036453,-0.0004776,-0.0024272
2022-10-28,-0.0013527,-0.0003794,-0.0026812,-0.0009335,-0.0039056
2022-10-31,0.0024518,-0.0008055,-0.0046255,0.0029743,-0.0014165
2022-11-01,0.0001929,0.0000429,-0.0001261,-0.0017713,-0.0009776
2022-11-02,0.0003340,0.0007913,0.0000000,-0.0017185,-0.0000180
2022-11-03,0.0009213,-0.0010621,0.0000000,0.0009978,0.0000515
2022-11-04,0.0012558,-0.0000246,0.0000000,0.0019443,0.0018330
2022-11-07,-0.0014034,0.0020381,0.0000000,-0.0008567,0.0007202
2022-11-08,0.0001632,-0.0010559,0.0000000,-0.0006000,-0.0013190
2022-11-09,-0.0013070,0.0002811,0.0000000,0.0037489,0.0017645
2022-11-10,0.0020694,-0.0020508,0.0000000,-0.0065350,-0.0047224
2022-11-11,-0.0004512,0.0001941,0.0000000,0.0008114,0.0003950
2022-11-14,0.0003146,0.0003030,0.0000000,0.0020726,0.0016788
2022-11-15,0.0007370,0.0007906,0.0000000,-0.0030235,-0.0005140
2022-11-16,-0.0011011,0.0000118,0.0000000,-0.0011200,-0.0012688
2022-11-17,-0.0001844,0.0000189,0.0000000,-0.0006912,-0.0004815
2022-11-18,-0.0000779,-0.0005086,0.0000000,-0.0023255,-0.0018813
2022-11-21,-0.0004267,-0.0002674,0.0000000,0.0019187,0.0005750
2022-11-22,0.0000098,-0.0005509,0.0000000,0.0000286,-0.0005287
2022-11-23,-0.0001889,0.0010120,0.0000000,-0.0031889,-0.0009441
2022-11-24,0.0001684,0.0010308,0.0000000,-0.0023066,-0.0001929
2022-11-25,-0.0000598,-0.0002757,0.0000000,-0.0000469,-0.0003381
2022-11-28,-0.0010678,-0.0008466,-0.0036094,-0.0007247,-0.0048095
2022-11-29,0.0000827,-0.0015789,-0.0004762,-0.0030812,-0.0036951
2022-11-30,0.0012418,0.0001635,0.0071398,0.0015238,0.0074053
2022-12-01,-0.0032521,-0.0003846,-0.0002650,-0.0070019,-0.0065959
2022-12-02,-0.0015885,-0.0006955,0.0000000,-0.0040748,-0.0039335
2022-12-05,-0.0000562,0.0007896,0.0000000,0.0028512,0.0023486
2022-12-06,-0.0004338,-0.0005390,0.0000000,0.0004650,-0.0005385
2022-12-07,-0.0009444,-0.0003450,0.0000000,-0.0016891,-0.0018332
2022-12-08,0.0007605,0.0005873,0.0000000,0.0019611,0.0021279
2022-12-09,-0.0008941,-0.0010120,0.0000000,-0.0011668,-0.0021874
2022-12-12,0.0004681,0.0004066,0.0000000,0.0015491,0.0015390
2022-12-13,-0.0005973,0.0010704,0.0000000,-0.0017071,-0.0002241
2022-12-14,-0.0007967,-0.0002937,0.0000000,0.0003914,-0.0005559
2022-12-15,0.0006032,-0.0023446,0.0000000,0.0046143,0.0005564
2022-12-16,-0.0006176,0.0007784,0.0000000,-0.0047267,-0.0022101
2022-12-19,0.0003884,-0.0006896,0.0000000,0.0029946,0.0013815
2022-12-20,-0.0018086,-0.0004976,0.0000000,-0.0087976,-0.0069881
2022-12-21,0.0024886,0.0008504,0.0000000,0.0041156,0.0048460
2022-12-22,-0.0005657,-0.0008738,0.0000000,-0.0007456,-0.0016652
2022-12-23,0.0017277,0.0012952,0.0000000,0.0001594,0.0026283
2022-12-26,0.0004093,-0.0004177,0.0000000,0.0004928,0.0001721
2022-12-27,0.0019293,0.0000980,0.0000000,0.0038417,0.0042831
2022-12-28,-0.0006789,-0.0011742,0.0012208,0.0002113,-0.0005076
2022-12-29,-0.0007854,0.0005197,-0.0043384,-0.0007540,-0.0050498
2022-12-30,-0.0012821,0.0006806,-0.0025552,-0.0037834,-0.0053943
2023-01-02,-0.0004537,0.0004623,-0.0005567,-0.0000789,-0.0005944
2023-01-03,0.0003502,0.0012578,0.0000000,-0.0020259,0.0004172
2023-01-04,0.0006401,0.0017709,0.0000000,0.0052153,0.0054749
2023-01-05,0.0000012,-0.0003648,0.0000000,0.0013389,0.0003958
2023-01-06,0.0000000,0.0008075,0.0000000,-0.0027269,-0.0007472
2023-01-09,0.0000000,0.0004459,0.0000000,0.0008656,0.0009393
2023-01-10,0.0000000,0.0002757,0.0000000,0.0001951,0.0003877
2023-01-11,0.0000000,-0.0004078,0.0000000,-0.0025595,-0.0018764
2023-01-12,-0.0003995,0.0014781,0.0000000,-0.0040738,-0.0012491
2023-01-13,0.0002174,0.0007159,0.0000000,-0.0026004,-0.0005329
2023-01-16,0.0001039,-0.0002633,0.0000000,0.0016324,0.0007594
2023-01-17,0.0006458,-0.0006761,0.0000000,-0.0018367,-0.0010621
2023-01-18,0.0004356,-0.0010518,0.0000000,0.0001697,-0.0005209
2023-01-19,0.0000193,0.0000617,0.0000000,0.0001701,0.0001772
2023-01-20,0.0006151,0.0020212,0.0000000,-0.0007167,0.0022314
2023-01-23,0.0002560,0.0012272,0.0000000,0.0015281,0.0023466
2023-01-24,-0.0000069,0.0001776,0.0000000,-0.0001903,0.0000623
2023-01-25,0.0000000,0.0003395,0.0000000,0.0004978,0.0006238
2023-01-26,0.0000000,-0.0010719,0.0000000,-0.0005104,-0.0013636
2023-01-27,0.0000000,0.0001710,-0.0001867,-0.0009310,-0.0005489
2023-01-30,0.0000000,0.0000837,-0.0036993,0.0003147,-0.0034343
2023-01-31,0.0000000,0.0020191,0.0019256,0.0043214,0.0064344
2023-02-01,0.0000000,0.0006925,0.0000510,0.0011017,0.0013623
2023-02-02,0.0000000,-0.0002528,0.0000000,0.0000364,-0.0002320
2023-02-03,0.0000000,-0.0016223,0.0000000,0.0033963,0.0004033
2023-02-06,0.0000000,0.0000046,0.0000000,0.0009991,0.0005915
2023-02-07,0.0000000,-0.0000931,0.0000000,-0.0008267,-0.0005810
2023-02-08,0.0000000,-0.0001554,0.0000000,0.0003639,0.0000613
2023-02-09,0.0000000,0.0006407,0.0000000,-0.0013938,-0.0001893
2023-02-10,0.0000000,-0.0014297,0.0000000,0.0001536,-0.0013383
2023-02-13,0.0000000,-0.0008007,0.0000000,0.0013918,0.0000310
2023-02-14,0.0000000,-0.0003916,0.0000000,-0.0009413,-0.0009556
2023-02-15,0.0000000,0.0002597,0.0000000,0.0044212,0.0029072
2023-02-16,0.0000000,0.0011717,0.0000000,0.0000684,0.0012121
2023-02-17,0.0000000,0.0004677,0.0000000,-0.0001252,0.0003935
2023-02-20,0.0000000,-0.0010302,0.0000000,-0.0000084,-0.0010352
2023-02-21,0.0000000,0.0008281,0.0000000,-0.0024936,-0.0006516
2023-02-22,-0.0001123,0.0014085,0.0000000,-0.0003425,0.0010922
2023-02-23,0.0001498,0.0011594,0.0000000,-0.0007736,0.0008469
2023-02-24,-0.0003402,-0.0002528,0.0078624,0.0006368,0.0076742
2023-02-27,-0.0004732,-0.0021598,-0.0045288,0.0004967,-0.0068386
2023-02-28,0.0001022,0.0019677,0.0031071,-0.0011170,0.0044421
2023-03-01,0.0002393,-0.0015047,-0.0002528,0.0021932,-0.0000774
2023-03-02,0.0001670,0.0013427,0.0000000,-0.0011974,0.0007251
2023-03-03,0.0000715,-0.0005038,0.0000000,0.0005477,-0.0000723
2023-03-06,-0.0001271,-0.0013614,0.0000000,0.0038507,0.0010471
2023-03-07,-0.0002824,0.0014572,0.0000000,0.0002869,0.0013604
2023-03-08,0.0000330,-0.0002916,0.0000000,0.0011759,0.0005056
2023-03-09,-0.0006556,-0.0025689,0.0000000,0.0023027,-0.0017301
2023-03-10,-0.0009035,-0.0022511,0.0000000,0.0040091,-0.0004928
2023-03-13,0.0000082,0.0000665,0.0000000,-0.0003051,-0.0001307
2023-03-14,0.0005413,0.0017244,0.0000000,-0.0009639,0.0016091
2023-03-15,-0.0006443,-0.0005889,0.0000000,-0.0089613,-0.0083029
2023-03-16,0.0003572,0.0004922,0.0000000,0.0007109,0.0013429
2023-03-17,-0.0002497,-0.0016624,0.0000000,0.0001117,-0.0018345
2023-03-20,-0.0003708,0.0005848,0.0000000,-0.0031524,-0.0019756
2023-03-21,-0.0000697,0.0002357,0.0000000,0.0064160,0.0045484
2023-03-22,-0.0003375,-0.0019935,0.0000000,0.0029191,-0.0004150
2023-03-23,-0.0002327,0.0005591,0.0000000,-0.0007303,-0.0001476
2023-03-24,-0.0003841,-0.0004156,0.0000000,-0.0013827,-0.0016970
2023-03-27,0.0000656,0.0012674,0.0000000,0.0004139,0.0016068
2023-03-28,0.0003944,0.0007349,0.0000000,-0.0034040,-0.0011230
2023-03-29,0.0003322,-0.0021515,0.0000000,0.0010914,-0.0011057
2023-03-30,-0.0001489,-0.0004031,0.0000000,0.0016483,0.0005673
2023-03-31,0.0000481,0.0001994,0.0000000,-0.0010992,-0.0004979
2023-04-03,0.0004886,-0.0014477,0.0000000,-0.0029577,-0.0029861
2023-04-04,-0.0000175,0.0008423,0.0000000,0.0043705,0.0037788
2023-04-05,0.0000000,-0.0004451,0.0000000,0.0000932,-0.0003838
2023-04-06,0.0000000,-0.0004389,0.0000000,0.0024754,0.0012066
2023-04-07,0.0000000,-0.0001762,0.0000000,0.0006702,0.0002787
2023-04-10,0.0000000,0.0004001,0.0000000,-0.0020402,-0.0010034
2023-04-11,0.0000000,0.0000583,0.0000000,0.0009084,0.0006794
2023-04-12,0.0000000,-0.0006228,0.0000000,0.0021207,0.0008370
2023-04-13,0.0000000,-0.0005770,0.0000000,-0.0006309,-0.0010091
2023-04-14,0.0000000,-0.0019072,0.0000000,-0.0000254,-0.0019246
2023-04-17,0.0000000,0.0000743,0.0000000,-0.0023154,-0.0015117
2023-04-18,0.0000000,0.0004385,0.0000000,0.0006888,0.0009062
2023-04-19,0.0000000,0.0007493,0.0000000,0.0009867,0.0014194
2023-04-20,0.0000000,0.0000807,0.0000000,0.0024747,0.0017601
2023-04-21,0.0000000,0.0001270,0.0000000,0.0043606,0.0030687
2023-04-24,0.0000000,-0.0003624,0.0000000,0.0024221,0.0012376
2023-04-25,0.0000000,0.0024620,0.0000000,0.0023847,0.0040285
2023-04-26,0.0000000,-0.0008708,0.0000000,0.0028738,0.0010488
2023-04-27,0.0000000,0.0020950,0.0000000,-0.0042684,-0.0007332
2023-04-28,0.0000000,0.0027869,0.0000000,-0.0031687,0.0007538
2023-05-01,-0.0003400,0.0016896,0.0000000,-0.0024649,-0.0002247
2023-05-02,0.0006168,-0.0021040,0.0000000,0.0025751,0.0001418
2023-05-03,0.0003931,0.0018515,0.0000000,0.0050936,0.0054489
2023-05-04,0.0003957,-0.0018048,0.0000000,-0.0046431,-0.0042448
2023-05-05,0.0001270,-0.0019985,0.0000000,-0.0084898,-0.0069173
2023-05-08,-0.0004882,-0.0022286,0.0000000,-0.0015875,-0.0035837
2023-05-09,-0.0000139,-0.0002361,0.0000000,-0.0003143,-0.0004213
2023-05-10,0.0000690,0.0005361,0.0000000,0.0000639,0.0006400
2023-05-11,0.0001076,0.0025053,0.0000000,0.0032410,0.0044159
2023-05-12,0.0007017,0.0004120,0.0000000,0.0013610,0.0018631
2023-05-15,-0.0000112,-0.0025392,0.0000000,-0.0035113,-0.0044809
2023-05-16,0.0000000,0.0006691,0.0000000,0.0011939,0.0013168
2023-05-17,0.0000000,-0.0015665,0.0000000,-0.0031100,-0.0032633
2023-05-18,0.0000000,0.0002952,0.0000000,-0.0017444,-0.0006468
2023-05-19,0.0000000,0.0012452,0.0000000,0.0017026,0.0021622
2023-05-22,0.0000000,-0.0001638,0.0000000,0.0004412,0.0000732
2023-05-23,0.0000000,-0.0005585,0.0000000,-0.0004504,-0.0008005
2023-05-24,0.0000000,-0.0001268,0.0000000,0.0038392,0.0019388
2023-05-25,0.0000000,-0.0004179,0.0000000,0.0021481,0.0007272
2023-05-26,0.0000000,0.0009515,0.0000000,-0.0004094,0.0007337
2023-05-29,0.0000000,0.0005873,0.0000000,-0.0015749,-0.0002503
2023-05-30,0.0000000,-0.0001486,0.0000000,0.0013455,0.0005747
2023-05-31,0.0000000,-0.0026243,0.0000000,-0.0027032,-0.0040752
2023-06-01,-0.0000273,-0.0014107,0.0000000,-0.0022078,-0.0026154
2023-06-02,0.0000904,-0.0000817,0.0000000,-0.0042936,-0.0022818
2023-06-05,0.0001946,0.0012535,0.0000000,0.0009443,0.0019514
2023-06-06,-0.0001136,-0.0006481,0.0000000,-0.0040516,-0.0029189
2023-06-07,-0.0000517,-0.0001120,0.0000000,-0.0005531,-0.0004542
2023-06-08,-0.0002121,0.0019099,0.0000000,0.0039917,0.0039671
2023-06-09,-0.0005194,-0.0012113,0.0000000,-0.0041239,-0.0040358
2023-06-12,0.0006746,-0.0006125,0.0000000,-0.0019979,-0.0010353
2023-06-13,-0.0000057,0.0009883,0.0000000,0.0007877,0.0014179
2023-06-14,0.0000000,-0.0008280,0.0000000,0.0014888,0.0000330
2023-06-15,0.0000000,-0.0006389,0.0000000,0.0013137,0.0001267
2023-06-16,0.0000000,-0.0021331,0.0000000,-0.0010794,-0.0027609
2023-06-19,0.0000000,0.0007847,0.0000000,0.0003127,0.0009667
2023-06-20,0.0000000,0.0022252,0.0000000,0.0018532,0.0033040
2023-06-21,0.0000000,-0.0001122,0.0000000,0.0010557,0.0005075
2023-06-22,0.0000000,-0.0013240,0.0000000,-0.0000381,-0.0013464
2023-06-23,0.0000000,-0.0014095,0.0000000,0.0016552,-0.0004344
2023-06-26,0.0000000,0.0000306,0.0000000,-0.0001892,-0.0000807
2023-06-27,0.0000000,0.0002830,0.0000000,0.0031490,0.0021536
2023-06-28,0.0000000,-0.0006716,-0.0092716,0.0030313,0.0011493
2023-06-29,0.0000000,0.0015859,-0.0018832,-0.0030394,-0.0021031
2023-06-30,0.0000000,-0.0003880,0.0062284,0.0008883,0.0063662
2023-07-03,0.0000000,0.0000161,-0.0001485,-0.0009021,-0.0006661
2023-07-04,0.0000000,0.0015604,0.0000000,-0.0030448,-0.0002480
2023-07-05,0.0000000,-0.0001046,0.0000000,0.0018622,0.0009909
2023-07-06,0.0000000,0.0025325,0.0000000,0.0056325,0.0058502
2023-07-07,-0.0003063,0.0012225,0.0000000,-0.0014192,0.0001101
2023-07-10,-0.0002722,0.0019879,0.0000000,0.0026140,0.0031972
2023-07-11,-0.0001448,0.0013166,0.0000000,0.0008270,0.0016399
2023-07-12,-0.0004410,-0.0001803,0.0000000,0.0007256,-0.0002106
2023-07-13,0.0001084,0.0016559,0.0000000,-0.0000178,0.0017542
2023-07-14,-0.0001245,0.0000475,0.0000000,0.0034247,0.0018745
2023-07-17,0.0000381,-0.0019504,0.0000000,0.0017336,-0.0009165
2023-07-18,0.0001428,-0.0017277,0.0000000,0.0006572,-0.0012062
2023-07-19,0.0003983,-0.0003131,0.0000000,0.0014742,0.0009400
2023-07-20,-0.0004367,0.0028093,0.0000000,-0.0059633,-0.0011098
2023-07-21,-0.0002659,-0.0024152,0.0000000,0.0052379,0.0003185
2023-07-24,0.0003455,0.0029348,0.0000000,-0.0049710,0.0004879
2023-07-25,-0.0003604,0.0003098,0.0000000,-0.0000287,-0.0000664
2023-07-26,0.0002186,-0.0005181,0.0000000,0.0041020,0.0019751
2023-07-27,0.0002158,0.0027590,-0.0073386,-0.0049489,-0.0071347
2023-07-28,0.0003523,-0.0017715,-0.0029590,0.0057211,-0.0008966
2023-07-31,-0.0001407,-0.0011166,0.0014943,-0.0052041,-0.0029775
2023-08-01,0.0000000,0.0001060,-0.0000155,0.0057686,0.0033675
2023-08-02,0.0000000,0.0004247,0.0000000,0.0027643,0.0019432
2023-08-03,0.0000000,0.0009487,0.0000000,0.0003809,0.0011566
2023-08-04,0.0000000,-0.0005268,0.0000000,0.0004667,-0.0002697
2023-08-07,0.0000000,-0.0010770,0.0000000,0.0007149,-0.0006827
2023-08-08,0.0000000,-0.0001931,0.0000000,0.0011081,0.0004272
2023-08-09,0.0000000,-0.0002387,0.0000000,0.0000003,-0.0002386
2023-08-10,0.0000000,-0.0010643,0.0000000,0.0017916,-0.0000486
2023-08-11,0.0000000,0.0001772,0.0000000,0.0017720,0.0011845
2023-08-14,0.0000000,-0.0000599,0.0000000,0.0003640,0.0001470
2023-08-15,0.0000000,-0.0009802,0.0000000,0.0023344,0.0003465
2023-08-16,0.0000000,-0.0012546,0.0000000,0.0029153,0.0003969
2023-08-17,0.0000000,-0.0012703,0.0000000,0.0008244,-0.0008005
2023-08-18,0.0000000,0.0009583,0.0000000,-0.0031565,-0.0008463
2023-08-21,0.0000000,-0.0008375,0.0000000,0.0037478,0.0012771
2023-08-22,0.0000000,0.0014149,0.0000000,-0.0026140,-0.0000485
2023-08-23,0.0000000,-0.0017197,0.0000000,-0.0036281,-0.0037330
2023-08-24,0.0000000,0.0002653,0.0000000,-0.0005942,-0.0000622
2023-08-25,0.0000000,0.0004225,0.0000000,0.0015563,0.0012854
2023-08-28,0.0000000,-0.0000688,0.0000000,-0.0000942,-0.0001222
2023-08-29,0.0000000,-0.0002101,-0.0073584,-0.0009287,-0.0071953
2023-08-30,0.0000000,0.0003711,-0.0015732,0.0027663,0.0007443
2023-08-31,0.0000000,0.0008234,0.0015611,-0.0058293,-0.0013223
2023-09-01,0.0000000,-0.0012988,0.0002005,0.0004405,-0.0008974
2023-09-04,0.0000000,-0.0003489,0.0000000,0.0017112,0.0006303
2023-09-05,0.0000000,0.0006449,0.0000000,0.0033999,0.0026014
2023-09-06,0.0000000,0.0014335,0.0000000,-0.0021300,0.0002186
2023-09-07,0.0000000,0.0012280,0.0000000,-0.0020996,0.0000390
2023-09-08,0.0000000,-0.0004418,0.0000000,0.0006331,-0.0000856
2023-09-11,0.0000000,0.0013672,0.0000000,-0.0038317,-0.0007941
2023-09-12,0.0000000,-0.0002738,0.0000000,0.0009340,0.0002428
2023-09-13,0.0000000,-0.0010073,0.0000000,-0.0004138,-0.0012365
2023-09-14,0.0000000,-0.0017475,0.0000000,-0.0036612,-0.0037754
2023-09-15,0.0001947,-0.0002547,0.0000000,-0.0000402,-0.0000819
2023-09-18,-0.0000008,-0.0005409,0.0000000,-0.0007207,-0.0009350
2023-09-19,-0.0002784,-0.0016023,0.0000000,-0.0007184,-0.0022725
2023-09-20,-0.0000456,-0.0004178,0.0000000,0.0000092,-0.0004584
2023-09-21,0.0001142,-0.0001218,0.0000000,-0.0045315,-0.0025174
2023-09-22,-0.0001078,-0.0022349,0.0000000,-0.0021501,-0.0035190
2023-09-25,-0.0005017,-0.0024875,0.0000000,-0.0014629,-0.0037858
2023-09-26,0.0001912,0.0007647,0.0000000,-0.0010384,0.0003914
2023-09-27,-0.0005589,-0.0015066,0.0049680,0.0003173,0.0030766
2023-09-28,0.0003524,0.0013354,-0.0073753,-0.0001376,-0.0057563
2023-09-29,0.0005303,0.0009292,0.0008258,-0.0007641,0.0017360
2023-10-02,-0.0000513,0.0005482,0.0002694,0.0010751,0.0013406
2023-10-03,0.0000000,0.0008989,0.0000000,-0.0000963,0.0008437
2023-10-04,0.0000000,-0.0009026,0.0000000,0.0023606,0.0004517
2023-10-05,0.0000000,-0.0000198,0.0000000,-0.0006485,-0.0003898
2023-10-06,0.0000000,0.0015522,0.0000000,0.0029138,0.0032138
2023-10-09,0.0000000,0.0004173,0.0000000,-0.0019565,-0.0007023
2023-10-10,0.0000000,0.0003975,0.0000000,0.0011769,0.0010706
2023-10-11,0.0000000,0.0005447,0.0000000,0.0043973,0.0030569
2023-10-12,0.0000000,0.0024514,0.0000000,0.0015221,0.0033046
2023-10-13,0.0000000,0.0015039,0.0000000,0.0036396,0.0036229
2023-10-16,0.0004949,-0.0012088,0.0000000,-0.0003003,-0.0008916
2023-10-17,-0.0002873,0.0003806,0.0000000,-0.0006704,-0.0003163
2023-10-18,-0.0005039,-0.0006471,0.0000000,0.0022245,0.0002069
2023-10-19,-0.0008518,-0.0019236,0.0000000,0.0044685,-0.0000073
2023-10-20,0.0002736,-0.0000695,0.0000000,0.0012498,0.0009870
2023-10-23,0.0005313,-0.0001411,0.0000000,0.0013716,0.0012848
2023-10-24,-0.0004750,-0.0002459,0.0000000,-0.0041920,-0.0035763
2023-10-25,0.0000204,-0.0006003,0.0000000,0.0007456,-0.0000629
2023-10-26,0.0003411,-0.0019109,0.0000000,-0.0012418,-0.0024403
2023-10-27,0.0003496,-0.0021996,0.0008240,-0.0046504,-0.0042766
2023-10-30,-0.0000740,-0.0007339,-0.0062649,-0.0025366,-0.0087844
2023-10-31,0.0000000,-0.0020070,0.0102636,0.0041246,0.0101201
2023-11-01,-0.0003152,0.0001704,-0.0002964,-0.0039139,-0.0029136
2023-11-02,-0.0001826,-0.0008469,0.0000000,-0.0018204,-0.0021931
2023-11-03,-0.0002923,-0.0020673,0.0000000,-0.0002910,-0.0025457
2023-11-06,-0.0000621,0.0002761,0.0000000,0.0027473,0.0019807
2023-11-07,0.0003437,0.0014776,0.0000000,0.0026046,0.0034773
2023-11-08,0.0000972,-0.0008180,0.0000000,0.0036666,0.0016060
2023-11-09,0.0001879,0.0010859,0.0000000,-0.0006663,0.0008539
2023-11-10,-0.0000133,-0.0004588,0.0000000,0.0017585,0.0006369
2023-11-13,0.0000000,-0.0016006,0.0000000,0.0014422,-0.0006835
2023-11-14,0.0000000,-0.0032564,0.0000000,0.0006627,-0.0028277
2023-11-15,0.0000000,-0.0001793,0.0000000,0.0003794,0.0000683
2023-11-16,0.0000000,0.0003961,0.0000000,0.0009715,0.0010425
2023-11-17,0.0000000,0.0005233,0.0000000,-0.0023952,-0.0010693
2023-11-20,0.0000000,0.0000181,0.0000000,-0.0043143,-0.0028352
2023-11-21,0.0000000,-0.0000043,0.0000000,0.0012526,0.0008023
2023-11-22,0.0000000,0.0019160,0.0000000,0.0025511,0.0035567
2023-11-23,0.0000000,-0.0004926,0.0000000,-0.0002032,-0.0006235
2023-11-24,0.0000000,0.0007516,0.0000000,0.0003571,0.0009936
2023-11-27,0.0000000,-0.0007585,0.0000000,-0.0013838,-0.0016964
2023-11-28,0.0000000,-0.0010216,0.0065070,-0.0027818,0.0023378
2023-11-29,0.0000000,-0.0002078,0.0002772,0.0026777,0.0018280
2023-11-30,-0.0001933,-0.0004977,-0.0038846,-0.0000111,-0.0035801
2023-12-01,0.0001689,-0.0016438,-0.0001343,-0.0027132,-0.0034294
2023-12-04,-0.0001082,-0.0002427,0.0000000,0.0004364,-0.0000552
2023-12-05,-0.0004521,-0.0005539,0.0000000,0.0015981,0.0001017
2023-12-06,-0.0001853,-0.0005947,0.0000000,-0.0006666,-0.0012408
2023-12-07,0.0002752,-0.0023340,0.0000000,-0.0104417,-0.0092741
2023-12-08,0.0007874,0.0010954,0.0000000,-0.0001210,0.0018098
2023-12-11,0.0010463,0.0011179,0.0000000,0.0044292,0.0048371
2023-12-12,-0.0003859,-0.0012919,0.0000000,0.0005721,-0.0013406
2023-12-13,-0.0014355,0.0018886,0.0000000,-0.0080371,-0.0042851
2023-12-14,-0.0000739,-0.0023944,0.0000000,0.0011786,-0.0018209
2023-12-15,0.0001413,0.0010118,0.0000000,-0.0034763,-0.0007939
2023-12-18,0.0006040,-0.0007683,0.0000000,0.0017960,0.0008337
2023-12-19,0.0014110,-0.0023456,0.0000000,0.0037225,0.0011313
2023-12-20,0.0000283,0.0001145,0.0000000,-0.0019030,-0.0009001
2023-12-21,0.0000000,-0.0002786,0.0000000,-0.0028569,-0.0018380
2023-12-22,0.0000000,-0.0001731,0.0000000,0.0012031,0.0004780
2023-12-25,0.0000000,-0.0001827,0.0000000,-0.0013081,-0.0008902
2023-12-26,0.0000000,-0.0005597,0.0000000,0.0008904,-0.0000784
2023-12-27,0.0000000,0.0014436,0.0056665,0.0053170,0.0091381
2023-12-28,0.0000183,0.0000947,-0.0026496,-0.0027790,-0.0034589
2023-12-29,-0.0007885,0.0010721,-0.0002132,0.0019680,0.0011497
2024-01-02,0.0001463,0.0012448,0.0010106,-0.0016303,0.0013205
2024-01-03,-0.0004806,-0.0009341,0.0000000,0.0061997,0.0018557
2024-01-04,-0.0000959,-0.0005638,0.0000000,0.0042712,0.0015193
2024-01-05,-0.0001626,0.0003275,0.0000000,0.0003259,0.0003313
2024-01-08,-0.0004364,-0.0003650,0.0000000,0.0007017,-0.0004425
2024-01-09,0.0001801,0.0006271,0.0000000,-0.0008212,0.0003823
2024-01-10,-0.0002108,-0.0017627,0.0000000,0.0042130,0.0002047
2024-01-11,-0.0002093,0.0001861,0.0000000,-0.0005161,-0.0002860
2024-01-12,0.0001003,0.0005598,0.0000000,-0.0014452,-0.0000788
2024-01-15,-0.0000718,-0.0002065,0.0000000,0.0017335,0.0006222
2024-01-16,-0.0006203,-0.0003373,0.0000000,0.0027922,0.0004910
2024-01-17,-0.0008349,-0.0014759,0.0000000,0.0037766,-0.0003621
2024-01-18,0.0009459,0.0009460,0.0000000,-0.0023647,0.0006668
2024-01-19,0.0000480,0.0005567,0.0000000,-0.0013889,-0.0001111
2024-01-22,-0.0002276,0.0000106,0.0000000,0.0020596,0.0008441
2024-01-23,0.0003150,0.0003303,0.0000000,-0.0014723,-0.0001268
2024-01-24,0.0000756,0.0014011,0.0000000,0.0022216,0.0026469
2024-01-25,0.0002993,-0.0001973,-0.0008695,-0.0019206,-0.0017903
2024-01-26,-0.0000547,0.0002195,0.0000248,0.0036509,0.0021574
2024-01-29,0.0000000,0.0006752,0.0036422,-0.0021415,0.0031712
2024-01-30,0.0000000,-0.0002137,0.0001591,0.0000669,-0.0000190
2024-01-31,0.0000000,0.0010459,-0.0021551,0.0008658,-0.0006455
2024-02-01,0.0000000,-0.0005928,-0.0002801,0.0012741,-0.0001870
2024-02-02,0.0000000,-0.0006322,0.0000000,0.0015750,0.0002250
2024-02-05,0.0000000,-0.0005021,0.0000000,-0.0023358,-0.0017719
2024-02-06,0.0000000,0.0003014,0.0000000,-0.0023610,-0.0009773
2024-02-07,0.0000000,0.0016289,0.0000000,-0.0014453,0.0008495
2024-02-08,0.0000242,0.0002639,0.0000000,0.0046185,0.0027743
2024-02-09,-0.0001064,0.0011532,0.0000000,-0.0036633,-0.0008861
2024-02-12,-0.0001097,-0.0005346,0.0000000,0.0000873,-0.0005988
2024-02-13,-0.0003447,0.0004325,0.0000000,0.0017887,0.0010253
2024-02-14,-0.0000002,-0.0006730,0.0000000,-0.0032240,-0.0023903
2024-02-15,0.0000516,-0.0003334,0.0000000,0.0001591,-0.0001979
2024-02-16,0.0000343,-0.0005867,0.0000000,-0.0005389,-0.0008385
2024-02-19,-0.0000942,-0.0013789,0.0000000,-0.0021459,-0.0026115
2024-02-20,0.0002225,-0.0004104,0.0000000,0.0000947,-0.0001379
2024-02-21,0.0000922,-0.0002823,0.0000000,0.0017314,0.0007260
2024-02-22,0.0000796,-0.0009382,0.0000000,0.0001641,-0.0007713
2024-02-23,-0.0001779,-0.0004094,-0.0004086,-0.0002273,-0.0011176
2024-02-26,-0.0002430,0.0013791,-0.0002661,0.0027965,0.0023670
2024-02-27,-0.0001180,0.0004724,-0.0000966,0.0004681,0.0005085
2024-02-28,-0.0003075,0.0031354,-0.0053376,0.0028523,-0.0009817
2024-02-29,0.0002968,-0.0003487,-0.0024469,-0.0060731,-0.0057355
2024-03-01,-0.0001677,-0.0011091,-0.0000290,0.0001696,-0.0012185
2024-03-04,-0.0002690,-0.0023728,0.0000000,0.0025114,-0.0011940
2024-03-05,-0.0001335,-0.0008485,0.0000000,0.0005349,-0.0006753
2024-03-06,0.0001918,0.0014311,0.0000000,-0.0032004,-0.0002485
2024-03-07,-0.0000524,-0.0000923,0.0000000,-0.0009814,-0.0007111
2024-03-08,-0.0001327,-0.0012533,0.0000000,-0.0001726,-0.0014941
2024-03-11,0.0004214,0.0004920,0.0000000,-0.0014954,-0.0000246
2024-03-12,0.0001527,0.0005637,0.0000000,0.0011717,0.0014625
2024-03-13,0.0002057,0.0007118,0.0000000,-0.0015714,-0.0000851
2024-03-14,0.0001180,-0.0005999,0.0000000,0.0000208,-0.0004685
2024-03-15,-0.0000089,-0.0003186,0.0000000,0.0009860,0.0003135
2024-03-18,0.0000000,-0.0007515,0.0000000,-0.0025346,-0.0024218
2024-03-19,0.0000000,0.0012499,0.0000000,0.0051430,0.0046046
2024-03-20,0.0000000,0.0003575,0.0000000,0.0006830,0.0007900
2024-03-21,0.0000000,-0.0004021,0.0000000,-0.0069971,-0.0048341
2024-03-22,0.0005969,-0.0005686,0.0000000,-0.0010677,-0.0006246
2024-03-25,-0.0004355,-0.0011118,0.0020858,-0.0011521,-0.0001724
2024-03-26,-0.0002841,-0.0000238,-0.0017354,-0.0021910,-0.0033984
2024-03-27,-0.0000040,-0.0000112,0.0008412,-0.0008966,0.0002732
2024-03-28,0.0003699,-0.0004555,-0.0020159,-0.0008648,-0.0026624
2024-03-29,0.0000519,0.0001724,0.0003613,0.0002718,0.0007667
2024-04-01,-0.0002597,0.0002212,0.0000661,-0.0016690,-0.0010843
2024-04-02,0.0002768,-0.0012798,0.0000000,-0.0013369,-0.0018913
2024-04-03,0.0004037,0.0001490,0.0000000,0.0042919,0.0034004
2024-04-04,0.0001694,0.0005362,0.0000000,0.0009667,0.0013463
2024-04-05,0.0000906,0.0008027,0.0000000,0.0011779,0.0016727
2024-04-08,-0.0000927,-0.0026467,0.0000000,-0.0007836,-0.0032581
2024-04-09,-0.0004045,-0.0009825,0.0000000,0.0030365,0.0006318
2024-04-10,0.0003014,0.0017263,0.0000000,-0.0030312,0.0000170
2024-04-11,-0.0004359,-0.0008748,0.0000000,0.0041379,0.0014653
2024-04-12,0.0001770,0.0029850,0.0000000,-0.0037310,0.0007106
2024-04-15,0.0003194,0.0018695,0.0000000,0.0030516,0.0041613
2024-04-16,-0.0000069,0.0008122,0.0000000,0.0001155,0.0008794
2024-04-17,0.0000000,0.0005436,0.0000000,0.0000159,0.0005538
2024-04-18,0.0000000,0.0001786,0.0000000,-0.0008453,-0.0003693
2024-04-19,0.0000000,0.0011737,0.0000000,-0.0023078,-0.0003277
2024-04-22,-0.0006779,-0.0002350,0.0000000,-0.0002770,-0.0010958
2024-04-23,0.0006123,0.0022638,0.0000000,0.0004826,0.0031966
2024-04-24,0.0004363,0.0021848,0.0018402,0.0016397,0.0055496
2024-04-25,0.0000638,-0.0001330,-0.0037607,0.0020107,-0.0025000
2024-04-26,-0.0000340,0.0008118,0.0058689,0.0065671,0.0109734
2024-04-29,0.0004315,0.0008035,-0.0080423,-0.0004356,-0.0070779
2024-04-30,0.0000278,0.0006299,0.0148409,-0.0028602,0.0130263
2024-05-01,0.0011910,0.0034207,-0.0006553,-0.0057493,0.0006234
2024-05-02,-0.0000587,-0.0000996,0.0000000,0.0003925,0.0000771
2024-05-03,0.0000000,0.0014892,0.0000000,0.0040520,0.0039903
2024-05-06,0.0001615,-0.0004311,0.0000000,0.0006815,0.0001482
2024-05-07,-0.0001858,-0.0008533,0.0000000,0.0017615,0.0000400
2024-05-08,-0.0000339,0.0005483,0.0000000,0.0023075,0.0019283
2024-05-09,0.0001107,-0.0003885,0.0000000,0.0012370,0.0004849
2024-05-10,0.0000859,0.0007551,0.0000000,-0.0004305,0.0005761
2024-05-13,0.0002333,0.0014712,0.0000000,0.0014212,0.0025792
2024-05-14,0.0000041,0.0005703,0.0000000,0.0023829,0.0020470
2024-05-15,0.0000000,-0.0010699,0.0000000,0.0030557,0.0008060
2024-05-16,0.0000000,-0.0000949,0.0000000,0.0006681,0.0003121
2024-05-17,0.0000000,0.0006776,0.0000000,0.0018329,0.0017939
2024-05-20,0.0000000,-0.0000068,0.0000000,0.0002210,0.0001273
2024-05-21,0.0000000,0.0004494,0.0000000,0.0001061,0.0005144
2024-05-22,0.0000000,-0.0008992,0.0000000,0.0040058,0.0015542
2024-05-23,0.0000000,0.0004254,0.0000000,0.0003997,0.0006679
2024-05-24,0.0000000,-0.0012654,0.0000000,0.0012117,-0.0004907
2024-05-27,0.0000000,-0.0011067,0.0033055,0.0020974,0.0023761
2024-05-28,0.0000000,0.0004379,-0.0008459,-0.0001607,-0.0002060
2024-05-29,0.0000000,0.0011589,-0.0064636,-0.0009852,-0.0035995
2024-05-30,0.0000000,0.0029014,0.0061700,-0.0052937,0.0031824
2024-05-31,0.0000242,-0.0012391,0.0028648,0.0014747,0.0013594
2024-06-03,-0.0002100,-0.0010132,-0.0008157,0.0001538,-0.0015948
2024-06-04,-0.0008318,-0.0003648,0.0000000,-0.0080031,-0.0062007
2024-06-05,0.0002582,-0.0009048,0.0000000,0.0053085,0.0024110
2024-06-06,-0.0002590,-0.0001266,0.0000000,-0.0019325,-0.0014709
2024-06-07,0.0000064,-0.0002685,0.0000000,-0.0013977,-0.0010431
2024-06-10,-0.0002984,0.0007252,0.0000000,0.0030941,0.0021520
2024-06-11,-0.0006130,0.0002157,0.0000000,0.0010298,0.0001767
2024-06-12,0.0005204,0.0009186,0.0000000,0.0030827,0.0032013
2024-06-13,-0.0012484,-0.0007888,0.0000000,-0.0020649,-0.0032073
2024-06-14,-0.0002118,-0.0008024,0.0000000,-0.0053792,-0.0042354
2024-06-17,0.0004005,0.0004770,0.0000000,0.0007320,0.0013003
2024-06-18,-0.0004463,-0.0014440,0.0000000,0.0008118,-0.0014203
2024-06-19,-0.0000003,0.0007591,0.0000000,0.0016261,0.0017068
2024-06-20,0.0004972,0.0014519,0.0000000,0.0005004,0.0022408
2024-06-21,0.0001614,0.0004128,0.0000000,0.0016811,0.0015561
2024-06-24,0.0002143,-0.0002276,0.0033869,0.0011073,0.0025983
2024-06-25,-0.0000116,-0.0003393,-0.0012850,0.0004109,-0.0008480
2024-06-26,0.0000000,-0.0009967,-0.0058829,0.0011611,-0.0036823
2024-06-27,0.0000000,0.0005809,0.0006358,0.0010617,0.0015657
2024-06-28,0.0000000,-0.0008861,0.0015335,0.0012371,0.0006972
2024-07-01,0.0000000,0.0005637,0.0017159,0.0033092,0.0034846
2024-07-02,0.0000000,-0.0017067,0.0000000,0.0013403,-0.0009113
2024-07-03,0.0000000,-0.0014665,0.0000000,0.0036658,0.0007240
2024-07-04,0.0000000,-0.0003565,0.0000000,-0.0000246,-0.0003712
2024-07-05,0.0000000,0.0016704,0.0000000,0.0015786,0.0026321
2024-07-08,0.0000000,-0.0008038,0.0000000,-0.0007913,-0.0012971
2024-07-09,0.0000000,-0.0003414,0.0000000,0.0008767,0.0002081
2024-07-10,0.0000000,-0.0014784,0.0000000,0.0030045,0.0004050
2024-07-11,-0.0002884,0.0022400,0.0000000,-0.0045686,-0.0008917
2024-07-12,-0.0001525,-0.0001393,0.0000000,0.0012725,0.0004755
2024-07-15,-0.0004696,-0.0018733,0.0000000,-0.0014872,-0.0032487
2024-07-16,-0.0003790,-0.0003069,0.0000000,-0.0024368,-0.0021633
2024-07-17,0.0002316,-0.0020757,0.0000000,-0.0080582,-0.0066748
2024-07-18,0.0000103,0.0008742,0.0000000,0.0005819,0.0012062
2024-07-19,-0.0004634,-0.0010157,0.0000000,-0.0020503,-0.0026157
2024-07-22,-0.0009669,-0.0028446,0.0000000,-0.0034524,-0.0057970
2024-07-23,-0.0002975,-0.0022800,0.0000000,-0.0054578,-0.0056714
2024-07-24,-0.0012997,-0.0033966,0.0000000,-0.0088640,-0.0096017
2024-07-25,-0.0009980,-0.0012043,0.0000000,-0.0069893,-0.0058958
2024-07-26,0.0001466,-0.0003478,0.0000000,0.0016026,0.0006086
2024-07-29,0.0000579,0.0006627,0.0000000,0.0019850,0.0017363
2024-07-30,0.0002263,-0.0018114,0.0000000,-0.0067587,-0.0050321
2024-07-31,0.0002674,-0.0026904,0.0000000,-0.0088366,-0.0067762
2024-08-01,-0.0011535,-0.0033938,0.0000000,-0.0090003,-0.0087559
2024-08-02,-0.0009877,-0.0066778,0.0000000,-0.0077968,-0.0111348
2024-08-05,-0.0003992,-0.0032543,0.0000000,-0.0095053,-0.0077430
2024-08-06,0.0007374,0.0018606,0.0000000,-0.0034385,0.0011814
2024-08-07,0.0003365,0.0056385,0.0000000,0.0072399,0.0089655
2024-08-08,0.0010846,0.0047823,0.0000000,0.0073227,0.0083211
2024-08-09,0.0002753,-0.0015803,0.0000000,-0.0023544,-0.0019631
2024-08-12,-0.0002300,0.0007467,0.0000000,0.0023407,0.0013058
2024-08-13,-0.0002149,0.0032120,0.0000000,0.0039873,0.0040124
2024-08-14,0.0009571,-0.0014901,0.0000000,-0.0006415,-0.0004990
2024-08-15,-0.0000806,0.0044520,0.0000000,0.0074988,0.0064319
2024-08-16,-0.0001788,0.0009651,0.0000000,-0.0004422,0.0004015
2024-08-19,-0.0005505,-0.0033532,0.0000000,0.0003013,-0.0030262
2024-08-20,0.0001274,0.0013999,0.0000000,-0.0029939,0.0000622
2024-08-21,0.0004434,0.0005418,0.0000000,0.0010351,0.0012414
2024-08-22,-0.0000375,0.0006180,0.0000000,0.0009557,0.0007889
2024-08-23,0.0000000,-0.0026801,0.0000000,0.0004714,-0.0018896
2024-08-26,0.0000000,0.0018350,-0.0017656,-0.0019638,-0.0011072
2024-08-27,0.0000000,-0.0009374,0.0065753,0.0000907,0.0058991
2024-08-28,0.0000000,-0.0000934,-0.0049466,-0.0009013,-0.0053682
2024-08-29,0.0000000,-0.0003427,-0.0021792,0.0006723,-0.0021723
2024-08-30,0.0000000,-0.0002779,-0.0044828,0.0000093,-0.0046898
2024-09-02,0.0000000,0.0008048,0.0004557,0.0038238,0.0025786
2024-09-03,0.0000000,0.0014140,0.0000000,-0.0053879,-0.0010580
2024-09-04,0.0000000,0.0012843,0.0000000,-0.0030604,-0.0002291
2024-09-05,0.0000000,-0.0003084,0.0000000,0.0008242,0.0000920
2024-09-06,0.0000000,0.0015741,0.0000000,-0.0046557,-0.0006446
2024-09-09,0.0000000,0.0005297,0.0000000,-0.0003627,0.0002535
2024-09-10,0.0000000,-0.0017401,0.0000000,-0.0004990,-0.0014990
2024-09-11,0.0000000,0.0014575,0.0000000,-0.0009366,0.0007188
2024-09-12,0.0000000,0.0023337,0.0000000,0.0037710,0.0032324
2024-09-13,0.0000000,-0.0017968,0.0000000,-0.0024326,-0.0022829
2024-09-16,0.0000000,0.0006478,0.0000000,0.0040135,0.0020551
2024-09-17,0.0000000,0.0017049,0.0000000,0.0021576,0.0020934
2024-09-18,0.0000000,0.0006173,0.0000000,0.0016881,0.0011054
2024-09-19,0.0000000,0.0014637,0.0000000,0.0039280,0.0025903
2024-09-20,0.0000000,0.0007894,0.0000000,0.0040342,0.0021220
2024-09-23,0.0000000,-0.0011440,0.0000000,-0.0004651,-0.0010089
2024-09-24,-0.0003513,-0.0013575,0.0101367,-0.0003168,0.0086774
2024-09-25,0.0005068,0.0006211,-0.0104810,0.0000468,-0.0080246
2024-09-26,-0.0004100,-0.0026646,0.0073419,0.0042243,0.0043464
2024-09-27,-0.0001915,0.0038738,0.0014420,-0.0055029,0.0014120
2024-09-30,-0.0002412,-0.0024917,-0.0025366,0.0035429,-0.0022608
2024-10-01,0.0002970,0.0033213,-0.0002586,-0.0047223,0.0006805
2024-10-02,0.0000527,-0.0021427,0.0000000,0.0046882,0.0003366
2024-10-03,0.0004134,0.0005459,0.0000000,-0.0027299,-0.0002270
2024-10-04,-0.0000110,0.0005688,0.0000000,0.0029051,0.0014647
2024-10-07,0.0000000,0.0027543,0.0000000,-0.0007751,0.0016087
2024-10-08,0.0000000,0.0009694,0.0000000,0.0001380,0.0007138
2024-10-09,0.0000000,0.0005795,0.0000000,0.0030142,0.0015162
2024-10-10,0.0000000,0.0006212,0.0000000,-0.0002246,0.0003415
2024-10-11,0.0000000,-0.0000747,0.0000000,0.0014320,0.0004921
2024-10-14,0.0000000,0.0014862,0.0000000,0.0003161,0.0011431
2024-10-15,0.0000000,-0.0004430,0.0000000,-0.0011880,-0.0007606
2024-10-16,0.0000000,-0.0008653,0.0000000,-0.0037935,-0.0020699
2024-10-17,0.0000000,0.0008185,0.0000000,0.0035532,0.0020002
2024-10-18,0.0000000,0.0006317,0.0000000,0.0007978,0.0007769
2024-10-21,0.0000000,0.0003416,0.0000000,-0.0003174,0.0001169
2024-10-22,0.0000000,0.0008146,0.0000000,0.0001783,0.0006582
2024-10-23,0.0000000,0.0008363,0.0000000,0.0002558,0.0007123
2024-10-24,0.0000000,-0.0017765,0.0000000,0.0011362,-0.0008100
2024-10-25,0.0000000,-0.0011477,0.0000000,0.0012805,-0.0002662
2024-10-28,0.0000000,-0.0000236,0.0000000,0.0011836,0.0005573
2024-10-29,0.0000000,-0.0008011,0.0000000,0.0015232,0.0001241
2024-10-30,0.0000000,0.0008231,0.0000000,-0.0018487,-0.0002933
2024-10-31,0.0000000,0.0020334,0.0000000,-0.0020839,0.0007035
2024-11-01,0.0000000,-0.0006881,0.0000000,0.0005630,-0.0003363
2024-11-04,0.0000000,-0.0008776,0.0000000,0.0010526,-0.0002335
2024-11-05,0.0000000,0.0002659,0.0000000,-0.0002194,0.0001282
2024-11-06,0.0000000,0.0039840,0.0000000,-0.0015940,0.0030171
2024-11-07,0.0000000,0.0012856,0.0000000,-0.0006183,0.0008730
2024-11-08,0.0010702,0.0006341,0.0000000,-0.0010594,0.0010176
2024-11-11,-0.0003685,-0.0016319,0.0000000,-0.0018452,-0.0031945
2024-11-12,0.0004587,0.0004713,0.0000000,-0.0023096,-0.0005565
2024-11-13,0.0002105,0.0001147,0.0000000,0.0009730,0.0009548
2024-11-14,0.0002067,0.0004005,0.0000000,0.0006068,0.0009999
2024-11-15,-0.0007728,0.0008756,0.0000000,-0.0020496,-0.0012245
2024-11-18,0.0003301,0.0005211,0.0000000,0.0009189,0.0014425
2024-11-19,-0.0003268,-0.0012784,0.0000000,-0.0017407,-0.0027310
2024-11-20,-0.0000746,-0.0004985,0.0000000,0.0009261,0.0000229
2024-11-21,-0.0009740,-0.0030831,0.0000000,-0.0010290,-0.0047197
2024-11-22,-0.0005380,-0.0018409,0.0000000,-0.0023938,-0.0039183
2024-11-25,0.0004462,0.0026470,-0.0009353,0.0024861,0.0039957
2024-11-26,0.0000426,0.0020207,-0.0018449,0.0027405,0.0024869
2024-11-27,0.0002827,0.0022584,0.0085127,0.0014240,0.0096541
2024-11-28,0.0000699,-0.0005102,-0.0005179,-0.0005074,-0.0011188
2024-11-29,-0.0004677,0.0006626,0.0042821,0.0010100,0.0036467
2024-12-02,-0.0003941,-0.0019238,0.0000072,-0.0010051,-0.0030203
2024-12-03,0.0000488,-0.0005676,0.0000000,0.0015097,0.0005435
2024-12-04,0.0003288,0.0003391,0.0000000,0.0021649,0.0021854
2024-12-05,0.0002681,0.0011869,0.0000000,0.0003616,0.0017079
2024-12-06,-0.0007831,-0.0030205,0.0000000,0.0061523,0.0005840
2024-12-09,0.0007416,0.0015353,0.0000000,-0.0017806,0.0010588
2024-12-10,-0.0010475,-0.0002336,0.0000000,0.0009327,-0.0006339
2024-12-11,-0.0000865,0.0009510,0.0000000,-0.0009684,0.0001903
2024-12-12,0.0002468,0.0006805,0.0000000,-0.0022947,-0.0006707
2024-12-13,0.0002102,0.0004031,0.0000000,-0.0019641,-0.0007705
2024-12-16,-0.0001037,-0.0014998,0.0000000,-0.0012423,-0.0024947
2024-12-17,-0.0005171,-0.0002575,0.0000000,0.0055236,0.0031775
2024-12-18,-0.0008673,0.0004215,0.0000000,0.0039821,0.0022703
2024-12-19,0.0004827,-0.0009821,0.0000000,-0.0064014,-0.0047712
2024-12-20,-0.0000921,-0.0009587,0.0000000,0.0019154,0.0001783
2024-12-23,0.0002163,0.0002249,0.0000000,-0.0032977,-0.0017661
2024-12-24,0.0001093,0.0000874,0.0000000,-0.0014685,-0.0007857
2024-12-25,-0.0001622,-0.0004080,0.0000000,0.0017174,0.0006172
2024-12-26,-0.0005090,-0.0011865,0.0000000,0.0003065,-0.0014769
2024-12-27,0.0000648,-0.0004893,0.0000000,-0.0010458,-0.0011809
2024-12-30,0.0007028,0.0017076,0.0000000,-0.0017729,0.0011129
2024-12-31,0.0000338,-0.0011699,0.0000000,0.0004232,-0.0008279
2025-01-01,-0.0007649,0.0012874,0.0000000,0.0010752,0.0013052
2025-01-02,0.0021254,0.0041701,0.0000000,-0.0029982,0.0040815
2025-01-03,-0.0002046,-0.0009060,0.0000000,0.0025202,0.0007199
2025-01-06,-0.0003697,0.0007680,0.0000000,-0.0031119,-0.0018447
2025-01-07,0.0004138,-0.0006686,0.0000000,-0.0015036,-0.0013207
2025-01-08,0.0006926,-0.0017101,0.0000000,-0.0008623,-0.0016280
2025-01-09,0.0001423,-0.0009274,0.0000000,0.0000515,-0.0007478
2025-01-10,-0.0002280,-0.0021654,0.0000000,0.0006535,-0.0019083
2025-01-13,0.0010928,-0.0011544,0.0000000,-0.0025662,-0.0019671
2025-01-14,0.0000409,0.0011821,0.0000000,-0.0009717,0.0005095
2025-01-15,0.0002646,-0.0013640,0.0000000,0.0019437,0.0003258
2025-01-16,-0.0002587,-0.0000672,0.0000000,0.0040387,0.0026135
2025-01-17,0.0000707,0.0010969,0.0000000,-0.0002163,0.0010144
2025-01-20,0.0002483,0.0004086,0.0000000,-0.0045135,-0.0025499
2025-01-21,-0.0000093,0.0006795,0.0000000,0.0003370,0.0009027
2025-01-22,0.0000000,0.0011307,0.0000000,0.0002235,0.0012855
2025-01-23,0.0000000,0.0001295,0.0000000,0.0002385,0.0002954
2025-01-24,0.0000000,0.0014414,0.0000000,-0.0020558,0.0000021
2025-01-27,0.0000000,0.0012837,0.0018335,0.0055820,0.0070042
2025-01-28,0.0000000,0.0001829,-0.0051418,-0.0000027,-0.0049607
2025-01-29,0.0000000,0.0006939,-0.0014346,-0.0000499,-0.0007737
2025-01-30,0.0000000,0.0008668,-0.0030826,0.0025394,-0.0005261
2025-01-31,0.0000000,-0.0015816,-0.0028108,-0.0010122,-0.0050597
2025-02-03,0.0000000,0.0033782,-0.0111381,0.0012038,-0.0069662
2025-02-04,0.0000000,0.0017825,0.0000000,-0.0009414,0.0011598
2025-02-05,0.0000000,-0.0004401,0.0000000,0.0008835,0.0001483
2025-02-06,0.0000000,0.0014893,0.0000000,-0.0004737,0.0011737
2025-02-07,0.0000000,0.0007110,0.0000000,-0.0017824,-0.0004764
2025-02-10,0.0000000,-0.0010084,0.0000000,0.0000573,-0.0009702
2025-02-11,0.0000000,0.0013432,0.0000000,-0.0024105,-0.0002671
2025-02-12,0.0000000,0.0024126,0.0000000,-0.0007494,0.0019141
2025-02-13,0.0000000,-0.0010063,0.0000000,0.0030988,0.0010556
2025-02-14,0.0000000,0.0012264,0.0000000,-0.0026245,-0.0004987
2025-02-17,0.0000000,-0.0014693,0.0000000,0.0008365,-0.0009205
2025-02-18,0.0000000,-0.0009984,0.0000000,0.0007402,-0.0005089
2025-02-19,0.0000000,0.0002482,0.0000000,0.0007506,0.0007497
2025-02-20,0.0000000,0.0003346,0.0000000,0.0003130,0.0005442
2025-02-21,0.0000000,0.0013522,0.0000000,0.0030901,0.0034221
2025-02-24,0.0000000,-0.0002811,0.0000000,0.0011378,0.0004715
2025-02-25,0.0000000,-0.0005258,0.0000000,0.0048889,0.0027076
2025-02-26,0.0000000,-0.0002167,0.0000000,0.0028986,0.0016433
2025-02-27,0.0000000,-0.0003494,0.0000000,0.0043310,0.0024163
2025-02-28,0.0000000,0.0003836,0.0000000,0.0008931,0.0009408
2025-03-03,0.0000000,-0.0016220,0.0000000,0.0045109,0.0013338
2025-03-04,-0.0003392,0.0016494,0.0000000,-0.0019973,0.0000290
2025-03-05,-0.0018222,0.0010649,0.0000000,-0.0063204,-0.0047869
2025-03-06,0.0012535,-0.0004701,0.0000000,0.0028660,0.0025156
2025-03-07,-0.0023660,-0.0019673,0.0000000,0.0057930,-0.0008384
2025-03-10,-0.0013434,-0.0011803,0.0000000,0.0027975,-0.0008876
2025-03-11,-0.0019602,-0.0016620,0.0000000,-0.0027520,-0.0052252
2025-03-12,0.0020239,0.0018705,0.0000000,-0.0026594,0.0023125
2025-03-13,-0.0006353,-0.0014050,0.0000000,0.0052577,0.0011111
2025-03-14,0.0013062,0.0022223,0.0000000,-0.0101330,-0.0026899
2025-03-17,0.0013437,-0.0008533,0.0000000,-0.0074923,-0.0035911
2025-03-18,-0.0010245,-0.0008241,0.0000000,0.0022946,-0.0006532
2025-03-19,0.0007360,0.0008753,0.0000000,0.0016196,0.0024532
2025-03-20,0.0001518,0.0012769,0.0000000,0.0045135,0.0037755
2025-03-21,-0.0000538,0.0001712,0.0000000,0.0011041,0.0006817
2025-03-24,0.0013059,-0.0013869,0.0000000,-0.0027197,-0.0014720
2025-03-25,0.0012703,0.0006015,-0.0026345,0.0007896,-0.0002039
2025-03-26,0.0010519,-0.0009348,0.0026514,-0.0019855,0.0015636
2025-03-27,-0.0016618,-0.0000675,-0.0016716,-0.0004007,-0.0034422
2025-03-28,-0.0013364,0.0017622,-0.0005652,0.0055636,0.0027651
2025-03-31,-0.0013435,0.0006999,0.0051665,0.0032008,0.0056096
2025-04-01,0.0024220,-0.0002327,-0.0002552,-0.0026057,0.0006662
2025-04-02,-0.0011834,-0.0004870,0.0000000,-0.0025781,-0.0029613
2025-04-03,-0.0032995,-0.0038088,0.0000000,0.0099628,-0.0021498
2025-04-04,-0.0070057,-0.0068710,0.0000000,0.0216733,-0.0038380
2025-04-07,0.0013710,0.0017976,0.0000000,0.0020329,0.0038956
2025-04-08,-0.0064313,-0.0050672,0.0000000,0.0082015,-0.0084796
2025-04-09,0.0169430,0.0100558,0.0000000,-0.0173813,0.0200062
2025-04-10,-0.0082237,-0.0069517,0.0000000,0.0062166,-0.0079339
2025-04-11,-0.0001345,0.0004048,0.0000000,-0.0028581,-0.0006881
2025-04-14,0.0028979,0.0016671,0.0000000,-0.0010160,0.0023793
2025-04-15,0.0041403,0.0028882,0.0000000,-0.0020572,0.0035215
2025-04-16,-0.0031127,-0.0023959,0.0000000,0.0008708,-0.0029637
2025-04-17,0.0034473,0.0019868,0.0000000,-0.0042907,0.0017769
2025-04-18,-0.0020549,-0.0007133,0.0000000,0.0035083,-0.0004461
2025-04-21,-0.0016178,-0.0008190,0.0000000,0.0002710,-0.0012878
2025-04-22,0.0016365,0.0012118,0.0000000,-0.0008648,0.0013700
2025-04-23,0.0039181,-0.0015525,0.0000000,-0.0043858,-0.0003799
2025-04-24,0.0005792,-0.0002580,-0.0052029,-0.0008613,-0.0048094
2025-04-25,-0.0002442,0.0005510,0.0024807,-0.0001151,0.0023338
2025-04-28,-0.0003220,0.0002979,-0.0060621,0.0039522,-0.0039429
2025-04-29,-0.0006995,0.0005685,0.0034163,0.0018226,0.0040055
2025-04-30,0.0020153,-0.0000568,0.0017020,-0.0030932,0.0017280
2025-05-01,-0.0001475,-0.0012555,-0.0002476,-0.0030443,-0.0021010
2025-05-02,0.0016368,-0.0000510,0.0000000,-0.0021296,0.0001381
2025-05-05,0.0003397,0.0019388,0.0000000,0.0018886,0.0020570
2025-05-06,0.0008392,0.0000010,0.0000000,0.0001419,0.0004650
2025-05-07,-0.0017077,0.0005460,0.0000000,0.0014501,-0.0000444
2025-05-08,0.0009334,-0.0011500,0.0000000,-0.0025095,-0.0010842
2025-05-09,0.0002585,0.0005361,0.0000000,0.0012468,0.0008752
2025-05-12,0.0031605,-0.0031750,0.0000000,-0.0048442,-0.0020716
2025-05-13,0.0009168,-0.0012250,0.0000000,-0.0022502,-0.0010551
2025-05-14,0.0004392,0.0016264,0.0000000,0.0034055,0.0023456
2025-05-15,-0.0004013,0.0007869,0.0000000,0.0043281,0.0016374
2025-05-16,0.0000899,0.0001258,0.0000000,-0.0002304,0.0000594
2025-05-19,0.0001666,0.0000247,0.0000000,-0.0009665,-0.0001923
2025-05-20,-0.0011087,0.0005992,0.0000000,0.0032962,0.0008470
2025-05-21,-0.0000067,-0.0000334,0.0000000,0.0012040,0.0003384
2025-05-22,0.0007361,-0.0007536,0.0000000,0.0002997,-0.0000512
2025-05-23,-0.0001174,-0.0006897,0.0000000,-0.0016746,-0.0010309
2025-05-26,-0.0004240,0.0002219,0.0004954,-0.0001963,0.0003750
2025-05-27,0.0002301,0.0003802,-0.0060483,-0.0006961,-0.0058914
2025-05-28,-0.0008146,0.0004538,-0.0014806,-0.0008271,-0.0017454
2025-05-29,0.0000543,0.0006071,0.0029454,0.0017347,0.0037397
2025-05-30,0.0001585,0.0001169,0.0000981,0.0000626,0.0002669
2025-06-02,-0.0002293,-0.0005200,0.0002746,-0.0001533,-0.0002659
2025-06-03,0.0003781,0.0002273,0.0000000,-0.0019254,-0.0002621
2025-06-04,-0.0000395,0.0001593,0.0000000,0.0015827,0.0005881
2025-06-05,-0.0001488,-0.0006293,0.0000000,-0.0024021,-0.0012671
2025-06-06,-0.0001654,-0.0002632,0.0000000,-0.0021158,-0.0009376
2025-06-09,-0.0001106,-0.0000642,0.0000000,-0.0008956,-0.0003958
2025-06-10,0.0001046,-0.0013953,0.0000000,-0.0013161,-0.0013636
2025-06-11,-0.0000223,0.0012725,0.0000000,0.0029054,0.0018543
2025-06-12,-0.0004659,-0.0001892,0.0000000,0.0019048,0.0002748
2025-06-13,-0.0000383,-0.0003316,0.0000000,0.0012767,0.0001821
2025-06-16,-0.0002520,0.0000554,0.0000000,-0.0043676,-0.0015682
2025-06-17,0.0000223,0.0001774,0.0000000,0.0018398,0.0007553
2025-06-18,0.0004984,0.0008446,0.0000000,-0.0015948,0.0003057
2025-06-19,-0.0001749,-0.0010851,0.0000000,0.0018063,-0.0002381
2025-06-20,-0.0000067,-0.0010326,0.0000000,0.0007886,-0.0004583
2025-06-23,-0.0004428,-0.0012419,0.0000000,0.0006455,-0.0008762
2025-06-24,-0.0000474,0.0001718,0.0041113,0.0020292,0.0049007
2025-06-25,-0.0001880,-0.0003689,0.0018574,-0.0019268,0.0008260
2025-06-26,0.0001610,-0.0000859,0.0045321,0.0003496,0.0045788
2025-06-27,-0.0004925,-0.0005885,-0.0007556,0.0008283,-0.0010764
2025-06-30,-0.0002372,0.0002226,0.0053607,-0.0000327,0.0049490
2025-07-01,-0.0001218,-0.0006307,-0.0003905,0.0013013,-0.0002909
2025-07-02,0.0002233,0.0009109,0.0000000,-0.0007667,0.0005109
2025-07-03,-0.0000434,0.0000821,0.0000000,-0.0016802,-0.0011088
2025-07-04,-0.0001542,-0.0004563,0.0000000,0.0030837,0.0016410
2025-07-07,-0.0003761,-0.0012015,0.0000000,0.0022520,0.0000578
2025-07-08,-0.0004982,-0.0007459,0.0000000,-0.0019700,-0.0026634
2025-07-09,-0.0000933,-0.0004255,0.0000000,0.0001307,-0.0004246
2025-07-10,0.0005856,0.0014668,0.0000000,-0.0069081,-0.0029347
2025-07-11,-0.0007582,-0.0015981,0.0000000,0.0014640,-0.0013500
2025-07-14,0.0000529,-0.0008670,0.0000000,0.0015208,0.0002496
2025-07-15,0.0000833,-0.0001168,0.0000000,-0.0004319,-0.0003344
2025-07-16,0.0004174,0.0008404,0.0000000,0.0002423,0.0014266
2025-07-17,-0.0001679,0.0009821,0.0000000,0.0015219,0.0019095
2025-07-18,-0.0003865,-0.0012576,0.0000000,-0.0005839,-0.0020632
2025-07-21,0.0001745,0.0012713,0.0000000,0.0023645,0.0031418
2025-07-22,-0.0001533,-0.0010850,0.0000000,0.0003459,-0.0009857
2025-07-23,0.0000213,-0.0005344,0.0000000,-0.0039499,-0.0034149
2025-07-24,-0.0000451,-0.0003755,0.0000000,-0.0010410,-0.0011771
2025-07-25,-0.0007871,0.0003197,-0.0043535,0.0028288,-0.0027347
2025-07-28,0.0012780,0.0018674,-0.0094501,-0.0041782,-0.0093676
2025-07-29,0.0004054,0.0013000,-0.0025421,-0.0009879,-0.0010452
2025-07-30,0.0009507,0.0016088,-0.0113611,-0.0010827,-0.0072287
2025-07-31,-0.0009671,-0.0023608,-0.0018870,0.0031256,-0.0022993
2025-08-01,0.0009752,-0.0006019,0.0008613,0.0038610,0.0036656
2025-08-04,0.0005631,0.0007851,0.0000000,-0.0026788,-0.0005128
2025-08-05,-0.0003103,0.0002213,0.0000000,0.0006420,0.0003696
2025-08-06,0.0000068,0.0012286,0.0000000,-0.0005107,0.0008671
2025-08-07,0.0001299,0.0020076,0.0000000,-0.0017777,0.0008307
2025-08-08,-0.0001289,0.0007753,0.0000000,-0.0011963,-0.0002592
2025-08-11,0.0001604,-0.0006845,0.0000000,-0.0015970,-0.0017301
2025-08-12,-0.0003922,0.0003815,0.0000000,0.0037939,0.0028458
2025-08-13,0.0001456,-0.0009034,0.0000000,-0.0002201,-0.0009225
2025-08-14,0.0000001,-0.0008953,0.0000000,0.0037799,0.0019399
2025-08-15,0.0002294,-0.0008039,0.0000000,0.0009117,0.0000910
2025-08-18,-0.0002891,0.0018288,0.0000000,-0.0007472,0.0009924
2025-08-19,0.0001182,-0.0010990,0.0000000,0.0042637,0.0021390
2025-08-20,-0.0001432,0.0012614,0.0000000,0.0060842,0.0054362
2025-08-21,0.0000568,-0.0004302,0.0000000,-0.0024744,-0.0020342
2025-08-22,0.0000422,-0.0002846,0.0000000,-0.0003168,-0.0004536
2025-08-25,0.0001678,0.0014058,-0.0061462,-0.0041392,-0.0053711
2025-08-26,-0.0000631,-0.0001442,0.0025859,0.0007146,0.0019298
2025-08-27,-0.0002406,0.0007643,0.0018766,-0.0005627,0.0013568
2025-08-28,0.0004482,0.0008240,0.0042165,-0.0019279,0.0026907
2025-08-29,0.0000410,0.0001709,0.0005698,-0.0006021,0.0001694
2025-09-01,-0.0002085,0.0011604,0.0003062,-0.0000878,0.0010832
2025-09-02,0.0002007,-0.0018221,0.0000000,-0.0011953,-0.0024120
2025-09-03,-0.0000378,0.0013111,0.0000000,-0.0011859,0.0004885
2025-09-04,-0.0004709,-0.0002892,0.0000000,0.0026665,0.0010215
2025-09-05,0.0000381,0.0010100,0.0000000,0.0021468,0.0024751
2025-09-08,-0.0000957,-0.0009876,0.0000000,-0.0004545,-0.0013841
2025-09-09,0.0001822,0.0011329,0.0000000,-0.0029582,-0.0007033
2025-09-10,-0.0002700,-0.0004214,0.0000000,-0.0042285,-0.0035478
2025-09-11,-0.0004244,-0.0012892,0.0000000,-0.0022092,-0.0031711
2025-09-12,-0.0003048,-0.0001812,0.0000000,0.0016546,0.0006031
2025-09-15,0.0001303,0.0003024,0.0000000,-0.0011943,-0.0003509
2025-09-16,-0.0003658,0.0009568,0.0000000,0.0065700,0.0048964
2025-09-17,0.0000189,0.0003399,0.0000000,0.0004947,0.0006658
2025-09-18,-0.0004604,0.0020258,0.0000000,0.0013149,0.0023852
2025-09-19,0.0008342,0.0017594,0.0000000,-0.0025641,0.0009981
2025-09-22,-0.0006340,0.0003874,0.0000000,0.0040083,0.0022275
2025-09-23,-0.0003846,0.0002242,0.0000000,0.0017918,0.0009237
2025-09-24,-0.0006015,-0.0008494,-0.0080730,-0.0017933,-0.0081387
2025-09-25,0.0002643,-0.0001434,-0.0086203,-0.0004810,-0.0056579
2025-09-26,-0.0004127,0.0003685,0.0023987,0.0018462,0.0024793
2025-09-29,0.0000663,-0.0001059,0.0036628,-0.0021802,0.0007623
2025-09-30,-0.0002699,0.0011899,0.0029250,-0.0023393,0.0011621
2025-10-01,0.0005661,0.0008088,0.0003512,-0.0002340,0.0014302
2025-10-02,0.0002622,0.0000023,0.0000000,0.0003014,0.0004475
2025-10-03,-0.0003456,-0.0004066,0.0000000,0.0016802,0.0003363
2025-10-06,-0.0015674,0.0004286,0.0000000,-0.0015309,-0.0021297
2025-10-07,-0.0010014,0.0013299,0.0000000,0.0010616,0.0010152
2025-10-08,-0.0010672,0.0002623,0.0000000,-0.0033629,-0.0029776
2025-10-09,0.0010742,-0.0015472,0.0000000,-0.0015429,-0.0014537
2025-10-10,0.0041565,0.0000683,0.0000000,0.0034171,0.0063968
2025-10-13,-0.0023287,0.0007340,0.0000000,-0.0018012,-0.0027221
2025-10-14,0.0010636,-0.0009264,0.0000000,0.0022878,0.0015737
2025-10-15,-0.0004669,-0.0008078,0.0000000,0.0022904,0.0001536
2025-10-16,0.0009215,-0.0016029,0.0000000,0.0022218,0.0007246
2025-10-17,0.0001332,0.0003770,0.0000000,-0.0012580,-0.0002827
2025-10-20,0.0000077,0.0001681,0.0000000,-0.0005305,-0.0001610
2025-10-21,-0.0003244,0.0002589,0.0000000,-0.0012194,-0.0008598
2025-10-22,0.0000398,-0.0000104,0.0000000,0.0002116,0.0001671
2025-10-23,-0.0008666,0.0001401,0.0000000,0.0010830,-0.0000201
2025-10-24,-0.0004281,-0.0000778,0.0000000,0.0009371,0.0001125
2025-10-27,-0.0004820,0.0003755,0.0010499,-0.0006929,0.0002583
2025-10-28,0.0019550,-0.0017714,0.0029423,-0.0021956,0.0010125
2025-10-29,0.0008725,0.0000205,-0.0055922,-0.0037134,-0.0059536
2025-10-30,-0.0018197,-0.0012262,-0.0061988,0.0029038,-0.0056542
2025-10-31,0.0008279,0.0011409,-0.0028833,-0.0016570,-0.0010987
2025-11-03,-0.0000403,0.0010779,-0.0007949,-0.0004451,0.0002063
2025-11-04,0.0028340,0.0013636,0.0000000,0.0002175,0.0043408
2025-11-05,-0.0010555,-0.0003457,0.0000000,0.0002799,-0.0012132
2025-11-06,0.0011355,0.0038106,0.0000000,0.0041482,0.0077339
2025-11-07,-0.0005834,-0.0025189,0.0000000,0.0017295,-0.0019452
2025-11-10,-0.0015660,-0.0018042,0.0000000,0.0003382,-0.0031446
2025-11-11,-0.0004265,0.0017114,0.0000000,0.0029798,0.0032743
2025-11-12,-0.0013488,0.0002980,0.0000000,0.0027378,0.0008029
2025-11-13,-0.0003403,0.0020812,0.0000000,0.0055027,0.0056499
2025-11-14,0.0001128,0.0000024,0.0000000,-0.0031953,-0.0020703
2025-11-17,0.0001303,-0.0010849,0.0000000,0.0012325,-0.0001258
2025-11-18,-0.0000337,0.0009093,0.0000000,-0.0030976,-0.0012650
2025-11-19,-0.0010336,-0.0012652,0.0000000,0.0025996,-0.0005318
2025-11-20,0.0000026,-0.0007365,0.0000000,0.0020788,0.0006669
2025-11-21,0.0015176,0.0032082,0.0000000,-0.0062081,0.0005350
2025-11-24,-0.0007204,-0.0008037,0.0008122,0.0016851,0.0001692
2025-11-25,0.0006150,0.0004844,-0.0042180,-0.0008681,-0.0026719
2025-11-26,-0.0012669,-0.0031165,-0.0085742,-0.0012260,-0.0115220
2025-11-27,0.0001129,-0.0006873,-0.0018604,-0.0026818,-0.0035123
2025-11-28,-0.0000912,-0.0008720,-0.0025726,-0.0006428,-0.0030747
2025-12-01,0.0009233,0.0004221,0.0006491,-0.0015593,0.0007802
2025-12-02,-0.0008729,-0.0001568,0.0000000,0.0017822,0.0001015
2025-12-03,-0.0000613,-0.0023019,0.0000000,0.0001812,-0.0022472
2025-12-04,0.0006072,-0.0001552,0.0000000,-0.0030125,-0.0015306
2025-12-05,-0.0004670,-0.0010389,0.0000000,-0.0022462,-0.0029746
2025-12-08,-0.0004343,-0.0008336,0.0000000,-0.0001822,-0.0013864
2025-12-09,-0.0012598,-0.0016754,0.0000000,0.0023971,-0.0013718
2025-12-10,0.0001395,0.0003729,0.0000000,0.0013592,0.0014502
2025-12-11,0.0003217,0.0024329,0.0000000,0.0029066,0.0047552
2025-12-12,-0.0002509,0.0000307,0.0000000,0.0002478,-0.0000513
2025-12-15,0.0007089,0.0012060,0.0000000,-0.0002039,0.0017744
2025-12-16,0.0006213,0.0007584,0.0000000,-0.0013663,0.0004142
2025-12-17,-0.0007435,0.0005202,0.0000000,0.0024015,0.0014767
2025-12-18,0.0001984,0.0002246,0.0000000,0.0004141,0.0007150
2025-12-19,-0.0022955,-0.0023006,0.0000000,0.0046170,-0.0013380
2025-12-22,-0.0000906,-0.0005133,0.0000000,-0.0000674,-0.0006501
2025-12-23,0.0001268,0.0000390,0.0000000,-0.0009712,-0.0005063
2025-12-24,0.0003959,0.0011784,0.0000000,-0.0012071,0.0007319
2025-12-25,0.0002828,-0.0003776,0.0003972,-0.0000250,0.0002474
2025-12-26,-0.0011363,0.0006405,-0.0020368,0.0007969,-0.0017829
2025-12-29,0.0008483,-0.0003161,-0.0011619,0.0007842,0.0000356
2025-12-30,-0.0003306,-0.0002114,-0.0033781,-0.0005045,-0.0039290
2025-12-31,-0.0000150,0.0002246,-0.0034027,0.0025158,-0.0010177
2026-01-01,-0.0001059,0.0005375,0.0000000,-0.0006207,-0.0000094
2026-01-02,-0.0000042,-0.0018827,0.0000000,0.0001382,-0.0017883
2026-01-05,0.0006581,-0.0011931,0.0000000,-0.0010199,-0.0012757
2026-01-06,-0.0001176,-0.0013266,0.0000000,-0.0014150,-0.0024767
2026-01-07,0.0002201,0.0006928,0.0000000,-0.0004277,0.0006000
2026-01-08,0.0004957,-0.0001001,0.0000000,-0.0002785,0.0001903
2026-01-09,-0.0010982,-0.0004203,0.0000000,0.0024652,0.0003135
2026-01-12,-0.0010570,0.0000193,0.0000000,0.0013147,-0.0000670
2026-01-13,-0.0005125,0.0005170,0.0000000,0.0008017,0.0005956
2026-01-14,0.0009751,0.0000287,0.0000000,-0.0020200,-0.0004903
2026-01-15,-0.0005180,0.0002592,0.0000000,-0.0005372,-0.0006525
2026-01-16,0.0012453,0.0004498,0.0000000,-0.0026164,-0.0002233
2026-01-19,-0.0010373,-0.0007959,0.0000000,0.0024574,-0.0000540
2026-01-20,-0.0009588,0.0011934,0.0000000,0.0050484,0.0038595
2026-01-21,-0.0001429,-0.0031838,0.0000000,-0.0034651,-0.0057417
2026-01-22,-0.0028721,-0.0025585,0.0000000,0.0039716,-0.0026538
2026-01-23,0.0020128,0.0023264,0.0000000,-0.0002645,0.0041563
2026-01-26,0.0002913,0.0002252,0.0000000,-0.0012196,-0.0003318
2026-01-27,-0.0012152,0.0002320,0.0000000,0.0056194,0.0029138
2026-01-28,-0.0005176,-0.0025394,0.0000000,-0.0026183,-0.0047956
2026-01-29,-0.0002713,0.0011123,0.0000000,-0.0002016,0.0007088
2026-01-30,0.0009996,-0.0004631,0.0000000,-0.0017430,-0.0006303
2026-02-02,0.0005851,-0.0010316,0.0000000,-0.0007257,-0.0009309
2026-02-03,-0.0041811,-0.0030819,0.0000000,0.0049619,-0.0039550
2026-02-04,0.0000655,0.0003974,0.0000000,0.0031417,0.0025117
2026-02-05,0.0014993,0.0026017,0.0000000,-0.0010784,0.0034000
2026-02-06,-0.0035552,-0.0041658,0.0000000,0.0034427,-0.0053918
2026-02-09,-0.0018714,-0.0001980,0.0000000,0.0037835,0.0004941
2026-02-10,0.0030155,0.0016065,0.0000000,-0.0054826,0.0009720
2026-02-11,0.0002570,-0.0004411,0.0000000,-0.0010593,-0.0008672
2026-02-12,0.0001506,0.0017446,0.0000000,-0.0010123,0.0012388
2026-02-13,-0.0000693,0.0008552,0.0000000,-0.0007812,0.0002777
2026-02-16,-0.0003928,0.0002729,0.0000000,0.0014030,0.0008508
2026-02-17,-0.0007079,-0.0015522,0.0000000,-0.0005503,-0.0026414
2026-02-18,0.0001379,0.0003957,0.0000000,0.0046420,0.0037523
2026-02-19,-0.0001316,-0.0004049,0.0000000,0.0005943,-0.0001354
2026-02-20,-0.0004412,-0.0003365,0.0000000,0.0011604,0.0000170
2026-02-23,0.0009893,-0.0000700,0.0000000,-0.0012416,0.0000682
2026-02-24,-0.0016045,0.0014911,0.0000000,0.0026727,0.0017220
2026-02-25,-0.0020640,0.0009712,0.0000000,0.0032644,0.0011376
2026-02-26,0.0006766,-0.0016133,0.0000000,0.0002623,-0.0007597
2026-02-27,-0.0012551,0.0002472,0.0000000,0.0018509,0.0002660
2026-03-02,0.0015720,-0.0031642,0.0000000,-0.0003602,-0.0018427
2026-03-03,0.0011755,0.0004271,0.0000000,-0.0012829,0.0007109
2026-03-04,-0.0010553,-0.0008628,0.0000000,-0.0008917,-0.0025378
2026-03-05,0.0015916,0.0015766,0.0000000,-0.0013785,0.0022123
2026-03-06,-0.0018166,-0.0022406,0.0000000,0.0027350,-0.0021528
2026-03-09,-0.0001729,0.0016675,0.0000000,-0.0000541,0.0014572
2026-03-10,-0.0019058,-0.0007582,0.0000000,0.0033344,-0.0003611
2026-03-11,-0.0020554,-0.0011621,0.0000000,0.0037314,-0.0006586
2026-03-12,0.0018351,0.0006681,0.0000000,-0.0024410,0.0008469
2026-03-13,0.0012466,0.0006550,0.0000000,-0.0018988,0.0006309
2026-03-16,-0.0006151,0.0007348,0.0000000,0.0001272,0.0002064
2026-03-17,-0.0006615,0.0000030,0.0000000,0.0033076,0.0015954
2026-03-18,0.0013884,-0.0007052,0.0000000,-0.0025903,-0.0010652
2026-03-19,0.0023017,0.0032745,0.0000000,-0.0043823,0.0026481
2026-03-20,-0.0002515,-0.0001671,0.0000000,0.0032760,0.0016973
2026-03-23,0.0017779,-0.0020243,0.0000000,-0.0039379,-0.0027612
2026-03-24,0.0004540,-0.0007389,0.0000000,0.0005429,0.0000531
2026-03-25,0.0005110,0.0002068,0.0052611,-0.0007373,0.0055193
2026-03-26,0.0015739,0.0000254,0.0051739,-0.0017670,0.0056669
2026-03-27,-0.0002737,-0.0007736,0.0035901,0.0002938,0.0027259
2026-03-30,0.0002431,0.0015396,0.0030674,-0.0002891,0.0046699
2026-03-31,0.0004071,-0.0009819,-0.0048364,-0.0015071,-0.0063522
2026-04-01,-0.0001025,-0.0004073,-0.0001687,0.0027823,0.0010581
2026-04-02,-0.0003431,0.0007324,0.0000000,0.0015776,0.0013670
2026-04-03,0.0001392,-0.0000766,0.0000000,0.0002514,0.0002182
2026-04-06,-0.0002047,0.0006389,0.0000000,0.0007020,0.0008712
2026-04-07,-0.0006781,0.0006855,0.0000000,0.0017885,0.0011219
2026-04-08,-0.0002840,0.0012790,0.0000000,-0.0020428,-0.0002749
2026-04-09,-0.0005928,0.0014771,0.0000000,0.0012012,0.0016309
2026-04-10,0.0003845,-0.0009572,0.0000000,0.0005754,-0.0002149
2026-04-13,-0.0003252,-0.0028650,0.0000000,0.0026503,-0.0015219
2026-04-14,0.0000332,0.0000062,0.0000000,-0.0011157,-0.0006622
2026-04-15,-0.0008008,-0.0004957,0.0000000,0.0019100,-0.0000631
2026-04-16,-0.0001177,0.0009037,0.0000000,0.0008238,0.0013278
2026-04-17,0.0000203,0.0009452,0.0000000,0.0006836,0.0014237
2026-04-20,-0.0001361,0.0000439,0.0000000,0.0020263,0.0012667
2026-04-21,0.0000620,-0.0005739,0.0000000,0.0005447,-0.0001466
2026-04-22,-0.0001321,-0.0005427,0.0000000,-0.0001257,-0.0007629
2026-04-23,0.0002400,0.0008345,0.0000000,-0.0011049,0.0002888
2026-04-24,0.0001117,-0.0000553,0.0036872,-0.0006334,0.0032946
2026-04-27,-0.0006168,-0.0014767,0.0022460,0.0022485,0.0017560
2026-04-28,-0.0000782,0.0009694,-0.0035216,-0.0016318,-0.0037904
2026-04-29,0.0006663,-0.0003282,-0.0056162,-0.0011869,-0.0061469
2026-04-30,0.0004523,0.0015959,0.0162517,-0.0019200,0.0161010
2026-05-01,-0.0002649,-0.0004609,-0.0001345,0.0013434,0.0001825
2026-05-04,0.0002894,-0.0003252,0.0000000,-0.0014237,-0.0011006
2026-05-05,-0.0004763,0.0007686,0.0000000,0.0028360,0.0024558
2026-05-06,-0.0001455,0.0008433,0.0000000,-0.0011425,-0.0002223
2026-05-07,0.0000943,0.0004543,0.0000000,-0.0002993,0.0003077
2026-05-08,-0.0001535,0.0020968,0.0000000,0.0011816,0.0028973
2026-05-11,-0.0003417,-0.0003845,0.0000000,0.0010461,0.0001193
2026-05-12,-0.0004177,-0.0005854,0.0000000,0.0012577,0.0000148
2026-05-13,-0.0005247,-0.0001121,0.0000000,0.0017864,0.0008091
2026-05-14,-0.0001846,-0.0000095,0.0000000,0.0004227,0.0001613
2026-05-15,0.0007314,0.0004620,0.0000000,-0.0039603,-0.0021371
2026-05-18,0.0002751,0.0006130,0.0000000,0.0010151,0.0017085
2026-05-19,0.0008540,0.0016999,0.0000000,-0.0039699,-0.0006662
2026-05-20,-0.0005591,-0.0008116,0.0000000,0.0028543,0.0008874
2026-05-21,-0.0000065,-0.0009629,0.0000000,0.0005971,-0.0004947
2026-05-22,0.0003445,-0.0010417,0.0000000,0.0001228,-0.0005996
2026-05-25,-0.0003452,-0.0005333,0.0015388,0.0014095,0.0011610
2026-05-26,-0.0003989,0.0000795,-0.0034856,-0.0005531,-0.0028240
2026-05-27,0.0004843,0.0017752,-0.0008439,0.0009695,0.0025445
2026-05-28,-0.0003317,-0.0008496,0.0046095,0.0024071,0.0034243
2026-05-29,-0.0003838,0.0012128,0.0023439,0.0042009,0.0055136
2026-06-01,0.0010347,-0.0013515,-0.0008980,-0.0037627,-0.0037675
2026-06-02,-0.0002734,-0.0002776,0.0000000,0.0014730,0.0005637
2026-06-03,0.0014741,0.0003656,0.0000000,-0.0052456,-0.0021950
2026-06-04,-0.0000590,-0.0003774,0.0000000,0.0003407,-0.0001823
2026-06-05,0.0022312,0.0016432,0.0000000,-0.0058930,-0.0005737
2026-06-08,0.0001438,-0.0002097,0.0000000,-0.0009764,-0.0007614
2026-06-09,-0.0000715,-0.0012254,0.0000000,-0.0009479,-0.0019709
2026-06-10,0.0002274,-0.0008928,0.0000000,-0.0029162,-0.0027772
2026-06-11,-0.0004877,0.0008723,0.0000000,0.0031875,0.0026856
2026-06-12,-0.0000624,-0.0002523,0.0000000,0.0000433,-0.0002829
2026-06-15,0.0000991,0.0001763,0.0000000,0.0015158,0.0014097
2026-06-16,-0.0001055,0.0005747,0.0000000,0.0000924,0.0005402
2026-06-17,0.0001680,-0.0007984,0.0000000,-0.0028310,-0.0028076
2026-06-18,0.0000207,0.0007083,0.0000000,0.0024563,0.0025890
2026-06-19,0.0001023,-0.0017465,0.0000000,-0.0029519,-0.0038700
2026-06-22,0.0002361,0.0014082,0.0000000,0.0001620,0.0017643
2026-06-23,0.0002242,0.0016703,0.0000000,-0.0063860,-0.0028377
2026-06-24,-0.0000030,-0.0003687,0.0036630,-0.0011151,0.0011748
2026-06-25,0.0000000,0.0009336,-0.0023363,0.0007782,0.0000217
2026-06-26,0.0000000,0.0002145,-0.0002215,-0.0021326,-0.0014207
2026-06-29,0.0000000,0.0004640,-0.0020984,-0.0011875,-0.0016610
2026-06-30,0.0000000,0.0021075,-0.0007840,0.0052291,0.0052737
2026-07-01,0.0000000,-0.0003180,-0.0004770,-0.0007701,-0.0011263
2026-07-02,0.0000000,-0.0015673,0.0000000,-0.0019848,-0.0029042
2026-07-03,0.0000000,0.0016188,0.0000000,0.0023113,0.0031713
2026-07-06,0.0000000,-0.0003352,0.0000000,0.0016396,0.0007569
2026-07-07,0.0000000,0.0000530,0.0000000,-0.0023065,-0.0014942
2026-07-08,0.0000000,0.0001596,0.0000000,0.0020337,0.0015160
2026-07-09,0.0000000,0.0009712,0.0000000,0.0024493,0.0026035
2026-07-10,0.0000000,0.0011802,0.0000000,-0.0007826,0.0006631
2026-07-13,0.0000000,-0.0009442,0.0000000,-0.0008286,-0.0014918
2026-07-14,0.0000000,-0.0007319,0.0000000,0.0066888,0.0037178
2026-07-15,0.0000000,-0.0023873,0.0000000,0.0011588,-0.0016651
2026-07-16,0.0006056,0.0000999,0.0000000,-0.0005864,0.0003408
2026-07-17,0.0003261,0.0007947,0.0000000,-0.0004562,0.0008367
2026-07-20,0.0000465,0.0006432,0.0000000,0.0015519,0.0016563
2026-07-21,0.0003569,-0.0002558,0.0000000,0.0010916,0.0007834
2026-07-22,0.0001947,-0.0006759,0.0000000,-0.0014379,-0.0013816
2026-07-23,0.0001967,-0.0005330,0.0000000,-0.0018792,-0.0015119
2026-07-24,-0.0002112,-0.0005205,0.0000000,0.0019878,0.0005121
2026-07-27,0.0005992,0.0009648,0.0000000,-0.0007790,0.0010780
2026-07-28,0.0001824,-0.0011068,0.0000000,-0.0011528,-0.0016450
2026-07-29,-0.0001686,0.0004057,0.0000000,-0.0033913,-0.0019027
2026-07-30,0.0033343,0.0069974,0.0000000,-0.0052160,0.0070837
2026-07-31,-0.0001254,0.0041585,0.0000000,-0.0061379,0.0003350
2026-08-03,-0.0005364,-0.0012656,0.0000000,-0.0028580,-0.0034581
2026-08-04,0.0016965,0.0000572,0.0000000,0.0047303,0.0044809
2026-08-05,0.0007729,0.0014584,0.0000000,-0.0001664,0.0021378
2026-08-06,0.0000906,0.0002298,0.0000000,0.0003852,0.0005379
2026-08-07,0.0002057,0.0014226,0.0000000,0.0001989,0.0017406
2026-08-10,0.0018506,0.0018733,0.0000000,0.0039023,0.0059594
2026-08-11,-0.0000202,0.0006409,0.0000000,0.0003602,0.0008236
2026-08-12,-0.0002363,0.0004175,0.0000000,0.0007981,0.0006375
2026-08-13,0.0002959,0.0005220,0.0000000,-0.0003552,0.0006129
2026-08-14,0.0004987,0.0008121,0.0000000,0.0016399,0.0022579
2026-08-17,0.0006605,-0.0004277,0.0000000,0.0013379,0.0010026
2026-08-18,0.0000292,0.0004162,0.0000000,-0.0007622,0.0000067
2026-08-19,0.0011866,0.0025297,0.0000000,-0.0081529,-0.0009751
2026-08-20,0.0005549,-0.0021449,0.0000000,0.0038758,0.0005011
2026-08-21,-0.0001522,-0.0025134,0.0000000,0.0056531,0.0003539
2026-08-24,-0.0000667,0.0017044,0.0000000,-0.0009388,0.0011435
2026-08-25,0.0001368,-0.0007328,0.0000000,0.0014834,0.0001937
2026-08-26,-0.0002930,-0.0004162,0.0000000,0.0011954,-0.0000728
2026-08-27,0.0001320,-0.0006845,0.0000000,0.0008884,-0.0000684
2026-08-28,-0.0001467,-0.0001222,0.0000000,0.0005631,0.0000378
2026-08-31,-0.0000581,0.0008490,0.0000000,-0.0017932,-0.0002206
2026-09-01,-0.0000882,-0.0001027,0.0000000,0.0004316,0.0000519
2026-09-02,-0.0007776,0.0026393,0.0000000,-0.0043244,-0.0005733
2026-09-03,-0.0008165,0.0024279,0.0000000,-0.0068233,-0.0021891
2026-09-04,-0.0000148,-0.0010589,0.0000000,0.0032762,0.0006885
2026-09-07,-0.0007671,-0.0025512,0.0000000,-0.0034390,-0.0051468
2026-09-08,-0.0002888,-0.0010474,0.0000000,-0.0022891,-0.0025393
2026-09-09,-0.0003583,-0.0011619,0.0000000,-0.0001751,-0.0015996
2026-09-10,0.0004359,0.0009898,0.0000000,-0.0025715,0.0000513
2026-09-11,-0.0011049,-0.0017038,0.0000000,0.0031645,-0.0011054
2026-09-14,0.0002849,0.0003914,0.0000000,-0.0008217,0.0002369
2026-09-15,0.0004875,0.0001686,0.0000000,0.0004299,0.0008812
2026-09-16,-0.0000439,-0.0004532,0.0000000,0.0008028,-0.0000553
2026-09-17,-0.0000825,0.0008113,0.0000000,0.0001738,0.0008207
2026-09-18,0.0009180,0.0010441,0.0000000,0.0010257,0.0025211
2026-09-21,0.0003498,0.0010163,0.0000000,-0.0003051,0.0011923
2026-09-22,-0.0000524,0.0010553,0.0000000,-0.0001166,0.0009308
2026-09-23,0.0000732,0.0002753,0.0000000,-0.0057101,-0.0028948
2026-09-24,0.0001906,-0.0000844,0.0000000,-0.0001690,0.0000133
2026-09-25,-0.0012487,-0.0024234,0.0000000,0.0022962,-0.0024055
